# crossarm_01
mtllib props.mtl
o crossarm_01
usemtl WoodBrown
v -0.955467 -0.032022 0.030619
v 0.955467 -0.032022 0.030619
v 0.955467 0.032022 0.030619
v -0.955467 0.032022 0.030619
v 0.955467 -0.032022 -0.030619
v -0.955467 -0.032022 -0.030619
v -0.955467 0.032022 -0.030619
v 0.955467 0.032022 -0.030619
v -0.955467 0.036022 -0.026619
v 0.955467 0.036022 -0.026619
v 0.955467 0.036022 0.026619
v -0.955467 0.036022 0.026619
v -0.955467 -0.036022 0.026619
v 0.955467 -0.036022 0.026619
v 0.955467 -0.036022 -0.026619
v -0.955467 -0.036022 -0.026619
v 0.959467 -0.032022 -0.026619
v 0.959467 -0.032022 0.026619
v 0.959467 0.032022 0.026619
v 0.959467 0.032022 -0.026619
v -0.959467 -0.032022 0.026619
v -0.959467 -0.032022 -0.026619
v -0.959467 0.032022 -0.026619
v -0.959467 0.032022 0.026619
v -0.955467 0.036022 0.026619
v 0.955467 0.036022 0.026619
v 0.955467 0.032022 0.030619
v -0.955467 0.032022 0.030619
v -0.955467 0.036022 -0.026619
v 0.955467 0.036022 -0.026619
v 0.955467 0.032022 -0.030619
v -0.955467 0.032022 -0.030619
v -0.955467 -0.036022 0.026619
v 0.955467 -0.036022 0.026619
v 0.955467 -0.032022 0.030619
v -0.955467 -0.032022 0.030619
v -0.955467 -0.036022 -0.026619
v 0.955467 -0.036022 -0.026619
v 0.955467 -0.032022 -0.030619
v -0.955467 -0.032022 -0.030619
v 0.959467 -0.032022 0.026619
v 0.959467 0.032022 0.026619
v 0.955467 0.032022 0.030619
v 0.955467 -0.032022 0.030619
v 0.959467 -0.032022 -0.026619
v 0.959467 0.032022 -0.026619
v 0.955467 0.032022 -0.030619
v 0.955467 -0.032022 -0.030619
v -0.959467 -0.032022 0.026619
v -0.959467 0.032022 0.026619
v -0.955467 0.032022 0.030619
v -0.955467 -0.032022 0.030619
v -0.959467 -0.032022 -0.026619
v -0.959467 0.032022 -0.026619
v -0.955467 0.032022 -0.030619
v -0.955467 -0.032022 -0.030619
v 0.959467 0.032022 -0.026619
v 0.959467 0.032022 0.026619
v 0.955467 0.036022 0.026619
v 0.955467 0.036022 -0.026619
v 0.959467 -0.032022 -0.026619
v 0.959467 -0.032022 0.026619
v 0.955467 -0.036022 0.026619
v 0.955467 -0.036022 -0.026619
v -0.959467 0.032022 -0.026619
v -0.959467 0.032022 0.026619
v -0.955467 0.036022 0.026619
v -0.955467 0.036022 -0.026619
v -0.959467 -0.032022 -0.026619
v -0.959467 -0.032022 0.026619
v -0.955467 -0.036022 0.026619
v -0.955467 -0.036022 -0.026619
v -0.955467 -0.032022 -0.030619
v -0.955467 -0.036022 -0.026619
v -0.959467 -0.032022 -0.026619
v -0.955467 -0.032022 0.030619
v -0.955467 -0.036022 0.026619
v -0.959467 -0.032022 0.026619
v -0.955467 0.032022 -0.030619
v -0.955467 0.036022 -0.026619
v -0.959467 0.032022 -0.026619
v -0.955467 0.032022 0.030619
v -0.955467 0.036022 0.026619
v -0.959467 0.032022 0.026619
v 0.955467 -0.032022 -0.030619
v 0.955467 -0.036022 -0.026619
v 0.959467 -0.032022 -0.026619
v 0.955467 -0.032022 0.030619
v 0.955467 -0.036022 0.026619
v 0.959467 -0.032022 0.026619
v 0.955467 0.032022 -0.030619
v 0.955467 0.036022 -0.026619
v 0.959467 0.032022 -0.026619
v 0.955467 0.032022 0.030619
v 0.955467 0.036022 0.026619
v 0.959467 0.032022 0.026619
v -0.716600 -0.207619 0.027017
v 0.716600 -0.207619 0.027017
v 0.716600 -0.152381 0.027017
v -0.716600 -0.152381 0.027017
v 0.716600 -0.207619 -0.027017
v -0.716600 -0.207619 -0.027017
v -0.716600 -0.152381 -0.027017
v 0.716600 -0.152381 -0.027017
v -0.716600 -0.149381 -0.024017
v 0.716600 -0.149381 -0.024017
v 0.716600 -0.149381 0.024017
v -0.716600 -0.149381 0.024017
v -0.716600 -0.210619 0.024017
v 0.716600 -0.210619 0.024017
v 0.716600 -0.210619 -0.024017
v -0.716600 -0.210619 -0.024017
v 0.719600 -0.207619 -0.024017
v 0.719600 -0.207619 0.024017
v 0.719600 -0.152381 0.024017
v 0.719600 -0.152381 -0.024017
v -0.719600 -0.207619 0.024017
v -0.719600 -0.207619 -0.024017
v -0.719600 -0.152381 -0.024017
v -0.719600 -0.152381 0.024017
v -0.716600 -0.149381 0.024017
v 0.716600 -0.149381 0.024017
v 0.716600 -0.152381 0.027017
v -0.716600 -0.152381 0.027017
v -0.716600 -0.149381 -0.024017
v 0.716600 -0.149381 -0.024017
v 0.716600 -0.152381 -0.027017
v -0.716600 -0.152381 -0.027017
v -0.716600 -0.210619 0.024017
v 0.716600 -0.210619 0.024017
v 0.716600 -0.207619 0.027017
v -0.716600 -0.207619 0.027017
v -0.716600 -0.210619 -0.024017
v 0.716600 -0.210619 -0.024017
v 0.716600 -0.207619 -0.027017
v -0.716600 -0.207619 -0.027017
v 0.719600 -0.207619 0.024017
v 0.719600 -0.152381 0.024017
v 0.716600 -0.152381 0.027017
v 0.716600 -0.207619 0.027017
v 0.719600 -0.207619 -0.024017
v 0.719600 -0.152381 -0.024017
v 0.716600 -0.152381 -0.027017
v 0.716600 -0.207619 -0.027017
v -0.719600 -0.207619 0.024017
v -0.719600 -0.152381 0.024017
v -0.716600 -0.152381 0.027017
v -0.716600 -0.207619 0.027017
v -0.719600 -0.207619 -0.024017
v -0.719600 -0.152381 -0.024017
v -0.716600 -0.152381 -0.027017
v -0.716600 -0.207619 -0.027017
v 0.719600 -0.152381 -0.024017
v 0.719600 -0.152381 0.024017
v 0.716600 -0.149381 0.024017
v 0.716600 -0.149381 -0.024017
v 0.719600 -0.207619 -0.024017
v 0.719600 -0.207619 0.024017
v 0.716600 -0.210619 0.024017
v 0.716600 -0.210619 -0.024017
v -0.719600 -0.152381 -0.024017
v -0.719600 -0.152381 0.024017
v -0.716600 -0.149381 0.024017
v -0.716600 -0.149381 -0.024017
v -0.719600 -0.207619 -0.024017
v -0.719600 -0.207619 0.024017
v -0.716600 -0.210619 0.024017
v -0.716600 -0.210619 -0.024017
v -0.716600 -0.207619 -0.027017
v -0.716600 -0.210619 -0.024017
v -0.719600 -0.207619 -0.024017
v -0.716600 -0.207619 0.027017
v -0.716600 -0.210619 0.024017
v -0.719600 -0.207619 0.024017
v -0.716600 -0.152381 -0.027017
v -0.716600 -0.149381 -0.024017
v -0.719600 -0.152381 -0.024017
v -0.716600 -0.152381 0.027017
v -0.716600 -0.149381 0.024017
v -0.719600 -0.152381 0.024017
v 0.716600 -0.207619 -0.027017
v 0.716600 -0.210619 -0.024017
v 0.719600 -0.207619 -0.024017
v 0.716600 -0.207619 0.027017
v 0.716600 -0.210619 0.024017
v 0.719600 -0.207619 0.024017
v 0.716600 -0.152381 -0.027017
v 0.716600 -0.149381 -0.024017
v 0.719600 -0.152381 -0.024017
v 0.716600 -0.152381 0.027017
v 0.716600 -0.149381 0.024017
v 0.719600 -0.152381 0.024017
v -0.815547 0.036022 -0.009200
v -0.823514 0.036022 -0.004600
v -0.823514 0.036022 0.004600
v -0.815547 0.036022 0.009200
v -0.807579 0.036022 0.004600
v -0.807579 0.036022 -0.004600
v -0.815547 0.036022 -0.010000
v -0.824207 0.036022 -0.005000
v -0.824207 0.036022 0.005000
v -0.815547 0.036022 0.010000
v -0.806886 0.036022 0.005000
v -0.806886 0.036022 -0.005000
v -0.815547 0.116022 -0.010000
v -0.824207 0.116022 -0.005000
v -0.824207 0.116022 0.005000
v -0.815547 0.116022 0.010000
v -0.806886 0.116022 0.005000
v -0.806886 0.116022 -0.005000
v -0.815547 0.116022 -0.009200
v -0.823514 0.116022 -0.004600
v -0.823514 0.116022 0.004600
v -0.815547 0.116022 0.009200
v -0.807579 0.116022 0.004600
v -0.807579 0.116022 -0.004600
v -0.815547 0.036022 0.000000
v -0.815547 0.116022 0.000000
v -0.815547 0.126022 -0.036800
v -0.837177 0.126022 -0.029772
v -0.850545 0.126022 -0.011372
v -0.850545 0.126022 0.011372
v -0.837177 0.126022 0.029772
v -0.815547 0.126022 0.036800
v -0.793916 0.126022 0.029772
v -0.780548 0.126022 0.011372
v -0.780548 0.126022 -0.011372
v -0.793916 0.126022 -0.029772
v -0.815547 0.126022 -0.040000
v -0.839058 0.126022 -0.032361
v -0.853589 0.126022 -0.012361
v -0.853589 0.126022 0.012361
v -0.839058 0.126022 0.032361
v -0.815547 0.126022 0.040000
v -0.792035 0.126022 0.032361
v -0.777504 0.126022 0.012361
v -0.777504 0.126022 -0.012361
v -0.792035 0.126022 -0.032361
v -0.815547 0.146022 -0.040000
v -0.839058 0.146022 -0.032361
v -0.853589 0.146022 -0.012361
v -0.853589 0.146022 0.012361
v -0.839058 0.146022 0.032361
v -0.815547 0.146022 0.040000
v -0.792035 0.146022 0.032361
v -0.777504 0.146022 0.012361
v -0.777504 0.146022 -0.012361
v -0.792035 0.146022 -0.032361
v -0.815547 0.146022 -0.036800
v -0.837177 0.146022 -0.029772
v -0.850545 0.146022 -0.011372
v -0.850545 0.146022 0.011372
v -0.837177 0.146022 0.029772
v -0.815547 0.146022 0.036800
v -0.793916 0.146022 0.029772
v -0.780548 0.146022 0.011372
v -0.780548 0.146022 -0.011372
v -0.793916 0.146022 -0.029772
v -0.815547 0.126022 0.000000
v -0.815547 0.146022 0.000000
v -0.815547 0.161022 -0.050600
v -0.845288 0.161022 -0.040936
v -0.863670 0.161022 -0.015636
v -0.863670 0.161022 0.015636
v -0.845288 0.161022 0.040936
v -0.815547 0.161022 0.050600
v -0.785805 0.161022 0.040936
v -0.767423 0.161022 0.015636
v -0.767423 0.161022 -0.015636
v -0.785805 0.161022 -0.040936
v -0.815547 0.161022 -0.055000
v -0.847875 0.161022 -0.044496
v -0.867855 0.161022 -0.016996
v -0.867855 0.161022 0.016996
v -0.847875 0.161022 0.044496
v -0.815547 0.161022 0.055000
v -0.783218 0.161022 0.044496
v -0.763238 0.161022 0.016996
v -0.763238 0.161022 -0.016996
v -0.783218 0.161022 -0.044496
v -0.815547 0.181022 -0.055000
v -0.847875 0.181022 -0.044496
v -0.867855 0.181022 -0.016996
v -0.867855 0.181022 0.016996
v -0.847875 0.181022 0.044496
v -0.815547 0.181022 0.055000
v -0.783218 0.181022 0.044496
v -0.763238 0.181022 0.016996
v -0.763238 0.181022 -0.016996
v -0.783218 0.181022 -0.044496
v -0.815547 0.181022 -0.050600
v -0.845288 0.181022 -0.040936
v -0.863670 0.181022 -0.015636
v -0.863670 0.181022 0.015636
v -0.845288 0.181022 0.040936
v -0.815547 0.181022 0.050600
v -0.785805 0.181022 0.040936
v -0.767423 0.181022 0.015636
v -0.767423 0.181022 -0.015636
v -0.785805 0.181022 -0.040936
v -0.815547 0.161022 0.000000
v -0.815547 0.181022 0.000000
v -0.815547 0.196022 -0.036800
v -0.837177 0.196022 -0.029772
v -0.850545 0.196022 -0.011372
v -0.850545 0.196022 0.011372
v -0.837177 0.196022 0.029772
v -0.815547 0.196022 0.036800
v -0.793916 0.196022 0.029772
v -0.780548 0.196022 0.011372
v -0.780548 0.196022 -0.011372
v -0.793916 0.196022 -0.029772
v -0.815547 0.196022 -0.040000
v -0.839058 0.196022 -0.032361
v -0.853589 0.196022 -0.012361
v -0.853589 0.196022 0.012361
v -0.839058 0.196022 0.032361
v -0.815547 0.196022 0.040000
v -0.792035 0.196022 0.032361
v -0.777504 0.196022 0.012361
v -0.777504 0.196022 -0.012361
v -0.792035 0.196022 -0.032361
v -0.815547 0.216022 -0.040000
v -0.839058 0.216022 -0.032361
v -0.853589 0.216022 -0.012361
v -0.853589 0.216022 0.012361
v -0.839058 0.216022 0.032361
v -0.815547 0.216022 0.040000
v -0.792035 0.216022 0.032361
v -0.777504 0.216022 0.012361
v -0.777504 0.216022 -0.012361
v -0.792035 0.216022 -0.032361
v -0.815547 0.216022 -0.036800
v -0.837177 0.216022 -0.029772
v -0.850545 0.216022 -0.011372
v -0.850545 0.216022 0.011372
v -0.837177 0.216022 0.029772
v -0.815547 0.216022 0.036800
v -0.793916 0.216022 0.029772
v -0.780548 0.216022 0.011372
v -0.780548 0.216022 -0.011372
v -0.793916 0.216022 -0.029772
v -0.815547 0.196022 0.000000
v -0.815547 0.216022 0.000000
v -0.815547 0.231022 -0.013800
v -0.827498 0.231022 -0.006900
v -0.827498 0.231022 0.006900
v -0.815547 0.231022 0.013800
v -0.803595 0.231022 0.006900
v -0.803595 0.231022 -0.006900
v -0.815547 0.231022 -0.015000
v -0.828537 0.231022 -0.007500
v -0.828537 0.231022 0.007500
v -0.815547 0.231022 0.015000
v -0.802556 0.231022 0.007500
v -0.802556 0.231022 -0.007500
v -0.815547 0.256022 -0.015000
v -0.828537 0.256022 -0.007500
v -0.828537 0.256022 0.007500
v -0.815547 0.256022 0.015000
v -0.802556 0.256022 0.007500
v -0.802556 0.256022 -0.007500
v -0.815547 0.256022 -0.013800
v -0.827498 0.256022 -0.006900
v -0.827498 0.256022 0.006900
v -0.815547 0.256022 0.013800
v -0.803595 0.256022 0.006900
v -0.803595 0.256022 -0.006900
v -0.815547 0.231022 0.000000
v -0.815547 0.256022 0.000000
v -0.407773 0.036022 -0.009200
v -0.415741 0.036022 -0.004600
v -0.415741 0.036022 0.004600
v -0.407773 0.036022 0.009200
v -0.399806 0.036022 0.004600
v -0.399806 0.036022 -0.004600
v -0.407773 0.036022 -0.010000
v -0.416434 0.036022 -0.005000
v -0.416434 0.036022 0.005000
v -0.407773 0.036022 0.010000
v -0.399113 0.036022 0.005000
v -0.399113 0.036022 -0.005000
v -0.407773 0.116022 -0.010000
v -0.416434 0.116022 -0.005000
v -0.416434 0.116022 0.005000
v -0.407773 0.116022 0.010000
v -0.399113 0.116022 0.005000
v -0.399113 0.116022 -0.005000
v -0.407773 0.116022 -0.009200
v -0.415741 0.116022 -0.004600
v -0.415741 0.116022 0.004600
v -0.407773 0.116022 0.009200
v -0.399806 0.116022 0.004600
v -0.399806 0.116022 -0.004600
v -0.407773 0.036022 0.000000
v -0.407773 0.116022 0.000000
v -0.407773 0.126022 -0.036800
v -0.429404 0.126022 -0.029772
v -0.442772 0.126022 -0.011372
v -0.442772 0.126022 0.011372
v -0.429404 0.126022 0.029772
v -0.407773 0.126022 0.036800
v -0.386143 0.126022 0.029772
v -0.372774 0.126022 0.011372
v -0.372774 0.126022 -0.011372
v -0.386143 0.126022 -0.029772
v -0.407773 0.126022 -0.040000
v -0.431285 0.126022 -0.032361
v -0.445816 0.126022 -0.012361
v -0.445816 0.126022 0.012361
v -0.431285 0.126022 0.032361
v -0.407773 0.126022 0.040000
v -0.384262 0.126022 0.032361
v -0.369731 0.126022 0.012361
v -0.369731 0.126022 -0.012361
v -0.384262 0.126022 -0.032361
v -0.407773 0.146022 -0.040000
v -0.431285 0.146022 -0.032361
v -0.445816 0.146022 -0.012361
v -0.445816 0.146022 0.012361
v -0.431285 0.146022 0.032361
v -0.407773 0.146022 0.040000
v -0.384262 0.146022 0.032361
v -0.369731 0.146022 0.012361
v -0.369731 0.146022 -0.012361
v -0.384262 0.146022 -0.032361
v -0.407773 0.146022 -0.036800
v -0.429404 0.146022 -0.029772
v -0.442772 0.146022 -0.011372
v -0.442772 0.146022 0.011372
v -0.429404 0.146022 0.029772
v -0.407773 0.146022 0.036800
v -0.386143 0.146022 0.029772
v -0.372774 0.146022 0.011372
v -0.372774 0.146022 -0.011372
v -0.386143 0.146022 -0.029772
v -0.407773 0.126022 0.000000
v -0.407773 0.146022 0.000000
v -0.407773 0.161022 -0.050600
v -0.437515 0.161022 -0.040936
v -0.455897 0.161022 -0.015636
v -0.455897 0.161022 0.015636
v -0.437515 0.161022 0.040936
v -0.407773 0.161022 0.050600
v -0.378031 0.161022 0.040936
v -0.359650 0.161022 0.015636
v -0.359650 0.161022 -0.015636
v -0.378031 0.161022 -0.040936
v -0.407773 0.161022 -0.055000
v -0.440101 0.161022 -0.044496
v -0.460081 0.161022 -0.016996
v -0.460081 0.161022 0.016996
v -0.440101 0.161022 0.044496
v -0.407773 0.161022 0.055000
v -0.375445 0.161022 0.044496
v -0.355465 0.161022 0.016996
v -0.355465 0.161022 -0.016996
v -0.375445 0.161022 -0.044496
v -0.407773 0.181022 -0.055000
v -0.440101 0.181022 -0.044496
v -0.460081 0.181022 -0.016996
v -0.460081 0.181022 0.016996
v -0.440101 0.181022 0.044496
v -0.407773 0.181022 0.055000
v -0.375445 0.181022 0.044496
v -0.355465 0.181022 0.016996
v -0.355465 0.181022 -0.016996
v -0.375445 0.181022 -0.044496
v -0.407773 0.181022 -0.050600
v -0.437515 0.181022 -0.040936
v -0.455897 0.181022 -0.015636
v -0.455897 0.181022 0.015636
v -0.437515 0.181022 0.040936
v -0.407773 0.181022 0.050600
v -0.378031 0.181022 0.040936
v -0.359650 0.181022 0.015636
v -0.359650 0.181022 -0.015636
v -0.378031 0.181022 -0.040936
v -0.407773 0.161022 0.000000
v -0.407773 0.181022 0.000000
v -0.407773 0.196022 -0.036800
v -0.429404 0.196022 -0.029772
v -0.442772 0.196022 -0.011372
v -0.442772 0.196022 0.011372
v -0.429404 0.196022 0.029772
v -0.407773 0.196022 0.036800
v -0.386143 0.196022 0.029772
v -0.372774 0.196022 0.011372
v -0.372774 0.196022 -0.011372
v -0.386143 0.196022 -0.029772
v -0.407773 0.196022 -0.040000
v -0.431285 0.196022 -0.032361
v -0.445816 0.196022 -0.012361
v -0.445816 0.196022 0.012361
v -0.431285 0.196022 0.032361
v -0.407773 0.196022 0.040000
v -0.384262 0.196022 0.032361
v -0.369731 0.196022 0.012361
v -0.369731 0.196022 -0.012361
v -0.384262 0.196022 -0.032361
v -0.407773 0.216022 -0.040000
v -0.431285 0.216022 -0.032361
v -0.445816 0.216022 -0.012361
v -0.445816 0.216022 0.012361
v -0.431285 0.216022 0.032361
v -0.407773 0.216022 0.040000
v -0.384262 0.216022 0.032361
v -0.369731 0.216022 0.012361
v -0.369731 0.216022 -0.012361
v -0.384262 0.216022 -0.032361
v -0.407773 0.216022 -0.036800
v -0.429404 0.216022 -0.029772
v -0.442772 0.216022 -0.011372
v -0.442772 0.216022 0.011372
v -0.429404 0.216022 0.029772
v -0.407773 0.216022 0.036800
v -0.386143 0.216022 0.029772
v -0.372774 0.216022 0.011372
v -0.372774 0.216022 -0.011372
v -0.386143 0.216022 -0.029772
v -0.407773 0.196022 0.000000
v -0.407773 0.216022 0.000000
v -0.407773 0.231022 -0.013800
v -0.419724 0.231022 -0.006900
v -0.419724 0.231022 0.006900
v -0.407773 0.231022 0.013800
v -0.395822 0.231022 0.006900
v -0.395822 0.231022 -0.006900
v -0.407773 0.231022 -0.015000
v -0.420764 0.231022 -0.007500
v -0.420764 0.231022 0.007500
v -0.407773 0.231022 0.015000
v -0.394783 0.231022 0.007500
v -0.394783 0.231022 -0.007500
v -0.407773 0.256022 -0.015000
v -0.420764 0.256022 -0.007500
v -0.420764 0.256022 0.007500
v -0.407773 0.256022 0.015000
v -0.394783 0.256022 0.007500
v -0.394783 0.256022 -0.007500
v -0.407773 0.256022 -0.013800
v -0.419724 0.256022 -0.006900
v -0.419724 0.256022 0.006900
v -0.407773 0.256022 0.013800
v -0.395822 0.256022 0.006900
v -0.395822 0.256022 -0.006900
v -0.407773 0.231022 0.000000
v -0.407773 0.256022 0.000000
v 0.000000 0.036022 -0.009200
v -0.007967 0.036022 -0.004600
v -0.007967 0.036022 0.004600
v -0.000000 0.036022 0.009200
v 0.007967 0.036022 0.004600
v 0.007967 0.036022 -0.004600
v 0.000000 0.036022 -0.010000
v -0.008660 0.036022 -0.005000
v -0.008660 0.036022 0.005000
v -0.000000 0.036022 0.010000
v 0.008660 0.036022 0.005000
v 0.008660 0.036022 -0.005000
v 0.000000 0.116022 -0.010000
v -0.008660 0.116022 -0.005000
v -0.008660 0.116022 0.005000
v -0.000000 0.116022 0.010000
v 0.008660 0.116022 0.005000
v 0.008660 0.116022 -0.005000
v 0.000000 0.116022 -0.009200
v -0.007967 0.116022 -0.004600
v -0.007967 0.116022 0.004600
v -0.000000 0.116022 0.009200
v 0.007967 0.116022 0.004600
v 0.007967 0.116022 -0.004600
v 0.000000 0.036022 0.000000
v 0.000000 0.116022 0.000000
v 0.000000 0.126022 -0.036800
v -0.021630 0.126022 -0.029772
v -0.034999 0.126022 -0.011372
v -0.034999 0.126022 0.011372
v -0.021630 0.126022 0.029772
v -0.000000 0.126022 0.036800
v 0.021630 0.126022 0.029772
v 0.034999 0.126022 0.011372
v 0.034999 0.126022 -0.011372
v 0.021630 0.126022 -0.029772
v 0.000000 0.126022 -0.040000
v -0.023511 0.126022 -0.032361
v -0.038042 0.126022 -0.012361
v -0.038042 0.126022 0.012361
v -0.023511 0.126022 0.032361
v -0.000000 0.126022 0.040000
v 0.023511 0.126022 0.032361
v 0.038042 0.126022 0.012361
v 0.038042 0.126022 -0.012361
v 0.023511 0.126022 -0.032361
v 0.000000 0.146022 -0.040000
v -0.023511 0.146022 -0.032361
v -0.038042 0.146022 -0.012361
v -0.038042 0.146022 0.012361
v -0.023511 0.146022 0.032361
v -0.000000 0.146022 0.040000
v 0.023511 0.146022 0.032361
v 0.038042 0.146022 0.012361
v 0.038042 0.146022 -0.012361
v 0.023511 0.146022 -0.032361
v 0.000000 0.146022 -0.036800
v -0.021630 0.146022 -0.029772
v -0.034999 0.146022 -0.011372
v -0.034999 0.146022 0.011372
v -0.021630 0.146022 0.029772
v -0.000000 0.146022 0.036800
v 0.021630 0.146022 0.029772
v 0.034999 0.146022 0.011372
v 0.034999 0.146022 -0.011372
v 0.021630 0.146022 -0.029772
v 0.000000 0.126022 0.000000
v 0.000000 0.146022 0.000000
v 0.000000 0.161022 -0.050600
v -0.029742 0.161022 -0.040936
v -0.048123 0.161022 -0.015636
v -0.048123 0.161022 0.015636
v -0.029742 0.161022 0.040936
v -0.000000 0.161022 0.050600
v 0.029742 0.161022 0.040936
v 0.048123 0.161022 0.015636
v 0.048123 0.161022 -0.015636
v 0.029742 0.161022 -0.040936
v 0.000000 0.161022 -0.055000
v -0.032328 0.161022 -0.044496
v -0.052308 0.161022 -0.016996
v -0.052308 0.161022 0.016996
v -0.032328 0.161022 0.044496
v -0.000000 0.161022 0.055000
v 0.032328 0.161022 0.044496
v 0.052308 0.161022 0.016996
v 0.052308 0.161022 -0.016996
v 0.032328 0.161022 -0.044496
v 0.000000 0.181022 -0.055000
v -0.032328 0.181022 -0.044496
v -0.052308 0.181022 -0.016996
v -0.052308 0.181022 0.016996
v -0.032328 0.181022 0.044496
v -0.000000 0.181022 0.055000
v 0.032328 0.181022 0.044496
v 0.052308 0.181022 0.016996
v 0.052308 0.181022 -0.016996
v 0.032328 0.181022 -0.044496
v 0.000000 0.181022 -0.050600
v -0.029742 0.181022 -0.040936
v -0.048123 0.181022 -0.015636
v -0.048123 0.181022 0.015636
v -0.029742 0.181022 0.040936
v -0.000000 0.181022 0.050600
v 0.029742 0.181022 0.040936
v 0.048123 0.181022 0.015636
v 0.048123 0.181022 -0.015636
v 0.029742 0.181022 -0.040936
v 0.000000 0.161022 0.000000
v 0.000000 0.181022 0.000000
v 0.000000 0.196022 -0.036800
v -0.021630 0.196022 -0.029772
v -0.034999 0.196022 -0.011372
v -0.034999 0.196022 0.011372
v -0.021630 0.196022 0.029772
v -0.000000 0.196022 0.036800
v 0.021630 0.196022 0.029772
v 0.034999 0.196022 0.011372
v 0.034999 0.196022 -0.011372
v 0.021630 0.196022 -0.029772
v 0.000000 0.196022 -0.040000
v -0.023511 0.196022 -0.032361
v -0.038042 0.196022 -0.012361
v -0.038042 0.196022 0.012361
v -0.023511 0.196022 0.032361
v -0.000000 0.196022 0.040000
v 0.023511 0.196022 0.032361
v 0.038042 0.196022 0.012361
v 0.038042 0.196022 -0.012361
v 0.023511 0.196022 -0.032361
v 0.000000 0.216022 -0.040000
v -0.023511 0.216022 -0.032361
v -0.038042 0.216022 -0.012361
v -0.038042 0.216022 0.012361
v -0.023511 0.216022 0.032361
v -0.000000 0.216022 0.040000
v 0.023511 0.216022 0.032361
v 0.038042 0.216022 0.012361
v 0.038042 0.216022 -0.012361
v 0.023511 0.216022 -0.032361
v 0.000000 0.216022 -0.036800
v -0.021630 0.216022 -0.029772
v -0.034999 0.216022 -0.011372
v -0.034999 0.216022 0.011372
v -0.021630 0.216022 0.029772
v -0.000000 0.216022 0.036800
v 0.021630 0.216022 0.029772
v 0.034999 0.216022 0.011372
v 0.034999 0.216022 -0.011372
v 0.021630 0.216022 -0.029772
v 0.000000 0.196022 0.000000
v 0.000000 0.216022 0.000000
v 0.000000 0.231022 -0.013800
v -0.011951 0.231022 -0.006900
v -0.011951 0.231022 0.006900
v -0.000000 0.231022 0.013800
v 0.011951 0.231022 0.006900
v 0.011951 0.231022 -0.006900
v 0.000000 0.231022 -0.015000
v -0.012990 0.231022 -0.007500
v -0.012990 0.231022 0.007500
v -0.000000 0.231022 0.015000
v 0.012990 0.231022 0.007500
v 0.012990 0.231022 -0.007500
v 0.000000 0.256022 -0.015000
v -0.012990 0.256022 -0.007500
v -0.012990 0.256022 0.007500
v -0.000000 0.256022 0.015000
v 0.012990 0.256022 0.007500
v 0.012990 0.256022 -0.007500
v 0.000000 0.256022 -0.013800
v -0.011951 0.256022 -0.006900
v -0.011951 0.256022 0.006900
v -0.000000 0.256022 0.013800
v 0.011951 0.256022 0.006900
v 0.011951 0.256022 -0.006900
v 0.000000 0.231022 0.000000
v 0.000000 0.256022 0.000000
v 0.407773 0.036022 -0.009200
v 0.399806 0.036022 -0.004600
v 0.399806 0.036022 0.004600
v 0.407773 0.036022 0.009200
v 0.415741 0.036022 0.004600
v 0.415741 0.036022 -0.004600
v 0.407773 0.036022 -0.010000
v 0.399113 0.036022 -0.005000
v 0.399113 0.036022 0.005000
v 0.407773 0.036022 0.010000
v 0.416434 0.036022 0.005000
v 0.416434 0.036022 -0.005000
v 0.407773 0.116022 -0.010000
v 0.399113 0.116022 -0.005000
v 0.399113 0.116022 0.005000
v 0.407773 0.116022 0.010000
v 0.416434 0.116022 0.005000
v 0.416434 0.116022 -0.005000
v 0.407773 0.116022 -0.009200
v 0.399806 0.116022 -0.004600
v 0.399806 0.116022 0.004600
v 0.407773 0.116022 0.009200
v 0.415741 0.116022 0.004600
v 0.415741 0.116022 -0.004600
v 0.407773 0.036022 0.000000
v 0.407773 0.116022 0.000000
v 0.407773 0.126022 -0.036800
v 0.386143 0.126022 -0.029772
v 0.372774 0.126022 -0.011372
v 0.372774 0.126022 0.011372
v 0.386143 0.126022 0.029772
v 0.407773 0.126022 0.036800
v 0.429404 0.126022 0.029772
v 0.442772 0.126022 0.011372
v 0.442772 0.126022 -0.011372
v 0.429404 0.126022 -0.029772
v 0.407773 0.126022 -0.040000
v 0.384262 0.126022 -0.032361
v 0.369731 0.126022 -0.012361
v 0.369731 0.126022 0.012361
v 0.384262 0.126022 0.032361
v 0.407773 0.126022 0.040000
v 0.431285 0.126022 0.032361
v 0.445816 0.126022 0.012361
v 0.445816 0.126022 -0.012361
v 0.431285 0.126022 -0.032361
v 0.407773 0.146022 -0.040000
v 0.384262 0.146022 -0.032361
v 0.369731 0.146022 -0.012361
v 0.369731 0.146022 0.012361
v 0.384262 0.146022 0.032361
v 0.407773 0.146022 0.040000
v 0.431285 0.146022 0.032361
v 0.445816 0.146022 0.012361
v 0.445816 0.146022 -0.012361
v 0.431285 0.146022 -0.032361
v 0.407773 0.146022 -0.036800
v 0.386143 0.146022 -0.029772
v 0.372774 0.146022 -0.011372
v 0.372774 0.146022 0.011372
v 0.386143 0.146022 0.029772
v 0.407773 0.146022 0.036800
v 0.429404 0.146022 0.029772
v 0.442772 0.146022 0.011372
v 0.442772 0.146022 -0.011372
v 0.429404 0.146022 -0.029772
v 0.407773 0.126022 0.000000
v 0.407773 0.146022 0.000000
v 0.407773 0.161022 -0.050600
v 0.378031 0.161022 -0.040936
v 0.359650 0.161022 -0.015636
v 0.359650 0.161022 0.015636
v 0.378031 0.161022 0.040936
v 0.407773 0.161022 0.050600
v 0.437515 0.161022 0.040936
v 0.455897 0.161022 0.015636
v 0.455897 0.161022 -0.015636
v 0.437515 0.161022 -0.040936
v 0.407773 0.161022 -0.055000
v 0.375445 0.161022 -0.044496
v 0.355465 0.161022 -0.016996
v 0.355465 0.161022 0.016996
v 0.375445 0.161022 0.044496
v 0.407773 0.161022 0.055000
v 0.440101 0.161022 0.044496
v 0.460081 0.161022 0.016996
v 0.460081 0.161022 -0.016996
v 0.440101 0.161022 -0.044496
v 0.407773 0.181022 -0.055000
v 0.375445 0.181022 -0.044496
v 0.355465 0.181022 -0.016996
v 0.355465 0.181022 0.016996
v 0.375445 0.181022 0.044496
v 0.407773 0.181022 0.055000
v 0.440101 0.181022 0.044496
v 0.460081 0.181022 0.016996
v 0.460081 0.181022 -0.016996
v 0.440101 0.181022 -0.044496
v 0.407773 0.181022 -0.050600
v 0.378031 0.181022 -0.040936
v 0.359650 0.181022 -0.015636
v 0.359650 0.181022 0.015636
v 0.378031 0.181022 0.040936
v 0.407773 0.181022 0.050600
v 0.437515 0.181022 0.040936
v 0.455897 0.181022 0.015636
v 0.455897 0.181022 -0.015636
v 0.437515 0.181022 -0.040936
v 0.407773 0.161022 0.000000
v 0.407773 0.181022 0.000000
v 0.407773 0.196022 -0.036800
v 0.386143 0.196022 -0.029772
v 0.372774 0.196022 -0.011372
v 0.372774 0.196022 0.011372
v 0.386143 0.196022 0.029772
v 0.407773 0.196022 0.036800
v 0.429404 0.196022 0.029772
v 0.442772 0.196022 0.011372
v 0.442772 0.196022 -0.011372
v 0.429404 0.196022 -0.029772
v 0.407773 0.196022 -0.040000
v 0.384262 0.196022 -0.032361
v 0.369731 0.196022 -0.012361
v 0.369731 0.196022 0.012361
v 0.384262 0.196022 0.032361
v 0.407773 0.196022 0.040000
v 0.431285 0.196022 0.032361
v 0.445816 0.196022 0.012361
v 0.445816 0.196022 -0.012361
v 0.431285 0.196022 -0.032361
v 0.407773 0.216022 -0.040000
v 0.384262 0.216022 -0.032361
v 0.369731 0.216022 -0.012361
v 0.369731 0.216022 0.012361
v 0.384262 0.216022 0.032361
v 0.407773 0.216022 0.040000
v 0.431285 0.216022 0.032361
v 0.445816 0.216022 0.012361
v 0.445816 0.216022 -0.012361
v 0.431285 0.216022 -0.032361
v 0.407773 0.216022 -0.036800
v 0.386143 0.216022 -0.029772
v 0.372774 0.216022 -0.011372
v 0.372774 0.216022 0.011372
v 0.386143 0.216022 0.029772
v 0.407773 0.216022 0.036800
v 0.429404 0.216022 0.029772
v 0.442772 0.216022 0.011372
v 0.442772 0.216022 -0.011372
v 0.429404 0.216022 -0.029772
v 0.407773 0.196022 0.000000
v 0.407773 0.216022 0.000000
v 0.407773 0.231022 -0.013800
v 0.395822 0.231022 -0.006900
v 0.395822 0.231022 0.006900
v 0.407773 0.231022 0.013800
v 0.419724 0.231022 0.006900
v 0.419724 0.231022 -0.006900
v 0.407773 0.231022 -0.015000
v 0.394783 0.231022 -0.007500
v 0.394783 0.231022 0.007500
v 0.407773 0.231022 0.015000
v 0.420764 0.231022 0.007500
v 0.420764 0.231022 -0.007500
v 0.407773 0.256022 -0.015000
v 0.394783 0.256022 -0.007500
v 0.394783 0.256022 0.007500
v 0.407773 0.256022 0.015000
v 0.420764 0.256022 0.007500
v 0.420764 0.256022 -0.007500
v 0.407773 0.256022 -0.013800
v 0.395822 0.256022 -0.006900
v 0.395822 0.256022 0.006900
v 0.407773 0.256022 0.013800
v 0.419724 0.256022 0.006900
v 0.419724 0.256022 -0.006900
v 0.407773 0.231022 0.000000
v 0.407773 0.256022 0.000000
v 0.815547 0.036022 -0.009200
v 0.807579 0.036022 -0.004600
v 0.807579 0.036022 0.004600
v 0.815547 0.036022 0.009200
v 0.823514 0.036022 0.004600
v 0.823514 0.036022 -0.004600
v 0.815547 0.036022 -0.010000
v 0.806886 0.036022 -0.005000
v 0.806886 0.036022 0.005000
v 0.815547 0.036022 0.010000
v 0.824207 0.036022 0.005000
v 0.824207 0.036022 -0.005000
v 0.815547 0.116022 -0.010000
v 0.806886 0.116022 -0.005000
v 0.806886 0.116022 0.005000
v 0.815547 0.116022 0.010000
v 0.824207 0.116022 0.005000
v 0.824207 0.116022 -0.005000
v 0.815547 0.116022 -0.009200
v 0.807579 0.116022 -0.004600
v 0.807579 0.116022 0.004600
v 0.815547 0.116022 0.009200
v 0.823514 0.116022 0.004600
v 0.823514 0.116022 -0.004600
v 0.815547 0.036022 0.000000
v 0.815547 0.116022 0.000000
v 0.815547 0.126022 -0.036800
v 0.793916 0.126022 -0.029772
v 0.780548 0.126022 -0.011372
v 0.780548 0.126022 0.011372
v 0.793916 0.126022 0.029772
v 0.815547 0.126022 0.036800
v 0.837177 0.126022 0.029772
v 0.850545 0.126022 0.011372
v 0.850545 0.126022 -0.011372
v 0.837177 0.126022 -0.029772
v 0.815547 0.126022 -0.040000
v 0.792035 0.126022 -0.032361
v 0.777504 0.126022 -0.012361
v 0.777504 0.126022 0.012361
v 0.792035 0.126022 0.032361
v 0.815547 0.126022 0.040000
v 0.839058 0.126022 0.032361
v 0.853589 0.126022 0.012361
v 0.853589 0.126022 -0.012361
v 0.839058 0.126022 -0.032361
v 0.815547 0.146022 -0.040000
v 0.792035 0.146022 -0.032361
v 0.777504 0.146022 -0.012361
v 0.777504 0.146022 0.012361
v 0.792035 0.146022 0.032361
v 0.815547 0.146022 0.040000
v 0.839058 0.146022 0.032361
v 0.853589 0.146022 0.012361
v 0.853589 0.146022 -0.012361
v 0.839058 0.146022 -0.032361
v 0.815547 0.146022 -0.036800
v 0.793916 0.146022 -0.029772
v 0.780548 0.146022 -0.011372
v 0.780548 0.146022 0.011372
v 0.793916 0.146022 0.029772
v 0.815547 0.146022 0.036800
v 0.837177 0.146022 0.029772
v 0.850545 0.146022 0.011372
v 0.850545 0.146022 -0.011372
v 0.837177 0.146022 -0.029772
v 0.815547 0.126022 0.000000
v 0.815547 0.146022 0.000000
v 0.815547 0.161022 -0.050600
v 0.785805 0.161022 -0.040936
v 0.767423 0.161022 -0.015636
v 0.767423 0.161022 0.015636
v 0.785805 0.161022 0.040936
v 0.815547 0.161022 0.050600
v 0.845288 0.161022 0.040936
v 0.863670 0.161022 0.015636
v 0.863670 0.161022 -0.015636
v 0.845288 0.161022 -0.040936
v 0.815547 0.161022 -0.055000
v 0.783218 0.161022 -0.044496
v 0.763238 0.161022 -0.016996
v 0.763238 0.161022 0.016996
v 0.783218 0.161022 0.044496
v 0.815547 0.161022 0.055000
v 0.847875 0.161022 0.044496
v 0.867855 0.161022 0.016996
v 0.867855 0.161022 -0.016996
v 0.847875 0.161022 -0.044496
v 0.815547 0.181022 -0.055000
v 0.783218 0.181022 -0.044496
v 0.763238 0.181022 -0.016996
v 0.763238 0.181022 0.016996
v 0.783218 0.181022 0.044496
v 0.815547 0.181022 0.055000
v 0.847875 0.181022 0.044496
v 0.867855 0.181022 0.016996
v 0.867855 0.181022 -0.016996
v 0.847875 0.181022 -0.044496
v 0.815547 0.181022 -0.050600
v 0.785805 0.181022 -0.040936
v 0.767423 0.181022 -0.015636
v 0.767423 0.181022 0.015636
v 0.785805 0.181022 0.040936
v 0.815547 0.181022 0.050600
v 0.845288 0.181022 0.040936
v 0.863670 0.181022 0.015636
v 0.863670 0.181022 -0.015636
v 0.845288 0.181022 -0.040936
v 0.815547 0.161022 0.000000
v 0.815547 0.181022 0.000000
v 0.815547 0.196022 -0.036800
v 0.793916 0.196022 -0.029772
v 0.780548 0.196022 -0.011372
v 0.780548 0.196022 0.011372
v 0.793916 0.196022 0.029772
v 0.815547 0.196022 0.036800
v 0.837177 0.196022 0.029772
v 0.850545 0.196022 0.011372
v 0.850545 0.196022 -0.011372
v 0.837177 0.196022 -0.029772
v 0.815547 0.196022 -0.040000
v 0.792035 0.196022 -0.032361
v 0.777504 0.196022 -0.012361
v 0.777504 0.196022 0.012361
v 0.792035 0.196022 0.032361
v 0.815547 0.196022 0.040000
v 0.839058 0.196022 0.032361
v 0.853589 0.196022 0.012361
v 0.853589 0.196022 -0.012361
v 0.839058 0.196022 -0.032361
v 0.815547 0.216022 -0.040000
v 0.792035 0.216022 -0.032361
v 0.777504 0.216022 -0.012361
v 0.777504 0.216022 0.012361
v 0.792035 0.216022 0.032361
v 0.815547 0.216022 0.040000
v 0.839058 0.216022 0.032361
v 0.853589 0.216022 0.012361
v 0.853589 0.216022 -0.012361
v 0.839058 0.216022 -0.032361
v 0.815547 0.216022 -0.036800
v 0.793916 0.216022 -0.029772
v 0.780548 0.216022 -0.011372
v 0.780548 0.216022 0.011372
v 0.793916 0.216022 0.029772
v 0.815547 0.216022 0.036800
v 0.837177 0.216022 0.029772
v 0.850545 0.216022 0.011372
v 0.850545 0.216022 -0.011372
v 0.837177 0.216022 -0.029772
v 0.815547 0.196022 0.000000
v 0.815547 0.216022 0.000000
v 0.815547 0.231022 -0.013800
v 0.803595 0.231022 -0.006900
v 0.803595 0.231022 0.006900
v 0.815547 0.231022 0.013800
v 0.827498 0.231022 0.006900
v 0.827498 0.231022 -0.006900
v 0.815547 0.231022 -0.015000
v 0.802556 0.231022 -0.007500
v 0.802556 0.231022 0.007500
v 0.815547 0.231022 0.015000
v 0.828537 0.231022 0.007500
v 0.828537 0.231022 -0.007500
v 0.815547 0.256022 -0.015000
v 0.802556 0.256022 -0.007500
v 0.802556 0.256022 0.007500
v 0.815547 0.256022 0.015000
v 0.828537 0.256022 0.007500
v 0.828537 0.256022 -0.007500
v 0.815547 0.256022 -0.013800
v 0.803595 0.256022 -0.006900
v 0.803595 0.256022 0.006900
v 0.815547 0.256022 0.013800
v 0.827498 0.256022 0.006900
v 0.827498 0.256022 -0.006900
v 0.815547 0.231022 0.000000
v 0.815547 0.256022 0.000000
v 0.000000 -0.500000 -0.082800
v -0.048669 -0.500000 -0.066987
v -0.078747 -0.500000 -0.025587
v -0.078747 -0.500000 0.025587
v -0.048669 -0.500000 0.066987
v -0.000000 -0.500000 0.082800
v 0.048669 -0.500000 0.066987
v 0.078747 -0.500000 0.025587
v 0.078747 -0.500000 -0.025587
v 0.048669 -0.500000 -0.066987
v 0.000000 -0.500000 -0.090000
v -0.052901 -0.500000 -0.072812
v -0.085595 -0.500000 -0.027812
v -0.085595 -0.500000 0.027812
v -0.052901 -0.500000 0.072812
v -0.000000 -0.500000 0.090000
v 0.052901 -0.500000 0.072812
v 0.085595 -0.500000 0.027812
v 0.085595 -0.500000 -0.027812
v 0.052901 -0.500000 -0.072812
v 0.000000 0.150000 -0.090000
v -0.052901 0.150000 -0.072812
v -0.085595 0.150000 -0.027812
v -0.085595 0.150000 0.027812
v -0.052901 0.150000 0.072812
v -0.000000 0.150000 0.090000
v 0.052901 0.150000 0.072812
v 0.085595 0.150000 0.027812
v 0.085595 0.150000 -0.027812
v 0.052901 0.150000 -0.072812
v 0.000000 0.150000 -0.082800
v -0.048669 0.150000 -0.066987
v -0.078747 0.150000 -0.025587
v -0.078747 0.150000 0.025587
v -0.048669 0.150000 0.066987
v -0.000000 0.150000 0.082800
v 0.048669 0.150000 0.066987
v 0.078747 0.150000 0.025587
v 0.078747 0.150000 -0.025587
v 0.048669 0.150000 -0.066987
v 0.000000 -0.500000 0.000000
v 0.000000 0.150000 0.000000
v -0.048431 -0.044829 0.050431
v 0.048431 -0.044829 0.050431
v 0.048431 0.044829 0.050431
v -0.048431 0.044829 0.050431
v 0.048431 -0.044829 -0.050431
v -0.048431 -0.044829 -0.050431
v -0.048431 0.044829 -0.050431
v 0.048431 0.044829 -0.050431
v -0.048431 0.046829 -0.048431
v 0.048431 0.046829 -0.048431
v 0.048431 0.046829 0.048431
v -0.048431 0.046829 0.048431
v -0.048431 -0.046829 0.048431
v 0.048431 -0.046829 0.048431
v 0.048431 -0.046829 -0.048431
v -0.048431 -0.046829 -0.048431
v 0.050431 -0.044829 -0.048431
v 0.050431 -0.044829 0.048431
v 0.050431 0.044829 0.048431
v 0.050431 0.044829 -0.048431
v -0.050431 -0.044829 0.048431
v -0.050431 -0.044829 -0.048431
v -0.050431 0.044829 -0.048431
v -0.050431 0.044829 0.048431
v -0.048431 0.046829 0.048431
v 0.048431 0.046829 0.048431
v 0.048431 0.044829 0.050431
v -0.048431 0.044829 0.050431
v -0.048431 0.046829 -0.048431
v 0.048431 0.046829 -0.048431
v 0.048431 0.044829 -0.050431
v -0.048431 0.044829 -0.050431
v -0.048431 -0.046829 0.048431
v 0.048431 -0.046829 0.048431
v 0.048431 -0.044829 0.050431
v -0.048431 -0.044829 0.050431
v -0.048431 -0.046829 -0.048431
v 0.048431 -0.046829 -0.048431
v 0.048431 -0.044829 -0.050431
v -0.048431 -0.044829 -0.050431
v 0.050431 -0.044829 0.048431
v 0.050431 0.044829 0.048431
v 0.048431 0.044829 0.050431
v 0.048431 -0.044829 0.050431
v 0.050431 -0.044829 -0.048431
v 0.050431 0.044829 -0.048431
v 0.048431 0.044829 -0.050431
v 0.048431 -0.044829 -0.050431
v -0.050431 -0.044829 0.048431
v -0.050431 0.044829 0.048431
v -0.048431 0.044829 0.050431
v -0.048431 -0.044829 0.050431
v -0.050431 -0.044829 -0.048431
v -0.050431 0.044829 -0.048431
v -0.048431 0.044829 -0.050431
v -0.048431 -0.044829 -0.050431
v 0.050431 0.044829 -0.048431
v 0.050431 0.044829 0.048431
v 0.048431 0.046829 0.048431
v 0.048431 0.046829 -0.048431
v 0.050431 -0.044829 -0.048431
v 0.050431 -0.044829 0.048431
v 0.048431 -0.046829 0.048431
v 0.048431 -0.046829 -0.048431
v -0.050431 0.044829 -0.048431
v -0.050431 0.044829 0.048431
v -0.048431 0.046829 0.048431
v -0.048431 0.046829 -0.048431
v -0.050431 -0.044829 -0.048431
v -0.050431 -0.044829 0.048431
v -0.048431 -0.046829 0.048431
v -0.048431 -0.046829 -0.048431
v -0.048431 -0.044829 -0.050431
v -0.048431 -0.046829 -0.048431
v -0.050431 -0.044829 -0.048431
v -0.048431 -0.044829 0.050431
v -0.048431 -0.046829 0.048431
v -0.050431 -0.044829 0.048431
v -0.048431 0.044829 -0.050431
v -0.048431 0.046829 -0.048431
v -0.050431 0.044829 -0.048431
v -0.048431 0.044829 0.050431
v -0.048431 0.046829 0.048431
v -0.050431 0.044829 0.048431
v 0.048431 -0.044829 -0.050431
v 0.048431 -0.046829 -0.048431
v 0.050431 -0.044829 -0.048431
v 0.048431 -0.044829 0.050431
v 0.048431 -0.046829 0.048431
v 0.050431 -0.044829 0.048431
v 0.048431 0.044829 -0.050431
v 0.048431 0.046829 -0.048431
v 0.050431 0.044829 -0.048431
v 0.048431 0.044829 0.050431
v 0.048431 0.046829 0.048431
v 0.050431 0.044829 0.048431
v 0.739573 0.008613 0.036613
v 0.795573 0.008613 0.036613
v 0.795573 0.034613 0.036613
v 0.739573 0.034613 0.036613
v 0.795573 0.008613 0.006613
v 0.739573 0.008613 0.006613
v 0.739573 0.034613 0.006613
v 0.795573 0.034613 0.006613
v 0.739573 0.036613 0.008613
v 0.795573 0.036613 0.008613
v 0.795573 0.036613 0.034613
v 0.739573 0.036613 0.034613
v 0.739573 0.006613 0.034613
v 0.795573 0.006613 0.034613
v 0.795573 0.006613 0.008613
v 0.739573 0.006613 0.008613
v 0.797573 0.008613 0.008613
v 0.797573 0.008613 0.034613
v 0.797573 0.034613 0.034613
v 0.797573 0.034613 0.008613
v 0.737573 0.008613 0.034613
v 0.737573 0.008613 0.008613
v 0.737573 0.034613 0.008613
v 0.737573 0.034613 0.034613
v 0.739573 0.036613 0.034613
v 0.795573 0.036613 0.034613
v 0.795573 0.034613 0.036613
v 0.739573 0.034613 0.036613
v 0.739573 0.036613 0.008613
v 0.795573 0.036613 0.008613
v 0.795573 0.034613 0.006613
v 0.739573 0.034613 0.006613
v 0.739573 0.006613 0.034613
v 0.795573 0.006613 0.034613
v 0.795573 0.008613 0.036613
v 0.739573 0.008613 0.036613
v 0.739573 0.006613 0.008613
v 0.795573 0.006613 0.008613
v 0.795573 0.008613 0.006613
v 0.739573 0.008613 0.006613
v 0.797573 0.008613 0.034613
v 0.797573 0.034613 0.034613
v 0.795573 0.034613 0.036613
v 0.795573 0.008613 0.036613
v 0.797573 0.008613 0.008613
v 0.797573 0.034613 0.008613
v 0.795573 0.034613 0.006613
v 0.795573 0.008613 0.006613
v 0.737573 0.008613 0.034613
v 0.737573 0.034613 0.034613
v 0.739573 0.034613 0.036613
v 0.739573 0.008613 0.036613
v 0.737573 0.008613 0.008613
v 0.737573 0.034613 0.008613
v 0.739573 0.034613 0.006613
v 0.739573 0.008613 0.006613
v 0.797573 0.034613 0.008613
v 0.797573 0.034613 0.034613
v 0.795573 0.036613 0.034613
v 0.795573 0.036613 0.008613
v 0.797573 0.008613 0.008613
v 0.797573 0.008613 0.034613
v 0.795573 0.006613 0.034613
v 0.795573 0.006613 0.008613
v 0.737573 0.034613 0.008613
v 0.737573 0.034613 0.034613
v 0.739573 0.036613 0.034613
v 0.739573 0.036613 0.008613
v 0.737573 0.008613 0.008613
v 0.737573 0.008613 0.034613
v 0.739573 0.006613 0.034613
v 0.739573 0.006613 0.008613
v 0.739573 0.008613 0.006613
v 0.739573 0.006613 0.008613
v 0.737573 0.008613 0.008613
v 0.739573 0.008613 0.036613
v 0.739573 0.006613 0.034613
v 0.737573 0.008613 0.034613
v 0.739573 0.034613 0.006613
v 0.739573 0.036613 0.008613
v 0.737573 0.034613 0.008613
v 0.739573 0.034613 0.036613
v 0.739573 0.036613 0.034613
v 0.737573 0.034613 0.034613
v 0.795573 0.008613 0.006613
v 0.795573 0.006613 0.008613
v 0.797573 0.008613 0.008613
v 0.795573 0.008613 0.036613
v 0.795573 0.006613 0.034613
v 0.797573 0.008613 0.034613
v 0.795573 0.034613 0.006613
v 0.795573 0.036613 0.008613
v 0.797573 0.034613 0.008613
v 0.795573 0.034613 0.036613
v 0.795573 0.036613 0.034613
v 0.797573 0.034613 0.034613
vt -0.764373 -0.025618
vt 0.764373 -0.025618
vt 0.764373 0.025618
vt -0.764373 0.025618
vt 0.764373 -0.025618
vt -0.764373 -0.025618
vt -0.764373 0.025618
vt 0.764373 0.025618
vt -0.764373 -0.021295
vt 0.764373 -0.021295
vt 0.764373 0.021295
vt -0.764373 0.021295
vt -0.764373 0.021295
vt 0.764373 0.021295
vt 0.764373 -0.021295
vt -0.764373 -0.021295
vt -0.021295 -0.025618
vt 0.021295 -0.025618
vt 0.021295 0.025618
vt -0.021295 0.025618
vt 0.021295 -0.025618
vt -0.021295 -0.025618
vt -0.021295 0.025618
vt 0.021295 0.025618
vt -0.764373 0.028818
vt 0.764373 0.028818
vt 0.764373 0.025618
vt -0.764373 0.025618
vt -0.764373 0.028818
vt 0.764373 0.028818
vt 0.764373 0.025618
vt -0.764373 0.025618
vt -0.764373 -0.028818
vt 0.764373 -0.028818
vt 0.764373 -0.025618
vt -0.764373 -0.025618
vt -0.764373 -0.028818
vt 0.764373 -0.028818
vt 0.764373 -0.025618
vt -0.764373 -0.025618
vt 0.767573 -0.025618
vt 0.767573 0.025618
vt 0.764373 0.025618
vt 0.764373 -0.025618
vt 0.767573 -0.025618
vt 0.767573 0.025618
vt 0.764373 0.025618
vt 0.764373 -0.025618
vt -0.767573 -0.025618
vt -0.767573 0.025618
vt -0.764373 0.025618
vt -0.764373 -0.025618
vt -0.767573 -0.025618
vt -0.767573 0.025618
vt -0.764373 0.025618
vt -0.764373 -0.025618
vt 0.767573 0.025618
vt 0.767573 0.025618
vt 0.764373 0.028818
vt 0.764373 0.028818
vt 0.767573 -0.025618
vt 0.767573 -0.025618
vt 0.764373 -0.028818
vt 0.764373 -0.028818
vt -0.767573 0.025618
vt -0.767573 0.025618
vt -0.764373 0.028818
vt -0.764373 0.028818
vt -0.767573 -0.025618
vt -0.767573 -0.025618
vt -0.764373 -0.028818
vt -0.764373 -0.028818
vt -0.764373 -0.025618
vt -0.764373 -0.028818
vt -0.767573 -0.025618
vt -0.764373 -0.025618
vt -0.764373 -0.028818
vt -0.767573 -0.025618
vt -0.764373 0.025618
vt -0.764373 0.028818
vt -0.767573 0.025618
vt -0.764373 0.025618
vt -0.764373 0.028818
vt -0.767573 0.025618
vt 0.764373 -0.025618
vt 0.764373 -0.028818
vt 0.767573 -0.025618
vt 0.764373 -0.025618
vt 0.764373 -0.028818
vt 0.767573 -0.025618
vt 0.764373 0.025618
vt 0.764373 0.028818
vt 0.767573 0.025618
vt 0.764373 0.025618
vt 0.764373 0.028818
vt 0.767573 0.025618
vt -0.716600 -0.027619
vt 0.716600 -0.027619
vt 0.716600 0.027619
vt -0.716600 0.027619
vt 0.716600 -0.027619
vt -0.716600 -0.027619
vt -0.716600 0.027619
vt 0.716600 0.027619
vt -0.716600 -0.024017
vt 0.716600 -0.024017
vt 0.716600 0.024017
vt -0.716600 0.024017
vt -0.716600 0.024017
vt 0.716600 0.024017
vt 0.716600 -0.024017
vt -0.716600 -0.024017
vt -0.024017 -0.027619
vt 0.024017 -0.027619
vt 0.024017 0.027619
vt -0.024017 0.027619
vt 0.024017 -0.027619
vt -0.024017 -0.027619
vt -0.024017 0.027619
vt 0.024017 0.027619
vt -0.716600 0.030619
vt 0.716600 0.030619
vt 0.716600 0.027619
vt -0.716600 0.027619
vt -0.716600 0.030619
vt 0.716600 0.030619
vt 0.716600 0.027619
vt -0.716600 0.027619
vt -0.716600 -0.030619
vt 0.716600 -0.030619
vt 0.716600 -0.027619
vt -0.716600 -0.027619
vt -0.716600 -0.030619
vt 0.716600 -0.030619
vt 0.716600 -0.027619
vt -0.716600 -0.027619
vt 0.719600 -0.027619
vt 0.719600 0.027619
vt 0.716600 0.027619
vt 0.716600 -0.027619
vt 0.719600 -0.027619
vt 0.719600 0.027619
vt 0.716600 0.027619
vt 0.716600 -0.027619
vt -0.719600 -0.027619
vt -0.719600 0.027619
vt -0.716600 0.027619
vt -0.716600 -0.027619
vt -0.719600 -0.027619
vt -0.719600 0.027619
vt -0.716600 0.027619
vt -0.716600 -0.027619
vt 0.719600 0.027619
vt 0.719600 0.027619
vt 0.716600 0.030619
vt 0.716600 0.030619
vt 0.719600 -0.027619
vt 0.719600 -0.027619
vt 0.716600 -0.030619
vt 0.716600 -0.030619
vt -0.719600 0.027619
vt -0.719600 0.027619
vt -0.716600 0.030619
vt -0.716600 0.030619
vt -0.719600 -0.027619
vt -0.719600 -0.027619
vt -0.716600 -0.030619
vt -0.716600 -0.030619
vt -0.716600 -0.027619
vt -0.716600 -0.030619
vt -0.719600 -0.027619
vt -0.716600 -0.027619
vt -0.716600 -0.030619
vt -0.719600 -0.027619
vt -0.716600 0.027619
vt -0.716600 0.030619
vt -0.719600 0.027619
vt -0.716600 0.027619
vt -0.716600 0.030619
vt -0.719600 0.027619
vt 0.716600 -0.027619
vt 0.716600 -0.030619
vt 0.719600 -0.027619
vt 0.716600 -0.027619
vt 0.716600 -0.030619
vt 0.719600 -0.027619
vt 0.716600 0.027619
vt 0.716600 0.030619
vt 0.719600 0.027619
vt 0.716600 0.027619
vt 0.716600 0.030619
vt 0.719600 0.027619
vt 0.000000 0.000000
vt 0.166667 0.000000
vt 0.333333 0.000000
vt 0.500000 0.000000
vt 0.666667 0.000000
vt 0.833333 0.000000
vt 0.000000 0.000000
vt 0.166667 0.000000
vt 0.333333 0.000000
vt 0.500000 0.000000
vt 0.666667 0.000000
vt 0.833333 0.000000
vt 0.000000 0.080000
vt 0.166667 0.080000
vt 0.333333 0.080000
vt 0.500000 0.080000
vt 0.666667 0.080000
vt 0.833333 0.080000
vt 0.000000 0.080000
vt 0.166667 0.080000
vt 0.333333 0.080000
vt 0.500000 0.080000
vt 0.666667 0.080000
vt 0.833333 0.080000
vt 0.500000 0.500000
vt 0.500000 0.500000
vt 0.000000 0.000000
vt 0.100000 0.000000
vt 0.200000 0.000000
vt 0.300000 0.000000
vt 0.400000 0.000000
vt 0.500000 0.000000
vt 0.600000 0.000000
vt 0.700000 0.000000
vt 0.800000 0.000000
vt 0.900000 0.000000
vt 0.000000 0.000000
vt 0.100000 0.000000
vt 0.200000 0.000000
vt 0.300000 0.000000
vt 0.400000 0.000000
vt 0.500000 0.000000
vt 0.600000 0.000000
vt 0.700000 0.000000
vt 0.800000 0.000000
vt 0.900000 0.000000
vt 0.000000 0.020000
vt 0.100000 0.020000
vt 0.200000 0.020000
vt 0.300000 0.020000
vt 0.400000 0.020000
vt 0.500000 0.020000
vt 0.600000 0.020000
vt 0.700000 0.020000
vt 0.800000 0.020000
vt 0.900000 0.020000
vt 0.000000 0.020000
vt 0.100000 0.020000
vt 0.200000 0.020000
vt 0.300000 0.020000
vt 0.400000 0.020000
vt 0.500000 0.020000
vt 0.600000 0.020000
vt 0.700000 0.020000
vt 0.800000 0.020000
vt 0.900000 0.020000
vt 0.500000 0.500000
vt 0.500000 0.500000
vt 0.000000 0.000000
vt 0.100000 0.000000
vt 0.200000 0.000000
vt 0.300000 0.000000
vt 0.400000 0.000000
vt 0.500000 0.000000
vt 0.600000 0.000000
vt 0.700000 0.000000
vt 0.800000 0.000000
vt 0.900000 0.000000
vt 0.000000 0.000000
vt 0.100000 0.000000
vt 0.200000 0.000000
vt 0.300000 0.000000
vt 0.400000 0.000000
vt 0.500000 0.000000
vt 0.600000 0.000000
vt 0.700000 0.000000
vt 0.800000 0.000000
vt 0.900000 0.000000
vt 0.000000 0.020000
vt 0.100000 0.020000
vt 0.200000 0.020000
vt 0.300000 0.020000
vt 0.400000 0.020000
vt 0.500000 0.020000
vt 0.600000 0.020000
vt 0.700000 0.020000
vt 0.800000 0.020000
vt 0.900000 0.020000
vt 0.000000 0.020000
vt 0.100000 0.020000
vt 0.200000 0.020000
vt 0.300000 0.020000
vt 0.400000 0.020000
vt 0.500000 0.020000
vt 0.600000 0.020000
vt 0.700000 0.020000
vt 0.800000 0.020000
vt 0.900000 0.020000
vt 0.500000 0.500000
vt 0.500000 0.500000
vt 0.000000 0.000000
vt 0.100000 0.000000
vt 0.200000 0.000000
vt 0.300000 0.000000
vt 0.400000 0.000000
vt 0.500000 0.000000
vt 0.600000 0.000000
vt 0.700000 0.000000
vt 0.800000 0.000000
vt 0.900000 0.000000
vt 0.000000 0.000000
vt 0.100000 0.000000
vt 0.200000 0.000000
vt 0.300000 0.000000
vt 0.400000 0.000000
vt 0.500000 0.000000
vt 0.600000 0.000000
vt 0.700000 0.000000
vt 0.800000 0.000000
vt 0.900000 0.000000
vt 0.000000 0.020000
vt 0.100000 0.020000
vt 0.200000 0.020000
vt 0.300000 0.020000
vt 0.400000 0.020000
vt 0.500000 0.020000
vt 0.600000 0.020000
vt 0.700000 0.020000
vt 0.800000 0.020000
vt 0.900000 0.020000
vt 0.000000 0.020000
vt 0.100000 0.020000
vt 0.200000 0.020000
vt 0.300000 0.020000
vt 0.400000 0.020000
vt 0.500000 0.020000
vt 0.600000 0.020000
vt 0.700000 0.020000
vt 0.800000 0.020000
vt 0.900000 0.020000
vt 0.500000 0.500000
vt 0.500000 0.500000
vt 0.000000 0.000000
vt 0.166667 0.000000
vt 0.333333 0.000000
vt 0.500000 0.000000
vt 0.666667 0.000000
vt 0.833333 0.000000
vt 0.000000 0.000000
vt 0.166667 0.000000
vt 0.333333 0.000000
vt 0.500000 0.000000
vt 0.666667 0.000000
vt 0.833333 0.000000
vt 0.000000 0.025000
vt 0.166667 0.025000
vt 0.333333 0.025000
vt 0.500000 0.025000
vt 0.666667 0.025000
vt 0.833333 0.025000
vt 0.000000 0.025000
vt 0.166667 0.025000
vt 0.333333 0.025000
vt 0.500000 0.025000
vt 0.666667 0.025000
vt 0.833333 0.025000
vt 0.500000 0.500000
vt 0.500000 0.500000
vt 0.000000 0.000000
vt 0.166667 0.000000
vt 0.333333 0.000000
vt 0.500000 0.000000
vt 0.666667 0.000000
vt 0.833333 0.000000
vt 0.000000 0.000000
vt 0.166667 0.000000
vt 0.333333 0.000000
vt 0.500000 0.000000
vt 0.666667 0.000000
vt 0.833333 0.000000
vt 0.000000 0.080000
vt 0.166667 0.080000
vt 0.333333 0.080000
vt 0.500000 0.080000
vt 0.666667 0.080000
vt 0.833333 0.080000
vt 0.000000 0.080000
vt 0.166667 0.080000
vt 0.333333 0.080000
vt 0.500000 0.080000
vt 0.666667 0.080000
vt 0.833333 0.080000
vt 0.500000 0.500000
vt 0.500000 0.500000
vt 0.000000 0.000000
vt 0.100000 0.000000
vt 0.200000 0.000000
vt 0.300000 0.000000
vt 0.400000 0.000000
vt 0.500000 0.000000
vt 0.600000 0.000000
vt 0.700000 0.000000
vt 0.800000 0.000000
vt 0.900000 0.000000
vt 0.000000 0.000000
vt 0.100000 0.000000
vt 0.200000 0.000000
vt 0.300000 0.000000
vt 0.400000 0.000000
vt 0.500000 0.000000
vt 0.600000 0.000000
vt 0.700000 0.000000
vt 0.800000 0.000000
vt 0.900000 0.000000
vt 0.000000 0.020000
vt 0.100000 0.020000
vt 0.200000 0.020000
vt 0.300000 0.020000
vt 0.400000 0.020000
vt 0.500000 0.020000
vt 0.600000 0.020000
vt 0.700000 0.020000
vt 0.800000 0.020000
vt 0.900000 0.020000
vt 0.000000 0.020000
vt 0.100000 0.020000
vt 0.200000 0.020000
vt 0.300000 0.020000
vt 0.400000 0.020000
vt 0.500000 0.020000
vt 0.600000 0.020000
vt 0.700000 0.020000
vt 0.800000 0.020000
vt 0.900000 0.020000
vt 0.500000 0.500000
vt 0.500000 0.500000
vt 0.000000 0.000000
vt 0.100000 0.000000
vt 0.200000 0.000000
vt 0.300000 0.000000
vt 0.400000 0.000000
vt 0.500000 0.000000
vt 0.600000 0.000000
vt 0.700000 0.000000
vt 0.800000 0.000000
vt 0.900000 0.000000
vt 0.000000 0.000000
vt 0.100000 0.000000
vt 0.200000 0.000000
vt 0.300000 0.000000
vt 0.400000 0.000000
vt 0.500000 0.000000
vt 0.600000 0.000000
vt 0.700000 0.000000
vt 0.800000 0.000000
vt 0.900000 0.000000
vt 0.000000 0.020000
vt 0.100000 0.020000
vt 0.200000 0.020000
vt 0.300000 0.020000
vt 0.400000 0.020000
vt 0.500000 0.020000
vt 0.600000 0.020000
vt 0.700000 0.020000
vt 0.800000 0.020000
vt 0.900000 0.020000
vt 0.000000 0.020000
vt 0.100000 0.020000
vt 0.200000 0.020000
vt 0.300000 0.020000
vt 0.400000 0.020000
vt 0.500000 0.020000
vt 0.600000 0.020000
vt 0.700000 0.020000
vt 0.800000 0.020000
vt 0.900000 0.020000
vt 0.500000 0.500000
vt 0.500000 0.500000
vt 0.000000 0.000000
vt 0.100000 0.000000
vt 0.200000 0.000000
vt 0.300000 0.000000
vt 0.400000 0.000000
vt 0.500000 0.000000
vt 0.600000 0.000000
vt 0.700000 0.000000
vt 0.800000 0.000000
vt 0.900000 0.000000
vt 0.000000 0.000000
vt 0.100000 0.000000
vt 0.200000 0.000000
vt 0.300000 0.000000
vt 0.400000 0.000000
vt 0.500000 0.000000
vt 0.600000 0.000000
vt 0.700000 0.000000
vt 0.800000 0.000000
vt 0.900000 0.000000
vt 0.000000 0.020000
vt 0.100000 0.020000
vt 0.200000 0.020000
vt 0.300000 0.020000
vt 0.400000 0.020000
vt 0.500000 0.020000
vt 0.600000 0.020000
vt 0.700000 0.020000
vt 0.800000 0.020000
vt 0.900000 0.020000
vt 0.000000 0.020000
vt 0.100000 0.020000
vt 0.200000 0.020000
vt 0.300000 0.020000
vt 0.400000 0.020000
vt 0.500000 0.020000
vt 0.600000 0.020000
vt 0.700000 0.020000
vt 0.800000 0.020000
vt 0.900000 0.020000
vt 0.500000 0.500000
vt 0.500000 0.500000
vt 0.000000 0.000000
vt 0.166667 0.000000
vt 0.333333 0.000000
vt 0.500000 0.000000
vt 0.666667 0.000000
vt 0.833333 0.000000
vt 0.000000 0.000000
vt 0.166667 0.000000
vt 0.333333 0.000000
vt 0.500000 0.000000
vt 0.666667 0.000000
vt 0.833333 0.000000
vt 0.000000 0.025000
vt 0.166667 0.025000
vt 0.333333 0.025000
vt 0.500000 0.025000
vt 0.666667 0.025000
vt 0.833333 0.025000
vt 0.000000 0.025000
vt 0.166667 0.025000
vt 0.333333 0.025000
vt 0.500000 0.025000
vt 0.666667 0.025000
vt 0.833333 0.025000
vt 0.500000 0.500000
vt 0.500000 0.500000
vt 0.000000 0.000000
vt 0.166667 0.000000
vt 0.333333 0.000000
vt 0.500000 0.000000
vt 0.666667 0.000000
vt 0.833333 0.000000
vt 0.000000 0.000000
vt 0.166667 0.000000
vt 0.333333 0.000000
vt 0.500000 0.000000
vt 0.666667 0.000000
vt 0.833333 0.000000
vt 0.000000 0.080000
vt 0.166667 0.080000
vt 0.333333 0.080000
vt 0.500000 0.080000
vt 0.666667 0.080000
vt 0.833333 0.080000
vt 0.000000 0.080000
vt 0.166667 0.080000
vt 0.333333 0.080000
vt 0.500000 0.080000
vt 0.666667 0.080000
vt 0.833333 0.080000
vt 0.500000 0.500000
vt 0.500000 0.500000
vt 0.000000 0.000000
vt 0.100000 0.000000
vt 0.200000 0.000000
vt 0.300000 0.000000
vt 0.400000 0.000000
vt 0.500000 0.000000
vt 0.600000 0.000000
vt 0.700000 0.000000
vt 0.800000 0.000000
vt 0.900000 0.000000
vt 0.000000 0.000000
vt 0.100000 0.000000
vt 0.200000 0.000000
vt 0.300000 0.000000
vt 0.400000 0.000000
vt 0.500000 0.000000
vt 0.600000 0.000000
vt 0.700000 0.000000
vt 0.800000 0.000000
vt 0.900000 0.000000
vt 0.000000 0.020000
vt 0.100000 0.020000
vt 0.200000 0.020000
vt 0.300000 0.020000
vt 0.400000 0.020000
vt 0.500000 0.020000
vt 0.600000 0.020000
vt 0.700000 0.020000
vt 0.800000 0.020000
vt 0.900000 0.020000
vt 0.000000 0.020000
vt 0.100000 0.020000
vt 0.200000 0.020000
vt 0.300000 0.020000
vt 0.400000 0.020000
vt 0.500000 0.020000
vt 0.600000 0.020000
vt 0.700000 0.020000
vt 0.800000 0.020000
vt 0.900000 0.020000
vt 0.500000 0.500000
vt 0.500000 0.500000
vt 0.000000 0.000000
vt 0.100000 0.000000
vt 0.200000 0.000000
vt 0.300000 0.000000
vt 0.400000 0.000000
vt 0.500000 0.000000
vt 0.600000 0.000000
vt 0.700000 0.000000
vt 0.800000 0.000000
vt 0.900000 0.000000
vt 0.000000 0.000000
vt 0.100000 0.000000
vt 0.200000 0.000000
vt 0.300000 0.000000
vt 0.400000 0.000000
vt 0.500000 0.000000
vt 0.600000 0.000000
vt 0.700000 0.000000
vt 0.800000 0.000000
vt 0.900000 0.000000
vt 0.000000 0.020000
vt 0.100000 0.020000
vt 0.200000 0.020000
vt 0.300000 0.020000
vt 0.400000 0.020000
vt 0.500000 0.020000
vt 0.600000 0.020000
vt 0.700000 0.020000
vt 0.800000 0.020000
vt 0.900000 0.020000
vt 0.000000 0.020000
vt 0.100000 0.020000
vt 0.200000 0.020000
vt 0.300000 0.020000
vt 0.400000 0.020000
vt 0.500000 0.020000
vt 0.600000 0.020000
vt 0.700000 0.020000
vt 0.800000 0.020000
vt 0.900000 0.020000
vt 0.500000 0.500000
vt 0.500000 0.500000
vt 0.000000 0.000000
vt 0.100000 0.000000
vt 0.200000 0.000000
vt 0.300000 0.000000
vt 0.400000 0.000000
vt 0.500000 0.000000
vt 0.600000 0.000000
vt 0.700000 0.000000
vt 0.800000 0.000000
vt 0.900000 0.000000
vt 0.000000 0.000000
vt 0.100000 0.000000
vt 0.200000 0.000000
vt 0.300000 0.000000
vt 0.400000 0.000000
vt 0.500000 0.000000
vt 0.600000 0.000000
vt 0.700000 0.000000
vt 0.800000 0.000000
vt 0.900000 0.000000
vt 0.000000 0.020000
vt 0.100000 0.020000
vt 0.200000 0.020000
vt 0.300000 0.020000
vt 0.400000 0.020000
vt 0.500000 0.020000
vt 0.600000 0.020000
vt 0.700000 0.020000
vt 0.800000 0.020000
vt 0.900000 0.020000
vt 0.000000 0.020000
vt 0.100000 0.020000
vt 0.200000 0.020000
vt 0.300000 0.020000
vt 0.400000 0.020000
vt 0.500000 0.020000
vt 0.600000 0.020000
vt 0.700000 0.020000
vt 0.800000 0.020000
vt 0.900000 0.020000
vt 0.500000 0.500000
vt 0.500000 0.500000
vt 0.000000 0.000000
vt 0.166667 0.000000
vt 0.333333 0.000000
vt 0.500000 0.000000
vt 0.666667 0.000000
vt 0.833333 0.000000
vt 0.000000 0.000000
vt 0.166667 0.000000
vt 0.333333 0.000000
vt 0.500000 0.000000
vt 0.666667 0.000000
vt 0.833333 0.000000
vt 0.000000 0.025000
vt 0.166667 0.025000
vt 0.333333 0.025000
vt 0.500000 0.025000
vt 0.666667 0.025000
vt 0.833333 0.025000
vt 0.000000 0.025000
vt 0.166667 0.025000
vt 0.333333 0.025000
vt 0.500000 0.025000
vt 0.666667 0.025000
vt 0.833333 0.025000
vt 0.500000 0.500000
vt 0.500000 0.500000
vt 0.000000 0.000000
vt 0.166667 0.000000
vt 0.333333 0.000000
vt 0.500000 0.000000
vt 0.666667 0.000000
vt 0.833333 0.000000
vt 0.000000 0.000000
vt 0.166667 0.000000
vt 0.333333 0.000000
vt 0.500000 0.000000
vt 0.666667 0.000000
vt 0.833333 0.000000
vt 0.000000 0.080000
vt 0.166667 0.080000
vt 0.333333 0.080000
vt 0.500000 0.080000
vt 0.666667 0.080000
vt 0.833333 0.080000
vt 0.000000 0.080000
vt 0.166667 0.080000
vt 0.333333 0.080000
vt 0.500000 0.080000
vt 0.666667 0.080000
vt 0.833333 0.080000
vt 0.500000 0.500000
vt 0.500000 0.500000
vt 0.000000 0.000000
vt 0.100000 0.000000
vt 0.200000 0.000000
vt 0.300000 0.000000
vt 0.400000 0.000000
vt 0.500000 0.000000
vt 0.600000 0.000000
vt 0.700000 0.000000
vt 0.800000 0.000000
vt 0.900000 0.000000
vt 0.000000 0.000000
vt 0.100000 0.000000
vt 0.200000 0.000000
vt 0.300000 0.000000
vt 0.400000 0.000000
vt 0.500000 0.000000
vt 0.600000 0.000000
vt 0.700000 0.000000
vt 0.800000 0.000000
vt 0.900000 0.000000
vt 0.000000 0.020000
vt 0.100000 0.020000
vt 0.200000 0.020000
vt 0.300000 0.020000
vt 0.400000 0.020000
vt 0.500000 0.020000
vt 0.600000 0.020000
vt 0.700000 0.020000
vt 0.800000 0.020000
vt 0.900000 0.020000
vt 0.000000 0.020000
vt 0.100000 0.020000
vt 0.200000 0.020000
vt 0.300000 0.020000
vt 0.400000 0.020000
vt 0.500000 0.020000
vt 0.600000 0.020000
vt 0.700000 0.020000
vt 0.800000 0.020000
vt 0.900000 0.020000
vt 0.500000 0.500000
vt 0.500000 0.500000
vt 0.000000 0.000000
vt 0.100000 0.000000
vt 0.200000 0.000000
vt 0.300000 0.000000
vt 0.400000 0.000000
vt 0.500000 0.000000
vt 0.600000 0.000000
vt 0.700000 0.000000
vt 0.800000 0.000000
vt 0.900000 0.000000
vt 0.000000 0.000000
vt 0.100000 0.000000
vt 0.200000 0.000000
vt 0.300000 0.000000
vt 0.400000 0.000000
vt 0.500000 0.000000
vt 0.600000 0.000000
vt 0.700000 0.000000
vt 0.800000 0.000000
vt 0.900000 0.000000
vt 0.000000 0.020000
vt 0.100000 0.020000
vt 0.200000 0.020000
vt 0.300000 0.020000
vt 0.400000 0.020000
vt 0.500000 0.020000
vt 0.600000 0.020000
vt 0.700000 0.020000
vt 0.800000 0.020000
vt 0.900000 0.020000
vt 0.000000 0.020000
vt 0.100000 0.020000
vt 0.200000 0.020000
vt 0.300000 0.020000
vt 0.400000 0.020000
vt 0.500000 0.020000
vt 0.600000 0.020000
vt 0.700000 0.020000
vt 0.800000 0.020000
vt 0.900000 0.020000
vt 0.500000 0.500000
vt 0.500000 0.500000
vt 0.000000 0.000000
vt 0.100000 0.000000
vt 0.200000 0.000000
vt 0.300000 0.000000
vt 0.400000 0.000000
vt 0.500000 0.000000
vt 0.600000 0.000000
vt 0.700000 0.000000
vt 0.800000 0.000000
vt 0.900000 0.000000
vt 0.000000 0.000000
vt 0.100000 0.000000
vt 0.200000 0.000000
vt 0.300000 0.000000
vt 0.400000 0.000000
vt 0.500000 0.000000
vt 0.600000 0.000000
vt 0.700000 0.000000
vt 0.800000 0.000000
vt 0.900000 0.000000
vt 0.000000 0.020000
vt 0.100000 0.020000
vt 0.200000 0.020000
vt 0.300000 0.020000
vt 0.400000 0.020000
vt 0.500000 0.020000
vt 0.600000 0.020000
vt 0.700000 0.020000
vt 0.800000 0.020000
vt 0.900000 0.020000
vt 0.000000 0.020000
vt 0.100000 0.020000
vt 0.200000 0.020000
vt 0.300000 0.020000
vt 0.400000 0.020000
vt 0.500000 0.020000
vt 0.600000 0.020000
vt 0.700000 0.020000
vt 0.800000 0.020000
vt 0.900000 0.020000
vt 0.500000 0.500000
vt 0.500000 0.500000
vt 0.000000 0.000000
vt 0.166667 0.000000
vt 0.333333 0.000000
vt 0.500000 0.000000
vt 0.666667 0.000000
vt 0.833333 0.000000
vt 0.000000 0.000000
vt 0.166667 0.000000
vt 0.333333 0.000000
vt 0.500000 0.000000
vt 0.666667 0.000000
vt 0.833333 0.000000
vt 0.000000 0.025000
vt 0.166667 0.025000
vt 0.333333 0.025000
vt 0.500000 0.025000
vt 0.666667 0.025000
vt 0.833333 0.025000
vt 0.000000 0.025000
vt 0.166667 0.025000
vt 0.333333 0.025000
vt 0.500000 0.025000
vt 0.666667 0.025000
vt 0.833333 0.025000
vt 0.500000 0.500000
vt 0.500000 0.500000
vt 0.000000 0.000000
vt 0.166667 0.000000
vt 0.333333 0.000000
vt 0.500000 0.000000
vt 0.666667 0.000000
vt 0.833333 0.000000
vt 0.000000 0.000000
vt 0.166667 0.000000
vt 0.333333 0.000000
vt 0.500000 0.000000
vt 0.666667 0.000000
vt 0.833333 0.000000
vt 0.000000 0.080000
vt 0.166667 0.080000
vt 0.333333 0.080000
vt 0.500000 0.080000
vt 0.666667 0.080000
vt 0.833333 0.080000
vt 0.000000 0.080000
vt 0.166667 0.080000
vt 0.333333 0.080000
vt 0.500000 0.080000
vt 0.666667 0.080000
vt 0.833333 0.080000
vt 0.500000 0.500000
vt 0.500000 0.500000
vt 0.000000 0.000000
vt 0.100000 0.000000
vt 0.200000 0.000000
vt 0.300000 0.000000
vt 0.400000 0.000000
vt 0.500000 0.000000
vt 0.600000 0.000000
vt 0.700000 0.000000
vt 0.800000 0.000000
vt 0.900000 0.000000
vt 0.000000 0.000000
vt 0.100000 0.000000
vt 0.200000 0.000000
vt 0.300000 0.000000
vt 0.400000 0.000000
vt 0.500000 0.000000
vt 0.600000 0.000000
vt 0.700000 0.000000
vt 0.800000 0.000000
vt 0.900000 0.000000
vt 0.000000 0.020000
vt 0.100000 0.020000
vt 0.200000 0.020000
vt 0.300000 0.020000
vt 0.400000 0.020000
vt 0.500000 0.020000
vt 0.600000 0.020000
vt 0.700000 0.020000
vt 0.800000 0.020000
vt 0.900000 0.020000
vt 0.000000 0.020000
vt 0.100000 0.020000
vt 0.200000 0.020000
vt 0.300000 0.020000
vt 0.400000 0.020000
vt 0.500000 0.020000
vt 0.600000 0.020000
vt 0.700000 0.020000
vt 0.800000 0.020000
vt 0.900000 0.020000
vt 0.500000 0.500000
vt 0.500000 0.500000
vt 0.000000 0.000000
vt 0.100000 0.000000
vt 0.200000 0.000000
vt 0.300000 0.000000
vt 0.400000 0.000000
vt 0.500000 0.000000
vt 0.600000 0.000000
vt 0.700000 0.000000
vt 0.800000 0.000000
vt 0.900000 0.000000
vt 0.000000 0.000000
vt 0.100000 0.000000
vt 0.200000 0.000000
vt 0.300000 0.000000
vt 0.400000 0.000000
vt 0.500000 0.000000
vt 0.600000 0.000000
vt 0.700000 0.000000
vt 0.800000 0.000000
vt 0.900000 0.000000
vt 0.000000 0.020000
vt 0.100000 0.020000
vt 0.200000 0.020000
vt 0.300000 0.020000
vt 0.400000 0.020000
vt 0.500000 0.020000
vt 0.600000 0.020000
vt 0.700000 0.020000
vt 0.800000 0.020000
vt 0.900000 0.020000
vt 0.000000 0.020000
vt 0.100000 0.020000
vt 0.200000 0.020000
vt 0.300000 0.020000
vt 0.400000 0.020000
vt 0.500000 0.020000
vt 0.600000 0.020000
vt 0.700000 0.020000
vt 0.800000 0.020000
vt 0.900000 0.020000
vt 0.500000 0.500000
vt 0.500000 0.500000
vt 0.000000 0.000000
vt 0.100000 0.000000
vt 0.200000 0.000000
vt 0.300000 0.000000
vt 0.400000 0.000000
vt 0.500000 0.000000
vt 0.600000 0.000000
vt 0.700000 0.000000
vt 0.800000 0.000000
vt 0.900000 0.000000
vt 0.000000 0.000000
vt 0.100000 0.000000
vt 0.200000 0.000000
vt 0.300000 0.000000
vt 0.400000 0.000000
vt 0.500000 0.000000
vt 0.600000 0.000000
vt 0.700000 0.000000
vt 0.800000 0.000000
vt 0.900000 0.000000
vt 0.000000 0.020000
vt 0.100000 0.020000
vt 0.200000 0.020000
vt 0.300000 0.020000
vt 0.400000 0.020000
vt 0.500000 0.020000
vt 0.600000 0.020000
vt 0.700000 0.020000
vt 0.800000 0.020000
vt 0.900000 0.020000
vt 0.000000 0.020000
vt 0.100000 0.020000
vt 0.200000 0.020000
vt 0.300000 0.020000
vt 0.400000 0.020000
vt 0.500000 0.020000
vt 0.600000 0.020000
vt 0.700000 0.020000
vt 0.800000 0.020000
vt 0.900000 0.020000
vt 0.500000 0.500000
vt 0.500000 0.500000
vt 0.000000 0.000000
vt 0.166667 0.000000
vt 0.333333 0.000000
vt 0.500000 0.000000
vt 0.666667 0.000000
vt 0.833333 0.000000
vt 0.000000 0.000000
vt 0.166667 0.000000
vt 0.333333 0.000000
vt 0.500000 0.000000
vt 0.666667 0.000000
vt 0.833333 0.000000
vt 0.000000 0.025000
vt 0.166667 0.025000
vt 0.333333 0.025000
vt 0.500000 0.025000
vt 0.666667 0.025000
vt 0.833333 0.025000
vt 0.000000 0.025000
vt 0.166667 0.025000
vt 0.333333 0.025000
vt 0.500000 0.025000
vt 0.666667 0.025000
vt 0.833333 0.025000
vt 0.500000 0.500000
vt 0.500000 0.500000
vt 0.000000 0.000000
vt 0.100000 0.000000
vt 0.200000 0.000000
vt 0.300000 0.000000
vt 0.400000 0.000000
vt 0.500000 0.000000
vt 0.600000 0.000000
vt 0.700000 0.000000
vt 0.800000 0.000000
vt 0.900000 0.000000
vt 0.000000 0.000000
vt 0.100000 0.000000
vt 0.200000 0.000000
vt 0.300000 0.000000
vt 0.400000 0.000000
vt 0.500000 0.000000
vt 0.600000 0.000000
vt 0.700000 0.000000
vt 0.800000 0.000000
vt 0.900000 0.000000
vt 0.000000 0.650000
vt 0.100000 0.650000
vt 0.200000 0.650000
vt 0.300000 0.650000
vt 0.400000 0.650000
vt 0.500000 0.650000
vt 0.600000 0.650000
vt 0.700000 0.650000
vt 0.800000 0.650000
vt 0.900000 0.650000
vt 0.000000 0.650000
vt 0.100000 0.650000
vt 0.200000 0.650000
vt 0.300000 0.650000
vt 0.400000 0.650000
vt 0.500000 0.650000
vt 0.600000 0.650000
vt 0.700000 0.650000
vt 0.800000 0.650000
vt 0.900000 0.650000
vt 0.500000 0.500000
vt 0.500000 0.500000
vt -0.048431 -0.044829
vt 0.048431 -0.044829
vt 0.048431 0.044829
vt -0.048431 0.044829
vt 0.048431 -0.044829
vt -0.048431 -0.044829
vt -0.048431 0.044829
vt 0.048431 0.044829
vt -0.048431 -0.048431
vt 0.048431 -0.048431
vt 0.048431 0.048431
vt -0.048431 0.048431
vt -0.048431 0.048431
vt 0.048431 0.048431
vt 0.048431 -0.048431
vt -0.048431 -0.048431
vt -0.048431 -0.044829
vt 0.048431 -0.044829
vt 0.048431 0.044829
vt -0.048431 0.044829
vt 0.048431 -0.044829
vt -0.048431 -0.044829
vt -0.048431 0.044829
vt 0.048431 0.044829
vt -0.048431 0.046829
vt 0.048431 0.046829
vt 0.048431 0.044829
vt -0.048431 0.044829
vt -0.048431 0.046829
vt 0.048431 0.046829
vt 0.048431 0.044829
vt -0.048431 0.044829
vt -0.048431 -0.046829
vt 0.048431 -0.046829
vt 0.048431 -0.044829
vt -0.048431 -0.044829
vt -0.048431 -0.046829
vt 0.048431 -0.046829
vt 0.048431 -0.044829
vt -0.048431 -0.044829
vt 0.050431 -0.044829
vt 0.050431 0.044829
vt 0.048431 0.044829
vt 0.048431 -0.044829
vt 0.050431 -0.044829
vt 0.050431 0.044829
vt 0.048431 0.044829
vt 0.048431 -0.044829
vt -0.050431 -0.044829
vt -0.050431 0.044829
vt -0.048431 0.044829
vt -0.048431 -0.044829
vt -0.050431 -0.044829
vt -0.050431 0.044829
vt -0.048431 0.044829
vt -0.048431 -0.044829
vt 0.050431 0.044829
vt 0.050431 0.044829
vt 0.048431 0.046829
vt 0.048431 0.046829
vt 0.050431 -0.044829
vt 0.050431 -0.044829
vt 0.048431 -0.046829
vt 0.048431 -0.046829
vt -0.050431 0.044829
vt -0.050431 0.044829
vt -0.048431 0.046829
vt -0.048431 0.046829
vt -0.050431 -0.044829
vt -0.050431 -0.044829
vt -0.048431 -0.046829
vt -0.048431 -0.046829
vt -0.048431 -0.044829
vt -0.048431 -0.046829
vt -0.050431 -0.044829
vt -0.048431 -0.044829
vt -0.048431 -0.046829
vt -0.050431 -0.044829
vt -0.048431 0.044829
vt -0.048431 0.046829
vt -0.050431 0.044829
vt -0.048431 0.044829
vt -0.048431 0.046829
vt -0.050431 0.044829
vt 0.048431 -0.044829
vt 0.048431 -0.046829
vt 0.050431 -0.044829
vt 0.048431 -0.044829
vt 0.048431 -0.046829
vt 0.050431 -0.044829
vt 0.048431 0.044829
vt 0.048431 0.046829
vt 0.050431 0.044829
vt 0.048431 0.044829
vt 0.048431 0.046829
vt 0.050431 0.044829
vt -0.028000 -0.013000
vt 0.028000 -0.013000
vt 0.028000 0.013000
vt -0.028000 0.013000
vt 0.028000 -0.013000
vt -0.028000 -0.013000
vt -0.028000 0.013000
vt 0.028000 0.013000
vt -0.028000 -0.013000
vt 0.028000 -0.013000
vt 0.028000 0.013000
vt -0.028000 0.013000
vt -0.028000 0.013000
vt 0.028000 0.013000
vt 0.028000 -0.013000
vt -0.028000 -0.013000
vt -0.013000 -0.013000
vt 0.013000 -0.013000
vt 0.013000 0.013000
vt -0.013000 0.013000
vt 0.013000 -0.013000
vt -0.013000 -0.013000
vt -0.013000 0.013000
vt 0.013000 0.013000
vt -0.028000 0.015000
vt 0.028000 0.015000
vt 0.028000 0.013000
vt -0.028000 0.013000
vt -0.028000 0.015000
vt 0.028000 0.015000
vt 0.028000 0.013000
vt -0.028000 0.013000
vt -0.028000 -0.015000
vt 0.028000 -0.015000
vt 0.028000 -0.013000
vt -0.028000 -0.013000
vt -0.028000 -0.015000
vt 0.028000 -0.015000
vt 0.028000 -0.013000
vt -0.028000 -0.013000
vt 0.030000 -0.013000
vt 0.030000 0.013000
vt 0.028000 0.013000
vt 0.028000 -0.013000
vt 0.030000 -0.013000
vt 0.030000 0.013000
vt 0.028000 0.013000
vt 0.028000 -0.013000
vt -0.030000 -0.013000
vt -0.030000 0.013000
vt -0.028000 0.013000
vt -0.028000 -0.013000
vt -0.030000 -0.013000
vt -0.030000 0.013000
vt -0.028000 0.013000
vt -0.028000 -0.013000
vt 0.030000 0.013000
vt 0.030000 0.013000
vt 0.028000 0.015000
vt 0.028000 0.015000
vt 0.030000 -0.013000
vt 0.030000 -0.013000
vt 0.028000 -0.015000
vt 0.028000 -0.015000
vt -0.030000 0.013000
vt -0.030000 0.013000
vt -0.028000 0.015000
vt -0.028000 0.015000
vt -0.030000 -0.013000
vt -0.030000 -0.013000
vt -0.028000 -0.015000
vt -0.028000 -0.015000
vt -0.028000 -0.013000
vt -0.028000 -0.015000
vt -0.030000 -0.013000
vt -0.028000 -0.013000
vt -0.028000 -0.015000
vt -0.030000 -0.013000
vt -0.028000 0.013000
vt -0.028000 0.015000
vt -0.030000 0.013000
vt -0.028000 0.013000
vt -0.028000 0.015000
vt -0.030000 0.013000
vt 0.028000 -0.013000
vt 0.028000 -0.015000
vt 0.030000 -0.013000
vt 0.028000 -0.013000
vt 0.028000 -0.015000
vt 0.030000 -0.013000
vt 0.028000 0.013000
vt 0.028000 0.015000
vt 0.030000 0.013000
vt 0.028000 0.013000
vt 0.028000 0.015000
vt 0.030000 0.013000
vn 0.000000 0.000000 1.000000
vn 0.000000 0.000000 1.000000
vn 0.000000 0.000000 1.000000
vn 0.000000 0.000000 1.000000
vn 0.000000 0.000000 -1.000000
vn 0.000000 0.000000 -1.000000
vn 0.000000 0.000000 -1.000000
vn 0.000000 0.000000 -1.000000
vn 0.000000 1.000000 0.000000
vn 0.000000 1.000000 0.000000
vn 0.000000 1.000000 0.000000
vn 0.000000 1.000000 0.000000
vn 0.000000 -1.000000 0.000000
vn 0.000000 -1.000000 0.000000
vn 0.000000 -1.000000 0.000000
vn 0.000000 -1.000000 0.000000
vn 1.000000 0.000000 0.000000
vn 1.000000 0.000000 0.000000
vn 1.000000 0.000000 0.000000
vn 1.000000 0.000000 0.000000
vn -1.000000 0.000000 0.000000
vn -1.000000 0.000000 0.000000
vn -1.000000 0.000000 0.000000
vn -1.000000 0.000000 0.000000
vn 0.000000 0.707107 0.707107
vn 0.000000 0.707107 0.707107
vn 0.000000 0.707107 0.707107
vn 0.000000 0.707107 0.707107
vn 0.000000 0.707107 -0.707107
vn 0.000000 0.707107 -0.707107
vn 0.000000 0.707107 -0.707107
vn 0.000000 0.707107 -0.707107
vn 0.000000 -0.707107 0.707107
vn 0.000000 -0.707107 0.707107
vn 0.000000 -0.707107 0.707107
vn 0.000000 -0.707107 0.707107
vn 0.000000 -0.707107 -0.707107
vn 0.000000 -0.707107 -0.707107
vn 0.000000 -0.707107 -0.707107
vn 0.000000 -0.707107 -0.707107
vn 0.707107 0.000000 0.707107
vn 0.707107 0.000000 0.707107
vn 0.707107 0.000000 0.707107
vn 0.707107 0.000000 0.707107
vn 0.707107 0.000000 -0.707107
vn 0.707107 0.000000 -0.707107
vn 0.707107 0.000000 -0.707107
vn 0.707107 0.000000 -0.707107
vn -0.707107 0.000000 0.707107
vn -0.707107 0.000000 0.707107
vn -0.707107 0.000000 0.707107
vn -0.707107 0.000000 0.707107
vn -0.707107 0.000000 -0.707107
vn -0.707107 0.000000 -0.707107
vn -0.707107 0.000000 -0.707107
vn -0.707107 0.000000 -0.707107
vn 0.707107 0.707107 0.000000
vn 0.707107 0.707107 0.000000
vn 0.707107 0.707107 0.000000
vn 0.707107 0.707107 0.000000
vn 0.707107 -0.707107 0.000000
vn 0.707107 -0.707107 0.000000
vn 0.707107 -0.707107 0.000000
vn 0.707107 -0.707107 0.000000
vn -0.707107 0.707107 0.000000
vn -0.707107 0.707107 0.000000
vn -0.707107 0.707107 0.000000
vn -0.707107 0.707107 0.000000
vn -0.707107 -0.707107 0.000000
vn -0.707107 -0.707107 0.000000
vn -0.707107 -0.707107 0.000000
vn -0.707107 -0.707107 0.000000
vn -0.577350 -0.577350 -0.577350
vn -0.577350 -0.577350 -0.577350
vn -0.577350 -0.577350 -0.577350
vn -0.577350 -0.577350 0.577350
vn -0.577350 -0.577350 0.577350
vn -0.577350 -0.577350 0.577350
vn -0.577350 0.577350 -0.577350
vn -0.577350 0.577350 -0.577350
vn -0.577350 0.577350 -0.577350
vn -0.577350 0.577350 0.577350
vn -0.577350 0.577350 0.577350
vn -0.577350 0.577350 0.577350
vn 0.577350 -0.577350 -0.577350
vn 0.577350 -0.577350 -0.577350
vn 0.577350 -0.577350 -0.577350
vn 0.577350 -0.577350 0.577350
vn 0.577350 -0.577350 0.577350
vn 0.577350 -0.577350 0.577350
vn 0.577350 0.577350 -0.577350
vn 0.577350 0.577350 -0.577350
vn 0.577350 0.577350 -0.577350
vn 0.577350 0.577350 0.577350
vn 0.577350 0.577350 0.577350
vn 0.577350 0.577350 0.577350
vn 0.000000 0.000000 1.000000
vn 0.000000 0.000000 1.000000
vn 0.000000 0.000000 1.000000
vn 0.000000 0.000000 1.000000
vn 0.000000 0.000000 -1.000000
vn 0.000000 0.000000 -1.000000
vn 0.000000 0.000000 -1.000000
vn 0.000000 0.000000 -1.000000
vn 0.000000 1.000000 0.000000
vn 0.000000 1.000000 0.000000
vn 0.000000 1.000000 0.000000
vn 0.000000 1.000000 0.000000
vn 0.000000 -1.000000 0.000000
vn 0.000000 -1.000000 0.000000
vn 0.000000 -1.000000 0.000000
vn 0.000000 -1.000000 0.000000
vn 1.000000 0.000000 0.000000
vn 1.000000 0.000000 0.000000
vn 1.000000 0.000000 0.000000
vn 1.000000 0.000000 0.000000
vn -1.000000 0.000000 0.000000
vn -1.000000 0.000000 0.000000
vn -1.000000 0.000000 0.000000
vn -1.000000 0.000000 0.000000
vn 0.000000 0.707107 0.707107
vn 0.000000 0.707107 0.707107
vn 0.000000 0.707107 0.707107
vn 0.000000 0.707107 0.707107
vn 0.000000 0.707107 -0.707107
vn 0.000000 0.707107 -0.707107
vn 0.000000 0.707107 -0.707107
vn 0.000000 0.707107 -0.707107
vn 0.000000 -0.707107 0.707107
vn 0.000000 -0.707107 0.707107
vn 0.000000 -0.707107 0.707107
vn 0.000000 -0.707107 0.707107
vn 0.000000 -0.707107 -0.707107
vn 0.000000 -0.707107 -0.707107
vn 0.000000 -0.707107 -0.707107
vn 0.000000 -0.707107 -0.707107
vn 0.707107 0.000000 0.707107
vn 0.707107 0.000000 0.707107
vn 0.707107 0.000000 0.707107
vn 0.707107 0.000000 0.707107
vn 0.707107 0.000000 -0.707107
vn 0.707107 0.000000 -0.707107
vn 0.707107 0.000000 -0.707107
vn 0.707107 0.000000 -0.707107
vn -0.707107 0.000000 0.707107
vn -0.707107 0.000000 0.707107
vn -0.707107 0.000000 0.707107
vn -0.707107 0.000000 0.707107
vn -0.707107 0.000000 -0.707107
vn -0.707107 0.000000 -0.707107
vn -0.707107 0.000000 -0.707107
vn -0.707107 0.000000 -0.707107
vn 0.707107 0.707107 0.000000
vn 0.707107 0.707107 0.000000
vn 0.707107 0.707107 0.000000
vn 0.707107 0.707107 0.000000
vn 0.707107 -0.707107 0.000000
vn 0.707107 -0.707107 0.000000
vn 0.707107 -0.707107 0.000000
vn 0.707107 -0.707107 0.000000
vn -0.707107 0.707107 0.000000
vn -0.707107 0.707107 0.000000
vn -0.707107 0.707107 0.000000
vn -0.707107 0.707107 0.000000
vn -0.707107 -0.707107 0.000000
vn -0.707107 -0.707107 0.000000
vn -0.707107 -0.707107 0.000000
vn -0.707107 -0.707107 0.000000
vn -0.577350 -0.577350 -0.577350
vn -0.577350 -0.577350 -0.577350
vn -0.577350 -0.577350 -0.577350
vn -0.577350 -0.577350 0.577350
vn -0.577350 -0.577350 0.577350
vn -0.577350 -0.577350 0.577350
vn -0.577350 0.577350 -0.577350
vn -0.577350 0.577350 -0.577350
vn -0.577350 0.577350 -0.577350
vn -0.577350 0.577350 0.577350
vn -0.577350 0.577350 0.577350
vn -0.577350 0.577350 0.577350
vn 0.577350 -0.577350 -0.577350
vn 0.577350 -0.577350 -0.577350
vn 0.577350 -0.577350 -0.577350
vn 0.577350 -0.577350 0.577350
vn 0.577350 -0.577350 0.577350
vn 0.577350 -0.577350 0.577350
vn 0.577350 0.577350 -0.577350
vn 0.577350 0.577350 -0.577350
vn 0.577350 0.577350 -0.577350
vn 0.577350 0.577350 0.577350
vn 0.577350 0.577350 0.577350
vn 0.577350 0.577350 0.577350
vn 0.000000 0.000000 -1.000000
vn -0.866025 0.000000 -0.500000
vn -0.866025 0.000000 0.500000
vn -0.000000 0.000000 1.000000
vn 0.866025 -0.000000 0.500000
vn 0.866025 0.000000 -0.500000
vn 0.000000 0.000000 -1.000000
vn -0.866025 0.000000 -0.500000
vn -0.866025 0.000000 0.500000
vn -0.000000 0.000000 1.000000
vn 0.866025 -0.000000 0.500000
vn 0.866025 0.000000 -0.500000
vn 0.000000 0.000000 -1.000000
vn -0.866025 0.000000 -0.500000
vn -0.866025 0.000000 0.500000
vn -0.000000 0.000000 1.000000
vn 0.866025 -0.000000 0.500000
vn 0.866025 0.000000 -0.500000
vn 0.000000 0.000000 -1.000000
vn -0.866025 0.000000 -0.500000
vn -0.866025 0.000000 0.500000
vn -0.000000 0.000000 1.000000
vn 0.866025 -0.000000 0.500000
vn 0.866025 0.000000 -0.500000
vn -0.000000 -1.000000 -0.000000
vn 0.000000 1.000000 0.000000
vn 0.000000 0.000000 -1.000000
vn -0.587785 0.000000 -0.809017
vn -0.951057 0.000000 -0.309017
vn -0.951057 0.000000 0.309017
vn -0.587785 0.000000 0.809017
vn -0.000000 0.000000 1.000000
vn 0.587785 -0.000000 0.809017
vn 0.951057 -0.000000 0.309017
vn 0.951057 0.000000 -0.309017
vn 0.587785 0.000000 -0.809017
vn 0.000000 0.000000 -1.000000
vn -0.587785 0.000000 -0.809017
vn -0.951057 0.000000 -0.309017
vn -0.951057 0.000000 0.309017
vn -0.587785 0.000000 0.809017
vn -0.000000 0.000000 1.000000
vn 0.587785 -0.000000 0.809017
vn 0.951057 -0.000000 0.309017
vn 0.951057 0.000000 -0.309017
vn 0.587785 0.000000 -0.809017
vn 0.000000 0.000000 -1.000000
vn -0.587785 0.000000 -0.809017
vn -0.951057 0.000000 -0.309017
vn -0.951057 0.000000 0.309017
vn -0.587785 0.000000 0.809017
vn -0.000000 0.000000 1.000000
vn 0.587785 -0.000000 0.809017
vn 0.951057 -0.000000 0.309017
vn 0.951057 0.000000 -0.309017
vn 0.587785 0.000000 -0.809017
vn 0.000000 0.000000 -1.000000
vn -0.587785 0.000000 -0.809017
vn -0.951057 0.000000 -0.309017
vn -0.951057 0.000000 0.309017
vn -0.587785 0.000000 0.809017
vn -0.000000 0.000000 1.000000
vn 0.587785 -0.000000 0.809017
vn 0.951057 -0.000000 0.309017
vn 0.951057 0.000000 -0.309017
vn 0.587785 0.000000 -0.809017
vn -0.000000 -1.000000 -0.000000
vn 0.000000 1.000000 0.000000
vn 0.000000 0.000000 -1.000000
vn -0.587785 0.000000 -0.809017
vn -0.951057 0.000000 -0.309017
vn -0.951057 0.000000 0.309017
vn -0.587785 0.000000 0.809017
vn -0.000000 0.000000 1.000000
vn 0.587785 -0.000000 0.809017
vn 0.951057 -0.000000 0.309017
vn 0.951057 0.000000 -0.309017
vn 0.587785 0.000000 -0.809017
vn 0.000000 0.000000 -1.000000
vn -0.587785 0.000000 -0.809017
vn -0.951057 0.000000 -0.309017
vn -0.951057 0.000000 0.309017
vn -0.587785 0.000000 0.809017
vn -0.000000 0.000000 1.000000
vn 0.587785 -0.000000 0.809017
vn 0.951057 -0.000000 0.309017
vn 0.951057 0.000000 -0.309017
vn 0.587785 0.000000 -0.809017
vn 0.000000 0.000000 -1.000000
vn -0.587785 0.000000 -0.809017
vn -0.951057 0.000000 -0.309017
vn -0.951057 0.000000 0.309017
vn -0.587785 0.000000 0.809017
vn -0.000000 0.000000 1.000000
vn 0.587785 -0.000000 0.809017
vn 0.951057 -0.000000 0.309017
vn 0.951057 0.000000 -0.309017
vn 0.587785 0.000000 -0.809017
vn 0.000000 0.000000 -1.000000
vn -0.587785 0.000000 -0.809017
vn -0.951057 0.000000 -0.309017
vn -0.951057 0.000000 0.309017
vn -0.587785 0.000000 0.809017
vn -0.000000 0.000000 1.000000
vn 0.587785 -0.000000 0.809017
vn 0.951057 -0.000000 0.309017
vn 0.951057 0.000000 -0.309017
vn 0.587785 0.000000 -0.809017
vn -0.000000 -1.000000 -0.000000
vn 0.000000 1.000000 0.000000
vn 0.000000 0.000000 -1.000000
vn -0.587785 0.000000 -0.809017
vn -0.951057 0.000000 -0.309017
vn -0.951057 0.000000 0.309017
vn -0.587785 0.000000 0.809017
vn -0.000000 0.000000 1.000000
vn 0.587785 -0.000000 0.809017
vn 0.951057 -0.000000 0.309017
vn 0.951057 0.000000 -0.309017
vn 0.587785 0.000000 -0.809017
vn 0.000000 0.000000 -1.000000
vn -0.587785 0.000000 -0.809017
vn -0.951057 0.000000 -0.309017
vn -0.951057 0.000000 0.309017
vn -0.587785 0.000000 0.809017
vn -0.000000 0.000000 1.000000
vn 0.587785 -0.000000 0.809017
vn 0.951057 -0.000000 0.309017
vn 0.951057 0.000000 -0.309017
vn 0.587785 0.000000 -0.809017
vn 0.000000 0.000000 -1.000000
vn -0.587785 0.000000 -0.809017
vn -0.951057 0.000000 -0.309017
vn -0.951057 0.000000 0.309017
vn -0.587785 0.000000 0.809017
vn -0.000000 0.000000 1.000000
vn 0.587785 -0.000000 0.809017
vn 0.951057 -0.000000 0.309017
vn 0.951057 0.000000 -0.309017
vn 0.587785 0.000000 -0.809017
vn 0.000000 0.000000 -1.000000
vn -0.587785 0.000000 -0.809017
vn -0.951057 0.000000 -0.309017
vn -0.951057 0.000000 0.309017
vn -0.587785 0.000000 0.809017
vn -0.000000 0.000000 1.000000
vn 0.587785 -0.000000 0.809017
vn 0.951057 -0.000000 0.309017
vn 0.951057 0.000000 -0.309017
vn 0.587785 0.000000 -0.809017
vn -0.000000 -1.000000 -0.000000
vn 0.000000 1.000000 0.000000
vn 0.000000 0.000000 -1.000000
vn -0.866025 0.000000 -0.500000
vn -0.866025 0.000000 0.500000
vn -0.000000 0.000000 1.000000
vn 0.866025 -0.000000 0.500000
vn 0.866025 0.000000 -0.500000
vn 0.000000 0.000000 -1.000000
vn -0.866025 0.000000 -0.500000
vn -0.866025 0.000000 0.500000
vn -0.000000 0.000000 1.000000
vn 0.866025 -0.000000 0.500000
vn 0.866025 0.000000 -0.500000
vn 0.000000 0.000000 -1.000000
vn -0.866025 0.000000 -0.500000
vn -0.866025 0.000000 0.500000
vn -0.000000 0.000000 1.000000
vn 0.866025 -0.000000 0.500000
vn 0.866025 0.000000 -0.500000
vn 0.000000 0.000000 -1.000000
vn -0.866025 0.000000 -0.500000
vn -0.866025 0.000000 0.500000
vn -0.000000 0.000000 1.000000
vn 0.866025 -0.000000 0.500000
vn 0.866025 0.000000 -0.500000
vn -0.000000 -1.000000 -0.000000
vn 0.000000 1.000000 0.000000
vn 0.000000 0.000000 -1.000000
vn -0.866025 0.000000 -0.500000
vn -0.866025 0.000000 0.500000
vn -0.000000 0.000000 1.000000
vn 0.866025 -0.000000 0.500000
vn 0.866025 0.000000 -0.500000
vn 0.000000 0.000000 -1.000000
vn -0.866025 0.000000 -0.500000
vn -0.866025 0.000000 0.500000
vn -0.000000 0.000000 1.000000
vn 0.866025 -0.000000 0.500000
vn 0.866025 0.000000 -0.500000
vn 0.000000 0.000000 -1.000000
vn -0.866025 0.000000 -0.500000
vn -0.866025 0.000000 0.500000
vn -0.000000 0.000000 1.000000
vn 0.866025 -0.000000 0.500000
vn 0.866025 0.000000 -0.500000
vn 0.000000 0.000000 -1.000000
vn -0.866025 0.000000 -0.500000
vn -0.866025 0.000000 0.500000
vn -0.000000 0.000000 1.000000
vn 0.866025 -0.000000 0.500000
vn 0.866025 0.000000 -0.500000
vn -0.000000 -1.000000 -0.000000
vn 0.000000 1.000000 0.000000
vn 0.000000 0.000000 -1.000000
vn -0.587785 0.000000 -0.809017
vn -0.951057 0.000000 -0.309017
vn -0.951057 0.000000 0.309017
vn -0.587785 0.000000 0.809017
vn -0.000000 0.000000 1.000000
vn 0.587785 -0.000000 0.809017
vn 0.951057 -0.000000 0.309017
vn 0.951057 0.000000 -0.309017
vn 0.587785 0.000000 -0.809017
vn 0.000000 0.000000 -1.000000
vn -0.587785 0.000000 -0.809017
vn -0.951057 0.000000 -0.309017
vn -0.951057 0.000000 0.309017
vn -0.587785 0.000000 0.809017
vn -0.000000 0.000000 1.000000
vn 0.587785 -0.000000 0.809017
vn 0.951057 -0.000000 0.309017
vn 0.951057 0.000000 -0.309017
vn 0.587785 0.000000 -0.809017
vn 0.000000 0.000000 -1.000000
vn -0.587785 0.000000 -0.809017
vn -0.951057 0.000000 -0.309017
vn -0.951057 0.000000 0.309017
vn -0.587785 0.000000 0.809017
vn -0.000000 0.000000 1.000000
vn 0.587785 -0.000000 0.809017
vn 0.951057 -0.000000 0.309017
vn 0.951057 0.000000 -0.309017
vn 0.587785 0.000000 -0.809017
vn 0.000000 0.000000 -1.000000
vn -0.587785 0.000000 -0.809017
vn -0.951057 0.000000 -0.309017
vn -0.951057 0.000000 0.309017
vn -0.587785 0.000000 0.809017
vn -0.000000 0.000000 1.000000
vn 0.587785 -0.000000 0.809017
vn 0.951057 -0.000000 0.309017
vn 0.951057 0.000000 -0.309017
vn 0.587785 0.000000 -0.809017
vn -0.000000 -1.000000 -0.000000
vn 0.000000 1.000000 0.000000
vn 0.000000 0.000000 -1.000000
vn -0.587785 0.000000 -0.809017
vn -0.951057 0.000000 -0.309017
vn -0.951057 0.000000 0.309017
vn -0.587785 0.000000 0.809017
vn -0.000000 0.000000 1.000000
vn 0.587785 -0.000000 0.809017
vn 0.951057 -0.000000 0.309017
vn 0.951057 0.000000 -0.309017
vn 0.587785 0.000000 -0.809017
vn 0.000000 0.000000 -1.000000
vn -0.587785 0.000000 -0.809017
vn -0.951057 0.000000 -0.309017
vn -0.951057 0.000000 0.309017
vn -0.587785 0.000000 0.809017
vn -0.000000 0.000000 1.000000
vn 0.587785 -0.000000 0.809017
vn 0.951057 -0.000000 0.309017
vn 0.951057 0.000000 -0.309017
vn 0.587785 0.000000 -0.809017
vn 0.000000 0.000000 -1.000000
vn -0.587785 0.000000 -0.809017
vn -0.951057 0.000000 -0.309017
vn -0.951057 0.000000 0.309017
vn -0.587785 0.000000 0.809017
vn -0.000000 0.000000 1.000000
vn 0.587785 -0.000000 0.809017
vn 0.951057 -0.000000 0.309017
vn 0.951057 0.000000 -0.309017
vn 0.587785 0.000000 -0.809017
vn 0.000000 0.000000 -1.000000
vn -0.587785 0.000000 -0.809017
vn -0.951057 0.000000 -0.309017
vn -0.951057 0.000000 0.309017
vn -0.587785 0.000000 0.809017
vn -0.000000 0.000000 1.000000
vn 0.587785 -0.000000 0.809017
vn 0.951057 -0.000000 0.309017
vn 0.951057 0.000000 -0.309017
vn 0.587785 0.000000 -0.809017
vn -0.000000 -1.000000 -0.000000
vn 0.000000 1.000000 0.000000
vn 0.000000 0.000000 -1.000000
vn -0.587785 0.000000 -0.809017
vn -0.951057 0.000000 -0.309017
vn -0.951057 0.000000 0.309017
vn -0.587785 0.000000 0.809017
vn -0.000000 0.000000 1.000000
vn 0.587785 -0.000000 0.809017
vn 0.951057 -0.000000 0.309017
vn 0.951057 0.000000 -0.309017
vn 0.587785 0.000000 -0.809017
vn 0.000000 0.000000 -1.000000
vn -0.587785 0.000000 -0.809017
vn -0.951057 0.000000 -0.309017
vn -0.951057 0.000000 0.309017
vn -0.587785 0.000000 0.809017
vn -0.000000 0.000000 1.000000
vn 0.587785 -0.000000 0.809017
vn 0.951057 -0.000000 0.309017
vn 0.951057 0.000000 -0.309017
vn 0.587785 0.000000 -0.809017
vn 0.000000 0.000000 -1.000000
vn -0.587785 0.000000 -0.809017
vn -0.951057 0.000000 -0.309017
vn -0.951057 0.000000 0.309017
vn -0.587785 0.000000 0.809017
vn -0.000000 0.000000 1.000000
vn 0.587785 -0.000000 0.809017
vn 0.951057 -0.000000 0.309017
vn 0.951057 0.000000 -0.309017
vn 0.587785 0.000000 -0.809017
vn 0.000000 0.000000 -1.000000
vn -0.587785 0.000000 -0.809017
vn -0.951057 0.000000 -0.309017
vn -0.951057 0.000000 0.309017
vn -0.587785 0.000000 0.809017
vn -0.000000 0.000000 1.000000
vn 0.587785 -0.000000 0.809017
vn 0.951057 -0.000000 0.309017
vn 0.951057 0.000000 -0.309017
vn 0.587785 0.000000 -0.809017
vn -0.000000 -1.000000 -0.000000
vn 0.000000 1.000000 0.000000
vn 0.000000 0.000000 -1.000000
vn -0.866025 0.000000 -0.500000
vn -0.866025 0.000000 0.500000
vn -0.000000 0.000000 1.000000
vn 0.866025 -0.000000 0.500000
vn 0.866025 0.000000 -0.500000
vn 0.000000 0.000000 -1.000000
vn -0.866025 0.000000 -0.500000
vn -0.866025 0.000000 0.500000
vn -0.000000 0.000000 1.000000
vn 0.866025 -0.000000 0.500000
vn 0.866025 0.000000 -0.500000
vn 0.000000 0.000000 -1.000000
vn -0.866025 0.000000 -0.500000
vn -0.866025 0.000000 0.500000
vn -0.000000 0.000000 1.000000
vn 0.866025 -0.000000 0.500000
vn 0.866025 0.000000 -0.500000
vn 0.000000 0.000000 -1.000000
vn -0.866025 0.000000 -0.500000
vn -0.866025 0.000000 0.500000
vn -0.000000 0.000000 1.000000
vn 0.866025 -0.000000 0.500000
vn 0.866025 0.000000 -0.500000
vn -0.000000 -1.000000 -0.000000
vn 0.000000 1.000000 0.000000
vn 0.000000 0.000000 -1.000000
vn -0.866025 0.000000 -0.500000
vn -0.866025 0.000000 0.500000
vn -0.000000 0.000000 1.000000
vn 0.866025 -0.000000 0.500000
vn 0.866025 0.000000 -0.500000
vn 0.000000 0.000000 -1.000000
vn -0.866025 0.000000 -0.500000
vn -0.866025 0.000000 0.500000
vn -0.000000 0.000000 1.000000
vn 0.866025 -0.000000 0.500000
vn 0.866025 0.000000 -0.500000
vn 0.000000 0.000000 -1.000000
vn -0.866025 0.000000 -0.500000
vn -0.866025 0.000000 0.500000
vn -0.000000 0.000000 1.000000
vn 0.866025 -0.000000 0.500000
vn 0.866025 0.000000 -0.500000
vn 0.000000 0.000000 -1.000000
vn -0.866025 0.000000 -0.500000
vn -0.866025 0.000000 0.500000
vn -0.000000 0.000000 1.000000
vn 0.866025 -0.000000 0.500000
vn 0.866025 0.000000 -0.500000
vn -0.000000 -1.000000 -0.000000
vn 0.000000 1.000000 0.000000
vn 0.000000 0.000000 -1.000000
vn -0.587785 0.000000 -0.809017
vn -0.951057 0.000000 -0.309017
vn -0.951057 0.000000 0.309017
vn -0.587785 0.000000 0.809017
vn -0.000000 0.000000 1.000000
vn 0.587785 -0.000000 0.809017
vn 0.951057 -0.000000 0.309017
vn 0.951057 0.000000 -0.309017
vn 0.587785 0.000000 -0.809017
vn 0.000000 0.000000 -1.000000
vn -0.587785 0.000000 -0.809017
vn -0.951057 0.000000 -0.309017
vn -0.951057 0.000000 0.309017
vn -0.587785 0.000000 0.809017
vn -0.000000 0.000000 1.000000
vn 0.587785 -0.000000 0.809017
vn 0.951057 -0.000000 0.309017
vn 0.951057 0.000000 -0.309017
vn 0.587785 0.000000 -0.809017
vn 0.000000 0.000000 -1.000000
vn -0.587785 0.000000 -0.809017
vn -0.951057 0.000000 -0.309017
vn -0.951057 0.000000 0.309017
vn -0.587785 0.000000 0.809017
vn -0.000000 0.000000 1.000000
vn 0.587785 -0.000000 0.809017
vn 0.951057 -0.000000 0.309017
vn 0.951057 0.000000 -0.309017
vn 0.587785 0.000000 -0.809017
vn 0.000000 0.000000 -1.000000
vn -0.587785 0.000000 -0.809017
vn -0.951057 0.000000 -0.309017
vn -0.951057 0.000000 0.309017
vn -0.587785 0.000000 0.809017
vn -0.000000 0.000000 1.000000
vn 0.587785 -0.000000 0.809017
vn 0.951057 -0.000000 0.309017
vn 0.951057 0.000000 -0.309017
vn 0.587785 0.000000 -0.809017
vn -0.000000 -1.000000 -0.000000
vn 0.000000 1.000000 0.000000
vn 0.000000 0.000000 -1.000000
vn -0.587785 0.000000 -0.809017
vn -0.951057 0.000000 -0.309017
vn -0.951057 0.000000 0.309017
vn -0.587785 0.000000 0.809017
vn -0.000000 0.000000 1.000000
vn 0.587785 -0.000000 0.809017
vn 0.951057 -0.000000 0.309017
vn 0.951057 0.000000 -0.309017
vn 0.587785 0.000000 -0.809017
vn 0.000000 0.000000 -1.000000
vn -0.587785 0.000000 -0.809017
vn -0.951057 0.000000 -0.309017
vn -0.951057 0.000000 0.309017
vn -0.587785 0.000000 0.809017
vn -0.000000 0.000000 1.000000
vn 0.587785 -0.000000 0.809017
vn 0.951057 -0.000000 0.309017
vn 0.951057 0.000000 -0.309017
vn 0.587785 0.000000 -0.809017
vn 0.000000 0.000000 -1.000000
vn -0.587785 0.000000 -0.809017
vn -0.951057 0.000000 -0.309017
vn -0.951057 0.000000 0.309017
vn -0.587785 0.000000 0.809017
vn -0.000000 0.000000 1.000000
vn 0.587785 -0.000000 0.809017
vn 0.951057 -0.000000 0.309017
vn 0.951057 0.000000 -0.309017
vn 0.587785 0.000000 -0.809017
vn 0.000000 0.000000 -1.000000
vn -0.587785 0.000000 -0.809017
vn -0.951057 0.000000 -0.309017
vn -0.951057 0.000000 0.309017
vn -0.587785 0.000000 0.809017
vn -0.000000 0.000000 1.000000
vn 0.587785 -0.000000 0.809017
vn 0.951057 -0.000000 0.309017
vn 0.951057 0.000000 -0.309017
vn 0.587785 0.000000 -0.809017
vn -0.000000 -1.000000 -0.000000
vn 0.000000 1.000000 0.000000
vn 0.000000 0.000000 -1.000000
vn -0.587785 0.000000 -0.809017
vn -0.951057 0.000000 -0.309017
vn -0.951057 0.000000 0.309017
vn -0.587785 0.000000 0.809017
vn -0.000000 0.000000 1.000000
vn 0.587785 -0.000000 0.809017
vn 0.951057 -0.000000 0.309017
vn 0.951057 0.000000 -0.309017
vn 0.587785 0.000000 -0.809017
vn 0.000000 0.000000 -1.000000
vn -0.587785 0.000000 -0.809017
vn -0.951057 0.000000 -0.309017
vn -0.951057 0.000000 0.309017
vn -0.587785 0.000000 0.809017
vn -0.000000 0.000000 1.000000
vn 0.587785 -0.000000 0.809017
vn 0.951057 -0.000000 0.309017
vn 0.951057 0.000000 -0.309017
vn 0.587785 0.000000 -0.809017
vn 0.000000 0.000000 -1.000000
vn -0.587785 0.000000 -0.809017
vn -0.951057 0.000000 -0.309017
vn -0.951057 0.000000 0.309017
vn -0.587785 0.000000 0.809017
vn -0.000000 0.000000 1.000000
vn 0.587785 -0.000000 0.809017
vn 0.951057 -0.000000 0.309017
vn 0.951057 0.000000 -0.309017
vn 0.587785 0.000000 -0.809017
vn 0.000000 0.000000 -1.000000
vn -0.587785 0.000000 -0.809017
vn -0.951057 0.000000 -0.309017
vn -0.951057 0.000000 0.309017
vn -0.587785 0.000000 0.809017
vn -0.000000 0.000000 1.000000
vn 0.587785 -0.000000 0.809017
vn 0.951057 -0.000000 0.309017
vn 0.951057 0.000000 -0.309017
vn 0.587785 0.000000 -0.809017
vn -0.000000 -1.000000 -0.000000
vn 0.000000 1.000000 0.000000
vn 0.000000 0.000000 -1.000000
vn -0.866025 0.000000 -0.500000
vn -0.866025 0.000000 0.500000
vn -0.000000 0.000000 1.000000
vn 0.866025 -0.000000 0.500000
vn 0.866025 0.000000 -0.500000
vn 0.000000 0.000000 -1.000000
vn -0.866025 0.000000 -0.500000
vn -0.866025 0.000000 0.500000
vn -0.000000 0.000000 1.000000
vn 0.866025 -0.000000 0.500000
vn 0.866025 0.000000 -0.500000
vn 0.000000 0.000000 -1.000000
vn -0.866025 0.000000 -0.500000
vn -0.866025 0.000000 0.500000
vn -0.000000 0.000000 1.000000
vn 0.866025 -0.000000 0.500000
vn 0.866025 0.000000 -0.500000
vn 0.000000 0.000000 -1.000000
vn -0.866025 0.000000 -0.500000
vn -0.866025 0.000000 0.500000
vn -0.000000 0.000000 1.000000
vn 0.866025 -0.000000 0.500000
vn 0.866025 0.000000 -0.500000
vn -0.000000 -1.000000 -0.000000
vn 0.000000 1.000000 0.000000
vn 0.000000 0.000000 -1.000000
vn -0.866025 0.000000 -0.500000
vn -0.866025 0.000000 0.500000
vn -0.000000 0.000000 1.000000
vn 0.866025 -0.000000 0.500000
vn 0.866025 0.000000 -0.500000
vn 0.000000 0.000000 -1.000000
vn -0.866025 0.000000 -0.500000
vn -0.866025 0.000000 0.500000
vn -0.000000 0.000000 1.000000
vn 0.866025 -0.000000 0.500000
vn 0.866025 0.000000 -0.500000
vn 0.000000 0.000000 -1.000000
vn -0.866025 0.000000 -0.500000
vn -0.866025 0.000000 0.500000
vn -0.000000 0.000000 1.000000
vn 0.866025 -0.000000 0.500000
vn 0.866025 0.000000 -0.500000
vn 0.000000 0.000000 -1.000000
vn -0.866025 0.000000 -0.500000
vn -0.866025 0.000000 0.500000
vn -0.000000 0.000000 1.000000
vn 0.866025 -0.000000 0.500000
vn 0.866025 0.000000 -0.500000
vn -0.000000 -1.000000 -0.000000
vn 0.000000 1.000000 0.000000
vn 0.000000 0.000000 -1.000000
vn -0.587785 0.000000 -0.809017
vn -0.951057 0.000000 -0.309017
vn -0.951057 0.000000 0.309017
vn -0.587785 0.000000 0.809017
vn -0.000000 0.000000 1.000000
vn 0.587785 -0.000000 0.809017
vn 0.951057 -0.000000 0.309017
vn 0.951057 0.000000 -0.309017
vn 0.587785 0.000000 -0.809017
vn 0.000000 0.000000 -1.000000
vn -0.587785 0.000000 -0.809017
vn -0.951057 0.000000 -0.309017
vn -0.951057 0.000000 0.309017
vn -0.587785 0.000000 0.809017
vn -0.000000 0.000000 1.000000
vn 0.587785 -0.000000 0.809017
vn 0.951057 -0.000000 0.309017
vn 0.951057 0.000000 -0.309017
vn 0.587785 0.000000 -0.809017
vn 0.000000 0.000000 -1.000000
vn -0.587785 0.000000 -0.809017
vn -0.951057 0.000000 -0.309017
vn -0.951057 0.000000 0.309017
vn -0.587785 0.000000 0.809017
vn -0.000000 0.000000 1.000000
vn 0.587785 -0.000000 0.809017
vn 0.951057 -0.000000 0.309017
vn 0.951057 0.000000 -0.309017
vn 0.587785 0.000000 -0.809017
vn 0.000000 0.000000 -1.000000
vn -0.587785 0.000000 -0.809017
vn -0.951057 0.000000 -0.309017
vn -0.951057 0.000000 0.309017
vn -0.587785 0.000000 0.809017
vn -0.000000 0.000000 1.000000
vn 0.587785 -0.000000 0.809017
vn 0.951057 -0.000000 0.309017
vn 0.951057 0.000000 -0.309017
vn 0.587785 0.000000 -0.809017
vn -0.000000 -1.000000 -0.000000
vn 0.000000 1.000000 0.000000
vn 0.000000 0.000000 -1.000000
vn -0.587785 0.000000 -0.809017
vn -0.951057 0.000000 -0.309017
vn -0.951057 0.000000 0.309017
vn -0.587785 0.000000 0.809017
vn -0.000000 0.000000 1.000000
vn 0.587785 -0.000000 0.809017
vn 0.951057 -0.000000 0.309017
vn 0.951057 0.000000 -0.309017
vn 0.587785 0.000000 -0.809017
vn 0.000000 0.000000 -1.000000
vn -0.587785 0.000000 -0.809017
vn -0.951057 0.000000 -0.309017
vn -0.951057 0.000000 0.309017
vn -0.587785 0.000000 0.809017
vn -0.000000 0.000000 1.000000
vn 0.587785 -0.000000 0.809017
vn 0.951057 -0.000000 0.309017
vn 0.951057 0.000000 -0.309017
vn 0.587785 0.000000 -0.809017
vn 0.000000 0.000000 -1.000000
vn -0.587785 0.000000 -0.809017
vn -0.951057 0.000000 -0.309017
vn -0.951057 0.000000 0.309017
vn -0.587785 0.000000 0.809017
vn -0.000000 0.000000 1.000000
vn 0.587785 -0.000000 0.809017
vn 0.951057 -0.000000 0.309017
vn 0.951057 0.000000 -0.309017
vn 0.587785 0.000000 -0.809017
vn 0.000000 0.000000 -1.000000
vn -0.587785 0.000000 -0.809017
vn -0.951057 0.000000 -0.309017
vn -0.951057 0.000000 0.309017
vn -0.587785 0.000000 0.809017
vn -0.000000 0.000000 1.000000
vn 0.587785 -0.000000 0.809017
vn 0.951057 -0.000000 0.309017
vn 0.951057 0.000000 -0.309017
vn 0.587785 0.000000 -0.809017
vn -0.000000 -1.000000 -0.000000
vn 0.000000 1.000000 0.000000
vn 0.000000 0.000000 -1.000000
vn -0.587785 0.000000 -0.809017
vn -0.951057 0.000000 -0.309017
vn -0.951057 0.000000 0.309017
vn -0.587785 0.000000 0.809017
vn -0.000000 0.000000 1.000000
vn 0.587785 -0.000000 0.809017
vn 0.951057 -0.000000 0.309017
vn 0.951057 0.000000 -0.309017
vn 0.587785 0.000000 -0.809017
vn 0.000000 0.000000 -1.000000
vn -0.587785 0.000000 -0.809017
vn -0.951057 0.000000 -0.309017
vn -0.951057 0.000000 0.309017
vn -0.587785 0.000000 0.809017
vn -0.000000 0.000000 1.000000
vn 0.587785 -0.000000 0.809017
vn 0.951057 -0.000000 0.309017
vn 0.951057 0.000000 -0.309017
vn 0.587785 0.000000 -0.809017
vn 0.000000 0.000000 -1.000000
vn -0.587785 0.000000 -0.809017
vn -0.951057 0.000000 -0.309017
vn -0.951057 0.000000 0.309017
vn -0.587785 0.000000 0.809017
vn -0.000000 0.000000 1.000000
vn 0.587785 -0.000000 0.809017
vn 0.951057 -0.000000 0.309017
vn 0.951057 0.000000 -0.309017
vn 0.587785 0.000000 -0.809017
vn 0.000000 0.000000 -1.000000
vn -0.587785 0.000000 -0.809017
vn -0.951057 0.000000 -0.309017
vn -0.951057 0.000000 0.309017
vn -0.587785 0.000000 0.809017
vn -0.000000 0.000000 1.000000
vn 0.587785 -0.000000 0.809017
vn 0.951057 -0.000000 0.309017
vn 0.951057 0.000000 -0.309017
vn 0.587785 0.000000 -0.809017
vn -0.000000 -1.000000 -0.000000
vn 0.000000 1.000000 0.000000
vn 0.000000 0.000000 -1.000000
vn -0.866025 0.000000 -0.500000
vn -0.866025 0.000000 0.500000
vn -0.000000 0.000000 1.000000
vn 0.866025 -0.000000 0.500000
vn 0.866025 0.000000 -0.500000
vn 0.000000 0.000000 -1.000000
vn -0.866025 0.000000 -0.500000
vn -0.866025 0.000000 0.500000
vn -0.000000 0.000000 1.000000
vn 0.866025 -0.000000 0.500000
vn 0.866025 0.000000 -0.500000
vn 0.000000 0.000000 -1.000000
vn -0.866025 0.000000 -0.500000
vn -0.866025 0.000000 0.500000
vn -0.000000 0.000000 1.000000
vn 0.866025 -0.000000 0.500000
vn 0.866025 0.000000 -0.500000
vn 0.000000 0.000000 -1.000000
vn -0.866025 0.000000 -0.500000
vn -0.866025 0.000000 0.500000
vn -0.000000 0.000000 1.000000
vn 0.866025 -0.000000 0.500000
vn 0.866025 0.000000 -0.500000
vn -0.000000 -1.000000 -0.000000
vn 0.000000 1.000000 0.000000
vn 0.000000 0.000000 -1.000000
vn -0.866025 0.000000 -0.500000
vn -0.866025 0.000000 0.500000
vn -0.000000 0.000000 1.000000
vn 0.866025 -0.000000 0.500000
vn 0.866025 0.000000 -0.500000
vn 0.000000 0.000000 -1.000000
vn -0.866025 0.000000 -0.500000
vn -0.866025 0.000000 0.500000
vn -0.000000 0.000000 1.000000
vn 0.866025 -0.000000 0.500000
vn 0.866025 0.000000 -0.500000
vn 0.000000 0.000000 -1.000000
vn -0.866025 0.000000 -0.500000
vn -0.866025 0.000000 0.500000
vn -0.000000 0.000000 1.000000
vn 0.866025 -0.000000 0.500000
vn 0.866025 0.000000 -0.500000
vn 0.000000 0.000000 -1.000000
vn -0.866025 0.000000 -0.500000
vn -0.866025 0.000000 0.500000
vn -0.000000 0.000000 1.000000
vn 0.866025 -0.000000 0.500000
vn 0.866025 0.000000 -0.500000
vn -0.000000 -1.000000 -0.000000
vn 0.000000 1.000000 0.000000
vn 0.000000 0.000000 -1.000000
vn -0.587785 0.000000 -0.809017
vn -0.951057 0.000000 -0.309017
vn -0.951057 0.000000 0.309017
vn -0.587785 0.000000 0.809017
vn -0.000000 0.000000 1.000000
vn 0.587785 -0.000000 0.809017
vn 0.951057 -0.000000 0.309017
vn 0.951057 0.000000 -0.309017
vn 0.587785 0.000000 -0.809017
vn 0.000000 0.000000 -1.000000
vn -0.587785 0.000000 -0.809017
vn -0.951057 0.000000 -0.309017
vn -0.951057 0.000000 0.309017
vn -0.587785 0.000000 0.809017
vn -0.000000 0.000000 1.000000
vn 0.587785 -0.000000 0.809017
vn 0.951057 -0.000000 0.309017
vn 0.951057 0.000000 -0.309017
vn 0.587785 0.000000 -0.809017
vn 0.000000 0.000000 -1.000000
vn -0.587785 0.000000 -0.809017
vn -0.951057 0.000000 -0.309017
vn -0.951057 0.000000 0.309017
vn -0.587785 0.000000 0.809017
vn -0.000000 0.000000 1.000000
vn 0.587785 -0.000000 0.809017
vn 0.951057 -0.000000 0.309017
vn 0.951057 0.000000 -0.309017
vn 0.587785 0.000000 -0.809017
vn 0.000000 0.000000 -1.000000
vn -0.587785 0.000000 -0.809017
vn -0.951057 0.000000 -0.309017
vn -0.951057 0.000000 0.309017
vn -0.587785 0.000000 0.809017
vn -0.000000 0.000000 1.000000
vn 0.587785 -0.000000 0.809017
vn 0.951057 -0.000000 0.309017
vn 0.951057 0.000000 -0.309017
vn 0.587785 0.000000 -0.809017
vn -0.000000 -1.000000 -0.000000
vn 0.000000 1.000000 0.000000
vn 0.000000 0.000000 -1.000000
vn -0.587785 0.000000 -0.809017
vn -0.951057 0.000000 -0.309017
vn -0.951057 0.000000 0.309017
vn -0.587785 0.000000 0.809017
vn -0.000000 0.000000 1.000000
vn 0.587785 -0.000000 0.809017
vn 0.951057 -0.000000 0.309017
vn 0.951057 0.000000 -0.309017
vn 0.587785 0.000000 -0.809017
vn 0.000000 0.000000 -1.000000
vn -0.587785 0.000000 -0.809017
vn -0.951057 0.000000 -0.309017
vn -0.951057 0.000000 0.309017
vn -0.587785 0.000000 0.809017
vn -0.000000 0.000000 1.000000
vn 0.587785 -0.000000 0.809017
vn 0.951057 -0.000000 0.309017
vn 0.951057 0.000000 -0.309017
vn 0.587785 0.000000 -0.809017
vn 0.000000 0.000000 -1.000000
vn -0.587785 0.000000 -0.809017
vn -0.951057 0.000000 -0.309017
vn -0.951057 0.000000 0.309017
vn -0.587785 0.000000 0.809017
vn -0.000000 0.000000 1.000000
vn 0.587785 -0.000000 0.809017
vn 0.951057 -0.000000 0.309017
vn 0.951057 0.000000 -0.309017
vn 0.587785 0.000000 -0.809017
vn 0.000000 0.000000 -1.000000
vn -0.587785 0.000000 -0.809017
vn -0.951057 0.000000 -0.309017
vn -0.951057 0.000000 0.309017
vn -0.587785 0.000000 0.809017
vn -0.000000 0.000000 1.000000
vn 0.587785 -0.000000 0.809017
vn 0.951057 -0.000000 0.309017
vn 0.951057 0.000000 -0.309017
vn 0.587785 0.000000 -0.809017
vn -0.000000 -1.000000 -0.000000
vn 0.000000 1.000000 0.000000
vn 0.000000 0.000000 -1.000000
vn -0.587785 0.000000 -0.809017
vn -0.951057 0.000000 -0.309017
vn -0.951057 0.000000 0.309017
vn -0.587785 0.000000 0.809017
vn -0.000000 0.000000 1.000000
vn 0.587785 -0.000000 0.809017
vn 0.951057 -0.000000 0.309017
vn 0.951057 0.000000 -0.309017
vn 0.587785 0.000000 -0.809017
vn 0.000000 0.000000 -1.000000
vn -0.587785 0.000000 -0.809017
vn -0.951057 0.000000 -0.309017
vn -0.951057 0.000000 0.309017
vn -0.587785 0.000000 0.809017
vn -0.000000 0.000000 1.000000
vn 0.587785 -0.000000 0.809017
vn 0.951057 -0.000000 0.309017
vn 0.951057 0.000000 -0.309017
vn 0.587785 0.000000 -0.809017
vn 0.000000 0.000000 -1.000000
vn -0.587785 0.000000 -0.809017
vn -0.951057 0.000000 -0.309017
vn -0.951057 0.000000 0.309017
vn -0.587785 0.000000 0.809017
vn -0.000000 0.000000 1.000000
vn 0.587785 -0.000000 0.809017
vn 0.951057 -0.000000 0.309017
vn 0.951057 0.000000 -0.309017
vn 0.587785 0.000000 -0.809017
vn 0.000000 0.000000 -1.000000
vn -0.587785 0.000000 -0.809017
vn -0.951057 0.000000 -0.309017
vn -0.951057 0.000000 0.309017
vn -0.587785 0.000000 0.809017
vn -0.000000 0.000000 1.000000
vn 0.587785 -0.000000 0.809017
vn 0.951057 -0.000000 0.309017
vn 0.951057 0.000000 -0.309017
vn 0.587785 0.000000 -0.809017
vn -0.000000 -1.000000 -0.000000
vn 0.000000 1.000000 0.000000
vn 0.000000 0.000000 -1.000000
vn -0.866025 0.000000 -0.500000
vn -0.866025 0.000000 0.500000
vn -0.000000 0.000000 1.000000
vn 0.866025 -0.000000 0.500000
vn 0.866025 0.000000 -0.500000
vn 0.000000 0.000000 -1.000000
vn -0.866025 0.000000 -0.500000
vn -0.866025 0.000000 0.500000
vn -0.000000 0.000000 1.000000
vn 0.866025 -0.000000 0.500000
vn 0.866025 0.000000 -0.500000
vn 0.000000 0.000000 -1.000000
vn -0.866025 0.000000 -0.500000
vn -0.866025 0.000000 0.500000
vn -0.000000 0.000000 1.000000
vn 0.866025 -0.000000 0.500000
vn 0.866025 0.000000 -0.500000
vn 0.000000 0.000000 -1.000000
vn -0.866025 0.000000 -0.500000
vn -0.866025 0.000000 0.500000
vn -0.000000 0.000000 1.000000
vn 0.866025 -0.000000 0.500000
vn 0.866025 0.000000 -0.500000
vn -0.000000 -1.000000 -0.000000
vn 0.000000 1.000000 0.000000
vn 0.000000 0.000000 -1.000000
vn -0.587785 0.000000 -0.809017
vn -0.951057 0.000000 -0.309017
vn -0.951057 0.000000 0.309017
vn -0.587785 0.000000 0.809017
vn -0.000000 0.000000 1.000000
vn 0.587785 -0.000000 0.809017
vn 0.951057 -0.000000 0.309017
vn 0.951057 0.000000 -0.309017
vn 0.587785 0.000000 -0.809017
vn 0.000000 0.000000 -1.000000
vn -0.587785 0.000000 -0.809017
vn -0.951057 0.000000 -0.309017
vn -0.951057 0.000000 0.309017
vn -0.587785 0.000000 0.809017
vn -0.000000 0.000000 1.000000
vn 0.587785 -0.000000 0.809017
vn 0.951057 -0.000000 0.309017
vn 0.951057 0.000000 -0.309017
vn 0.587785 0.000000 -0.809017
vn 0.000000 0.000000 -1.000000
vn -0.587785 0.000000 -0.809017
vn -0.951057 0.000000 -0.309017
vn -0.951057 0.000000 0.309017
vn -0.587785 0.000000 0.809017
vn -0.000000 0.000000 1.000000
vn 0.587785 -0.000000 0.809017
vn 0.951057 -0.000000 0.309017
vn 0.951057 0.000000 -0.309017
vn 0.587785 0.000000 -0.809017
vn 0.000000 0.000000 -1.000000
vn -0.587785 0.000000 -0.809017
vn -0.951057 0.000000 -0.309017
vn -0.951057 0.000000 0.309017
vn -0.587785 0.000000 0.809017
vn -0.000000 0.000000 1.000000
vn 0.587785 -0.000000 0.809017
vn 0.951057 -0.000000 0.309017
vn 0.951057 0.000000 -0.309017
vn 0.587785 0.000000 -0.809017
vn -0.000000 -1.000000 -0.000000
vn 0.000000 1.000000 0.000000
vn 0.000000 0.000000 1.000000
vn 0.000000 0.000000 1.000000
vn 0.000000 0.000000 1.000000
vn 0.000000 0.000000 1.000000
vn 0.000000 0.000000 -1.000000
vn 0.000000 0.000000 -1.000000
vn 0.000000 0.000000 -1.000000
vn 0.000000 0.000000 -1.000000
vn 0.000000 1.000000 0.000000
vn 0.000000 1.000000 0.000000
vn 0.000000 1.000000 0.000000
vn 0.000000 1.000000 0.000000
vn 0.000000 -1.000000 0.000000
vn 0.000000 -1.000000 0.000000
vn 0.000000 -1.000000 0.000000
vn 0.000000 -1.000000 0.000000
vn 1.000000 0.000000 0.000000
vn 1.000000 0.000000 0.000000
vn 1.000000 0.000000 0.000000
vn 1.000000 0.000000 0.000000
vn -1.000000 0.000000 0.000000
vn -1.000000 0.000000 0.000000
vn -1.000000 0.000000 0.000000
vn -1.000000 0.000000 0.000000
vn 0.000000 0.707107 0.707107
vn 0.000000 0.707107 0.707107
vn 0.000000 0.707107 0.707107
vn 0.000000 0.707107 0.707107
vn 0.000000 0.707107 -0.707107
vn 0.000000 0.707107 -0.707107
vn 0.000000 0.707107 -0.707107
vn 0.000000 0.707107 -0.707107
vn 0.000000 -0.707107 0.707107
vn 0.000000 -0.707107 0.707107
vn 0.000000 -0.707107 0.707107
vn 0.000000 -0.707107 0.707107
vn 0.000000 -0.707107 -0.707107
vn 0.000000 -0.707107 -0.707107
vn 0.000000 -0.707107 -0.707107
vn 0.000000 -0.707107 -0.707107
vn 0.707107 0.000000 0.707107
vn 0.707107 0.000000 0.707107
vn 0.707107 0.000000 0.707107
vn 0.707107 0.000000 0.707107
vn 0.707107 0.000000 -0.707107
vn 0.707107 0.000000 -0.707107
vn 0.707107 0.000000 -0.707107
vn 0.707107 0.000000 -0.707107
vn -0.707107 0.000000 0.707107
vn -0.707107 0.000000 0.707107
vn -0.707107 0.000000 0.707107
vn -0.707107 0.000000 0.707107
vn -0.707107 0.000000 -0.707107
vn -0.707107 0.000000 -0.707107
vn -0.707107 0.000000 -0.707107
vn -0.707107 0.000000 -0.707107
vn 0.707107 0.707107 0.000000
vn 0.707107 0.707107 0.000000
vn 0.707107 0.707107 0.000000
vn 0.707107 0.707107 0.000000
vn 0.707107 -0.707107 0.000000
vn 0.707107 -0.707107 0.000000
vn 0.707107 -0.707107 0.000000
vn 0.707107 -0.707107 0.000000
vn -0.707107 0.707107 0.000000
vn -0.707107 0.707107 0.000000
vn -0.707107 0.707107 0.000000
vn -0.707107 0.707107 0.000000
vn -0.707107 -0.707107 0.000000
vn -0.707107 -0.707107 0.000000
vn -0.707107 -0.707107 0.000000
vn -0.707107 -0.707107 0.000000
vn -0.577350 -0.577350 -0.577350
vn -0.577350 -0.577350 -0.577350
vn -0.577350 -0.577350 -0.577350
vn -0.577350 -0.577350 0.577350
vn -0.577350 -0.577350 0.577350
vn -0.577350 -0.577350 0.577350
vn -0.577350 0.577350 -0.577350
vn -0.577350 0.577350 -0.577350
vn -0.577350 0.577350 -0.577350
vn -0.577350 0.577350 0.577350
vn -0.577350 0.577350 0.577350
vn -0.577350 0.577350 0.577350
vn 0.577350 -0.577350 -0.577350
vn 0.577350 -0.577350 -0.577350
vn 0.577350 -0.577350 -0.577350
vn 0.577350 -0.577350 0.577350
vn 0.577350 -0.577350 0.577350
vn 0.577350 -0.577350 0.577350
vn 0.577350 0.577350 -0.577350
vn 0.577350 0.577350 -0.577350
vn 0.577350 0.577350 -0.577350
vn 0.577350 0.577350 0.577350
vn 0.577350 0.577350 0.577350
vn 0.577350 0.577350 0.577350
vn 0.000000 0.000000 1.000000
vn 0.000000 0.000000 1.000000
vn 0.000000 0.000000 1.000000
vn 0.000000 0.000000 1.000000
vn 0.000000 0.000000 -1.000000
vn 0.000000 0.000000 -1.000000
vn 0.000000 0.000000 -1.000000
vn 0.000000 0.000000 -1.000000
vn 0.000000 1.000000 0.000000
vn 0.000000 1.000000 0.000000
vn 0.000000 1.000000 0.000000
vn 0.000000 1.000000 0.000000
vn 0.000000 -1.000000 0.000000
vn 0.000000 -1.000000 0.000000
vn 0.000000 -1.000000 0.000000
vn 0.000000 -1.000000 0.000000
vn 1.000000 0.000000 0.000000
vn 1.000000 0.000000 0.000000
vn 1.000000 0.000000 0.000000
vn 1.000000 0.000000 0.000000
vn -1.000000 0.000000 0.000000
vn -1.000000 0.000000 0.000000
vn -1.000000 0.000000 0.000000
vn -1.000000 0.000000 0.000000
vn 0.000000 0.707107 0.707107
vn 0.000000 0.707107 0.707107
vn 0.000000 0.707107 0.707107
vn 0.000000 0.707107 0.707107
vn 0.000000 0.707107 -0.707107
vn 0.000000 0.707107 -0.707107
vn 0.000000 0.707107 -0.707107
vn 0.000000 0.707107 -0.707107
vn 0.000000 -0.707107 0.707107
vn 0.000000 -0.707107 0.707107
vn 0.000000 -0.707107 0.707107
vn 0.000000 -0.707107 0.707107
vn 0.000000 -0.707107 -0.707107
vn 0.000000 -0.707107 -0.707107
vn 0.000000 -0.707107 -0.707107
vn 0.000000 -0.707107 -0.707107
vn 0.707107 0.000000 0.707107
vn 0.707107 0.000000 0.707107
vn 0.707107 0.000000 0.707107
vn 0.707107 0.000000 0.707107
vn 0.707107 0.000000 -0.707107
vn 0.707107 0.000000 -0.707107
vn 0.707107 0.000000 -0.707107
vn 0.707107 0.000000 -0.707107
vn -0.707107 0.000000 0.707107
vn -0.707107 0.000000 0.707107
vn -0.707107 0.000000 0.707107
vn -0.707107 0.000000 0.707107
vn -0.707107 0.000000 -0.707107
vn -0.707107 0.000000 -0.707107
vn -0.707107 0.000000 -0.707107
vn -0.707107 0.000000 -0.707107
vn 0.707107 0.707107 0.000000
vn 0.707107 0.707107 0.000000
vn 0.707107 0.707107 0.000000
vn 0.707107 0.707107 0.000000
vn 0.707107 -0.707107 0.000000
vn 0.707107 -0.707107 0.000000
vn 0.707107 -0.707107 0.000000
vn 0.707107 -0.707107 0.000000
vn -0.707107 0.707107 0.000000
vn -0.707107 0.707107 0.000000
vn -0.707107 0.707107 0.000000
vn -0.707107 0.707107 0.000000
vn -0.707107 -0.707107 0.000000
vn -0.707107 -0.707107 0.000000
vn -0.707107 -0.707107 0.000000
vn -0.707107 -0.707107 0.000000
vn -0.577350 -0.577350 -0.577350
vn -0.577350 -0.577350 -0.577350
vn -0.577350 -0.577350 -0.577350
vn -0.577350 -0.577350 0.577350
vn -0.577350 -0.577350 0.577350
vn -0.577350 -0.577350 0.577350
vn -0.577350 0.577350 -0.577350
vn -0.577350 0.577350 -0.577350
vn -0.577350 0.577350 -0.577350
vn -0.577350 0.577350 0.577350
vn -0.577350 0.577350 0.577350
vn -0.577350 0.577350 0.577350
vn 0.577350 -0.577350 -0.577350
vn 0.577350 -0.577350 -0.577350
vn 0.577350 -0.577350 -0.577350
vn 0.577350 -0.577350 0.577350
vn 0.577350 -0.577350 0.577350
vn 0.577350 -0.577350 0.577350
vn 0.577350 0.577350 -0.577350
vn 0.577350 0.577350 -0.577350
vn 0.577350 0.577350 -0.577350
vn 0.577350 0.577350 0.577350
vn 0.577350 0.577350 0.577350
vn 0.577350 0.577350 0.577350
f 1/1/1 2/2/2 3/3/3
f 1/1/1 3/3/3 4/4/4
f 5/5/5 6/6/6 7/7/7
f 5/5/5 7/7/7 8/8/8
f 9/9/9 10/10/10 11/11/11
f 9/9/9 11/11/11 12/12/12
f 13/13/13 14/14/14 15/15/15
f 13/13/13 15/15/15 16/16/16
f 17/17/17 18/18/18 19/19/19
f 17/17/17 19/19/19 20/20/20
f 21/21/21 22/22/22 23/23/23
f 21/21/21 23/23/23 24/24/24
f 25/25/25 26/26/26 27/27/27
f 25/25/25 27/27/27 28/28/28
f 29/29/29 30/30/30 31/31/31
f 29/29/29 31/31/31 32/32/32
f 33/33/33 34/34/34 35/35/35
f 33/33/33 35/35/35 36/36/36
f 37/37/37 38/38/38 39/39/39
f 37/37/37 39/39/39 40/40/40
f 41/41/41 42/42/42 43/43/43
f 41/41/41 43/43/43 44/44/44
f 45/45/45 46/46/46 47/47/47
f 45/45/45 47/47/47 48/48/48
f 49/49/49 50/50/50 51/51/51
f 49/49/49 51/51/51 52/52/52
f 53/53/53 54/54/54 55/55/55
f 53/53/53 55/55/55 56/56/56
f 57/57/57 58/58/58 59/59/59
f 57/57/57 59/59/59 60/60/60
f 61/61/61 62/62/62 63/63/63
f 61/61/61 63/63/63 64/64/64
f 65/65/65 66/66/66 67/67/67
f 65/65/65 67/67/67 68/68/68
f 69/69/69 70/70/70 71/71/71
f 69/69/69 71/71/71 72/72/72
f 73/73/73 75/75/75 74/74/74
f 76/76/76 77/77/77 78/78/78
f 79/79/79 80/80/80 81/81/81
f 82/82/82 84/84/84 83/83/83
f 85/85/85 86/86/86 87/87/87
f 88/88/88 90/90/90 89/89/89
f 91/91/91 93/93/93 92/92/92
f 94/94/94 95/95/95 96/96/96
f 97/97/97 98/98/98 99/99/99
f 97/97/97 99/99/99 100/100/100
f 101/101/101 102/102/102 103/103/103
f 101/101/101 103/103/103 104/104/104
f 105/105/105 106/106/106 107/107/107
f 105/105/105 107/107/107 108/108/108
f 109/109/109 110/110/110 111/111/111
f 109/109/109 111/111/111 112/112/112
f 113/113/113 114/114/114 115/115/115
f 113/113/113 115/115/115 116/116/116
f 117/117/117 118/118/118 119/119/119
f 117/117/117 119/119/119 120/120/120
f 121/121/121 122/122/122 123/123/123
f 121/121/121 123/123/123 124/124/124
f 125/125/125 126/126/126 127/127/127
f 125/125/125 127/127/127 128/128/128
f 129/129/129 130/130/130 131/131/131
f 129/129/129 131/131/131 132/132/132
f 133/133/133 134/134/134 135/135/135
f 133/133/133 135/135/135 136/136/136
f 137/137/137 138/138/138 139/139/139
f 137/137/137 139/139/139 140/140/140
f 141/141/141 142/142/142 143/143/143
f 141/141/141 143/143/143 144/144/144
f 145/145/145 146/146/146 147/147/147
f 145/145/145 147/147/147 148/148/148
f 149/149/149 150/150/150 151/151/151
f 149/149/149 151/151/151 152/152/152
f 153/153/153 154/154/154 155/155/155
f 153/153/153 155/155/155 156/156/156
f 157/157/157 158/158/158 159/159/159
f 157/157/157 159/159/159 160/160/160
f 161/161/161 162/162/162 163/163/163
f 161/161/161 163/163/163 164/164/164
f 165/165/165 166/166/166 167/167/167
f 165/165/165 167/167/167 168/168/168
f 169/169/169 171/171/171 170/170/170
f 172/172/172 173/173/173 174/174/174
f 175/175/175 176/176/176 177/177/177
f 178/178/178 180/180/180 179/179/179
f 181/181/181 182/182/182 183/183/183
f 184/184/184 186/186/186 185/185/185
f 187/187/187 189/189/189 188/188/188
f 190/190/190 191/191/191 192/192/192
f 193/193/193 199/199/199 200/200/200
f 193/193/193 200/200/200 194/194/194
f 194/194/194 200/200/200 201/201/201
f 194/194/194 201/201/201 195/195/195
f 195/195/195 201/201/201 202/202/202
f 195/195/195 202/202/202 196/196/196
f 196/196/196 202/202/202 203/203/203
f 196/196/196 203/203/203 197/197/197
f 197/197/197 203/203/203 204/204/204
f 197/197/197 204/204/204 198/198/198
f 198/198/198 204/204/204 199/199/199
f 198/198/198 199/199/199 193/193/193
f 199/199/199 205/205/205 206/206/206
f 199/199/199 206/206/206 200/200/200
f 200/200/200 206/206/206 207/207/207
f 200/200/200 207/207/207 201/201/201
f 201/201/201 207/207/207 208/208/208
f 201/201/201 208/208/208 202/202/202
f 202/202/202 208/208/208 209/209/209
f 202/202/202 209/209/209 203/203/203
f 203/203/203 209/209/209 210/210/210
f 203/203/203 210/210/210 204/204/204
f 204/204/204 210/210/210 205/205/205
f 204/204/204 205/205/205 199/199/199
f 205/205/205 211/211/211 212/212/212
f 205/205/205 212/212/212 206/206/206
f 206/206/206 212/212/212 213/213/213
f 206/206/206 213/213/213 207/207/207
f 207/207/207 213/213/213 214/214/214
f 207/207/207 214/214/214 208/208/208
f 208/208/208 214/214/214 215/215/215
f 208/208/208 215/215/215 209/209/209
f 209/209/209 215/215/215 216/216/216
f 209/209/209 216/216/216 210/210/210
f 210/210/210 216/216/216 211/211/211
f 210/210/210 211/211/211 205/205/205
f 217/217/217 194/194/194 193/193/193
f 217/217/217 195/195/195 194/194/194
f 217/217/217 196/196/196 195/195/195
f 217/217/217 197/197/197 196/196/196
f 217/217/217 198/198/198 197/197/197
f 217/217/217 193/193/193 198/198/198
f 218/218/218 211/211/211 212/212/212
f 218/218/218 212/212/212 213/213/213
f 218/218/218 213/213/213 214/214/214
f 218/218/218 214/214/214 215/215/215
f 218/218/218 215/215/215 216/216/216
f 218/218/218 216/216/216 211/211/211
f 219/219/219 229/229/229 230/230/230
f 219/219/219 230/230/230 220/220/220
f 220/220/220 230/230/230 231/231/231
f 220/220/220 231/231/231 221/221/221
f 221/221/221 231/231/231 232/232/232
f 221/221/221 232/232/232 222/222/222
f 222/222/222 232/232/232 233/233/233
f 222/222/222 233/233/233 223/223/223
f 223/223/223 233/233/233 234/234/234
f 223/223/223 234/234/234 224/224/224
f 224/224/224 234/234/234 235/235/235
f 224/224/224 235/235/235 225/225/225
f 225/225/225 235/235/235 236/236/236
f 225/225/225 236/236/236 226/226/226
f 226/226/226 236/236/236 237/237/237
f 226/226/226 237/237/237 227/227/227
f 227/227/227 237/237/237 238/238/238
f 227/227/227 238/238/238 228/228/228
f 228/228/228 238/238/238 229/229/229
f 228/228/228 229/229/229 219/219/219
f 229/229/229 239/239/239 240/240/240
f 229/229/229 240/240/240 230/230/230
f 230/230/230 240/240/240 241/241/241
f 230/230/230 241/241/241 231/231/231
f 231/231/231 241/241/241 242/242/242
f 231/231/231 242/242/242 232/232/232
f 232/232/232 242/242/242 243/243/243
f 232/232/232 243/243/243 233/233/233
f 233/233/233 243/243/243 244/244/244
f 233/233/233 244/244/244 234/234/234
f 234/234/234 244/244/244 245/245/245
f 234/234/234 245/245/245 235/235/235
f 235/235/235 245/245/245 246/246/246
f 235/235/235 246/246/246 236/236/236
f 236/236/236 246/246/246 247/247/247
f 236/236/236 247/247/247 237/237/237
f 237/237/237 247/247/247 248/248/248
f 237/237/237 248/248/248 238/238/238
f 238/238/238 248/248/248 239/239/239
f 238/238/238 239/239/239 229/229/229
f 239/239/239 249/249/249 250/250/250
f 239/239/239 250/250/250 240/240/240
f 240/240/240 250/250/250 251/251/251
f 240/240/240 251/251/251 241/241/241
f 241/241/241 251/251/251 252/252/252
f 241/241/241 252/252/252 242/242/242
f 242/242/242 252/252/252 253/253/253
f 242/242/242 253/253/253 243/243/243
f 243/243/243 253/253/253 254/254/254
f 243/243/243 254/254/254 244/244/244
f 244/244/244 254/254/254 255/255/255
f 244/244/244 255/255/255 245/245/245
f 245/245/245 255/255/255 256/256/256
f 245/245/245 256/256/256 246/246/246
f 246/246/246 256/256/256 257/257/257
f 246/246/246 257/257/257 247/247/247
f 247/247/247 257/257/257 258/258/258
f 247/247/247 258/258/258 248/248/248
f 248/248/248 258/258/258 249/249/249
f 248/248/248 249/249/249 239/239/239
f 259/259/259 220/220/220 219/219/219
f 259/259/259 221/221/221 220/220/220
f 259/259/259 222/222/222 221/221/221
f 259/259/259 223/223/223 222/222/222
f 259/259/259 224/224/224 223/223/223
f 259/259/259 225/225/225 224/224/224
f 259/259/259 226/226/226 225/225/225
f 259/259/259 227/227/227 226/226/226
f 259/259/259 228/228/228 227/227/227
f 259/259/259 219/219/219 228/228/228
f 260/260/260 249/249/249 250/250/250
f 260/260/260 250/250/250 251/251/251
f 260/260/260 251/251/251 252/252/252
f 260/260/260 252/252/252 253/253/253
f 260/260/260 253/253/253 254/254/254
f 260/260/260 254/254/254 255/255/255
f 260/260/260 255/255/255 256/256/256
f 260/260/260 256/256/256 257/257/257
f 260/260/260 257/257/257 258/258/258
f 260/260/260 258/258/258 249/249/249
f 261/261/261 271/271/271 272/272/272
f 261/261/261 272/272/272 262/262/262
f 262/262/262 272/272/272 273/273/273
f 262/262/262 273/273/273 263/263/263
f 263/263/263 273/273/273 274/274/274
f 263/263/263 274/274/274 264/264/264
f 264/264/264 274/274/274 275/275/275
f 264/264/264 275/275/275 265/265/265
f 265/265/265 275/275/275 276/276/276
f 265/265/265 276/276/276 266/266/266
f 266/266/266 276/276/276 277/277/277
f 266/266/266 277/277/277 267/267/267
f 267/267/267 277/277/277 278/278/278
f 267/267/267 278/278/278 268/268/268
f 268/268/268 278/278/278 279/279/279
f 268/268/268 279/279/279 269/269/269
f 269/269/269 279/279/279 280/280/280
f 269/269/269 280/280/280 270/270/270
f 270/270/270 280/280/280 271/271/271
f 270/270/270 271/271/271 261/261/261
f 271/271/271 281/281/281 282/282/282
f 271/271/271 282/282/282 272/272/272
f 272/272/272 282/282/282 283/283/283
f 272/272/272 283/283/283 273/273/273
f 273/273/273 283/283/283 284/284/284
f 273/273/273 284/284/284 274/274/274
f 274/274/274 284/284/284 285/285/285
f 274/274/274 285/285/285 275/275/275
f 275/275/275 285/285/285 286/286/286
f 275/275/275 286/286/286 276/276/276
f 276/276/276 286/286/286 287/287/287
f 276/276/276 287/287/287 277/277/277
f 277/277/277 287/287/287 288/288/288
f 277/277/277 288/288/288 278/278/278
f 278/278/278 288/288/288 289/289/289
f 278/278/278 289/289/289 279/279/279
f 279/279/279 289/289/289 290/290/290
f 279/279/279 290/290/290 280/280/280
f 280/280/280 290/290/290 281/281/281
f 280/280/280 281/281/281 271/271/271
f 281/281/281 291/291/291 292/292/292
f 281/281/281 292/292/292 282/282/282
f 282/282/282 292/292/292 293/293/293
f 282/282/282 293/293/293 283/283/283
f 283/283/283 293/293/293 294/294/294
f 283/283/283 294/294/294 284/284/284
f 284/284/284 294/294/294 295/295/295
f 284/284/284 295/295/295 285/285/285
f 285/285/285 295/295/295 296/296/296
f 285/285/285 296/296/296 286/286/286
f 286/286/286 296/296/296 297/297/297
f 286/286/286 297/297/297 287/287/287
f 287/287/287 297/297/297 298/298/298
f 287/287/287 298/298/298 288/288/288
f 288/288/288 298/298/298 299/299/299
f 288/288/288 299/299/299 289/289/289
f 289/289/289 299/299/299 300/300/300
f 289/289/289 300/300/300 290/290/290
f 290/290/290 300/300/300 291/291/291
f 290/290/290 291/291/291 281/281/281
f 301/301/301 262/262/262 261/261/261
f 301/301/301 263/263/263 262/262/262
f 301/301/301 264/264/264 263/263/263
f 301/301/301 265/265/265 264/264/264
f 301/301/301 266/266/266 265/265/265
f 301/301/301 267/267/267 266/266/266
f 301/301/301 268/268/268 267/267/267
f 301/301/301 269/269/269 268/268/268
f 301/301/301 270/270/270 269/269/269
f 301/301/301 261/261/261 270/270/270
f 302/302/302 291/291/291 292/292/292
f 302/302/302 292/292/292 293/293/293
f 302/302/302 293/293/293 294/294/294
f 302/302/302 294/294/294 295/295/295
f 302/302/302 295/295/295 296/296/296
f 302/302/302 296/296/296 297/297/297
f 302/302/302 297/297/297 298/298/298
f 302/302/302 298/298/298 299/299/299
f 302/302/302 299/299/299 300/300/300
f 302/302/302 300/300/300 291/291/291
f 303/303/303 313/313/313 314/314/314
f 303/303/303 314/314/314 304/304/304
f 304/304/304 314/314/314 315/315/315
f 304/304/304 315/315/315 305/305/305
f 305/305/305 315/315/315 316/316/316
f 305/305/305 316/316/316 306/306/306
f 306/306/306 316/316/316 317/317/317
f 306/306/306 317/317/317 307/307/307
f 307/307/307 317/317/317 318/318/318
f 307/307/307 318/318/318 308/308/308
f 308/308/308 318/318/318 319/319/319
f 308/308/308 319/319/319 309/309/309
f 309/309/309 319/319/319 320/320/320
f 309/309/309 320/320/320 310/310/310
f 310/310/310 320/320/320 321/321/321
f 310/310/310 321/321/321 311/311/311
f 311/311/311 321/321/321 322/322/322
f 311/311/311 322/322/322 312/312/312
f 312/312/312 322/322/322 313/313/313
f 312/312/312 313/313/313 303/303/303
f 313/313/313 323/323/323 324/324/324
f 313/313/313 324/324/324 314/314/314
f 314/314/314 324/324/324 325/325/325
f 314/314/314 325/325/325 315/315/315
f 315/315/315 325/325/325 326/326/326
f 315/315/315 326/326/326 316/316/316
f 316/316/316 326/326/326 327/327/327
f 316/316/316 327/327/327 317/317/317
f 317/317/317 327/327/327 328/328/328
f 317/317/317 328/328/328 318/318/318
f 318/318/318 328/328/328 329/329/329
f 318/318/318 329/329/329 319/319/319
f 319/319/319 329/329/329 330/330/330
f 319/319/319 330/330/330 320/320/320
f 320/320/320 330/330/330 331/331/331
f 320/320/320 331/331/331 321/321/321
f 321/321/321 331/331/331 332/332/332
f 321/321/321 332/332/332 322/322/322
f 322/322/322 332/332/332 323/323/323
f 322/322/322 323/323/323 313/313/313
f 323/323/323 333/333/333 334/334/334
f 323/323/323 334/334/334 324/324/324
f 324/324/324 334/334/334 335/335/335
f 324/324/324 335/335/335 325/325/325
f 325/325/325 335/335/335 336/336/336
f 325/325/325 336/336/336 326/326/326
f 326/326/326 336/336/336 337/337/337
f 326/326/326 337/337/337 327/327/327
f 327/327/327 337/337/337 338/338/338
f 327/327/327 338/338/338 328/328/328
f 328/328/328 338/338/338 339/339/339
f 328/328/328 339/339/339 329/329/329
f 329/329/329 339/339/339 340/340/340
f 329/329/329 340/340/340 330/330/330
f 330/330/330 340/340/340 341/341/341
f 330/330/330 341/341/341 331/331/331
f 331/331/331 341/341/341 342/342/342
f 331/331/331 342/342/342 332/332/332
f 332/332/332 342/342/342 333/333/333
f 332/332/332 333/333/333 323/323/323
f 343/343/343 304/304/304 303/303/303
f 343/343/343 305/305/305 304/304/304
f 343/343/343 306/306/306 305/305/305
f 343/343/343 307/307/307 306/306/306
f 343/343/343 308/308/308 307/307/307
f 343/343/343 309/309/309 308/308/308
f 343/343/343 310/310/310 309/309/309
f 343/343/343 311/311/311 310/310/310
f 343/343/343 312/312/312 311/311/311
f 343/343/343 303/303/303 312/312/312
f 344/344/344 333/333/333 334/334/334
f 344/344/344 334/334/334 335/335/335
f 344/344/344 335/335/335 336/336/336
f 344/344/344 336/336/336 337/337/337
f 344/344/344 337/337/337 338/338/338
f 344/344/344 338/338/338 339/339/339
f 344/344/344 339/339/339 340/340/340
f 344/344/344 340/340/340 341/341/341
f 344/344/344 341/341/341 342/342/342
f 344/344/344 342/342/342 333/333/333
f 345/345/345 351/351/351 352/352/352
f 345/345/345 352/352/352 346/346/346
f 346/346/346 352/352/352 353/353/353
f 346/346/346 353/353/353 347/347/347
f 347/347/347 353/353/353 354/354/354
f 347/347/347 354/354/354 348/348/348
f 348/348/348 354/354/354 355/355/355
f 348/348/348 355/355/355 349/349/349
f 349/349/349 355/355/355 356/356/356
f 349/349/349 356/356/356 350/350/350
f 350/350/350 356/356/356 351/351/351
f 350/350/350 351/351/351 345/345/345
f 351/351/351 357/357/357 358/358/358
f 351/351/351 358/358/358 352/352/352
f 352/352/352 358/358/358 359/359/359
f 352/352/352 359/359/359 353/353/353
f 353/353/353 359/359/359 360/360/360
f 353/353/353 360/360/360 354/354/354
f 354/354/354 360/360/360 361/361/361
f 354/354/354 361/361/361 355/355/355
f 355/355/355 361/361/361 362/362/362
f 355/355/355 362/362/362 356/356/356
f 356/356/356 362/362/362 357/357/357
f 356/356/356 357/357/357 351/351/351
f 357/357/357 363/363/363 364/364/364
f 357/357/357 364/364/364 358/358/358
f 358/358/358 364/364/364 365/365/365
f 358/358/358 365/365/365 359/359/359
f 359/359/359 365/365/365 366/366/366
f 359/359/359 366/366/366 360/360/360
f 360/360/360 366/366/366 367/367/367
f 360/360/360 367/367/367 361/361/361
f 361/361/361 367/367/367 368/368/368
f 361/361/361 368/368/368 362/362/362
f 362/362/362 368/368/368 363/363/363
f 362/362/362 363/363/363 357/357/357
f 369/369/369 346/346/346 345/345/345
f 369/369/369 347/347/347 346/346/346
f 369/369/369 348/348/348 347/347/347
f 369/369/369 349/349/349 348/348/348
f 369/369/369 350/350/350 349/349/349
f 369/369/369 345/345/345 350/350/350
f 370/370/370 363/363/363 364/364/364
f 370/370/370 364/364/364 365/365/365
f 370/370/370 365/365/365 366/366/366
f 370/370/370 366/366/366 367/367/367
f 370/370/370 367/367/367 368/368/368
f 370/370/370 368/368/368 363/363/363
f 371/371/371 377/377/377 378/378/378
f 371/371/371 378/378/378 372/372/372
f 372/372/372 378/378/378 379/379/379
f 372/372/372 379/379/379 373/373/373
f 373/373/373 379/379/379 380/380/380
f 373/373/373 380/380/380 374/374/374
f 374/374/374 380/380/380 381/381/381
f 374/374/374 381/381/381 375/375/375
f 375/375/375 381/381/381 382/382/382
f 375/375/375 382/382/382 376/376/376
f 376/376/376 382/382/382 377/377/377
f 376/376/376 377/377/377 371/371/371
f 377/377/377 383/383/383 384/384/384
f 377/377/377 384/384/384 378/378/378
f 378/378/378 384/384/384 385/385/385
f 378/378/378 385/385/385 379/379/379
f 379/379/379 385/385/385 386/386/386
f 379/379/379 386/386/386 380/380/380
f 380/380/380 386/386/386 387/387/387
f 380/380/380 387/387/387 381/381/381
f 381/381/381 387/387/387 388/388/388
f 381/381/381 388/388/388 382/382/382
f 382/382/382 388/388/388 383/383/383
f 382/382/382 383/383/383 377/377/377
f 383/383/383 389/389/389 390/390/390
f 383/383/383 390/390/390 384/384/384
f 384/384/384 390/390/390 391/391/391
f 384/384/384 391/391/391 385/385/385
f 385/385/385 391/391/391 392/392/392
f 385/385/385 392/392/392 386/386/386
f 386/386/386 392/392/392 393/393/393
f 386/386/386 393/393/393 387/387/387
f 387/387/387 393/393/393 394/394/394
f 387/387/387 394/394/394 388/388/388
f 388/388/388 394/394/394 389/389/389
f 388/388/388 389/389/389 383/383/383
f 395/395/395 372/372/372 371/371/371
f 395/395/395 373/373/373 372/372/372
f 395/395/395 374/374/374 373/373/373
f 395/395/395 375/375/375 374/374/374
f 395/395/395 376/376/376 375/375/375
f 395/395/395 371/371/371 376/376/376
f 396/396/396 389/389/389 390/390/390
f 396/396/396 390/390/390 391/391/391
f 396/396/396 391/391/391 392/392/392
f 396/396/396 392/392/392 393/393/393
f 396/396/396 393/393/393 394/394/394
f 396/396/396 394/394/394 389/389/389
f 397/397/397 407/407/407 408/408/408
f 397/397/397 408/408/408 398/398/398
f 398/398/398 408/408/408 409/409/409
f 398/398/398 409/409/409 399/399/399
f 399/399/399 409/409/409 410/410/410
f 399/399/399 410/410/410 400/400/400
f 400/400/400 410/410/410 411/411/411
f 400/400/400 411/411/411 401/401/401
f 401/401/401 411/411/411 412/412/412
f 401/401/401 412/412/412 402/402/402
f 402/402/402 412/412/412 413/413/413
f 402/402/402 413/413/413 403/403/403
f 403/403/403 413/413/413 414/414/414
f 403/403/403 414/414/414 404/404/404
f 404/404/404 414/414/414 415/415/415
f 404/404/404 415/415/415 405/405/405
f 405/405/405 415/415/415 416/416/416
f 405/405/405 416/416/416 406/406/406
f 406/406/406 416/416/416 407/407/407
f 406/406/406 407/407/407 397/397/397
f 407/407/407 417/417/417 418/418/418
f 407/407/407 418/418/418 408/408/408
f 408/408/408 418/418/418 419/419/419
f 408/408/408 419/419/419 409/409/409
f 409/409/409 419/419/419 420/420/420
f 409/409/409 420/420/420 410/410/410
f 410/410/410 420/420/420 421/421/421
f 410/410/410 421/421/421 411/411/411
f 411/411/411 421/421/421 422/422/422
f 411/411/411 422/422/422 412/412/412
f 412/412/412 422/422/422 423/423/423
f 412/412/412 423/423/423 413/413/413
f 413/413/413 423/423/423 424/424/424
f 413/413/413 424/424/424 414/414/414
f 414/414/414 424/424/424 425/425/425
f 414/414/414 425/425/425 415/415/415
f 415/415/415 425/425/425 426/426/426
f 415/415/415 426/426/426 416/416/416
f 416/416/416 426/426/426 417/417/417
f 416/416/416 417/417/417 407/407/407
f 417/417/417 427/427/427 428/428/428
f 417/417/417 428/428/428 418/418/418
f 418/418/418 428/428/428 429/429/429
f 418/418/418 429/429/429 419/419/419
f 419/419/419 429/429/429 430/430/430
f 419/419/419 430/430/430 420/420/420
f 420/420/420 430/430/430 431/431/431
f 420/420/420 431/431/431 421/421/421
f 421/421/421 431/431/431 432/432/432
f 421/421/421 432/432/432 422/422/422
f 422/422/422 432/432/432 433/433/433
f 422/422/422 433/433/433 423/423/423
f 423/423/423 433/433/433 434/434/434
f 423/423/423 434/434/434 424/424/424
f 424/424/424 434/434/434 435/435/435
f 424/424/424 435/435/435 425/425/425
f 425/425/425 435/435/435 436/436/436
f 425/425/425 436/436/436 426/426/426
f 426/426/426 436/436/436 427/427/427
f 426/426/426 427/427/427 417/417/417
f 437/437/437 398/398/398 397/397/397
f 437/437/437 399/399/399 398/398/398
f 437/437/437 400/400/400 399/399/399
f 437/437/437 401/401/401 400/400/400
f 437/437/437 402/402/402 401/401/401
f 437/437/437 403/403/403 402/402/402
f 437/437/437 404/404/404 403/403/403
f 437/437/437 405/405/405 404/404/404
f 437/437/437 406/406/406 405/405/405
f 437/437/437 397/397/397 406/406/406
f 438/438/438 427/427/427 428/428/428
f 438/438/438 428/428/428 429/429/429
f 438/438/438 429/429/429 430/430/430
f 438/438/438 430/430/430 431/431/431
f 438/438/438 431/431/431 432/432/432
f 438/438/438 432/432/432 433/433/433
f 438/438/438 433/433/433 434/434/434
f 438/438/438 434/434/434 435/435/435
f 438/438/438 435/435/435 436/436/436
f 438/438/438 436/436/436 427/427/427
f 439/439/439 449/449/449 450/450/450
f 439/439/439 450/450/450 440/440/440
f 440/440/440 450/450/450 451/451/451
f 440/440/440 451/451/451 441/441/441
f 441/441/441 451/451/451 452/452/452
f 441/441/441 452/452/452 442/442/442
f 442/442/442 452/452/452 453/453/453
f 442/442/442 453/453/453 443/443/443
f 443/443/443 453/453/453 454/454/454
f 443/443/443 454/454/454 444/444/444
f 444/444/444 454/454/454 455/455/455
f 444/444/444 455/455/455 445/445/445
f 445/445/445 455/455/455 456/456/456
f 445/445/445 456/456/456 446/446/446
f 446/446/446 456/456/456 457/457/457
f 446/446/446 457/457/457 447/447/447
f 447/447/447 457/457/457 458/458/458
f 447/447/447 458/458/458 448/448/448
f 448/448/448 458/458/458 449/449/449
f 448/448/448 449/449/449 439/439/439
f 449/449/449 459/459/459 460/460/460
f 449/449/449 460/460/460 450/450/450
f 450/450/450 460/460/460 461/461/461
f 450/450/450 461/461/461 451/451/451
f 451/451/451 461/461/461 462/462/462
f 451/451/451 462/462/462 452/452/452
f 452/452/452 462/462/462 463/463/463
f 452/452/452 463/463/463 453/453/453
f 453/453/453 463/463/463 464/464/464
f 453/453/453 464/464/464 454/454/454
f 454/454/454 464/464/464 465/465/465
f 454/454/454 465/465/465 455/455/455
f 455/455/455 465/465/465 466/466/466
f 455/455/455 466/466/466 456/456/456
f 456/456/456 466/466/466 467/467/467
f 456/456/456 467/467/467 457/457/457
f 457/457/457 467/467/467 468/468/468
f 457/457/457 468/468/468 458/458/458
f 458/458/458 468/468/468 459/459/459
f 458/458/458 459/459/459 449/449/449
f 459/459/459 469/469/469 470/470/470
f 459/459/459 470/470/470 460/460/460
f 460/460/460 470/470/470 471/471/471
f 460/460/460 471/471/471 461/461/461
f 461/461/461 471/471/471 472/472/472
f 461/461/461 472/472/472 462/462/462
f 462/462/462 472/472/472 473/473/473
f 462/462/462 473/473/473 463/463/463
f 463/463/463 473/473/473 474/474/474
f 463/463/463 474/474/474 464/464/464
f 464/464/464 474/474/474 475/475/475
f 464/464/464 475/475/475 465/465/465
f 465/465/465 475/475/475 476/476/476
f 465/465/465 476/476/476 466/466/466
f 466/466/466 476/476/476 477/477/477
f 466/466/466 477/477/477 467/467/467
f 467/467/467 477/477/477 478/478/478
f 467/467/467 478/478/478 468/468/468
f 468/468/468 478/478/478 469/469/469
f 468/468/468 469/469/469 459/459/459
f 479/479/479 440/440/440 439/439/439
f 479/479/479 441/441/441 440/440/440
f 479/479/479 442/442/442 441/441/441
f 479/479/479 443/443/443 442/442/442
f 479/479/479 444/444/444 443/443/443
f 479/479/479 445/445/445 444/444/444
f 479/479/479 446/446/446 445/445/445
f 479/479/479 447/447/447 446/446/446
f 479/479/479 448/448/448 447/447/447
f 479/479/479 439/439/439 448/448/448
f 480/480/480 469/469/469 470/470/470
f 480/480/480 470/470/470 471/471/471
f 480/480/480 471/471/471 472/472/472
f 480/480/480 472/472/472 473/473/473
f 480/480/480 473/473/473 474/474/474
f 480/480/480 474/474/474 475/475/475
f 480/480/480 475/475/475 476/476/476
f 480/480/480 476/476/476 477/477/477
f 480/480/480 477/477/477 478/478/478
f 480/480/480 478/478/478 469/469/469
f 481/481/481 491/491/491 492/492/492
f 481/481/481 492/492/492 482/482/482
f 482/482/482 492/492/492 493/493/493
f 482/482/482 493/493/493 483/483/483
f 483/483/483 493/493/493 494/494/494
f 483/483/483 494/494/494 484/484/484
f 484/484/484 494/494/494 495/495/495
f 484/484/484 495/495/495 485/485/485
f 485/485/485 495/495/495 496/496/496
f 485/485/485 496/496/496 486/486/486
f 486/486/486 496/496/496 497/497/497
f 486/486/486 497/497/497 487/487/487
f 487/487/487 497/497/497 498/498/498
f 487/487/487 498/498/498 488/488/488
f 488/488/488 498/498/498 499/499/499
f 488/488/488 499/499/499 489/489/489
f 489/489/489 499/499/499 500/500/500
f 489/489/489 500/500/500 490/490/490
f 490/490/490 500/500/500 491/491/491
f 490/490/490 491/491/491 481/481/481
f 491/491/491 501/501/501 502/502/502
f 491/491/491 502/502/502 492/492/492
f 492/492/492 502/502/502 503/503/503
f 492/492/492 503/503/503 493/493/493
f 493/493/493 503/503/503 504/504/504
f 493/493/493 504/504/504 494/494/494
f 494/494/494 504/504/504 505/505/505
f 494/494/494 505/505/505 495/495/495
f 495/495/495 505/505/505 506/506/506
f 495/495/495 506/506/506 496/496/496
f 496/496/496 506/506/506 507/507/507
f 496/496/496 507/507/507 497/497/497
f 497/497/497 507/507/507 508/508/508
f 497/497/497 508/508/508 498/498/498
f 498/498/498 508/508/508 509/509/509
f 498/498/498 509/509/509 499/499/499
f 499/499/499 509/509/509 510/510/510
f 499/499/499 510/510/510 500/500/500
f 500/500/500 510/510/510 501/501/501
f 500/500/500 501/501/501 491/491/491
f 501/501/501 511/511/511 512/512/512
f 501/501/501 512/512/512 502/502/502
f 502/502/502 512/512/512 513/513/513
f 502/502/502 513/513/513 503/503/503
f 503/503/503 513/513/513 514/514/514
f 503/503/503 514/514/514 504/504/504
f 504/504/504 514/514/514 515/515/515
f 504/504/504 515/515/515 505/505/505
f 505/505/505 515/515/515 516/516/516
f 505/505/505 516/516/516 506/506/506
f 506/506/506 516/516/516 517/517/517
f 506/506/506 517/517/517 507/507/507
f 507/507/507 517/517/517 518/518/518
f 507/507/507 518/518/518 508/508/508
f 508/508/508 518/518/518 519/519/519
f 508/508/508 519/519/519 509/509/509
f 509/509/509 519/519/519 520/520/520
f 509/509/509 520/520/520 510/510/510
f 510/510/510 520/520/520 511/511/511
f 510/510/510 511/511/511 501/501/501
f 521/521/521 482/482/482 481/481/481
f 521/521/521 483/483/483 482/482/482
f 521/521/521 484/484/484 483/483/483
f 521/521/521 485/485/485 484/484/484
f 521/521/521 486/486/486 485/485/485
f 521/521/521 487/487/487 486/486/486
f 521/521/521 488/488/488 487/487/487
f 521/521/521 489/489/489 488/488/488
f 521/521/521 490/490/490 489/489/489
f 521/521/521 481/481/481 490/490/490
f 522/522/522 511/511/511 512/512/512
f 522/522/522 512/512/512 513/513/513
f 522/522/522 513/513/513 514/514/514
f 522/522/522 514/514/514 515/515/515
f 522/522/522 515/515/515 516/516/516
f 522/522/522 516/516/516 517/517/517
f 522/522/522 517/517/517 518/518/518
f 522/522/522 518/518/518 519/519/519
f 522/522/522 519/519/519 520/520/520
f 522/522/522 520/520/520 511/511/511
f 523/523/523 529/529/529 530/530/530
f 523/523/523 530/530/530 524/524/524
f 524/524/524 530/530/530 531/531/531
f 524/524/524 531/531/531 525/525/525
f 525/525/525 531/531/531 532/532/532
f 525/525/525 532/532/532 526/526/526
f 526/526/526 532/532/532 533/533/533
f 526/526/526 533/533/533 527/527/527
f 527/527/527 533/533/533 534/534/534
f 527/527/527 534/534/534 528/528/528
f 528/528/528 534/534/534 529/529/529
f 528/528/528 529/529/529 523/523/523
f 529/529/529 535/535/535 536/536/536
f 529/529/529 536/536/536 530/530/530
f 530/530/530 536/536/536 537/537/537
f 530/530/530 537/537/537 531/531/531
f 531/531/531 537/537/537 538/538/538
f 531/531/531 538/538/538 532/532/532
f 532/532/532 538/538/538 539/539/539
f 532/532/532 539/539/539 533/533/533
f 533/533/533 539/539/539 540/540/540
f 533/533/533 540/540/540 534/534/534
f 534/534/534 540/540/540 535/535/535
f 534/534/534 535/535/535 529/529/529
f 535/535/535 541/541/541 542/542/542
f 535/535/535 542/542/542 536/536/536
f 536/536/536 542/542/542 543/543/543
f 536/536/536 543/543/543 537/537/537
f 537/537/537 543/543/543 544/544/544
f 537/537/537 544/544/544 538/538/538
f 538/538/538 544/544/544 545/545/545
f 538/538/538 545/545/545 539/539/539
f 539/539/539 545/545/545 546/546/546
f 539/539/539 546/546/546 540/540/540
f 540/540/540 546/546/546 541/541/541
f 540/540/540 541/541/541 535/535/535
f 547/547/547 524/524/524 523/523/523
f 547/547/547 525/525/525 524/524/524
f 547/547/547 526/526/526 525/525/525
f 547/547/547 527/527/527 526/526/526
f 547/547/547 528/528/528 527/527/527
f 547/547/547 523/523/523 528/528/528
f 548/548/548 541/541/541 542/542/542
f 548/548/548 542/542/542 543/543/543
f 548/548/548 543/543/543 544/544/544
f 548/548/548 544/544/544 545/545/545
f 548/548/548 545/545/545 546/546/546
f 548/548/548 546/546/546 541/541/541
f 549/549/549 555/555/555 556/556/556
f 549/549/549 556/556/556 550/550/550
f 550/550/550 556/556/556 557/557/557
f 550/550/550 557/557/557 551/551/551
f 551/551/551 557/557/557 558/558/558
f 551/551/551 558/558/558 552/552/552
f 552/552/552 558/558/558 559/559/559
f 552/552/552 559/559/559 553/553/553
f 553/553/553 559/559/559 560/560/560
f 553/553/553 560/560/560 554/554/554
f 554/554/554 560/560/560 555/555/555
f 554/554/554 555/555/555 549/549/549
f 555/555/555 561/561/561 562/562/562
f 555/555/555 562/562/562 556/556/556
f 556/556/556 562/562/562 563/563/563
f 556/556/556 563/563/563 557/557/557
f 557/557/557 563/563/563 564/564/564
f 557/557/557 564/564/564 558/558/558
f 558/558/558 564/564/564 565/565/565
f 558/558/558 565/565/565 559/559/559
f 559/559/559 565/565/565 566/566/566
f 559/559/559 566/566/566 560/560/560
f 560/560/560 566/566/566 561/561/561
f 560/560/560 561/561/561 555/555/555
f 561/561/561 567/567/567 568/568/568
f 561/561/561 568/568/568 562/562/562
f 562/562/562 568/568/568 569/569/569
f 562/562/562 569/569/569 563/563/563
f 563/563/563 569/569/569 570/570/570
f 563/563/563 570/570/570 564/564/564
f 564/564/564 570/570/570 571/571/571
f 564/564/564 571/571/571 565/565/565
f 565/565/565 571/571/571 572/572/572
f 565/565/565 572/572/572 566/566/566
f 566/566/566 572/572/572 567/567/567
f 566/566/566 567/567/567 561/561/561
f 573/573/573 550/550/550 549/549/549
f 573/573/573 551/551/551 550/550/550
f 573/573/573 552/552/552 551/551/551
f 573/573/573 553/553/553 552/552/552
f 573/573/573 554/554/554 553/553/553
f 573/573/573 549/549/549 554/554/554
f 574/574/574 567/567/567 568/568/568
f 574/574/574 568/568/568 569/569/569
f 574/574/574 569/569/569 570/570/570
f 574/574/574 570/570/570 571/571/571
f 574/574/574 571/571/571 572/572/572
f 574/574/574 572/572/572 567/567/567
f 575/575/575 585/585/585 586/586/586
f 575/575/575 586/586/586 576/576/576
f 576/576/576 586/586/586 587/587/587
f 576/576/576 587/587/587 577/577/577
f 577/577/577 587/587/587 588/588/588
f 577/577/577 588/588/588 578/578/578
f 578/578/578 588/588/588 589/589/589
f 578/578/578 589/589/589 579/579/579
f 579/579/579 589/589/589 590/590/590
f 579/579/579 590/590/590 580/580/580
f 580/580/580 590/590/590 591/591/591
f 580/580/580 591/591/591 581/581/581
f 581/581/581 591/591/591 592/592/592
f 581/581/581 592/592/592 582/582/582
f 582/582/582 592/592/592 593/593/593
f 582/582/582 593/593/593 583/583/583
f 583/583/583 593/593/593 594/594/594
f 583/583/583 594/594/594 584/584/584
f 584/584/584 594/594/594 585/585/585
f 584/584/584 585/585/585 575/575/575
f 585/585/585 595/595/595 596/596/596
f 585/585/585 596/596/596 586/586/586
f 586/586/586 596/596/596 597/597/597
f 586/586/586 597/597/597 587/587/587
f 587/587/587 597/597/597 598/598/598
f 587/587/587 598/598/598 588/588/588
f 588/588/588 598/598/598 599/599/599
f 588/588/588 599/599/599 589/589/589
f 589/589/589 599/599/599 600/600/600
f 589/589/589 600/600/600 590/590/590
f 590/590/590 600/600/600 601/601/601
f 590/590/590 601/601/601 591/591/591
f 591/591/591 601/601/601 602/602/602
f 591/591/591 602/602/602 592/592/592
f 592/592/592 602/602/602 603/603/603
f 592/592/592 603/603/603 593/593/593
f 593/593/593 603/603/603 604/604/604
f 593/593/593 604/604/604 594/594/594
f 594/594/594 604/604/604 595/595/595
f 594/594/594 595/595/595 585/585/585
f 595/595/595 605/605/605 606/606/606
f 595/595/595 606/606/606 596/596/596
f 596/596/596 606/606/606 607/607/607
f 596/596/596 607/607/607 597/597/597
f 597/597/597 607/607/607 608/608/608
f 597/597/597 608/608/608 598/598/598
f 598/598/598 608/608/608 609/609/609
f 598/598/598 609/609/609 599/599/599
f 599/599/599 609/609/609 610/610/610
f 599/599/599 610/610/610 600/600/600
f 600/600/600 610/610/610 611/611/611
f 600/600/600 611/611/611 601/601/601
f 601/601/601 611/611/611 612/612/612
f 601/601/601 612/612/612 602/602/602
f 602/602/602 612/612/612 613/613/613
f 602/602/602 613/613/613 603/603/603
f 603/603/603 613/613/613 614/614/614
f 603/603/603 614/614/614 604/604/604
f 604/604/604 614/614/614 605/605/605
f 604/604/604 605/605/605 595/595/595
f 615/615/615 576/576/576 575/575/575
f 615/615/615 577/577/577 576/576/576
f 615/615/615 578/578/578 577/577/577
f 615/615/615 579/579/579 578/578/578
f 615/615/615 580/580/580 579/579/579
f 615/615/615 581/581/581 580/580/580
f 615/615/615 582/582/582 581/581/581
f 615/615/615 583/583/583 582/582/582
f 615/615/615 584/584/584 583/583/583
f 615/615/615 575/575/575 584/584/584
f 616/616/616 605/605/605 606/606/606
f 616/616/616 606/606/606 607/607/607
f 616/616/616 607/607/607 608/608/608
f 616/616/616 608/608/608 609/609/609
f 616/616/616 609/609/609 610/610/610
f 616/616/616 610/610/610 611/611/611
f 616/616/616 611/611/611 612/612/612
f 616/616/616 612/612/612 613/613/613
f 616/616/616 613/613/613 614/614/614
f 616/616/616 614/614/614 605/605/605
f 617/617/617 627/627/627 628/628/628
f 617/617/617 628/628/628 618/618/618
f 618/618/618 628/628/628 629/629/629
f 618/618/618 629/629/629 619/619/619
f 619/619/619 629/629/629 630/630/630
f 619/619/619 630/630/630 620/620/620
f 620/620/620 630/630/630 631/631/631
f 620/620/620 631/631/631 621/621/621
f 621/621/621 631/631/631 632/632/632
f 621/621/621 632/632/632 622/622/622
f 622/622/622 632/632/632 633/633/633
f 622/622/622 633/633/633 623/623/623
f 623/623/623 633/633/633 634/634/634
f 623/623/623 634/634/634 624/624/624
f 624/624/624 634/634/634 635/635/635
f 624/624/624 635/635/635 625/625/625
f 625/625/625 635/635/635 636/636/636
f 625/625/625 636/636/636 626/626/626
f 626/626/626 636/636/636 627/627/627
f 626/626/626 627/627/627 617/617/617
f 627/627/627 637/637/637 638/638/638
f 627/627/627 638/638/638 628/628/628
f 628/628/628 638/638/638 639/639/639
f 628/628/628 639/639/639 629/629/629
f 629/629/629 639/639/639 640/640/640
f 629/629/629 640/640/640 630/630/630
f 630/630/630 640/640/640 641/641/641
f 630/630/630 641/641/641 631/631/631
f 631/631/631 641/641/641 642/642/642
f 631/631/631 642/642/642 632/632/632
f 632/632/632 642/642/642 643/643/643
f 632/632/632 643/643/643 633/633/633
f 633/633/633 643/643/643 644/644/644
f 633/633/633 644/644/644 634/634/634
f 634/634/634 644/644/644 645/645/645
f 634/634/634 645/645/645 635/635/635
f 635/635/635 645/645/645 646/646/646
f 635/635/635 646/646/646 636/636/636
f 636/636/636 646/646/646 637/637/637
f 636/636/636 637/637/637 627/627/627
f 637/637/637 647/647/647 648/648/648
f 637/637/637 648/648/648 638/638/638
f 638/638/638 648/648/648 649/649/649
f 638/638/638 649/649/649 639/639/639
f 639/639/639 649/649/649 650/650/650
f 639/639/639 650/650/650 640/640/640
f 640/640/640 650/650/650 651/651/651
f 640/640/640 651/651/651 641/641/641
f 641/641/641 651/651/651 652/652/652
f 641/641/641 652/652/652 642/642/642
f 642/642/642 652/652/652 653/653/653
f 642/642/642 653/653/653 643/643/643
f 643/643/643 653/653/653 654/654/654
f 643/643/643 654/654/654 644/644/644
f 644/644/644 654/654/654 655/655/655
f 644/644/644 655/655/655 645/645/645
f 645/645/645 655/655/655 656/656/656
f 645/645/645 656/656/656 646/646/646
f 646/646/646 656/656/656 647/647/647
f 646/646/646 647/647/647 637/637/637
f 657/657/657 618/618/618 617/617/617
f 657/657/657 619/619/619 618/618/618
f 657/657/657 620/620/620 619/619/619
f 657/657/657 621/621/621 620/620/620
f 657/657/657 622/622/622 621/621/621
f 657/657/657 623/623/623 622/622/622
f 657/657/657 624/624/624 623/623/623
f 657/657/657 625/625/625 624/624/624
f 657/657/657 626/626/626 625/625/625
f 657/657/657 617/617/617 626/626/626
f 658/658/658 647/647/647 648/648/648
f 658/658/658 648/648/648 649/649/649
f 658/658/658 649/649/649 650/650/650
f 658/658/658 650/650/650 651/651/651
f 658/658/658 651/651/651 652/652/652
f 658/658/658 652/652/652 653/653/653
f 658/658/658 653/653/653 654/654/654
f 658/658/658 654/654/654 655/655/655
f 658/658/658 655/655/655 656/656/656
f 658/658/658 656/656/656 647/647/647
f 659/659/659 669/669/669 670/670/670
f 659/659/659 670/670/670 660/660/660
f 660/660/660 670/670/670 671/671/671
f 660/660/660 671/671/671 661/661/661
f 661/661/661 671/671/671 672/672/672
f 661/661/661 672/672/672 662/662/662
f 662/662/662 672/672/672 673/673/673
f 662/662/662 673/673/673 663/663/663
f 663/663/663 673/673/673 674/674/674
f 663/663/663 674/674/674 664/664/664
f 664/664/664 674/674/674 675/675/675
f 664/664/664 675/675/675 665/665/665
f 665/665/665 675/675/675 676/676/676
f 665/665/665 676/676/676 666/666/666
f 666/666/666 676/676/676 677/677/677
f 666/666/666 677/677/677 667/667/667
f 667/667/667 677/677/677 678/678/678
f 667/667/667 678/678/678 668/668/668
f 668/668/668 678/678/678 669/669/669
f 668/668/668 669/669/669 659/659/659
f 669/669/669 679/679/679 680/680/680
f 669/669/669 680/680/680 670/670/670
f 670/670/670 680/680/680 681/681/681
f 670/670/670 681/681/681 671/671/671
f 671/671/671 681/681/681 682/682/682
f 671/671/671 682/682/682 672/672/672
f 672/672/672 682/682/682 683/683/683
f 672/672/672 683/683/683 673/673/673
f 673/673/673 683/683/683 684/684/684
f 673/673/673 684/684/684 674/674/674
f 674/674/674 684/684/684 685/685/685
f 674/674/674 685/685/685 675/675/675
f 675/675/675 685/685/685 686/686/686
f 675/675/675 686/686/686 676/676/676
f 676/676/676 686/686/686 687/687/687
f 676/676/676 687/687/687 677/677/677
f 677/677/677 687/687/687 688/688/688
f 677/677/677 688/688/688 678/678/678
f 678/678/678 688/688/688 679/679/679
f 678/678/678 679/679/679 669/669/669
f 679/679/679 689/689/689 690/690/690
f 679/679/679 690/690/690 680/680/680
f 680/680/680 690/690/690 691/691/691
f 680/680/680 691/691/691 681/681/681
f 681/681/681 691/691/691 692/692/692
f 681/681/681 692/692/692 682/682/682
f 682/682/682 692/692/692 693/693/693
f 682/682/682 693/693/693 683/683/683
f 683/683/683 693/693/693 694/694/694
f 683/683/683 694/694/694 684/684/684
f 684/684/684 694/694/694 695/695/695
f 684/684/684 695/695/695 685/685/685
f 685/685/685 695/695/695 696/696/696
f 685/685/685 696/696/696 686/686/686
f 686/686/686 696/696/696 697/697/697
f 686/686/686 697/697/697 687/687/687
f 687/687/687 697/697/697 698/698/698
f 687/687/687 698/698/698 688/688/688
f 688/688/688 698/698/698 689/689/689
f 688/688/688 689/689/689 679/679/679
f 699/699/699 660/660/660 659/659/659
f 699/699/699 661/661/661 660/660/660
f 699/699/699 662/662/662 661/661/661
f 699/699/699 663/663/663 662/662/662
f 699/699/699 664/664/664 663/663/663
f 699/699/699 665/665/665 664/664/664
f 699/699/699 666/666/666 665/665/665
f 699/699/699 667/667/667 666/666/666
f 699/699/699 668/668/668 667/667/667
f 699/699/699 659/659/659 668/668/668
f 700/700/700 689/689/689 690/690/690
f 700/700/700 690/690/690 691/691/691
f 700/700/700 691/691/691 692/692/692
f 700/700/700 692/692/692 693/693/693
f 700/700/700 693/693/693 694/694/694
f 700/700/700 694/694/694 695/695/695
f 700/700/700 695/695/695 696/696/696
f 700/700/700 696/696/696 697/697/697
f 700/700/700 697/697/697 698/698/698
f 700/700/700 698/698/698 689/689/689
f 701/701/701 707/707/707 708/708/708
f 701/701/701 708/708/708 702/702/702
f 702/702/702 708/708/708 709/709/709
f 702/702/702 709/709/709 703/703/703
f 703/703/703 709/709/709 710/710/710
f 703/703/703 710/710/710 704/704/704
f 704/704/704 710/710/710 711/711/711
f 704/704/704 711/711/711 705/705/705
f 705/705/705 711/711/711 712/712/712
f 705/705/705 712/712/712 706/706/706
f 706/706/706 712/712/712 707/707/707
f 706/706/706 707/707/707 701/701/701
f 707/707/707 713/713/713 714/714/714
f 707/707/707 714/714/714 708/708/708
f 708/708/708 714/714/714 715/715/715
f 708/708/708 715/715/715 709/709/709
f 709/709/709 715/715/715 716/716/716
f 709/709/709 716/716/716 710/710/710
f 710/710/710 716/716/716 717/717/717
f 710/710/710 717/717/717 711/711/711
f 711/711/711 717/717/717 718/718/718
f 711/711/711 718/718/718 712/712/712
f 712/712/712 718/718/718 713/713/713
f 712/712/712 713/713/713 707/707/707
f 713/713/713 719/719/719 720/720/720
f 713/713/713 720/720/720 714/714/714
f 714/714/714 720/720/720 721/721/721
f 714/714/714 721/721/721 715/715/715
f 715/715/715 721/721/721 722/722/722
f 715/715/715 722/722/722 716/716/716
f 716/716/716 722/722/722 723/723/723
f 716/716/716 723/723/723 717/717/717
f 717/717/717 723/723/723 724/724/724
f 717/717/717 724/724/724 718/718/718
f 718/718/718 724/724/724 719/719/719
f 718/718/718 719/719/719 713/713/713
f 725/725/725 702/702/702 701/701/701
f 725/725/725 703/703/703 702/702/702
f 725/725/725 704/704/704 703/703/703
f 725/725/725 705/705/705 704/704/704
f 725/725/725 706/706/706 705/705/705
f 725/725/725 701/701/701 706/706/706
f 726/726/726 719/719/719 720/720/720
f 726/726/726 720/720/720 721/721/721
f 726/726/726 721/721/721 722/722/722
f 726/726/726 722/722/722 723/723/723
f 726/726/726 723/723/723 724/724/724
f 726/726/726 724/724/724 719/719/719
f 727/727/727 733/733/733 734/734/734
f 727/727/727 734/734/734 728/728/728
f 728/728/728 734/734/734 735/735/735
f 728/728/728 735/735/735 729/729/729
f 729/729/729 735/735/735 736/736/736
f 729/729/729 736/736/736 730/730/730
f 730/730/730 736/736/736 737/737/737
f 730/730/730 737/737/737 731/731/731
f 731/731/731 737/737/737 738/738/738
f 731/731/731 738/738/738 732/732/732
f 732/732/732 738/738/738 733/733/733
f 732/732/732 733/733/733 727/727/727
f 733/733/733 739/739/739 740/740/740
f 733/733/733 740/740/740 734/734/734
f 734/734/734 740/740/740 741/741/741
f 734/734/734 741/741/741 735/735/735
f 735/735/735 741/741/741 742/742/742
f 735/735/735 742/742/742 736/736/736
f 736/736/736 742/742/742 743/743/743
f 736/736/736 743/743/743 737/737/737
f 737/737/737 743/743/743 744/744/744
f 737/737/737 744/744/744 738/738/738
f 738/738/738 744/744/744 739/739/739
f 738/738/738 739/739/739 733/733/733
f 739/739/739 745/745/745 746/746/746
f 739/739/739 746/746/746 740/740/740
f 740/740/740 746/746/746 747/747/747
f 740/740/740 747/747/747 741/741/741
f 741/741/741 747/747/747 748/748/748
f 741/741/741 748/748/748 742/742/742
f 742/742/742 748/748/748 749/749/749
f 742/742/742 749/749/749 743/743/743
f 743/743/743 749/749/749 750/750/750
f 743/743/743 750/750/750 744/744/744
f 744/744/744 750/750/750 745/745/745
f 744/744/744 745/745/745 739/739/739
f 751/751/751 728/728/728 727/727/727
f 751/751/751 729/729/729 728/728/728
f 751/751/751 730/730/730 729/729/729
f 751/751/751 731/731/731 730/730/730
f 751/751/751 732/732/732 731/731/731
f 751/751/751 727/727/727 732/732/732
f 752/752/752 745/745/745 746/746/746
f 752/752/752 746/746/746 747/747/747
f 752/752/752 747/747/747 748/748/748
f 752/752/752 748/748/748 749/749/749
f 752/752/752 749/749/749 750/750/750
f 752/752/752 750/750/750 745/745/745
f 753/753/753 763/763/763 764/764/764
f 753/753/753 764/764/764 754/754/754
f 754/754/754 764/764/764 765/765/765
f 754/754/754 765/765/765 755/755/755
f 755/755/755 765/765/765 766/766/766
f 755/755/755 766/766/766 756/756/756
f 756/756/756 766/766/766 767/767/767
f 756/756/756 767/767/767 757/757/757
f 757/757/757 767/767/767 768/768/768
f 757/757/757 768/768/768 758/758/758
f 758/758/758 768/768/768 769/769/769
f 758/758/758 769/769/769 759/759/759
f 759/759/759 769/769/769 770/770/770
f 759/759/759 770/770/770 760/760/760
f 760/760/760 770/770/770 771/771/771
f 760/760/760 771/771/771 761/761/761
f 761/761/761 771/771/771 772/772/772
f 761/761/761 772/772/772 762/762/762
f 762/762/762 772/772/772 763/763/763
f 762/762/762 763/763/763 753/753/753
f 763/763/763 773/773/773 774/774/774
f 763/763/763 774/774/774 764/764/764
f 764/764/764 774/774/774 775/775/775
f 764/764/764 775/775/775 765/765/765
f 765/765/765 775/775/775 776/776/776
f 765/765/765 776/776/776 766/766/766
f 766/766/766 776/776/776 777/777/777
f 766/766/766 777/777/777 767/767/767
f 767/767/767 777/777/777 778/778/778
f 767/767/767 778/778/778 768/768/768
f 768/768/768 778/778/778 779/779/779
f 768/768/768 779/779/779 769/769/769
f 769/769/769 779/779/779 780/780/780
f 769/769/769 780/780/780 770/770/770
f 770/770/770 780/780/780 781/781/781
f 770/770/770 781/781/781 771/771/771
f 771/771/771 781/781/781 782/782/782
f 771/771/771 782/782/782 772/772/772
f 772/772/772 782/782/782 773/773/773
f 772/772/772 773/773/773 763/763/763
f 773/773/773 783/783/783 784/784/784
f 773/773/773 784/784/784 774/774/774
f 774/774/774 784/784/784 785/785/785
f 774/774/774 785/785/785 775/775/775
f 775/775/775 785/785/785 786/786/786
f 775/775/775 786/786/786 776/776/776
f 776/776/776 786/786/786 787/787/787
f 776/776/776 787/787/787 777/777/777
f 777/777/777 787/787/787 788/788/788
f 777/777/777 788/788/788 778/778/778
f 778/778/778 788/788/788 789/789/789
f 778/778/778 789/789/789 779/779/779
f 779/779/779 789/789/789 790/790/790
f 779/779/779 790/790/790 780/780/780
f 780/780/780 790/790/790 791/791/791
f 780/780/780 791/791/791 781/781/781
f 781/781/781 791/791/791 792/792/792
f 781/781/781 792/792/792 782/782/782
f 782/782/782 792/792/792 783/783/783
f 782/782/782 783/783/783 773/773/773
f 793/793/793 754/754/754 753/753/753
f 793/793/793 755/755/755 754/754/754
f 793/793/793 756/756/756 755/755/755
f 793/793/793 757/757/757 756/756/756
f 793/793/793 758/758/758 757/757/757
f 793/793/793 759/759/759 758/758/758
f 793/793/793 760/760/760 759/759/759
f 793/793/793 761/761/761 760/760/760
f 793/793/793 762/762/762 761/761/761
f 793/793/793 753/753/753 762/762/762
f 794/794/794 783/783/783 784/784/784
f 794/794/794 784/784/784 785/785/785
f 794/794/794 785/785/785 786/786/786
f 794/794/794 786/786/786 787/787/787
f 794/794/794 787/787/787 788/788/788
f 794/794/794 788/788/788 789/789/789
f 794/794/794 789/789/789 790/790/790
f 794/794/794 790/790/790 791/791/791
f 794/794/794 791/791/791 792/792/792
f 794/794/794 792/792/792 783/783/783
f 795/795/795 805/805/805 806/806/806
f 795/795/795 806/806/806 796/796/796
f 796/796/796 806/806/806 807/807/807
f 796/796/796 807/807/807 797/797/797
f 797/797/797 807/807/807 808/808/808
f 797/797/797 808/808/808 798/798/798
f 798/798/798 808/808/808 809/809/809
f 798/798/798 809/809/809 799/799/799
f 799/799/799 809/809/809 810/810/810
f 799/799/799 810/810/810 800/800/800
f 800/800/800 810/810/810 811/811/811
f 800/800/800 811/811/811 801/801/801
f 801/801/801 811/811/811 812/812/812
f 801/801/801 812/812/812 802/802/802
f 802/802/802 812/812/812 813/813/813
f 802/802/802 813/813/813 803/803/803
f 803/803/803 813/813/813 814/814/814
f 803/803/803 814/814/814 804/804/804
f 804/804/804 814/814/814 805/805/805
f 804/804/804 805/805/805 795/795/795
f 805/805/805 815/815/815 816/816/816
f 805/805/805 816/816/816 806/806/806
f 806/806/806 816/816/816 817/817/817
f 806/806/806 817/817/817 807/807/807
f 807/807/807 817/817/817 818/818/818
f 807/807/807 818/818/818 808/808/808
f 808/808/808 818/818/818 819/819/819
f 808/808/808 819/819/819 809/809/809
f 809/809/809 819/819/819 820/820/820
f 809/809/809 820/820/820 810/810/810
f 810/810/810 820/820/820 821/821/821
f 810/810/810 821/821/821 811/811/811
f 811/811/811 821/821/821 822/822/822
f 811/811/811 822/822/822 812/812/812
f 812/812/812 822/822/822 823/823/823
f 812/812/812 823/823/823 813/813/813
f 813/813/813 823/823/823 824/824/824
f 813/813/813 824/824/824 814/814/814
f 814/814/814 824/824/824 815/815/815
f 814/814/814 815/815/815 805/805/805
f 815/815/815 825/825/825 826/826/826
f 815/815/815 826/826/826 816/816/816
f 816/816/816 826/826/826 827/827/827
f 816/816/816 827/827/827 817/817/817
f 817/817/817 827/827/827 828/828/828
f 817/817/817 828/828/828 818/818/818
f 818/818/818 828/828/828 829/829/829
f 818/818/818 829/829/829 819/819/819
f 819/819/819 829/829/829 830/830/830
f 819/819/819 830/830/830 820/820/820
f 820/820/820 830/830/830 831/831/831
f 820/820/820 831/831/831 821/821/821
f 821/821/821 831/831/831 832/832/832
f 821/821/821 832/832/832 822/822/822
f 822/822/822 832/832/832 833/833/833
f 822/822/822 833/833/833 823/823/823
f 823/823/823 833/833/833 834/834/834
f 823/823/823 834/834/834 824/824/824
f 824/824/824 834/834/834 825/825/825
f 824/824/824 825/825/825 815/815/815
f 835/835/835 796/796/796 795/795/795
f 835/835/835 797/797/797 796/796/796
f 835/835/835 798/798/798 797/797/797
f 835/835/835 799/799/799 798/798/798
f 835/835/835 800/800/800 799/799/799
f 835/835/835 801/801/801 800/800/800
f 835/835/835 802/802/802 801/801/801
f 835/835/835 803/803/803 802/802/802
f 835/835/835 804/804/804 803/803/803
f 835/835/835 795/795/795 804/804/804
f 836/836/836 825/825/825 826/826/826
f 836/836/836 826/826/826 827/827/827
f 836/836/836 827/827/827 828/828/828
f 836/836/836 828/828/828 829/829/829
f 836/836/836 829/829/829 830/830/830
f 836/836/836 830/830/830 831/831/831
f 836/836/836 831/831/831 832/832/832
f 836/836/836 832/832/832 833/833/833
f 836/836/836 833/833/833 834/834/834
f 836/836/836 834/834/834 825/825/825
f 837/837/837 847/847/847 848/848/848
f 837/837/837 848/848/848 838/838/838
f 838/838/838 848/848/848 849/849/849
f 838/838/838 849/849/849 839/839/839
f 839/839/839 849/849/849 850/850/850
f 839/839/839 850/850/850 840/840/840
f 840/840/840 850/850/850 851/851/851
f 840/840/840 851/851/851 841/841/841
f 841/841/841 851/851/851 852/852/852
f 841/841/841 852/852/852 842/842/842
f 842/842/842 852/852/852 853/853/853
f 842/842/842 853/853/853 843/843/843
f 843/843/843 853/853/853 854/854/854
f 843/843/843 854/854/854 844/844/844
f 844/844/844 854/854/854 855/855/855
f 844/844/844 855/855/855 845/845/845
f 845/845/845 855/855/855 856/856/856
f 845/845/845 856/856/856 846/846/846
f 846/846/846 856/856/856 847/847/847
f 846/846/846 847/847/847 837/837/837
f 847/847/847 857/857/857 858/858/858
f 847/847/847 858/858/858 848/848/848
f 848/848/848 858/858/858 859/859/859
f 848/848/848 859/859/859 849/849/849
f 849/849/849 859/859/859 860/860/860
f 849/849/849 860/860/860 850/850/850
f 850/850/850 860/860/860 861/861/861
f 850/850/850 861/861/861 851/851/851
f 851/851/851 861/861/861 862/862/862
f 851/851/851 862/862/862 852/852/852
f 852/852/852 862/862/862 863/863/863
f 852/852/852 863/863/863 853/853/853
f 853/853/853 863/863/863 864/864/864
f 853/853/853 864/864/864 854/854/854
f 854/854/854 864/864/864 865/865/865
f 854/854/854 865/865/865 855/855/855
f 855/855/855 865/865/865 866/866/866
f 855/855/855 866/866/866 856/856/856
f 856/856/856 866/866/866 857/857/857
f 856/856/856 857/857/857 847/847/847
f 857/857/857 867/867/867 868/868/868
f 857/857/857 868/868/868 858/858/858
f 858/858/858 868/868/868 869/869/869
f 858/858/858 869/869/869 859/859/859
f 859/859/859 869/869/869 870/870/870
f 859/859/859 870/870/870 860/860/860
f 860/860/860 870/870/870 871/871/871
f 860/860/860 871/871/871 861/861/861
f 861/861/861 871/871/871 872/872/872
f 861/861/861 872/872/872 862/862/862
f 862/862/862 872/872/872 873/873/873
f 862/862/862 873/873/873 863/863/863
f 863/863/863 873/873/873 874/874/874
f 863/863/863 874/874/874 864/864/864
f 864/864/864 874/874/874 875/875/875
f 864/864/864 875/875/875 865/865/865
f 865/865/865 875/875/875 876/876/876
f 865/865/865 876/876/876 866/866/866
f 866/866/866 876/876/876 867/867/867
f 866/866/866 867/867/867 857/857/857
f 877/877/877 838/838/838 837/837/837
f 877/877/877 839/839/839 838/838/838
f 877/877/877 840/840/840 839/839/839
f 877/877/877 841/841/841 840/840/840
f 877/877/877 842/842/842 841/841/841
f 877/877/877 843/843/843 842/842/842
f 877/877/877 844/844/844 843/843/843
f 877/877/877 845/845/845 844/844/844
f 877/877/877 846/846/846 845/845/845
f 877/877/877 837/837/837 846/846/846
f 878/878/878 867/867/867 868/868/868
f 878/878/878 868/868/868 869/869/869
f 878/878/878 869/869/869 870/870/870
f 878/878/878 870/870/870 871/871/871
f 878/878/878 871/871/871 872/872/872
f 878/878/878 872/872/872 873/873/873
f 878/878/878 873/873/873 874/874/874
f 878/878/878 874/874/874 875/875/875
f 878/878/878 875/875/875 876/876/876
f 878/878/878 876/876/876 867/867/867
f 879/879/879 885/885/885 886/886/886
f 879/879/879 886/886/886 880/880/880
f 880/880/880 886/886/886 887/887/887
f 880/880/880 887/887/887 881/881/881
f 881/881/881 887/887/887 888/888/888
f 881/881/881 888/888/888 882/882/882
f 882/882/882 888/888/888 889/889/889
f 882/882/882 889/889/889 883/883/883
f 883/883/883 889/889/889 890/890/890
f 883/883/883 890/890/890 884/884/884
f 884/884/884 890/890/890 885/885/885
f 884/884/884 885/885/885 879/879/879
f 885/885/885 891/891/891 892/892/892
f 885/885/885 892/892/892 886/886/886
f 886/886/886 892/892/892 893/893/893
f 886/886/886 893/893/893 887/887/887
f 887/887/887 893/893/893 894/894/894
f 887/887/887 894/894/894 888/888/888
f 888/888/888 894/894/894 895/895/895
f 888/888/888 895/895/895 889/889/889
f 889/889/889 895/895/895 896/896/896
f 889/889/889 896/896/896 890/890/890
f 890/890/890 896/896/896 891/891/891
f 890/890/890 891/891/891 885/885/885
f 891/891/891 897/897/897 898/898/898
f 891/891/891 898/898/898 892/892/892
f 892/892/892 898/898/898 899/899/899
f 892/892/892 899/899/899 893/893/893
f 893/893/893 899/899/899 900/900/900
f 893/893/893 900/900/900 894/894/894
f 894/894/894 900/900/900 901/901/901
f 894/894/894 901/901/901 895/895/895
f 895/895/895 901/901/901 902/902/902
f 895/895/895 902/902/902 896/896/896
f 896/896/896 902/902/902 897/897/897
f 896/896/896 897/897/897 891/891/891
f 903/903/903 880/880/880 879/879/879
f 903/903/903 881/881/881 880/880/880
f 903/903/903 882/882/882 881/881/881
f 903/903/903 883/883/883 882/882/882
f 903/903/903 884/884/884 883/883/883
f 903/903/903 879/879/879 884/884/884
f 904/904/904 897/897/897 898/898/898
f 904/904/904 898/898/898 899/899/899
f 904/904/904 899/899/899 900/900/900
f 904/904/904 900/900/900 901/901/901
f 904/904/904 901/901/901 902/902/902
f 904/904/904 902/902/902 897/897/897
f 905/905/905 911/911/911 912/912/912
f 905/905/905 912/912/912 906/906/906
f 906/906/906 912/912/912 913/913/913
f 906/906/906 913/913/913 907/907/907
f 907/907/907 913/913/913 914/914/914
f 907/907/907 914/914/914 908/908/908
f 908/908/908 914/914/914 915/915/915
f 908/908/908 915/915/915 909/909/909
f 909/909/909 915/915/915 916/916/916
f 909/909/909 916/916/916 910/910/910
f 910/910/910 916/916/916 911/911/911
f 910/910/910 911/911/911 905/905/905
f 911/911/911 917/917/917 918/918/918
f 911/911/911 918/918/918 912/912/912
f 912/912/912 918/918/918 919/919/919
f 912/912/912 919/919/919 913/913/913
f 913/913/913 919/919/919 920/920/920
f 913/913/913 920/920/920 914/914/914
f 914/914/914 920/920/920 921/921/921
f 914/914/914 921/921/921 915/915/915
f 915/915/915 921/921/921 922/922/922
f 915/915/915 922/922/922 916/916/916
f 916/916/916 922/922/922 917/917/917
f 916/916/916 917/917/917 911/911/911
f 917/917/917 923/923/923 924/924/924
f 917/917/917 924/924/924 918/918/918
f 918/918/918 924/924/924 925/925/925
f 918/918/918 925/925/925 919/919/919
f 919/919/919 925/925/925 926/926/926
f 919/919/919 926/926/926 920/920/920
f 920/920/920 926/926/926 927/927/927
f 920/920/920 927/927/927 921/921/921
f 921/921/921 927/927/927 928/928/928
f 921/921/921 928/928/928 922/922/922
f 922/922/922 928/928/928 923/923/923
f 922/922/922 923/923/923 917/917/917
f 929/929/929 906/906/906 905/905/905
f 929/929/929 907/907/907 906/906/906
f 929/929/929 908/908/908 907/907/907
f 929/929/929 909/909/909 908/908/908
f 929/929/929 910/910/910 909/909/909
f 929/929/929 905/905/905 910/910/910
f 930/930/930 923/923/923 924/924/924
f 930/930/930 924/924/924 925/925/925
f 930/930/930 925/925/925 926/926/926
f 930/930/930 926/926/926 927/927/927
f 930/930/930 927/927/927 928/928/928
f 930/930/930 928/928/928 923/923/923
f 931/931/931 941/941/941 942/942/942
f 931/931/931 942/942/942 932/932/932
f 932/932/932 942/942/942 943/943/943
f 932/932/932 943/943/943 933/933/933
f 933/933/933 943/943/943 944/944/944
f 933/933/933 944/944/944 934/934/934
f 934/934/934 944/944/944 945/945/945
f 934/934/934 945/945/945 935/935/935
f 935/935/935 945/945/945 946/946/946
f 935/935/935 946/946/946 936/936/936
f 936/936/936 946/946/946 947/947/947
f 936/936/936 947/947/947 937/937/937
f 937/937/937 947/947/947 948/948/948
f 937/937/937 948/948/948 938/938/938
f 938/938/938 948/948/948 949/949/949
f 938/938/938 949/949/949 939/939/939
f 939/939/939 949/949/949 950/950/950
f 939/939/939 950/950/950 940/940/940
f 940/940/940 950/950/950 941/941/941
f 940/940/940 941/941/941 931/931/931
f 941/941/941 951/951/951 952/952/952
f 941/941/941 952/952/952 942/942/942
f 942/942/942 952/952/952 953/953/953
f 942/942/942 953/953/953 943/943/943
f 943/943/943 953/953/953 954/954/954
f 943/943/943 954/954/954 944/944/944
f 944/944/944 954/954/954 955/955/955
f 944/944/944 955/955/955 945/945/945
f 945/945/945 955/955/955 956/956/956
f 945/945/945 956/956/956 946/946/946
f 946/946/946 956/956/956 957/957/957
f 946/946/946 957/957/957 947/947/947
f 947/947/947 957/957/957 958/958/958
f 947/947/947 958/958/958 948/948/948
f 948/948/948 958/958/958 959/959/959
f 948/948/948 959/959/959 949/949/949
f 949/949/949 959/959/959 960/960/960
f 949/949/949 960/960/960 950/950/950
f 950/950/950 960/960/960 951/951/951
f 950/950/950 951/951/951 941/941/941
f 951/951/951 961/961/961 962/962/962
f 951/951/951 962/962/962 952/952/952
f 952/952/952 962/962/962 963/963/963
f 952/952/952 963/963/963 953/953/953
f 953/953/953 963/963/963 964/964/964
f 953/953/953 964/964/964 954/954/954
f 954/954/954 964/964/964 965/965/965
f 954/954/954 965/965/965 955/955/955
f 955/955/955 965/965/965 966/966/966
f 955/955/955 966/966/966 956/956/956
f 956/956/956 966/966/966 967/967/967
f 956/956/956 967/967/967 957/957/957
f 957/957/957 967/967/967 968/968/968
f 957/957/957 968/968/968 958/958/958
f 958/958/958 968/968/968 969/969/969
f 958/958/958 969/969/969 959/959/959
f 959/959/959 969/969/969 970/970/970
f 959/959/959 970/970/970 960/960/960
f 960/960/960 970/970/970 961/961/961
f 960/960/960 961/961/961 951/951/951
f 971/971/971 932/932/932 931/931/931
f 971/971/971 933/933/933 932/932/932
f 971/971/971 934/934/934 933/933/933
f 971/971/971 935/935/935 934/934/934
f 971/971/971 936/936/936 935/935/935
f 971/971/971 937/937/937 936/936/936
f 971/971/971 938/938/938 937/937/937
f 971/971/971 939/939/939 938/938/938
f 971/971/971 940/940/940 939/939/939
f 971/971/971 931/931/931 940/940/940
f 972/972/972 961/961/961 962/962/962
f 972/972/972 962/962/962 963/963/963
f 972/972/972 963/963/963 964/964/964
f 972/972/972 964/964/964 965/965/965
f 972/972/972 965/965/965 966/966/966
f 972/972/972 966/966/966 967/967/967
f 972/972/972 967/967/967 968/968/968
f 972/972/972 968/968/968 969/969/969
f 972/972/972 969/969/969 970/970/970
f 972/972/972 970/970/970 961/961/961
f 973/973/973 983/983/983 984/984/984
f 973/973/973 984/984/984 974/974/974
f 974/974/974 984/984/984 985/985/985
f 974/974/974 985/985/985 975/975/975
f 975/975/975 985/985/985 986/986/986
f 975/975/975 986/986/986 976/976/976
f 976/976/976 986/986/986 987/987/987
f 976/976/976 987/987/987 977/977/977
f 977/977/977 987/987/987 988/988/988
f 977/977/977 988/988/988 978/978/978
f 978/978/978 988/988/988 989/989/989
f 978/978/978 989/989/989 979/979/979
f 979/979/979 989/989/989 990/990/990
f 979/979/979 990/990/990 980/980/980
f 980/980/980 990/990/990 991/991/991
f 980/980/980 991/991/991 981/981/981
f 981/981/981 991/991/991 992/992/992
f 981/981/981 992/992/992 982/982/982
f 982/982/982 992/992/992 983/983/983
f 982/982/982 983/983/983 973/973/973
f 983/983/983 993/993/993 994/994/994
f 983/983/983 994/994/994 984/984/984
f 984/984/984 994/994/994 995/995/995
f 984/984/984 995/995/995 985/985/985
f 985/985/985 995/995/995 996/996/996
f 985/985/985 996/996/996 986/986/986
f 986/986/986 996/996/996 997/997/997
f 986/986/986 997/997/997 987/987/987
f 987/987/987 997/997/997 998/998/998
f 987/987/987 998/998/998 988/988/988
f 988/988/988 998/998/998 999/999/999
f 988/988/988 999/999/999 989/989/989
f 989/989/989 999/999/999 1000/1000/1000
f 989/989/989 1000/1000/1000 990/990/990
f 990/990/990 1000/1000/1000 1001/1001/1001
f 990/990/990 1001/1001/1001 991/991/991
f 991/991/991 1001/1001/1001 1002/1002/1002
f 991/991/991 1002/1002/1002 992/992/992
f 992/992/992 1002/1002/1002 993/993/993
f 992/992/992 993/993/993 983/983/983
f 993/993/993 1003/1003/1003 1004/1004/1004
f 993/993/993 1004/1004/1004 994/994/994
f 994/994/994 1004/1004/1004 1005/1005/1005
f 994/994/994 1005/1005/1005 995/995/995
f 995/995/995 1005/1005/1005 1006/1006/1006
f 995/995/995 1006/1006/1006 996/996/996
f 996/996/996 1006/1006/1006 1007/1007/1007
f 996/996/996 1007/1007/1007 997/997/997
f 997/997/997 1007/1007/1007 1008/1008/1008
f 997/997/997 1008/1008/1008 998/998/998
f 998/998/998 1008/1008/1008 1009/1009/1009
f 998/998/998 1009/1009/1009 999/999/999
f 999/999/999 1009/1009/1009 1010/1010/1010
f 999/999/999 1010/1010/1010 1000/1000/1000
f 1000/1000/1000 1010/1010/1010 1011/1011/1011
f 1000/1000/1000 1011/1011/1011 1001/1001/1001
f 1001/1001/1001 1011/1011/1011 1012/1012/1012
f 1001/1001/1001 1012/1012/1012 1002/1002/1002
f 1002/1002/1002 1012/1012/1012 1003/1003/1003
f 1002/1002/1002 1003/1003/1003 993/993/993
f 1013/1013/1013 974/974/974 973/973/973
f 1013/1013/1013 975/975/975 974/974/974
f 1013/1013/1013 976/976/976 975/975/975
f 1013/1013/1013 977/977/977 976/976/976
f 1013/1013/1013 978/978/978 977/977/977
f 1013/1013/1013 979/979/979 978/978/978
f 1013/1013/1013 980/980/980 979/979/979
f 1013/1013/1013 981/981/981 980/980/980
f 1013/1013/1013 982/982/982 981/981/981
f 1013/1013/1013 973/973/973 982/982/982
f 1014/1014/1014 1003/1003/1003 1004/1004/1004
f 1014/1014/1014 1004/1004/1004 1005/1005/1005
f 1014/1014/1014 1005/1005/1005 1006/1006/1006
f 1014/1014/1014 1006/1006/1006 1007/1007/1007
f 1014/1014/1014 1007/1007/1007 1008/1008/1008
f 1014/1014/1014 1008/1008/1008 1009/1009/1009
f 1014/1014/1014 1009/1009/1009 1010/1010/1010
f 1014/1014/1014 1010/1010/1010 1011/1011/1011
f 1014/1014/1014 1011/1011/1011 1012/1012/1012
f 1014/1014/1014 1012/1012/1012 1003/1003/1003
f 1015/1015/1015 1025/1025/1025 1026/1026/1026
f 1015/1015/1015 1026/1026/1026 1016/1016/1016
f 1016/1016/1016 1026/1026/1026 1027/1027/1027
f 1016/1016/1016 1027/1027/1027 1017/1017/1017
f 1017/1017/1017 1027/1027/1027 1028/1028/1028
f 1017/1017/1017 1028/1028/1028 1018/1018/1018
f 1018/1018/1018 1028/1028/1028 1029/1029/1029
f 1018/1018/1018 1029/1029/1029 1019/1019/1019
f 1019/1019/1019 1029/1029/1029 1030/1030/1030
f 1019/1019/1019 1030/1030/1030 1020/1020/1020
f 1020/1020/1020 1030/1030/1030 1031/1031/1031
f 1020/1020/1020 1031/1031/1031 1021/1021/1021
f 1021/1021/1021 1031/1031/1031 1032/1032/1032
f 1021/1021/1021 1032/1032/1032 1022/1022/1022
f 1022/1022/1022 1032/1032/1032 1033/1033/1033
f 1022/1022/1022 1033/1033/1033 1023/1023/1023
f 1023/1023/1023 1033/1033/1033 1034/1034/1034
f 1023/1023/1023 1034/1034/1034 1024/1024/1024
f 1024/1024/1024 1034/1034/1034 1025/1025/1025
f 1024/1024/1024 1025/1025/1025 1015/1015/1015
f 1025/1025/1025 1035/1035/1035 1036/1036/1036
f 1025/1025/1025 1036/1036/1036 1026/1026/1026
f 1026/1026/1026 1036/1036/1036 1037/1037/1037
f 1026/1026/1026 1037/1037/1037 1027/1027/1027
f 1027/1027/1027 1037/1037/1037 1038/1038/1038
f 1027/1027/1027 1038/1038/1038 1028/1028/1028
f 1028/1028/1028 1038/1038/1038 1039/1039/1039
f 1028/1028/1028 1039/1039/1039 1029/1029/1029
f 1029/1029/1029 1039/1039/1039 1040/1040/1040
f 1029/1029/1029 1040/1040/1040 1030/1030/1030
f 1030/1030/1030 1040/1040/1040 1041/1041/1041
f 1030/1030/1030 1041/1041/1041 1031/1031/1031
f 1031/1031/1031 1041/1041/1041 1042/1042/1042
f 1031/1031/1031 1042/1042/1042 1032/1032/1032
f 1032/1032/1032 1042/1042/1042 1043/1043/1043
f 1032/1032/1032 1043/1043/1043 1033/1033/1033
f 1033/1033/1033 1043/1043/1043 1044/1044/1044
f 1033/1033/1033 1044/1044/1044 1034/1034/1034
f 1034/1034/1034 1044/1044/1044 1035/1035/1035
f 1034/1034/1034 1035/1035/1035 1025/1025/1025
f 1035/1035/1035 1045/1045/1045 1046/1046/1046
f 1035/1035/1035 1046/1046/1046 1036/1036/1036
f 1036/1036/1036 1046/1046/1046 1047/1047/1047
f 1036/1036/1036 1047/1047/1047 1037/1037/1037
f 1037/1037/1037 1047/1047/1047 1048/1048/1048
f 1037/1037/1037 1048/1048/1048 1038/1038/1038
f 1038/1038/1038 1048/1048/1048 1049/1049/1049
f 1038/1038/1038 1049/1049/1049 1039/1039/1039
f 1039/1039/1039 1049/1049/1049 1050/1050/1050
f 1039/1039/1039 1050/1050/1050 1040/1040/1040
f 1040/1040/1040 1050/1050/1050 1051/1051/1051
f 1040/1040/1040 1051/1051/1051 1041/1041/1041
f 1041/1041/1041 1051/1051/1051 1052/1052/1052
f 1041/1041/1041 1052/1052/1052 1042/1042/1042
f 1042/1042/1042 1052/1052/1052 1053/1053/1053
f 1042/1042/1042 1053/1053/1053 1043/1043/1043
f 1043/1043/1043 1053/1053/1053 1054/1054/1054
f 1043/1043/1043 1054/1054/1054 1044/1044/1044
f 1044/1044/1044 1054/1054/1054 1045/1045/1045
f 1044/1044/1044 1045/1045/1045 1035/1035/1035
f 1055/1055/1055 1016/1016/1016 1015/1015/1015
f 1055/1055/1055 1017/1017/1017 1016/1016/1016
f 1055/1055/1055 1018/1018/1018 1017/1017/1017
f 1055/1055/1055 1019/1019/1019 1018/1018/1018
f 1055/1055/1055 1020/1020/1020 1019/1019/1019
f 1055/1055/1055 1021/1021/1021 1020/1020/1020
f 1055/1055/1055 1022/1022/1022 1021/1021/1021
f 1055/1055/1055 1023/1023/1023 1022/1022/1022
f 1055/1055/1055 1024/1024/1024 1023/1023/1023
f 1055/1055/1055 1015/1015/1015 1024/1024/1024
f 1056/1056/1056 1045/1045/1045 1046/1046/1046
f 1056/1056/1056 1046/1046/1046 1047/1047/1047
f 1056/1056/1056 1047/1047/1047 1048/1048/1048
f 1056/1056/1056 1048/1048/1048 1049/1049/1049
f 1056/1056/1056 1049/1049/1049 1050/1050/1050
f 1056/1056/1056 1050/1050/1050 1051/1051/1051
f 1056/1056/1056 1051/1051/1051 1052/1052/1052
f 1056/1056/1056 1052/1052/1052 1053/1053/1053
f 1056/1056/1056 1053/1053/1053 1054/1054/1054
f 1056/1056/1056 1054/1054/1054 1045/1045/1045
f 1057/1057/1057 1063/1063/1063 1064/1064/1064
f 1057/1057/1057 1064/1064/1064 1058/1058/1058
f 1058/1058/1058 1064/1064/1064 1065/1065/1065
f 1058/1058/1058 1065/1065/1065 1059/1059/1059
f 1059/1059/1059 1065/1065/1065 1066/1066/1066
f 1059/1059/1059 1066/1066/1066 1060/1060/1060
f 1060/1060/1060 1066/1066/1066 1067/1067/1067
f 1060/1060/1060 1067/1067/1067 1061/1061/1061
f 1061/1061/1061 1067/1067/1067 1068/1068/1068
f 1061/1061/1061 1068/1068/1068 1062/1062/1062
f 1062/1062/1062 1068/1068/1068 1063/1063/1063
f 1062/1062/1062 1063/1063/1063 1057/1057/1057
f 1063/1063/1063 1069/1069/1069 1070/1070/1070
f 1063/1063/1063 1070/1070/1070 1064/1064/1064
f 1064/1064/1064 1070/1070/1070 1071/1071/1071
f 1064/1064/1064 1071/1071/1071 1065/1065/1065
f 1065/1065/1065 1071/1071/1071 1072/1072/1072
f 1065/1065/1065 1072/1072/1072 1066/1066/1066
f 1066/1066/1066 1072/1072/1072 1073/1073/1073
f 1066/1066/1066 1073/1073/1073 1067/1067/1067
f 1067/1067/1067 1073/1073/1073 1074/1074/1074
f 1067/1067/1067 1074/1074/1074 1068/1068/1068
f 1068/1068/1068 1074/1074/1074 1069/1069/1069
f 1068/1068/1068 1069/1069/1069 1063/1063/1063
f 1069/1069/1069 1075/1075/1075 1076/1076/1076
f 1069/1069/1069 1076/1076/1076 1070/1070/1070
f 1070/1070/1070 1076/1076/1076 1077/1077/1077
f 1070/1070/1070 1077/1077/1077 1071/1071/1071
f 1071/1071/1071 1077/1077/1077 1078/1078/1078
f 1071/1071/1071 1078/1078/1078 1072/1072/1072
f 1072/1072/1072 1078/1078/1078 1079/1079/1079
f 1072/1072/1072 1079/1079/1079 1073/1073/1073
f 1073/1073/1073 1079/1079/1079 1080/1080/1080
f 1073/1073/1073 1080/1080/1080 1074/1074/1074
f 1074/1074/1074 1080/1080/1080 1075/1075/1075
f 1074/1074/1074 1075/1075/1075 1069/1069/1069
f 1081/1081/1081 1058/1058/1058 1057/1057/1057
f 1081/1081/1081 1059/1059/1059 1058/1058/1058
f 1081/1081/1081 1060/1060/1060 1059/1059/1059
f 1081/1081/1081 1061/1061/1061 1060/1060/1060
f 1081/1081/1081 1062/1062/1062 1061/1061/1061
f 1081/1081/1081 1057/1057/1057 1062/1062/1062
f 1082/1082/1082 1075/1075/1075 1076/1076/1076
f 1082/1082/1082 1076/1076/1076 1077/1077/1077
f 1082/1082/1082 1077/1077/1077 1078/1078/1078
f 1082/1082/1082 1078/1078/1078 1079/1079/1079
f 1082/1082/1082 1079/1079/1079 1080/1080/1080
f 1082/1082/1082 1080/1080/1080 1075/1075/1075
f 1083/1083/1083 1093/1093/1093 1094/1094/1094
f 1083/1083/1083 1094/1094/1094 1084/1084/1084
f 1084/1084/1084 1094/1094/1094 1095/1095/1095
f 1084/1084/1084 1095/1095/1095 1085/1085/1085
f 1085/1085/1085 1095/1095/1095 1096/1096/1096
f 1085/1085/1085 1096/1096/1096 1086/1086/1086
f 1086/1086/1086 1096/1096/1096 1097/1097/1097
f 1086/1086/1086 1097/1097/1097 1087/1087/1087
f 1087/1087/1087 1097/1097/1097 1098/1098/1098
f 1087/1087/1087 1098/1098/1098 1088/1088/1088
f 1088/1088/1088 1098/1098/1098 1099/1099/1099
f 1088/1088/1088 1099/1099/1099 1089/1089/1089
f 1089/1089/1089 1099/1099/1099 1100/1100/1100
f 1089/1089/1089 1100/1100/1100 1090/1090/1090
f 1090/1090/1090 1100/1100/1100 1101/1101/1101
f 1090/1090/1090 1101/1101/1101 1091/1091/1091
f 1091/1091/1091 1101/1101/1101 1102/1102/1102
f 1091/1091/1091 1102/1102/1102 1092/1092/1092
f 1092/1092/1092 1102/1102/1102 1093/1093/1093
f 1092/1092/1092 1093/1093/1093 1083/1083/1083
f 1093/1093/1093 1103/1103/1103 1104/1104/1104
f 1093/1093/1093 1104/1104/1104 1094/1094/1094
f 1094/1094/1094 1104/1104/1104 1105/1105/1105
f 1094/1094/1094 1105/1105/1105 1095/1095/1095
f 1095/1095/1095 1105/1105/1105 1106/1106/1106
f 1095/1095/1095 1106/1106/1106 1096/1096/1096
f 1096/1096/1096 1106/1106/1106 1107/1107/1107
f 1096/1096/1096 1107/1107/1107 1097/1097/1097
f 1097/1097/1097 1107/1107/1107 1108/1108/1108
f 1097/1097/1097 1108/1108/1108 1098/1098/1098
f 1098/1098/1098 1108/1108/1108 1109/1109/1109
f 1098/1098/1098 1109/1109/1109 1099/1099/1099
f 1099/1099/1099 1109/1109/1109 1110/1110/1110
f 1099/1099/1099 1110/1110/1110 1100/1100/1100
f 1100/1100/1100 1110/1110/1110 1111/1111/1111
f 1100/1100/1100 1111/1111/1111 1101/1101/1101
f 1101/1101/1101 1111/1111/1111 1112/1112/1112
f 1101/1101/1101 1112/1112/1112 1102/1102/1102
f 1102/1102/1102 1112/1112/1112 1103/1103/1103
f 1102/1102/1102 1103/1103/1103 1093/1093/1093
f 1103/1103/1103 1113/1113/1113 1114/1114/1114
f 1103/1103/1103 1114/1114/1114 1104/1104/1104
f 1104/1104/1104 1114/1114/1114 1115/1115/1115
f 1104/1104/1104 1115/1115/1115 1105/1105/1105
f 1105/1105/1105 1115/1115/1115 1116/1116/1116
f 1105/1105/1105 1116/1116/1116 1106/1106/1106
f 1106/1106/1106 1116/1116/1116 1117/1117/1117
f 1106/1106/1106 1117/1117/1117 1107/1107/1107
f 1107/1107/1107 1117/1117/1117 1118/1118/1118
f 1107/1107/1107 1118/1118/1118 1108/1108/1108
f 1108/1108/1108 1118/1118/1118 1119/1119/1119
f 1108/1108/1108 1119/1119/1119 1109/1109/1109
f 1109/1109/1109 1119/1119/1119 1120/1120/1120
f 1109/1109/1109 1120/1120/1120 1110/1110/1110
f 1110/1110/1110 1120/1120/1120 1121/1121/1121
f 1110/1110/1110 1121/1121/1121 1111/1111/1111
f 1111/1111/1111 1121/1121/1121 1122/1122/1122
f 1111/1111/1111 1122/1122/1122 1112/1112/1112
f 1112/1112/1112 1122/1122/1122 1113/1113/1113
f 1112/1112/1112 1113/1113/1113 1103/1103/1103
f 1123/1123/1123 1084/1084/1084 1083/1083/1083
f 1123/1123/1123 1085/1085/1085 1084/1084/1084
f 1123/1123/1123 1086/1086/1086 1085/1085/1085
f 1123/1123/1123 1087/1087/1087 1086/1086/1086
f 1123/1123/1123 1088/1088/1088 1087/1087/1087
f 1123/1123/1123 1089/1089/1089 1088/1088/1088
f 1123/1123/1123 1090/1090/1090 1089/1089/1089
f 1123/1123/1123 1091/1091/1091 1090/1090/1090
f 1123/1123/1123 1092/1092/1092 1091/1091/1091
f 1123/1123/1123 1083/1083/1083 1092/1092/1092
f 1124/1124/1124 1113/1113/1113 1114/1114/1114
f 1124/1124/1124 1114/1114/1114 1115/1115/1115
f 1124/1124/1124 1115/1115/1115 1116/1116/1116
f 1124/1124/1124 1116/1116/1116 1117/1117/1117
f 1124/1124/1124 1117/1117/1117 1118/1118/1118
f 1124/1124/1124 1118/1118/1118 1119/1119/1119
f 1124/1124/1124 1119/1119/1119 1120/1120/1120
f 1124/1124/1124 1120/1120/1120 1121/1121/1121
f 1124/1124/1124 1121/1121/1121 1122/1122/1122
f 1124/1124/1124 1122/1122/1122 1113/1113/1113
f 1125/1125/1125 1126/1126/1126 1127/1127/1127
f 1125/1125/1125 1127/1127/1127 1128/1128/1128
f 1129/1129/1129 1130/1130/1130 1131/1131/1131
f 1129/1129/1129 1131/1131/1131 1132/1132/1132
f 1133/1133/1133 1134/1134/1134 1135/1135/1135
f 1133/1133/1133 1135/1135/1135 1136/1136/1136
f 1137/1137/1137 1138/1138/1138 1139/1139/1139
f 1137/1137/1137 1139/1139/1139 1140/1140/1140
f 1141/1141/1141 1142/1142/1142 1143/1143/1143
f 1141/1141/1141 1143/1143/1143 1144/1144/1144
f 1145/1145/1145 1146/1146/1146 1147/1147/1147
f 1145/1145/1145 1147/1147/1147 1148/1148/1148
f 1149/1149/1149 1150/1150/1150 1151/1151/1151
f 1149/1149/1149 1151/1151/1151 1152/1152/1152
f 1153/1153/1153 1154/1154/1154 1155/1155/1155
f 1153/1153/1153 1155/1155/1155 1156/1156/1156
f 1157/1157/1157 1158/1158/1158 1159/1159/1159
f 1157/1157/1157 1159/1159/1159 1160/1160/1160
f 1161/1161/1161 1162/1162/1162 1163/1163/1163
f 1161/1161/1161 1163/1163/1163 1164/1164/1164
f 1165/1165/1165 1166/1166/1166 1167/1167/1167
f 1165/1165/1165 1167/1167/1167 1168/1168/1168
f 1169/1169/1169 1170/1170/1170 1171/1171/1171
f 1169/1169/1169 1171/1171/1171 1172/1172/1172
f 1173/1173/1173 1174/1174/1174 1175/1175/1175
f 1173/1173/1173 1175/1175/1175 1176/1176/1176
f 1177/1177/1177 1178/1178/1178 1179/1179/1179
f 1177/1177/1177 1179/1179/1179 1180/1180/1180
f 1181/1181/1181 1182/1182/1182 1183/1183/1183
f 1181/1181/1181 1183/1183/1183 1184/1184/1184
f 1185/1185/1185 1186/1186/1186 1187/1187/1187
f 1185/1185/1185 1187/1187/1187 1188/1188/1188
f 1189/1189/1189 1190/1190/1190 1191/1191/1191
f 1189/1189/1189 1191/1191/1191 1192/1192/1192
f 1193/1193/1193 1194/1194/1194 1195/1195/1195
f 1193/1193/1193 1195/1195/1195 1196/1196/1196
f 1197/1197/1197 1199/1199/1199 1198/1198/1198
f 1200/1200/1200 1201/1201/1201 1202/1202/1202
f 1203/1203/1203 1204/1204/1204 1205/1205/1205
f 1206/1206/1206 1208/1208/1208 1207/1207/1207
f 1209/1209/1209 1210/1210/1210 1211/1211/1211
f 1212/1212/1212 1214/1214/1214 1213/1213/1213
f 1215/1215/1215 1217/1217/1217 1216/1216/1216
f 1218/1218/1218 1219/1219/1219 1220/1220/1220
f 1221/1221/1221 1222/1222/1222 1223/1223/1223
f 1221/1221/1221 1223/1223/1223 1224/1224/1224
f 1225/1225/1225 1226/1226/1226 1227/1227/1227
f 1225/1225/1225 1227/1227/1227 1228/1228/1228
f 1229/1229/1229 1230/1230/1230 1231/1231/1231
f 1229/1229/1229 1231/1231/1231 1232/1232/1232
f 1233/1233/1233 1234/1234/1234 1235/1235/1235
f 1233/1233/1233 1235/1235/1235 1236/1236/1236
f 1237/1237/1237 1238/1238/1238 1239/1239/1239
f 1237/1237/1237 1239/1239/1239 1240/1240/1240
f 1241/1241/1241 1242/1242/1242 1243/1243/1243
f 1241/1241/1241 1243/1243/1243 1244/1244/1244
f 1245/1245/1245 1246/1246/1246 1247/1247/1247
f 1245/1245/1245 1247/1247/1247 1248/1248/1248
f 1249/1249/1249 1250/1250/1250 1251/1251/1251
f 1249/1249/1249 1251/1251/1251 1252/1252/1252
f 1253/1253/1253 1254/1254/1254 1255/1255/1255
f 1253/1253/1253 1255/1255/1255 1256/1256/1256
f 1257/1257/1257 1258/1258/1258 1259/1259/1259
f 1257/1257/1257 1259/1259/1259 1260/1260/1260
f 1261/1261/1261 1262/1262/1262 1263/1263/1263
f 1261/1261/1261 1263/1263/1263 1264/1264/1264
f 1265/1265/1265 1266/1266/1266 1267/1267/1267
f 1265/1265/1265 1267/1267/1267 1268/1268/1268
f 1269/1269/1269 1270/1270/1270 1271/1271/1271
f 1269/1269/1269 1271/1271/1271 1272/1272/1272
f 1273/1273/1273 1274/1274/1274 1275/1275/1275
f 1273/1273/1273 1275/1275/1275 1276/1276/1276
f 1277/1277/1277 1278/1278/1278 1279/1279/1279
f 1277/1277/1277 1279/1279/1279 1280/1280/1280
f 1281/1281/1281 1282/1282/1282 1283/1283/1283
f 1281/1281/1281 1283/1283/1283 1284/1284/1284
f 1285/1285/1285 1286/1286/1286 1287/1287/1287
f 1285/1285/1285 1287/1287/1287 1288/1288/1288
f 1289/1289/1289 1290/1290/1290 1291/1291/1291
f 1289/1289/1289 1291/1291/1291 1292/1292/1292
f 1293/1293/1293 1295/1295/1295 1294/1294/1294
f 1296/1296/1296 1297/1297/1297 1298/1298/1298
f 1299/1299/1299 1300/1300/1300 1301/1301/1301
f 1302/1302/1302 1304/1304/1304 1303/1303/1303
f 1305/1305/1305 1306/1306/1306 1307/1307/1307
f 1308/1308/1308 1310/1310/1310 1309/1309/1309
f 1311/1311/1311 1313/1313/1313 1312/1312/1312
f 1314/1314/1314 1315/1315/1315 1316/1316/1316
