# crossarm_00
mtllib props.mtl
o crossarm_00
usemtl WoodBrown
v -0.845487 -0.033062 0.031503
v 0.845487 -0.033062 0.031503
v 0.845487 0.033062 0.031503
v -0.845487 0.033062 0.031503
v 0.845487 -0.033062 -0.031503
v -0.845487 -0.033062 -0.031503
v -0.845487 0.033062 -0.031503
v 0.845487 0.033062 -0.031503
v -0.845487 0.037062 -0.027503
v 0.845487 0.037062 -0.027503
v 0.845487 0.037062 0.027503
v -0.845487 0.037062 0.027503
v -0.845487 -0.037062 0.027503
v 0.845487 -0.037062 0.027503
v 0.845487 -0.037062 -0.027503
v -0.845487 -0.037062 -0.027503
v 0.849487 -0.033062 -0.027503
v 0.849487 -0.033062 0.027503
v 0.849487 0.033062 0.027503
v 0.849487 0.033062 -0.027503
v -0.849487 -0.033062 0.027503
v -0.849487 -0.033062 -0.027503
v -0.849487 0.033062 -0.027503
v -0.849487 0.033062 0.027503
v -0.845487 0.037062 0.027503
v 0.845487 0.037062 0.027503
v 0.845487 0.033062 0.031503
v -0.845487 0.033062 0.031503
v -0.845487 0.037062 -0.027503
v 0.845487 0.037062 -0.027503
v 0.845487 0.033062 -0.031503
v -0.845487 0.033062 -0.031503
v -0.845487 -0.037062 0.027503
v 0.845487 -0.037062 0.027503
v 0.845487 -0.033062 0.031503
v -0.845487 -0.033062 0.031503
v -0.845487 -0.037062 -0.027503
v 0.845487 -0.037062 -0.027503
v 0.845487 -0.033062 -0.031503
v -0.845487 -0.033062 -0.031503
v 0.849487 -0.033062 0.027503
v 0.849487 0.033062 0.027503
v 0.845487 0.033062 0.031503
v 0.845487 -0.033062 0.031503
v 0.849487 -0.033062 -0.027503
v 0.849487 0.033062 -0.027503
v 0.845487 0.033062 -0.031503
v 0.845487 -0.033062 -0.031503
v -0.849487 -0.033062 0.027503
v -0.849487 0.033062 0.027503
v -0.845487 0.033062 0.031503
v -0.845487 -0.033062 0.031503
v -0.849487 -0.033062 -0.027503
v -0.849487 0.033062 -0.027503
v -0.845487 0.033062 -0.031503
v -0.845487 -0.033062 -0.031503
v 0.849487 0.033062 -0.027503
v 0.849487 0.033062 0.027503
v 0.845487 0.037062 0.027503
v 0.845487 0.037062 -0.027503
v 0.849487 -0.033062 -0.027503
v 0.849487 -0.033062 0.027503
v 0.845487 -0.037062 0.027503
v 0.845487 -0.037062 -0.027503
v -0.849487 0.033062 -0.027503
v -0.849487 0.033062 0.027503
v -0.845487 0.037062 0.027503
v -0.845487 0.037062 -0.027503
v -0.849487 -0.033062 -0.027503
v -0.849487 -0.033062 0.027503
v -0.845487 -0.037062 0.027503
v -0.845487 -0.037062 -0.027503
v -0.845487 -0.033062 -0.031503
v -0.845487 -0.037062 -0.027503
v -0.849487 -0.033062 -0.027503
v -0.845487 -0.033062 0.031503
v -0.845487 -0.037062 0.027503
v -0.849487 -0.033062 0.027503
v -0.845487 0.033062 -0.031503
v -0.845487 0.037062 -0.027503
v -0.849487 0.033062 -0.027503
v -0.845487 0.033062 0.031503
v -0.845487 0.037062 0.027503
v -0.849487 0.033062 0.027503
v 0.845487 -0.033062 -0.031503
v 0.845487 -0.037062 -0.027503
v 0.849487 -0.033062 -0.027503
v 0.845487 -0.033062 0.031503
v 0.845487 -0.037062 0.027503
v 0.849487 -0.033062 0.027503
v 0.845487 0.033062 -0.031503
v 0.845487 0.037062 -0.027503
v 0.849487 0.033062 -0.027503
v 0.845487 0.033062 0.031503
v 0.845487 0.037062 0.027503
v 0.849487 0.033062 0.027503
v -0.722064 0.037062 -0.009200
v -0.730031 0.037062 -0.004600
v -0.730031 0.037062 0.004600
v -0.722064 0.037062 0.009200
v -0.714096 0.037062 0.004600
v -0.714096 0.037062 -0.004600
v -0.722064 0.037062 -0.010000
v -0.730724 0.037062 -0.005000
v -0.730724 0.037062 0.005000
v -0.722064 0.037062 0.010000
v -0.713403 0.037062 0.005000
v -0.713403 0.037062 -0.005000
v -0.722064 0.117062 -0.010000
v -0.730724 0.117062 -0.005000
v -0.730724 0.117062 0.005000
v -0.722064 0.117062 0.010000
v -0.713403 0.117062 0.005000
v -0.713403 0.117062 -0.005000
v -0.722064 0.117062 -0.009200
v -0.730031 0.117062 -0.004600
v -0.730031 0.117062 0.004600
v -0.722064 0.117062 0.009200
v -0.714096 0.117062 0.004600
v -0.714096 0.117062 -0.004600
v -0.722064 0.037062 0.000000
v -0.722064 0.117062 0.000000
v -0.722064 0.127062 -0.036800
v -0.743694 0.127062 -0.029772
v -0.757063 0.127062 -0.011372
v -0.757063 0.127062 0.011372
v -0.743694 0.127062 0.029772
v -0.722064 0.127062 0.036800
v -0.700433 0.127062 0.029772
v -0.687065 0.127062 0.011372
v -0.687065 0.127062 -0.011372
v -0.700433 0.127062 -0.029772
v -0.722064 0.127062 -0.040000
v -0.745575 0.127062 -0.032361
v -0.760106 0.127062 -0.012361
v -0.760106 0.127062 0.012361
v -0.745575 0.127062 0.032361
v -0.722064 0.127062 0.040000
v -0.698552 0.127062 0.032361
v -0.684021 0.127062 0.012361
v -0.684021 0.127062 -0.012361
v -0.698552 0.127062 -0.032361
v -0.722064 0.147062 -0.040000
v -0.745575 0.147062 -0.032361
v -0.760106 0.147062 -0.012361
v -0.760106 0.147062 0.012361
v -0.745575 0.147062 0.032361
v -0.722064 0.147062 0.040000
v -0.698552 0.147062 0.032361
v -0.684021 0.147062 0.012361
v -0.684021 0.147062 -0.012361
v -0.698552 0.147062 -0.032361
v -0.722064 0.147062 -0.036800
v -0.743694 0.147062 -0.029772
v -0.757063 0.147062 -0.011372
v -0.757063 0.147062 0.011372
v -0.743694 0.147062 0.029772
v -0.722064 0.147062 0.036800
v -0.700433 0.147062 0.029772
v -0.687065 0.147062 0.011372
v -0.687065 0.147062 -0.011372
v -0.700433 0.147062 -0.029772
v -0.722064 0.127062 0.000000
v -0.722064 0.147062 0.000000
v -0.722064 0.162062 -0.050600
v -0.751806 0.162062 -0.040936
v -0.770187 0.162062 -0.015636
v -0.770187 0.162062 0.015636
v -0.751806 0.162062 0.040936
v -0.722064 0.162062 0.050600
v -0.692322 0.162062 0.040936
v -0.673940 0.162062 0.015636
v -0.673940 0.162062 -0.015636
v -0.692322 0.162062 -0.040936
v -0.722064 0.162062 -0.055000
v -0.754392 0.162062 -0.044496
v -0.774372 0.162062 -0.016996
v -0.774372 0.162062 0.016996
v -0.754392 0.162062 0.044496
v -0.722064 0.162062 0.055000
v -0.689736 0.162062 0.044496
v -0.669756 0.162062 0.016996
v -0.669756 0.162062 -0.016996
v -0.689736 0.162062 -0.044496
v -0.722064 0.182062 -0.055000
v -0.754392 0.182062 -0.044496
v -0.774372 0.182062 -0.016996
v -0.774372 0.182062 0.016996
v -0.754392 0.182062 0.044496
v -0.722064 0.182062 0.055000
v -0.689736 0.182062 0.044496
v -0.669756 0.182062 0.016996
v -0.669756 0.182062 -0.016996
v -0.689736 0.182062 -0.044496
v -0.722064 0.182062 -0.050600
v -0.751806 0.182062 -0.040936
v -0.770187 0.182062 -0.015636
v -0.770187 0.182062 0.015636
v -0.751806 0.182062 0.040936
v -0.722064 0.182062 0.050600
v -0.692322 0.182062 0.040936
v -0.673940 0.182062 0.015636
v -0.673940 0.182062 -0.015636
v -0.692322 0.182062 -0.040936
v -0.722064 0.162062 0.000000
v -0.722064 0.182062 0.000000
v -0.722064 0.197062 -0.036800
v -0.743694 0.197062 -0.029772
v -0.757063 0.197062 -0.011372
v -0.757063 0.197062 0.011372
v -0.743694 0.197062 0.029772
v -0.722064 0.197062 0.036800
v -0.700433 0.197062 0.029772
v -0.687065 0.197062 0.011372
v -0.687065 0.197062 -0.011372
v -0.700433 0.197062 -0.029772
v -0.722064 0.197062 -0.040000
v -0.745575 0.197062 -0.032361
v -0.760106 0.197062 -0.012361
v -0.760106 0.197062 0.012361
v -0.745575 0.197062 0.032361
v -0.722064 0.197062 0.040000
v -0.698552 0.197062 0.032361
v -0.684021 0.197062 0.012361
v -0.684021 0.197062 -0.012361
v -0.698552 0.197062 -0.032361
v -0.722064 0.217062 -0.040000
v -0.745575 0.217062 -0.032361
v -0.760106 0.217062 -0.012361
v -0.760106 0.217062 0.012361
v -0.745575 0.217062 0.032361
v -0.722064 0.217062 0.040000
v -0.698552 0.217062 0.032361
v -0.684021 0.217062 0.012361
v -0.684021 0.217062 -0.012361
v -0.698552 0.217062 -0.032361
v -0.722064 0.217062 -0.036800
v -0.743694 0.217062 -0.029772
v -0.757063 0.217062 -0.011372
v -0.757063 0.217062 0.011372
v -0.743694 0.217062 0.029772
v -0.722064 0.217062 0.036800
v -0.700433 0.217062 0.029772
v -0.687065 0.217062 0.011372
v -0.687065 0.217062 -0.011372
v -0.700433 0.217062 -0.029772
v -0.722064 0.197062 0.000000
v -0.722064 0.217062 0.000000
v -0.722064 0.232062 -0.013800
v -0.734015 0.232062 -0.006900
v -0.734015 0.232062 0.006900
v -0.722064 0.232062 0.013800
v -0.710113 0.232062 0.006900
v -0.710113 0.232062 -0.006900
v -0.722064 0.232062 -0.015000
v -0.735054 0.232062 -0.007500
v -0.735054 0.232062 0.007500
v -0.722064 0.232062 0.015000
v -0.709073 0.232062 0.007500
v -0.709073 0.232062 -0.007500
v -0.722064 0.257062 -0.015000
v -0.735054 0.257062 -0.007500
v -0.735054 0.257062 0.007500
v -0.722064 0.257062 0.015000
v -0.709073 0.257062 0.007500
v -0.709073 0.257062 -0.007500
v -0.722064 0.257062 -0.013800
v -0.734015 0.257062 -0.006900
v -0.734015 0.257062 0.006900
v -0.722064 0.257062 0.013800
v -0.710113 0.257062 0.006900
v -0.710113 0.257062 -0.006900
v -0.722064 0.232062 0.000000
v -0.722064 0.257062 0.000000
v -0.240688 0.037062 -0.009200
v -0.248655 0.037062 -0.004600
v -0.248655 0.037062 0.004600
v -0.240688 0.037062 0.009200
v -0.232720 0.037062 0.004600
v -0.232720 0.037062 -0.004600
v -0.240688 0.037062 -0.010000
v -0.249348 0.037062 -0.005000
v -0.249348 0.037062 0.005000
v -0.240688 0.037062 0.010000
v -0.232028 0.037062 0.005000
v -0.232028 0.037062 -0.005000
v -0.240688 0.117062 -0.010000
v -0.249348 0.117062 -0.005000
v -0.249348 0.117062 0.005000
v -0.240688 0.117062 0.010000
v -0.232028 0.117062 0.005000
v -0.232028 0.117062 -0.005000
v -0.240688 0.117062 -0.009200
v -0.248655 0.117062 -0.004600
v -0.248655 0.117062 0.004600
v -0.240688 0.117062 0.009200
v -0.232720 0.117062 0.004600
v -0.232720 0.117062 -0.004600
v -0.240688 0.037062 0.000000
v -0.240688 0.117062 0.000000
v -0.240688 0.127062 -0.036800
v -0.262318 0.127062 -0.029772
v -0.275687 0.127062 -0.011372
v -0.275687 0.127062 0.011372
v -0.262318 0.127062 0.029772
v -0.240688 0.127062 0.036800
v -0.219057 0.127062 0.029772
v -0.205689 0.127062 0.011372
v -0.205689 0.127062 -0.011372
v -0.219057 0.127062 -0.029772
v -0.240688 0.127062 -0.040000
v -0.264199 0.127062 -0.032361
v -0.278730 0.127062 -0.012361
v -0.278730 0.127062 0.012361
v -0.264199 0.127062 0.032361
v -0.240688 0.127062 0.040000
v -0.217177 0.127062 0.032361
v -0.202646 0.127062 0.012361
v -0.202646 0.127062 -0.012361
v -0.217177 0.127062 -0.032361
v -0.240688 0.147062 -0.040000
v -0.264199 0.147062 -0.032361
v -0.278730 0.147062 -0.012361
v -0.278730 0.147062 0.012361
v -0.264199 0.147062 0.032361
v -0.240688 0.147062 0.040000
v -0.217177 0.147062 0.032361
v -0.202646 0.147062 0.012361
v -0.202646 0.147062 -0.012361
v -0.217177 0.147062 -0.032361
v -0.240688 0.147062 -0.036800
v -0.262318 0.147062 -0.029772
v -0.275687 0.147062 -0.011372
v -0.275687 0.147062 0.011372
v -0.262318 0.147062 0.029772
v -0.240688 0.147062 0.036800
v -0.219057 0.147062 0.029772
v -0.205689 0.147062 0.011372
v -0.205689 0.147062 -0.011372
v -0.219057 0.147062 -0.029772
v -0.240688 0.127062 0.000000
v -0.240688 0.147062 0.000000
v -0.240688 0.162062 -0.050600
v -0.270430 0.162062 -0.040936
v -0.288811 0.162062 -0.015636
v -0.288811 0.162062 0.015636
v -0.270430 0.162062 0.040936
v -0.240688 0.162062 0.050600
v -0.210946 0.162062 0.040936
v -0.192564 0.162062 0.015636
v -0.192564 0.162062 -0.015636
v -0.210946 0.162062 -0.040936
v -0.240688 0.162062 -0.055000
v -0.273016 0.162062 -0.044496
v -0.292996 0.162062 -0.016996
v -0.292996 0.162062 0.016996
v -0.273016 0.162062 0.044496
v -0.240688 0.162062 0.055000
v -0.208360 0.162062 0.044496
v -0.188380 0.162062 0.016996
v -0.188380 0.162062 -0.016996
v -0.208360 0.162062 -0.044496
v -0.240688 0.182062 -0.055000
v -0.273016 0.182062 -0.044496
v -0.292996 0.182062 -0.016996
v -0.292996 0.182062 0.016996
v -0.273016 0.182062 0.044496
v -0.240688 0.182062 0.055000
v -0.208360 0.182062 0.044496
v -0.188380 0.182062 0.016996
v -0.188380 0.182062 -0.016996
v -0.208360 0.182062 -0.044496
v -0.240688 0.182062 -0.050600
v -0.270430 0.182062 -0.040936
v -0.288811 0.182062 -0.015636
v -0.288811 0.182062 0.015636
v -0.270430 0.182062 0.040936
v -0.240688 0.182062 0.050600
v -0.210946 0.182062 0.040936
v -0.192564 0.182062 0.015636
v -0.192564 0.182062 -0.015636
v -0.210946 0.182062 -0.040936
v -0.240688 0.162062 0.000000
v -0.240688 0.182062 0.000000
v -0.240688 0.197062 -0.036800
v -0.262318 0.197062 -0.029772
v -0.275687 0.197062 -0.011372
v -0.275687 0.197062 0.011372
v -0.262318 0.197062 0.029772
v -0.240688 0.197062 0.036800
v -0.219057 0.197062 0.029772
v -0.205689 0.197062 0.011372
v -0.205689 0.197062 -0.011372
v -0.219057 0.197062 -0.029772
v -0.240688 0.197062 -0.040000
v -0.264199 0.197062 -0.032361
v -0.278730 0.197062 -0.012361
v -0.278730 0.197062 0.012361
v -0.264199 0.197062 0.032361
v -0.240688 0.197062 0.040000
v -0.217177 0.197062 0.032361
v -0.202646 0.197062 0.012361
v -0.202646 0.197062 -0.012361
v -0.217177 0.197062 -0.032361
v -0.240688 0.217062 -0.040000
v -0.264199 0.217062 -0.032361
v -0.278730 0.217062 -0.012361
v -0.278730 0.217062 0.012361
v -0.264199 0.217062 0.032361
v -0.240688 0.217062 0.040000
v -0.217177 0.217062 0.032361
v -0.202646 0.217062 0.012361
v -0.202646 0.217062 -0.012361
v -0.217177 0.217062 -0.032361
v -0.240688 0.217062 -0.036800
v -0.262318 0.217062 -0.029772
v -0.275687 0.217062 -0.011372
v -0.275687 0.217062 0.011372
v -0.262318 0.217062 0.029772
v -0.240688 0.217062 0.036800
v -0.219057 0.217062 0.029772
v -0.205689 0.217062 0.011372
v -0.205689 0.217062 -0.011372
v -0.219057 0.217062 -0.029772
v -0.240688 0.197062 0.000000
v -0.240688 0.217062 0.000000
v -0.240688 0.232062 -0.013800
v -0.252639 0.232062 -0.006900
v -0.252639 0.232062 0.006900
v -0.240688 0.232062 0.013800
v -0.228737 0.232062 0.006900
v -0.228737 0.232062 -0.006900
v -0.240688 0.232062 -0.015000
v -0.253678 0.232062 -0.007500
v -0.253678 0.232062 0.007500
v -0.240688 0.232062 0.015000
v -0.227698 0.232062 0.007500
v -0.227698 0.232062 -0.007500
v -0.240688 0.257062 -0.015000
v -0.253678 0.257062 -0.007500
v -0.253678 0.257062 0.007500
v -0.240688 0.257062 0.015000
v -0.227698 0.257062 0.007500
v -0.227698 0.257062 -0.007500
v -0.240688 0.257062 -0.013800
v -0.252639 0.257062 -0.006900
v -0.252639 0.257062 0.006900
v -0.240688 0.257062 0.013800
v -0.228737 0.257062 0.006900
v -0.228737 0.257062 -0.006900
v -0.240688 0.232062 0.000000
v -0.240688 0.257062 0.000000
v 0.240688 0.037062 -0.009200
v 0.232720 0.037062 -0.004600
v 0.232720 0.037062 0.004600
v 0.240688 0.037062 0.009200
v 0.248655 0.037062 0.004600
v 0.248655 0.037062 -0.004600
v 0.240688 0.037062 -0.010000
v 0.232028 0.037062 -0.005000
v 0.232028 0.037062 0.005000
v 0.240688 0.037062 0.010000
v 0.249348 0.037062 0.005000
v 0.249348 0.037062 -0.005000
v 0.240688 0.117062 -0.010000
v 0.232028 0.117062 -0.005000
v 0.232028 0.117062 0.005000
v 0.240688 0.117062 0.010000
v 0.249348 0.117062 0.005000
v 0.249348 0.117062 -0.005000
v 0.240688 0.117062 -0.009200
v 0.232720 0.117062 -0.004600
v 0.232720 0.117062 0.004600
v 0.240688 0.117062 0.009200
v 0.248655 0.117062 0.004600
v 0.248655 0.117062 -0.004600
v 0.240688 0.037062 0.000000
v 0.240688 0.117062 0.000000
v 0.240688 0.127062 -0.036800
v 0.219057 0.127062 -0.029772
v 0.205689 0.127062 -0.011372
v 0.205689 0.127062 0.011372
v 0.219057 0.127062 0.029772
v 0.240688 0.127062 0.036800
v 0.262318 0.127062 0.029772
v 0.275687 0.127062 0.011372
v 0.275687 0.127062 -0.011372
v 0.262318 0.127062 -0.029772
v 0.240688 0.127062 -0.040000
v 0.217177 0.127062 -0.032361
v 0.202646 0.127062 -0.012361
v 0.202646 0.127062 0.012361
v 0.217177 0.127062 0.032361
v 0.240688 0.127062 0.040000
v 0.264199 0.127062 0.032361
v 0.278730 0.127062 0.012361
v 0.278730 0.127062 -0.012361
v 0.264199 0.127062 -0.032361
v 0.240688 0.147062 -0.040000
v 0.217177 0.147062 -0.032361
v 0.202646 0.147062 -0.012361
v 0.202646 0.147062 0.012361
v 0.217177 0.147062 0.032361
v 0.240688 0.147062 0.040000
v 0.264199 0.147062 0.032361
v 0.278730 0.147062 0.012361
v 0.278730 0.147062 -0.012361
v 0.264199 0.147062 -0.032361
v 0.240688 0.147062 -0.036800
v 0.219057 0.147062 -0.029772
v 0.205689 0.147062 -0.011372
v 0.205689 0.147062 0.011372
v 0.219057 0.147062 0.029772
v 0.240688 0.147062 0.036800
v 0.262318 0.147062 0.029772
v 0.275687 0.147062 0.011372
v 0.275687 0.147062 -0.011372
v 0.262318 0.147062 -0.029772
v 0.240688 0.127062 0.000000
v 0.240688 0.147062 0.000000
v 0.240688 0.162062 -0.050600
v 0.210946 0.162062 -0.040936
v 0.192564 0.162062 -0.015636
v 0.192564 0.162062 0.015636
v 0.210946 0.162062 0.040936
v 0.240688 0.162062 0.050600
v 0.270430 0.162062 0.040936
v 0.288811 0.162062 0.015636
v 0.288811 0.162062 -0.015636
v 0.270430 0.162062 -0.040936
v 0.240688 0.162062 -0.055000
v 0.208360 0.162062 -0.044496
v 0.188380 0.162062 -0.016996
v 0.188380 0.162062 0.016996
v 0.208360 0.162062 0.044496
v 0.240688 0.162062 0.055000
v 0.273016 0.162062 0.044496
v 0.292996 0.162062 0.016996
v 0.292996 0.162062 -0.016996
v 0.273016 0.162062 -0.044496
v 0.240688 0.182062 -0.055000
v 0.208360 0.182062 -0.044496
v 0.188380 0.182062 -0.016996
v 0.188380 0.182062 0.016996
v 0.208360 0.182062 0.044496
v 0.240688 0.182062 0.055000
v 0.273016 0.182062 0.044496
v 0.292996 0.182062 0.016996
v 0.292996 0.182062 -0.016996
v 0.273016 0.182062 -0.044496
v 0.240688 0.182062 -0.050600
v 0.210946 0.182062 -0.040936
v 0.192564 0.182062 -0.015636
v 0.192564 0.182062 0.015636
v 0.210946 0.182062 0.040936
v 0.240688 0.182062 0.050600
v 0.270430 0.182062 0.040936
v 0.288811 0.182062 0.015636
v 0.288811 0.182062 -0.015636
v 0.270430 0.182062 -0.040936
v 0.240688 0.162062 0.000000
v 0.240688 0.182062 0.000000
v 0.240688 0.197062 -0.036800
v 0.219057 0.197062 -0.029772
v 0.205689 0.197062 -0.011372
v 0.205689 0.197062 0.011372
v 0.219057 0.197062 0.029772
v 0.240688 0.197062 0.036800
v 0.262318 0.197062 0.029772
v 0.275687 0.197062 0.011372
v 0.275687 0.197062 -0.011372
v 0.262318 0.197062 -0.029772
v 0.240688 0.197062 -0.040000
v 0.217177 0.197062 -0.032361
v 0.202646 0.197062 -0.012361
v 0.202646 0.197062 0.012361
v 0.217177 0.197062 0.032361
v 0.240688 0.197062 0.040000
v 0.264199 0.197062 0.032361
v 0.278730 0.197062 0.012361
v 0.278730 0.197062 -0.012361
v 0.264199 0.197062 -0.032361
v 0.240688 0.217062 -0.040000
v 0.217177 0.217062 -0.032361
v 0.202646 0.217062 -0.012361
v 0.202646 0.217062 0.012361
v 0.217177 0.217062 0.032361
v 0.240688 0.217062 0.040000
v 0.264199 0.217062 0.032361
v 0.278730 0.217062 0.012361
v 0.278730 0.217062 -0.012361
v 0.264199 0.217062 -0.032361
v 0.240688 0.217062 -0.036800
v 0.219057 0.217062 -0.029772
v 0.205689 0.217062 -0.011372
v 0.205689 0.217062 0.011372
v 0.219057 0.217062 0.029772
v 0.240688 0.217062 0.036800
v 0.262318 0.217062 0.029772
v 0.275687 0.217062 0.011372
v 0.275687 0.217062 -0.011372
v 0.262318 0.217062 -0.029772
v 0.240688 0.197062 0.000000
v 0.240688 0.217062 0.000000
v 0.240688 0.232062 -0.013800
v 0.228737 0.232062 -0.006900
v 0.228737 0.232062 0.006900
v 0.240688 0.232062 0.013800
v 0.252639 0.232062 0.006900
v 0.252639 0.232062 -0.006900
v 0.240688 0.232062 -0.015000
v 0.227698 0.232062 -0.007500
v 0.227698 0.232062 0.007500
v 0.240688 0.232062 0.015000
v 0.253678 0.232062 0.007500
v 0.253678 0.232062 -0.007500
v 0.240688 0.257062 -0.015000
v 0.227698 0.257062 -0.007500
v 0.227698 0.257062 0.007500
v 0.240688 0.257062 0.015000
v 0.253678 0.257062 0.007500
v 0.253678 0.257062 -0.007500
v 0.240688 0.257062 -0.013800
v 0.228737 0.257062 -0.006900
v 0.228737 0.257062 0.006900
v 0.240688 0.257062 0.013800
v 0.252639 0.257062 0.006900
v 0.252639 0.257062 -0.006900
v 0.240688 0.232062 0.000000
v 0.240688 0.257062 0.000000
v 0.722064 0.037062 -0.009200
v 0.714096 0.037062 -0.004600
v 0.714096 0.037062 0.004600
v 0.722064 0.037062 0.009200
v 0.730031 0.037062 0.004600
v 0.730031 0.037062 -0.004600
v 0.722064 0.037062 -0.010000
v 0.713403 0.037062 -0.005000
v 0.713403 0.037062 0.005000
v 0.722064 0.037062 0.010000
v 0.730724 0.037062 0.005000
v 0.730724 0.037062 -0.005000
v 0.722064 0.117062 -0.010000
v 0.713403 0.117062 -0.005000
v 0.713403 0.117062 0.005000
v 0.722064 0.117062 0.010000
v 0.730724 0.117062 0.005000
v 0.730724 0.117062 -0.005000
v 0.722064 0.117062 -0.009200
v 0.714096 0.117062 -0.004600
v 0.714096 0.117062 0.004600
v 0.722064 0.117062 0.009200
v 0.730031 0.117062 0.004600
v 0.730031 0.117062 -0.004600
v 0.722064 0.037062 0.000000
v 0.722064 0.117062 0.000000
v 0.722064 0.127062 -0.036800
v 0.700433 0.127062 -0.029772
v 0.687065 0.127062 -0.011372
v 0.687065 0.127062 0.011372
v 0.700433 0.127062 0.029772
v 0.722064 0.127062 0.036800
v 0.743694 0.127062 0.029772
v 0.757063 0.127062 0.011372
v 0.757063 0.127062 -0.011372
v 0.743694 0.127062 -0.029772
v 0.722064 0.127062 -0.040000
v 0.698552 0.127062 -0.032361
v 0.684021 0.127062 -0.012361
v 0.684021 0.127062 0.012361
v 0.698552 0.127062 0.032361
v 0.722064 0.127062 0.040000
v 0.745575 0.127062 0.032361
v 0.760106 0.127062 0.012361
v 0.760106 0.127062 -0.012361
v 0.745575 0.127062 -0.032361
v 0.722064 0.147062 -0.040000
v 0.698552 0.147062 -0.032361
v 0.684021 0.147062 -0.012361
v 0.684021 0.147062 0.012361
v 0.698552 0.147062 0.032361
v 0.722064 0.147062 0.040000
v 0.745575 0.147062 0.032361
v 0.760106 0.147062 0.012361
v 0.760106 0.147062 -0.012361
v 0.745575 0.147062 -0.032361
v 0.722064 0.147062 -0.036800
v 0.700433 0.147062 -0.029772
v 0.687065 0.147062 -0.011372
v 0.687065 0.147062 0.011372
v 0.700433 0.147062 0.029772
v 0.722064 0.147062 0.036800
v 0.743694 0.147062 0.029772
v 0.757063 0.147062 0.011372
v 0.757063 0.147062 -0.011372
v 0.743694 0.147062 -0.029772
v 0.722064 0.127062 0.000000
v 0.722064 0.147062 0.000000
v 0.722064 0.162062 -0.050600
v 0.692322 0.162062 -0.040936
v 0.673940 0.162062 -0.015636
v 0.673940 0.162062 0.015636
v 0.692322 0.162062 0.040936
v 0.722064 0.162062 0.050600
v 0.751806 0.162062 0.040936
v 0.770187 0.162062 0.015636
v 0.770187 0.162062 -0.015636
v 0.751806 0.162062 -0.040936
v 0.722064 0.162062 -0.055000
v 0.689736 0.162062 -0.044496
v 0.669756 0.162062 -0.016996
v 0.669756 0.162062 0.016996
v 0.689736 0.162062 0.044496
v 0.722064 0.162062 0.055000
v 0.754392 0.162062 0.044496
v 0.774372 0.162062 0.016996
v 0.774372 0.162062 -0.016996
v 0.754392 0.162062 -0.044496
v 0.722064 0.182062 -0.055000
v 0.689736 0.182062 -0.044496
v 0.669756 0.182062 -0.016996
v 0.669756 0.182062 0.016996
v 0.689736 0.182062 0.044496
v 0.722064 0.182062 0.055000
v 0.754392 0.182062 0.044496
v 0.774372 0.182062 0.016996
v 0.774372 0.182062 -0.016996
v 0.754392 0.182062 -0.044496
v 0.722064 0.182062 -0.050600
v 0.692322 0.182062 -0.040936
v 0.673940 0.182062 -0.015636
v 0.673940 0.182062 0.015636
v 0.692322 0.182062 0.040936
v 0.722064 0.182062 0.050600
v 0.751806 0.182062 0.040936
v 0.770187 0.182062 0.015636
v 0.770187 0.182062 -0.015636
v 0.751806 0.182062 -0.040936
v 0.722064 0.162062 0.000000
v 0.722064 0.182062 0.000000
v 0.722064 0.197062 -0.036800
v 0.700433 0.197062 -0.029772
v 0.687065 0.197062 -0.011372
v 0.687065 0.197062 0.011372
v 0.700433 0.197062 0.029772
v 0.722064 0.197062 0.036800
v 0.743694 0.197062 0.029772
v 0.757063 0.197062 0.011372
v 0.757063 0.197062 -0.011372
v 0.743694 0.197062 -0.029772
v 0.722064 0.197062 -0.040000
v 0.698552 0.197062 -0.032361
v 0.684021 0.197062 -0.012361
v 0.684021 0.197062 0.012361
v 0.698552 0.197062 0.032361
v 0.722064 0.197062 0.040000
v 0.745575 0.197062 0.032361
v 0.760106 0.197062 0.012361
v 0.760106 0.197062 -0.012361
v 0.745575 0.197062 -0.032361
v 0.722064 0.217062 -0.040000
v 0.698552 0.217062 -0.032361
v 0.684021 0.217062 -0.012361
v 0.684021 0.217062 0.012361
v 0.698552 0.217062 0.032361
v 0.722064 0.217062 0.040000
v 0.745575 0.217062 0.032361
v 0.760106 0.217062 0.012361
v 0.760106 0.217062 -0.012361
v 0.745575 0.217062 -0.032361
v 0.722064 0.217062 -0.036800
v 0.700433 0.217062 -0.029772
v 0.687065 0.217062 -0.011372
v 0.687065 0.217062 0.011372
v 0.700433 0.217062 0.029772
v 0.722064 0.217062 0.036800
v 0.743694 0.217062 0.029772
v 0.757063 0.217062 0.011372
v 0.757063 0.217062 -0.011372
v 0.743694 0.217062 -0.029772
v 0.722064 0.197062 0.000000
v 0.722064 0.217062 0.000000
v 0.722064 0.232062 -0.013800
v 0.710113 0.232062 -0.006900
v 0.710113 0.232062 0.006900
v 0.722064 0.232062 0.013800
v 0.734015 0.232062 0.006900
v 0.734015 0.232062 -0.006900
v 0.722064 0.232062 -0.015000
v 0.709073 0.232062 -0.007500
v 0.709073 0.232062 0.007500
v 0.722064 0.232062 0.015000
v 0.735054 0.232062 0.007500
v 0.735054 0.232062 -0.007500
v 0.722064 0.257062 -0.015000
v 0.709073 0.257062 -0.007500
v 0.709073 0.257062 0.007500
v 0.722064 0.257062 0.015000
v 0.735054 0.257062 0.007500
v 0.735054 0.257062 -0.007500
v 0.722064 0.257062 -0.013800
v 0.710113 0.257062 -0.006900
v 0.710113 0.257062 0.006900
v 0.722064 0.257062 0.013800
v 0.734015 0.257062 0.006900
v 0.734015 0.257062 -0.006900
v 0.722064 0.232062 0.000000
v 0.722064 0.257062 0.000000
v 0.000000 -0.500000 -0.082800
v -0.048669 -0.500000 -0.066987
v -0.078747 -0.500000 -0.025587
v -0.078747 -0.500000 0.025587
v -0.048669 -0.500000 0.066987
v -0.000000 -0.500000 0.082800
v 0.048669 -0.500000 0.066987
v 0.078747 -0.500000 0.025587
v 0.078747 -0.500000 -0.025587
v 0.048669 -0.500000 -0.066987
v 0.000000 -0.500000 -0.090000
v -0.052901 -0.500000 -0.072812
v -0.085595 -0.500000 -0.027812
v -0.085595 -0.500000 0.027812
v -0.052901 -0.500000 0.072812
v -0.000000 -0.500000 0.090000
v 0.052901 -0.500000 0.072812
v 0.085595 -0.500000 0.027812
v 0.085595 -0.500000 -0.027812
v 0.052901 -0.500000 -0.072812
v 0.000000 0.150000 -0.090000
v -0.052901 0.150000 -0.072812
v -0.085595 0.150000 -0.027812
v -0.085595 0.150000 0.027812
v -0.052901 0.150000 0.072812
v -0.000000 0.150000 0.090000
v 0.052901 0.150000 0.072812
v 0.085595 0.150000 0.027812
v 0.085595 0.150000 -0.027812
v 0.052901 0.150000 -0.072812
v 0.000000 0.150000 -0.082800
v -0.048669 0.150000 -0.066987
v -0.078747 0.150000 -0.025587
v -0.078747 0.150000 0.025587
v -0.048669 0.150000 0.066987
v -0.000000 0.150000 0.082800
v 0.048669 0.150000 0.066987
v 0.078747 0.150000 0.025587
v 0.078747 0.150000 -0.025587
v 0.048669 0.150000 -0.066987
v 0.000000 -0.500000 0.000000
v 0.000000 0.150000 0.000000
v -0.049887 -0.046181 0.051887
v 0.049887 -0.046181 0.051887
v 0.049887 0.046181 0.051887
v -0.049887 0.046181 0.051887
v 0.049887 -0.046181 -0.051887
v -0.049887 -0.046181 -0.051887
v -0.049887 0.046181 -0.051887
v 0.049887 0.046181 -0.051887
v -0.049887 0.048181 -0.049887
v 0.049887 0.048181 -0.049887
v 0.049887 0.048181 0.049887
v -0.049887 0.048181 0.049887
v -0.049887 -0.048181 0.049887
v 0.049887 -0.048181 0.049887
v 0.049887 -0.048181 -0.049887
v -0.049887 -0.048181 -0.049887
v 0.051887 -0.046181 -0.049887
v 0.051887 -0.046181 0.049887
v 0.051887 0.046181 0.049887
v 0.051887 0.046181 -0.049887
v -0.051887 -0.046181 0.049887
v -0.051887 -0.046181 -0.049887
v -0.051887 0.046181 -0.049887
v -0.051887 0.046181 0.049887
v -0.049887 0.048181 0.049887
v 0.049887 0.048181 0.049887
v 0.049887 0.046181 0.051887
v -0.049887 0.046181 0.051887
v -0.049887 0.048181 -0.049887
v 0.049887 0.048181 -0.049887
v 0.049887 0.046181 -0.051887
v -0.049887 0.046181 -0.051887
v -0.049887 -0.048181 0.049887
v 0.049887 -0.048181 0.049887
v 0.049887 -0.046181 0.051887
v -0.049887 -0.046181 0.051887
v -0.049887 -0.048181 -0.049887
v 0.049887 -0.048181 -0.049887
v 0.049887 -0.046181 -0.051887
v -0.049887 -0.046181 -0.051887
v 0.051887 -0.046181 0.049887
v 0.051887 0.046181 0.049887
v 0.049887 0.046181 0.051887
v 0.049887 -0.046181 0.051887
v 0.051887 -0.046181 -0.049887
v 0.051887 0.046181 -0.049887
v 0.049887 0.046181 -0.051887
v 0.049887 -0.046181 -0.051887
v -0.051887 -0.046181 0.049887
v -0.051887 0.046181 0.049887
v -0.049887 0.046181 0.051887
v -0.049887 -0.046181 0.051887
v -0.051887 -0.046181 -0.049887
v -0.051887 0.046181 -0.049887
v -0.049887 0.046181 -0.051887
v -0.049887 -0.046181 -0.051887
v 0.051887 0.046181 -0.049887
v 0.051887 0.046181 0.049887
v 0.049887 0.048181 0.049887
v 0.049887 0.048181 -0.049887
v 0.051887 -0.046181 -0.049887
v 0.051887 -0.046181 0.049887
v 0.049887 -0.048181 0.049887
v 0.049887 -0.048181 -0.049887
v -0.051887 0.046181 -0.049887
v -0.051887 0.046181 0.049887
v -0.049887 0.048181 0.049887
v -0.049887 0.048181 -0.049887
v -0.051887 -0.046181 -0.049887
v -0.051887 -0.046181 0.049887
v -0.049887 -0.048181 0.049887
v -0.049887 -0.048181 -0.049887
v -0.049887 -0.046181 -0.051887
v -0.049887 -0.048181 -0.049887
v -0.051887 -0.046181 -0.049887
v -0.049887 -0.046181 0.051887
v -0.049887 -0.048181 0.049887
v -0.051887 -0.046181 0.049887
v -0.049887 0.046181 -0.051887
v -0.049887 0.048181 -0.049887
v -0.051887 0.046181 -0.049887
v -0.049887 0.046181 0.051887
v -0.049887 0.048181 0.049887
v -0.051887 0.046181 0.049887
v 0.049887 -0.046181 -0.051887
v 0.049887 -0.048181 -0.049887
v 0.051887 -0.046181 -0.049887
v 0.049887 -0.046181 0.051887
v 0.049887 -0.048181 0.049887
v 0.051887 -0.046181 0.049887
v 0.049887 0.046181 -0.051887
v 0.049887 0.048181 -0.049887
v 0.051887 0.046181 -0.049887
v 0.049887 0.046181 0.051887
v 0.049887 0.048181 0.049887
v 0.051887 0.046181 0.049887
vt -0.676389 -0.026450
vt 0.676389 -0.026450
vt 0.676389 0.026450
vt -0.676389 0.026450
vt 0.676389 -0.026450
vt -0.676389 -0.026450
vt -0.676389 0.026450
vt 0.676389 0.026450
vt -0.676389 -0.022002
vt 0.676389 -0.022002
vt 0.676389 0.022002
vt -0.676389 0.022002
vt -0.676389 0.022002
vt 0.676389 0.022002
vt 0.676389 -0.022002
vt -0.676389 -0.022002
vt -0.022002 -0.026450
vt 0.022002 -0.026450
vt 0.022002 0.026450
vt -0.022002 0.026450
vt 0.022002 -0.026450
vt -0.022002 -0.026450
vt -0.022002 0.026450
vt 0.022002 0.026450
vt -0.676389 0.029650
vt 0.676389 0.029650
vt 0.676389 0.026450
vt -0.676389 0.026450
vt -0.676389 0.029650
vt 0.676389 0.029650
vt 0.676389 0.026450
vt -0.676389 0.026450
vt -0.676389 -0.029650
vt 0.676389 -0.029650
vt 0.676389 -0.026450
vt -0.676389 -0.026450
vt -0.676389 -0.029650
vt 0.676389 -0.029650
vt 0.676389 -0.026450
vt -0.676389 -0.026450
vt 0.679589 -0.026450
vt 0.679589 0.026450
vt 0.676389 0.026450
vt 0.676389 -0.026450
vt 0.679589 -0.026450
vt 0.679589 0.026450
vt 0.676389 0.026450
vt 0.676389 -0.026450
vt -0.679589 -0.026450
vt -0.679589 0.026450
vt -0.676389 0.026450
vt -0.676389 -0.026450
vt -0.679589 -0.026450
vt -0.679589 0.026450
vt -0.676389 0.026450
vt -0.676389 -0.026450
vt 0.679589 0.026450
vt 0.679589 0.026450
vt 0.676389 0.029650
vt 0.676389 0.029650
vt 0.679589 -0.026450
vt 0.679589 -0.026450
vt 0.676389 -0.029650
vt 0.676389 -0.029650
vt -0.679589 0.026450
vt -0.679589 0.026450
vt -0.676389 0.029650
vt -0.676389 0.029650
vt -0.679589 -0.026450
vt -0.679589 -0.026450
vt -0.676389 -0.029650
vt -0.676389 -0.029650
vt -0.676389 -0.026450
vt -0.676389 -0.029650
vt -0.679589 -0.026450
vt -0.676389 -0.026450
vt -0.676389 -0.029650
vt -0.679589 -0.026450
vt -0.676389 0.026450
vt -0.676389 0.029650
vt -0.679589 0.026450
vt -0.676389 0.026450
vt -0.676389 0.029650
vt -0.679589 0.026450
vt 0.676389 -0.026450
vt 0.676389 -0.029650
vt 0.679589 -0.026450
vt 0.676389 -0.026450
vt 0.676389 -0.029650
vt 0.679589 -0.026450
vt 0.676389 0.026450
vt 0.676389 0.029650
vt 0.679589 0.026450
vt 0.676389 0.026450
vt 0.676389 0.029650
vt 0.679589 0.026450
vt 0.000000 0.000000
vt 0.166667 0.000000
vt 0.333333 0.000000
vt 0.500000 0.000000
vt 0.666667 0.000000
vt 0.833333 0.000000
vt 0.000000 0.000000
vt 0.166667 0.000000
vt 0.333333 0.000000
vt 0.500000 0.000000
vt 0.666667 0.000000
vt 0.833333 0.000000
vt 0.000000 0.080000
vt 0.166667 0.080000
vt 0.333333 0.080000
vt 0.500000 0.080000
vt 0.666667 0.080000
vt 0.833333 0.080000
vt 0.000000 0.080000
vt 0.166667 0.080000
vt 0.333333 0.080000
vt 0.500000 0.080000
vt 0.666667 0.080000
vt 0.833333 0.080000
vt 0.500000 0.500000
vt 0.500000 0.500000
vt 0.000000 0.000000
vt 0.100000 0.000000
vt 0.200000 0.000000
vt 0.300000 0.000000
vt 0.400000 0.000000
vt 0.500000 0.000000
vt 0.600000 0.000000
vt 0.700000 0.000000
vt 0.800000 0.000000
vt 0.900000 0.000000
vt 0.000000 0.000000
vt 0.100000 0.000000
vt 0.200000 0.000000
vt 0.300000 0.000000
vt 0.400000 0.000000
vt 0.500000 0.000000
vt 0.600000 0.000000
vt 0.700000 0.000000
vt 0.800000 0.000000
vt 0.900000 0.000000
vt 0.000000 0.020000
vt 0.100000 0.020000
vt 0.200000 0.020000
vt 0.300000 0.020000
vt 0.400000 0.020000
vt 0.500000 0.020000
vt 0.600000 0.020000
vt 0.700000 0.020000
vt 0.800000 0.020000
vt 0.900000 0.020000
vt 0.000000 0.020000
vt 0.100000 0.020000
vt 0.200000 0.020000
vt 0.300000 0.020000
vt 0.400000 0.020000
vt 0.500000 0.020000
vt 0.600000 0.020000
vt 0.700000 0.020000
vt 0.800000 0.020000
vt 0.900000 0.020000
vt 0.500000 0.500000
vt 0.500000 0.500000
vt 0.000000 0.000000
vt 0.100000 0.000000
vt 0.200000 0.000000
vt 0.300000 0.000000
vt 0.400000 0.000000
vt 0.500000 0.000000
vt 0.600000 0.000000
vt 0.700000 0.000000
vt 0.800000 0.000000
vt 0.900000 0.000000
vt 0.000000 0.000000
vt 0.100000 0.000000
vt 0.200000 0.000000
vt 0.300000 0.000000
vt 0.400000 0.000000
vt 0.500000 0.000000
vt 0.600000 0.000000
vt 0.700000 0.000000
vt 0.800000 0.000000
vt 0.900000 0.000000
vt 0.000000 0.020000
vt 0.100000 0.020000
vt 0.200000 0.020000
vt 0.300000 0.020000
vt 0.400000 0.020000
vt 0.500000 0.020000
vt 0.600000 0.020000
vt 0.700000 0.020000
vt 0.800000 0.020000
vt 0.900000 0.020000
vt 0.000000 0.020000
vt 0.100000 0.020000
vt 0.200000 0.020000
vt 0.300000 0.020000
vt 0.400000 0.020000
vt 0.500000 0.020000
vt 0.600000 0.020000
vt 0.700000 0.020000
vt 0.800000 0.020000
vt 0.900000 0.020000
vt 0.500000 0.500000
vt 0.500000 0.500000
vt 0.000000 0.000000
vt 0.100000 0.000000
vt 0.200000 0.000000
vt 0.300000 0.000000
vt 0.400000 0.000000
vt 0.500000 0.000000
vt 0.600000 0.000000
vt 0.700000 0.000000
vt 0.800000 0.000000
vt 0.900000 0.000000
vt 0.000000 0.000000
vt 0.100000 0.000000
vt 0.200000 0.000000
vt 0.300000 0.000000
vt 0.400000 0.000000
vt 0.500000 0.000000
vt 0.600000 0.000000
vt 0.700000 0.000000
vt 0.800000 0.000000
vt 0.900000 0.000000
vt 0.000000 0.020000
vt 0.100000 0.020000
vt 0.200000 0.020000
vt 0.300000 0.020000
vt 0.400000 0.020000
vt 0.500000 0.020000
vt 0.600000 0.020000
vt 0.700000 0.020000
vt 0.800000 0.020000
vt 0.900000 0.020000
vt 0.000000 0.020000
vt 0.100000 0.020000
vt 0.200000 0.020000
vt 0.300000 0.020000
vt 0.400000 0.020000
vt 0.500000 0.020000
vt 0.600000 0.020000
vt 0.700000 0.020000
vt 0.800000 0.020000
vt 0.900000 0.020000
vt 0.500000 0.500000
vt 0.500000 0.500000
vt 0.000000 0.000000
vt 0.166667 0.000000
vt 0.333333 0.000000
vt 0.500000 0.000000
vt 0.666667 0.000000
vt 0.833333 0.000000
vt 0.000000 0.000000
vt 0.166667 0.000000
vt 0.333333 0.000000
vt 0.500000 0.000000
vt 0.666667 0.000000
vt 0.833333 0.000000
vt 0.000000 0.025000
vt 0.166667 0.025000
vt 0.333333 0.025000
vt 0.500000 0.025000
vt 0.666667 0.025000
vt 0.833333 0.025000
vt 0.000000 0.025000
vt 0.166667 0.025000
vt 0.333333 0.025000
vt 0.500000 0.025000
vt 0.666667 0.025000
vt 0.833333 0.025000
vt 0.500000 0.500000
vt 0.500000 0.500000
vt 0.000000 0.000000
vt 0.166667 0.000000
vt 0.333333 0.000000
vt 0.500000 0.000000
vt 0.666667 0.000000
vt 0.833333 0.000000
vt 0.000000 0.000000
vt 0.166667 0.000000
vt 0.333333 0.000000
vt 0.500000 0.000000
vt 0.666667 0.000000
vt 0.833333 0.000000
vt 0.000000 0.080000
vt 0.166667 0.080000
vt 0.333333 0.080000
vt 0.500000 0.080000
vt 0.666667 0.080000
vt 0.833333 0.080000
vt 0.000000 0.080000
vt 0.166667 0.080000
vt 0.333333 0.080000
vt 0.500000 0.080000
vt 0.666667 0.080000
vt 0.833333 0.080000
vt 0.500000 0.500000
vt 0.500000 0.500000
vt 0.000000 0.000000
vt 0.100000 0.000000
vt 0.200000 0.000000
vt 0.300000 0.000000
vt 0.400000 0.000000
vt 0.500000 0.000000
vt 0.600000 0.000000
vt 0.700000 0.000000
vt 0.800000 0.000000
vt 0.900000 0.000000
vt 0.000000 0.000000
vt 0.100000 0.000000
vt 0.200000 0.000000
vt 0.300000 0.000000
vt 0.400000 0.000000
vt 0.500000 0.000000
vt 0.600000 0.000000
vt 0.700000 0.000000
vt 0.800000 0.000000
vt 0.900000 0.000000
vt 0.000000 0.020000
vt 0.100000 0.020000
vt 0.200000 0.020000
vt 0.300000 0.020000
vt 0.400000 0.020000
vt 0.500000 0.020000
vt 0.600000 0.020000
vt 0.700000 0.020000
vt 0.800000 0.020000
vt 0.900000 0.020000
vt 0.000000 0.020000
vt 0.100000 0.020000
vt 0.200000 0.020000
vt 0.300000 0.020000
vt 0.400000 0.020000
vt 0.500000 0.020000
vt 0.600000 0.020000
vt 0.700000 0.020000
vt 0.800000 0.020000
vt 0.900000 0.020000
vt 0.500000 0.500000
vt 0.500000 0.500000
vt 0.000000 0.000000
vt 0.100000 0.000000
vt 0.200000 0.000000
vt 0.300000 0.000000
vt 0.400000 0.000000
vt 0.500000 0.000000
vt 0.600000 0.000000
vt 0.700000 0.000000
vt 0.800000 0.000000
vt 0.900000 0.000000
vt 0.000000 0.000000
vt 0.100000 0.000000
vt 0.200000 0.000000
vt 0.300000 0.000000
vt 0.400000 0.000000
vt 0.500000 0.000000
vt 0.600000 0.000000
vt 0.700000 0.000000
vt 0.800000 0.000000
vt 0.900000 0.000000
vt 0.000000 0.020000
vt 0.100000 0.020000
vt 0.200000 0.020000
vt 0.300000 0.020000
vt 0.400000 0.020000
vt 0.500000 0.020000
vt 0.600000 0.020000
vt 0.700000 0.020000
vt 0.800000 0.020000
vt 0.900000 0.020000
vt 0.000000 0.020000
vt 0.100000 0.020000
vt 0.200000 0.020000
vt 0.300000 0.020000
vt 0.400000 0.020000
vt 0.500000 0.020000
vt 0.600000 0.020000
vt 0.700000 0.020000
vt 0.800000 0.020000
vt 0.900000 0.020000
vt 0.500000 0.500000
vt 0.500000 0.500000
vt 0.000000 0.000000
vt 0.100000 0.000000
vt 0.200000 0.000000
vt 0.300000 0.000000
vt 0.400000 0.000000
vt 0.500000 0.000000
vt 0.600000 0.000000
vt 0.700000 0.000000
vt 0.800000 0.000000
vt 0.900000 0.000000
vt 0.000000 0.000000
vt 0.100000 0.000000
vt 0.200000 0.000000
vt 0.300000 0.000000
vt 0.400000 0.000000
vt 0.500000 0.000000
vt 0.600000 0.000000
vt 0.700000 0.000000
vt 0.800000 0.000000
vt 0.900000 0.000000
vt 0.000000 0.020000
vt 0.100000 0.020000
vt 0.200000 0.020000
vt 0.300000 0.020000
vt 0.400000 0.020000
vt 0.500000 0.020000
vt 0.600000 0.020000
vt 0.700000 0.020000
vt 0.800000 0.020000
vt 0.900000 0.020000
vt 0.000000 0.020000
vt 0.100000 0.020000
vt 0.200000 0.020000
vt 0.300000 0.020000
vt 0.400000 0.020000
vt 0.500000 0.020000
vt 0.600000 0.020000
vt 0.700000 0.020000
vt 0.800000 0.020000
vt 0.900000 0.020000
vt 0.500000 0.500000
vt 0.500000 0.500000
vt 0.000000 0.000000
vt 0.166667 0.000000
vt 0.333333 0.000000
vt 0.500000 0.000000
vt 0.666667 0.000000
vt 0.833333 0.000000
vt 0.000000 0.000000
vt 0.166667 0.000000
vt 0.333333 0.000000
vt 0.500000 0.000000
vt 0.666667 0.000000
vt 0.833333 0.000000
vt 0.000000 0.025000
vt 0.166667 0.025000
vt 0.333333 0.025000
vt 0.500000 0.025000
vt 0.666667 0.025000
vt 0.833333 0.025000
vt 0.000000 0.025000
vt 0.166667 0.025000
vt 0.333333 0.025000
vt 0.500000 0.025000
vt 0.666667 0.025000
vt 0.833333 0.025000
vt 0.500000 0.500000
vt 0.500000 0.500000
vt 0.000000 0.000000
vt 0.166667 0.000000
vt 0.333333 0.000000
vt 0.500000 0.000000
vt 0.666667 0.000000
vt 0.833333 0.000000
vt 0.000000 0.000000
vt 0.166667 0.000000
vt 0.333333 0.000000
vt 0.500000 0.000000
vt 0.666667 0.000000
vt 0.833333 0.000000
vt 0.000000 0.080000
vt 0.166667 0.080000
vt 0.333333 0.080000
vt 0.500000 0.080000
vt 0.666667 0.080000
vt 0.833333 0.080000
vt 0.000000 0.080000
vt 0.166667 0.080000
vt 0.333333 0.080000
vt 0.500000 0.080000
vt 0.666667 0.080000
vt 0.833333 0.080000
vt 0.500000 0.500000
vt 0.500000 0.500000
vt 0.000000 0.000000
vt 0.100000 0.000000
vt 0.200000 0.000000
vt 0.300000 0.000000
vt 0.400000 0.000000
vt 0.500000 0.000000
vt 0.600000 0.000000
vt 0.700000 0.000000
vt 0.800000 0.000000
vt 0.900000 0.000000
vt 0.000000 0.000000
vt 0.100000 0.000000
vt 0.200000 0.000000
vt 0.300000 0.000000
vt 0.400000 0.000000
vt 0.500000 0.000000
vt 0.600000 0.000000
vt 0.700000 0.000000
vt 0.800000 0.000000
vt 0.900000 0.000000
vt 0.000000 0.020000
vt 0.100000 0.020000
vt 0.200000 0.020000
vt 0.300000 0.020000
vt 0.400000 0.020000
vt 0.500000 0.020000
vt 0.600000 0.020000
vt 0.700000 0.020000
vt 0.800000 0.020000
vt 0.900000 0.020000
vt 0.000000 0.020000
vt 0.100000 0.020000
vt 0.200000 0.020000
vt 0.300000 0.020000
vt 0.400000 0.020000
vt 0.500000 0.020000
vt 0.600000 0.020000
vt 0.700000 0.020000
vt 0.800000 0.020000
vt 0.900000 0.020000
vt 0.500000 0.500000
vt 0.500000 0.500000
vt 0.000000 0.000000
vt 0.100000 0.000000
vt 0.200000 0.000000
vt 0.300000 0.000000
vt 0.400000 0.000000
vt 0.500000 0.000000
vt 0.600000 0.000000
vt 0.700000 0.000000
vt 0.800000 0.000000
vt 0.900000 0.000000
vt 0.000000 0.000000
vt 0.100000 0.000000
vt 0.200000 0.000000
vt 0.300000 0.000000
vt 0.400000 0.000000
vt 0.500000 0.000000
vt 0.600000 0.000000
vt 0.700000 0.000000
vt 0.800000 0.000000
vt 0.900000 0.000000
vt 0.000000 0.020000
vt 0.100000 0.020000
vt 0.200000 0.020000
vt 0.300000 0.020000
vt 0.400000 0.020000
vt 0.500000 0.020000
vt 0.600000 0.020000
vt 0.700000 0.020000
vt 0.800000 0.020000
vt 0.900000 0.020000
vt 0.000000 0.020000
vt 0.100000 0.020000
vt 0.200000 0.020000
vt 0.300000 0.020000
vt 0.400000 0.020000
vt 0.500000 0.020000
vt 0.600000 0.020000
vt 0.700000 0.020000
vt 0.800000 0.020000
vt 0.900000 0.020000
vt 0.500000 0.500000
vt 0.500000 0.500000
vt 0.000000 0.000000
vt 0.100000 0.000000
vt 0.200000 0.000000
vt 0.300000 0.000000
vt 0.400000 0.000000
vt 0.500000 0.000000
vt 0.600000 0.000000
vt 0.700000 0.000000
vt 0.800000 0.000000
vt 0.900000 0.000000
vt 0.000000 0.000000
vt 0.100000 0.000000
vt 0.200000 0.000000
vt 0.300000 0.000000
vt 0.400000 0.000000
vt 0.500000 0.000000
vt 0.600000 0.000000
vt 0.700000 0.000000
vt 0.800000 0.000000
vt 0.900000 0.000000
vt 0.000000 0.020000
vt 0.100000 0.020000
vt 0.200000 0.020000
vt 0.300000 0.020000
vt 0.400000 0.020000
vt 0.500000 0.020000
vt 0.600000 0.020000
vt 0.700000 0.020000
vt 0.800000 0.020000
vt 0.900000 0.020000
vt 0.000000 0.020000
vt 0.100000 0.020000
vt 0.200000 0.020000
vt 0.300000 0.020000
vt 0.400000 0.020000
vt 0.500000 0.020000
vt 0.600000 0.020000
vt 0.700000 0.020000
vt 0.800000 0.020000
vt 0.900000 0.020000
vt 0.500000 0.500000
vt 0.500000 0.500000
vt 0.000000 0.000000
vt 0.166667 0.000000
vt 0.333333 0.000000
vt 0.500000 0.000000
vt 0.666667 0.000000
vt 0.833333 0.000000
vt 0.000000 0.000000
vt 0.166667 0.000000
vt 0.333333 0.000000
vt 0.500000 0.000000
vt 0.666667 0.000000
vt 0.833333 0.000000
vt 0.000000 0.025000
vt 0.166667 0.025000
vt 0.333333 0.025000
vt 0.500000 0.025000
vt 0.666667 0.025000
vt 0.833333 0.025000
vt 0.000000 0.025000
vt 0.166667 0.025000
vt 0.333333 0.025000
vt 0.500000 0.025000
vt 0.666667 0.025000
vt 0.833333 0.025000
vt 0.500000 0.500000
vt 0.500000 0.500000
vt 0.000000 0.000000
vt 0.166667 0.000000
vt 0.333333 0.000000
vt 0.500000 0.000000
vt 0.666667 0.000000
vt 0.833333 0.000000
vt 0.000000 0.000000
vt 0.166667 0.000000
vt 0.333333 0.000000
vt 0.500000 0.000000
vt 0.666667 0.000000
vt 0.833333 0.000000
vt 0.000000 0.080000
vt 0.166667 0.080000
vt 0.333333 0.080000
vt 0.500000 0.080000
vt 0.666667 0.080000
vt 0.833333 0.080000
vt 0.000000 0.080000
vt 0.166667 0.080000
vt 0.333333 0.080000
vt 0.500000 0.080000
vt 0.666667 0.080000
vt 0.833333 0.080000
vt 0.500000 0.500000
vt 0.500000 0.500000
vt 0.000000 0.000000
vt 0.100000 0.000000
vt 0.200000 0.000000
vt 0.300000 0.000000
vt 0.400000 0.000000
vt 0.500000 0.000000
vt 0.600000 0.000000
vt 0.700000 0.000000
vt 0.800000 0.000000
vt 0.900000 0.000000
vt 0.000000 0.000000
vt 0.100000 0.000000
vt 0.200000 0.000000
vt 0.300000 0.000000
vt 0.400000 0.000000
vt 0.500000 0.000000
vt 0.600000 0.000000
vt 0.700000 0.000000
vt 0.800000 0.000000
vt 0.900000 0.000000
vt 0.000000 0.020000
vt 0.100000 0.020000
vt 0.200000 0.020000
vt 0.300000 0.020000
vt 0.400000 0.020000
vt 0.500000 0.020000
vt 0.600000 0.020000
vt 0.700000 0.020000
vt 0.800000 0.020000
vt 0.900000 0.020000
vt 0.000000 0.020000
vt 0.100000 0.020000
vt 0.200000 0.020000
vt 0.300000 0.020000
vt 0.400000 0.020000
vt 0.500000 0.020000
vt 0.600000 0.020000
vt 0.700000 0.020000
vt 0.800000 0.020000
vt 0.900000 0.020000
vt 0.500000 0.500000
vt 0.500000 0.500000
vt 0.000000 0.000000
vt 0.100000 0.000000
vt 0.200000 0.000000
vt 0.300000 0.000000
vt 0.400000 0.000000
vt 0.500000 0.000000
vt 0.600000 0.000000
vt 0.700000 0.000000
vt 0.800000 0.000000
vt 0.900000 0.000000
vt 0.000000 0.000000
vt 0.100000 0.000000
vt 0.200000 0.000000
vt 0.300000 0.000000
vt 0.400000 0.000000
vt 0.500000 0.000000
vt 0.600000 0.000000
vt 0.700000 0.000000
vt 0.800000 0.000000
vt 0.900000 0.000000
vt 0.000000 0.020000
vt 0.100000 0.020000
vt 0.200000 0.020000
vt 0.300000 0.020000
vt 0.400000 0.020000
vt 0.500000 0.020000
vt 0.600000 0.020000
vt 0.700000 0.020000
vt 0.800000 0.020000
vt 0.900000 0.020000
vt 0.000000 0.020000
vt 0.100000 0.020000
vt 0.200000 0.020000
vt 0.300000 0.020000
vt 0.400000 0.020000
vt 0.500000 0.020000
vt 0.600000 0.020000
vt 0.700000 0.020000
vt 0.800000 0.020000
vt 0.900000 0.020000
vt 0.500000 0.500000
vt 0.500000 0.500000
vt 0.000000 0.000000
vt 0.100000 0.000000
vt 0.200000 0.000000
vt 0.300000 0.000000
vt 0.400000 0.000000
vt 0.500000 0.000000
vt 0.600000 0.000000
vt 0.700000 0.000000
vt 0.800000 0.000000
vt 0.900000 0.000000
vt 0.000000 0.000000
vt 0.100000 0.000000
vt 0.200000 0.000000
vt 0.300000 0.000000
vt 0.400000 0.000000
vt 0.500000 0.000000
vt 0.600000 0.000000
vt 0.700000 0.000000
vt 0.800000 0.000000
vt 0.900000 0.000000
vt 0.000000 0.020000
vt 0.100000 0.020000
vt 0.200000 0.020000
vt 0.300000 0.020000
vt 0.400000 0.020000
vt 0.500000 0.020000
vt 0.600000 0.020000
vt 0.700000 0.020000
vt 0.800000 0.020000
vt 0.900000 0.020000
vt 0.000000 0.020000
vt 0.100000 0.020000
vt 0.200000 0.020000
vt 0.300000 0.020000
vt 0.400000 0.020000
vt 0.500000 0.020000
vt 0.600000 0.020000
vt 0.700000 0.020000
vt 0.800000 0.020000
vt 0.900000 0.020000
vt 0.500000 0.500000
vt 0.500000 0.500000
vt 0.000000 0.000000
vt 0.166667 0.000000
vt 0.333333 0.000000
vt 0.500000 0.000000
vt 0.666667 0.000000
vt 0.833333 0.000000
vt 0.000000 0.000000
vt 0.166667 0.000000
vt 0.333333 0.000000
vt 0.500000 0.000000
vt 0.666667 0.000000
vt 0.833333 0.000000
vt 0.000000 0.025000
vt 0.166667 0.025000
vt 0.333333 0.025000
vt 0.500000 0.025000
vt 0.666667 0.025000
vt 0.833333 0.025000
vt 0.000000 0.025000
vt 0.166667 0.025000
vt 0.333333 0.025000
vt 0.500000 0.025000
vt 0.666667 0.025000
vt 0.833333 0.025000
vt 0.500000 0.500000
vt 0.500000 0.500000
vt 0.000000 0.000000
vt 0.100000 0.000000
vt 0.200000 0.000000
vt 0.300000 0.000000
vt 0.400000 0.000000
vt 0.500000 0.000000
vt 0.600000 0.000000
vt 0.700000 0.000000
vt 0.800000 0.000000
vt 0.900000 0.000000
vt 0.000000 0.000000
vt 0.100000 0.000000
vt 0.200000 0.000000
vt 0.300000 0.000000
vt 0.400000 0.000000
vt 0.500000 0.000000
vt 0.600000 0.000000
vt 0.700000 0.000000
vt 0.800000 0.000000
vt 0.900000 0.000000
vt 0.000000 0.650000
vt 0.100000 0.650000
vt 0.200000 0.650000
vt 0.300000 0.650000
vt 0.400000 0.650000
vt 0.500000 0.650000
vt 0.600000 0.650000
vt 0.700000 0.650000
vt 0.800000 0.650000
vt 0.900000 0.650000
vt 0.000000 0.650000
vt 0.100000 0.650000
vt 0.200000 0.650000
vt 0.300000 0.650000
vt 0.400000 0.650000
vt 0.500000 0.650000
vt 0.600000 0.650000
vt 0.700000 0.650000
vt 0.800000 0.650000
vt 0.900000 0.650000
vt 0.500000 0.500000
vt 0.500000 0.500000
vt -0.049887 -0.046181
vt 0.049887 -0.046181
vt 0.049887 0.046181
vt -0.049887 0.046181
vt 0.049887 -0.046181
vt -0.049887 -0.046181
vt -0.049887 0.046181
vt 0.049887 0.046181
vt -0.049887 -0.049887
vt 0.049887 -0.049887
vt 0.049887 0.049887
vt -0.049887 0.049887
vt -0.049887 0.049887
vt 0.049887 0.049887
vt 0.049887 -0.049887
vt -0.049887 -0.049887
vt -0.049887 -0.046181
vt 0.049887 -0.046181
vt 0.049887 0.046181
vt -0.049887 0.046181
vt 0.049887 -0.046181
vt -0.049887 -0.046181
vt -0.049887 0.046181
vt 0.049887 0.046181
vt -0.049887 0.048181
vt 0.049887 0.048181
vt 0.049887 0.046181
vt -0.049887 0.046181
vt -0.049887 0.048181
vt 0.049887 0.048181
vt 0.049887 0.046181
vt -0.049887 0.046181
vt -0.049887 -0.048181
vt 0.049887 -0.048181
vt 0.049887 -0.046181
vt -0.049887 -0.046181
vt -0.049887 -0.048181
vt 0.049887 -0.048181
vt 0.049887 -0.046181
vt -0.049887 -0.046181
vt 0.051887 -0.046181
vt 0.051887 0.046181
vt 0.049887 0.046181
vt 0.049887 -0.046181
vt 0.051887 -0.046181
vt 0.051887 0.046181
vt 0.049887 0.046181
vt 0.049887 -0.046181
vt -0.051887 -0.046181
vt -0.051887 0.046181
vt -0.049887 0.046181
vt -0.049887 -0.046181
vt -0.051887 -0.046181
vt -0.051887 0.046181
vt -0.049887 0.046181
vt -0.049887 -0.046181
vt 0.051887 0.046181
vt 0.051887 0.046181
vt 0.049887 0.048181
vt 0.049887 0.048181
vt 0.051887 -0.046181
vt 0.051887 -0.046181
vt 0.049887 -0.048181
vt 0.049887 -0.048181
vt -0.051887 0.046181
vt -0.051887 0.046181
vt -0.049887 0.048181
vt -0.049887 0.048181
vt -0.051887 -0.046181
vt -0.051887 -0.046181
vt -0.049887 -0.048181
vt -0.049887 -0.048181
vt -0.049887 -0.046181
vt -0.049887 -0.048181
vt -0.051887 -0.046181
vt -0.049887 -0.046181
vt -0.049887 -0.048181
vt -0.051887 -0.046181
vt -0.049887 0.046181
vt -0.049887 0.048181
vt -0.051887 0.046181
vt -0.049887 0.046181
vt -0.049887 0.048181
vt -0.051887 0.046181
vt 0.049887 -0.046181
vt 0.049887 -0.048181
vt 0.051887 -0.046181
vt 0.049887 -0.046181
vt 0.049887 -0.048181
vt 0.051887 -0.046181
vt 0.049887 0.046181
vt 0.049887 0.048181
vt 0.051887 0.046181
vt 0.049887 0.046181
vt 0.049887 0.048181
vt 0.051887 0.046181
vn 0.000000 0.000000 1.000000
vn 0.000000 0.000000 1.000000
vn 0.000000 0.000000 1.000000
vn 0.000000 0.000000 1.000000
vn 0.000000 0.000000 -1.000000
vn 0.000000 0.000000 -1.000000
vn 0.000000 0.000000 -1.000000
vn 0.000000 0.000000 -1.000000
vn 0.000000 1.000000 0.000000
vn 0.000000 1.000000 0.000000
vn 0.000000 1.000000 0.000000
vn 0.000000 1.000000 0.000000
vn 0.000000 -1.000000 0.000000
vn 0.000000 -1.000000 0.000000
vn 0.000000 -1.000000 0.000000
vn 0.000000 -1.000000 0.000000
vn 1.000000 0.000000 0.000000
vn 1.000000 0.000000 0.000000
vn 1.000000 0.000000 0.000000
vn 1.000000 0.000000 0.000000
vn -1.000000 0.000000 0.000000
vn -1.000000 0.000000 0.000000
vn -1.000000 0.000000 0.000000
vn -1.000000 0.000000 0.000000
vn 0.000000 0.707107 0.707107
vn 0.000000 0.707107 0.707107
vn 0.000000 0.707107 0.707107
vn 0.000000 0.707107 0.707107
vn 0.000000 0.707107 -0.707107
vn 0.000000 0.707107 -0.707107
vn 0.000000 0.707107 -0.707107
vn 0.000000 0.707107 -0.707107
vn 0.000000 -0.707107 0.707107
vn 0.000000 -0.707107 0.707107
vn 0.000000 -0.707107 0.707107
vn 0.000000 -0.707107 0.707107
vn 0.000000 -0.707107 -0.707107
vn 0.000000 -0.707107 -0.707107
vn 0.000000 -0.707107 -0.707107
vn 0.000000 -0.707107 -0.707107
vn 0.707107 0.000000 0.707107
vn 0.707107 0.000000 0.707107
vn 0.707107 0.000000 0.707107
vn 0.707107 0.000000 0.707107
vn 0.707107 0.000000 -0.707107
vn 0.707107 0.000000 -0.707107
vn 0.707107 0.000000 -0.707107
vn 0.707107 0.000000 -0.707107
vn -0.707107 0.000000 0.707107
vn -0.707107 0.000000 0.707107
vn -0.707107 0.000000 0.707107
vn -0.707107 0.000000 0.707107
vn -0.707107 0.000000 -0.707107
vn -0.707107 0.000000 -0.707107
vn -0.707107 0.000000 -0.707107
vn -0.707107 0.000000 -0.707107
vn 0.707107 0.707107 0.000000
vn 0.707107 0.707107 0.000000
vn 0.707107 0.707107 0.000000
vn 0.707107 0.707107 0.000000
vn 0.707107 -0.707107 0.000000
vn 0.707107 -0.707107 0.000000
vn 0.707107 -0.707107 0.000000
vn 0.707107 -0.707107 0.000000
vn -0.707107 0.707107 0.000000
vn -0.707107 0.707107 0.000000
vn -0.707107 0.707107 0.000000
vn -0.707107 0.707107 0.000000
vn -0.707107 -0.707107 0.000000
vn -0.707107 -0.707107 0.000000
vn -0.707107 -0.707107 0.000000
vn -0.707107 -0.707107 0.000000
vn -0.577350 -0.577350 -0.577350
vn -0.577350 -0.577350 -0.577350
vn -0.577350 -0.577350 -0.577350
vn -0.577350 -0.577350 0.577350
vn -0.577350 -0.577350 0.577350
vn -0.577350 -0.577350 0.577350
vn -0.577350 0.577350 -0.577350
vn -0.577350 0.577350 -0.577350
vn -0.577350 0.577350 -0.577350
vn -0.577350 0.577350 0.577350
vn -0.577350 0.577350 0.577350
vn -0.577350 0.577350 0.577350
vn 0.577350 -0.577350 -0.577350
vn 0.577350 -0.577350 -0.577350
vn 0.577350 -0.577350 -0.577350
vn 0.577350 -0.577350 0.577350
vn 0.577350 -0.577350 0.577350
vn 0.577350 -0.577350 0.577350
vn 0.577350 0.577350 -0.577350
vn 0.577350 0.577350 -0.577350
vn 0.577350 0.577350 -0.577350
vn 0.577350 0.577350 0.577350
vn 0.577350 0.577350 0.577350
vn 0.577350 0.577350 0.577350
vn 0.000000 0.000000 -1.000000
vn -0.866025 0.000000 -0.500000
vn -0.866025 0.000000 0.500000
vn -0.000000 0.000000 1.000000
vn 0.866025 -0.000000 0.500000
vn 0.866025 0.000000 -0.500000
vn 0.000000 0.000000 -1.000000
vn -0.866025 0.000000 -0.500000
vn -0.866025 0.000000 0.500000
vn -0.000000 0.000000 1.000000
vn 0.866025 -0.000000 0.500000
vn 0.866025 0.000000 -0.500000
vn 0.000000 0.000000 -1.000000
vn -0.866025 0.000000 -0.500000
vn -0.866025 0.000000 0.500000
vn -0.000000 0.000000 1.000000
vn 0.866025 -0.000000 0.500000
vn 0.866025 0.000000 -0.500000
vn 0.000000 0.000000 -1.000000
vn -0.866025 0.000000 -0.500000
vn -0.866025 0.000000 0.500000
vn -0.000000 0.000000 1.000000
vn 0.866025 -0.000000 0.500000
vn 0.866025 0.000000 -0.500000
vn -0.000000 -1.000000 -0.000000
vn 0.000000 1.000000 0.000000
vn 0.000000 0.000000 -1.000000
vn -0.587785 0.000000 -0.809017
vn -0.951057 0.000000 -0.309017
vn -0.951057 0.000000 0.309017
vn -0.587785 0.000000 0.809017
vn -0.000000 0.000000 1.000000
vn 0.587785 -0.000000 0.809017
vn 0.951057 -0.000000 0.309017
vn 0.951057 0.000000 -0.309017
vn 0.587785 0.000000 -0.809017
vn 0.000000 0.000000 -1.000000
vn -0.587785 0.000000 -0.809017
vn -0.951057 0.000000 -0.309017
vn -0.951057 0.000000 0.309017
vn -0.587785 0.000000 0.809017
vn -0.000000 0.000000 1.000000
vn 0.587785 -0.000000 0.809017
vn 0.951057 -0.000000 0.309017
vn 0.951057 0.000000 -0.309017
vn 0.587785 0.000000 -0.809017
vn 0.000000 0.000000 -1.000000
vn -0.587785 0.000000 -0.809017
vn -0.951057 0.000000 -0.309017
vn -0.951057 0.000000 0.309017
vn -0.587785 0.000000 0.809017
vn -0.000000 0.000000 1.000000
vn 0.587785 -0.000000 0.809017
vn 0.951057 -0.000000 0.309017
vn 0.951057 0.000000 -0.309017
vn 0.587785 0.000000 -0.809017
vn 0.000000 0.000000 -1.000000
vn -0.587785 0.000000 -0.809017
vn -0.951057 0.000000 -0.309017
vn -0.951057 0.000000 0.309017
vn -0.587785 0.000000 0.809017
vn -0.000000 0.000000 1.000000
vn 0.587785 -0.000000 0.809017
vn 0.951057 -0.000000 0.309017
vn 0.951057 0.000000 -0.309017
vn 0.587785 0.000000 -0.809017
vn -0.000000 -1.000000 -0.000000
vn 0.000000 1.000000 0.000000
vn 0.000000 0.000000 -1.000000
vn -0.587785 0.000000 -0.809017
vn -0.951057 0.000000 -0.309017
vn -0.951057 0.000000 0.309017
vn -0.587785 0.000000 0.809017
vn -0.000000 0.000000 1.000000
vn 0.587785 -0.000000 0.809017
vn 0.951057 -0.000000 0.309017
vn 0.951057 0.000000 -0.309017
vn 0.587785 0.000000 -0.809017
vn 0.000000 0.000000 -1.000000
vn -0.587785 0.000000 -0.809017
vn -0.951057 0.000000 -0.309017
vn -0.951057 0.000000 0.309017
vn -0.587785 0.000000 0.809017
vn -0.000000 0.000000 1.000000
vn 0.587785 -0.000000 0.809017
vn 0.951057 -0.000000 0.309017
vn 0.951057 0.000000 -0.309017
vn 0.587785 0.000000 -0.809017
vn 0.000000 0.000000 -1.000000
vn -0.587785 0.000000 -0.809017
vn -0.951057 0.000000 -0.309017
vn -0.951057 0.000000 0.309017
vn -0.587785 0.000000 0.809017
vn -0.000000 0.000000 1.000000
vn 0.587785 -0.000000 0.809017
vn 0.951057 -0.000000 0.309017
vn 0.951057 0.000000 -0.309017
vn 0.587785 0.000000 -0.809017
vn 0.000000 0.000000 -1.000000
vn -0.587785 0.000000 -0.809017
vn -0.951057 0.000000 -0.309017
vn -0.951057 0.000000 0.309017
vn -0.587785 0.000000 0.809017
vn -0.000000 0.000000 1.000000
vn 0.587785 -0.000000 0.809017
vn 0.951057 -0.000000 0.309017
vn 0.951057 0.000000 -0.309017
vn 0.587785 0.000000 -0.809017
vn -0.000000 -1.000000 -0.000000
vn 0.000000 1.000000 0.000000
vn 0.000000 0.000000 -1.000000
vn -0.587785 0.000000 -0.809017
vn -0.951057 0.000000 -0.309017
vn -0.951057 0.000000 0.309017
vn -0.587785 0.000000 0.809017
vn -0.000000 0.000000 1.000000
vn 0.587785 -0.000000 0.809017
vn 0.951057 -0.000000 0.309017
vn 0.951057 0.000000 -0.309017
vn 0.587785 0.000000 -0.809017
vn 0.000000 0.000000 -1.000000
vn -0.587785 0.000000 -0.809017
vn -0.951057 0.000000 -0.309017
vn -0.951057 0.000000 0.309017
vn -0.587785 0.000000 0.809017
vn -0.000000 0.000000 1.000000
vn 0.587785 -0.000000 0.809017
vn 0.951057 -0.000000 0.309017
vn 0.951057 0.000000 -0.309017
vn 0.587785 0.000000 -0.809017
vn 0.000000 0.000000 -1.000000
vn -0.587785 0.000000 -0.809017
vn -0.951057 0.000000 -0.309017
vn -0.951057 0.000000 0.309017
vn -0.587785 0.000000 0.809017
vn -0.000000 0.000000 1.000000
vn 0.587785 -0.000000 0.809017
vn 0.951057 -0.000000 0.309017
vn 0.951057 0.000000 -0.309017
vn 0.587785 0.000000 -0.809017
vn 0.000000 0.000000 -1.000000
vn -0.587785 0.000000 -0.809017
vn -0.951057 0.000000 -0.309017
vn -0.951057 0.000000 0.309017
vn -0.587785 0.000000 0.809017
vn -0.000000 0.000000 1.000000
vn 0.587785 -0.000000 0.809017
vn 0.951057 -0.000000 0.309017
vn 0.951057 0.000000 -0.309017
vn 0.587785 0.000000 -0.809017
vn -0.000000 -1.000000 -0.000000
vn 0.000000 1.000000 0.000000
vn 0.000000 0.000000 -1.000000
vn -0.866025 0.000000 -0.500000
vn -0.866025 0.000000 0.500000
vn -0.000000 0.000000 1.000000
vn 0.866025 -0.000000 0.500000
vn 0.866025 0.000000 -0.500000
vn 0.000000 0.000000 -1.000000
vn -0.866025 0.000000 -0.500000
vn -0.866025 0.000000 0.500000
vn -0.000000 0.000000 1.000000
vn 0.866025 -0.000000 0.500000
vn 0.866025 0.000000 -0.500000
vn 0.000000 0.000000 -1.000000
vn -0.866025 0.000000 -0.500000
vn -0.866025 0.000000 0.500000
vn -0.000000 0.000000 1.000000
vn 0.866025 -0.000000 0.500000
vn 0.866025 0.000000 -0.500000
vn 0.000000 0.000000 -1.000000
vn -0.866025 0.000000 -0.500000
vn -0.866025 0.000000 0.500000
vn -0.000000 0.000000 1.000000
vn 0.866025 -0.000000 0.500000
vn 0.866025 0.000000 -0.500000
vn -0.000000 -1.000000 -0.000000
vn 0.000000 1.000000 0.000000
vn 0.000000 0.000000 -1.000000
vn -0.866025 0.000000 -0.500000
vn -0.866025 0.000000 0.500000
vn -0.000000 0.000000 1.000000
vn 0.866025 -0.000000 0.500000
vn 0.866025 0.000000 -0.500000
vn 0.000000 0.000000 -1.000000
vn -0.866025 0.000000 -0.500000
vn -0.866025 0.000000 0.500000
vn -0.000000 0.000000 1.000000
vn 0.866025 -0.000000 0.500000
vn 0.866025 0.000000 -0.500000
vn 0.000000 0.000000 -1.000000
vn -0.866025 0.000000 -0.500000
vn -0.866025 0.000000 0.500000
vn -0.000000 0.000000 1.000000
vn 0.866025 -0.000000 0.500000
vn 0.866025 0.000000 -0.500000
vn 0.000000 0.000000 -1.000000
vn -0.866025 0.000000 -0.500000
vn -0.866025 0.000000 0.500000
vn -0.000000 0.000000 1.000000
vn 0.866025 -0.000000 0.500000
vn 0.866025 0.000000 -0.500000
vn -0.000000 -1.000000 -0.000000
vn 0.000000 1.000000 0.000000
vn 0.000000 0.000000 -1.000000
vn -0.587785 0.000000 -0.809017
vn -0.951057 0.000000 -0.309017
vn -0.951057 0.000000 0.309017
vn -0.587785 0.000000 0.809017
vn -0.000000 0.000000 1.000000
vn 0.587785 -0.000000 0.809017
vn 0.951057 -0.000000 0.309017
vn 0.951057 0.000000 -0.309017
vn 0.587785 0.000000 -0.809017
vn 0.000000 0.000000 -1.000000
vn -0.587785 0.000000 -0.809017
vn -0.951057 0.000000 -0.309017
vn -0.951057 0.000000 0.309017
vn -0.587785 0.000000 0.809017
vn -0.000000 0.000000 1.000000
vn 0.587785 -0.000000 0.809017
vn 0.951057 -0.000000 0.309017
vn 0.951057 0.000000 -0.309017
vn 0.587785 0.000000 -0.809017
vn 0.000000 0.000000 -1.000000
vn -0.587785 0.000000 -0.809017
vn -0.951057 0.000000 -0.309017
vn -0.951057 0.000000 0.309017
vn -0.587785 0.000000 0.809017
vn -0.000000 0.000000 1.000000
vn 0.587785 -0.000000 0.809017
vn 0.951057 -0.000000 0.309017
vn 0.951057 0.000000 -0.309017
vn 0.587785 0.000000 -0.809017
vn 0.000000 0.000000 -1.000000
vn -0.587785 0.000000 -0.809017
vn -0.951057 0.000000 -0.309017
vn -0.951057 0.000000 0.309017
vn -0.587785 0.000000 0.809017
vn -0.000000 0.000000 1.000000
vn 0.587785 -0.000000 0.809017
vn 0.951057 -0.000000 0.309017
vn 0.951057 0.000000 -0.309017
vn 0.587785 0.000000 -0.809017
vn -0.000000 -1.000000 -0.000000
vn 0.000000 1.000000 0.000000
vn 0.000000 0.000000 -1.000000
vn -0.587785 0.000000 -0.809017
vn -0.951057 0.000000 -0.309017
vn -0.951057 0.000000 0.309017
vn -0.587785 0.000000 0.809017
vn -0.000000 0.000000 1.000000
vn 0.587785 -0.000000 0.809017
vn 0.951057 -0.000000 0.309017
vn 0.951057 0.000000 -0.309017
vn 0.587785 0.000000 -0.809017
vn 0.000000 0.000000 -1.000000
vn -0.587785 0.000000 -0.809017
vn -0.951057 0.000000 -0.309017
vn -0.951057 0.000000 0.309017
vn -0.587785 0.000000 0.809017
vn -0.000000 0.000000 1.000000
vn 0.587785 -0.000000 0.809017
vn 0.951057 -0.000000 0.309017
vn 0.951057 0.000000 -0.309017
vn 0.587785 0.000000 -0.809017
vn 0.000000 0.000000 -1.000000
vn -0.587785 0.000000 -0.809017
vn -0.951057 0.000000 -0.309017
vn -0.951057 0.000000 0.309017
vn -0.587785 0.000000 0.809017
vn -0.000000 0.000000 1.000000
vn 0.587785 -0.000000 0.809017
vn 0.951057 -0.000000 0.309017
vn 0.951057 0.000000 -0.309017
vn 0.587785 0.000000 -0.809017
vn 0.000000 0.000000 -1.000000
vn -0.587785 0.000000 -0.809017
vn -0.951057 0.000000 -0.309017
vn -0.951057 0.000000 0.309017
vn -0.587785 0.000000 0.809017
vn -0.000000 0.000000 1.000000
vn 0.587785 -0.000000 0.809017
vn 0.951057 -0.000000 0.309017
vn 0.951057 0.000000 -0.309017
vn 0.587785 0.000000 -0.809017
vn -0.000000 -1.000000 -0.000000
vn 0.000000 1.000000 0.000000
vn 0.000000 0.000000 -1.000000
vn -0.587785 0.000000 -0.809017
vn -0.951057 0.000000 -0.309017
vn -0.951057 0.000000 0.309017
vn -0.587785 0.000000 0.809017
vn -0.000000 0.000000 1.000000
vn 0.587785 -0.000000 0.809017
vn 0.951057 -0.000000 0.309017
vn 0.951057 0.000000 -0.309017
vn 0.587785 0.000000 -0.809017
vn 0.000000 0.000000 -1.000000
vn -0.587785 0.000000 -0.809017
vn -0.951057 0.000000 -0.309017
vn -0.951057 0.000000 0.309017
vn -0.587785 0.000000 0.809017
vn -0.000000 0.000000 1.000000
vn 0.587785 -0.000000 0.809017
vn 0.951057 -0.000000 0.309017
vn 0.951057 0.000000 -0.309017
vn 0.587785 0.000000 -0.809017
vn 0.000000 0.000000 -1.000000
vn -0.587785 0.000000 -0.809017
vn -0.951057 0.000000 -0.309017
vn -0.951057 0.000000 0.309017
vn -0.587785 0.000000 0.809017
vn -0.000000 0.000000 1.000000
vn 0.587785 -0.000000 0.809017
vn 0.951057 -0.000000 0.309017
vn 0.951057 0.000000 -0.309017
vn 0.587785 0.000000 -0.809017
vn 0.000000 0.000000 -1.000000
vn -0.587785 0.000000 -0.809017
vn -0.951057 0.000000 -0.309017
vn -0.951057 0.000000 0.309017
vn -0.587785 0.000000 0.809017
vn -0.000000 0.000000 1.000000
vn 0.587785 -0.000000 0.809017
vn 0.951057 -0.000000 0.309017
vn 0.951057 0.000000 -0.309017
vn 0.587785 0.000000 -0.809017
vn -0.000000 -1.000000 -0.000000
vn 0.000000 1.000000 0.000000
vn 0.000000 0.000000 -1.000000
vn -0.866025 0.000000 -0.500000
vn -0.866025 0.000000 0.500000
vn -0.000000 0.000000 1.000000
vn 0.866025 -0.000000 0.500000
vn 0.866025 0.000000 -0.500000
vn 0.000000 0.000000 -1.000000
vn -0.866025 0.000000 -0.500000
vn -0.866025 0.000000 0.500000
vn -0.000000 0.000000 1.000000
vn 0.866025 -0.000000 0.500000
vn 0.866025 0.000000 -0.500000
vn 0.000000 0.000000 -1.000000
vn -0.866025 0.000000 -0.500000
vn -0.866025 0.000000 0.500000
vn -0.000000 0.000000 1.000000
vn 0.866025 -0.000000 0.500000
vn 0.866025 0.000000 -0.500000
vn 0.000000 0.000000 -1.000000
vn -0.866025 0.000000 -0.500000
vn -0.866025 0.000000 0.500000
vn -0.000000 0.000000 1.000000
vn 0.866025 -0.000000 0.500000
vn 0.866025 0.000000 -0.500000
vn -0.000000 -1.000000 -0.000000
vn 0.000000 1.000000 0.000000
vn 0.000000 0.000000 -1.000000
vn -0.866025 0.000000 -0.500000
vn -0.866025 0.000000 0.500000
vn -0.000000 0.000000 1.000000
vn 0.866025 -0.000000 0.500000
vn 0.866025 0.000000 -0.500000
vn 0.000000 0.000000 -1.000000
vn -0.866025 0.000000 -0.500000
vn -0.866025 0.000000 0.500000
vn -0.000000 0.000000 1.000000
vn 0.866025 -0.000000 0.500000
vn 0.866025 0.000000 -0.500000
vn 0.000000 0.000000 -1.000000
vn -0.866025 0.000000 -0.500000
vn -0.866025 0.000000 0.500000
vn -0.000000 0.000000 1.000000
vn 0.866025 -0.000000 0.500000
vn 0.866025 0.000000 -0.500000
vn 0.000000 0.000000 -1.000000
vn -0.866025 0.000000 -0.500000
vn -0.866025 0.000000 0.500000
vn -0.000000 0.000000 1.000000
vn 0.866025 -0.000000 0.500000
vn 0.866025 0.000000 -0.500000
vn -0.000000 -1.000000 -0.000000
vn 0.000000 1.000000 0.000000
vn 0.000000 0.000000 -1.000000
vn -0.587785 0.000000 -0.809017
vn -0.951057 0.000000 -0.309017
vn -0.951057 0.000000 0.309017
vn -0.587785 0.000000 0.809017
vn -0.000000 0.000000 1.000000
vn 0.587785 -0.000000 0.809017
vn 0.951057 -0.000000 0.309017
vn 0.951057 0.000000 -0.309017
vn 0.587785 0.000000 -0.809017
vn 0.000000 0.000000 -1.000000
vn -0.587785 0.000000 -0.809017
vn -0.951057 0.000000 -0.309017
vn -0.951057 0.000000 0.309017
vn -0.587785 0.000000 0.809017
vn -0.000000 0.000000 1.000000
vn 0.587785 -0.000000 0.809017
vn 0.951057 -0.000000 0.309017
vn 0.951057 0.000000 -0.309017
vn 0.587785 0.000000 -0.809017
vn 0.000000 0.000000 -1.000000
vn -0.587785 0.000000 -0.809017
vn -0.951057 0.000000 -0.309017
vn -0.951057 0.000000 0.309017
vn -0.587785 0.000000 0.809017
vn -0.000000 0.000000 1.000000
vn 0.587785 -0.000000 0.809017
vn 0.951057 -0.000000 0.309017
vn 0.951057 0.000000 -0.309017
vn 0.587785 0.000000 -0.809017
vn 0.000000 0.000000 -1.000000
vn -0.587785 0.000000 -0.809017
vn -0.951057 0.000000 -0.309017
vn -0.951057 0.000000 0.309017
vn -0.587785 0.000000 0.809017
vn -0.000000 0.000000 1.000000
vn 0.587785 -0.000000 0.809017
vn 0.951057 -0.000000 0.309017
vn 0.951057 0.000000 -0.309017
vn 0.587785 0.000000 -0.809017
vn -0.000000 -1.000000 -0.000000
vn 0.000000 1.000000 0.000000
vn 0.000000 0.000000 -1.000000
vn -0.587785 0.000000 -0.809017
vn -0.951057 0.000000 -0.309017
vn -0.951057 0.000000 0.309017
vn -0.587785 0.000000 0.809017
vn -0.000000 0.000000 1.000000
vn 0.587785 -0.000000 0.809017
vn 0.951057 -0.000000 0.309017
vn 0.951057 0.000000 -0.309017
vn 0.587785 0.000000 -0.809017
vn 0.000000 0.000000 -1.000000
vn -0.587785 0.000000 -0.809017
vn -0.951057 0.000000 -0.309017
vn -0.951057 0.000000 0.309017
vn -0.587785 0.000000 0.809017
vn -0.000000 0.000000 1.000000
vn 0.587785 -0.000000 0.809017
vn 0.951057 -0.000000 0.309017
vn 0.951057 0.000000 -0.309017
vn 0.587785 0.000000 -0.809017
vn 0.000000 0.000000 -1.000000
vn -0.587785 0.000000 -0.809017
vn -0.951057 0.000000 -0.309017
vn -0.951057 0.000000 0.309017
vn -0.587785 0.000000 0.809017
vn -0.000000 0.000000 1.000000
vn 0.587785 -0.000000 0.809017
vn 0.951057 -0.000000 0.309017
vn 0.951057 0.000000 -0.309017
vn 0.587785 0.000000 -0.809017
vn 0.000000 0.000000 -1.000000
vn -0.587785 0.000000 -0.809017
vn -0.951057 0.000000 -0.309017
vn -0.951057 0.000000 0.309017
vn -0.587785 0.000000 0.809017
vn -0.000000 0.000000 1.000000
vn 0.587785 -0.000000 0.809017
vn 0.951057 -0.000000 0.309017
vn 0.951057 0.000000 -0.309017
vn 0.587785 0.000000 -0.809017
vn -0.000000 -1.000000 -0.000000
vn 0.000000 1.000000 0.000000
vn 0.000000 0.000000 -1.000000
vn -0.587785 0.000000 -0.809017
vn -0.951057 0.000000 -0.309017
vn -0.951057 0.000000 0.309017
vn -0.587785 0.000000 0.809017
vn -0.000000 0.000000 1.000000
vn 0.587785 -0.000000 0.809017
vn 0.951057 -0.000000 0.309017
vn 0.951057 0.000000 -0.309017
vn 0.587785 0.000000 -0.809017
vn 0.000000 0.000000 -1.000000
vn -0.587785 0.000000 -0.809017
vn -0.951057 0.000000 -0.309017
vn -0.951057 0.000000 0.309017
vn -0.587785 0.000000 0.809017
vn -0.000000 0.000000 1.000000
vn 0.587785 -0.000000 0.809017
vn 0.951057 -0.000000 0.309017
vn 0.951057 0.000000 -0.309017
vn 0.587785 0.000000 -0.809017
vn 0.000000 0.000000 -1.000000
vn -0.587785 0.000000 -0.809017
vn -0.951057 0.000000 -0.309017
vn -0.951057 0.000000 0.309017
vn -0.587785 0.000000 0.809017
vn -0.000000 0.000000 1.000000
vn 0.587785 -0.000000 0.809017
vn 0.951057 -0.000000 0.309017
vn 0.951057 0.000000 -0.309017
vn 0.587785 0.000000 -0.809017
vn 0.000000 0.000000 -1.000000
vn -0.587785 0.000000 -0.809017
vn -0.951057 0.000000 -0.309017
vn -0.951057 0.000000 0.309017
vn -0.587785 0.000000 0.809017
vn -0.000000 0.000000 1.000000
vn 0.587785 -0.000000 0.809017
vn 0.951057 -0.000000 0.309017
vn 0.951057 0.000000 -0.309017
vn 0.587785 0.000000 -0.809017
vn -0.000000 -1.000000 -0.000000
vn 0.000000 1.000000 0.000000
vn 0.000000 0.000000 -1.000000
vn -0.866025 0.000000 -0.500000
vn -0.866025 0.000000 0.500000
vn -0.000000 0.000000 1.000000
vn 0.866025 -0.000000 0.500000
vn 0.866025 0.000000 -0.500000
vn 0.000000 0.000000 -1.000000
vn -0.866025 0.000000 -0.500000
vn -0.866025 0.000000 0.500000
vn -0.000000 0.000000 1.000000
vn 0.866025 -0.000000 0.500000
vn 0.866025 0.000000 -0.500000
vn 0.000000 0.000000 -1.000000
vn -0.866025 0.000000 -0.500000
vn -0.866025 0.000000 0.500000
vn -0.000000 0.000000 1.000000
vn 0.866025 -0.000000 0.500000
vn 0.866025 0.000000 -0.500000
vn 0.000000 0.000000 -1.000000
vn -0.866025 0.000000 -0.500000
vn -0.866025 0.000000 0.500000
vn -0.000000 0.000000 1.000000
vn 0.866025 -0.000000 0.500000
vn 0.866025 0.000000 -0.500000
vn -0.000000 -1.000000 -0.000000
vn 0.000000 1.000000 0.000000
vn 0.000000 0.000000 -1.000000
vn -0.866025 0.000000 -0.500000
vn -0.866025 0.000000 0.500000
vn -0.000000 0.000000 1.000000
vn 0.866025 -0.000000 0.500000
vn 0.866025 0.000000 -0.500000
vn 0.000000 0.000000 -1.000000
vn -0.866025 0.000000 -0.500000
vn -0.866025 0.000000 0.500000
vn -0.000000 0.000000 1.000000
vn 0.866025 -0.000000 0.500000
vn 0.866025 0.000000 -0.500000
vn 0.000000 0.000000 -1.000000
vn -0.866025 0.000000 -0.500000
vn -0.866025 0.000000 0.500000
vn -0.000000 0.000000 1.000000
vn 0.866025 -0.000000 0.500000
vn 0.866025 0.000000 -0.500000
vn 0.000000 0.000000 -1.000000
vn -0.866025 0.000000 -0.500000
vn -0.866025 0.000000 0.500000
vn -0.000000 0.000000 1.000000
vn 0.866025 -0.000000 0.500000
vn 0.866025 0.000000 -0.500000
vn -0.000000 -1.000000 -0.000000
vn 0.000000 1.000000 0.000000
vn 0.000000 0.000000 -1.000000
vn -0.587785 0.000000 -0.809017
vn -0.951057 0.000000 -0.309017
vn -0.951057 0.000000 0.309017
vn -0.587785 0.000000 0.809017
vn -0.000000 0.000000 1.000000
vn 0.587785 -0.000000 0.809017
vn 0.951057 -0.000000 0.309017
vn 0.951057 0.000000 -0.309017
vn 0.587785 0.000000 -0.809017
vn 0.000000 0.000000 -1.000000
vn -0.587785 0.000000 -0.809017
vn -0.951057 0.000000 -0.309017
vn -0.951057 0.000000 0.309017
vn -0.587785 0.000000 0.809017
vn -0.000000 0.000000 1.000000
vn 0.587785 -0.000000 0.809017
vn 0.951057 -0.000000 0.309017
vn 0.951057 0.000000 -0.309017
vn 0.587785 0.000000 -0.809017
vn 0.000000 0.000000 -1.000000
vn -0.587785 0.000000 -0.809017
vn -0.951057 0.000000 -0.309017
vn -0.951057 0.000000 0.309017
vn -0.587785 0.000000 0.809017
vn -0.000000 0.000000 1.000000
vn 0.587785 -0.000000 0.809017
vn 0.951057 -0.000000 0.309017
vn 0.951057 0.000000 -0.309017
vn 0.587785 0.000000 -0.809017
vn 0.000000 0.000000 -1.000000
vn -0.587785 0.000000 -0.809017
vn -0.951057 0.000000 -0.309017
vn -0.951057 0.000000 0.309017
vn -0.587785 0.000000 0.809017
vn -0.000000 0.000000 1.000000
vn 0.587785 -0.000000 0.809017
vn 0.951057 -0.000000 0.309017
vn 0.951057 0.000000 -0.309017
vn 0.587785 0.000000 -0.809017
vn -0.000000 -1.000000 -0.000000
vn 0.000000 1.000000 0.000000
vn 0.000000 0.000000 -1.000000
vn -0.587785 0.000000 -0.809017
vn -0.951057 0.000000 -0.309017
vn -0.951057 0.000000 0.309017
vn -0.587785 0.000000 0.809017
vn -0.000000 0.000000 1.000000
vn 0.587785 -0.000000 0.809017
vn 0.951057 -0.000000 0.309017
vn 0.951057 0.000000 -0.309017
vn 0.587785 0.000000 -0.809017
vn 0.000000 0.000000 -1.000000
vn -0.587785 0.000000 -0.809017
vn -0.951057 0.000000 -0.309017
vn -0.951057 0.000000 0.309017
vn -0.587785 0.000000 0.809017
vn -0.000000 0.000000 1.000000
vn 0.587785 -0.000000 0.809017
vn 0.951057 -0.000000 0.309017
vn 0.951057 0.000000 -0.309017
vn 0.587785 0.000000 -0.809017
vn 0.000000 0.000000 -1.000000
vn -0.587785 0.000000 -0.809017
vn -0.951057 0.000000 -0.309017
vn -0.951057 0.000000 0.309017
vn -0.587785 0.000000 0.809017
vn -0.000000 0.000000 1.000000
vn 0.587785 -0.000000 0.809017
vn 0.951057 -0.000000 0.309017
vn 0.951057 0.000000 -0.309017
vn 0.587785 0.000000 -0.809017
vn 0.000000 0.000000 -1.000000
vn -0.587785 0.000000 -0.809017
vn -0.951057 0.000000 -0.309017
vn -0.951057 0.000000 0.309017
vn -0.587785 0.000000 0.809017
vn -0.000000 0.000000 1.000000
vn 0.587785 -0.000000 0.809017
vn 0.951057 -0.000000 0.309017
vn 0.951057 0.000000 -0.309017
vn 0.587785 0.000000 -0.809017
vn -0.000000 -1.000000 -0.000000
vn 0.000000 1.000000 0.000000
vn 0.000000 0.000000 -1.000000
vn -0.587785 0.000000 -0.809017
vn -0.951057 0.000000 -0.309017
vn -0.951057 0.000000 0.309017
vn -0.587785 0.000000 0.809017
vn -0.000000 0.000000 1.000000
vn 0.587785 -0.000000 0.809017
vn 0.951057 -0.000000 0.309017
vn 0.951057 0.000000 -0.309017
vn 0.587785 0.000000 -0.809017
vn 0.000000 0.000000 -1.000000
vn -0.587785 0.000000 -0.809017
vn -0.951057 0.000000 -0.309017
vn -0.951057 0.000000 0.309017
vn -0.587785 0.000000 0.809017
vn -0.000000 0.000000 1.000000
vn 0.587785 -0.000000 0.809017
vn 0.951057 -0.000000 0.309017
vn 0.951057 0.000000 -0.309017
vn 0.587785 0.000000 -0.809017
vn 0.000000 0.000000 -1.000000
vn -0.587785 0.000000 -0.809017
vn -0.951057 0.000000 -0.309017
vn -0.951057 0.000000 0.309017
vn -0.587785 0.000000 0.809017
vn -0.000000 0.000000 1.000000
vn 0.587785 -0.000000 0.809017
vn 0.951057 -0.000000 0.309017
vn 0.951057 0.000000 -0.309017
vn 0.587785 0.000000 -0.809017
vn 0.000000 0.000000 -1.000000
vn -0.587785 0.000000 -0.809017
vn -0.951057 0.000000 -0.309017
vn -0.951057 0.000000 0.309017
vn -0.587785 0.000000 0.809017
vn -0.000000 0.000000 1.000000
vn 0.587785 -0.000000 0.809017
vn 0.951057 -0.000000 0.309017
vn 0.951057 0.000000 -0.309017
vn 0.587785 0.000000 -0.809017
vn -0.000000 -1.000000 -0.000000
vn 0.000000 1.000000 0.000000
vn 0.000000 0.000000 -1.000000
vn -0.866025 0.000000 -0.500000
vn -0.866025 0.000000 0.500000
vn -0.000000 0.000000 1.000000
vn 0.866025 -0.000000 0.500000
vn 0.866025 0.000000 -0.500000
vn 0.000000 0.000000 -1.000000
vn -0.866025 0.000000 -0.500000
vn -0.866025 0.000000 0.500000
vn -0.000000 0.000000 1.000000
vn 0.866025 -0.000000 0.500000
vn 0.866025 0.000000 -0.500000
vn 0.000000 0.000000 -1.000000
vn -0.866025 0.000000 -0.500000
vn -0.866025 0.000000 0.500000
vn -0.000000 0.000000 1.000000
vn 0.866025 -0.000000 0.500000
vn 0.866025 0.000000 -0.500000
vn 0.000000 0.000000 -1.000000
vn -0.866025 0.000000 -0.500000
vn -0.866025 0.000000 0.500000
vn -0.000000 0.000000 1.000000
vn 0.866025 -0.000000 0.500000
vn 0.866025 0.000000 -0.500000
vn -0.000000 -1.000000 -0.000000
vn 0.000000 1.000000 0.000000
vn 0.000000 0.000000 -1.000000
vn -0.587785 0.000000 -0.809017
vn -0.951057 0.000000 -0.309017
vn -0.951057 0.000000 0.309017
vn -0.587785 0.000000 0.809017
vn -0.000000 0.000000 1.000000
vn 0.587785 -0.000000 0.809017
vn 0.951057 -0.000000 0.309017
vn 0.951057 0.000000 -0.309017
vn 0.587785 0.000000 -0.809017
vn 0.000000 0.000000 -1.000000
vn -0.587785 0.000000 -0.809017
vn -0.951057 0.000000 -0.309017
vn -0.951057 0.000000 0.309017
vn -0.587785 0.000000 0.809017
vn -0.000000 0.000000 1.000000
vn 0.587785 -0.000000 0.809017
vn 0.951057 -0.000000 0.309017
vn 0.951057 0.000000 -0.309017
vn 0.587785 0.000000 -0.809017
vn 0.000000 0.000000 -1.000000
vn -0.587785 0.000000 -0.809017
vn -0.951057 0.000000 -0.309017
vn -0.951057 0.000000 0.309017
vn -0.587785 0.000000 0.809017
vn -0.000000 0.000000 1.000000
vn 0.587785 -0.000000 0.809017
vn 0.951057 -0.000000 0.309017
vn 0.951057 0.000000 -0.309017
vn 0.587785 0.000000 -0.809017
vn 0.000000 0.000000 -1.000000
vn -0.587785 0.000000 -0.809017
vn -0.951057 0.000000 -0.309017
vn -0.951057 0.000000 0.309017
vn -0.587785 0.000000 0.809017
vn -0.000000 0.000000 1.000000
vn 0.587785 -0.000000 0.809017
vn 0.951057 -0.000000 0.309017
vn 0.951057 0.000000 -0.309017
vn 0.587785 0.000000 -0.809017
vn -0.000000 -1.000000 -0.000000
vn 0.000000 1.000000 0.000000
vn 0.000000 0.000000 1.000000
vn 0.000000 0.000000 1.000000
vn 0.000000 0.000000 1.000000
vn 0.000000 0.000000 1.000000
vn 0.000000 0.000000 -1.000000
vn 0.000000 0.000000 -1.000000
vn 0.000000 0.000000 -1.000000
vn 0.000000 0.000000 -1.000000
vn 0.000000 1.000000 0.000000
vn 0.000000 1.000000 0.000000
vn 0.000000 1.000000 0.000000
vn 0.000000 1.000000 0.000000
vn 0.000000 -1.000000 0.000000
vn 0.000000 -1.000000 0.000000
vn 0.000000 -1.000000 0.000000
vn 0.000000 -1.000000 0.000000
vn 1.000000 0.000000 0.000000
vn 1.000000 0.000000 0.000000
vn 1.000000 0.000000 0.000000
vn 1.000000 0.000000 0.000000
vn -1.000000 0.000000 0.000000
vn -1.000000 0.000000 0.000000
vn -1.000000 0.000000 0.000000
vn -1.000000 0.000000 0.000000
vn 0.000000 0.707107 0.707107
vn 0.000000 0.707107 0.707107
vn 0.000000 0.707107 0.707107
vn 0.000000 0.707107 0.707107
vn 0.000000 0.707107 -0.707107
vn 0.000000 0.707107 -0.707107
vn 0.000000 0.707107 -0.707107
vn 0.000000 0.707107 -0.707107
vn 0.000000 -0.707107 0.707107
vn 0.000000 -0.707107 0.707107
vn 0.000000 -0.707107 0.707107
vn 0.000000 -0.707107 0.707107
vn 0.000000 -0.707107 -0.707107
vn 0.000000 -0.707107 -0.707107
vn 0.000000 -0.707107 -0.707107
vn 0.000000 -0.707107 -0.707107
vn 0.707107 0.000000 0.707107
vn 0.707107 0.000000 0.707107
vn 0.707107 0.000000 0.707107
vn 0.707107 0.000000 0.707107
vn 0.707107 0.000000 -0.707107
vn 0.707107 0.000000 -0.707107
vn 0.707107 0.000000 -0.707107
vn 0.707107 0.000000 -0.707107
vn -0.707107 0.000000 0.707107
vn -0.707107 0.000000 0.707107
vn -0.707107 0.000000 0.707107
vn -0.707107 0.000000 0.707107
vn -0.707107 0.000000 -0.707107
vn -0.707107 0.000000 -0.707107
vn -0.707107 0.000000 -0.707107
vn -0.707107 0.000000 -0.707107
vn 0.707107 0.707107 0.000000
vn 0.707107 0.707107 0.000000
vn 0.707107 0.707107 0.000000
vn 0.707107 0.707107 0.000000
vn 0.707107 -0.707107 0.000000
vn 0.707107 -0.707107 0.000000
vn 0.707107 -0.707107 0.000000
vn 0.707107 -0.707107 0.000000
vn -0.707107 0.707107 0.000000
vn -0.707107 0.707107 0.000000
vn -0.707107 0.707107 0.000000
vn -0.707107 0.707107 0.000000
vn -0.707107 -0.707107 0.000000
vn -0.707107 -0.707107 0.000000
vn -0.707107 -0.707107 0.000000
vn -0.707107 -0.707107 0.000000
vn -0.577350 -0.577350 -0.577350
vn -0.577350 -0.577350 -0.577350
vn -0.577350 -0.577350 -0.577350
vn -0.577350 -0.577350 0.577350
vn -0.577350 -0.577350 0.577350
vn -0.577350 -0.577350 0.577350
vn -0.577350 0.577350 -0.577350
vn -0.577350 0.577350 -0.577350
vn -0.577350 0.577350 -0.577350
vn -0.577350 0.577350 0.577350
vn -0.577350 0.577350 0.577350
vn -0.577350 0.577350 0.577350
vn 0.577350 -0.577350 -0.577350
vn 0.577350 -0.577350 -0.577350
vn 0.577350 -0.577350 -0.577350
vn 0.577350 -0.577350 0.577350
vn 0.577350 -0.577350 0.577350
vn 0.577350 -0.577350 0.577350
vn 0.577350 0.577350 -0.577350
vn 0.577350 0.577350 -0.577350
vn 0.577350 0.577350 -0.577350
vn 0.577350 0.577350 0.577350
vn 0.577350 0.577350 0.577350
vn 0.577350 0.577350 0.577350
f 1/1/1 2/2/2 3/3/3
f 1/1/1 3/3/3 4/4/4
f 5/5/5 6/6/6 7/7/7
f 5/5/5 7/7/7 8/8/8
f 9/9/9 10/10/10 11/11/11
f 9/9/9 11/11/11 12/12/12
f 13/13/13 14/14/14 15/15/15
f 13/13/13 15/15/15 16/16/16
f 17/17/17 18/18/18 19/19/19
f 17/17/17 19/19/19 20/20/20
f 21/21/21 22/22/22 23/23/23
f 21/21/21 23/23/23 24/24/24
f 25/25/25 26/26/26 27/27/27
f 25/25/25 27/27/27 28/28/28
f 29/29/29 30/30/30 31/31/31
f 29/29/29 31/31/31 32/32/32
f 33/33/33 34/34/34 35/35/35
f 33/33/33 35/35/35 36/36/36
f 37/37/37 38/38/38 39/39/39
f 37/37/37 39/39/39 40/40/40
f 41/41/41 42/42/42 43/43/43
f 41/41/41 43/43/43 44/44/44
f 45/45/45 46/46/46 47/47/47
f 45/45/45 47/47/47 48/48/48
f 49/49/49 50/50/50 51/51/51
f 49/49/49 51/51/51 52/52/52
f 53/53/53 54/54/54 55/55/55
f 53/53/53 55/55/55 56/56/56
f 57/57/57 58/58/58 59/59/59
f 57/57/57 59/59/59 60/60/60
f 61/61/61 62/62/62 63/63/63
f 61/61/61 63/63/63 64/64/64
f 65/65/65 66/66/66 67/67/67
f 65/65/65 67/67/67 68/68/68
f 69/69/69 70/70/70 71/71/71
f 69/69/69 71/71/71 72/72/72
f 73/73/73 75/75/75 74/74/74
f 76/76/76 77/77/77 78/78/78
f 79/79/79 80/80/80 81/81/81
f 82/82/82 84/84/84 83/83/83
f 85/85/85 86/86/86 87/87/87
f 88/88/88 90/90/90 89/89/89
f 91/91/91 93/93/93 92/92/92
f 94/94/94 95/95/95 96/96/96
f 97/97/97 103/103/103 104/104/104
f 97/97/97 104/104/104 98/98/98
f 98/98/98 104/104/104 105/105/105
f 98/98/98 105/105/105 99/99/99
f 99/99/99 105/105/105 106/106/106
f 99/99/99 106/106/106 100/100/100
f 100/100/100 106/106/106 107/107/107
f 100/100/100 107/107/107 101/101/101
f 101/101/101 107/107/107 108/108/108
f 101/101/101 108/108/108 102/102/102
f 102/102/102 108/108/108 103/103/103
f 102/102/102 103/103/103 97/97/97
f 103/103/103 109/109/109 110/110/110
f 103/103/103 110/110/110 104/104/104
f 104/104/104 110/110/110 111/111/111
f 104/104/104 111/111/111 105/105/105
f 105/105/105 111/111/111 112/112/112
f 105/105/105 112/112/112 106/106/106
f 106/106/106 112/112/112 113/113/113
f 106/106/106 113/113/113 107/107/107
f 107/107/107 113/113/113 114/114/114
f 107/107/107 114/114/114 108/108/108
f 108/108/108 114/114/114 109/109/109
f 108/108/108 109/109/109 103/103/103
f 109/109/109 115/115/115 116/116/116
f 109/109/109 116/116/116 110/110/110
f 110/110/110 116/116/116 117/117/117
f 110/110/110 117/117/117 111/111/111
f 111/111/111 117/117/117 118/118/118
f 111/111/111 118/118/118 112/112/112
f 112/112/112 118/118/118 119/119/119
f 112/112/112 119/119/119 113/113/113
f 113/113/113 119/119/119 120/120/120
f 113/113/113 120/120/120 114/114/114
f 114/114/114 120/120/120 115/115/115
f 114/114/114 115/115/115 109/109/109
f 121/121/121 98/98/98 97/97/97
f 121/121/121 99/99/99 98/98/98
f 121/121/121 100/100/100 99/99/99
f 121/121/121 101/101/101 100/100/100
f 121/121/121 102/102/102 101/101/101
f 121/121/121 97/97/97 102/102/102
f 122/122/122 115/115/115 116/116/116
f 122/122/122 116/116/116 117/117/117
f 122/122/122 117/117/117 118/118/118
f 122/122/122 118/118/118 119/119/119
f 122/122/122 119/119/119 120/120/120
f 122/122/122 120/120/120 115/115/115
f 123/123/123 133/133/133 134/134/134
f 123/123/123 134/134/134 124/124/124
f 124/124/124 134/134/134 135/135/135
f 124/124/124 135/135/135 125/125/125
f 125/125/125 135/135/135 136/136/136
f 125/125/125 136/136/136 126/126/126
f 126/126/126 136/136/136 137/137/137
f 126/126/126 137/137/137 127/127/127
f 127/127/127 137/137/137 138/138/138
f 127/127/127 138/138/138 128/128/128
f 128/128/128 138/138/138 139/139/139
f 128/128/128 139/139/139 129/129/129
f 129/129/129 139/139/139 140/140/140
f 129/129/129 140/140/140 130/130/130
f 130/130/130 140/140/140 141/141/141
f 130/130/130 141/141/141 131/131/131
f 131/131/131 141/141/141 142/142/142
f 131/131/131 142/142/142 132/132/132
f 132/132/132 142/142/142 133/133/133
f 132/132/132 133/133/133 123/123/123
f 133/133/133 143/143/143 144/144/144
f 133/133/133 144/144/144 134/134/134
f 134/134/134 144/144/144 145/145/145
f 134/134/134 145/145/145 135/135/135
f 135/135/135 145/145/145 146/146/146
f 135/135/135 146/146/146 136/136/136
f 136/136/136 146/146/146 147/147/147
f 136/136/136 147/147/147 137/137/137
f 137/137/137 147/147/147 148/148/148
f 137/137/137 148/148/148 138/138/138
f 138/138/138 148/148/148 149/149/149
f 138/138/138 149/149/149 139/139/139
f 139/139/139 149/149/149 150/150/150
f 139/139/139 150/150/150 140/140/140
f 140/140/140 150/150/150 151/151/151
f 140/140/140 151/151/151 141/141/141
f 141/141/141 151/151/151 152/152/152
f 141/141/141 152/152/152 142/142/142
f 142/142/142 152/152/152 143/143/143
f 142/142/142 143/143/143 133/133/133
f 143/143/143 153/153/153 154/154/154
f 143/143/143 154/154/154 144/144/144
f 144/144/144 154/154/154 155/155/155
f 144/144/144 155/155/155 145/145/145
f 145/145/145 155/155/155 156/156/156
f 145/145/145 156/156/156 146/146/146
f 146/146/146 156/156/156 157/157/157
f 146/146/146 157/157/157 147/147/147
f 147/147/147 157/157/157 158/158/158
f 147/147/147 158/158/158 148/148/148
f 148/148/148 158/158/158 159/159/159
f 148/148/148 159/159/159 149/149/149
f 149/149/149 159/159/159 160/160/160
f 149/149/149 160/160/160 150/150/150
f 150/150/150 160/160/160 161/161/161
f 150/150/150 161/161/161 151/151/151
f 151/151/151 161/161/161 162/162/162
f 151/151/151 162/162/162 152/152/152
f 152/152/152 162/162/162 153/153/153
f 152/152/152 153/153/153 143/143/143
f 163/163/163 124/124/124 123/123/123
f 163/163/163 125/125/125 124/124/124
f 163/163/163 126/126/126 125/125/125
f 163/163/163 127/127/127 126/126/126
f 163/163/163 128/128/128 127/127/127
f 163/163/163 129/129/129 128/128/128
f 163/163/163 130/130/130 129/129/129
f 163/163/163 131/131/131 130/130/130
f 163/163/163 132/132/132 131/131/131
f 163/163/163 123/123/123 132/132/132
f 164/164/164 153/153/153 154/154/154
f 164/164/164 154/154/154 155/155/155
f 164/164/164 155/155/155 156/156/156
f 164/164/164 156/156/156 157/157/157
f 164/164/164 157/157/157 158/158/158
f 164/164/164 158/158/158 159/159/159
f 164/164/164 159/159/159 160/160/160
f 164/164/164 160/160/160 161/161/161
f 164/164/164 161/161/161 162/162/162
f 164/164/164 162/162/162 153/153/153
f 165/165/165 175/175/175 176/176/176
f 165/165/165 176/176/176 166/166/166
f 166/166/166 176/176/176 177/177/177
f 166/166/166 177/177/177 167/167/167
f 167/167/167 177/177/177 178/178/178
f 167/167/167 178/178/178 168/168/168
f 168/168/168 178/178/178 179/179/179
f 168/168/168 179/179/179 169/169/169
f 169/169/169 179/179/179 180/180/180
f 169/169/169 180/180/180 170/170/170
f 170/170/170 180/180/180 181/181/181
f 170/170/170 181/181/181 171/171/171
f 171/171/171 181/181/181 182/182/182
f 171/171/171 182/182/182 172/172/172
f 172/172/172 182/182/182 183/183/183
f 172/172/172 183/183/183 173/173/173
f 173/173/173 183/183/183 184/184/184
f 173/173/173 184/184/184 174/174/174
f 174/174/174 184/184/184 175/175/175
f 174/174/174 175/175/175 165/165/165
f 175/175/175 185/185/185 186/186/186
f 175/175/175 186/186/186 176/176/176
f 176/176/176 186/186/186 187/187/187
f 176/176/176 187/187/187 177/177/177
f 177/177/177 187/187/187 188/188/188
f 177/177/177 188/188/188 178/178/178
f 178/178/178 188/188/188 189/189/189
f 178/178/178 189/189/189 179/179/179
f 179/179/179 189/189/189 190/190/190
f 179/179/179 190/190/190 180/180/180
f 180/180/180 190/190/190 191/191/191
f 180/180/180 191/191/191 181/181/181
f 181/181/181 191/191/191 192/192/192
f 181/181/181 192/192/192 182/182/182
f 182/182/182 192/192/192 193/193/193
f 182/182/182 193/193/193 183/183/183
f 183/183/183 193/193/193 194/194/194
f 183/183/183 194/194/194 184/184/184
f 184/184/184 194/194/194 185/185/185
f 184/184/184 185/185/185 175/175/175
f 185/185/185 195/195/195 196/196/196
f 185/185/185 196/196/196 186/186/186
f 186/186/186 196/196/196 197/197/197
f 186/186/186 197/197/197 187/187/187
f 187/187/187 197/197/197 198/198/198
f 187/187/187 198/198/198 188/188/188
f 188/188/188 198/198/198 199/199/199
f 188/188/188 199/199/199 189/189/189
f 189/189/189 199/199/199 200/200/200
f 189/189/189 200/200/200 190/190/190
f 190/190/190 200/200/200 201/201/201
f 190/190/190 201/201/201 191/191/191
f 191/191/191 201/201/201 202/202/202
f 191/191/191 202/202/202 192/192/192
f 192/192/192 202/202/202 203/203/203
f 192/192/192 203/203/203 193/193/193
f 193/193/193 203/203/203 204/204/204
f 193/193/193 204/204/204 194/194/194
f 194/194/194 204/204/204 195/195/195
f 194/194/194 195/195/195 185/185/185
f 205/205/205 166/166/166 165/165/165
f 205/205/205 167/167/167 166/166/166
f 205/205/205 168/168/168 167/167/167
f 205/205/205 169/169/169 168/168/168
f 205/205/205 170/170/170 169/169/169
f 205/205/205 171/171/171 170/170/170
f 205/205/205 172/172/172 171/171/171
f 205/205/205 173/173/173 172/172/172
f 205/205/205 174/174/174 173/173/173
f 205/205/205 165/165/165 174/174/174
f 206/206/206 195/195/195 196/196/196
f 206/206/206 196/196/196 197/197/197
f 206/206/206 197/197/197 198/198/198
f 206/206/206 198/198/198 199/199/199
f 206/206/206 199/199/199 200/200/200
f 206/206/206 200/200/200 201/201/201
f 206/206/206 201/201/201 202/202/202
f 206/206/206 202/202/202 203/203/203
f 206/206/206 203/203/203 204/204/204
f 206/206/206 204/204/204 195/195/195
f 207/207/207 217/217/217 218/218/218
f 207/207/207 218/218/218 208/208/208
f 208/208/208 218/218/218 219/219/219
f 208/208/208 219/219/219 209/209/209
f 209/209/209 219/219/219 220/220/220
f 209/209/209 220/220/220 210/210/210
f 210/210/210 220/220/220 221/221/221
f 210/210/210 221/221/221 211/211/211
f 211/211/211 221/221/221 222/222/222
f 211/211/211 222/222/222 212/212/212
f 212/212/212 222/222/222 223/223/223
f 212/212/212 223/223/223 213/213/213
f 213/213/213 223/223/223 224/224/224
f 213/213/213 224/224/224 214/214/214
f 214/214/214 224/224/224 225/225/225
f 214/214/214 225/225/225 215/215/215
f 215/215/215 225/225/225 226/226/226
f 215/215/215 226/226/226 216/216/216
f 216/216/216 226/226/226 217/217/217
f 216/216/216 217/217/217 207/207/207
f 217/217/217 227/227/227 228/228/228
f 217/217/217 228/228/228 218/218/218
f 218/218/218 228/228/228 229/229/229
f 218/218/218 229/229/229 219/219/219
f 219/219/219 229/229/229 230/230/230
f 219/219/219 230/230/230 220/220/220
f 220/220/220 230/230/230 231/231/231
f 220/220/220 231/231/231 221/221/221
f 221/221/221 231/231/231 232/232/232
f 221/221/221 232/232/232 222/222/222
f 222/222/222 232/232/232 233/233/233
f 222/222/222 233/233/233 223/223/223
f 223/223/223 233/233/233 234/234/234
f 223/223/223 234/234/234 224/224/224
f 224/224/224 234/234/234 235/235/235
f 224/224/224 235/235/235 225/225/225
f 225/225/225 235/235/235 236/236/236
f 225/225/225 236/236/236 226/226/226
f 226/226/226 236/236/236 227/227/227
f 226/226/226 227/227/227 217/217/217
f 227/227/227 237/237/237 238/238/238
f 227/227/227 238/238/238 228/228/228
f 228/228/228 238/238/238 239/239/239
f 228/228/228 239/239/239 229/229/229
f 229/229/229 239/239/239 240/240/240
f 229/229/229 240/240/240 230/230/230
f 230/230/230 240/240/240 241/241/241
f 230/230/230 241/241/241 231/231/231
f 231/231/231 241/241/241 242/242/242
f 231/231/231 242/242/242 232/232/232
f 232/232/232 242/242/242 243/243/243
f 232/232/232 243/243/243 233/233/233
f 233/233/233 243/243/243 244/244/244
f 233/233/233 244/244/244 234/234/234
f 234/234/234 244/244/244 245/245/245
f 234/234/234 245/245/245 235/235/235
f 235/235/235 245/245/245 246/246/246
f 235/235/235 246/246/246 236/236/236
f 236/236/236 246/246/246 237/237/237
f 236/236/236 237/237/237 227/227/227
f 247/247/247 208/208/208 207/207/207
f 247/247/247 209/209/209 208/208/208
f 247/247/247 210/210/210 209/209/209
f 247/247/247 211/211/211 210/210/210
f 247/247/247 212/212/212 211/211/211
f 247/247/247 213/213/213 212/212/212
f 247/247/247 214/214/214 213/213/213
f 247/247/247 215/215/215 214/214/214
f 247/247/247 216/216/216 215/215/215
f 247/247/247 207/207/207 216/216/216
f 248/248/248 237/237/237 238/238/238
f 248/248/248 238/238/238 239/239/239
f 248/248/248 239/239/239 240/240/240
f 248/248/248 240/240/240 241/241/241
f 248/248/248 241/241/241 242/242/242
f 248/248/248 242/242/242 243/243/243
f 248/248/248 243/243/243 244/244/244
f 248/248/248 244/244/244 245/245/245
f 248/248/248 245/245/245 246/246/246
f 248/248/248 246/246/246 237/237/237
f 249/249/249 255/255/255 256/256/256
f 249/249/249 256/256/256 250/250/250
f 250/250/250 256/256/256 257/257/257
f 250/250/250 257/257/257 251/251/251
f 251/251/251 257/257/257 258/258/258
f 251/251/251 258/258/258 252/252/252
f 252/252/252 258/258/258 259/259/259
f 252/252/252 259/259/259 253/253/253
f 253/253/253 259/259/259 260/260/260
f 253/253/253 260/260/260 254/254/254
f 254/254/254 260/260/260 255/255/255
f 254/254/254 255/255/255 249/249/249
f 255/255/255 261/261/261 262/262/262
f 255/255/255 262/262/262 256/256/256
f 256/256/256 262/262/262 263/263/263
f 256/256/256 263/263/263 257/257/257
f 257/257/257 263/263/263 264/264/264
f 257/257/257 264/264/264 258/258/258
f 258/258/258 264/264/264 265/265/265
f 258/258/258 265/265/265 259/259/259
f 259/259/259 265/265/265 266/266/266
f 259/259/259 266/266/266 260/260/260
f 260/260/260 266/266/266 261/261/261
f 260/260/260 261/261/261 255/255/255
f 261/261/261 267/267/267 268/268/268
f 261/261/261 268/268/268 262/262/262
f 262/262/262 268/268/268 269/269/269
f 262/262/262 269/269/269 263/263/263
f 263/263/263 269/269/269 270/270/270
f 263/263/263 270/270/270 264/264/264
f 264/264/264 270/270/270 271/271/271
f 264/264/264 271/271/271 265/265/265
f 265/265/265 271/271/271 272/272/272
f 265/265/265 272/272/272 266/266/266
f 266/266/266 272/272/272 267/267/267
f 266/266/266 267/267/267 261/261/261
f 273/273/273 250/250/250 249/249/249
f 273/273/273 251/251/251 250/250/250
f 273/273/273 252/252/252 251/251/251
f 273/273/273 253/253/253 252/252/252
f 273/273/273 254/254/254 253/253/253
f 273/273/273 249/249/249 254/254/254
f 274/274/274 267/267/267 268/268/268
f 274/274/274 268/268/268 269/269/269
f 274/274/274 269/269/269 270/270/270
f 274/274/274 270/270/270 271/271/271
f 274/274/274 271/271/271 272/272/272
f 274/274/274 272/272/272 267/267/267
f 275/275/275 281/281/281 282/282/282
f 275/275/275 282/282/282 276/276/276
f 276/276/276 282/282/282 283/283/283
f 276/276/276 283/283/283 277/277/277
f 277/277/277 283/283/283 284/284/284
f 277/277/277 284/284/284 278/278/278
f 278/278/278 284/284/284 285/285/285
f 278/278/278 285/285/285 279/279/279
f 279/279/279 285/285/285 286/286/286
f 279/279/279 286/286/286 280/280/280
f 280/280/280 286/286/286 281/281/281
f 280/280/280 281/281/281 275/275/275
f 281/281/281 287/287/287 288/288/288
f 281/281/281 288/288/288 282/282/282
f 282/282/282 288/288/288 289/289/289
f 282/282/282 289/289/289 283/283/283
f 283/283/283 289/289/289 290/290/290
f 283/283/283 290/290/290 284/284/284
f 284/284/284 290/290/290 291/291/291
f 284/284/284 291/291/291 285/285/285
f 285/285/285 291/291/291 292/292/292
f 285/285/285 292/292/292 286/286/286
f 286/286/286 292/292/292 287/287/287
f 286/286/286 287/287/287 281/281/281
f 287/287/287 293/293/293 294/294/294
f 287/287/287 294/294/294 288/288/288
f 288/288/288 294/294/294 295/295/295
f 288/288/288 295/295/295 289/289/289
f 289/289/289 295/295/295 296/296/296
f 289/289/289 296/296/296 290/290/290
f 290/290/290 296/296/296 297/297/297
f 290/290/290 297/297/297 291/291/291
f 291/291/291 297/297/297 298/298/298
f 291/291/291 298/298/298 292/292/292
f 292/292/292 298/298/298 293/293/293
f 292/292/292 293/293/293 287/287/287
f 299/299/299 276/276/276 275/275/275
f 299/299/299 277/277/277 276/276/276
f 299/299/299 278/278/278 277/277/277
f 299/299/299 279/279/279 278/278/278
f 299/299/299 280/280/280 279/279/279
f 299/299/299 275/275/275 280/280/280
f 300/300/300 293/293/293 294/294/294
f 300/300/300 294/294/294 295/295/295
f 300/300/300 295/295/295 296/296/296
f 300/300/300 296/296/296 297/297/297
f 300/300/300 297/297/297 298/298/298
f 300/300/300 298/298/298 293/293/293
f 301/301/301 311/311/311 312/312/312
f 301/301/301 312/312/312 302/302/302
f 302/302/302 312/312/312 313/313/313
f 302/302/302 313/313/313 303/303/303
f 303/303/303 313/313/313 314/314/314
f 303/303/303 314/314/314 304/304/304
f 304/304/304 314/314/314 315/315/315
f 304/304/304 315/315/315 305/305/305
f 305/305/305 315/315/315 316/316/316
f 305/305/305 316/316/316 306/306/306
f 306/306/306 316/316/316 317/317/317
f 306/306/306 317/317/317 307/307/307
f 307/307/307 317/317/317 318/318/318
f 307/307/307 318/318/318 308/308/308
f 308/308/308 318/318/318 319/319/319
f 308/308/308 319/319/319 309/309/309
f 309/309/309 319/319/319 320/320/320
f 309/309/309 320/320/320 310/310/310
f 310/310/310 320/320/320 311/311/311
f 310/310/310 311/311/311 301/301/301
f 311/311/311 321/321/321 322/322/322
f 311/311/311 322/322/322 312/312/312
f 312/312/312 322/322/322 323/323/323
f 312/312/312 323/323/323 313/313/313
f 313/313/313 323/323/323 324/324/324
f 313/313/313 324/324/324 314/314/314
f 314/314/314 324/324/324 325/325/325
f 314/314/314 325/325/325 315/315/315
f 315/315/315 325/325/325 326/326/326
f 315/315/315 326/326/326 316/316/316
f 316/316/316 326/326/326 327/327/327
f 316/316/316 327/327/327 317/317/317
f 317/317/317 327/327/327 328/328/328
f 317/317/317 328/328/328 318/318/318
f 318/318/318 328/328/328 329/329/329
f 318/318/318 329/329/329 319/319/319
f 319/319/319 329/329/329 330/330/330
f 319/319/319 330/330/330 320/320/320
f 320/320/320 330/330/330 321/321/321
f 320/320/320 321/321/321 311/311/311
f 321/321/321 331/331/331 332/332/332
f 321/321/321 332/332/332 322/322/322
f 322/322/322 332/332/332 333/333/333
f 322/322/322 333/333/333 323/323/323
f 323/323/323 333/333/333 334/334/334
f 323/323/323 334/334/334 324/324/324
f 324/324/324 334/334/334 335/335/335
f 324/324/324 335/335/335 325/325/325
f 325/325/325 335/335/335 336/336/336
f 325/325/325 336/336/336 326/326/326
f 326/326/326 336/336/336 337/337/337
f 326/326/326 337/337/337 327/327/327
f 327/327/327 337/337/337 338/338/338
f 327/327/327 338/338/338 328/328/328
f 328/328/328 338/338/338 339/339/339
f 328/328/328 339/339/339 329/329/329
f 329/329/329 339/339/339 340/340/340
f 329/329/329 340/340/340 330/330/330
f 330/330/330 340/340/340 331/331/331
f 330/330/330 331/331/331 321/321/321
f 341/341/341 302/302/302 301/301/301
f 341/341/341 303/303/303 302/302/302
f 341/341/341 304/304/304 303/303/303
f 341/341/341 305/305/305 304/304/304
f 341/341/341 306/306/306 305/305/305
f 341/341/341 307/307/307 306/306/306
f 341/341/341 308/308/308 307/307/307
f 341/341/341 309/309/309 308/308/308
f 341/341/341 310/310/310 309/309/309
f 341/341/341 301/301/301 310/310/310
f 342/342/342 331/331/331 332/332/332
f 342/342/342 332/332/332 333/333/333
f 342/342/342 333/333/333 334/334/334
f 342/342/342 334/334/334 335/335/335
f 342/342/342 335/335/335 336/336/336
f 342/342/342 336/336/336 337/337/337
f 342/342/342 337/337/337 338/338/338
f 342/342/342 338/338/338 339/339/339
f 342/342/342 339/339/339 340/340/340
f 342/342/342 340/340/340 331/331/331
f 343/343/343 353/353/353 354/354/354
f 343/343/343 354/354/354 344/344/344
f 344/344/344 354/354/354 355/355/355
f 344/344/344 355/355/355 345/345/345
f 345/345/345 355/355/355 356/356/356
f 345/345/345 356/356/356 346/346/346
f 346/346/346 356/356/356 357/357/357
f 346/346/346 357/357/357 347/347/347
f 347/347/347 357/357/357 358/358/358
f 347/347/347 358/358/358 348/348/348
f 348/348/348 358/358/358 359/359/359
f 348/348/348 359/359/359 349/349/349
f 349/349/349 359/359/359 360/360/360
f 349/349/349 360/360/360 350/350/350
f 350/350/350 360/360/360 361/361/361
f 350/350/350 361/361/361 351/351/351
f 351/351/351 361/361/361 362/362/362
f 351/351/351 362/362/362 352/352/352
f 352/352/352 362/362/362 353/353/353
f 352/352/352 353/353/353 343/343/343
f 353/353/353 363/363/363 364/364/364
f 353/353/353 364/364/364 354/354/354
f 354/354/354 364/364/364 365/365/365
f 354/354/354 365/365/365 355/355/355
f 355/355/355 365/365/365 366/366/366
f 355/355/355 366/366/366 356/356/356
f 356/356/356 366/366/366 367/367/367
f 356/356/356 367/367/367 357/357/357
f 357/357/357 367/367/367 368/368/368
f 357/357/357 368/368/368 358/358/358
f 358/358/358 368/368/368 369/369/369
f 358/358/358 369/369/369 359/359/359
f 359/359/359 369/369/369 370/370/370
f 359/359/359 370/370/370 360/360/360
f 360/360/360 370/370/370 371/371/371
f 360/360/360 371/371/371 361/361/361
f 361/361/361 371/371/371 372/372/372
f 361/361/361 372/372/372 362/362/362
f 362/362/362 372/372/372 363/363/363
f 362/362/362 363/363/363 353/353/353
f 363/363/363 373/373/373 374/374/374
f 363/363/363 374/374/374 364/364/364
f 364/364/364 374/374/374 375/375/375
f 364/364/364 375/375/375 365/365/365
f 365/365/365 375/375/375 376/376/376
f 365/365/365 376/376/376 366/366/366
f 366/366/366 376/376/376 377/377/377
f 366/366/366 377/377/377 367/367/367
f 367/367/367 377/377/377 378/378/378
f 367/367/367 378/378/378 368/368/368
f 368/368/368 378/378/378 379/379/379
f 368/368/368 379/379/379 369/369/369
f 369/369/369 379/379/379 380/380/380
f 369/369/369 380/380/380 370/370/370
f 370/370/370 380/380/380 381/381/381
f 370/370/370 381/381/381 371/371/371
f 371/371/371 381/381/381 382/382/382
f 371/371/371 382/382/382 372/372/372
f 372/372/372 382/382/382 373/373/373
f 372/372/372 373/373/373 363/363/363
f 383/383/383 344/344/344 343/343/343
f 383/383/383 345/345/345 344/344/344
f 383/383/383 346/346/346 345/345/345
f 383/383/383 347/347/347 346/346/346
f 383/383/383 348/348/348 347/347/347
f 383/383/383 349/349/349 348/348/348
f 383/383/383 350/350/350 349/349/349
f 383/383/383 351/351/351 350/350/350
f 383/383/383 352/352/352 351/351/351
f 383/383/383 343/343/343 352/352/352
f 384/384/384 373/373/373 374/374/374
f 384/384/384 374/374/374 375/375/375
f 384/384/384 375/375/375 376/376/376
f 384/384/384 376/376/376 377/377/377
f 384/384/384 377/377/377 378/378/378
f 384/384/384 378/378/378 379/379/379
f 384/384/384 379/379/379 380/380/380
f 384/384/384 380/380/380 381/381/381
f 384/384/384 381/381/381 382/382/382
f 384/384/384 382/382/382 373/373/373
f 385/385/385 395/395/395 396/396/396
f 385/385/385 396/396/396 386/386/386
f 386/386/386 396/396/396 397/397/397
f 386/386/386 397/397/397 387/387/387
f 387/387/387 397/397/397 398/398/398
f 387/387/387 398/398/398 388/388/388
f 388/388/388 398/398/398 399/399/399
f 388/388/388 399/399/399 389/389/389
f 389/389/389 399/399/399 400/400/400
f 389/389/389 400/400/400 390/390/390
f 390/390/390 400/400/400 401/401/401
f 390/390/390 401/401/401 391/391/391
f 391/391/391 401/401/401 402/402/402
f 391/391/391 402/402/402 392/392/392
f 392/392/392 402/402/402 403/403/403
f 392/392/392 403/403/403 393/393/393
f 393/393/393 403/403/403 404/404/404
f 393/393/393 404/404/404 394/394/394
f 394/394/394 404/404/404 395/395/395
f 394/394/394 395/395/395 385/385/385
f 395/395/395 405/405/405 406/406/406
f 395/395/395 406/406/406 396/396/396
f 396/396/396 406/406/406 407/407/407
f 396/396/396 407/407/407 397/397/397
f 397/397/397 407/407/407 408/408/408
f 397/397/397 408/408/408 398/398/398
f 398/398/398 408/408/408 409/409/409
f 398/398/398 409/409/409 399/399/399
f 399/399/399 409/409/409 410/410/410
f 399/399/399 410/410/410 400/400/400
f 400/400/400 410/410/410 411/411/411
f 400/400/400 411/411/411 401/401/401
f 401/401/401 411/411/411 412/412/412
f 401/401/401 412/412/412 402/402/402
f 402/402/402 412/412/412 413/413/413
f 402/402/402 413/413/413 403/403/403
f 403/403/403 413/413/413 414/414/414
f 403/403/403 414/414/414 404/404/404
f 404/404/404 414/414/414 405/405/405
f 404/404/404 405/405/405 395/395/395
f 405/405/405 415/415/415 416/416/416
f 405/405/405 416/416/416 406/406/406
f 406/406/406 416/416/416 417/417/417
f 406/406/406 417/417/417 407/407/407
f 407/407/407 417/417/417 418/418/418
f 407/407/407 418/418/418 408/408/408
f 408/408/408 418/418/418 419/419/419
f 408/408/408 419/419/419 409/409/409
f 409/409/409 419/419/419 420/420/420
f 409/409/409 420/420/420 410/410/410
f 410/410/410 420/420/420 421/421/421
f 410/410/410 421/421/421 411/411/411
f 411/411/411 421/421/421 422/422/422
f 411/411/411 422/422/422 412/412/412
f 412/412/412 422/422/422 423/423/423
f 412/412/412 423/423/423 413/413/413
f 413/413/413 423/423/423 424/424/424
f 413/413/413 424/424/424 414/414/414
f 414/414/414 424/424/424 415/415/415
f 414/414/414 415/415/415 405/405/405
f 425/425/425 386/386/386 385/385/385
f 425/425/425 387/387/387 386/386/386
f 425/425/425 388/388/388 387/387/387
f 425/425/425 389/389/389 388/388/388
f 425/425/425 390/390/390 389/389/389
f 425/425/425 391/391/391 390/390/390
f 425/425/425 392/392/392 391/391/391
f 425/425/425 393/393/393 392/392/392
f 425/425/425 394/394/394 393/393/393
f 425/425/425 385/385/385 394/394/394
f 426/426/426 415/415/415 416/416/416
f 426/426/426 416/416/416 417/417/417
f 426/426/426 417/417/417 418/418/418
f 426/426/426 418/418/418 419/419/419
f 426/426/426 419/419/419 420/420/420
f 426/426/426 420/420/420 421/421/421
f 426/426/426 421/421/421 422/422/422
f 426/426/426 422/422/422 423/423/423
f 426/426/426 423/423/423 424/424/424
f 426/426/426 424/424/424 415/415/415
f 427/427/427 433/433/433 434/434/434
f 427/427/427 434/434/434 428/428/428
f 428/428/428 434/434/434 435/435/435
f 428/428/428 435/435/435 429/429/429
f 429/429/429 435/435/435 436/436/436
f 429/429/429 436/436/436 430/430/430
f 430/430/430 436/436/436 437/437/437
f 430/430/430 437/437/437 431/431/431
f 431/431/431 437/437/437 438/438/438
f 431/431/431 438/438/438 432/432/432
f 432/432/432 438/438/438 433/433/433
f 432/432/432 433/433/433 427/427/427
f 433/433/433 439/439/439 440/440/440
f 433/433/433 440/440/440 434/434/434
f 434/434/434 440/440/440 441/441/441
f 434/434/434 441/441/441 435/435/435
f 435/435/435 441/441/441 442/442/442
f 435/435/435 442/442/442 436/436/436
f 436/436/436 442/442/442 443/443/443
f 436/436/436 443/443/443 437/437/437
f 437/437/437 443/443/443 444/444/444
f 437/437/437 444/444/444 438/438/438
f 438/438/438 444/444/444 439/439/439
f 438/438/438 439/439/439 433/433/433
f 439/439/439 445/445/445 446/446/446
f 439/439/439 446/446/446 440/440/440
f 440/440/440 446/446/446 447/447/447
f 440/440/440 447/447/447 441/441/441
f 441/441/441 447/447/447 448/448/448
f 441/441/441 448/448/448 442/442/442
f 442/442/442 448/448/448 449/449/449
f 442/442/442 449/449/449 443/443/443
f 443/443/443 449/449/449 450/450/450
f 443/443/443 450/450/450 444/444/444
f 444/444/444 450/450/450 445/445/445
f 444/444/444 445/445/445 439/439/439
f 451/451/451 428/428/428 427/427/427
f 451/451/451 429/429/429 428/428/428
f 451/451/451 430/430/430 429/429/429
f 451/451/451 431/431/431 430/430/430
f 451/451/451 432/432/432 431/431/431
f 451/451/451 427/427/427 432/432/432
f 452/452/452 445/445/445 446/446/446
f 452/452/452 446/446/446 447/447/447
f 452/452/452 447/447/447 448/448/448
f 452/452/452 448/448/448 449/449/449
f 452/452/452 449/449/449 450/450/450
f 452/452/452 450/450/450 445/445/445
f 453/453/453 459/459/459 460/460/460
f 453/453/453 460/460/460 454/454/454
f 454/454/454 460/460/460 461/461/461
f 454/454/454 461/461/461 455/455/455
f 455/455/455 461/461/461 462/462/462
f 455/455/455 462/462/462 456/456/456
f 456/456/456 462/462/462 463/463/463
f 456/456/456 463/463/463 457/457/457
f 457/457/457 463/463/463 464/464/464
f 457/457/457 464/464/464 458/458/458
f 458/458/458 464/464/464 459/459/459
f 458/458/458 459/459/459 453/453/453
f 459/459/459 465/465/465 466/466/466
f 459/459/459 466/466/466 460/460/460
f 460/460/460 466/466/466 467/467/467
f 460/460/460 467/467/467 461/461/461
f 461/461/461 467/467/467 468/468/468
f 461/461/461 468/468/468 462/462/462
f 462/462/462 468/468/468 469/469/469
f 462/462/462 469/469/469 463/463/463
f 463/463/463 469/469/469 470/470/470
f 463/463/463 470/470/470 464/464/464
f 464/464/464 470/470/470 465/465/465
f 464/464/464 465/465/465 459/459/459
f 465/465/465 471/471/471 472/472/472
f 465/465/465 472/472/472 466/466/466
f 466/466/466 472/472/472 473/473/473
f 466/466/466 473/473/473 467/467/467
f 467/467/467 473/473/473 474/474/474
f 467/467/467 474/474/474 468/468/468
f 468/468/468 474/474/474 475/475/475
f 468/468/468 475/475/475 469/469/469
f 469/469/469 475/475/475 476/476/476
f 469/469/469 476/476/476 470/470/470
f 470/470/470 476/476/476 471/471/471
f 470/470/470 471/471/471 465/465/465
f 477/477/477 454/454/454 453/453/453
f 477/477/477 455/455/455 454/454/454
f 477/477/477 456/456/456 455/455/455
f 477/477/477 457/457/457 456/456/456
f 477/477/477 458/458/458 457/457/457
f 477/477/477 453/453/453 458/458/458
f 478/478/478 471/471/471 472/472/472
f 478/478/478 472/472/472 473/473/473
f 478/478/478 473/473/473 474/474/474
f 478/478/478 474/474/474 475/475/475
f 478/478/478 475/475/475 476/476/476
f 478/478/478 476/476/476 471/471/471
f 479/479/479 489/489/489 490/490/490
f 479/479/479 490/490/490 480/480/480
f 480/480/480 490/490/490 491/491/491
f 480/480/480 491/491/491 481/481/481
f 481/481/481 491/491/491 492/492/492
f 481/481/481 492/492/492 482/482/482
f 482/482/482 492/492/492 493/493/493
f 482/482/482 493/493/493 483/483/483
f 483/483/483 493/493/493 494/494/494
f 483/483/483 494/494/494 484/484/484
f 484/484/484 494/494/494 495/495/495
f 484/484/484 495/495/495 485/485/485
f 485/485/485 495/495/495 496/496/496
f 485/485/485 496/496/496 486/486/486
f 486/486/486 496/496/496 497/497/497
f 486/486/486 497/497/497 487/487/487
f 487/487/487 497/497/497 498/498/498
f 487/487/487 498/498/498 488/488/488
f 488/488/488 498/498/498 489/489/489
f 488/488/488 489/489/489 479/479/479
f 489/489/489 499/499/499 500/500/500
f 489/489/489 500/500/500 490/490/490
f 490/490/490 500/500/500 501/501/501
f 490/490/490 501/501/501 491/491/491
f 491/491/491 501/501/501 502/502/502
f 491/491/491 502/502/502 492/492/492
f 492/492/492 502/502/502 503/503/503
f 492/492/492 503/503/503 493/493/493
f 493/493/493 503/503/503 504/504/504
f 493/493/493 504/504/504 494/494/494
f 494/494/494 504/504/504 505/505/505
f 494/494/494 505/505/505 495/495/495
f 495/495/495 505/505/505 506/506/506
f 495/495/495 506/506/506 496/496/496
f 496/496/496 506/506/506 507/507/507
f 496/496/496 507/507/507 497/497/497
f 497/497/497 507/507/507 508/508/508
f 497/497/497 508/508/508 498/498/498
f 498/498/498 508/508/508 499/499/499
f 498/498/498 499/499/499 489/489/489
f 499/499/499 509/509/509 510/510/510
f 499/499/499 510/510/510 500/500/500
f 500/500/500 510/510/510 511/511/511
f 500/500/500 511/511/511 501/501/501
f 501/501/501 511/511/511 512/512/512
f 501/501/501 512/512/512 502/502/502
f 502/502/502 512/512/512 513/513/513
f 502/502/502 513/513/513 503/503/503
f 503/503/503 513/513/513 514/514/514
f 503/503/503 514/514/514 504/504/504
f 504/504/504 514/514/514 515/515/515
f 504/504/504 515/515/515 505/505/505
f 505/505/505 515/515/515 516/516/516
f 505/505/505 516/516/516 506/506/506
f 506/506/506 516/516/516 517/517/517
f 506/506/506 517/517/517 507/507/507
f 507/507/507 517/517/517 518/518/518
f 507/507/507 518/518/518 508/508/508
f 508/508/508 518/518/518 509/509/509
f 508/508/508 509/509/509 499/499/499
f 519/519/519 480/480/480 479/479/479
f 519/519/519 481/481/481 480/480/480
f 519/519/519 482/482/482 481/481/481
f 519/519/519 483/483/483 482/482/482
f 519/519/519 484/484/484 483/483/483
f 519/519/519 485/485/485 484/484/484
f 519/519/519 486/486/486 485/485/485
f 519/519/519 487/487/487 486/486/486
f 519/519/519 488/488/488 487/487/487
f 519/519/519 479/479/479 488/488/488
f 520/520/520 509/509/509 510/510/510
f 520/520/520 510/510/510 511/511/511
f 520/520/520 511/511/511 512/512/512
f 520/520/520 512/512/512 513/513/513
f 520/520/520 513/513/513 514/514/514
f 520/520/520 514/514/514 515/515/515
f 520/520/520 515/515/515 516/516/516
f 520/520/520 516/516/516 517/517/517
f 520/520/520 517/517/517 518/518/518
f 520/520/520 518/518/518 509/509/509
f 521/521/521 531/531/531 532/532/532
f 521/521/521 532/532/532 522/522/522
f 522/522/522 532/532/532 533/533/533
f 522/522/522 533/533/533 523/523/523
f 523/523/523 533/533/533 534/534/534
f 523/523/523 534/534/534 524/524/524
f 524/524/524 534/534/534 535/535/535
f 524/524/524 535/535/535 525/525/525
f 525/525/525 535/535/535 536/536/536
f 525/525/525 536/536/536 526/526/526
f 526/526/526 536/536/536 537/537/537
f 526/526/526 537/537/537 527/527/527
f 527/527/527 537/537/537 538/538/538
f 527/527/527 538/538/538 528/528/528
f 528/528/528 538/538/538 539/539/539
f 528/528/528 539/539/539 529/529/529
f 529/529/529 539/539/539 540/540/540
f 529/529/529 540/540/540 530/530/530
f 530/530/530 540/540/540 531/531/531
f 530/530/530 531/531/531 521/521/521
f 531/531/531 541/541/541 542/542/542
f 531/531/531 542/542/542 532/532/532
f 532/532/532 542/542/542 543/543/543
f 532/532/532 543/543/543 533/533/533
f 533/533/533 543/543/543 544/544/544
f 533/533/533 544/544/544 534/534/534
f 534/534/534 544/544/544 545/545/545
f 534/534/534 545/545/545 535/535/535
f 535/535/535 545/545/545 546/546/546
f 535/535/535 546/546/546 536/536/536
f 536/536/536 546/546/546 547/547/547
f 536/536/536 547/547/547 537/537/537
f 537/537/537 547/547/547 548/548/548
f 537/537/537 548/548/548 538/538/538
f 538/538/538 548/548/548 549/549/549
f 538/538/538 549/549/549 539/539/539
f 539/539/539 549/549/549 550/550/550
f 539/539/539 550/550/550 540/540/540
f 540/540/540 550/550/550 541/541/541
f 540/540/540 541/541/541 531/531/531
f 541/541/541 551/551/551 552/552/552
f 541/541/541 552/552/552 542/542/542
f 542/542/542 552/552/552 553/553/553
f 542/542/542 553/553/553 543/543/543
f 543/543/543 553/553/553 554/554/554
f 543/543/543 554/554/554 544/544/544
f 544/544/544 554/554/554 555/555/555
f 544/544/544 555/555/555 545/545/545
f 545/545/545 555/555/555 556/556/556
f 545/545/545 556/556/556 546/546/546
f 546/546/546 556/556/556 557/557/557
f 546/546/546 557/557/557 547/547/547
f 547/547/547 557/557/557 558/558/558
f 547/547/547 558/558/558 548/548/548
f 548/548/548 558/558/558 559/559/559
f 548/548/548 559/559/559 549/549/549
f 549/549/549 559/559/559 560/560/560
f 549/549/549 560/560/560 550/550/550
f 550/550/550 560/560/560 551/551/551
f 550/550/550 551/551/551 541/541/541
f 561/561/561 522/522/522 521/521/521
f 561/561/561 523/523/523 522/522/522
f 561/561/561 524/524/524 523/523/523
f 561/561/561 525/525/525 524/524/524
f 561/561/561 526/526/526 525/525/525
f 561/561/561 527/527/527 526/526/526
f 561/561/561 528/528/528 527/527/527
f 561/561/561 529/529/529 528/528/528
f 561/561/561 530/530/530 529/529/529
f 561/561/561 521/521/521 530/530/530
f 562/562/562 551/551/551 552/552/552
f 562/562/562 552/552/552 553/553/553
f 562/562/562 553/553/553 554/554/554
f 562/562/562 554/554/554 555/555/555
f 562/562/562 555/555/555 556/556/556
f 562/562/562 556/556/556 557/557/557
f 562/562/562 557/557/557 558/558/558
f 562/562/562 558/558/558 559/559/559
f 562/562/562 559/559/559 560/560/560
f 562/562/562 560/560/560 551/551/551
f 563/563/563 573/573/573 574/574/574
f 563/563/563 574/574/574 564/564/564
f 564/564/564 574/574/574 575/575/575
f 564/564/564 575/575/575 565/565/565
f 565/565/565 575/575/575 576/576/576
f 565/565/565 576/576/576 566/566/566
f 566/566/566 576/576/576 577/577/577
f 566/566/566 577/577/577 567/567/567
f 567/567/567 577/577/577 578/578/578
f 567/567/567 578/578/578 568/568/568
f 568/568/568 578/578/578 579/579/579
f 568/568/568 579/579/579 569/569/569
f 569/569/569 579/579/579 580/580/580
f 569/569/569 580/580/580 570/570/570
f 570/570/570 580/580/580 581/581/581
f 570/570/570 581/581/581 571/571/571
f 571/571/571 581/581/581 582/582/582
f 571/571/571 582/582/582 572/572/572
f 572/572/572 582/582/582 573/573/573
f 572/572/572 573/573/573 563/563/563
f 573/573/573 583/583/583 584/584/584
f 573/573/573 584/584/584 574/574/574
f 574/574/574 584/584/584 585/585/585
f 574/574/574 585/585/585 575/575/575
f 575/575/575 585/585/585 586/586/586
f 575/575/575 586/586/586 576/576/576
f 576/576/576 586/586/586 587/587/587
f 576/576/576 587/587/587 577/577/577
f 577/577/577 587/587/587 588/588/588
f 577/577/577 588/588/588 578/578/578
f 578/578/578 588/588/588 589/589/589
f 578/578/578 589/589/589 579/579/579
f 579/579/579 589/589/589 590/590/590
f 579/579/579 590/590/590 580/580/580
f 580/580/580 590/590/590 591/591/591
f 580/580/580 591/591/591 581/581/581
f 581/581/581 591/591/591 592/592/592
f 581/581/581 592/592/592 582/582/582
f 582/582/582 592/592/592 583/583/583
f 582/582/582 583/583/583 573/573/573
f 583/583/583 593/593/593 594/594/594
f 583/583/583 594/594/594 584/584/584
f 584/584/584 594/594/594 595/595/595
f 584/584/584 595/595/595 585/585/585
f 585/585/585 595/595/595 596/596/596
f 585/585/585 596/596/596 586/586/586
f 586/586/586 596/596/596 597/597/597
f 586/586/586 597/597/597 587/587/587
f 587/587/587 597/597/597 598/598/598
f 587/587/587 598/598/598 588/588/588
f 588/588/588 598/598/598 599/599/599
f 588/588/588 599/599/599 589/589/589
f 589/589/589 599/599/599 600/600/600
f 589/589/589 600/600/600 590/590/590
f 590/590/590 600/600/600 601/601/601
f 590/590/590 601/601/601 591/591/591
f 591/591/591 601/601/601 602/602/602
f 591/591/591 602/602/602 592/592/592
f 592/592/592 602/602/602 593/593/593
f 592/592/592 593/593/593 583/583/583
f 603/603/603 564/564/564 563/563/563
f 603/603/603 565/565/565 564/564/564
f 603/603/603 566/566/566 565/565/565
f 603/603/603 567/567/567 566/566/566
f 603/603/603 568/568/568 567/567/567
f 603/603/603 569/569/569 568/568/568
f 603/603/603 570/570/570 569/569/569
f 603/603/603 571/571/571 570/570/570
f 603/603/603 572/572/572 571/571/571
f 603/603/603 563/563/563 572/572/572
f 604/604/604 593/593/593 594/594/594
f 604/604/604 594/594/594 595/595/595
f 604/604/604 595/595/595 596/596/596
f 604/604/604 596/596/596 597/597/597
f 604/604/604 597/597/597 598/598/598
f 604/604/604 598/598/598 599/599/599
f 604/604/604 599/599/599 600/600/600
f 604/604/604 600/600/600 601/601/601
f 604/604/604 601/601/601 602/602/602
f 604/604/604 602/602/602 593/593/593
f 605/605/605 611/611/611 612/612/612
f 605/605/605 612/612/612 606/606/606
f 606/606/606 612/612/612 613/613/613
f 606/606/606 613/613/613 607/607/607
f 607/607/607 613/613/613 614/614/614
f 607/607/607 614/614/614 608/608/608
f 608/608/608 614/614/614 615/615/615
f 608/608/608 615/615/615 609/609/609
f 609/609/609 615/615/615 616/616/616
f 609/609/609 616/616/616 610/610/610
f 610/610/610 616/616/616 611/611/611
f 610/610/610 611/611/611 605/605/605
f 611/611/611 617/617/617 618/618/618
f 611/611/611 618/618/618 612/612/612
f 612/612/612 618/618/618 619/619/619
f 612/612/612 619/619/619 613/613/613
f 613/613/613 619/619/619 620/620/620
f 613/613/613 620/620/620 614/614/614
f 614/614/614 620/620/620 621/621/621
f 614/614/614 621/621/621 615/615/615
f 615/615/615 621/621/621 622/622/622
f 615/615/615 622/622/622 616/616/616
f 616/616/616 622/622/622 617/617/617
f 616/616/616 617/617/617 611/611/611
f 617/617/617 623/623/623 624/624/624
f 617/617/617 624/624/624 618/618/618
f 618/618/618 624/624/624 625/625/625
f 618/618/618 625/625/625 619/619/619
f 619/619/619 625/625/625 626/626/626
f 619/619/619 626/626/626 620/620/620
f 620/620/620 626/626/626 627/627/627
f 620/620/620 627/627/627 621/621/621
f 621/621/621 627/627/627 628/628/628
f 621/621/621 628/628/628 622/622/622
f 622/622/622 628/628/628 623/623/623
f 622/622/622 623/623/623 617/617/617
f 629/629/629 606/606/606 605/605/605
f 629/629/629 607/607/607 606/606/606
f 629/629/629 608/608/608 607/607/607
f 629/629/629 609/609/609 608/608/608
f 629/629/629 610/610/610 609/609/609
f 629/629/629 605/605/605 610/610/610
f 630/630/630 623/623/623 624/624/624
f 630/630/630 624/624/624 625/625/625
f 630/630/630 625/625/625 626/626/626
f 630/630/630 626/626/626 627/627/627
f 630/630/630 627/627/627 628/628/628
f 630/630/630 628/628/628 623/623/623
f 631/631/631 637/637/637 638/638/638
f 631/631/631 638/638/638 632/632/632
f 632/632/632 638/638/638 639/639/639
f 632/632/632 639/639/639 633/633/633
f 633/633/633 639/639/639 640/640/640
f 633/633/633 640/640/640 634/634/634
f 634/634/634 640/640/640 641/641/641
f 634/634/634 641/641/641 635/635/635
f 635/635/635 641/641/641 642/642/642
f 635/635/635 642/642/642 636/636/636
f 636/636/636 642/642/642 637/637/637
f 636/636/636 637/637/637 631/631/631
f 637/637/637 643/643/643 644/644/644
f 637/637/637 644/644/644 638/638/638
f 638/638/638 644/644/644 645/645/645
f 638/638/638 645/645/645 639/639/639
f 639/639/639 645/645/645 646/646/646
f 639/639/639 646/646/646 640/640/640
f 640/640/640 646/646/646 647/647/647
f 640/640/640 647/647/647 641/641/641
f 641/641/641 647/647/647 648/648/648
f 641/641/641 648/648/648 642/642/642
f 642/642/642 648/648/648 643/643/643
f 642/642/642 643/643/643 637/637/637
f 643/643/643 649/649/649 650/650/650
f 643/643/643 650/650/650 644/644/644
f 644/644/644 650/650/650 651/651/651
f 644/644/644 651/651/651 645/645/645
f 645/645/645 651/651/651 652/652/652
f 645/645/645 652/652/652 646/646/646
f 646/646/646 652/652/652 653/653/653
f 646/646/646 653/653/653 647/647/647
f 647/647/647 653/653/653 654/654/654
f 647/647/647 654/654/654 648/648/648
f 648/648/648 654/654/654 649/649/649
f 648/648/648 649/649/649 643/643/643
f 655/655/655 632/632/632 631/631/631
f 655/655/655 633/633/633 632/632/632
f 655/655/655 634/634/634 633/633/633
f 655/655/655 635/635/635 634/634/634
f 655/655/655 636/636/636 635/635/635
f 655/655/655 631/631/631 636/636/636
f 656/656/656 649/649/649 650/650/650
f 656/656/656 650/650/650 651/651/651
f 656/656/656 651/651/651 652/652/652
f 656/656/656 652/652/652 653/653/653
f 656/656/656 653/653/653 654/654/654
f 656/656/656 654/654/654 649/649/649
f 657/657/657 667/667/667 668/668/668
f 657/657/657 668/668/668 658/658/658
f 658/658/658 668/668/668 669/669/669
f 658/658/658 669/669/669 659/659/659
f 659/659/659 669/669/669 670/670/670
f 659/659/659 670/670/670 660/660/660
f 660/660/660 670/670/670 671/671/671
f 660/660/660 671/671/671 661/661/661
f 661/661/661 671/671/671 672/672/672
f 661/661/661 672/672/672 662/662/662
f 662/662/662 672/672/672 673/673/673
f 662/662/662 673/673/673 663/663/663
f 663/663/663 673/673/673 674/674/674
f 663/663/663 674/674/674 664/664/664
f 664/664/664 674/674/674 675/675/675
f 664/664/664 675/675/675 665/665/665
f 665/665/665 675/675/675 676/676/676
f 665/665/665 676/676/676 666/666/666
f 666/666/666 676/676/676 667/667/667
f 666/666/666 667/667/667 657/657/657
f 667/667/667 677/677/677 678/678/678
f 667/667/667 678/678/678 668/668/668
f 668/668/668 678/678/678 679/679/679
f 668/668/668 679/679/679 669/669/669
f 669/669/669 679/679/679 680/680/680
f 669/669/669 680/680/680 670/670/670
f 670/670/670 680/680/680 681/681/681
f 670/670/670 681/681/681 671/671/671
f 671/671/671 681/681/681 682/682/682
f 671/671/671 682/682/682 672/672/672
f 672/672/672 682/682/682 683/683/683
f 672/672/672 683/683/683 673/673/673
f 673/673/673 683/683/683 684/684/684
f 673/673/673 684/684/684 674/674/674
f 674/674/674 684/684/684 685/685/685
f 674/674/674 685/685/685 675/675/675
f 675/675/675 685/685/685 686/686/686
f 675/675/675 686/686/686 676/676/676
f 676/676/676 686/686/686 677/677/677
f 676/676/676 677/677/677 667/667/667
f 677/677/677 687/687/687 688/688/688
f 677/677/677 688/688/688 678/678/678
f 678/678/678 688/688/688 689/689/689
f 678/678/678 689/689/689 679/679/679
f 679/679/679 689/689/689 690/690/690
f 679/679/679 690/690/690 680/680/680
f 680/680/680 690/690/690 691/691/691
f 680/680/680 691/691/691 681/681/681
f 681/681/681 691/691/691 692/692/692
f 681/681/681 692/692/692 682/682/682
f 682/682/682 692/692/692 693/693/693
f 682/682/682 693/693/693 683/683/683
f 683/683/683 693/693/693 694/694/694
f 683/683/683 694/694/694 684/684/684
f 684/684/684 694/694/694 695/695/695
f 684/684/684 695/695/695 685/685/685
f 685/685/685 695/695/695 696/696/696
f 685/685/685 696/696/696 686/686/686
f 686/686/686 696/696/696 687/687/687
f 686/686/686 687/687/687 677/677/677
f 697/697/697 658/658/658 657/657/657
f 697/697/697 659/659/659 658/658/658
f 697/697/697 660/660/660 659/659/659
f 697/697/697 661/661/661 660/660/660
f 697/697/697 662/662/662 661/661/661
f 697/697/697 663/663/663 662/662/662
f 697/697/697 664/664/664 663/663/663
f 697/697/697 665/665/665 664/664/664
f 697/697/697 666/666/666 665/665/665
f 697/697/697 657/657/657 666/666/666
f 698/698/698 687/687/687 688/688/688
f 698/698/698 688/688/688 689/689/689
f 698/698/698 689/689/689 690/690/690
f 698/698/698 690/690/690 691/691/691
f 698/698/698 691/691/691 692/692/692
f 698/698/698 692/692/692 693/693/693
f 698/698/698 693/693/693 694/694/694
f 698/698/698 694/694/694 695/695/695
f 698/698/698 695/695/695 696/696/696
f 698/698/698 696/696/696 687/687/687
f 699/699/699 709/709/709 710/710/710
f 699/699/699 710/710/710 700/700/700
f 700/700/700 710/710/710 711/711/711
f 700/700/700 711/711/711 701/701/701
f 701/701/701 711/711/711 712/712/712
f 701/701/701 712/712/712 702/702/702
f 702/702/702 712/712/712 713/713/713
f 702/702/702 713/713/713 703/703/703
f 703/703/703 713/713/713 714/714/714
f 703/703/703 714/714/714 704/704/704
f 704/704/704 714/714/714 715/715/715
f 704/704/704 715/715/715 705/705/705
f 705/705/705 715/715/715 716/716/716
f 705/705/705 716/716/716 706/706/706
f 706/706/706 716/716/716 717/717/717
f 706/706/706 717/717/717 707/707/707
f 707/707/707 717/717/717 718/718/718
f 707/707/707 718/718/718 708/708/708
f 708/708/708 718/718/718 709/709/709
f 708/708/708 709/709/709 699/699/699
f 709/709/709 719/719/719 720/720/720
f 709/709/709 720/720/720 710/710/710
f 710/710/710 720/720/720 721/721/721
f 710/710/710 721/721/721 711/711/711
f 711/711/711 721/721/721 722/722/722
f 711/711/711 722/722/722 712/712/712
f 712/712/712 722/722/722 723/723/723
f 712/712/712 723/723/723 713/713/713
f 713/713/713 723/723/723 724/724/724
f 713/713/713 724/724/724 714/714/714
f 714/714/714 724/724/724 725/725/725
f 714/714/714 725/725/725 715/715/715
f 715/715/715 725/725/725 726/726/726
f 715/715/715 726/726/726 716/716/716
f 716/716/716 726/726/726 727/727/727
f 716/716/716 727/727/727 717/717/717
f 717/717/717 727/727/727 728/728/728
f 717/717/717 728/728/728 718/718/718
f 718/718/718 728/728/728 719/719/719
f 718/718/718 719/719/719 709/709/709
f 719/719/719 729/729/729 730/730/730
f 719/719/719 730/730/730 720/720/720
f 720/720/720 730/730/730 731/731/731
f 720/720/720 731/731/731 721/721/721
f 721/721/721 731/731/731 732/732/732
f 721/721/721 732/732/732 722/722/722
f 722/722/722 732/732/732 733/733/733
f 722/722/722 733/733/733 723/723/723
f 723/723/723 733/733/733 734/734/734
f 723/723/723 734/734/734 724/724/724
f 724/724/724 734/734/734 735/735/735
f 724/724/724 735/735/735 725/725/725
f 725/725/725 735/735/735 736/736/736
f 725/725/725 736/736/736 726/726/726
f 726/726/726 736/736/736 737/737/737
f 726/726/726 737/737/737 727/727/727
f 727/727/727 737/737/737 738/738/738
f 727/727/727 738/738/738 728/728/728
f 728/728/728 738/738/738 729/729/729
f 728/728/728 729/729/729 719/719/719
f 739/739/739 700/700/700 699/699/699
f 739/739/739 701/701/701 700/700/700
f 739/739/739 702/702/702 701/701/701
f 739/739/739 703/703/703 702/702/702
f 739/739/739 704/704/704 703/703/703
f 739/739/739 705/705/705 704/704/704
f 739/739/739 706/706/706 705/705/705
f 739/739/739 707/707/707 706/706/706
f 739/739/739 708/708/708 707/707/707
f 739/739/739 699/699/699 708/708/708
f 740/740/740 729/729/729 730/730/730
f 740/740/740 730/730/730 731/731/731
f 740/740/740 731/731/731 732/732/732
f 740/740/740 732/732/732 733/733/733
f 740/740/740 733/733/733 734/734/734
f 740/740/740 734/734/734 735/735/735
f 740/740/740 735/735/735 736/736/736
f 740/740/740 736/736/736 737/737/737
f 740/740/740 737/737/737 738/738/738
f 740/740/740 738/738/738 729/729/729
f 741/741/741 751/751/751 752/752/752
f 741/741/741 752/752/752 742/742/742
f 742/742/742 752/752/752 753/753/753
f 742/742/742 753/753/753 743/743/743
f 743/743/743 753/753/753 754/754/754
f 743/743/743 754/754/754 744/744/744
f 744/744/744 754/754/754 755/755/755
f 744/744/744 755/755/755 745/745/745
f 745/745/745 755/755/755 756/756/756
f 745/745/745 756/756/756 746/746/746
f 746/746/746 756/756/756 757/757/757
f 746/746/746 757/757/757 747/747/747
f 747/747/747 757/757/757 758/758/758
f 747/747/747 758/758/758 748/748/748
f 748/748/748 758/758/758 759/759/759
f 748/748/748 759/759/759 749/749/749
f 749/749/749 759/759/759 760/760/760
f 749/749/749 760/760/760 750/750/750
f 750/750/750 760/760/760 751/751/751
f 750/750/750 751/751/751 741/741/741
f 751/751/751 761/761/761 762/762/762
f 751/751/751 762/762/762 752/752/752
f 752/752/752 762/762/762 763/763/763
f 752/752/752 763/763/763 753/753/753
f 753/753/753 763/763/763 764/764/764
f 753/753/753 764/764/764 754/754/754
f 754/754/754 764/764/764 765/765/765
f 754/754/754 765/765/765 755/755/755
f 755/755/755 765/765/765 766/766/766
f 755/755/755 766/766/766 756/756/756
f 756/756/756 766/766/766 767/767/767
f 756/756/756 767/767/767 757/757/757
f 757/757/757 767/767/767 768/768/768
f 757/757/757 768/768/768 758/758/758
f 758/758/758 768/768/768 769/769/769
f 758/758/758 769/769/769 759/759/759
f 759/759/759 769/769/769 770/770/770
f 759/759/759 770/770/770 760/760/760
f 760/760/760 770/770/770 761/761/761
f 760/760/760 761/761/761 751/751/751
f 761/761/761 771/771/771 772/772/772
f 761/761/761 772/772/772 762/762/762
f 762/762/762 772/772/772 773/773/773
f 762/762/762 773/773/773 763/763/763
f 763/763/763 773/773/773 774/774/774
f 763/763/763 774/774/774 764/764/764
f 764/764/764 774/774/774 775/775/775
f 764/764/764 775/775/775 765/765/765
f 765/765/765 775/775/775 776/776/776
f 765/765/765 776/776/776 766/766/766
f 766/766/766 776/776/776 777/777/777
f 766/766/766 777/777/777 767/767/767
f 767/767/767 777/777/777 778/778/778
f 767/767/767 778/778/778 768/768/768
f 768/768/768 778/778/778 779/779/779
f 768/768/768 779/779/779 769/769/769
f 769/769/769 779/779/779 780/780/780
f 769/769/769 780/780/780 770/770/770
f 770/770/770 780/780/780 771/771/771
f 770/770/770 771/771/771 761/761/761
f 781/781/781 742/742/742 741/741/741
f 781/781/781 743/743/743 742/742/742
f 781/781/781 744/744/744 743/743/743
f 781/781/781 745/745/745 744/744/744
f 781/781/781 746/746/746 745/745/745
f 781/781/781 747/747/747 746/746/746
f 781/781/781 748/748/748 747/747/747
f 781/781/781 749/749/749 748/748/748
f 781/781/781 750/750/750 749/749/749
f 781/781/781 741/741/741 750/750/750
f 782/782/782 771/771/771 772/772/772
f 782/782/782 772/772/772 773/773/773
f 782/782/782 773/773/773 774/774/774
f 782/782/782 774/774/774 775/775/775
f 782/782/782 775/775/775 776/776/776
f 782/782/782 776/776/776 777/777/777
f 782/782/782 777/777/777 778/778/778
f 782/782/782 778/778/778 779/779/779
f 782/782/782 779/779/779 780/780/780
f 782/782/782 780/780/780 771/771/771
f 783/783/783 789/789/789 790/790/790
f 783/783/783 790/790/790 784/784/784
f 784/784/784 790/790/790 791/791/791
f 784/784/784 791/791/791 785/785/785
f 785/785/785 791/791/791 792/792/792
f 785/785/785 792/792/792 786/786/786
f 786/786/786 792/792/792 793/793/793
f 786/786/786 793/793/793 787/787/787
f 787/787/787 793/793/793 794/794/794
f 787/787/787 794/794/794 788/788/788
f 788/788/788 794/794/794 789/789/789
f 788/788/788 789/789/789 783/783/783
f 789/789/789 795/795/795 796/796/796
f 789/789/789 796/796/796 790/790/790
f 790/790/790 796/796/796 797/797/797
f 790/790/790 797/797/797 791/791/791
f 791/791/791 797/797/797 798/798/798
f 791/791/791 798/798/798 792/792/792
f 792/792/792 798/798/798 799/799/799
f 792/792/792 799/799/799 793/793/793
f 793/793/793 799/799/799 800/800/800
f 793/793/793 800/800/800 794/794/794
f 794/794/794 800/800/800 795/795/795
f 794/794/794 795/795/795 789/789/789
f 795/795/795 801/801/801 802/802/802
f 795/795/795 802/802/802 796/796/796
f 796/796/796 802/802/802 803/803/803
f 796/796/796 803/803/803 797/797/797
f 797/797/797 803/803/803 804/804/804
f 797/797/797 804/804/804 798/798/798
f 798/798/798 804/804/804 805/805/805
f 798/798/798 805/805/805 799/799/799
f 799/799/799 805/805/805 806/806/806
f 799/799/799 806/806/806 800/800/800
f 800/800/800 806/806/806 801/801/801
f 800/800/800 801/801/801 795/795/795
f 807/807/807 784/784/784 783/783/783
f 807/807/807 785/785/785 784/784/784
f 807/807/807 786/786/786 785/785/785
f 807/807/807 787/787/787 786/786/786
f 807/807/807 788/788/788 787/787/787
f 807/807/807 783/783/783 788/788/788
f 808/808/808 801/801/801 802/802/802
f 808/808/808 802/802/802 803/803/803
f 808/808/808 803/803/803 804/804/804
f 808/808/808 804/804/804 805/805/805
f 808/808/808 805/805/805 806/806/806
f 808/808/808 806/806/806 801/801/801
f 809/809/809 819/819/819 820/820/820
f 809/809/809 820/820/820 810/810/810
f 810/810/810 820/820/820 821/821/821
f 810/810/810 821/821/821 811/811/811
f 811/811/811 821/821/821 822/822/822
f 811/811/811 822/822/822 812/812/812
f 812/812/812 822/822/822 823/823/823
f 812/812/812 823/823/823 813/813/813
f 813/813/813 823/823/823 824/824/824
f 813/813/813 824/824/824 814/814/814
f 814/814/814 824/824/824 825/825/825
f 814/814/814 825/825/825 815/815/815
f 815/815/815 825/825/825 826/826/826
f 815/815/815 826/826/826 816/816/816
f 816/816/816 826/826/826 827/827/827
f 816/816/816 827/827/827 817/817/817
f 817/817/817 827/827/827 828/828/828
f 817/817/817 828/828/828 818/818/818
f 818/818/818 828/828/828 819/819/819
f 818/818/818 819/819/819 809/809/809
f 819/819/819 829/829/829 830/830/830
f 819/819/819 830/830/830 820/820/820
f 820/820/820 830/830/830 831/831/831
f 820/820/820 831/831/831 821/821/821
f 821/821/821 831/831/831 832/832/832
f 821/821/821 832/832/832 822/822/822
f 822/822/822 832/832/832 833/833/833
f 822/822/822 833/833/833 823/823/823
f 823/823/823 833/833/833 834/834/834
f 823/823/823 834/834/834 824/824/824
f 824/824/824 834/834/834 835/835/835
f 824/824/824 835/835/835 825/825/825
f 825/825/825 835/835/835 836/836/836
f 825/825/825 836/836/836 826/826/826
f 826/826/826 836/836/836 837/837/837
f 826/826/826 837/837/837 827/827/827
f 827/827/827 837/837/837 838/838/838
f 827/827/827 838/838/838 828/828/828
f 828/828/828 838/838/838 829/829/829
f 828/828/828 829/829/829 819/819/819
f 829/829/829 839/839/839 840/840/840
f 829/829/829 840/840/840 830/830/830
f 830/830/830 840/840/840 841/841/841
f 830/830/830 841/841/841 831/831/831
f 831/831/831 841/841/841 842/842/842
f 831/831/831 842/842/842 832/832/832
f 832/832/832 842/842/842 843/843/843
f 832/832/832 843/843/843 833/833/833
f 833/833/833 843/843/843 844/844/844
f 833/833/833 844/844/844 834/834/834
f 834/834/834 844/844/844 845/845/845
f 834/834/834 845/845/845 835/835/835
f 835/835/835 845/845/845 846/846/846
f 835/835/835 846/846/846 836/836/836
f 836/836/836 846/846/846 847/847/847
f 836/836/836 847/847/847 837/837/837
f 837/837/837 847/847/847 848/848/848
f 837/837/837 848/848/848 838/838/838
f 838/838/838 848/848/848 839/839/839
f 838/838/838 839/839/839 829/829/829
f 849/849/849 810/810/810 809/809/809
f 849/849/849 811/811/811 810/810/810
f 849/849/849 812/812/812 811/811/811
f 849/849/849 813/813/813 812/812/812
f 849/849/849 814/814/814 813/813/813
f 849/849/849 815/815/815 814/814/814
f 849/849/849 816/816/816 815/815/815
f 849/849/849 817/817/817 816/816/816
f 849/849/849 818/818/818 817/817/817
f 849/849/849 809/809/809 818/818/818
f 850/850/850 839/839/839 840/840/840
f 850/850/850 840/840/840 841/841/841
f 850/850/850 841/841/841 842/842/842
f 850/850/850 842/842/842 843/843/843
f 850/850/850 843/843/843 844/844/844
f 850/850/850 844/844/844 845/845/845
f 850/850/850 845/845/845 846/846/846
f 850/850/850 846/846/846 847/847/847
f 850/850/850 847/847/847 848/848/848
f 850/850/850 848/848/848 839/839/839
f 851/851/851 852/852/852 853/853/853
f 851/851/851 853/853/853 854/854/854
f 855/855/855 856/856/856 857/857/857
f 855/855/855 857/857/857 858/858/858
f 859/859/859 860/860/860 861/861/861
f 859/859/859 861/861/861 862/862/862
f 863/863/863 864/864/864 865/865/865
f 863/863/863 865/865/865 866/866/866
f 867/867/867 868/868/868 869/869/869
f 867/867/867 869/869/869 870/870/870
f 871/871/871 872/872/872 873/873/873
f 871/871/871 873/873/873 874/874/874
f 875/875/875 876/876/876 877/877/877
f 875/875/875 877/877/877 878/878/878
f 879/879/879 880/880/880 881/881/881
f 879/879/879 881/881/881 882/882/882
f 883/883/883 884/884/884 885/885/885
f 883/883/883 885/885/885 886/886/886
f 887/887/887 888/888/888 889/889/889
f 887/887/887 889/889/889 890/890/890
f 891/891/891 892/892/892 893/893/893
f 891/891/891 893/893/893 894/894/894
f 895/895/895 896/896/896 897/897/897
f 895/895/895 897/897/897 898/898/898
f 899/899/899 900/900/900 901/901/901
f 899/899/899 901/901/901 902/902/902
f 903/903/903 904/904/904 905/905/905
f 903/903/903 905/905/905 906/906/906
f 907/907/907 908/908/908 909/909/909
f 907/907/907 909/909/909 910/910/910
f 911/911/911 912/912/912 913/913/913
f 911/911/911 913/913/913 914/914/914
f 915/915/915 916/916/916 917/917/917
f 915/915/915 917/917/917 918/918/918
f 919/919/919 920/920/920 921/921/921
f 919/919/919 921/921/921 922/922/922
f 923/923/923 925/925/925 924/924/924
f 926/926/926 927/927/927 928/928/928
f 929/929/929 930/930/930 931/931/931
f 932/932/932 934/934/934 933/933/933
f 935/935/935 936/936/936 937/937/937
f 938/938/938 940/940/940 939/939/939
f 941/941/941 943/943/943 942/942/942
f 944/944/944 945/945/945 946/946/946
