# rubble_03
mtllib props.mtl
o rubble_03
usemtl Concrete
v 0.110470 0.099519 0.102670
v -0.331233 0.171466 -0.256213
v -0.301154 0.243054 -0.271824
v 0.115747 0.168232 0.103652
v -0.523788 0.245570 -0.013901
v -0.099781 0.168236 0.355788
v -0.090590 0.238758 0.332471
v -0.510450 0.309323 -0.018725
v -0.081127 0.243369 0.333738
v -0.503406 0.322817 -0.035098
v -0.320515 0.245236 -0.270947
v 0.100354 0.170761 0.089385
v 0.085006 0.108528 0.108107
v -0.350947 0.162894 -0.275045
v -0.527804 0.226269 -0.032676
v -0.109788 0.156026 0.353996
v -0.546921 0.243986 -0.024943
v -0.344592 0.190516 -0.279399
v -0.323622 0.235293 -0.272784
v -0.531457 0.305086 -0.021791
v 0.089673 0.098465 0.111526
v -0.087520 0.163352 0.350053
v -0.078430 0.233275 0.353063
v 0.126889 0.178602 0.098519
v 0.100875 0.177142 0.096792
v -0.310850 0.251756 -0.262059
v -0.314706 0.241348 -0.273594
v 0.103868 0.169245 0.109121
v -0.089634 0.231155 0.350599
v -0.515308 0.305991 -0.033127
v -0.506356 0.297021 -0.010951
v -0.071416 0.227083 0.346282
v 0.106443 0.091067 0.113568
v -0.330938 0.165100 -0.247940
v -0.316952 0.181439 -0.253524
v 0.106345 0.101203 0.109173
v -0.089144 0.159936 0.340496
v -0.527825 0.231047 -0.024614
v -0.528017 0.246022 -0.009625
v -0.102238 0.177799 0.340641
v -0.350398 0.180899 -0.280627
v -0.340608 0.252767 -0.285118
v -0.308858 0.236342 -0.258259
v -0.331091 0.172046 -0.266519
v -0.533523 0.234209 -0.019481
v -0.526376 0.312380 -0.041151
v -0.527055 0.303211 -0.013915
v -0.527191 0.243663 -0.024284
v 0.103634 0.112230 0.124528
v 0.123086 0.163337 0.122669
v 0.124326 0.165320 0.082862
v 0.098362 0.098431 0.100991
v -0.092544 0.168861 0.348726
v -0.064563 0.223540 0.352383
v -0.098463 0.224930 0.342937
v -0.112001 0.180404 0.352928
v -0.522147 0.309028 -0.038821
v -0.322508 0.239462 -0.279066
v -0.304299 0.260599 -0.265700
v -0.508423 0.308620 -0.038436
v -0.519080 0.245100 -0.030552
v -0.327805 0.175304 -0.252105
v -0.322003 0.168963 -0.264639
v -0.528160 0.236439 -0.021409
v -0.077887 0.237416 0.345261
v 0.106776 0.174303 0.096064
v 0.127425 0.173766 0.108804
v -0.089194 0.234609 0.327351
v -0.081356 0.163698 0.343763
v 0.105287 0.109386 0.097917
v 0.101413 0.102472 0.095473
v -0.096243 0.165609 0.358677
v -0.105640 0.162844 0.365268
v -0.106130 0.155826 0.360035
v -0.081420 0.177897 0.349687
v 0.090065 0.113295 0.114954
v 0.110225 0.094844 0.118073
v 0.103822 0.097382 0.098838
v -0.089136 0.232582 0.342772
v -0.069570 0.247282 0.340316
v -0.083488 0.233522 0.333804
v 0.103848 0.163064 0.093172
v 0.118974 0.178909 0.096473
v 0.129300 0.178996 0.110711
v -0.525973 0.247810 -0.017946
v -0.543270 0.225786 -0.023501
v -0.523573 0.232471 -0.013130
v -0.332872 0.185495 -0.278826
v -0.326512 0.179206 -0.269563
v -0.338057 0.188069 -0.259693
v -0.502858 0.302973 -0.022698
v -0.519178 0.314158 -0.035164
v -0.516028 0.302581 -0.017206
v -0.309054 0.236072 -0.257749
v -0.315589 0.261096 -0.276907
v -0.321875 0.242848 -0.268158
v -0.179939 0.163178 -0.102319
v -0.407972 0.229699 -0.209676
v -0.393882 0.269529 -0.222665
v -0.161503 0.204113 -0.121980
v -0.423013 0.250191 -0.136225
v -0.196569 0.191382 -0.025367
v -0.185286 0.228173 -0.046150
v -0.404149 0.289209 -0.151038
v -0.176182 0.235775 -0.043021
v -0.402081 0.307336 -0.152428
v -0.382349 0.289578 -0.218996
v -0.170300 0.205723 -0.100375
v -0.198286 0.161772 -0.090320
v -0.412899 0.229281 -0.199752
v -0.416148 0.257300 -0.127988
v -0.194549 0.181526 -0.022808
v -0.418839 0.263417 -0.132184
v -0.411458 0.240876 -0.210970
v -0.393659 0.283295 -0.209113
v -0.425103 0.306679 -0.149704
v -0.163876 0.157106 -0.094452
v -0.211641 0.196107 -0.037619
v -0.195236 0.218139 -0.050918
v -0.170634 0.215993 -0.107849
v -0.172432 0.205106 -0.116750
v -0.387490 0.290387 -0.223450
v -0.382594 0.264513 -0.222751
v -0.163393 0.196831 -0.128507
v -0.178625 0.242610 -0.060230
v -0.416156 0.308465 -0.142858
v -0.422307 0.290469 -0.132245
v -0.187554 0.226512 -0.056203
v -0.196652 0.167836 -0.108187
v -0.397990 0.230982 -0.211292
v -0.406908 0.234530 -0.196703
v -0.169024 0.166696 -0.108115
v -0.206881 0.175658 -0.043807
v -0.424434 0.253640 -0.124485
v -0.433866 0.248250 -0.126764
v -0.199140 0.198425 -0.035380
v -0.407530 0.227181 -0.192512
v -0.389502 0.281475 -0.222020
v -0.374029 0.282066 -0.212279
v -0.404271 0.231553 -0.221300
v -0.416980 0.265758 -0.153359
v -0.415280 0.302727 -0.144134
v -0.409265 0.302067 -0.138713
v -0.443087 0.256958 -0.141980
v -0.163748 0.173088 -0.089032
v -0.164593 0.205149 -0.105595
v -0.163206 0.212538 -0.112953
v -0.179116 0.156501 -0.110787
v -0.201879 0.188963 -0.047631
v -0.176160 0.229485 -0.042456
v -0.200482 0.235749 -0.042717
v -0.207799 0.180562 -0.023010
v -0.406385 0.296371 -0.141220
v -0.397907 0.284993 -0.204165
v -0.373351 0.285166 -0.215480
v -0.405406 0.300641 -0.134870
v -0.428899 0.264697 -0.141774
v -0.410260 0.239046 -0.195858
v -0.402807 0.218444 -0.189068
v -0.434244 0.254074 -0.140658
v -0.194056 0.231117 -0.052007
v -0.161621 0.213465 -0.115873
v -0.171831 0.213138 -0.117601
v -0.198375 0.238367 -0.057666
v -0.199259 0.186626 -0.026699
v -0.178578 0.164263 -0.094973
v -0.183123 0.170206 -0.107758
v -0.209562 0.187591 -0.029806
v -0.216727 0.199487 -0.018319
v -0.193476 0.175419 -0.045008
v -0.214131 0.183269 -0.027232
v -0.175006 0.166768 -0.098130
v -0.184224 0.169163 -0.086110
v -0.162546 0.170842 -0.086044
v -0.187564 0.237743 -0.046434
v -0.178620 0.241420 -0.050987
v -0.175352 0.219107 -0.043774
v -0.172788 0.212756 -0.129416
v -0.161041 0.215427 -0.124024
v -0.155021 0.208732 -0.100802
v -0.431012 0.250508 -0.128840
v -0.441294 0.254244 -0.146257
v -0.437716 0.258997 -0.139598
v -0.402803 0.239664 -0.209011
v -0.402462 0.237562 -0.207584
v -0.402455 0.234968 -0.216273
v -0.414167 0.303546 -0.148188
v -0.407468 0.298118 -0.145903
v -0.423552 0.291925 -0.153553
v -0.377766 0.277671 -0.229500
v -0.382631 0.272586 -0.198610
v -0.389626 0.282175 -0.204731
v -0.097325 0.222818 -0.089496
v 0.090620 0.213785 0.200737
v 0.088650 0.261697 0.185849
v -0.098134 0.284626 -0.074886
v 0.276840 0.149023 0.055551
v 0.081206 0.154479 -0.217256
v 0.121637 0.221794 -0.238605
v 0.289216 0.191389 0.050322
v 0.108753 0.212764 -0.238583
v 0.310112 0.206862 0.063175
v 0.112326 0.274460 0.181196
v -0.071774 0.287586 -0.083228
v -0.091270 0.210048 -0.069759
v 0.084983 0.197521 0.184520
v 0.293442 0.144868 0.072524
v 0.098639 0.145457 -0.212412
v 0.282843 0.152839 0.061342
v 0.099743 0.205884 0.199812
v 0.101728 0.270793 0.191351
v 0.292147 0.199409 0.053926
v -0.109240 0.212851 -0.088988
v 0.076848 0.150826 -0.232202
v 0.106890 0.221677 -0.245137
v -0.076976 0.272305 -0.099002
v -0.087994 0.287157 -0.080218
v 0.112845 0.277252 0.197660
v 0.103846 0.273046 0.192379
v -0.089390 0.288869 -0.092710
v 0.091253 0.228052 -0.235140
v 0.310993 0.204676 0.065229
v 0.295094 0.200976 0.054217
v 0.103115 0.209169 -0.242365
v -0.118090 0.209781 -0.065917
v 0.096666 0.193038 0.197566
v 0.071491 0.219135 0.213559
v -0.104959 0.226362 -0.083627
v 0.092585 0.145932 -0.206633
v 0.269993 0.144052 0.049316
v 0.273115 0.143579 0.058747
v 0.104819 0.152750 -0.206896
v 0.108277 0.204511 0.210078
v 0.124905 0.262293 0.194057
v 0.085863 0.271673 0.180756
v 0.094338 0.214333 0.196284
v 0.298287 0.134987 0.063787
v 0.291504 0.202499 0.066730
v 0.291395 0.194174 0.062174
v 0.283810 0.137571 0.071164
v -0.117206 0.223518 -0.091543
v -0.084051 0.272946 -0.080508
v -0.082257 0.284574 -0.077701
v -0.093558 0.229207 -0.087152
v 0.091090 0.164852 -0.231226
v 0.109299 0.213285 -0.219051
v 0.116369 0.204501 -0.236745
v 0.106560 0.157278 -0.230405
v 0.296088 0.199457 0.061810
v 0.110733 0.264987 0.200355
v 0.110499 0.265143 0.190940
v 0.285108 0.208613 0.055522
v 0.297861 0.136073 0.059143
v 0.110641 0.205431 0.191178
v 0.096569 0.198748 0.184413
v 0.275060 0.132746 0.051769
v 0.105417 0.221897 -0.223594
v -0.084904 0.290184 -0.089037
v -0.080912 0.293365 -0.082868
v 0.119237 0.225958 -0.222396
v 0.071117 0.162518 -0.217629
v -0.118527 0.229122 -0.085864
v -0.102653 0.216669 -0.089625
v 0.086716 0.141224 -0.221459
v 0.095273 0.160420 -0.232601
v 0.076468 0.141255 -0.215376
v 0.074369 0.155277 -0.218306
v -0.103600 0.228270 -0.061394
v -0.098817 0.217304 -0.068477
v -0.116984 0.226803 -0.095851
v 0.097796 0.205011 -0.238339
v 0.102302 0.221177 -0.213510
v 0.104536 0.212587 -0.222797
v -0.103385 0.277451 -0.090141
v -0.069946 0.296614 -0.081094
v -0.078213 0.281382 -0.095674
v 0.290410 0.136765 0.055229
v 0.284757 0.134557 0.056108
v 0.278585 0.134645 0.062617
v 0.087899 0.214745 0.186421
v 0.095361 0.195171 0.192438
v 0.086450 0.203840 0.191338
v 0.295820 0.194669 0.049793
v 0.289504 0.213704 0.040695
v 0.313682 0.198549 0.072266
v 0.107691 0.272515 0.195926
v 0.107791 0.283428 0.180250
v 0.100015 0.267862 0.183522
v 0.048557 0.195806 0.084125
v 0.152295 0.222683 0.181569
v 0.132246 0.264470 0.164305
v 0.029229 0.230836 0.080693
v 0.197000 0.228522 0.132722
v 0.091552 0.215582 0.015897
v 0.088085 0.248887 0.013761
v 0.176758 0.269598 0.128843
v 0.089619 0.261608 0.021125
v 0.177307 0.279508 0.121397
v 0.133276 0.282283 0.180345
v 0.046298 0.234120 0.065506
v 0.059575 0.182034 0.067708
v 0.172137 0.214330 0.157139
v 0.205913 0.226391 0.137549
v 0.080515 0.204369 0.033171
v 0.206710 0.230159 0.133190
v 0.155578 0.229192 0.166466
v 0.159244 0.267829 0.182409
v 0.177162 0.283302 0.139166
v 0.043919 0.188310 0.048758
v 0.094960 0.198282 0.025377
v 0.081176 0.251021 0.035253
v 0.053569 0.238152 0.070918
v 0.055884 0.251698 0.058718
v 0.155401 0.276481 0.176860
v 0.136659 0.260128 0.172043
v 0.029459 0.230497 0.060833
v 0.068401 0.242135 0.033459
v 0.181834 0.271650 0.124381
v 0.196410 0.268242 0.116451
v 0.082960 0.255123 0.026144
v 0.048961 0.189572 0.067850
v 0.171932 0.222150 0.173624
v 0.164244 0.218991 0.180412
v 0.055131 0.189137 0.067521
v 0.103820 0.193107 0.041173
v 0.193597 0.226927 0.120128
v 0.212605 0.237691 0.135902
v 0.111995 0.202857 0.019367
v 0.151089 0.233479 0.163418
v 0.167124 0.275992 0.166094
v 0.138011 0.274316 0.180726
v 0.147032 0.218275 0.170490
v 0.203885 0.239509 0.123467
v 0.176411 0.272706 0.139034
v 0.188428 0.276583 0.119390
v 0.206495 0.239996 0.143918
v 0.066831 0.200326 0.064523
v 0.048255 0.239282 0.049461
v 0.037808 0.245723 0.075426
v 0.044414 0.203249 0.081431
v 0.095479 0.212872 0.031195
v 0.092027 0.246960 0.036856
v 0.096641 0.238832 0.027327
v 0.096174 0.214452 0.025848
v 0.174575 0.286082 0.139766
v 0.139855 0.270915 0.181390
v 0.133149 0.269985 0.161253
v 0.192068 0.289063 0.136113
v 0.187122 0.244917 0.128212
v 0.155772 0.237048 0.182718
v 0.147807 0.217320 0.184927
v 0.209025 0.232177 0.131782
v 0.071761 0.253648 0.039438
v 0.047916 0.240042 0.063487
v 0.032731 0.235891 0.061574
v 0.071300 0.260078 0.017472
v 0.100105 0.208862 0.033796
v 0.057513 0.193332 0.055998
v 0.065793 0.184241 0.057101
v 0.101697 0.196806 0.032789
v 0.086522 0.201168 0.022765
v 0.092098 0.196411 0.018969
v 0.081473 0.199285 0.024517
v 0.046806 0.206620 0.079110
v 0.065507 0.193284 0.054405
v 0.042405 0.188722 0.075207
v 0.079985 0.240491 0.018093
v 0.075068 0.245225 0.024415
v 0.072298 0.253455 0.034626
v 0.037868 0.240253 0.073946
v 0.050727 0.236103 0.068667
v 0.043461 0.239986 0.072990
v 0.185645 0.235026 0.117727
v 0.189647 0.224032 0.136138
v 0.210780 0.227064 0.142069
v 0.145995 0.223102 0.181583
v 0.161223 0.222799 0.156917
v 0.177663 0.230235 0.161601
v 0.174645 0.283728 0.114281
v 0.167798 0.282739 0.129413
v 0.189469 0.278442 0.142805
v 0.134786 0.275324 0.185961
v 0.134309 0.272068 0.183468
v 0.142405 0.274015 0.167695
v 0.258560 0.081502 -0.510729
v -0.094839 0.176986 -0.679297
v -0.100754 0.210605 -0.664207
v 0.281663 0.116947 -0.516691
v -0.212022 0.242889 -0.406326
v 0.161076 0.151502 -0.234033
v 0.168092 0.182666 -0.245620
v -0.204163 0.281793 -0.411669
v 0.179142 0.182766 -0.229303
v -0.181104 0.275397 -0.418504
v -0.088918 0.219237 -0.665100
v 0.275286 0.120181 -0.489672
v 0.250265 0.081213 -0.482455
v -0.094903 0.180283 -0.653112
v -0.201819 0.243158 -0.421836
v 0.146653 0.144851 -0.231730
v -0.220760 0.248323 -0.407905
v -0.117856 0.186378 -0.683142
v -0.084128 0.201425 -0.680355
v -0.202963 0.267154 -0.415214
v 0.280404 0.086505 -0.500636
v 0.175211 0.150239 -0.245372
v 0.172361 0.169241 -0.250862
v 0.297230 0.117620 -0.498213
v 0.270874 0.118581 -0.488138
v -0.080325 0.203765 -0.680550
v -0.083939 0.197294 -0.664625
v 0.281751 0.117988 -0.507988
v 0.159928 0.182893 -0.246887
v -0.199540 0.276308 -0.402829
v -0.198048 0.284512 -0.414122
v 0.169955 0.172062 -0.230963
v 0.277108 0.069015 -0.481023
v -0.087557 0.176004 -0.674971
v -0.091315 0.179903 -0.689928
v 0.264205 0.086890 -0.504699
v 0.161369 0.138964 -0.228269
v -0.211746 0.246290 -0.414481
v -0.216112 0.256651 -0.402839
v 0.168200 0.163443 -0.222543
v -0.097651 0.191130 -0.663186
v -0.092883 0.207118 -0.678307
v -0.081401 0.204236 -0.672944
v -0.086691 0.181039 -0.685120
v -0.198278 0.243325 -0.406067
v -0.195905 0.274491 -0.416807
v -0.214821 0.283369 -0.414293
v -0.206774 0.240635 -0.417361
v 0.269965 0.075233 -0.489942
v 0.283825 0.109138 -0.497726
v 0.283771 0.112833 -0.495408
v 0.256564 0.076051 -0.509865
v 0.157467 0.143367 -0.225034
v 0.173936 0.171460 -0.224512
v 0.171487 0.177949 -0.221063
v 0.143736 0.153647 -0.225877
v -0.205472 0.282058 -0.424319
v -0.097924 0.214726 -0.684297
v -0.080430 0.212068 -0.682472
v -0.190371 0.275481 -0.428274
v -0.213727 0.255418 -0.431037
v -0.101331 0.191357 -0.661749
v -0.113307 0.166864 -0.659671
v -0.218992 0.242280 -0.425387
v 0.166465 0.184578 -0.231224
v 0.268598 0.117027 -0.481465
v 0.274948 0.123899 -0.511122
v 0.170749 0.187012 -0.232704
v 0.174632 0.148415 -0.241354
v 0.281707 0.080868 -0.495276
v 0.265261 0.075133 -0.493933
v 0.172753 0.154332 -0.233909
v 0.157521 0.148292 -0.241559
v 0.159497 0.146423 -0.222578
v 0.160183 0.148545 -0.231446
v 0.258422 0.076994 -0.492927
v 0.278085 0.076957 -0.495459
v 0.274529 0.089099 -0.492780
v 0.157926 0.183017 -0.226613
v 0.163379 0.178772 -0.252953
v 0.184227 0.178375 -0.228302
v 0.264894 0.100417 -0.502099
v 0.289057 0.110888 -0.490611
v 0.294243 0.117002 -0.497458
v -0.215611 0.254835 -0.401094
v -0.196039 0.248684 -0.404508
v -0.224286 0.240590 -0.414816
v -0.083216 0.182001 -0.681861
v -0.091501 0.164378 -0.665659
v -0.119304 0.189638 -0.679014
v -0.194173 0.271785 -0.413737
v -0.195838 0.279021 -0.420724
v -0.201438 0.279102 -0.430102
v -0.097644 0.203541 -0.690893
v -0.089654 0.218372 -0.686873
v -0.103920 0.205304 -0.661272
v -0.023964 0.153973 -0.637516
v -0.141884 0.214666 -0.500695
v -0.129039 0.239955 -0.530886
v -0.013019 0.170956 -0.668976
v -0.086859 0.219070 -0.478466
v 0.043645 0.161813 -0.592477
v 0.026060 0.198222 -0.608344
v -0.087987 0.249973 -0.462701
v 0.023721 0.184533 -0.614971
v -0.078832 0.250905 -0.491333
v -0.146701 0.232475 -0.530544
v -0.008513 0.178811 -0.648811
v -0.040788 0.163018 -0.643691
v -0.131093 0.206917 -0.523668
v -0.075960 0.218517 -0.479215
v 0.011600 0.173438 -0.602785
v -0.099462 0.231956 -0.469670
v -0.131402 0.223096 -0.493083
v -0.150061 0.229263 -0.510661
v -0.097648 0.254089 -0.467639
v -0.025628 0.151502 -0.657721
v 0.033277 0.158744 -0.611686
v 0.040539 0.194256 -0.619191
v -0.023513 0.175948 -0.673030
v -0.021723 0.187520 -0.665053
v -0.128095 0.234732 -0.520767
v -0.132164 0.236119 -0.511287
v -0.015678 0.184766 -0.672645
v 0.023269 0.187133 -0.623726
v -0.081574 0.249255 -0.468267
v -0.079014 0.253932 -0.473427
v 0.038480 0.187175 -0.614327
v -0.017219 0.153436 -0.655756
v -0.140966 0.214593 -0.520409
v -0.138210 0.212180 -0.522998
v -0.042535 0.169001 -0.643765
v 0.020451 0.159143 -0.610130
v -0.082857 0.223546 -0.460781
v -0.093661 0.217029 -0.484373
v 0.030135 0.173562 -0.608253
v -0.133765 0.211639 -0.518305
v -0.147415 0.240566 -0.521041
v -0.145214 0.236993 -0.527381
v -0.141592 0.223140 -0.506183
v -0.086884 0.227000 -0.461075
v -0.089237 0.247359 -0.464457
v -0.084454 0.253397 -0.488973
v -0.087761 0.217866 -0.474356
v -0.033185 0.165399 -0.664875
v -0.031553 0.183378 -0.659266
v -0.036270 0.185795 -0.670330
v -0.037694 0.162232 -0.653681
v 0.037401 0.171070 -0.625790
v 0.038681 0.180518 -0.617204
v 0.026403 0.185799 -0.600491
v 0.033980 0.162927 -0.612166
v -0.083957 0.237210 -0.484379
v -0.147132 0.246984 -0.504315
v -0.124845 0.239929 -0.508727
v -0.090906 0.257243 -0.467253
v -0.089134 0.217022 -0.459042
v -0.135830 0.213505 -0.511039
v -0.139688 0.203688 -0.510968
v -0.071259 0.228892 -0.470020
v 0.040200 0.178031 -0.615457
v -0.016311 0.188057 -0.657186
v -0.033427 0.194274 -0.654437
v 0.015569 0.199655 -0.626628
v 0.041372 0.164216 -0.615975
v -0.018726 0.156608 -0.648510
v -0.031395 0.147365 -0.661052
v 0.025459 0.161328 -0.603197
v 0.022810 0.162644 -0.593142
v 0.020186 0.169805 -0.604699
v 0.018659 0.167197 -0.601097
v -0.022117 0.170049 -0.646654
v -0.014784 0.150690 -0.655255
v -0.022237 0.153003 -0.640643
v 0.024800 0.185713 -0.602151
v 0.042644 0.184509 -0.607574
v 0.023754 0.188337 -0.624948
v -0.023347 0.171403 -0.665102
v -0.015685 0.180459 -0.663522
v -0.025798 0.175693 -0.673557
v -0.091882 0.218351 -0.483193
v -0.081804 0.223672 -0.471278
v -0.074156 0.222433 -0.481626
v -0.152848 0.226492 -0.501290
v -0.125262 0.207572 -0.508724
v -0.138574 0.223478 -0.522335
v -0.076789 0.237025 -0.463713
v -0.092892 0.239159 -0.474604
v -0.073408 0.252513 -0.466336
v -0.140543 0.243845 -0.518304
v -0.147296 0.247075 -0.510026
v -0.140200 0.238317 -0.508135
v 0.342348 0.093518 0.029966
v -0.244103 0.184898 -0.041653
v -0.222689 0.231686 -0.076244
v 0.337382 0.139782 -0.005019
v -0.257342 0.277733 0.159409
v 0.340275 0.195666 0.229380
v 0.332521 0.236975 0.202579
v -0.237384 0.323024 0.143981
v 0.330184 0.240482 0.192807
v -0.234365 0.323878 0.122647
v -0.217544 0.245814 -0.066615
v 0.360588 0.157640 -0.001322
v 0.346481 0.090836 0.030331
v -0.244684 0.169850 -0.024755
v -0.233843 0.275167 0.175075
v 0.332684 0.187516 0.227410
v -0.243573 0.275070 0.148267
v -0.233189 0.188053 -0.029359
v -0.248255 0.240965 -0.049714
v -0.237307 0.315289 0.127519
v 0.358657 0.099948 0.041851
v 0.335939 0.201696 0.232754
v 0.351676 0.244494 0.213489
v 0.355106 0.149600 0.009695
v 0.343572 0.155252 -0.006302
v -0.238423 0.240268 -0.066314
v -0.217362 0.234818 -0.075077
v 0.341195 0.152235 0.011342
v 0.322430 0.239765 0.196557
v -0.219941 0.322273 0.128063
v -0.223256 0.318371 0.155810
v 0.347619 0.237193 0.214088
v 0.333604 0.087133 0.048089
v -0.230333 0.185755 -0.047716
v -0.220287 0.189314 -0.040466
v 0.332110 0.091310 0.028824
v 0.333448 0.176578 0.246013
v -0.244851 0.280337 0.165949
v -0.247601 0.285654 0.167212
v 0.312898 0.205654 0.236861
v -0.240332 0.194904 -0.030144
v -0.247925 0.228801 -0.066249
v -0.213964 0.222989 -0.057764
v -0.233980 0.184243 -0.050335
v -0.245329 0.278714 0.146776
v -0.258934 0.324458 0.145465
v -0.228137 0.325718 0.155385
v -0.238105 0.287913 0.154160
v 0.350042 0.097902 0.036063
v 0.343152 0.147209 0.025556
v 0.336846 0.145771 0.006784
v 0.340481 0.095605 0.025913
v 0.338870 0.188642 0.229685
v 0.339990 0.232680 0.194805
v 0.338327 0.252076 0.218186
v 0.324527 0.199856 0.224628
v -0.256050 0.320503 0.152572
v -0.231374 0.236968 -0.047503
v -0.230298 0.236965 -0.048192
v -0.238414 0.336637 0.134127
v -0.265287 0.275448 0.167001
v -0.249505 0.184300 -0.042060
v -0.222613 0.178950 -0.024249
v -0.255775 0.269288 0.159224
v 0.334973 0.229329 0.223960
v 0.341740 0.154526 0.021659
v 0.342999 0.159900 0.022979
v 0.325618 0.237688 0.205044
v 0.331549 0.192358 0.230075
v 0.334016 0.098026 0.025840
v 0.341752 0.087976 0.030462
v 0.309633 0.193525 0.218490
v 0.330140 0.203111 0.238326
v 0.315425 0.178829 0.225716
v 0.338649 0.183832 0.217652
v 0.324169 0.102476 0.011571
v 0.322239 0.092963 0.029888
v 0.336844 0.101093 0.048257
v 0.340231 0.243895 0.203627
v 0.339112 0.252495 0.216801
v 0.333541 0.237980 0.200044
v 0.332892 0.138285 0.013424
v 0.348099 0.148935 0.016652
v 0.360820 0.145557 -0.001742
v -0.245945 0.282664 0.165675
v -0.242642 0.267683 0.155963
v -0.262568 0.282604 0.148550
v -0.241426 0.185120 -0.039216
v -0.249674 0.171278 -0.030333
v -0.254661 0.182505 -0.029524
v -0.242884 0.324573 0.149137
v -0.245867 0.337449 0.134939
v -0.238154 0.325648 0.127223
v -0.216914 0.232547 -0.059454
v -0.217753 0.238084 -0.063400
v -0.247903 0.239213 -0.045946
v -0.081380 0.148606 -0.077027
v -0.201726 0.259977 0.113398
v -0.203637 0.295462 0.074561
v -0.091737 0.174932 -0.108270
v -0.169938 0.293223 0.141369
v -0.029183 0.179173 -0.055539
v -0.020477 0.198185 -0.085008
v -0.156275 0.311034 0.104200
v -0.042901 0.190912 -0.087523
v -0.161519 0.323545 0.091436
v -0.201644 0.287540 0.097087
v -0.066990 0.180598 -0.097478
v -0.080619 0.136546 -0.070801
v -0.206997 0.269651 0.120438
v -0.174439 0.293445 0.114318
v -0.021550 0.155069 -0.052060
v -0.160042 0.285281 0.134613
v -0.217572 0.278029 0.102265
v -0.209815 0.287325 0.093178
v -0.192073 0.320466 0.113255
v -0.063983 0.144821 -0.076105
v -0.023663 0.160183 -0.058142
v -0.046435 0.200194 -0.095578
v -0.073434 0.159384 -0.092836
v -0.087297 0.183473 -0.086624
v -0.203970 0.300836 0.097979
v -0.210510 0.280969 0.078149
v -0.092600 0.163160 -0.104735
v -0.053356 0.203660 -0.087121
v -0.188868 0.313478 0.098909
v -0.164948 0.309591 0.111397
v -0.031645 0.198940 -0.077105
v -0.062195 0.150635 -0.075666
v -0.196811 0.255568 0.106742
v -0.195530 0.258991 0.118562
v -0.059010 0.134440 -0.068593
v -0.030992 0.155556 -0.047040
v -0.156458 0.283566 0.118182
v -0.148498 0.285169 0.130745
v -0.027482 0.177087 -0.061047
v -0.193620 0.275978 0.104197
v -0.222474 0.297120 0.103762
v -0.224296 0.280604 0.087499
v -0.202280 0.270435 0.125649
v -0.156782 0.301066 0.133219
v -0.162602 0.323751 0.114501
v -0.179317 0.311463 0.098971
v -0.155485 0.292000 0.112405
v -0.065803 0.142606 -0.064588
v -0.069423 0.167807 -0.088041
v -0.083771 0.162437 -0.102211
v -0.066579 0.147086 -0.059450
v -0.012908 0.164135 -0.076298
v -0.031469 0.192157 -0.099148
v -0.020641 0.196793 -0.064716
v -0.018465 0.169669 -0.047773
v -0.163701 0.314823 0.106897
v -0.203128 0.302979 0.100816
v -0.201197 0.291708 0.096040
v -0.183817 0.315841 0.089830
v -0.177670 0.298015 0.131804
v -0.220851 0.263802 0.123477
v -0.187621 0.263580 0.130271
v -0.156001 0.276686 0.126886
v -0.028970 0.194723 -0.085452
v -0.065993 0.176353 -0.106476
v -0.065267 0.182169 -0.107618
v -0.033204 0.206304 -0.085037
v -0.023649 0.159227 -0.060202
v -0.054172 0.148255 -0.078168
v -0.077479 0.143959 -0.057958
v -0.034502 0.156964 -0.054760
v -0.033501 0.181503 -0.066050
v -0.041967 0.171669 -0.047457
v -0.014332 0.157405 -0.063044
v -0.069463 0.138709 -0.074361
v -0.068487 0.136705 -0.073155
v -0.077195 0.150102 -0.075164
v -0.040059 0.192985 -0.072614
v -0.031813 0.204078 -0.081969
v -0.049639 0.195328 -0.070731
v -0.075879 0.166825 -0.094131
v -0.066555 0.179217 -0.095754
v -0.081804 0.173516 -0.082227
v -0.146448 0.294463 0.115517
v -0.159205 0.290175 0.143130
v -0.183735 0.286986 0.123188
v -0.196764 0.262565 0.125141
v -0.194002 0.265874 0.125149
v -0.221421 0.275048 0.120287
v -0.178453 0.323507 0.095568
v -0.162310 0.327912 0.088869
v -0.181255 0.311824 0.116139
v -0.224538 0.292692 0.076437
v -0.200597 0.296788 0.094705
v -0.229408 0.299378 0.095525
v -0.886325 0.227001 -0.042214
v -0.705158 0.215712 0.011662
v -0.690129 0.256686 -0.023496
v -0.881879 0.265074 -0.092176
v -0.687889 0.174499 -0.034553
v -0.853753 0.146738 -0.099796
v -0.848888 0.171434 -0.153241
v -0.675990 0.196163 -0.063602
v -0.841716 0.179798 -0.154917
v -0.678226 0.197261 -0.061261
v -0.697162 0.249097 -0.032256
v -0.872822 0.255192 -0.093911
v -0.883165 0.218928 -0.048629
v -0.695658 0.218625 0.008568
v -0.691978 0.165547 -0.021638
v -0.868710 0.134220 -0.101802
v -0.682223 0.171353 -0.035581
v -0.698047 0.213286 0.004087
v -0.691080 0.241830 -0.028342
v -0.667568 0.196910 -0.057005
v -0.884683 0.204049 -0.050267
v -0.861164 0.157105 -0.104985
v -0.855714 0.192408 -0.151235
v -0.882643 0.260357 -0.098944
v -0.874327 0.263860 -0.103154
v -0.680760 0.250838 -0.026766
v -0.684146 0.251273 -0.022339
v -0.882508 0.263749 -0.089028
v -0.847688 0.185580 -0.150981
v -0.665641 0.206270 -0.064813
v -0.673509 0.199696 -0.060296
v -0.839378 0.172069 -0.154463
v -0.893832 0.221164 -0.049971
v -0.700127 0.223218 0.022082
v -0.705097 0.220221 0.001847
v -0.888027 0.215313 -0.052921
v -0.857829 0.151556 -0.101011
v -0.683587 0.168552 -0.025360
v -0.686883 0.178298 -0.034659
v -0.856610 0.146554 -0.104808
v -0.700929 0.222088 0.017056
v -0.689171 0.253045 -0.023049
v -0.686101 0.264753 -0.017216
v -0.711754 0.211774 0.008447
v -0.671320 0.169859 -0.026028
v -0.659065 0.207451 -0.058941
v -0.660266 0.196246 -0.064555
v -0.682805 0.165490 -0.024503
v -0.892203 0.215528 -0.043242
v -0.882848 0.248863 -0.095359
v -0.871253 0.258469 -0.086223
v -0.890240 0.219568 -0.059609
v -0.870042 0.146777 -0.105154
v -0.851053 0.194538 -0.153790
v -0.831609 0.185845 -0.154106
v -0.850935 0.149505 -0.103258
v -0.672430 0.209260 -0.057830
v -0.684295 0.253726 -0.013971
v -0.696270 0.253946 -0.015190
v -0.672704 0.207464 -0.058566
v -0.673318 0.162651 -0.025598
v -0.694128 0.217184 0.016705
v -0.700595 0.213736 0.008736
v -0.688697 0.166200 -0.020308
v -0.853215 0.193254 -0.150198
v -0.867351 0.243801 -0.097598
v -0.866635 0.261503 -0.104296
v -0.852049 0.185001 -0.151123
v -0.873227 0.156826 -0.110109
v -0.886789 0.215827 -0.044785
v -0.875198 0.207893 -0.052162
v -0.861833 0.132944 -0.099743
v -0.852629 0.141969 -0.098693
v -0.855714 0.146781 -0.099693
v -0.872462 0.149263 -0.104899
v -0.879639 0.219638 -0.053225
v -0.889029 0.207551 -0.043988
v -0.881333 0.207101 -0.057105
v -0.831745 0.183644 -0.154366
v -0.838435 0.182088 -0.148512
v -0.851639 0.179542 -0.158603
v -0.874338 0.255044 -0.102419
v -0.869525 0.260384 -0.107612
v -0.875839 0.260244 -0.101583
v -0.687860 0.171412 -0.019947
v -0.684124 0.167115 -0.029275
v -0.681159 0.178372 -0.016145
v -0.708311 0.219974 0.012713
v -0.699173 0.223734 0.018329
v -0.698864 0.221543 0.014846
v -0.666883 0.200389 -0.063290
v -0.665396 0.203099 -0.072216
v -0.673260 0.201438 -0.054712
v -0.700202 0.251262 -0.028727
v -0.687542 0.248105 -0.026365
v -0.688362 0.245922 -0.014324
v 0.087811 0.320702 -0.314286
v -0.035666 0.410566 -0.399821
v -0.019425 0.456677 -0.398121
v 0.124386 0.377724 -0.285611
v -0.094230 0.437576 -0.332240
v 0.019603 0.337580 -0.203995
v 0.040846 0.403421 -0.203497
v -0.078422 0.467357 -0.330572
v 0.054688 0.403865 -0.200821
v -0.070371 0.470658 -0.326399
v -0.009418 0.455150 -0.383728
v 0.114008 0.374267 -0.282964
v 0.085925 0.326581 -0.291550
v -0.041232 0.413465 -0.400140
v -0.089048 0.418202 -0.332455
v 0.011402 0.341611 -0.217278
v -0.087797 0.428090 -0.343143
v -0.043125 0.418150 -0.404579
v -0.027278 0.462771 -0.387521
v -0.070329 0.471173 -0.324073
v 0.082338 0.321081 -0.299385
v 0.015534 0.339991 -0.201340
v 0.047094 0.398034 -0.195803
v 0.127414 0.370712 -0.280448
v 0.111356 0.385843 -0.291117
v -0.004844 0.456245 -0.387993
v -0.008548 0.445799 -0.400154
v 0.114364 0.368633 -0.285932
v 0.049240 0.395766 -0.196120
v -0.070451 0.467671 -0.332993
v -0.079164 0.479624 -0.323799
v 0.045785 0.391626 -0.204042
v 0.084034 0.318509 -0.298108
v -0.040993 0.413046 -0.388485
v -0.041487 0.416667 -0.394957
v 0.106160 0.324235 -0.300866
v 0.016592 0.340923 -0.201650
v -0.090192 0.422395 -0.334162
v -0.081154 0.435308 -0.335864
v 0.020138 0.344982 -0.196095
v -0.042171 0.426809 -0.392018
v -0.027472 0.457791 -0.400865
v -0.013501 0.455356 -0.391783
v -0.027073 0.412276 -0.397456
v -0.086023 0.441189 -0.338296
v -0.065422 0.473025 -0.331517
v -0.064096 0.475130 -0.332901
v -0.095417 0.434442 -0.335007
v 0.089582 0.325557 -0.293125
v 0.127058 0.368503 -0.284257
v 0.119545 0.372636 -0.296154
v 0.083495 0.322299 -0.301095
v 0.023368 0.341209 -0.206823
v 0.047631 0.388982 -0.192817
v 0.037519 0.400135 -0.188822
v 0.027255 0.344505 -0.204143
v -0.074292 0.472341 -0.336227
v -0.020458 0.453682 -0.388712
v -0.010867 0.458807 -0.392612
v -0.066706 0.479318 -0.335628
v -0.089186 0.440819 -0.329449
v -0.050435 0.423369 -0.399680
v -0.030226 0.417032 -0.403797
v -0.085000 0.432878 -0.331047
v 0.055039 0.396370 -0.197434
v 0.122244 0.371985 -0.290716
v 0.126809 0.383354 -0.283646
v 0.051683 0.397754 -0.190843
v 0.026458 0.333430 -0.208037
v 0.097347 0.328976 -0.303217
v 0.094128 0.322330 -0.290647
v 0.025585 0.340475 -0.214053
v 0.020285 0.340533 -0.206144
v 0.012623 0.341168 -0.207352
v 0.012351 0.342454 -0.204942
v 0.090580 0.326974 -0.301151
v 0.088352 0.314776 -0.298044
v 0.104685 0.321601 -0.296631
v 0.047718 0.384730 -0.200892
v 0.045443 0.399470 -0.194950
v 0.051319 0.390929 -0.201040
v 0.118278 0.372808 -0.281067
v 0.109913 0.391095 -0.283562
v 0.130644 0.372618 -0.282281
v -0.086056 0.436283 -0.329249
v -0.076948 0.425172 -0.334363
v -0.093589 0.433872 -0.345690
v -0.035617 0.423903 -0.401260
v -0.039562 0.423071 -0.406465
v -0.050450 0.421842 -0.399272
v -0.066618 0.472471 -0.334303
v -0.070081 0.463570 -0.318587
v -0.068865 0.472883 -0.321925
v -0.023231 0.454647 -0.400216
v -0.023519 0.469109 -0.390404
v -0.020077 0.461827 -0.392635
v 0.107959 0.386284 0.176414
v 0.115756 0.383148 0.069607
v 0.100659 0.446487 0.061065
v 0.091372 0.462815 0.174890
v 0.043931 0.373534 0.061396
v 0.018059 0.359695 0.165503
v -0.009605 0.434434 0.146948
v 0.027544 0.426557 0.060988
v 0.000171 0.446182 0.153631
v 0.027384 0.442927 0.061433
v 0.103283 0.460938 0.067149
v 0.077863 0.466922 0.178594
v 0.108179 0.377179 0.182457
v 0.113351 0.384828 0.068845
v 0.049320 0.376764 0.066297
v 0.013347 0.359077 0.161891
v 0.050038 0.373569 0.050951
v 0.112114 0.390610 0.073337
v 0.095346 0.451435 0.053384
v 0.036999 0.430492 0.042820
v 0.097379 0.371776 0.180596
v 0.019472 0.363535 0.165049
v -0.002634 0.451108 0.171411
v 0.078246 0.457164 0.177378
v 0.078567 0.470047 0.164834
v 0.089968 0.457348 0.077360
v 0.090060 0.451842 0.072048
v 0.086058 0.466607 0.168621
v -0.001298 0.452989 0.161963
v 0.038218 0.437040 0.065180
v 0.033054 0.428414 0.064834
v -0.007507 0.443187 0.161855
v 0.112865 0.369997 0.178345
v 0.109419 0.375618 0.069360
v 0.122185 0.385786 0.082124
v 0.107650 0.373591 0.173720
v 0.017719 0.355705 0.161029
v 0.047503 0.375565 0.068108
v 0.039622 0.367988 0.056989
v 0.013709 0.356168 0.157427
v 0.104238 0.385713 0.060664
v 0.101240 0.441895 0.070466
v 0.106212 0.448092 0.074331
v 0.124809 0.384009 0.075970
v 0.056283 0.371615 0.057647
v 0.043368 0.437812 0.049486
v 0.021257 0.432312 0.055436
v 0.040934 0.376334 0.048225
v 0.106005 0.381878 0.185302
v 0.086982 0.466095 0.184267
v 0.098155 0.471304 0.171301
v 0.116351 0.385282 0.178868
v 0.028412 0.355777 0.162300
v 0.000288 0.436863 0.160833
v -0.012723 0.438197 0.164556
v 0.007993 0.365724 0.169849
v 0.032192 0.427884 0.050545
v 0.094709 0.448166 0.065453
v 0.091932 0.447806 0.063119
v 0.040802 0.438310 0.053517
v 0.051917 0.371996 0.046893
v 0.106154 0.384776 0.059433
v 0.113833 0.389075 0.078268
v 0.043168 0.362598 0.050741
v -0.008408 0.449891 0.166597
v 0.089386 0.473133 0.181653
v 0.084829 0.463784 0.179475
v 0.006246 0.448451 0.162103
v 0.009289 0.361588 0.165377
v 0.094875 0.372714 0.181742
v 0.096104 0.375774 0.169368
v 0.013928 0.348077 0.155967
v 0.005888 0.358315 0.154066
v 0.014700 0.359629 0.159567
v 0.023081 0.364772 0.174005
v 0.111675 0.375500 0.176713
v 0.102708 0.382232 0.179233
v 0.099575 0.378485 0.180959
v -0.006624 0.436445 0.152598
v 0.000687 0.448859 0.150300
v -0.002079 0.441611 0.163734
v 0.100108 0.464632 0.171971
v 0.079590 0.469317 0.171571
v 0.087632 0.461378 0.189509
v 0.042680 0.370776 0.066167
v 0.045886 0.362047 0.057127
v 0.051969 0.367967 0.047323
v 0.107217 0.393901 0.069170
v 0.108373 0.376828 0.071705
v 0.107503 0.381629 0.064574
v 0.034750 0.437804 0.051274
v 0.034758 0.437891 0.052952
v 0.034886 0.426240 0.047830
v 0.098088 0.445805 0.073367
v 0.102215 0.452652 0.060348
v 0.093622 0.453278 0.051875
v -0.511286 0.043730 -0.673707
v -0.674030 0.149520 -0.672954
v -0.656460 0.180643 -0.699881
v -0.485489 0.082418 -0.706470
v -0.643973 0.265384 -0.536619
v -0.469391 0.186634 -0.476716
v -0.444973 0.224861 -0.514660
v -0.631239 0.286896 -0.570962
v -0.446604 0.231718 -0.525675
v -0.626866 0.294091 -0.565222
v -0.656358 0.200986 -0.699181
v -0.481677 0.096718 -0.697546
v -0.502832 0.040860 -0.649299
v -0.675062 0.147425 -0.667049
v -0.643128 0.254938 -0.535109
v -0.463094 0.175852 -0.472964
v -0.653341 0.257106 -0.541986
v -0.674767 0.163347 -0.674732
v -0.669759 0.191718 -0.688193
v -0.638108 0.285447 -0.553173
v -0.497210 0.051560 -0.665092
v -0.468703 0.183109 -0.487794
v -0.445671 0.220281 -0.516950
v -0.473169 0.084765 -0.695166
v -0.474689 0.093779 -0.686379
v -0.652939 0.196466 -0.702955
v -0.651745 0.190065 -0.696560
v -0.483136 0.090057 -0.694444
v -0.444737 0.227156 -0.527934
v -0.631295 0.288142 -0.571626
v -0.627947 0.288478 -0.565543
v -0.434442 0.221334 -0.513735
v -0.512883 0.042812 -0.658497
v -0.663506 0.158365 -0.665854
v -0.669350 0.155715 -0.667594
v -0.511502 0.040096 -0.670100
v -0.470958 0.164159 -0.480019
v -0.654710 0.254181 -0.537233
v -0.654077 0.256137 -0.529554
v -0.462473 0.180184 -0.486060
v -0.685020 0.165136 -0.671523
v -0.655903 0.183236 -0.687347
v -0.662993 0.186396 -0.698891
v -0.668753 0.148406 -0.668453
v -0.656042 0.257046 -0.549117
v -0.636825 0.286515 -0.564755
v -0.636301 0.291858 -0.549071
v -0.639084 0.261838 -0.535457
v -0.492395 0.049930 -0.655643
v -0.469656 0.079049 -0.698098
v -0.469403 0.087445 -0.703638
v -0.496929 0.052010 -0.664057
v -0.465009 0.178324 -0.490164
v -0.439151 0.206527 -0.514773
v -0.439498 0.226791 -0.511414
v -0.467365 0.191075 -0.477701
v -0.626412 0.285699 -0.558691
v -0.662089 0.194431 -0.680034
v -0.658214 0.195838 -0.705558
v -0.633381 0.284279 -0.565301
v -0.655366 0.259346 -0.548647
v -0.683242 0.167420 -0.667452
v -0.667542 0.158800 -0.670164
v -0.648989 0.252239 -0.530435
v -0.435711 0.209422 -0.513086
v -0.480697 0.099261 -0.691139
v -0.482228 0.088094 -0.698474
v -0.449416 0.228117 -0.510231
v -0.463621 0.179572 -0.486291
v -0.492066 0.053199 -0.661267
v -0.513690 0.052507 -0.662373
v -0.469723 0.174545 -0.479222
v -0.458465 0.180602 -0.483588
v -0.481010 0.178730 -0.474360
v -0.469433 0.174481 -0.484067
v -0.509086 0.040688 -0.664319
v -0.505045 0.039054 -0.661586
v -0.503594 0.062368 -0.661416
v -0.434196 0.229447 -0.510762
v -0.444012 0.228141 -0.518305
v -0.443395 0.228974 -0.518107
v -0.484454 0.083729 -0.707488
v -0.476094 0.105235 -0.697959
v -0.470840 0.079961 -0.697152
v -0.650725 0.261415 -0.528393
v -0.656759 0.255839 -0.535076
v -0.651909 0.265037 -0.534122
v -0.670997 0.149758 -0.673529
v -0.667665 0.161594 -0.655754
v -0.678200 0.163701 -0.669651
v -0.627915 0.287706 -0.551327
v -0.630899 0.288125 -0.574510
v -0.635621 0.286465 -0.575258
v -0.648795 0.179964 -0.693693
v -0.643358 0.200137 -0.691413
v -0.669748 0.195453 -0.682676
v -0.330856 0.106135 0.865638
v -0.175434 0.186965 0.803158
v -0.195430 0.214554 0.804014
v -0.341477 0.139378 0.867909
v -0.190516 0.172423 0.750887
v -0.342441 0.102887 0.792647
v -0.363842 0.123886 0.790634
v -0.207936 0.208170 0.753194
v -0.363661 0.129685 0.790723
v -0.205367 0.208705 0.748419
v -0.198232 0.220328 0.802193
v -0.352417 0.145286 0.861523
v -0.322479 0.098816 0.858505
v -0.183979 0.184989 0.796288
v -0.186058 0.169122 0.744426
v -0.342936 0.093263 0.790559
v -0.191081 0.182203 0.752462
v -0.177775 0.185445 0.810661
v -0.177506 0.211860 0.805495
v -0.190156 0.206998 0.739649
v -0.322719 0.104914 0.854595
v -0.342517 0.093602 0.802856
v -0.354908 0.132232 0.794294
v -0.340939 0.145847 0.867953
v -0.335962 0.150391 0.862457
v -0.193962 0.210060 0.796497
v -0.179699 0.216581 0.808411
v -0.343144 0.137201 0.868178
v -0.362187 0.133462 0.788660
v -0.199238 0.205985 0.760545
v -0.203615 0.196957 0.755741
v -0.363455 0.127249 0.783784
v -0.320450 0.100146 0.864483
v -0.181792 0.185165 0.793612
v -0.182525 0.192628 0.809694
v -0.331208 0.110543 0.861904
v -0.340625 0.090089 0.794619
v -0.190024 0.179837 0.758321
v -0.187129 0.175602 0.751563
v -0.334249 0.092992 0.780245
v -0.172016 0.198617 0.806682
v -0.181163 0.219348 0.799784
v -0.188872 0.213609 0.798711
v -0.169463 0.184214 0.801545
v -0.180316 0.184478 0.754132
v -0.187178 0.208817 0.755048
v -0.202551 0.204314 0.748238
v -0.189033 0.174229 0.747768
v -0.332320 0.110905 0.858917
v -0.352712 0.141850 0.864961
v -0.330653 0.145246 0.863938
v -0.315996 0.113875 0.862739
v -0.341639 0.099958 0.796230
v -0.367712 0.130961 0.795014
v -0.366259 0.135622 0.776593
v -0.336786 0.091200 0.776523
v -0.193339 0.214546 0.750838
v -0.182803 0.219533 0.797594
v -0.195917 0.219814 0.808035
v -0.196368 0.209686 0.747591
v -0.185393 0.176774 0.751394
v -0.177402 0.185664 0.810515
v -0.170807 0.186568 0.795767
v -0.183712 0.184260 0.751734
v -0.357061 0.127371 0.790868
v -0.343744 0.132152 0.855218
v -0.341619 0.144259 0.866948
v -0.366089 0.143059 0.782059
v -0.349655 0.099188 0.802831
v -0.328455 0.096113 0.867448
v -0.317572 0.111534 0.858011
v -0.341214 0.093050 0.794122
v -0.341780 0.104551 0.784031
v -0.346724 0.092051 0.788535
v -0.341959 0.088204 0.784635
v -0.319321 0.108110 0.871405
v -0.328060 0.100875 0.853579
v -0.330209 0.109300 0.859558
v -0.367183 0.121940 0.784161
v -0.372622 0.137156 0.789413
v -0.361020 0.130835 0.786406
v -0.346240 0.145341 0.861104
v -0.347364 0.152564 0.856567
v -0.340555 0.134458 0.864125
v -0.193331 0.187185 0.757252
v -0.180395 0.176752 0.760832
v -0.189446 0.176463 0.755068
v -0.184495 0.185981 0.810308
v -0.168295 0.179219 0.797504
v -0.173055 0.185256 0.791870
v -0.212281 0.208707 0.743462
v -0.207473 0.203405 0.763001
v -0.199684 0.213466 0.750316
v -0.183666 0.215581 0.811086
v -0.195958 0.220568 0.800867
v -0.185304 0.212350 0.794429
v -0.104958 0.084430 -0.139351
v -0.231870 0.133389 -0.180183
v -0.219891 0.188878 -0.143051
v -0.095894 0.155393 -0.090055
v -0.310056 0.087659 -0.099658
v -0.209868 0.007505 -0.021517
v -0.222281 0.083222 0.034268
v -0.298875 0.153345 -0.068194
v -0.210405 0.085761 0.028284
v -0.285985 0.151633 -0.064043
v -0.229284 0.190857 -0.137781
v -0.095893 0.150934 -0.072642
v -0.109398 0.079813 -0.137303
v -0.226780 0.140697 -0.189413
v -0.305134 0.086888 -0.111033
v -0.218441 0.005138 -0.032068
v -0.303495 0.095834 -0.118032
v -0.226723 0.130397 -0.178097
v -0.225371 0.181181 -0.140989
v -0.303295 0.143457 -0.073000
v -0.103645 0.063565 -0.125879
v -0.207979 0.011216 -0.033331
v -0.207763 0.083924 0.035305
v -0.092879 0.151559 -0.074400
v -0.111580 0.147932 -0.072645
v -0.223089 0.191901 -0.130120
v -0.208179 0.194224 -0.147388
v -0.091299 0.157019 -0.081807
v -0.203565 0.089131 0.031743
v -0.299647 0.148692 -0.073908
v -0.312566 0.139837 -0.070615
v -0.206781 0.082121 0.029165
v -0.108703 0.074125 -0.136009
v -0.230673 0.134468 -0.180972
v -0.221801 0.125686 -0.176911
v -0.106306 0.078960 -0.136179
v -0.225523 0.000000 -0.034542
v -0.292838 0.082998 -0.111708
v -0.310669 0.096266 -0.108685
v -0.222218 0.006307 -0.033992
v -0.230207 0.136285 -0.185632
v -0.237728 0.187160 -0.149633
v -0.208952 0.186816 -0.149594
v -0.225027 0.133784 -0.181158
v -0.299723 0.099061 -0.108693
v -0.303435 0.143255 -0.078667
v -0.308631 0.145851 -0.062361
v -0.307694 0.080760 -0.101489
v -0.098235 0.069560 -0.128544
v -0.103352 0.153420 -0.071532
v -0.095455 0.151536 -0.069975
v -0.109050 0.067933 -0.135356
v -0.213539 0.007656 -0.013350
v -0.211389 0.078491 0.031356
v -0.208006 0.072982 0.031894
v -0.223368 0.013608 -0.028794
v -0.293058 0.152809 -0.069583
v -0.227940 0.190540 -0.132089
v -0.221590 0.198384 -0.139822
v -0.302993 0.151697 -0.074156
v -0.313221 0.096427 -0.120684
v -0.231158 0.135866 -0.167963
v -0.229253 0.134798 -0.184660
v -0.303800 0.074307 -0.105712
v -0.195781 0.084390 0.034229
v -0.096826 0.152282 -0.078334
v -0.096129 0.153299 -0.067563
v -0.207074 0.090173 0.018328
v -0.208007 0.000280 -0.025289
v -0.097599 0.069845 -0.133171
v -0.104328 0.062004 -0.130717
v -0.212601 0.001094 -0.023066
v -0.222814 0.010133 -0.026767
v -0.219634 0.001620 -0.025622
v -0.209832 0.008671 -0.026261
v -0.098531 0.070308 -0.125477
v -0.119046 0.068099 -0.130220
v -0.098746 0.064175 -0.126864
v -0.219939 0.085179 0.033716
v -0.208151 0.103042 0.024695
v -0.200802 0.078834 0.041359
v -0.107747 0.144102 -0.080005
v -0.106618 0.148226 -0.068736
v -0.102510 0.150727 -0.072885
v -0.314441 0.083251 -0.101785
v -0.305665 0.091045 -0.107285
v -0.305893 0.096758 -0.109267
v -0.216513 0.142028 -0.186515
v -0.233209 0.129747 -0.181476
v -0.234476 0.140039 -0.195137
v -0.299185 0.145312 -0.061346
v -0.308893 0.148778 -0.063604
v -0.303843 0.157091 -0.081476
v -0.211519 0.191007 -0.138842
v -0.226735 0.196131 -0.147048
v -0.225168 0.181152 -0.143733
v 0.412724 0.050915 -0.572174
v 0.496235 0.050871 -0.644842
v 0.506782 0.130938 -0.645031
v 0.430363 0.167776 -0.589695
v 0.441221 0.058785 -0.755689
v 0.349309 0.051279 -0.742744
v 0.342339 0.151905 -0.744461
v 0.440992 0.131408 -0.761471
v 0.360869 0.160481 -0.731507
v 0.453189 0.129974 -0.752861
v 0.500821 0.137509 -0.663731
v 0.422376 0.166795 -0.593143
v 0.413048 0.047027 -0.571759
v 0.489132 0.054446 -0.643969
v 0.434109 0.043031 -0.751939
v 0.349996 0.036093 -0.720097
v 0.458448 0.050107 -0.755983
v 0.508183 0.062854 -0.648989
v 0.509553 0.142049 -0.653879
v 0.466919 0.132888 -0.764643
v 0.410580 0.066333 -0.573446
v 0.335974 0.045673 -0.724824
v 0.350188 0.153004 -0.728344
v 0.420219 0.172973 -0.588849
v 0.426637 0.170238 -0.604483
v 0.498881 0.139720 -0.658448
v 0.511168 0.139874 -0.652703
v 0.430512 0.159721 -0.597179
v 0.355257 0.154343 -0.728910
v 0.448121 0.138832 -0.749921
v 0.447506 0.134760 -0.763591
v 0.349407 0.155005 -0.745087
v 0.414660 0.056502 -0.584259
v 0.501885 0.051724 -0.642037
v 0.503590 0.061823 -0.644089
v 0.426790 0.059058 -0.571783
v 0.352426 0.044794 -0.722617
v 0.441454 0.041371 -0.755501
v 0.439636 0.059168 -0.751788
v 0.341610 0.047644 -0.724872
v 0.510506 0.055914 -0.650929
v 0.508396 0.138268 -0.653894
v 0.512419 0.129204 -0.654697
v 0.495525 0.059120 -0.646583
v 0.454265 0.057255 -0.749770
v 0.465458 0.121672 -0.761709
v 0.446775 0.137262 -0.753221
v 0.444212 0.047747 -0.765330
v 0.410944 0.056471 -0.571023
v 0.415206 0.165813 -0.587766
v 0.417376 0.169555 -0.595578
v 0.424272 0.063986 -0.571683
v 0.340238 0.040344 -0.715153
v 0.357410 0.160030 -0.735945
v 0.350888 0.147408 -0.752424
v 0.351453 0.049666 -0.729152
v 0.462300 0.125850 -0.768321
v 0.513462 0.137661 -0.665896
v 0.495713 0.140265 -0.659009
v 0.459969 0.139903 -0.758857
v 0.455101 0.047795 -0.762363
v 0.514355 0.052629 -0.647945
v 0.505500 0.051383 -0.644763
v 0.457181 0.040608 -0.745699
v 0.353775 0.156464 -0.747428
v 0.414803 0.167765 -0.590735
v 0.427562 0.175615 -0.606836
v 0.346879 0.153723 -0.743841
v 0.337846 0.047965 -0.716184
v 0.405089 0.061226 -0.576206
v 0.419835 0.053807 -0.574269
v 0.343662 0.036309 -0.731920
v 0.339880 0.040236 -0.727516
v 0.347227 0.043048 -0.733640
v 0.341645 0.042521 -0.720166
v 0.424628 0.062876 -0.576706
v 0.411496 0.048958 -0.586568
v 0.417554 0.052544 -0.588655
v 0.349981 0.155781 -0.749075
v 0.361350 0.159668 -0.734869
v 0.357612 0.160714 -0.736864
v 0.433894 0.158832 -0.596219
v 0.436062 0.175906 -0.595036
v 0.428119 0.164987 -0.590542
v 0.447049 0.055196 -0.764745
v 0.446562 0.037749 -0.757671
v 0.453423 0.052411 -0.756031
v 0.504175 0.065263 -0.639401
v 0.498798 0.053300 -0.652824
v 0.500751 0.062918 -0.643632
v 0.446541 0.138363 -0.760458
v 0.441315 0.137155 -0.761879
v 0.452435 0.130154 -0.751406
v 0.507063 0.132241 -0.662106
v 0.496980 0.139659 -0.653552
v 0.506040 0.136417 -0.659709
v 0.160154 0.276472 0.333882
v 0.004289 0.300268 0.548753
v -0.006504 0.342744 0.530036
v 0.147177 0.319741 0.321039
v 0.049559 0.341318 0.583302
v 0.217745 0.322139 0.400024
v 0.201655 0.368105 0.367645
v 0.035229 0.360192 0.556190
v 0.205398 0.375218 0.365649
v 0.036851 0.370412 0.562171
v -0.013637 0.342158 0.522688
v 0.143767 0.337738 0.316837
v 0.171365 0.276958 0.358220
v 0.013824 0.305118 0.545463
v 0.056374 0.324103 0.581164
v 0.232222 0.316089 0.389346
v 0.032439 0.327396 0.585794
v 0.011824 0.301348 0.547082
v -0.006045 0.334352 0.537935
v 0.018416 0.358625 0.573446
v 0.183946 0.275178 0.347264
v 0.228057 0.313729 0.385746
v 0.208891 0.363764 0.358168
v 0.157941 0.324847 0.318485
v 0.142892 0.334319 0.329304
v -0.013363 0.337322 0.535499
v -0.008217 0.334215 0.535104
v 0.130888 0.322609 0.327076
v 0.189007 0.375769 0.364734
v 0.027578 0.377470 0.567024
v 0.023996 0.362722 0.565705
v 0.204138 0.382317 0.379441
v 0.180081 0.272501 0.351173
v 0.009827 0.300365 0.555832
v -0.002154 0.294016 0.547083
v 0.164866 0.275881 0.352057
v 0.225874 0.321749 0.396504
v 0.035305 0.318835 0.580703
v 0.048100 0.342609 0.584776
v 0.232493 0.320670 0.399593
v -0.007736 0.299130 0.549531
v -0.008727 0.342919 0.531655
v -0.010212 0.334828 0.521540
v 0.010886 0.298487 0.554594
v 0.030516 0.332705 0.580622
v 0.027363 0.363042 0.568250
v 0.029256 0.361567 0.560082
v 0.037919 0.327795 0.576479
v 0.183409 0.279631 0.340527
v 0.148994 0.330379 0.314097
v 0.146552 0.333935 0.324688
v 0.168110 0.275457 0.354994
v 0.237206 0.319957 0.386497
v 0.206319 0.371979 0.356509
v 0.214630 0.372192 0.378549
v 0.227807 0.323319 0.388138
v 0.025068 0.364127 0.577854
v -0.008084 0.334012 0.529003
v -0.015516 0.341655 0.537873
v 0.025994 0.371828 0.564931
v 0.045769 0.330515 0.586724
v 0.006799 0.304029 0.552437
v 0.009293 0.300695 0.540709
v 0.038643 0.328295 0.581131
v 0.203626 0.374106 0.372644
v 0.140350 0.327100 0.324854
v 0.142984 0.331084 0.321148
v 0.191595 0.371022 0.374961
v 0.223807 0.316330 0.393943
v 0.170110 0.283548 0.349570
v 0.164234 0.268612 0.350697
v 0.226306 0.306211 0.395164
v 0.227952 0.325968 0.399477
v 0.230458 0.316025 0.397024
v 0.226976 0.319233 0.386568
v 0.172064 0.274299 0.350100
v 0.165413 0.273559 0.351373
v 0.163212 0.284052 0.346651
v 0.201586 0.369179 0.380272
v 0.200716 0.369579 0.377555
v 0.203138 0.359732 0.358771
v 0.137266 0.321978 0.325681
v 0.149038 0.329498 0.328110
v 0.149679 0.320975 0.321295
v 0.045512 0.325691 0.572389
v 0.050299 0.326305 0.589823
v 0.034112 0.325275 0.576391
v 0.005496 0.291954 0.538986
v 0.010393 0.302812 0.556283
v -0.000765 0.303683 0.548634
v 0.032553 0.365205 0.562496
v 0.033684 0.369400 0.555600
v 0.023675 0.361119 0.577039
v -0.013593 0.340923 0.524832
v -0.011413 0.334829 0.529479
v -0.009019 0.327571 0.530306
v -0.234237 0.154431 0.786630
v -0.150544 0.084631 0.636931
v -0.141159 0.131405 0.620519
v -0.210306 0.212647 0.749817
v -0.193283 0.088618 0.606963
v -0.302955 0.156319 0.734507
v -0.283282 0.223237 0.714996
v -0.191953 0.138870 0.591304
v -0.264584 0.225609 0.719455
v -0.189525 0.139479 0.589908
v -0.148767 0.128491 0.623105
v -0.221791 0.216667 0.754183
v -0.241728 0.141655 0.776311
v -0.171234 0.085273 0.643693
v -0.200637 0.085315 0.621511
v -0.296029 0.143785 0.748984
v -0.190338 0.085050 0.601394
v -0.156852 0.092629 0.640397
v -0.140667 0.130208 0.613435
v -0.182781 0.127137 0.589195
v -0.240119 0.154761 0.779571
v -0.292179 0.155931 0.753622
v -0.271356 0.215772 0.734777
v -0.212637 0.206372 0.771142
v -0.207214 0.211061 0.763725
v -0.142328 0.130608 0.630757
v -0.141763 0.134433 0.622386
v -0.214837 0.218047 0.767382
v -0.277950 0.221408 0.719482
v -0.179811 0.141573 0.596688
v -0.189086 0.128061 0.601546
v -0.285391 0.223401 0.719953
v -0.230020 0.143871 0.777226
v -0.170929 0.085399 0.643383
v -0.158494 0.086975 0.630488
v -0.229859 0.147883 0.790040
v -0.295947 0.157695 0.744434
v -0.200471 0.088123 0.613610
v -0.195831 0.089286 0.602503
v -0.302185 0.160393 0.733233
v -0.155407 0.076264 0.629623
v -0.148184 0.129835 0.623390
v -0.142068 0.122533 0.618208
v -0.157565 0.092879 0.644038
v -0.198681 0.080302 0.607465
v -0.190046 0.132649 0.585423
v -0.191866 0.131960 0.594332
v -0.195841 0.077592 0.611041
v -0.243749 0.151807 0.797099
v -0.210712 0.212730 0.770788
v -0.223445 0.211433 0.767226
v -0.225257 0.145503 0.787820
v -0.298468 0.154519 0.756094
v -0.285439 0.220302 0.731086
v -0.289144 0.218550 0.724904
v -0.297048 0.155405 0.749926
v -0.192719 0.132224 0.592221
v -0.144488 0.114064 0.612930
v -0.147002 0.129454 0.607475
v -0.195785 0.130872 0.597200
v -0.198623 0.079953 0.602715
v -0.160264 0.080393 0.636902
v -0.159989 0.079246 0.643904
v -0.204368 0.082358 0.620346
v -0.273538 0.225012 0.730617
v -0.214785 0.211672 0.776580
v -0.202795 0.212050 0.759372
v -0.269873 0.231264 0.725919
v -0.299838 0.166859 0.751327
v -0.248377 0.149796 0.791174
v -0.239481 0.143328 0.791296
v -0.293231 0.151572 0.751596
v -0.296132 0.157657 0.744216
v -0.288761 0.144472 0.741926
v -0.293662 0.150410 0.750045
v -0.237056 0.158552 0.784480
v -0.237557 0.148904 0.788728
v -0.237788 0.148421 0.786309
v -0.284489 0.224513 0.714106
v -0.259689 0.220191 0.717324
v -0.269951 0.216021 0.734102
v -0.211859 0.208242 0.772169
v -0.209800 0.222395 0.758396
v -0.220187 0.213849 0.775769
v -0.199900 0.082213 0.609566
v -0.203752 0.087781 0.610246
v -0.202339 0.079496 0.602249
v -0.145167 0.079000 0.641229
v -0.162503 0.085548 0.642986
v -0.159081 0.079479 0.626956
v -0.193616 0.136216 0.588720
v -0.184084 0.139922 0.603181
v -0.181060 0.135643 0.597708
v -0.134313 0.129770 0.629805
v -0.146452 0.130158 0.610320
v -0.155226 0.125460 0.622741
v 0.611960 0.142964 -0.347131
v 0.459191 0.267289 -0.513804
v 0.493636 0.314589 -0.507624
v 0.637492 0.195089 -0.316281
v 0.387026 0.278885 -0.463613
v 0.486966 0.162652 -0.241414
v 0.518413 0.218227 -0.240101
v 0.412206 0.329480 -0.441574
v 0.518407 0.222566 -0.225557
v 0.398836 0.334168 -0.443708
v 0.481099 0.325524 -0.513041
v 0.617586 0.213704 -0.317034
v 0.605073 0.136181 -0.336817
v 0.460455 0.259079 -0.513589
v 0.374820 0.278274 -0.471689
v 0.489069 0.151871 -0.256307
v 0.376119 0.289214 -0.470116
v 0.458572 0.276632 -0.512096
v 0.486154 0.315112 -0.509491
v 0.404514 0.338201 -0.460409
v 0.609787 0.145788 -0.339717
v 0.498803 0.159776 -0.251671
v 0.520100 0.218342 -0.219935
v 0.626968 0.192335 -0.305402
v 0.625864 0.204804 -0.324675
v 0.477582 0.313077 -0.512928
v 0.485195 0.319867 -0.506611
v 0.627808 0.199393 -0.322230
v 0.517481 0.224447 -0.232530
v 0.413922 0.328194 -0.444872
v 0.407415 0.330299 -0.452468
v 0.515304 0.221619 -0.233657
v 0.594170 0.139522 -0.332318
v 0.459078 0.260959 -0.534607
v 0.470965 0.265705 -0.528084
v 0.602966 0.142326 -0.342191
v 0.498550 0.158910 -0.256479
v 0.373646 0.287918 -0.465017
v 0.387305 0.292293 -0.467712
v 0.497645 0.166343 -0.256493
v 0.446173 0.270922 -0.525134
v 0.485969 0.315759 -0.504777
v 0.478640 0.310182 -0.499992
v 0.467666 0.265146 -0.523855
v 0.385031 0.288388 -0.472375
v 0.408762 0.319705 -0.456812
v 0.399182 0.332308 -0.451630
v 0.371417 0.286901 -0.456389
v 0.607595 0.130584 -0.329539
v 0.629473 0.194701 -0.310243
v 0.632082 0.204621 -0.316112
v 0.598546 0.137381 -0.348823
v 0.505280 0.155452 -0.252357
v 0.531877 0.224848 -0.236267
v 0.518922 0.230499 -0.241618
v 0.483890 0.154455 -0.248688
v 0.398153 0.331829 -0.458026
v 0.468029 0.321827 -0.514120
v 0.485840 0.318202 -0.511369
v 0.402448 0.338974 -0.448192
v 0.388988 0.280431 -0.465294
v 0.463791 0.269704 -0.517388
v 0.458484 0.264808 -0.509186
v 0.379976 0.283404 -0.471773
v 0.527998 0.209603 -0.231706
v 0.629470 0.195890 -0.313280
v 0.625433 0.217953 -0.317127
v 0.526038 0.231404 -0.221140
v 0.505870 0.152157 -0.251478
v 0.604614 0.135138 -0.332376
v 0.597843 0.133800 -0.340179
v 0.504499 0.154048 -0.254750
v 0.481922 0.165197 -0.249317
v 0.500634 0.149451 -0.258214
v 0.503955 0.151609 -0.248878
v 0.606571 0.136011 -0.342730
v 0.595273 0.132009 -0.350388
v 0.599612 0.138015 -0.326723
v 0.514829 0.223734 -0.220400
v 0.528738 0.232853 -0.241325
v 0.526540 0.214802 -0.230726
v 0.625605 0.201447 -0.316789
v 0.624426 0.206739 -0.307171
v 0.631349 0.195166 -0.320617
v 0.375602 0.274095 -0.450918
v 0.379986 0.282160 -0.470225
v 0.385105 0.282961 -0.477181
v 0.455068 0.268379 -0.520445
v 0.461713 0.270137 -0.514944
v 0.454442 0.277822 -0.517484
v 0.394964 0.323850 -0.439973
v 0.398329 0.330739 -0.447890
v 0.387422 0.329100 -0.456366
v 0.492041 0.318644 -0.512895
v 0.473623 0.328108 -0.506965
v 0.471162 0.315019 -0.512072
v -0.075012 0.073044 -0.052448
v 0.078816 0.116734 0.128833
v 0.044751 0.157615 0.163144
v -0.137269 0.117419 -0.019145
v 0.126779 0.197722 0.070928
v -0.009179 0.199124 -0.133318
v -0.061156 0.249533 -0.084045
v 0.084195 0.237118 0.100489
v -0.057014 0.245464 -0.088825
v 0.081650 0.237754 0.105401
v 0.038021 0.171227 0.147540
v -0.130938 0.132311 -0.017901
v -0.076709 0.070652 -0.066506
v 0.081734 0.114693 0.122716
v 0.132894 0.190620 0.075912
v -0.003629 0.187730 -0.133911
v 0.134345 0.202880 0.074678
v 0.081103 0.119847 0.135104
v 0.045570 0.166518 0.166984
v 0.094769 0.234110 0.117521
v -0.085168 0.066661 -0.067340
v -0.016037 0.186898 -0.129250
v -0.059398 0.245086 -0.098871
v -0.129663 0.143860 -0.021573
v -0.135401 0.140823 -0.022879
v 0.033827 0.158975 0.151457
v 0.034598 0.152080 0.154989
v -0.140606 0.122909 -0.026289
v -0.064158 0.253432 -0.088953
v 0.082106 0.248078 0.103058
v 0.094588 0.234449 0.107367
v -0.061510 0.243753 -0.089719
v -0.081246 0.064023 -0.064875
v 0.080436 0.128291 0.121011
v 0.084452 0.118389 0.129626
v -0.079637 0.072775 -0.063484
v -0.009223 0.177135 -0.134367
v 0.134339 0.198194 0.074581
v 0.142770 0.201950 0.079025
v -0.010079 0.201708 -0.137043
v 0.083261 0.125150 0.126197
v 0.041456 0.158574 0.162567
v 0.042443 0.168069 0.152073
v 0.072348 0.117416 0.129765
v 0.133369 0.200529 0.077532
v 0.101844 0.246386 0.113277
v 0.092053 0.239883 0.105945
v 0.124208 0.200791 0.079712
v -0.088920 0.071448 -0.066899
v -0.145479 0.132513 -0.030025
v -0.139321 0.124241 -0.011554
v -0.088547 0.074095 -0.061350
v -0.009055 0.185104 -0.139062
v -0.068716 0.238496 -0.088763
v -0.063077 0.246643 -0.093110
v -0.018242 0.190719 -0.128008
v 0.089781 0.232583 0.106084
v 0.050363 0.168947 0.154561
v 0.046025 0.170676 0.151455
v 0.079417 0.246597 0.103548
v 0.131903 0.211831 0.084244
v 0.085522 0.129585 0.140224
v 0.087380 0.116995 0.118715
v 0.125421 0.190813 0.076096
v -0.073784 0.244445 -0.093784
v -0.138636 0.130801 -0.020977
v -0.132053 0.138594 -0.021926
v -0.054735 0.245861 -0.087701
v -0.007842 0.189022 -0.142383
v -0.083765 0.071557 -0.062971
v -0.071189 0.078364 -0.066793
v 0.003660 0.187587 -0.128511
v -0.017568 0.190336 -0.135536
v -0.011312 0.170799 -0.133817
v -0.019625 0.186070 -0.131179
v -0.089882 0.074113 -0.061134
v -0.072145 0.076756 -0.069291
v -0.081198 0.077618 -0.073111
v -0.055215 0.241494 -0.094081
v -0.074553 0.239656 -0.094364
v -0.060895 0.238879 -0.092680
v -0.130666 0.138720 -0.015192
v -0.129757 0.127207 -0.015171
v -0.146612 0.130458 -0.029244
v 0.129279 0.206140 0.086397
v 0.137147 0.208823 0.076915
v 0.140689 0.199551 0.080632
v 0.077605 0.115347 0.124088
v 0.092237 0.123380 0.131979
v 0.089554 0.129772 0.130009
v 0.101431 0.255341 0.108772
v 0.083890 0.238678 0.103393
v 0.097975 0.249044 0.105989
v 0.041290 0.154703 0.166561
v 0.037769 0.175121 0.150546
v 0.045625 0.158854 0.165023
v 0.370867 0.115027 -0.473587
v 0.447454 0.184961 -0.488292
v 0.427308 0.226978 -0.533918
v 0.323353 0.193556 -0.548048
v 0.550761 0.122459 -0.633626
v 0.504355 0.035661 -0.672356
v 0.460221 0.105929 -0.735406
v 0.519318 0.180895 -0.667475
v 0.454502 0.116914 -0.729614
v 0.516273 0.183153 -0.681274
v 0.416508 0.228595 -0.539560
v 0.329834 0.185556 -0.557895
v 0.392787 0.112971 -0.482933
v 0.455176 0.169481 -0.491936
v 0.533828 0.117260 -0.620025
v 0.502768 0.040223 -0.657458
v 0.542611 0.134642 -0.618414
v 0.458153 0.174723 -0.502370
v 0.421982 0.235708 -0.539804
v 0.507607 0.177326 -0.663743
v 0.368372 0.122233 -0.482055
v 0.495854 0.031737 -0.661140
v 0.450633 0.119460 -0.721195
v 0.319785 0.190251 -0.546466
v 0.339306 0.193291 -0.546964
v 0.416922 0.229567 -0.539828
v 0.426318 0.234667 -0.537087
v 0.336347 0.194538 -0.541729
v 0.454019 0.117095 -0.725864
v 0.513441 0.183554 -0.679183
v 0.516662 0.179270 -0.664980
v 0.457769 0.114127 -0.725144
v 0.383447 0.119460 -0.481896
v 0.457462 0.167440 -0.484219
v 0.452580 0.179535 -0.487840
v 0.380508 0.110695 -0.482305
v 0.512819 0.040750 -0.651327
v 0.543253 0.113996 -0.631275
v 0.538369 0.117347 -0.622758
v 0.500537 0.041420 -0.674478
v 0.457261 0.182545 -0.491986
v 0.421202 0.237528 -0.538444
v 0.415281 0.231137 -0.532750
v 0.449731 0.174144 -0.492463
v 0.553870 0.133212 -0.618506
v 0.519862 0.185457 -0.664847
v 0.522870 0.177968 -0.668076
v 0.537215 0.118001 -0.625354
v 0.369032 0.118839 -0.481871
v 0.322465 0.184372 -0.554530
v 0.335966 0.200810 -0.544867
v 0.375086 0.111881 -0.484734
v 0.495717 0.028187 -0.665059
v 0.458880 0.115122 -0.720178
v 0.463955 0.116739 -0.728460
v 0.505080 0.047358 -0.658370
v 0.519352 0.183853 -0.670818
v 0.422392 0.228776 -0.545456
v 0.419211 0.225503 -0.549204
v 0.511850 0.176383 -0.676591
v 0.550688 0.123081 -0.628512
v 0.457542 0.167453 -0.494623
v 0.459010 0.170649 -0.496668
v 0.538711 0.125180 -0.619993
v 0.451685 0.118327 -0.723704
v 0.329183 0.189217 -0.558047
v 0.331841 0.199829 -0.556927
v 0.454712 0.127236 -0.724050
v 0.498502 0.041786 -0.655872
v 0.372005 0.109286 -0.484936
v 0.377803 0.101193 -0.479029
v 0.504455 0.042889 -0.651246
v 0.509064 0.043617 -0.678253
v 0.500640 0.035736 -0.656642
v 0.495389 0.040632 -0.657993
v 0.377453 0.110014 -0.482340
v 0.377538 0.106853 -0.491272
v 0.375557 0.119412 -0.490185
v 0.459760 0.123947 -0.730045
v 0.457905 0.114082 -0.729260
v 0.456902 0.112367 -0.719330
v 0.314313 0.193958 -0.540218
v 0.320983 0.188849 -0.546643
v 0.330064 0.189547 -0.554988
v 0.553911 0.121208 -0.616764
v 0.546765 0.116466 -0.623486
v 0.545030 0.137592 -0.619519
v 0.453029 0.182825 -0.483615
v 0.463811 0.165545 -0.493224
v 0.463720 0.170856 -0.496701
v 0.510536 0.173305 -0.676719
v 0.520233 0.182675 -0.671720
v 0.518148 0.176598 -0.655743
v 0.420884 0.228603 -0.528044
v 0.418822 0.231289 -0.550882
v 0.419673 0.231313 -0.540073
v -0.041242 0.254161 -0.065526
v 0.027184 0.253638 0.072019
v 0.039735 0.262737 0.060978
v -0.014291 0.276493 -0.075643
v 0.055230 0.199880 0.044457
v 0.003413 0.195006 -0.089557
v 0.036035 0.230556 -0.112256
v 0.085553 0.217249 0.041175
v 0.031314 0.239517 -0.109640
v 0.081390 0.227317 0.038502
v 0.048753 0.270479 0.052614
v -0.027406 0.286169 -0.084990
v -0.047144 0.252282 -0.076604
v 0.018707 0.249664 0.056706
v 0.068149 0.200815 0.045873
v 0.003474 0.186480 -0.089678
v 0.062749 0.213229 0.049851
v 0.035276 0.238565 0.076644
v 0.040038 0.258130 0.064460
v 0.082914 0.230840 0.048708
v -0.049033 0.255970 -0.068889
v -0.005070 0.193478 -0.107563
v 0.019641 0.233515 -0.106991
v -0.012574 0.273643 -0.084259
v -0.012157 0.271459 -0.075698
v 0.046512 0.260813 0.066308
v 0.049966 0.263428 0.056184
v -0.030518 0.278179 -0.083038
v 0.034728 0.230349 -0.099135
v 0.087429 0.220471 0.045551
v 0.083540 0.231728 0.038686
v 0.038269 0.230572 -0.104551
v -0.057300 0.243285 -0.074948
v 0.020565 0.249521 0.063402
v 0.026310 0.236314 0.066380
v -0.042386 0.252883 -0.071025
v -0.003135 0.196335 -0.085816
v 0.056938 0.213509 0.047162
v 0.072226 0.199372 0.049821
v -0.001129 0.192929 -0.101309
v 0.037893 0.240122 0.072362
v 0.047581 0.251569 0.062325
v 0.038131 0.264861 0.069089
v 0.026558 0.242762 0.060169
v 0.061868 0.196731 0.046036
v 0.080151 0.222393 0.045741
v 0.076919 0.222319 0.031384
v 0.061549 0.205806 0.037333
v -0.050737 0.261543 -0.083892
v -0.020706 0.273374 -0.098965
v -0.022886 0.290739 -0.083415
v -0.057962 0.256872 -0.067203
v -0.011184 0.201366 -0.102560
v 0.026150 0.231980 -0.099372
v 0.034028 0.224235 -0.108813
v 0.004963 0.196532 -0.102541
v 0.077783 0.236017 0.040842
v 0.052589 0.249960 0.064495
v 0.044020 0.265543 0.051785
v 0.079307 0.235288 0.045787
v 0.065800 0.216380 0.061032
v 0.020740 0.246235 0.063539
v 0.028737 0.228894 0.065494
v 0.064213 0.203819 0.050216
v 0.027097 0.234155 -0.119347
v -0.019121 0.268094 -0.082063
v -0.017543 0.272744 -0.087480
v 0.028330 0.224152 -0.112200
v 0.011381 0.198296 -0.103899
v -0.034445 0.249045 -0.076827
v -0.049261 0.251396 -0.065376
v -0.004437 0.205567 -0.096982
v 0.009204 0.203827 -0.089776
v -0.000649 0.185867 -0.099172
v 0.008796 0.198118 -0.095540
v -0.047333 0.247018 -0.071356
v -0.047731 0.246434 -0.071623
v -0.049320 0.255918 -0.069389
v 0.026748 0.236690 -0.112973
v 0.028279 0.226045 -0.114750
v 0.019328 0.233624 -0.107757
v -0.029668 0.279583 -0.072126
v -0.013438 0.284051 -0.084648
v -0.025364 0.273880 -0.087642
v 0.054231 0.202960 0.049173
v 0.059356 0.199640 0.048408
v 0.067563 0.211237 0.058644
v 0.027339 0.247170 0.054065
v 0.023447 0.228234 0.060328
v 0.036465 0.239115 0.070502
v 0.079839 0.229536 0.040793
v 0.083133 0.227661 0.030210
v 0.090104 0.224310 0.051580
v 0.033891 0.264259 0.056014
v 0.049584 0.274347 0.058232
v 0.045535 0.255225 0.071523
v 0.804879 0.071908 -0.046695
v 0.847913 0.129371 0.057683
v 0.807160 0.141651 0.061476
v 0.744432 0.106669 -0.033657
v 0.863611 0.190374 0.022144
v 0.827024 0.146803 -0.092855
v 0.769386 0.180528 -0.085064
v 0.823233 0.208955 0.025136
v 0.758759 0.177622 -0.070326
v 0.802808 0.198400 0.032615
v 0.803979 0.146604 0.069948
v 0.738043 0.110867 -0.036343
v 0.819103 0.077493 -0.050522
v 0.860155 0.132992 0.056752
v 0.854740 0.178406 0.020942
v 0.836418 0.159238 -0.090918
v 0.866930 0.182284 0.025920
v 0.844779 0.131960 0.058985
v 0.804506 0.157581 0.062035
v 0.819456 0.214728 0.045244
v 0.801100 0.077818 -0.067523
v 0.826451 0.163158 -0.091709
v 0.770432 0.173249 -0.081308
v 0.744260 0.115849 -0.037359
v 0.745643 0.107129 -0.042584
v 0.802260 0.155793 0.069939
v 0.793509 0.139759 0.060088
v 0.744522 0.104910 -0.030251
v 0.759452 0.173136 -0.076340
v 0.818655 0.204098 0.034699
v 0.823149 0.203534 0.035031
v 0.776270 0.182575 -0.069277
v 0.813276 0.085325 -0.048471
v 0.848754 0.143574 0.056184
v 0.836122 0.124232 0.052480
v 0.812234 0.080238 -0.049656
v 0.837799 0.146579 -0.099508
v 0.866856 0.183626 0.016999
v 0.864837 0.195715 0.019522
v 0.830229 0.162138 -0.084177
v 0.848127 0.145053 0.059542
v 0.800477 0.155607 0.077789
v 0.802574 0.153757 0.061101
v 0.852056 0.130680 0.048997
v 0.868118 0.191504 0.029620
v 0.815260 0.201182 0.041233
v 0.828207 0.213292 0.035981
v 0.859871 0.195784 0.030160
v 0.810179 0.076708 -0.049923
v 0.742566 0.111126 -0.041181
v 0.745680 0.098650 -0.037103
v 0.815602 0.079683 -0.051160
v 0.830843 0.153837 -0.097591
v 0.765934 0.188363 -0.076356
v 0.765556 0.179879 -0.083721
v 0.826721 0.154484 -0.097087
v 0.817306 0.201391 0.048839
v 0.810660 0.152491 0.054488
v 0.796938 0.156247 0.060741
v 0.814292 0.209215 0.042456
v 0.868293 0.196386 0.028647
v 0.849703 0.136649 0.056363
v 0.855849 0.128602 0.057852
v 0.860678 0.180746 0.032282
v 0.764878 0.170247 -0.069449
v 0.744143 0.098023 -0.036869
v 0.731859 0.103595 -0.042221
v 0.758822 0.186253 -0.083952
v 0.824351 0.157627 -0.093452
v 0.799112 0.077071 -0.066179
v 0.811686 0.073294 -0.051667
v 0.838001 0.150679 -0.102756
v 0.832005 0.150054 -0.089479
v 0.835082 0.158839 -0.085283
v 0.821384 0.148387 -0.094115
v 0.806713 0.085476 -0.044578
v 0.804702 0.073371 -0.057613
v 0.807685 0.085301 -0.062240
v 0.779018 0.181571 -0.071698
v 0.767590 0.187213 -0.067662
v 0.774604 0.184383 -0.079630
v 0.745833 0.103633 -0.038265
v 0.750271 0.107314 -0.037183
v 0.747071 0.103904 -0.036262
v 0.868105 0.195464 0.023145
v 0.877153 0.189086 0.026369
v 0.855704 0.182957 0.036857
v 0.846004 0.133381 0.049014
v 0.852153 0.127753 0.045510
v 0.847071 0.145187 0.059965
v 0.820160 0.207099 0.025516
v 0.807317 0.207299 0.031814
v 0.815383 0.214607 0.033574
v 0.809045 0.156613 0.062562
v 0.797765 0.163960 0.062933
v 0.803397 0.157705 0.061138
v 0.420656 0.239785 -0.414952
v 0.481065 0.269470 -0.192571
v 0.472456 0.334341 -0.193799
v 0.410113 0.335397 -0.414377
v 0.552425 0.276067 -0.204361
v 0.497325 0.253988 -0.433496
v 0.484643 0.347993 -0.421846
v 0.538540 0.342164 -0.202906
v 0.485824 0.350403 -0.427722
v 0.536717 0.347237 -0.196775
v 0.475072 0.339726 -0.193622
v 0.415966 0.351068 -0.409018
v 0.422876 0.240480 -0.414439
v 0.492058 0.268284 -0.179380
v 0.549527 0.268995 -0.193138
v 0.495470 0.247097 -0.431307
v 0.539146 0.275790 -0.195946
v 0.486386 0.273218 -0.172717
v 0.481644 0.332064 -0.190696
v 0.532613 0.341185 -0.192164
v 0.431085 0.246165 -0.412638
v 0.499564 0.259801 -0.427418
v 0.479517 0.350836 -0.432301
v 0.416933 0.337650 -0.414705
v 0.422853 0.349531 -0.401240
v 0.488940 0.333880 -0.193884
v 0.476978 0.329221 -0.182420
v 0.420950 0.331245 -0.400680
v 0.478494 0.352368 -0.433191
v 0.538940 0.343411 -0.195753
v 0.529668 0.342350 -0.194791
v 0.492022 0.346219 -0.435889
v 0.435806 0.242919 -0.414985
v 0.489482 0.274694 -0.177720
v 0.488449 0.268528 -0.185814
v 0.431935 0.243475 -0.407379
v 0.504388 0.260353 -0.421509
v 0.542563 0.277771 -0.209822
v 0.545187 0.281483 -0.201269
v 0.505414 0.258173 -0.434987
v 0.490216 0.278410 -0.181503
v 0.477715 0.340488 -0.186952
v 0.479414 0.330082 -0.178722
v 0.491430 0.276269 -0.180250
v 0.548381 0.281617 -0.190849
v 0.533263 0.350436 -0.199607
v 0.535348 0.340463 -0.192303
v 0.551743 0.276756 -0.210207
v 0.423802 0.243582 -0.410998
v 0.420290 0.337589 -0.410085
v 0.411116 0.344542 -0.414561
v 0.414082 0.249441 -0.410653
v 0.494691 0.263371 -0.439161
v 0.482945 0.352627 -0.437034
v 0.496182 0.353066 -0.428043
v 0.503104 0.266201 -0.416470
v 0.527043 0.340726 -0.203242
v 0.486902 0.333238 -0.182468
v 0.477391 0.345965 -0.184655
v 0.528615 0.353842 -0.206636
v 0.532940 0.270782 -0.196906
v 0.491981 0.270579 -0.186620
v 0.481009 0.266164 -0.193919
v 0.543690 0.270409 -0.202442
v 0.485435 0.353708 -0.434320
v 0.415497 0.330429 -0.417331
v 0.410643 0.345580 -0.409463
v 0.473724 0.349166 -0.429863
v 0.494489 0.249704 -0.427434
v 0.427475 0.243319 -0.414203
v 0.437866 0.237361 -0.412956
v 0.491020 0.248358 -0.431905
v 0.495972 0.259773 -0.423469
v 0.508645 0.250115 -0.420815
v 0.491200 0.263528 -0.431939
v 0.423779 0.248851 -0.411777
v 0.432705 0.249063 -0.409341
v 0.435142 0.246558 -0.422453
v 0.481282 0.347795 -0.418915
v 0.488431 0.356264 -0.418790
v 0.483162 0.344820 -0.433794
v 0.417365 0.333828 -0.414254
v 0.421681 0.353017 -0.399584
v 0.410774 0.340371 -0.408555
v 0.535693 0.271662 -0.197274
v 0.538237 0.274534 -0.208611
v 0.533066 0.285761 -0.183343
v 0.486942 0.262984 -0.195962
v 0.488758 0.273895 -0.187100
v 0.494090 0.265820 -0.175246
v 0.533525 0.348004 -0.203017
v 0.518698 0.352523 -0.207673
v 0.532554 0.342950 -0.185301
v 0.470184 0.339381 -0.176380
v 0.480786 0.332468 -0.188921
v 0.478950 0.335262 -0.186702
v 0.839196 0.167173 0.199075
v 0.729431 0.100829 0.124891
v 0.702413 0.126558 0.128630
v 0.813825 0.208796 0.205841
v 0.680943 0.021486 0.207426
v 0.772976 0.053597 0.320934
v 0.726028 0.088650 0.345239
v 0.663507 0.058647 0.227666
v 0.743000 0.102070 0.336042
v 0.650448 0.059005 0.222878
v 0.700359 0.135002 0.125597
v 0.798415 0.200469 0.217226
v 0.844008 0.149444 0.200521
v 0.736528 0.095164 0.117401
v 0.675589 0.030773 0.202857
v 0.766185 0.037938 0.317556
v 0.672760 0.018765 0.205909
v 0.727614 0.101682 0.120554
v 0.696166 0.129637 0.125821
v 0.652236 0.053782 0.230354
v 0.834793 0.156402 0.199626
v 0.781457 0.057860 0.321109
v 0.737242 0.100219 0.333107
v 0.803578 0.202921 0.204579
v 0.804151 0.202324 0.217295
v 0.702674 0.128242 0.131474
v 0.708464 0.126923 0.131122
v 0.811657 0.197725 0.213072
v 0.731016 0.094313 0.342712
v 0.659702 0.063928 0.223441
v 0.650602 0.057320 0.225421
v 0.734972 0.102036 0.344465
v 0.836972 0.141561 0.194691
v 0.728220 0.086342 0.121526
v 0.728277 0.106616 0.124941
v 0.837265 0.163731 0.199176
v 0.764666 0.054409 0.321508
v 0.680037 0.017407 0.217887
v 0.673519 0.018729 0.215988
v 0.762685 0.055091 0.337887
v 0.726357 0.098791 0.111898
v 0.704360 0.124526 0.126006
v 0.711265 0.142202 0.130541
v 0.727192 0.103294 0.112021
v 0.665850 0.023491 0.208778
v 0.652303 0.057156 0.216762
v 0.653766 0.053408 0.224836
v 0.673779 0.028891 0.207118
v 0.842352 0.148763 0.204488
v 0.802196 0.201906 0.210227
v 0.805644 0.206188 0.218046
v 0.844208 0.166418 0.193578
v 0.781071 0.063336 0.326968
v 0.737122 0.105275 0.344118
v 0.736947 0.090639 0.333220
v 0.765129 0.056902 0.321850
v 0.646406 0.056993 0.209827
v 0.701894 0.124876 0.132388
v 0.705301 0.135914 0.127382
v 0.643193 0.053085 0.223047
v 0.673532 0.024588 0.206210
v 0.720662 0.103447 0.121949
v 0.736511 0.090149 0.131266
v 0.678200 0.014151 0.212169
v 0.738650 0.105005 0.346837
v 0.805836 0.202259 0.222097
v 0.801038 0.193490 0.216578
v 0.722514 0.100999 0.334286
v 0.772932 0.057563 0.326589
v 0.853732 0.161640 0.199407
v 0.850554 0.152721 0.200201
v 0.772961 0.046947 0.313003
v 0.759499 0.051972 0.328145
v 0.780559 0.046717 0.326265
v 0.776022 0.053659 0.317141
v 0.841381 0.162469 0.205027
v 0.849712 0.158073 0.196653
v 0.844671 0.158288 0.209776
v 0.727871 0.098086 0.346009
v 0.730338 0.095878 0.339778
v 0.735020 0.101454 0.346253
v 0.798531 0.205682 0.209718
v 0.788765 0.198895 0.214018
v 0.818896 0.206553 0.215323
v 0.671281 0.020679 0.213985
v 0.674928 0.028049 0.215970
v 0.678101 0.030937 0.201302
v 0.721165 0.102510 0.118926
v 0.733732 0.091762 0.120512
v 0.719048 0.091692 0.123008
v 0.651576 0.056982 0.217929
v 0.658284 0.061162 0.217751
v 0.652015 0.054966 0.205155
v 0.709691 0.133057 0.119848
v 0.693673 0.134465 0.135933
v 0.695276 0.128158 0.123873
v -0.018016 0.357715 -0.130267
v 0.078433 0.357574 0.063618
v 0.077888 0.392316 0.050988
v -0.004996 0.403082 -0.129816
v 0.136932 0.352558 0.021703
v 0.053648 0.337687 -0.159855
v 0.060183 0.380798 -0.165053
v 0.131642 0.378877 0.022668
v 0.055274 0.398312 -0.165401
v 0.141921 0.388848 0.027418
v 0.087698 0.396572 0.050216
v -0.002722 0.402691 -0.135118
v -0.014750 0.344043 -0.133414
v 0.086004 0.359529 0.057190
v 0.127245 0.354819 0.034516
v 0.049433 0.330667 -0.168949
v 0.119788 0.356806 0.038050
v 0.088726 0.365748 0.055576
v 0.102009 0.398666 0.053836
v 0.143297 0.392321 0.040706
v -0.021359 0.357197 -0.131355
v 0.044482 0.343685 -0.167535
v 0.047591 0.385141 -0.177091
v -0.015568 0.401431 -0.149028
v -0.003229 0.409204 -0.139297
v 0.088667 0.407767 0.045548
v 0.082718 0.400112 0.049573
v -0.009442 0.397234 -0.137980
v 0.060890 0.392877 -0.164283
v 0.136793 0.381430 0.025444
v 0.137882 0.393904 0.039307
v 0.060685 0.377587 -0.171870
v -0.019284 0.349932 -0.136534
v 0.090773 0.355289 0.053224
v 0.076475 0.370962 0.051145
v -0.007796 0.351893 -0.128139
v 0.050425 0.340196 -0.163019
v 0.131273 0.343471 0.035979
v 0.136482 0.344959 0.033655
v 0.055777 0.343154 -0.158125
v 0.092936 0.357981 0.060707
v 0.089355 0.391935 0.048898
v 0.097105 0.387904 0.057197
v 0.085449 0.366162 0.051086
v 0.131153 0.349289 0.048774
v 0.124044 0.385174 0.034300
v 0.145450 0.387442 0.031583
v 0.138798 0.344868 0.028110
v -0.008706 0.357135 -0.140068
v -0.012388 0.393332 -0.136249
v -0.007589 0.391737 -0.129994
v -0.021640 0.350798 -0.131701
v 0.042783 0.345618 -0.175268
v 0.059687 0.379640 -0.163213
v 0.062102 0.386779 -0.173811
v 0.064184 0.339398 -0.161217
v 0.141205 0.387941 0.034001
v 0.100914 0.395138 0.056780
v 0.088317 0.393732 0.045907
v 0.135295 0.387290 0.038481
v 0.131805 0.348017 0.037659
v 0.094316 0.364126 0.054802
v 0.075470 0.354243 0.060155
v 0.125864 0.345992 0.043755
v 0.063086 0.389184 -0.174749
v 0.003115 0.395141 -0.142506
v -0.003254 0.404602 -0.134681
v 0.058580 0.398292 -0.162271
v 0.047296 0.344757 -0.165256
v -0.011114 0.359547 -0.134614
v -0.022117 0.340659 -0.138404
v 0.055608 0.329137 -0.154670
v 0.058960 0.332129 -0.170056
v 0.056199 0.334371 -0.153753
v 0.046410 0.330201 -0.173615
v -0.014632 0.355487 -0.134268
v -0.026662 0.350123 -0.136721
v -0.020342 0.357876 -0.139731
v 0.055434 0.375807 -0.172503
v 0.054815 0.393088 -0.171276
v 0.055087 0.383577 -0.179742
v -0.012992 0.391504 -0.138931
v -0.006701 0.404592 -0.141708
v -0.008329 0.389786 -0.148946
v 0.130074 0.351881 0.044283
v 0.128552 0.343890 0.040834
v 0.128905 0.360549 0.037223
v 0.072980 0.366771 0.063646
v 0.085069 0.365391 0.044702
v 0.091576 0.366316 0.058304
v 0.131049 0.382977 0.035466
v 0.129811 0.385023 0.025305
v 0.132870 0.383621 0.048139
v 0.073173 0.396761 0.047169
v 0.081320 0.404225 0.045091
v 0.100564 0.393947 0.056590
v 0.241733 0.080075 -0.664889
v 0.323408 0.079642 -0.806010
v 0.382856 0.126226 -0.782445
v 0.326777 0.150771 -0.647410
v 0.221616 0.181071 -0.887756
v 0.117298 0.240792 -0.788936
v 0.193116 0.315324 -0.780053
v 0.269200 0.244147 -0.880891
v 0.184175 0.314689 -0.774022
v 0.276578 0.251886 -0.879025
v 0.368041 0.142825 -0.782365
v 0.326622 0.167104 -0.637529
v 0.244773 0.071975 -0.678113
v 0.315435 0.074169 -0.803604
v 0.220175 0.181082 -0.891009
v 0.115088 0.234791 -0.790883
v 0.234833 0.185520 -0.893659
v 0.330303 0.076160 -0.810656
v 0.372436 0.138195 -0.786281
v 0.279881 0.243964 -0.877891
v 0.240586 0.080008 -0.661166
v 0.125581 0.230497 -0.795315
v 0.186154 0.305584 -0.772220
v 0.312515 0.166812 -0.645452
v 0.329695 0.158496 -0.642952
v 0.366927 0.131130 -0.780919
v 0.385652 0.127715 -0.784499
v 0.331477 0.161249 -0.643600
v 0.190865 0.311102 -0.784461
v 0.279521 0.237386 -0.880446
v 0.271633 0.235155 -0.876279
v 0.188777 0.307115 -0.782092
v 0.251730 0.081491 -0.662593
v 0.309693 0.072024 -0.809826
v 0.330226 0.071816 -0.799851
v 0.252041 0.089640 -0.665121
v 0.121431 0.225237 -0.781485
v 0.221156 0.178559 -0.903258
v 0.215370 0.184424 -0.894362
v 0.126459 0.230142 -0.799583
v 0.319424 0.076850 -0.809126
v 0.369028 0.127070 -0.798013
v 0.378275 0.119414 -0.788172
v 0.323127 0.064689 -0.794484
v 0.234993 0.178193 -0.896540
v 0.279481 0.232140 -0.885164
v 0.279080 0.239576 -0.890669
v 0.221228 0.184211 -0.896994
v 0.260227 0.079900 -0.662084
v 0.320456 0.157908 -0.643406
v 0.328532 0.163202 -0.632348
v 0.266058 0.077828 -0.661384
v 0.109970 0.233359 -0.788497
v 0.188936 0.321064 -0.763968
v 0.194989 0.310845 -0.770176
v 0.123845 0.236496 -0.789811
v 0.272150 0.238981 -0.883554
v 0.364695 0.139790 -0.790419
v 0.369175 0.134495 -0.801290
v 0.282213 0.233584 -0.885501
v 0.227501 0.182046 -0.904145
v 0.319032 0.080494 -0.807200
v 0.316068 0.075086 -0.809149
v 0.219755 0.174572 -0.895686
v 0.187795 0.303923 -0.774941
v 0.317588 0.172896 -0.645702
v 0.321239 0.173269 -0.650962
v 0.201659 0.306978 -0.778170
v 0.126408 0.236046 -0.797220
v 0.252675 0.072287 -0.665096
v 0.249171 0.067677 -0.673562
v 0.122342 0.214940 -0.791827
v 0.120287 0.235403 -0.788420
v 0.114178 0.230655 -0.800868
v 0.114901 0.239188 -0.786711
v 0.258453 0.083451 -0.667326
v 0.250594 0.073172 -0.672779
v 0.253347 0.077251 -0.665048
v 0.192202 0.302724 -0.783077
v 0.190404 0.315989 -0.768789
v 0.187329 0.312861 -0.779312
v 0.321408 0.155075 -0.645122
v 0.311875 0.171658 -0.643074
v 0.315056 0.172187 -0.639967
v 0.214708 0.182138 -0.896076
v 0.232528 0.175353 -0.901640
v 0.223722 0.179447 -0.903483
v 0.320609 0.063792 -0.796596
v 0.313221 0.070567 -0.817380
v 0.334207 0.073599 -0.809403
v 0.271790 0.245569 -0.885277
v 0.277264 0.243749 -0.874047
v 0.278258 0.233951 -0.879056
v 0.368996 0.132199 -0.796250
v 0.370361 0.135027 -0.782559
v 0.366326 0.137800 -0.798091
v 0.556139 0.308143 -0.446363
v 0.468603 0.252896 -0.658949
v 0.438514 0.282818 -0.674204
v 0.522399 0.348258 -0.432150
v 0.400458 0.190073 -0.635293
v 0.465229 0.251907 -0.387214
v 0.438867 0.284079 -0.387826
v 0.376268 0.225826 -0.639533
v 0.433882 0.294192 -0.392027
v 0.367759 0.237722 -0.622799
v 0.431960 0.269603 -0.654859
v 0.508311 0.347867 -0.440550
v 0.553033 0.309744 -0.445441
v 0.455563 0.243099 -0.655173
v 0.402994 0.199902 -0.630971
v 0.473086 0.238619 -0.392212
v 0.404317 0.198196 -0.647428
v 0.461126 0.246635 -0.669528
v 0.420223 0.268688 -0.670523
v 0.372995 0.237519 -0.630988
v 0.555826 0.312645 -0.436865
v 0.467676 0.251169 -0.379733
v 0.449669 0.290631 -0.400253
v 0.515658 0.357707 -0.436510
v 0.505274 0.357884 -0.434140
v 0.426420 0.272071 -0.656496
v 0.435556 0.279634 -0.672373
v 0.515605 0.352191 -0.445521
v 0.434684 0.297315 -0.391967
v 0.374350 0.226777 -0.628358
v 0.384808 0.230949 -0.624135
v 0.427154 0.288490 -0.395870
v 0.546161 0.297025 -0.438086
v 0.468298 0.238546 -0.661892
v 0.455400 0.248935 -0.667494
v 0.556378 0.316118 -0.444291
v 0.480314 0.249136 -0.397837
v 0.413533 0.195562 -0.622715
v 0.401276 0.196621 -0.628719
v 0.466987 0.239940 -0.383326
v 0.463404 0.247250 -0.664655
v 0.434864 0.280613 -0.662308
v 0.442460 0.284808 -0.661827
v 0.457159 0.238753 -0.653594
v 0.406643 0.201102 -0.640014
v 0.379419 0.238317 -0.634413
v 0.369788 0.231480 -0.635210
v 0.402636 0.194467 -0.627015
v 0.555688 0.303312 -0.434787
v 0.516031 0.350582 -0.435463
v 0.521565 0.352908 -0.446608
v 0.556421 0.316669 -0.439392
v 0.477663 0.255828 -0.393344
v 0.439926 0.295336 -0.400924
v 0.432827 0.287527 -0.402530
v 0.462804 0.238131 -0.398998
v 0.373976 0.230100 -0.638000
v 0.423825 0.271722 -0.664025
v 0.439395 0.278728 -0.667281
v 0.380704 0.245877 -0.631143
v 0.408611 0.198861 -0.638206
v 0.461741 0.237614 -0.663864
v 0.452627 0.235126 -0.659636
v 0.402237 0.193784 -0.633912
v 0.439167 0.284883 -0.388850
v 0.518201 0.360442 -0.437586
v 0.517001 0.362633 -0.433444
v 0.435323 0.300090 -0.398209
v 0.476843 0.243212 -0.401617
v 0.546549 0.303029 -0.428056
v 0.554732 0.302971 -0.440234
v 0.480383 0.250384 -0.401419
v 0.465067 0.241679 -0.386457
v 0.467482 0.243830 -0.401676
v 0.478296 0.261426 -0.393019
v 0.548806 0.312294 -0.449768
v 0.558606 0.298229 -0.437222
v 0.547069 0.303422 -0.434802
v 0.433334 0.295244 -0.406380
v 0.432708 0.303176 -0.408662
v 0.435522 0.286664 -0.394600
v 0.517278 0.355395 -0.441611
v 0.513114 0.345053 -0.433084
v 0.515432 0.353600 -0.441812
v 0.410584 0.198031 -0.625642
v 0.399778 0.198797 -0.622723
v 0.406666 0.199122 -0.647790
v 0.461188 0.237610 -0.657598
v 0.459516 0.240802 -0.666650
v 0.448167 0.238014 -0.673341
v 0.377934 0.238814 -0.635675
v 0.375682 0.237899 -0.641993
v 0.379365 0.227561 -0.634264
v 0.433425 0.272399 -0.660670
v 0.433068 0.279964 -0.668212
v 0.429939 0.273204 -0.667595
v 0.020053 0.087246 0.206114
v 0.169309 0.125143 0.186088
v 0.147066 0.188974 0.150682
v -0.012677 0.188237 0.169499
v 0.173361 0.094253 0.121154
v 0.034097 0.036414 0.112968
v 0.003792 0.142888 0.063743
v 0.155754 0.161569 0.081539
v 0.009188 0.138214 0.061092
v 0.156523 0.173332 0.076465
v 0.139538 0.199807 0.149437
v -0.006472 0.188107 0.155425
v 0.028283 0.083983 0.205896
v 0.167902 0.120805 0.195546
v 0.177938 0.092783 0.128414
v 0.019052 0.041801 0.117888
v 0.180443 0.105056 0.111778
v 0.174741 0.127720 0.183521
v 0.163341 0.193058 0.157619
v 0.155401 0.169678 0.096806
v 0.013302 0.079301 0.197390
v 0.018016 0.042840 0.120346
v 0.000057 0.135687 0.071752
v -0.001846 0.169861 0.160889
v -0.002546 0.185763 0.161090
v 0.146485 0.194888 0.146600
v 0.149291 0.199979 0.161332
v -0.008104 0.182929 0.175703
v -0.006933 0.136569 0.066221
v 0.144972 0.168273 0.086714
v 0.162533 0.163443 0.084851
v -0.005314 0.126973 0.059451
v 0.011470 0.077091 0.211673
v 0.172707 0.122202 0.183448
v 0.171938 0.138285 0.186979
v 0.010107 0.079964 0.216643
v 0.021874 0.041399 0.118333
v 0.179388 0.086799 0.116261
v 0.168243 0.103895 0.120576
v 0.019534 0.038073 0.116381
v 0.176179 0.128314 0.191753
v 0.156529 0.205064 0.158524
v 0.150273 0.198858 0.149901
v 0.160100 0.124723 0.181117
v 0.184750 0.112794 0.124201
v 0.169094 0.169783 0.081219
v 0.147433 0.164406 0.085163
v 0.175539 0.099310 0.104723
v 0.019682 0.078820 0.213468
v -0.004419 0.177571 0.169707
v -0.016484 0.183513 0.167705
v 0.008054 0.085966 0.209936
v 0.012095 0.039799 0.107805
v 0.002096 0.141752 0.066706
v 0.000937 0.138791 0.065206
v 0.017720 0.040773 0.105926
v 0.169536 0.170660 0.078026
v 0.156581 0.186509 0.147903
v 0.150218 0.198078 0.157419
v 0.144940 0.169324 0.076133
v 0.175564 0.096957 0.118874
v 0.164921 0.122815 0.185214
v 0.169333 0.124829 0.178822
v 0.168664 0.094593 0.124331
v 0.003490 0.136788 0.068258
v -0.007070 0.171155 0.161282
v -0.002521 0.181894 0.171054
v -0.009665 0.149821 0.071849
v 0.013332 0.037918 0.115978
v 0.004805 0.082135 0.202346
v 0.024301 0.076047 0.212445
v 0.026746 0.039906 0.122830
v 0.029960 0.046493 0.104117
v 0.029372 0.030538 0.109119
v 0.026564 0.053240 0.120214
v 0.012804 0.086758 0.210667
v 0.026341 0.080916 0.217617
v 0.018161 0.088358 0.206261
v 0.001579 0.137991 0.062729
v 0.002622 0.140743 0.072623
v -0.000941 0.132188 0.067802
v -0.001975 0.188000 0.176005
v -0.011157 0.178157 0.161688
v -0.007393 0.174738 0.163300
v 0.180696 0.095787 0.117004
v 0.178127 0.096461 0.111886
v 0.184666 0.098854 0.126746
v 0.164862 0.136364 0.191143
v 0.169694 0.131995 0.191687
v 0.161582 0.137443 0.187683
v 0.159170 0.156455 0.077676
v 0.147142 0.165683 0.084688
v 0.165120 0.163486 0.090580
v 0.153026 0.207157 0.158082
v 0.148276 0.205616 0.154570
v 0.157487 0.187268 0.147988
v -0.152837 0.064704 0.624393
v -0.007553 0.076656 0.692168
v -0.013392 0.115905 0.709205
v -0.164145 0.110961 0.666666
v 0.023174 0.125955 0.633466
v -0.129694 0.144491 0.552841
v -0.128619 0.185233 0.585626
v 0.012463 0.170909 0.652597
v -0.130426 0.189674 0.587736
v 0.015886 0.159932 0.666662
v -0.004625 0.120246 0.719812
v -0.176309 0.132027 0.664657
v -0.156411 0.071381 0.613337
v 0.003348 0.067308 0.683391
v 0.030375 0.124117 0.638250
v -0.136199 0.134163 0.550110
v 0.031766 0.130086 0.628204
v 0.002431 0.088935 0.680068
v -0.002984 0.112415 0.720526
v 0.026363 0.152832 0.672797
v -0.162549 0.063177 0.625864
v -0.130479 0.137663 0.540014
v -0.154867 0.187342 0.594474
v -0.183811 0.119311 0.659642
v -0.164629 0.130179 0.665287
v 0.002276 0.111872 0.716660
v -0.005992 0.108590 0.704715
v -0.178225 0.119706 0.666371
v -0.136194 0.183799 0.604094
v 0.008084 0.160979 0.664842
v 0.023353 0.167214 0.664023
v -0.131932 0.177519 0.594984
v -0.166872 0.067940 0.622353
v -0.004262 0.070749 0.678062
v 0.004241 0.067244 0.690711
v -0.157942 0.068925 0.623502
v -0.124568 0.133988 0.552242
v 0.034225 0.119514 0.626664
v 0.030977 0.133207 0.632750
v -0.123490 0.135696 0.552926
v 0.005343 0.081123 0.676173
v -0.000936 0.103933 0.710086
v -0.004785 0.104450 0.708652
v -0.000532 0.077518 0.692801
v 0.042066 0.126124 0.627889
v 0.023177 0.169111 0.661632
v 0.022879 0.160981 0.666494
v 0.035695 0.124456 0.626153
v -0.159019 0.068909 0.627306
v -0.180279 0.122886 0.650479
v -0.172884 0.107963 0.666879
v -0.168698 0.066137 0.628174
v -0.134375 0.141652 0.541778
v -0.145305 0.185757 0.596419
v -0.128844 0.190858 0.590438
v -0.128439 0.137476 0.554315
v 0.018595 0.152673 0.658966
v 0.005463 0.120773 0.711594
v -0.000982 0.124630 0.715605
v 0.005911 0.158360 0.667844
v 0.025858 0.122923 0.639210
v 0.006131 0.080728 0.689808
v 0.003213 0.077569 0.672953
v 0.033179 0.115000 0.633409
v -0.140073 0.177194 0.597657
v -0.177670 0.119186 0.655545
v -0.169855 0.129804 0.667717
v -0.138367 0.193695 0.601845
v -0.140980 0.134156 0.544455
v -0.177542 0.073939 0.626983
v -0.158811 0.068035 0.608401
v -0.121622 0.125235 0.557229
v -0.129117 0.136191 0.549706
v -0.127971 0.133313 0.552173
v -0.134375 0.144002 0.544044
v -0.168491 0.068407 0.625872
v -0.156502 0.057117 0.620755
v -0.162204 0.076409 0.614844
v -0.143129 0.186138 0.579668
v -0.154601 0.187578 0.601969
v -0.145246 0.189453 0.585275
v -0.170140 0.109734 0.675033
v -0.173321 0.128128 0.661547
v -0.183046 0.123657 0.665051
v 0.034499 0.137980 0.629645
v 0.025614 0.115295 0.623544
v 0.039264 0.124436 0.632029
v -0.003413 0.075126 0.677671
v -0.005599 0.076862 0.683538
v 0.012742 0.089430 0.683453
v 0.008440 0.159701 0.659928
v 0.013811 0.163308 0.650932
v 0.022445 0.151930 0.658891
v -0.008119 0.112676 0.719492
v 0.004377 0.118511 0.704610
v -0.006526 0.112829 0.707864
v 0.010403 0.185200 0.221397
v 0.086606 0.212250 0.165512
v 0.042788 0.265257 0.147655
v -0.020933 0.270727 0.212163
v 0.033651 0.171993 0.068648
v -0.047655 0.137292 0.087606
v -0.090701 0.215203 0.075476
v -0.002748 0.234446 0.049088
v -0.085286 0.217202 0.087341
v -0.011897 0.238764 0.054235
v 0.052399 0.283032 0.143868
v -0.019020 0.274613 0.209435
v 0.027263 0.171772 0.220014
v 0.079011 0.207236 0.155956
v 0.029047 0.180077 0.078892
v -0.040282 0.124436 0.090694
v 0.030079 0.169949 0.073232
v 0.075208 0.202056 0.149356
v 0.047077 0.269992 0.136696
v 0.009944 0.229296 0.050570
v 0.008084 0.181876 0.230984
v -0.044561 0.129326 0.112982
v -0.088869 0.213847 0.082182
v -0.024343 0.259203 0.214752
v -0.024787 0.260950 0.212837
v 0.051953 0.272123 0.150767
v 0.048005 0.263683 0.143261
v -0.019206 0.269555 0.213705
v -0.078516 0.228644 0.083250
v -0.001635 0.245437 0.054090
v 0.004325 0.236037 0.063968
v -0.085635 0.222025 0.086004
v 0.024555 0.184681 0.217110
v 0.065635 0.202208 0.159186
v 0.074054 0.210995 0.172415
v 0.015509 0.190613 0.228950
v -0.045374 0.126281 0.106056
v 0.033664 0.165471 0.064291
v 0.021990 0.174328 0.076478
v -0.041765 0.137514 0.087397
v 0.081673 0.206042 0.148002
v 0.047871 0.274006 0.146700
v 0.055056 0.266489 0.145603
v 0.080923 0.203258 0.151065
v 0.028234 0.173627 0.066159
v 0.010370 0.234360 0.065225
v 0.010203 0.233252 0.056468
v 0.034630 0.170304 0.059305
v 0.006147 0.185414 0.232352
v -0.026850 0.254773 0.216386
v -0.021159 0.256368 0.209301
v 0.024668 0.189983 0.217982
v -0.045959 0.125319 0.097127
v -0.078443 0.225431 0.088074
v -0.083604 0.217409 0.086674
v -0.058081 0.132409 0.090960
v 0.013129 0.229792 0.060797
v 0.045810 0.270344 0.144446
v 0.046431 0.267677 0.141389
v -0.011210 0.235997 0.055634
v 0.030133 0.178078 0.060599
v 0.083151 0.215906 0.158087
v 0.068740 0.208310 0.151746
v 0.034690 0.177267 0.065676
v -0.079813 0.216707 0.096417
v -0.020917 0.264825 0.206810
v -0.025213 0.261614 0.204841
v -0.072918 0.231813 0.086699
v -0.055599 0.137809 0.098798
v 0.019380 0.182060 0.218816
v 0.020670 0.178476 0.229773
v -0.040883 0.133185 0.106678
v -0.045699 0.124839 0.095456
v -0.040981 0.121069 0.098593
v -0.045294 0.131946 0.111979
v 0.019184 0.190117 0.222164
v 0.023456 0.179704 0.210775
v 0.010661 0.183669 0.231807
v -0.082793 0.217586 0.079815
v -0.074193 0.227194 0.086791
v -0.079913 0.211293 0.080154
v -0.005832 0.264222 0.214813
v -0.030068 0.265252 0.199229
v -0.026067 0.259102 0.212406
v 0.032448 0.181325 0.067468
v 0.026896 0.173107 0.077083
v 0.029734 0.178526 0.067156
v 0.076664 0.209186 0.161241
v 0.086727 0.205684 0.158282
v 0.080023 0.211740 0.143719
v -0.002679 0.227855 0.053435
v 0.001070 0.245680 0.064122
v 0.013083 0.231563 0.056427
v 0.045239 0.266533 0.153068
v 0.052112 0.269790 0.154363
v 0.048230 0.273146 0.144158
v -0.164455 0.104048 0.310862
v -0.045821 0.190345 0.445068
v -0.116137 0.244521 0.465660
v -0.258901 0.172990 0.339064
v -0.036594 0.235944 0.414775
v -0.138766 0.168358 0.245273
v -0.212417 0.236569 0.294135
v -0.095696 0.294477 0.440951
v -0.218492 0.245194 0.288143
v -0.107425 0.287212 0.437909
v -0.114854 0.245884 0.482583
v -0.251360 0.182805 0.343352
v -0.153232 0.106150 0.297140
v -0.046048 0.189578 0.452949
v -0.036769 0.224034 0.414507
v -0.127883 0.160159 0.256152
v -0.025346 0.237786 0.428599
v -0.043581 0.190747 0.463670
v -0.114520 0.242436 0.476087
v -0.082014 0.284929 0.449923
v -0.165447 0.111316 0.293311
v -0.142788 0.162763 0.247668
v -0.214565 0.235888 0.283515
v -0.247767 0.171792 0.339447
v -0.248304 0.180894 0.344743
v -0.115077 0.243486 0.487318
v -0.118472 0.232815 0.475467
v -0.253806 0.184560 0.344771
v -0.233065 0.242632 0.292188
v -0.108078 0.292683 0.438107
v -0.083125 0.290886 0.437135
v -0.213384 0.255300 0.287816
v -0.155807 0.105129 0.294186
v -0.046754 0.184348 0.459004
v -0.052204 0.183221 0.446035
v -0.158112 0.103079 0.313452
v -0.120889 0.161900 0.258539
v -0.030521 0.222025 0.421738
v -0.025579 0.238912 0.405965
v -0.120433 0.166075 0.250537
v -0.039023 0.198614 0.455032
v -0.109877 0.249642 0.469589
v -0.113783 0.237567 0.477334
v -0.048078 0.193374 0.454510
v -0.023755 0.230044 0.421132
v -0.088281 0.286640 0.454101
v -0.095224 0.289282 0.452609
v -0.030577 0.237899 0.420919
v -0.165758 0.106864 0.298190
v -0.253178 0.181383 0.322141
v -0.254864 0.178237 0.334620
v -0.166029 0.103861 0.303565
v -0.132879 0.161010 0.254109
v -0.216342 0.239823 0.285208
v -0.214461 0.252484 0.291742
v -0.127742 0.162809 0.251238
v -0.083041 0.288889 0.447171
v -0.112776 0.241980 0.487014
v -0.128609 0.243039 0.475996
v -0.095024 0.293537 0.439589
v -0.029229 0.237064 0.412692
v -0.048017 0.190485 0.445999
v -0.049926 0.189590 0.460926
v -0.030991 0.228360 0.416447
v -0.222431 0.245333 0.279290
v -0.248660 0.176370 0.335177
v -0.251772 0.183553 0.348769
v -0.225304 0.243065 0.280644
v -0.140240 0.154914 0.250420
v -0.153489 0.112576 0.298144
v -0.156244 0.099318 0.301669
v -0.123423 0.164727 0.259924
v -0.125114 0.164892 0.237077
v -0.130084 0.162335 0.262385
v -0.133915 0.159119 0.253178
v -0.162448 0.099559 0.306613
v -0.162340 0.098235 0.295167
v -0.164965 0.109870 0.306602
v -0.220859 0.245751 0.289085
v -0.233849 0.242111 0.290314
v -0.224726 0.242861 0.275265
v -0.251809 0.183587 0.345081
v -0.250094 0.176791 0.339837
v -0.254640 0.181760 0.332309
v -0.021701 0.239366 0.408864
v -0.029518 0.232323 0.419455
v -0.035989 0.240603 0.417481
v -0.056359 0.175037 0.449087
v -0.055778 0.193735 0.443695
v -0.046735 0.190022 0.454851
v -0.090203 0.280698 0.448146
v -0.103390 0.290708 0.442891
v -0.091860 0.294642 0.453583
v -0.118951 0.242366 0.489178
v -0.127241 0.243945 0.475111
v -0.114474 0.243996 0.470103
v -0.271401 0.103568 0.905642
v -0.151919 0.050640 0.725221
v -0.080232 0.078818 0.740587
v -0.180849 0.136160 0.958573
v -0.163564 0.198860 0.629950
v -0.310572 0.308438 0.800158
v -0.230279 0.343034 0.842312
v -0.104950 0.235072 0.664700
v -0.213186 0.339784 0.840817
v -0.098223 0.227423 0.663054
v -0.075113 0.098039 0.744011
v -0.175964 0.156009 0.953133
v -0.273988 0.095191 0.906338
v -0.156105 0.060409 0.714105
v -0.175678 0.200395 0.643828
v -0.313320 0.308519 0.788389
v -0.176383 0.203166 0.627087
v -0.142298 0.068583 0.709500
v -0.072007 0.099261 0.731898
v -0.102490 0.232311 0.651797
v -0.268323 0.118813 0.909745
v -0.318860 0.299019 0.800082
v -0.219429 0.349656 0.848488
v -0.180278 0.156896 0.957367
v -0.176967 0.149212 0.951789
v -0.072749 0.093387 0.753267
v -0.081739 0.091137 0.751950
v -0.174133 0.146926 0.947215
v -0.212634 0.353198 0.833553
v -0.114063 0.242198 0.666463
v -0.112015 0.228454 0.661746
v -0.232937 0.355444 0.835427
v -0.271294 0.101782 0.914641
v -0.154545 0.053323 0.715659
v -0.145304 0.058807 0.701694
v -0.276177 0.098834 0.914916
v -0.308003 0.298840 0.791161
v -0.189094 0.204905 0.633927
v -0.173557 0.205570 0.640218
v -0.313632 0.303370 0.788531
v -0.143792 0.054558 0.705259
v -0.075278 0.093541 0.740492
v -0.077340 0.092871 0.751938
v -0.151384 0.064159 0.711952
v -0.165755 0.201200 0.637638
v -0.113228 0.222457 0.658980
v -0.110347 0.238400 0.669335
v -0.183579 0.212479 0.630118
v -0.273839 0.107707 0.916177
v -0.173091 0.142917 0.948543
v -0.174762 0.148341 0.941211
v -0.269155 0.108604 0.912107
v -0.319661 0.301750 0.803793
v -0.221489 0.352942 0.836426
v -0.218616 0.344957 0.828798
v -0.316868 0.307415 0.790185
v -0.116365 0.222922 0.666139
v -0.073001 0.097242 0.729442
v -0.075627 0.100456 0.744040
v -0.111380 0.236094 0.668917
v -0.173398 0.209727 0.634571
v -0.129169 0.053362 0.707883
v -0.140651 0.060372 0.711419
v -0.188241 0.204101 0.632913
v -0.219074 0.347600 0.847825
v -0.194195 0.149350 0.956782
v -0.172094 0.155851 0.945353
v -0.217475 0.339327 0.834255
v -0.316807 0.304020 0.798601
v -0.271026 0.107330 0.917011
v -0.272828 0.114038 0.913535
v -0.314429 0.303942 0.797942
v -0.304272 0.310770 0.792270
v -0.314862 0.287240 0.789801
v -0.308118 0.300963 0.807971
v -0.274947 0.110036 0.907350
v -0.278881 0.104338 0.909359
v -0.272957 0.117768 0.917425
v -0.221800 0.344324 0.829838
v -0.222086 0.341197 0.838381
v -0.226996 0.343651 0.852823
v -0.171508 0.139678 0.955750
v -0.169194 0.140822 0.948715
v -0.175422 0.141214 0.952189
v -0.175390 0.208744 0.639156
v -0.186788 0.207060 0.627336
v -0.174902 0.190846 0.632834
v -0.141384 0.060450 0.708106
v -0.150504 0.051278 0.708723
v -0.144085 0.060188 0.699858
v -0.109682 0.232695 0.660690
v -0.118453 0.236090 0.666822
v -0.105503 0.232589 0.653205
v -0.085025 0.078095 0.745323
v -0.073567 0.084195 0.736476
v -0.076310 0.090031 0.741681
v -0.369085 0.108624 0.188128
v -0.458095 0.196391 0.296561
v -0.448377 0.227552 0.295650
v -0.338005 0.153081 0.181240
v -0.416236 0.192836 0.375757
v -0.286410 0.105012 0.286189
v -0.278274 0.145511 0.266244
v -0.398488 0.216621 0.357218
v -0.276356 0.148546 0.266515
v -0.396578 0.228891 0.352316
v -0.448188 0.225766 0.290448
v -0.351197 0.147785 0.178552
v -0.365718 0.106108 0.196887
v -0.467748 0.202317 0.302856
v -0.421114 0.198294 0.362673
v -0.304292 0.097367 0.293434
v -0.419378 0.195154 0.364682
v -0.456945 0.199471 0.311646
v -0.451099 0.225954 0.291875
v -0.408805 0.237531 0.358352
v -0.359903 0.116841 0.205121
v -0.297242 0.099025 0.280941
v -0.271600 0.142019 0.266411
v -0.355372 0.146513 0.182890
v -0.351001 0.165136 0.183335
v -0.453484 0.227128 0.288463
v -0.457417 0.226846 0.291389
v -0.345627 0.152378 0.169507
v -0.284063 0.157151 0.271678
v -0.404034 0.225168 0.359187
v -0.396839 0.230283 0.357253
v -0.285947 0.144076 0.279189
v -0.366551 0.108350 0.195325
v -0.460745 0.189037 0.311667
v -0.475921 0.204952 0.299646
v -0.364079 0.105560 0.202324
v -0.289238 0.103959 0.281325
v -0.417018 0.200787 0.369881
v -0.413914 0.199186 0.377187
v -0.290102 0.104763 0.278334
v -0.473795 0.201625 0.312353
v -0.459956 0.228325 0.306966
v -0.455446 0.225718 0.283302
v -0.459279 0.204574 0.300149
v -0.413919 0.195860 0.373452
v -0.413650 0.239175 0.353970
v -0.411661 0.228286 0.357675
v -0.409871 0.193148 0.360733
v -0.361955 0.108836 0.207360
v -0.340466 0.154769 0.188855
v -0.349584 0.145190 0.174052
v -0.369643 0.120146 0.200808
v -0.298940 0.109394 0.275890
v -0.272533 0.135778 0.273271
v -0.272597 0.143031 0.276748
v -0.294211 0.100244 0.291776
v -0.409013 0.230604 0.363225
v -0.443489 0.232881 0.299216
v -0.458066 0.237849 0.290671
v -0.396104 0.223318 0.352923
v -0.422125 0.204162 0.374724
v -0.467041 0.196676 0.308028
v -0.468604 0.201675 0.314381
v -0.416926 0.189450 0.366491
v -0.268176 0.143546 0.264827
v -0.356587 0.146645 0.183751
v -0.346810 0.166056 0.188941
v -0.278775 0.148114 0.278839
v -0.293613 0.103757 0.289307
v -0.368249 0.116543 0.196521
v -0.365102 0.103744 0.192697
v -0.300242 0.109116 0.284459
v -0.299198 0.112301 0.290805
v -0.301935 0.101382 0.288085
v -0.295463 0.099334 0.275555
v -0.372397 0.103664 0.198243
v -0.376425 0.114918 0.199980
v -0.350725 0.109233 0.201388
v -0.272918 0.155020 0.282413
v -0.273338 0.145586 0.265959
v -0.275470 0.138543 0.268380
v -0.348190 0.160853 0.190778
v -0.347186 0.153934 0.181757
v -0.340234 0.144696 0.183198
v -0.426482 0.195609 0.369461
v -0.422719 0.189332 0.371503
v -0.416544 0.199322 0.358539
v -0.469820 0.205859 0.306638
v -0.474346 0.196662 0.301853
v -0.464754 0.201127 0.310851
v -0.398723 0.235000 0.359939
v -0.400857 0.222157 0.344489
v -0.406576 0.219319 0.352404
v -0.454637 0.225126 0.300693
v -0.449536 0.236260 0.301051
v -0.453668 0.237702 0.307972
v -0.368080 0.307922 0.299462
v -0.396307 0.330623 0.142149
v -0.381982 0.374477 0.147108
v -0.342418 0.357711 0.287462
v -0.519769 0.382782 0.147294
v -0.534235 0.384845 0.296751
v -0.500243 0.447985 0.296897
v -0.489093 0.416494 0.134228
v -0.496004 0.447538 0.301871
v -0.487454 0.426969 0.143159
v -0.374869 0.383509 0.144687
v -0.350064 0.375148 0.288262
v -0.390315 0.316644 0.300153
v -0.401641 0.333030 0.138220
v -0.508875 0.375294 0.144308
v -0.538296 0.373157 0.291625
v -0.511019 0.388553 0.129357
v -0.401175 0.329235 0.135293
v -0.380836 0.364572 0.122792
v -0.486434 0.419567 0.136912
v -0.385646 0.322756 0.303426
v -0.518247 0.383596 0.294077
v -0.508129 0.446369 0.304075
v -0.350425 0.361468 0.295161
v -0.345717 0.370347 0.290700
v -0.378161 0.379922 0.136771
v -0.368775 0.375687 0.137616
v -0.345637 0.361906 0.283291
v -0.491488 0.443981 0.298630
v -0.490824 0.432116 0.140166
v -0.489668 0.420208 0.139572
v -0.499709 0.447687 0.288560
v -0.373851 0.309976 0.294320
v -0.405608 0.329653 0.131592
v -0.400277 0.337068 0.134337
v -0.374067 0.302754 0.299831
v -0.526442 0.374073 0.298020
v -0.508190 0.382122 0.137442
v -0.511274 0.389110 0.141151
v -0.535180 0.385356 0.291843
v -0.405139 0.326163 0.142228
v -0.386259 0.369153 0.140961
v -0.386592 0.370638 0.136932
v -0.392024 0.320571 0.139661
v -0.507975 0.383314 0.125557
v -0.486236 0.418047 0.133839
v -0.487071 0.422802 0.138180
v -0.521226 0.380194 0.139098
v -0.383743 0.320042 0.293728
v -0.350917 0.379356 0.302289
v -0.353261 0.366201 0.288264
v -0.377816 0.317448 0.297446
v -0.529586 0.381890 0.306640
v -0.495049 0.433884 0.294121
v -0.513147 0.445056 0.297553
v -0.533598 0.388570 0.303228
v -0.485867 0.416798 0.137254
v -0.378402 0.375713 0.127106
v -0.386218 0.373763 0.139645
v -0.486039 0.433403 0.142794
v -0.499745 0.385291 0.129971
v -0.401927 0.329727 0.142083
v -0.401661 0.317539 0.147994
v -0.509128 0.375344 0.138011
v -0.505896 0.441548 0.301124
v -0.348481 0.377797 0.288113
v -0.348753 0.373683 0.295816
v -0.496564 0.439453 0.293776
v -0.518364 0.385234 0.307999
v -0.386545 0.314017 0.294477
v -0.390208 0.313701 0.301050
v -0.523325 0.377375 0.289379
v -0.541258 0.384510 0.291085
v -0.527731 0.383553 0.304049
v -0.534223 0.382522 0.302086
v -0.377651 0.311644 0.281427
v -0.394933 0.307176 0.281974
v -0.389774 0.312816 0.292926
v -0.503138 0.443731 0.295770
v -0.499686 0.452869 0.289068
v -0.499566 0.449871 0.303846
v -0.358547 0.366844 0.281118
v -0.344954 0.378114 0.291619
v -0.364028 0.369186 0.295004
v -0.515046 0.380618 0.145361
v -0.513768 0.380136 0.140572
v -0.495453 0.380557 0.125693
v -0.386049 0.330852 0.140979
v -0.401174 0.329736 0.140498
v -0.414633 0.329580 0.131063
v -0.495693 0.427419 0.141294
v -0.485474 0.426974 0.140721
v -0.487673 0.429293 0.127921
v -0.377922 0.368500 0.138292
v -0.381232 0.375342 0.131457
v -0.375730 0.376541 0.136725
v -0.387564 0.409336 0.275036
v -0.301045 0.365831 0.454619
v -0.291285 0.402069 0.460366
v -0.377156 0.454611 0.287843
v -0.248372 0.365620 0.415849
v -0.323500 0.400229 0.238664
v -0.313852 0.454298 0.258096
v -0.241479 0.390833 0.439285
v -0.313987 0.460965 0.262664
v -0.242646 0.405765 0.431387
v -0.303567 0.400734 0.447685
v -0.383455 0.461542 0.286691
v -0.395741 0.406116 0.277284
v -0.308484 0.364768 0.447756
v -0.256343 0.356154 0.434069
v -0.314813 0.393590 0.246121
v -0.237975 0.359618 0.430868
v -0.303632 0.358082 0.459499
v -0.301312 0.400263 0.458339
v -0.243332 0.405127 0.429904
v -0.398100 0.400985 0.276160
v -0.322540 0.396334 0.250390
v -0.313848 0.441972 0.259668
v -0.378490 0.451589 0.287459
v -0.383865 0.457234 0.283001
v -0.286149 0.404244 0.461849
v -0.299307 0.402776 0.446243
v -0.389722 0.459154 0.287110
v -0.310779 0.460232 0.249896
v -0.241849 0.398047 0.438860
v -0.243525 0.399631 0.438205
v -0.315025 0.458275 0.250573
v -0.382822 0.400648 0.273240
v -0.305483 0.361747 0.440357
v -0.313362 0.362226 0.451939
v -0.391317 0.396366 0.282430
v -0.319594 0.397966 0.244467
v -0.249994 0.353673 0.414734
v -0.249590 0.353316 0.431301
v -0.313691 0.399099 0.253297
v -0.294088 0.366482 0.452015
v -0.291622 0.400089 0.453930
v -0.296853 0.408143 0.455239
v -0.296642 0.358141 0.450645
v -0.256129 0.363628 0.425086
v -0.237372 0.397002 0.429514
v -0.239529 0.395149 0.436837
v -0.253469 0.366421 0.427122
v -0.394549 0.397494 0.277839
v -0.386635 0.459686 0.276666
v -0.383227 0.453873 0.294458
v -0.403572 0.410636 0.279808
v -0.322490 0.400905 0.242534
v -0.302428 0.448014 0.254574
v -0.300902 0.440550 0.251367
v -0.308356 0.399465 0.235576
v -0.236170 0.403004 0.434365
v -0.283717 0.405966 0.457733
v -0.295002 0.413178 0.451194
v -0.249533 0.403357 0.430804
v -0.249943 0.359809 0.421299
v -0.303948 0.367783 0.454519
v -0.290875 0.356766 0.449189
v -0.257019 0.350964 0.421495
v -0.316475 0.448105 0.262686
v -0.381775 0.450506 0.279201
v -0.377637 0.458862 0.299588
v -0.318525 0.458625 0.259845
v -0.328143 0.397707 0.243758
v -0.386612 0.409459 0.263949
v -0.397647 0.394786 0.273451
v -0.321450 0.397595 0.253376
v -0.322301 0.393824 0.236131
v -0.325422 0.393421 0.255160
v -0.331857 0.403361 0.240464
v -0.390381 0.403860 0.281089
v -0.386074 0.394223 0.278790
v -0.388053 0.409343 0.281692
v -0.303011 0.456309 0.250241
v -0.313308 0.450889 0.265496
v -0.306332 0.456378 0.252070
v -0.388162 0.462044 0.294454
v -0.385307 0.458380 0.290790
v -0.376099 0.456944 0.278910
v -0.237092 0.365035 0.429770
v -0.248650 0.349582 0.422380
v -0.257048 0.367247 0.426252
v -0.298028 0.358141 0.450459
v -0.300596 0.365822 0.455019
v -0.296619 0.361867 0.459768
v -0.244565 0.394825 0.425917
v -0.238057 0.410186 0.421638
v -0.239343 0.400759 0.431842
v -0.306664 0.395556 0.461300
v -0.300123 0.407160 0.449728
v -0.294692 0.406527 0.461442
v 0.057578 0.119295 0.134646
v 0.189142 0.103466 -0.039035
v 0.210983 0.152855 -0.052253
v 0.051153 0.195696 0.128869
v 0.086055 0.090663 -0.139966
v -0.091464 0.103204 0.000724
v -0.074247 0.165482 -0.003321
v 0.085681 0.138068 -0.144608
v -0.078349 0.175919 -0.002143
v 0.092746 0.146520 -0.155890
v 0.189933 0.166812 -0.052214
v 0.058118 0.193025 0.136009
v 0.071933 0.127702 0.134221
v 0.207443 0.103581 -0.044618
v 0.094290 0.088973 -0.134017
v -0.071144 0.107221 0.005577
v 0.097853 0.087974 -0.144971
v 0.195004 0.102487 -0.042878
v 0.197752 0.157844 -0.048323
v 0.106107 0.144049 -0.148677
v 0.046775 0.120651 0.135366
v -0.078713 0.111078 0.006236
v -0.085152 0.170809 -0.003289
v 0.056151 0.196111 0.121563
v 0.061369 0.192307 0.124623
v 0.189920 0.154126 -0.056953
v 0.200670 0.148362 -0.048111
v 0.050524 0.190844 0.128966
v -0.068204 0.184390 -0.007399
v 0.094450 0.134021 -0.155754
v 0.090524 0.146585 -0.140703
v -0.091849 0.171654 -0.006240
v 0.056716 0.118330 0.136102
v 0.197633 0.106134 -0.039391
v 0.187073 0.107019 -0.045697
v 0.069784 0.127239 0.144361
v -0.085408 0.107903 0.010228
v 0.088344 0.081438 -0.137805
v 0.094712 0.092491 -0.151742
v -0.087429 0.111418 -0.003718
v 0.211003 0.106130 -0.052953
v 0.189608 0.159410 -0.057564
v 0.186300 0.148937 -0.047725
v 0.206547 0.112710 -0.041485
v 0.115262 0.095786 -0.141949
v 0.107817 0.130906 -0.157342
v 0.084292 0.134377 -0.148862
v 0.097262 0.098006 -0.153637
v 0.052574 0.122643 0.148028
v 0.051745 0.190193 0.117590
v 0.072623 0.193666 0.132098
v 0.070491 0.120489 0.133413
v -0.083816 0.108551 0.016189
v -0.080782 0.166640 0.000429
v -0.087068 0.168358 -0.004500
v -0.074256 0.101294 0.004971
v 0.111797 0.137727 -0.147136
v 0.198098 0.152081 -0.069234
v 0.187367 0.160223 -0.057639
v 0.100822 0.144378 -0.144445
v 0.098669 0.087039 -0.137308
v 0.194599 0.102391 -0.046191
v 0.192815 0.098233 -0.051347
v 0.097532 0.086628 -0.143569
v -0.079303 0.176742 -0.006267
v 0.056754 0.191092 0.134840
v 0.054368 0.206447 0.131386
v -0.083334 0.173614 -0.009961
v -0.076921 0.111456 0.000602
v 0.058720 0.119580 0.135050
v 0.064742 0.115299 0.134205
v -0.080302 0.105866 0.000902
v -0.082785 0.109427 0.011358
v -0.078402 0.100369 0.006748
v -0.080052 0.110750 0.013366
v 0.058247 0.132647 0.128205
v 0.066782 0.128002 0.133149
v 0.048534 0.127553 0.138783
v -0.083413 0.167913 -0.009420
v -0.080673 0.171238 -0.006120
v -0.079277 0.171317 -0.009110
v 0.058652 0.188717 0.126437
v 0.058938 0.199879 0.110983
v 0.061200 0.190310 0.123993
v 0.106090 0.088527 -0.142185
v 0.098184 0.085209 -0.148241
v 0.102128 0.083702 -0.151988
v 0.197975 0.107406 -0.033779
v 0.197145 0.110202 -0.041473
v 0.198201 0.111059 -0.039948
v 0.090524 0.139236 -0.153272
v 0.103746 0.145465 -0.155091
v 0.101868 0.138681 -0.162677
v 0.190816 0.160913 -0.050869
v 0.196960 0.164036 -0.055758
v 0.198978 0.160313 -0.049162
v 0.708204 0.132384 0.057359
v 0.746196 0.132384 0.057359
v 0.746196 0.154874 0.057359
v 0.708204 0.154874 0.057359
v 0.746196 0.132384 0.017480
v 0.708204 0.132384 0.017480
v 0.708204 0.154874 0.017480
v 0.746196 0.154874 0.017480
v 0.708204 0.156374 0.018980
v 0.746196 0.156374 0.018980
v 0.746196 0.156374 0.055859
v 0.708204 0.156374 0.055859
v 0.708204 0.130884 0.055859
v 0.746196 0.130884 0.055859
v 0.746196 0.130884 0.018980
v 0.708204 0.130884 0.018980
v 0.747696 0.132384 0.018980
v 0.747696 0.132384 0.055859
v 0.747696 0.154874 0.055859
v 0.747696 0.154874 0.018980
v 0.706704 0.132384 0.055859
v 0.706704 0.132384 0.018980
v 0.706704 0.154874 0.018980
v 0.706704 0.154874 0.055859
v 0.708204 0.156374 0.055859
v 0.746196 0.156374 0.055859
v 0.746196 0.154874 0.057359
v 0.708204 0.154874 0.057359
v 0.708204 0.156374 0.018980
v 0.746196 0.156374 0.018980
v 0.746196 0.154874 0.017480
v 0.708204 0.154874 0.017480
v 0.708204 0.130884 0.055859
v 0.746196 0.130884 0.055859
v 0.746196 0.132384 0.057359
v 0.708204 0.132384 0.057359
v 0.708204 0.130884 0.018980
v 0.746196 0.130884 0.018980
v 0.746196 0.132384 0.017480
v 0.708204 0.132384 0.017480
v 0.747696 0.132384 0.055859
v 0.747696 0.154874 0.055859
v 0.746196 0.154874 0.057359
v 0.746196 0.132384 0.057359
v 0.747696 0.132384 0.018980
v 0.747696 0.154874 0.018980
v 0.746196 0.154874 0.017480
v 0.746196 0.132384 0.017480
v 0.706704 0.132384 0.055859
v 0.706704 0.154874 0.055859
v 0.708204 0.154874 0.057359
v 0.708204 0.132384 0.057359
v 0.706704 0.132384 0.018980
v 0.706704 0.154874 0.018980
v 0.708204 0.154874 0.017480
v 0.708204 0.132384 0.017480
v 0.747696 0.154874 0.018980
v 0.747696 0.154874 0.055859
v 0.746196 0.156374 0.055859
v 0.746196 0.156374 0.018980
v 0.747696 0.132384 0.018980
v 0.747696 0.132384 0.055859
v 0.746196 0.130884 0.055859
v 0.746196 0.130884 0.018980
v 0.706704 0.154874 0.018980
v 0.706704 0.154874 0.055859
v 0.708204 0.156374 0.055859
v 0.708204 0.156374 0.018980
v 0.706704 0.132384 0.018980
v 0.706704 0.132384 0.055859
v 0.708204 0.130884 0.055859
v 0.708204 0.130884 0.018980
v 0.708204 0.132384 0.017480
v 0.708204 0.130884 0.018980
v 0.706704 0.132384 0.018980
v 0.708204 0.132384 0.057359
v 0.708204 0.130884 0.055859
v 0.706704 0.132384 0.055859
v 0.708204 0.154874 0.017480
v 0.708204 0.156374 0.018980
v 0.706704 0.154874 0.018980
v 0.708204 0.154874 0.057359
v 0.708204 0.156374 0.055859
v 0.706704 0.154874 0.055859
v 0.746196 0.132384 0.017480
v 0.746196 0.130884 0.018980
v 0.747696 0.132384 0.018980
v 0.746196 0.132384 0.057359
v 0.746196 0.130884 0.055859
v 0.747696 0.132384 0.055859
v 0.746196 0.154874 0.017480
v 0.746196 0.156374 0.018980
v 0.747696 0.154874 0.018980
v 0.746196 0.154874 0.057359
v 0.746196 0.156374 0.055859
v 0.747696 0.154874 0.055859
v 0.648119 0.185792 0.123598
v 0.686438 0.185792 0.123598
v 0.686438 0.223833 0.123598
v 0.648119 0.223833 0.123598
v 0.686438 0.185792 0.087907
v 0.648119 0.185792 0.087907
v 0.648119 0.223833 0.087907
v 0.686438 0.223833 0.087907
v 0.648119 0.225333 0.089407
v 0.686438 0.225333 0.089407
v 0.686438 0.225333 0.122098
v 0.648119 0.225333 0.122098
v 0.648119 0.184292 0.122098
v 0.686438 0.184292 0.122098
v 0.686438 0.184292 0.089407
v 0.648119 0.184292 0.089407
v 0.687938 0.185792 0.089407
v 0.687938 0.185792 0.122098
v 0.687938 0.223833 0.122098
v 0.687938 0.223833 0.089407
v 0.646619 0.185792 0.122098
v 0.646619 0.185792 0.089407
v 0.646619 0.223833 0.089407
v 0.646619 0.223833 0.122098
v 0.648119 0.225333 0.122098
v 0.686438 0.225333 0.122098
v 0.686438 0.223833 0.123598
v 0.648119 0.223833 0.123598
v 0.648119 0.225333 0.089407
v 0.686438 0.225333 0.089407
v 0.686438 0.223833 0.087907
v 0.648119 0.223833 0.087907
v 0.648119 0.184292 0.122098
v 0.686438 0.184292 0.122098
v 0.686438 0.185792 0.123598
v 0.648119 0.185792 0.123598
v 0.648119 0.184292 0.089407
v 0.686438 0.184292 0.089407
v 0.686438 0.185792 0.087907
v 0.648119 0.185792 0.087907
v 0.687938 0.185792 0.122098
v 0.687938 0.223833 0.122098
v 0.686438 0.223833 0.123598
v 0.686438 0.185792 0.123598
v 0.687938 0.185792 0.089407
v 0.687938 0.223833 0.089407
v 0.686438 0.223833 0.087907
v 0.686438 0.185792 0.087907
v 0.646619 0.185792 0.122098
v 0.646619 0.223833 0.122098
v 0.648119 0.223833 0.123598
v 0.648119 0.185792 0.123598
v 0.646619 0.185792 0.089407
v 0.646619 0.223833 0.089407
v 0.648119 0.223833 0.087907
v 0.648119 0.185792 0.087907
v 0.687938 0.223833 0.089407
v 0.687938 0.223833 0.122098
v 0.686438 0.225333 0.122098
v 0.686438 0.225333 0.089407
v 0.687938 0.185792 0.089407
v 0.687938 0.185792 0.122098
v 0.686438 0.184292 0.122098
v 0.686438 0.184292 0.089407
v 0.646619 0.223833 0.089407
v 0.646619 0.223833 0.122098
v 0.648119 0.225333 0.122098
v 0.648119 0.225333 0.089407
v 0.646619 0.185792 0.089407
v 0.646619 0.185792 0.122098
v 0.648119 0.184292 0.122098
v 0.648119 0.184292 0.089407
v 0.648119 0.185792 0.087907
v 0.648119 0.184292 0.089407
v 0.646619 0.185792 0.089407
v 0.648119 0.185792 0.123598
v 0.648119 0.184292 0.122098
v 0.646619 0.185792 0.122098
v 0.648119 0.223833 0.087907
v 0.648119 0.225333 0.089407
v 0.646619 0.223833 0.089407
v 0.648119 0.223833 0.123598
v 0.648119 0.225333 0.122098
v 0.646619 0.223833 0.122098
v 0.686438 0.185792 0.087907
v 0.686438 0.184292 0.089407
v 0.687938 0.185792 0.089407
v 0.686438 0.185792 0.123598
v 0.686438 0.184292 0.122098
v 0.687938 0.185792 0.122098
v 0.686438 0.223833 0.087907
v 0.686438 0.225333 0.089407
v 0.687938 0.223833 0.089407
v 0.686438 0.223833 0.123598
v 0.686438 0.225333 0.122098
v 0.687938 0.223833 0.122098
v 0.280204 0.037942 -0.934894
v 0.300824 0.037942 -0.934894
v 0.300824 0.053665 -0.934894
v 0.280204 0.053665 -0.934894
v 0.300824 0.037942 -0.958573
v 0.280204 0.037942 -0.958573
v 0.280204 0.053665 -0.958573
v 0.300824 0.053665 -0.958573
v 0.280204 0.055165 -0.957073
v 0.300824 0.055165 -0.957073
v 0.300824 0.055165 -0.936394
v 0.280204 0.055165 -0.936394
v 0.280204 0.036442 -0.936394
v 0.300824 0.036442 -0.936394
v 0.300824 0.036442 -0.957073
v 0.280204 0.036442 -0.957073
v 0.302324 0.037942 -0.957073
v 0.302324 0.037942 -0.936394
v 0.302324 0.053665 -0.936394
v 0.302324 0.053665 -0.957073
v 0.278704 0.037942 -0.936394
v 0.278704 0.037942 -0.957073
v 0.278704 0.053665 -0.957073
v 0.278704 0.053665 -0.936394
v 0.280204 0.055165 -0.936394
v 0.300824 0.055165 -0.936394
v 0.300824 0.053665 -0.934894
v 0.280204 0.053665 -0.934894
v 0.280204 0.055165 -0.957073
v 0.300824 0.055165 -0.957073
v 0.300824 0.053665 -0.958573
v 0.280204 0.053665 -0.958573
v 0.280204 0.036442 -0.936394
v 0.300824 0.036442 -0.936394
v 0.300824 0.037942 -0.934894
v 0.280204 0.037942 -0.934894
v 0.280204 0.036442 -0.957073
v 0.300824 0.036442 -0.957073
v 0.300824 0.037942 -0.958573
v 0.280204 0.037942 -0.958573
v 0.302324 0.037942 -0.936394
v 0.302324 0.053665 -0.936394
v 0.300824 0.053665 -0.934894
v 0.300824 0.037942 -0.934894
v 0.302324 0.037942 -0.957073
v 0.302324 0.053665 -0.957073
v 0.300824 0.053665 -0.958573
v 0.300824 0.037942 -0.958573
v 0.278704 0.037942 -0.936394
v 0.278704 0.053665 -0.936394
v 0.280204 0.053665 -0.934894
v 0.280204 0.037942 -0.934894
v 0.278704 0.037942 -0.957073
v 0.278704 0.053665 -0.957073
v 0.280204 0.053665 -0.958573
v 0.280204 0.037942 -0.958573
v 0.302324 0.053665 -0.957073
v 0.302324 0.053665 -0.936394
v 0.300824 0.055165 -0.936394
v 0.300824 0.055165 -0.957073
v 0.302324 0.037942 -0.957073
v 0.302324 0.037942 -0.936394
v 0.300824 0.036442 -0.936394
v 0.300824 0.036442 -0.957073
v 0.278704 0.053665 -0.957073
v 0.278704 0.053665 -0.936394
v 0.280204 0.055165 -0.936394
v 0.280204 0.055165 -0.957073
v 0.278704 0.037942 -0.957073
v 0.278704 0.037942 -0.936394
v 0.280204 0.036442 -0.936394
v 0.280204 0.036442 -0.957073
v 0.280204 0.037942 -0.958573
v 0.280204 0.036442 -0.957073
v 0.278704 0.037942 -0.957073
v 0.280204 0.037942 -0.934894
v 0.280204 0.036442 -0.936394
v 0.278704 0.037942 -0.936394
v 0.280204 0.053665 -0.958573
v 0.280204 0.055165 -0.957073
v 0.278704 0.053665 -0.957073
v 0.280204 0.053665 -0.934894
v 0.280204 0.055165 -0.936394
v 0.278704 0.053665 -0.936394
v 0.300824 0.037942 -0.958573
v 0.300824 0.036442 -0.957073
v 0.302324 0.037942 -0.957073
v 0.300824 0.037942 -0.934894
v 0.300824 0.036442 -0.936394
v 0.302324 0.037942 -0.936394
v 0.300824 0.053665 -0.958573
v 0.300824 0.055165 -0.957073
v 0.302324 0.053665 -0.957073
v 0.300824 0.053665 -0.934894
v 0.300824 0.055165 -0.936394
v 0.302324 0.053665 -0.936394
v -0.066974 0.406521 0.055456
v -0.035280 0.406521 0.055456
v -0.035280 0.434462 0.055456
v -0.066974 0.434462 0.055456
v -0.035280 0.406521 0.028374
v -0.066974 0.406521 0.028374
v -0.066974 0.434462 0.028374
v -0.035280 0.434462 0.028374
v -0.066974 0.435962 0.029874
v -0.035280 0.435962 0.029874
v -0.035280 0.435962 0.053956
v -0.066974 0.435962 0.053956
v -0.066974 0.405021 0.053956
v -0.035280 0.405021 0.053956
v -0.035280 0.405021 0.029874
v -0.066974 0.405021 0.029874
v -0.033780 0.406521 0.029874
v -0.033780 0.406521 0.053956
v -0.033780 0.434462 0.053956
v -0.033780 0.434462 0.029874
v -0.068474 0.406521 0.053956
v -0.068474 0.406521 0.029874
v -0.068474 0.434462 0.029874
v -0.068474 0.434462 0.053956
v -0.066974 0.435962 0.053956
v -0.035280 0.435962 0.053956
v -0.035280 0.434462 0.055456
v -0.066974 0.434462 0.055456
v -0.066974 0.435962 0.029874
v -0.035280 0.435962 0.029874
v -0.035280 0.434462 0.028374
v -0.066974 0.434462 0.028374
v -0.066974 0.405021 0.053956
v -0.035280 0.405021 0.053956
v -0.035280 0.406521 0.055456
v -0.066974 0.406521 0.055456
v -0.066974 0.405021 0.029874
v -0.035280 0.405021 0.029874
v -0.035280 0.406521 0.028374
v -0.066974 0.406521 0.028374
v -0.033780 0.406521 0.053956
v -0.033780 0.434462 0.053956
v -0.035280 0.434462 0.055456
v -0.035280 0.406521 0.055456
v -0.033780 0.406521 0.029874
v -0.033780 0.434462 0.029874
v -0.035280 0.434462 0.028374
v -0.035280 0.406521 0.028374
v -0.068474 0.406521 0.053956
v -0.068474 0.434462 0.053956
v -0.066974 0.434462 0.055456
v -0.066974 0.406521 0.055456
v -0.068474 0.406521 0.029874
v -0.068474 0.434462 0.029874
v -0.066974 0.434462 0.028374
v -0.066974 0.406521 0.028374
v -0.033780 0.434462 0.029874
v -0.033780 0.434462 0.053956
v -0.035280 0.435962 0.053956
v -0.035280 0.435962 0.029874
v -0.033780 0.406521 0.029874
v -0.033780 0.406521 0.053956
v -0.035280 0.405021 0.053956
v -0.035280 0.405021 0.029874
v -0.068474 0.434462 0.029874
v -0.068474 0.434462 0.053956
v -0.066974 0.435962 0.053956
v -0.066974 0.435962 0.029874
v -0.068474 0.406521 0.029874
v -0.068474 0.406521 0.053956
v -0.066974 0.405021 0.053956
v -0.066974 0.405021 0.029874
v -0.066974 0.406521 0.028374
v -0.066974 0.405021 0.029874
v -0.068474 0.406521 0.029874
v -0.066974 0.406521 0.055456
v -0.066974 0.405021 0.053956
v -0.068474 0.406521 0.053956
v -0.066974 0.434462 0.028374
v -0.066974 0.435962 0.029874
v -0.068474 0.434462 0.029874
v -0.066974 0.434462 0.055456
v -0.066974 0.435962 0.053956
v -0.068474 0.434462 0.053956
v -0.035280 0.406521 0.028374
v -0.035280 0.405021 0.029874
v -0.033780 0.406521 0.029874
v -0.035280 0.406521 0.055456
v -0.035280 0.405021 0.053956
v -0.033780 0.406521 0.053956
v -0.035280 0.434462 0.028374
v -0.035280 0.435962 0.029874
v -0.033780 0.434462 0.029874
v -0.035280 0.434462 0.055456
v -0.035280 0.435962 0.053956
v -0.033780 0.434462 0.053956
v 0.871198 0.036315 -0.093555
v 0.911185 0.036315 -0.093555
v 0.911185 0.055660 -0.093555
v 0.871198 0.055660 -0.093555
v 0.911185 0.036315 -0.144895
v 0.871198 0.036315 -0.144895
v 0.871198 0.055660 -0.144895
v 0.911185 0.055660 -0.144895
v 0.871198 0.057160 -0.143395
v 0.911185 0.057160 -0.143395
v 0.911185 0.057160 -0.095055
v 0.871198 0.057160 -0.095055
v 0.871198 0.034815 -0.095055
v 0.911185 0.034815 -0.095055
v 0.911185 0.034815 -0.143395
v 0.871198 0.034815 -0.143395
v 0.912685 0.036315 -0.143395
v 0.912685 0.036315 -0.095055
v 0.912685 0.055660 -0.095055
v 0.912685 0.055660 -0.143395
v 0.869698 0.036315 -0.095055
v 0.869698 0.036315 -0.143395
v 0.869698 0.055660 -0.143395
v 0.869698 0.055660 -0.095055
v 0.871198 0.057160 -0.095055
v 0.911185 0.057160 -0.095055
v 0.911185 0.055660 -0.093555
v 0.871198 0.055660 -0.093555
v 0.871198 0.057160 -0.143395
v 0.911185 0.057160 -0.143395
v 0.911185 0.055660 -0.144895
v 0.871198 0.055660 -0.144895
v 0.871198 0.034815 -0.095055
v 0.911185 0.034815 -0.095055
v 0.911185 0.036315 -0.093555
v 0.871198 0.036315 -0.093555
v 0.871198 0.034815 -0.143395
v 0.911185 0.034815 -0.143395
v 0.911185 0.036315 -0.144895
v 0.871198 0.036315 -0.144895
v 0.912685 0.036315 -0.095055
v 0.912685 0.055660 -0.095055
v 0.911185 0.055660 -0.093555
v 0.911185 0.036315 -0.093555
v 0.912685 0.036315 -0.143395
v 0.912685 0.055660 -0.143395
v 0.911185 0.055660 -0.144895
v 0.911185 0.036315 -0.144895
v 0.869698 0.036315 -0.095055
v 0.869698 0.055660 -0.095055
v 0.871198 0.055660 -0.093555
v 0.871198 0.036315 -0.093555
v 0.869698 0.036315 -0.143395
v 0.869698 0.055660 -0.143395
v 0.871198 0.055660 -0.144895
v 0.871198 0.036315 -0.144895
v 0.912685 0.055660 -0.143395
v 0.912685 0.055660 -0.095055
v 0.911185 0.057160 -0.095055
v 0.911185 0.057160 -0.143395
v 0.912685 0.036315 -0.143395
v 0.912685 0.036315 -0.095055
v 0.911185 0.034815 -0.095055
v 0.911185 0.034815 -0.143395
v 0.869698 0.055660 -0.143395
v 0.869698 0.055660 -0.095055
v 0.871198 0.057160 -0.095055
v 0.871198 0.057160 -0.143395
v 0.869698 0.036315 -0.143395
v 0.869698 0.036315 -0.095055
v 0.871198 0.034815 -0.095055
v 0.871198 0.034815 -0.143395
v 0.871198 0.036315 -0.144895
v 0.871198 0.034815 -0.143395
v 0.869698 0.036315 -0.143395
v 0.871198 0.036315 -0.093555
v 0.871198 0.034815 -0.095055
v 0.869698 0.036315 -0.095055
v 0.871198 0.055660 -0.144895
v 0.871198 0.057160 -0.143395
v 0.869698 0.055660 -0.143395
v 0.871198 0.055660 -0.093555
v 0.871198 0.057160 -0.095055
v 0.869698 0.055660 -0.095055
v 0.911185 0.036315 -0.144895
v 0.911185 0.034815 -0.143395
v 0.912685 0.036315 -0.143395
v 0.911185 0.036315 -0.093555
v 0.911185 0.034815 -0.095055
v 0.912685 0.036315 -0.095055
v 0.911185 0.055660 -0.144895
v 0.911185 0.057160 -0.143395
v 0.912685 0.055660 -0.143395
v 0.911185 0.055660 -0.093555
v 0.911185 0.057160 -0.095055
v 0.912685 0.055660 -0.095055
v -0.423121 0.052602 -0.255041
v -0.373344 0.052602 -0.255041
v -0.373344 0.092582 -0.255041
v -0.423121 0.092582 -0.255041
v -0.373344 0.052602 -0.298440
v -0.423121 0.052602 -0.298440
v -0.423121 0.092582 -0.298440
v -0.373344 0.092582 -0.298440
v -0.423121 0.094082 -0.296940
v -0.373344 0.094082 -0.296940
v -0.373344 0.094082 -0.256541
v -0.423121 0.094082 -0.256541
v -0.423121 0.051102 -0.256541
v -0.373344 0.051102 -0.256541
v -0.373344 0.051102 -0.296940
v -0.423121 0.051102 -0.296940
v -0.371844 0.052602 -0.296940
v -0.371844 0.052602 -0.256541
v -0.371844 0.092582 -0.256541
v -0.371844 0.092582 -0.296940
v -0.424621 0.052602 -0.256541
v -0.424621 0.052602 -0.296940
v -0.424621 0.092582 -0.296940
v -0.424621 0.092582 -0.256541
v -0.423121 0.094082 -0.256541
v -0.373344 0.094082 -0.256541
v -0.373344 0.092582 -0.255041
v -0.423121 0.092582 -0.255041
v -0.423121 0.094082 -0.296940
v -0.373344 0.094082 -0.296940
v -0.373344 0.092582 -0.298440
v -0.423121 0.092582 -0.298440
v -0.423121 0.051102 -0.256541
v -0.373344 0.051102 -0.256541
v -0.373344 0.052602 -0.255041
v -0.423121 0.052602 -0.255041
v -0.423121 0.051102 -0.296940
v -0.373344 0.051102 -0.296940
v -0.373344 0.052602 -0.298440
v -0.423121 0.052602 -0.298440
v -0.371844 0.052602 -0.256541
v -0.371844 0.092582 -0.256541
v -0.373344 0.092582 -0.255041
v -0.373344 0.052602 -0.255041
v -0.371844 0.052602 -0.296940
v -0.371844 0.092582 -0.296940
v -0.373344 0.092582 -0.298440
v -0.373344 0.052602 -0.298440
v -0.424621 0.052602 -0.256541
v -0.424621 0.092582 -0.256541
v -0.423121 0.092582 -0.255041
v -0.423121 0.052602 -0.255041
v -0.424621 0.052602 -0.296940
v -0.424621 0.092582 -0.296940
v -0.423121 0.092582 -0.298440
v -0.423121 0.052602 -0.298440
v -0.371844 0.092582 -0.296940
v -0.371844 0.092582 -0.256541
v -0.373344 0.094082 -0.256541
v -0.373344 0.094082 -0.296940
v -0.371844 0.052602 -0.296940
v -0.371844 0.052602 -0.256541
v -0.373344 0.051102 -0.256541
v -0.373344 0.051102 -0.296940
v -0.424621 0.092582 -0.296940
v -0.424621 0.092582 -0.256541
v -0.423121 0.094082 -0.256541
v -0.423121 0.094082 -0.296940
v -0.424621 0.052602 -0.296940
v -0.424621 0.052602 -0.256541
v -0.423121 0.051102 -0.256541
v -0.423121 0.051102 -0.296940
v -0.423121 0.052602 -0.298440
v -0.423121 0.051102 -0.296940
v -0.424621 0.052602 -0.296940
v -0.423121 0.052602 -0.255041
v -0.423121 0.051102 -0.256541
v -0.424621 0.052602 -0.256541
v -0.423121 0.092582 -0.298440
v -0.423121 0.094082 -0.296940
v -0.424621 0.092582 -0.296940
v -0.423121 0.092582 -0.255041
v -0.423121 0.094082 -0.256541
v -0.424621 0.092582 -0.256541
v -0.373344 0.052602 -0.298440
v -0.373344 0.051102 -0.296940
v -0.371844 0.052602 -0.296940
v -0.373344 0.052602 -0.255041
v -0.373344 0.051102 -0.256541
v -0.371844 0.052602 -0.256541
v -0.373344 0.092582 -0.298440
v -0.373344 0.094082 -0.296940
v -0.371844 0.092582 -0.296940
v -0.373344 0.092582 -0.255041
v -0.373344 0.094082 -0.256541
v -0.371844 0.092582 -0.256541
v 0.504269 0.057768 0.757240
v 0.556113 0.057768 0.757240
v 0.556113 0.089377 0.757240
v 0.504269 0.089377 0.757240
v 0.556113 0.057768 0.703548
v 0.504269 0.057768 0.703548
v 0.504269 0.089377 0.703548
v 0.556113 0.089377 0.703548
v 0.504269 0.090877 0.705048
v 0.556113 0.090877 0.705048
v 0.556113 0.090877 0.755740
v 0.504269 0.090877 0.755740
v 0.504269 0.056268 0.755740
v 0.556113 0.056268 0.755740
v 0.556113 0.056268 0.705048
v 0.504269 0.056268 0.705048
v 0.557613 0.057768 0.705048
v 0.557613 0.057768 0.755740
v 0.557613 0.089377 0.755740
v 0.557613 0.089377 0.705048
v 0.502769 0.057768 0.755740
v 0.502769 0.057768 0.705048
v 0.502769 0.089377 0.705048
v 0.502769 0.089377 0.755740
v 0.504269 0.090877 0.755740
v 0.556113 0.090877 0.755740
v 0.556113 0.089377 0.757240
v 0.504269 0.089377 0.757240
v 0.504269 0.090877 0.705048
v 0.556113 0.090877 0.705048
v 0.556113 0.089377 0.703548
v 0.504269 0.089377 0.703548
v 0.504269 0.056268 0.755740
v 0.556113 0.056268 0.755740
v 0.556113 0.057768 0.757240
v 0.504269 0.057768 0.757240
v 0.504269 0.056268 0.705048
v 0.556113 0.056268 0.705048
v 0.556113 0.057768 0.703548
v 0.504269 0.057768 0.703548
v 0.557613 0.057768 0.755740
v 0.557613 0.089377 0.755740
v 0.556113 0.089377 0.757240
v 0.556113 0.057768 0.757240
v 0.557613 0.057768 0.705048
v 0.557613 0.089377 0.705048
v 0.556113 0.089377 0.703548
v 0.556113 0.057768 0.703548
v 0.502769 0.057768 0.755740
v 0.502769 0.089377 0.755740
v 0.504269 0.089377 0.757240
v 0.504269 0.057768 0.757240
v 0.502769 0.057768 0.705048
v 0.502769 0.089377 0.705048
v 0.504269 0.089377 0.703548
v 0.504269 0.057768 0.703548
v 0.557613 0.089377 0.705048
v 0.557613 0.089377 0.755740
v 0.556113 0.090877 0.755740
v 0.556113 0.090877 0.705048
v 0.557613 0.057768 0.705048
v 0.557613 0.057768 0.755740
v 0.556113 0.056268 0.755740
v 0.556113 0.056268 0.705048
v 0.502769 0.089377 0.705048
v 0.502769 0.089377 0.755740
v 0.504269 0.090877 0.755740
v 0.504269 0.090877 0.705048
v 0.502769 0.057768 0.705048
v 0.502769 0.057768 0.755740
v 0.504269 0.056268 0.755740
v 0.504269 0.056268 0.705048
v 0.504269 0.057768 0.703548
v 0.504269 0.056268 0.705048
v 0.502769 0.057768 0.705048
v 0.504269 0.057768 0.757240
v 0.504269 0.056268 0.755740
v 0.502769 0.057768 0.755740
v 0.504269 0.089377 0.703548
v 0.504269 0.090877 0.705048
v 0.502769 0.089377 0.705048
v 0.504269 0.089377 0.757240
v 0.504269 0.090877 0.755740
v 0.502769 0.089377 0.755740
v 0.556113 0.057768 0.703548
v 0.556113 0.056268 0.705048
v 0.557613 0.057768 0.705048
v 0.556113 0.057768 0.757240
v 0.556113 0.056268 0.755740
v 0.557613 0.057768 0.755740
v 0.556113 0.089377 0.703548
v 0.556113 0.090877 0.705048
v 0.557613 0.089377 0.705048
v 0.556113 0.089377 0.757240
v 0.556113 0.090877 0.755740
v 0.557613 0.089377 0.755740
v -0.308732 0.242739 -0.084600
v -0.279009 0.242739 -0.084600
v -0.279009 0.259572 -0.084600
v -0.308732 0.259572 -0.084600
v -0.279009 0.242739 -0.120327
v -0.308732 0.242739 -0.120327
v -0.308732 0.259572 -0.120327
v -0.279009 0.259572 -0.120327
v -0.308732 0.261072 -0.118827
v -0.279009 0.261072 -0.118827
v -0.279009 0.261072 -0.086100
v -0.308732 0.261072 -0.086100
v -0.308732 0.241239 -0.086100
v -0.279009 0.241239 -0.086100
v -0.279009 0.241239 -0.118827
v -0.308732 0.241239 -0.118827
v -0.277509 0.242739 -0.118827
v -0.277509 0.242739 -0.086100
v -0.277509 0.259572 -0.086100
v -0.277509 0.259572 -0.118827
v -0.310232 0.242739 -0.086100
v -0.310232 0.242739 -0.118827
v -0.310232 0.259572 -0.118827
v -0.310232 0.259572 -0.086100
v -0.308732 0.261072 -0.086100
v -0.279009 0.261072 -0.086100
v -0.279009 0.259572 -0.084600
v -0.308732 0.259572 -0.084600
v -0.308732 0.261072 -0.118827
v -0.279009 0.261072 -0.118827
v -0.279009 0.259572 -0.120327
v -0.308732 0.259572 -0.120327
v -0.308732 0.241239 -0.086100
v -0.279009 0.241239 -0.086100
v -0.279009 0.242739 -0.084600
v -0.308732 0.242739 -0.084600
v -0.308732 0.241239 -0.118827
v -0.279009 0.241239 -0.118827
v -0.279009 0.242739 -0.120327
v -0.308732 0.242739 -0.120327
v -0.277509 0.242739 -0.086100
v -0.277509 0.259572 -0.086100
v -0.279009 0.259572 -0.084600
v -0.279009 0.242739 -0.084600
v -0.277509 0.242739 -0.118827
v -0.277509 0.259572 -0.118827
v -0.279009 0.259572 -0.120327
v -0.279009 0.242739 -0.120327
v -0.310232 0.242739 -0.086100
v -0.310232 0.259572 -0.086100
v -0.308732 0.259572 -0.084600
v -0.308732 0.242739 -0.084600
v -0.310232 0.242739 -0.118827
v -0.310232 0.259572 -0.118827
v -0.308732 0.259572 -0.120327
v -0.308732 0.242739 -0.120327
v -0.277509 0.259572 -0.118827
v -0.277509 0.259572 -0.086100
v -0.279009 0.261072 -0.086100
v -0.279009 0.261072 -0.118827
v -0.277509 0.242739 -0.118827
v -0.277509 0.242739 -0.086100
v -0.279009 0.241239 -0.086100
v -0.279009 0.241239 -0.118827
v -0.310232 0.259572 -0.118827
v -0.310232 0.259572 -0.086100
v -0.308732 0.261072 -0.086100
v -0.308732 0.261072 -0.118827
v -0.310232 0.242739 -0.118827
v -0.310232 0.242739 -0.086100
v -0.308732 0.241239 -0.086100
v -0.308732 0.241239 -0.118827
v -0.308732 0.242739 -0.120327
v -0.308732 0.241239 -0.118827
v -0.310232 0.242739 -0.118827
v -0.308732 0.242739 -0.084600
v -0.308732 0.241239 -0.086100
v -0.310232 0.242739 -0.086100
v -0.308732 0.259572 -0.120327
v -0.308732 0.261072 -0.118827
v -0.310232 0.259572 -0.118827
v -0.308732 0.259572 -0.084600
v -0.308732 0.261072 -0.086100
v -0.310232 0.259572 -0.086100
v -0.279009 0.242739 -0.120327
v -0.279009 0.241239 -0.118827
v -0.277509 0.242739 -0.118827
v -0.279009 0.242739 -0.084600
v -0.279009 0.241239 -0.086100
v -0.277509 0.242739 -0.086100
v -0.279009 0.259572 -0.120327
v -0.279009 0.261072 -0.118827
v -0.277509 0.259572 -0.118827
v -0.279009 0.259572 -0.084600
v -0.279009 0.261072 -0.086100
v -0.277509 0.259572 -0.086100
v -0.084765 0.326203 -0.339037
v -0.056482 0.326203 -0.339037
v -0.056482 0.354283 -0.339037
v -0.084765 0.354283 -0.339037
v -0.056482 0.326203 -0.361937
v -0.084765 0.326203 -0.361937
v -0.084765 0.354283 -0.361937
v -0.056482 0.354283 -0.361937
v -0.084765 0.355783 -0.360437
v -0.056482 0.355783 -0.360437
v -0.056482 0.355783 -0.340537
v -0.084765 0.355783 -0.340537
v -0.084765 0.324703 -0.340537
v -0.056482 0.324703 -0.340537
v -0.056482 0.324703 -0.360437
v -0.084765 0.324703 -0.360437
v -0.054982 0.326203 -0.360437
v -0.054982 0.326203 -0.340537
v -0.054982 0.354283 -0.340537
v -0.054982 0.354283 -0.360437
v -0.086265 0.326203 -0.340537
v -0.086265 0.326203 -0.360437
v -0.086265 0.354283 -0.360437
v -0.086265 0.354283 -0.340537
v -0.084765 0.355783 -0.340537
v -0.056482 0.355783 -0.340537
v -0.056482 0.354283 -0.339037
v -0.084765 0.354283 -0.339037
v -0.084765 0.355783 -0.360437
v -0.056482 0.355783 -0.360437
v -0.056482 0.354283 -0.361937
v -0.084765 0.354283 -0.361937
v -0.084765 0.324703 -0.340537
v -0.056482 0.324703 -0.340537
v -0.056482 0.326203 -0.339037
v -0.084765 0.326203 -0.339037
v -0.084765 0.324703 -0.360437
v -0.056482 0.324703 -0.360437
v -0.056482 0.326203 -0.361937
v -0.084765 0.326203 -0.361937
v -0.054982 0.326203 -0.340537
v -0.054982 0.354283 -0.340537
v -0.056482 0.354283 -0.339037
v -0.056482 0.326203 -0.339037
v -0.054982 0.326203 -0.360437
v -0.054982 0.354283 -0.360437
v -0.056482 0.354283 -0.361937
v -0.056482 0.326203 -0.361937
v -0.086265 0.326203 -0.340537
v -0.086265 0.354283 -0.340537
v -0.084765 0.354283 -0.339037
v -0.084765 0.326203 -0.339037
v -0.086265 0.326203 -0.360437
v -0.086265 0.354283 -0.360437
v -0.084765 0.354283 -0.361937
v -0.084765 0.326203 -0.361937
v -0.054982 0.354283 -0.360437
v -0.054982 0.354283 -0.340537
v -0.056482 0.355783 -0.340537
v -0.056482 0.355783 -0.360437
v -0.054982 0.326203 -0.360437
v -0.054982 0.326203 -0.340537
v -0.056482 0.324703 -0.340537
v -0.056482 0.324703 -0.360437
v -0.086265 0.354283 -0.360437
v -0.086265 0.354283 -0.340537
v -0.084765 0.355783 -0.340537
v -0.084765 0.355783 -0.360437
v -0.086265 0.326203 -0.360437
v -0.086265 0.326203 -0.340537
v -0.084765 0.324703 -0.340537
v -0.084765 0.324703 -0.360437
v -0.084765 0.326203 -0.361937
v -0.084765 0.324703 -0.360437
v -0.086265 0.326203 -0.360437
v -0.084765 0.326203 -0.339037
v -0.084765 0.324703 -0.340537
v -0.086265 0.326203 -0.340537
v -0.084765 0.354283 -0.361937
v -0.084765 0.355783 -0.360437
v -0.086265 0.354283 -0.360437
v -0.084765 0.354283 -0.339037
v -0.084765 0.355783 -0.340537
v -0.086265 0.354283 -0.340537
v -0.056482 0.326203 -0.361937
v -0.056482 0.324703 -0.360437
v -0.054982 0.326203 -0.360437
v -0.056482 0.326203 -0.339037
v -0.056482 0.324703 -0.340537
v -0.054982 0.326203 -0.340537
v -0.056482 0.354283 -0.361937
v -0.056482 0.355783 -0.360437
v -0.054982 0.354283 -0.360437
v -0.056482 0.354283 -0.339037
v -0.056482 0.355783 -0.340537
v -0.054982 0.354283 -0.340537
v -0.245722 0.144138 0.746162
v -0.208093 0.144138 0.746162
v -0.208093 0.164102 0.746162
v -0.245722 0.164102 0.746162
v -0.208093 0.144138 0.706862
v -0.245722 0.144138 0.706862
v -0.245722 0.164102 0.706862
v -0.208093 0.164102 0.706862
v -0.245722 0.165602 0.708362
v -0.208093 0.165602 0.708362
v -0.208093 0.165602 0.744662
v -0.245722 0.165602 0.744662
v -0.245722 0.142638 0.744662
v -0.208093 0.142638 0.744662
v -0.208093 0.142638 0.708362
v -0.245722 0.142638 0.708362
v -0.206593 0.144138 0.708362
v -0.206593 0.144138 0.744662
v -0.206593 0.164102 0.744662
v -0.206593 0.164102 0.708362
v -0.247222 0.144138 0.744662
v -0.247222 0.144138 0.708362
v -0.247222 0.164102 0.708362
v -0.247222 0.164102 0.744662
v -0.245722 0.165602 0.744662
v -0.208093 0.165602 0.744662
v -0.208093 0.164102 0.746162
v -0.245722 0.164102 0.746162
v -0.245722 0.165602 0.708362
v -0.208093 0.165602 0.708362
v -0.208093 0.164102 0.706862
v -0.245722 0.164102 0.706862
v -0.245722 0.142638 0.744662
v -0.208093 0.142638 0.744662
v -0.208093 0.144138 0.746162
v -0.245722 0.144138 0.746162
v -0.245722 0.142638 0.708362
v -0.208093 0.142638 0.708362
v -0.208093 0.144138 0.706862
v -0.245722 0.144138 0.706862
v -0.206593 0.144138 0.744662
v -0.206593 0.164102 0.744662
v -0.208093 0.164102 0.746162
v -0.208093 0.144138 0.746162
v -0.206593 0.144138 0.708362
v -0.206593 0.164102 0.708362
v -0.208093 0.164102 0.706862
v -0.208093 0.144138 0.706862
v -0.247222 0.144138 0.744662
v -0.247222 0.164102 0.744662
v -0.245722 0.164102 0.746162
v -0.245722 0.144138 0.746162
v -0.247222 0.144138 0.708362
v -0.247222 0.164102 0.708362
v -0.245722 0.164102 0.706862
v -0.245722 0.144138 0.706862
v -0.206593 0.164102 0.708362
v -0.206593 0.164102 0.744662
v -0.208093 0.165602 0.744662
v -0.208093 0.165602 0.708362
v -0.206593 0.144138 0.708362
v -0.206593 0.144138 0.744662
v -0.208093 0.142638 0.744662
v -0.208093 0.142638 0.708362
v -0.247222 0.164102 0.708362
v -0.247222 0.164102 0.744662
v -0.245722 0.165602 0.744662
v -0.245722 0.165602 0.708362
v -0.247222 0.144138 0.708362
v -0.247222 0.144138 0.744662
v -0.245722 0.142638 0.744662
v -0.245722 0.142638 0.708362
v -0.245722 0.144138 0.706862
v -0.245722 0.142638 0.708362
v -0.247222 0.144138 0.708362
v -0.245722 0.144138 0.746162
v -0.245722 0.142638 0.744662
v -0.247222 0.144138 0.744662
v -0.245722 0.164102 0.706862
v -0.245722 0.165602 0.708362
v -0.247222 0.164102 0.708362
v -0.245722 0.164102 0.746162
v -0.245722 0.165602 0.744662
v -0.247222 0.164102 0.744662
v -0.208093 0.144138 0.706862
v -0.208093 0.142638 0.708362
v -0.206593 0.144138 0.708362
v -0.208093 0.144138 0.746162
v -0.208093 0.142638 0.744662
v -0.206593 0.144138 0.744662
v -0.208093 0.164102 0.706862
v -0.208093 0.165602 0.708362
v -0.206593 0.164102 0.708362
v -0.208093 0.164102 0.746162
v -0.208093 0.165602 0.744662
v -0.206593 0.164102 0.744662
v -0.608348 0.097139 0.542515
v -0.591293 0.097139 0.542515
v -0.591293 0.110114 0.542515
v -0.608348 0.110114 0.542515
v -0.591293 0.097139 0.525948
v -0.608348 0.097139 0.525948
v -0.608348 0.110114 0.525948
v -0.591293 0.110114 0.525948
v -0.608348 0.111614 0.527448
v -0.591293 0.111614 0.527448
v -0.591293 0.111614 0.541015
v -0.608348 0.111614 0.541015
v -0.608348 0.095639 0.541015
v -0.591293 0.095639 0.541015
v -0.591293 0.095639 0.527448
v -0.608348 0.095639 0.527448
v -0.589793 0.097139 0.527448
v -0.589793 0.097139 0.541015
v -0.589793 0.110114 0.541015
v -0.589793 0.110114 0.527448
v -0.609848 0.097139 0.541015
v -0.609848 0.097139 0.527448
v -0.609848 0.110114 0.527448
v -0.609848 0.110114 0.541015
v -0.608348 0.111614 0.541015
v -0.591293 0.111614 0.541015
v -0.591293 0.110114 0.542515
v -0.608348 0.110114 0.542515
v -0.608348 0.111614 0.527448
v -0.591293 0.111614 0.527448
v -0.591293 0.110114 0.525948
v -0.608348 0.110114 0.525948
v -0.608348 0.095639 0.541015
v -0.591293 0.095639 0.541015
v -0.591293 0.097139 0.542515
v -0.608348 0.097139 0.542515
v -0.608348 0.095639 0.527448
v -0.591293 0.095639 0.527448
v -0.591293 0.097139 0.525948
v -0.608348 0.097139 0.525948
v -0.589793 0.097139 0.541015
v -0.589793 0.110114 0.541015
v -0.591293 0.110114 0.542515
v -0.591293 0.097139 0.542515
v -0.589793 0.097139 0.527448
v -0.589793 0.110114 0.527448
v -0.591293 0.110114 0.525948
v -0.591293 0.097139 0.525948
v -0.609848 0.097139 0.541015
v -0.609848 0.110114 0.541015
v -0.608348 0.110114 0.542515
v -0.608348 0.097139 0.542515
v -0.609848 0.097139 0.527448
v -0.609848 0.110114 0.527448
v -0.608348 0.110114 0.525948
v -0.608348 0.097139 0.525948
v -0.589793 0.110114 0.527448
v -0.589793 0.110114 0.541015
v -0.591293 0.111614 0.541015
v -0.591293 0.111614 0.527448
v -0.589793 0.097139 0.527448
v -0.589793 0.097139 0.541015
v -0.591293 0.095639 0.541015
v -0.591293 0.095639 0.527448
v -0.609848 0.110114 0.527448
v -0.609848 0.110114 0.541015
v -0.608348 0.111614 0.541015
v -0.608348 0.111614 0.527448
v -0.609848 0.097139 0.527448
v -0.609848 0.097139 0.541015
v -0.608348 0.095639 0.541015
v -0.608348 0.095639 0.527448
v -0.608348 0.097139 0.525948
v -0.608348 0.095639 0.527448
v -0.609848 0.097139 0.527448
v -0.608348 0.097139 0.542515
v -0.608348 0.095639 0.541015
v -0.609848 0.097139 0.541015
v -0.608348 0.110114 0.525948
v -0.608348 0.111614 0.527448
v -0.609848 0.110114 0.527448
v -0.608348 0.110114 0.542515
v -0.608348 0.111614 0.541015
v -0.609848 0.110114 0.541015
v -0.591293 0.097139 0.525948
v -0.591293 0.095639 0.527448
v -0.589793 0.097139 0.527448
v -0.591293 0.097139 0.542515
v -0.591293 0.095639 0.541015
v -0.589793 0.097139 0.541015
v -0.591293 0.110114 0.525948
v -0.591293 0.111614 0.527448
v -0.589793 0.110114 0.527448
v -0.591293 0.110114 0.542515
v -0.591293 0.111614 0.541015
v -0.589793 0.110114 0.541015
v 0.633802 0.096131 0.533219
v 0.670103 0.096131 0.533219
v 0.670103 0.115479 0.533219
v 0.633802 0.115479 0.533219
v 0.670103 0.096131 0.494858
v 0.633802 0.096131 0.494858
v 0.633802 0.115479 0.494858
v 0.670103 0.115479 0.494858
v 0.633802 0.116979 0.496358
v 0.670103 0.116979 0.496358
v 0.670103 0.116979 0.531719
v 0.633802 0.116979 0.531719
v 0.633802 0.094631 0.531719
v 0.670103 0.094631 0.531719
v 0.670103 0.094631 0.496358
v 0.633802 0.094631 0.496358
v 0.671603 0.096131 0.496358
v 0.671603 0.096131 0.531719
v 0.671603 0.115479 0.531719
v 0.671603 0.115479 0.496358
v 0.632302 0.096131 0.531719
v 0.632302 0.096131 0.496358
v 0.632302 0.115479 0.496358
v 0.632302 0.115479 0.531719
v 0.633802 0.116979 0.531719
v 0.670103 0.116979 0.531719
v 0.670103 0.115479 0.533219
v 0.633802 0.115479 0.533219
v 0.633802 0.116979 0.496358
v 0.670103 0.116979 0.496358
v 0.670103 0.115479 0.494858
v 0.633802 0.115479 0.494858
v 0.633802 0.094631 0.531719
v 0.670103 0.094631 0.531719
v 0.670103 0.096131 0.533219
v 0.633802 0.096131 0.533219
v 0.633802 0.094631 0.496358
v 0.670103 0.094631 0.496358
v 0.670103 0.096131 0.494858
v 0.633802 0.096131 0.494858
v 0.671603 0.096131 0.531719
v 0.671603 0.115479 0.531719
v 0.670103 0.115479 0.533219
v 0.670103 0.096131 0.533219
v 0.671603 0.096131 0.496358
v 0.671603 0.115479 0.496358
v 0.670103 0.115479 0.494858
v 0.670103 0.096131 0.494858
v 0.632302 0.096131 0.531719
v 0.632302 0.115479 0.531719
v 0.633802 0.115479 0.533219
v 0.633802 0.096131 0.533219
v 0.632302 0.096131 0.496358
v 0.632302 0.115479 0.496358
v 0.633802 0.115479 0.494858
v 0.633802 0.096131 0.494858
v 0.671603 0.115479 0.496358
v 0.671603 0.115479 0.531719
v 0.670103 0.116979 0.531719
v 0.670103 0.116979 0.496358
v 0.671603 0.096131 0.496358
v 0.671603 0.096131 0.531719
v 0.670103 0.094631 0.531719
v 0.670103 0.094631 0.496358
v 0.632302 0.115479 0.496358
v 0.632302 0.115479 0.531719
v 0.633802 0.116979 0.531719
v 0.633802 0.116979 0.496358
v 0.632302 0.096131 0.496358
v 0.632302 0.096131 0.531719
v 0.633802 0.094631 0.531719
v 0.633802 0.094631 0.496358
v 0.633802 0.096131 0.494858
v 0.633802 0.094631 0.496358
v 0.632302 0.096131 0.496358
v 0.633802 0.096131 0.533219
v 0.633802 0.094631 0.531719
v 0.632302 0.096131 0.531719
v 0.633802 0.115479 0.494858
v 0.633802 0.116979 0.496358
v 0.632302 0.115479 0.496358
v 0.633802 0.115479 0.533219
v 0.633802 0.116979 0.531719
v 0.632302 0.115479 0.531719
v 0.670103 0.096131 0.494858
v 0.670103 0.094631 0.496358
v 0.671603 0.096131 0.496358
v 0.670103 0.096131 0.533219
v 0.670103 0.094631 0.531719
v 0.671603 0.096131 0.531719
v 0.670103 0.115479 0.494858
v 0.670103 0.116979 0.496358
v 0.671603 0.115479 0.496358
v 0.670103 0.115479 0.533219
v 0.670103 0.116979 0.531719
v 0.671603 0.115479 0.531719
v 0.746584 0.034164 -0.626450
v 0.775924 0.034164 -0.626450
v 0.775924 0.062335 -0.626450
v 0.746584 0.062335 -0.626450
v 0.775924 0.034164 -0.658589
v 0.746584 0.034164 -0.658589
v 0.746584 0.062335 -0.658589
v 0.775924 0.062335 -0.658589
v 0.746584 0.063835 -0.657089
v 0.775924 0.063835 -0.657089
v 0.775924 0.063835 -0.627950
v 0.746584 0.063835 -0.627950
v 0.746584 0.032664 -0.627950
v 0.775924 0.032664 -0.627950
v 0.775924 0.032664 -0.657089
v 0.746584 0.032664 -0.657089
v 0.777424 0.034164 -0.657089
v 0.777424 0.034164 -0.627950
v 0.777424 0.062335 -0.627950
v 0.777424 0.062335 -0.657089
v 0.745084 0.034164 -0.627950
v 0.745084 0.034164 -0.657089
v 0.745084 0.062335 -0.657089
v 0.745084 0.062335 -0.627950
v 0.746584 0.063835 -0.627950
v 0.775924 0.063835 -0.627950
v 0.775924 0.062335 -0.626450
v 0.746584 0.062335 -0.626450
v 0.746584 0.063835 -0.657089
v 0.775924 0.063835 -0.657089
v 0.775924 0.062335 -0.658589
v 0.746584 0.062335 -0.658589
v 0.746584 0.032664 -0.627950
v 0.775924 0.032664 -0.627950
v 0.775924 0.034164 -0.626450
v 0.746584 0.034164 -0.626450
v 0.746584 0.032664 -0.657089
v 0.775924 0.032664 -0.657089
v 0.775924 0.034164 -0.658589
v 0.746584 0.034164 -0.658589
v 0.777424 0.034164 -0.627950
v 0.777424 0.062335 -0.627950
v 0.775924 0.062335 -0.626450
v 0.775924 0.034164 -0.626450
v 0.777424 0.034164 -0.657089
v 0.777424 0.062335 -0.657089
v 0.775924 0.062335 -0.658589
v 0.775924 0.034164 -0.658589
v 0.745084 0.034164 -0.627950
v 0.745084 0.062335 -0.627950
v 0.746584 0.062335 -0.626450
v 0.746584 0.034164 -0.626450
v 0.745084 0.034164 -0.657089
v 0.745084 0.062335 -0.657089
v 0.746584 0.062335 -0.658589
v 0.746584 0.034164 -0.658589
v 0.777424 0.062335 -0.657089
v 0.777424 0.062335 -0.627950
v 0.775924 0.063835 -0.627950
v 0.775924 0.063835 -0.657089
v 0.777424 0.034164 -0.657089
v 0.777424 0.034164 -0.627950
v 0.775924 0.032664 -0.627950
v 0.775924 0.032664 -0.657089
v 0.745084 0.062335 -0.657089
v 0.745084 0.062335 -0.627950
v 0.746584 0.063835 -0.627950
v 0.746584 0.063835 -0.657089
v 0.745084 0.034164 -0.657089
v 0.745084 0.034164 -0.627950
v 0.746584 0.032664 -0.627950
v 0.746584 0.032664 -0.657089
v 0.746584 0.034164 -0.658589
v 0.746584 0.032664 -0.657089
v 0.745084 0.034164 -0.657089
v 0.746584 0.034164 -0.626450
v 0.746584 0.032664 -0.627950
v 0.745084 0.034164 -0.627950
v 0.746584 0.062335 -0.658589
v 0.746584 0.063835 -0.657089
v 0.745084 0.062335 -0.657089
v 0.746584 0.062335 -0.626450
v 0.746584 0.063835 -0.627950
v 0.745084 0.062335 -0.627950
v 0.775924 0.034164 -0.658589
v 0.775924 0.032664 -0.657089
v 0.777424 0.034164 -0.657089
v 0.775924 0.034164 -0.626450
v 0.775924 0.032664 -0.627950
v 0.777424 0.034164 -0.627950
v 0.775924 0.062335 -0.658589
v 0.775924 0.063835 -0.657089
v 0.777424 0.062335 -0.657089
v 0.775924 0.062335 -0.626450
v 0.775924 0.063835 -0.627950
v 0.777424 0.062335 -0.627950
v 0.533087 0.250426 0.017690
v 0.572273 0.250426 0.017690
v 0.572273 0.282981 0.017690
v 0.533087 0.282981 0.017690
v 0.572273 0.250426 -0.012937
v 0.533087 0.250426 -0.012937
v 0.533087 0.282981 -0.012937
v 0.572273 0.282981 -0.012937
v 0.533087 0.284481 -0.011437
v 0.572273 0.284481 -0.011437
v 0.572273 0.284481 0.016190
v 0.533087 0.284481 0.016190
v 0.533087 0.248926 0.016190
v 0.572273 0.248926 0.016190
v 0.572273 0.248926 -0.011437
v 0.533087 0.248926 -0.011437
v 0.573773 0.250426 -0.011437
v 0.573773 0.250426 0.016190
v 0.573773 0.282981 0.016190
v 0.573773 0.282981 -0.011437
v 0.531587 0.250426 0.016190
v 0.531587 0.250426 -0.011437
v 0.531587 0.282981 -0.011437
v 0.531587 0.282981 0.016190
v 0.533087 0.284481 0.016190
v 0.572273 0.284481 0.016190
v 0.572273 0.282981 0.017690
v 0.533087 0.282981 0.017690
v 0.533087 0.284481 -0.011437
v 0.572273 0.284481 -0.011437
v 0.572273 0.282981 -0.012937
v 0.533087 0.282981 -0.012937
v 0.533087 0.248926 0.016190
v 0.572273 0.248926 0.016190
v 0.572273 0.250426 0.017690
v 0.533087 0.250426 0.017690
v 0.533087 0.248926 -0.011437
v 0.572273 0.248926 -0.011437
v 0.572273 0.250426 -0.012937
v 0.533087 0.250426 -0.012937
v 0.573773 0.250426 0.016190
v 0.573773 0.282981 0.016190
v 0.572273 0.282981 0.017690
v 0.572273 0.250426 0.017690
v 0.573773 0.250426 -0.011437
v 0.573773 0.282981 -0.011437
v 0.572273 0.282981 -0.012937
v 0.572273 0.250426 -0.012937
v 0.531587 0.250426 0.016190
v 0.531587 0.282981 0.016190
v 0.533087 0.282981 0.017690
v 0.533087 0.250426 0.017690
v 0.531587 0.250426 -0.011437
v 0.531587 0.282981 -0.011437
v 0.533087 0.282981 -0.012937
v 0.533087 0.250426 -0.012937
v 0.573773 0.282981 -0.011437
v 0.573773 0.282981 0.016190
v 0.572273 0.284481 0.016190
v 0.572273 0.284481 -0.011437
v 0.573773 0.250426 -0.011437
v 0.573773 0.250426 0.016190
v 0.572273 0.248926 0.016190
v 0.572273 0.248926 -0.011437
v 0.531587 0.282981 -0.011437
v 0.531587 0.282981 0.016190
v 0.533087 0.284481 0.016190
v 0.533087 0.284481 -0.011437
v 0.531587 0.250426 -0.011437
v 0.531587 0.250426 0.016190
v 0.533087 0.248926 0.016190
v 0.533087 0.248926 -0.011437
v 0.533087 0.250426 -0.012937
v 0.533087 0.248926 -0.011437
v 0.531587 0.250426 -0.011437
v 0.533087 0.250426 0.017690
v 0.533087 0.248926 0.016190
v 0.531587 0.250426 0.016190
v 0.533087 0.282981 -0.012937
v 0.533087 0.284481 -0.011437
v 0.531587 0.282981 -0.011437
v 0.533087 0.282981 0.017690
v 0.533087 0.284481 0.016190
v 0.531587 0.282981 0.016190
v 0.572273 0.250426 -0.012937
v 0.572273 0.248926 -0.011437
v 0.573773 0.250426 -0.011437
v 0.572273 0.250426 0.017690
v 0.572273 0.248926 0.016190
v 0.573773 0.250426 0.016190
v 0.572273 0.282981 -0.012937
v 0.572273 0.284481 -0.011437
v 0.573773 0.282981 -0.011437
v 0.572273 0.282981 0.017690
v 0.572273 0.284481 0.016190
v 0.573773 0.282981 0.016190
v -0.665993 0.096126 0.291380
v -0.632425 0.096126 0.291380
v -0.632425 0.121452 0.291380
v -0.665993 0.121452 0.291380
v -0.632425 0.096126 0.250669
v -0.665993 0.096126 0.250669
v -0.665993 0.121452 0.250669
v -0.632425 0.121452 0.250669
v -0.665993 0.122952 0.252169
v -0.632425 0.122952 0.252169
v -0.632425 0.122952 0.289880
v -0.665993 0.122952 0.289880
v -0.665993 0.094626 0.289880
v -0.632425 0.094626 0.289880
v -0.632425 0.094626 0.252169
v -0.665993 0.094626 0.252169
v -0.630925 0.096126 0.252169
v -0.630925 0.096126 0.289880
v -0.630925 0.121452 0.289880
v -0.630925 0.121452 0.252169
v -0.667493 0.096126 0.289880
v -0.667493 0.096126 0.252169
v -0.667493 0.121452 0.252169
v -0.667493 0.121452 0.289880
v -0.665993 0.122952 0.289880
v -0.632425 0.122952 0.289880
v -0.632425 0.121452 0.291380
v -0.665993 0.121452 0.291380
v -0.665993 0.122952 0.252169
v -0.632425 0.122952 0.252169
v -0.632425 0.121452 0.250669
v -0.665993 0.121452 0.250669
v -0.665993 0.094626 0.289880
v -0.632425 0.094626 0.289880
v -0.632425 0.096126 0.291380
v -0.665993 0.096126 0.291380
v -0.665993 0.094626 0.252169
v -0.632425 0.094626 0.252169
v -0.632425 0.096126 0.250669
v -0.665993 0.096126 0.250669
v -0.630925 0.096126 0.289880
v -0.630925 0.121452 0.289880
v -0.632425 0.121452 0.291380
v -0.632425 0.096126 0.291380
v -0.630925 0.096126 0.252169
v -0.630925 0.121452 0.252169
v -0.632425 0.121452 0.250669
v -0.632425 0.096126 0.250669
v -0.667493 0.096126 0.289880
v -0.667493 0.121452 0.289880
v -0.665993 0.121452 0.291380
v -0.665993 0.096126 0.291380
v -0.667493 0.096126 0.252169
v -0.667493 0.121452 0.252169
v -0.665993 0.121452 0.250669
v -0.665993 0.096126 0.250669
v -0.630925 0.121452 0.252169
v -0.630925 0.121452 0.289880
v -0.632425 0.122952 0.289880
v -0.632425 0.122952 0.252169
v -0.630925 0.096126 0.252169
v -0.630925 0.096126 0.289880
v -0.632425 0.094626 0.289880
v -0.632425 0.094626 0.252169
v -0.667493 0.121452 0.252169
v -0.667493 0.121452 0.289880
v -0.665993 0.122952 0.289880
v -0.665993 0.122952 0.252169
v -0.667493 0.096126 0.252169
v -0.667493 0.096126 0.289880
v -0.665993 0.094626 0.289880
v -0.665993 0.094626 0.252169
v -0.665993 0.096126 0.250669
v -0.665993 0.094626 0.252169
v -0.667493 0.096126 0.252169
v -0.665993 0.096126 0.291380
v -0.665993 0.094626 0.289880
v -0.667493 0.096126 0.289880
v -0.665993 0.121452 0.250669
v -0.665993 0.122952 0.252169
v -0.667493 0.121452 0.252169
v -0.665993 0.121452 0.291380
v -0.665993 0.122952 0.289880
v -0.667493 0.121452 0.289880
v -0.632425 0.096126 0.250669
v -0.632425 0.094626 0.252169
v -0.630925 0.096126 0.252169
v -0.632425 0.096126 0.291380
v -0.632425 0.094626 0.289880
v -0.630925 0.096126 0.289880
v -0.632425 0.121452 0.250669
v -0.632425 0.122952 0.252169
v -0.630925 0.121452 0.252169
v -0.632425 0.121452 0.291380
v -0.632425 0.122952 0.289880
v -0.630925 0.121452 0.289880
v 0.255705 0.232817 0.200085
v 0.276215 0.232817 0.200085
v 0.276215 0.250974 0.200085
v 0.255705 0.250974 0.200085
v 0.276215 0.232817 0.173805
v 0.255705 0.232817 0.173805
v 0.255705 0.250974 0.173805
v 0.276215 0.250974 0.173805
v 0.255705 0.252474 0.175305
v 0.276215 0.252474 0.175305
v 0.276215 0.252474 0.198585
v 0.255705 0.252474 0.198585
v 0.255705 0.231317 0.198585
v 0.276215 0.231317 0.198585
v 0.276215 0.231317 0.175305
v 0.255705 0.231317 0.175305
v 0.277715 0.232817 0.175305
v 0.277715 0.232817 0.198585
v 0.277715 0.250974 0.198585
v 0.277715 0.250974 0.175305
v 0.254205 0.232817 0.198585
v 0.254205 0.232817 0.175305
v 0.254205 0.250974 0.175305
v 0.254205 0.250974 0.198585
v 0.255705 0.252474 0.198585
v 0.276215 0.252474 0.198585
v 0.276215 0.250974 0.200085
v 0.255705 0.250974 0.200085
v 0.255705 0.252474 0.175305
v 0.276215 0.252474 0.175305
v 0.276215 0.250974 0.173805
v 0.255705 0.250974 0.173805
v 0.255705 0.231317 0.198585
v 0.276215 0.231317 0.198585
v 0.276215 0.232817 0.200085
v 0.255705 0.232817 0.200085
v 0.255705 0.231317 0.175305
v 0.276215 0.231317 0.175305
v 0.276215 0.232817 0.173805
v 0.255705 0.232817 0.173805
v 0.277715 0.232817 0.198585
v 0.277715 0.250974 0.198585
v 0.276215 0.250974 0.200085
v 0.276215 0.232817 0.200085
v 0.277715 0.232817 0.175305
v 0.277715 0.250974 0.175305
v 0.276215 0.250974 0.173805
v 0.276215 0.232817 0.173805
v 0.254205 0.232817 0.198585
v 0.254205 0.250974 0.198585
v 0.255705 0.250974 0.200085
v 0.255705 0.232817 0.200085
v 0.254205 0.232817 0.175305
v 0.254205 0.250974 0.175305
v 0.255705 0.250974 0.173805
v 0.255705 0.232817 0.173805
v 0.277715 0.250974 0.175305
v 0.277715 0.250974 0.198585
v 0.276215 0.252474 0.198585
v 0.276215 0.252474 0.175305
v 0.277715 0.232817 0.175305
v 0.277715 0.232817 0.198585
v 0.276215 0.231317 0.198585
v 0.276215 0.231317 0.175305
v 0.254205 0.250974 0.175305
v 0.254205 0.250974 0.198585
v 0.255705 0.252474 0.198585
v 0.255705 0.252474 0.175305
v 0.254205 0.232817 0.175305
v 0.254205 0.232817 0.198585
v 0.255705 0.231317 0.198585
v 0.255705 0.231317 0.175305
v 0.255705 0.232817 0.173805
v 0.255705 0.231317 0.175305
v 0.254205 0.232817 0.175305
v 0.255705 0.232817 0.200085
v 0.255705 0.231317 0.198585
v 0.254205 0.232817 0.198585
v 0.255705 0.250974 0.173805
v 0.255705 0.252474 0.175305
v 0.254205 0.250974 0.175305
v 0.255705 0.250974 0.200085
v 0.255705 0.252474 0.198585
v 0.254205 0.250974 0.198585
v 0.276215 0.232817 0.173805
v 0.276215 0.231317 0.175305
v 0.277715 0.232817 0.175305
v 0.276215 0.232817 0.200085
v 0.276215 0.231317 0.198585
v 0.277715 0.232817 0.198585
v 0.276215 0.250974 0.173805
v 0.276215 0.252474 0.175305
v 0.277715 0.250974 0.175305
v 0.276215 0.250974 0.200085
v 0.276215 0.252474 0.198585
v 0.277715 0.250974 0.198585
v 0.821515 0.055835 0.216626
v 0.844150 0.055835 0.216626
v 0.844150 0.065931 0.216626
v 0.821515 0.065931 0.216626
v 0.844150 0.055835 0.194935
v 0.821515 0.055835 0.194935
v 0.821515 0.065931 0.194935
v 0.844150 0.065931 0.194935
v 0.821515 0.067431 0.196435
v 0.844150 0.067431 0.196435
v 0.844150 0.067431 0.215126
v 0.821515 0.067431 0.215126
v 0.821515 0.054335 0.215126
v 0.844150 0.054335 0.215126
v 0.844150 0.054335 0.196435
v 0.821515 0.054335 0.196435
v 0.845650 0.055835 0.196435
v 0.845650 0.055835 0.215126
v 0.845650 0.065931 0.215126
v 0.845650 0.065931 0.196435
v 0.820015 0.055835 0.215126
v 0.820015 0.055835 0.196435
v 0.820015 0.065931 0.196435
v 0.820015 0.065931 0.215126
v 0.821515 0.067431 0.215126
v 0.844150 0.067431 0.215126
v 0.844150 0.065931 0.216626
v 0.821515 0.065931 0.216626
v 0.821515 0.067431 0.196435
v 0.844150 0.067431 0.196435
v 0.844150 0.065931 0.194935
v 0.821515 0.065931 0.194935
v 0.821515 0.054335 0.215126
v 0.844150 0.054335 0.215126
v 0.844150 0.055835 0.216626
v 0.821515 0.055835 0.216626
v 0.821515 0.054335 0.196435
v 0.844150 0.054335 0.196435
v 0.844150 0.055835 0.194935
v 0.821515 0.055835 0.194935
v 0.845650 0.055835 0.215126
v 0.845650 0.065931 0.215126
v 0.844150 0.065931 0.216626
v 0.844150 0.055835 0.216626
v 0.845650 0.055835 0.196435
v 0.845650 0.065931 0.196435
v 0.844150 0.065931 0.194935
v 0.844150 0.055835 0.194935
v 0.820015 0.055835 0.215126
v 0.820015 0.065931 0.215126
v 0.821515 0.065931 0.216626
v 0.821515 0.055835 0.216626
v 0.820015 0.055835 0.196435
v 0.820015 0.065931 0.196435
v 0.821515 0.065931 0.194935
v 0.821515 0.055835 0.194935
v 0.845650 0.065931 0.196435
v 0.845650 0.065931 0.215126
v 0.844150 0.067431 0.215126
v 0.844150 0.067431 0.196435
v 0.845650 0.055835 0.196435
v 0.845650 0.055835 0.215126
v 0.844150 0.054335 0.215126
v 0.844150 0.054335 0.196435
v 0.820015 0.065931 0.196435
v 0.820015 0.065931 0.215126
v 0.821515 0.067431 0.215126
v 0.821515 0.067431 0.196435
v 0.820015 0.055835 0.196435
v 0.820015 0.055835 0.215126
v 0.821515 0.054335 0.215126
v 0.821515 0.054335 0.196435
v 0.821515 0.055835 0.194935
v 0.821515 0.054335 0.196435
v 0.820015 0.055835 0.196435
v 0.821515 0.055835 0.216626
v 0.821515 0.054335 0.215126
v 0.820015 0.055835 0.215126
v 0.821515 0.065931 0.194935
v 0.821515 0.067431 0.196435
v 0.820015 0.065931 0.196435
v 0.821515 0.065931 0.216626
v 0.821515 0.067431 0.215126
v 0.820015 0.065931 0.215126
v 0.844150 0.055835 0.194935
v 0.844150 0.054335 0.196435
v 0.845650 0.055835 0.196435
v 0.844150 0.055835 0.216626
v 0.844150 0.054335 0.215126
v 0.845650 0.055835 0.215126
v 0.844150 0.065931 0.194935
v 0.844150 0.067431 0.196435
v 0.845650 0.065931 0.196435
v 0.844150 0.065931 0.216626
v 0.844150 0.067431 0.215126
v 0.845650 0.065931 0.215126
v 0.174786 0.170246 0.400749
v 0.197805 0.170246 0.400749
v 0.197805 0.192910 0.400749
v 0.174786 0.192910 0.400749
v 0.197805 0.170246 0.379408
v 0.174786 0.170246 0.379408
v 0.174786 0.192910 0.379408
v 0.197805 0.192910 0.379408
v 0.174786 0.194410 0.380908
v 0.197805 0.194410 0.380908
v 0.197805 0.194410 0.399249
v 0.174786 0.194410 0.399249
v 0.174786 0.168746 0.399249
v 0.197805 0.168746 0.399249
v 0.197805 0.168746 0.380908
v 0.174786 0.168746 0.380908
v 0.199305 0.170246 0.380908
v 0.199305 0.170246 0.399249
v 0.199305 0.192910 0.399249
v 0.199305 0.192910 0.380908
v 0.173286 0.170246 0.399249
v 0.173286 0.170246 0.380908
v 0.173286 0.192910 0.380908
v 0.173286 0.192910 0.399249
v 0.174786 0.194410 0.399249
v 0.197805 0.194410 0.399249
v 0.197805 0.192910 0.400749
v 0.174786 0.192910 0.400749
v 0.174786 0.194410 0.380908
v 0.197805 0.194410 0.380908
v 0.197805 0.192910 0.379408
v 0.174786 0.192910 0.379408
v 0.174786 0.168746 0.399249
v 0.197805 0.168746 0.399249
v 0.197805 0.170246 0.400749
v 0.174786 0.170246 0.400749
v 0.174786 0.168746 0.380908
v 0.197805 0.168746 0.380908
v 0.197805 0.170246 0.379408
v 0.174786 0.170246 0.379408
v 0.199305 0.170246 0.399249
v 0.199305 0.192910 0.399249
v 0.197805 0.192910 0.400749
v 0.197805 0.170246 0.400749
v 0.199305 0.170246 0.380908
v 0.199305 0.192910 0.380908
v 0.197805 0.192910 0.379408
v 0.197805 0.170246 0.379408
v 0.173286 0.170246 0.399249
v 0.173286 0.192910 0.399249
v 0.174786 0.192910 0.400749
v 0.174786 0.170246 0.400749
v 0.173286 0.170246 0.380908
v 0.173286 0.192910 0.380908
v 0.174786 0.192910 0.379408
v 0.174786 0.170246 0.379408
v 0.199305 0.192910 0.380908
v 0.199305 0.192910 0.399249
v 0.197805 0.194410 0.399249
v 0.197805 0.194410 0.380908
v 0.199305 0.170246 0.380908
v 0.199305 0.170246 0.399249
v 0.197805 0.168746 0.399249
v 0.197805 0.168746 0.380908
v 0.173286 0.192910 0.380908
v 0.173286 0.192910 0.399249
v 0.174786 0.194410 0.399249
v 0.174786 0.194410 0.380908
v 0.173286 0.170246 0.380908
v 0.173286 0.170246 0.399249
v 0.174786 0.168746 0.399249
v 0.174786 0.168746 0.380908
v 0.174786 0.170246 0.379408
v 0.174786 0.168746 0.380908
v 0.173286 0.170246 0.380908
v 0.174786 0.170246 0.400749
v 0.174786 0.168746 0.399249
v 0.173286 0.170246 0.399249
v 0.174786 0.192910 0.379408
v 0.174786 0.194410 0.380908
v 0.173286 0.192910 0.380908
v 0.174786 0.192910 0.400749
v 0.174786 0.194410 0.399249
v 0.173286 0.192910 0.399249
v 0.197805 0.170246 0.379408
v 0.197805 0.168746 0.380908
v 0.199305 0.170246 0.380908
v 0.197805 0.170246 0.400749
v 0.197805 0.168746 0.399249
v 0.199305 0.170246 0.399249
v 0.197805 0.192910 0.379408
v 0.197805 0.194410 0.380908
v 0.199305 0.192910 0.380908
v 0.197805 0.192910 0.400749
v 0.197805 0.194410 0.399249
v 0.199305 0.192910 0.399249
v 0.101997 0.108603 -0.569870
v 0.121880 0.108603 -0.569870
v 0.121880 0.126890 -0.569870
v 0.101997 0.126890 -0.569870
v 0.121880 0.108603 -0.587966
v 0.101997 0.108603 -0.587966
v 0.101997 0.126890 -0.587966
v 0.121880 0.126890 -0.587966
v 0.101997 0.128390 -0.586466
v 0.121880 0.128390 -0.586466
v 0.121880 0.128390 -0.571370
v 0.101997 0.128390 -0.571370
v 0.101997 0.107103 -0.571370
v 0.121880 0.107103 -0.571370
v 0.121880 0.107103 -0.586466
v 0.101997 0.107103 -0.586466
v 0.123380 0.108603 -0.586466
v 0.123380 0.108603 -0.571370
v 0.123380 0.126890 -0.571370
v 0.123380 0.126890 -0.586466
v 0.100497 0.108603 -0.571370
v 0.100497 0.108603 -0.586466
v 0.100497 0.126890 -0.586466
v 0.100497 0.126890 -0.571370
v 0.101997 0.128390 -0.571370
v 0.121880 0.128390 -0.571370
v 0.121880 0.126890 -0.569870
v 0.101997 0.126890 -0.569870
v 0.101997 0.128390 -0.586466
v 0.121880 0.128390 -0.586466
v 0.121880 0.126890 -0.587966
v 0.101997 0.126890 -0.587966
v 0.101997 0.107103 -0.571370
v 0.121880 0.107103 -0.571370
v 0.121880 0.108603 -0.569870
v 0.101997 0.108603 -0.569870
v 0.101997 0.107103 -0.586466
v 0.121880 0.107103 -0.586466
v 0.121880 0.108603 -0.587966
v 0.101997 0.108603 -0.587966
v 0.123380 0.108603 -0.571370
v 0.123380 0.126890 -0.571370
v 0.121880 0.126890 -0.569870
v 0.121880 0.108603 -0.569870
v 0.123380 0.108603 -0.586466
v 0.123380 0.126890 -0.586466
v 0.121880 0.126890 -0.587966
v 0.121880 0.108603 -0.587966
v 0.100497 0.108603 -0.571370
v 0.100497 0.126890 -0.571370
v 0.101997 0.126890 -0.569870
v 0.101997 0.108603 -0.569870
v 0.100497 0.108603 -0.586466
v 0.100497 0.126890 -0.586466
v 0.101997 0.126890 -0.587966
v 0.101997 0.108603 -0.587966
v 0.123380 0.126890 -0.586466
v 0.123380 0.126890 -0.571370
v 0.121880 0.128390 -0.571370
v 0.121880 0.128390 -0.586466
v 0.123380 0.108603 -0.586466
v 0.123380 0.108603 -0.571370
v 0.121880 0.107103 -0.571370
v 0.121880 0.107103 -0.586466
v 0.100497 0.126890 -0.586466
v 0.100497 0.126890 -0.571370
v 0.101997 0.128390 -0.571370
v 0.101997 0.128390 -0.586466
v 0.100497 0.108603 -0.586466
v 0.100497 0.108603 -0.571370
v 0.101997 0.107103 -0.571370
v 0.101997 0.107103 -0.586466
v 0.101997 0.108603 -0.587966
v 0.101997 0.107103 -0.586466
v 0.100497 0.108603 -0.586466
v 0.101997 0.108603 -0.569870
v 0.101997 0.107103 -0.571370
v 0.100497 0.108603 -0.571370
v 0.101997 0.126890 -0.587966
v 0.101997 0.128390 -0.586466
v 0.100497 0.126890 -0.586466
v 0.101997 0.126890 -0.569870
v 0.101997 0.128390 -0.571370
v 0.100497 0.126890 -0.571370
v 0.121880 0.108603 -0.587966
v 0.121880 0.107103 -0.586466
v 0.123380 0.108603 -0.586466
v 0.121880 0.108603 -0.569870
v 0.121880 0.107103 -0.571370
v 0.123380 0.108603 -0.571370
v 0.121880 0.126890 -0.587966
v 0.121880 0.128390 -0.586466
v 0.123380 0.126890 -0.586466
v 0.121880 0.126890 -0.569870
v 0.121880 0.128390 -0.571370
v 0.123380 0.126890 -0.571370
v -0.692205 0.225098 0.018509
v -0.654320 0.225098 0.018509
v -0.654320 0.246655 0.018509
v -0.692205 0.246655 0.018509
v -0.654320 0.225098 -0.025462
v -0.692205 0.225098 -0.025462
v -0.692205 0.246655 -0.025462
v -0.654320 0.246655 -0.025462
v -0.692205 0.248155 -0.023962
v -0.654320 0.248155 -0.023962
v -0.654320 0.248155 0.017009
v -0.692205 0.248155 0.017009
v -0.692205 0.223598 0.017009
v -0.654320 0.223598 0.017009
v -0.654320 0.223598 -0.023962
v -0.692205 0.223598 -0.023962
v -0.652820 0.225098 -0.023962
v -0.652820 0.225098 0.017009
v -0.652820 0.246655 0.017009
v -0.652820 0.246655 -0.023962
v -0.693705 0.225098 0.017009
v -0.693705 0.225098 -0.023962
v -0.693705 0.246655 -0.023962
v -0.693705 0.246655 0.017009
v -0.692205 0.248155 0.017009
v -0.654320 0.248155 0.017009
v -0.654320 0.246655 0.018509
v -0.692205 0.246655 0.018509
v -0.692205 0.248155 -0.023962
v -0.654320 0.248155 -0.023962
v -0.654320 0.246655 -0.025462
v -0.692205 0.246655 -0.025462
v -0.692205 0.223598 0.017009
v -0.654320 0.223598 0.017009
v -0.654320 0.225098 0.018509
v -0.692205 0.225098 0.018509
v -0.692205 0.223598 -0.023962
v -0.654320 0.223598 -0.023962
v -0.654320 0.225098 -0.025462
v -0.692205 0.225098 -0.025462
v -0.652820 0.225098 0.017009
v -0.652820 0.246655 0.017009
v -0.654320 0.246655 0.018509
v -0.654320 0.225098 0.018509
v -0.652820 0.225098 -0.023962
v -0.652820 0.246655 -0.023962
v -0.654320 0.246655 -0.025462
v -0.654320 0.225098 -0.025462
v -0.693705 0.225098 0.017009
v -0.693705 0.246655 0.017009
v -0.692205 0.246655 0.018509
v -0.692205 0.225098 0.018509
v -0.693705 0.225098 -0.023962
v -0.693705 0.246655 -0.023962
v -0.692205 0.246655 -0.025462
v -0.692205 0.225098 -0.025462
v -0.652820 0.246655 -0.023962
v -0.652820 0.246655 0.017009
v -0.654320 0.248155 0.017009
v -0.654320 0.248155 -0.023962
v -0.652820 0.225098 -0.023962
v -0.652820 0.225098 0.017009
v -0.654320 0.223598 0.017009
v -0.654320 0.223598 -0.023962
v -0.693705 0.246655 -0.023962
v -0.693705 0.246655 0.017009
v -0.692205 0.248155 0.017009
v -0.692205 0.248155 -0.023962
v -0.693705 0.225098 -0.023962
v -0.693705 0.225098 0.017009
v -0.692205 0.223598 0.017009
v -0.692205 0.223598 -0.023962
v -0.692205 0.225098 -0.025462
v -0.692205 0.223598 -0.023962
v -0.693705 0.225098 -0.023962
v -0.692205 0.225098 0.018509
v -0.692205 0.223598 0.017009
v -0.693705 0.225098 0.017009
v -0.692205 0.246655 -0.025462
v -0.692205 0.248155 -0.023962
v -0.693705 0.246655 -0.023962
v -0.692205 0.246655 0.018509
v -0.692205 0.248155 0.017009
v -0.693705 0.246655 0.017009
v -0.654320 0.225098 -0.025462
v -0.654320 0.223598 -0.023962
v -0.652820 0.225098 -0.023962
v -0.654320 0.225098 0.018509
v -0.654320 0.223598 0.017009
v -0.652820 0.225098 0.017009
v -0.654320 0.246655 -0.025462
v -0.654320 0.248155 -0.023962
v -0.652820 0.246655 -0.023962
v -0.654320 0.246655 0.018509
v -0.654320 0.248155 0.017009
v -0.652820 0.246655 0.017009
v -0.087509 0.148364 -0.139934
v -0.049639 0.148364 -0.139934
v -0.049639 0.179175 -0.139934
v -0.087509 0.179175 -0.139934
v -0.049639 0.148364 -0.171683
v -0.087509 0.148364 -0.171683
v -0.087509 0.179175 -0.171683
v -0.049639 0.179175 -0.171683
v -0.087509 0.180675 -0.170183
v -0.049639 0.180675 -0.170183
v -0.049639 0.180675 -0.141434
v -0.087509 0.180675 -0.141434
v -0.087509 0.146864 -0.141434
v -0.049639 0.146864 -0.141434
v -0.049639 0.146864 -0.170183
v -0.087509 0.146864 -0.170183
v -0.048139 0.148364 -0.170183
v -0.048139 0.148364 -0.141434
v -0.048139 0.179175 -0.141434
v -0.048139 0.179175 -0.170183
v -0.089009 0.148364 -0.141434
v -0.089009 0.148364 -0.170183
v -0.089009 0.179175 -0.170183
v -0.089009 0.179175 -0.141434
v -0.087509 0.180675 -0.141434
v -0.049639 0.180675 -0.141434
v -0.049639 0.179175 -0.139934
v -0.087509 0.179175 -0.139934
v -0.087509 0.180675 -0.170183
v -0.049639 0.180675 -0.170183
v -0.049639 0.179175 -0.171683
v -0.087509 0.179175 -0.171683
v -0.087509 0.146864 -0.141434
v -0.049639 0.146864 -0.141434
v -0.049639 0.148364 -0.139934
v -0.087509 0.148364 -0.139934
v -0.087509 0.146864 -0.170183
v -0.049639 0.146864 -0.170183
v -0.049639 0.148364 -0.171683
v -0.087509 0.148364 -0.171683
v -0.048139 0.148364 -0.141434
v -0.048139 0.179175 -0.141434
v -0.049639 0.179175 -0.139934
v -0.049639 0.148364 -0.139934
v -0.048139 0.148364 -0.170183
v -0.048139 0.179175 -0.170183
v -0.049639 0.179175 -0.171683
v -0.049639 0.148364 -0.171683
v -0.089009 0.148364 -0.141434
v -0.089009 0.179175 -0.141434
v -0.087509 0.179175 -0.139934
v -0.087509 0.148364 -0.139934
v -0.089009 0.148364 -0.170183
v -0.089009 0.179175 -0.170183
v -0.087509 0.179175 -0.171683
v -0.087509 0.148364 -0.171683
v -0.048139 0.179175 -0.170183
v -0.048139 0.179175 -0.141434
v -0.049639 0.180675 -0.141434
v -0.049639 0.180675 -0.170183
v -0.048139 0.148364 -0.170183
v -0.048139 0.148364 -0.141434
v -0.049639 0.146864 -0.141434
v -0.049639 0.146864 -0.170183
v -0.089009 0.179175 -0.170183
v -0.089009 0.179175 -0.141434
v -0.087509 0.180675 -0.141434
v -0.087509 0.180675 -0.170183
v -0.089009 0.148364 -0.170183
v -0.089009 0.148364 -0.141434
v -0.087509 0.146864 -0.141434
v -0.087509 0.146864 -0.170183
v -0.087509 0.148364 -0.171683
v -0.087509 0.146864 -0.170183
v -0.089009 0.148364 -0.170183
v -0.087509 0.148364 -0.139934
v -0.087509 0.146864 -0.141434
v -0.089009 0.148364 -0.141434
v -0.087509 0.179175 -0.171683
v -0.087509 0.180675 -0.170183
v -0.089009 0.179175 -0.170183
v -0.087509 0.179175 -0.139934
v -0.087509 0.180675 -0.141434
v -0.089009 0.179175 -0.141434
v -0.049639 0.148364 -0.171683
v -0.049639 0.146864 -0.170183
v -0.048139 0.148364 -0.170183
v -0.049639 0.148364 -0.139934
v -0.049639 0.146864 -0.141434
v -0.048139 0.148364 -0.141434
v -0.049639 0.179175 -0.171683
v -0.049639 0.180675 -0.170183
v -0.048139 0.179175 -0.170183
v -0.049639 0.179175 -0.139934
v -0.049639 0.180675 -0.141434
v -0.048139 0.179175 -0.141434
v 0.391779 0.091286 -0.371396
v 0.420906 0.091286 -0.371396
v 0.420906 0.114441 -0.371396
v 0.391779 0.114441 -0.371396
v 0.420906 0.091286 -0.396475
v 0.391779 0.091286 -0.396475
v 0.391779 0.114441 -0.396475
v 0.420906 0.114441 -0.396475
v 0.391779 0.115941 -0.394975
v 0.420906 0.115941 -0.394975
v 0.420906 0.115941 -0.372896
v 0.391779 0.115941 -0.372896
v 0.391779 0.089786 -0.372896
v 0.420906 0.089786 -0.372896
v 0.420906 0.089786 -0.394975
v 0.391779 0.089786 -0.394975
v 0.422406 0.091286 -0.394975
v 0.422406 0.091286 -0.372896
v 0.422406 0.114441 -0.372896
v 0.422406 0.114441 -0.394975
v 0.390279 0.091286 -0.372896
v 0.390279 0.091286 -0.394975
v 0.390279 0.114441 -0.394975
v 0.390279 0.114441 -0.372896
v 0.391779 0.115941 -0.372896
v 0.420906 0.115941 -0.372896
v 0.420906 0.114441 -0.371396
v 0.391779 0.114441 -0.371396
v 0.391779 0.115941 -0.394975
v 0.420906 0.115941 -0.394975
v 0.420906 0.114441 -0.396475
v 0.391779 0.114441 -0.396475
v 0.391779 0.089786 -0.372896
v 0.420906 0.089786 -0.372896
v 0.420906 0.091286 -0.371396
v 0.391779 0.091286 -0.371396
v 0.391779 0.089786 -0.394975
v 0.420906 0.089786 -0.394975
v 0.420906 0.091286 -0.396475
v 0.391779 0.091286 -0.396475
v 0.422406 0.091286 -0.372896
v 0.422406 0.114441 -0.372896
v 0.420906 0.114441 -0.371396
v 0.420906 0.091286 -0.371396
v 0.422406 0.091286 -0.394975
v 0.422406 0.114441 -0.394975
v 0.420906 0.114441 -0.396475
v 0.420906 0.091286 -0.396475
v 0.390279 0.091286 -0.372896
v 0.390279 0.114441 -0.372896
v 0.391779 0.114441 -0.371396
v 0.391779 0.091286 -0.371396
v 0.390279 0.091286 -0.394975
v 0.390279 0.114441 -0.394975
v 0.391779 0.114441 -0.396475
v 0.391779 0.091286 -0.396475
v 0.422406 0.114441 -0.394975
v 0.422406 0.114441 -0.372896
v 0.420906 0.115941 -0.372896
v 0.420906 0.115941 -0.394975
v 0.422406 0.091286 -0.394975
v 0.422406 0.091286 -0.372896
v 0.420906 0.089786 -0.372896
v 0.420906 0.089786 -0.394975
v 0.390279 0.114441 -0.394975
v 0.390279 0.114441 -0.372896
v 0.391779 0.115941 -0.372896
v 0.391779 0.115941 -0.394975
v 0.390279 0.091286 -0.394975
v 0.390279 0.091286 -0.372896
v 0.391779 0.089786 -0.372896
v 0.391779 0.089786 -0.394975
v 0.391779 0.091286 -0.396475
v 0.391779 0.089786 -0.394975
v 0.390279 0.091286 -0.394975
v 0.391779 0.091286 -0.371396
v 0.391779 0.089786 -0.372896
v 0.390279 0.091286 -0.372896
v 0.391779 0.114441 -0.396475
v 0.391779 0.115941 -0.394975
v 0.390279 0.114441 -0.394975
v 0.391779 0.114441 -0.371396
v 0.391779 0.115941 -0.372896
v 0.390279 0.114441 -0.372896
v 0.420906 0.091286 -0.396475
v 0.420906 0.089786 -0.394975
v 0.422406 0.091286 -0.394975
v 0.420906 0.091286 -0.371396
v 0.420906 0.089786 -0.372896
v 0.422406 0.091286 -0.372896
v 0.420906 0.114441 -0.396475
v 0.420906 0.115941 -0.394975
v 0.422406 0.114441 -0.394975
v 0.420906 0.114441 -0.371396
v 0.420906 0.115941 -0.372896
v 0.422406 0.114441 -0.372896
v -0.023533 0.316452 -0.298842
v -0.003553 0.316452 -0.298842
v -0.003553 0.333946 -0.298842
v -0.023533 0.333946 -0.298842
v -0.003553 0.316452 -0.320245
v -0.023533 0.316452 -0.320245
v -0.023533 0.333946 -0.320245
v -0.003553 0.333946 -0.320245
v -0.023533 0.335446 -0.318745
v -0.003553 0.335446 -0.318745
v -0.003553 0.335446 -0.300342
v -0.023533 0.335446 -0.300342
v -0.023533 0.314952 -0.300342
v -0.003553 0.314952 -0.300342
v -0.003553 0.314952 -0.318745
v -0.023533 0.314952 -0.318745
v -0.002053 0.316452 -0.318745
v -0.002053 0.316452 -0.300342
v -0.002053 0.333946 -0.300342
v -0.002053 0.333946 -0.318745
v -0.025033 0.316452 -0.300342
v -0.025033 0.316452 -0.318745
v -0.025033 0.333946 -0.318745
v -0.025033 0.333946 -0.300342
v -0.023533 0.335446 -0.300342
v -0.003553 0.335446 -0.300342
v -0.003553 0.333946 -0.298842
v -0.023533 0.333946 -0.298842
v -0.023533 0.335446 -0.318745
v -0.003553 0.335446 -0.318745
v -0.003553 0.333946 -0.320245
v -0.023533 0.333946 -0.320245
v -0.023533 0.314952 -0.300342
v -0.003553 0.314952 -0.300342
v -0.003553 0.316452 -0.298842
v -0.023533 0.316452 -0.298842
v -0.023533 0.314952 -0.318745
v -0.003553 0.314952 -0.318745
v -0.003553 0.316452 -0.320245
v -0.023533 0.316452 -0.320245
v -0.002053 0.316452 -0.300342
v -0.002053 0.333946 -0.300342
v -0.003553 0.333946 -0.298842
v -0.003553 0.316452 -0.298842
v -0.002053 0.316452 -0.318745
v -0.002053 0.333946 -0.318745
v -0.003553 0.333946 -0.320245
v -0.003553 0.316452 -0.320245
v -0.025033 0.316452 -0.300342
v -0.025033 0.333946 -0.300342
v -0.023533 0.333946 -0.298842
v -0.023533 0.316452 -0.298842
v -0.025033 0.316452 -0.318745
v -0.025033 0.333946 -0.318745
v -0.023533 0.333946 -0.320245
v -0.023533 0.316452 -0.320245
v -0.002053 0.333946 -0.318745
v -0.002053 0.333946 -0.300342
v -0.003553 0.335446 -0.300342
v -0.003553 0.335446 -0.318745
v -0.002053 0.316452 -0.318745
v -0.002053 0.316452 -0.300342
v -0.003553 0.314952 -0.300342
v -0.003553 0.314952 -0.318745
v -0.025033 0.333946 -0.318745
v -0.025033 0.333946 -0.300342
v -0.023533 0.335446 -0.300342
v -0.023533 0.335446 -0.318745
v -0.025033 0.316452 -0.318745
v -0.025033 0.316452 -0.300342
v -0.023533 0.314952 -0.300342
v -0.023533 0.314952 -0.318745
v -0.023533 0.316452 -0.320245
v -0.023533 0.314952 -0.318745
v -0.025033 0.316452 -0.318745
v -0.023533 0.316452 -0.298842
v -0.023533 0.314952 -0.300342
v -0.025033 0.316452 -0.300342
v -0.023533 0.333946 -0.320245
v -0.023533 0.335446 -0.318745
v -0.025033 0.333946 -0.318745
v -0.023533 0.333946 -0.298842
v -0.023533 0.335446 -0.300342
v -0.025033 0.333946 -0.300342
v -0.003553 0.316452 -0.320245
v -0.003553 0.314952 -0.318745
v -0.002053 0.316452 -0.318745
v -0.003553 0.316452 -0.298842
v -0.003553 0.314952 -0.300342
v -0.002053 0.316452 -0.300342
v -0.003553 0.333946 -0.320245
v -0.003553 0.335446 -0.318745
v -0.002053 0.333946 -0.318745
v -0.003553 0.333946 -0.298842
v -0.003553 0.335446 -0.300342
v -0.002053 0.333946 -0.300342
v -0.584927 0.072708 -0.294969
v -0.551539 0.072708 -0.294969
v -0.551539 0.091490 -0.294969
v -0.584927 0.091490 -0.294969
v -0.551539 0.072708 -0.324700
v -0.584927 0.072708 -0.324700
v -0.584927 0.091490 -0.324700
v -0.551539 0.091490 -0.324700
v -0.584927 0.092990 -0.323200
v -0.551539 0.092990 -0.323200
v -0.551539 0.092990 -0.296469
v -0.584927 0.092990 -0.296469
v -0.584927 0.071208 -0.296469
v -0.551539 0.071208 -0.296469
v -0.551539 0.071208 -0.323200
v -0.584927 0.071208 -0.323200
v -0.550039 0.072708 -0.323200
v -0.550039 0.072708 -0.296469
v -0.550039 0.091490 -0.296469
v -0.550039 0.091490 -0.323200
v -0.586427 0.072708 -0.296469
v -0.586427 0.072708 -0.323200
v -0.586427 0.091490 -0.323200
v -0.586427 0.091490 -0.296469
v -0.584927 0.092990 -0.296469
v -0.551539 0.092990 -0.296469
v -0.551539 0.091490 -0.294969
v -0.584927 0.091490 -0.294969
v -0.584927 0.092990 -0.323200
v -0.551539 0.092990 -0.323200
v -0.551539 0.091490 -0.324700
v -0.584927 0.091490 -0.324700
v -0.584927 0.071208 -0.296469
v -0.551539 0.071208 -0.296469
v -0.551539 0.072708 -0.294969
v -0.584927 0.072708 -0.294969
v -0.584927 0.071208 -0.323200
v -0.551539 0.071208 -0.323200
v -0.551539 0.072708 -0.324700
v -0.584927 0.072708 -0.324700
v -0.550039 0.072708 -0.296469
v -0.550039 0.091490 -0.296469
v -0.551539 0.091490 -0.294969
v -0.551539 0.072708 -0.294969
v -0.550039 0.072708 -0.323200
v -0.550039 0.091490 -0.323200
v -0.551539 0.091490 -0.324700
v -0.551539 0.072708 -0.324700
v -0.586427 0.072708 -0.296469
v -0.586427 0.091490 -0.296469
v -0.584927 0.091490 -0.294969
v -0.584927 0.072708 -0.294969
v -0.586427 0.072708 -0.323200
v -0.586427 0.091490 -0.323200
v -0.584927 0.091490 -0.324700
v -0.584927 0.072708 -0.324700
v -0.550039 0.091490 -0.323200
v -0.550039 0.091490 -0.296469
v -0.551539 0.092990 -0.296469
v -0.551539 0.092990 -0.323200
v -0.550039 0.072708 -0.323200
v -0.550039 0.072708 -0.296469
v -0.551539 0.071208 -0.296469
v -0.551539 0.071208 -0.323200
v -0.586427 0.091490 -0.323200
v -0.586427 0.091490 -0.296469
v -0.584927 0.092990 -0.296469
v -0.584927 0.092990 -0.323200
v -0.586427 0.072708 -0.323200
v -0.586427 0.072708 -0.296469
v -0.584927 0.071208 -0.296469
v -0.584927 0.071208 -0.323200
v -0.584927 0.072708 -0.324700
v -0.584927 0.071208 -0.323200
v -0.586427 0.072708 -0.323200
v -0.584927 0.072708 -0.294969
v -0.584927 0.071208 -0.296469
v -0.586427 0.072708 -0.296469
v -0.584927 0.091490 -0.324700
v -0.584927 0.092990 -0.323200
v -0.586427 0.091490 -0.323200
v -0.584927 0.091490 -0.294969
v -0.584927 0.092990 -0.296469
v -0.586427 0.091490 -0.296469
v -0.551539 0.072708 -0.324700
v -0.551539 0.071208 -0.323200
v -0.550039 0.072708 -0.323200
v -0.551539 0.072708 -0.294969
v -0.551539 0.071208 -0.296469
v -0.550039 0.072708 -0.296469
v -0.551539 0.091490 -0.324700
v -0.551539 0.092990 -0.323200
v -0.550039 0.091490 -0.323200
v -0.551539 0.091490 -0.294969
v -0.551539 0.092990 -0.296469
v -0.550039 0.091490 -0.296469
v -0.106930 0.122442 0.081256
v -0.078542 0.122442 0.081256
v -0.078542 0.138592 0.081256
v -0.106930 0.138592 0.081256
v -0.078542 0.122442 0.046070
v -0.106930 0.122442 0.046070
v -0.106930 0.138592 0.046070
v -0.078542 0.138592 0.046070
v -0.106930 0.140092 0.047570
v -0.078542 0.140092 0.047570
v -0.078542 0.140092 0.079756
v -0.106930 0.140092 0.079756
v -0.106930 0.120942 0.079756
v -0.078542 0.120942 0.079756
v -0.078542 0.120942 0.047570
v -0.106930 0.120942 0.047570
v -0.077042 0.122442 0.047570
v -0.077042 0.122442 0.079756
v -0.077042 0.138592 0.079756
v -0.077042 0.138592 0.047570
v -0.108430 0.122442 0.079756
v -0.108430 0.122442 0.047570
v -0.108430 0.138592 0.047570
v -0.108430 0.138592 0.079756
v -0.106930 0.140092 0.079756
v -0.078542 0.140092 0.079756
v -0.078542 0.138592 0.081256
v -0.106930 0.138592 0.081256
v -0.106930 0.140092 0.047570
v -0.078542 0.140092 0.047570
v -0.078542 0.138592 0.046070
v -0.106930 0.138592 0.046070
v -0.106930 0.120942 0.079756
v -0.078542 0.120942 0.079756
v -0.078542 0.122442 0.081256
v -0.106930 0.122442 0.081256
v -0.106930 0.120942 0.047570
v -0.078542 0.120942 0.047570
v -0.078542 0.122442 0.046070
v -0.106930 0.122442 0.046070
v -0.077042 0.122442 0.079756
v -0.077042 0.138592 0.079756
v -0.078542 0.138592 0.081256
v -0.078542 0.122442 0.081256
v -0.077042 0.122442 0.047570
v -0.077042 0.138592 0.047570
v -0.078542 0.138592 0.046070
v -0.078542 0.122442 0.046070
v -0.108430 0.122442 0.079756
v -0.108430 0.138592 0.079756
v -0.106930 0.138592 0.081256
v -0.106930 0.122442 0.081256
v -0.108430 0.122442 0.047570
v -0.108430 0.138592 0.047570
v -0.106930 0.138592 0.046070
v -0.106930 0.122442 0.046070
v -0.077042 0.138592 0.047570
v -0.077042 0.138592 0.079756
v -0.078542 0.140092 0.079756
v -0.078542 0.140092 0.047570
v -0.077042 0.122442 0.047570
v -0.077042 0.122442 0.079756
v -0.078542 0.120942 0.079756
v -0.078542 0.120942 0.047570
v -0.108430 0.138592 0.047570
v -0.108430 0.138592 0.079756
v -0.106930 0.140092 0.079756
v -0.106930 0.140092 0.047570
v -0.108430 0.122442 0.047570
v -0.108430 0.122442 0.079756
v -0.106930 0.120942 0.079756
v -0.106930 0.120942 0.047570
v -0.106930 0.122442 0.046070
v -0.106930 0.120942 0.047570
v -0.108430 0.122442 0.047570
v -0.106930 0.122442 0.081256
v -0.106930 0.120942 0.079756
v -0.108430 0.122442 0.079756
v -0.106930 0.138592 0.046070
v -0.106930 0.140092 0.047570
v -0.108430 0.138592 0.047570
v -0.106930 0.138592 0.081256
v -0.106930 0.140092 0.079756
v -0.108430 0.138592 0.079756
v -0.078542 0.122442 0.046070
v -0.078542 0.120942 0.047570
v -0.077042 0.122442 0.047570
v -0.078542 0.122442 0.081256
v -0.078542 0.120942 0.079756
v -0.077042 0.122442 0.079756
v -0.078542 0.138592 0.046070
v -0.078542 0.140092 0.047570
v -0.077042 0.138592 0.047570
v -0.078542 0.138592 0.081256
v -0.078542 0.140092 0.079756
v -0.077042 0.138592 0.079756
v 0.022065 0.060782 0.059449
v 0.042168 0.060782 0.059449
v 0.042168 0.076711 0.059449
v 0.022065 0.076711 0.059449
v 0.042168 0.060782 0.033012
v 0.022065 0.060782 0.033012
v 0.022065 0.076711 0.033012
v 0.042168 0.076711 0.033012
v 0.022065 0.078211 0.034512
v 0.042168 0.078211 0.034512
v 0.042168 0.078211 0.057949
v 0.022065 0.078211 0.057949
v 0.022065 0.059282 0.057949
v 0.042168 0.059282 0.057949
v 0.042168 0.059282 0.034512
v 0.022065 0.059282 0.034512
v 0.043668 0.060782 0.034512
v 0.043668 0.060782 0.057949
v 0.043668 0.076711 0.057949
v 0.043668 0.076711 0.034512
v 0.020565 0.060782 0.057949
v 0.020565 0.060782 0.034512
v 0.020565 0.076711 0.034512
v 0.020565 0.076711 0.057949
v 0.022065 0.078211 0.057949
v 0.042168 0.078211 0.057949
v 0.042168 0.076711 0.059449
v 0.022065 0.076711 0.059449
v 0.022065 0.078211 0.034512
v 0.042168 0.078211 0.034512
v 0.042168 0.076711 0.033012
v 0.022065 0.076711 0.033012
v 0.022065 0.059282 0.057949
v 0.042168 0.059282 0.057949
v 0.042168 0.060782 0.059449
v 0.022065 0.060782 0.059449
v 0.022065 0.059282 0.034512
v 0.042168 0.059282 0.034512
v 0.042168 0.060782 0.033012
v 0.022065 0.060782 0.033012
v 0.043668 0.060782 0.057949
v 0.043668 0.076711 0.057949
v 0.042168 0.076711 0.059449
v 0.042168 0.060782 0.059449
v 0.043668 0.060782 0.034512
v 0.043668 0.076711 0.034512
v 0.042168 0.076711 0.033012
v 0.042168 0.060782 0.033012
v 0.020565 0.060782 0.057949
v 0.020565 0.076711 0.057949
v 0.022065 0.076711 0.059449
v 0.022065 0.060782 0.059449
v 0.020565 0.060782 0.034512
v 0.020565 0.076711 0.034512
v 0.022065 0.076711 0.033012
v 0.022065 0.060782 0.033012
v 0.043668 0.076711 0.034512
v 0.043668 0.076711 0.057949
v 0.042168 0.078211 0.057949
v 0.042168 0.078211 0.034512
v 0.043668 0.060782 0.034512
v 0.043668 0.060782 0.057949
v 0.042168 0.059282 0.057949
v 0.042168 0.059282 0.034512
v 0.020565 0.076711 0.034512
v 0.020565 0.076711 0.057949
v 0.022065 0.078211 0.057949
v 0.022065 0.078211 0.034512
v 0.020565 0.060782 0.034512
v 0.020565 0.060782 0.057949
v 0.022065 0.059282 0.057949
v 0.022065 0.059282 0.034512
v 0.022065 0.060782 0.033012
v 0.022065 0.059282 0.034512
v 0.020565 0.060782 0.034512
v 0.022065 0.060782 0.059449
v 0.022065 0.059282 0.057949
v 0.020565 0.060782 0.057949
v 0.022065 0.076711 0.033012
v 0.022065 0.078211 0.034512
v 0.020565 0.076711 0.034512
v 0.022065 0.076711 0.059449
v 0.022065 0.078211 0.057949
v 0.020565 0.076711 0.057949
v 0.042168 0.060782 0.033012
v 0.042168 0.059282 0.034512
v 0.043668 0.060782 0.034512
v 0.042168 0.060782 0.059449
v 0.042168 0.059282 0.057949
v 0.043668 0.060782 0.057949
v 0.042168 0.076711 0.033012
v 0.042168 0.078211 0.034512
v 0.043668 0.076711 0.034512
v 0.042168 0.076711 0.059449
v 0.042168 0.078211 0.057949
v 0.043668 0.076711 0.057949
v 0.202542 0.038227 -0.098510
v 0.226977 0.038227 -0.098510
v 0.226977 0.056164 -0.098510
v 0.202542 0.056164 -0.098510
v 0.226977 0.038227 -0.129029
v 0.202542 0.038227 -0.129029
v 0.202542 0.056164 -0.129029
v 0.226977 0.056164 -0.129029
v 0.202542 0.057664 -0.127529
v 0.226977 0.057664 -0.127529
v 0.226977 0.057664 -0.100010
v 0.202542 0.057664 -0.100010
v 0.202542 0.036727 -0.100010
v 0.226977 0.036727 -0.100010
v 0.226977 0.036727 -0.127529
v 0.202542 0.036727 -0.127529
v 0.228477 0.038227 -0.127529
v 0.228477 0.038227 -0.100010
v 0.228477 0.056164 -0.100010
v 0.228477 0.056164 -0.127529
v 0.201042 0.038227 -0.100010
v 0.201042 0.038227 -0.127529
v 0.201042 0.056164 -0.127529
v 0.201042 0.056164 -0.100010
v 0.202542 0.057664 -0.100010
v 0.226977 0.057664 -0.100010
v 0.226977 0.056164 -0.098510
v 0.202542 0.056164 -0.098510
v 0.202542 0.057664 -0.127529
v 0.226977 0.057664 -0.127529
v 0.226977 0.056164 -0.129029
v 0.202542 0.056164 -0.129029
v 0.202542 0.036727 -0.100010
v 0.226977 0.036727 -0.100010
v 0.226977 0.038227 -0.098510
v 0.202542 0.038227 -0.098510
v 0.202542 0.036727 -0.127529
v 0.226977 0.036727 -0.127529
v 0.226977 0.038227 -0.129029
v 0.202542 0.038227 -0.129029
v 0.228477 0.038227 -0.100010
v 0.228477 0.056164 -0.100010
v 0.226977 0.056164 -0.098510
v 0.226977 0.038227 -0.098510
v 0.228477 0.038227 -0.127529
v 0.228477 0.056164 -0.127529
v 0.226977 0.056164 -0.129029
v 0.226977 0.038227 -0.129029
v 0.201042 0.038227 -0.100010
v 0.201042 0.056164 -0.100010
v 0.202542 0.056164 -0.098510
v 0.202542 0.038227 -0.098510
v 0.201042 0.038227 -0.127529
v 0.201042 0.056164 -0.127529
v 0.202542 0.056164 -0.129029
v 0.202542 0.038227 -0.129029
v 0.228477 0.056164 -0.127529
v 0.228477 0.056164 -0.100010
v 0.226977 0.057664 -0.100010
v 0.226977 0.057664 -0.127529
v 0.228477 0.038227 -0.127529
v 0.228477 0.038227 -0.100010
v 0.226977 0.036727 -0.100010
v 0.226977 0.036727 -0.127529
v 0.201042 0.056164 -0.127529
v 0.201042 0.056164 -0.100010
v 0.202542 0.057664 -0.100010
v 0.202542 0.057664 -0.127529
v 0.201042 0.038227 -0.127529
v 0.201042 0.038227 -0.100010
v 0.202542 0.036727 -0.100010
v 0.202542 0.036727 -0.127529
v 0.202542 0.038227 -0.129029
v 0.202542 0.036727 -0.127529
v 0.201042 0.038227 -0.127529
v 0.202542 0.038227 -0.098510
v 0.202542 0.036727 -0.100010
v 0.201042 0.038227 -0.100010
v 0.202542 0.056164 -0.129029
v 0.202542 0.057664 -0.127529
v 0.201042 0.056164 -0.127529
v 0.202542 0.056164 -0.098510
v 0.202542 0.057664 -0.100010
v 0.201042 0.056164 -0.100010
v 0.226977 0.038227 -0.129029
v 0.226977 0.036727 -0.127529
v 0.228477 0.038227 -0.127529
v 0.226977 0.038227 -0.098510
v 0.226977 0.036727 -0.100010
v 0.228477 0.038227 -0.100010
v 0.226977 0.056164 -0.129029
v 0.226977 0.057664 -0.127529
v 0.228477 0.056164 -0.127529
v 0.226977 0.056164 -0.098510
v 0.226977 0.057664 -0.100010
v 0.228477 0.056164 -0.100010
v -0.076395 0.365217 0.001691
v -0.037357 0.365217 0.001691
v -0.037357 0.386735 0.001691
v -0.076395 0.386735 0.001691
v -0.037357 0.365217 -0.030598
v -0.076395 0.365217 -0.030598
v -0.076395 0.386735 -0.030598
v -0.037357 0.386735 -0.030598
v -0.076395 0.388235 -0.029098
v -0.037357 0.388235 -0.029098
v -0.037357 0.388235 0.000191
v -0.076395 0.388235 0.000191
v -0.076395 0.363717 0.000191
v -0.037357 0.363717 0.000191
v -0.037357 0.363717 -0.029098
v -0.076395 0.363717 -0.029098
v -0.035857 0.365217 -0.029098
v -0.035857 0.365217 0.000191
v -0.035857 0.386735 0.000191
v -0.035857 0.386735 -0.029098
v -0.077895 0.365217 0.000191
v -0.077895 0.365217 -0.029098
v -0.077895 0.386735 -0.029098
v -0.077895 0.386735 0.000191
v -0.076395 0.388235 0.000191
v -0.037357 0.388235 0.000191
v -0.037357 0.386735 0.001691
v -0.076395 0.386735 0.001691
v -0.076395 0.388235 -0.029098
v -0.037357 0.388235 -0.029098
v -0.037357 0.386735 -0.030598
v -0.076395 0.386735 -0.030598
v -0.076395 0.363717 0.000191
v -0.037357 0.363717 0.000191
v -0.037357 0.365217 0.001691
v -0.076395 0.365217 0.001691
v -0.076395 0.363717 -0.029098
v -0.037357 0.363717 -0.029098
v -0.037357 0.365217 -0.030598
v -0.076395 0.365217 -0.030598
v -0.035857 0.365217 0.000191
v -0.035857 0.386735 0.000191
v -0.037357 0.386735 0.001691
v -0.037357 0.365217 0.001691
v -0.035857 0.365217 -0.029098
v -0.035857 0.386735 -0.029098
v -0.037357 0.386735 -0.030598
v -0.037357 0.365217 -0.030598
v -0.077895 0.365217 0.000191
v -0.077895 0.386735 0.000191
v -0.076395 0.386735 0.001691
v -0.076395 0.365217 0.001691
v -0.077895 0.365217 -0.029098
v -0.077895 0.386735 -0.029098
v -0.076395 0.386735 -0.030598
v -0.076395 0.365217 -0.030598
v -0.035857 0.386735 -0.029098
v -0.035857 0.386735 0.000191
v -0.037357 0.388235 0.000191
v -0.037357 0.388235 -0.029098
v -0.035857 0.365217 -0.029098
v -0.035857 0.365217 0.000191
v -0.037357 0.363717 0.000191
v -0.037357 0.363717 -0.029098
v -0.077895 0.386735 -0.029098
v -0.077895 0.386735 0.000191
v -0.076395 0.388235 0.000191
v -0.076395 0.388235 -0.029098
v -0.077895 0.365217 -0.029098
v -0.077895 0.365217 0.000191
v -0.076395 0.363717 0.000191
v -0.076395 0.363717 -0.029098
v -0.076395 0.365217 -0.030598
v -0.076395 0.363717 -0.029098
v -0.077895 0.365217 -0.029098
v -0.076395 0.365217 0.001691
v -0.076395 0.363717 0.000191
v -0.077895 0.365217 0.000191
v -0.076395 0.386735 -0.030598
v -0.076395 0.388235 -0.029098
v -0.077895 0.386735 -0.029098
v -0.076395 0.386735 0.001691
v -0.076395 0.388235 0.000191
v -0.077895 0.386735 0.000191
v -0.037357 0.365217 -0.030598
v -0.037357 0.363717 -0.029098
v -0.035857 0.365217 -0.029098
v -0.037357 0.365217 0.001691
v -0.037357 0.363717 0.000191
v -0.035857 0.365217 0.000191
v -0.037357 0.386735 -0.030598
v -0.037357 0.388235 -0.029098
v -0.035857 0.386735 -0.029098
v -0.037357 0.386735 0.001691
v -0.037357 0.388235 0.000191
v -0.035857 0.386735 0.000191
v -0.554224 0.149493 -0.497133
v -0.509517 0.149493 -0.497133
v -0.509517 0.180253 -0.497133
v -0.554224 0.180253 -0.497133
v -0.509517 0.149493 -0.553051
v -0.554224 0.149493 -0.553051
v -0.554224 0.180253 -0.553051
v -0.509517 0.180253 -0.553051
v -0.554224 0.181753 -0.551551
v -0.509517 0.181753 -0.551551
v -0.509517 0.181753 -0.498633
v -0.554224 0.181753 -0.498633
v -0.554224 0.147993 -0.498633
v -0.509517 0.147993 -0.498633
v -0.509517 0.147993 -0.551551
v -0.554224 0.147993 -0.551551
v -0.508017 0.149493 -0.551551
v -0.508017 0.149493 -0.498633
v -0.508017 0.180253 -0.498633
v -0.508017 0.180253 -0.551551
v -0.555724 0.149493 -0.498633
v -0.555724 0.149493 -0.551551
v -0.555724 0.180253 -0.551551
v -0.555724 0.180253 -0.498633
v -0.554224 0.181753 -0.498633
v -0.509517 0.181753 -0.498633
v -0.509517 0.180253 -0.497133
v -0.554224 0.180253 -0.497133
v -0.554224 0.181753 -0.551551
v -0.509517 0.181753 -0.551551
v -0.509517 0.180253 -0.553051
v -0.554224 0.180253 -0.553051
v -0.554224 0.147993 -0.498633
v -0.509517 0.147993 -0.498633
v -0.509517 0.149493 -0.497133
v -0.554224 0.149493 -0.497133
v -0.554224 0.147993 -0.551551
v -0.509517 0.147993 -0.551551
v -0.509517 0.149493 -0.553051
v -0.554224 0.149493 -0.553051
v -0.508017 0.149493 -0.498633
v -0.508017 0.180253 -0.498633
v -0.509517 0.180253 -0.497133
v -0.509517 0.149493 -0.497133
v -0.508017 0.149493 -0.551551
v -0.508017 0.180253 -0.551551
v -0.509517 0.180253 -0.553051
v -0.509517 0.149493 -0.553051
v -0.555724 0.149493 -0.498633
v -0.555724 0.180253 -0.498633
v -0.554224 0.180253 -0.497133
v -0.554224 0.149493 -0.497133
v -0.555724 0.149493 -0.551551
v -0.555724 0.180253 -0.551551
v -0.554224 0.180253 -0.553051
v -0.554224 0.149493 -0.553051
v -0.508017 0.180253 -0.551551
v -0.508017 0.180253 -0.498633
v -0.509517 0.181753 -0.498633
v -0.509517 0.181753 -0.551551
v -0.508017 0.149493 -0.551551
v -0.508017 0.149493 -0.498633
v -0.509517 0.147993 -0.498633
v -0.509517 0.147993 -0.551551
v -0.555724 0.180253 -0.551551
v -0.555724 0.180253 -0.498633
v -0.554224 0.181753 -0.498633
v -0.554224 0.181753 -0.551551
v -0.555724 0.149493 -0.551551
v -0.555724 0.149493 -0.498633
v -0.554224 0.147993 -0.498633
v -0.554224 0.147993 -0.551551
v -0.554224 0.149493 -0.553051
v -0.554224 0.147993 -0.551551
v -0.555724 0.149493 -0.551551
v -0.554224 0.149493 -0.497133
v -0.554224 0.147993 -0.498633
v -0.555724 0.149493 -0.498633
v -0.554224 0.180253 -0.553051
v -0.554224 0.181753 -0.551551
v -0.555724 0.180253 -0.551551
v -0.554224 0.180253 -0.497133
v -0.554224 0.181753 -0.498633
v -0.555724 0.180253 -0.498633
v -0.509517 0.149493 -0.553051
v -0.509517 0.147993 -0.551551
v -0.508017 0.149493 -0.551551
v -0.509517 0.149493 -0.497133
v -0.509517 0.147993 -0.498633
v -0.508017 0.149493 -0.498633
v -0.509517 0.180253 -0.553051
v -0.509517 0.181753 -0.551551
v -0.508017 0.180253 -0.551551
v -0.509517 0.180253 -0.497133
v -0.509517 0.181753 -0.498633
v -0.508017 0.180253 -0.498633
v 0.075411 0.059112 -0.006014
v 0.107914 0.059112 -0.006014
v 0.107914 0.085201 -0.006014
v 0.075411 0.085201 -0.006014
v 0.107914 0.059112 -0.036770
v 0.075411 0.059112 -0.036770
v 0.075411 0.085201 -0.036770
v 0.107914 0.085201 -0.036770
v 0.075411 0.086701 -0.035270
v 0.107914 0.086701 -0.035270
v 0.107914 0.086701 -0.007514
v 0.075411 0.086701 -0.007514
v 0.075411 0.057612 -0.007514
v 0.107914 0.057612 -0.007514
v 0.107914 0.057612 -0.035270
v 0.075411 0.057612 -0.035270
v 0.109414 0.059112 -0.035270
v 0.109414 0.059112 -0.007514
v 0.109414 0.085201 -0.007514
v 0.109414 0.085201 -0.035270
v 0.073911 0.059112 -0.007514
v 0.073911 0.059112 -0.035270
v 0.073911 0.085201 -0.035270
v 0.073911 0.085201 -0.007514
v 0.075411 0.086701 -0.007514
v 0.107914 0.086701 -0.007514
v 0.107914 0.085201 -0.006014
v 0.075411 0.085201 -0.006014
v 0.075411 0.086701 -0.035270
v 0.107914 0.086701 -0.035270
v 0.107914 0.085201 -0.036770
v 0.075411 0.085201 -0.036770
v 0.075411 0.057612 -0.007514
v 0.107914 0.057612 -0.007514
v 0.107914 0.059112 -0.006014
v 0.075411 0.059112 -0.006014
v 0.075411 0.057612 -0.035270
v 0.107914 0.057612 -0.035270
v 0.107914 0.059112 -0.036770
v 0.075411 0.059112 -0.036770
v 0.109414 0.059112 -0.007514
v 0.109414 0.085201 -0.007514
v 0.107914 0.085201 -0.006014
v 0.107914 0.059112 -0.006014
v 0.109414 0.059112 -0.035270
v 0.109414 0.085201 -0.035270
v 0.107914 0.085201 -0.036770
v 0.107914 0.059112 -0.036770
v 0.073911 0.059112 -0.007514
v 0.073911 0.085201 -0.007514
v 0.075411 0.085201 -0.006014
v 0.075411 0.059112 -0.006014
v 0.073911 0.059112 -0.035270
v 0.073911 0.085201 -0.035270
v 0.075411 0.085201 -0.036770
v 0.075411 0.059112 -0.036770
v 0.109414 0.085201 -0.035270
v 0.109414 0.085201 -0.007514
v 0.107914 0.086701 -0.007514
v 0.107914 0.086701 -0.035270
v 0.109414 0.059112 -0.035270
v 0.109414 0.059112 -0.007514
v 0.107914 0.057612 -0.007514
v 0.107914 0.057612 -0.035270
v 0.073911 0.085201 -0.035270
v 0.073911 0.085201 -0.007514
v 0.075411 0.086701 -0.007514
v 0.075411 0.086701 -0.035270
v 0.073911 0.059112 -0.035270
v 0.073911 0.059112 -0.007514
v 0.075411 0.057612 -0.007514
v 0.075411 0.057612 -0.035270
v 0.075411 0.059112 -0.036770
v 0.075411 0.057612 -0.035270
v 0.073911 0.059112 -0.035270
v 0.075411 0.059112 -0.006014
v 0.075411 0.057612 -0.007514
v 0.073911 0.059112 -0.007514
v 0.075411 0.085201 -0.036770
v 0.075411 0.086701 -0.035270
v 0.073911 0.085201 -0.035270
v 0.075411 0.085201 -0.006014
v 0.075411 0.086701 -0.007514
v 0.073911 0.085201 -0.007514
v 0.107914 0.059112 -0.036770
v 0.107914 0.057612 -0.035270
v 0.109414 0.059112 -0.035270
v 0.107914 0.059112 -0.006014
v 0.107914 0.057612 -0.007514
v 0.109414 0.059112 -0.007514
v 0.107914 0.085201 -0.036770
v 0.107914 0.086701 -0.035270
v 0.109414 0.085201 -0.035270
v 0.107914 0.085201 -0.006014
v 0.107914 0.086701 -0.007514
v 0.109414 0.085201 -0.007514
v 0.030772 0.175364 -0.006641
v 0.049565 0.175364 -0.006641
v 0.049565 0.189680 -0.006641
v 0.030772 0.189680 -0.006641
v 0.049565 0.175364 -0.028179
v 0.030772 0.175364 -0.028179
v 0.030772 0.189680 -0.028179
v 0.049565 0.189680 -0.028179
v 0.030772 0.191180 -0.026679
v 0.049565 0.191180 -0.026679
v 0.049565 0.191180 -0.008141
v 0.030772 0.191180 -0.008141
v 0.030772 0.173864 -0.008141
v 0.049565 0.173864 -0.008141
v 0.049565 0.173864 -0.026679
v 0.030772 0.173864 -0.026679
v 0.051065 0.175364 -0.026679
v 0.051065 0.175364 -0.008141
v 0.051065 0.189680 -0.008141
v 0.051065 0.189680 -0.026679
v 0.029272 0.175364 -0.008141
v 0.029272 0.175364 -0.026679
v 0.029272 0.189680 -0.026679
v 0.029272 0.189680 -0.008141
v 0.030772 0.191180 -0.008141
v 0.049565 0.191180 -0.008141
v 0.049565 0.189680 -0.006641
v 0.030772 0.189680 -0.006641
v 0.030772 0.191180 -0.026679
v 0.049565 0.191180 -0.026679
v 0.049565 0.189680 -0.028179
v 0.030772 0.189680 -0.028179
v 0.030772 0.173864 -0.008141
v 0.049565 0.173864 -0.008141
v 0.049565 0.175364 -0.006641
v 0.030772 0.175364 -0.006641
v 0.030772 0.173864 -0.026679
v 0.049565 0.173864 -0.026679
v 0.049565 0.175364 -0.028179
v 0.030772 0.175364 -0.028179
v 0.051065 0.175364 -0.008141
v 0.051065 0.189680 -0.008141
v 0.049565 0.189680 -0.006641
v 0.049565 0.175364 -0.006641
v 0.051065 0.175364 -0.026679
v 0.051065 0.189680 -0.026679
v 0.049565 0.189680 -0.028179
v 0.049565 0.175364 -0.028179
v 0.029272 0.175364 -0.008141
v 0.029272 0.189680 -0.008141
v 0.030772 0.189680 -0.006641
v 0.030772 0.175364 -0.006641
v 0.029272 0.175364 -0.026679
v 0.029272 0.189680 -0.026679
v 0.030772 0.189680 -0.028179
v 0.030772 0.175364 -0.028179
v 0.051065 0.189680 -0.026679
v 0.051065 0.189680 -0.008141
v 0.049565 0.191180 -0.008141
v 0.049565 0.191180 -0.026679
v 0.051065 0.175364 -0.026679
v 0.051065 0.175364 -0.008141
v 0.049565 0.173864 -0.008141
v 0.049565 0.173864 -0.026679
v 0.029272 0.189680 -0.026679
v 0.029272 0.189680 -0.008141
v 0.030772 0.191180 -0.008141
v 0.030772 0.191180 -0.026679
v 0.029272 0.175364 -0.026679
v 0.029272 0.175364 -0.008141
v 0.030772 0.173864 -0.008141
v 0.030772 0.173864 -0.026679
v 0.030772 0.175364 -0.028179
v 0.030772 0.173864 -0.026679
v 0.029272 0.175364 -0.026679
v 0.030772 0.175364 -0.006641
v 0.030772 0.173864 -0.008141
v 0.029272 0.175364 -0.008141
v 0.030772 0.189680 -0.028179
v 0.030772 0.191180 -0.026679
v 0.029272 0.189680 -0.026679
v 0.030772 0.189680 -0.006641
v 0.030772 0.191180 -0.008141
v 0.029272 0.189680 -0.008141
v 0.049565 0.175364 -0.028179
v 0.049565 0.173864 -0.026679
v 0.051065 0.175364 -0.026679
v 0.049565 0.175364 -0.006641
v 0.049565 0.173864 -0.008141
v 0.051065 0.175364 -0.008141
v 0.049565 0.189680 -0.028179
v 0.049565 0.191180 -0.026679
v 0.051065 0.189680 -0.026679
v 0.049565 0.189680 -0.006641
v 0.049565 0.191180 -0.008141
v 0.051065 0.189680 -0.008141
v 0.566097 0.141667 0.284678
v 0.594351 0.141667 0.284678
v 0.594351 0.154734 0.284678
v 0.566097 0.154734 0.284678
v 0.594351 0.141667 0.250244
v 0.566097 0.141667 0.250244
v 0.566097 0.154734 0.250244
v 0.594351 0.154734 0.250244
v 0.566097 0.156234 0.251744
v 0.594351 0.156234 0.251744
v 0.594351 0.156234 0.283178
v 0.566097 0.156234 0.283178
v 0.566097 0.140167 0.283178
v 0.594351 0.140167 0.283178
v 0.594351 0.140167 0.251744
v 0.566097 0.140167 0.251744
v 0.595851 0.141667 0.251744
v 0.595851 0.141667 0.283178
v 0.595851 0.154734 0.283178
v 0.595851 0.154734 0.251744
v 0.564597 0.141667 0.283178
v 0.564597 0.141667 0.251744
v 0.564597 0.154734 0.251744
v 0.564597 0.154734 0.283178
v 0.566097 0.156234 0.283178
v 0.594351 0.156234 0.283178
v 0.594351 0.154734 0.284678
v 0.566097 0.154734 0.284678
v 0.566097 0.156234 0.251744
v 0.594351 0.156234 0.251744
v 0.594351 0.154734 0.250244
v 0.566097 0.154734 0.250244
v 0.566097 0.140167 0.283178
v 0.594351 0.140167 0.283178
v 0.594351 0.141667 0.284678
v 0.566097 0.141667 0.284678
v 0.566097 0.140167 0.251744
v 0.594351 0.140167 0.251744
v 0.594351 0.141667 0.250244
v 0.566097 0.141667 0.250244
v 0.595851 0.141667 0.283178
v 0.595851 0.154734 0.283178
v 0.594351 0.154734 0.284678
v 0.594351 0.141667 0.284678
v 0.595851 0.141667 0.251744
v 0.595851 0.154734 0.251744
v 0.594351 0.154734 0.250244
v 0.594351 0.141667 0.250244
v 0.564597 0.141667 0.283178
v 0.564597 0.154734 0.283178
v 0.566097 0.154734 0.284678
v 0.566097 0.141667 0.284678
v 0.564597 0.141667 0.251744
v 0.564597 0.154734 0.251744
v 0.566097 0.154734 0.250244
v 0.566097 0.141667 0.250244
v 0.595851 0.154734 0.251744
v 0.595851 0.154734 0.283178
v 0.594351 0.156234 0.283178
v 0.594351 0.156234 0.251744
v 0.595851 0.141667 0.251744
v 0.595851 0.141667 0.283178
v 0.594351 0.140167 0.283178
v 0.594351 0.140167 0.251744
v 0.564597 0.154734 0.251744
v 0.564597 0.154734 0.283178
v 0.566097 0.156234 0.283178
v 0.566097 0.156234 0.251744
v 0.564597 0.141667 0.251744
v 0.564597 0.141667 0.283178
v 0.566097 0.140167 0.283178
v 0.566097 0.140167 0.251744
v 0.566097 0.141667 0.250244
v 0.566097 0.140167 0.251744
v 0.564597 0.141667 0.251744
v 0.566097 0.141667 0.284678
v 0.566097 0.140167 0.283178
v 0.564597 0.141667 0.283178
v 0.566097 0.154734 0.250244
v 0.566097 0.156234 0.251744
v 0.564597 0.154734 0.251744
v 0.566097 0.154734 0.284678
v 0.566097 0.156234 0.283178
v 0.564597 0.154734 0.283178
v 0.594351 0.141667 0.250244
v 0.594351 0.140167 0.251744
v 0.595851 0.141667 0.251744
v 0.594351 0.141667 0.284678
v 0.594351 0.140167 0.283178
v 0.595851 0.141667 0.283178
v 0.594351 0.154734 0.250244
v 0.594351 0.156234 0.251744
v 0.595851 0.154734 0.251744
v 0.594351 0.154734 0.284678
v 0.594351 0.156234 0.283178
v 0.595851 0.154734 0.283178
v -0.081308 0.300411 -0.023619
v -0.035010 0.300411 -0.023619
v -0.035010 0.343067 -0.023619
v -0.081308 0.343067 -0.023619
v -0.035010 0.300411 -0.079762
v -0.081308 0.300411 -0.079762
v -0.081308 0.343067 -0.079762
v -0.035010 0.343067 -0.079762
v -0.081308 0.344567 -0.078262
v -0.035010 0.344567 -0.078262
v -0.035010 0.344567 -0.025119
v -0.081308 0.344567 -0.025119
v -0.081308 0.298911 -0.025119
v -0.035010 0.298911 -0.025119
v -0.035010 0.298911 -0.078262
v -0.081308 0.298911 -0.078262
v -0.033510 0.300411 -0.078262
v -0.033510 0.300411 -0.025119
v -0.033510 0.343067 -0.025119
v -0.033510 0.343067 -0.078262
v -0.082808 0.300411 -0.025119
v -0.082808 0.300411 -0.078262
v -0.082808 0.343067 -0.078262
v -0.082808 0.343067 -0.025119
v -0.081308 0.344567 -0.025119
v -0.035010 0.344567 -0.025119
v -0.035010 0.343067 -0.023619
v -0.081308 0.343067 -0.023619
v -0.081308 0.344567 -0.078262
v -0.035010 0.344567 -0.078262
v -0.035010 0.343067 -0.079762
v -0.081308 0.343067 -0.079762
v -0.081308 0.298911 -0.025119
v -0.035010 0.298911 -0.025119
v -0.035010 0.300411 -0.023619
v -0.081308 0.300411 -0.023619
v -0.081308 0.298911 -0.078262
v -0.035010 0.298911 -0.078262
v -0.035010 0.300411 -0.079762
v -0.081308 0.300411 -0.079762
v -0.033510 0.300411 -0.025119
v -0.033510 0.343067 -0.025119
v -0.035010 0.343067 -0.023619
v -0.035010 0.300411 -0.023619
v -0.033510 0.300411 -0.078262
v -0.033510 0.343067 -0.078262
v -0.035010 0.343067 -0.079762
v -0.035010 0.300411 -0.079762
v -0.082808 0.300411 -0.025119
v -0.082808 0.343067 -0.025119
v -0.081308 0.343067 -0.023619
v -0.081308 0.300411 -0.023619
v -0.082808 0.300411 -0.078262
v -0.082808 0.343067 -0.078262
v -0.081308 0.343067 -0.079762
v -0.081308 0.300411 -0.079762
v -0.033510 0.343067 -0.078262
v -0.033510 0.343067 -0.025119
v -0.035010 0.344567 -0.025119
v -0.035010 0.344567 -0.078262
v -0.033510 0.300411 -0.078262
v -0.033510 0.300411 -0.025119
v -0.035010 0.298911 -0.025119
v -0.035010 0.298911 -0.078262
v -0.082808 0.343067 -0.078262
v -0.082808 0.343067 -0.025119
v -0.081308 0.344567 -0.025119
v -0.081308 0.344567 -0.078262
v -0.082808 0.300411 -0.078262
v -0.082808 0.300411 -0.025119
v -0.081308 0.298911 -0.025119
v -0.081308 0.298911 -0.078262
v -0.081308 0.300411 -0.079762
v -0.081308 0.298911 -0.078262
v -0.082808 0.300411 -0.078262
v -0.081308 0.300411 -0.023619
v -0.081308 0.298911 -0.025119
v -0.082808 0.300411 -0.025119
v -0.081308 0.343067 -0.079762
v -0.081308 0.344567 -0.078262
v -0.082808 0.343067 -0.078262
v -0.081308 0.343067 -0.023619
v -0.081308 0.344567 -0.025119
v -0.082808 0.343067 -0.025119
v -0.035010 0.300411 -0.079762
v -0.035010 0.298911 -0.078262
v -0.033510 0.300411 -0.078262
v -0.035010 0.300411 -0.023619
v -0.035010 0.298911 -0.025119
v -0.033510 0.300411 -0.025119
v -0.035010 0.343067 -0.079762
v -0.035010 0.344567 -0.078262
v -0.033510 0.343067 -0.078262
v -0.035010 0.343067 -0.023619
v -0.035010 0.344567 -0.025119
v -0.033510 0.343067 -0.025119
v 0.677067 0.041860 0.132927
v 0.722987 0.041860 0.132927
v 0.722987 0.081063 0.132927
v 0.677067 0.081063 0.132927
v 0.722987 0.041860 0.090279
v 0.677067 0.041860 0.090279
v 0.677067 0.081063 0.090279
v 0.722987 0.081063 0.090279
v 0.677067 0.082563 0.091779
v 0.722987 0.082563 0.091779
v 0.722987 0.082563 0.131427
v 0.677067 0.082563 0.131427
v 0.677067 0.040360 0.131427
v 0.722987 0.040360 0.131427
v 0.722987 0.040360 0.091779
v 0.677067 0.040360 0.091779
v 0.724487 0.041860 0.091779
v 0.724487 0.041860 0.131427
v 0.724487 0.081063 0.131427
v 0.724487 0.081063 0.091779
v 0.675567 0.041860 0.131427
v 0.675567 0.041860 0.091779
v 0.675567 0.081063 0.091779
v 0.675567 0.081063 0.131427
v 0.677067 0.082563 0.131427
v 0.722987 0.082563 0.131427
v 0.722987 0.081063 0.132927
v 0.677067 0.081063 0.132927
v 0.677067 0.082563 0.091779
v 0.722987 0.082563 0.091779
v 0.722987 0.081063 0.090279
v 0.677067 0.081063 0.090279
v 0.677067 0.040360 0.131427
v 0.722987 0.040360 0.131427
v 0.722987 0.041860 0.132927
v 0.677067 0.041860 0.132927
v 0.677067 0.040360 0.091779
v 0.722987 0.040360 0.091779
v 0.722987 0.041860 0.090279
v 0.677067 0.041860 0.090279
v 0.724487 0.041860 0.131427
v 0.724487 0.081063 0.131427
v 0.722987 0.081063 0.132927
v 0.722987 0.041860 0.132927
v 0.724487 0.041860 0.091779
v 0.724487 0.081063 0.091779
v 0.722987 0.081063 0.090279
v 0.722987 0.041860 0.090279
v 0.675567 0.041860 0.131427
v 0.675567 0.081063 0.131427
v 0.677067 0.081063 0.132927
v 0.677067 0.041860 0.132927
v 0.675567 0.041860 0.091779
v 0.675567 0.081063 0.091779
v 0.677067 0.081063 0.090279
v 0.677067 0.041860 0.090279
v 0.724487 0.081063 0.091779
v 0.724487 0.081063 0.131427
v 0.722987 0.082563 0.131427
v 0.722987 0.082563 0.091779
v 0.724487 0.041860 0.091779
v 0.724487 0.041860 0.131427
v 0.722987 0.040360 0.131427
v 0.722987 0.040360 0.091779
v 0.675567 0.081063 0.091779
v 0.675567 0.081063 0.131427
v 0.677067 0.082563 0.131427
v 0.677067 0.082563 0.091779
v 0.675567 0.041860 0.091779
v 0.675567 0.041860 0.131427
v 0.677067 0.040360 0.131427
v 0.677067 0.040360 0.091779
v 0.677067 0.041860 0.090279
v 0.677067 0.040360 0.091779
v 0.675567 0.041860 0.091779
v 0.677067 0.041860 0.132927
v 0.677067 0.040360 0.131427
v 0.675567 0.041860 0.131427
v 0.677067 0.081063 0.090279
v 0.677067 0.082563 0.091779
v 0.675567 0.081063 0.091779
v 0.677067 0.081063 0.132927
v 0.677067 0.082563 0.131427
v 0.675567 0.081063 0.131427
v 0.722987 0.041860 0.090279
v 0.722987 0.040360 0.091779
v 0.724487 0.041860 0.091779
v 0.722987 0.041860 0.132927
v 0.722987 0.040360 0.131427
v 0.724487 0.041860 0.131427
v 0.722987 0.081063 0.090279
v 0.722987 0.082563 0.091779
v 0.724487 0.081063 0.091779
v 0.722987 0.081063 0.132927
v 0.722987 0.082563 0.131427
v 0.724487 0.081063 0.131427
v 0.043770 0.092645 -0.066636
v 0.078399 0.092645 -0.066636
v 0.078399 0.123084 -0.066636
v 0.043770 0.123084 -0.066636
v 0.078399 0.092645 -0.110526
v 0.043770 0.092645 -0.110526
v 0.043770 0.123084 -0.110526
v 0.078399 0.123084 -0.110526
v 0.043770 0.124584 -0.109026
v 0.078399 0.124584 -0.109026
v 0.078399 0.124584 -0.068136
v 0.043770 0.124584 -0.068136
v 0.043770 0.091145 -0.068136
v 0.078399 0.091145 -0.068136
v 0.078399 0.091145 -0.109026
v 0.043770 0.091145 -0.109026
v 0.079899 0.092645 -0.109026
v 0.079899 0.092645 -0.068136
v 0.079899 0.123084 -0.068136
v 0.079899 0.123084 -0.109026
v 0.042270 0.092645 -0.068136
v 0.042270 0.092645 -0.109026
v 0.042270 0.123084 -0.109026
v 0.042270 0.123084 -0.068136
v 0.043770 0.124584 -0.068136
v 0.078399 0.124584 -0.068136
v 0.078399 0.123084 -0.066636
v 0.043770 0.123084 -0.066636
v 0.043770 0.124584 -0.109026
v 0.078399 0.124584 -0.109026
v 0.078399 0.123084 -0.110526
v 0.043770 0.123084 -0.110526
v 0.043770 0.091145 -0.068136
v 0.078399 0.091145 -0.068136
v 0.078399 0.092645 -0.066636
v 0.043770 0.092645 -0.066636
v 0.043770 0.091145 -0.109026
v 0.078399 0.091145 -0.109026
v 0.078399 0.092645 -0.110526
v 0.043770 0.092645 -0.110526
v 0.079899 0.092645 -0.068136
v 0.079899 0.123084 -0.068136
v 0.078399 0.123084 -0.066636
v 0.078399 0.092645 -0.066636
v 0.079899 0.092645 -0.109026
v 0.079899 0.123084 -0.109026
v 0.078399 0.123084 -0.110526
v 0.078399 0.092645 -0.110526
v 0.042270 0.092645 -0.068136
v 0.042270 0.123084 -0.068136
v 0.043770 0.123084 -0.066636
v 0.043770 0.092645 -0.066636
v 0.042270 0.092645 -0.109026
v 0.042270 0.123084 -0.109026
v 0.043770 0.123084 -0.110526
v 0.043770 0.092645 -0.110526
v 0.079899 0.123084 -0.109026
v 0.079899 0.123084 -0.068136
v 0.078399 0.124584 -0.068136
v 0.078399 0.124584 -0.109026
v 0.079899 0.092645 -0.109026
v 0.079899 0.092645 -0.068136
v 0.078399 0.091145 -0.068136
v 0.078399 0.091145 -0.109026
v 0.042270 0.123084 -0.109026
v 0.042270 0.123084 -0.068136
v 0.043770 0.124584 -0.068136
v 0.043770 0.124584 -0.109026
v 0.042270 0.092645 -0.109026
v 0.042270 0.092645 -0.068136
v 0.043770 0.091145 -0.068136
v 0.043770 0.091145 -0.109026
v 0.043770 0.092645 -0.110526
v 0.043770 0.091145 -0.109026
v 0.042270 0.092645 -0.109026
v 0.043770 0.092645 -0.066636
v 0.043770 0.091145 -0.068136
v 0.042270 0.092645 -0.068136
v 0.043770 0.123084 -0.110526
v 0.043770 0.124584 -0.109026
v 0.042270 0.123084 -0.109026
v 0.043770 0.123084 -0.066636
v 0.043770 0.124584 -0.068136
v 0.042270 0.123084 -0.068136
v 0.078399 0.092645 -0.110526
v 0.078399 0.091145 -0.109026
v 0.079899 0.092645 -0.109026
v 0.078399 0.092645 -0.066636
v 0.078399 0.091145 -0.068136
v 0.079899 0.092645 -0.068136
v 0.078399 0.123084 -0.110526
v 0.078399 0.124584 -0.109026
v 0.079899 0.123084 -0.109026
v 0.078399 0.123084 -0.066636
v 0.078399 0.124584 -0.068136
v 0.079899 0.123084 -0.068136
v 0.467486 0.141219 0.219843
v 0.512559 0.141219 0.219843
v 0.512559 0.166945 0.219843
v 0.467486 0.166945 0.219843
v 0.512559 0.141219 0.184871
v 0.467486 0.141219 0.184871
v 0.467486 0.166945 0.184871
v 0.512559 0.166945 0.184871
v 0.467486 0.168445 0.186371
v 0.512559 0.168445 0.186371
v 0.512559 0.168445 0.218343
v 0.467486 0.168445 0.218343
v 0.467486 0.139719 0.218343
v 0.512559 0.139719 0.218343
v 0.512559 0.139719 0.186371
v 0.467486 0.139719 0.186371
v 0.514059 0.141219 0.186371
v 0.514059 0.141219 0.218343
v 0.514059 0.166945 0.218343
v 0.514059 0.166945 0.186371
v 0.465986 0.141219 0.218343
v 0.465986 0.141219 0.186371
v 0.465986 0.166945 0.186371
v 0.465986 0.166945 0.218343
v 0.467486 0.168445 0.218343
v 0.512559 0.168445 0.218343
v 0.512559 0.166945 0.219843
v 0.467486 0.166945 0.219843
v 0.467486 0.168445 0.186371
v 0.512559 0.168445 0.186371
v 0.512559 0.166945 0.184871
v 0.467486 0.166945 0.184871
v 0.467486 0.139719 0.218343
v 0.512559 0.139719 0.218343
v 0.512559 0.141219 0.219843
v 0.467486 0.141219 0.219843
v 0.467486 0.139719 0.186371
v 0.512559 0.139719 0.186371
v 0.512559 0.141219 0.184871
v 0.467486 0.141219 0.184871
v 0.514059 0.141219 0.218343
v 0.514059 0.166945 0.218343
v 0.512559 0.166945 0.219843
v 0.512559 0.141219 0.219843
v 0.514059 0.141219 0.186371
v 0.514059 0.166945 0.186371
v 0.512559 0.166945 0.184871
v 0.512559 0.141219 0.184871
v 0.465986 0.141219 0.218343
v 0.465986 0.166945 0.218343
v 0.467486 0.166945 0.219843
v 0.467486 0.141219 0.219843
v 0.465986 0.141219 0.186371
v 0.465986 0.166945 0.186371
v 0.467486 0.166945 0.184871
v 0.467486 0.141219 0.184871
v 0.514059 0.166945 0.186371
v 0.514059 0.166945 0.218343
v 0.512559 0.168445 0.218343
v 0.512559 0.168445 0.186371
v 0.514059 0.141219 0.186371
v 0.514059 0.141219 0.218343
v 0.512559 0.139719 0.218343
v 0.512559 0.139719 0.186371
v 0.465986 0.166945 0.186371
v 0.465986 0.166945 0.218343
v 0.467486 0.168445 0.218343
v 0.467486 0.168445 0.186371
v 0.465986 0.141219 0.186371
v 0.465986 0.141219 0.218343
v 0.467486 0.139719 0.218343
v 0.467486 0.139719 0.186371
v 0.467486 0.141219 0.184871
v 0.467486 0.139719 0.186371
v 0.465986 0.141219 0.186371
v 0.467486 0.141219 0.219843
v 0.467486 0.139719 0.218343
v 0.465986 0.141219 0.218343
v 0.467486 0.166945 0.184871
v 0.467486 0.168445 0.186371
v 0.465986 0.166945 0.186371
v 0.467486 0.166945 0.219843
v 0.467486 0.168445 0.218343
v 0.465986 0.166945 0.218343
v 0.512559 0.141219 0.184871
v 0.512559 0.139719 0.186371
v 0.514059 0.141219 0.186371
v 0.512559 0.141219 0.219843
v 0.512559 0.139719 0.218343
v 0.514059 0.141219 0.218343
v 0.512559 0.166945 0.184871
v 0.512559 0.168445 0.186371
v 0.514059 0.166945 0.186371
v 0.512559 0.166945 0.219843
v 0.512559 0.168445 0.218343
v 0.514059 0.166945 0.218343
v -0.579117 0.147439 0.086447
v -0.541489 0.147439 0.086447
v -0.541489 0.170528 0.086447
v -0.579117 0.170528 0.086447
v -0.541489 0.147439 0.038619
v -0.579117 0.147439 0.038619
v -0.579117 0.170528 0.038619
v -0.541489 0.170528 0.038619
v -0.579117 0.172028 0.040119
v -0.541489 0.172028 0.040119
v -0.541489 0.172028 0.084947
v -0.579117 0.172028 0.084947
v -0.579117 0.145939 0.084947
v -0.541489 0.145939 0.084947
v -0.541489 0.145939 0.040119
v -0.579117 0.145939 0.040119
v -0.539989 0.147439 0.040119
v -0.539989 0.147439 0.084947
v -0.539989 0.170528 0.084947
v -0.539989 0.170528 0.040119
v -0.580617 0.147439 0.084947
v -0.580617 0.147439 0.040119
v -0.580617 0.170528 0.040119
v -0.580617 0.170528 0.084947
v -0.579117 0.172028 0.084947
v -0.541489 0.172028 0.084947
v -0.541489 0.170528 0.086447
v -0.579117 0.170528 0.086447
v -0.579117 0.172028 0.040119
v -0.541489 0.172028 0.040119
v -0.541489 0.170528 0.038619
v -0.579117 0.170528 0.038619
v -0.579117 0.145939 0.084947
v -0.541489 0.145939 0.084947
v -0.541489 0.147439 0.086447
v -0.579117 0.147439 0.086447
v -0.579117 0.145939 0.040119
v -0.541489 0.145939 0.040119
v -0.541489 0.147439 0.038619
v -0.579117 0.147439 0.038619
v -0.539989 0.147439 0.084947
v -0.539989 0.170528 0.084947
v -0.541489 0.170528 0.086447
v -0.541489 0.147439 0.086447
v -0.539989 0.147439 0.040119
v -0.539989 0.170528 0.040119
v -0.541489 0.170528 0.038619
v -0.541489 0.147439 0.038619
v -0.580617 0.147439 0.084947
v -0.580617 0.170528 0.084947
v -0.579117 0.170528 0.086447
v -0.579117 0.147439 0.086447
v -0.580617 0.147439 0.040119
v -0.580617 0.170528 0.040119
v -0.579117 0.170528 0.038619
v -0.579117 0.147439 0.038619
v -0.539989 0.170528 0.040119
v -0.539989 0.170528 0.084947
v -0.541489 0.172028 0.084947
v -0.541489 0.172028 0.040119
v -0.539989 0.147439 0.040119
v -0.539989 0.147439 0.084947
v -0.541489 0.145939 0.084947
v -0.541489 0.145939 0.040119
v -0.580617 0.170528 0.040119
v -0.580617 0.170528 0.084947
v -0.579117 0.172028 0.084947
v -0.579117 0.172028 0.040119
v -0.580617 0.147439 0.040119
v -0.580617 0.147439 0.084947
v -0.579117 0.145939 0.084947
v -0.579117 0.145939 0.040119
v -0.579117 0.147439 0.038619
v -0.579117 0.145939 0.040119
v -0.580617 0.147439 0.040119
v -0.579117 0.147439 0.086447
v -0.579117 0.145939 0.084947
v -0.580617 0.147439 0.084947
v -0.579117 0.170528 0.038619
v -0.579117 0.172028 0.040119
v -0.580617 0.170528 0.040119
v -0.579117 0.170528 0.086447
v -0.579117 0.172028 0.084947
v -0.580617 0.170528 0.084947
v -0.541489 0.147439 0.038619
v -0.541489 0.145939 0.040119
v -0.539989 0.147439 0.040119
v -0.541489 0.147439 0.086447
v -0.541489 0.145939 0.084947
v -0.539989 0.147439 0.084947
v -0.541489 0.170528 0.038619
v -0.541489 0.172028 0.040119
v -0.539989 0.170528 0.040119
v -0.541489 0.170528 0.086447
v -0.541489 0.172028 0.084947
v -0.539989 0.170528 0.084947
v -0.911185 0.042050 0.059441
v -0.890922 0.042050 0.059441
v -0.890922 0.053891 0.059441
v -0.911185 0.053891 0.059441
v -0.890922 0.042050 0.041867
v -0.911185 0.042050 0.041867
v -0.911185 0.053891 0.041867
v -0.890922 0.053891 0.041867
v -0.911185 0.055391 0.043367
v -0.890922 0.055391 0.043367
v -0.890922 0.055391 0.057941
v -0.911185 0.055391 0.057941
v -0.911185 0.040550 0.057941
v -0.890922 0.040550 0.057941
v -0.890922 0.040550 0.043367
v -0.911185 0.040550 0.043367
v -0.889422 0.042050 0.043367
v -0.889422 0.042050 0.057941
v -0.889422 0.053891 0.057941
v -0.889422 0.053891 0.043367
v -0.912685 0.042050 0.057941
v -0.912685 0.042050 0.043367
v -0.912685 0.053891 0.043367
v -0.912685 0.053891 0.057941
v -0.911185 0.055391 0.057941
v -0.890922 0.055391 0.057941
v -0.890922 0.053891 0.059441
v -0.911185 0.053891 0.059441
v -0.911185 0.055391 0.043367
v -0.890922 0.055391 0.043367
v -0.890922 0.053891 0.041867
v -0.911185 0.053891 0.041867
v -0.911185 0.040550 0.057941
v -0.890922 0.040550 0.057941
v -0.890922 0.042050 0.059441
v -0.911185 0.042050 0.059441
v -0.911185 0.040550 0.043367
v -0.890922 0.040550 0.043367
v -0.890922 0.042050 0.041867
v -0.911185 0.042050 0.041867
v -0.889422 0.042050 0.057941
v -0.889422 0.053891 0.057941
v -0.890922 0.053891 0.059441
v -0.890922 0.042050 0.059441
v -0.889422 0.042050 0.043367
v -0.889422 0.053891 0.043367
v -0.890922 0.053891 0.041867
v -0.890922 0.042050 0.041867
v -0.912685 0.042050 0.057941
v -0.912685 0.053891 0.057941
v -0.911185 0.053891 0.059441
v -0.911185 0.042050 0.059441
v -0.912685 0.042050 0.043367
v -0.912685 0.053891 0.043367
v -0.911185 0.053891 0.041867
v -0.911185 0.042050 0.041867
v -0.889422 0.053891 0.043367
v -0.889422 0.053891 0.057941
v -0.890922 0.055391 0.057941
v -0.890922 0.055391 0.043367
v -0.889422 0.042050 0.043367
v -0.889422 0.042050 0.057941
v -0.890922 0.040550 0.057941
v -0.890922 0.040550 0.043367
v -0.912685 0.053891 0.043367
v -0.912685 0.053891 0.057941
v -0.911185 0.055391 0.057941
v -0.911185 0.055391 0.043367
v -0.912685 0.042050 0.043367
v -0.912685 0.042050 0.057941
v -0.911185 0.040550 0.057941
v -0.911185 0.040550 0.043367
v -0.911185 0.042050 0.041867
v -0.911185 0.040550 0.043367
v -0.912685 0.042050 0.043367
v -0.911185 0.042050 0.059441
v -0.911185 0.040550 0.057941
v -0.912685 0.042050 0.057941
v -0.911185 0.053891 0.041867
v -0.911185 0.055391 0.043367
v -0.912685 0.053891 0.043367
v -0.911185 0.053891 0.059441
v -0.911185 0.055391 0.057941
v -0.912685 0.053891 0.057941
v -0.890922 0.042050 0.041867
v -0.890922 0.040550 0.043367
v -0.889422 0.042050 0.043367
v -0.890922 0.042050 0.059441
v -0.890922 0.040550 0.057941
v -0.889422 0.042050 0.057941
v -0.890922 0.053891 0.041867
v -0.890922 0.055391 0.043367
v -0.889422 0.053891 0.043367
v -0.890922 0.053891 0.059441
v -0.890922 0.055391 0.057941
v -0.889422 0.053891 0.057941
v 0.255186 0.213235 0.298938
v 0.299957 0.213235 0.298938
v 0.299957 0.237008 0.298938
v 0.255186 0.237008 0.298938
v 0.299957 0.213235 0.253679
v 0.255186 0.213235 0.253679
v 0.255186 0.237008 0.253679
v 0.299957 0.237008 0.253679
v 0.255186 0.238508 0.255179
v 0.299957 0.238508 0.255179
v 0.299957 0.238508 0.297438
v 0.255186 0.238508 0.297438
v 0.255186 0.211735 0.297438
v 0.299957 0.211735 0.297438
v 0.299957 0.211735 0.255179
v 0.255186 0.211735 0.255179
v 0.301457 0.213235 0.255179
v 0.301457 0.213235 0.297438
v 0.301457 0.237008 0.297438
v 0.301457 0.237008 0.255179
v 0.253686 0.213235 0.297438
v 0.253686 0.213235 0.255179
v 0.253686 0.237008 0.255179
v 0.253686 0.237008 0.297438
v 0.255186 0.238508 0.297438
v 0.299957 0.238508 0.297438
v 0.299957 0.237008 0.298938
v 0.255186 0.237008 0.298938
v 0.255186 0.238508 0.255179
v 0.299957 0.238508 0.255179
v 0.299957 0.237008 0.253679
v 0.255186 0.237008 0.253679
v 0.255186 0.211735 0.297438
v 0.299957 0.211735 0.297438
v 0.299957 0.213235 0.298938
v 0.255186 0.213235 0.298938
v 0.255186 0.211735 0.255179
v 0.299957 0.211735 0.255179
v 0.299957 0.213235 0.253679
v 0.255186 0.213235 0.253679
v 0.301457 0.213235 0.297438
v 0.301457 0.237008 0.297438
v 0.299957 0.237008 0.298938
v 0.299957 0.213235 0.298938
v 0.301457 0.213235 0.255179
v 0.301457 0.237008 0.255179
v 0.299957 0.237008 0.253679
v 0.299957 0.213235 0.253679
v 0.253686 0.213235 0.297438
v 0.253686 0.237008 0.297438
v 0.255186 0.237008 0.298938
v 0.255186 0.213235 0.298938
v 0.253686 0.213235 0.255179
v 0.253686 0.237008 0.255179
v 0.255186 0.237008 0.253679
v 0.255186 0.213235 0.253679
v 0.301457 0.237008 0.255179
v 0.301457 0.237008 0.297438
v 0.299957 0.238508 0.297438
v 0.299957 0.238508 0.255179
v 0.301457 0.213235 0.255179
v 0.301457 0.213235 0.297438
v 0.299957 0.211735 0.297438
v 0.299957 0.211735 0.255179
v 0.253686 0.237008 0.255179
v 0.253686 0.237008 0.297438
v 0.255186 0.238508 0.297438
v 0.255186 0.238508 0.255179
v 0.253686 0.213235 0.255179
v 0.253686 0.213235 0.297438
v 0.255186 0.211735 0.297438
v 0.255186 0.211735 0.255179
v 0.255186 0.213235 0.253679
v 0.255186 0.211735 0.255179
v 0.253686 0.213235 0.255179
v 0.255186 0.213235 0.298938
v 0.255186 0.211735 0.297438
v 0.253686 0.213235 0.297438
v 0.255186 0.237008 0.253679
v 0.255186 0.238508 0.255179
v 0.253686 0.237008 0.255179
v 0.255186 0.237008 0.298938
v 0.255186 0.238508 0.297438
v 0.253686 0.237008 0.297438
v 0.299957 0.213235 0.253679
v 0.299957 0.211735 0.255179
v 0.301457 0.213235 0.255179
v 0.299957 0.213235 0.298938
v 0.299957 0.211735 0.297438
v 0.301457 0.213235 0.297438
v 0.299957 0.237008 0.253679
v 0.299957 0.238508 0.255179
v 0.301457 0.237008 0.255179
v 0.299957 0.237008 0.298938
v 0.299957 0.238508 0.297438
v 0.301457 0.237008 0.297438
v -0.017209 0.254570 -0.039409
v 0.019235 0.254570 -0.039409
v 0.019235 0.286947 -0.039409
v -0.017209 0.286947 -0.039409
v 0.019235 0.254570 -0.072855
v -0.017209 0.254570 -0.072855
v -0.017209 0.286947 -0.072855
v 0.019235 0.286947 -0.072855
v -0.017209 0.288447 -0.071355
v 0.019235 0.288447 -0.071355
v 0.019235 0.288447 -0.040909
v -0.017209 0.288447 -0.040909
v -0.017209 0.253070 -0.040909
v 0.019235 0.253070 -0.040909
v 0.019235 0.253070 -0.071355
v -0.017209 0.253070 -0.071355
v 0.020735 0.254570 -0.071355
v 0.020735 0.254570 -0.040909
v 0.020735 0.286947 -0.040909
v 0.020735 0.286947 -0.071355
v -0.018709 0.254570 -0.040909
v -0.018709 0.254570 -0.071355
v -0.018709 0.286947 -0.071355
v -0.018709 0.286947 -0.040909
v -0.017209 0.288447 -0.040909
v 0.019235 0.288447 -0.040909
v 0.019235 0.286947 -0.039409
v -0.017209 0.286947 -0.039409
v -0.017209 0.288447 -0.071355
v 0.019235 0.288447 -0.071355
v 0.019235 0.286947 -0.072855
v -0.017209 0.286947 -0.072855
v -0.017209 0.253070 -0.040909
v 0.019235 0.253070 -0.040909
v 0.019235 0.254570 -0.039409
v -0.017209 0.254570 -0.039409
v -0.017209 0.253070 -0.071355
v 0.019235 0.253070 -0.071355
v 0.019235 0.254570 -0.072855
v -0.017209 0.254570 -0.072855
v 0.020735 0.254570 -0.040909
v 0.020735 0.286947 -0.040909
v 0.019235 0.286947 -0.039409
v 0.019235 0.254570 -0.039409
v 0.020735 0.254570 -0.071355
v 0.020735 0.286947 -0.071355
v 0.019235 0.286947 -0.072855
v 0.019235 0.254570 -0.072855
v -0.018709 0.254570 -0.040909
v -0.018709 0.286947 -0.040909
v -0.017209 0.286947 -0.039409
v -0.017209 0.254570 -0.039409
v -0.018709 0.254570 -0.071355
v -0.018709 0.286947 -0.071355
v -0.017209 0.286947 -0.072855
v -0.017209 0.254570 -0.072855
v 0.020735 0.286947 -0.071355
v 0.020735 0.286947 -0.040909
v 0.019235 0.288447 -0.040909
v 0.019235 0.288447 -0.071355
v 0.020735 0.254570 -0.071355
v 0.020735 0.254570 -0.040909
v 0.019235 0.253070 -0.040909
v 0.019235 0.253070 -0.071355
v -0.018709 0.286947 -0.071355
v -0.018709 0.286947 -0.040909
v -0.017209 0.288447 -0.040909
v -0.017209 0.288447 -0.071355
v -0.018709 0.254570 -0.071355
v -0.018709 0.254570 -0.040909
v -0.017209 0.253070 -0.040909
v -0.017209 0.253070 -0.071355
v -0.017209 0.254570 -0.072855
v -0.017209 0.253070 -0.071355
v -0.018709 0.254570 -0.071355
v -0.017209 0.254570 -0.039409
v -0.017209 0.253070 -0.040909
v -0.018709 0.254570 -0.040909
v -0.017209 0.286947 -0.072855
v -0.017209 0.288447 -0.071355
v -0.018709 0.286947 -0.071355
v -0.017209 0.286947 -0.039409
v -0.017209 0.288447 -0.040909
v -0.018709 0.286947 -0.040909
v 0.019235 0.254570 -0.072855
v 0.019235 0.253070 -0.071355
v 0.020735 0.254570 -0.071355
v 0.019235 0.254570 -0.039409
v 0.019235 0.253070 -0.040909
v 0.020735 0.254570 -0.040909
v 0.019235 0.286947 -0.072855
v 0.019235 0.288447 -0.071355
v 0.020735 0.286947 -0.071355
v 0.019235 0.286947 -0.039409
v 0.019235 0.288447 -0.040909
v 0.020735 0.286947 -0.040909
v -0.081454 0.236792 -0.301212
v -0.035875 0.236792 -0.301212
v -0.035875 0.269438 -0.301212
v -0.081454 0.269438 -0.301212
v -0.035875 0.236792 -0.356493
v -0.081454 0.236792 -0.356493
v -0.081454 0.269438 -0.356493
v -0.035875 0.269438 -0.356493
v -0.081454 0.270938 -0.354993
v -0.035875 0.270938 -0.354993
v -0.035875 0.270938 -0.302712
v -0.081454 0.270938 -0.302712
v -0.081454 0.235292 -0.302712
v -0.035875 0.235292 -0.302712
v -0.035875 0.235292 -0.354993
v -0.081454 0.235292 -0.354993
v -0.034375 0.236792 -0.354993
v -0.034375 0.236792 -0.302712
v -0.034375 0.269438 -0.302712
v -0.034375 0.269438 -0.354993
v -0.082954 0.236792 -0.302712
v -0.082954 0.236792 -0.354993
v -0.082954 0.269438 -0.354993
v -0.082954 0.269438 -0.302712
v -0.081454 0.270938 -0.302712
v -0.035875 0.270938 -0.302712
v -0.035875 0.269438 -0.301212
v -0.081454 0.269438 -0.301212
v -0.081454 0.270938 -0.354993
v -0.035875 0.270938 -0.354993
v -0.035875 0.269438 -0.356493
v -0.081454 0.269438 -0.356493
v -0.081454 0.235292 -0.302712
v -0.035875 0.235292 -0.302712
v -0.035875 0.236792 -0.301212
v -0.081454 0.236792 -0.301212
v -0.081454 0.235292 -0.354993
v -0.035875 0.235292 -0.354993
v -0.035875 0.236792 -0.356493
v -0.081454 0.236792 -0.356493
v -0.034375 0.236792 -0.302712
v -0.034375 0.269438 -0.302712
v -0.035875 0.269438 -0.301212
v -0.035875 0.236792 -0.301212
v -0.034375 0.236792 -0.354993
v -0.034375 0.269438 -0.354993
v -0.035875 0.269438 -0.356493
v -0.035875 0.236792 -0.356493
v -0.082954 0.236792 -0.302712
v -0.082954 0.269438 -0.302712
v -0.081454 0.269438 -0.301212
v -0.081454 0.236792 -0.301212
v -0.082954 0.236792 -0.354993
v -0.082954 0.269438 -0.354993
v -0.081454 0.269438 -0.356493
v -0.081454 0.236792 -0.356493
v -0.034375 0.269438 -0.354993
v -0.034375 0.269438 -0.302712
v -0.035875 0.270938 -0.302712
v -0.035875 0.270938 -0.354993
v -0.034375 0.236792 -0.354993
v -0.034375 0.236792 -0.302712
v -0.035875 0.235292 -0.302712
v -0.035875 0.235292 -0.354993
v -0.082954 0.269438 -0.354993
v -0.082954 0.269438 -0.302712
v -0.081454 0.270938 -0.302712
v -0.081454 0.270938 -0.354993
v -0.082954 0.236792 -0.354993
v -0.082954 0.236792 -0.302712
v -0.081454 0.235292 -0.302712
v -0.081454 0.235292 -0.354993
v -0.081454 0.236792 -0.356493
v -0.081454 0.235292 -0.354993
v -0.082954 0.236792 -0.354993
v -0.081454 0.236792 -0.301212
v -0.081454 0.235292 -0.302712
v -0.082954 0.236792 -0.302712
v -0.081454 0.269438 -0.356493
v -0.081454 0.270938 -0.354993
v -0.082954 0.269438 -0.354993
v -0.081454 0.269438 -0.301212
v -0.081454 0.270938 -0.302712
v -0.082954 0.269438 -0.302712
v -0.035875 0.236792 -0.356493
v -0.035875 0.235292 -0.354993
v -0.034375 0.236792 -0.354993
v -0.035875 0.236792 -0.301212
v -0.035875 0.235292 -0.302712
v -0.034375 0.236792 -0.302712
v -0.035875 0.269438 -0.356493
v -0.035875 0.270938 -0.354993
v -0.034375 0.269438 -0.354993
v -0.035875 0.269438 -0.301212
v -0.035875 0.270938 -0.302712
v -0.034375 0.269438 -0.302712
v 0.705648 0.071591 -0.152790
v 0.753004 0.071591 -0.152790
v 0.753004 0.109231 -0.152790
v 0.705648 0.109231 -0.152790
v 0.753004 0.071591 -0.203591
v 0.705648 0.071591 -0.203591
v 0.705648 0.109231 -0.203591
v 0.753004 0.109231 -0.203591
v 0.705648 0.110731 -0.202091
v 0.753004 0.110731 -0.202091
v 0.753004 0.110731 -0.154290
v 0.705648 0.110731 -0.154290
v 0.705648 0.070091 -0.154290
v 0.753004 0.070091 -0.154290
v 0.753004 0.070091 -0.202091
v 0.705648 0.070091 -0.202091
v 0.754504 0.071591 -0.202091
v 0.754504 0.071591 -0.154290
v 0.754504 0.109231 -0.154290
v 0.754504 0.109231 -0.202091
v 0.704148 0.071591 -0.154290
v 0.704148 0.071591 -0.202091
v 0.704148 0.109231 -0.202091
v 0.704148 0.109231 -0.154290
v 0.705648 0.110731 -0.154290
v 0.753004 0.110731 -0.154290
v 0.753004 0.109231 -0.152790
v 0.705648 0.109231 -0.152790
v 0.705648 0.110731 -0.202091
v 0.753004 0.110731 -0.202091
v 0.753004 0.109231 -0.203591
v 0.705648 0.109231 -0.203591
v 0.705648 0.070091 -0.154290
v 0.753004 0.070091 -0.154290
v 0.753004 0.071591 -0.152790
v 0.705648 0.071591 -0.152790
v 0.705648 0.070091 -0.202091
v 0.753004 0.070091 -0.202091
v 0.753004 0.071591 -0.203591
v 0.705648 0.071591 -0.203591
v 0.754504 0.071591 -0.154290
v 0.754504 0.109231 -0.154290
v 0.753004 0.109231 -0.152790
v 0.753004 0.071591 -0.152790
v 0.754504 0.071591 -0.202091
v 0.754504 0.109231 -0.202091
v 0.753004 0.109231 -0.203591
v 0.753004 0.071591 -0.203591
v 0.704148 0.071591 -0.154290
v 0.704148 0.109231 -0.154290
v 0.705648 0.109231 -0.152790
v 0.705648 0.071591 -0.152790
v 0.704148 0.071591 -0.202091
v 0.704148 0.109231 -0.202091
v 0.705648 0.109231 -0.203591
v 0.705648 0.071591 -0.203591
v 0.754504 0.109231 -0.202091
v 0.754504 0.109231 -0.154290
v 0.753004 0.110731 -0.154290
v 0.753004 0.110731 -0.202091
v 0.754504 0.071591 -0.202091
v 0.754504 0.071591 -0.154290
v 0.753004 0.070091 -0.154290
v 0.753004 0.070091 -0.202091
v 0.704148 0.109231 -0.202091
v 0.704148 0.109231 -0.154290
v 0.705648 0.110731 -0.154290
v 0.705648 0.110731 -0.202091
v 0.704148 0.071591 -0.202091
v 0.704148 0.071591 -0.154290
v 0.705648 0.070091 -0.154290
v 0.705648 0.070091 -0.202091
v 0.705648 0.071591 -0.203591
v 0.705648 0.070091 -0.202091
v 0.704148 0.071591 -0.202091
v 0.705648 0.071591 -0.152790
v 0.705648 0.070091 -0.154290
v 0.704148 0.071591 -0.154290
v 0.705648 0.109231 -0.203591
v 0.705648 0.110731 -0.202091
v 0.704148 0.109231 -0.202091
v 0.705648 0.109231 -0.152790
v 0.705648 0.110731 -0.154290
v 0.704148 0.109231 -0.154290
v 0.753004 0.071591 -0.203591
v 0.753004 0.070091 -0.202091
v 0.754504 0.071591 -0.202091
v 0.753004 0.071591 -0.152790
v 0.753004 0.070091 -0.154290
v 0.754504 0.071591 -0.154290
v 0.753004 0.109231 -0.203591
v 0.753004 0.110731 -0.202091
v 0.754504 0.109231 -0.202091
v 0.753004 0.109231 -0.152790
v 0.753004 0.110731 -0.154290
v 0.754504 0.109231 -0.154290
v 0.162259 0.120962 0.086604
v 0.186011 0.120962 0.086604
v 0.186011 0.141129 0.086604
v 0.162259 0.141129 0.086604
v 0.186011 0.120962 0.058233
v 0.162259 0.120962 0.058233
v 0.162259 0.141129 0.058233
v 0.186011 0.141129 0.058233
v 0.162259 0.142629 0.059733
v 0.186011 0.142629 0.059733
v 0.186011 0.142629 0.085104
v 0.162259 0.142629 0.085104
v 0.162259 0.119462 0.085104
v 0.186011 0.119462 0.085104
v 0.186011 0.119462 0.059733
v 0.162259 0.119462 0.059733
v 0.187511 0.120962 0.059733
v 0.187511 0.120962 0.085104
v 0.187511 0.141129 0.085104
v 0.187511 0.141129 0.059733
v 0.160759 0.120962 0.085104
v 0.160759 0.120962 0.059733
v 0.160759 0.141129 0.059733
v 0.160759 0.141129 0.085104
v 0.162259 0.142629 0.085104
v 0.186011 0.142629 0.085104
v 0.186011 0.141129 0.086604
v 0.162259 0.141129 0.086604
v 0.162259 0.142629 0.059733
v 0.186011 0.142629 0.059733
v 0.186011 0.141129 0.058233
v 0.162259 0.141129 0.058233
v 0.162259 0.119462 0.085104
v 0.186011 0.119462 0.085104
v 0.186011 0.120962 0.086604
v 0.162259 0.120962 0.086604
v 0.162259 0.119462 0.059733
v 0.186011 0.119462 0.059733
v 0.186011 0.120962 0.058233
v 0.162259 0.120962 0.058233
v 0.187511 0.120962 0.085104
v 0.187511 0.141129 0.085104
v 0.186011 0.141129 0.086604
v 0.186011 0.120962 0.086604
v 0.187511 0.120962 0.059733
v 0.187511 0.141129 0.059733
v 0.186011 0.141129 0.058233
v 0.186011 0.120962 0.058233
v 0.160759 0.120962 0.085104
v 0.160759 0.141129 0.085104
v 0.162259 0.141129 0.086604
v 0.162259 0.120962 0.086604
v 0.160759 0.120962 0.059733
v 0.160759 0.141129 0.059733
v 0.162259 0.141129 0.058233
v 0.162259 0.120962 0.058233
v 0.187511 0.141129 0.059733
v 0.187511 0.141129 0.085104
v 0.186011 0.142629 0.085104
v 0.186011 0.142629 0.059733
v 0.187511 0.120962 0.059733
v 0.187511 0.120962 0.085104
v 0.186011 0.119462 0.085104
v 0.186011 0.119462 0.059733
v 0.160759 0.141129 0.059733
v 0.160759 0.141129 0.085104
v 0.162259 0.142629 0.085104
v 0.162259 0.142629 0.059733
v 0.160759 0.120962 0.059733
v 0.160759 0.120962 0.085104
v 0.162259 0.119462 0.085104
v 0.162259 0.119462 0.059733
v 0.162259 0.120962 0.058233
v 0.162259 0.119462 0.059733
v 0.160759 0.120962 0.059733
v 0.162259 0.120962 0.086604
v 0.162259 0.119462 0.085104
v 0.160759 0.120962 0.085104
v 0.162259 0.141129 0.058233
v 0.162259 0.142629 0.059733
v 0.160759 0.141129 0.059733
v 0.162259 0.141129 0.086604
v 0.162259 0.142629 0.085104
v 0.160759 0.141129 0.085104
v 0.186011 0.120962 0.058233
v 0.186011 0.119462 0.059733
v 0.187511 0.120962 0.059733
v 0.186011 0.120962 0.086604
v 0.186011 0.119462 0.085104
v 0.187511 0.120962 0.085104
v 0.186011 0.141129 0.058233
v 0.186011 0.142629 0.059733
v 0.187511 0.141129 0.059733
v 0.186011 0.141129 0.086604
v 0.186011 0.142629 0.085104
v 0.187511 0.141129 0.085104
v -0.035817 0.335494 0.038551
v 0.009664 0.335494 0.038551
v 0.009664 0.377354 0.038551
v -0.035817 0.377354 0.038551
v 0.009664 0.335494 -0.017050
v -0.035817 0.335494 -0.017050
v -0.035817 0.377354 -0.017050
v 0.009664 0.377354 -0.017050
v -0.035817 0.378854 -0.015550
v 0.009664 0.378854 -0.015550
v 0.009664 0.378854 0.037051
v -0.035817 0.378854 0.037051
v -0.035817 0.333994 0.037051
v 0.009664 0.333994 0.037051
v 0.009664 0.333994 -0.015550
v -0.035817 0.333994 -0.015550
v 0.011164 0.335494 -0.015550
v 0.011164 0.335494 0.037051
v 0.011164 0.377354 0.037051
v 0.011164 0.377354 -0.015550
v -0.037317 0.335494 0.037051
v -0.037317 0.335494 -0.015550
v -0.037317 0.377354 -0.015550
v -0.037317 0.377354 0.037051
v -0.035817 0.378854 0.037051
v 0.009664 0.378854 0.037051
v 0.009664 0.377354 0.038551
v -0.035817 0.377354 0.038551
v -0.035817 0.378854 -0.015550
v 0.009664 0.378854 -0.015550
v 0.009664 0.377354 -0.017050
v -0.035817 0.377354 -0.017050
v -0.035817 0.333994 0.037051
v 0.009664 0.333994 0.037051
v 0.009664 0.335494 0.038551
v -0.035817 0.335494 0.038551
v -0.035817 0.333994 -0.015550
v 0.009664 0.333994 -0.015550
v 0.009664 0.335494 -0.017050
v -0.035817 0.335494 -0.017050
v 0.011164 0.335494 0.037051
v 0.011164 0.377354 0.037051
v 0.009664 0.377354 0.038551
v 0.009664 0.335494 0.038551
v 0.011164 0.335494 -0.015550
v 0.011164 0.377354 -0.015550
v 0.009664 0.377354 -0.017050
v 0.009664 0.335494 -0.017050
v -0.037317 0.335494 0.037051
v -0.037317 0.377354 0.037051
v -0.035817 0.377354 0.038551
v -0.035817 0.335494 0.038551
v -0.037317 0.335494 -0.015550
v -0.037317 0.377354 -0.015550
v -0.035817 0.377354 -0.017050
v -0.035817 0.335494 -0.017050
v 0.011164 0.377354 -0.015550
v 0.011164 0.377354 0.037051
v 0.009664 0.378854 0.037051
v 0.009664 0.378854 -0.015550
v 0.011164 0.335494 -0.015550
v 0.011164 0.335494 0.037051
v 0.009664 0.333994 0.037051
v 0.009664 0.333994 -0.015550
v -0.037317 0.377354 -0.015550
v -0.037317 0.377354 0.037051
v -0.035817 0.378854 0.037051
v -0.035817 0.378854 -0.015550
v -0.037317 0.335494 -0.015550
v -0.037317 0.335494 0.037051
v -0.035817 0.333994 0.037051
v -0.035817 0.333994 -0.015550
v -0.035817 0.335494 -0.017050
v -0.035817 0.333994 -0.015550
v -0.037317 0.335494 -0.015550
v -0.035817 0.335494 0.038551
v -0.035817 0.333994 0.037051
v -0.037317 0.335494 0.037051
v -0.035817 0.377354 -0.017050
v -0.035817 0.378854 -0.015550
v -0.037317 0.377354 -0.015550
v -0.035817 0.377354 0.038551
v -0.035817 0.378854 0.037051
v -0.037317 0.377354 0.037051
v 0.009664 0.335494 -0.017050
v 0.009664 0.333994 -0.015550
v 0.011164 0.335494 -0.015550
v 0.009664 0.335494 0.038551
v 0.009664 0.333994 0.037051
v 0.011164 0.335494 0.037051
v 0.009664 0.377354 -0.017050
v 0.009664 0.378854 -0.015550
v 0.011164 0.377354 -0.015550
v 0.009664 0.377354 0.038551
v 0.009664 0.378854 0.037051
v 0.011164 0.377354 0.037051
v -0.365911 0.172357 -0.073988
v -0.316756 0.172357 -0.073988
v -0.316756 0.205270 -0.073988
v -0.365911 0.205270 -0.073988
v -0.316756 0.172357 -0.132434
v -0.365911 0.172357 -0.132434
v -0.365911 0.205270 -0.132434
v -0.316756 0.205270 -0.132434
v -0.365911 0.206770 -0.130934
v -0.316756 0.206770 -0.130934
v -0.316756 0.206770 -0.075488
v -0.365911 0.206770 -0.075488
v -0.365911 0.170857 -0.075488
v -0.316756 0.170857 -0.075488
v -0.316756 0.170857 -0.130934
v -0.365911 0.170857 -0.130934
v -0.315256 0.172357 -0.130934
v -0.315256 0.172357 -0.075488
v -0.315256 0.205270 -0.075488
v -0.315256 0.205270 -0.130934
v -0.367411 0.172357 -0.075488
v -0.367411 0.172357 -0.130934
v -0.367411 0.205270 -0.130934
v -0.367411 0.205270 -0.075488
v -0.365911 0.206770 -0.075488
v -0.316756 0.206770 -0.075488
v -0.316756 0.205270 -0.073988
v -0.365911 0.205270 -0.073988
v -0.365911 0.206770 -0.130934
v -0.316756 0.206770 -0.130934
v -0.316756 0.205270 -0.132434
v -0.365911 0.205270 -0.132434
v -0.365911 0.170857 -0.075488
v -0.316756 0.170857 -0.075488
v -0.316756 0.172357 -0.073988
v -0.365911 0.172357 -0.073988
v -0.365911 0.170857 -0.130934
v -0.316756 0.170857 -0.130934
v -0.316756 0.172357 -0.132434
v -0.365911 0.172357 -0.132434
v -0.315256 0.172357 -0.075488
v -0.315256 0.205270 -0.075488
v -0.316756 0.205270 -0.073988
v -0.316756 0.172357 -0.073988
v -0.315256 0.172357 -0.130934
v -0.315256 0.205270 -0.130934
v -0.316756 0.205270 -0.132434
v -0.316756 0.172357 -0.132434
v -0.367411 0.172357 -0.075488
v -0.367411 0.205270 -0.075488
v -0.365911 0.205270 -0.073988
v -0.365911 0.172357 -0.073988
v -0.367411 0.172357 -0.130934
v -0.367411 0.205270 -0.130934
v -0.365911 0.205270 -0.132434
v -0.365911 0.172357 -0.132434
v -0.315256 0.205270 -0.130934
v -0.315256 0.205270 -0.075488
v -0.316756 0.206770 -0.075488
v -0.316756 0.206770 -0.130934
v -0.315256 0.172357 -0.130934
v -0.315256 0.172357 -0.075488
v -0.316756 0.170857 -0.075488
v -0.316756 0.170857 -0.130934
v -0.367411 0.205270 -0.130934
v -0.367411 0.205270 -0.075488
v -0.365911 0.206770 -0.075488
v -0.365911 0.206770 -0.130934
v -0.367411 0.172357 -0.130934
v -0.367411 0.172357 -0.075488
v -0.365911 0.170857 -0.075488
v -0.365911 0.170857 -0.130934
v -0.365911 0.172357 -0.132434
v -0.365911 0.170857 -0.130934
v -0.367411 0.172357 -0.130934
v -0.365911 0.172357 -0.073988
v -0.365911 0.170857 -0.075488
v -0.367411 0.172357 -0.075488
v -0.365911 0.205270 -0.132434
v -0.365911 0.206770 -0.130934
v -0.367411 0.205270 -0.130934
v -0.365911 0.205270 -0.073988
v -0.365911 0.206770 -0.075488
v -0.367411 0.205270 -0.075488
v -0.316756 0.172357 -0.132434
v -0.316756 0.170857 -0.130934
v -0.315256 0.172357 -0.130934
v -0.316756 0.172357 -0.073988
v -0.316756 0.170857 -0.075488
v -0.315256 0.172357 -0.075488
v -0.316756 0.205270 -0.132434
v -0.316756 0.206770 -0.130934
v -0.315256 0.205270 -0.130934
v -0.316756 0.205270 -0.073988
v -0.316756 0.206770 -0.075488
v -0.315256 0.205270 -0.075488
v 0.529965 0.039831 -0.802306
v 0.570397 0.039831 -0.802306
v 0.570397 0.070001 -0.802306
v 0.529965 0.070001 -0.802306
v 0.570397 0.039831 -0.839887
v 0.529965 0.039831 -0.839887
v 0.529965 0.070001 -0.839887
v 0.570397 0.070001 -0.839887
v 0.529965 0.071501 -0.838387
v 0.570397 0.071501 -0.838387
v 0.570397 0.071501 -0.803806
v 0.529965 0.071501 -0.803806
v 0.529965 0.038331 -0.803806
v 0.570397 0.038331 -0.803806
v 0.570397 0.038331 -0.838387
v 0.529965 0.038331 -0.838387
v 0.571897 0.039831 -0.838387
v 0.571897 0.039831 -0.803806
v 0.571897 0.070001 -0.803806
v 0.571897 0.070001 -0.838387
v 0.528465 0.039831 -0.803806
v 0.528465 0.039831 -0.838387
v 0.528465 0.070001 -0.838387
v 0.528465 0.070001 -0.803806
v 0.529965 0.071501 -0.803806
v 0.570397 0.071501 -0.803806
v 0.570397 0.070001 -0.802306
v 0.529965 0.070001 -0.802306
v 0.529965 0.071501 -0.838387
v 0.570397 0.071501 -0.838387
v 0.570397 0.070001 -0.839887
v 0.529965 0.070001 -0.839887
v 0.529965 0.038331 -0.803806
v 0.570397 0.038331 -0.803806
v 0.570397 0.039831 -0.802306
v 0.529965 0.039831 -0.802306
v 0.529965 0.038331 -0.838387
v 0.570397 0.038331 -0.838387
v 0.570397 0.039831 -0.839887
v 0.529965 0.039831 -0.839887
v 0.571897 0.039831 -0.803806
v 0.571897 0.070001 -0.803806
v 0.570397 0.070001 -0.802306
v 0.570397 0.039831 -0.802306
v 0.571897 0.039831 -0.838387
v 0.571897 0.070001 -0.838387
v 0.570397 0.070001 -0.839887
v 0.570397 0.039831 -0.839887
v 0.528465 0.039831 -0.803806
v 0.528465 0.070001 -0.803806
v 0.529965 0.070001 -0.802306
v 0.529965 0.039831 -0.802306
v 0.528465 0.039831 -0.838387
v 0.528465 0.070001 -0.838387
v 0.529965 0.070001 -0.839887
v 0.529965 0.039831 -0.839887
v 0.571897 0.070001 -0.838387
v 0.571897 0.070001 -0.803806
v 0.570397 0.071501 -0.803806
v 0.570397 0.071501 -0.838387
v 0.571897 0.039831 -0.838387
v 0.571897 0.039831 -0.803806
v 0.570397 0.038331 -0.803806
v 0.570397 0.038331 -0.838387
v 0.528465 0.070001 -0.838387
v 0.528465 0.070001 -0.803806
v 0.529965 0.071501 -0.803806
v 0.529965 0.071501 -0.838387
v 0.528465 0.039831 -0.838387
v 0.528465 0.039831 -0.803806
v 0.529965 0.038331 -0.803806
v 0.529965 0.038331 -0.838387
v 0.529965 0.039831 -0.839887
v 0.529965 0.038331 -0.838387
v 0.528465 0.039831 -0.838387
v 0.529965 0.039831 -0.802306
v 0.529965 0.038331 -0.803806
v 0.528465 0.039831 -0.803806
v 0.529965 0.070001 -0.839887
v 0.529965 0.071501 -0.838387
v 0.528465 0.070001 -0.838387
v 0.529965 0.070001 -0.802306
v 0.529965 0.071501 -0.803806
v 0.528465 0.070001 -0.803806
v 0.570397 0.039831 -0.839887
v 0.570397 0.038331 -0.838387
v 0.571897 0.039831 -0.838387
v 0.570397 0.039831 -0.802306
v 0.570397 0.038331 -0.803806
v 0.571897 0.039831 -0.803806
v 0.570397 0.070001 -0.839887
v 0.570397 0.071501 -0.838387
v 0.571897 0.070001 -0.838387
v 0.570397 0.070001 -0.802306
v 0.570397 0.071501 -0.803806
v 0.571897 0.070001 -0.803806
v -0.111891 0.182398 -0.002730
v -0.079134 0.182398 -0.002730
v -0.079134 0.198794 -0.002730
v -0.111891 0.198794 -0.002730
v -0.079134 0.182398 -0.045313
v -0.111891 0.182398 -0.045313
v -0.111891 0.198794 -0.045313
v -0.079134 0.198794 -0.045313
v -0.111891 0.200294 -0.043813
v -0.079134 0.200294 -0.043813
v -0.079134 0.200294 -0.004230
v -0.111891 0.200294 -0.004230
v -0.111891 0.180898 -0.004230
v -0.079134 0.180898 -0.004230
v -0.079134 0.180898 -0.043813
v -0.111891 0.180898 -0.043813
v -0.077634 0.182398 -0.043813
v -0.077634 0.182398 -0.004230
v -0.077634 0.198794 -0.004230
v -0.077634 0.198794 -0.043813
v -0.113391 0.182398 -0.004230
v -0.113391 0.182398 -0.043813
v -0.113391 0.198794 -0.043813
v -0.113391 0.198794 -0.004230
v -0.111891 0.200294 -0.004230
v -0.079134 0.200294 -0.004230
v -0.079134 0.198794 -0.002730
v -0.111891 0.198794 -0.002730
v -0.111891 0.200294 -0.043813
v -0.079134 0.200294 -0.043813
v -0.079134 0.198794 -0.045313
v -0.111891 0.198794 -0.045313
v -0.111891 0.180898 -0.004230
v -0.079134 0.180898 -0.004230
v -0.079134 0.182398 -0.002730
v -0.111891 0.182398 -0.002730
v -0.111891 0.180898 -0.043813
v -0.079134 0.180898 -0.043813
v -0.079134 0.182398 -0.045313
v -0.111891 0.182398 -0.045313
v -0.077634 0.182398 -0.004230
v -0.077634 0.198794 -0.004230
v -0.079134 0.198794 -0.002730
v -0.079134 0.182398 -0.002730
v -0.077634 0.182398 -0.043813
v -0.077634 0.198794 -0.043813
v -0.079134 0.198794 -0.045313
v -0.079134 0.182398 -0.045313
v -0.113391 0.182398 -0.004230
v -0.113391 0.198794 -0.004230
v -0.111891 0.198794 -0.002730
v -0.111891 0.182398 -0.002730
v -0.113391 0.182398 -0.043813
v -0.113391 0.198794 -0.043813
v -0.111891 0.198794 -0.045313
v -0.111891 0.182398 -0.045313
v -0.077634 0.198794 -0.043813
v -0.077634 0.198794 -0.004230
v -0.079134 0.200294 -0.004230
v -0.079134 0.200294 -0.043813
v -0.077634 0.182398 -0.043813
v -0.077634 0.182398 -0.004230
v -0.079134 0.180898 -0.004230
v -0.079134 0.180898 -0.043813
v -0.113391 0.198794 -0.043813
v -0.113391 0.198794 -0.004230
v -0.111891 0.200294 -0.004230
v -0.111891 0.200294 -0.043813
v -0.113391 0.182398 -0.043813
v -0.113391 0.182398 -0.004230
v -0.111891 0.180898 -0.004230
v -0.111891 0.180898 -0.043813
v -0.111891 0.182398 -0.045313
v -0.111891 0.180898 -0.043813
v -0.113391 0.182398 -0.043813
v -0.111891 0.182398 -0.002730
v -0.111891 0.180898 -0.004230
v -0.113391 0.182398 -0.004230
v -0.111891 0.198794 -0.045313
v -0.111891 0.200294 -0.043813
v -0.113391 0.198794 -0.043813
v -0.111891 0.198794 -0.002730
v -0.111891 0.200294 -0.004230
v -0.113391 0.198794 -0.004230
v -0.079134 0.182398 -0.045313
v -0.079134 0.180898 -0.043813
v -0.077634 0.182398 -0.043813
v -0.079134 0.182398 -0.002730
v -0.079134 0.180898 -0.004230
v -0.077634 0.182398 -0.004230
v -0.079134 0.198794 -0.045313
v -0.079134 0.200294 -0.043813
v -0.077634 0.198794 -0.043813
v -0.079134 0.198794 -0.002730
v -0.079134 0.200294 -0.004230
v -0.077634 0.198794 -0.004230
v -0.451712 0.172199 0.191443
v -0.399818 0.172199 0.191443
v -0.399818 0.208542 0.191443
v -0.451712 0.208542 0.191443
v -0.399818 0.172199 0.149399
v -0.451712 0.172199 0.149399
v -0.451712 0.208542 0.149399
v -0.399818 0.208542 0.149399
v -0.451712 0.210042 0.150899
v -0.399818 0.210042 0.150899
v -0.399818 0.210042 0.189943
v -0.451712 0.210042 0.189943
v -0.451712 0.170699 0.189943
v -0.399818 0.170699 0.189943
v -0.399818 0.170699 0.150899
v -0.451712 0.170699 0.150899
v -0.398318 0.172199 0.150899
v -0.398318 0.172199 0.189943
v -0.398318 0.208542 0.189943
v -0.398318 0.208542 0.150899
v -0.453212 0.172199 0.189943
v -0.453212 0.172199 0.150899
v -0.453212 0.208542 0.150899
v -0.453212 0.208542 0.189943
v -0.451712 0.210042 0.189943
v -0.399818 0.210042 0.189943
v -0.399818 0.208542 0.191443
v -0.451712 0.208542 0.191443
v -0.451712 0.210042 0.150899
v -0.399818 0.210042 0.150899
v -0.399818 0.208542 0.149399
v -0.451712 0.208542 0.149399
v -0.451712 0.170699 0.189943
v -0.399818 0.170699 0.189943
v -0.399818 0.172199 0.191443
v -0.451712 0.172199 0.191443
v -0.451712 0.170699 0.150899
v -0.399818 0.170699 0.150899
v -0.399818 0.172199 0.149399
v -0.451712 0.172199 0.149399
v -0.398318 0.172199 0.189943
v -0.398318 0.208542 0.189943
v -0.399818 0.208542 0.191443
v -0.399818 0.172199 0.191443
v -0.398318 0.172199 0.150899
v -0.398318 0.208542 0.150899
v -0.399818 0.208542 0.149399
v -0.399818 0.172199 0.149399
v -0.453212 0.172199 0.189943
v -0.453212 0.208542 0.189943
v -0.451712 0.208542 0.191443
v -0.451712 0.172199 0.191443
v -0.453212 0.172199 0.150899
v -0.453212 0.208542 0.150899
v -0.451712 0.208542 0.149399
v -0.451712 0.172199 0.149399
v -0.398318 0.208542 0.150899
v -0.398318 0.208542 0.189943
v -0.399818 0.210042 0.189943
v -0.399818 0.210042 0.150899
v -0.398318 0.172199 0.150899
v -0.398318 0.172199 0.189943
v -0.399818 0.170699 0.189943
v -0.399818 0.170699 0.150899
v -0.453212 0.208542 0.150899
v -0.453212 0.208542 0.189943
v -0.451712 0.210042 0.189943
v -0.451712 0.210042 0.150899
v -0.453212 0.172199 0.150899
v -0.453212 0.172199 0.189943
v -0.451712 0.170699 0.189943
v -0.451712 0.170699 0.150899
v -0.451712 0.172199 0.149399
v -0.451712 0.170699 0.150899
v -0.453212 0.172199 0.150899
v -0.451712 0.172199 0.191443
v -0.451712 0.170699 0.189943
v -0.453212 0.172199 0.189943
v -0.451712 0.208542 0.149399
v -0.451712 0.210042 0.150899
v -0.453212 0.208542 0.150899
v -0.451712 0.208542 0.191443
v -0.451712 0.210042 0.189943
v -0.453212 0.208542 0.189943
v -0.399818 0.172199 0.149399
v -0.399818 0.170699 0.150899
v -0.398318 0.172199 0.150899
v -0.399818 0.172199 0.191443
v -0.399818 0.170699 0.189943
v -0.398318 0.172199 0.189943
v -0.399818 0.208542 0.149399
v -0.399818 0.210042 0.150899
v -0.398318 0.208542 0.150899
v -0.399818 0.208542 0.191443
v -0.399818 0.210042 0.189943
v -0.398318 0.208542 0.189943
v 0.040403 0.375215 -0.013660
v 0.082242 0.375215 -0.013660
v 0.082242 0.396954 -0.013660
v 0.040403 0.396954 -0.013660
v 0.082242 0.375215 -0.045804
v 0.040403 0.375215 -0.045804
v 0.040403 0.396954 -0.045804
v 0.082242 0.396954 -0.045804
v 0.040403 0.398454 -0.044304
v 0.082242 0.398454 -0.044304
v 0.082242 0.398454 -0.015160
v 0.040403 0.398454 -0.015160
v 0.040403 0.373715 -0.015160
v 0.082242 0.373715 -0.015160
v 0.082242 0.373715 -0.044304
v 0.040403 0.373715 -0.044304
v 0.083742 0.375215 -0.044304
v 0.083742 0.375215 -0.015160
v 0.083742 0.396954 -0.015160
v 0.083742 0.396954 -0.044304
v 0.038903 0.375215 -0.015160
v 0.038903 0.375215 -0.044304
v 0.038903 0.396954 -0.044304
v 0.038903 0.396954 -0.015160
v 0.040403 0.398454 -0.015160
v 0.082242 0.398454 -0.015160
v 0.082242 0.396954 -0.013660
v 0.040403 0.396954 -0.013660
v 0.040403 0.398454 -0.044304
v 0.082242 0.398454 -0.044304
v 0.082242 0.396954 -0.045804
v 0.040403 0.396954 -0.045804
v 0.040403 0.373715 -0.015160
v 0.082242 0.373715 -0.015160
v 0.082242 0.375215 -0.013660
v 0.040403 0.375215 -0.013660
v 0.040403 0.373715 -0.044304
v 0.082242 0.373715 -0.044304
v 0.082242 0.375215 -0.045804
v 0.040403 0.375215 -0.045804
v 0.083742 0.375215 -0.015160
v 0.083742 0.396954 -0.015160
v 0.082242 0.396954 -0.013660
v 0.082242 0.375215 -0.013660
v 0.083742 0.375215 -0.044304
v 0.083742 0.396954 -0.044304
v 0.082242 0.396954 -0.045804
v 0.082242 0.375215 -0.045804
v 0.038903 0.375215 -0.015160
v 0.038903 0.396954 -0.015160
v 0.040403 0.396954 -0.013660
v 0.040403 0.375215 -0.013660
v 0.038903 0.375215 -0.044304
v 0.038903 0.396954 -0.044304
v 0.040403 0.396954 -0.045804
v 0.040403 0.375215 -0.045804
v 0.083742 0.396954 -0.044304
v 0.083742 0.396954 -0.015160
v 0.082242 0.398454 -0.015160
v 0.082242 0.398454 -0.044304
v 0.083742 0.375215 -0.044304
v 0.083742 0.375215 -0.015160
v 0.082242 0.373715 -0.015160
v 0.082242 0.373715 -0.044304
v 0.038903 0.396954 -0.044304
v 0.038903 0.396954 -0.015160
v 0.040403 0.398454 -0.015160
v 0.040403 0.398454 -0.044304
v 0.038903 0.375215 -0.044304
v 0.038903 0.375215 -0.015160
v 0.040403 0.373715 -0.015160
v 0.040403 0.373715 -0.044304
v 0.040403 0.375215 -0.045804
v 0.040403 0.373715 -0.044304
v 0.038903 0.375215 -0.044304
v 0.040403 0.375215 -0.013660
v 0.040403 0.373715 -0.015160
v 0.038903 0.375215 -0.015160
v 0.040403 0.396954 -0.045804
v 0.040403 0.398454 -0.044304
v 0.038903 0.396954 -0.044304
v 0.040403 0.396954 -0.013660
v 0.040403 0.398454 -0.015160
v 0.038903 0.396954 -0.015160
v 0.082242 0.375215 -0.045804
v 0.082242 0.373715 -0.044304
v 0.083742 0.375215 -0.044304
v 0.082242 0.375215 -0.013660
v 0.082242 0.373715 -0.015160
v 0.083742 0.375215 -0.015160
v 0.082242 0.396954 -0.045804
v 0.082242 0.398454 -0.044304
v 0.083742 0.396954 -0.044304
v 0.082242 0.396954 -0.013660
v 0.082242 0.398454 -0.015160
v 0.083742 0.396954 -0.015160
v 0.343625 0.063367 0.707670
v 0.377172 0.063367 0.707670
v 0.377172 0.095470 0.707670
v 0.343625 0.095470 0.707670
v 0.377172 0.063367 0.668677
v 0.343625 0.063367 0.668677
v 0.343625 0.095470 0.668677
v 0.377172 0.095470 0.668677
v 0.343625 0.096970 0.670177
v 0.377172 0.096970 0.670177
v 0.377172 0.096970 0.706170
v 0.343625 0.096970 0.706170
v 0.343625 0.061867 0.706170
v 0.377172 0.061867 0.706170
v 0.377172 0.061867 0.670177
v 0.343625 0.061867 0.670177
v 0.378672 0.063367 0.670177
v 0.378672 0.063367 0.706170
v 0.378672 0.095470 0.706170
v 0.378672 0.095470 0.670177
v 0.342125 0.063367 0.706170
v 0.342125 0.063367 0.670177
v 0.342125 0.095470 0.670177
v 0.342125 0.095470 0.706170
v 0.343625 0.096970 0.706170
v 0.377172 0.096970 0.706170
v 0.377172 0.095470 0.707670
v 0.343625 0.095470 0.707670
v 0.343625 0.096970 0.670177
v 0.377172 0.096970 0.670177
v 0.377172 0.095470 0.668677
v 0.343625 0.095470 0.668677
v 0.343625 0.061867 0.706170
v 0.377172 0.061867 0.706170
v 0.377172 0.063367 0.707670
v 0.343625 0.063367 0.707670
v 0.343625 0.061867 0.670177
v 0.377172 0.061867 0.670177
v 0.377172 0.063367 0.668677
v 0.343625 0.063367 0.668677
v 0.378672 0.063367 0.706170
v 0.378672 0.095470 0.706170
v 0.377172 0.095470 0.707670
v 0.377172 0.063367 0.707670
v 0.378672 0.063367 0.670177
v 0.378672 0.095470 0.670177
v 0.377172 0.095470 0.668677
v 0.377172 0.063367 0.668677
v 0.342125 0.063367 0.706170
v 0.342125 0.095470 0.706170
v 0.343625 0.095470 0.707670
v 0.343625 0.063367 0.707670
v 0.342125 0.063367 0.670177
v 0.342125 0.095470 0.670177
v 0.343625 0.095470 0.668677
v 0.343625 0.063367 0.668677
v 0.378672 0.095470 0.670177
v 0.378672 0.095470 0.706170
v 0.377172 0.096970 0.706170
v 0.377172 0.096970 0.670177
v 0.378672 0.063367 0.670177
v 0.378672 0.063367 0.706170
v 0.377172 0.061867 0.706170
v 0.377172 0.061867 0.670177
v 0.342125 0.095470 0.670177
v 0.342125 0.095470 0.706170
v 0.343625 0.096970 0.706170
v 0.343625 0.096970 0.670177
v 0.342125 0.063367 0.670177
v 0.342125 0.063367 0.706170
v 0.343625 0.061867 0.706170
v 0.343625 0.061867 0.670177
v 0.343625 0.063367 0.668677
v 0.343625 0.061867 0.670177
v 0.342125 0.063367 0.670177
v 0.343625 0.063367 0.707670
v 0.343625 0.061867 0.706170
v 0.342125 0.063367 0.706170
v 0.343625 0.095470 0.668677
v 0.343625 0.096970 0.670177
v 0.342125 0.095470 0.670177
v 0.343625 0.095470 0.707670
v 0.343625 0.096970 0.706170
v 0.342125 0.095470 0.706170
v 0.377172 0.063367 0.668677
v 0.377172 0.061867 0.670177
v 0.378672 0.063367 0.670177
v 0.377172 0.063367 0.707670
v 0.377172 0.061867 0.706170
v 0.378672 0.063367 0.706170
v 0.377172 0.095470 0.668677
v 0.377172 0.096970 0.670177
v 0.378672 0.095470 0.670177
v 0.377172 0.095470 0.707670
v 0.377172 0.096970 0.706170
v 0.378672 0.095470 0.706170
v 0.022972 0.078819 0.422051
v 0.057493 0.078819 0.422051
v 0.057493 0.100618 0.422051
v 0.022972 0.100618 0.422051
v 0.057493 0.078819 0.380222
v 0.022972 0.078819 0.380222
v 0.022972 0.100618 0.380222
v 0.057493 0.100618 0.380222
v 0.022972 0.102118 0.381722
v 0.057493 0.102118 0.381722
v 0.057493 0.102118 0.420551
v 0.022972 0.102118 0.420551
v 0.022972 0.077319 0.420551
v 0.057493 0.077319 0.420551
v 0.057493 0.077319 0.381722
v 0.022972 0.077319 0.381722
v 0.058993 0.078819 0.381722
v 0.058993 0.078819 0.420551
v 0.058993 0.100618 0.420551
v 0.058993 0.100618 0.381722
v 0.021472 0.078819 0.420551
v 0.021472 0.078819 0.381722
v 0.021472 0.100618 0.381722
v 0.021472 0.100618 0.420551
v 0.022972 0.102118 0.420551
v 0.057493 0.102118 0.420551
v 0.057493 0.100618 0.422051
v 0.022972 0.100618 0.422051
v 0.022972 0.102118 0.381722
v 0.057493 0.102118 0.381722
v 0.057493 0.100618 0.380222
v 0.022972 0.100618 0.380222
v 0.022972 0.077319 0.420551
v 0.057493 0.077319 0.420551
v 0.057493 0.078819 0.422051
v 0.022972 0.078819 0.422051
v 0.022972 0.077319 0.381722
v 0.057493 0.077319 0.381722
v 0.057493 0.078819 0.380222
v 0.022972 0.078819 0.380222
v 0.058993 0.078819 0.420551
v 0.058993 0.100618 0.420551
v 0.057493 0.100618 0.422051
v 0.057493 0.078819 0.422051
v 0.058993 0.078819 0.381722
v 0.058993 0.100618 0.381722
v 0.057493 0.100618 0.380222
v 0.057493 0.078819 0.380222
v 0.021472 0.078819 0.420551
v 0.021472 0.100618 0.420551
v 0.022972 0.100618 0.422051
v 0.022972 0.078819 0.422051
v 0.021472 0.078819 0.381722
v 0.021472 0.100618 0.381722
v 0.022972 0.100618 0.380222
v 0.022972 0.078819 0.380222
v 0.058993 0.100618 0.381722
v 0.058993 0.100618 0.420551
v 0.057493 0.102118 0.420551
v 0.057493 0.102118 0.381722
v 0.058993 0.078819 0.381722
v 0.058993 0.078819 0.420551
v 0.057493 0.077319 0.420551
v 0.057493 0.077319 0.381722
v 0.021472 0.100618 0.381722
v 0.021472 0.100618 0.420551
v 0.022972 0.102118 0.420551
v 0.022972 0.102118 0.381722
v 0.021472 0.078819 0.381722
v 0.021472 0.078819 0.420551
v 0.022972 0.077319 0.420551
v 0.022972 0.077319 0.381722
v 0.022972 0.078819 0.380222
v 0.022972 0.077319 0.381722
v 0.021472 0.078819 0.381722
v 0.022972 0.078819 0.422051
v 0.022972 0.077319 0.420551
v 0.021472 0.078819 0.420551
v 0.022972 0.100618 0.380222
v 0.022972 0.102118 0.381722
v 0.021472 0.100618 0.381722
v 0.022972 0.100618 0.422051
v 0.022972 0.102118 0.420551
v 0.021472 0.100618 0.420551
v 0.057493 0.078819 0.380222
v 0.057493 0.077319 0.381722
v 0.058993 0.078819 0.381722
v 0.057493 0.078819 0.422051
v 0.057493 0.077319 0.420551
v 0.058993 0.078819 0.420551
v 0.057493 0.100618 0.380222
v 0.057493 0.102118 0.381722
v 0.058993 0.100618 0.381722
v 0.057493 0.100618 0.422051
v 0.057493 0.102118 0.420551
v 0.058993 0.100618 0.420551
v -0.045282 0.314749 0.038948
v 0.004305 0.314749 0.038948
v 0.004305 0.355182 0.038948
v -0.045282 0.355182 0.038948
v 0.004305 0.314749 -0.012621
v -0.045282 0.314749 -0.012621
v -0.045282 0.355182 -0.012621
v 0.004305 0.355182 -0.012621
v -0.045282 0.356682 -0.011121
v 0.004305 0.356682 -0.011121
v 0.004305 0.356682 0.037448
v -0.045282 0.356682 0.037448
v -0.045282 0.313249 0.037448
v 0.004305 0.313249 0.037448
v 0.004305 0.313249 -0.011121
v -0.045282 0.313249 -0.011121
v 0.005805 0.314749 -0.011121
v 0.005805 0.314749 0.037448
v 0.005805 0.355182 0.037448
v 0.005805 0.355182 -0.011121
v -0.046782 0.314749 0.037448
v -0.046782 0.314749 -0.011121
v -0.046782 0.355182 -0.011121
v -0.046782 0.355182 0.037448
v -0.045282 0.356682 0.037448
v 0.004305 0.356682 0.037448
v 0.004305 0.355182 0.038948
v -0.045282 0.355182 0.038948
v -0.045282 0.356682 -0.011121
v 0.004305 0.356682 -0.011121
v 0.004305 0.355182 -0.012621
v -0.045282 0.355182 -0.012621
v -0.045282 0.313249 0.037448
v 0.004305 0.313249 0.037448
v 0.004305 0.314749 0.038948
v -0.045282 0.314749 0.038948
v -0.045282 0.313249 -0.011121
v 0.004305 0.313249 -0.011121
v 0.004305 0.314749 -0.012621
v -0.045282 0.314749 -0.012621
v 0.005805 0.314749 0.037448
v 0.005805 0.355182 0.037448
v 0.004305 0.355182 0.038948
v 0.004305 0.314749 0.038948
v 0.005805 0.314749 -0.011121
v 0.005805 0.355182 -0.011121
v 0.004305 0.355182 -0.012621
v 0.004305 0.314749 -0.012621
v -0.046782 0.314749 0.037448
v -0.046782 0.355182 0.037448
v -0.045282 0.355182 0.038948
v -0.045282 0.314749 0.038948
v -0.046782 0.314749 -0.011121
v -0.046782 0.355182 -0.011121
v -0.045282 0.355182 -0.012621
v -0.045282 0.314749 -0.012621
v 0.005805 0.355182 -0.011121
v 0.005805 0.355182 0.037448
v 0.004305 0.356682 0.037448
v 0.004305 0.356682 -0.011121
v 0.005805 0.314749 -0.011121
v 0.005805 0.314749 0.037448
v 0.004305 0.313249 0.037448
v 0.004305 0.313249 -0.011121
v -0.046782 0.355182 -0.011121
v -0.046782 0.355182 0.037448
v -0.045282 0.356682 0.037448
v -0.045282 0.356682 -0.011121
v -0.046782 0.314749 -0.011121
v -0.046782 0.314749 0.037448
v -0.045282 0.313249 0.037448
v -0.045282 0.313249 -0.011121
v -0.045282 0.314749 -0.012621
v -0.045282 0.313249 -0.011121
v -0.046782 0.314749 -0.011121
v -0.045282 0.314749 0.038948
v -0.045282 0.313249 0.037448
v -0.046782 0.314749 0.037448
v -0.045282 0.355182 -0.012621
v -0.045282 0.356682 -0.011121
v -0.046782 0.355182 -0.011121
v -0.045282 0.355182 0.038948
v -0.045282 0.356682 0.037448
v -0.046782 0.355182 0.037448
v 0.004305 0.314749 -0.012621
v 0.004305 0.313249 -0.011121
v 0.005805 0.314749 -0.011121
v 0.004305 0.314749 0.038948
v 0.004305 0.313249 0.037448
v 0.005805 0.314749 0.037448
v 0.004305 0.355182 -0.012621
v 0.004305 0.356682 -0.011121
v 0.005805 0.355182 -0.011121
v 0.004305 0.355182 0.038948
v 0.004305 0.356682 0.037448
v 0.005805 0.355182 0.037448
v 0.288903 0.288057 -0.239269
v 0.281302 0.286556 -0.233937
v 0.284205 0.284814 -0.225163
v 0.293600 0.285240 -0.225072
v 0.296503 0.287244 -0.233790
v 0.281728 0.437939 -0.207169
v 0.275172 0.440674 -0.201006
v 0.277763 0.437664 -0.192481
v 0.285919 0.433069 -0.193375
v 0.288369 0.433238 -0.202454
v 0.372572 0.432007 -0.213922
v 0.373473 0.438697 -0.207374
v 0.373831 0.434503 -0.198964
v 0.373152 0.425221 -0.200314
v 0.372374 0.423678 -0.209559
v 0.372377 0.430821 -0.199062
v 0.367952 0.426355 -0.204371
v 0.370614 0.428061 -0.211968
v 0.376685 0.433582 -0.211355
v 0.377775 0.435288 -0.203379
v 0.411811 0.387017 -0.195079
v 0.407385 0.382550 -0.200388
v 0.410048 0.384257 -0.207985
v 0.416119 0.389778 -0.207372
v 0.417209 0.391484 -0.199396
v -0.019497 0.285119 0.378185
v -0.027069 0.284832 0.383755
v -0.024177 0.285843 0.392646
v -0.014817 0.286755 0.392571
v -0.011924 0.286308 0.383634
v -0.045914 0.552624 0.356335
v -0.052688 0.556792 0.361353
v -0.049942 0.556987 0.370345
v -0.041470 0.552938 0.370885
v -0.038981 0.550242 0.362226
v 0.099754 0.530565 0.336353
v 0.101468 0.539205 0.339651
v 0.102659 0.538580 0.348959
v 0.101681 0.529554 0.351414
v 0.099886 0.524601 0.343624
v 0.106822 0.532501 0.339982
v 0.105753 0.528151 0.346885
v 0.098240 0.529813 0.349801
v 0.094664 0.535189 0.344700
v 0.099968 0.536851 0.338632
v 0.061489 0.440995 0.275306
v 0.060421 0.436645 0.282209
v 0.052907 0.438307 0.285125
v 0.049332 0.443683 0.280024
v 0.054636 0.445345 0.273955
v 0.229331 0.314904 -0.051793
v 0.221766 0.314649 -0.046211
v 0.224656 0.312638 -0.037490
v 0.234006 0.311650 -0.037682
v 0.236896 0.313050 -0.046522
v 0.251179 0.511846 -0.013398
v 0.244083 0.513144 -0.007364
v 0.246254 0.508753 0.000663
v 0.254692 0.504740 -0.000409
v 0.257736 0.506652 -0.009100
v 0.334190 0.510953 0.028301
v 0.330329 0.514204 0.036236
v 0.327543 0.506819 0.041350
v 0.329682 0.499004 0.036575
v 0.333790 0.501559 0.028511
vt -0.286221 -0.032852
vt 0.286221 -0.032852
vt 0.286221 0.032852
vt -0.286221 0.032852
vt 0.286221 -0.032852
vt -0.286221 -0.032852
vt -0.286221 0.032852
vt 0.286221 0.032852
vt -0.286221 -0.156458
vt 0.286221 -0.156458
vt 0.286221 0.156458
vt -0.286221 0.156458
vt -0.286221 0.156458
vt 0.286221 0.156458
vt 0.286221 -0.156458
vt -0.286221 -0.156458
vt -0.156458 -0.032852
vt 0.156458 -0.032852
vt 0.156458 0.032852
vt -0.156458 0.032852
vt 0.156458 -0.032852
vt -0.156458 -0.032852
vt -0.156458 0.032852
vt 0.156458 0.032852
vt -0.286221 0.040852
vt 0.286221 0.040852
vt 0.286221 0.032852
vt -0.286221 0.032852
vt -0.286221 0.040852
vt 0.286221 0.040852
vt 0.286221 0.032852
vt -0.286221 0.032852
vt -0.286221 -0.040852
vt 0.286221 -0.040852
vt 0.286221 -0.032852
vt -0.286221 -0.032852
vt -0.286221 -0.040852
vt 0.286221 -0.040852
vt 0.286221 -0.032852
vt -0.286221 -0.032852
vt 0.294221 -0.032852
vt 0.294221 0.032852
vt 0.286221 0.032852
vt 0.286221 -0.032852
vt 0.294221 -0.032852
vt 0.294221 0.032852
vt 0.286221 0.032852
vt 0.286221 -0.032852
vt -0.294221 -0.032852
vt -0.294221 0.032852
vt -0.286221 0.032852
vt -0.286221 -0.032852
vt -0.294221 -0.032852
vt -0.294221 0.032852
vt -0.286221 0.032852
vt -0.286221 -0.032852
vt 0.294221 0.032852
vt 0.294221 0.032852
vt 0.286221 0.040852
vt 0.286221 0.040852
vt 0.294221 -0.032852
vt 0.294221 -0.032852
vt 0.286221 -0.040852
vt 0.286221 -0.040852
vt -0.294221 0.032852
vt -0.294221 0.032852
vt -0.286221 0.040852
vt -0.286221 0.040852
vt -0.294221 -0.032852
vt -0.294221 -0.032852
vt -0.286221 -0.040852
vt -0.286221 -0.040852
vt -0.286221 -0.032852
vt -0.286221 -0.040852
vt -0.294221 -0.032852
vt -0.286221 -0.032852
vt -0.286221 -0.040852
vt -0.294221 -0.032852
vt -0.286221 0.032852
vt -0.286221 0.040852
vt -0.294221 0.032852
vt -0.286221 0.032852
vt -0.286221 0.040852
vt -0.294221 0.032852
vt 0.286221 -0.032852
vt 0.286221 -0.040852
vt 0.294221 -0.032852
vt 0.286221 -0.032852
vt 0.286221 -0.040852
vt 0.294221 -0.032852
vt 0.286221 0.032852
vt 0.286221 0.040852
vt 0.294221 0.032852
vt 0.286221 0.032852
vt 0.286221 0.040852
vt 0.294221 0.032852
vt -0.126399 -0.022596
vt 0.126399 -0.022596
vt 0.126399 0.022596
vt -0.126399 0.022596
vt 0.126399 -0.022596
vt -0.126399 -0.022596
vt -0.126399 0.022596
vt 0.126399 0.022596
vt -0.126399 -0.035114
vt 0.126399 -0.035114
vt 0.126399 0.035114
vt -0.126399 0.035114
vt -0.126399 0.035114
vt 0.126399 0.035114
vt 0.126399 -0.035114
vt -0.126399 -0.035114
vt -0.035114 -0.022596
vt 0.035114 -0.022596
vt 0.035114 0.022596
vt -0.035114 0.022596
vt 0.035114 -0.022596
vt -0.035114 -0.022596
vt -0.035114 0.022596
vt 0.035114 0.022596
vt -0.126399 0.028596
vt 0.126399 0.028596
vt 0.126399 0.022596
vt -0.126399 0.022596
vt -0.126399 0.028596
vt 0.126399 0.028596
vt 0.126399 0.022596
vt -0.126399 0.022596
vt -0.126399 -0.028596
vt 0.126399 -0.028596
vt 0.126399 -0.022596
vt -0.126399 -0.022596
vt -0.126399 -0.028596
vt 0.126399 -0.028596
vt 0.126399 -0.022596
vt -0.126399 -0.022596
vt 0.132399 -0.022596
vt 0.132399 0.022596
vt 0.126399 0.022596
vt 0.126399 -0.022596
vt 0.132399 -0.022596
vt 0.132399 0.022596
vt 0.126399 0.022596
vt 0.126399 -0.022596
vt -0.132399 -0.022596
vt -0.132399 0.022596
vt -0.126399 0.022596
vt -0.126399 -0.022596
vt -0.132399 -0.022596
vt -0.132399 0.022596
vt -0.126399 0.022596
vt -0.126399 -0.022596
vt 0.132399 0.022596
vt 0.132399 0.022596
vt 0.126399 0.028596
vt 0.126399 0.028596
vt 0.132399 -0.022596
vt 0.132399 -0.022596
vt 0.126399 -0.028596
vt 0.126399 -0.028596
vt -0.132399 0.022596
vt -0.132399 0.022596
vt -0.126399 0.028596
vt -0.126399 0.028596
vt -0.132399 -0.022596
vt -0.132399 -0.022596
vt -0.126399 -0.028596
vt -0.126399 -0.028596
vt -0.126399 -0.022596
vt -0.126399 -0.028596
vt -0.132399 -0.022596
vt -0.126399 -0.022596
vt -0.126399 -0.028596
vt -0.132399 -0.022596
vt -0.126399 0.022596
vt -0.126399 0.028596
vt -0.132399 0.022596
vt -0.126399 0.022596
vt -0.126399 0.028596
vt -0.132399 0.022596
vt 0.126399 -0.022596
vt 0.126399 -0.028596
vt 0.132399 -0.022596
vt 0.126399 -0.022596
vt 0.126399 -0.028596
vt 0.132399 -0.022596
vt 0.126399 0.022596
vt 0.126399 0.028596
vt 0.132399 0.022596
vt 0.126399 0.022596
vt 0.126399 0.028596
vt 0.132399 0.022596
vt -0.168896 -0.030206
vt 0.168896 -0.030206
vt 0.168896 0.030206
vt -0.168896 0.030206
vt 0.168896 -0.030206
vt -0.168896 -0.030206
vt -0.168896 0.030206
vt 0.168896 0.030206
vt -0.168896 -0.120855
vt 0.168896 -0.120855
vt 0.168896 0.120855
vt -0.168896 0.120855
vt -0.168896 0.120855
vt 0.168896 0.120855
vt 0.168896 -0.120855
vt -0.168896 -0.120855
vt -0.120855 -0.030206
vt 0.120855 -0.030206
vt 0.120855 0.030206
vt -0.120855 0.030206
vt 0.120855 -0.030206
vt -0.120855 -0.030206
vt -0.120855 0.030206
vt 0.120855 0.030206
vt -0.168896 0.038206
vt 0.168896 0.038206
vt 0.168896 0.030206
vt -0.168896 0.030206
vt -0.168896 0.038206
vt 0.168896 0.038206
vt 0.168896 0.030206
vt -0.168896 0.030206
vt -0.168896 -0.038206
vt 0.168896 -0.038206
vt 0.168896 -0.030206
vt -0.168896 -0.030206
vt -0.168896 -0.038206
vt 0.168896 -0.038206
vt 0.168896 -0.030206
vt -0.168896 -0.030206
vt 0.176896 -0.030206
vt 0.176896 0.030206
vt 0.168896 0.030206
vt 0.168896 -0.030206
vt 0.176896 -0.030206
vt 0.176896 0.030206
vt 0.168896 0.030206
vt 0.168896 -0.030206
vt -0.176896 -0.030206
vt -0.176896 0.030206
vt -0.168896 0.030206
vt -0.168896 -0.030206
vt -0.176896 -0.030206
vt -0.176896 0.030206
vt -0.168896 0.030206
vt -0.168896 -0.030206
vt 0.176896 0.030206
vt 0.176896 0.030206
vt 0.168896 0.038206
vt 0.168896 0.038206
vt 0.176896 -0.030206
vt 0.176896 -0.030206
vt 0.168896 -0.038206
vt 0.168896 -0.038206
vt -0.176896 0.030206
vt -0.176896 0.030206
vt -0.168896 0.038206
vt -0.168896 0.038206
vt -0.176896 -0.030206
vt -0.176896 -0.030206
vt -0.168896 -0.038206
vt -0.168896 -0.038206
vt -0.168896 -0.030206
vt -0.168896 -0.038206
vt -0.176896 -0.030206
vt -0.168896 -0.030206
vt -0.168896 -0.038206
vt -0.176896 -0.030206
vt -0.168896 0.030206
vt -0.168896 0.038206
vt -0.176896 0.030206
vt -0.168896 0.030206
vt -0.168896 0.038206
vt -0.176896 0.030206
vt 0.168896 -0.030206
vt 0.168896 -0.038206
vt 0.176896 -0.030206
vt 0.168896 -0.030206
vt 0.168896 -0.038206
vt 0.176896 -0.030206
vt 0.168896 0.030206
vt 0.168896 0.038206
vt 0.176896 0.030206
vt 0.168896 0.030206
vt 0.168896 0.038206
vt 0.176896 0.030206
vt -0.073603 -0.020744
vt 0.073603 -0.020744
vt 0.073603 0.020744
vt -0.073603 0.020744
vt 0.073603 -0.020744
vt -0.073603 -0.020744
vt -0.073603 0.020744
vt 0.073603 0.020744
vt -0.073603 -0.026214
vt 0.073603 -0.026214
vt 0.073603 0.026214
vt -0.073603 0.026214
vt -0.073603 0.026214
vt 0.073603 0.026214
vt 0.073603 -0.026214
vt -0.073603 -0.026214
vt -0.026214 -0.020744
vt 0.026214 -0.020744
vt 0.026214 0.020744
vt -0.026214 0.020744
vt 0.026214 -0.020744
vt -0.026214 -0.020744
vt -0.026214 0.020744
vt 0.026214 0.020744
vt -0.073603 0.026744
vt 0.073603 0.026744
vt 0.073603 0.020744
vt -0.073603 0.020744
vt -0.073603 0.026744
vt 0.073603 0.026744
vt 0.073603 0.020744
vt -0.073603 0.020744
vt -0.073603 -0.026744
vt 0.073603 -0.026744
vt 0.073603 -0.020744
vt -0.073603 -0.020744
vt -0.073603 -0.026744
vt 0.073603 -0.026744
vt 0.073603 -0.020744
vt -0.073603 -0.020744
vt 0.079603 -0.020744
vt 0.079603 0.020744
vt 0.073603 0.020744
vt 0.073603 -0.020744
vt 0.079603 -0.020744
vt 0.079603 0.020744
vt 0.073603 0.020744
vt 0.073603 -0.020744
vt -0.079603 -0.020744
vt -0.079603 0.020744
vt -0.073603 0.020744
vt -0.073603 -0.020744
vt -0.079603 -0.020744
vt -0.079603 0.020744
vt -0.073603 0.020744
vt -0.073603 -0.020744
vt 0.079603 0.020744
vt 0.079603 0.020744
vt 0.073603 0.026744
vt 0.073603 0.026744
vt 0.079603 -0.020744
vt 0.079603 -0.020744
vt 0.073603 -0.026744
vt 0.073603 -0.026744
vt -0.079603 0.020744
vt -0.079603 0.020744
vt -0.073603 0.026744
vt -0.073603 0.026744
vt -0.079603 -0.020744
vt -0.079603 -0.020744
vt -0.073603 -0.026744
vt -0.073603 -0.026744
vt -0.073603 -0.020744
vt -0.073603 -0.026744
vt -0.079603 -0.020744
vt -0.073603 -0.020744
vt -0.073603 -0.026744
vt -0.079603 -0.020744
vt -0.073603 0.020744
vt -0.073603 0.026744
vt -0.079603 0.020744
vt -0.073603 0.020744
vt -0.073603 0.026744
vt -0.079603 0.020744
vt 0.073603 -0.020744
vt 0.073603 -0.026744
vt 0.079603 -0.020744
vt 0.073603 -0.020744
vt 0.073603 -0.026744
vt 0.079603 -0.020744
vt 0.073603 0.020744
vt 0.073603 0.026744
vt 0.079603 0.020744
vt 0.073603 0.020744
vt 0.073603 0.026744
vt 0.079603 0.020744
vt -0.209084 -0.013940
vt 0.209084 -0.013940
vt 0.209084 0.013940
vt -0.209084 0.013940
vt 0.209084 -0.013940
vt -0.209084 -0.013940
vt -0.209084 0.013940
vt 0.209084 0.013940
vt -0.209084 -0.142397
vt 0.209084 -0.142397
vt 0.209084 0.142397
vt -0.209084 0.142397
vt -0.209084 0.142397
vt 0.209084 0.142397
vt 0.209084 -0.142397
vt -0.209084 -0.142397
vt -0.142397 -0.013940
vt 0.142397 -0.013940
vt 0.142397 0.013940
vt -0.142397 0.013940
vt 0.142397 -0.013940
vt -0.142397 -0.013940
vt -0.142397 0.013940
vt 0.142397 0.013940
vt -0.209084 0.021446
vt 0.209084 0.021446
vt 0.209084 0.013940
vt -0.209084 0.013940
vt -0.209084 0.021446
vt 0.209084 0.021446
vt 0.209084 0.013940
vt -0.209084 0.013940
vt -0.209084 -0.021446
vt 0.209084 -0.021446
vt 0.209084 -0.013940
vt -0.209084 -0.013940
vt -0.209084 -0.021446
vt 0.209084 -0.021446
vt 0.209084 -0.013940
vt -0.209084 -0.013940
vt 0.216589 -0.013940
vt 0.216589 0.013940
vt 0.209084 0.013940
vt 0.209084 -0.013940
vt 0.216589 -0.013940
vt 0.216589 0.013940
vt 0.209084 0.013940
vt 0.209084 -0.013940
vt -0.216589 -0.013940
vt -0.216589 0.013940
vt -0.209084 0.013940
vt -0.209084 -0.013940
vt -0.216589 -0.013940
vt -0.216589 0.013940
vt -0.209084 0.013940
vt -0.209084 -0.013940
vt 0.216589 0.013940
vt 0.216589 0.013940
vt 0.209084 0.021446
vt 0.209084 0.021446
vt 0.216589 -0.013940
vt 0.216589 -0.013940
vt 0.209084 -0.021446
vt 0.209084 -0.021446
vt -0.216589 0.013940
vt -0.216589 0.013940
vt -0.209084 0.021446
vt -0.209084 0.021446
vt -0.216589 -0.013940
vt -0.216589 -0.013940
vt -0.209084 -0.021446
vt -0.209084 -0.021446
vt -0.209084 -0.013940
vt -0.209084 -0.021446
vt -0.216589 -0.013940
vt -0.209084 -0.013940
vt -0.209084 -0.021446
vt -0.216589 -0.013940
vt -0.209084 0.013940
vt -0.209084 0.021446
vt -0.216589 0.013940
vt -0.209084 0.013940
vt -0.209084 0.021446
vt -0.216589 0.013940
vt 0.209084 -0.013940
vt 0.209084 -0.021446
vt 0.216589 -0.013940
vt 0.209084 -0.013940
vt 0.209084 -0.021446
vt 0.216589 -0.013940
vt 0.209084 0.013940
vt 0.209084 0.021446
vt 0.216589 0.013940
vt 0.209084 0.013940
vt 0.209084 0.021446
vt 0.216589 0.013940
vt -0.092211 -0.009758
vt 0.092211 -0.009758
vt 0.092211 0.009758
vt -0.092211 0.009758
vt 0.092211 -0.009758
vt -0.092211 -0.009758
vt -0.092211 0.009758
vt 0.092211 0.009758
vt -0.092211 -0.032222
vt 0.092211 -0.032222
vt 0.092211 0.032222
vt -0.092211 0.032222
vt -0.092211 0.032222
vt 0.092211 0.032222
vt 0.092211 -0.032222
vt -0.092211 -0.032222
vt -0.032222 -0.009758
vt 0.032222 -0.009758
vt 0.032222 0.009758
vt -0.032222 0.009758
vt 0.032222 -0.009758
vt -0.032222 -0.009758
vt -0.032222 0.009758
vt 0.032222 0.009758
vt -0.092211 0.015012
vt 0.092211 0.015012
vt 0.092211 0.009758
vt -0.092211 0.009758
vt -0.092211 0.015012
vt 0.092211 0.015012
vt 0.092211 0.009758
vt -0.092211 0.009758
vt -0.092211 -0.015012
vt 0.092211 -0.015012
vt 0.092211 -0.009758
vt -0.092211 -0.009758
vt -0.092211 -0.015012
vt 0.092211 -0.015012
vt 0.092211 -0.009758
vt -0.092211 -0.009758
vt 0.097465 -0.009758
vt 0.097465 0.009758
vt 0.092211 0.009758
vt 0.092211 -0.009758
vt 0.097465 -0.009758
vt 0.097465 0.009758
vt 0.092211 0.009758
vt 0.092211 -0.009758
vt -0.097465 -0.009758
vt -0.097465 0.009758
vt -0.092211 0.009758
vt -0.092211 -0.009758
vt -0.097465 -0.009758
vt -0.097465 0.009758
vt -0.092211 0.009758
vt -0.092211 -0.009758
vt 0.097465 0.009758
vt 0.097465 0.009758
vt 0.092211 0.015012
vt 0.092211 0.015012
vt 0.097465 -0.009758
vt 0.097465 -0.009758
vt 0.092211 -0.015012
vt 0.092211 -0.015012
vt -0.097465 0.009758
vt -0.097465 0.009758
vt -0.092211 0.015012
vt -0.092211 0.015012
vt -0.097465 -0.009758
vt -0.097465 -0.009758
vt -0.092211 -0.015012
vt -0.092211 -0.015012
vt -0.092211 -0.009758
vt -0.092211 -0.015012
vt -0.097465 -0.009758
vt -0.092211 -0.009758
vt -0.092211 -0.015012
vt -0.097465 -0.009758
vt -0.092211 0.009758
vt -0.092211 0.015012
vt -0.097465 0.009758
vt -0.092211 0.009758
vt -0.092211 0.015012
vt -0.097465 0.009758
vt 0.092211 -0.009758
vt 0.092211 -0.015012
vt 0.097465 -0.009758
vt 0.092211 -0.009758
vt 0.092211 -0.015012
vt 0.097465 -0.009758
vt 0.092211 0.009758
vt 0.092211 0.015012
vt 0.097465 0.009758
vt 0.092211 0.009758
vt 0.092211 0.015012
vt 0.097465 0.009758
vt -0.290811 -0.025451
vt 0.290811 -0.025451
vt 0.290811 0.025451
vt -0.290811 0.025451
vt 0.290811 -0.025451
vt -0.290811 -0.025451
vt -0.290811 0.025451
vt 0.290811 0.025451
vt -0.290811 -0.108942
vt 0.290811 -0.108942
vt 0.290811 0.108942
vt -0.290811 0.108942
vt -0.290811 0.108942
vt 0.290811 0.108942
vt 0.290811 -0.108942
vt -0.290811 -0.108942
vt -0.108942 -0.025451
vt 0.108942 -0.025451
vt 0.108942 0.025451
vt -0.108942 0.025451
vt 0.108942 -0.025451
vt -0.108942 -0.025451
vt -0.108942 0.025451
vt 0.108942 0.025451
vt -0.290811 0.033451
vt 0.290811 0.033451
vt 0.290811 0.025451
vt -0.290811 0.025451
vt -0.290811 0.033451
vt 0.290811 0.033451
vt 0.290811 0.025451
vt -0.290811 0.025451
vt -0.290811 -0.033451
vt 0.290811 -0.033451
vt 0.290811 -0.025451
vt -0.290811 -0.025451
vt -0.290811 -0.033451
vt 0.290811 -0.033451
vt 0.290811 -0.025451
vt -0.290811 -0.025451
vt 0.298811 -0.025451
vt 0.298811 0.025451
vt 0.290811 0.025451
vt 0.290811 -0.025451
vt 0.298811 -0.025451
vt 0.298811 0.025451
vt 0.290811 0.025451
vt 0.290811 -0.025451
vt -0.298811 -0.025451
vt -0.298811 0.025451
vt -0.290811 0.025451
vt -0.290811 -0.025451
vt -0.298811 -0.025451
vt -0.298811 0.025451
vt -0.290811 0.025451
vt -0.290811 -0.025451
vt 0.298811 0.025451
vt 0.298811 0.025451
vt 0.290811 0.033451
vt 0.290811 0.033451
vt 0.298811 -0.025451
vt 0.298811 -0.025451
vt 0.290811 -0.033451
vt 0.290811 -0.033451
vt -0.298811 0.025451
vt -0.298811 0.025451
vt -0.290811 0.033451
vt -0.290811 0.033451
vt -0.298811 -0.025451
vt -0.298811 -0.025451
vt -0.290811 -0.033451
vt -0.290811 -0.033451
vt -0.290811 -0.025451
vt -0.290811 -0.033451
vt -0.298811 -0.025451
vt -0.290811 -0.025451
vt -0.290811 -0.033451
vt -0.298811 -0.025451
vt -0.290811 0.025451
vt -0.290811 0.033451
vt -0.298811 0.025451
vt -0.290811 0.025451
vt -0.290811 0.033451
vt -0.298811 0.025451
vt 0.290811 -0.025451
vt 0.290811 -0.033451
vt 0.298811 -0.025451
vt 0.290811 -0.025451
vt 0.290811 -0.033451
vt 0.298811 -0.025451
vt 0.290811 0.025451
vt 0.290811 0.033451
vt 0.298811 0.025451
vt 0.290811 0.025451
vt 0.290811 0.033451
vt 0.298811 0.025451
vt -0.128465 -0.017416
vt 0.128465 -0.017416
vt 0.128465 0.017416
vt -0.128465 0.017416
vt 0.128465 -0.017416
vt -0.128465 -0.017416
vt -0.128465 0.017416
vt 0.128465 0.017416
vt -0.128465 -0.023235
vt 0.128465 -0.023235
vt 0.128465 0.023235
vt -0.128465 0.023235
vt -0.128465 0.023235
vt 0.128465 0.023235
vt 0.128465 -0.023235
vt -0.128465 -0.023235
vt -0.023235 -0.017416
vt 0.023235 -0.017416
vt 0.023235 0.017416
vt -0.023235 0.017416
vt 0.023235 -0.017416
vt -0.023235 -0.017416
vt -0.023235 0.017416
vt 0.023235 0.017416
vt -0.128465 0.023416
vt 0.128465 0.023416
vt 0.128465 0.017416
vt -0.128465 0.017416
vt -0.128465 0.023416
vt 0.128465 0.023416
vt 0.128465 0.017416
vt -0.128465 0.017416
vt -0.128465 -0.023416
vt 0.128465 -0.023416
vt 0.128465 -0.017416
vt -0.128465 -0.017416
vt -0.128465 -0.023416
vt 0.128465 -0.023416
vt 0.128465 -0.017416
vt -0.128465 -0.017416
vt 0.134465 -0.017416
vt 0.134465 0.017416
vt 0.128465 0.017416
vt 0.128465 -0.017416
vt 0.134465 -0.017416
vt 0.134465 0.017416
vt 0.128465 0.017416
vt 0.128465 -0.017416
vt -0.134465 -0.017416
vt -0.134465 0.017416
vt -0.128465 0.017416
vt -0.128465 -0.017416
vt -0.134465 -0.017416
vt -0.134465 0.017416
vt -0.128465 0.017416
vt -0.128465 -0.017416
vt 0.134465 0.017416
vt 0.134465 0.017416
vt 0.128465 0.023416
vt 0.128465 0.023416
vt 0.134465 -0.017416
vt 0.134465 -0.017416
vt 0.128465 -0.023416
vt 0.128465 -0.023416
vt -0.134465 0.017416
vt -0.134465 0.017416
vt -0.128465 0.023416
vt -0.128465 0.023416
vt -0.134465 -0.017416
vt -0.134465 -0.017416
vt -0.128465 -0.023416
vt -0.128465 -0.023416
vt -0.128465 -0.017416
vt -0.128465 -0.023416
vt -0.134465 -0.017416
vt -0.128465 -0.017416
vt -0.128465 -0.023416
vt -0.134465 -0.017416
vt -0.128465 0.017416
vt -0.128465 0.023416
vt -0.134465 0.017416
vt -0.128465 0.017416
vt -0.128465 0.023416
vt -0.134465 0.017416
vt 0.128465 -0.017416
vt 0.128465 -0.023416
vt 0.134465 -0.017416
vt 0.128465 -0.017416
vt 0.128465 -0.023416
vt 0.134465 -0.017416
vt 0.128465 0.017416
vt 0.128465 0.023416
vt 0.134465 0.017416
vt 0.128465 0.017416
vt 0.128465 0.023416
vt 0.134465 0.017416
vt -0.095818 -0.030567
vt 0.095818 -0.030567
vt 0.095818 0.030567
vt -0.095818 0.030567
vt 0.095818 -0.030567
vt -0.095818 -0.030567
vt -0.095818 0.030567
vt 0.095818 0.030567
vt -0.095818 -0.044822
vt 0.095818 -0.044822
vt 0.095818 0.044822
vt -0.095818 0.044822
vt -0.095818 0.044822
vt 0.095818 0.044822
vt 0.095818 -0.044822
vt -0.095818 -0.044822
vt -0.044822 -0.030567
vt 0.044822 -0.030567
vt 0.044822 0.030567
vt -0.044822 0.030567
vt 0.044822 -0.030567
vt -0.044822 -0.030567
vt -0.044822 0.030567
vt 0.044822 0.030567
vt -0.095818 0.036567
vt 0.095818 0.036567
vt 0.095818 0.030567
vt -0.095818 0.030567
vt -0.095818 0.036567
vt 0.095818 0.036567
vt 0.095818 0.030567
vt -0.095818 0.030567
vt -0.095818 -0.036567
vt 0.095818 -0.036567
vt 0.095818 -0.030567
vt -0.095818 -0.030567
vt -0.095818 -0.036567
vt 0.095818 -0.036567
vt 0.095818 -0.030567
vt -0.095818 -0.030567
vt 0.101818 -0.030567
vt 0.101818 0.030567
vt 0.095818 0.030567
vt 0.095818 -0.030567
vt 0.101818 -0.030567
vt 0.101818 0.030567
vt 0.095818 0.030567
vt 0.095818 -0.030567
vt -0.101818 -0.030567
vt -0.101818 0.030567
vt -0.095818 0.030567
vt -0.095818 -0.030567
vt -0.101818 -0.030567
vt -0.101818 0.030567
vt -0.095818 0.030567
vt -0.095818 -0.030567
vt 0.101818 0.030567
vt 0.101818 0.030567
vt 0.095818 0.036567
vt 0.095818 0.036567
vt 0.101818 -0.030567
vt 0.101818 -0.030567
vt 0.095818 -0.036567
vt 0.095818 -0.036567
vt -0.101818 0.030567
vt -0.101818 0.030567
vt -0.095818 0.036567
vt -0.095818 0.036567
vt -0.101818 -0.030567
vt -0.101818 -0.030567
vt -0.095818 -0.036567
vt -0.095818 -0.036567
vt -0.095818 -0.030567
vt -0.095818 -0.036567
vt -0.101818 -0.030567
vt -0.095818 -0.030567
vt -0.095818 -0.036567
vt -0.101818 -0.030567
vt -0.095818 0.030567
vt -0.095818 0.036567
vt -0.101818 0.030567
vt -0.095818 0.030567
vt -0.095818 0.036567
vt -0.101818 0.030567
vt 0.095818 -0.030567
vt 0.095818 -0.036567
vt 0.101818 -0.030567
vt 0.095818 -0.030567
vt 0.095818 -0.036567
vt 0.101818 -0.030567
vt 0.095818 0.030567
vt 0.095818 0.036567
vt 0.101818 0.030567
vt 0.095818 0.030567
vt 0.095818 0.036567
vt 0.101818 0.030567
vt -0.092196 -0.028635
vt 0.092196 -0.028635
vt 0.092196 0.028635
vt -0.092196 0.028635
vt 0.092196 -0.028635
vt -0.092196 -0.028635
vt -0.092196 0.028635
vt 0.092196 0.028635
vt -0.092196 -0.056696
vt 0.092196 -0.056696
vt 0.092196 0.056696
vt -0.092196 0.056696
vt -0.092196 0.056696
vt 0.092196 0.056696
vt 0.092196 -0.056696
vt -0.092196 -0.056696
vt -0.056696 -0.028635
vt 0.056696 -0.028635
vt 0.056696 0.028635
vt -0.056696 0.028635
vt 0.056696 -0.028635
vt -0.056696 -0.028635
vt -0.056696 0.028635
vt 0.056696 0.028635
vt -0.092196 0.034635
vt 0.092196 0.034635
vt 0.092196 0.028635
vt -0.092196 0.028635
vt -0.092196 0.034635
vt 0.092196 0.034635
vt 0.092196 0.028635
vt -0.092196 0.028635
vt -0.092196 -0.034635
vt 0.092196 -0.034635
vt 0.092196 -0.028635
vt -0.092196 -0.028635
vt -0.092196 -0.034635
vt 0.092196 -0.034635
vt 0.092196 -0.028635
vt -0.092196 -0.028635
vt 0.098196 -0.028635
vt 0.098196 0.028635
vt 0.092196 0.028635
vt 0.092196 -0.028635
vt 0.098196 -0.028635
vt 0.098196 0.028635
vt 0.092196 0.028635
vt 0.092196 -0.028635
vt -0.098196 -0.028635
vt -0.098196 0.028635
vt -0.092196 0.028635
vt -0.092196 -0.028635
vt -0.098196 -0.028635
vt -0.098196 0.028635
vt -0.092196 0.028635
vt -0.092196 -0.028635
vt 0.098196 0.028635
vt 0.098196 0.028635
vt 0.092196 0.034635
vt 0.092196 0.034635
vt 0.098196 -0.028635
vt 0.098196 -0.028635
vt 0.092196 -0.034635
vt 0.092196 -0.034635
vt -0.098196 0.028635
vt -0.098196 0.028635
vt -0.092196 0.034635
vt -0.092196 0.034635
vt -0.098196 -0.028635
vt -0.098196 -0.028635
vt -0.092196 -0.034635
vt -0.092196 -0.034635
vt -0.092196 -0.028635
vt -0.092196 -0.034635
vt -0.098196 -0.028635
vt -0.092196 -0.028635
vt -0.092196 -0.034635
vt -0.098196 -0.028635
vt -0.092196 0.028635
vt -0.092196 0.034635
vt -0.098196 0.028635
vt -0.092196 0.028635
vt -0.092196 0.034635
vt -0.098196 0.028635
vt 0.092196 -0.028635
vt 0.092196 -0.034635
vt 0.098196 -0.028635
vt 0.092196 -0.028635
vt 0.092196 -0.034635
vt 0.098196 -0.028635
vt 0.092196 0.028635
vt 0.092196 0.034635
vt 0.098196 0.028635
vt 0.092196 0.028635
vt 0.092196 0.034635
vt 0.098196 0.028635
vt -0.052994 -0.042873
vt 0.052994 -0.042873
vt 0.052994 0.042873
vt -0.052994 0.042873
vt 0.052994 -0.042873
vt -0.052994 -0.042873
vt -0.052994 0.042873
vt 0.052994 0.042873
vt -0.052994 -0.043846
vt 0.052994 -0.043846
vt 0.052994 0.043846
vt -0.052994 0.043846
vt -0.052994 0.043846
vt 0.052994 0.043846
vt 0.052994 -0.043846
vt -0.052994 -0.043846
vt -0.043846 -0.042873
vt 0.043846 -0.042873
vt 0.043846 0.042873
vt -0.043846 0.042873
vt 0.043846 -0.042873
vt -0.043846 -0.042873
vt -0.043846 0.042873
vt 0.043846 0.042873
vt -0.052994 0.048873
vt 0.052994 0.048873
vt 0.052994 0.042873
vt -0.052994 0.042873
vt -0.052994 0.048873
vt 0.052994 0.048873
vt 0.052994 0.042873
vt -0.052994 0.042873
vt -0.052994 -0.048873
vt 0.052994 -0.048873
vt 0.052994 -0.042873
vt -0.052994 -0.042873
vt -0.052994 -0.048873
vt 0.052994 -0.048873
vt 0.052994 -0.042873
vt -0.052994 -0.042873
vt 0.058994 -0.042873
vt 0.058994 0.042873
vt 0.052994 0.042873
vt 0.052994 -0.042873
vt 0.058994 -0.042873
vt 0.058994 0.042873
vt 0.052994 0.042873
vt 0.052994 -0.042873
vt -0.058994 -0.042873
vt -0.058994 0.042873
vt -0.052994 0.042873
vt -0.052994 -0.042873
vt -0.058994 -0.042873
vt -0.058994 0.042873
vt -0.052994 0.042873
vt -0.052994 -0.042873
vt 0.058994 0.042873
vt 0.058994 0.042873
vt 0.052994 0.048873
vt 0.052994 0.048873
vt 0.058994 -0.042873
vt 0.058994 -0.042873
vt 0.052994 -0.048873
vt 0.052994 -0.048873
vt -0.058994 0.042873
vt -0.058994 0.042873
vt -0.052994 0.048873
vt -0.052994 0.048873
vt -0.058994 -0.042873
vt -0.058994 -0.042873
vt -0.052994 -0.048873
vt -0.052994 -0.048873
vt -0.052994 -0.042873
vt -0.052994 -0.048873
vt -0.058994 -0.042873
vt -0.052994 -0.042873
vt -0.052994 -0.048873
vt -0.058994 -0.042873
vt -0.052994 0.042873
vt -0.052994 0.048873
vt -0.058994 0.042873
vt -0.052994 0.042873
vt -0.052994 0.048873
vt -0.058994 0.042873
vt 0.052994 -0.042873
vt 0.052994 -0.048873
vt 0.058994 -0.042873
vt 0.052994 -0.042873
vt 0.052994 -0.048873
vt 0.058994 -0.042873
vt 0.052994 0.042873
vt 0.052994 0.048873
vt 0.058994 0.042873
vt 0.052994 0.042873
vt 0.052994 0.048873
vt 0.058994 0.042873
vt -0.099018 -0.028796
vt 0.099018 -0.028796
vt 0.099018 0.028796
vt -0.099018 0.028796
vt 0.099018 -0.028796
vt -0.099018 -0.028796
vt -0.099018 0.028796
vt 0.099018 0.028796
vt -0.099018 -0.112595
vt 0.099018 -0.112595
vt 0.099018 0.112595
vt -0.099018 0.112595
vt -0.099018 0.112595
vt 0.099018 0.112595
vt 0.099018 -0.112595
vt -0.099018 -0.112595
vt -0.112595 -0.028796
vt 0.112595 -0.028796
vt 0.112595 0.028796
vt -0.112595 0.028796
vt 0.112595 -0.028796
vt -0.112595 -0.028796
vt -0.112595 0.028796
vt 0.112595 0.028796
vt -0.099018 0.034796
vt 0.099018 0.034796
vt 0.099018 0.028796
vt -0.099018 0.028796
vt -0.099018 0.034796
vt 0.099018 0.034796
vt 0.099018 0.028796
vt -0.099018 0.028796
vt -0.099018 -0.034796
vt 0.099018 -0.034796
vt 0.099018 -0.028796
vt -0.099018 -0.028796
vt -0.099018 -0.034796
vt 0.099018 -0.034796
vt 0.099018 -0.028796
vt -0.099018 -0.028796
vt 0.105018 -0.028796
vt 0.105018 0.028796
vt 0.099018 0.028796
vt 0.099018 -0.028796
vt 0.105018 -0.028796
vt 0.105018 0.028796
vt 0.099018 0.028796
vt 0.099018 -0.028796
vt -0.105018 -0.028796
vt -0.105018 0.028796
vt -0.099018 0.028796
vt -0.099018 -0.028796
vt -0.105018 -0.028796
vt -0.105018 0.028796
vt -0.099018 0.028796
vt -0.099018 -0.028796
vt 0.105018 0.028796
vt 0.105018 0.028796
vt 0.099018 0.034796
vt 0.099018 0.034796
vt 0.105018 -0.028796
vt 0.105018 -0.028796
vt 0.099018 -0.034796
vt 0.099018 -0.034796
vt -0.105018 0.028796
vt -0.105018 0.028796
vt -0.099018 0.034796
vt -0.099018 0.034796
vt -0.105018 -0.028796
vt -0.105018 -0.028796
vt -0.099018 -0.034796
vt -0.099018 -0.034796
vt -0.099018 -0.028796
vt -0.099018 -0.034796
vt -0.105018 -0.028796
vt -0.099018 -0.028796
vt -0.099018 -0.034796
vt -0.105018 -0.028796
vt -0.099018 0.028796
vt -0.099018 0.034796
vt -0.105018 0.028796
vt -0.099018 0.028796
vt -0.099018 0.034796
vt -0.105018 0.028796
vt 0.099018 -0.028796
vt 0.099018 -0.034796
vt 0.105018 -0.028796
vt 0.099018 -0.028796
vt 0.099018 -0.034796
vt 0.105018 -0.028796
vt 0.099018 0.028796
vt 0.099018 0.034796
vt 0.105018 0.028796
vt 0.099018 0.028796
vt 0.099018 0.034796
vt 0.105018 0.028796
vt -0.088356 -0.019493
vt 0.088356 -0.019493
vt 0.088356 0.019493
vt -0.088356 0.019493
vt 0.088356 -0.019493
vt -0.088356 -0.019493
vt -0.088356 0.019493
vt 0.088356 0.019493
vt -0.088356 -0.035087
vt 0.088356 -0.035087
vt 0.088356 0.035087
vt -0.088356 0.035087
vt -0.088356 0.035087
vt 0.088356 0.035087
vt 0.088356 -0.035087
vt -0.088356 -0.035087
vt -0.035087 -0.019493
vt 0.035087 -0.019493
vt 0.035087 0.019493
vt -0.035087 0.019493
vt 0.035087 -0.019493
vt -0.035087 -0.019493
vt -0.035087 0.019493
vt 0.035087 0.019493
vt -0.088356 0.025493
vt 0.088356 0.025493
vt 0.088356 0.019493
vt -0.088356 0.019493
vt -0.088356 0.025493
vt 0.088356 0.025493
vt 0.088356 0.019493
vt -0.088356 0.019493
vt -0.088356 -0.025493
vt 0.088356 -0.025493
vt 0.088356 -0.019493
vt -0.088356 -0.019493
vt -0.088356 -0.025493
vt 0.088356 -0.025493
vt 0.088356 -0.019493
vt -0.088356 -0.019493
vt 0.094356 -0.019493
vt 0.094356 0.019493
vt 0.088356 0.019493
vt 0.088356 -0.019493
vt 0.094356 -0.019493
vt 0.094356 0.019493
vt 0.088356 0.019493
vt 0.088356 -0.019493
vt -0.094356 -0.019493
vt -0.094356 0.019493
vt -0.088356 0.019493
vt -0.088356 -0.019493
vt -0.094356 -0.019493
vt -0.094356 0.019493
vt -0.088356 0.019493
vt -0.088356 -0.019493
vt 0.094356 0.019493
vt 0.094356 0.019493
vt 0.088356 0.025493
vt 0.088356 0.025493
vt 0.094356 -0.019493
vt 0.094356 -0.019493
vt 0.088356 -0.025493
vt 0.088356 -0.025493
vt -0.094356 0.019493
vt -0.094356 0.019493
vt -0.088356 0.025493
vt -0.088356 0.025493
vt -0.094356 -0.019493
vt -0.094356 -0.019493
vt -0.088356 -0.025493
vt -0.088356 -0.025493
vt -0.088356 -0.019493
vt -0.088356 -0.025493
vt -0.094356 -0.019493
vt -0.088356 -0.019493
vt -0.088356 -0.025493
vt -0.094356 -0.019493
vt -0.088356 0.019493
vt -0.088356 0.025493
vt -0.094356 0.019493
vt -0.088356 0.019493
vt -0.088356 0.025493
vt -0.094356 0.019493
vt 0.088356 -0.019493
vt 0.088356 -0.025493
vt 0.094356 -0.019493
vt 0.088356 -0.019493
vt 0.088356 -0.025493
vt 0.094356 -0.019493
vt 0.088356 0.019493
vt 0.088356 0.025493
vt 0.094356 0.019493
vt 0.088356 0.019493
vt 0.088356 0.025493
vt 0.094356 0.019493
vt -0.071535 -0.046445
vt 0.071535 -0.046445
vt 0.071535 0.046445
vt -0.071535 0.046445
vt 0.071535 -0.046445
vt -0.071535 -0.046445
vt -0.071535 0.046445
vt 0.071535 0.046445
vt -0.071535 -0.080301
vt 0.071535 -0.080301
vt 0.071535 0.080301
vt -0.071535 0.080301
vt -0.071535 0.080301
vt 0.071535 0.080301
vt 0.071535 -0.080301
vt -0.071535 -0.080301
vt -0.080301 -0.046445
vt 0.080301 -0.046445
vt 0.080301 0.046445
vt -0.080301 0.046445
vt 0.080301 -0.046445
vt -0.080301 -0.046445
vt -0.080301 0.046445
vt 0.080301 0.046445
vt -0.071535 0.052445
vt 0.071535 0.052445
vt 0.071535 0.046445
vt -0.071535 0.046445
vt -0.071535 0.052445
vt 0.071535 0.052445
vt 0.071535 0.046445
vt -0.071535 0.046445
vt -0.071535 -0.052445
vt 0.071535 -0.052445
vt 0.071535 -0.046445
vt -0.071535 -0.046445
vt -0.071535 -0.052445
vt 0.071535 -0.052445
vt 0.071535 -0.046445
vt -0.071535 -0.046445
vt 0.077535 -0.046445
vt 0.077535 0.046445
vt 0.071535 0.046445
vt 0.071535 -0.046445
vt 0.077535 -0.046445
vt 0.077535 0.046445
vt 0.071535 0.046445
vt 0.071535 -0.046445
vt -0.077535 -0.046445
vt -0.077535 0.046445
vt -0.071535 0.046445
vt -0.071535 -0.046445
vt -0.077535 -0.046445
vt -0.077535 0.046445
vt -0.071535 0.046445
vt -0.071535 -0.046445
vt 0.077535 0.046445
vt 0.077535 0.046445
vt 0.071535 0.052445
vt 0.071535 0.052445
vt 0.077535 -0.046445
vt 0.077535 -0.046445
vt 0.071535 -0.052445
vt 0.071535 -0.052445
vt -0.077535 0.046445
vt -0.077535 0.046445
vt -0.071535 0.052445
vt -0.071535 0.052445
vt -0.077535 -0.046445
vt -0.077535 -0.046445
vt -0.071535 -0.052445
vt -0.071535 -0.052445
vt -0.071535 -0.046445
vt -0.071535 -0.052445
vt -0.077535 -0.046445
vt -0.071535 -0.046445
vt -0.071535 -0.052445
vt -0.077535 -0.046445
vt -0.071535 0.046445
vt -0.071535 0.052445
vt -0.077535 0.046445
vt -0.071535 0.046445
vt -0.071535 0.052445
vt -0.077535 0.046445
vt 0.071535 -0.046445
vt 0.071535 -0.052445
vt 0.077535 -0.046445
vt 0.071535 -0.046445
vt 0.071535 -0.052445
vt 0.077535 -0.046445
vt 0.071535 0.046445
vt 0.071535 0.052445
vt 0.077535 0.046445
vt 0.071535 0.046445
vt 0.071535 0.052445
vt 0.077535 0.046445
vt -0.049199 -0.054736
vt 0.049199 -0.054736
vt 0.049199 0.054736
vt -0.049199 0.054736
vt 0.049199 -0.054736
vt -0.049199 -0.054736
vt -0.049199 0.054736
vt 0.049199 0.054736
vt -0.049199 -0.079451
vt 0.049199 -0.079451
vt 0.049199 0.079451
vt -0.049199 0.079451
vt -0.049199 0.079451
vt 0.049199 0.079451
vt 0.049199 -0.079451
vt -0.049199 -0.079451
vt -0.079451 -0.054736
vt 0.079451 -0.054736
vt 0.079451 0.054736
vt -0.079451 0.054736
vt 0.079451 -0.054736
vt -0.079451 -0.054736
vt -0.079451 0.054736
vt 0.079451 0.054736
vt -0.049199 0.060736
vt 0.049199 0.060736
vt 0.049199 0.054736
vt -0.049199 0.054736
vt -0.049199 0.060736
vt 0.049199 0.060736
vt 0.049199 0.054736
vt -0.049199 0.054736
vt -0.049199 -0.060736
vt 0.049199 -0.060736
vt 0.049199 -0.054736
vt -0.049199 -0.054736
vt -0.049199 -0.060736
vt 0.049199 -0.060736
vt 0.049199 -0.054736
vt -0.049199 -0.054736
vt 0.055199 -0.054736
vt 0.055199 0.054736
vt 0.049199 0.054736
vt 0.049199 -0.054736
vt 0.055199 -0.054736
vt 0.055199 0.054736
vt 0.049199 0.054736
vt 0.049199 -0.054736
vt -0.055199 -0.054736
vt -0.055199 0.054736
vt -0.049199 0.054736
vt -0.049199 -0.054736
vt -0.055199 -0.054736
vt -0.055199 0.054736
vt -0.049199 0.054736
vt -0.049199 -0.054736
vt 0.055199 0.054736
vt 0.055199 0.054736
vt 0.049199 0.060736
vt 0.049199 0.060736
vt 0.055199 -0.054736
vt 0.055199 -0.054736
vt 0.049199 -0.060736
vt 0.049199 -0.060736
vt -0.055199 0.054736
vt -0.055199 0.054736
vt -0.049199 0.060736
vt -0.049199 0.060736
vt -0.055199 -0.054736
vt -0.055199 -0.054736
vt -0.049199 -0.060736
vt -0.049199 -0.060736
vt -0.049199 -0.054736
vt -0.049199 -0.060736
vt -0.055199 -0.054736
vt -0.049199 -0.054736
vt -0.049199 -0.060736
vt -0.055199 -0.054736
vt -0.049199 0.054736
vt -0.049199 0.060736
vt -0.055199 0.054736
vt -0.049199 0.054736
vt -0.049199 0.060736
vt -0.055199 0.054736
vt 0.049199 -0.054736
vt 0.049199 -0.060736
vt 0.055199 -0.054736
vt 0.049199 -0.054736
vt 0.049199 -0.060736
vt 0.055199 -0.054736
vt 0.049199 0.054736
vt 0.049199 0.060736
vt 0.055199 0.054736
vt 0.049199 0.054736
vt 0.049199 0.060736
vt 0.055199 0.054736
vt -0.128464 -0.029542
vt 0.128464 -0.029542
vt 0.128464 0.029542
vt -0.128464 0.029542
vt 0.128464 -0.029542
vt -0.128464 -0.029542
vt -0.128464 0.029542
vt 0.128464 0.029542
vt -0.128464 -0.039342
vt 0.128464 -0.039342
vt 0.128464 0.039342
vt -0.128464 0.039342
vt -0.128464 0.039342
vt 0.128464 0.039342
vt 0.128464 -0.039342
vt -0.128464 -0.039342
vt -0.039342 -0.029542
vt 0.039342 -0.029542
vt 0.039342 0.029542
vt -0.039342 0.029542
vt 0.039342 -0.029542
vt -0.039342 -0.029542
vt -0.039342 0.029542
vt 0.039342 0.029542
vt -0.128464 0.035542
vt 0.128464 0.035542
vt 0.128464 0.029542
vt -0.128464 0.029542
vt -0.128464 0.035542
vt 0.128464 0.035542
vt 0.128464 0.029542
vt -0.128464 0.029542
vt -0.128464 -0.035542
vt 0.128464 -0.035542
vt 0.128464 -0.029542
vt -0.128464 -0.029542
vt -0.128464 -0.035542
vt 0.128464 -0.035542
vt 0.128464 -0.029542
vt -0.128464 -0.029542
vt 0.134464 -0.029542
vt 0.134464 0.029542
vt 0.128464 0.029542
vt 0.128464 -0.029542
vt 0.134464 -0.029542
vt 0.134464 0.029542
vt 0.128464 0.029542
vt 0.128464 -0.029542
vt -0.134464 -0.029542
vt -0.134464 0.029542
vt -0.128464 0.029542
vt -0.128464 -0.029542
vt -0.134464 -0.029542
vt -0.134464 0.029542
vt -0.128464 0.029542
vt -0.128464 -0.029542
vt 0.134464 0.029542
vt 0.134464 0.029542
vt 0.128464 0.035542
vt 0.128464 0.035542
vt 0.134464 -0.029542
vt 0.134464 -0.029542
vt 0.128464 -0.035542
vt 0.128464 -0.035542
vt -0.134464 0.029542
vt -0.134464 0.029542
vt -0.128464 0.035542
vt -0.128464 0.035542
vt -0.134464 -0.029542
vt -0.134464 -0.029542
vt -0.128464 -0.035542
vt -0.128464 -0.035542
vt -0.128464 -0.029542
vt -0.128464 -0.035542
vt -0.134464 -0.029542
vt -0.128464 -0.029542
vt -0.128464 -0.035542
vt -0.134464 -0.029542
vt -0.128464 0.029542
vt -0.128464 0.035542
vt -0.134464 0.029542
vt -0.128464 0.029542
vt -0.128464 0.035542
vt -0.134464 0.029542
vt 0.128464 -0.029542
vt 0.128464 -0.035542
vt 0.134464 -0.029542
vt 0.128464 -0.029542
vt 0.128464 -0.035542
vt 0.134464 -0.029542
vt 0.128464 0.029542
vt 0.128464 0.035542
vt 0.134464 0.029542
vt 0.128464 0.029542
vt 0.128464 0.035542
vt 0.134464 0.029542
vt -0.087727 -0.033888
vt 0.087727 -0.033888
vt 0.087727 0.033888
vt -0.087727 0.033888
vt 0.087727 -0.033888
vt -0.087727 -0.033888
vt -0.087727 0.033888
vt 0.087727 0.033888
vt -0.087727 -0.034737
vt 0.087727 -0.034737
vt 0.087727 0.034737
vt -0.087727 0.034737
vt -0.087727 0.034737
vt 0.087727 0.034737
vt 0.087727 -0.034737
vt -0.087727 -0.034737
vt -0.034737 -0.033888
vt 0.034737 -0.033888
vt 0.034737 0.033888
vt -0.034737 0.033888
vt 0.034737 -0.033888
vt -0.034737 -0.033888
vt -0.034737 0.033888
vt 0.034737 0.033888
vt -0.087727 0.039888
vt 0.087727 0.039888
vt 0.087727 0.033888
vt -0.087727 0.033888
vt -0.087727 0.039888
vt 0.087727 0.039888
vt 0.087727 0.033888
vt -0.087727 0.033888
vt -0.087727 -0.039888
vt 0.087727 -0.039888
vt 0.087727 -0.033888
vt -0.087727 -0.033888
vt -0.087727 -0.039888
vt 0.087727 -0.039888
vt 0.087727 -0.033888
vt -0.087727 -0.033888
vt 0.093727 -0.033888
vt 0.093727 0.033888
vt 0.087727 0.033888
vt 0.087727 -0.033888
vt 0.093727 -0.033888
vt 0.093727 0.033888
vt 0.087727 0.033888
vt 0.087727 -0.033888
vt -0.093727 -0.033888
vt -0.093727 0.033888
vt -0.087727 0.033888
vt -0.087727 -0.033888
vt -0.093727 -0.033888
vt -0.093727 0.033888
vt -0.087727 0.033888
vt -0.087727 -0.033888
vt 0.093727 0.033888
vt 0.093727 0.033888
vt 0.087727 0.039888
vt 0.087727 0.039888
vt 0.093727 -0.033888
vt 0.093727 -0.033888
vt 0.087727 -0.039888
vt 0.087727 -0.039888
vt -0.093727 0.033888
vt -0.093727 0.033888
vt -0.087727 0.039888
vt -0.087727 0.039888
vt -0.093727 -0.033888
vt -0.093727 -0.033888
vt -0.087727 -0.039888
vt -0.087727 -0.039888
vt -0.087727 -0.033888
vt -0.087727 -0.039888
vt -0.093727 -0.033888
vt -0.087727 -0.033888
vt -0.087727 -0.039888
vt -0.093727 -0.033888
vt -0.087727 0.033888
vt -0.087727 0.039888
vt -0.093727 0.033888
vt -0.087727 0.033888
vt -0.087727 0.039888
vt -0.093727 0.033888
vt 0.087727 -0.033888
vt 0.087727 -0.039888
vt 0.093727 -0.033888
vt 0.087727 -0.033888
vt 0.087727 -0.039888
vt 0.093727 -0.033888
vt 0.087727 0.033888
vt 0.087727 0.039888
vt 0.093727 0.033888
vt 0.087727 0.033888
vt 0.087727 0.039888
vt 0.093727 0.033888
vt -0.131881 -0.035392
vt 0.131881 -0.035392
vt 0.131881 0.035392
vt -0.131881 0.035392
vt 0.131881 -0.035392
vt -0.131881 -0.035392
vt -0.131881 0.035392
vt 0.131881 0.035392
vt -0.131881 -0.067763
vt 0.131881 -0.067763
vt 0.131881 0.067763
vt -0.131881 0.067763
vt -0.131881 0.067763
vt 0.131881 0.067763
vt 0.131881 -0.067763
vt -0.131881 -0.067763
vt -0.067763 -0.035392
vt 0.067763 -0.035392
vt 0.067763 0.035392
vt -0.067763 0.035392
vt 0.067763 -0.035392
vt -0.067763 -0.035392
vt -0.067763 0.035392
vt 0.067763 0.035392
vt -0.131881 0.041392
vt 0.131881 0.041392
vt 0.131881 0.035392
vt -0.131881 0.035392
vt -0.131881 0.041392
vt 0.131881 0.041392
vt 0.131881 0.035392
vt -0.131881 0.035392
vt -0.131881 -0.041392
vt 0.131881 -0.041392
vt 0.131881 -0.035392
vt -0.131881 -0.035392
vt -0.131881 -0.041392
vt 0.131881 -0.041392
vt 0.131881 -0.035392
vt -0.131881 -0.035392
vt 0.137881 -0.035392
vt 0.137881 0.035392
vt 0.131881 0.035392
vt 0.131881 -0.035392
vt 0.137881 -0.035392
vt 0.137881 0.035392
vt 0.131881 0.035392
vt 0.131881 -0.035392
vt -0.137881 -0.035392
vt -0.137881 0.035392
vt -0.131881 0.035392
vt -0.131881 -0.035392
vt -0.137881 -0.035392
vt -0.137881 0.035392
vt -0.131881 0.035392
vt -0.131881 -0.035392
vt 0.137881 0.035392
vt 0.137881 0.035392
vt 0.131881 0.041392
vt 0.131881 0.041392
vt 0.137881 -0.035392
vt 0.137881 -0.035392
vt 0.131881 -0.041392
vt 0.131881 -0.041392
vt -0.137881 0.035392
vt -0.137881 0.035392
vt -0.131881 0.041392
vt -0.131881 0.041392
vt -0.137881 -0.035392
vt -0.137881 -0.035392
vt -0.131881 -0.041392
vt -0.131881 -0.041392
vt -0.131881 -0.035392
vt -0.131881 -0.041392
vt -0.137881 -0.035392
vt -0.131881 -0.035392
vt -0.131881 -0.041392
vt -0.137881 -0.035392
vt -0.131881 0.035392
vt -0.131881 0.041392
vt -0.137881 0.035392
vt -0.131881 0.035392
vt -0.131881 0.041392
vt -0.137881 0.035392
vt 0.131881 -0.035392
vt 0.131881 -0.041392
vt 0.137881 -0.035392
vt 0.131881 -0.035392
vt 0.131881 -0.041392
vt 0.137881 -0.035392
vt 0.131881 0.035392
vt 0.131881 0.041392
vt 0.137881 0.035392
vt 0.131881 0.035392
vt 0.131881 0.041392
vt 0.137881 0.035392
vt -0.125223 -0.042800
vt 0.125223 -0.042800
vt 0.125223 0.042800
vt -0.125223 0.042800
vt 0.125223 -0.042800
vt -0.125223 -0.042800
vt -0.125223 0.042800
vt 0.125223 0.042800
vt -0.125223 -0.073128
vt 0.125223 -0.073128
vt 0.125223 0.073128
vt -0.125223 0.073128
vt -0.125223 0.073128
vt 0.125223 0.073128
vt 0.125223 -0.073128
vt -0.125223 -0.073128
vt -0.073128 -0.042800
vt 0.073128 -0.042800
vt 0.073128 0.042800
vt -0.073128 0.042800
vt 0.073128 -0.042800
vt -0.073128 -0.042800
vt -0.073128 0.042800
vt 0.073128 0.042800
vt -0.125223 0.048800
vt 0.125223 0.048800
vt 0.125223 0.042800
vt -0.125223 0.042800
vt -0.125223 0.048800
vt 0.125223 0.048800
vt 0.125223 0.042800
vt -0.125223 0.042800
vt -0.125223 -0.048800
vt 0.125223 -0.048800
vt 0.125223 -0.042800
vt -0.125223 -0.042800
vt -0.125223 -0.048800
vt 0.125223 -0.048800
vt 0.125223 -0.042800
vt -0.125223 -0.042800
vt 0.131223 -0.042800
vt 0.131223 0.042800
vt 0.125223 0.042800
vt 0.125223 -0.042800
vt 0.131223 -0.042800
vt 0.131223 0.042800
vt 0.125223 0.042800
vt 0.125223 -0.042800
vt -0.131223 -0.042800
vt -0.131223 0.042800
vt -0.125223 0.042800
vt -0.125223 -0.042800
vt -0.131223 -0.042800
vt -0.131223 0.042800
vt -0.125223 0.042800
vt -0.125223 -0.042800
vt 0.131223 0.042800
vt 0.131223 0.042800
vt 0.125223 0.048800
vt 0.125223 0.048800
vt 0.131223 -0.042800
vt 0.131223 -0.042800
vt 0.125223 -0.048800
vt 0.125223 -0.048800
vt -0.131223 0.042800
vt -0.131223 0.042800
vt -0.125223 0.048800
vt -0.125223 0.048800
vt -0.131223 -0.042800
vt -0.131223 -0.042800
vt -0.125223 -0.048800
vt -0.125223 -0.048800
vt -0.125223 -0.042800
vt -0.125223 -0.048800
vt -0.131223 -0.042800
vt -0.125223 -0.042800
vt -0.125223 -0.048800
vt -0.131223 -0.042800
vt -0.125223 0.042800
vt -0.125223 0.048800
vt -0.131223 0.042800
vt -0.125223 0.042800
vt -0.125223 0.048800
vt -0.131223 0.042800
vt 0.125223 -0.042800
vt 0.125223 -0.048800
vt 0.131223 -0.042800
vt 0.125223 -0.042800
vt 0.125223 -0.048800
vt 0.131223 -0.042800
vt 0.125223 0.042800
vt 0.125223 0.048800
vt 0.131223 0.042800
vt 0.125223 0.042800
vt 0.125223 0.048800
vt 0.131223 0.042800
vt -0.045039 -0.053443
vt 0.045039 -0.053443
vt 0.045039 0.053443
vt -0.045039 0.053443
vt 0.045039 -0.053443
vt -0.045039 -0.053443
vt -0.045039 0.053443
vt 0.045039 0.053443
vt -0.045039 -0.115420
vt 0.045039 -0.115420
vt 0.045039 0.115420
vt -0.045039 0.115420
vt -0.045039 0.115420
vt 0.045039 0.115420
vt 0.045039 -0.115420
vt -0.045039 -0.115420
vt -0.115420 -0.053443
vt 0.115420 -0.053443
vt 0.115420 0.053443
vt -0.115420 0.053443
vt 0.115420 -0.053443
vt -0.115420 -0.053443
vt -0.115420 0.053443
vt 0.115420 0.053443
vt -0.045039 0.059443
vt 0.045039 0.059443
vt 0.045039 0.053443
vt -0.045039 0.053443
vt -0.045039 0.059443
vt 0.045039 0.059443
vt 0.045039 0.053443
vt -0.045039 0.053443
vt -0.045039 -0.059443
vt 0.045039 -0.059443
vt 0.045039 -0.053443
vt -0.045039 -0.053443
vt -0.045039 -0.059443
vt 0.045039 -0.059443
vt 0.045039 -0.053443
vt -0.045039 -0.053443
vt 0.051039 -0.053443
vt 0.051039 0.053443
vt 0.045039 0.053443
vt 0.045039 -0.053443
vt 0.051039 -0.053443
vt 0.051039 0.053443
vt 0.045039 0.053443
vt 0.045039 -0.053443
vt -0.051039 -0.053443
vt -0.051039 0.053443
vt -0.045039 0.053443
vt -0.045039 -0.053443
vt -0.051039 -0.053443
vt -0.051039 0.053443
vt -0.045039 0.053443
vt -0.045039 -0.053443
vt 0.051039 0.053443
vt 0.051039 0.053443
vt 0.045039 0.059443
vt 0.045039 0.059443
vt 0.051039 -0.053443
vt 0.051039 -0.053443
vt 0.045039 -0.059443
vt 0.045039 -0.059443
vt -0.051039 0.053443
vt -0.051039 0.053443
vt -0.045039 0.059443
vt -0.045039 0.059443
vt -0.051039 -0.053443
vt -0.051039 -0.053443
vt -0.045039 -0.059443
vt -0.045039 -0.059443
vt -0.045039 -0.053443
vt -0.045039 -0.059443
vt -0.051039 -0.053443
vt -0.045039 -0.053443
vt -0.045039 -0.059443
vt -0.051039 -0.053443
vt -0.045039 0.053443
vt -0.045039 0.059443
vt -0.051039 0.053443
vt -0.045039 0.053443
vt -0.045039 0.059443
vt -0.051039 0.053443
vt 0.045039 -0.053443
vt 0.045039 -0.059443
vt 0.051039 -0.053443
vt 0.045039 -0.053443
vt 0.045039 -0.059443
vt 0.051039 -0.053443
vt 0.045039 0.053443
vt 0.045039 0.059443
vt 0.051039 0.053443
vt 0.045039 0.053443
vt 0.045039 0.059443
vt 0.051039 0.053443
vt -0.076518 -0.019414
vt 0.076518 -0.019414
vt 0.076518 0.019414
vt -0.076518 0.019414
vt 0.076518 -0.019414
vt -0.076518 -0.019414
vt -0.076518 0.019414
vt 0.076518 0.019414
vt -0.076518 -0.036009
vt 0.076518 -0.036009
vt 0.076518 0.036009
vt -0.076518 0.036009
vt -0.076518 0.036009
vt 0.076518 0.036009
vt 0.076518 -0.036009
vt -0.076518 -0.036009
vt -0.036009 -0.019414
vt 0.036009 -0.019414
vt 0.036009 0.019414
vt -0.036009 0.019414
vt 0.036009 -0.019414
vt -0.036009 -0.019414
vt -0.036009 0.019414
vt 0.036009 0.019414
vt -0.076518 0.025414
vt 0.076518 0.025414
vt 0.076518 0.019414
vt -0.076518 0.019414
vt -0.076518 0.025414
vt 0.076518 0.025414
vt 0.076518 0.019414
vt -0.076518 0.019414
vt -0.076518 -0.025414
vt 0.076518 -0.025414
vt 0.076518 -0.019414
vt -0.076518 -0.019414
vt -0.076518 -0.025414
vt 0.076518 -0.025414
vt 0.076518 -0.019414
vt -0.076518 -0.019414
vt 0.082518 -0.019414
vt 0.082518 0.019414
vt 0.076518 0.019414
vt 0.076518 -0.019414
vt 0.082518 -0.019414
vt 0.082518 0.019414
vt 0.076518 0.019414
vt 0.076518 -0.019414
vt -0.082518 -0.019414
vt -0.082518 0.019414
vt -0.076518 0.019414
vt -0.076518 -0.019414
vt -0.082518 -0.019414
vt -0.082518 0.019414
vt -0.076518 0.019414
vt -0.076518 -0.019414
vt 0.082518 0.019414
vt 0.082518 0.019414
vt 0.076518 0.025414
vt 0.076518 0.025414
vt 0.082518 -0.019414
vt 0.082518 -0.019414
vt 0.076518 -0.025414
vt 0.076518 -0.025414
vt -0.082518 0.019414
vt -0.082518 0.019414
vt -0.076518 0.025414
vt -0.076518 0.025414
vt -0.082518 -0.019414
vt -0.082518 -0.019414
vt -0.076518 -0.025414
vt -0.076518 -0.025414
vt -0.076518 -0.019414
vt -0.076518 -0.025414
vt -0.082518 -0.019414
vt -0.076518 -0.019414
vt -0.076518 -0.025414
vt -0.082518 -0.019414
vt -0.076518 0.019414
vt -0.076518 0.025414
vt -0.082518 0.019414
vt -0.076518 0.019414
vt -0.076518 0.025414
vt -0.082518 0.019414
vt 0.076518 -0.019414
vt 0.076518 -0.025414
vt 0.082518 -0.019414
vt 0.076518 -0.019414
vt 0.076518 -0.025414
vt 0.082518 -0.019414
vt 0.076518 0.019414
vt 0.076518 0.025414
vt 0.082518 0.019414
vt 0.076518 0.019414
vt 0.076518 0.025414
vt 0.082518 0.019414
vt -0.061344 -0.033630
vt 0.061344 -0.033630
vt 0.061344 0.033630
vt -0.061344 0.033630
vt 0.061344 -0.033630
vt -0.061344 -0.033630
vt -0.061344 0.033630
vt 0.061344 0.033630
vt -0.061344 -0.041217
vt 0.061344 -0.041217
vt 0.061344 0.041217
vt -0.061344 0.041217
vt -0.061344 0.041217
vt 0.061344 0.041217
vt 0.061344 -0.041217
vt -0.061344 -0.041217
vt -0.041217 -0.033630
vt 0.041217 -0.033630
vt 0.041217 0.033630
vt -0.041217 0.033630
vt 0.041217 -0.033630
vt -0.041217 -0.033630
vt -0.041217 0.033630
vt 0.041217 0.033630
vt -0.061344 0.039630
vt 0.061344 0.039630
vt 0.061344 0.033630
vt -0.061344 0.033630
vt -0.061344 0.039630
vt 0.061344 0.039630
vt 0.061344 0.033630
vt -0.061344 0.033630
vt -0.061344 -0.039630
vt 0.061344 -0.039630
vt 0.061344 -0.033630
vt -0.061344 -0.033630
vt -0.061344 -0.039630
vt 0.061344 -0.039630
vt 0.061344 -0.033630
vt -0.061344 -0.033630
vt 0.067344 -0.033630
vt 0.067344 0.033630
vt 0.061344 0.033630
vt 0.061344 -0.033630
vt 0.067344 -0.033630
vt 0.067344 0.033630
vt 0.061344 0.033630
vt 0.061344 -0.033630
vt -0.067344 -0.033630
vt -0.067344 0.033630
vt -0.061344 0.033630
vt -0.061344 -0.033630
vt -0.067344 -0.033630
vt -0.067344 0.033630
vt -0.061344 0.033630
vt -0.061344 -0.033630
vt 0.067344 0.033630
vt 0.067344 0.033630
vt 0.061344 0.039630
vt 0.061344 0.039630
vt 0.067344 -0.033630
vt 0.067344 -0.033630
vt 0.061344 -0.039630
vt 0.061344 -0.039630
vt -0.067344 0.033630
vt -0.067344 0.033630
vt -0.061344 0.039630
vt -0.061344 0.039630
vt -0.067344 -0.033630
vt -0.067344 -0.033630
vt -0.061344 -0.039630
vt -0.061344 -0.039630
vt -0.061344 -0.033630
vt -0.061344 -0.039630
vt -0.067344 -0.033630
vt -0.061344 -0.033630
vt -0.061344 -0.039630
vt -0.067344 -0.033630
vt -0.061344 0.033630
vt -0.061344 0.039630
vt -0.067344 0.033630
vt -0.061344 0.033630
vt -0.061344 0.039630
vt -0.067344 0.033630
vt 0.061344 -0.033630
vt 0.061344 -0.039630
vt 0.067344 -0.033630
vt 0.061344 -0.033630
vt 0.061344 -0.039630
vt 0.067344 -0.033630
vt 0.061344 0.033630
vt 0.061344 0.039630
vt 0.067344 0.033630
vt 0.061344 0.033630
vt 0.061344 0.039630
vt 0.067344 0.033630
vt -0.114375 -0.045684
vt 0.114375 -0.045684
vt 0.114375 0.045684
vt -0.114375 0.045684
vt 0.114375 -0.045684
vt -0.114375 -0.045684
vt -0.114375 0.045684
vt 0.114375 0.045684
vt -0.114375 -0.035075
vt 0.114375 -0.035075
vt 0.114375 0.035075
vt -0.114375 0.035075
vt -0.114375 0.035075
vt 0.114375 0.035075
vt 0.114375 -0.035075
vt -0.114375 -0.035075
vt -0.035075 -0.045684
vt 0.035075 -0.045684
vt 0.035075 0.045684
vt -0.035075 0.045684
vt 0.035075 -0.045684
vt -0.035075 -0.045684
vt -0.035075 0.045684
vt 0.035075 0.045684
vt -0.114375 0.051684
vt 0.114375 0.051684
vt 0.114375 0.045684
vt -0.114375 0.045684
vt -0.114375 0.051684
vt 0.114375 0.051684
vt 0.114375 0.045684
vt -0.114375 0.045684
vt -0.114375 -0.051684
vt 0.114375 -0.051684
vt 0.114375 -0.045684
vt -0.114375 -0.045684
vt -0.114375 -0.051684
vt 0.114375 -0.051684
vt 0.114375 -0.045684
vt -0.114375 -0.045684
vt 0.120375 -0.045684
vt 0.120375 0.045684
vt 0.114375 0.045684
vt 0.114375 -0.045684
vt 0.120375 -0.045684
vt 0.120375 0.045684
vt 0.114375 0.045684
vt 0.114375 -0.045684
vt -0.120375 -0.045684
vt -0.120375 0.045684
vt -0.114375 0.045684
vt -0.114375 -0.045684
vt -0.120375 -0.045684
vt -0.120375 0.045684
vt -0.114375 0.045684
vt -0.114375 -0.045684
vt 0.120375 0.045684
vt 0.120375 0.045684
vt 0.114375 0.051684
vt 0.114375 0.051684
vt 0.120375 -0.045684
vt 0.120375 -0.045684
vt 0.114375 -0.051684
vt 0.114375 -0.051684
vt -0.120375 0.045684
vt -0.120375 0.045684
vt -0.114375 0.051684
vt -0.114375 0.051684
vt -0.120375 -0.045684
vt -0.120375 -0.045684
vt -0.114375 -0.051684
vt -0.114375 -0.051684
vt -0.114375 -0.045684
vt -0.114375 -0.051684
vt -0.120375 -0.045684
vt -0.114375 -0.045684
vt -0.114375 -0.051684
vt -0.120375 -0.045684
vt -0.114375 0.045684
vt -0.114375 0.051684
vt -0.120375 0.045684
vt -0.114375 0.045684
vt -0.114375 0.051684
vt -0.120375 0.045684
vt 0.114375 -0.045684
vt 0.114375 -0.051684
vt 0.120375 -0.045684
vt 0.114375 -0.045684
vt 0.114375 -0.051684
vt 0.120375 -0.045684
vt 0.114375 0.045684
vt 0.114375 0.051684
vt 0.120375 0.045684
vt 0.114375 0.045684
vt 0.114375 0.051684
vt 0.120375 0.045684
vt -0.069993 -0.027966
vt 0.069993 -0.027966
vt 0.069993 0.027966
vt -0.069993 0.027966
vt 0.069993 -0.027966
vt -0.069993 -0.027966
vt -0.069993 0.027966
vt 0.069993 0.027966
vt -0.069993 -0.087633
vt 0.069993 -0.087633
vt 0.069993 0.087633
vt -0.069993 0.087633
vt -0.069993 0.087633
vt 0.069993 0.087633
vt 0.069993 -0.087633
vt -0.069993 -0.087633
vt -0.087633 -0.027966
vt 0.087633 -0.027966
vt 0.087633 0.027966
vt -0.087633 0.027966
vt 0.087633 -0.027966
vt -0.087633 -0.027966
vt -0.087633 0.027966
vt 0.087633 0.027966
vt -0.069993 0.033966
vt 0.069993 0.033966
vt 0.069993 0.027966
vt -0.069993 0.027966
vt -0.069993 0.033966
vt 0.069993 0.033966
vt 0.069993 0.027966
vt -0.069993 0.027966
vt -0.069993 -0.033966
vt 0.069993 -0.033966
vt 0.069993 -0.027966
vt -0.069993 -0.027966
vt -0.069993 -0.033966
vt 0.069993 -0.033966
vt 0.069993 -0.027966
vt -0.069993 -0.027966
vt 0.075993 -0.027966
vt 0.075993 0.027966
vt 0.069993 0.027966
vt 0.069993 -0.027966
vt 0.075993 -0.027966
vt 0.075993 0.027966
vt 0.069993 0.027966
vt 0.069993 -0.027966
vt -0.075993 -0.027966
vt -0.075993 0.027966
vt -0.069993 0.027966
vt -0.069993 -0.027966
vt -0.075993 -0.027966
vt -0.075993 0.027966
vt -0.069993 0.027966
vt -0.069993 -0.027966
vt 0.075993 0.027966
vt 0.075993 0.027966
vt 0.069993 0.033966
vt 0.069993 0.033966
vt 0.075993 -0.027966
vt 0.075993 -0.027966
vt 0.069993 -0.033966
vt 0.069993 -0.033966
vt -0.075993 0.027966
vt -0.075993 0.027966
vt -0.069993 0.033966
vt -0.069993 0.033966
vt -0.075993 -0.027966
vt -0.075993 -0.027966
vt -0.069993 -0.033966
vt -0.069993 -0.033966
vt -0.069993 -0.027966
vt -0.069993 -0.033966
vt -0.075993 -0.027966
vt -0.069993 -0.027966
vt -0.069993 -0.033966
vt -0.075993 -0.027966
vt -0.069993 0.027966
vt -0.069993 0.033966
vt -0.075993 0.027966
vt -0.069993 0.027966
vt -0.069993 0.033966
vt -0.075993 0.027966
vt 0.069993 -0.027966
vt 0.069993 -0.033966
vt 0.075993 -0.027966
vt 0.069993 -0.027966
vt 0.069993 -0.033966
vt 0.075993 -0.027966
vt 0.069993 0.027966
vt 0.069993 0.033966
vt 0.075993 0.027966
vt 0.069993 0.027966
vt 0.069993 0.033966
vt 0.075993 0.027966
vt -0.105273 -0.023021
vt 0.105273 -0.023021
vt 0.105273 0.023021
vt -0.105273 0.023021
vt 0.105273 -0.023021
vt -0.105273 -0.023021
vt -0.105273 0.023021
vt 0.105273 0.023021
vt -0.105273 -0.034210
vt 0.105273 -0.034210
vt 0.105273 0.034210
vt -0.105273 0.034210
vt -0.105273 0.034210
vt 0.105273 0.034210
vt 0.105273 -0.034210
vt -0.105273 -0.034210
vt -0.034210 -0.023021
vt 0.034210 -0.023021
vt 0.034210 0.023021
vt -0.034210 0.023021
vt 0.034210 -0.023021
vt -0.034210 -0.023021
vt -0.034210 0.023021
vt 0.034210 0.023021
vt -0.105273 0.029021
vt 0.105273 0.029021
vt 0.105273 0.023021
vt -0.105273 0.023021
vt -0.105273 0.029021
vt 0.105273 0.029021
vt 0.105273 0.023021
vt -0.105273 0.023021
vt -0.105273 -0.029021
vt 0.105273 -0.029021
vt 0.105273 -0.023021
vt -0.105273 -0.023021
vt -0.105273 -0.029021
vt 0.105273 -0.029021
vt 0.105273 -0.023021
vt -0.105273 -0.023021
vt 0.111273 -0.023021
vt 0.111273 0.023021
vt 0.105273 0.023021
vt 0.105273 -0.023021
vt 0.111273 -0.023021
vt 0.111273 0.023021
vt 0.105273 0.023021
vt 0.105273 -0.023021
vt -0.111273 -0.023021
vt -0.111273 0.023021
vt -0.105273 0.023021
vt -0.105273 -0.023021
vt -0.111273 -0.023021
vt -0.111273 0.023021
vt -0.105273 0.023021
vt -0.105273 -0.023021
vt 0.111273 0.023021
vt 0.111273 0.023021
vt 0.105273 0.029021
vt 0.105273 0.029021
vt 0.111273 -0.023021
vt 0.111273 -0.023021
vt 0.105273 -0.029021
vt 0.105273 -0.029021
vt -0.111273 0.023021
vt -0.111273 0.023021
vt -0.105273 0.029021
vt -0.105273 0.029021
vt -0.111273 -0.023021
vt -0.111273 -0.023021
vt -0.105273 -0.029021
vt -0.105273 -0.029021
vt -0.105273 -0.023021
vt -0.105273 -0.029021
vt -0.111273 -0.023021
vt -0.105273 -0.023021
vt -0.105273 -0.029021
vt -0.111273 -0.023021
vt -0.105273 0.023021
vt -0.105273 0.029021
vt -0.111273 0.023021
vt -0.105273 0.023021
vt -0.105273 0.029021
vt -0.111273 0.023021
vt 0.105273 -0.023021
vt 0.105273 -0.029021
vt 0.111273 -0.023021
vt 0.105273 -0.023021
vt 0.105273 -0.029021
vt 0.111273 -0.023021
vt 0.105273 0.023021
vt 0.105273 0.029021
vt 0.111273 0.023021
vt 0.105273 0.023021
vt 0.105273 0.029021
vt 0.111273 0.023021
vt -0.074724 -0.054714
vt 0.074724 -0.054714
vt 0.074724 0.054714
vt -0.074724 0.054714
vt 0.074724 -0.054714
vt -0.074724 -0.054714
vt -0.074724 0.054714
vt 0.074724 0.054714
vt -0.074724 -0.116107
vt 0.074724 -0.116107
vt 0.074724 0.116107
vt -0.074724 0.116107
vt -0.074724 0.116107
vt 0.074724 0.116107
vt 0.074724 -0.116107
vt -0.074724 -0.116107
vt -0.116107 -0.054714
vt 0.116107 -0.054714
vt 0.116107 0.054714
vt -0.116107 0.054714
vt 0.116107 -0.054714
vt -0.116107 -0.054714
vt -0.116107 0.054714
vt 0.116107 0.054714
vt -0.074724 0.060714
vt 0.074724 0.060714
vt 0.074724 0.054714
vt -0.074724 0.054714
vt -0.074724 0.060714
vt 0.074724 0.060714
vt 0.074724 0.054714
vt -0.074724 0.054714
vt -0.074724 -0.060714
vt 0.074724 -0.060714
vt 0.074724 -0.054714
vt -0.074724 -0.054714
vt -0.074724 -0.060714
vt 0.074724 -0.060714
vt 0.074724 -0.054714
vt -0.074724 -0.054714
vt 0.080724 -0.054714
vt 0.080724 0.054714
vt 0.074724 0.054714
vt 0.074724 -0.054714
vt 0.080724 -0.054714
vt 0.080724 0.054714
vt 0.074724 0.054714
vt 0.074724 -0.054714
vt -0.080724 -0.054714
vt -0.080724 0.054714
vt -0.074724 0.054714
vt -0.074724 -0.054714
vt -0.080724 -0.054714
vt -0.080724 0.054714
vt -0.074724 0.054714
vt -0.074724 -0.054714
vt 0.080724 0.054714
vt 0.080724 0.054714
vt 0.074724 0.060714
vt 0.074724 0.060714
vt 0.080724 -0.054714
vt 0.080724 -0.054714
vt 0.074724 -0.060714
vt 0.074724 -0.060714
vt -0.080724 0.054714
vt -0.080724 0.054714
vt -0.074724 0.060714
vt -0.074724 0.060714
vt -0.080724 -0.054714
vt -0.080724 -0.054714
vt -0.074724 -0.060714
vt -0.074724 -0.060714
vt -0.074724 -0.054714
vt -0.074724 -0.060714
vt -0.080724 -0.054714
vt -0.074724 -0.054714
vt -0.074724 -0.060714
vt -0.080724 -0.054714
vt -0.074724 0.054714
vt -0.074724 0.060714
vt -0.080724 0.054714
vt -0.074724 0.054714
vt -0.074724 0.060714
vt -0.080724 0.054714
vt 0.074724 -0.054714
vt 0.074724 -0.060714
vt 0.080724 -0.054714
vt 0.074724 -0.054714
vt 0.074724 -0.060714
vt 0.080724 -0.054714
vt 0.074724 0.054714
vt 0.074724 0.060714
vt 0.080724 0.054714
vt 0.074724 0.054714
vt 0.074724 0.060714
vt 0.080724 0.054714
vt -0.123755 -0.027310
vt 0.123755 -0.027310
vt 0.123755 0.027310
vt -0.123755 0.027310
vt 0.123755 -0.027310
vt -0.123755 -0.027310
vt -0.123755 0.027310
vt 0.123755 0.027310
vt -0.123755 -0.051809
vt 0.123755 -0.051809
vt 0.123755 0.051809
vt -0.123755 0.051809
vt -0.123755 0.051809
vt 0.123755 0.051809
vt 0.123755 -0.051809
vt -0.123755 -0.051809
vt -0.051809 -0.027310
vt 0.051809 -0.027310
vt 0.051809 0.027310
vt -0.051809 0.027310
vt 0.051809 -0.027310
vt -0.051809 -0.027310
vt -0.051809 0.027310
vt 0.051809 0.027310
vt -0.123755 0.033310
vt 0.123755 0.033310
vt 0.123755 0.027310
vt -0.123755 0.027310
vt -0.123755 0.033310
vt 0.123755 0.033310
vt 0.123755 0.027310
vt -0.123755 0.027310
vt -0.123755 -0.033310
vt 0.123755 -0.033310
vt 0.123755 -0.027310
vt -0.123755 -0.027310
vt -0.123755 -0.033310
vt 0.123755 -0.033310
vt 0.123755 -0.027310
vt -0.123755 -0.027310
vt 0.129755 -0.027310
vt 0.129755 0.027310
vt 0.123755 0.027310
vt 0.123755 -0.027310
vt 0.129755 -0.027310
vt 0.129755 0.027310
vt 0.123755 0.027310
vt 0.123755 -0.027310
vt -0.129755 -0.027310
vt -0.129755 0.027310
vt -0.123755 0.027310
vt -0.123755 -0.027310
vt -0.129755 -0.027310
vt -0.129755 0.027310
vt -0.123755 0.027310
vt -0.123755 -0.027310
vt 0.129755 0.027310
vt 0.129755 0.027310
vt 0.123755 0.033310
vt 0.123755 0.033310
vt 0.129755 -0.027310
vt 0.129755 -0.027310
vt 0.123755 -0.033310
vt 0.123755 -0.033310
vt -0.129755 0.027310
vt -0.129755 0.027310
vt -0.123755 0.033310
vt -0.123755 0.033310
vt -0.129755 -0.027310
vt -0.129755 -0.027310
vt -0.123755 -0.033310
vt -0.123755 -0.033310
vt -0.123755 -0.027310
vt -0.123755 -0.033310
vt -0.129755 -0.027310
vt -0.123755 -0.027310
vt -0.123755 -0.033310
vt -0.129755 -0.027310
vt -0.123755 0.027310
vt -0.123755 0.033310
vt -0.129755 0.027310
vt -0.123755 0.027310
vt -0.123755 0.033310
vt -0.129755 0.027310
vt 0.123755 -0.027310
vt 0.123755 -0.033310
vt 0.129755 -0.027310
vt 0.123755 -0.027310
vt 0.123755 -0.033310
vt 0.129755 -0.027310
vt 0.123755 0.027310
vt 0.123755 0.033310
vt 0.129755 0.027310
vt 0.123755 0.027310
vt 0.123755 0.033310
vt 0.129755 0.027310
vt -0.077888 -0.054402
vt 0.077888 -0.054402
vt 0.077888 0.054402
vt -0.077888 0.054402
vt 0.077888 -0.054402
vt -0.077888 -0.054402
vt -0.077888 0.054402
vt 0.077888 0.054402
vt -0.077888 -0.050384
vt 0.077888 -0.050384
vt 0.077888 0.050384
vt -0.077888 0.050384
vt -0.077888 0.050384
vt 0.077888 0.050384
vt 0.077888 -0.050384
vt -0.077888 -0.050384
vt -0.050384 -0.054402
vt 0.050384 -0.054402
vt 0.050384 0.054402
vt -0.050384 0.054402
vt 0.050384 -0.054402
vt -0.050384 -0.054402
vt -0.050384 0.054402
vt 0.050384 0.054402
vt -0.077888 0.060402
vt 0.077888 0.060402
vt 0.077888 0.054402
vt -0.077888 0.054402
vt -0.077888 0.060402
vt 0.077888 0.060402
vt 0.077888 0.054402
vt -0.077888 0.054402
vt -0.077888 -0.060402
vt 0.077888 -0.060402
vt 0.077888 -0.054402
vt -0.077888 -0.054402
vt -0.077888 -0.060402
vt 0.077888 -0.060402
vt 0.077888 -0.054402
vt -0.077888 -0.054402
vt 0.083888 -0.054402
vt 0.083888 0.054402
vt 0.077888 0.054402
vt 0.077888 -0.054402
vt 0.083888 -0.054402
vt 0.083888 0.054402
vt 0.077888 0.054402
vt 0.077888 -0.054402
vt -0.083888 -0.054402
vt -0.083888 0.054402
vt -0.077888 0.054402
vt -0.077888 -0.054402
vt -0.083888 -0.054402
vt -0.083888 0.054402
vt -0.077888 0.054402
vt -0.077888 -0.054402
vt 0.083888 0.054402
vt 0.083888 0.054402
vt 0.077888 0.060402
vt 0.077888 0.060402
vt 0.083888 -0.054402
vt 0.083888 -0.054402
vt 0.077888 -0.060402
vt 0.077888 -0.060402
vt -0.083888 0.054402
vt -0.083888 0.054402
vt -0.077888 0.060402
vt -0.077888 0.060402
vt -0.083888 -0.054402
vt -0.083888 -0.054402
vt -0.077888 -0.060402
vt -0.077888 -0.060402
vt -0.077888 -0.054402
vt -0.077888 -0.060402
vt -0.083888 -0.054402
vt -0.077888 -0.054402
vt -0.077888 -0.060402
vt -0.083888 -0.054402
vt -0.077888 0.054402
vt -0.077888 0.060402
vt -0.083888 0.054402
vt -0.077888 0.054402
vt -0.077888 0.060402
vt -0.083888 0.054402
vt 0.077888 -0.054402
vt 0.077888 -0.060402
vt 0.083888 -0.054402
vt 0.077888 -0.054402
vt 0.077888 -0.060402
vt 0.083888 -0.054402
vt 0.077888 0.054402
vt 0.077888 0.060402
vt 0.083888 0.054402
vt 0.077888 0.054402
vt 0.077888 0.060402
vt 0.083888 0.054402
vt -0.086637 -0.032157
vt 0.086637 -0.032157
vt 0.086637 0.032157
vt -0.086637 0.032157
vt 0.086637 -0.032157
vt -0.086637 -0.032157
vt -0.086637 0.032157
vt 0.086637 0.032157
vt -0.086637 -0.049494
vt 0.086637 -0.049494
vt 0.086637 0.049494
vt -0.086637 0.049494
vt -0.086637 0.049494
vt 0.086637 0.049494
vt 0.086637 -0.049494
vt -0.086637 -0.049494
vt -0.049494 -0.032157
vt 0.049494 -0.032157
vt 0.049494 0.032157
vt -0.049494 0.032157
vt 0.049494 -0.032157
vt -0.049494 -0.032157
vt -0.049494 0.032157
vt 0.049494 0.032157
vt -0.086637 0.038157
vt 0.086637 0.038157
vt 0.086637 0.032157
vt -0.086637 0.032157
vt -0.086637 0.038157
vt 0.086637 0.038157
vt 0.086637 0.032157
vt -0.086637 0.032157
vt -0.086637 -0.038157
vt 0.086637 -0.038157
vt 0.086637 -0.032157
vt -0.086637 -0.032157
vt -0.086637 -0.038157
vt 0.086637 -0.038157
vt 0.086637 -0.032157
vt -0.086637 -0.032157
vt 0.092637 -0.032157
vt 0.092637 0.032157
vt 0.086637 0.032157
vt 0.086637 -0.032157
vt 0.092637 -0.032157
vt 0.092637 0.032157
vt 0.086637 0.032157
vt 0.086637 -0.032157
vt -0.092637 -0.032157
vt -0.092637 0.032157
vt -0.086637 0.032157
vt -0.086637 -0.032157
vt -0.092637 -0.032157
vt -0.092637 0.032157
vt -0.086637 0.032157
vt -0.086637 -0.032157
vt 0.092637 0.032157
vt 0.092637 0.032157
vt 0.086637 0.038157
vt 0.086637 0.038157
vt 0.092637 -0.032157
vt 0.092637 -0.032157
vt 0.086637 -0.038157
vt 0.086637 -0.038157
vt -0.092637 0.032157
vt -0.092637 0.032157
vt -0.086637 0.038157
vt -0.086637 0.038157
vt -0.092637 -0.032157
vt -0.092637 -0.032157
vt -0.086637 -0.038157
vt -0.086637 -0.038157
vt -0.086637 -0.032157
vt -0.086637 -0.038157
vt -0.092637 -0.032157
vt -0.086637 -0.032157
vt -0.086637 -0.038157
vt -0.092637 -0.032157
vt -0.086637 0.032157
vt -0.086637 0.038157
vt -0.092637 0.032157
vt -0.086637 0.032157
vt -0.086637 0.038157
vt -0.092637 0.032157
vt 0.086637 -0.032157
vt 0.086637 -0.038157
vt 0.092637 -0.032157
vt 0.086637 -0.032157
vt 0.086637 -0.038157
vt 0.092637 -0.032157
vt 0.086637 0.032157
vt 0.086637 0.038157
vt 0.092637 0.032157
vt 0.086637 0.032157
vt 0.086637 0.038157
vt 0.092637 0.032157
vt -0.043160 -0.045326
vt 0.043160 -0.045326
vt 0.043160 0.045326
vt -0.043160 0.045326
vt 0.043160 -0.045326
vt -0.043160 -0.045326
vt -0.043160 0.045326
vt 0.043160 0.045326
vt -0.043160 -0.070724
vt 0.043160 -0.070724
vt 0.043160 0.070724
vt -0.043160 0.070724
vt -0.043160 0.070724
vt 0.043160 0.070724
vt 0.043160 -0.070724
vt -0.043160 -0.070724
vt -0.070724 -0.045326
vt 0.070724 -0.045326
vt 0.070724 0.045326
vt -0.070724 0.045326
vt 0.070724 -0.045326
vt -0.070724 -0.045326
vt -0.070724 0.045326
vt 0.070724 0.045326
vt -0.043160 0.051326
vt 0.043160 0.051326
vt 0.043160 0.045326
vt -0.043160 0.045326
vt -0.043160 0.051326
vt 0.043160 0.051326
vt 0.043160 0.045326
vt -0.043160 0.045326
vt -0.043160 -0.051326
vt 0.043160 -0.051326
vt 0.043160 -0.045326
vt -0.043160 -0.045326
vt -0.043160 -0.051326
vt 0.043160 -0.051326
vt 0.043160 -0.045326
vt -0.043160 -0.045326
vt 0.049160 -0.045326
vt 0.049160 0.045326
vt 0.043160 0.045326
vt 0.043160 -0.045326
vt 0.049160 -0.045326
vt 0.049160 0.045326
vt 0.043160 0.045326
vt 0.043160 -0.045326
vt -0.049160 -0.045326
vt -0.049160 0.045326
vt -0.043160 0.045326
vt -0.043160 -0.045326
vt -0.049160 -0.045326
vt -0.049160 0.045326
vt -0.043160 0.045326
vt -0.043160 -0.045326
vt 0.049160 0.045326
vt 0.049160 0.045326
vt 0.043160 0.051326
vt 0.043160 0.051326
vt 0.049160 -0.045326
vt 0.049160 -0.045326
vt 0.043160 -0.051326
vt 0.043160 -0.051326
vt -0.049160 0.045326
vt -0.049160 0.045326
vt -0.043160 0.051326
vt -0.043160 0.051326
vt -0.049160 -0.045326
vt -0.049160 -0.045326
vt -0.043160 -0.051326
vt -0.043160 -0.051326
vt -0.043160 -0.045326
vt -0.043160 -0.051326
vt -0.049160 -0.045326
vt -0.043160 -0.045326
vt -0.043160 -0.051326
vt -0.049160 -0.045326
vt -0.043160 0.045326
vt -0.043160 0.051326
vt -0.049160 0.045326
vt -0.043160 0.045326
vt -0.043160 0.051326
vt -0.049160 0.045326
vt 0.043160 -0.045326
vt 0.043160 -0.051326
vt 0.049160 -0.045326
vt 0.043160 -0.045326
vt 0.043160 -0.051326
vt 0.049160 -0.045326
vt 0.043160 0.045326
vt 0.043160 0.051326
vt 0.049160 0.045326
vt 0.043160 0.045326
vt 0.043160 0.051326
vt 0.049160 0.045326
vt -0.100743 -0.061046
vt 0.100743 -0.061046
vt 0.100743 0.061046
vt -0.100743 0.061046
vt 0.100743 -0.061046
vt -0.100743 -0.061046
vt -0.100743 0.061046
vt 0.100743 0.061046
vt -0.100743 -0.039279
vt 0.100743 -0.039279
vt 0.100743 0.039279
vt -0.100743 0.039279
vt -0.100743 0.039279
vt 0.100743 0.039279
vt 0.100743 -0.039279
vt -0.100743 -0.039279
vt -0.039279 -0.061046
vt 0.039279 -0.061046
vt 0.039279 0.061046
vt -0.039279 0.061046
vt 0.039279 -0.061046
vt -0.039279 -0.061046
vt -0.039279 0.061046
vt 0.039279 0.061046
vt -0.100743 0.067046
vt 0.100743 0.067046
vt 0.100743 0.061046
vt -0.100743 0.061046
vt -0.100743 0.067046
vt 0.100743 0.067046
vt 0.100743 0.061046
vt -0.100743 0.061046
vt -0.100743 -0.067046
vt 0.100743 -0.067046
vt 0.100743 -0.061046
vt -0.100743 -0.061046
vt -0.100743 -0.067046
vt 0.100743 -0.067046
vt 0.100743 -0.061046
vt -0.100743 -0.061046
vt 0.106743 -0.061046
vt 0.106743 0.061046
vt 0.100743 0.061046
vt 0.100743 -0.061046
vt 0.106743 -0.061046
vt 0.106743 0.061046
vt 0.100743 0.061046
vt 0.100743 -0.061046
vt -0.106743 -0.061046
vt -0.106743 0.061046
vt -0.100743 0.061046
vt -0.100743 -0.061046
vt -0.106743 -0.061046
vt -0.106743 0.061046
vt -0.100743 0.061046
vt -0.100743 -0.061046
vt 0.106743 0.061046
vt 0.106743 0.061046
vt 0.100743 0.067046
vt 0.100743 0.067046
vt 0.106743 -0.061046
vt 0.106743 -0.061046
vt 0.100743 -0.067046
vt 0.100743 -0.067046
vt -0.106743 0.061046
vt -0.106743 0.061046
vt -0.100743 0.067046
vt -0.100743 0.067046
vt -0.106743 -0.061046
vt -0.106743 -0.061046
vt -0.100743 -0.067046
vt -0.100743 -0.067046
vt -0.100743 -0.061046
vt -0.100743 -0.067046
vt -0.106743 -0.061046
vt -0.100743 -0.061046
vt -0.100743 -0.067046
vt -0.106743 -0.061046
vt -0.100743 0.061046
vt -0.100743 0.067046
vt -0.106743 0.061046
vt -0.100743 0.061046
vt -0.100743 0.067046
vt -0.106743 0.061046
vt 0.100743 -0.061046
vt 0.100743 -0.067046
vt 0.106743 -0.061046
vt 0.100743 -0.061046
vt 0.100743 -0.067046
vt 0.106743 -0.061046
vt 0.100743 0.061046
vt 0.100743 0.067046
vt 0.106743 0.061046
vt 0.100743 0.061046
vt 0.100743 0.067046
vt 0.106743 0.061046
vt -0.116447 -0.052841
vt 0.116447 -0.052841
vt 0.116447 0.052841
vt -0.116447 0.052841
vt 0.116447 -0.052841
vt -0.116447 -0.052841
vt -0.116447 0.052841
vt 0.116447 0.052841
vt -0.116447 -0.114511
vt 0.116447 -0.114511
vt 0.116447 0.114511
vt -0.116447 0.114511
vt -0.116447 0.114511
vt 0.116447 0.114511
vt 0.116447 -0.114511
vt -0.116447 -0.114511
vt -0.114511 -0.052841
vt 0.114511 -0.052841
vt 0.114511 0.052841
vt -0.114511 0.052841
vt 0.114511 -0.052841
vt -0.114511 -0.052841
vt -0.114511 0.052841
vt 0.114511 0.052841
vt -0.116447 0.058841
vt 0.116447 0.058841
vt 0.116447 0.052841
vt -0.116447 0.052841
vt -0.116447 0.058841
vt 0.116447 0.058841
vt 0.116447 0.052841
vt -0.116447 0.052841
vt -0.116447 -0.058841
vt 0.116447 -0.058841
vt 0.116447 -0.052841
vt -0.116447 -0.052841
vt -0.116447 -0.058841
vt 0.116447 -0.058841
vt 0.116447 -0.052841
vt -0.116447 -0.052841
vt 0.122447 -0.052841
vt 0.122447 0.052841
vt 0.116447 0.052841
vt 0.116447 -0.052841
vt 0.122447 -0.052841
vt 0.122447 0.052841
vt 0.116447 0.052841
vt 0.116447 -0.052841
vt -0.122447 -0.052841
vt -0.122447 0.052841
vt -0.116447 0.052841
vt -0.116447 -0.052841
vt -0.122447 -0.052841
vt -0.122447 0.052841
vt -0.116447 0.052841
vt -0.116447 -0.052841
vt 0.122447 0.052841
vt 0.122447 0.052841
vt 0.116447 0.058841
vt 0.116447 0.058841
vt 0.122447 -0.052841
vt 0.122447 -0.052841
vt 0.116447 -0.058841
vt 0.116447 -0.058841
vt -0.122447 0.052841
vt -0.122447 0.052841
vt -0.116447 0.058841
vt -0.116447 0.058841
vt -0.122447 -0.052841
vt -0.122447 -0.052841
vt -0.116447 -0.058841
vt -0.116447 -0.058841
vt -0.116447 -0.052841
vt -0.116447 -0.058841
vt -0.122447 -0.052841
vt -0.116447 -0.052841
vt -0.116447 -0.058841
vt -0.122447 -0.052841
vt -0.116447 0.052841
vt -0.116447 0.058841
vt -0.122447 0.052841
vt -0.116447 0.052841
vt -0.116447 0.058841
vt -0.122447 0.052841
vt 0.116447 -0.052841
vt 0.116447 -0.058841
vt 0.122447 -0.052841
vt 0.116447 -0.052841
vt 0.116447 -0.058841
vt 0.122447 -0.052841
vt 0.116447 0.052841
vt 0.116447 0.058841
vt 0.122447 0.052841
vt 0.116447 0.052841
vt 0.116447 0.058841
vt 0.122447 0.052841
vt -0.083753 -0.023059
vt 0.083753 -0.023059
vt 0.083753 0.023059
vt -0.083753 0.023059
vt 0.083753 -0.023059
vt -0.083753 -0.023059
vt -0.083753 0.023059
vt 0.083753 0.023059
vt -0.083753 -0.053967
vt 0.083753 -0.053967
vt 0.083753 0.053967
vt -0.083753 0.053967
vt -0.083753 0.053967
vt 0.083753 0.053967
vt 0.083753 -0.053967
vt -0.083753 -0.053967
vt -0.053967 -0.023059
vt 0.053967 -0.023059
vt 0.053967 0.023059
vt -0.053967 0.023059
vt 0.053967 -0.023059
vt -0.053967 -0.023059
vt -0.053967 0.023059
vt 0.053967 0.023059
vt -0.083753 0.029059
vt 0.083753 0.029059
vt 0.083753 0.023059
vt -0.083753 0.023059
vt -0.083753 0.029059
vt 0.083753 0.029059
vt 0.083753 0.023059
vt -0.083753 0.023059
vt -0.083753 -0.029059
vt 0.083753 -0.029059
vt 0.083753 -0.023059
vt -0.083753 -0.023059
vt -0.083753 -0.029059
vt 0.083753 -0.029059
vt 0.083753 -0.023059
vt -0.083753 -0.023059
vt 0.089753 -0.023059
vt 0.089753 0.023059
vt 0.083753 0.023059
vt 0.083753 -0.023059
vt 0.089753 -0.023059
vt 0.089753 0.023059
vt 0.083753 0.023059
vt 0.083753 -0.023059
vt -0.089753 -0.023059
vt -0.089753 0.023059
vt -0.083753 0.023059
vt -0.083753 -0.023059
vt -0.089753 -0.023059
vt -0.089753 0.023059
vt -0.083753 0.023059
vt -0.083753 -0.023059
vt 0.089753 0.023059
vt 0.089753 0.023059
vt 0.083753 0.029059
vt 0.083753 0.029059
vt 0.089753 -0.023059
vt 0.089753 -0.023059
vt 0.083753 -0.029059
vt 0.083753 -0.029059
vt -0.089753 0.023059
vt -0.089753 0.023059
vt -0.083753 0.029059
vt -0.083753 0.029059
vt -0.089753 -0.023059
vt -0.089753 -0.023059
vt -0.083753 -0.029059
vt -0.083753 -0.029059
vt -0.083753 -0.023059
vt -0.083753 -0.029059
vt -0.089753 -0.023059
vt -0.083753 -0.023059
vt -0.083753 -0.029059
vt -0.089753 -0.023059
vt -0.083753 0.023059
vt -0.083753 0.029059
vt -0.089753 0.023059
vt -0.083753 0.023059
vt -0.083753 0.029059
vt -0.089753 0.023059
vt 0.083753 -0.023059
vt 0.083753 -0.029059
vt 0.089753 -0.023059
vt 0.083753 -0.023059
vt 0.083753 -0.029059
vt 0.089753 -0.023059
vt 0.083753 0.023059
vt 0.083753 0.029059
vt 0.089753 0.023059
vt 0.083753 0.023059
vt 0.083753 0.029059
vt 0.089753 0.023059
vt -0.076269 -0.032556
vt 0.076269 -0.032556
vt 0.076269 0.032556
vt -0.076269 0.032556
vt 0.076269 -0.032556
vt -0.076269 -0.032556
vt -0.076269 0.032556
vt 0.076269 0.032556
vt -0.076269 -0.081278
vt 0.076269 -0.081278
vt 0.076269 0.081278
vt -0.076269 0.081278
vt -0.076269 0.081278
vt 0.076269 0.081278
vt 0.076269 -0.081278
vt -0.076269 -0.081278
vt -0.081278 -0.032556
vt 0.081278 -0.032556
vt 0.081278 0.032556
vt -0.081278 0.032556
vt 0.081278 -0.032556
vt -0.081278 -0.032556
vt -0.081278 0.032556
vt 0.081278 0.032556
vt -0.076269 0.038556
vt 0.076269 0.038556
vt 0.076269 0.032556
vt -0.076269 0.032556
vt -0.076269 0.038556
vt 0.076269 0.038556
vt 0.076269 0.032556
vt -0.076269 0.032556
vt -0.076269 -0.038556
vt 0.076269 -0.038556
vt 0.076269 -0.032556
vt -0.076269 -0.032556
vt -0.076269 -0.038556
vt 0.076269 -0.038556
vt 0.076269 -0.032556
vt -0.076269 -0.032556
vt 0.082269 -0.032556
vt 0.082269 0.032556
vt 0.076269 0.032556
vt 0.076269 -0.032556
vt 0.082269 -0.032556
vt 0.082269 0.032556
vt 0.076269 0.032556
vt 0.076269 -0.032556
vt -0.082269 -0.032556
vt -0.082269 0.032556
vt -0.076269 0.032556
vt -0.076269 -0.032556
vt -0.082269 -0.032556
vt -0.082269 0.032556
vt -0.076269 0.032556
vt -0.076269 -0.032556
vt 0.082269 0.032556
vt 0.082269 0.032556
vt 0.076269 0.038556
vt 0.076269 0.038556
vt 0.082269 -0.032556
vt 0.082269 -0.032556
vt 0.076269 -0.038556
vt 0.076269 -0.038556
vt -0.082269 0.032556
vt -0.082269 0.032556
vt -0.076269 0.038556
vt -0.076269 0.038556
vt -0.082269 -0.032556
vt -0.082269 -0.032556
vt -0.076269 -0.038556
vt -0.076269 -0.038556
vt -0.076269 -0.032556
vt -0.076269 -0.038556
vt -0.082269 -0.032556
vt -0.076269 -0.032556
vt -0.076269 -0.038556
vt -0.082269 -0.032556
vt -0.076269 0.032556
vt -0.076269 0.038556
vt -0.082269 0.032556
vt -0.076269 0.032556
vt -0.076269 0.038556
vt -0.082269 0.032556
vt 0.076269 -0.032556
vt 0.076269 -0.038556
vt 0.082269 -0.032556
vt 0.076269 -0.032556
vt 0.076269 -0.038556
vt 0.082269 -0.032556
vt 0.076269 0.032556
vt 0.076269 0.038556
vt 0.082269 0.032556
vt 0.076269 0.032556
vt 0.076269 0.038556
vt 0.082269 0.032556
vt -0.096868 -0.026738
vt 0.096868 -0.026738
vt 0.096868 0.026738
vt -0.096868 0.026738
vt 0.096868 -0.026738
vt -0.096868 -0.026738
vt -0.096868 0.026738
vt 0.096868 0.026738
vt -0.096868 -0.038229
vt 0.096868 -0.038229
vt 0.096868 0.038229
vt -0.096868 0.038229
vt -0.096868 0.038229
vt 0.096868 0.038229
vt 0.096868 -0.038229
vt -0.096868 -0.038229
vt -0.038229 -0.026738
vt 0.038229 -0.026738
vt 0.038229 0.026738
vt -0.038229 0.026738
vt 0.038229 -0.026738
vt -0.038229 -0.026738
vt -0.038229 0.026738
vt 0.038229 0.026738
vt -0.096868 0.032738
vt 0.096868 0.032738
vt 0.096868 0.026738
vt -0.096868 0.026738
vt -0.096868 0.032738
vt 0.096868 0.032738
vt 0.096868 0.026738
vt -0.096868 0.026738
vt -0.096868 -0.032738
vt 0.096868 -0.032738
vt 0.096868 -0.026738
vt -0.096868 -0.026738
vt -0.096868 -0.032738
vt 0.096868 -0.032738
vt 0.096868 -0.026738
vt -0.096868 -0.026738
vt 0.102868 -0.026738
vt 0.102868 0.026738
vt 0.096868 0.026738
vt 0.096868 -0.026738
vt 0.102868 -0.026738
vt 0.102868 0.026738
vt 0.096868 0.026738
vt 0.096868 -0.026738
vt -0.102868 -0.026738
vt -0.102868 0.026738
vt -0.096868 0.026738
vt -0.096868 -0.026738
vt -0.102868 -0.026738
vt -0.102868 0.026738
vt -0.096868 0.026738
vt -0.096868 -0.026738
vt 0.102868 0.026738
vt 0.102868 0.026738
vt 0.096868 0.032738
vt 0.096868 0.032738
vt 0.102868 -0.026738
vt 0.102868 -0.026738
vt 0.096868 -0.032738
vt 0.096868 -0.032738
vt -0.102868 0.026738
vt -0.102868 0.026738
vt -0.096868 0.032738
vt -0.096868 0.032738
vt -0.102868 -0.026738
vt -0.102868 -0.026738
vt -0.096868 -0.032738
vt -0.096868 -0.032738
vt -0.096868 -0.026738
vt -0.096868 -0.032738
vt -0.102868 -0.026738
vt -0.096868 -0.026738
vt -0.096868 -0.032738
vt -0.102868 -0.026738
vt -0.096868 0.026738
vt -0.096868 0.032738
vt -0.102868 0.026738
vt -0.096868 0.026738
vt -0.096868 0.032738
vt -0.102868 0.026738
vt 0.096868 -0.026738
vt 0.096868 -0.032738
vt 0.102868 -0.026738
vt 0.096868 -0.026738
vt 0.096868 -0.032738
vt 0.102868 -0.026738
vt 0.096868 0.026738
vt 0.096868 0.032738
vt 0.102868 0.026738
vt 0.096868 0.026738
vt 0.096868 0.032738
vt 0.102868 0.026738
vt -0.112966 -0.033091
vt 0.112966 -0.033091
vt 0.112966 0.033091
vt -0.112966 0.033091
vt 0.112966 -0.033091
vt -0.112966 -0.033091
vt -0.112966 0.033091
vt 0.112966 0.033091
vt -0.112966 -0.094749
vt 0.112966 -0.094749
vt 0.112966 0.094749
vt -0.112966 0.094749
vt -0.112966 0.094749
vt 0.112966 0.094749
vt 0.112966 -0.094749
vt -0.112966 -0.094749
vt -0.094749 -0.033091
vt 0.094749 -0.033091
vt 0.094749 0.033091
vt -0.094749 0.033091
vt 0.094749 -0.033091
vt -0.094749 -0.033091
vt -0.094749 0.033091
vt 0.094749 0.033091
vt -0.112966 0.039091
vt 0.112966 0.039091
vt 0.112966 0.033091
vt -0.112966 0.033091
vt -0.112966 0.039091
vt 0.112966 0.039091
vt 0.112966 0.033091
vt -0.112966 0.033091
vt -0.112966 -0.039091
vt 0.112966 -0.039091
vt 0.112966 -0.033091
vt -0.112966 -0.033091
vt -0.112966 -0.039091
vt 0.112966 -0.039091
vt 0.112966 -0.033091
vt -0.112966 -0.033091
vt 0.118966 -0.033091
vt 0.118966 0.033091
vt 0.112966 0.033091
vt 0.112966 -0.033091
vt 0.118966 -0.033091
vt 0.118966 0.033091
vt 0.112966 0.033091
vt 0.112966 -0.033091
vt -0.118966 -0.033091
vt -0.118966 0.033091
vt -0.112966 0.033091
vt -0.112966 -0.033091
vt -0.118966 -0.033091
vt -0.118966 0.033091
vt -0.112966 0.033091
vt -0.112966 -0.033091
vt 0.118966 0.033091
vt 0.118966 0.033091
vt 0.112966 0.039091
vt 0.112966 0.039091
vt 0.118966 -0.033091
vt 0.118966 -0.033091
vt 0.112966 -0.039091
vt 0.112966 -0.039091
vt -0.118966 0.033091
vt -0.118966 0.033091
vt -0.112966 0.039091
vt -0.112966 0.039091
vt -0.118966 -0.033091
vt -0.118966 -0.033091
vt -0.112966 -0.039091
vt -0.112966 -0.039091
vt -0.112966 -0.033091
vt -0.112966 -0.039091
vt -0.118966 -0.033091
vt -0.112966 -0.033091
vt -0.112966 -0.039091
vt -0.118966 -0.033091
vt -0.112966 0.033091
vt -0.112966 0.039091
vt -0.118966 0.033091
vt -0.112966 0.033091
vt -0.112966 0.039091
vt -0.118966 0.033091
vt 0.112966 -0.033091
vt 0.112966 -0.039091
vt 0.118966 -0.033091
vt 0.112966 -0.033091
vt 0.112966 -0.039091
vt 0.118966 -0.033091
vt 0.112966 0.033091
vt 0.112966 0.039091
vt 0.118966 0.033091
vt 0.112966 0.033091
vt 0.112966 0.039091
vt 0.118966 0.033091
vt -0.018996 -0.011245
vt 0.018996 -0.011245
vt 0.018996 0.011245
vt -0.018996 0.011245
vt 0.018996 -0.011245
vt -0.018996 -0.011245
vt -0.018996 0.011245
vt 0.018996 0.011245
vt -0.018996 -0.018440
vt 0.018996 -0.018440
vt 0.018996 0.018440
vt -0.018996 0.018440
vt -0.018996 0.018440
vt 0.018996 0.018440
vt 0.018996 -0.018440
vt -0.018996 -0.018440
vt -0.018440 -0.011245
vt 0.018440 -0.011245
vt 0.018440 0.011245
vt -0.018440 0.011245
vt 0.018440 -0.011245
vt -0.018440 -0.011245
vt -0.018440 0.011245
vt 0.018440 0.011245
vt -0.018996 0.012745
vt 0.018996 0.012745
vt 0.018996 0.011245
vt -0.018996 0.011245
vt -0.018996 0.012745
vt 0.018996 0.012745
vt 0.018996 0.011245
vt -0.018996 0.011245
vt -0.018996 -0.012745
vt 0.018996 -0.012745
vt 0.018996 -0.011245
vt -0.018996 -0.011245
vt -0.018996 -0.012745
vt 0.018996 -0.012745
vt 0.018996 -0.011245
vt -0.018996 -0.011245
vt 0.020496 -0.011245
vt 0.020496 0.011245
vt 0.018996 0.011245
vt 0.018996 -0.011245
vt 0.020496 -0.011245
vt 0.020496 0.011245
vt 0.018996 0.011245
vt 0.018996 -0.011245
vt -0.020496 -0.011245
vt -0.020496 0.011245
vt -0.018996 0.011245
vt -0.018996 -0.011245
vt -0.020496 -0.011245
vt -0.020496 0.011245
vt -0.018996 0.011245
vt -0.018996 -0.011245
vt 0.020496 0.011245
vt 0.020496 0.011245
vt 0.018996 0.012745
vt 0.018996 0.012745
vt 0.020496 -0.011245
vt 0.020496 -0.011245
vt 0.018996 -0.012745
vt 0.018996 -0.012745
vt -0.020496 0.011245
vt -0.020496 0.011245
vt -0.018996 0.012745
vt -0.018996 0.012745
vt -0.020496 -0.011245
vt -0.020496 -0.011245
vt -0.018996 -0.012745
vt -0.018996 -0.012745
vt -0.018996 -0.011245
vt -0.018996 -0.012745
vt -0.020496 -0.011245
vt -0.018996 -0.011245
vt -0.018996 -0.012745
vt -0.020496 -0.011245
vt -0.018996 0.011245
vt -0.018996 0.012745
vt -0.020496 0.011245
vt -0.018996 0.011245
vt -0.018996 0.012745
vt -0.020496 0.011245
vt 0.018996 -0.011245
vt 0.018996 -0.012745
vt 0.020496 -0.011245
vt 0.018996 -0.011245
vt 0.018996 -0.012745
vt 0.020496 -0.011245
vt 0.018996 0.011245
vt 0.018996 0.012745
vt 0.020496 0.011245
vt 0.018996 0.011245
vt 0.018996 0.012745
vt 0.020496 0.011245
vt -0.019160 -0.019021
vt 0.019160 -0.019021
vt 0.019160 0.019021
vt -0.019160 0.019021
vt 0.019160 -0.019021
vt -0.019160 -0.019021
vt -0.019160 0.019021
vt 0.019160 0.019021
vt -0.019160 -0.016346
vt 0.019160 -0.016346
vt 0.019160 0.016346
vt -0.019160 0.016346
vt -0.019160 0.016346
vt 0.019160 0.016346
vt 0.019160 -0.016346
vt -0.019160 -0.016346
vt -0.016346 -0.019021
vt 0.016346 -0.019021
vt 0.016346 0.019021
vt -0.016346 0.019021
vt 0.016346 -0.019021
vt -0.016346 -0.019021
vt -0.016346 0.019021
vt 0.016346 0.019021
vt -0.019160 0.020521
vt 0.019160 0.020521
vt 0.019160 0.019021
vt -0.019160 0.019021
vt -0.019160 0.020521
vt 0.019160 0.020521
vt 0.019160 0.019021
vt -0.019160 0.019021
vt -0.019160 -0.020521
vt 0.019160 -0.020521
vt 0.019160 -0.019021
vt -0.019160 -0.019021
vt -0.019160 -0.020521
vt 0.019160 -0.020521
vt 0.019160 -0.019021
vt -0.019160 -0.019021
vt 0.020660 -0.019021
vt 0.020660 0.019021
vt 0.019160 0.019021
vt 0.019160 -0.019021
vt 0.020660 -0.019021
vt 0.020660 0.019021
vt 0.019160 0.019021
vt 0.019160 -0.019021
vt -0.020660 -0.019021
vt -0.020660 0.019021
vt -0.019160 0.019021
vt -0.019160 -0.019021
vt -0.020660 -0.019021
vt -0.020660 0.019021
vt -0.019160 0.019021
vt -0.019160 -0.019021
vt 0.020660 0.019021
vt 0.020660 0.019021
vt 0.019160 0.020521
vt 0.019160 0.020521
vt 0.020660 -0.019021
vt 0.020660 -0.019021
vt 0.019160 -0.020521
vt 0.019160 -0.020521
vt -0.020660 0.019021
vt -0.020660 0.019021
vt -0.019160 0.020521
vt -0.019160 0.020521
vt -0.020660 -0.019021
vt -0.020660 -0.019021
vt -0.019160 -0.020521
vt -0.019160 -0.020521
vt -0.019160 -0.019021
vt -0.019160 -0.020521
vt -0.020660 -0.019021
vt -0.019160 -0.019021
vt -0.019160 -0.020521
vt -0.020660 -0.019021
vt -0.019160 0.019021
vt -0.019160 0.020521
vt -0.020660 0.019021
vt -0.019160 0.019021
vt -0.019160 0.020521
vt -0.020660 0.019021
vt 0.019160 -0.019021
vt 0.019160 -0.020521
vt 0.020660 -0.019021
vt 0.019160 -0.019021
vt 0.019160 -0.020521
vt 0.020660 -0.019021
vt 0.019160 0.019021
vt 0.019160 0.020521
vt 0.020660 0.019021
vt 0.019160 0.019021
vt 0.019160 0.020521
vt 0.020660 0.019021
vt -0.010310 -0.007862
vt 0.010310 -0.007862
vt 0.010310 0.007862
vt -0.010310 0.007862
vt 0.010310 -0.007862
vt -0.010310 -0.007862
vt -0.010310 0.007862
vt 0.010310 0.007862
vt -0.010310 -0.010340
vt 0.010310 -0.010340
vt 0.010310 0.010340
vt -0.010310 0.010340
vt -0.010310 0.010340
vt 0.010310 0.010340
vt 0.010310 -0.010340
vt -0.010310 -0.010340
vt -0.010340 -0.007862
vt 0.010340 -0.007862
vt 0.010340 0.007862
vt -0.010340 0.007862
vt 0.010340 -0.007862
vt -0.010340 -0.007862
vt -0.010340 0.007862
vt 0.010340 0.007862
vt -0.010310 0.009362
vt 0.010310 0.009362
vt 0.010310 0.007862
vt -0.010310 0.007862
vt -0.010310 0.009362
vt 0.010310 0.009362
vt 0.010310 0.007862
vt -0.010310 0.007862
vt -0.010310 -0.009362
vt 0.010310 -0.009362
vt 0.010310 -0.007862
vt -0.010310 -0.007862
vt -0.010310 -0.009362
vt 0.010310 -0.009362
vt 0.010310 -0.007862
vt -0.010310 -0.007862
vt 0.011810 -0.007862
vt 0.011810 0.007862
vt 0.010310 0.007862
vt 0.010310 -0.007862
vt 0.011810 -0.007862
vt 0.011810 0.007862
vt 0.010310 0.007862
vt 0.010310 -0.007862
vt -0.011810 -0.007862
vt -0.011810 0.007862
vt -0.010310 0.007862
vt -0.010310 -0.007862
vt -0.011810 -0.007862
vt -0.011810 0.007862
vt -0.010310 0.007862
vt -0.010310 -0.007862
vt 0.011810 0.007862
vt 0.011810 0.007862
vt 0.010310 0.009362
vt 0.010310 0.009362
vt 0.011810 -0.007862
vt 0.011810 -0.007862
vt 0.010310 -0.009362
vt 0.010310 -0.009362
vt -0.011810 0.007862
vt -0.011810 0.007862
vt -0.010310 0.009362
vt -0.010310 0.009362
vt -0.011810 -0.007862
vt -0.011810 -0.007862
vt -0.010310 -0.009362
vt -0.010310 -0.009362
vt -0.010310 -0.007862
vt -0.010310 -0.009362
vt -0.011810 -0.007862
vt -0.010310 -0.007862
vt -0.010310 -0.009362
vt -0.011810 -0.007862
vt -0.010310 0.007862
vt -0.010310 0.009362
vt -0.011810 0.007862
vt -0.010310 0.007862
vt -0.010310 0.009362
vt -0.011810 0.007862
vt 0.010310 -0.007862
vt 0.010310 -0.009362
vt 0.011810 -0.007862
vt 0.010310 -0.007862
vt 0.010310 -0.009362
vt 0.011810 -0.007862
vt 0.010310 0.007862
vt 0.010310 0.009362
vt 0.011810 0.007862
vt 0.010310 0.007862
vt 0.010310 0.009362
vt 0.011810 0.007862
vt -0.015847 -0.013971
vt 0.015847 -0.013971
vt 0.015847 0.013971
vt -0.015847 0.013971
vt 0.015847 -0.013971
vt -0.015847 -0.013971
vt -0.015847 0.013971
vt 0.015847 0.013971
vt -0.015847 -0.012041
vt 0.015847 -0.012041
vt 0.015847 0.012041
vt -0.015847 0.012041
vt -0.015847 0.012041
vt 0.015847 0.012041
vt 0.015847 -0.012041
vt -0.015847 -0.012041
vt -0.012041 -0.013971
vt 0.012041 -0.013971
vt 0.012041 0.013971
vt -0.012041 0.013971
vt 0.012041 -0.013971
vt -0.012041 -0.013971
vt -0.012041 0.013971
vt 0.012041 0.013971
vt -0.015847 0.015471
vt 0.015847 0.015471
vt 0.015847 0.013971
vt -0.015847 0.013971
vt -0.015847 0.015471
vt 0.015847 0.015471
vt 0.015847 0.013971
vt -0.015847 0.013971
vt -0.015847 -0.015471
vt 0.015847 -0.015471
vt 0.015847 -0.013971
vt -0.015847 -0.013971
vt -0.015847 -0.015471
vt 0.015847 -0.015471
vt 0.015847 -0.013971
vt -0.015847 -0.013971
vt 0.017347 -0.013971
vt 0.017347 0.013971
vt 0.015847 0.013971
vt 0.015847 -0.013971
vt 0.017347 -0.013971
vt 0.017347 0.013971
vt 0.015847 0.013971
vt 0.015847 -0.013971
vt -0.017347 -0.013971
vt -0.017347 0.013971
vt -0.015847 0.013971
vt -0.015847 -0.013971
vt -0.017347 -0.013971
vt -0.017347 0.013971
vt -0.015847 0.013971
vt -0.015847 -0.013971
vt 0.017347 0.013971
vt 0.017347 0.013971
vt 0.015847 0.015471
vt 0.015847 0.015471
vt 0.017347 -0.013971
vt 0.017347 -0.013971
vt 0.015847 -0.015471
vt 0.015847 -0.015471
vt -0.017347 0.013971
vt -0.017347 0.013971
vt -0.015847 0.015471
vt -0.015847 0.015471
vt -0.017347 -0.013971
vt -0.017347 -0.013971
vt -0.015847 -0.015471
vt -0.015847 -0.015471
vt -0.015847 -0.013971
vt -0.015847 -0.015471
vt -0.017347 -0.013971
vt -0.015847 -0.013971
vt -0.015847 -0.015471
vt -0.017347 -0.013971
vt -0.015847 0.013971
vt -0.015847 0.015471
vt -0.017347 0.013971
vt -0.015847 0.013971
vt -0.015847 0.015471
vt -0.017347 0.013971
vt 0.015847 -0.013971
vt 0.015847 -0.015471
vt 0.017347 -0.013971
vt 0.015847 -0.013971
vt 0.015847 -0.015471
vt 0.017347 -0.013971
vt 0.015847 0.013971
vt 0.015847 0.015471
vt 0.017347 0.013971
vt 0.015847 0.013971
vt 0.015847 0.015471
vt 0.017347 0.013971
vt -0.019994 -0.009672
vt 0.019994 -0.009672
vt 0.019994 0.009672
vt -0.019994 0.009672
vt 0.019994 -0.009672
vt -0.019994 -0.009672
vt -0.019994 0.009672
vt 0.019994 0.009672
vt -0.019994 -0.024170
vt 0.019994 -0.024170
vt 0.019994 0.024170
vt -0.019994 0.024170
vt -0.019994 0.024170
vt 0.019994 0.024170
vt 0.019994 -0.024170
vt -0.019994 -0.024170
vt -0.024170 -0.009672
vt 0.024170 -0.009672
vt 0.024170 0.009672
vt -0.024170 0.009672
vt 0.024170 -0.009672
vt -0.024170 -0.009672
vt -0.024170 0.009672
vt 0.024170 0.009672
vt -0.019994 0.011172
vt 0.019994 0.011172
vt 0.019994 0.009672
vt -0.019994 0.009672
vt -0.019994 0.011172
vt 0.019994 0.011172
vt 0.019994 0.009672
vt -0.019994 0.009672
vt -0.019994 -0.011172
vt 0.019994 -0.011172
vt 0.019994 -0.009672
vt -0.019994 -0.009672
vt -0.019994 -0.011172
vt 0.019994 -0.011172
vt 0.019994 -0.009672
vt -0.019994 -0.009672
vt 0.021494 -0.009672
vt 0.021494 0.009672
vt 0.019994 0.009672
vt 0.019994 -0.009672
vt 0.021494 -0.009672
vt 0.021494 0.009672
vt 0.019994 0.009672
vt 0.019994 -0.009672
vt -0.021494 -0.009672
vt -0.021494 0.009672
vt -0.019994 0.009672
vt -0.019994 -0.009672
vt -0.021494 -0.009672
vt -0.021494 0.009672
vt -0.019994 0.009672
vt -0.019994 -0.009672
vt 0.021494 0.009672
vt 0.021494 0.009672
vt 0.019994 0.011172
vt 0.019994 0.011172
vt 0.021494 -0.009672
vt 0.021494 -0.009672
vt 0.019994 -0.011172
vt 0.019994 -0.011172
vt -0.021494 0.009672
vt -0.021494 0.009672
vt -0.019994 0.011172
vt -0.019994 0.011172
vt -0.021494 -0.009672
vt -0.021494 -0.009672
vt -0.019994 -0.011172
vt -0.019994 -0.011172
vt -0.019994 -0.009672
vt -0.019994 -0.011172
vt -0.021494 -0.009672
vt -0.019994 -0.009672
vt -0.019994 -0.011172
vt -0.021494 -0.009672
vt -0.019994 0.009672
vt -0.019994 0.011172
vt -0.021494 0.009672
vt -0.019994 0.009672
vt -0.019994 0.011172
vt -0.021494 0.009672
vt 0.019994 -0.009672
vt 0.019994 -0.011172
vt 0.021494 -0.009672
vt 0.019994 -0.009672
vt 0.019994 -0.011172
vt 0.021494 -0.009672
vt 0.019994 0.009672
vt 0.019994 0.011172
vt 0.021494 0.009672
vt 0.019994 0.009672
vt 0.019994 0.011172
vt 0.021494 0.009672
vt -0.024889 -0.019990
vt 0.024889 -0.019990
vt 0.024889 0.019990
vt -0.024889 0.019990
vt 0.024889 -0.019990
vt -0.024889 -0.019990
vt -0.024889 0.019990
vt 0.024889 0.019990
vt -0.024889 -0.020200
vt 0.024889 -0.020200
vt 0.024889 0.020200
vt -0.024889 0.020200
vt -0.024889 0.020200
vt 0.024889 0.020200
vt 0.024889 -0.020200
vt -0.024889 -0.020200
vt -0.020200 -0.019990
vt 0.020200 -0.019990
vt 0.020200 0.019990
vt -0.020200 0.019990
vt 0.020200 -0.019990
vt -0.020200 -0.019990
vt -0.020200 0.019990
vt 0.020200 0.019990
vt -0.024889 0.021490
vt 0.024889 0.021490
vt 0.024889 0.019990
vt -0.024889 0.019990
vt -0.024889 0.021490
vt 0.024889 0.021490
vt 0.024889 0.019990
vt -0.024889 0.019990
vt -0.024889 -0.021490
vt 0.024889 -0.021490
vt 0.024889 -0.019990
vt -0.024889 -0.019990
vt -0.024889 -0.021490
vt 0.024889 -0.021490
vt 0.024889 -0.019990
vt -0.024889 -0.019990
vt 0.026389 -0.019990
vt 0.026389 0.019990
vt 0.024889 0.019990
vt 0.024889 -0.019990
vt 0.026389 -0.019990
vt 0.026389 0.019990
vt 0.024889 0.019990
vt 0.024889 -0.019990
vt -0.026389 -0.019990
vt -0.026389 0.019990
vt -0.024889 0.019990
vt -0.024889 -0.019990
vt -0.026389 -0.019990
vt -0.026389 0.019990
vt -0.024889 0.019990
vt -0.024889 -0.019990
vt 0.026389 0.019990
vt 0.026389 0.019990
vt 0.024889 0.021490
vt 0.024889 0.021490
vt 0.026389 -0.019990
vt 0.026389 -0.019990
vt 0.024889 -0.021490
vt 0.024889 -0.021490
vt -0.026389 0.019990
vt -0.026389 0.019990
vt -0.024889 0.021490
vt -0.024889 0.021490
vt -0.026389 -0.019990
vt -0.026389 -0.019990
vt -0.024889 -0.021490
vt -0.024889 -0.021490
vt -0.024889 -0.019990
vt -0.024889 -0.021490
vt -0.026389 -0.019990
vt -0.024889 -0.019990
vt -0.024889 -0.021490
vt -0.026389 -0.019990
vt -0.024889 0.019990
vt -0.024889 0.021490
vt -0.026389 0.019990
vt -0.024889 0.019990
vt -0.024889 0.021490
vt -0.026389 0.019990
vt 0.024889 -0.019990
vt 0.024889 -0.021490
vt 0.026389 -0.019990
vt 0.024889 -0.019990
vt 0.024889 -0.021490
vt 0.026389 -0.019990
vt 0.024889 0.019990
vt 0.024889 0.021490
vt 0.026389 0.019990
vt 0.024889 0.019990
vt 0.024889 0.021490
vt 0.026389 0.019990
vt -0.025922 -0.015805
vt 0.025922 -0.015805
vt 0.025922 0.015805
vt -0.025922 0.015805
vt 0.025922 -0.015805
vt -0.025922 -0.015805
vt -0.025922 0.015805
vt 0.025922 0.015805
vt -0.025922 -0.025346
vt 0.025922 -0.025346
vt 0.025922 0.025346
vt -0.025922 0.025346
vt -0.025922 0.025346
vt 0.025922 0.025346
vt 0.025922 -0.025346
vt -0.025922 -0.025346
vt -0.025346 -0.015805
vt 0.025346 -0.015805
vt 0.025346 0.015805
vt -0.025346 0.015805
vt 0.025346 -0.015805
vt -0.025346 -0.015805
vt -0.025346 0.015805
vt 0.025346 0.015805
vt -0.025922 0.017305
vt 0.025922 0.017305
vt 0.025922 0.015805
vt -0.025922 0.015805
vt -0.025922 0.017305
vt 0.025922 0.017305
vt 0.025922 0.015805
vt -0.025922 0.015805
vt -0.025922 -0.017305
vt 0.025922 -0.017305
vt 0.025922 -0.015805
vt -0.025922 -0.015805
vt -0.025922 -0.017305
vt 0.025922 -0.017305
vt 0.025922 -0.015805
vt -0.025922 -0.015805
vt 0.027422 -0.015805
vt 0.027422 0.015805
vt 0.025922 0.015805
vt 0.025922 -0.015805
vt 0.027422 -0.015805
vt 0.027422 0.015805
vt 0.025922 0.015805
vt 0.025922 -0.015805
vt -0.027422 -0.015805
vt -0.027422 0.015805
vt -0.025922 0.015805
vt -0.025922 -0.015805
vt -0.027422 -0.015805
vt -0.027422 0.015805
vt -0.025922 0.015805
vt -0.025922 -0.015805
vt 0.027422 0.015805
vt 0.027422 0.015805
vt 0.025922 0.017305
vt 0.025922 0.017305
vt 0.027422 -0.015805
vt 0.027422 -0.015805
vt 0.025922 -0.017305
vt 0.025922 -0.017305
vt -0.027422 0.015805
vt -0.027422 0.015805
vt -0.025922 0.017305
vt -0.025922 0.017305
vt -0.027422 -0.015805
vt -0.027422 -0.015805
vt -0.025922 -0.017305
vt -0.025922 -0.017305
vt -0.025922 -0.015805
vt -0.025922 -0.017305
vt -0.027422 -0.015805
vt -0.025922 -0.015805
vt -0.025922 -0.017305
vt -0.027422 -0.015805
vt -0.025922 0.015805
vt -0.025922 0.017305
vt -0.027422 0.015805
vt -0.025922 0.015805
vt -0.025922 0.017305
vt -0.027422 0.015805
vt 0.025922 -0.015805
vt 0.025922 -0.017305
vt 0.027422 -0.015805
vt 0.025922 -0.015805
vt 0.025922 -0.017305
vt 0.027422 -0.015805
vt 0.025922 0.015805
vt 0.025922 0.017305
vt 0.027422 0.015805
vt 0.025922 0.015805
vt 0.025922 0.017305
vt 0.027422 0.015805
vt -0.014861 -0.008417
vt 0.014861 -0.008417
vt 0.014861 0.008417
vt -0.014861 0.008417
vt 0.014861 -0.008417
vt -0.014861 -0.008417
vt -0.014861 0.008417
vt 0.014861 0.008417
vt -0.014861 -0.016363
vt 0.014861 -0.016363
vt 0.014861 0.016363
vt -0.014861 0.016363
vt -0.014861 0.016363
vt 0.014861 0.016363
vt 0.014861 -0.016363
vt -0.014861 -0.016363
vt -0.016363 -0.008417
vt 0.016363 -0.008417
vt 0.016363 0.008417
vt -0.016363 0.008417
vt 0.016363 -0.008417
vt -0.016363 -0.008417
vt -0.016363 0.008417
vt 0.016363 0.008417
vt -0.014861 0.009917
vt 0.014861 0.009917
vt 0.014861 0.008417
vt -0.014861 0.008417
vt -0.014861 0.009917
vt 0.014861 0.009917
vt 0.014861 0.008417
vt -0.014861 0.008417
vt -0.014861 -0.009917
vt 0.014861 -0.009917
vt 0.014861 -0.008417
vt -0.014861 -0.008417
vt -0.014861 -0.009917
vt 0.014861 -0.009917
vt 0.014861 -0.008417
vt -0.014861 -0.008417
vt 0.016361 -0.008417
vt 0.016361 0.008417
vt 0.014861 0.008417
vt 0.014861 -0.008417
vt 0.016361 -0.008417
vt 0.016361 0.008417
vt 0.014861 0.008417
vt 0.014861 -0.008417
vt -0.016361 -0.008417
vt -0.016361 0.008417
vt -0.014861 0.008417
vt -0.014861 -0.008417
vt -0.016361 -0.008417
vt -0.016361 0.008417
vt -0.014861 0.008417
vt -0.014861 -0.008417
vt 0.016361 0.008417
vt 0.016361 0.008417
vt 0.014861 0.009917
vt 0.014861 0.009917
vt 0.016361 -0.008417
vt 0.016361 -0.008417
vt 0.014861 -0.009917
vt 0.014861 -0.009917
vt -0.016361 0.008417
vt -0.016361 0.008417
vt -0.014861 0.009917
vt -0.014861 0.009917
vt -0.016361 -0.008417
vt -0.016361 -0.008417
vt -0.014861 -0.009917
vt -0.014861 -0.009917
vt -0.014861 -0.008417
vt -0.014861 -0.009917
vt -0.016361 -0.008417
vt -0.014861 -0.008417
vt -0.014861 -0.009917
vt -0.016361 -0.008417
vt -0.014861 0.008417
vt -0.014861 0.009917
vt -0.016361 0.008417
vt -0.014861 0.008417
vt -0.014861 0.009917
vt -0.016361 0.008417
vt 0.014861 -0.008417
vt 0.014861 -0.009917
vt 0.016361 -0.008417
vt 0.014861 -0.008417
vt 0.014861 -0.009917
vt 0.016361 -0.008417
vt 0.014861 0.008417
vt 0.014861 0.009917
vt 0.016361 0.008417
vt 0.014861 0.008417
vt 0.014861 0.009917
vt 0.016361 0.008417
vt -0.014141 -0.014040
vt 0.014141 -0.014040
vt 0.014141 0.014040
vt -0.014141 0.014040
vt 0.014141 -0.014040
vt -0.014141 -0.014040
vt -0.014141 0.014040
vt 0.014141 0.014040
vt -0.014141 -0.009950
vt 0.014141 -0.009950
vt 0.014141 0.009950
vt -0.014141 0.009950
vt -0.014141 0.009950
vt 0.014141 0.009950
vt 0.014141 -0.009950
vt -0.014141 -0.009950
vt -0.009950 -0.014040
vt 0.009950 -0.014040
vt 0.009950 0.014040
vt -0.009950 0.014040
vt 0.009950 -0.014040
vt -0.009950 -0.014040
vt -0.009950 0.014040
vt 0.009950 0.014040
vt -0.014141 0.015540
vt 0.014141 0.015540
vt 0.014141 0.014040
vt -0.014141 0.014040
vt -0.014141 0.015540
vt 0.014141 0.015540
vt 0.014141 0.014040
vt -0.014141 0.014040
vt -0.014141 -0.015540
vt 0.014141 -0.015540
vt 0.014141 -0.014040
vt -0.014141 -0.014040
vt -0.014141 -0.015540
vt 0.014141 -0.015540
vt 0.014141 -0.014040
vt -0.014141 -0.014040
vt 0.015641 -0.014040
vt 0.015641 0.014040
vt 0.014141 0.014040
vt 0.014141 -0.014040
vt 0.015641 -0.014040
vt 0.015641 0.014040
vt 0.014141 0.014040
vt 0.014141 -0.014040
vt -0.015641 -0.014040
vt -0.015641 0.014040
vt -0.014141 0.014040
vt -0.014141 -0.014040
vt -0.015641 -0.014040
vt -0.015641 0.014040
vt -0.014141 0.014040
vt -0.014141 -0.014040
vt 0.015641 0.014040
vt 0.015641 0.014040
vt 0.014141 0.015540
vt 0.014141 0.015540
vt 0.015641 -0.014040
vt 0.015641 -0.014040
vt 0.014141 -0.015540
vt 0.014141 -0.015540
vt -0.015641 0.014040
vt -0.015641 0.014040
vt -0.014141 0.015540
vt -0.014141 0.015540
vt -0.015641 -0.014040
vt -0.015641 -0.014040
vt -0.014141 -0.015540
vt -0.014141 -0.015540
vt -0.014141 -0.014040
vt -0.014141 -0.015540
vt -0.015641 -0.014040
vt -0.014141 -0.014040
vt -0.014141 -0.015540
vt -0.015641 -0.014040
vt -0.014141 0.014040
vt -0.014141 0.015540
vt -0.015641 0.014040
vt -0.014141 0.014040
vt -0.014141 0.015540
vt -0.015641 0.014040
vt 0.014141 -0.014040
vt 0.014141 -0.015540
vt 0.015641 -0.014040
vt 0.014141 -0.014040
vt 0.014141 -0.015540
vt 0.015641 -0.014040
vt 0.014141 0.014040
vt 0.014141 0.015540
vt 0.015641 0.014040
vt 0.014141 0.014040
vt 0.014141 0.015540
vt 0.015641 0.014040
vt -0.018815 -0.009982
vt 0.018815 -0.009982
vt 0.018815 0.009982
vt -0.018815 0.009982
vt 0.018815 -0.009982
vt -0.018815 -0.009982
vt -0.018815 0.009982
vt 0.018815 0.009982
vt -0.018815 -0.018150
vt 0.018815 -0.018150
vt 0.018815 0.018150
vt -0.018815 0.018150
vt -0.018815 0.018150
vt 0.018815 0.018150
vt 0.018815 -0.018150
vt -0.018815 -0.018150
vt -0.018150 -0.009982
vt 0.018150 -0.009982
vt 0.018150 0.009982
vt -0.018150 0.009982
vt 0.018150 -0.009982
vt -0.018150 -0.009982
vt -0.018150 0.009982
vt 0.018150 0.009982
vt -0.018815 0.011482
vt 0.018815 0.011482
vt 0.018815 0.009982
vt -0.018815 0.009982
vt -0.018815 0.011482
vt 0.018815 0.011482
vt 0.018815 0.009982
vt -0.018815 0.009982
vt -0.018815 -0.011482
vt 0.018815 -0.011482
vt 0.018815 -0.009982
vt -0.018815 -0.009982
vt -0.018815 -0.011482
vt 0.018815 -0.011482
vt 0.018815 -0.009982
vt -0.018815 -0.009982
vt 0.020315 -0.009982
vt 0.020315 0.009982
vt 0.018815 0.009982
vt 0.018815 -0.009982
vt 0.020315 -0.009982
vt 0.020315 0.009982
vt 0.018815 0.009982
vt 0.018815 -0.009982
vt -0.020315 -0.009982
vt -0.020315 0.009982
vt -0.018815 0.009982
vt -0.018815 -0.009982
vt -0.020315 -0.009982
vt -0.020315 0.009982
vt -0.018815 0.009982
vt -0.018815 -0.009982
vt 0.020315 0.009982
vt 0.020315 0.009982
vt 0.018815 0.011482
vt 0.018815 0.011482
vt 0.020315 -0.009982
vt 0.020315 -0.009982
vt 0.018815 -0.011482
vt 0.018815 -0.011482
vt -0.020315 0.009982
vt -0.020315 0.009982
vt -0.018815 0.011482
vt -0.018815 0.011482
vt -0.020315 -0.009982
vt -0.020315 -0.009982
vt -0.018815 -0.011482
vt -0.018815 -0.011482
vt -0.018815 -0.009982
vt -0.018815 -0.011482
vt -0.020315 -0.009982
vt -0.018815 -0.009982
vt -0.018815 -0.011482
vt -0.020315 -0.009982
vt -0.018815 0.009982
vt -0.018815 0.011482
vt -0.020315 0.009982
vt -0.018815 0.009982
vt -0.018815 0.011482
vt -0.020315 0.009982
vt 0.018815 -0.009982
vt 0.018815 -0.011482
vt 0.020315 -0.009982
vt 0.018815 -0.009982
vt 0.018815 -0.011482
vt 0.020315 -0.009982
vt 0.018815 0.009982
vt 0.018815 0.011482
vt 0.020315 0.009982
vt 0.018815 0.009982
vt 0.018815 0.011482
vt 0.020315 0.009982
vt -0.008528 -0.006488
vt 0.008528 -0.006488
vt 0.008528 0.006488
vt -0.008528 0.006488
vt 0.008528 -0.006488
vt -0.008528 -0.006488
vt -0.008528 0.006488
vt 0.008528 0.006488
vt -0.008528 -0.006784
vt 0.008528 -0.006784
vt 0.008528 0.006784
vt -0.008528 0.006784
vt -0.008528 0.006784
vt 0.008528 0.006784
vt 0.008528 -0.006784
vt -0.008528 -0.006784
vt -0.006784 -0.006488
vt 0.006784 -0.006488
vt 0.006784 0.006488
vt -0.006784 0.006488
vt 0.006784 -0.006488
vt -0.006784 -0.006488
vt -0.006784 0.006488
vt 0.006784 0.006488
vt -0.008528 0.007988
vt 0.008528 0.007988
vt 0.008528 0.006488
vt -0.008528 0.006488
vt -0.008528 0.007988
vt 0.008528 0.007988
vt 0.008528 0.006488
vt -0.008528 0.006488
vt -0.008528 -0.007988
vt 0.008528 -0.007988
vt 0.008528 -0.006488
vt -0.008528 -0.006488
vt -0.008528 -0.007988
vt 0.008528 -0.007988
vt 0.008528 -0.006488
vt -0.008528 -0.006488
vt 0.010028 -0.006488
vt 0.010028 0.006488
vt 0.008528 0.006488
vt 0.008528 -0.006488
vt 0.010028 -0.006488
vt 0.010028 0.006488
vt 0.008528 0.006488
vt 0.008528 -0.006488
vt -0.010028 -0.006488
vt -0.010028 0.006488
vt -0.008528 0.006488
vt -0.008528 -0.006488
vt -0.010028 -0.006488
vt -0.010028 0.006488
vt -0.008528 0.006488
vt -0.008528 -0.006488
vt 0.010028 0.006488
vt 0.010028 0.006488
vt 0.008528 0.007988
vt 0.008528 0.007988
vt 0.010028 -0.006488
vt 0.010028 -0.006488
vt 0.008528 -0.007988
vt 0.008528 -0.007988
vt -0.010028 0.006488
vt -0.010028 0.006488
vt -0.008528 0.007988
vt -0.008528 0.007988
vt -0.010028 -0.006488
vt -0.010028 -0.006488
vt -0.008528 -0.007988
vt -0.008528 -0.007988
vt -0.008528 -0.006488
vt -0.008528 -0.007988
vt -0.010028 -0.006488
vt -0.008528 -0.006488
vt -0.008528 -0.007988
vt -0.010028 -0.006488
vt -0.008528 0.006488
vt -0.008528 0.007988
vt -0.010028 0.006488
vt -0.008528 0.006488
vt -0.008528 0.007988
vt -0.010028 0.006488
vt 0.008528 -0.006488
vt 0.008528 -0.007988
vt 0.010028 -0.006488
vt 0.008528 -0.006488
vt 0.008528 -0.007988
vt 0.010028 -0.006488
vt 0.008528 0.006488
vt 0.008528 0.007988
vt 0.010028 0.006488
vt 0.008528 0.006488
vt 0.008528 0.007988
vt 0.010028 0.006488
vt -0.018150 -0.009674
vt 0.018150 -0.009674
vt 0.018150 0.009674
vt -0.018150 0.009674
vt 0.018150 -0.009674
vt -0.018150 -0.009674
vt -0.018150 0.009674
vt 0.018150 0.009674
vt -0.018150 -0.017681
vt 0.018150 -0.017681
vt 0.018150 0.017681
vt -0.018150 0.017681
vt -0.018150 0.017681
vt 0.018150 0.017681
vt 0.018150 -0.017681
vt -0.018150 -0.017681
vt -0.017681 -0.009674
vt 0.017681 -0.009674
vt 0.017681 0.009674
vt -0.017681 0.009674
vt 0.017681 -0.009674
vt -0.017681 -0.009674
vt -0.017681 0.009674
vt 0.017681 0.009674
vt -0.018150 0.011174
vt 0.018150 0.011174
vt 0.018150 0.009674
vt -0.018150 0.009674
vt -0.018150 0.011174
vt 0.018150 0.011174
vt 0.018150 0.009674
vt -0.018150 0.009674
vt -0.018150 -0.011174
vt 0.018150 -0.011174
vt 0.018150 -0.009674
vt -0.018150 -0.009674
vt -0.018150 -0.011174
vt 0.018150 -0.011174
vt 0.018150 -0.009674
vt -0.018150 -0.009674
vt 0.019650 -0.009674
vt 0.019650 0.009674
vt 0.018150 0.009674
vt 0.018150 -0.009674
vt 0.019650 -0.009674
vt 0.019650 0.009674
vt 0.018150 0.009674
vt 0.018150 -0.009674
vt -0.019650 -0.009674
vt -0.019650 0.009674
vt -0.018150 0.009674
vt -0.018150 -0.009674
vt -0.019650 -0.009674
vt -0.019650 0.009674
vt -0.018150 0.009674
vt -0.018150 -0.009674
vt 0.019650 0.009674
vt 0.019650 0.009674
vt 0.018150 0.011174
vt 0.018150 0.011174
vt 0.019650 -0.009674
vt 0.019650 -0.009674
vt 0.018150 -0.011174
vt 0.018150 -0.011174
vt -0.019650 0.009674
vt -0.019650 0.009674
vt -0.018150 0.011174
vt -0.018150 0.011174
vt -0.019650 -0.009674
vt -0.019650 -0.009674
vt -0.018150 -0.011174
vt -0.018150 -0.011174
vt -0.018150 -0.009674
vt -0.018150 -0.011174
vt -0.019650 -0.009674
vt -0.018150 -0.009674
vt -0.018150 -0.011174
vt -0.019650 -0.009674
vt -0.018150 0.009674
vt -0.018150 0.011174
vt -0.019650 0.009674
vt -0.018150 0.009674
vt -0.018150 0.011174
vt -0.019650 0.009674
vt 0.018150 -0.009674
vt 0.018150 -0.011174
vt 0.019650 -0.009674
vt 0.018150 -0.009674
vt 0.018150 -0.011174
vt 0.019650 -0.009674
vt 0.018150 0.009674
vt 0.018150 0.011174
vt 0.019650 0.009674
vt 0.018150 0.009674
vt 0.018150 0.011174
vt 0.019650 0.009674
vt -0.014670 -0.014085
vt 0.014670 -0.014085
vt 0.014670 0.014085
vt -0.014670 0.014085
vt 0.014670 -0.014085
vt -0.014670 -0.014085
vt -0.014670 0.014085
vt 0.014670 0.014085
vt -0.014670 -0.014570
vt 0.014670 -0.014570
vt 0.014670 0.014570
vt -0.014670 0.014570
vt -0.014670 0.014570
vt 0.014670 0.014570
vt 0.014670 -0.014570
vt -0.014670 -0.014570
vt -0.014570 -0.014085
vt 0.014570 -0.014085
vt 0.014570 0.014085
vt -0.014570 0.014085
vt 0.014570 -0.014085
vt -0.014570 -0.014085
vt -0.014570 0.014085
vt 0.014570 0.014085
vt -0.014670 0.015585
vt 0.014670 0.015585
vt 0.014670 0.014085
vt -0.014670 0.014085
vt -0.014670 0.015585
vt 0.014670 0.015585
vt 0.014670 0.014085
vt -0.014670 0.014085
vt -0.014670 -0.015585
vt 0.014670 -0.015585
vt 0.014670 -0.014085
vt -0.014670 -0.014085
vt -0.014670 -0.015585
vt 0.014670 -0.015585
vt 0.014670 -0.014085
vt -0.014670 -0.014085
vt 0.016170 -0.014085
vt 0.016170 0.014085
vt 0.014670 0.014085
vt 0.014670 -0.014085
vt 0.016170 -0.014085
vt 0.016170 0.014085
vt 0.014670 0.014085
vt 0.014670 -0.014085
vt -0.016170 -0.014085
vt -0.016170 0.014085
vt -0.014670 0.014085
vt -0.014670 -0.014085
vt -0.016170 -0.014085
vt -0.016170 0.014085
vt -0.014670 0.014085
vt -0.014670 -0.014085
vt 0.016170 0.014085
vt 0.016170 0.014085
vt 0.014670 0.015585
vt 0.014670 0.015585
vt 0.016170 -0.014085
vt 0.016170 -0.014085
vt 0.014670 -0.015585
vt 0.014670 -0.015585
vt -0.016170 0.014085
vt -0.016170 0.014085
vt -0.014670 0.015585
vt -0.014670 0.015585
vt -0.016170 -0.014085
vt -0.016170 -0.014085
vt -0.014670 -0.015585
vt -0.014670 -0.015585
vt -0.014670 -0.014085
vt -0.014670 -0.015585
vt -0.016170 -0.014085
vt -0.014670 -0.014085
vt -0.014670 -0.015585
vt -0.016170 -0.014085
vt -0.014670 0.014085
vt -0.014670 0.015585
vt -0.016170 0.014085
vt -0.014670 0.014085
vt -0.014670 0.015585
vt -0.016170 0.014085
vt 0.014670 -0.014085
vt 0.014670 -0.015585
vt 0.016170 -0.014085
vt 0.014670 -0.014085
vt 0.014670 -0.015585
vt 0.016170 -0.014085
vt 0.014670 0.014085
vt 0.014670 0.015585
vt 0.016170 0.014085
vt 0.014670 0.014085
vt 0.014670 0.015585
vt 0.016170 0.014085
vt -0.019593 -0.016278
vt 0.019593 -0.016278
vt 0.019593 0.016278
vt -0.019593 0.016278
vt 0.019593 -0.016278
vt -0.019593 -0.016278
vt -0.019593 0.016278
vt 0.019593 0.016278
vt -0.019593 -0.013813
vt 0.019593 -0.013813
vt 0.019593 0.013813
vt -0.019593 0.013813
vt -0.019593 0.013813
vt 0.019593 0.013813
vt 0.019593 -0.013813
vt -0.019593 -0.013813
vt -0.013813 -0.016278
vt 0.013813 -0.016278
vt 0.013813 0.016278
vt -0.013813 0.016278
vt 0.013813 -0.016278
vt -0.013813 -0.016278
vt -0.013813 0.016278
vt 0.013813 0.016278
vt -0.019593 0.017778
vt 0.019593 0.017778
vt 0.019593 0.016278
vt -0.019593 0.016278
vt -0.019593 0.017778
vt 0.019593 0.017778
vt 0.019593 0.016278
vt -0.019593 0.016278
vt -0.019593 -0.017778
vt 0.019593 -0.017778
vt 0.019593 -0.016278
vt -0.019593 -0.016278
vt -0.019593 -0.017778
vt 0.019593 -0.017778
vt 0.019593 -0.016278
vt -0.019593 -0.016278
vt 0.021093 -0.016278
vt 0.021093 0.016278
vt 0.019593 0.016278
vt 0.019593 -0.016278
vt 0.021093 -0.016278
vt 0.021093 0.016278
vt 0.019593 0.016278
vt 0.019593 -0.016278
vt -0.021093 -0.016278
vt -0.021093 0.016278
vt -0.019593 0.016278
vt -0.019593 -0.016278
vt -0.021093 -0.016278
vt -0.021093 0.016278
vt -0.019593 0.016278
vt -0.019593 -0.016278
vt 0.021093 0.016278
vt 0.021093 0.016278
vt 0.019593 0.017778
vt 0.019593 0.017778
vt 0.021093 -0.016278
vt 0.021093 -0.016278
vt 0.019593 -0.017778
vt 0.019593 -0.017778
vt -0.021093 0.016278
vt -0.021093 0.016278
vt -0.019593 0.017778
vt -0.019593 0.017778
vt -0.021093 -0.016278
vt -0.021093 -0.016278
vt -0.019593 -0.017778
vt -0.019593 -0.017778
vt -0.019593 -0.016278
vt -0.019593 -0.017778
vt -0.021093 -0.016278
vt -0.019593 -0.016278
vt -0.019593 -0.017778
vt -0.021093 -0.016278
vt -0.019593 0.016278
vt -0.019593 0.017778
vt -0.021093 0.016278
vt -0.019593 0.016278
vt -0.019593 0.017778
vt -0.021093 0.016278
vt 0.019593 -0.016278
vt 0.019593 -0.017778
vt 0.021093 -0.016278
vt 0.019593 -0.016278
vt 0.019593 -0.017778
vt 0.021093 -0.016278
vt 0.019593 0.016278
vt 0.019593 0.017778
vt 0.021093 0.016278
vt 0.019593 0.016278
vt 0.019593 0.017778
vt 0.021093 0.016278
vt -0.016784 -0.012663
vt 0.016784 -0.012663
vt 0.016784 0.012663
vt -0.016784 0.012663
vt 0.016784 -0.012663
vt -0.016784 -0.012663
vt -0.016784 0.012663
vt 0.016784 0.012663
vt -0.016784 -0.018856
vt 0.016784 -0.018856
vt 0.016784 0.018856
vt -0.016784 0.018856
vt -0.016784 0.018856
vt 0.016784 0.018856
vt 0.016784 -0.018856
vt -0.016784 -0.018856
vt -0.018856 -0.012663
vt 0.018856 -0.012663
vt 0.018856 0.012663
vt -0.018856 0.012663
vt 0.018856 -0.012663
vt -0.018856 -0.012663
vt -0.018856 0.012663
vt 0.018856 0.012663
vt -0.016784 0.014163
vt 0.016784 0.014163
vt 0.016784 0.012663
vt -0.016784 0.012663
vt -0.016784 0.014163
vt 0.016784 0.014163
vt 0.016784 0.012663
vt -0.016784 0.012663
vt -0.016784 -0.014163
vt 0.016784 -0.014163
vt 0.016784 -0.012663
vt -0.016784 -0.012663
vt -0.016784 -0.014163
vt 0.016784 -0.014163
vt 0.016784 -0.012663
vt -0.016784 -0.012663
vt 0.018284 -0.012663
vt 0.018284 0.012663
vt 0.016784 0.012663
vt 0.016784 -0.012663
vt 0.018284 -0.012663
vt 0.018284 0.012663
vt 0.016784 0.012663
vt 0.016784 -0.012663
vt -0.018284 -0.012663
vt -0.018284 0.012663
vt -0.016784 0.012663
vt -0.016784 -0.012663
vt -0.018284 -0.012663
vt -0.018284 0.012663
vt -0.016784 0.012663
vt -0.016784 -0.012663
vt 0.018284 0.012663
vt 0.018284 0.012663
vt 0.016784 0.014163
vt 0.016784 0.014163
vt 0.018284 -0.012663
vt 0.018284 -0.012663
vt 0.016784 -0.014163
vt 0.016784 -0.014163
vt -0.018284 0.012663
vt -0.018284 0.012663
vt -0.016784 0.014163
vt -0.016784 0.014163
vt -0.018284 -0.012663
vt -0.018284 -0.012663
vt -0.016784 -0.014163
vt -0.016784 -0.014163
vt -0.016784 -0.012663
vt -0.016784 -0.014163
vt -0.018284 -0.012663
vt -0.016784 -0.012663
vt -0.016784 -0.014163
vt -0.018284 -0.012663
vt -0.016784 0.012663
vt -0.016784 0.014163
vt -0.018284 0.012663
vt -0.016784 0.012663
vt -0.016784 0.014163
vt -0.018284 0.012663
vt 0.016784 -0.012663
vt 0.016784 -0.014163
vt 0.018284 -0.012663
vt 0.016784 -0.012663
vt 0.016784 -0.014163
vt 0.018284 -0.012663
vt 0.016784 0.012663
vt 0.016784 0.014163
vt 0.018284 0.012663
vt 0.016784 0.012663
vt 0.016784 0.014163
vt 0.018284 0.012663
vt -0.010255 -0.009079
vt 0.010255 -0.009079
vt 0.010255 0.009079
vt -0.010255 0.009079
vt 0.010255 -0.009079
vt -0.010255 -0.009079
vt -0.010255 0.009079
vt 0.010255 0.009079
vt -0.010255 -0.011640
vt 0.010255 -0.011640
vt 0.010255 0.011640
vt -0.010255 0.011640
vt -0.010255 0.011640
vt 0.010255 0.011640
vt 0.010255 -0.011640
vt -0.010255 -0.011640
vt -0.011640 -0.009079
vt 0.011640 -0.009079
vt 0.011640 0.009079
vt -0.011640 0.009079
vt 0.011640 -0.009079
vt -0.011640 -0.009079
vt -0.011640 0.009079
vt 0.011640 0.009079
vt -0.010255 0.010579
vt 0.010255 0.010579
vt 0.010255 0.009079
vt -0.010255 0.009079
vt -0.010255 0.010579
vt 0.010255 0.010579
vt 0.010255 0.009079
vt -0.010255 0.009079
vt -0.010255 -0.010579
vt 0.010255 -0.010579
vt 0.010255 -0.009079
vt -0.010255 -0.009079
vt -0.010255 -0.010579
vt 0.010255 -0.010579
vt 0.010255 -0.009079
vt -0.010255 -0.009079
vt 0.011755 -0.009079
vt 0.011755 0.009079
vt 0.010255 0.009079
vt 0.010255 -0.009079
vt 0.011755 -0.009079
vt 0.011755 0.009079
vt 0.010255 0.009079
vt 0.010255 -0.009079
vt -0.011755 -0.009079
vt -0.011755 0.009079
vt -0.010255 0.009079
vt -0.010255 -0.009079
vt -0.011755 -0.009079
vt -0.011755 0.009079
vt -0.010255 0.009079
vt -0.010255 -0.009079
vt 0.011755 0.009079
vt 0.011755 0.009079
vt 0.010255 0.010579
vt 0.010255 0.010579
vt 0.011755 -0.009079
vt 0.011755 -0.009079
vt 0.010255 -0.010579
vt 0.010255 -0.010579
vt -0.011755 0.009079
vt -0.011755 0.009079
vt -0.010255 0.010579
vt -0.010255 0.010579
vt -0.011755 -0.009079
vt -0.011755 -0.009079
vt -0.010255 -0.010579
vt -0.010255 -0.010579
vt -0.010255 -0.009079
vt -0.010255 -0.010579
vt -0.011755 -0.009079
vt -0.010255 -0.009079
vt -0.010255 -0.010579
vt -0.011755 -0.009079
vt -0.010255 0.009079
vt -0.010255 0.010579
vt -0.011755 0.009079
vt -0.010255 0.009079
vt -0.010255 0.010579
vt -0.011755 0.009079
vt 0.010255 -0.009079
vt 0.010255 -0.010579
vt 0.011755 -0.009079
vt 0.010255 -0.009079
vt 0.010255 -0.010579
vt 0.011755 -0.009079
vt 0.010255 0.009079
vt 0.010255 0.010579
vt 0.011755 0.009079
vt 0.010255 0.009079
vt 0.010255 0.010579
vt 0.011755 0.009079
vt -0.011317 -0.005048
vt 0.011317 -0.005048
vt 0.011317 0.005048
vt -0.011317 0.005048
vt 0.011317 -0.005048
vt -0.011317 -0.005048
vt -0.011317 0.005048
vt 0.011317 0.005048
vt -0.011317 -0.009345
vt 0.011317 -0.009345
vt 0.011317 0.009345
vt -0.011317 0.009345
vt -0.011317 0.009345
vt 0.011317 0.009345
vt 0.011317 -0.009345
vt -0.011317 -0.009345
vt -0.009345 -0.005048
vt 0.009345 -0.005048
vt 0.009345 0.005048
vt -0.009345 0.005048
vt 0.009345 -0.005048
vt -0.009345 -0.005048
vt -0.009345 0.005048
vt 0.009345 0.005048
vt -0.011317 0.006548
vt 0.011317 0.006548
vt 0.011317 0.005048
vt -0.011317 0.005048
vt -0.011317 0.006548
vt 0.011317 0.006548
vt 0.011317 0.005048
vt -0.011317 0.005048
vt -0.011317 -0.006548
vt 0.011317 -0.006548
vt 0.011317 -0.005048
vt -0.011317 -0.005048
vt -0.011317 -0.006548
vt 0.011317 -0.006548
vt 0.011317 -0.005048
vt -0.011317 -0.005048
vt 0.012817 -0.005048
vt 0.012817 0.005048
vt 0.011317 0.005048
vt 0.011317 -0.005048
vt 0.012817 -0.005048
vt 0.012817 0.005048
vt 0.011317 0.005048
vt 0.011317 -0.005048
vt -0.012817 -0.005048
vt -0.012817 0.005048
vt -0.011317 0.005048
vt -0.011317 -0.005048
vt -0.012817 -0.005048
vt -0.012817 0.005048
vt -0.011317 0.005048
vt -0.011317 -0.005048
vt 0.012817 0.005048
vt 0.012817 0.005048
vt 0.011317 0.006548
vt 0.011317 0.006548
vt 0.012817 -0.005048
vt 0.012817 -0.005048
vt 0.011317 -0.006548
vt 0.011317 -0.006548
vt -0.012817 0.005048
vt -0.012817 0.005048
vt -0.011317 0.006548
vt -0.011317 0.006548
vt -0.012817 -0.005048
vt -0.012817 -0.005048
vt -0.011317 -0.006548
vt -0.011317 -0.006548
vt -0.011317 -0.005048
vt -0.011317 -0.006548
vt -0.012817 -0.005048
vt -0.011317 -0.005048
vt -0.011317 -0.006548
vt -0.012817 -0.005048
vt -0.011317 0.005048
vt -0.011317 0.006548
vt -0.012817 0.005048
vt -0.011317 0.005048
vt -0.011317 0.006548
vt -0.012817 0.005048
vt 0.011317 -0.005048
vt 0.011317 -0.006548
vt 0.012817 -0.005048
vt 0.011317 -0.005048
vt 0.011317 -0.006548
vt 0.012817 -0.005048
vt 0.011317 0.005048
vt 0.011317 0.006548
vt 0.012817 0.005048
vt 0.011317 0.005048
vt 0.011317 0.006548
vt 0.012817 0.005048
vt -0.011510 -0.011332
vt 0.011510 -0.011332
vt 0.011510 0.011332
vt -0.011510 0.011332
vt 0.011510 -0.011332
vt -0.011510 -0.011332
vt -0.011510 0.011332
vt 0.011510 0.011332
vt -0.011510 -0.009171
vt 0.011510 -0.009171
vt 0.011510 0.009171
vt -0.011510 0.009171
vt -0.011510 0.009171
vt 0.011510 0.009171
vt 0.011510 -0.009171
vt -0.011510 -0.009171
vt -0.009171 -0.011332
vt 0.009171 -0.011332
vt 0.009171 0.011332
vt -0.009171 0.011332
vt 0.009171 -0.011332
vt -0.009171 -0.011332
vt -0.009171 0.011332
vt 0.009171 0.011332
vt -0.011510 0.012832
vt 0.011510 0.012832
vt 0.011510 0.011332
vt -0.011510 0.011332
vt -0.011510 0.012832
vt 0.011510 0.012832
vt 0.011510 0.011332
vt -0.011510 0.011332
vt -0.011510 -0.012832
vt 0.011510 -0.012832
vt 0.011510 -0.011332
vt -0.011510 -0.011332
vt -0.011510 -0.012832
vt 0.011510 -0.012832
vt 0.011510 -0.011332
vt -0.011510 -0.011332
vt 0.013010 -0.011332
vt 0.013010 0.011332
vt 0.011510 0.011332
vt 0.011510 -0.011332
vt 0.013010 -0.011332
vt 0.013010 0.011332
vt 0.011510 0.011332
vt 0.011510 -0.011332
vt -0.013010 -0.011332
vt -0.013010 0.011332
vt -0.011510 0.011332
vt -0.011510 -0.011332
vt -0.013010 -0.011332
vt -0.013010 0.011332
vt -0.011510 0.011332
vt -0.011510 -0.011332
vt 0.013010 0.011332
vt 0.013010 0.011332
vt 0.011510 0.012832
vt 0.011510 0.012832
vt 0.013010 -0.011332
vt 0.013010 -0.011332
vt 0.011510 -0.012832
vt 0.011510 -0.012832
vt -0.013010 0.011332
vt -0.013010 0.011332
vt -0.011510 0.012832
vt -0.011510 0.012832
vt -0.013010 -0.011332
vt -0.013010 -0.011332
vt -0.011510 -0.012832
vt -0.011510 -0.012832
vt -0.011510 -0.011332
vt -0.011510 -0.012832
vt -0.013010 -0.011332
vt -0.011510 -0.011332
vt -0.011510 -0.012832
vt -0.013010 -0.011332
vt -0.011510 0.011332
vt -0.011510 0.012832
vt -0.013010 0.011332
vt -0.011510 0.011332
vt -0.011510 0.012832
vt -0.013010 0.011332
vt 0.011510 -0.011332
vt 0.011510 -0.012832
vt 0.013010 -0.011332
vt 0.011510 -0.011332
vt 0.011510 -0.012832
vt 0.013010 -0.011332
vt 0.011510 0.011332
vt 0.011510 0.012832
vt 0.013010 0.011332
vt 0.011510 0.011332
vt 0.011510 0.012832
vt 0.013010 0.011332
vt -0.009942 -0.009143
vt 0.009942 -0.009143
vt 0.009942 0.009143
vt -0.009942 0.009143
vt 0.009942 -0.009143
vt -0.009942 -0.009143
vt -0.009942 0.009143
vt 0.009942 0.009143
vt -0.009942 -0.007548
vt 0.009942 -0.007548
vt 0.009942 0.007548
vt -0.009942 0.007548
vt -0.009942 0.007548
vt 0.009942 0.007548
vt 0.009942 -0.007548
vt -0.009942 -0.007548
vt -0.007548 -0.009143
vt 0.007548 -0.009143
vt 0.007548 0.009143
vt -0.007548 0.009143
vt 0.007548 -0.009143
vt -0.007548 -0.009143
vt -0.007548 0.009143
vt 0.007548 0.009143
vt -0.009942 0.010643
vt 0.009942 0.010643
vt 0.009942 0.009143
vt -0.009942 0.009143
vt -0.009942 0.010643
vt 0.009942 0.010643
vt 0.009942 0.009143
vt -0.009942 0.009143
vt -0.009942 -0.010643
vt 0.009942 -0.010643
vt 0.009942 -0.009143
vt -0.009942 -0.009143
vt -0.009942 -0.010643
vt 0.009942 -0.010643
vt 0.009942 -0.009143
vt -0.009942 -0.009143
vt 0.011442 -0.009143
vt 0.011442 0.009143
vt 0.009942 0.009143
vt 0.009942 -0.009143
vt 0.011442 -0.009143
vt 0.011442 0.009143
vt 0.009942 0.009143
vt 0.009942 -0.009143
vt -0.011442 -0.009143
vt -0.011442 0.009143
vt -0.009942 0.009143
vt -0.009942 -0.009143
vt -0.011442 -0.009143
vt -0.011442 0.009143
vt -0.009942 0.009143
vt -0.009942 -0.009143
vt 0.011442 0.009143
vt 0.011442 0.009143
vt 0.009942 0.010643
vt 0.009942 0.010643
vt 0.011442 -0.009143
vt 0.011442 -0.009143
vt 0.009942 -0.010643
vt 0.009942 -0.010643
vt -0.011442 0.009143
vt -0.011442 0.009143
vt -0.009942 0.010643
vt -0.009942 0.010643
vt -0.011442 -0.009143
vt -0.011442 -0.009143
vt -0.009942 -0.010643
vt -0.009942 -0.010643
vt -0.009942 -0.009143
vt -0.009942 -0.010643
vt -0.011442 -0.009143
vt -0.009942 -0.009143
vt -0.009942 -0.010643
vt -0.011442 -0.009143
vt -0.009942 0.009143
vt -0.009942 0.010643
vt -0.011442 0.009143
vt -0.009942 0.009143
vt -0.009942 0.010643
vt -0.011442 0.009143
vt 0.009942 -0.009143
vt 0.009942 -0.010643
vt 0.011442 -0.009143
vt 0.009942 -0.009143
vt 0.009942 -0.010643
vt 0.011442 -0.009143
vt 0.009942 0.009143
vt 0.009942 0.010643
vt 0.011442 0.009143
vt 0.009942 0.009143
vt 0.009942 0.010643
vt 0.011442 0.009143
vt -0.018943 -0.010778
vt 0.018943 -0.010778
vt 0.018943 0.010778
vt -0.018943 0.010778
vt 0.018943 -0.010778
vt -0.018943 -0.010778
vt -0.018943 0.010778
vt 0.018943 0.010778
vt -0.018943 -0.020485
vt 0.018943 -0.020485
vt 0.018943 0.020485
vt -0.018943 0.020485
vt -0.018943 0.020485
vt 0.018943 0.020485
vt 0.018943 -0.020485
vt -0.018943 -0.020485
vt -0.020485 -0.010778
vt 0.020485 -0.010778
vt 0.020485 0.010778
vt -0.020485 0.010778
vt 0.020485 -0.010778
vt -0.020485 -0.010778
vt -0.020485 0.010778
vt 0.020485 0.010778
vt -0.018943 0.012278
vt 0.018943 0.012278
vt 0.018943 0.010778
vt -0.018943 0.010778
vt -0.018943 0.012278
vt 0.018943 0.012278
vt 0.018943 0.010778
vt -0.018943 0.010778
vt -0.018943 -0.012278
vt 0.018943 -0.012278
vt 0.018943 -0.010778
vt -0.018943 -0.010778
vt -0.018943 -0.012278
vt 0.018943 -0.012278
vt 0.018943 -0.010778
vt -0.018943 -0.010778
vt 0.020443 -0.010778
vt 0.020443 0.010778
vt 0.018943 0.010778
vt 0.018943 -0.010778
vt 0.020443 -0.010778
vt 0.020443 0.010778
vt 0.018943 0.010778
vt 0.018943 -0.010778
vt -0.020443 -0.010778
vt -0.020443 0.010778
vt -0.018943 0.010778
vt -0.018943 -0.010778
vt -0.020443 -0.010778
vt -0.020443 0.010778
vt -0.018943 0.010778
vt -0.018943 -0.010778
vt 0.020443 0.010778
vt 0.020443 0.010778
vt 0.018943 0.012278
vt 0.018943 0.012278
vt 0.020443 -0.010778
vt 0.020443 -0.010778
vt 0.018943 -0.012278
vt 0.018943 -0.012278
vt -0.020443 0.010778
vt -0.020443 0.010778
vt -0.018943 0.012278
vt -0.018943 0.012278
vt -0.020443 -0.010778
vt -0.020443 -0.010778
vt -0.018943 -0.012278
vt -0.018943 -0.012278
vt -0.018943 -0.010778
vt -0.018943 -0.012278
vt -0.020443 -0.010778
vt -0.018943 -0.010778
vt -0.018943 -0.012278
vt -0.020443 -0.010778
vt -0.018943 0.010778
vt -0.018943 0.012278
vt -0.020443 0.010778
vt -0.018943 0.010778
vt -0.018943 0.012278
vt -0.020443 0.010778
vt 0.018943 -0.010778
vt 0.018943 -0.012278
vt 0.020443 -0.010778
vt 0.018943 -0.010778
vt 0.018943 -0.012278
vt 0.020443 -0.010778
vt 0.018943 0.010778
vt 0.018943 0.012278
vt 0.020443 0.010778
vt 0.018943 0.010778
vt 0.018943 0.012278
vt 0.020443 0.010778
vt -0.018935 -0.015405
vt 0.018935 -0.015405
vt 0.018935 0.015405
vt -0.018935 0.015405
vt 0.018935 -0.015405
vt -0.018935 -0.015405
vt -0.018935 0.015405
vt 0.018935 0.015405
vt -0.018935 -0.014375
vt 0.018935 -0.014375
vt 0.018935 0.014375
vt -0.018935 0.014375
vt -0.018935 0.014375
vt 0.018935 0.014375
vt 0.018935 -0.014375
vt -0.018935 -0.014375
vt -0.014375 -0.015405
vt 0.014375 -0.015405
vt 0.014375 0.015405
vt -0.014375 0.015405
vt 0.014375 -0.015405
vt -0.014375 -0.015405
vt -0.014375 0.015405
vt 0.014375 0.015405
vt -0.018935 0.016905
vt 0.018935 0.016905
vt 0.018935 0.015405
vt -0.018935 0.015405
vt -0.018935 0.016905
vt 0.018935 0.016905
vt 0.018935 0.015405
vt -0.018935 0.015405
vt -0.018935 -0.016905
vt 0.018935 -0.016905
vt 0.018935 -0.015405
vt -0.018935 -0.015405
vt -0.018935 -0.016905
vt 0.018935 -0.016905
vt 0.018935 -0.015405
vt -0.018935 -0.015405
vt 0.020435 -0.015405
vt 0.020435 0.015405
vt 0.018935 0.015405
vt 0.018935 -0.015405
vt 0.020435 -0.015405
vt 0.020435 0.015405
vt 0.018935 0.015405
vt 0.018935 -0.015405
vt -0.020435 -0.015405
vt -0.020435 0.015405
vt -0.018935 0.015405
vt -0.018935 -0.015405
vt -0.020435 -0.015405
vt -0.020435 0.015405
vt -0.018935 0.015405
vt -0.018935 -0.015405
vt 0.020435 0.015405
vt 0.020435 0.015405
vt 0.018935 0.016905
vt 0.018935 0.016905
vt 0.020435 -0.015405
vt 0.020435 -0.015405
vt 0.018935 -0.016905
vt 0.018935 -0.016905
vt -0.020435 0.015405
vt -0.020435 0.015405
vt -0.018935 0.016905
vt -0.018935 0.016905
vt -0.020435 -0.015405
vt -0.020435 -0.015405
vt -0.018935 -0.016905
vt -0.018935 -0.016905
vt -0.018935 -0.015405
vt -0.018935 -0.016905
vt -0.020435 -0.015405
vt -0.018935 -0.015405
vt -0.018935 -0.016905
vt -0.020435 -0.015405
vt -0.018935 0.015405
vt -0.018935 0.016905
vt -0.020435 0.015405
vt -0.018935 0.015405
vt -0.018935 0.016905
vt -0.020435 0.015405
vt 0.018935 -0.015405
vt 0.018935 -0.016905
vt 0.020435 -0.015405
vt 0.018935 -0.015405
vt 0.018935 -0.016905
vt 0.020435 -0.015405
vt 0.018935 0.015405
vt 0.018935 0.016905
vt 0.020435 0.015405
vt 0.018935 0.015405
vt 0.018935 0.016905
vt 0.020435 0.015405
vt -0.014564 -0.011578
vt 0.014564 -0.011578
vt 0.014564 0.011578
vt -0.014564 0.011578
vt 0.014564 -0.011578
vt -0.014564 -0.011578
vt -0.014564 0.011578
vt 0.014564 0.011578
vt -0.014564 -0.011039
vt 0.014564 -0.011039
vt 0.014564 0.011039
vt -0.014564 0.011039
vt -0.014564 0.011039
vt 0.014564 0.011039
vt 0.014564 -0.011039
vt -0.014564 -0.011039
vt -0.011039 -0.011578
vt 0.011039 -0.011578
vt 0.011039 0.011578
vt -0.011039 0.011578
vt 0.011039 -0.011578
vt -0.011039 -0.011578
vt -0.011039 0.011578
vt 0.011039 0.011578
vt -0.014564 0.013078
vt 0.014564 0.013078
vt 0.014564 0.011578
vt -0.014564 0.011578
vt -0.014564 0.013078
vt 0.014564 0.013078
vt 0.014564 0.011578
vt -0.014564 0.011578
vt -0.014564 -0.013078
vt 0.014564 -0.013078
vt 0.014564 -0.011578
vt -0.014564 -0.011578
vt -0.014564 -0.013078
vt 0.014564 -0.013078
vt 0.014564 -0.011578
vt -0.014564 -0.011578
vt 0.016064 -0.011578
vt 0.016064 0.011578
vt 0.014564 0.011578
vt 0.014564 -0.011578
vt 0.016064 -0.011578
vt 0.016064 0.011578
vt 0.014564 0.011578
vt 0.014564 -0.011578
vt -0.016064 -0.011578
vt -0.016064 0.011578
vt -0.014564 0.011578
vt -0.014564 -0.011578
vt -0.016064 -0.011578
vt -0.016064 0.011578
vt -0.014564 0.011578
vt -0.014564 -0.011578
vt 0.016064 0.011578
vt 0.016064 0.011578
vt 0.014564 0.013078
vt 0.014564 0.013078
vt 0.016064 -0.011578
vt 0.016064 -0.011578
vt 0.014564 -0.013078
vt 0.014564 -0.013078
vt -0.016064 0.011578
vt -0.016064 0.011578
vt -0.014564 0.013078
vt -0.014564 0.013078
vt -0.016064 -0.011578
vt -0.016064 -0.011578
vt -0.014564 -0.013078
vt -0.014564 -0.013078
vt -0.014564 -0.011578
vt -0.014564 -0.013078
vt -0.016064 -0.011578
vt -0.014564 -0.011578
vt -0.014564 -0.013078
vt -0.016064 -0.011578
vt -0.014564 0.011578
vt -0.014564 0.013078
vt -0.016064 0.011578
vt -0.014564 0.011578
vt -0.014564 0.013078
vt -0.016064 0.011578
vt 0.014564 -0.011578
vt 0.014564 -0.013078
vt 0.016064 -0.011578
vt 0.014564 -0.011578
vt 0.014564 -0.013078
vt 0.016064 -0.011578
vt 0.014564 0.011578
vt 0.014564 0.013078
vt 0.016064 0.011578
vt 0.014564 0.011578
vt 0.014564 0.013078
vt 0.016064 0.011578
vt -0.009990 -0.008747
vt 0.009990 -0.008747
vt 0.009990 0.008747
vt -0.009990 0.008747
vt 0.009990 -0.008747
vt -0.009990 -0.008747
vt -0.009990 0.008747
vt 0.009990 0.008747
vt -0.009990 -0.009201
vt 0.009990 -0.009201
vt 0.009990 0.009201
vt -0.009990 0.009201
vt -0.009990 0.009201
vt 0.009990 0.009201
vt 0.009990 -0.009201
vt -0.009990 -0.009201
vt -0.009201 -0.008747
vt 0.009201 -0.008747
vt 0.009201 0.008747
vt -0.009201 0.008747
vt 0.009201 -0.008747
vt -0.009201 -0.008747
vt -0.009201 0.008747
vt 0.009201 0.008747
vt -0.009990 0.010247
vt 0.009990 0.010247
vt 0.009990 0.008747
vt -0.009990 0.008747
vt -0.009990 0.010247
vt 0.009990 0.010247
vt 0.009990 0.008747
vt -0.009990 0.008747
vt -0.009990 -0.010247
vt 0.009990 -0.010247
vt 0.009990 -0.008747
vt -0.009990 -0.008747
vt -0.009990 -0.010247
vt 0.009990 -0.010247
vt 0.009990 -0.008747
vt -0.009990 -0.008747
vt 0.011490 -0.008747
vt 0.011490 0.008747
vt 0.009990 0.008747
vt 0.009990 -0.008747
vt 0.011490 -0.008747
vt 0.011490 0.008747
vt 0.009990 0.008747
vt 0.009990 -0.008747
vt -0.011490 -0.008747
vt -0.011490 0.008747
vt -0.009990 0.008747
vt -0.009990 -0.008747
vt -0.011490 -0.008747
vt -0.011490 0.008747
vt -0.009990 0.008747
vt -0.009990 -0.008747
vt 0.011490 0.008747
vt 0.011490 0.008747
vt 0.009990 0.010247
vt 0.009990 0.010247
vt 0.011490 -0.008747
vt 0.011490 -0.008747
vt 0.009990 -0.010247
vt 0.009990 -0.010247
vt -0.011490 0.008747
vt -0.011490 0.008747
vt -0.009990 0.010247
vt -0.009990 0.010247
vt -0.011490 -0.008747
vt -0.011490 -0.008747
vt -0.009990 -0.010247
vt -0.009990 -0.010247
vt -0.009990 -0.008747
vt -0.009990 -0.010247
vt -0.011490 -0.008747
vt -0.009990 -0.008747
vt -0.009990 -0.010247
vt -0.011490 -0.008747
vt -0.009990 0.008747
vt -0.009990 0.010247
vt -0.011490 0.008747
vt -0.009990 0.008747
vt -0.009990 0.010247
vt -0.011490 0.008747
vt 0.009990 -0.008747
vt 0.009990 -0.010247
vt 0.011490 -0.008747
vt 0.009990 -0.008747
vt 0.009990 -0.010247
vt 0.011490 -0.008747
vt 0.009990 0.008747
vt 0.009990 0.010247
vt 0.011490 0.008747
vt 0.009990 0.008747
vt 0.009990 0.010247
vt 0.011490 0.008747
vt -0.016694 -0.009391
vt 0.016694 -0.009391
vt 0.016694 0.009391
vt -0.016694 0.009391
vt 0.016694 -0.009391
vt -0.016694 -0.009391
vt -0.016694 0.009391
vt 0.016694 0.009391
vt -0.016694 -0.013365
vt 0.016694 -0.013365
vt 0.016694 0.013365
vt -0.016694 0.013365
vt -0.016694 0.013365
vt 0.016694 0.013365
vt 0.016694 -0.013365
vt -0.016694 -0.013365
vt -0.013365 -0.009391
vt 0.013365 -0.009391
vt 0.013365 0.009391
vt -0.013365 0.009391
vt 0.013365 -0.009391
vt -0.013365 -0.009391
vt -0.013365 0.009391
vt 0.013365 0.009391
vt -0.016694 0.010891
vt 0.016694 0.010891
vt 0.016694 0.009391
vt -0.016694 0.009391
vt -0.016694 0.010891
vt 0.016694 0.010891
vt 0.016694 0.009391
vt -0.016694 0.009391
vt -0.016694 -0.010891
vt 0.016694 -0.010891
vt 0.016694 -0.009391
vt -0.016694 -0.009391
vt -0.016694 -0.010891
vt 0.016694 -0.010891
vt 0.016694 -0.009391
vt -0.016694 -0.009391
vt 0.018194 -0.009391
vt 0.018194 0.009391
vt 0.016694 0.009391
vt 0.016694 -0.009391
vt 0.018194 -0.009391
vt 0.018194 0.009391
vt 0.016694 0.009391
vt 0.016694 -0.009391
vt -0.018194 -0.009391
vt -0.018194 0.009391
vt -0.016694 0.009391
vt -0.016694 -0.009391
vt -0.018194 -0.009391
vt -0.018194 0.009391
vt -0.016694 0.009391
vt -0.016694 -0.009391
vt 0.018194 0.009391
vt 0.018194 0.009391
vt 0.016694 0.010891
vt 0.016694 0.010891
vt 0.018194 -0.009391
vt 0.018194 -0.009391
vt 0.016694 -0.010891
vt 0.016694 -0.010891
vt -0.018194 0.009391
vt -0.018194 0.009391
vt -0.016694 0.010891
vt -0.016694 0.010891
vt -0.018194 -0.009391
vt -0.018194 -0.009391
vt -0.016694 -0.010891
vt -0.016694 -0.010891
vt -0.016694 -0.009391
vt -0.016694 -0.010891
vt -0.018194 -0.009391
vt -0.016694 -0.009391
vt -0.016694 -0.010891
vt -0.018194 -0.009391
vt -0.016694 0.009391
vt -0.016694 0.010891
vt -0.018194 0.009391
vt -0.016694 0.009391
vt -0.016694 0.010891
vt -0.018194 0.009391
vt 0.016694 -0.009391
vt 0.016694 -0.010891
vt 0.018194 -0.009391
vt 0.016694 -0.009391
vt 0.016694 -0.010891
vt 0.018194 -0.009391
vt 0.016694 0.009391
vt 0.016694 0.010891
vt 0.018194 0.009391
vt 0.016694 0.009391
vt 0.016694 0.010891
vt 0.018194 0.009391
vt -0.014194 -0.008075
vt 0.014194 -0.008075
vt 0.014194 0.008075
vt -0.014194 0.008075
vt 0.014194 -0.008075
vt -0.014194 -0.008075
vt -0.014194 0.008075
vt 0.014194 0.008075
vt -0.014194 -0.016093
vt 0.014194 -0.016093
vt 0.014194 0.016093
vt -0.014194 0.016093
vt -0.014194 0.016093
vt 0.014194 0.016093
vt 0.014194 -0.016093
vt -0.014194 -0.016093
vt -0.016093 -0.008075
vt 0.016093 -0.008075
vt 0.016093 0.008075
vt -0.016093 0.008075
vt 0.016093 -0.008075
vt -0.016093 -0.008075
vt -0.016093 0.008075
vt 0.016093 0.008075
vt -0.014194 0.009575
vt 0.014194 0.009575
vt 0.014194 0.008075
vt -0.014194 0.008075
vt -0.014194 0.009575
vt 0.014194 0.009575
vt 0.014194 0.008075
vt -0.014194 0.008075
vt -0.014194 -0.009575
vt 0.014194 -0.009575
vt 0.014194 -0.008075
vt -0.014194 -0.008075
vt -0.014194 -0.009575
vt 0.014194 -0.009575
vt 0.014194 -0.008075
vt -0.014194 -0.008075
vt 0.015694 -0.008075
vt 0.015694 0.008075
vt 0.014194 0.008075
vt 0.014194 -0.008075
vt 0.015694 -0.008075
vt 0.015694 0.008075
vt 0.014194 0.008075
vt 0.014194 -0.008075
vt -0.015694 -0.008075
vt -0.015694 0.008075
vt -0.014194 0.008075
vt -0.014194 -0.008075
vt -0.015694 -0.008075
vt -0.015694 0.008075
vt -0.014194 0.008075
vt -0.014194 -0.008075
vt 0.015694 0.008075
vt 0.015694 0.008075
vt 0.014194 0.009575
vt 0.014194 0.009575
vt 0.015694 -0.008075
vt 0.015694 -0.008075
vt 0.014194 -0.009575
vt 0.014194 -0.009575
vt -0.015694 0.008075
vt -0.015694 0.008075
vt -0.014194 0.009575
vt -0.014194 0.009575
vt -0.015694 -0.008075
vt -0.015694 -0.008075
vt -0.014194 -0.009575
vt -0.014194 -0.009575
vt -0.014194 -0.008075
vt -0.014194 -0.009575
vt -0.015694 -0.008075
vt -0.014194 -0.008075
vt -0.014194 -0.009575
vt -0.015694 -0.008075
vt -0.014194 0.008075
vt -0.014194 0.009575
vt -0.015694 0.008075
vt -0.014194 0.008075
vt -0.014194 0.009575
vt -0.015694 0.008075
vt 0.014194 -0.008075
vt 0.014194 -0.009575
vt 0.015694 -0.008075
vt 0.014194 -0.008075
vt 0.014194 -0.009575
vt 0.015694 -0.008075
vt 0.014194 0.008075
vt 0.014194 0.009575
vt 0.015694 0.008075
vt 0.014194 0.008075
vt 0.014194 0.009575
vt 0.015694 0.008075
vt -0.010052 -0.007965
vt 0.010052 -0.007965
vt 0.010052 0.007965
vt -0.010052 0.007965
vt 0.010052 -0.007965
vt -0.010052 -0.007965
vt -0.010052 0.007965
vt 0.010052 0.007965
vt -0.010052 -0.011718
vt 0.010052 -0.011718
vt 0.010052 0.011718
vt -0.010052 0.011718
vt -0.010052 0.011718
vt 0.010052 0.011718
vt 0.010052 -0.011718
vt -0.010052 -0.011718
vt -0.011718 -0.007965
vt 0.011718 -0.007965
vt 0.011718 0.007965
vt -0.011718 0.007965
vt 0.011718 -0.007965
vt -0.011718 -0.007965
vt -0.011718 0.007965
vt 0.011718 0.007965
vt -0.010052 0.009465
vt 0.010052 0.009465
vt 0.010052 0.007965
vt -0.010052 0.007965
vt -0.010052 0.009465
vt 0.010052 0.009465
vt 0.010052 0.007965
vt -0.010052 0.007965
vt -0.010052 -0.009465
vt 0.010052 -0.009465
vt 0.010052 -0.007965
vt -0.010052 -0.007965
vt -0.010052 -0.009465
vt 0.010052 -0.009465
vt 0.010052 -0.007965
vt -0.010052 -0.007965
vt 0.011552 -0.007965
vt 0.011552 0.007965
vt 0.010052 0.007965
vt 0.010052 -0.007965
vt 0.011552 -0.007965
vt 0.011552 0.007965
vt 0.010052 0.007965
vt 0.010052 -0.007965
vt -0.011552 -0.007965
vt -0.011552 0.007965
vt -0.010052 0.007965
vt -0.010052 -0.007965
vt -0.011552 -0.007965
vt -0.011552 0.007965
vt -0.010052 0.007965
vt -0.010052 -0.007965
vt 0.011552 0.007965
vt 0.011552 0.007965
vt 0.010052 0.009465
vt 0.010052 0.009465
vt 0.011552 -0.007965
vt 0.011552 -0.007965
vt 0.010052 -0.009465
vt 0.010052 -0.009465
vt -0.011552 0.007965
vt -0.011552 0.007965
vt -0.010052 0.009465
vt -0.010052 0.009465
vt -0.011552 -0.007965
vt -0.011552 -0.007965
vt -0.010052 -0.009465
vt -0.010052 -0.009465
vt -0.010052 -0.007965
vt -0.010052 -0.009465
vt -0.011552 -0.007965
vt -0.010052 -0.007965
vt -0.010052 -0.009465
vt -0.011552 -0.007965
vt -0.010052 0.007965
vt -0.010052 0.009465
vt -0.011552 0.007965
vt -0.010052 0.007965
vt -0.010052 0.009465
vt -0.011552 0.007965
vt 0.010052 -0.007965
vt 0.010052 -0.009465
vt 0.011552 -0.007965
vt 0.010052 -0.007965
vt 0.010052 -0.009465
vt 0.011552 -0.007965
vt 0.010052 0.007965
vt 0.010052 0.009465
vt 0.011552 0.007965
vt 0.010052 0.007965
vt 0.010052 0.009465
vt 0.011552 0.007965
vt -0.012218 -0.008969
vt 0.012218 -0.008969
vt 0.012218 0.008969
vt -0.012218 0.008969
vt 0.012218 -0.008969
vt -0.012218 -0.008969
vt -0.012218 0.008969
vt 0.012218 0.008969
vt -0.012218 -0.013760
vt 0.012218 -0.013760
vt 0.012218 0.013760
vt -0.012218 0.013760
vt -0.012218 0.013760
vt 0.012218 0.013760
vt 0.012218 -0.013760
vt -0.012218 -0.013760
vt -0.013760 -0.008969
vt 0.013760 -0.008969
vt 0.013760 0.008969
vt -0.013760 0.008969
vt 0.013760 -0.008969
vt -0.013760 -0.008969
vt -0.013760 0.008969
vt 0.013760 0.008969
vt -0.012218 0.010469
vt 0.012218 0.010469
vt 0.012218 0.008969
vt -0.012218 0.008969
vt -0.012218 0.010469
vt 0.012218 0.010469
vt 0.012218 0.008969
vt -0.012218 0.008969
vt -0.012218 -0.010469
vt 0.012218 -0.010469
vt 0.012218 -0.008969
vt -0.012218 -0.008969
vt -0.012218 -0.010469
vt 0.012218 -0.010469
vt 0.012218 -0.008969
vt -0.012218 -0.008969
vt 0.013718 -0.008969
vt 0.013718 0.008969
vt 0.012218 0.008969
vt 0.012218 -0.008969
vt 0.013718 -0.008969
vt 0.013718 0.008969
vt 0.012218 0.008969
vt 0.012218 -0.008969
vt -0.013718 -0.008969
vt -0.013718 0.008969
vt -0.012218 0.008969
vt -0.012218 -0.008969
vt -0.013718 -0.008969
vt -0.013718 0.008969
vt -0.012218 0.008969
vt -0.012218 -0.008969
vt 0.013718 0.008969
vt 0.013718 0.008969
vt 0.012218 0.010469
vt 0.012218 0.010469
vt 0.013718 -0.008969
vt 0.013718 -0.008969
vt 0.012218 -0.010469
vt 0.012218 -0.010469
vt -0.013718 0.008969
vt -0.013718 0.008969
vt -0.012218 0.010469
vt -0.012218 0.010469
vt -0.013718 -0.008969
vt -0.013718 -0.008969
vt -0.012218 -0.010469
vt -0.012218 -0.010469
vt -0.012218 -0.008969
vt -0.012218 -0.010469
vt -0.013718 -0.008969
vt -0.012218 -0.008969
vt -0.012218 -0.010469
vt -0.013718 -0.008969
vt -0.012218 0.008969
vt -0.012218 0.010469
vt -0.013718 0.008969
vt -0.012218 0.008969
vt -0.012218 0.010469
vt -0.013718 0.008969
vt 0.012218 -0.008969
vt 0.012218 -0.010469
vt 0.013718 -0.008969
vt 0.012218 -0.008969
vt 0.012218 -0.010469
vt 0.013718 -0.008969
vt 0.012218 0.008969
vt 0.012218 0.010469
vt 0.013718 0.008969
vt 0.012218 0.008969
vt 0.012218 0.010469
vt 0.013718 0.008969
vt -0.019519 -0.010759
vt 0.019519 -0.010759
vt 0.019519 0.010759
vt -0.019519 0.010759
vt 0.019519 -0.010759
vt -0.019519 -0.010759
vt -0.019519 0.010759
vt 0.019519 0.010759
vt -0.019519 -0.014645
vt 0.019519 -0.014645
vt 0.019519 0.014645
vt -0.019519 0.014645
vt -0.019519 0.014645
vt 0.019519 0.014645
vt 0.019519 -0.014645
vt -0.019519 -0.014645
vt -0.014645 -0.010759
vt 0.014645 -0.010759
vt 0.014645 0.010759
vt -0.014645 0.010759
vt 0.014645 -0.010759
vt -0.014645 -0.010759
vt -0.014645 0.010759
vt 0.014645 0.010759
vt -0.019519 0.012259
vt 0.019519 0.012259
vt 0.019519 0.010759
vt -0.019519 0.010759
vt -0.019519 0.012259
vt 0.019519 0.012259
vt 0.019519 0.010759
vt -0.019519 0.010759
vt -0.019519 -0.012259
vt 0.019519 -0.012259
vt 0.019519 -0.010759
vt -0.019519 -0.010759
vt -0.019519 -0.012259
vt 0.019519 -0.012259
vt 0.019519 -0.010759
vt -0.019519 -0.010759
vt 0.021019 -0.010759
vt 0.021019 0.010759
vt 0.019519 0.010759
vt 0.019519 -0.010759
vt 0.021019 -0.010759
vt 0.021019 0.010759
vt 0.019519 0.010759
vt 0.019519 -0.010759
vt -0.021019 -0.010759
vt -0.021019 0.010759
vt -0.019519 0.010759
vt -0.019519 -0.010759
vt -0.021019 -0.010759
vt -0.021019 0.010759
vt -0.019519 0.010759
vt -0.019519 -0.010759
vt 0.021019 0.010759
vt 0.021019 0.010759
vt 0.019519 0.012259
vt 0.019519 0.012259
vt 0.021019 -0.010759
vt 0.021019 -0.010759
vt 0.019519 -0.012259
vt 0.019519 -0.012259
vt -0.021019 0.010759
vt -0.021019 0.010759
vt -0.019519 0.012259
vt -0.019519 0.012259
vt -0.021019 -0.010759
vt -0.021019 -0.010759
vt -0.019519 -0.012259
vt -0.019519 -0.012259
vt -0.019519 -0.010759
vt -0.019519 -0.012259
vt -0.021019 -0.010759
vt -0.019519 -0.010759
vt -0.019519 -0.012259
vt -0.021019 -0.010759
vt -0.019519 0.010759
vt -0.019519 0.012259
vt -0.021019 0.010759
vt -0.019519 0.010759
vt -0.019519 0.012259
vt -0.021019 0.010759
vt 0.019519 -0.010759
vt 0.019519 -0.012259
vt 0.021019 -0.010759
vt 0.019519 -0.010759
vt 0.019519 -0.012259
vt 0.021019 -0.010759
vt 0.019519 0.010759
vt 0.019519 0.012259
vt 0.021019 0.010759
vt 0.019519 0.010759
vt 0.019519 0.012259
vt 0.021019 0.010759
vt -0.022353 -0.015380
vt 0.022353 -0.015380
vt 0.022353 0.015380
vt -0.022353 0.015380
vt 0.022353 -0.015380
vt -0.022353 -0.015380
vt -0.022353 0.015380
vt 0.022353 0.015380
vt -0.022353 -0.026459
vt 0.022353 -0.026459
vt 0.022353 0.026459
vt -0.022353 0.026459
vt -0.022353 0.026459
vt 0.022353 0.026459
vt 0.022353 -0.026459
vt -0.022353 -0.026459
vt -0.026459 -0.015380
vt 0.026459 -0.015380
vt 0.026459 0.015380
vt -0.026459 0.015380
vt 0.026459 -0.015380
vt -0.026459 -0.015380
vt -0.026459 0.015380
vt 0.026459 0.015380
vt -0.022353 0.016880
vt 0.022353 0.016880
vt 0.022353 0.015380
vt -0.022353 0.015380
vt -0.022353 0.016880
vt 0.022353 0.016880
vt 0.022353 0.015380
vt -0.022353 0.015380
vt -0.022353 -0.016880
vt 0.022353 -0.016880
vt 0.022353 -0.015380
vt -0.022353 -0.015380
vt -0.022353 -0.016880
vt 0.022353 -0.016880
vt 0.022353 -0.015380
vt -0.022353 -0.015380
vt 0.023853 -0.015380
vt 0.023853 0.015380
vt 0.022353 0.015380
vt 0.022353 -0.015380
vt 0.023853 -0.015380
vt 0.023853 0.015380
vt 0.022353 0.015380
vt 0.022353 -0.015380
vt -0.023853 -0.015380
vt -0.023853 0.015380
vt -0.022353 0.015380
vt -0.022353 -0.015380
vt -0.023853 -0.015380
vt -0.023853 0.015380
vt -0.022353 0.015380
vt -0.022353 -0.015380
vt 0.023853 0.015380
vt 0.023853 0.015380
vt 0.022353 0.016880
vt 0.022353 0.016880
vt 0.023853 -0.015380
vt 0.023853 -0.015380
vt 0.022353 -0.016880
vt 0.022353 -0.016880
vt -0.023853 0.015380
vt -0.023853 0.015380
vt -0.022353 0.016880
vt -0.022353 0.016880
vt -0.023853 -0.015380
vt -0.023853 -0.015380
vt -0.022353 -0.016880
vt -0.022353 -0.016880
vt -0.022353 -0.015380
vt -0.022353 -0.016880
vt -0.023853 -0.015380
vt -0.022353 -0.015380
vt -0.022353 -0.016880
vt -0.023853 -0.015380
vt -0.022353 0.015380
vt -0.022353 0.016880
vt -0.023853 0.015380
vt -0.022353 0.015380
vt -0.022353 0.016880
vt -0.023853 0.015380
vt 0.022353 -0.015380
vt 0.022353 -0.016880
vt 0.023853 -0.015380
vt 0.022353 -0.015380
vt 0.022353 -0.016880
vt 0.023853 -0.015380
vt 0.022353 0.015380
vt 0.022353 0.016880
vt 0.023853 0.015380
vt 0.022353 0.015380
vt 0.022353 0.016880
vt 0.023853 0.015380
vt -0.016251 -0.013045
vt 0.016251 -0.013045
vt 0.016251 0.013045
vt -0.016251 0.013045
vt 0.016251 -0.013045
vt -0.016251 -0.013045
vt -0.016251 0.013045
vt 0.016251 0.013045
vt -0.016251 -0.013878
vt 0.016251 -0.013878
vt 0.016251 0.013878
vt -0.016251 0.013878
vt -0.016251 0.013878
vt 0.016251 0.013878
vt 0.016251 -0.013878
vt -0.016251 -0.013878
vt -0.013878 -0.013045
vt 0.013878 -0.013045
vt 0.013878 0.013045
vt -0.013878 0.013045
vt 0.013878 -0.013045
vt -0.013878 -0.013045
vt -0.013878 0.013045
vt 0.013878 0.013045
vt -0.016251 0.014545
vt 0.016251 0.014545
vt 0.016251 0.013045
vt -0.016251 0.013045
vt -0.016251 0.014545
vt 0.016251 0.014545
vt 0.016251 0.013045
vt -0.016251 0.013045
vt -0.016251 -0.014545
vt 0.016251 -0.014545
vt 0.016251 -0.013045
vt -0.016251 -0.013045
vt -0.016251 -0.014545
vt 0.016251 -0.014545
vt 0.016251 -0.013045
vt -0.016251 -0.013045
vt 0.017751 -0.013045
vt 0.017751 0.013045
vt 0.016251 0.013045
vt 0.016251 -0.013045
vt 0.017751 -0.013045
vt 0.017751 0.013045
vt 0.016251 0.013045
vt 0.016251 -0.013045
vt -0.017751 -0.013045
vt -0.017751 0.013045
vt -0.016251 0.013045
vt -0.016251 -0.013045
vt -0.017751 -0.013045
vt -0.017751 0.013045
vt -0.016251 0.013045
vt -0.016251 -0.013045
vt 0.017751 0.013045
vt 0.017751 0.013045
vt 0.016251 0.014545
vt 0.016251 0.014545
vt 0.017751 -0.013045
vt 0.017751 -0.013045
vt 0.016251 -0.014545
vt 0.016251 -0.014545
vt -0.017751 0.013045
vt -0.017751 0.013045
vt -0.016251 0.014545
vt -0.016251 0.014545
vt -0.017751 -0.013045
vt -0.017751 -0.013045
vt -0.016251 -0.014545
vt -0.016251 -0.014545
vt -0.016251 -0.013045
vt -0.016251 -0.014545
vt -0.017751 -0.013045
vt -0.016251 -0.013045
vt -0.016251 -0.014545
vt -0.017751 -0.013045
vt -0.016251 0.013045
vt -0.016251 0.014545
vt -0.017751 0.013045
vt -0.016251 0.013045
vt -0.016251 0.014545
vt -0.017751 0.013045
vt 0.016251 -0.013045
vt 0.016251 -0.014545
vt 0.017751 -0.013045
vt 0.016251 -0.013045
vt 0.016251 -0.014545
vt 0.017751 -0.013045
vt 0.016251 0.013045
vt 0.016251 0.014545
vt 0.017751 0.013045
vt 0.016251 0.013045
vt 0.016251 0.014545
vt 0.017751 0.013045
vt -0.009397 -0.007158
vt 0.009397 -0.007158
vt 0.009397 0.007158
vt -0.009397 0.007158
vt 0.009397 -0.007158
vt -0.009397 -0.007158
vt -0.009397 0.007158
vt 0.009397 0.007158
vt -0.009397 -0.009269
vt 0.009397 -0.009269
vt 0.009397 0.009269
vt -0.009397 0.009269
vt -0.009397 0.009269
vt 0.009397 0.009269
vt 0.009397 -0.009269
vt -0.009397 -0.009269
vt -0.009269 -0.007158
vt 0.009269 -0.007158
vt 0.009269 0.007158
vt -0.009269 0.007158
vt 0.009269 -0.007158
vt -0.009269 -0.007158
vt -0.009269 0.007158
vt 0.009269 0.007158
vt -0.009397 0.008658
vt 0.009397 0.008658
vt 0.009397 0.007158
vt -0.009397 0.007158
vt -0.009397 0.008658
vt 0.009397 0.008658
vt 0.009397 0.007158
vt -0.009397 0.007158
vt -0.009397 -0.008658
vt 0.009397 -0.008658
vt 0.009397 -0.007158
vt -0.009397 -0.007158
vt -0.009397 -0.008658
vt 0.009397 -0.008658
vt 0.009397 -0.007158
vt -0.009397 -0.007158
vt 0.010897 -0.007158
vt 0.010897 0.007158
vt 0.009397 0.007158
vt 0.009397 -0.007158
vt 0.010897 -0.007158
vt 0.010897 0.007158
vt 0.009397 0.007158
vt 0.009397 -0.007158
vt -0.010897 -0.007158
vt -0.010897 0.007158
vt -0.009397 0.007158
vt -0.009397 -0.007158
vt -0.010897 -0.007158
vt -0.010897 0.007158
vt -0.009397 0.007158
vt -0.009397 -0.007158
vt 0.010897 0.007158
vt 0.010897 0.007158
vt 0.009397 0.008658
vt 0.009397 0.008658
vt 0.010897 -0.007158
vt 0.010897 -0.007158
vt 0.009397 -0.008658
vt 0.009397 -0.008658
vt -0.010897 0.007158
vt -0.010897 0.007158
vt -0.009397 0.008658
vt -0.009397 0.008658
vt -0.010897 -0.007158
vt -0.010897 -0.007158
vt -0.009397 -0.008658
vt -0.009397 -0.008658
vt -0.009397 -0.007158
vt -0.009397 -0.008658
vt -0.010897 -0.007158
vt -0.009397 -0.007158
vt -0.009397 -0.008658
vt -0.010897 -0.007158
vt -0.009397 0.007158
vt -0.009397 0.008658
vt -0.010897 0.007158
vt -0.009397 0.007158
vt -0.009397 0.008658
vt -0.010897 0.007158
vt 0.009397 -0.007158
vt 0.009397 -0.008658
vt 0.010897 -0.007158
vt 0.009397 -0.007158
vt 0.009397 -0.008658
vt 0.010897 -0.007158
vt 0.009397 0.007158
vt 0.009397 0.008658
vt 0.010897 0.007158
vt 0.009397 0.007158
vt 0.009397 0.008658
vt 0.010897 0.007158
vt -0.014127 -0.006533
vt 0.014127 -0.006533
vt 0.014127 0.006533
vt -0.014127 0.006533
vt 0.014127 -0.006533
vt -0.014127 -0.006533
vt -0.014127 0.006533
vt 0.014127 0.006533
vt -0.014127 -0.015717
vt 0.014127 -0.015717
vt 0.014127 0.015717
vt -0.014127 0.015717
vt -0.014127 0.015717
vt 0.014127 0.015717
vt 0.014127 -0.015717
vt -0.014127 -0.015717
vt -0.015717 -0.006533
vt 0.015717 -0.006533
vt 0.015717 0.006533
vt -0.015717 0.006533
vt 0.015717 -0.006533
vt -0.015717 -0.006533
vt -0.015717 0.006533
vt 0.015717 0.006533
vt -0.014127 0.008033
vt 0.014127 0.008033
vt 0.014127 0.006533
vt -0.014127 0.006533
vt -0.014127 0.008033
vt 0.014127 0.008033
vt 0.014127 0.006533
vt -0.014127 0.006533
vt -0.014127 -0.008033
vt 0.014127 -0.008033
vt 0.014127 -0.006533
vt -0.014127 -0.006533
vt -0.014127 -0.008033
vt 0.014127 -0.008033
vt 0.014127 -0.006533
vt -0.014127 -0.006533
vt 0.015627 -0.006533
vt 0.015627 0.006533
vt 0.014127 0.006533
vt 0.014127 -0.006533
vt 0.015627 -0.006533
vt 0.015627 0.006533
vt 0.014127 0.006533
vt 0.014127 -0.006533
vt -0.015627 -0.006533
vt -0.015627 0.006533
vt -0.014127 0.006533
vt -0.014127 -0.006533
vt -0.015627 -0.006533
vt -0.015627 0.006533
vt -0.014127 0.006533
vt -0.014127 -0.006533
vt 0.015627 0.006533
vt 0.015627 0.006533
vt 0.014127 0.008033
vt 0.014127 0.008033
vt 0.015627 -0.006533
vt 0.015627 -0.006533
vt 0.014127 -0.008033
vt 0.014127 -0.008033
vt -0.015627 0.006533
vt -0.015627 0.006533
vt -0.014127 0.008033
vt -0.014127 0.008033
vt -0.015627 -0.006533
vt -0.015627 -0.006533
vt -0.014127 -0.008033
vt -0.014127 -0.008033
vt -0.014127 -0.006533
vt -0.014127 -0.008033
vt -0.015627 -0.006533
vt -0.014127 -0.006533
vt -0.014127 -0.008033
vt -0.015627 -0.006533
vt -0.014127 0.006533
vt -0.014127 0.008033
vt -0.015627 0.006533
vt -0.014127 0.006533
vt -0.014127 0.008033
vt -0.015627 0.006533
vt 0.014127 -0.006533
vt 0.014127 -0.008033
vt 0.015627 -0.006533
vt 0.014127 -0.006533
vt 0.014127 -0.008033
vt 0.015627 -0.006533
vt 0.014127 0.006533
vt 0.014127 0.008033
vt 0.015627 0.006533
vt 0.014127 0.006533
vt 0.014127 0.008033
vt 0.015627 0.006533
vt -0.023149 -0.021328
vt 0.023149 -0.021328
vt 0.023149 0.021328
vt -0.023149 0.021328
vt 0.023149 -0.021328
vt -0.023149 -0.021328
vt -0.023149 0.021328
vt 0.023149 0.021328
vt -0.023149 -0.026571
vt 0.023149 -0.026571
vt 0.023149 0.026571
vt -0.023149 0.026571
vt -0.023149 0.026571
vt 0.023149 0.026571
vt 0.023149 -0.026571
vt -0.023149 -0.026571
vt -0.026571 -0.021328
vt 0.026571 -0.021328
vt 0.026571 0.021328
vt -0.026571 0.021328
vt 0.026571 -0.021328
vt -0.026571 -0.021328
vt -0.026571 0.021328
vt 0.026571 0.021328
vt -0.023149 0.022828
vt 0.023149 0.022828
vt 0.023149 0.021328
vt -0.023149 0.021328
vt -0.023149 0.022828
vt 0.023149 0.022828
vt 0.023149 0.021328
vt -0.023149 0.021328
vt -0.023149 -0.022828
vt 0.023149 -0.022828
vt 0.023149 -0.021328
vt -0.023149 -0.021328
vt -0.023149 -0.022828
vt 0.023149 -0.022828
vt 0.023149 -0.021328
vt -0.023149 -0.021328
vt 0.024649 -0.021328
vt 0.024649 0.021328
vt 0.023149 0.021328
vt 0.023149 -0.021328
vt 0.024649 -0.021328
vt 0.024649 0.021328
vt 0.023149 0.021328
vt 0.023149 -0.021328
vt -0.024649 -0.021328
vt -0.024649 0.021328
vt -0.023149 0.021328
vt -0.023149 -0.021328
vt -0.024649 -0.021328
vt -0.024649 0.021328
vt -0.023149 0.021328
vt -0.023149 -0.021328
vt 0.024649 0.021328
vt 0.024649 0.021328
vt 0.023149 0.022828
vt 0.023149 0.022828
vt 0.024649 -0.021328
vt 0.024649 -0.021328
vt 0.023149 -0.022828
vt 0.023149 -0.022828
vt -0.024649 0.021328
vt -0.024649 0.021328
vt -0.023149 0.022828
vt -0.023149 0.022828
vt -0.024649 -0.021328
vt -0.024649 -0.021328
vt -0.023149 -0.022828
vt -0.023149 -0.022828
vt -0.023149 -0.021328
vt -0.023149 -0.022828
vt -0.024649 -0.021328
vt -0.023149 -0.021328
vt -0.023149 -0.022828
vt -0.024649 -0.021328
vt -0.023149 0.021328
vt -0.023149 0.022828
vt -0.024649 0.021328
vt -0.023149 0.021328
vt -0.023149 0.022828
vt -0.024649 0.021328
vt 0.023149 -0.021328
vt 0.023149 -0.022828
vt 0.024649 -0.021328
vt 0.023149 -0.021328
vt 0.023149 -0.022828
vt 0.024649 -0.021328
vt 0.023149 0.021328
vt 0.023149 0.022828
vt 0.024649 0.021328
vt 0.023149 0.021328
vt 0.023149 0.022828
vt 0.024649 0.021328
vt -0.022960 -0.019602
vt 0.022960 -0.019602
vt 0.022960 0.019602
vt -0.022960 0.019602
vt 0.022960 -0.019602
vt -0.022960 -0.019602
vt -0.022960 0.019602
vt 0.022960 0.019602
vt -0.022960 -0.019824
vt 0.022960 -0.019824
vt 0.022960 0.019824
vt -0.022960 0.019824
vt -0.022960 0.019824
vt 0.022960 0.019824
vt 0.022960 -0.019824
vt -0.022960 -0.019824
vt -0.019824 -0.019602
vt 0.019824 -0.019602
vt 0.019824 0.019602
vt -0.019824 0.019602
vt 0.019824 -0.019602
vt -0.019824 -0.019602
vt -0.019824 0.019602
vt 0.019824 0.019602
vt -0.022960 0.021102
vt 0.022960 0.021102
vt 0.022960 0.019602
vt -0.022960 0.019602
vt -0.022960 0.021102
vt 0.022960 0.021102
vt 0.022960 0.019602
vt -0.022960 0.019602
vt -0.022960 -0.021102
vt 0.022960 -0.021102
vt 0.022960 -0.019602
vt -0.022960 -0.019602
vt -0.022960 -0.021102
vt 0.022960 -0.021102
vt 0.022960 -0.019602
vt -0.022960 -0.019602
vt 0.024460 -0.019602
vt 0.024460 0.019602
vt 0.022960 0.019602
vt 0.022960 -0.019602
vt 0.024460 -0.019602
vt 0.024460 0.019602
vt 0.022960 0.019602
vt 0.022960 -0.019602
vt -0.024460 -0.019602
vt -0.024460 0.019602
vt -0.022960 0.019602
vt -0.022960 -0.019602
vt -0.024460 -0.019602
vt -0.024460 0.019602
vt -0.022960 0.019602
vt -0.022960 -0.019602
vt 0.024460 0.019602
vt 0.024460 0.019602
vt 0.022960 0.021102
vt 0.022960 0.021102
vt 0.024460 -0.019602
vt 0.024460 -0.019602
vt 0.022960 -0.021102
vt 0.022960 -0.021102
vt -0.024460 0.019602
vt -0.024460 0.019602
vt -0.022960 0.021102
vt -0.022960 0.021102
vt -0.024460 -0.019602
vt -0.024460 -0.019602
vt -0.022960 -0.021102
vt -0.022960 -0.021102
vt -0.022960 -0.019602
vt -0.022960 -0.021102
vt -0.024460 -0.019602
vt -0.022960 -0.019602
vt -0.022960 -0.021102
vt -0.024460 -0.019602
vt -0.022960 0.019602
vt -0.022960 0.021102
vt -0.024460 0.019602
vt -0.022960 0.019602
vt -0.022960 0.021102
vt -0.024460 0.019602
vt 0.022960 -0.019602
vt 0.022960 -0.021102
vt 0.024460 -0.019602
vt 0.022960 -0.019602
vt 0.022960 -0.021102
vt 0.024460 -0.019602
vt 0.022960 0.019602
vt 0.022960 0.021102
vt 0.024460 0.019602
vt 0.022960 0.019602
vt 0.022960 0.021102
vt 0.024460 0.019602
vt -0.017314 -0.015220
vt 0.017314 -0.015220
vt 0.017314 0.015220
vt -0.017314 0.015220
vt 0.017314 -0.015220
vt -0.017314 -0.015220
vt -0.017314 0.015220
vt 0.017314 0.015220
vt -0.017314 -0.020445
vt 0.017314 -0.020445
vt 0.017314 0.020445
vt -0.017314 0.020445
vt -0.017314 0.020445
vt 0.017314 0.020445
vt 0.017314 -0.020445
vt -0.017314 -0.020445
vt -0.020445 -0.015220
vt 0.020445 -0.015220
vt 0.020445 0.015220
vt -0.020445 0.015220
vt 0.020445 -0.015220
vt -0.020445 -0.015220
vt -0.020445 0.015220
vt 0.020445 0.015220
vt -0.017314 0.016720
vt 0.017314 0.016720
vt 0.017314 0.015220
vt -0.017314 0.015220
vt -0.017314 0.016720
vt 0.017314 0.016720
vt 0.017314 0.015220
vt -0.017314 0.015220
vt -0.017314 -0.016720
vt 0.017314 -0.016720
vt 0.017314 -0.015220
vt -0.017314 -0.015220
vt -0.017314 -0.016720
vt 0.017314 -0.016720
vt 0.017314 -0.015220
vt -0.017314 -0.015220
vt 0.018814 -0.015220
vt 0.018814 0.015220
vt 0.017314 0.015220
vt 0.017314 -0.015220
vt 0.018814 -0.015220
vt 0.018814 0.015220
vt 0.017314 0.015220
vt 0.017314 -0.015220
vt -0.018814 -0.015220
vt -0.018814 0.015220
vt -0.017314 0.015220
vt -0.017314 -0.015220
vt -0.018814 -0.015220
vt -0.018814 0.015220
vt -0.017314 0.015220
vt -0.017314 -0.015220
vt 0.018814 0.015220
vt 0.018814 0.015220
vt 0.017314 0.016720
vt 0.017314 0.016720
vt 0.018814 -0.015220
vt 0.018814 -0.015220
vt 0.017314 -0.016720
vt 0.017314 -0.016720
vt -0.018814 0.015220
vt -0.018814 0.015220
vt -0.017314 0.016720
vt -0.017314 0.016720
vt -0.018814 -0.015220
vt -0.018814 -0.015220
vt -0.017314 -0.016720
vt -0.017314 -0.016720
vt -0.017314 -0.015220
vt -0.017314 -0.016720
vt -0.018814 -0.015220
vt -0.017314 -0.015220
vt -0.017314 -0.016720
vt -0.018814 -0.015220
vt -0.017314 0.015220
vt -0.017314 0.016720
vt -0.018814 0.015220
vt -0.017314 0.015220
vt -0.017314 0.016720
vt -0.018814 0.015220
vt 0.017314 -0.015220
vt 0.017314 -0.016720
vt 0.018814 -0.015220
vt 0.017314 -0.015220
vt 0.017314 -0.016720
vt 0.018814 -0.015220
vt 0.017314 0.015220
vt 0.017314 0.016720
vt 0.018814 0.015220
vt 0.017314 0.015220
vt 0.017314 0.016720
vt 0.018814 0.015220
vt -0.022536 -0.012863
vt 0.022536 -0.012863
vt 0.022536 0.012863
vt -0.022536 0.012863
vt 0.022536 -0.012863
vt -0.022536 -0.012863
vt -0.022536 0.012863
vt 0.022536 0.012863
vt -0.022536 -0.015986
vt 0.022536 -0.015986
vt 0.022536 0.015986
vt -0.022536 0.015986
vt -0.022536 0.015986
vt 0.022536 0.015986
vt 0.022536 -0.015986
vt -0.022536 -0.015986
vt -0.015986 -0.012863
vt 0.015986 -0.012863
vt 0.015986 0.012863
vt -0.015986 0.012863
vt 0.015986 -0.012863
vt -0.015986 -0.012863
vt -0.015986 0.012863
vt 0.015986 0.012863
vt -0.022536 0.014363
vt 0.022536 0.014363
vt 0.022536 0.012863
vt -0.022536 0.012863
vt -0.022536 0.014363
vt 0.022536 0.014363
vt 0.022536 0.012863
vt -0.022536 0.012863
vt -0.022536 -0.014363
vt 0.022536 -0.014363
vt 0.022536 -0.012863
vt -0.022536 -0.012863
vt -0.022536 -0.014363
vt 0.022536 -0.014363
vt 0.022536 -0.012863
vt -0.022536 -0.012863
vt 0.024036 -0.012863
vt 0.024036 0.012863
vt 0.022536 0.012863
vt 0.022536 -0.012863
vt 0.024036 -0.012863
vt 0.024036 0.012863
vt 0.022536 0.012863
vt 0.022536 -0.012863
vt -0.024036 -0.012863
vt -0.024036 0.012863
vt -0.022536 0.012863
vt -0.022536 -0.012863
vt -0.024036 -0.012863
vt -0.024036 0.012863
vt -0.022536 0.012863
vt -0.022536 -0.012863
vt 0.024036 0.012863
vt 0.024036 0.012863
vt 0.022536 0.014363
vt 0.022536 0.014363
vt 0.024036 -0.012863
vt 0.024036 -0.012863
vt 0.022536 -0.014363
vt 0.022536 -0.014363
vt -0.024036 0.012863
vt -0.024036 0.012863
vt -0.022536 0.014363
vt -0.022536 0.014363
vt -0.024036 -0.012863
vt -0.024036 -0.012863
vt -0.022536 -0.014363
vt -0.022536 -0.014363
vt -0.022536 -0.012863
vt -0.022536 -0.014363
vt -0.024036 -0.012863
vt -0.022536 -0.012863
vt -0.022536 -0.014363
vt -0.024036 -0.012863
vt -0.022536 0.012863
vt -0.022536 0.014363
vt -0.024036 0.012863
vt -0.022536 0.012863
vt -0.022536 0.014363
vt -0.024036 0.012863
vt 0.022536 -0.012863
vt 0.022536 -0.014363
vt 0.024036 -0.012863
vt 0.022536 -0.012863
vt 0.022536 -0.014363
vt 0.024036 -0.012863
vt 0.022536 0.012863
vt 0.022536 0.014363
vt 0.024036 0.012863
vt 0.022536 0.012863
vt 0.022536 0.014363
vt 0.024036 0.012863
vt -0.018814 -0.011544
vt 0.018814 -0.011544
vt 0.018814 0.011544
vt -0.018814 0.011544
vt 0.018814 -0.011544
vt -0.018814 -0.011544
vt -0.018814 0.011544
vt 0.018814 0.011544
vt -0.018814 -0.022414
vt 0.018814 -0.022414
vt 0.018814 0.022414
vt -0.018814 0.022414
vt -0.018814 0.022414
vt 0.018814 0.022414
vt 0.018814 -0.022414
vt -0.018814 -0.022414
vt -0.022414 -0.011544
vt 0.022414 -0.011544
vt 0.022414 0.011544
vt -0.022414 0.011544
vt 0.022414 -0.011544
vt -0.022414 -0.011544
vt -0.022414 0.011544
vt 0.022414 0.011544
vt -0.018814 0.013044
vt 0.018814 0.013044
vt 0.018814 0.011544
vt -0.018814 0.011544
vt -0.018814 0.013044
vt 0.018814 0.013044
vt 0.018814 0.011544
vt -0.018814 0.011544
vt -0.018814 -0.013044
vt 0.018814 -0.013044
vt 0.018814 -0.011544
vt -0.018814 -0.011544
vt -0.018814 -0.013044
vt 0.018814 -0.013044
vt 0.018814 -0.011544
vt -0.018814 -0.011544
vt 0.020314 -0.011544
vt 0.020314 0.011544
vt 0.018814 0.011544
vt 0.018814 -0.011544
vt 0.020314 -0.011544
vt 0.020314 0.011544
vt 0.018814 0.011544
vt 0.018814 -0.011544
vt -0.020314 -0.011544
vt -0.020314 0.011544
vt -0.018814 0.011544
vt -0.018814 -0.011544
vt -0.020314 -0.011544
vt -0.020314 0.011544
vt -0.018814 0.011544
vt -0.018814 -0.011544
vt 0.020314 0.011544
vt 0.020314 0.011544
vt 0.018814 0.013044
vt 0.018814 0.013044
vt 0.020314 -0.011544
vt 0.020314 -0.011544
vt 0.018814 -0.013044
vt 0.018814 -0.013044
vt -0.020314 0.011544
vt -0.020314 0.011544
vt -0.018814 0.013044
vt -0.018814 0.013044
vt -0.020314 -0.011544
vt -0.020314 -0.011544
vt -0.018814 -0.013044
vt -0.018814 -0.013044
vt -0.018814 -0.011544
vt -0.018814 -0.013044
vt -0.020314 -0.011544
vt -0.018814 -0.011544
vt -0.018814 -0.013044
vt -0.020314 -0.011544
vt -0.018814 0.011544
vt -0.018814 0.013044
vt -0.020314 0.011544
vt -0.018814 0.011544
vt -0.018814 0.013044
vt -0.020314 0.011544
vt 0.018814 -0.011544
vt 0.018814 -0.013044
vt 0.020314 -0.011544
vt 0.018814 -0.011544
vt 0.018814 -0.013044
vt 0.020314 -0.011544
vt 0.018814 0.011544
vt 0.018814 0.013044
vt 0.020314 0.011544
vt 0.018814 0.011544
vt 0.018814 0.013044
vt 0.020314 0.011544
vt -0.010132 -0.005920
vt 0.010132 -0.005920
vt 0.010132 0.005920
vt -0.010132 0.005920
vt 0.010132 -0.005920
vt -0.010132 -0.005920
vt -0.010132 0.005920
vt 0.010132 0.005920
vt -0.010132 -0.007287
vt 0.010132 -0.007287
vt 0.010132 0.007287
vt -0.010132 0.007287
vt -0.010132 0.007287
vt 0.010132 0.007287
vt 0.010132 -0.007287
vt -0.010132 -0.007287
vt -0.007287 -0.005920
vt 0.007287 -0.005920
vt 0.007287 0.005920
vt -0.007287 0.005920
vt 0.007287 -0.005920
vt -0.007287 -0.005920
vt -0.007287 0.005920
vt 0.007287 0.005920
vt -0.010132 0.007420
vt 0.010132 0.007420
vt 0.010132 0.005920
vt -0.010132 0.005920
vt -0.010132 0.007420
vt 0.010132 0.007420
vt 0.010132 0.005920
vt -0.010132 0.005920
vt -0.010132 -0.007420
vt 0.010132 -0.007420
vt 0.010132 -0.005920
vt -0.010132 -0.005920
vt -0.010132 -0.007420
vt 0.010132 -0.007420
vt 0.010132 -0.005920
vt -0.010132 -0.005920
vt 0.011632 -0.005920
vt 0.011632 0.005920
vt 0.010132 0.005920
vt 0.010132 -0.005920
vt 0.011632 -0.005920
vt 0.011632 0.005920
vt 0.010132 0.005920
vt 0.010132 -0.005920
vt -0.011632 -0.005920
vt -0.011632 0.005920
vt -0.010132 0.005920
vt -0.010132 -0.005920
vt -0.011632 -0.005920
vt -0.011632 0.005920
vt -0.010132 0.005920
vt -0.010132 -0.005920
vt 0.011632 0.005920
vt 0.011632 0.005920
vt 0.010132 0.007420
vt 0.010132 0.007420
vt 0.011632 -0.005920
vt 0.011632 -0.005920
vt 0.010132 -0.007420
vt 0.010132 -0.007420
vt -0.011632 0.005920
vt -0.011632 0.005920
vt -0.010132 0.007420
vt -0.010132 0.007420
vt -0.011632 -0.005920
vt -0.011632 -0.005920
vt -0.010132 -0.007420
vt -0.010132 -0.007420
vt -0.010132 -0.005920
vt -0.010132 -0.007420
vt -0.011632 -0.005920
vt -0.010132 -0.005920
vt -0.010132 -0.007420
vt -0.011632 -0.005920
vt -0.010132 0.005920
vt -0.010132 0.007420
vt -0.011632 0.005920
vt -0.010132 0.005920
vt -0.010132 0.007420
vt -0.011632 0.005920
vt 0.010132 -0.005920
vt 0.010132 -0.007420
vt 0.011632 -0.005920
vt 0.010132 -0.005920
vt 0.010132 -0.007420
vt 0.011632 -0.005920
vt 0.010132 0.005920
vt 0.010132 0.007420
vt 0.011632 0.005920
vt 0.010132 0.005920
vt 0.010132 0.007420
vt 0.011632 0.005920
vt -0.022386 -0.011887
vt 0.022386 -0.011887
vt 0.022386 0.011887
vt -0.022386 0.011887
vt 0.022386 -0.011887
vt -0.022386 -0.011887
vt -0.022386 0.011887
vt 0.022386 0.011887
vt -0.022386 -0.021130
vt 0.022386 -0.021130
vt 0.022386 0.021130
vt -0.022386 0.021130
vt -0.022386 0.021130
vt 0.022386 0.021130
vt 0.022386 -0.021130
vt -0.022386 -0.021130
vt -0.021130 -0.011887
vt 0.021130 -0.011887
vt 0.021130 0.011887
vt -0.021130 0.011887
vt 0.021130 -0.011887
vt -0.021130 -0.011887
vt -0.021130 0.011887
vt 0.021130 0.011887
vt -0.022386 0.013387
vt 0.022386 0.013387
vt 0.022386 0.011887
vt -0.022386 0.011887
vt -0.022386 0.013387
vt 0.022386 0.013387
vt 0.022386 0.011887
vt -0.022386 0.011887
vt -0.022386 -0.013387
vt 0.022386 -0.013387
vt 0.022386 -0.011887
vt -0.022386 -0.011887
vt -0.022386 -0.013387
vt 0.022386 -0.013387
vt 0.022386 -0.011887
vt -0.022386 -0.011887
vt 0.023886 -0.011887
vt 0.023886 0.011887
vt 0.022386 0.011887
vt 0.022386 -0.011887
vt 0.023886 -0.011887
vt 0.023886 0.011887
vt 0.022386 0.011887
vt 0.022386 -0.011887
vt -0.023886 -0.011887
vt -0.023886 0.011887
vt -0.022386 0.011887
vt -0.022386 -0.011887
vt -0.023886 -0.011887
vt -0.023886 0.011887
vt -0.022386 0.011887
vt -0.022386 -0.011887
vt 0.023886 0.011887
vt 0.023886 0.011887
vt 0.022386 0.013387
vt 0.022386 0.013387
vt 0.023886 -0.011887
vt 0.023886 -0.011887
vt 0.022386 -0.013387
vt 0.022386 -0.013387
vt -0.023886 0.011887
vt -0.023886 0.011887
vt -0.022386 0.013387
vt -0.022386 0.013387
vt -0.023886 -0.011887
vt -0.023886 -0.011887
vt -0.022386 -0.013387
vt -0.022386 -0.013387
vt -0.022386 -0.011887
vt -0.022386 -0.013387
vt -0.023886 -0.011887
vt -0.022386 -0.011887
vt -0.022386 -0.013387
vt -0.023886 -0.011887
vt -0.022386 0.011887
vt -0.022386 0.013387
vt -0.023886 0.011887
vt -0.022386 0.011887
vt -0.022386 0.013387
vt -0.023886 0.011887
vt 0.022386 -0.011887
vt 0.022386 -0.013387
vt 0.023886 -0.011887
vt 0.022386 -0.011887
vt 0.022386 -0.013387
vt 0.023886 -0.011887
vt 0.022386 0.011887
vt 0.022386 0.013387
vt 0.023886 0.011887
vt 0.022386 0.011887
vt 0.022386 0.013387
vt 0.023886 0.011887
vt -0.018222 -0.016188
vt 0.018222 -0.016188
vt 0.018222 0.016188
vt -0.018222 0.016188
vt 0.018222 -0.016188
vt -0.018222 -0.016188
vt -0.018222 0.016188
vt 0.018222 0.016188
vt -0.018222 -0.015223
vt 0.018222 -0.015223
vt 0.018222 0.015223
vt -0.018222 0.015223
vt -0.018222 0.015223
vt 0.018222 0.015223
vt 0.018222 -0.015223
vt -0.018222 -0.015223
vt -0.015223 -0.016188
vt 0.015223 -0.016188
vt 0.015223 0.016188
vt -0.015223 0.016188
vt 0.015223 -0.016188
vt -0.015223 -0.016188
vt -0.015223 0.016188
vt 0.015223 0.016188
vt -0.018222 0.017688
vt 0.018222 0.017688
vt 0.018222 0.016188
vt -0.018222 0.016188
vt -0.018222 0.017688
vt 0.018222 0.017688
vt 0.018222 0.016188
vt -0.018222 0.016188
vt -0.018222 -0.017688
vt 0.018222 -0.017688
vt 0.018222 -0.016188
vt -0.018222 -0.016188
vt -0.018222 -0.017688
vt 0.018222 -0.017688
vt 0.018222 -0.016188
vt -0.018222 -0.016188
vt 0.019722 -0.016188
vt 0.019722 0.016188
vt 0.018222 0.016188
vt 0.018222 -0.016188
vt 0.019722 -0.016188
vt 0.019722 0.016188
vt 0.018222 0.016188
vt 0.018222 -0.016188
vt -0.019722 -0.016188
vt -0.019722 0.016188
vt -0.018222 0.016188
vt -0.018222 -0.016188
vt -0.019722 -0.016188
vt -0.019722 0.016188
vt -0.018222 0.016188
vt -0.018222 -0.016188
vt 0.019722 0.016188
vt 0.019722 0.016188
vt 0.018222 0.017688
vt 0.018222 0.017688
vt 0.019722 -0.016188
vt 0.019722 -0.016188
vt 0.018222 -0.017688
vt 0.018222 -0.017688
vt -0.019722 0.016188
vt -0.019722 0.016188
vt -0.018222 0.017688
vt -0.018222 0.017688
vt -0.019722 -0.016188
vt -0.019722 -0.016188
vt -0.018222 -0.017688
vt -0.018222 -0.017688
vt -0.018222 -0.016188
vt -0.018222 -0.017688
vt -0.019722 -0.016188
vt -0.018222 -0.016188
vt -0.018222 -0.017688
vt -0.019722 -0.016188
vt -0.018222 0.016188
vt -0.018222 0.017688
vt -0.019722 0.016188
vt -0.018222 0.016188
vt -0.018222 0.017688
vt -0.019722 0.016188
vt 0.018222 -0.016188
vt 0.018222 -0.017688
vt 0.019722 -0.016188
vt 0.018222 -0.016188
vt 0.018222 -0.017688
vt 0.019722 -0.016188
vt 0.018222 0.016188
vt 0.018222 0.017688
vt 0.019722 0.016188
vt 0.018222 0.016188
vt 0.018222 0.017688
vt 0.019722 0.016188
vt -0.022790 -0.016323
vt 0.022790 -0.016323
vt 0.022790 0.016323
vt -0.022790 0.016323
vt 0.022790 -0.016323
vt -0.022790 -0.016323
vt -0.022790 0.016323
vt 0.022790 0.016323
vt -0.022790 -0.026140
vt 0.022790 -0.026140
vt 0.022790 0.026140
vt -0.022790 0.026140
vt -0.022790 0.026140
vt 0.022790 0.026140
vt 0.022790 -0.026140
vt -0.022790 -0.026140
vt -0.026140 -0.016323
vt 0.026140 -0.016323
vt 0.026140 0.016323
vt -0.026140 0.016323
vt 0.026140 -0.016323
vt -0.026140 -0.016323
vt -0.026140 0.016323
vt 0.026140 0.016323
vt -0.022790 0.017823
vt 0.022790 0.017823
vt 0.022790 0.016323
vt -0.022790 0.016323
vt -0.022790 0.017823
vt 0.022790 0.017823
vt 0.022790 0.016323
vt -0.022790 0.016323
vt -0.022790 -0.017823
vt 0.022790 -0.017823
vt 0.022790 -0.016323
vt -0.022790 -0.016323
vt -0.022790 -0.017823
vt 0.022790 -0.017823
vt 0.022790 -0.016323
vt -0.022790 -0.016323
vt 0.024290 -0.016323
vt 0.024290 0.016323
vt 0.022790 0.016323
vt 0.022790 -0.016323
vt 0.024290 -0.016323
vt 0.024290 0.016323
vt 0.022790 0.016323
vt 0.022790 -0.016323
vt -0.024290 -0.016323
vt -0.024290 0.016323
vt -0.022790 0.016323
vt -0.022790 -0.016323
vt -0.024290 -0.016323
vt -0.024290 0.016323
vt -0.022790 0.016323
vt -0.022790 -0.016323
vt 0.024290 0.016323
vt 0.024290 0.016323
vt 0.022790 0.017823
vt 0.022790 0.017823
vt 0.024290 -0.016323
vt 0.024290 -0.016323
vt 0.022790 -0.017823
vt 0.022790 -0.017823
vt -0.024290 0.016323
vt -0.024290 0.016323
vt -0.022790 0.017823
vt -0.022790 0.017823
vt -0.024290 -0.016323
vt -0.024290 -0.016323
vt -0.022790 -0.017823
vt -0.022790 -0.017823
vt -0.022790 -0.016323
vt -0.022790 -0.017823
vt -0.024290 -0.016323
vt -0.022790 -0.016323
vt -0.022790 -0.017823
vt -0.024290 -0.016323
vt -0.022790 0.016323
vt -0.022790 0.017823
vt -0.024290 0.016323
vt -0.022790 0.016323
vt -0.022790 0.017823
vt -0.024290 0.016323
vt 0.022790 -0.016323
vt 0.022790 -0.017823
vt 0.024290 -0.016323
vt 0.022790 -0.016323
vt 0.022790 -0.017823
vt 0.024290 -0.016323
vt 0.022790 0.016323
vt 0.022790 0.017823
vt 0.024290 0.016323
vt 0.022790 0.016323
vt 0.022790 0.017823
vt 0.024290 0.016323
vt -0.023678 -0.018820
vt 0.023678 -0.018820
vt 0.023678 0.018820
vt -0.023678 0.018820
vt 0.023678 -0.018820
vt -0.023678 -0.018820
vt -0.023678 0.018820
vt 0.023678 0.018820
vt -0.023678 -0.023900
vt 0.023678 -0.023900
vt 0.023678 0.023900
vt -0.023678 0.023900
vt -0.023678 0.023900
vt 0.023678 0.023900
vt 0.023678 -0.023900
vt -0.023678 -0.023900
vt -0.023900 -0.018820
vt 0.023900 -0.018820
vt 0.023900 0.018820
vt -0.023900 0.018820
vt 0.023900 -0.018820
vt -0.023900 -0.018820
vt -0.023900 0.018820
vt 0.023900 0.018820
vt -0.023678 0.020320
vt 0.023678 0.020320
vt 0.023678 0.018820
vt -0.023678 0.018820
vt -0.023678 0.020320
vt 0.023678 0.020320
vt 0.023678 0.018820
vt -0.023678 0.018820
vt -0.023678 -0.020320
vt 0.023678 -0.020320
vt 0.023678 -0.018820
vt -0.023678 -0.018820
vt -0.023678 -0.020320
vt 0.023678 -0.020320
vt 0.023678 -0.018820
vt -0.023678 -0.018820
vt 0.025178 -0.018820
vt 0.025178 0.018820
vt 0.023678 0.018820
vt 0.023678 -0.018820
vt 0.025178 -0.018820
vt 0.025178 0.018820
vt 0.023678 0.018820
vt 0.023678 -0.018820
vt -0.025178 -0.018820
vt -0.025178 0.018820
vt -0.023678 0.018820
vt -0.023678 -0.018820
vt -0.025178 -0.018820
vt -0.025178 0.018820
vt -0.023678 0.018820
vt -0.023678 -0.018820
vt 0.025178 0.018820
vt 0.025178 0.018820
vt 0.023678 0.020320
vt 0.023678 0.020320
vt 0.025178 -0.018820
vt 0.025178 -0.018820
vt 0.023678 -0.020320
vt 0.023678 -0.020320
vt -0.025178 0.018820
vt -0.025178 0.018820
vt -0.023678 0.020320
vt -0.023678 0.020320
vt -0.025178 -0.018820
vt -0.025178 -0.018820
vt -0.023678 -0.020320
vt -0.023678 -0.020320
vt -0.023678 -0.018820
vt -0.023678 -0.020320
vt -0.025178 -0.018820
vt -0.023678 -0.018820
vt -0.023678 -0.020320
vt -0.025178 -0.018820
vt -0.023678 0.018820
vt -0.023678 0.020320
vt -0.025178 0.018820
vt -0.023678 0.018820
vt -0.023678 0.020320
vt -0.025178 0.018820
vt 0.023678 -0.018820
vt 0.023678 -0.020320
vt 0.025178 -0.018820
vt 0.023678 -0.018820
vt 0.023678 -0.020320
vt 0.025178 -0.018820
vt 0.023678 0.018820
vt 0.023678 0.020320
vt 0.025178 0.018820
vt 0.023678 0.018820
vt 0.023678 0.020320
vt 0.025178 0.018820
vt -0.011876 -0.010084
vt 0.011876 -0.010084
vt 0.011876 0.010084
vt -0.011876 0.010084
vt 0.011876 -0.010084
vt -0.011876 -0.010084
vt -0.011876 0.010084
vt 0.011876 0.010084
vt -0.011876 -0.012686
vt 0.011876 -0.012686
vt 0.011876 0.012686
vt -0.011876 0.012686
vt -0.011876 0.012686
vt 0.011876 0.012686
vt 0.011876 -0.012686
vt -0.011876 -0.012686
vt -0.012686 -0.010084
vt 0.012686 -0.010084
vt 0.012686 0.010084
vt -0.012686 0.010084
vt 0.012686 -0.010084
vt -0.012686 -0.010084
vt -0.012686 0.010084
vt 0.012686 0.010084
vt -0.011876 0.011584
vt 0.011876 0.011584
vt 0.011876 0.010084
vt -0.011876 0.010084
vt -0.011876 0.011584
vt 0.011876 0.011584
vt 0.011876 0.010084
vt -0.011876 0.010084
vt -0.011876 -0.011584
vt 0.011876 -0.011584
vt 0.011876 -0.010084
vt -0.011876 -0.010084
vt -0.011876 -0.011584
vt 0.011876 -0.011584
vt 0.011876 -0.010084
vt -0.011876 -0.010084
vt 0.013376 -0.010084
vt 0.013376 0.010084
vt 0.011876 0.010084
vt 0.011876 -0.010084
vt 0.013376 -0.010084
vt 0.013376 0.010084
vt 0.011876 0.010084
vt 0.011876 -0.010084
vt -0.013376 -0.010084
vt -0.013376 0.010084
vt -0.011876 0.010084
vt -0.011876 -0.010084
vt -0.013376 -0.010084
vt -0.013376 0.010084
vt -0.011876 0.010084
vt -0.011876 -0.010084
vt 0.013376 0.010084
vt 0.013376 0.010084
vt 0.011876 0.011584
vt 0.011876 0.011584
vt 0.013376 -0.010084
vt 0.013376 -0.010084
vt 0.011876 -0.011584
vt 0.011876 -0.011584
vt -0.013376 0.010084
vt -0.013376 0.010084
vt -0.011876 0.011584
vt -0.011876 0.011584
vt -0.013376 -0.010084
vt -0.013376 -0.010084
vt -0.011876 -0.011584
vt -0.011876 -0.011584
vt -0.011876 -0.010084
vt -0.011876 -0.011584
vt -0.013376 -0.010084
vt -0.011876 -0.010084
vt -0.011876 -0.011584
vt -0.013376 -0.010084
vt -0.011876 0.010084
vt -0.011876 0.011584
vt -0.013376 0.010084
vt -0.011876 0.010084
vt -0.011876 0.011584
vt -0.013376 0.010084
vt 0.011876 -0.010084
vt 0.011876 -0.011584
vt 0.013376 -0.010084
vt 0.011876 -0.010084
vt 0.011876 -0.011584
vt 0.013376 -0.010084
vt 0.011876 0.010084
vt 0.011876 0.011584
vt 0.013376 0.010084
vt 0.011876 0.010084
vt 0.011876 0.011584
vt 0.013376 0.010084
vt -0.022741 -0.020930
vt 0.022741 -0.020930
vt 0.022741 0.020930
vt -0.022741 0.020930
vt 0.022741 -0.020930
vt -0.022741 -0.020930
vt -0.022741 0.020930
vt 0.022741 0.020930
vt -0.022741 -0.026301
vt 0.022741 -0.026301
vt 0.022741 0.026301
vt -0.022741 0.026301
vt -0.022741 0.026301
vt 0.022741 0.026301
vt 0.022741 -0.026301
vt -0.022741 -0.026301
vt -0.026301 -0.020930
vt 0.026301 -0.020930
vt 0.026301 0.020930
vt -0.026301 0.020930
vt 0.026301 -0.020930
vt -0.026301 -0.020930
vt -0.026301 0.020930
vt 0.026301 0.020930
vt -0.022741 0.022430
vt 0.022741 0.022430
vt 0.022741 0.020930
vt -0.022741 0.020930
vt -0.022741 0.022430
vt 0.022741 0.022430
vt 0.022741 0.020930
vt -0.022741 0.020930
vt -0.022741 -0.022430
vt 0.022741 -0.022430
vt 0.022741 -0.020930
vt -0.022741 -0.020930
vt -0.022741 -0.022430
vt 0.022741 -0.022430
vt 0.022741 -0.020930
vt -0.022741 -0.020930
vt 0.024241 -0.020930
vt 0.024241 0.020930
vt 0.022741 0.020930
vt 0.022741 -0.020930
vt 0.024241 -0.020930
vt 0.024241 0.020930
vt 0.022741 0.020930
vt 0.022741 -0.020930
vt -0.024241 -0.020930
vt -0.024241 0.020930
vt -0.022741 0.020930
vt -0.022741 -0.020930
vt -0.024241 -0.020930
vt -0.024241 0.020930
vt -0.022741 0.020930
vt -0.022741 -0.020930
vt 0.024241 0.020930
vt 0.024241 0.020930
vt 0.022741 0.022430
vt 0.022741 0.022430
vt 0.024241 -0.020930
vt 0.024241 -0.020930
vt 0.022741 -0.022430
vt 0.022741 -0.022430
vt -0.024241 0.020930
vt -0.024241 0.020930
vt -0.022741 0.022430
vt -0.022741 0.022430
vt -0.024241 -0.020930
vt -0.024241 -0.020930
vt -0.022741 -0.022430
vt -0.022741 -0.022430
vt -0.022741 -0.020930
vt -0.022741 -0.022430
vt -0.024241 -0.020930
vt -0.022741 -0.020930
vt -0.022741 -0.022430
vt -0.024241 -0.020930
vt -0.022741 0.020930
vt -0.022741 0.022430
vt -0.024241 0.020930
vt -0.022741 0.020930
vt -0.022741 0.022430
vt -0.024241 0.020930
vt 0.022741 -0.020930
vt 0.022741 -0.022430
vt 0.024241 -0.020930
vt 0.022741 -0.020930
vt 0.022741 -0.022430
vt 0.024241 -0.020930
vt 0.022741 0.020930
vt 0.022741 0.022430
vt 0.024241 0.020930
vt 0.022741 0.020930
vt 0.022741 0.022430
vt 0.024241 0.020930
vt -0.024578 -0.016456
vt 0.024578 -0.016456
vt 0.024578 0.016456
vt -0.024578 0.016456
vt 0.024578 -0.016456
vt -0.024578 -0.016456
vt -0.024578 0.016456
vt 0.024578 0.016456
vt -0.024578 -0.027723
vt 0.024578 -0.027723
vt 0.024578 0.027723
vt -0.024578 0.027723
vt -0.024578 0.027723
vt 0.024578 0.027723
vt 0.024578 -0.027723
vt -0.024578 -0.027723
vt -0.027723 -0.016456
vt 0.027723 -0.016456
vt 0.027723 0.016456
vt -0.027723 0.016456
vt 0.027723 -0.016456
vt -0.027723 -0.016456
vt -0.027723 0.016456
vt 0.027723 0.016456
vt -0.024578 0.017956
vt 0.024578 0.017956
vt 0.024578 0.016456
vt -0.024578 0.016456
vt -0.024578 0.017956
vt 0.024578 0.017956
vt 0.024578 0.016456
vt -0.024578 0.016456
vt -0.024578 -0.017956
vt 0.024578 -0.017956
vt 0.024578 -0.016456
vt -0.024578 -0.016456
vt -0.024578 -0.017956
vt 0.024578 -0.017956
vt 0.024578 -0.016456
vt -0.024578 -0.016456
vt 0.026078 -0.016456
vt 0.026078 0.016456
vt 0.024578 0.016456
vt 0.024578 -0.016456
vt 0.026078 -0.016456
vt 0.026078 0.016456
vt 0.024578 0.016456
vt 0.024578 -0.016456
vt -0.026078 -0.016456
vt -0.026078 0.016456
vt -0.024578 0.016456
vt -0.024578 -0.016456
vt -0.026078 -0.016456
vt -0.026078 0.016456
vt -0.024578 0.016456
vt -0.024578 -0.016456
vt 0.026078 0.016456
vt 0.026078 0.016456
vt 0.024578 0.017956
vt 0.024578 0.017956
vt 0.026078 -0.016456
vt 0.026078 -0.016456
vt 0.024578 -0.017956
vt 0.024578 -0.017956
vt -0.026078 0.016456
vt -0.026078 0.016456
vt -0.024578 0.017956
vt -0.024578 0.017956
vt -0.026078 -0.016456
vt -0.026078 -0.016456
vt -0.024578 -0.017956
vt -0.024578 -0.017956
vt -0.024578 -0.016456
vt -0.024578 -0.017956
vt -0.026078 -0.016456
vt -0.024578 -0.016456
vt -0.024578 -0.017956
vt -0.026078 -0.016456
vt -0.024578 0.016456
vt -0.024578 0.017956
vt -0.026078 0.016456
vt -0.024578 0.016456
vt -0.024578 0.017956
vt -0.026078 0.016456
vt 0.024578 -0.016456
vt 0.024578 -0.017956
vt 0.026078 -0.016456
vt 0.024578 -0.016456
vt 0.024578 -0.017956
vt 0.026078 -0.016456
vt 0.024578 0.016456
vt 0.024578 0.017956
vt 0.026078 0.016456
vt 0.024578 0.016456
vt 0.024578 0.017956
vt 0.026078 0.016456
vt -0.020216 -0.015085
vt 0.020216 -0.015085
vt 0.020216 0.015085
vt -0.020216 0.015085
vt 0.020216 -0.015085
vt -0.020216 -0.015085
vt -0.020216 0.015085
vt 0.020216 0.015085
vt -0.020216 -0.017290
vt 0.020216 -0.017290
vt 0.020216 0.017290
vt -0.020216 0.017290
vt -0.020216 0.017290
vt 0.020216 0.017290
vt 0.020216 -0.017290
vt -0.020216 -0.017290
vt -0.017290 -0.015085
vt 0.017290 -0.015085
vt 0.017290 0.015085
vt -0.017290 0.015085
vt 0.017290 -0.015085
vt -0.017290 -0.015085
vt -0.017290 0.015085
vt 0.017290 0.015085
vt -0.020216 0.016585
vt 0.020216 0.016585
vt 0.020216 0.015085
vt -0.020216 0.015085
vt -0.020216 0.016585
vt 0.020216 0.016585
vt 0.020216 0.015085
vt -0.020216 0.015085
vt -0.020216 -0.016585
vt 0.020216 -0.016585
vt 0.020216 -0.015085
vt -0.020216 -0.015085
vt -0.020216 -0.016585
vt 0.020216 -0.016585
vt 0.020216 -0.015085
vt -0.020216 -0.015085
vt 0.021716 -0.015085
vt 0.021716 0.015085
vt 0.020216 0.015085
vt 0.020216 -0.015085
vt 0.021716 -0.015085
vt 0.021716 0.015085
vt 0.020216 0.015085
vt 0.020216 -0.015085
vt -0.021716 -0.015085
vt -0.021716 0.015085
vt -0.020216 0.015085
vt -0.020216 -0.015085
vt -0.021716 -0.015085
vt -0.021716 0.015085
vt -0.020216 0.015085
vt -0.020216 -0.015085
vt 0.021716 0.015085
vt 0.021716 0.015085
vt 0.020216 0.016585
vt 0.020216 0.016585
vt 0.021716 -0.015085
vt 0.021716 -0.015085
vt 0.020216 -0.016585
vt 0.020216 -0.016585
vt -0.021716 0.015085
vt -0.021716 0.015085
vt -0.020216 0.016585
vt -0.020216 0.016585
vt -0.021716 -0.015085
vt -0.021716 -0.015085
vt -0.020216 -0.016585
vt -0.020216 -0.016585
vt -0.020216 -0.015085
vt -0.020216 -0.016585
vt -0.021716 -0.015085
vt -0.020216 -0.015085
vt -0.020216 -0.016585
vt -0.021716 -0.015085
vt -0.020216 0.015085
vt -0.020216 0.016585
vt -0.021716 0.015085
vt -0.020216 0.015085
vt -0.020216 0.016585
vt -0.021716 0.015085
vt 0.020216 -0.015085
vt 0.020216 -0.016585
vt 0.021716 -0.015085
vt 0.020216 -0.015085
vt 0.020216 -0.016585
vt 0.021716 -0.015085
vt 0.020216 0.015085
vt 0.020216 0.016585
vt 0.021716 0.015085
vt 0.020216 0.015085
vt 0.020216 0.016585
vt 0.021716 0.015085
vt -0.016379 -0.008198
vt 0.016379 -0.008198
vt 0.016379 0.008198
vt -0.016379 0.008198
vt 0.016379 -0.008198
vt -0.016379 -0.008198
vt -0.016379 0.008198
vt 0.016379 0.008198
vt -0.016379 -0.019791
vt 0.016379 -0.019791
vt 0.016379 0.019791
vt -0.016379 0.019791
vt -0.016379 0.019791
vt 0.016379 0.019791
vt 0.016379 -0.019791
vt -0.016379 -0.019791
vt -0.019791 -0.008198
vt 0.019791 -0.008198
vt 0.019791 0.008198
vt -0.019791 0.008198
vt 0.019791 -0.008198
vt -0.019791 -0.008198
vt -0.019791 0.008198
vt 0.019791 0.008198
vt -0.016379 0.009698
vt 0.016379 0.009698
vt 0.016379 0.008198
vt -0.016379 0.008198
vt -0.016379 0.009698
vt 0.016379 0.009698
vt 0.016379 0.008198
vt -0.016379 0.008198
vt -0.016379 -0.009698
vt 0.016379 -0.009698
vt 0.016379 -0.008198
vt -0.016379 -0.008198
vt -0.016379 -0.009698
vt 0.016379 -0.009698
vt 0.016379 -0.008198
vt -0.016379 -0.008198
vt 0.017879 -0.008198
vt 0.017879 0.008198
vt 0.016379 0.008198
vt 0.016379 -0.008198
vt 0.017879 -0.008198
vt 0.017879 0.008198
vt 0.016379 0.008198
vt 0.016379 -0.008198
vt -0.017879 -0.008198
vt -0.017879 0.008198
vt -0.016379 0.008198
vt -0.016379 -0.008198
vt -0.017879 -0.008198
vt -0.017879 0.008198
vt -0.016379 0.008198
vt -0.016379 -0.008198
vt 0.017879 0.008198
vt 0.017879 0.008198
vt 0.016379 0.009698
vt 0.016379 0.009698
vt 0.017879 -0.008198
vt 0.017879 -0.008198
vt 0.016379 -0.009698
vt 0.016379 -0.009698
vt -0.017879 0.008198
vt -0.017879 0.008198
vt -0.016379 0.009698
vt -0.016379 0.009698
vt -0.017879 -0.008198
vt -0.017879 -0.008198
vt -0.016379 -0.009698
vt -0.016379 -0.009698
vt -0.016379 -0.008198
vt -0.016379 -0.009698
vt -0.017879 -0.008198
vt -0.016379 -0.008198
vt -0.016379 -0.009698
vt -0.017879 -0.008198
vt -0.016379 0.008198
vt -0.016379 0.009698
vt -0.017879 0.008198
vt -0.016379 0.008198
vt -0.016379 0.009698
vt -0.017879 0.008198
vt 0.016379 -0.008198
vt 0.016379 -0.009698
vt 0.017879 -0.008198
vt 0.016379 -0.008198
vt 0.016379 -0.009698
vt 0.017879 -0.008198
vt 0.016379 0.008198
vt 0.016379 0.009698
vt 0.017879 0.008198
vt 0.016379 0.008198
vt 0.016379 0.009698
vt 0.017879 0.008198
vt -0.025947 -0.018172
vt 0.025947 -0.018172
vt 0.025947 0.018172
vt -0.025947 0.018172
vt 0.025947 -0.018172
vt -0.025947 -0.018172
vt -0.025947 0.018172
vt 0.025947 0.018172
vt -0.025947 -0.019522
vt 0.025947 -0.019522
vt 0.025947 0.019522
vt -0.025947 0.019522
vt -0.025947 0.019522
vt 0.025947 0.019522
vt 0.025947 -0.019522
vt -0.025947 -0.019522
vt -0.019522 -0.018172
vt 0.019522 -0.018172
vt 0.019522 0.018172
vt -0.019522 0.018172
vt 0.019522 -0.018172
vt -0.019522 -0.018172
vt -0.019522 0.018172
vt 0.019522 0.018172
vt -0.025947 0.019672
vt 0.025947 0.019672
vt 0.025947 0.018172
vt -0.025947 0.018172
vt -0.025947 0.019672
vt 0.025947 0.019672
vt 0.025947 0.018172
vt -0.025947 0.018172
vt -0.025947 -0.019672
vt 0.025947 -0.019672
vt 0.025947 -0.018172
vt -0.025947 -0.018172
vt -0.025947 -0.019672
vt 0.025947 -0.019672
vt 0.025947 -0.018172
vt -0.025947 -0.018172
vt 0.027447 -0.018172
vt 0.027447 0.018172
vt 0.025947 0.018172
vt 0.025947 -0.018172
vt 0.027447 -0.018172
vt 0.027447 0.018172
vt 0.025947 0.018172
vt 0.025947 -0.018172
vt -0.027447 -0.018172
vt -0.027447 0.018172
vt -0.025947 0.018172
vt -0.025947 -0.018172
vt -0.027447 -0.018172
vt -0.027447 0.018172
vt -0.025947 0.018172
vt -0.025947 -0.018172
vt 0.027447 0.018172
vt 0.027447 0.018172
vt 0.025947 0.019672
vt 0.025947 0.019672
vt 0.027447 -0.018172
vt 0.027447 -0.018172
vt 0.025947 -0.019672
vt 0.025947 -0.019672
vt -0.027447 0.018172
vt -0.027447 0.018172
vt -0.025947 0.019672
vt -0.025947 0.019672
vt -0.027447 -0.018172
vt -0.027447 -0.018172
vt -0.025947 -0.019672
vt -0.025947 -0.019672
vt -0.025947 -0.018172
vt -0.025947 -0.019672
vt -0.027447 -0.018172
vt -0.025947 -0.018172
vt -0.025947 -0.019672
vt -0.027447 -0.018172
vt -0.025947 0.018172
vt -0.025947 0.019672
vt -0.027447 0.018172
vt -0.025947 0.018172
vt -0.025947 0.019672
vt -0.027447 0.018172
vt 0.025947 -0.018172
vt 0.025947 -0.019672
vt 0.027447 -0.018172
vt 0.025947 -0.018172
vt 0.025947 -0.019672
vt 0.027447 -0.018172
vt 0.025947 0.018172
vt 0.025947 0.019672
vt 0.027447 0.018172
vt 0.025947 0.018172
vt 0.025947 0.019672
vt 0.027447 0.018172
vt -0.020920 -0.010869
vt 0.020920 -0.010869
vt 0.020920 0.010869
vt -0.020920 0.010869
vt 0.020920 -0.010869
vt -0.020920 -0.010869
vt -0.020920 0.010869
vt 0.020920 0.010869
vt -0.020920 -0.014572
vt 0.020920 -0.014572
vt 0.020920 0.014572
vt -0.020920 0.014572
vt -0.020920 0.014572
vt 0.020920 0.014572
vt 0.020920 -0.014572
vt -0.020920 -0.014572
vt -0.014572 -0.010869
vt 0.014572 -0.010869
vt 0.014572 0.010869
vt -0.014572 0.010869
vt 0.014572 -0.010869
vt -0.014572 -0.010869
vt -0.014572 0.010869
vt 0.014572 0.010869
vt -0.020920 0.012369
vt 0.020920 0.012369
vt 0.020920 0.010869
vt -0.020920 0.010869
vt -0.020920 0.012369
vt 0.020920 0.012369
vt 0.020920 0.010869
vt -0.020920 0.010869
vt -0.020920 -0.012369
vt 0.020920 -0.012369
vt 0.020920 -0.010869
vt -0.020920 -0.010869
vt -0.020920 -0.012369
vt 0.020920 -0.012369
vt 0.020920 -0.010869
vt -0.020920 -0.010869
vt 0.022420 -0.010869
vt 0.022420 0.010869
vt 0.020920 0.010869
vt 0.020920 -0.010869
vt 0.022420 -0.010869
vt 0.022420 0.010869
vt 0.020920 0.010869
vt 0.020920 -0.010869
vt -0.022420 -0.010869
vt -0.022420 0.010869
vt -0.020920 0.010869
vt -0.020920 -0.010869
vt -0.022420 -0.010869
vt -0.022420 0.010869
vt -0.020920 0.010869
vt -0.020920 -0.010869
vt 0.022420 0.010869
vt 0.022420 0.010869
vt 0.020920 0.012369
vt 0.020920 0.012369
vt 0.022420 -0.010869
vt 0.022420 -0.010869
vt 0.020920 -0.012369
vt 0.020920 -0.012369
vt -0.022420 0.010869
vt -0.022420 0.010869
vt -0.020920 0.012369
vt -0.020920 0.012369
vt -0.022420 -0.010869
vt -0.022420 -0.010869
vt -0.020920 -0.012369
vt -0.020920 -0.012369
vt -0.020920 -0.010869
vt -0.020920 -0.012369
vt -0.022420 -0.010869
vt -0.020920 -0.010869
vt -0.020920 -0.012369
vt -0.022420 -0.010869
vt -0.020920 0.010869
vt -0.020920 0.012369
vt -0.022420 0.010869
vt -0.020920 0.010869
vt -0.020920 0.012369
vt -0.022420 0.010869
vt 0.020920 -0.010869
vt 0.020920 -0.012369
vt 0.022420 -0.010869
vt 0.020920 -0.010869
vt 0.020920 -0.012369
vt 0.022420 -0.010869
vt 0.020920 0.010869
vt 0.020920 0.012369
vt 0.022420 0.010869
vt 0.020920 0.010869
vt 0.020920 0.012369
vt 0.022420 0.010869
vt -0.016773 -0.016052
vt 0.016773 -0.016052
vt 0.016773 0.016052
vt -0.016773 0.016052
vt 0.016773 -0.016052
vt -0.016773 -0.016052
vt -0.016773 0.016052
vt 0.016773 0.016052
vt -0.016773 -0.017997
vt 0.016773 -0.017997
vt 0.016773 0.017997
vt -0.016773 0.017997
vt -0.016773 0.017997
vt 0.016773 0.017997
vt 0.016773 -0.017997
vt -0.016773 -0.017997
vt -0.017997 -0.016052
vt 0.017997 -0.016052
vt 0.017997 0.016052
vt -0.017997 0.016052
vt 0.017997 -0.016052
vt -0.017997 -0.016052
vt -0.017997 0.016052
vt 0.017997 0.016052
vt -0.016773 0.017552
vt 0.016773 0.017552
vt 0.016773 0.016052
vt -0.016773 0.016052
vt -0.016773 0.017552
vt 0.016773 0.017552
vt 0.016773 0.016052
vt -0.016773 0.016052
vt -0.016773 -0.017552
vt 0.016773 -0.017552
vt 0.016773 -0.016052
vt -0.016773 -0.016052
vt -0.016773 -0.017552
vt 0.016773 -0.017552
vt 0.016773 -0.016052
vt -0.016773 -0.016052
vt 0.018273 -0.016052
vt 0.018273 0.016052
vt 0.016773 0.016052
vt 0.016773 -0.016052
vt 0.018273 -0.016052
vt 0.018273 0.016052
vt 0.016773 0.016052
vt 0.016773 -0.016052
vt -0.018273 -0.016052
vt -0.018273 0.016052
vt -0.016773 0.016052
vt -0.016773 -0.016052
vt -0.018273 -0.016052
vt -0.018273 0.016052
vt -0.016773 0.016052
vt -0.016773 -0.016052
vt 0.018273 0.016052
vt 0.018273 0.016052
vt 0.016773 0.017552
vt 0.016773 0.017552
vt 0.018273 -0.016052
vt 0.018273 -0.016052
vt 0.016773 -0.017552
vt 0.016773 -0.017552
vt -0.018273 0.016052
vt -0.018273 0.016052
vt -0.016773 0.017552
vt -0.016773 0.017552
vt -0.018273 -0.016052
vt -0.018273 -0.016052
vt -0.016773 -0.017552
vt -0.016773 -0.017552
vt -0.016773 -0.016052
vt -0.016773 -0.017552
vt -0.018273 -0.016052
vt -0.016773 -0.016052
vt -0.016773 -0.017552
vt -0.018273 -0.016052
vt -0.016773 0.016052
vt -0.016773 0.017552
vt -0.018273 0.016052
vt -0.016773 0.016052
vt -0.016773 0.017552
vt -0.018273 0.016052
vt 0.016773 -0.016052
vt 0.016773 -0.017552
vt 0.018273 -0.016052
vt 0.016773 -0.016052
vt 0.016773 -0.017552
vt 0.018273 -0.016052
vt 0.016773 0.016052
vt 0.016773 0.017552
vt 0.018273 0.016052
vt 0.016773 0.016052
vt 0.016773 0.017552
vt 0.018273 0.016052
vt -0.017261 -0.010900
vt 0.017261 -0.010900
vt 0.017261 0.010900
vt -0.017261 0.010900
vt 0.017261 -0.010900
vt -0.017261 -0.010900
vt -0.017261 0.010900
vt 0.017261 0.010900
vt -0.017261 -0.019414
vt 0.017261 -0.019414
vt 0.017261 0.019414
vt -0.017261 0.019414
vt -0.017261 0.019414
vt 0.017261 0.019414
vt 0.017261 -0.019414
vt -0.017261 -0.019414
vt -0.019414 -0.010900
vt 0.019414 -0.010900
vt 0.019414 0.010900
vt -0.019414 0.010900
vt 0.019414 -0.010900
vt -0.019414 -0.010900
vt -0.019414 0.010900
vt 0.019414 0.010900
vt -0.017261 0.012400
vt 0.017261 0.012400
vt 0.017261 0.010900
vt -0.017261 0.010900
vt -0.017261 0.012400
vt 0.017261 0.012400
vt 0.017261 0.010900
vt -0.017261 0.010900
vt -0.017261 -0.012400
vt 0.017261 -0.012400
vt 0.017261 -0.010900
vt -0.017261 -0.010900
vt -0.017261 -0.012400
vt 0.017261 -0.012400
vt 0.017261 -0.010900
vt -0.017261 -0.010900
vt 0.018761 -0.010900
vt 0.018761 0.010900
vt 0.017261 0.010900
vt 0.017261 -0.010900
vt 0.018761 -0.010900
vt 0.018761 0.010900
vt 0.017261 0.010900
vt 0.017261 -0.010900
vt -0.018761 -0.010900
vt -0.018761 0.010900
vt -0.017261 0.010900
vt -0.017261 -0.010900
vt -0.018761 -0.010900
vt -0.018761 0.010900
vt -0.017261 0.010900
vt -0.017261 -0.010900
vt 0.018761 0.010900
vt 0.018761 0.010900
vt 0.017261 0.012400
vt 0.017261 0.012400
vt 0.018761 -0.010900
vt 0.018761 -0.010900
vt 0.017261 -0.012400
vt 0.017261 -0.012400
vt -0.018761 0.010900
vt -0.018761 0.010900
vt -0.017261 0.012400
vt -0.017261 0.012400
vt -0.018761 -0.010900
vt -0.018761 -0.010900
vt -0.017261 -0.012400
vt -0.017261 -0.012400
vt -0.017261 -0.010900
vt -0.017261 -0.012400
vt -0.018761 -0.010900
vt -0.017261 -0.010900
vt -0.017261 -0.012400
vt -0.018761 -0.010900
vt -0.017261 0.010900
vt -0.017261 0.012400
vt -0.018761 0.010900
vt -0.017261 0.010900
vt -0.017261 0.012400
vt -0.018761 0.010900
vt 0.017261 -0.010900
vt 0.017261 -0.012400
vt 0.018761 -0.010900
vt 0.017261 -0.010900
vt 0.017261 -0.012400
vt 0.018761 -0.010900
vt 0.017261 0.010900
vt 0.017261 0.012400
vt 0.018761 0.010900
vt 0.017261 0.010900
vt 0.017261 0.012400
vt 0.018761 0.010900
vt -0.024794 -0.020216
vt 0.024794 -0.020216
vt 0.024794 0.020216
vt -0.024794 0.020216
vt 0.024794 -0.020216
vt -0.024794 -0.020216
vt -0.024794 0.020216
vt 0.024794 0.020216
vt -0.024794 -0.024285
vt 0.024794 -0.024285
vt 0.024794 0.024285
vt -0.024794 0.024285
vt -0.024794 0.024285
vt 0.024794 0.024285
vt 0.024794 -0.024285
vt -0.024794 -0.024285
vt -0.024285 -0.020216
vt 0.024285 -0.020216
vt 0.024285 0.020216
vt -0.024285 0.020216
vt 0.024285 -0.020216
vt -0.024285 -0.020216
vt -0.024285 0.020216
vt 0.024285 0.020216
vt -0.024794 0.021716
vt 0.024794 0.021716
vt 0.024794 0.020216
vt -0.024794 0.020216
vt -0.024794 0.021716
vt 0.024794 0.021716
vt 0.024794 0.020216
vt -0.024794 0.020216
vt -0.024794 -0.021716
vt 0.024794 -0.021716
vt 0.024794 -0.020216
vt -0.024794 -0.020216
vt -0.024794 -0.021716
vt 0.024794 -0.021716
vt 0.024794 -0.020216
vt -0.024794 -0.020216
vt 0.026294 -0.020216
vt 0.026294 0.020216
vt 0.024794 0.020216
vt 0.024794 -0.020216
vt 0.026294 -0.020216
vt 0.026294 0.020216
vt 0.024794 0.020216
vt 0.024794 -0.020216
vt -0.026294 -0.020216
vt -0.026294 0.020216
vt -0.024794 0.020216
vt -0.024794 -0.020216
vt -0.026294 -0.020216
vt -0.026294 0.020216
vt -0.024794 0.020216
vt -0.024794 -0.020216
vt 0.026294 0.020216
vt 0.026294 0.020216
vt 0.024794 0.021716
vt 0.024794 0.021716
vt 0.026294 -0.020216
vt 0.026294 -0.020216
vt 0.024794 -0.021716
vt 0.024794 -0.021716
vt -0.026294 0.020216
vt -0.026294 0.020216
vt -0.024794 0.021716
vt -0.024794 0.021716
vt -0.026294 -0.020216
vt -0.026294 -0.020216
vt -0.024794 -0.021716
vt -0.024794 -0.021716
vt -0.024794 -0.020216
vt -0.024794 -0.021716
vt -0.026294 -0.020216
vt -0.024794 -0.020216
vt -0.024794 -0.021716
vt -0.026294 -0.020216
vt -0.024794 0.020216
vt -0.024794 0.021716
vt -0.026294 0.020216
vt -0.024794 0.020216
vt -0.024794 0.021716
vt -0.026294 0.020216
vt 0.024794 -0.020216
vt 0.024794 -0.021716
vt 0.026294 -0.020216
vt 0.024794 -0.020216
vt 0.024794 -0.021716
vt 0.026294 -0.020216
vt 0.024794 0.020216
vt 0.024794 0.021716
vt 0.026294 0.020216
vt 0.024794 0.020216
vt 0.024794 0.021716
vt 0.026294 0.020216
vt 0.000000 0.000000
vt 0.200000 0.000000
vt 0.400000 0.000000
vt 0.600000 0.000000
vt 0.800000 0.000000
vt 0.000000 0.307406
vt 0.200000 0.307406
vt 0.400000 0.307406
vt 0.600000 0.307406
vt 0.800000 0.307406
vt 0.000000 0.490836
vt 0.200000 0.490836
vt 0.400000 0.490836
vt 0.600000 0.490836
vt 0.800000 0.490836
vt 0.000000 0.000000
vt 0.200000 0.000000
vt 0.400000 0.000000
vt 0.600000 0.000000
vt 0.800000 0.000000
vt 0.000000 0.118147
vt 0.200000 0.118147
vt 0.400000 0.118147
vt 0.600000 0.118147
vt 0.800000 0.118147
vt 0.000000 0.000000
vt 0.200000 0.000000
vt 0.400000 0.000000
vt 0.600000 0.000000
vt 0.800000 0.000000
vt 0.000000 0.540646
vt 0.200000 0.540646
vt 0.400000 0.540646
vt 0.600000 0.540646
vt 0.800000 0.540646
vt 0.000000 0.840273
vt 0.200000 0.840273
vt 0.400000 0.840273
vt 0.600000 0.840273
vt 0.800000 0.840273
vt 0.000000 0.000000
vt 0.200000 0.000000
vt 0.400000 0.000000
vt 0.600000 0.000000
vt 0.800000 0.000000
vt 0.000000 0.241755
vt 0.200000 0.241755
vt 0.400000 0.241755
vt 0.600000 0.241755
vt 0.800000 0.241755
vt 0.000000 0.000000
vt 0.200000 0.000000
vt 0.400000 0.000000
vt 0.600000 0.000000
vt 0.800000 0.000000
vt 0.000000 0.400920
vt 0.200000 0.400920
vt 0.400000 0.400920
vt 0.600000 0.400920
vt 0.800000 0.400920
vt 0.000000 0.580549
vt 0.200000 0.580549
vt 0.400000 0.580549
vt 0.600000 0.580549
vt 0.800000 0.580549
vn 0.616216 -0.196408 -0.762694
vn 0.616216 -0.196408 -0.762694
vn 0.616216 -0.196408 -0.762694
vn 0.616216 -0.196408 -0.762694
vn -0.616216 0.196408 0.762694
vn -0.616216 0.196408 0.762694
vn -0.616216 0.196408 0.762694
vn -0.616216 0.196408 0.762694
vn 0.222408 0.972386 -0.070713
vn 0.222408 0.972386 -0.070713
vn 0.222408 0.972386 -0.070713
vn 0.222408 0.972386 -0.070713
vn -0.222408 -0.972386 0.070713
vn -0.222408 -0.972386 0.070713
vn -0.222408 -0.972386 0.070713
vn -0.222408 -0.972386 0.070713
vn -0.755521 0.126055 -0.642883
vn -0.755521 0.126055 -0.642883
vn -0.755521 0.126055 -0.642883
vn -0.755521 0.126055 -0.642883
vn 0.755521 -0.126055 0.642883
vn 0.755521 -0.126055 0.642883
vn 0.755521 -0.126055 0.642883
vn 0.755521 -0.126055 0.642883
vn 0.592997 0.548700 -0.589308
vn 0.592997 0.548700 -0.589308
vn 0.592997 0.548700 -0.589308
vn 0.592997 0.548700 -0.589308
vn -0.278464 0.826462 0.489304
vn -0.278464 0.826462 0.489304
vn -0.278464 0.826462 0.489304
vn -0.278464 0.826462 0.489304
vn 0.278464 -0.826462 -0.489304
vn 0.278464 -0.826462 -0.489304
vn 0.278464 -0.826462 -0.489304
vn 0.278464 -0.826462 -0.489304
vn -0.592997 -0.548700 0.589308
vn -0.592997 -0.548700 0.589308
vn -0.592997 -0.548700 0.589308
vn -0.592997 -0.548700 0.589308
vn -0.098504 -0.049747 -0.993893
vn -0.098504 -0.049747 -0.993893
vn -0.098504 -0.049747 -0.993893
vn -0.098504 -0.049747 -0.993893
vn -0.969965 0.228015 0.084719
vn -0.969965 0.228015 0.084719
vn -0.969965 0.228015 0.084719
vn -0.969965 0.228015 0.084719
vn 0.969965 -0.228015 -0.084719
vn 0.969965 -0.228015 -0.084719
vn 0.969965 -0.228015 -0.084719
vn 0.969965 -0.228015 -0.084719
vn 0.098504 0.049747 0.993893
vn 0.098504 0.049747 0.993893
vn 0.098504 0.049747 0.993893
vn 0.098504 0.049747 0.993893
vn -0.376968 0.776715 -0.504588
vn -0.376968 0.776715 -0.504588
vn -0.376968 0.776715 -0.504588
vn -0.376968 0.776715 -0.504588
vn -0.691500 -0.598446 -0.404585
vn -0.691500 -0.598446 -0.404585
vn -0.691500 -0.598446 -0.404585
vn -0.691500 -0.598446 -0.404585
vn 0.691500 0.598446 0.404585
vn 0.691500 0.598446 0.404585
vn 0.691500 0.598446 0.404585
vn 0.691500 0.598446 0.404585
vn 0.376968 -0.776715 0.504588
vn 0.376968 -0.776715 0.504588
vn 0.376968 -0.776715 0.504588
vn 0.376968 -0.776715 0.504588
vn -0.047980 -0.520789 0.852336
vn -0.047980 -0.520789 0.852336
vn -0.047980 -0.520789 0.852336
vn 0.663565 -0.747581 -0.028347
vn 0.663565 -0.747581 -0.028347
vn 0.663565 -0.747581 -0.028347
vn 0.208835 0.602025 0.770684
vn 0.208835 0.602025 0.770684
vn 0.208835 0.602025 0.770684
vn 0.920380 0.375234 -0.109999
vn 0.920380 0.375234 -0.109999
vn 0.920380 0.375234 -0.109999
vn -0.920380 -0.375234 0.109999
vn -0.920380 -0.375234 0.109999
vn -0.920380 -0.375234 0.109999
vn -0.208835 -0.602025 -0.770684
vn -0.208835 -0.602025 -0.770684
vn -0.208835 -0.602025 -0.770684
vn -0.663565 0.747581 0.028347
vn -0.663565 0.747581 0.028347
vn -0.663565 0.747581 0.028347
vn 0.047980 0.520789 -0.852336
vn 0.047980 0.520789 -0.852336
vn 0.047980 0.520789 -0.852336
vn 0.315827 -0.303232 -0.899057
vn 0.315827 -0.303232 -0.899057
vn 0.315827 -0.303232 -0.899057
vn 0.315827 -0.303232 -0.899057
vn -0.315827 0.303232 0.899057
vn -0.315827 0.303232 0.899057
vn -0.315827 0.303232 0.899057
vn -0.315827 0.303232 0.899057
vn 0.357857 0.915645 -0.183117
vn 0.357857 0.915645 -0.183117
vn 0.357857 0.915645 -0.183117
vn 0.357857 0.915645 -0.183117
vn -0.357857 -0.915645 0.183117
vn -0.357857 -0.915645 0.183117
vn -0.357857 -0.915645 0.183117
vn -0.357857 -0.915645 0.183117
vn -0.878744 0.263900 -0.397699
vn -0.878744 0.263900 -0.397699
vn -0.878744 0.263900 -0.397699
vn -0.878744 0.263900 -0.397699
vn 0.878744 -0.263900 0.397699
vn 0.878744 -0.263900 0.397699
vn 0.878744 -0.263900 0.397699
vn 0.878744 -0.263900 0.397699
vn 0.476366 0.433041 -0.765213
vn 0.476366 0.433041 -0.765213
vn 0.476366 0.433041 -0.765213
vn 0.476366 0.433041 -0.765213
vn 0.029720 0.861877 0.506246
vn 0.029720 0.861877 0.506246
vn 0.029720 0.861877 0.506246
vn 0.029720 0.861877 0.506246
vn -0.029720 -0.861877 -0.506246
vn -0.029720 -0.861877 -0.506246
vn -0.029720 -0.861877 -0.506246
vn -0.029720 -0.861877 -0.506246
vn -0.476366 -0.433041 0.765213
vn -0.476366 -0.433041 0.765213
vn -0.476366 -0.433041 0.765213
vn -0.476366 -0.433041 0.765213
vn -0.398043 -0.027812 -0.916945
vn -0.398043 -0.027812 -0.916945
vn -0.398043 -0.027812 -0.916945
vn -0.398043 -0.027812 -0.916945
vn -0.844690 0.401023 0.354513
vn -0.844690 0.401023 0.354513
vn -0.844690 0.401023 0.354513
vn -0.844690 0.401023 0.354513
vn 0.844690 -0.401023 -0.354513
vn 0.844690 -0.401023 -0.354513
vn 0.844690 -0.401023 -0.354513
vn 0.844690 -0.401023 -0.354513
vn 0.398043 0.027812 0.916945
vn 0.398043 0.027812 0.916945
vn 0.398043 0.027812 0.916945
vn 0.398043 0.027812 0.916945
vn -0.368323 0.834065 -0.410699
vn -0.368323 0.834065 -0.410699
vn -0.368323 0.834065 -0.410699
vn -0.368323 0.834065 -0.410699
vn -0.874409 -0.460853 -0.151733
vn -0.874409 -0.460853 -0.151733
vn -0.874409 -0.460853 -0.151733
vn -0.874409 -0.460853 -0.151733
vn 0.874409 0.460853 0.151733
vn 0.874409 0.460853 0.151733
vn 0.874409 0.460853 0.151733
vn 0.874409 0.460853 0.151733
vn 0.368323 -0.834065 0.410699
vn 0.368323 -0.834065 0.410699
vn 0.368323 -0.834065 0.410699
vn 0.368323 -0.834065 0.410699
vn 0.118392 -0.505940 0.854405
vn 0.118392 -0.505940 0.854405
vn 0.118392 -0.505940 0.854405
vn 0.483077 -0.856082 -0.183736
vn 0.483077 -0.856082 -0.183736
vn 0.483077 -0.856082 -0.183736
vn 0.531609 0.551357 0.642960
vn 0.531609 0.551357 0.642960
vn 0.531609 0.551357 0.642960
vn 0.896295 0.201214 -0.395182
vn 0.896295 0.201214 -0.395182
vn 0.896295 0.201214 -0.395182
vn -0.896295 -0.201214 0.395182
vn -0.896295 -0.201214 0.395182
vn -0.896295 -0.201214 0.395182
vn -0.531609 -0.551357 -0.642960
vn -0.531609 -0.551357 -0.642960
vn -0.531609 -0.551357 -0.642960
vn -0.483077 0.856082 0.183736
vn -0.483077 0.856082 0.183736
vn -0.483077 0.856082 0.183736
vn -0.118392 0.505940 -0.854405
vn -0.118392 0.505940 -0.854405
vn -0.118392 0.505940 -0.854405
vn -0.782924 0.272309 0.559355
vn -0.782924 0.272309 0.559355
vn -0.782924 0.272309 0.559355
vn -0.782924 0.272309 0.559355
vn 0.782924 -0.272309 -0.559355
vn 0.782924 -0.272309 -0.559355
vn 0.782924 -0.272309 -0.559355
vn 0.782924 -0.272309 -0.559355
vn 0.244557 0.961446 -0.125753
vn 0.244557 0.961446 -0.125753
vn 0.244557 0.961446 -0.125753
vn 0.244557 0.961446 -0.125753
vn -0.244557 -0.961446 0.125753
vn -0.244557 -0.961446 0.125753
vn -0.244557 -0.961446 0.125753
vn -0.244557 -0.961446 0.125753
vn 0.572033 -0.038340 0.819334
vn 0.572033 -0.038340 0.819334
vn 0.572033 -0.038340 0.819334
vn 0.572033 -0.038340 0.819334
vn -0.572033 0.038340 -0.819334
vn -0.572033 0.038340 -0.819334
vn -0.572033 0.038340 -0.819334
vn -0.572033 0.038340 -0.819334
vn -0.380683 0.872396 0.306604
vn -0.380683 0.872396 0.306604
vn -0.380683 0.872396 0.306604
vn -0.380683 0.872396 0.306604
vn 0.726539 0.487294 -0.484444
vn 0.726539 0.487294 -0.484444
vn 0.726539 0.487294 -0.484444
vn 0.726539 0.487294 -0.484444
vn -0.726539 -0.487294 0.484444
vn -0.726539 -0.487294 0.484444
vn -0.726539 -0.487294 0.484444
vn -0.726539 -0.487294 0.484444
vn 0.380683 -0.872396 -0.306604
vn 0.380683 -0.872396 -0.306604
vn 0.380683 -0.872396 -0.306604
vn 0.380683 -0.872396 -0.306604
vn -0.149122 0.165441 0.974880
vn -0.149122 0.165441 0.974880
vn -0.149122 0.165441 0.974880
vn -0.149122 0.165441 0.974880
vn 0.958099 -0.219662 0.183832
vn 0.958099 -0.219662 0.183832
vn 0.958099 -0.219662 0.183832
vn 0.958099 -0.219662 0.183832
vn -0.958099 0.219662 -0.183832
vn -0.958099 0.219662 -0.183832
vn -0.958099 0.219662 -0.183832
vn -0.958099 0.219662 -0.183832
vn 0.149122 -0.165441 -0.974880
vn 0.149122 -0.165441 -0.974880
vn 0.149122 -0.165441 -0.974880
vn 0.149122 -0.165441 -0.974880
vn 0.577417 0.652735 0.490436
vn 0.577417 0.652735 0.490436
vn 0.577417 0.652735 0.490436
vn 0.577417 0.652735 0.490436
vn 0.231561 -0.706955 0.668277
vn 0.231561 -0.706955 0.668277
vn 0.231561 -0.706955 0.668277
vn 0.231561 -0.706955 0.668277
vn -0.231561 0.706955 -0.668277
vn -0.231561 0.706955 -0.668277
vn -0.231561 0.706955 -0.668277
vn -0.231561 0.706955 -0.668277
vn -0.577417 -0.652735 -0.490436
vn -0.577417 -0.652735 -0.490436
vn -0.577417 -0.652735 -0.490436
vn -0.577417 -0.652735 -0.490436
vn -0.019438 -0.690173 -0.723383
vn -0.019438 -0.690173 -0.723383
vn -0.019438 -0.690173 -0.723383
vn -0.923480 -0.375738 -0.077495
vn -0.923480 -0.375738 -0.077495
vn -0.923480 -0.375738 -0.077495
vn 0.262953 0.420009 -0.868590
vn 0.262953 0.420009 -0.868590
vn 0.262953 0.420009 -0.868590
vn -0.641090 0.734444 -0.222702
vn -0.641090 0.734444 -0.222702
vn -0.641090 0.734444 -0.222702
vn 0.641090 -0.734444 0.222702
vn 0.641090 -0.734444 0.222702
vn 0.641090 -0.734444 0.222702
vn -0.262953 -0.420009 0.868590
vn -0.262953 -0.420009 0.868590
vn -0.262953 -0.420009 0.868590
vn 0.923480 0.375738 0.077495
vn 0.923480 0.375738 0.077495
vn 0.923480 0.375738 0.077495
vn 0.019438 0.690173 0.723383
vn 0.019438 0.690173 0.723383
vn 0.019438 0.690173 0.723383
vn -0.684557 -0.159336 0.711332
vn -0.684557 -0.159336 0.711332
vn -0.684557 -0.159336 0.711332
vn -0.684557 -0.159336 0.711332
vn 0.684557 0.159336 -0.711332
vn 0.684557 0.159336 -0.711332
vn 0.684557 0.159336 -0.711332
vn 0.684557 0.159336 -0.711332
vn -0.251864 0.967422 -0.025685
vn -0.251864 0.967422 -0.025685
vn -0.251864 0.967422 -0.025685
vn -0.251864 0.967422 -0.025685
vn 0.251864 -0.967422 0.025685
vn 0.251864 -0.967422 0.025685
vn 0.251864 -0.967422 0.025685
vn 0.251864 -0.967422 0.025685
vn 0.684066 0.196742 0.702386
vn 0.684066 0.196742 0.702386
vn 0.684066 0.196742 0.702386
vn 0.684066 0.196742 0.702386
vn -0.684066 -0.196742 -0.702386
vn -0.684066 -0.196742 -0.702386
vn -0.684066 -0.196742 -0.702386
vn -0.684066 -0.196742 -0.702386
vn -0.662150 0.571403 0.484826
vn -0.662150 0.571403 0.484826
vn -0.662150 0.571403 0.484826
vn -0.662150 0.571403 0.484826
vn 0.305960 0.796738 -0.521150
vn 0.305960 0.796738 -0.521150
vn 0.305960 0.796738 -0.521150
vn 0.305960 0.796738 -0.521150
vn -0.305960 -0.796738 0.521150
vn -0.305960 -0.796738 0.521150
vn -0.305960 -0.796738 0.521150
vn -0.305960 -0.796738 0.521150
vn 0.662150 -0.571403 -0.484826
vn 0.662150 -0.571403 -0.484826
vn 0.662150 -0.571403 -0.484826
vn 0.662150 -0.571403 -0.484826
vn -0.000348 0.026450 0.999650
vn -0.000348 0.026450 0.999650
vn -0.000348 0.026450 0.999650
vn -0.000348 0.026450 0.999650
vn 0.967762 0.251785 -0.006326
vn 0.967762 0.251785 -0.006326
vn 0.967762 0.251785 -0.006326
vn 0.967762 0.251785 -0.006326
vn -0.967762 -0.251785 0.006326
vn -0.967762 -0.251785 0.006326
vn -0.967762 -0.251785 0.006326
vn -0.967762 -0.251785 0.006326
vn 0.000348 -0.026450 -0.999650
vn 0.000348 -0.026450 -0.999650
vn 0.000348 -0.026450 -0.999650
vn 0.000348 -0.026450 -0.999650
vn 0.305612 0.823188 0.478500
vn 0.305612 0.823188 0.478500
vn 0.305612 0.823188 0.478500
vn 0.305612 0.823188 0.478500
vn 0.661802 -0.544953 0.514824
vn 0.661802 -0.544953 0.514824
vn 0.661802 -0.544953 0.514824
vn 0.661802 -0.544953 0.514824
vn -0.661802 0.544953 -0.514824
vn -0.661802 0.544953 -0.514824
vn -0.661802 0.544953 -0.514824
vn -0.661802 0.544953 -0.514824
vn -0.305612 -0.823188 -0.478500
vn -0.305612 -0.823188 -0.478500
vn -0.305612 -0.823188 -0.478500
vn -0.305612 -0.823188 -0.478500
vn 0.145698 -0.580138 -0.801382
vn 0.145698 -0.580138 -0.801382
vn 0.145698 -0.580138 -0.801382
vn -0.644761 -0.764123 0.019994
vn -0.644761 -0.764123 0.019994
vn -0.644761 -0.764123 0.019994
vn -0.145130 0.536945 -0.831040
vn -0.145130 0.536945 -0.831040
vn -0.145130 0.536945 -0.831040
vn -0.935589 0.352959 -0.009664
vn -0.935589 0.352959 -0.009664
vn -0.935589 0.352959 -0.009664
vn 0.935589 -0.352959 0.009664
vn 0.935589 -0.352959 0.009664
vn 0.935589 -0.352959 0.009664
vn 0.145130 -0.536945 0.831040
vn 0.145130 -0.536945 0.831040
vn 0.145130 -0.536945 0.831040
vn 0.644761 0.764123 -0.019994
vn 0.644761 0.764123 -0.019994
vn 0.644761 0.764123 -0.019994
vn -0.145698 0.580138 0.801382
vn -0.145698 0.580138 0.801382
vn -0.145698 0.580138 0.801382
vn 0.371575 -0.234927 -0.898188
vn 0.371575 -0.234927 -0.898188
vn 0.371575 -0.234927 -0.898188
vn 0.371575 -0.234927 -0.898188
vn -0.371575 0.234927 0.898188
vn -0.371575 0.234927 0.898188
vn -0.371575 0.234927 0.898188
vn -0.371575 0.234927 0.898188
vn 0.301428 0.945571 -0.122622
vn 0.301428 0.945571 -0.122622
vn 0.301428 0.945571 -0.122622
vn 0.301428 0.945571 -0.122622
vn -0.301428 -0.945571 0.122622
vn -0.301428 -0.945571 0.122622
vn -0.301428 -0.945571 0.122622
vn -0.301428 -0.945571 0.122622
vn -0.878108 0.225176 -0.422164
vn -0.878108 0.225176 -0.422164
vn -0.878108 0.225176 -0.422164
vn -0.878108 0.225176 -0.422164
vn 0.878108 -0.225176 0.422164
vn 0.878108 -0.225176 0.422164
vn 0.878108 -0.225176 0.422164
vn 0.878108 -0.225176 0.422164
vn 0.475885 0.502501 -0.721821
vn 0.475885 0.502501 -0.721821
vn 0.475885 0.502501 -0.721821
vn 0.475885 0.502501 -0.721821
vn -0.049601 0.834739 0.548408
vn -0.049601 0.834739 0.548408
vn -0.049601 0.834739 0.548408
vn -0.049601 0.834739 0.548408
vn 0.049601 -0.834739 -0.548408
vn 0.049601 -0.834739 -0.548408
vn 0.049601 -0.834739 -0.548408
vn 0.049601 -0.834739 -0.548408
vn -0.475885 -0.502501 0.721821
vn -0.475885 -0.502501 0.721821
vn -0.475885 -0.502501 0.721821
vn -0.475885 -0.502501 0.721821
vn -0.358173 -0.006895 -0.933630
vn -0.358173 -0.006895 -0.933630
vn -0.358173 -0.006895 -0.933630
vn -0.358173 -0.006895 -0.933630
vn -0.883659 0.325342 0.336599
vn -0.883659 0.325342 0.336599
vn -0.883659 0.325342 0.336599
vn -0.883659 0.325342 0.336599
vn 0.883659 -0.325342 -0.336599
vn 0.883659 -0.325342 -0.336599
vn 0.883659 -0.325342 -0.336599
vn 0.883659 -0.325342 -0.336599
vn 0.358173 0.006895 0.933630
vn 0.358173 0.006895 0.933630
vn 0.358173 0.006895 0.933630
vn 0.358173 0.006895 0.933630
vn -0.407774 0.827843 -0.385222
vn -0.407774 0.827843 -0.385222
vn -0.407774 0.827843 -0.385222
vn -0.407774 0.827843 -0.385222
vn -0.834058 -0.509397 -0.211809
vn -0.834058 -0.509397 -0.211809
vn -0.834058 -0.509397 -0.211809
vn -0.834058 -0.509397 -0.211809
vn 0.834058 0.509397 0.211809
vn 0.834058 0.509397 0.211809
vn 0.834058 0.509397 0.211809
vn 0.834058 0.509397 0.211809
vn 0.407774 -0.827843 0.385222
vn 0.407774 -0.827843 0.385222
vn 0.407774 -0.827843 0.385222
vn 0.407774 -0.827843 0.385222
vn 0.118417 -0.540296 0.833101
vn 0.118417 -0.540296 0.833101
vn 0.118417 -0.540296 0.833101
vn 0.547475 -0.811566 -0.204036
vn 0.547475 -0.811566 -0.204036
vn 0.547475 -0.811566 -0.204036
vn 0.466476 0.551556 0.691510
vn 0.466476 0.551556 0.691510
vn 0.466476 0.551556 0.691510
vn 0.895534 0.280285 -0.345628
vn 0.895534 0.280285 -0.345628
vn 0.895534 0.280285 -0.345628
vn -0.895534 -0.280285 0.345628
vn -0.895534 -0.280285 0.345628
vn -0.895534 -0.280285 0.345628
vn -0.466476 -0.551556 -0.691510
vn -0.466476 -0.551556 -0.691510
vn -0.466476 -0.551556 -0.691510
vn -0.547475 0.811566 0.204036
vn -0.547475 0.811566 0.204036
vn -0.547475 0.811566 0.204036
vn -0.118417 0.540296 -0.833101
vn -0.118417 0.540296 -0.833101
vn -0.118417 0.540296 -0.833101
vn -0.794900 -0.112760 -0.596170
vn -0.794900 -0.112760 -0.596170
vn -0.794900 -0.112760 -0.596170
vn -0.794900 -0.112760 -0.596170
vn 0.794900 0.112760 0.596170
vn 0.794900 0.112760 0.596170
vn 0.794900 0.112760 0.596170
vn 0.794900 0.112760 0.596170
vn 0.095832 0.946913 -0.306876
vn 0.095832 0.946913 -0.306876
vn 0.095832 0.946913 -0.306876
vn 0.095832 0.946913 -0.306876
vn -0.095832 -0.946913 0.306876
vn -0.095832 -0.946913 0.306876
vn -0.095832 -0.946913 0.306876
vn -0.095832 -0.946913 0.306876
vn -0.599124 0.301068 0.741895
vn -0.599124 0.301068 0.741895
vn -0.599124 0.301068 0.741895
vn -0.599124 0.301068 0.741895
vn 0.599124 -0.301068 -0.741895
vn 0.599124 -0.301068 -0.741895
vn 0.599124 -0.301068 -0.741895
vn 0.599124 -0.301068 -0.741895
vn -0.494316 0.589835 -0.638550
vn -0.494316 0.589835 -0.638550
vn -0.494316 0.589835 -0.638550
vn -0.494316 0.589835 -0.638550
vn 0.629843 0.749301 0.204562
vn 0.629843 0.749301 0.204562
vn 0.629843 0.749301 0.204562
vn 0.629843 0.749301 0.204562
vn -0.629843 -0.749301 -0.204562
vn -0.629843 -0.749301 -0.204562
vn -0.629843 -0.749301 -0.204562
vn -0.629843 -0.749301 -0.204562
vn 0.494316 -0.589835 0.638550
vn 0.494316 -0.589835 0.638550
vn 0.494316 -0.589835 0.638550
vn 0.494316 -0.589835 0.638550
vn -0.985724 0.133154 0.103043
vn -0.985724 0.133154 0.103043
vn -0.985724 0.133154 0.103043
vn -0.985724 0.133154 0.103043
vn 0.138435 0.292620 0.946155
vn 0.138435 0.292620 0.946155
vn 0.138435 0.292620 0.946155
vn 0.138435 0.292620 0.946155
vn -0.138435 -0.292620 -0.946155
vn -0.138435 -0.292620 -0.946155
vn -0.138435 -0.292620 -0.946155
vn -0.138435 -0.292620 -0.946155
vn 0.985724 -0.133154 -0.103043
vn 0.985724 -0.133154 -0.103043
vn 0.985724 -0.133154 -0.103043
vn 0.985724 -0.133154 -0.103043
vn -0.355882 0.882455 0.307605
vn -0.355882 0.882455 0.307605
vn -0.355882 0.882455 0.307605
vn -0.355882 0.882455 0.307605
vn -0.491408 -0.456681 0.741593
vn -0.491408 -0.456681 0.741593
vn -0.491408 -0.456681 0.741593
vn -0.491408 -0.456681 0.741593
vn 0.491408 0.456681 -0.741593
vn 0.491408 0.456681 -0.741593
vn 0.491408 0.456681 -0.741593
vn 0.491408 0.456681 -0.741593
vn 0.355882 -0.882455 -0.307605
vn 0.355882 -0.882455 -0.307605
vn 0.355882 -0.882455 -0.307605
vn 0.355882 -0.882455 -0.307605
vn 0.749512 -0.655420 0.093040
vn 0.749512 -0.655420 0.093040
vn 0.749512 -0.655420 0.093040
vn -0.168360 -0.785624 -0.595358
vn -0.168360 -0.785624 -0.595358
vn -0.168360 -0.785624 -0.595358
vn 0.860169 0.437981 -0.261309
vn 0.860169 0.437981 -0.261309
vn 0.860169 0.437981 -0.261309
vn -0.057703 0.307777 -0.949707
vn -0.057703 0.307777 -0.949707
vn -0.057703 0.307777 -0.949707
vn 0.057703 -0.307777 0.949707
vn 0.057703 -0.307777 0.949707
vn 0.057703 -0.307777 0.949707
vn -0.860169 -0.437981 0.261309
vn -0.860169 -0.437981 0.261309
vn -0.860169 -0.437981 0.261309
vn 0.168360 0.785624 0.595358
vn 0.168360 0.785624 0.595358
vn 0.168360 0.785624 0.595358
vn -0.749512 0.655420 -0.093040
vn -0.749512 0.655420 -0.093040
vn -0.749512 0.655420 -0.093040
vn 0.047996 -0.424945 -0.903946
vn 0.047996 -0.424945 -0.903946
vn 0.047996 -0.424945 -0.903946
vn 0.047996 -0.424945 -0.903946
vn -0.047996 0.424945 0.903946
vn -0.047996 0.424945 0.903946
vn -0.047996 0.424945 0.903946
vn -0.047996 0.424945 0.903946
vn 0.181446 0.893641 -0.410467
vn 0.181446 0.893641 -0.410467
vn 0.181446 0.893641 -0.410467
vn 0.181446 0.893641 -0.410467
vn -0.181446 -0.893641 0.410467
vn -0.181446 -0.893641 0.410467
vn -0.181446 -0.893641 0.410467
vn -0.181446 -0.893641 0.410467
vn -0.982229 0.144316 -0.119996
vn -0.982229 0.144316 -0.119996
vn -0.982229 0.144316 -0.119996
vn -0.982229 0.144316 -0.119996
vn 0.982229 -0.144316 0.119996
vn 0.982229 -0.144316 0.119996
vn 0.982229 -0.144316 0.119996
vn 0.982229 -0.144316 0.119996
vn 0.162240 0.331418 -0.929430
vn 0.162240 0.331418 -0.929430
vn 0.162240 0.331418 -0.929430
vn 0.162240 0.331418 -0.929430
vn 0.094363 0.932381 0.348943
vn 0.094363 0.932381 0.348943
vn 0.094363 0.932381 0.348943
vn 0.094363 0.932381 0.348943
vn -0.094363 -0.932381 -0.348943
vn -0.094363 -0.932381 -0.348943
vn -0.094363 -0.932381 -0.348943
vn -0.094363 -0.932381 -0.348943
vn -0.162240 -0.331418 0.929430
vn -0.162240 -0.331418 0.929430
vn -0.162240 -0.331418 0.929430
vn -0.162240 -0.331418 0.929430
vn -0.660603 -0.198434 -0.724036
vn -0.660603 -0.198434 -0.724036
vn -0.660603 -0.198434 -0.724036
vn -0.660603 -0.198434 -0.724036
vn -0.728479 0.402528 0.554337
vn -0.728479 0.402528 0.554337
vn -0.728479 0.402528 0.554337
vn -0.728479 0.402528 0.554337
vn 0.728479 -0.402528 -0.554337
vn 0.728479 -0.402528 -0.554337
vn 0.728479 -0.402528 -0.554337
vn 0.728479 -0.402528 -0.554337
vn 0.660603 0.198434 0.724036
vn 0.660603 0.198434 0.724036
vn 0.660603 0.198434 0.724036
vn 0.660603 0.198434 0.724036
vn -0.566239 0.733947 -0.375093
vn -0.566239 0.733947 -0.375093
vn -0.566239 0.733947 -0.375093
vn -0.566239 0.733947 -0.375093
vn -0.822842 -0.529853 0.205394
vn -0.822842 -0.529853 0.205394
vn -0.822842 -0.529853 0.205394
vn -0.822842 -0.529853 0.205394
vn 0.822842 0.529853 -0.205394
vn 0.822842 0.529853 -0.205394
vn 0.822842 0.529853 -0.205394
vn 0.822842 0.529853 -0.205394
vn 0.566239 -0.733947 0.375093
vn 0.566239 -0.733947 0.375093
vn 0.566239 -0.733947 0.375093
vn 0.566239 -0.733947 0.375093
vn 0.434622 -0.353923 0.828156
vn 0.434622 -0.353923 0.828156
vn 0.434622 -0.353923 0.828156
vn 0.490043 -0.844607 -0.215631
vn 0.490043 -0.844607 -0.215631
vn 0.490043 -0.844607 -0.215631
vn 0.644137 0.677965 0.354190
vn 0.644137 0.677965 0.354190
vn 0.644137 0.677965 0.354190
vn 0.699558 0.187281 -0.689597
vn 0.699558 0.187281 -0.689597
vn 0.699558 0.187281 -0.689597
vn -0.699558 -0.187281 0.689597
vn -0.699558 -0.187281 0.689597
vn -0.699558 -0.187281 0.689597
vn -0.644137 -0.677965 -0.354190
vn -0.644137 -0.677965 -0.354190
vn -0.644137 -0.677965 -0.354190
vn -0.490043 0.844607 0.215631
vn -0.490043 0.844607 0.215631
vn -0.490043 0.844607 0.215631
vn -0.434622 0.353923 -0.828156
vn -0.434622 0.353923 -0.828156
vn -0.434622 0.353923 -0.828156
vn -0.816481 -0.512766 -0.265385
vn -0.816481 -0.512766 -0.265385
vn -0.816481 -0.512766 -0.265385
vn -0.816481 -0.512766 -0.265385
vn 0.816481 0.512766 0.265385
vn 0.816481 0.512766 0.265385
vn 0.816481 0.512766 0.265385
vn 0.816481 0.512766 0.265385
vn -0.238402 0.718039 -0.653899
vn -0.238402 0.718039 -0.653899
vn -0.238402 0.718039 -0.653899
vn -0.238402 0.718039 -0.653899
vn 0.238402 -0.718039 0.653899
vn 0.238402 -0.718039 0.653899
vn 0.238402 -0.718039 0.653899
vn 0.238402 -0.718039 0.653899
vn -0.525854 0.470628 0.708510
vn -0.525854 0.470628 0.708510
vn -0.525854 0.470628 0.708510
vn -0.525854 0.470628 0.708510
vn 0.525854 -0.470628 -0.708510
vn 0.525854 -0.470628 -0.708510
vn 0.525854 -0.470628 -0.708510
vn 0.525854 -0.470628 -0.708510
vn -0.745915 0.145150 -0.650032
vn -0.745915 0.145150 -0.650032
vn -0.745915 0.145150 -0.650032
vn -0.745915 0.145150 -0.650032
vn 0.408764 0.870310 -0.274721
vn 0.408764 0.870310 -0.274721
vn 0.408764 0.870310 -0.274721
vn 0.408764 0.870310 -0.274721
vn -0.408764 -0.870310 0.274721
vn -0.408764 -0.870310 0.274721
vn -0.408764 -0.870310 0.274721
vn -0.408764 -0.870310 0.274721
vn 0.745915 -0.145150 0.650032
vn 0.745915 -0.145150 0.650032
vn 0.745915 -0.145150 0.650032
vn 0.745915 -0.145150 0.650032
vn -0.949175 -0.029796 0.313337
vn -0.949175 -0.029796 0.313337
vn -0.949175 -0.029796 0.313337
vn -0.949175 -0.029796 0.313337
vn 0.205505 0.695365 0.688648
vn 0.205505 0.695365 0.688648
vn 0.205505 0.695365 0.688648
vn 0.205505 0.695365 0.688648
vn -0.205505 -0.695365 -0.688648
vn -0.205505 -0.695365 -0.688648
vn -0.205505 -0.695365 -0.688648
vn -0.205505 -0.695365 -0.688648
vn 0.949175 0.029796 -0.313337
vn 0.949175 0.029796 -0.313337
vn 0.949175 0.029796 -0.313337
vn 0.949175 0.029796 -0.313337
vn -0.540411 0.840515 0.038616
vn -0.540411 0.840515 0.038616
vn -0.540411 0.840515 0.038616
vn -0.540411 0.840515 0.038616
vn -0.203259 -0.174946 0.963369
vn -0.203259 -0.174946 0.963369
vn -0.203259 -0.174946 0.963369
vn -0.203259 -0.174946 0.963369
vn 0.203259 0.174946 -0.963369
vn 0.203259 0.174946 -0.963369
vn 0.203259 0.174946 -0.963369
vn 0.203259 0.174946 -0.963369
vn 0.540411 -0.840515 -0.038616
vn 0.540411 -0.840515 -0.038616
vn 0.540411 -0.840515 -0.038616
vn 0.540411 -0.840515 -0.038616
vn 0.912639 -0.390232 0.121691
vn 0.912639 -0.390232 0.121691
vn 0.912639 -0.390232 0.121691
vn -0.030152 -0.982323 -0.184750
vn -0.030152 -0.982323 -0.184750
vn -0.030152 -0.982323 -0.184750
vn 0.637356 0.438888 -0.633367
vn 0.637356 0.438888 -0.633367
vn 0.637356 0.438888 -0.633367
vn -0.305435 -0.153203 -0.939808
vn -0.305435 -0.153203 -0.939808
vn -0.305435 -0.153203 -0.939808
vn 0.305435 0.153203 0.939808
vn 0.305435 0.153203 0.939808
vn 0.305435 0.153203 0.939808
vn -0.637356 -0.438888 0.633367
vn -0.637356 -0.438888 0.633367
vn -0.637356 -0.438888 0.633367
vn 0.030152 0.982323 0.184750
vn 0.030152 0.982323 0.184750
vn 0.030152 0.982323 0.184750
vn -0.912639 0.390232 -0.121691
vn -0.912639 0.390232 -0.121691
vn -0.912639 0.390232 -0.121691
vn -0.295068 0.756832 0.583216
vn -0.295068 0.756832 0.583216
vn -0.295068 0.756832 0.583216
vn -0.295068 0.756832 0.583216
vn 0.295068 -0.756832 -0.583216
vn 0.295068 -0.756832 -0.583216
vn 0.295068 -0.756832 -0.583216
vn 0.295068 -0.756832 -0.583216
vn 0.262298 0.651104 -0.712224
vn 0.262298 0.651104 -0.712224
vn 0.262298 0.651104 -0.712224
vn 0.262298 0.651104 -0.712224
vn -0.262298 -0.651104 0.712224
vn -0.262298 -0.651104 0.712224
vn -0.262298 -0.651104 0.712224
vn -0.262298 -0.651104 0.712224
vn 0.918768 0.057179 0.390636
vn 0.918768 0.057179 0.390636
vn 0.918768 0.057179 0.390636
vn 0.918768 0.057179 0.390636
vn -0.918768 -0.057179 -0.390636
vn -0.918768 -0.057179 -0.390636
vn -0.918768 -0.057179 -0.390636
vn -0.918768 -0.057179 -0.390636
vn -0.023172 0.995561 -0.091223
vn -0.023172 0.995561 -0.091223
vn -0.023172 0.995561 -0.091223
vn -0.023172 0.995561 -0.091223
vn 0.394118 -0.074761 -0.916014
vn 0.394118 -0.074761 -0.916014
vn 0.394118 -0.074761 -0.916014
vn 0.394118 -0.074761 -0.916014
vn -0.394118 0.074761 0.916014
vn -0.394118 0.074761 0.916014
vn -0.394118 0.074761 0.916014
vn -0.394118 0.074761 0.916014
vn 0.023172 -0.995561 0.091223
vn 0.023172 -0.995561 0.091223
vn 0.023172 -0.995561 0.091223
vn 0.023172 -0.995561 0.091223
vn 0.441022 0.575592 0.688617
vn 0.441022 0.575592 0.688617
vn 0.441022 0.575592 0.688617
vn 0.441022 0.575592 0.688617
vn 0.858312 -0.494730 -0.136175
vn 0.858312 -0.494730 -0.136175
vn 0.858312 -0.494730 -0.136175
vn 0.858312 -0.494730 -0.136175
vn -0.858312 0.494730 0.136175
vn -0.858312 0.494730 0.136175
vn -0.858312 0.494730 0.136175
vn -0.858312 0.494730 0.136175
vn -0.441022 -0.575592 -0.688617
vn -0.441022 -0.575592 -0.688617
vn -0.441022 -0.575592 -0.688617
vn -0.441022 -0.575592 -0.688617
vn 0.835140 0.500831 -0.227397
vn 0.835140 0.500831 -0.227397
vn 0.835140 0.500831 -0.227397
vn 0.835140 0.500831 -0.227397
vn 0.464194 -0.419969 0.779840
vn 0.464194 -0.419969 0.779840
vn 0.464194 -0.419969 0.779840
vn 0.464194 -0.419969 0.779840
vn -0.464194 0.419969 -0.779840
vn -0.464194 0.419969 -0.779840
vn -0.464194 0.419969 -0.779840
vn -0.464194 0.419969 -0.779840
vn -0.835140 -0.500831 0.227397
vn -0.835140 -0.500831 0.227397
vn -0.835140 -0.500831 0.227397
vn -0.835140 -0.500831 0.227397
vn -0.511531 -0.845884 -0.151050
vn -0.511531 -0.845884 -0.151050
vn -0.511531 -0.845884 -0.151050
vn -0.852247 0.028030 0.522389
vn -0.852247 0.028030 0.522389
vn -0.852247 0.028030 0.522389
vn -0.208655 -0.094054 -0.973456
vn -0.208655 -0.094054 -0.973456
vn -0.208655 -0.094054 -0.973456
vn -0.549371 0.779860 -0.300017
vn -0.549371 0.779860 -0.300017
vn -0.549371 0.779860 -0.300017
vn 0.549371 -0.779860 0.300017
vn 0.549371 -0.779860 0.300017
vn 0.549371 -0.779860 0.300017
vn 0.208655 0.094054 0.973456
vn 0.208655 0.094054 0.973456
vn 0.208655 0.094054 0.973456
vn 0.852247 -0.028030 -0.522389
vn 0.852247 -0.028030 -0.522389
vn 0.852247 -0.028030 -0.522389
vn 0.511531 0.845884 0.151050
vn 0.511531 0.845884 0.151050
vn 0.511531 0.845884 0.151050
vn 0.610557 -0.177454 -0.771836
vn 0.610557 -0.177454 -0.771836
vn 0.610557 -0.177454 -0.771836
vn 0.610557 -0.177454 -0.771836
vn -0.610557 0.177454 0.771836
vn -0.610557 0.177454 0.771836
vn -0.610557 0.177454 0.771836
vn -0.610557 0.177454 0.771836
vn 0.454021 0.876955 0.157529
vn 0.454021 0.876955 0.157529
vn 0.454021 0.876955 0.157529
vn 0.454021 0.876955 0.157529
vn -0.454021 -0.876955 -0.157529
vn -0.454021 -0.876955 -0.157529
vn -0.454021 -0.876955 -0.157529
vn -0.454021 -0.876955 -0.157529
vn -0.648911 0.446610 -0.615998
vn -0.648911 0.446610 -0.615998
vn -0.648911 0.446610 -0.615998
vn -0.648911 0.446610 -0.615998
vn 0.648911 -0.446610 0.615998
vn 0.648911 -0.446610 0.615998
vn 0.648911 -0.446610 0.615998
vn 0.648911 -0.446610 0.615998
vn 0.752770 0.494622 -0.434380
vn 0.752770 0.494622 -0.434380
vn 0.752770 0.494622 -0.434380
vn 0.752770 0.494622 -0.434380
vn -0.110687 0.745579 0.657160
vn -0.110687 0.745579 0.657160
vn -0.110687 0.745579 0.657160
vn -0.110687 0.745579 0.657160
vn 0.110687 -0.745579 -0.657160
vn 0.110687 -0.745579 -0.657160
vn 0.110687 -0.745579 -0.657160
vn 0.110687 -0.745579 -0.657160
vn -0.752770 -0.494622 0.434380
vn -0.752770 -0.494622 0.434380
vn -0.752770 -0.494622 0.434380
vn -0.752770 -0.494622 0.434380
vn -0.027120 0.190322 -0.981347
vn -0.027120 0.190322 -0.981347
vn -0.027120 0.190322 -0.981347
vn -0.027120 0.190322 -0.981347
vn -0.890578 0.441280 0.110194
vn -0.890578 0.441280 0.110194
vn -0.890578 0.441280 0.110194
vn -0.890578 0.441280 0.110194
vn 0.890578 -0.441280 -0.110194
vn 0.890578 -0.441280 -0.110194
vn 0.890578 -0.441280 -0.110194
vn 0.890578 -0.441280 -0.110194
vn 0.027120 -0.190322 0.981347
vn 0.027120 -0.190322 0.981347
vn 0.027120 -0.190322 0.981347
vn 0.027120 -0.190322 0.981347
vn -0.137808 0.935902 -0.324187
vn -0.137808 0.935902 -0.324187
vn -0.137808 0.935902 -0.324187
vn -0.137808 0.935902 -0.324187
vn -0.779891 -0.304299 -0.546967
vn -0.779891 -0.304299 -0.546967
vn -0.779891 -0.304299 -0.546967
vn -0.779891 -0.304299 -0.546967
vn 0.779891 0.304299 0.546967
vn 0.779891 0.304299 0.546967
vn 0.779891 0.304299 0.546967
vn 0.779891 0.304299 0.546967
vn 0.137808 -0.935902 0.324187
vn 0.137808 -0.935902 0.324187
vn 0.137808 -0.935902 0.324187
vn 0.137808 -0.935902 0.324187
vn -0.239986 -0.661707 0.710317
vn -0.239986 -0.661707 0.710317
vn -0.239986 -0.661707 0.710317
vn 0.465025 -0.866614 -0.180922
vn 0.465025 -0.866614 -0.180922
vn 0.465025 -0.866614 -0.180922
vn 0.284273 0.350912 0.892216
vn 0.284273 0.350912 0.892216
vn 0.284273 0.350912 0.892216
vn 0.989283 0.146006 0.000977
vn 0.989283 0.146006 0.000977
vn 0.989283 0.146006 0.000977
vn -0.989283 -0.146006 -0.000977
vn -0.989283 -0.146006 -0.000977
vn -0.989283 -0.146006 -0.000977
vn -0.284273 -0.350912 -0.892216
vn -0.284273 -0.350912 -0.892216
vn -0.284273 -0.350912 -0.892216
vn -0.465025 0.866614 0.180922
vn -0.465025 0.866614 0.180922
vn -0.465025 0.866614 0.180922
vn 0.239986 0.661707 -0.710317
vn 0.239986 0.661707 -0.710317
vn 0.239986 0.661707 -0.710317
vn 0.953613 0.232624 0.191072
vn 0.953613 0.232624 0.191072
vn 0.953613 0.232624 0.191072
vn 0.953613 0.232624 0.191072
vn -0.953613 -0.232624 -0.191072
vn -0.953613 -0.232624 -0.191072
vn -0.953613 -0.232624 -0.191072
vn -0.953613 -0.232624 -0.191072
vn -0.225990 0.972512 -0.056114
vn -0.225990 0.972512 -0.056114
vn -0.225990 0.972512 -0.056114
vn -0.225990 0.972512 -0.056114
vn 0.225990 -0.972512 0.056114
vn 0.225990 -0.972512 0.056114
vn 0.225990 -0.972512 0.056114
vn 0.225990 -0.972512 0.056114
vn 0.198873 -0.010331 -0.979971
vn 0.198873 -0.010331 -0.979971
vn 0.198873 -0.010331 -0.979971
vn 0.198873 -0.010331 -0.979971
vn -0.198873 0.010331 0.979971
vn -0.198873 0.010331 0.979971
vn -0.198873 0.010331 0.979971
vn -0.198873 0.010331 0.979971
vn 0.514507 0.852160 0.095429
vn 0.514507 0.852160 0.095429
vn 0.514507 0.852160 0.095429
vn 0.514507 0.852160 0.095429
vn -0.834106 0.523180 -0.174787
vn -0.834106 0.523180 -0.174787
vn -0.834106 0.523180 -0.174787
vn -0.834106 0.523180 -0.174787
vn 0.834106 -0.523180 0.174787
vn 0.834106 -0.523180 0.174787
vn 0.834106 -0.523180 0.174787
vn 0.834106 -0.523180 0.174787
vn -0.514507 -0.852160 -0.095429
vn -0.514507 -0.852160 -0.095429
vn -0.514507 -0.852160 -0.095429
vn -0.514507 -0.852160 -0.095429
vn 0.814931 0.157185 -0.557836
vn 0.814931 0.157185 -0.557836
vn 0.814931 0.157185 -0.557836
vn 0.814931 0.157185 -0.557836
vn -0.533682 -0.171795 -0.828052
vn -0.533682 -0.171795 -0.828052
vn -0.533682 -0.171795 -0.828052
vn -0.533682 -0.171795 -0.828052
vn 0.533682 0.171795 0.828052
vn 0.533682 0.171795 0.828052
vn 0.533682 0.171795 0.828052
vn 0.533682 0.171795 0.828052
vn -0.814931 -0.157185 0.557836
vn -0.814931 -0.157185 0.557836
vn -0.814931 -0.157185 0.557836
vn -0.814931 -0.157185 0.557836
vn -0.019175 0.680365 -0.732623
vn -0.019175 0.680365 -0.732623
vn -0.019175 0.680365 -0.732623
vn -0.019175 0.680365 -0.732623
vn 0.300424 -0.694975 -0.653265
vn 0.300424 -0.694975 -0.653265
vn 0.300424 -0.694975 -0.653265
vn 0.300424 -0.694975 -0.653265
vn -0.300424 0.694975 0.653265
vn -0.300424 0.694975 0.653265
vn -0.300424 0.694975 0.653265
vn -0.300424 0.694975 0.653265
vn 0.019175 -0.680365 0.732623
vn 0.019175 -0.680365 0.732623
vn 0.019175 -0.680365 0.732623
vn 0.019175 -0.680365 0.732623
vn -0.534913 -0.689821 0.487869
vn -0.534913 -0.689821 0.487869
vn -0.534913 -0.689821 0.487869
vn 0.566225 -0.421210 0.708499
vn 0.566225 -0.421210 0.708499
vn 0.566225 -0.421210 0.708499
vn -0.795864 0.433139 0.423074
vn -0.795864 0.433139 0.423074
vn -0.795864 0.433139 0.423074
vn 0.305274 0.701750 0.643704
vn 0.305274 0.701750 0.643704
vn 0.305274 0.701750 0.643704
vn -0.305274 -0.701750 -0.643704
vn -0.305274 -0.701750 -0.643704
vn -0.305274 -0.701750 -0.643704
vn 0.795864 -0.433139 -0.423074
vn 0.795864 -0.433139 -0.423074
vn 0.795864 -0.433139 -0.423074
vn -0.566225 0.421210 -0.708499
vn -0.566225 0.421210 -0.708499
vn -0.566225 0.421210 -0.708499
vn 0.534913 0.689821 -0.487869
vn 0.534913 0.689821 -0.487869
vn 0.534913 0.689821 -0.487869
vn -0.160569 -0.576170 -0.801403
vn -0.160569 -0.576170 -0.801403
vn -0.160569 -0.576170 -0.801403
vn -0.160569 -0.576170 -0.801403
vn 0.160569 0.576170 0.801403
vn 0.160569 0.576170 0.801403
vn 0.160569 0.576170 0.801403
vn 0.160569 0.576170 0.801403
vn 0.425791 0.692068 -0.582875
vn 0.425791 0.692068 -0.582875
vn 0.425791 0.692068 -0.582875
vn 0.425791 0.692068 -0.582875
vn -0.425791 -0.692068 0.582875
vn -0.425791 -0.692068 0.582875
vn -0.425791 -0.692068 0.582875
vn -0.425791 -0.692068 0.582875
vn -0.890460 0.434822 -0.134204
vn -0.890460 0.434822 -0.134204
vn -0.890460 0.434822 -0.134204
vn -0.890460 0.434822 -0.134204
vn 0.890460 -0.434822 0.134204
vn 0.890460 -0.434822 0.134204
vn 0.890460 -0.434822 0.134204
vn 0.890460 -0.434822 0.134204
vn 0.187541 0.081953 -0.978832
vn 0.187541 0.081953 -0.978832
vn 0.187541 0.081953 -0.978832
vn 0.187541 0.081953 -0.978832
vn 0.414619 0.896780 0.154522
vn 0.414619 0.896780 0.154522
vn 0.414619 0.896780 0.154522
vn 0.414619 0.896780 0.154522
vn -0.414619 -0.896780 -0.154522
vn -0.414619 -0.896780 -0.154522
vn -0.414619 -0.896780 -0.154522
vn -0.414619 -0.896780 -0.154522
vn -0.187541 -0.081953 0.978832
vn -0.187541 -0.081953 0.978832
vn -0.187541 -0.081953 0.978832
vn -0.187541 -0.081953 0.978832
vn -0.743190 -0.099948 -0.661573
vn -0.743190 -0.099948 -0.661573
vn -0.743190 -0.099948 -0.661573
vn -0.743190 -0.099948 -0.661573
vn -0.516111 0.714879 0.471781
vn -0.516111 0.714879 0.471781
vn -0.516111 0.714879 0.471781
vn -0.516111 0.714879 0.471781
vn 0.516111 -0.714879 -0.471781
vn 0.516111 -0.714879 -0.471781
vn 0.516111 -0.714879 -0.471781
vn 0.516111 -0.714879 -0.471781
vn 0.743190 0.099948 0.661573
vn 0.743190 0.099948 0.661573
vn 0.743190 0.099948 0.661573
vn 0.743190 0.099948 0.661573
vn -0.328570 0.796832 -0.507051
vn -0.328570 0.796832 -0.507051
vn -0.328570 0.796832 -0.507051
vn -0.328570 0.796832 -0.507051
vn -0.930730 -0.181901 0.317259
vn -0.930730 -0.181901 0.317259
vn -0.930730 -0.181901 0.317259
vn -0.930730 -0.181901 0.317259
vn 0.930730 0.181901 -0.317259
vn 0.930730 0.181901 -0.317259
vn 0.930730 0.181901 -0.317259
vn 0.930730 0.181901 -0.317259
vn 0.328570 -0.796832 0.507051
vn 0.328570 -0.796832 0.507051
vn 0.328570 -0.796832 0.507051
vn 0.328570 -0.796832 0.507051
vn 0.360981 -0.317959 0.876695
vn 0.360981 -0.317959 0.876695
vn 0.360981 -0.317959 0.876695
vn 0.175572 -0.983262 -0.048685
vn 0.175572 -0.983262 -0.048685
vn 0.175572 -0.983262 -0.048685
vn 0.852643 0.481173 0.203649
vn 0.852643 0.481173 0.203649
vn 0.852643 0.481173 0.203649
vn 0.667234 -0.184130 -0.721731
vn 0.667234 -0.184130 -0.721731
vn 0.667234 -0.184130 -0.721731
vn -0.667234 0.184130 0.721731
vn -0.667234 0.184130 0.721731
vn -0.667234 0.184130 0.721731
vn -0.852643 -0.481173 -0.203649
vn -0.852643 -0.481173 -0.203649
vn -0.852643 -0.481173 -0.203649
vn -0.175572 0.983262 0.048685
vn -0.175572 0.983262 0.048685
vn -0.175572 0.983262 0.048685
vn -0.360981 0.317959 -0.876695
vn -0.360981 0.317959 -0.876695
vn -0.360981 0.317959 -0.876695
vn 0.240500 0.138414 0.960729
vn 0.240500 0.138414 0.960729
vn 0.240500 0.138414 0.960729
vn 0.240500 0.138414 0.960729
vn -0.240500 -0.138414 -0.960729
vn -0.240500 -0.138414 -0.960729
vn -0.240500 -0.138414 -0.960729
vn -0.240500 -0.138414 -0.960729
vn -0.458879 0.888402 -0.013122
vn -0.458879 0.888402 -0.013122
vn -0.458879 0.888402 -0.013122
vn -0.458879 0.888402 -0.013122
vn 0.458879 -0.888402 0.013122
vn 0.458879 -0.888402 0.013122
vn 0.458879 -0.888402 0.013122
vn 0.458879 -0.888402 0.013122
vn 0.855330 0.437703 -0.277176
vn 0.855330 0.437703 -0.277176
vn 0.855330 0.437703 -0.277176
vn 0.855330 0.437703 -0.277176
vn -0.855330 -0.437703 0.277176
vn -0.855330 -0.437703 0.277176
vn -0.855330 -0.437703 0.277176
vn -0.855330 -0.437703 0.277176
vn -0.154417 0.726068 0.670060
vn -0.154417 0.726068 0.670060
vn -0.154417 0.726068 0.670060
vn -0.154417 0.726068 0.670060
vn -0.494536 0.530321 -0.688617
vn -0.494536 0.530321 -0.688617
vn -0.494536 0.530321 -0.688617
vn -0.494536 0.530321 -0.688617
vn 0.494536 -0.530321 0.688617
vn 0.494536 -0.530321 0.688617
vn 0.494536 -0.530321 0.688617
vn 0.494536 -0.530321 0.688617
vn 0.154417 -0.726068 -0.670060
vn 0.154417 -0.726068 -0.670060
vn 0.154417 -0.726068 -0.670060
vn 0.154417 -0.726068 -0.670060
vn 0.774869 0.407376 0.483345
vn 0.774869 0.407376 0.483345
vn 0.774869 0.407376 0.483345
vn 0.774869 0.407376 0.483345
vn 0.434750 0.211629 -0.875332
vn 0.434750 0.211629 -0.875332
vn 0.434750 0.211629 -0.875332
vn 0.434750 0.211629 -0.875332
vn -0.434750 -0.211629 0.875332
vn -0.434750 -0.211629 0.875332
vn -0.434750 -0.211629 0.875332
vn -0.434750 -0.211629 0.875332
vn -0.774869 -0.407376 -0.483345
vn -0.774869 -0.407376 -0.483345
vn -0.774869 -0.407376 -0.483345
vn -0.774869 -0.407376 -0.483345
vn 0.280333 0.937698 -0.205272
vn 0.280333 0.937698 -0.205272
vn 0.280333 0.937698 -0.205272
vn 0.280333 0.937698 -0.205272
vn 0.929286 -0.318692 -0.186715
vn 0.929286 -0.318692 -0.186715
vn 0.929286 -0.318692 -0.186715
vn 0.929286 -0.318692 -0.186715
vn -0.929286 0.318692 0.186715
vn -0.929286 0.318692 0.186715
vn -0.929286 0.318692 0.186715
vn -0.929286 0.318692 0.186715
vn -0.280333 -0.937698 0.205272
vn -0.280333 -0.937698 0.205272
vn -0.280333 -0.937698 0.205272
vn -0.280333 -0.937698 0.205272
vn -0.367744 -0.845540 -0.387074
vn -0.367744 -0.845540 -0.387074
vn -0.367744 -0.845540 -0.387074
vn -0.090038 -0.685713 0.722281
vn -0.090038 -0.685713 0.722281
vn -0.090038 -0.685713 0.722281
vn -0.897612 0.180298 -0.402226
vn -0.897612 0.180298 -0.402226
vn -0.897612 0.180298 -0.402226
vn -0.619906 0.340124 0.707129
vn -0.619906 0.340124 0.707129
vn -0.619906 0.340124 0.707129
vn 0.619906 -0.340124 -0.707129
vn 0.619906 -0.340124 -0.707129
vn 0.619906 -0.340124 -0.707129
vn 0.897612 -0.180298 0.402226
vn 0.897612 -0.180298 0.402226
vn 0.897612 -0.180298 0.402226
vn 0.090038 0.685713 -0.722281
vn 0.090038 0.685713 -0.722281
vn 0.090038 0.685713 -0.722281
vn 0.367744 0.845540 0.387074
vn 0.367744 0.845540 0.387074
vn 0.367744 0.845540 0.387074
vn 0.670884 0.385295 -0.633610
vn 0.670884 0.385295 -0.633610
vn 0.670884 0.385295 -0.633610
vn 0.670884 0.385295 -0.633610
vn -0.670884 -0.385295 0.633610
vn -0.670884 -0.385295 0.633610
vn -0.670884 -0.385295 0.633610
vn -0.670884 -0.385295 0.633610
vn 0.076255 0.814053 0.575763
vn 0.076255 0.814053 0.575763
vn 0.076255 0.814053 0.575763
vn 0.076255 0.814053 0.575763
vn -0.076255 -0.814053 -0.575763
vn -0.076255 -0.814053 -0.575763
vn -0.076255 -0.814053 -0.575763
vn -0.076255 -0.814053 -0.575763
vn -0.737631 0.434586 -0.516754
vn -0.737631 0.434586 -0.516754
vn -0.737631 0.434586 -0.516754
vn -0.737631 0.434586 -0.516754
vn 0.737631 -0.434586 0.516754
vn 0.737631 -0.434586 0.516754
vn 0.737631 -0.434586 0.516754
vn 0.737631 -0.434586 0.516754
vn 0.528307 0.848067 -0.040904
vn 0.528307 0.848067 -0.040904
vn 0.528307 0.848067 -0.040904
vn 0.528307 0.848067 -0.040904
vn -0.420466 0.303178 0.855156
vn -0.420466 0.303178 0.855156
vn -0.420466 0.303178 0.855156
vn -0.420466 0.303178 0.855156
vn 0.420466 -0.303178 -0.855156
vn 0.420466 -0.303178 -0.855156
vn 0.420466 -0.303178 -0.855156
vn 0.420466 -0.303178 -0.855156
vn -0.528307 -0.848067 0.040904
vn -0.528307 -0.848067 0.040904
vn -0.528307 -0.848067 0.040904
vn -0.528307 -0.848067 0.040904
vn -0.047197 0.579744 -0.813431
vn -0.047197 0.579744 -0.813431
vn -0.047197 0.579744 -0.813431
vn -0.047197 0.579744 -0.813431
vn -0.995971 0.034854 0.082630
vn -0.995971 0.034854 0.082630
vn -0.995971 0.034854 0.082630
vn -0.995971 0.034854 0.082630
vn 0.995971 -0.034854 -0.082630
vn 0.995971 -0.034854 -0.082630
vn 0.995971 -0.034854 -0.082630
vn 0.995971 -0.034854 -0.082630
vn 0.047197 -0.579744 0.813431
vn 0.047197 -0.579744 0.813431
vn 0.047197 -0.579744 0.813431
vn 0.047197 -0.579744 0.813431
vn -0.467663 0.882921 0.041725
vn -0.467663 0.882921 0.041725
vn -0.467663 0.882921 0.041725
vn -0.467663 0.882921 0.041725
vn -0.575505 -0.268324 -0.772526
vn -0.575505 -0.268324 -0.772526
vn -0.575505 -0.268324 -0.772526
vn -0.575505 -0.268324 -0.772526
vn 0.575505 0.268324 0.772526
vn 0.575505 0.268324 0.772526
vn 0.575505 0.268324 0.772526
vn 0.575505 0.268324 0.772526
vn 0.467663 -0.882921 -0.041725
vn 0.467663 -0.882921 -0.041725
vn 0.467663 -0.882921 -0.041725
vn 0.467663 -0.882921 -0.041725
vn -0.005490 -0.943353 0.331747
vn -0.005490 -0.943353 0.331747
vn -0.005490 -0.943353 0.331747
vn 0.769181 -0.498452 -0.399884
vn 0.769181 -0.498452 -0.399884
vn 0.769181 -0.498452 -0.399884
vn 0.082563 -0.003365 0.996580
vn 0.082563 -0.003365 0.996580
vn 0.082563 -0.003365 0.996580
vn 0.857233 0.441536 0.264950
vn 0.857233 0.441536 0.264950
vn 0.857233 0.441536 0.264950
vn -0.857233 -0.441536 -0.264950
vn -0.857233 -0.441536 -0.264950
vn -0.857233 -0.441536 -0.264950
vn -0.082563 0.003365 -0.996580
vn -0.082563 0.003365 -0.996580
vn -0.082563 0.003365 -0.996580
vn -0.769181 0.498452 0.399884
vn -0.769181 0.498452 0.399884
vn -0.769181 0.498452 0.399884
vn 0.005490 0.943353 -0.331747
vn 0.005490 0.943353 -0.331747
vn 0.005490 0.943353 -0.331747
vn 0.445196 0.062953 0.893217
vn 0.445196 0.062953 0.893217
vn 0.445196 0.062953 0.893217
vn 0.445196 0.062953 0.893217
vn -0.445196 -0.062953 -0.893217
vn -0.445196 -0.062953 -0.893217
vn -0.445196 -0.062953 -0.893217
vn -0.445196 -0.062953 -0.893217
vn 0.077882 0.991023 -0.108664
vn 0.077882 0.991023 -0.108664
vn 0.077882 0.991023 -0.108664
vn 0.077882 0.991023 -0.108664
vn -0.077882 -0.991023 0.108664
vn -0.077882 -0.991023 0.108664
vn -0.077882 -0.991023 0.108664
vn -0.077882 -0.991023 0.108664
vn 0.892040 -0.117942 -0.436296
vn 0.892040 -0.117942 -0.436296
vn 0.892040 -0.117942 -0.436296
vn 0.892040 -0.117942 -0.436296
vn -0.892040 0.117942 0.436296
vn -0.892040 0.117942 0.436296
vn -0.892040 0.117942 0.436296
vn -0.892040 0.117942 0.436296
vn 0.369872 0.745274 0.554763
vn 0.369872 0.745274 0.554763
vn 0.369872 0.745274 0.554763
vn 0.369872 0.745274 0.554763
vn -0.259730 0.656244 -0.708437
vn -0.259730 0.656244 -0.708437
vn -0.259730 0.656244 -0.708437
vn -0.259730 0.656244 -0.708437
vn 0.259730 -0.656244 0.708437
vn 0.259730 -0.656244 0.708437
vn 0.259730 -0.656244 0.708437
vn 0.259730 -0.656244 0.708437
vn -0.369872 -0.745274 -0.554763
vn -0.369872 -0.745274 -0.554763
vn -0.369872 -0.745274 -0.554763
vn -0.369872 -0.745274 -0.554763
vn 0.945568 -0.038883 0.323092
vn 0.945568 -0.038883 0.323092
vn 0.945568 -0.038883 0.323092
vn 0.945568 -0.038883 0.323092
vn 0.315966 -0.127912 -0.940108
vn 0.315966 -0.127912 -0.940108
vn 0.315966 -0.127912 -0.940108
vn 0.315966 -0.127912 -0.940108
vn -0.315966 0.127912 0.940108
vn -0.315966 0.127912 0.940108
vn -0.315966 0.127912 0.940108
vn -0.315966 0.127912 0.940108
vn -0.945568 0.038883 -0.323092
vn -0.945568 0.038883 -0.323092
vn -0.945568 0.038883 -0.323092
vn -0.945568 0.038883 -0.323092
vn 0.685838 0.617361 -0.385345
vn 0.685838 0.617361 -0.385345
vn 0.685838 0.617361 -0.385345
vn 0.685838 0.617361 -0.385345
vn 0.575697 -0.784157 -0.231671
vn 0.575697 -0.784157 -0.231671
vn 0.575697 -0.784157 -0.231671
vn 0.575697 -0.784157 -0.231671
vn -0.575697 0.784157 0.231671
vn -0.575697 0.784157 0.231671
vn -0.575697 0.784157 0.231671
vn -0.575697 0.784157 0.231671
vn -0.685838 -0.617361 0.385345
vn -0.685838 -0.617361 0.385345
vn -0.685838 -0.617361 0.385345
vn -0.685838 -0.617361 0.385345
vn -0.817018 -0.540420 -0.201066
vn -0.817018 -0.540420 -0.201066
vn -0.817018 -0.540420 -0.201066
vn -0.302950 -0.467727 0.830333
vn -0.302950 -0.467727 0.830333
vn -0.302950 -0.467727 0.830333
vn -0.727088 0.603915 -0.326541
vn -0.727088 0.603915 -0.326541
vn -0.727088 0.603915 -0.326541
vn -0.213020 0.676607 0.704858
vn -0.213020 0.676607 0.704858
vn -0.213020 0.676607 0.704858
vn 0.213020 -0.676607 -0.704858
vn 0.213020 -0.676607 -0.704858
vn 0.213020 -0.676607 -0.704858
vn 0.727088 -0.603915 0.326541
vn 0.727088 -0.603915 0.326541
vn 0.727088 -0.603915 0.326541
vn 0.302950 0.467727 -0.830333
vn 0.302950 0.467727 -0.830333
vn 0.302950 0.467727 -0.830333
vn 0.817018 0.540420 0.201066
vn 0.817018 0.540420 0.201066
vn 0.817018 0.540420 0.201066
vn -0.670964 -0.500473 -0.547114
vn -0.670964 -0.500473 -0.547114
vn -0.670964 -0.500473 -0.547114
vn -0.670964 -0.500473 -0.547114
vn 0.670964 0.500473 0.547114
vn 0.670964 0.500473 0.547114
vn 0.670964 0.500473 0.547114
vn 0.670964 0.500473 0.547114
vn -0.359389 0.864896 -0.350420
vn -0.359389 0.864896 -0.350420
vn -0.359389 0.864896 -0.350420
vn -0.359389 0.864896 -0.350420
vn 0.359389 -0.864896 0.350420
vn 0.359389 -0.864896 0.350420
vn 0.359389 -0.864896 0.350420
vn 0.359389 -0.864896 0.350420
vn -0.648573 0.038492 0.760179
vn -0.648573 0.038492 0.760179
vn -0.648573 0.038492 0.760179
vn -0.648573 0.038492 0.760179
vn 0.648573 -0.038492 -0.760179
vn 0.648573 -0.038492 -0.760179
vn 0.648573 -0.038492 -0.760179
vn 0.648573 -0.038492 -0.760179
vn -0.728570 0.257686 -0.634652
vn -0.728570 0.257686 -0.634652
vn -0.728570 0.257686 -0.634652
vn -0.728570 0.257686 -0.634652
vn 0.220317 0.965462 0.139084
vn 0.220317 0.965462 0.139084
vn 0.220317 0.965462 0.139084
vn 0.220317 0.965462 0.139084
vn -0.220317 -0.965462 -0.139084
vn -0.220317 -0.965462 -0.139084
vn -0.220317 -0.965462 -0.139084
vn -0.220317 -0.965462 -0.139084
vn 0.728570 -0.257686 0.634652
vn 0.728570 -0.257686 0.634652
vn 0.728570 -0.257686 0.634652
vn 0.728570 -0.257686 0.634652
vn -0.933053 -0.326670 0.150659
vn -0.933053 -0.326670 0.150659
vn -0.933053 -0.326670 0.150659
vn -0.933053 -0.326670 0.150659
vn 0.015833 0.381106 0.924396
vn 0.015833 0.381106 0.924396
vn 0.015833 0.381106 0.924396
vn 0.015833 0.381106 0.924396
vn -0.015833 -0.381106 -0.924396
vn -0.015833 -0.381106 -0.924396
vn -0.015833 -0.381106 -0.924396
vn -0.015833 -0.381106 -0.924396
vn 0.933053 0.326670 -0.150659
vn 0.933053 0.326670 -0.150659
vn 0.933053 0.326670 -0.150659
vn 0.933053 0.326670 -0.150659
vn -0.712737 0.638792 0.289744
vn -0.712737 0.638792 0.289744
vn -0.712737 0.638792 0.289744
vn -0.712737 0.638792 0.289744
vn -0.204483 -0.584356 0.785312
vn -0.204483 -0.584356 0.785312
vn -0.204483 -0.584356 0.785312
vn -0.204483 -0.584356 0.785312
vn 0.204483 0.584356 -0.785312
vn 0.204483 0.584356 -0.785312
vn 0.204483 0.584356 -0.785312
vn 0.204483 0.584356 -0.785312
vn 0.712737 -0.638792 -0.289744
vn 0.712737 -0.638792 -0.289744
vn 0.712737 -0.638792 -0.289744
vn 0.712737 -0.638792 -0.289744
vn 0.969328 -0.232623 0.079302
vn 0.969328 -0.232623 0.079302
vn 0.969328 -0.232623 0.079302
vn 0.194566 -0.810519 -0.552451
vn 0.194566 -0.810519 -0.552451
vn 0.194566 -0.810519 -0.552451
vn 0.554341 0.766073 -0.325328
vn 0.554341 0.766073 -0.325328
vn 0.554341 0.766073 -0.325328
vn -0.220421 0.188177 -0.957081
vn -0.220421 0.188177 -0.957081
vn -0.220421 0.188177 -0.957081
vn 0.220421 -0.188177 0.957081
vn 0.220421 -0.188177 0.957081
vn 0.220421 -0.188177 0.957081
vn -0.554341 -0.766073 0.325328
vn -0.554341 -0.766073 0.325328
vn -0.554341 -0.766073 0.325328
vn -0.194566 0.810519 0.552451
vn -0.194566 0.810519 0.552451
vn -0.194566 0.810519 0.552451
vn -0.969328 0.232623 -0.079302
vn -0.969328 0.232623 -0.079302
vn -0.969328 0.232623 -0.079302
vn 0.843179 -0.064717 0.533723
vn 0.843179 -0.064717 0.533723
vn 0.843179 -0.064717 0.533723
vn 0.843179 -0.064717 0.533723
vn -0.843179 0.064717 -0.533723
vn -0.843179 0.064717 -0.533723
vn -0.843179 0.064717 -0.533723
vn -0.843179 0.064717 -0.533723
vn 0.283446 0.897066 -0.339015
vn 0.283446 0.897066 -0.339015
vn 0.283446 0.897066 -0.339015
vn 0.283446 0.897066 -0.339015
vn -0.283446 -0.897066 0.339015
vn -0.283446 -0.897066 0.339015
vn -0.283446 -0.897066 0.339015
vn -0.283446 -0.897066 0.339015
vn 0.456845 -0.437132 -0.774731
vn 0.456845 -0.437132 -0.774731
vn 0.456845 -0.437132 -0.774731
vn 0.456845 -0.437132 -0.774731
vn -0.456845 0.437132 0.774731
vn -0.456845 0.437132 0.774731
vn -0.456845 0.437132 0.774731
vn -0.456845 0.437132 0.774731
vn 0.796644 0.588559 0.137680
vn 0.796644 0.588559 0.137680
vn 0.796644 0.588559 0.137680
vn 0.796644 0.588559 0.137680
vn -0.395791 0.680083 -0.617119
vn -0.395791 0.680083 -0.617119
vn -0.395791 0.680083 -0.617119
vn -0.395791 0.680083 -0.617119
vn 0.395791 -0.680083 0.617119
vn 0.395791 -0.680083 0.617119
vn 0.395791 -0.680083 0.617119
vn 0.395791 -0.680083 0.617119
vn -0.796644 -0.588559 -0.137680
vn -0.796644 -0.588559 -0.137680
vn -0.796644 -0.588559 -0.137680
vn -0.796644 -0.588559 -0.137680
vn 0.919256 -0.354861 -0.170418
vn 0.919256 -0.354861 -0.170418
vn 0.919256 -0.354861 -0.170418
vn 0.919256 -0.354861 -0.170418
vn -0.273179 -0.263337 -0.925217
vn -0.273179 -0.263337 -0.925217
vn -0.273179 -0.263337 -0.925217
vn -0.273179 -0.263337 -0.925217
vn 0.273179 0.263337 0.925217
vn 0.273179 0.263337 0.925217
vn 0.273179 0.263337 0.925217
vn 0.273179 0.263337 0.925217
vn -0.919256 0.354861 0.170418
vn -0.919256 0.354861 0.170418
vn -0.919256 0.354861 0.170418
vn -0.919256 0.354861 0.170418
vn 0.523465 0.325222 -0.787537
vn 0.523465 0.325222 -0.787537
vn 0.523465 0.325222 -0.787537
vn 0.523465 0.325222 -0.787537
vn 0.122612 -0.943420 -0.308098
vn 0.122612 -0.943420 -0.308098
vn 0.122612 -0.943420 -0.308098
vn 0.122612 -0.943420 -0.308098
vn -0.122612 0.943420 0.308098
vn -0.122612 0.943420 0.308098
vn -0.122612 0.943420 0.308098
vn -0.122612 0.943420 0.308098
vn -0.523465 -0.325222 0.787537
vn -0.523465 -0.325222 0.787537
vn -0.523465 -0.325222 0.787537
vn -0.523465 -0.325222 0.787537
vn -0.914217 -0.228178 0.334876
vn -0.914217 -0.228178 0.334876
vn -0.914217 -0.228178 0.334876
vn 0.059402 -0.302907 0.951167
vn 0.059402 -0.302907 0.951167
vn 0.059402 -0.302907 0.951167
vn -0.586922 0.807664 -0.056585
vn -0.586922 0.807664 -0.056585
vn -0.586922 0.807664 -0.056585
vn 0.386698 0.732935 0.559706
vn 0.386698 0.732935 0.559706
vn 0.386698 0.732935 0.559706
vn -0.386698 -0.732935 -0.559706
vn -0.386698 -0.732935 -0.559706
vn -0.386698 -0.732935 -0.559706
vn 0.586922 -0.807664 0.056585
vn 0.586922 -0.807664 0.056585
vn 0.586922 -0.807664 0.056585
vn -0.059402 0.302907 -0.951167
vn -0.059402 0.302907 -0.951167
vn -0.059402 0.302907 -0.951167
vn 0.914217 0.228178 -0.334876
vn 0.914217 0.228178 -0.334876
vn 0.914217 0.228178 -0.334876
vn 0.787989 -0.144556 -0.598479
vn 0.787989 -0.144556 -0.598479
vn 0.787989 -0.144556 -0.598479
vn 0.787989 -0.144556 -0.598479
vn -0.787989 0.144556 0.598479
vn -0.787989 0.144556 0.598479
vn -0.787989 0.144556 0.598479
vn -0.787989 0.144556 0.598479
vn 0.373131 0.885324 0.277444
vn 0.373131 0.885324 0.277444
vn 0.373131 0.885324 0.277444
vn 0.373131 0.885324 0.277444
vn -0.373131 -0.885324 -0.277444
vn -0.373131 -0.885324 -0.277444
vn -0.373131 -0.885324 -0.277444
vn -0.373131 -0.885324 -0.277444
vn -0.489741 0.441934 -0.751564
vn -0.489741 0.441934 -0.751564
vn -0.489741 0.441934 -0.751564
vn -0.489741 0.441934 -0.751564
vn 0.489741 -0.441934 0.751564
vn 0.489741 -0.441934 0.751564
vn 0.489741 -0.441934 0.751564
vn 0.489741 -0.441934 0.751564
vn 0.821036 0.523801 -0.227006
vn 0.821036 0.523801 -0.227006
vn 0.821036 0.523801 -0.227006
vn 0.821036 0.523801 -0.227006
vn -0.293349 0.728235 0.619371
vn -0.293349 0.728235 0.619371
vn -0.293349 0.728235 0.619371
vn -0.293349 0.728235 0.619371
vn 0.293349 -0.728235 -0.619371
vn 0.293349 -0.728235 -0.619371
vn 0.293349 -0.728235 -0.619371
vn 0.293349 -0.728235 -0.619371
vn -0.821036 -0.523801 0.227006
vn -0.821036 -0.523801 0.227006
vn -0.821036 -0.523801 0.227006
vn -0.821036 -0.523801 0.227006
vn 0.210893 0.210278 -0.954624
vn 0.210893 0.210278 -0.954624
vn 0.210893 0.210278 -0.954624
vn 0.210893 0.210278 -0.954624
vn -0.903492 0.414711 -0.108248
vn -0.903492 0.414711 -0.108248
vn -0.903492 0.414711 -0.108248
vn -0.903492 0.414711 -0.108248
vn 0.903492 -0.414711 0.108248
vn 0.903492 -0.414711 0.108248
vn 0.903492 -0.414711 0.108248
vn 0.903492 -0.414711 0.108248
vn -0.210893 -0.210278 0.954624
vn -0.210893 -0.210278 0.954624
vn -0.210893 -0.210278 0.954624
vn -0.210893 -0.210278 0.954624
vn -0.082455 0.938513 -0.335253
vn -0.082455 0.938513 -0.335253
vn -0.082455 0.938513 -0.335253
vn -0.082455 0.938513 -0.335253
vn -0.610143 -0.313524 -0.727618
vn -0.610143 -0.313524 -0.727618
vn -0.610143 -0.313524 -0.727618
vn -0.610143 -0.313524 -0.727618
vn 0.610143 0.313524 0.727618
vn 0.610143 0.313524 0.727618
vn 0.610143 0.313524 0.727618
vn 0.610143 0.313524 0.727618
vn 0.082455 -0.938513 0.335253
vn 0.082455 -0.938513 0.335253
vn 0.082455 -0.938513 0.335253
vn 0.082455 -0.938513 0.335253
vn -0.387621 -0.682833 0.619265
vn -0.387621 -0.682833 0.619265
vn -0.387621 -0.682833 0.619265
vn 0.522270 -0.849752 -0.071799
vn 0.522270 -0.849752 -0.071799
vn 0.522270 -0.849752 -0.071799
vn 0.043234 0.339451 0.939630
vn 0.043234 0.339451 0.939630
vn 0.043234 0.339451 0.939630
vn 0.953125 0.172531 0.248566
vn 0.953125 0.172531 0.248566
vn 0.953125 0.172531 0.248566
vn -0.953125 -0.172531 -0.248566
vn -0.953125 -0.172531 -0.248566
vn -0.953125 -0.172531 -0.248566
vn -0.043234 -0.339451 -0.939630
vn -0.043234 -0.339451 -0.939630
vn -0.043234 -0.339451 -0.939630
vn -0.522270 0.849752 0.071799
vn -0.522270 0.849752 0.071799
vn -0.522270 0.849752 0.071799
vn 0.387621 0.682833 -0.619265
vn 0.387621 0.682833 -0.619265
vn 0.387621 0.682833 -0.619265
vn -0.464394 -0.751199 0.469082
vn -0.464394 -0.751199 0.469082
vn -0.464394 -0.751199 0.469082
vn -0.464394 -0.751199 0.469082
vn 0.464394 0.751199 -0.469082
vn 0.464394 0.751199 -0.469082
vn 0.464394 0.751199 -0.469082
vn 0.464394 0.751199 -0.469082
vn -0.619961 0.653982 0.433538
vn -0.619961 0.653982 0.433538
vn -0.619961 0.653982 0.433538
vn -0.619961 0.653982 0.433538
vn 0.619961 -0.653982 -0.433538
vn 0.619961 -0.653982 -0.433538
vn 0.619961 -0.653982 -0.433538
vn 0.619961 -0.653982 -0.433538
vn 0.632445 0.089480 0.769420
vn 0.632445 0.089480 0.769420
vn 0.632445 0.089480 0.769420
vn 0.632445 0.089480 0.769420
vn -0.632445 -0.089480 -0.769420
vn -0.632445 -0.089480 -0.769420
vn -0.632445 -0.089480 -0.769420
vn -0.632445 -0.089480 -0.769420
vn -0.766755 -0.068743 0.638249
vn -0.766755 -0.068743 0.638249
vn -0.766755 -0.068743 0.638249
vn -0.766755 -0.068743 0.638249
vn -0.110003 0.993613 -0.025134
vn -0.110003 0.993613 -0.025134
vn -0.110003 0.993613 -0.025134
vn -0.110003 0.993613 -0.025134
vn 0.110003 -0.993613 0.025134
vn 0.110003 -0.993613 0.025134
vn 0.110003 -0.993613 0.025134
vn 0.110003 -0.993613 0.025134
vn 0.766755 0.068743 -0.638249
vn 0.766755 0.068743 -0.638249
vn 0.766755 0.068743 -0.638249
vn 0.766755 0.068743 -0.638249
vn 0.118830 -0.467906 0.875753
vn 0.118830 -0.467906 0.875753
vn 0.118830 -0.467906 0.875753
vn 0.118830 -0.467906 0.875753
vn 0.775582 0.594450 0.212371
vn 0.775582 0.594450 0.212371
vn 0.775582 0.594450 0.212371
vn 0.775582 0.594450 0.212371
vn -0.775582 -0.594450 -0.212371
vn -0.775582 -0.594450 -0.212371
vn -0.775582 -0.594450 -0.212371
vn -0.775582 -0.594450 -0.212371
vn -0.118830 0.467906 -0.875753
vn -0.118830 0.467906 -0.875753
vn -0.118830 0.467906 -0.875753
vn -0.118830 0.467906 -0.875753
vn 0.008827 0.525708 0.850620
vn 0.008827 0.525708 0.850620
vn 0.008827 0.525708 0.850620
vn 0.008827 0.525708 0.850620
vn 0.885585 -0.399163 0.237504
vn 0.885585 -0.399163 0.237504
vn 0.885585 -0.399163 0.237504
vn 0.885585 -0.399163 0.237504
vn -0.885585 0.399163 -0.237504
vn -0.885585 0.399163 -0.237504
vn -0.885585 0.399163 -0.237504
vn -0.885585 0.399163 -0.237504
vn -0.008827 -0.525708 -0.850620
vn -0.008827 -0.525708 -0.850620
vn -0.008827 -0.525708 -0.850620
vn -0.008827 -0.525708 -0.850620
vn 0.260910 0.004467 -0.965353
vn 0.260910 0.004467 -0.965353
vn 0.260910 0.004467 -0.965353
vn -0.275325 -0.862944 -0.423703
vn -0.275325 -0.862944 -0.423703
vn -0.275325 -0.862944 -0.423703
vn -0.454959 0.759620 -0.464746
vn -0.454959 0.759620 -0.464746
vn -0.454959 0.759620 -0.464746
vn -0.991195 -0.107790 0.076903
vn -0.991195 -0.107790 0.076903
vn -0.991195 -0.107790 0.076903
vn 0.991195 0.107790 -0.076903
vn 0.991195 0.107790 -0.076903
vn 0.991195 0.107790 -0.076903
vn 0.454959 -0.759620 0.464746
vn 0.454959 -0.759620 0.464746
vn 0.454959 -0.759620 0.464746
vn 0.275325 0.862944 0.423703
vn 0.275325 0.862944 0.423703
vn 0.275325 0.862944 0.423703
vn -0.260910 -0.004467 0.965353
vn -0.260910 -0.004467 0.965353
vn -0.260910 -0.004467 0.965353
vn -0.544571 0.315373 0.777163
vn -0.544571 0.315373 0.777163
vn -0.544571 0.315373 0.777163
vn -0.544571 0.315373 0.777163
vn 0.544571 -0.315373 -0.777163
vn 0.544571 -0.315373 -0.777163
vn 0.544571 -0.315373 -0.777163
vn 0.544571 -0.315373 -0.777163
vn -0.418338 0.700983 -0.577595
vn -0.418338 0.700983 -0.577595
vn -0.418338 0.700983 -0.577595
vn -0.418338 0.700983 -0.577595
vn 0.418338 -0.700983 0.577595
vn 0.418338 -0.700983 0.577595
vn 0.418338 -0.700983 0.577595
vn 0.418338 -0.700983 0.577595
vn 0.726936 0.639658 0.249803
vn 0.726936 0.639658 0.249803
vn 0.726936 0.639658 0.249803
vn 0.726936 0.639658 0.249803
vn -0.726936 -0.639658 -0.249803
vn -0.726936 -0.639658 -0.249803
vn -0.726936 -0.639658 -0.249803
vn -0.726936 -0.639658 -0.249803
vn -0.680879 0.718672 0.141116
vn -0.680879 0.718672 0.141116
vn -0.680879 0.718672 0.141116
vn -0.680879 0.718672 0.141116
vn 0.089260 0.272668 -0.957959
vn 0.089260 0.272668 -0.957959
vn 0.089260 0.272668 -0.957959
vn 0.089260 0.272668 -0.957959
vn -0.089260 -0.272668 0.957959
vn -0.089260 -0.272668 0.957959
vn -0.089260 -0.272668 0.957959
vn -0.089260 -0.272668 0.957959
vn 0.680879 -0.718672 -0.141116
vn 0.680879 -0.718672 -0.141116
vn 0.680879 -0.718672 -0.141116
vn 0.680879 -0.718672 -0.141116
vn 0.128952 0.675309 0.726175
vn 0.128952 0.675309 0.726175
vn 0.128952 0.675309 0.726175
vn 0.128952 0.675309 0.726175
vn 0.899091 0.229304 -0.372900
vn 0.899091 0.229304 -0.372900
vn 0.899091 0.229304 -0.372900
vn 0.899091 0.229304 -0.372900
vn -0.899091 -0.229304 0.372900
vn -0.899091 -0.229304 0.372900
vn -0.899091 -0.229304 0.372900
vn -0.899091 -0.229304 0.372900
vn -0.128952 -0.675309 -0.726175
vn -0.128952 -0.675309 -0.726175
vn -0.128952 -0.675309 -0.726175
vn -0.128952 -0.675309 -0.726175
vn 0.218212 0.947977 -0.231784
vn 0.218212 0.947977 -0.231784
vn 0.218212 0.947977 -0.231784
vn 0.218212 0.947977 -0.231784
vn 0.809831 -0.043364 0.585058
vn 0.809831 -0.043364 0.585058
vn 0.809831 -0.043364 0.585058
vn 0.809831 -0.043364 0.585058
vn -0.809831 0.043364 -0.585058
vn -0.809831 0.043364 -0.585058
vn -0.809831 0.043364 -0.585058
vn -0.809831 0.043364 -0.585058
vn -0.218212 -0.947977 0.231784
vn -0.218212 -0.947977 0.231784
vn -0.218212 -0.947977 0.231784
vn -0.218212 -0.947977 0.231784
vn 0.136239 -0.956100 -0.259445
vn 0.136239 -0.956100 -0.259445
vn 0.136239 -0.956100 -0.259445
vn -0.492577 -0.591939 0.637946
vn -0.492577 -0.591939 0.637946
vn -0.492577 -0.591939 0.637946
vn -0.346816 -0.146674 -0.926394
vn -0.346816 -0.146674 -0.926394
vn -0.346816 -0.146674 -0.926394
vn -0.975632 0.217487 -0.029003
vn -0.975632 0.217487 -0.029003
vn -0.975632 0.217487 -0.029003
vn 0.975632 -0.217487 0.029003
vn 0.975632 -0.217487 0.029003
vn 0.975632 -0.217487 0.029003
vn 0.346816 0.146674 0.926394
vn 0.346816 0.146674 0.926394
vn 0.346816 0.146674 0.926394
vn 0.492577 0.591939 -0.637946
vn 0.492577 0.591939 -0.637946
vn 0.492577 0.591939 -0.637946
vn -0.136239 0.956100 0.259445
vn -0.136239 0.956100 0.259445
vn -0.136239 0.956100 0.259445
vn -0.661937 0.680247 0.314806
vn -0.661937 0.680247 0.314806
vn -0.661937 0.680247 0.314806
vn -0.661937 0.680247 0.314806
vn 0.661937 -0.680247 -0.314806
vn 0.661937 -0.680247 -0.314806
vn 0.661937 -0.680247 -0.314806
vn 0.661937 -0.680247 -0.314806
vn 0.634334 0.732128 -0.248213
vn 0.634334 0.732128 -0.248213
vn 0.634334 0.732128 -0.248213
vn 0.634334 0.732128 -0.248213
vn -0.634334 -0.732128 0.248213
vn -0.634334 -0.732128 0.248213
vn -0.634334 -0.732128 0.248213
vn -0.634334 -0.732128 0.248213
vn 0.399325 -0.035391 0.916126
vn 0.399325 -0.035391 0.916126
vn 0.399325 -0.035391 0.916126
vn 0.399325 -0.035391 0.916126
vn -0.399325 0.035391 -0.916126
vn -0.399325 0.035391 -0.916126
vn -0.399325 0.035391 -0.916126
vn -0.399325 0.035391 -0.916126
vn -0.019518 0.998700 0.047089
vn -0.019518 0.998700 0.047089
vn -0.019518 0.998700 0.047089
vn -0.019518 0.998700 0.047089
vn 0.916602 0.036685 -0.398115
vn 0.916602 0.036685 -0.398115
vn 0.916602 0.036685 -0.398115
vn 0.916602 0.036685 -0.398115
vn -0.916602 -0.036685 0.398115
vn -0.916602 -0.036685 0.398115
vn -0.916602 -0.036685 0.398115
vn -0.916602 -0.036685 0.398115
vn 0.019518 -0.998700 -0.047089
vn 0.019518 -0.998700 -0.047089
vn 0.019518 -0.998700 -0.047089
vn 0.019518 -0.998700 -0.047089
vn -0.185695 0.455982 0.870401
vn -0.185695 0.455982 0.870401
vn -0.185695 0.455982 0.870401
vn -0.185695 0.455982 0.870401
vn 0.750425 -0.506033 0.425197
vn 0.750425 -0.506033 0.425197
vn 0.750425 -0.506033 0.425197
vn 0.750425 -0.506033 0.425197
vn -0.750425 0.506033 -0.425197
vn -0.750425 0.506033 -0.425197
vn -0.750425 0.506033 -0.425197
vn -0.750425 0.506033 -0.425197
vn 0.185695 -0.455982 -0.870401
vn 0.185695 -0.455982 -0.870401
vn 0.185695 -0.455982 -0.870401
vn 0.185695 -0.455982 -0.870401
vn 0.730907 0.492667 0.472286
vn 0.730907 0.492667 0.472286
vn 0.730907 0.492667 0.472286
vn 0.730907 0.492667 0.472286
vn -0.166177 -0.542718 0.823312
vn -0.166177 -0.542718 0.823312
vn -0.166177 -0.542718 0.823312
vn -0.166177 -0.542718 0.823312
vn 0.166177 0.542718 -0.823312
vn 0.166177 0.542718 -0.823312
vn 0.166177 0.542718 -0.823312
vn 0.166177 0.542718 -0.823312
vn -0.730907 -0.492667 -0.472286
vn -0.730907 -0.492667 -0.472286
vn -0.730907 -0.492667 -0.472286
vn -0.730907 -0.492667 -0.472286
vn -0.214614 -0.795002 -0.567373
vn -0.214614 -0.795002 -0.567373
vn -0.214614 -0.795002 -0.567373
vn -0.978952 -0.009520 -0.203866
vn -0.978952 -0.009520 -0.203866
vn -0.978952 -0.009520 -0.203866
vn 0.517852 0.050386 -0.853985
vn 0.517852 0.050386 -0.853985
vn 0.517852 0.050386 -0.853985
vn -0.246487 0.835868 -0.490478
vn -0.246487 0.835868 -0.490478
vn -0.246487 0.835868 -0.490478
vn 0.246487 -0.835868 0.490478
vn 0.246487 -0.835868 0.490478
vn 0.246487 -0.835868 0.490478
vn -0.517852 -0.050386 0.853985
vn -0.517852 -0.050386 0.853985
vn -0.517852 -0.050386 0.853985
vn 0.978952 0.009520 0.203866
vn 0.978952 0.009520 0.203866
vn 0.978952 0.009520 0.203866
vn 0.214614 0.795002 0.567373
vn 0.214614 0.795002 0.567373
vn 0.214614 0.795002 0.567373
vn -0.254632 -0.863521 0.435310
vn -0.254632 -0.863521 0.435310
vn -0.254632 -0.863521 0.435310
vn -0.254632 -0.863521 0.435310
vn 0.254632 0.863521 -0.435310
vn 0.254632 0.863521 -0.435310
vn 0.254632 0.863521 -0.435310
vn 0.254632 0.863521 -0.435310
vn -0.899518 0.376752 0.221192
vn -0.899518 0.376752 0.221192
vn -0.899518 0.376752 0.221192
vn -0.899518 0.376752 0.221192
vn 0.899518 -0.376752 -0.221192
vn 0.899518 -0.376752 -0.221192
vn 0.899518 -0.376752 -0.221192
vn 0.899518 -0.376752 -0.221192
vn 0.355007 0.335247 0.872685
vn 0.355007 0.335247 0.872685
vn 0.355007 0.335247 0.872685
vn 0.355007 0.335247 0.872685
vn -0.355007 -0.335247 -0.872685
vn -0.355007 -0.335247 -0.872685
vn -0.355007 -0.335247 -0.872685
vn -0.355007 -0.335247 -0.872685
vn -0.816107 -0.344198 0.464217
vn -0.816107 -0.344198 0.464217
vn -0.816107 -0.344198 0.464217
vn -0.816107 -0.344198 0.464217
vn -0.456004 0.877005 -0.151405
vn -0.456004 0.877005 -0.151405
vn -0.456004 0.877005 -0.151405
vn -0.456004 0.877005 -0.151405
vn 0.456004 -0.877005 0.151405
vn 0.456004 -0.877005 0.151405
vn 0.456004 -0.877005 0.151405
vn 0.456004 -0.877005 0.151405
vn 0.816107 0.344198 -0.464217
vn 0.816107 0.344198 -0.464217
vn 0.816107 0.344198 -0.464217
vn 0.816107 0.344198 -0.464217
vn 0.070976 -0.373546 0.924892
vn 0.070976 -0.373546 0.924892
vn 0.070976 -0.373546 0.924892
vn 0.070976 -0.373546 0.924892
vn 0.431080 0.847657 0.309271
vn 0.431080 0.847657 0.309271
vn 0.431080 0.847657 0.309271
vn 0.431080 0.847657 0.309271
vn -0.431080 -0.847657 -0.309271
vn -0.431080 -0.847657 -0.309271
vn -0.431080 -0.847657 -0.309271
vn -0.431080 -0.847657 -0.309271
vn -0.070976 0.373546 -0.924892
vn -0.070976 0.373546 -0.924892
vn -0.070976 0.373546 -0.924892
vn -0.070976 0.373546 -0.924892
vn -0.385027 0.503459 0.773488
vn -0.385027 0.503459 0.773488
vn -0.385027 0.503459 0.773488
vn -0.385027 0.503459 0.773488
vn 0.887083 -0.029348 0.460675
vn 0.887083 -0.029348 0.460675
vn 0.887083 -0.029348 0.460675
vn 0.887083 -0.029348 0.460675
vn -0.887083 0.029348 -0.460675
vn -0.887083 0.029348 -0.460675
vn -0.887083 0.029348 -0.460675
vn -0.887083 0.029348 -0.460675
vn 0.385027 -0.503459 -0.773488
vn 0.385027 -0.503459 -0.773488
vn 0.385027 -0.503459 -0.773488
vn 0.385027 -0.503459 -0.773488
vn 0.461385 0.087481 -0.882877
vn 0.461385 0.087481 -0.882877
vn 0.461385 0.087481 -0.882877
vn 0.167362 -0.909626 -0.380224
vn 0.167362 -0.909626 -0.380224
vn 0.167362 -0.909626 -0.380224
vn -0.577289 0.522516 -0.627466
vn -0.577289 0.522516 -0.627466
vn -0.577289 0.522516 -0.627466
vn -0.871312 -0.474591 -0.124813
vn -0.871312 -0.474591 -0.124813
vn -0.871312 -0.474591 -0.124813
vn 0.871312 0.474591 0.124813
vn 0.871312 0.474591 0.124813
vn 0.871312 0.474591 0.124813
vn 0.577289 -0.522516 0.627466
vn 0.577289 -0.522516 0.627466
vn 0.577289 -0.522516 0.627466
vn -0.167362 0.909626 0.380224
vn -0.167362 0.909626 0.380224
vn -0.167362 0.909626 0.380224
vn -0.461385 -0.087481 0.882877
vn -0.461385 -0.087481 0.882877
vn -0.461385 -0.087481 0.882877
vn -0.960287 -0.143223 0.239449
vn -0.960287 -0.143223 0.239449
vn -0.960287 -0.143223 0.239449
vn -0.960287 -0.143223 0.239449
vn 0.960287 0.143223 -0.239449
vn 0.960287 0.143223 -0.239449
vn 0.960287 0.143223 -0.239449
vn 0.960287 0.143223 -0.239449
vn -0.148591 0.988889 -0.004423
vn -0.148591 0.988889 -0.004423
vn -0.148591 0.988889 -0.004423
vn -0.148591 0.988889 -0.004423
vn 0.148591 -0.988889 0.004423
vn 0.148591 -0.988889 0.004423
vn 0.148591 -0.988889 0.004423
vn 0.148591 -0.988889 0.004423
vn 0.236155 0.039827 0.970899
vn 0.236155 0.039827 0.970899
vn 0.236155 0.039827 0.970899
vn 0.236155 0.039827 0.970899
vn -0.236155 -0.039827 -0.970899
vn -0.236155 -0.039827 -0.970899
vn -0.236155 -0.039827 -0.970899
vn -0.236155 -0.039827 -0.970899
vn -0.784095 0.597976 0.166189
vn -0.784095 0.597976 0.166189
vn -0.784095 0.597976 0.166189
vn -0.784095 0.597976 0.166189
vn 0.573956 0.800524 -0.172443
vn 0.573956 0.800524 -0.172443
vn 0.573956 0.800524 -0.172443
vn 0.573956 0.800524 -0.172443
vn -0.573956 -0.800524 0.172443
vn -0.573956 -0.800524 0.172443
vn -0.573956 -0.800524 0.172443
vn -0.573956 -0.800524 0.172443
vn 0.784095 -0.597976 -0.166189
vn 0.784095 -0.597976 -0.166189
vn 0.784095 -0.597976 -0.166189
vn 0.784095 -0.597976 -0.166189
vn -0.512039 -0.073112 0.855845
vn -0.512039 -0.073112 0.855845
vn -0.512039 -0.073112 0.855845
vn -0.512039 -0.073112 0.855845
vn 0.846012 0.129436 0.517213
vn 0.846012 0.129436 0.517213
vn 0.846012 0.129436 0.517213
vn 0.846012 0.129436 0.517213
vn -0.846012 -0.129436 -0.517213
vn -0.846012 -0.129436 -0.517213
vn -0.846012 -0.129436 -0.517213
vn -0.846012 -0.129436 -0.517213
vn 0.512039 0.073112 -0.855845
vn 0.512039 0.073112 -0.855845
vn 0.512039 0.073112 -0.855845
vn 0.512039 0.073112 -0.855845
vn 0.061917 0.727412 0.683402
vn 0.061917 0.727412 0.683402
vn 0.061917 0.727412 0.683402
vn 0.061917 0.727412 0.683402
vn 0.272057 -0.671088 0.689657
vn 0.272057 -0.671088 0.689657
vn 0.272057 -0.671088 0.689657
vn 0.272057 -0.671088 0.689657
vn -0.272057 0.671088 -0.689657
vn -0.272057 0.671088 -0.689657
vn -0.272057 0.671088 -0.689657
vn -0.272057 0.671088 -0.689657
vn -0.061917 -0.727412 -0.683402
vn -0.061917 -0.727412 -0.683402
vn -0.061917 -0.727412 -0.683402
vn -0.061917 -0.727412 -0.683402
vn 0.503867 -0.511240 -0.696241
vn 0.503867 -0.511240 -0.696241
vn 0.503867 -0.511240 -0.696241
vn -0.604977 -0.676619 -0.419749
vn -0.604977 -0.676619 -0.419749
vn -0.604977 -0.676619 -0.419749
vn 0.332289 0.630631 -0.701348
vn 0.332289 0.630631 -0.701348
vn 0.332289 0.630631 -0.701348
vn -0.776555 0.465251 -0.424856
vn -0.776555 0.465251 -0.424856
vn -0.776555 0.465251 -0.424856
vn 0.776555 -0.465251 0.424856
vn 0.776555 -0.465251 0.424856
vn 0.776555 -0.465251 0.424856
vn -0.332289 -0.630631 0.701348
vn -0.332289 -0.630631 0.701348
vn -0.332289 -0.630631 0.701348
vn 0.604977 0.676619 0.419749
vn 0.604977 0.676619 0.419749
vn 0.604977 0.676619 0.419749
vn -0.503867 0.511240 0.696241
vn -0.503867 0.511240 0.696241
vn -0.503867 0.511240 0.696241
vn 0.406543 0.584422 -0.702263
vn 0.406543 0.584422 -0.702263
vn 0.406543 0.584422 -0.702263
vn 0.406543 0.584422 -0.702263
vn -0.406543 -0.584422 0.702263
vn -0.406543 -0.584422 0.702263
vn -0.406543 -0.584422 0.702263
vn -0.406543 -0.584422 0.702263
vn -0.620957 0.740575 0.256830
vn -0.620957 0.740575 0.256830
vn -0.620957 0.740575 0.256830
vn -0.620957 0.740575 0.256830
vn 0.620957 -0.740575 -0.256830
vn 0.620957 -0.740575 -0.256830
vn 0.620957 -0.740575 -0.256830
vn 0.620957 -0.740575 -0.256830
vn -0.670175 -0.331662 -0.663977
vn -0.670175 -0.331662 -0.663977
vn -0.670175 -0.331662 -0.663977
vn -0.670175 -0.331662 -0.663977
vn 0.670175 0.331662 0.663977
vn 0.670175 0.331662 0.663977
vn 0.670175 0.331662 0.663977
vn 0.670175 0.331662 0.663977
vn -0.151613 0.936914 -0.314968
vn -0.151613 0.936914 -0.314968
vn -0.151613 0.936914 -0.314968
vn -0.151613 0.936914 -0.314968
vn -0.726552 0.110416 0.678181
vn -0.726552 0.110416 0.678181
vn -0.726552 0.110416 0.678181
vn -0.726552 0.110416 0.678181
vn 0.726552 -0.110416 -0.678181
vn 0.726552 -0.110416 -0.678181
vn 0.726552 -0.110416 -0.678181
vn 0.726552 -0.110416 -0.678181
vn 0.151613 -0.936914 0.314968
vn 0.151613 -0.936914 0.314968
vn 0.151613 -0.936914 0.314968
vn 0.151613 -0.936914 0.314968
vn -0.186416 0.178728 -0.966077
vn -0.186416 0.178728 -0.966077
vn -0.186416 0.178728 -0.966077
vn -0.186416 0.178728 -0.966077
vn -0.761355 -0.647770 0.027073
vn -0.761355 -0.647770 0.027073
vn -0.761355 -0.647770 0.027073
vn -0.761355 -0.647770 0.027073
vn 0.761355 0.647770 -0.027073
vn 0.761355 0.647770 -0.027073
vn 0.761355 0.647770 -0.027073
vn 0.761355 0.647770 -0.027073
vn 0.186416 -0.178728 0.966077
vn 0.186416 -0.178728 0.966077
vn 0.186416 -0.178728 0.966077
vn 0.186416 -0.178728 0.966077
vn -0.912968 0.289145 -0.287896
vn -0.912968 0.289145 -0.287896
vn -0.912968 0.289145 -0.287896
vn -0.912968 0.289145 -0.287896
vn -0.034803 -0.758186 -0.651109
vn -0.034803 -0.758186 -0.651109
vn -0.034803 -0.758186 -0.651109
vn -0.034803 -0.758186 -0.651109
vn 0.034803 0.758186 0.651109
vn 0.034803 0.758186 0.651109
vn 0.034803 0.758186 0.651109
vn 0.034803 0.758186 0.651109
vn 0.912968 -0.289145 0.287896
vn 0.912968 -0.289145 0.287896
vn 0.912968 -0.289145 0.287896
vn 0.912968 -0.289145 0.287896
vn 0.510718 -0.573502 0.640518
vn 0.510718 -0.573502 0.640518
vn 0.510718 -0.573502 0.640518
vn 0.980153 0.101331 -0.170386
vn 0.980153 0.101331 -0.170386
vn 0.980153 0.101331 -0.170386
vn -0.206301 0.281640 0.937080
vn -0.206301 0.281640 0.937080
vn -0.206301 0.281640 0.937080
vn 0.263134 0.956473 0.126176
vn 0.263134 0.956473 0.126176
vn 0.263134 0.956473 0.126176
vn -0.263134 -0.956473 -0.126176
vn -0.263134 -0.956473 -0.126176
vn -0.263134 -0.956473 -0.126176
vn 0.206301 -0.281640 -0.937080
vn 0.206301 -0.281640 -0.937080
vn 0.206301 -0.281640 -0.937080
vn -0.980153 -0.101331 0.170386
vn -0.980153 -0.101331 0.170386
vn -0.980153 -0.101331 0.170386
vn -0.510718 0.573502 -0.640518
vn -0.510718 0.573502 -0.640518
vn -0.510718 0.573502 -0.640518
vn -0.894028 0.199752 0.401016
vn -0.894028 0.199752 0.401016
vn -0.894028 0.199752 0.401016
vn -0.894028 0.199752 0.401016
vn 0.894028 -0.199752 -0.401016
vn 0.894028 -0.199752 -0.401016
vn 0.894028 -0.199752 -0.401016
vn 0.894028 -0.199752 -0.401016
vn 0.169958 0.979410 -0.108952
vn 0.169958 0.979410 -0.108952
vn 0.169958 0.979410 -0.108952
vn 0.169958 0.979410 -0.108952
vn -0.169958 -0.979410 0.108952
vn -0.169958 -0.979410 0.108952
vn -0.169958 -0.979410 0.108952
vn -0.169958 -0.979410 0.108952
vn 0.414523 0.029251 0.909569
vn 0.414523 0.029251 0.909569
vn 0.414523 0.029251 0.909569
vn 0.414523 0.029251 0.909569
vn -0.414523 -0.029251 -0.909569
vn -0.414523 -0.029251 -0.909569
vn -0.414523 -0.029251 -0.909569
vn -0.414523 -0.029251 -0.909569
vn -0.511995 0.833793 0.206520
vn -0.511995 0.833793 0.206520
vn -0.511995 0.833793 0.206520
vn -0.511995 0.833793 0.206520
vn 0.752351 0.551302 -0.360602
vn 0.752351 0.551302 -0.360602
vn 0.752351 0.551302 -0.360602
vn 0.752351 0.551302 -0.360602
vn -0.752351 -0.551302 0.360602
vn -0.752351 -0.551302 0.360602
vn -0.752351 -0.551302 0.360602
vn -0.752351 -0.551302 0.360602
vn 0.511995 -0.833793 -0.206520
vn 0.511995 -0.833793 -0.206520
vn 0.511995 -0.833793 -0.206520
vn 0.511995 -0.833793 -0.206520
vn -0.339061 0.161929 0.926724
vn -0.339061 0.161929 0.926724
vn -0.339061 0.161929 0.926724
vn -0.339061 0.161929 0.926724
vn 0.925285 -0.120562 0.359601
vn 0.925285 -0.120562 0.359601
vn 0.925285 -0.120562 0.359601
vn 0.925285 -0.120562 0.359601
vn -0.925285 0.120562 -0.359601
vn -0.925285 0.120562 -0.359601
vn -0.925285 0.120562 -0.359601
vn -0.925285 0.120562 -0.359601
vn 0.339061 -0.161929 -0.926724
vn 0.339061 -0.161929 -0.926724
vn 0.339061 -0.161929 -0.926724
vn 0.339061 -0.161929 -0.926724
vn 0.413290 0.713231 0.566121
vn 0.413290 0.713231 0.566121
vn 0.413290 0.713231 0.566121
vn 0.413290 0.713231 0.566121
vn 0.172933 -0.671864 0.720203
vn 0.172933 -0.671864 0.720203
vn 0.172933 -0.671864 0.720203
vn 0.172933 -0.671864 0.720203
vn -0.172933 0.671864 -0.720203
vn -0.172933 0.671864 -0.720203
vn -0.172933 0.671864 -0.720203
vn -0.172933 0.671864 -0.720203
vn -0.413290 -0.713231 -0.566121
vn -0.413290 -0.713231 -0.566121
vn -0.413290 -0.713231 -0.566121
vn -0.413290 -0.713231 -0.566121
vn 0.178717 -0.697677 -0.693763
vn 0.178717 -0.697677 -0.693763
vn 0.178717 -0.697677 -0.693763
vn -0.853617 -0.467024 -0.230709
vn -0.853617 -0.467024 -0.230709
vn -0.853617 -0.467024 -0.230709
vn 0.374968 0.433248 -0.819570
vn 0.374968 0.433248 -0.819570
vn 0.374968 0.433248 -0.819570
vn -0.657367 0.663901 -0.356517
vn -0.657367 0.663901 -0.356517
vn -0.657367 0.663901 -0.356517
vn 0.657367 -0.663901 0.356517
vn 0.657367 -0.663901 0.356517
vn 0.657367 -0.663901 0.356517
vn -0.374968 -0.433248 0.819570
vn -0.374968 -0.433248 0.819570
vn -0.374968 -0.433248 0.819570
vn 0.853617 0.467024 0.230709
vn 0.853617 0.467024 0.230709
vn 0.853617 0.467024 0.230709
vn -0.178717 0.697677 0.693763
vn -0.178717 0.697677 0.693763
vn -0.178717 0.697677 0.693763
vn 0.553077 -0.625781 0.550004
vn 0.553077 -0.625781 0.550004
vn 0.553077 -0.625781 0.550004
vn 0.553077 -0.625781 0.550004
vn -0.553077 0.625781 -0.550004
vn -0.553077 0.625781 -0.550004
vn -0.553077 0.625781 -0.550004
vn -0.553077 0.625781 -0.550004
vn 0.653591 0.735290 0.179353
vn 0.653591 0.735290 0.179353
vn 0.653591 0.735290 0.179353
vn 0.653591 0.735290 0.179353
vn -0.653591 -0.735290 -0.179353
vn -0.653591 -0.735290 -0.179353
vn -0.653591 -0.735290 -0.179353
vn -0.653591 -0.735290 -0.179353
vn 0.516648 -0.260281 -0.815677
vn 0.516648 -0.260281 -0.815677
vn 0.516648 -0.260281 -0.815677
vn 0.516648 -0.260281 -0.815677
vn -0.516648 0.260281 0.815677
vn -0.516648 0.260281 0.815677
vn -0.516648 0.260281 0.815677
vn -0.516648 0.260281 0.815677
vn 0.853243 0.077434 0.515733
vn 0.853243 0.077434 0.515733
vn 0.853243 0.077434 0.515733
vn 0.853243 0.077434 0.515733
vn 0.071074 0.962423 -0.262089
vn 0.071074 0.962423 -0.262089
vn 0.071074 0.962423 -0.262089
vn 0.071074 0.962423 -0.262089
vn -0.071074 -0.962423 0.262089
vn -0.071074 -0.962423 0.262089
vn -0.071074 -0.962423 0.262089
vn -0.071074 -0.962423 0.262089
vn -0.853243 -0.077434 -0.515733
vn -0.853243 -0.077434 -0.515733
vn -0.853243 -0.077434 -0.515733
vn -0.853243 -0.077434 -0.515733
vn 0.756410 -0.626541 -0.187859
vn 0.756410 -0.626541 -0.187859
vn 0.756410 -0.626541 -0.187859
vn 0.756410 -0.626541 -0.187859
vn -0.025759 0.258448 -0.965682
vn -0.025759 0.258448 -0.965682
vn -0.025759 0.258448 -0.965682
vn -0.025759 0.258448 -0.965682
vn 0.025759 -0.258448 0.965682
vn 0.025759 -0.258448 0.965682
vn 0.025759 -0.258448 0.965682
vn 0.025759 -0.258448 0.965682
vn -0.756410 0.626541 0.187859
vn -0.756410 0.626541 0.187859
vn -0.756410 0.626541 0.187859
vn -0.756410 0.626541 0.187859
vn 0.827484 0.335882 -0.449949
vn 0.827484 0.335882 -0.449949
vn 0.827484 0.335882 -0.449949
vn 0.827484 0.335882 -0.449949
vn -0.096833 -0.703975 -0.703592
vn -0.096833 -0.703975 -0.703592
vn -0.096833 -0.703975 -0.703592
vn -0.096833 -0.703975 -0.703592
vn 0.096833 0.703975 0.703592
vn 0.096833 0.703975 0.703592
vn 0.096833 0.703975 0.703592
vn 0.096833 0.703975 0.703592
vn -0.827484 -0.335882 0.449949
vn -0.827484 -0.335882 0.449949
vn -0.827484 -0.335882 0.449949
vn -0.827484 -0.335882 0.449949
vn -0.994957 0.087049 0.049837
vn -0.994957 0.087049 0.049837
vn -0.994957 0.087049 0.049837
vn -0.356319 -0.635541 0.684926
vn -0.356319 -0.635541 0.684926
vn -0.356319 -0.635541 0.684926
vn -0.240255 0.936088 0.256936
vn -0.240255 0.936088 0.256936
vn -0.240255 0.936088 0.256936
vn 0.398383 0.213498 0.892026
vn 0.398383 0.213498 0.892026
vn 0.398383 0.213498 0.892026
vn -0.398383 -0.213498 -0.892026
vn -0.398383 -0.213498 -0.892026
vn -0.398383 -0.213498 -0.892026
vn 0.240255 -0.936088 -0.256936
vn 0.240255 -0.936088 -0.256936
vn 0.240255 -0.936088 -0.256936
vn 0.356319 0.635541 -0.684926
vn 0.356319 0.635541 -0.684926
vn 0.356319 0.635541 -0.684926
vn 0.994957 -0.087049 -0.049837
vn 0.994957 -0.087049 -0.049837
vn 0.994957 -0.087049 -0.049837
vn 0.737211 0.549417 -0.393270
vn 0.737211 0.549417 -0.393270
vn 0.737211 0.549417 -0.393270
vn 0.737211 0.549417 -0.393270
vn -0.737211 -0.549417 0.393270
vn -0.737211 -0.549417 0.393270
vn -0.737211 -0.549417 0.393270
vn -0.737211 -0.549417 0.393270
vn -0.602021 0.798372 -0.013163
vn -0.602021 0.798372 -0.013163
vn -0.602021 0.798372 -0.013163
vn -0.602021 0.798372 -0.013163
vn 0.602021 -0.798372 0.013163
vn 0.602021 -0.798372 0.013163
vn 0.602021 -0.798372 0.013163
vn 0.602021 -0.798372 0.013163
vn -0.306743 -0.246461 -0.919329
vn -0.306743 -0.246461 -0.919329
vn -0.306743 -0.246461 -0.919329
vn -0.306743 -0.246461 -0.919329
vn 0.306743 0.246461 0.919329
vn 0.306743 0.246461 0.919329
vn 0.306743 0.246461 0.919329
vn 0.306743 0.246461 0.919329
vn 0.095594 0.953031 -0.287392
vn 0.095594 0.953031 -0.287392
vn 0.095594 0.953031 -0.287392
vn 0.095594 0.953031 -0.287392
vn -0.946980 0.176037 0.268776
vn -0.946980 0.176037 0.268776
vn -0.946980 0.176037 0.268776
vn -0.946980 0.176037 0.268776
vn 0.946980 -0.176037 -0.268776
vn 0.946980 -0.176037 -0.268776
vn 0.946980 -0.176037 -0.268776
vn 0.946980 -0.176037 -0.268776
vn -0.095594 -0.953031 0.287392
vn -0.095594 -0.953031 0.287392
vn -0.095594 -0.953031 0.287392
vn -0.095594 -0.953031 0.287392
vn 0.304386 0.214223 -0.928147
vn 0.304386 0.214223 -0.928147
vn 0.304386 0.214223 -0.928147
vn 0.304386 0.214223 -0.928147
vn -0.738187 -0.562771 -0.371980
vn -0.738187 -0.562771 -0.371980
vn -0.738187 -0.562771 -0.371980
vn -0.738187 -0.562771 -0.371980
vn 0.738187 0.562771 0.371980
vn 0.738187 0.562771 0.371980
vn 0.738187 0.562771 0.371980
vn 0.738187 0.562771 0.371980
vn -0.304386 -0.214223 0.928147
vn -0.304386 -0.214223 0.928147
vn -0.304386 -0.214223 0.928147
vn -0.304386 -0.214223 0.928147
vn -0.642593 0.390260 -0.659372
vn -0.642593 0.390260 -0.659372
vn -0.642593 0.390260 -0.659372
vn -0.642593 0.390260 -0.659372
vn 0.208793 -0.738808 -0.640756
vn 0.208793 -0.738808 -0.640756
vn 0.208793 -0.738808 -0.640756
vn 0.208793 -0.738808 -0.640756
vn -0.208793 0.738808 0.640756
vn -0.208793 0.738808 0.640756
vn -0.208793 0.738808 0.640756
vn -0.208793 0.738808 0.640756
vn 0.642593 -0.390260 0.659372
vn 0.642593 -0.390260 0.659372
vn 0.642593 -0.390260 0.659372
vn 0.642593 -0.390260 0.659372
vn 0.099047 -0.635852 0.765429
vn 0.099047 -0.635852 0.765429
vn 0.099047 -0.635852 0.765429
vn 0.950304 -0.001440 0.311320
vn 0.950304 -0.001440 0.311320
vn 0.950304 -0.001440 0.311320
vn -0.596107 0.286028 0.750229
vn -0.596107 0.286028 0.750229
vn -0.596107 0.286028 0.750229
vn 0.255150 0.920441 0.296121
vn 0.255150 0.920441 0.296121
vn 0.255150 0.920441 0.296121
vn -0.255150 -0.920441 -0.296121
vn -0.255150 -0.920441 -0.296121
vn -0.255150 -0.920441 -0.296121
vn 0.596107 -0.286028 -0.750229
vn 0.596107 -0.286028 -0.750229
vn 0.596107 -0.286028 -0.750229
vn -0.950304 0.001440 -0.311320
vn -0.950304 0.001440 -0.311320
vn -0.950304 0.001440 -0.311320
vn -0.099047 0.635852 -0.765429
vn -0.099047 0.635852 -0.765429
vn -0.099047 0.635852 -0.765429
vn -0.078281 0.394090 0.915732
vn -0.078281 0.394090 0.915732
vn -0.078281 0.394090 0.915732
vn -0.078281 0.394090 0.915732
vn 0.078281 -0.394090 -0.915732
vn 0.078281 -0.394090 -0.915732
vn 0.078281 -0.394090 -0.915732
vn 0.078281 -0.394090 -0.915732
vn -0.228304 0.887053 -0.401265
vn -0.228304 0.887053 -0.401265
vn -0.228304 0.887053 -0.401265
vn -0.228304 0.887053 -0.401265
vn 0.228304 -0.887053 0.401265
vn 0.228304 -0.887053 0.401265
vn 0.228304 -0.887053 0.401265
vn 0.228304 -0.887053 0.401265
vn 0.970438 0.240477 -0.020533
vn 0.970438 0.240477 -0.020533
vn 0.970438 0.240477 -0.020533
vn 0.970438 0.240477 -0.020533
vn -0.970438 -0.240477 0.020533
vn -0.970438 -0.240477 0.020533
vn -0.970438 -0.240477 0.020533
vn -0.970438 -0.240477 0.020533
vn -0.216788 0.905906 0.363783
vn -0.216788 0.905906 0.363783
vn -0.216788 0.905906 0.363783
vn -0.216788 0.905906 0.363783
vn -0.106082 0.348577 -0.931257
vn -0.106082 0.348577 -0.931257
vn -0.106082 0.348577 -0.931257
vn -0.106082 0.348577 -0.931257
vn 0.106082 -0.348577 0.931257
vn 0.106082 -0.348577 0.931257
vn 0.106082 -0.348577 0.931257
vn 0.106082 -0.348577 0.931257
vn 0.216788 -0.905906 -0.363783
vn 0.216788 -0.905906 -0.363783
vn 0.216788 -0.905906 -0.363783
vn 0.216788 -0.905906 -0.363783
vn 0.630850 0.448707 0.633001
vn 0.630850 0.448707 0.633001
vn 0.630850 0.448707 0.633001
vn 0.630850 0.448707 0.633001
vn 0.741556 -0.108621 -0.662039
vn 0.741556 -0.108621 -0.662039
vn 0.741556 -0.108621 -0.662039
vn 0.741556 -0.108621 -0.662039
vn -0.741556 0.108621 0.662039
vn -0.741556 0.108621 0.662039
vn -0.741556 0.108621 0.662039
vn -0.741556 0.108621 0.662039
vn -0.630850 -0.448707 -0.633001
vn -0.630850 -0.448707 -0.633001
vn -0.630850 -0.448707 -0.633001
vn -0.630850 -0.448707 -0.633001
vn 0.524768 0.797284 -0.298256
vn 0.524768 0.797284 -0.298256
vn 0.524768 0.797284 -0.298256
vn 0.524768 0.797284 -0.298256
vn 0.847638 -0.457199 0.269218
vn 0.847638 -0.457199 0.269218
vn 0.847638 -0.457199 0.269218
vn 0.847638 -0.457199 0.269218
vn -0.847638 0.457199 -0.269218
vn -0.847638 0.457199 -0.269218
vn -0.847638 0.457199 -0.269218
vn -0.847638 0.457199 -0.269218
vn -0.524768 -0.797284 0.298256
vn -0.524768 -0.797284 0.298256
vn -0.524768 -0.797284 0.298256
vn -0.524768 -0.797284 0.298256
vn -0.383276 -0.878508 -0.285173
vn -0.383276 -0.878508 -0.285173
vn -0.383276 -0.878508 -0.285173
vn -0.473667 -0.423451 0.772223
vn -0.473667 -0.423451 0.772223
vn -0.473667 -0.423451 0.772223
vn -0.646898 0.145773 -0.748514
vn -0.646898 0.145773 -0.748514
vn -0.646898 0.145773 -0.748514
vn -0.737289 0.600830 0.308882
vn -0.737289 0.600830 0.308882
vn -0.737289 0.600830 0.308882
vn 0.737289 -0.600830 -0.308882
vn 0.737289 -0.600830 -0.308882
vn 0.737289 -0.600830 -0.308882
vn 0.646898 -0.145773 0.748514
vn 0.646898 -0.145773 0.748514
vn 0.646898 -0.145773 0.748514
vn 0.473667 0.423451 -0.772223
vn 0.473667 0.423451 -0.772223
vn 0.473667 0.423451 -0.772223
vn 0.383276 0.878508 0.285173
vn 0.383276 0.878508 0.285173
vn 0.383276 0.878508 0.285173
vn -0.310691 -0.644362 0.698762
vn -0.310691 -0.644362 0.698762
vn -0.310691 -0.644362 0.698762
vn -0.310691 -0.644362 0.698762
vn 0.310691 0.644362 -0.698762
vn 0.310691 0.644362 -0.698762
vn 0.310691 0.644362 -0.698762
vn 0.310691 0.644362 -0.698762
vn -0.195760 0.762762 0.616338
vn -0.195760 0.762762 0.616338
vn -0.195760 0.762762 0.616338
vn -0.195760 0.762762 0.616338
vn 0.195760 -0.762762 -0.616338
vn 0.195760 -0.762762 -0.616338
vn 0.195760 -0.762762 -0.616338
vn 0.195760 -0.762762 -0.616338
vn 0.930134 -0.054701 0.363123
vn 0.930134 -0.054701 0.363123
vn 0.930134 -0.054701 0.363123
vn 0.930134 -0.054701 0.363123
vn -0.930134 0.054701 -0.363123
vn -0.930134 0.054701 -0.363123
vn -0.930134 0.054701 -0.363123
vn -0.930134 0.054701 -0.363123
vn -0.358115 0.083721 0.929916
vn -0.358115 0.083721 0.929916
vn -0.358115 0.083721 0.929916
vn -0.358115 0.083721 0.929916
vn 0.081268 0.994987 -0.058283
vn 0.081268 0.994987 -0.058283
vn 0.081268 0.994987 -0.058283
vn 0.081268 0.994987 -0.058283
vn -0.081268 -0.994987 0.058283
vn -0.081268 -0.994987 0.058283
vn -0.081268 -0.994987 0.058283
vn -0.081268 -0.994987 0.058283
vn 0.358115 -0.083721 -0.929916
vn 0.358115 -0.083721 -0.929916
vn 0.358115 -0.083721 -0.929916
vn 0.358115 -0.083721 -0.929916
vn 0.438012 -0.494312 0.750867
vn 0.438012 -0.494312 0.750867
vn 0.438012 -0.494312 0.750867
vn 0.438012 -0.494312 0.750867
vn 0.877396 0.416953 -0.237333
vn 0.877396 0.416953 -0.237333
vn 0.877396 0.416953 -0.237333
vn 0.877396 0.416953 -0.237333
vn -0.877396 -0.416953 0.237333
vn -0.877396 -0.416953 0.237333
vn -0.877396 -0.416953 0.237333
vn -0.877396 -0.416953 0.237333
vn -0.438012 0.494312 -0.750867
vn -0.438012 0.494312 -0.750867
vn -0.438012 0.494312 -0.750867
vn -0.438012 0.494312 -0.750867
vn 0.519281 0.500675 0.692584
vn 0.519281 0.500675 0.692584
vn 0.519281 0.500675 0.692584
vn 0.519281 0.500675 0.692584
vn 0.796127 -0.578033 -0.179050
vn 0.796127 -0.578033 -0.179050
vn 0.796127 -0.578033 -0.179050
vn 0.796127 -0.578033 -0.179050
vn -0.796127 0.578033 0.179050
vn -0.796127 0.578033 0.179050
vn -0.796127 0.578033 0.179050
vn -0.796127 0.578033 0.179050
vn -0.519281 -0.500675 -0.692584
vn -0.519281 -0.500675 -0.692584
vn -0.519281 -0.500675 -0.692584
vn -0.519281 -0.500675 -0.692584
vn -0.244614 -0.036777 -0.968923
vn -0.244614 -0.036777 -0.968923
vn -0.244614 -0.036777 -0.968923
vn -0.603369 -0.780822 -0.162062
vn -0.603369 -0.780822 -0.162062
vn -0.603369 -0.780822 -0.162062
vn -0.470658 0.843985 -0.257237
vn -0.470658 0.843985 -0.257237
vn -0.470658 0.843985 -0.257237
vn -0.829413 0.099940 0.549624
vn -0.829413 0.099940 0.549624
vn -0.829413 0.099940 0.549624
vn 0.829413 -0.099940 -0.549624
vn 0.829413 -0.099940 -0.549624
vn 0.829413 -0.099940 -0.549624
vn 0.470658 -0.843985 0.257237
vn 0.470658 -0.843985 0.257237
vn 0.470658 -0.843985 0.257237
vn 0.603369 0.780822 0.162062
vn 0.603369 0.780822 0.162062
vn 0.603369 0.780822 0.162062
vn 0.244614 0.036777 0.968923
vn 0.244614 0.036777 0.968923
vn 0.244614 0.036777 0.968923
vn 0.429844 0.327597 0.841376
vn 0.429844 0.327597 0.841376
vn 0.429844 0.327597 0.841376
vn 0.429844 0.327597 0.841376
vn -0.429844 -0.327597 -0.841376
vn -0.429844 -0.327597 -0.841376
vn -0.429844 -0.327597 -0.841376
vn -0.429844 -0.327597 -0.841376
vn -0.396292 0.905755 -0.150204
vn -0.396292 0.905755 -0.150204
vn -0.396292 0.905755 -0.150204
vn -0.396292 0.905755 -0.150204
vn 0.396292 -0.905755 0.150204
vn 0.396292 -0.905755 0.150204
vn 0.396292 -0.905755 0.150204
vn 0.396292 -0.905755 0.150204
vn 0.811287 0.268866 -0.519157
vn 0.811287 0.268866 -0.519157
vn 0.811287 0.268866 -0.519157
vn 0.811287 0.268866 -0.519157
vn -0.811287 -0.268866 0.519157
vn -0.811287 -0.268866 0.519157
vn -0.811287 -0.268866 0.519157
vn -0.811287 -0.268866 0.519157
vn 0.023725 0.872111 0.488733
vn 0.023725 0.872111 0.488733
vn 0.023725 0.872111 0.488733
vn 0.023725 0.872111 0.488733
vn -0.584167 0.408819 -0.701153
vn -0.584167 0.408819 -0.701153
vn -0.584167 0.408819 -0.701153
vn -0.584167 0.408819 -0.701153
vn 0.584167 -0.408819 0.701153
vn 0.584167 -0.408819 0.701153
vn 0.584167 -0.408819 0.701153
vn 0.584167 -0.408819 0.701153
vn -0.023725 -0.872111 -0.488733
vn -0.023725 -0.872111 -0.488733
vn -0.023725 -0.872111 -0.488733
vn -0.023725 -0.872111 -0.488733
vn 0.877612 0.421763 0.227843
vn 0.877612 0.421763 0.227843
vn 0.877612 0.421763 0.227843
vn 0.877612 0.421763 0.227843
vn 0.269721 -0.041529 -0.962043
vn 0.269721 -0.041529 -0.962043
vn 0.269721 -0.041529 -0.962043
vn 0.269721 -0.041529 -0.962043
vn -0.269721 0.041529 0.962043
vn -0.269721 0.041529 0.962043
vn -0.269721 0.041529 0.962043
vn -0.269721 0.041529 0.962043
vn -0.877612 -0.421763 -0.227843
vn -0.877612 -0.421763 -0.227843
vn -0.877612 -0.421763 -0.227843
vn -0.877612 -0.421763 -0.227843
vn 0.293446 0.830582 -0.473310
vn 0.293446 0.830582 -0.473310
vn 0.293446 0.830582 -0.473310
vn 0.293446 0.830582 -0.473310
vn 0.853887 -0.450348 -0.260889
vn 0.853887 -0.450348 -0.260889
vn 0.853887 -0.450348 -0.260889
vn 0.853887 -0.450348 -0.260889
vn -0.853887 0.450348 0.260889
vn -0.853887 0.450348 0.260889
vn -0.853887 0.450348 0.260889
vn -0.853887 0.450348 0.260889
vn -0.293446 -0.830582 0.473310
vn -0.293446 -0.830582 0.473310
vn -0.293446 -0.830582 0.473310
vn -0.293446 -0.830582 0.473310
vn -0.487768 -0.867306 -0.099313
vn -0.487768 -0.867306 -0.099313
vn -0.487768 -0.867306 -0.099313
vn 0.008573 -0.489030 0.872225
vn 0.008573 -0.489030 0.872225
vn 0.008573 -0.489030 0.872225
vn -0.945367 0.178570 -0.272754
vn -0.945367 0.178570 -0.272754
vn -0.945367 0.178570 -0.272754
vn -0.449025 0.556846 0.698784
vn -0.449025 0.556846 0.698784
vn -0.449025 0.556846 0.698784
vn 0.449025 -0.556846 -0.698784
vn 0.449025 -0.556846 -0.698784
vn 0.449025 -0.556846 -0.698784
vn 0.945367 -0.178570 0.272754
vn 0.945367 -0.178570 0.272754
vn 0.945367 -0.178570 0.272754
vn -0.008573 0.489030 -0.872225
vn -0.008573 0.489030 -0.872225
vn -0.008573 0.489030 -0.872225
vn 0.487768 0.867306 0.099313
vn 0.487768 0.867306 0.099313
vn 0.487768 0.867306 0.099313
vn -0.369924 -0.715918 0.592130
vn -0.369924 -0.715918 0.592130
vn -0.369924 -0.715918 0.592130
vn -0.369924 -0.715918 0.592130
vn 0.369924 0.715918 -0.592130
vn 0.369924 0.715918 -0.592130
vn 0.369924 0.715918 -0.592130
vn 0.369924 0.715918 -0.592130
vn -0.731739 0.617227 0.289117
vn -0.731739 0.617227 0.289117
vn -0.731739 0.617227 0.289117
vn -0.731739 0.617227 0.289117
vn 0.731739 -0.617227 -0.289117
vn 0.731739 -0.617227 -0.289117
vn 0.731739 -0.617227 -0.289117
vn 0.731739 -0.617227 -0.289117
vn 0.572463 0.326333 0.752192
vn 0.572463 0.326333 0.752192
vn 0.572463 0.326333 0.752192
vn 0.572463 0.326333 0.752192
vn -0.572463 -0.326333 -0.752192
vn -0.572463 -0.326333 -0.752192
vn -0.572463 -0.326333 -0.752192
vn -0.572463 -0.326333 -0.752192
vn -0.778994 -0.069785 0.623136
vn -0.778994 -0.069785 0.623136
vn -0.778994 -0.069785 0.623136
vn -0.778994 -0.069785 0.623136
vn -0.255842 0.942675 -0.214262
vn -0.255842 0.942675 -0.214262
vn -0.255842 0.942675 -0.214262
vn -0.255842 0.942675 -0.214262
vn 0.255842 -0.942675 0.214262
vn 0.255842 -0.942675 0.214262
vn 0.255842 -0.942675 0.214262
vn 0.255842 -0.942675 0.214262
vn 0.778994 0.069785 -0.623136
vn 0.778994 0.069785 -0.623136
vn 0.778994 0.069785 -0.623136
vn 0.778994 0.069785 -0.623136
vn 0.143216 -0.275478 0.950579
vn 0.143216 -0.275478 0.950579
vn 0.143216 -0.275478 0.950579
vn 0.143216 -0.275478 0.950579
vn 0.666368 0.736983 0.113181
vn 0.666368 0.736983 0.113181
vn 0.666368 0.736983 0.113181
vn 0.666368 0.736983 0.113181
vn -0.666368 -0.736983 -0.113181
vn -0.666368 -0.736983 -0.113181
vn -0.666368 -0.736983 -0.113181
vn -0.666368 -0.736983 -0.113181
vn -0.143216 0.275478 -0.950579
vn -0.143216 0.275478 -0.950579
vn -0.143216 0.275478 -0.950579
vn -0.143216 0.275478 -0.950579
vn -0.112626 0.667198 0.736317
vn -0.112626 0.667198 0.736317
vn -0.112626 0.667198 0.736317
vn -0.112626 0.667198 0.736317
vn 0.922210 -0.205692 0.327443
vn 0.922210 -0.205692 0.327443
vn 0.922210 -0.205692 0.327443
vn 0.922210 -0.205692 0.327443
vn -0.922210 0.205692 -0.327443
vn -0.922210 0.205692 -0.327443
vn -0.922210 0.205692 -0.327443
vn -0.922210 0.205692 -0.327443
vn 0.112626 -0.667198 -0.736317
vn 0.112626 -0.667198 -0.736317
vn 0.112626 -0.667198 -0.736317
vn 0.112626 -0.667198 -0.736317
vn 0.305534 -0.131429 -0.943067
vn 0.305534 -0.131429 -0.943067
vn 0.305534 -0.131429 -0.943067
vn -0.121617 -0.958100 -0.259334
vn -0.121617 -0.958100 -0.259334
vn -0.121617 -0.958100 -0.259334
vn -0.539406 0.581282 -0.609223
vn -0.539406 0.581282 -0.609223
vn -0.539406 0.581282 -0.609223
vn -0.966557 -0.245388 0.074510
vn -0.966557 -0.245388 0.074510
vn -0.966557 -0.245388 0.074510
vn 0.966557 0.245388 -0.074510
vn 0.966557 0.245388 -0.074510
vn 0.966557 0.245388 -0.074510
vn 0.539406 -0.581282 0.609223
vn 0.539406 -0.581282 0.609223
vn 0.539406 -0.581282 0.609223
vn 0.121617 0.958100 0.259334
vn 0.121617 0.958100 0.259334
vn 0.121617 0.958100 0.259334
vn -0.305534 0.131429 0.943067
vn -0.305534 0.131429 0.943067
vn -0.305534 0.131429 0.943067
vn 0.178888 -0.857628 0.482155
vn 0.178888 -0.857628 0.482155
vn 0.178888 -0.857628 0.482155
vn 0.178888 -0.857628 0.482155
vn -0.178888 0.857628 -0.482155
vn -0.178888 0.857628 -0.482155
vn -0.178888 0.857628 -0.482155
vn -0.178888 0.857628 -0.482155
vn 0.843424 0.386006 0.373678
vn 0.843424 0.386006 0.373678
vn 0.843424 0.386006 0.373678
vn 0.843424 0.386006 0.373678
vn -0.843424 -0.386006 -0.373678
vn -0.843424 -0.386006 -0.373678
vn -0.843424 -0.386006 -0.373678
vn -0.843424 -0.386006 -0.373678
vn 0.506591 -0.339814 -0.792396
vn 0.506591 -0.339814 -0.792396
vn 0.506591 -0.339814 -0.792396
vn 0.506591 -0.339814 -0.792396
vn -0.506591 0.339814 0.792396
vn -0.506591 0.339814 0.792396
vn -0.506591 0.339814 0.792396
vn -0.506591 0.339814 0.792396
vn 0.722884 -0.333487 0.605165
vn 0.722884 -0.333487 0.605165
vn 0.722884 -0.333487 0.605165
vn 0.722884 -0.333487 0.605165
vn 0.469898 0.879382 -0.076705
vn 0.469898 0.879382 -0.076705
vn 0.469898 0.879382 -0.076705
vn 0.469898 0.879382 -0.076705
vn -0.469898 -0.879382 0.076705
vn -0.469898 -0.879382 0.076705
vn -0.469898 -0.879382 0.076705
vn -0.469898 -0.879382 0.076705
vn -0.722884 0.333487 -0.605165
vn -0.722884 0.333487 -0.605165
vn -0.722884 0.333487 -0.605165
vn -0.722884 0.333487 -0.605165
vn 0.484707 -0.846720 -0.219374
vn 0.484707 -0.846720 -0.219374
vn 0.484707 -0.846720 -0.219374
vn 0.484707 -0.846720 -0.219374
vn 0.231721 0.366149 -0.901244
vn 0.231721 0.366149 -0.901244
vn 0.231721 0.366149 -0.901244
vn 0.231721 0.366149 -0.901244
vn -0.231721 -0.366149 0.901244
vn -0.231721 -0.366149 0.901244
vn -0.231721 -0.366149 0.901244
vn -0.231721 -0.366149 0.901244
vn -0.484707 0.846720 0.219374
vn -0.484707 0.846720 0.219374
vn -0.484707 0.846720 0.219374
vn -0.484707 0.846720 0.219374
vn 0.954605 0.032662 -0.296078
vn 0.954605 0.032662 -0.296078
vn 0.954605 0.032662 -0.296078
vn 0.954605 0.032662 -0.296078
vn -0.238177 -0.513232 -0.824539
vn -0.238177 -0.513232 -0.824539
vn -0.238177 -0.513232 -0.824539
vn -0.238177 -0.513232 -0.824539
vn 0.238177 0.513232 0.824539
vn 0.238177 0.513232 0.824539
vn 0.238177 0.513232 0.824539
vn 0.238177 0.513232 0.824539
vn -0.954605 -0.032662 0.296078
vn -0.954605 -0.032662 0.296078
vn -0.954605 -0.032662 0.296078
vn -0.954605 -0.032662 0.296078
vn -0.882713 0.468483 -0.036625
vn -0.882713 0.468483 -0.036625
vn -0.882713 0.468483 -0.036625
vn -0.676151 -0.521820 0.520119
vn -0.676151 -0.521820 0.520119
vn -0.676151 -0.521820 0.520119
vn 0.091189 0.914204 0.394861
vn 0.091189 0.914204 0.394861
vn 0.091189 0.914204 0.394861
vn 0.297752 -0.076099 0.951605
vn 0.297752 -0.076099 0.951605
vn 0.297752 -0.076099 0.951605
vn -0.297752 0.076099 -0.951605
vn -0.297752 0.076099 -0.951605
vn -0.297752 0.076099 -0.951605
vn -0.091189 -0.914204 -0.394861
vn -0.091189 -0.914204 -0.394861
vn -0.091189 -0.914204 -0.394861
vn 0.676151 0.521820 -0.520119
vn 0.676151 0.521820 -0.520119
vn 0.676151 0.521820 -0.520119
vn 0.882713 -0.468483 0.036625
vn 0.882713 -0.468483 0.036625
vn 0.882713 -0.468483 0.036625
vn -0.631975 0.033094 -0.774282
vn -0.631975 0.033094 -0.774282
vn -0.631975 0.033094 -0.774282
vn -0.631975 0.033094 -0.774282
vn 0.631975 -0.033094 0.774282
vn 0.631975 -0.033094 0.774282
vn 0.631975 -0.033094 0.774282
vn 0.631975 -0.033094 0.774282
vn 0.405746 0.865347 -0.294186
vn 0.405746 0.865347 -0.294186
vn 0.405746 0.865347 -0.294186
vn 0.405746 0.865347 -0.294186
vn -0.405746 -0.865347 0.294186
vn -0.405746 -0.865347 0.294186
vn -0.405746 -0.865347 0.294186
vn -0.405746 -0.865347 0.294186
vn -0.660286 0.500080 0.560305
vn -0.660286 0.500080 0.560305
vn -0.660286 0.500080 0.560305
vn -0.660286 0.500080 0.560305
vn 0.660286 -0.500080 -0.560305
vn 0.660286 -0.500080 -0.560305
vn 0.660286 -0.500080 -0.560305
vn 0.660286 -0.500080 -0.560305
vn -0.159968 0.635294 -0.755521
vn -0.159968 0.635294 -0.755521
vn -0.159968 0.635294 -0.755521
vn -0.159968 0.635294 -0.755521
vn 0.733779 0.588491 0.339479
vn 0.733779 0.588491 0.339479
vn 0.733779 0.588491 0.339479
vn 0.733779 0.588491 0.339479
vn -0.733779 -0.588491 -0.339479
vn -0.733779 -0.588491 -0.339479
vn -0.733779 -0.588491 -0.339479
vn -0.733779 -0.588491 -0.339479
vn 0.159968 -0.635294 0.755521
vn 0.159968 -0.635294 0.755521
vn 0.159968 -0.635294 0.755521
vn 0.159968 -0.635294 0.755521
vn -0.913767 0.377011 -0.151304
vn -0.913767 0.377011 -0.151304
vn -0.913767 0.377011 -0.151304
vn -0.913767 0.377011 -0.151304
vn -0.020019 0.330209 0.943696
vn -0.020019 0.330209 0.943696
vn -0.020019 0.330209 0.943696
vn -0.020019 0.330209 0.943696
vn 0.020019 -0.330209 -0.943696
vn 0.020019 -0.330209 -0.943696
vn 0.020019 -0.330209 -0.943696
vn 0.020019 -0.330209 -0.943696
vn 0.913767 -0.377011 0.151304
vn 0.913767 -0.377011 0.151304
vn 0.913767 -0.377011 0.151304
vn 0.913767 -0.377011 0.151304
vn -0.179987 0.965502 0.188175
vn -0.179987 0.965502 0.188175
vn -0.179987 0.965502 0.188175
vn -0.179987 0.965502 0.188175
vn -0.753798 -0.258283 0.604217
vn -0.753798 -0.258283 0.604217
vn -0.753798 -0.258283 0.604217
vn -0.753798 -0.258283 0.604217
vn 0.753798 0.258283 -0.604217
vn 0.753798 0.258283 -0.604217
vn 0.753798 0.258283 -0.604217
vn 0.753798 0.258283 -0.604217
vn 0.179987 -0.965502 -0.188175
vn 0.179987 -0.965502 -0.188175
vn 0.179987 -0.965502 -0.188175
vn 0.179987 -0.965502 -0.188175
vn 0.511830 -0.807436 0.293388
vn 0.511830 -0.807436 0.293388
vn 0.511830 -0.807436 0.293388
vn -0.217912 -0.769222 -0.600676
vn -0.217912 -0.769222 -0.600676
vn -0.217912 -0.769222 -0.600676
vn 0.980345 0.191780 -0.046309
vn 0.980345 0.191780 -0.046309
vn 0.980345 0.191780 -0.046309
vn 0.250603 0.229994 -0.940373
vn 0.250603 0.229994 -0.940373
vn 0.250603 0.229994 -0.940373
vn -0.250603 -0.229994 0.940373
vn -0.250603 -0.229994 0.940373
vn -0.250603 -0.229994 0.940373
vn -0.980345 -0.191780 0.046309
vn -0.980345 -0.191780 0.046309
vn -0.980345 -0.191780 0.046309
vn 0.217912 0.769222 0.600676
vn 0.217912 0.769222 0.600676
vn 0.217912 0.769222 0.600676
vn -0.511830 0.807436 -0.293388
vn -0.511830 0.807436 -0.293388
vn -0.511830 0.807436 -0.293388
vn 0.901122 -0.433102 -0.020050
vn 0.901122 -0.433102 -0.020050
vn 0.901122 -0.433102 -0.020050
vn 0.901122 -0.433102 -0.020050
vn -0.901122 0.433102 0.020050
vn -0.901122 0.433102 0.020050
vn -0.901122 0.433102 0.020050
vn -0.901122 0.433102 0.020050
vn 0.432941 0.901342 -0.011992
vn 0.432941 0.901342 -0.011992
vn 0.432941 0.901342 -0.011992
vn 0.432941 0.901342 -0.011992
vn -0.432941 -0.901342 0.011992
vn -0.432941 -0.901342 0.011992
vn -0.432941 -0.901342 0.011992
vn -0.432941 -0.901342 0.011992
vn -0.023265 -0.002126 -0.999727
vn -0.023265 -0.002126 -0.999727
vn -0.023265 -0.002126 -0.999727
vn -0.023265 -0.002126 -0.999727
vn 0.023265 0.002126 0.999727
vn 0.023265 0.002126 0.999727
vn 0.023265 0.002126 0.999727
vn 0.023265 0.002126 0.999727
vn 0.943325 0.331096 -0.022657
vn 0.943325 0.331096 -0.022657
vn 0.943325 0.331096 -0.022657
vn 0.943325 0.331096 -0.022657
vn -0.331054 0.943595 0.005698
vn -0.331054 0.943595 0.005698
vn -0.331054 0.943595 0.005698
vn -0.331054 0.943595 0.005698
vn 0.331054 -0.943595 -0.005698
vn 0.331054 -0.943595 -0.005698
vn 0.331054 -0.943595 -0.005698
vn 0.331054 -0.943595 -0.005698
vn -0.943325 -0.331096 0.022657
vn -0.943325 -0.331096 0.022657
vn -0.943325 -0.331096 0.022657
vn -0.943325 -0.331096 0.022657
vn 0.620738 -0.307753 -0.721091
vn 0.620738 -0.307753 -0.721091
vn 0.620738 -0.307753 -0.721091
vn 0.620738 -0.307753 -0.721091
vn -0.653640 0.304746 -0.692736
vn -0.653640 0.304746 -0.692736
vn -0.653640 0.304746 -0.692736
vn -0.653640 0.304746 -0.692736
vn 0.653640 -0.304746 0.692736
vn 0.653640 -0.304746 0.692736
vn 0.653640 -0.304746 0.692736
vn 0.653640 -0.304746 0.692736
vn -0.620738 0.307753 0.721091
vn -0.620738 0.307753 0.721091
vn -0.620738 0.307753 0.721091
vn -0.620738 0.307753 0.721091
vn 0.289685 0.635842 -0.715393
vn 0.289685 0.635842 -0.715393
vn 0.289685 0.635842 -0.715393
vn 0.289685 0.635842 -0.715393
vn -0.322587 -0.638848 -0.698434
vn -0.322587 -0.638848 -0.698434
vn -0.322587 -0.638848 -0.698434
vn -0.322587 -0.638848 -0.698434
vn 0.322587 0.638848 0.698434
vn 0.322587 0.638848 0.698434
vn 0.322587 0.638848 0.698434
vn 0.322587 0.638848 0.698434
vn -0.289685 -0.635842 0.715393
vn -0.289685 -0.635842 0.715393
vn -0.289685 -0.635842 0.715393
vn -0.289685 -0.635842 0.715393
vn -0.756789 -0.269111 0.595692
vn -0.756789 -0.269111 0.595692
vn -0.756789 -0.269111 0.595692
vn 0.283736 -0.769215 0.572540
vn 0.283736 -0.769215 0.572540
vn 0.283736 -0.769215 0.572540
vn -0.256872 0.771669 0.581845
vn -0.256872 0.771669 0.581845
vn -0.256872 0.771669 0.581845
vn 0.783654 0.271566 0.558693
vn 0.783654 0.271566 0.558693
vn 0.783654 0.271566 0.558693
vn -0.783654 -0.271566 -0.558693
vn -0.783654 -0.271566 -0.558693
vn -0.783654 -0.271566 -0.558693
vn 0.256872 -0.771669 -0.581845
vn 0.256872 -0.771669 -0.581845
vn 0.256872 -0.771669 -0.581845
vn -0.283736 0.769215 -0.572540
vn -0.283736 0.769215 -0.572540
vn -0.283736 0.769215 -0.572540
vn 0.756789 0.269111 -0.595692
vn 0.756789 0.269111 -0.595692
vn 0.756789 0.269111 -0.595692
vn -0.901454 0.069476 0.427264
vn -0.901454 0.069476 0.427264
vn -0.901454 0.069476 0.427264
vn -0.901454 0.069476 0.427264
vn 0.901454 -0.069476 -0.427264
vn 0.901454 -0.069476 -0.427264
vn 0.901454 -0.069476 -0.427264
vn 0.901454 -0.069476 -0.427264
vn 0.161805 0.969569 0.183724
vn 0.161805 0.969569 0.183724
vn 0.161805 0.969569 0.183724
vn 0.161805 0.969569 0.183724
vn -0.161805 -0.969569 -0.183724
vn -0.161805 -0.969569 -0.183724
vn -0.161805 -0.969569 -0.183724
vn -0.161805 -0.969569 -0.183724
vn 0.401498 -0.234752 0.885263
vn 0.401498 -0.234752 0.885263
vn 0.401498 -0.234752 0.885263
vn 0.401498 -0.234752 0.885263
vn -0.401498 0.234752 -0.885263
vn -0.401498 0.234752 -0.885263
vn -0.401498 0.234752 -0.885263
vn -0.401498 0.234752 -0.885263
vn -0.523010 0.734716 0.432034
vn -0.523010 0.734716 0.432034
vn -0.523010 0.734716 0.432034
vn -0.523010 0.734716 0.432034
vn 0.751838 0.636462 -0.172209
vn 0.751838 0.636462 -0.172209
vn 0.751838 0.636462 -0.172209
vn 0.751838 0.636462 -0.172209
vn -0.751838 -0.636462 0.172209
vn -0.751838 -0.636462 0.172209
vn -0.751838 -0.636462 0.172209
vn -0.751838 -0.636462 0.172209
vn 0.523010 -0.734716 -0.432034
vn 0.523010 -0.734716 -0.432034
vn 0.523010 -0.734716 -0.432034
vn 0.523010 -0.734716 -0.432034
vn -0.353522 -0.116868 0.928097
vn -0.353522 -0.116868 0.928097
vn -0.353522 -0.116868 0.928097
vn -0.353522 -0.116868 0.928097
vn 0.921326 -0.215121 0.323854
vn 0.921326 -0.215121 0.323854
vn 0.921326 -0.215121 0.323854
vn 0.921326 -0.215121 0.323854
vn -0.921326 0.215121 -0.323854
vn -0.921326 0.215121 -0.323854
vn -0.921326 0.215121 -0.323854
vn -0.921326 0.215121 -0.323854
vn 0.353522 0.116868 -0.928097
vn 0.353522 0.116868 -0.928097
vn 0.353522 0.116868 -0.928097
vn 0.353522 0.116868 -0.928097
vn 0.398315 0.519594 0.755888
vn 0.398315 0.519594 0.755888
vn 0.398315 0.519594 0.755888
vn 0.398315 0.519594 0.755888
vn 0.169488 -0.851584 0.496063
vn 0.169488 -0.851584 0.496063
vn 0.169488 -0.851584 0.496063
vn 0.169488 -0.851584 0.496063
vn -0.169488 0.851584 -0.496063
vn -0.169488 0.851584 -0.496063
vn -0.169488 0.851584 -0.496063
vn -0.169488 0.851584 -0.496063
vn -0.398315 -0.519594 -0.755888
vn -0.398315 -0.519594 -0.755888
vn -0.398315 -0.519594 -0.755888
vn -0.398315 -0.519594 -0.755888
vn 0.195231 -0.464359 -0.863861
vn 0.195231 -0.464359 -0.863861
vn 0.195231 -0.464359 -0.863861
vn -0.845678 -0.384135 -0.370499
vn -0.845678 -0.384135 -0.370499
vn -0.845678 -0.384135 -0.370499
vn 0.382068 0.655203 -0.651715
vn 0.382068 0.655203 -0.651715
vn 0.382068 0.655203 -0.651715
vn -0.658841 0.735427 -0.158353
vn -0.658841 0.735427 -0.158353
vn -0.658841 0.735427 -0.158353
vn 0.658841 -0.735427 0.158353
vn 0.658841 -0.735427 0.158353
vn 0.658841 -0.735427 0.158353
vn -0.382068 -0.655203 0.651715
vn -0.382068 -0.655203 0.651715
vn -0.382068 -0.655203 0.651715
vn 0.845678 0.384135 0.370499
vn 0.845678 0.384135 0.370499
vn 0.845678 0.384135 0.370499
vn -0.195231 0.464359 0.863861
vn -0.195231 0.464359 0.863861
vn -0.195231 0.464359 0.863861
vn 0.721868 0.113851 0.682601
vn 0.721868 0.113851 0.682601
vn 0.721868 0.113851 0.682601
vn 0.721868 0.113851 0.682601
vn -0.721868 -0.113851 -0.682601
vn -0.721868 -0.113851 -0.682601
vn -0.721868 -0.113851 -0.682601
vn -0.721868 -0.113851 -0.682601
vn -0.004618 0.987145 -0.159763
vn -0.004618 0.987145 -0.159763
vn -0.004618 0.987145 -0.159763
vn -0.004618 0.987145 -0.159763
vn 0.004618 -0.987145 0.159763
vn 0.004618 -0.987145 0.159763
vn 0.004618 -0.987145 0.159763
vn 0.004618 -0.987145 0.159763
vn 0.692015 -0.112175 -0.713114
vn 0.692015 -0.112175 -0.713114
vn 0.692015 -0.112175 -0.713114
vn 0.692015 -0.112175 -0.713114
vn -0.692015 0.112175 0.713114
vn -0.692015 0.112175 0.713114
vn -0.692015 0.112175 0.713114
vn -0.692015 0.112175 0.713114
vn 0.507172 0.778522 0.369703
vn 0.507172 0.778522 0.369703
vn 0.507172 0.778522 0.369703
vn 0.507172 0.778522 0.369703
vn -0.513703 0.617512 -0.595641
vn -0.513703 0.617512 -0.595641
vn -0.513703 0.617512 -0.595641
vn -0.513703 0.617512 -0.595641
vn 0.513703 -0.617512 0.595641
vn 0.513703 -0.617512 0.595641
vn 0.513703 -0.617512 0.595641
vn 0.513703 -0.617512 0.595641
vn -0.507172 -0.778522 -0.369703
vn -0.507172 -0.778522 -0.369703
vn -0.507172 -0.778522 -0.369703
vn -0.507172 -0.778522 -0.369703
vn 0.999767 0.001185 -0.021576
vn 0.999767 0.001185 -0.021576
vn 0.999767 0.001185 -0.021576
vn 0.999767 0.001185 -0.021576
vn -0.021109 -0.159825 -0.986920
vn -0.021109 -0.159825 -0.986920
vn -0.021109 -0.159825 -0.986920
vn -0.021109 -0.159825 -0.986920
vn 0.021109 0.159825 0.986920
vn 0.021109 0.159825 0.986920
vn 0.021109 0.159825 0.986920
vn 0.021109 0.159825 0.986920
vn -0.999767 -0.001185 0.021576
vn -0.999767 -0.001185 0.021576
vn -0.999767 -0.001185 0.021576
vn -0.999767 -0.001185 0.021576
vn 0.486063 0.618697 -0.617217
vn 0.486063 0.618697 -0.617217
vn 0.486063 0.618697 -0.617217
vn 0.486063 0.618697 -0.617217
vn 0.492594 -0.777337 -0.391278
vn 0.492594 -0.777337 -0.391278
vn 0.492594 -0.777337 -0.391278
vn 0.492594 -0.777337 -0.391278
vn -0.492594 0.777337 0.391278
vn -0.492594 0.777337 0.391278
vn -0.492594 0.777337 0.391278
vn -0.492594 0.777337 0.391278
vn -0.486063 -0.618697 0.617217
vn -0.486063 -0.618697 0.617217
vn -0.486063 -0.618697 0.617217
vn -0.486063 -0.618697 0.617217
vn -0.813640 -0.570896 0.109855
vn -0.813640 -0.570896 0.109855
vn -0.813640 -0.570896 0.109855
vn 0.019901 -0.439432 0.898056
vn 0.019901 -0.439432 0.898056
vn 0.019901 -0.439432 0.898056
vn -0.818972 0.568961 -0.074623
vn -0.818972 0.568961 -0.074623
vn -0.818972 0.568961 -0.074623
vn 0.014569 0.700425 0.713577
vn 0.014569 0.700425 0.713577
vn 0.014569 0.700425 0.713577
vn -0.014569 -0.700425 -0.713577
vn -0.014569 -0.700425 -0.713577
vn -0.014569 -0.700425 -0.713577
vn 0.818972 -0.568961 0.074623
vn 0.818972 -0.568961 0.074623
vn 0.818972 -0.568961 0.074623
vn -0.019901 0.439432 -0.898056
vn -0.019901 0.439432 -0.898056
vn -0.019901 0.439432 -0.898056
vn 0.813640 0.570896 -0.109855
vn 0.813640 0.570896 -0.109855
vn 0.813640 0.570896 -0.109855
vn 0.000000 0.000000 1.000000
vn 0.000000 0.000000 1.000000
vn 0.000000 0.000000 1.000000
vn 0.000000 0.000000 1.000000
vn 0.000000 0.000000 -1.000000
vn 0.000000 0.000000 -1.000000
vn 0.000000 0.000000 -1.000000
vn 0.000000 0.000000 -1.000000
vn 0.000000 1.000000 0.000000
vn 0.000000 1.000000 0.000000
vn 0.000000 1.000000 0.000000
vn 0.000000 1.000000 0.000000
vn 0.000000 -1.000000 0.000000
vn 0.000000 -1.000000 0.000000
vn 0.000000 -1.000000 0.000000
vn 0.000000 -1.000000 0.000000
vn 1.000000 0.000000 0.000000
vn 1.000000 0.000000 0.000000
vn 1.000000 0.000000 0.000000
vn 1.000000 0.000000 0.000000
vn -1.000000 0.000000 0.000000
vn -1.000000 0.000000 0.000000
vn -1.000000 0.000000 0.000000
vn -1.000000 0.000000 0.000000
vn 0.000000 0.707107 0.707107
vn 0.000000 0.707107 0.707107
vn 0.000000 0.707107 0.707107
vn 0.000000 0.707107 0.707107
vn 0.000000 0.707107 -0.707107
vn 0.000000 0.707107 -0.707107
vn 0.000000 0.707107 -0.707107
vn 0.000000 0.707107 -0.707107
vn 0.000000 -0.707107 0.707107
vn 0.000000 -0.707107 0.707107
vn 0.000000 -0.707107 0.707107
vn 0.000000 -0.707107 0.707107
vn 0.000000 -0.707107 -0.707107
vn 0.000000 -0.707107 -0.707107
vn 0.000000 -0.707107 -0.707107
vn 0.000000 -0.707107 -0.707107
vn 0.707107 0.000000 0.707107
vn 0.707107 0.000000 0.707107
vn 0.707107 0.000000 0.707107
vn 0.707107 0.000000 0.707107
vn 0.707107 0.000000 -0.707107
vn 0.707107 0.000000 -0.707107
vn 0.707107 0.000000 -0.707107
vn 0.707107 0.000000 -0.707107
vn -0.707107 0.000000 0.707107
vn -0.707107 0.000000 0.707107
vn -0.707107 0.000000 0.707107
vn -0.707107 0.000000 0.707107
vn -0.707107 0.000000 -0.707107
vn -0.707107 0.000000 -0.707107
vn -0.707107 0.000000 -0.707107
vn -0.707107 0.000000 -0.707107
vn 0.707107 0.707107 0.000000
vn 0.707107 0.707107 0.000000
vn 0.707107 0.707107 0.000000
vn 0.707107 0.707107 0.000000
vn 0.707107 -0.707107 0.000000
vn 0.707107 -0.707107 0.000000
vn 0.707107 -0.707107 0.000000
vn 0.707107 -0.707107 0.000000
vn -0.707107 0.707107 0.000000
vn -0.707107 0.707107 0.000000
vn -0.707107 0.707107 0.000000
vn -0.707107 0.707107 0.000000
vn -0.707107 -0.707107 0.000000
vn -0.707107 -0.707107 0.000000
vn -0.707107 -0.707107 0.000000
vn -0.707107 -0.707107 0.000000
vn -0.577350 -0.577350 -0.577350
vn -0.577350 -0.577350 -0.577350
vn -0.577350 -0.577350 -0.577350
vn -0.577350 -0.577350 0.577350
vn -0.577350 -0.577350 0.577350
vn -0.577350 -0.577350 0.577350
vn -0.577350 0.577350 -0.577350
vn -0.577350 0.577350 -0.577350
vn -0.577350 0.577350 -0.577350
vn -0.577350 0.577350 0.577350
vn -0.577350 0.577350 0.577350
vn -0.577350 0.577350 0.577350
vn 0.577350 -0.577350 -0.577350
vn 0.577350 -0.577350 -0.577350
vn 0.577350 -0.577350 -0.577350
vn 0.577350 -0.577350 0.577350
vn 0.577350 -0.577350 0.577350
vn 0.577350 -0.577350 0.577350
vn 0.577350 0.577350 -0.577350
vn 0.577350 0.577350 -0.577350
vn 0.577350 0.577350 -0.577350
vn 0.577350 0.577350 0.577350
vn 0.577350 0.577350 0.577350
vn 0.577350 0.577350 0.577350
vn 0.000000 0.000000 1.000000
vn 0.000000 0.000000 1.000000
vn 0.000000 0.000000 1.000000
vn 0.000000 0.000000 1.000000
vn 0.000000 0.000000 -1.000000
vn 0.000000 0.000000 -1.000000
vn 0.000000 0.000000 -1.000000
vn 0.000000 0.000000 -1.000000
vn 0.000000 1.000000 0.000000
vn 0.000000 1.000000 0.000000
vn 0.000000 1.000000 0.000000
vn 0.000000 1.000000 0.000000
vn 0.000000 -1.000000 0.000000
vn 0.000000 -1.000000 0.000000
vn 0.000000 -1.000000 0.000000
vn 0.000000 -1.000000 0.000000
vn 1.000000 0.000000 0.000000
vn 1.000000 0.000000 0.000000
vn 1.000000 0.000000 0.000000
vn 1.000000 0.000000 0.000000
vn -1.000000 0.000000 0.000000
vn -1.000000 0.000000 0.000000
vn -1.000000 0.000000 0.000000
vn -1.000000 0.000000 0.000000
vn 0.000000 0.707107 0.707107
vn 0.000000 0.707107 0.707107
vn 0.000000 0.707107 0.707107
vn 0.000000 0.707107 0.707107
vn 0.000000 0.707107 -0.707107
vn 0.000000 0.707107 -0.707107
vn 0.000000 0.707107 -0.707107
vn 0.000000 0.707107 -0.707107
vn 0.000000 -0.707107 0.707107
vn 0.000000 -0.707107 0.707107
vn 0.000000 -0.707107 0.707107
vn 0.000000 -0.707107 0.707107
vn 0.000000 -0.707107 -0.707107
vn 0.000000 -0.707107 -0.707107
vn 0.000000 -0.707107 -0.707107
vn 0.000000 -0.707107 -0.707107
vn 0.707107 0.000000 0.707107
vn 0.707107 0.000000 0.707107
vn 0.707107 0.000000 0.707107
vn 0.707107 0.000000 0.707107
vn 0.707107 0.000000 -0.707107
vn 0.707107 0.000000 -0.707107
vn 0.707107 0.000000 -0.707107
vn 0.707107 0.000000 -0.707107
vn -0.707107 0.000000 0.707107
vn -0.707107 0.000000 0.707107
vn -0.707107 0.000000 0.707107
vn -0.707107 0.000000 0.707107
vn -0.707107 0.000000 -0.707107
vn -0.707107 0.000000 -0.707107
vn -0.707107 0.000000 -0.707107
vn -0.707107 0.000000 -0.707107
vn 0.707107 0.707107 0.000000
vn 0.707107 0.707107 0.000000
vn 0.707107 0.707107 0.000000
vn 0.707107 0.707107 0.000000
vn 0.707107 -0.707107 0.000000
vn 0.707107 -0.707107 0.000000
vn 0.707107 -0.707107 0.000000
vn 0.707107 -0.707107 0.000000
vn -0.707107 0.707107 0.000000
vn -0.707107 0.707107 0.000000
vn -0.707107 0.707107 0.000000
vn -0.707107 0.707107 0.000000
vn -0.707107 -0.707107 0.000000
vn -0.707107 -0.707107 0.000000
vn -0.707107 -0.707107 0.000000
vn -0.707107 -0.707107 0.000000
vn -0.577350 -0.577350 -0.577350
vn -0.577350 -0.577350 -0.577350
vn -0.577350 -0.577350 -0.577350
vn -0.577350 -0.577350 0.577350
vn -0.577350 -0.577350 0.577350
vn -0.577350 -0.577350 0.577350
vn -0.577350 0.577350 -0.577350
vn -0.577350 0.577350 -0.577350
vn -0.577350 0.577350 -0.577350
vn -0.577350 0.577350 0.577350
vn -0.577350 0.577350 0.577350
vn -0.577350 0.577350 0.577350
vn 0.577350 -0.577350 -0.577350
vn 0.577350 -0.577350 -0.577350
vn 0.577350 -0.577350 -0.577350
vn 0.577350 -0.577350 0.577350
vn 0.577350 -0.577350 0.577350
vn 0.577350 -0.577350 0.577350
vn 0.577350 0.577350 -0.577350
vn 0.577350 0.577350 -0.577350
vn 0.577350 0.577350 -0.577350
vn 0.577350 0.577350 0.577350
vn 0.577350 0.577350 0.577350
vn 0.577350 0.577350 0.577350
vn 0.000000 0.000000 1.000000
vn 0.000000 0.000000 1.000000
vn 0.000000 0.000000 1.000000
vn 0.000000 0.000000 1.000000
vn 0.000000 0.000000 -1.000000
vn 0.000000 0.000000 -1.000000
vn 0.000000 0.000000 -1.000000
vn 0.000000 0.000000 -1.000000
vn 0.000000 1.000000 0.000000
vn 0.000000 1.000000 0.000000
vn 0.000000 1.000000 0.000000
vn 0.000000 1.000000 0.000000
vn 0.000000 -1.000000 0.000000
vn 0.000000 -1.000000 0.000000
vn 0.000000 -1.000000 0.000000
vn 0.000000 -1.000000 0.000000
vn 1.000000 0.000000 0.000000
vn 1.000000 0.000000 0.000000
vn 1.000000 0.000000 0.000000
vn 1.000000 0.000000 0.000000
vn -1.000000 0.000000 0.000000
vn -1.000000 0.000000 0.000000
vn -1.000000 0.000000 0.000000
vn -1.000000 0.000000 0.000000
vn 0.000000 0.707107 0.707107
vn 0.000000 0.707107 0.707107
vn 0.000000 0.707107 0.707107
vn 0.000000 0.707107 0.707107
vn 0.000000 0.707107 -0.707107
vn 0.000000 0.707107 -0.707107
vn 0.000000 0.707107 -0.707107
vn 0.000000 0.707107 -0.707107
vn 0.000000 -0.707107 0.707107
vn 0.000000 -0.707107 0.707107
vn 0.000000 -0.707107 0.707107
vn 0.000000 -0.707107 0.707107
vn 0.000000 -0.707107 -0.707107
vn 0.000000 -0.707107 -0.707107
vn 0.000000 -0.707107 -0.707107
vn 0.000000 -0.707107 -0.707107
vn 0.707107 0.000000 0.707107
vn 0.707107 0.000000 0.707107
vn 0.707107 0.000000 0.707107
vn 0.707107 0.000000 0.707107
vn 0.707107 0.000000 -0.707107
vn 0.707107 0.000000 -0.707107
vn 0.707107 0.000000 -0.707107
vn 0.707107 0.000000 -0.707107
vn -0.707107 0.000000 0.707107
vn -0.707107 0.000000 0.707107
vn -0.707107 0.000000 0.707107
vn -0.707107 0.000000 0.707107
vn -0.707107 0.000000 -0.707107
vn -0.707107 0.000000 -0.707107
vn -0.707107 0.000000 -0.707107
vn -0.707107 0.000000 -0.707107
vn 0.707107 0.707107 0.000000
vn 0.707107 0.707107 0.000000
vn 0.707107 0.707107 0.000000
vn 0.707107 0.707107 0.000000
vn 0.707107 -0.707107 0.000000
vn 0.707107 -0.707107 0.000000
vn 0.707107 -0.707107 0.000000
vn 0.707107 -0.707107 0.000000
vn -0.707107 0.707107 0.000000
vn -0.707107 0.707107 0.000000
vn -0.707107 0.707107 0.000000
vn -0.707107 0.707107 0.000000
vn -0.707107 -0.707107 0.000000
vn -0.707107 -0.707107 0.000000
vn -0.707107 -0.707107 0.000000
vn -0.707107 -0.707107 0.000000
vn -0.577350 -0.577350 -0.577350
vn -0.577350 -0.577350 -0.577350
vn -0.577350 -0.577350 -0.577350
vn -0.577350 -0.577350 0.577350
vn -0.577350 -0.577350 0.577350
vn -0.577350 -0.577350 0.577350
vn -0.577350 0.577350 -0.577350
vn -0.577350 0.577350 -0.577350
vn -0.577350 0.577350 -0.577350
vn -0.577350 0.577350 0.577350
vn -0.577350 0.577350 0.577350
vn -0.577350 0.577350 0.577350
vn 0.577350 -0.577350 -0.577350
vn 0.577350 -0.577350 -0.577350
vn 0.577350 -0.577350 -0.577350
vn 0.577350 -0.577350 0.577350
vn 0.577350 -0.577350 0.577350
vn 0.577350 -0.577350 0.577350
vn 0.577350 0.577350 -0.577350
vn 0.577350 0.577350 -0.577350
vn 0.577350 0.577350 -0.577350
vn 0.577350 0.577350 0.577350
vn 0.577350 0.577350 0.577350
vn 0.577350 0.577350 0.577350
vn 0.000000 0.000000 1.000000
vn 0.000000 0.000000 1.000000
vn 0.000000 0.000000 1.000000
vn 0.000000 0.000000 1.000000
vn 0.000000 0.000000 -1.000000
vn 0.000000 0.000000 -1.000000
vn 0.000000 0.000000 -1.000000
vn 0.000000 0.000000 -1.000000
vn 0.000000 1.000000 0.000000
vn 0.000000 1.000000 0.000000
vn 0.000000 1.000000 0.000000
vn 0.000000 1.000000 0.000000
vn 0.000000 -1.000000 0.000000
vn 0.000000 -1.000000 0.000000
vn 0.000000 -1.000000 0.000000
vn 0.000000 -1.000000 0.000000
vn 1.000000 0.000000 0.000000
vn 1.000000 0.000000 0.000000
vn 1.000000 0.000000 0.000000
vn 1.000000 0.000000 0.000000
vn -1.000000 0.000000 0.000000
vn -1.000000 0.000000 0.000000
vn -1.000000 0.000000 0.000000
vn -1.000000 0.000000 0.000000
vn 0.000000 0.707107 0.707107
vn 0.000000 0.707107 0.707107
vn 0.000000 0.707107 0.707107
vn 0.000000 0.707107 0.707107
vn 0.000000 0.707107 -0.707107
vn 0.000000 0.707107 -0.707107
vn 0.000000 0.707107 -0.707107
vn 0.000000 0.707107 -0.707107
vn 0.000000 -0.707107 0.707107
vn 0.000000 -0.707107 0.707107
vn 0.000000 -0.707107 0.707107
vn 0.000000 -0.707107 0.707107
vn 0.000000 -0.707107 -0.707107
vn 0.000000 -0.707107 -0.707107
vn 0.000000 -0.707107 -0.707107
vn 0.000000 -0.707107 -0.707107
vn 0.707107 0.000000 0.707107
vn 0.707107 0.000000 0.707107
vn 0.707107 0.000000 0.707107
vn 0.707107 0.000000 0.707107
vn 0.707107 0.000000 -0.707107
vn 0.707107 0.000000 -0.707107
vn 0.707107 0.000000 -0.707107
vn 0.707107 0.000000 -0.707107
vn -0.707107 0.000000 0.707107
vn -0.707107 0.000000 0.707107
vn -0.707107 0.000000 0.707107
vn -0.707107 0.000000 0.707107
vn -0.707107 0.000000 -0.707107
vn -0.707107 0.000000 -0.707107
vn -0.707107 0.000000 -0.707107
vn -0.707107 0.000000 -0.707107
vn 0.707107 0.707107 0.000000
vn 0.707107 0.707107 0.000000
vn 0.707107 0.707107 0.000000
vn 0.707107 0.707107 0.000000
vn 0.707107 -0.707107 0.000000
vn 0.707107 -0.707107 0.000000
vn 0.707107 -0.707107 0.000000
vn 0.707107 -0.707107 0.000000
vn -0.707107 0.707107 0.000000
vn -0.707107 0.707107 0.000000
vn -0.707107 0.707107 0.000000
vn -0.707107 0.707107 0.000000
vn -0.707107 -0.707107 0.000000
vn -0.707107 -0.707107 0.000000
vn -0.707107 -0.707107 0.000000
vn -0.707107 -0.707107 0.000000
vn -0.577350 -0.577350 -0.577350
vn -0.577350 -0.577350 -0.577350
vn -0.577350 -0.577350 -0.577350
vn -0.577350 -0.577350 0.577350
vn -0.577350 -0.577350 0.577350
vn -0.577350 -0.577350 0.577350
vn -0.577350 0.577350 -0.577350
vn -0.577350 0.577350 -0.577350
vn -0.577350 0.577350 -0.577350
vn -0.577350 0.577350 0.577350
vn -0.577350 0.577350 0.577350
vn -0.577350 0.577350 0.577350
vn 0.577350 -0.577350 -0.577350
vn 0.577350 -0.577350 -0.577350
vn 0.577350 -0.577350 -0.577350
vn 0.577350 -0.577350 0.577350
vn 0.577350 -0.577350 0.577350
vn 0.577350 -0.577350 0.577350
vn 0.577350 0.577350 -0.577350
vn 0.577350 0.577350 -0.577350
vn 0.577350 0.577350 -0.577350
vn 0.577350 0.577350 0.577350
vn 0.577350 0.577350 0.577350
vn 0.577350 0.577350 0.577350
vn 0.000000 0.000000 1.000000
vn 0.000000 0.000000 1.000000
vn 0.000000 0.000000 1.000000
vn 0.000000 0.000000 1.000000
vn 0.000000 0.000000 -1.000000
vn 0.000000 0.000000 -1.000000
vn 0.000000 0.000000 -1.000000
vn 0.000000 0.000000 -1.000000
vn 0.000000 1.000000 0.000000
vn 0.000000 1.000000 0.000000
vn 0.000000 1.000000 0.000000
vn 0.000000 1.000000 0.000000
vn 0.000000 -1.000000 0.000000
vn 0.000000 -1.000000 0.000000
vn 0.000000 -1.000000 0.000000
vn 0.000000 -1.000000 0.000000
vn 1.000000 0.000000 0.000000
vn 1.000000 0.000000 0.000000
vn 1.000000 0.000000 0.000000
vn 1.000000 0.000000 0.000000
vn -1.000000 0.000000 0.000000
vn -1.000000 0.000000 0.000000
vn -1.000000 0.000000 0.000000
vn -1.000000 0.000000 0.000000
vn 0.000000 0.707107 0.707107
vn 0.000000 0.707107 0.707107
vn 0.000000 0.707107 0.707107
vn 0.000000 0.707107 0.707107
vn 0.000000 0.707107 -0.707107
vn 0.000000 0.707107 -0.707107
vn 0.000000 0.707107 -0.707107
vn 0.000000 0.707107 -0.707107
vn 0.000000 -0.707107 0.707107
vn 0.000000 -0.707107 0.707107
vn 0.000000 -0.707107 0.707107
vn 0.000000 -0.707107 0.707107
vn 0.000000 -0.707107 -0.707107
vn 0.000000 -0.707107 -0.707107
vn 0.000000 -0.707107 -0.707107
vn 0.000000 -0.707107 -0.707107
vn 0.707107 0.000000 0.707107
vn 0.707107 0.000000 0.707107
vn 0.707107 0.000000 0.707107
vn 0.707107 0.000000 0.707107
vn 0.707107 0.000000 -0.707107
vn 0.707107 0.000000 -0.707107
vn 0.707107 0.000000 -0.707107
vn 0.707107 0.000000 -0.707107
vn -0.707107 0.000000 0.707107
vn -0.707107 0.000000 0.707107
vn -0.707107 0.000000 0.707107
vn -0.707107 0.000000 0.707107
vn -0.707107 0.000000 -0.707107
vn -0.707107 0.000000 -0.707107
vn -0.707107 0.000000 -0.707107
vn -0.707107 0.000000 -0.707107
vn 0.707107 0.707107 0.000000
vn 0.707107 0.707107 0.000000
vn 0.707107 0.707107 0.000000
vn 0.707107 0.707107 0.000000
vn 0.707107 -0.707107 0.000000
vn 0.707107 -0.707107 0.000000
vn 0.707107 -0.707107 0.000000
vn 0.707107 -0.707107 0.000000
vn -0.707107 0.707107 0.000000
vn -0.707107 0.707107 0.000000
vn -0.707107 0.707107 0.000000
vn -0.707107 0.707107 0.000000
vn -0.707107 -0.707107 0.000000
vn -0.707107 -0.707107 0.000000
vn -0.707107 -0.707107 0.000000
vn -0.707107 -0.707107 0.000000
vn -0.577350 -0.577350 -0.577350
vn -0.577350 -0.577350 -0.577350
vn -0.577350 -0.577350 -0.577350
vn -0.577350 -0.577350 0.577350
vn -0.577350 -0.577350 0.577350
vn -0.577350 -0.577350 0.577350
vn -0.577350 0.577350 -0.577350
vn -0.577350 0.577350 -0.577350
vn -0.577350 0.577350 -0.577350
vn -0.577350 0.577350 0.577350
vn -0.577350 0.577350 0.577350
vn -0.577350 0.577350 0.577350
vn 0.577350 -0.577350 -0.577350
vn 0.577350 -0.577350 -0.577350
vn 0.577350 -0.577350 -0.577350
vn 0.577350 -0.577350 0.577350
vn 0.577350 -0.577350 0.577350
vn 0.577350 -0.577350 0.577350
vn 0.577350 0.577350 -0.577350
vn 0.577350 0.577350 -0.577350
vn 0.577350 0.577350 -0.577350
vn 0.577350 0.577350 0.577350
vn 0.577350 0.577350 0.577350
vn 0.577350 0.577350 0.577350
vn 0.000000 0.000000 1.000000
vn 0.000000 0.000000 1.000000
vn 0.000000 0.000000 1.000000
vn 0.000000 0.000000 1.000000
vn 0.000000 0.000000 -1.000000
vn 0.000000 0.000000 -1.000000
vn 0.000000 0.000000 -1.000000
vn 0.000000 0.000000 -1.000000
vn 0.000000 1.000000 0.000000
vn 0.000000 1.000000 0.000000
vn 0.000000 1.000000 0.000000
vn 0.000000 1.000000 0.000000
vn 0.000000 -1.000000 0.000000
vn 0.000000 -1.000000 0.000000
vn 0.000000 -1.000000 0.000000
vn 0.000000 -1.000000 0.000000
vn 1.000000 0.000000 0.000000
vn 1.000000 0.000000 0.000000
vn 1.000000 0.000000 0.000000
vn 1.000000 0.000000 0.000000
vn -1.000000 0.000000 0.000000
vn -1.000000 0.000000 0.000000
vn -1.000000 0.000000 0.000000
vn -1.000000 0.000000 0.000000
vn 0.000000 0.707107 0.707107
vn 0.000000 0.707107 0.707107
vn 0.000000 0.707107 0.707107
vn 0.000000 0.707107 0.707107
vn 0.000000 0.707107 -0.707107
vn 0.000000 0.707107 -0.707107
vn 0.000000 0.707107 -0.707107
vn 0.000000 0.707107 -0.707107
vn 0.000000 -0.707107 0.707107
vn 0.000000 -0.707107 0.707107
vn 0.000000 -0.707107 0.707107
vn 0.000000 -0.707107 0.707107
vn 0.000000 -0.707107 -0.707107
vn 0.000000 -0.707107 -0.707107
vn 0.000000 -0.707107 -0.707107
vn 0.000000 -0.707107 -0.707107
vn 0.707107 0.000000 0.707107
vn 0.707107 0.000000 0.707107
vn 0.707107 0.000000 0.707107
vn 0.707107 0.000000 0.707107
vn 0.707107 0.000000 -0.707107
vn 0.707107 0.000000 -0.707107
vn 0.707107 0.000000 -0.707107
vn 0.707107 0.000000 -0.707107
vn -0.707107 0.000000 0.707107
vn -0.707107 0.000000 0.707107
vn -0.707107 0.000000 0.707107
vn -0.707107 0.000000 0.707107
vn -0.707107 0.000000 -0.707107
vn -0.707107 0.000000 -0.707107
vn -0.707107 0.000000 -0.707107
vn -0.707107 0.000000 -0.707107
vn 0.707107 0.707107 0.000000
vn 0.707107 0.707107 0.000000
vn 0.707107 0.707107 0.000000
vn 0.707107 0.707107 0.000000
vn 0.707107 -0.707107 0.000000
vn 0.707107 -0.707107 0.000000
vn 0.707107 -0.707107 0.000000
vn 0.707107 -0.707107 0.000000
vn -0.707107 0.707107 0.000000
vn -0.707107 0.707107 0.000000
vn -0.707107 0.707107 0.000000
vn -0.707107 0.707107 0.000000
vn -0.707107 -0.707107 0.000000
vn -0.707107 -0.707107 0.000000
vn -0.707107 -0.707107 0.000000
vn -0.707107 -0.707107 0.000000
vn -0.577350 -0.577350 -0.577350
vn -0.577350 -0.577350 -0.577350
vn -0.577350 -0.577350 -0.577350
vn -0.577350 -0.577350 0.577350
vn -0.577350 -0.577350 0.577350
vn -0.577350 -0.577350 0.577350
vn -0.577350 0.577350 -0.577350
vn -0.577350 0.577350 -0.577350
vn -0.577350 0.577350 -0.577350
vn -0.577350 0.577350 0.577350
vn -0.577350 0.577350 0.577350
vn -0.577350 0.577350 0.577350
vn 0.577350 -0.577350 -0.577350
vn 0.577350 -0.577350 -0.577350
vn 0.577350 -0.577350 -0.577350
vn 0.577350 -0.577350 0.577350
vn 0.577350 -0.577350 0.577350
vn 0.577350 -0.577350 0.577350
vn 0.577350 0.577350 -0.577350
vn 0.577350 0.577350 -0.577350
vn 0.577350 0.577350 -0.577350
vn 0.577350 0.577350 0.577350
vn 0.577350 0.577350 0.577350
vn 0.577350 0.577350 0.577350
vn 0.000000 0.000000 1.000000
vn 0.000000 0.000000 1.000000
vn 0.000000 0.000000 1.000000
vn 0.000000 0.000000 1.000000
vn 0.000000 0.000000 -1.000000
vn 0.000000 0.000000 -1.000000
vn 0.000000 0.000000 -1.000000
vn 0.000000 0.000000 -1.000000
vn 0.000000 1.000000 0.000000
vn 0.000000 1.000000 0.000000
vn 0.000000 1.000000 0.000000
vn 0.000000 1.000000 0.000000
vn 0.000000 -1.000000 0.000000
vn 0.000000 -1.000000 0.000000
vn 0.000000 -1.000000 0.000000
vn 0.000000 -1.000000 0.000000
vn 1.000000 0.000000 0.000000
vn 1.000000 0.000000 0.000000
vn 1.000000 0.000000 0.000000
vn 1.000000 0.000000 0.000000
vn -1.000000 0.000000 0.000000
vn -1.000000 0.000000 0.000000
vn -1.000000 0.000000 0.000000
vn -1.000000 0.000000 0.000000
vn 0.000000 0.707107 0.707107
vn 0.000000 0.707107 0.707107
vn 0.000000 0.707107 0.707107
vn 0.000000 0.707107 0.707107
vn 0.000000 0.707107 -0.707107
vn 0.000000 0.707107 -0.707107
vn 0.000000 0.707107 -0.707107
vn 0.000000 0.707107 -0.707107
vn 0.000000 -0.707107 0.707107
vn 0.000000 -0.707107 0.707107
vn 0.000000 -0.707107 0.707107
vn 0.000000 -0.707107 0.707107
vn 0.000000 -0.707107 -0.707107
vn 0.000000 -0.707107 -0.707107
vn 0.000000 -0.707107 -0.707107
vn 0.000000 -0.707107 -0.707107
vn 0.707107 0.000000 0.707107
vn 0.707107 0.000000 0.707107
vn 0.707107 0.000000 0.707107
vn 0.707107 0.000000 0.707107
vn 0.707107 0.000000 -0.707107
vn 0.707107 0.000000 -0.707107
vn 0.707107 0.000000 -0.707107
vn 0.707107 0.000000 -0.707107
vn -0.707107 0.000000 0.707107
vn -0.707107 0.000000 0.707107
vn -0.707107 0.000000 0.707107
vn -0.707107 0.000000 0.707107
vn -0.707107 0.000000 -0.707107
vn -0.707107 0.000000 -0.707107
vn -0.707107 0.000000 -0.707107
vn -0.707107 0.000000 -0.707107
vn 0.707107 0.707107 0.000000
vn 0.707107 0.707107 0.000000
vn 0.707107 0.707107 0.000000
vn 0.707107 0.707107 0.000000
vn 0.707107 -0.707107 0.000000
vn 0.707107 -0.707107 0.000000
vn 0.707107 -0.707107 0.000000
vn 0.707107 -0.707107 0.000000
vn -0.707107 0.707107 0.000000
vn -0.707107 0.707107 0.000000
vn -0.707107 0.707107 0.000000
vn -0.707107 0.707107 0.000000
vn -0.707107 -0.707107 0.000000
vn -0.707107 -0.707107 0.000000
vn -0.707107 -0.707107 0.000000
vn -0.707107 -0.707107 0.000000
vn -0.577350 -0.577350 -0.577350
vn -0.577350 -0.577350 -0.577350
vn -0.577350 -0.577350 -0.577350
vn -0.577350 -0.577350 0.577350
vn -0.577350 -0.577350 0.577350
vn -0.577350 -0.577350 0.577350
vn -0.577350 0.577350 -0.577350
vn -0.577350 0.577350 -0.577350
vn -0.577350 0.577350 -0.577350
vn -0.577350 0.577350 0.577350
vn -0.577350 0.577350 0.577350
vn -0.577350 0.577350 0.577350
vn 0.577350 -0.577350 -0.577350
vn 0.577350 -0.577350 -0.577350
vn 0.577350 -0.577350 -0.577350
vn 0.577350 -0.577350 0.577350
vn 0.577350 -0.577350 0.577350
vn 0.577350 -0.577350 0.577350
vn 0.577350 0.577350 -0.577350
vn 0.577350 0.577350 -0.577350
vn 0.577350 0.577350 -0.577350
vn 0.577350 0.577350 0.577350
vn 0.577350 0.577350 0.577350
vn 0.577350 0.577350 0.577350
vn 0.000000 0.000000 1.000000
vn 0.000000 0.000000 1.000000
vn 0.000000 0.000000 1.000000
vn 0.000000 0.000000 1.000000
vn 0.000000 0.000000 -1.000000
vn 0.000000 0.000000 -1.000000
vn 0.000000 0.000000 -1.000000
vn 0.000000 0.000000 -1.000000
vn 0.000000 1.000000 0.000000
vn 0.000000 1.000000 0.000000
vn 0.000000 1.000000 0.000000
vn 0.000000 1.000000 0.000000
vn 0.000000 -1.000000 0.000000
vn 0.000000 -1.000000 0.000000
vn 0.000000 -1.000000 0.000000
vn 0.000000 -1.000000 0.000000
vn 1.000000 0.000000 0.000000
vn 1.000000 0.000000 0.000000
vn 1.000000 0.000000 0.000000
vn 1.000000 0.000000 0.000000
vn -1.000000 0.000000 0.000000
vn -1.000000 0.000000 0.000000
vn -1.000000 0.000000 0.000000
vn -1.000000 0.000000 0.000000
vn 0.000000 0.707107 0.707107
vn 0.000000 0.707107 0.707107
vn 0.000000 0.707107 0.707107
vn 0.000000 0.707107 0.707107
vn 0.000000 0.707107 -0.707107
vn 0.000000 0.707107 -0.707107
vn 0.000000 0.707107 -0.707107
vn 0.000000 0.707107 -0.707107
vn 0.000000 -0.707107 0.707107
vn 0.000000 -0.707107 0.707107
vn 0.000000 -0.707107 0.707107
vn 0.000000 -0.707107 0.707107
vn 0.000000 -0.707107 -0.707107
vn 0.000000 -0.707107 -0.707107
vn 0.000000 -0.707107 -0.707107
vn 0.000000 -0.707107 -0.707107
vn 0.707107 0.000000 0.707107
vn 0.707107 0.000000 0.707107
vn 0.707107 0.000000 0.707107
vn 0.707107 0.000000 0.707107
vn 0.707107 0.000000 -0.707107
vn 0.707107 0.000000 -0.707107
vn 0.707107 0.000000 -0.707107
vn 0.707107 0.000000 -0.707107
vn -0.707107 0.000000 0.707107
vn -0.707107 0.000000 0.707107
vn -0.707107 0.000000 0.707107
vn -0.707107 0.000000 0.707107
vn -0.707107 0.000000 -0.707107
vn -0.707107 0.000000 -0.707107
vn -0.707107 0.000000 -0.707107
vn -0.707107 0.000000 -0.707107
vn 0.707107 0.707107 0.000000
vn 0.707107 0.707107 0.000000
vn 0.707107 0.707107 0.000000
vn 0.707107 0.707107 0.000000
vn 0.707107 -0.707107 0.000000
vn 0.707107 -0.707107 0.000000
vn 0.707107 -0.707107 0.000000
vn 0.707107 -0.707107 0.000000
vn -0.707107 0.707107 0.000000
vn -0.707107 0.707107 0.000000
vn -0.707107 0.707107 0.000000
vn -0.707107 0.707107 0.000000
vn -0.707107 -0.707107 0.000000
vn -0.707107 -0.707107 0.000000
vn -0.707107 -0.707107 0.000000
vn -0.707107 -0.707107 0.000000
vn -0.577350 -0.577350 -0.577350
vn -0.577350 -0.577350 -0.577350
vn -0.577350 -0.577350 -0.577350
vn -0.577350 -0.577350 0.577350
vn -0.577350 -0.577350 0.577350
vn -0.577350 -0.577350 0.577350
vn -0.577350 0.577350 -0.577350
vn -0.577350 0.577350 -0.577350
vn -0.577350 0.577350 -0.577350
vn -0.577350 0.577350 0.577350
vn -0.577350 0.577350 0.577350
vn -0.577350 0.577350 0.577350
vn 0.577350 -0.577350 -0.577350
vn 0.577350 -0.577350 -0.577350
vn 0.577350 -0.577350 -0.577350
vn 0.577350 -0.577350 0.577350
vn 0.577350 -0.577350 0.577350
vn 0.577350 -0.577350 0.577350
vn 0.577350 0.577350 -0.577350
vn 0.577350 0.577350 -0.577350
vn 0.577350 0.577350 -0.577350
vn 0.577350 0.577350 0.577350
vn 0.577350 0.577350 0.577350
vn 0.577350 0.577350 0.577350
vn 0.000000 0.000000 1.000000
vn 0.000000 0.000000 1.000000
vn 0.000000 0.000000 1.000000
vn 0.000000 0.000000 1.000000
vn 0.000000 0.000000 -1.000000
vn 0.000000 0.000000 -1.000000
vn 0.000000 0.000000 -1.000000
vn 0.000000 0.000000 -1.000000
vn 0.000000 1.000000 0.000000
vn 0.000000 1.000000 0.000000
vn 0.000000 1.000000 0.000000
vn 0.000000 1.000000 0.000000
vn 0.000000 -1.000000 0.000000
vn 0.000000 -1.000000 0.000000
vn 0.000000 -1.000000 0.000000
vn 0.000000 -1.000000 0.000000
vn 1.000000 0.000000 0.000000
vn 1.000000 0.000000 0.000000
vn 1.000000 0.000000 0.000000
vn 1.000000 0.000000 0.000000
vn -1.000000 0.000000 0.000000
vn -1.000000 0.000000 0.000000
vn -1.000000 0.000000 0.000000
vn -1.000000 0.000000 0.000000
vn 0.000000 0.707107 0.707107
vn 0.000000 0.707107 0.707107
vn 0.000000 0.707107 0.707107
vn 0.000000 0.707107 0.707107
vn 0.000000 0.707107 -0.707107
vn 0.000000 0.707107 -0.707107
vn 0.000000 0.707107 -0.707107
vn 0.000000 0.707107 -0.707107
vn 0.000000 -0.707107 0.707107
vn 0.000000 -0.707107 0.707107
vn 0.000000 -0.707107 0.707107
vn 0.000000 -0.707107 0.707107
vn 0.000000 -0.707107 -0.707107
vn 0.000000 -0.707107 -0.707107
vn 0.000000 -0.707107 -0.707107
vn 0.000000 -0.707107 -0.707107
vn 0.707107 0.000000 0.707107
vn 0.707107 0.000000 0.707107
vn 0.707107 0.000000 0.707107
vn 0.707107 0.000000 0.707107
vn 0.707107 0.000000 -0.707107
vn 0.707107 0.000000 -0.707107
vn 0.707107 0.000000 -0.707107
vn 0.707107 0.000000 -0.707107
vn -0.707107 0.000000 0.707107
vn -0.707107 0.000000 0.707107
vn -0.707107 0.000000 0.707107
vn -0.707107 0.000000 0.707107
vn -0.707107 0.000000 -0.707107
vn -0.707107 0.000000 -0.707107
vn -0.707107 0.000000 -0.707107
vn -0.707107 0.000000 -0.707107
vn 0.707107 0.707107 0.000000
vn 0.707107 0.707107 0.000000
vn 0.707107 0.707107 0.000000
vn 0.707107 0.707107 0.000000
vn 0.707107 -0.707107 0.000000
vn 0.707107 -0.707107 0.000000
vn 0.707107 -0.707107 0.000000
vn 0.707107 -0.707107 0.000000
vn -0.707107 0.707107 0.000000
vn -0.707107 0.707107 0.000000
vn -0.707107 0.707107 0.000000
vn -0.707107 0.707107 0.000000
vn -0.707107 -0.707107 0.000000
vn -0.707107 -0.707107 0.000000
vn -0.707107 -0.707107 0.000000
vn -0.707107 -0.707107 0.000000
vn -0.577350 -0.577350 -0.577350
vn -0.577350 -0.577350 -0.577350
vn -0.577350 -0.577350 -0.577350
vn -0.577350 -0.577350 0.577350
vn -0.577350 -0.577350 0.577350
vn -0.577350 -0.577350 0.577350
vn -0.577350 0.577350 -0.577350
vn -0.577350 0.577350 -0.577350
vn -0.577350 0.577350 -0.577350
vn -0.577350 0.577350 0.577350
vn -0.577350 0.577350 0.577350
vn -0.577350 0.577350 0.577350
vn 0.577350 -0.577350 -0.577350
vn 0.577350 -0.577350 -0.577350
vn 0.577350 -0.577350 -0.577350
vn 0.577350 -0.577350 0.577350
vn 0.577350 -0.577350 0.577350
vn 0.577350 -0.577350 0.577350
vn 0.577350 0.577350 -0.577350
vn 0.577350 0.577350 -0.577350
vn 0.577350 0.577350 -0.577350
vn 0.577350 0.577350 0.577350
vn 0.577350 0.577350 0.577350
vn 0.577350 0.577350 0.577350
vn 0.000000 0.000000 1.000000
vn 0.000000 0.000000 1.000000
vn 0.000000 0.000000 1.000000
vn 0.000000 0.000000 1.000000
vn 0.000000 0.000000 -1.000000
vn 0.000000 0.000000 -1.000000
vn 0.000000 0.000000 -1.000000
vn 0.000000 0.000000 -1.000000
vn 0.000000 1.000000 0.000000
vn 0.000000 1.000000 0.000000
vn 0.000000 1.000000 0.000000
vn 0.000000 1.000000 0.000000
vn 0.000000 -1.000000 0.000000
vn 0.000000 -1.000000 0.000000
vn 0.000000 -1.000000 0.000000
vn 0.000000 -1.000000 0.000000
vn 1.000000 0.000000 0.000000
vn 1.000000 0.000000 0.000000
vn 1.000000 0.000000 0.000000
vn 1.000000 0.000000 0.000000
vn -1.000000 0.000000 0.000000
vn -1.000000 0.000000 0.000000
vn -1.000000 0.000000 0.000000
vn -1.000000 0.000000 0.000000
vn 0.000000 0.707107 0.707107
vn 0.000000 0.707107 0.707107
vn 0.000000 0.707107 0.707107
vn 0.000000 0.707107 0.707107
vn 0.000000 0.707107 -0.707107
vn 0.000000 0.707107 -0.707107
vn 0.000000 0.707107 -0.707107
vn 0.000000 0.707107 -0.707107
vn 0.000000 -0.707107 0.707107
vn 0.000000 -0.707107 0.707107
vn 0.000000 -0.707107 0.707107
vn 0.000000 -0.707107 0.707107
vn 0.000000 -0.707107 -0.707107
vn 0.000000 -0.707107 -0.707107
vn 0.000000 -0.707107 -0.707107
vn 0.000000 -0.707107 -0.707107
vn 0.707107 0.000000 0.707107
vn 0.707107 0.000000 0.707107
vn 0.707107 0.000000 0.707107
vn 0.707107 0.000000 0.707107
vn 0.707107 0.000000 -0.707107
vn 0.707107 0.000000 -0.707107
vn 0.707107 0.000000 -0.707107
vn 0.707107 0.000000 -0.707107
vn -0.707107 0.000000 0.707107
vn -0.707107 0.000000 0.707107
vn -0.707107 0.000000 0.707107
vn -0.707107 0.000000 0.707107
vn -0.707107 0.000000 -0.707107
vn -0.707107 0.000000 -0.707107
vn -0.707107 0.000000 -0.707107
vn -0.707107 0.000000 -0.707107
vn 0.707107 0.707107 0.000000
vn 0.707107 0.707107 0.000000
vn 0.707107 0.707107 0.000000
vn 0.707107 0.707107 0.000000
vn 0.707107 -0.707107 0.000000
vn 0.707107 -0.707107 0.000000
vn 0.707107 -0.707107 0.000000
vn 0.707107 -0.707107 0.000000
vn -0.707107 0.707107 0.000000
vn -0.707107 0.707107 0.000000
vn -0.707107 0.707107 0.000000
vn -0.707107 0.707107 0.000000
vn -0.707107 -0.707107 0.000000
vn -0.707107 -0.707107 0.000000
vn -0.707107 -0.707107 0.000000
vn -0.707107 -0.707107 0.000000
vn -0.577350 -0.577350 -0.577350
vn -0.577350 -0.577350 -0.577350
vn -0.577350 -0.577350 -0.577350
vn -0.577350 -0.577350 0.577350
vn -0.577350 -0.577350 0.577350
vn -0.577350 -0.577350 0.577350
vn -0.577350 0.577350 -0.577350
vn -0.577350 0.577350 -0.577350
vn -0.577350 0.577350 -0.577350
vn -0.577350 0.577350 0.577350
vn -0.577350 0.577350 0.577350
vn -0.577350 0.577350 0.577350
vn 0.577350 -0.577350 -0.577350
vn 0.577350 -0.577350 -0.577350
vn 0.577350 -0.577350 -0.577350
vn 0.577350 -0.577350 0.577350
vn 0.577350 -0.577350 0.577350
vn 0.577350 -0.577350 0.577350
vn 0.577350 0.577350 -0.577350
vn 0.577350 0.577350 -0.577350
vn 0.577350 0.577350 -0.577350
vn 0.577350 0.577350 0.577350
vn 0.577350 0.577350 0.577350
vn 0.577350 0.577350 0.577350
vn 0.000000 0.000000 1.000000
vn 0.000000 0.000000 1.000000
vn 0.000000 0.000000 1.000000
vn 0.000000 0.000000 1.000000
vn 0.000000 0.000000 -1.000000
vn 0.000000 0.000000 -1.000000
vn 0.000000 0.000000 -1.000000
vn 0.000000 0.000000 -1.000000
vn 0.000000 1.000000 0.000000
vn 0.000000 1.000000 0.000000
vn 0.000000 1.000000 0.000000
vn 0.000000 1.000000 0.000000
vn 0.000000 -1.000000 0.000000
vn 0.000000 -1.000000 0.000000
vn 0.000000 -1.000000 0.000000
vn 0.000000 -1.000000 0.000000
vn 1.000000 0.000000 0.000000
vn 1.000000 0.000000 0.000000
vn 1.000000 0.000000 0.000000
vn 1.000000 0.000000 0.000000
vn -1.000000 0.000000 0.000000
vn -1.000000 0.000000 0.000000
vn -1.000000 0.000000 0.000000
vn -1.000000 0.000000 0.000000
vn 0.000000 0.707107 0.707107
vn 0.000000 0.707107 0.707107
vn 0.000000 0.707107 0.707107
vn 0.000000 0.707107 0.707107
vn 0.000000 0.707107 -0.707107
vn 0.000000 0.707107 -0.707107
vn 0.000000 0.707107 -0.707107
vn 0.000000 0.707107 -0.707107
vn 0.000000 -0.707107 0.707107
vn 0.000000 -0.707107 0.707107
vn 0.000000 -0.707107 0.707107
vn 0.000000 -0.707107 0.707107
vn 0.000000 -0.707107 -0.707107
vn 0.000000 -0.707107 -0.707107
vn 0.000000 -0.707107 -0.707107
vn 0.000000 -0.707107 -0.707107
vn 0.707107 0.000000 0.707107
vn 0.707107 0.000000 0.707107
vn 0.707107 0.000000 0.707107
vn 0.707107 0.000000 0.707107
vn 0.707107 0.000000 -0.707107
vn 0.707107 0.000000 -0.707107
vn 0.707107 0.000000 -0.707107
vn 0.707107 0.000000 -0.707107
vn -0.707107 0.000000 0.707107
vn -0.707107 0.000000 0.707107
vn -0.707107 0.000000 0.707107
vn -0.707107 0.000000 0.707107
vn -0.707107 0.000000 -0.707107
vn -0.707107 0.000000 -0.707107
vn -0.707107 0.000000 -0.707107
vn -0.707107 0.000000 -0.707107
vn 0.707107 0.707107 0.000000
vn 0.707107 0.707107 0.000000
vn 0.707107 0.707107 0.000000
vn 0.707107 0.707107 0.000000
vn 0.707107 -0.707107 0.000000
vn 0.707107 -0.707107 0.000000
vn 0.707107 -0.707107 0.000000
vn 0.707107 -0.707107 0.000000
vn -0.707107 0.707107 0.000000
vn -0.707107 0.707107 0.000000
vn -0.707107 0.707107 0.000000
vn -0.707107 0.707107 0.000000
vn -0.707107 -0.707107 0.000000
vn -0.707107 -0.707107 0.000000
vn -0.707107 -0.707107 0.000000
vn -0.707107 -0.707107 0.000000
vn -0.577350 -0.577350 -0.577350
vn -0.577350 -0.577350 -0.577350
vn -0.577350 -0.577350 -0.577350
vn -0.577350 -0.577350 0.577350
vn -0.577350 -0.577350 0.577350
vn -0.577350 -0.577350 0.577350
vn -0.577350 0.577350 -0.577350
vn -0.577350 0.577350 -0.577350
vn -0.577350 0.577350 -0.577350
vn -0.577350 0.577350 0.577350
vn -0.577350 0.577350 0.577350
vn -0.577350 0.577350 0.577350
vn 0.577350 -0.577350 -0.577350
vn 0.577350 -0.577350 -0.577350
vn 0.577350 -0.577350 -0.577350
vn 0.577350 -0.577350 0.577350
vn 0.577350 -0.577350 0.577350
vn 0.577350 -0.577350 0.577350
vn 0.577350 0.577350 -0.577350
vn 0.577350 0.577350 -0.577350
vn 0.577350 0.577350 -0.577350
vn 0.577350 0.577350 0.577350
vn 0.577350 0.577350 0.577350
vn 0.577350 0.577350 0.577350
vn 0.000000 0.000000 1.000000
vn 0.000000 0.000000 1.000000
vn 0.000000 0.000000 1.000000
vn 0.000000 0.000000 1.000000
vn 0.000000 0.000000 -1.000000
vn 0.000000 0.000000 -1.000000
vn 0.000000 0.000000 -1.000000
vn 0.000000 0.000000 -1.000000
vn 0.000000 1.000000 0.000000
vn 0.000000 1.000000 0.000000
vn 0.000000 1.000000 0.000000
vn 0.000000 1.000000 0.000000
vn 0.000000 -1.000000 0.000000
vn 0.000000 -1.000000 0.000000
vn 0.000000 -1.000000 0.000000
vn 0.000000 -1.000000 0.000000
vn 1.000000 0.000000 0.000000
vn 1.000000 0.000000 0.000000
vn 1.000000 0.000000 0.000000
vn 1.000000 0.000000 0.000000
vn -1.000000 0.000000 0.000000
vn -1.000000 0.000000 0.000000
vn -1.000000 0.000000 0.000000
vn -1.000000 0.000000 0.000000
vn 0.000000 0.707107 0.707107
vn 0.000000 0.707107 0.707107
vn 0.000000 0.707107 0.707107
vn 0.000000 0.707107 0.707107
vn 0.000000 0.707107 -0.707107
vn 0.000000 0.707107 -0.707107
vn 0.000000 0.707107 -0.707107
vn 0.000000 0.707107 -0.707107
vn 0.000000 -0.707107 0.707107
vn 0.000000 -0.707107 0.707107
vn 0.000000 -0.707107 0.707107
vn 0.000000 -0.707107 0.707107
vn 0.000000 -0.707107 -0.707107
vn 0.000000 -0.707107 -0.707107
vn 0.000000 -0.707107 -0.707107
vn 0.000000 -0.707107 -0.707107
vn 0.707107 0.000000 0.707107
vn 0.707107 0.000000 0.707107
vn 0.707107 0.000000 0.707107
vn 0.707107 0.000000 0.707107
vn 0.707107 0.000000 -0.707107
vn 0.707107 0.000000 -0.707107
vn 0.707107 0.000000 -0.707107
vn 0.707107 0.000000 -0.707107
vn -0.707107 0.000000 0.707107
vn -0.707107 0.000000 0.707107
vn -0.707107 0.000000 0.707107
vn -0.707107 0.000000 0.707107
vn -0.707107 0.000000 -0.707107
vn -0.707107 0.000000 -0.707107
vn -0.707107 0.000000 -0.707107
vn -0.707107 0.000000 -0.707107
vn 0.707107 0.707107 0.000000
vn 0.707107 0.707107 0.000000
vn 0.707107 0.707107 0.000000
vn 0.707107 0.707107 0.000000
vn 0.707107 -0.707107 0.000000
vn 0.707107 -0.707107 0.000000
vn 0.707107 -0.707107 0.000000
vn 0.707107 -0.707107 0.000000
vn -0.707107 0.707107 0.000000
vn -0.707107 0.707107 0.000000
vn -0.707107 0.707107 0.000000
vn -0.707107 0.707107 0.000000
vn -0.707107 -0.707107 0.000000
vn -0.707107 -0.707107 0.000000
vn -0.707107 -0.707107 0.000000
vn -0.707107 -0.707107 0.000000
vn -0.577350 -0.577350 -0.577350
vn -0.577350 -0.577350 -0.577350
vn -0.577350 -0.577350 -0.577350
vn -0.577350 -0.577350 0.577350
vn -0.577350 -0.577350 0.577350
vn -0.577350 -0.577350 0.577350
vn -0.577350 0.577350 -0.577350
vn -0.577350 0.577350 -0.577350
vn -0.577350 0.577350 -0.577350
vn -0.577350 0.577350 0.577350
vn -0.577350 0.577350 0.577350
vn -0.577350 0.577350 0.577350
vn 0.577350 -0.577350 -0.577350
vn 0.577350 -0.577350 -0.577350
vn 0.577350 -0.577350 -0.577350
vn 0.577350 -0.577350 0.577350
vn 0.577350 -0.577350 0.577350
vn 0.577350 -0.577350 0.577350
vn 0.577350 0.577350 -0.577350
vn 0.577350 0.577350 -0.577350
vn 0.577350 0.577350 -0.577350
vn 0.577350 0.577350 0.577350
vn 0.577350 0.577350 0.577350
vn 0.577350 0.577350 0.577350
vn 0.000000 0.000000 1.000000
vn 0.000000 0.000000 1.000000
vn 0.000000 0.000000 1.000000
vn 0.000000 0.000000 1.000000
vn 0.000000 0.000000 -1.000000
vn 0.000000 0.000000 -1.000000
vn 0.000000 0.000000 -1.000000
vn 0.000000 0.000000 -1.000000
vn 0.000000 1.000000 0.000000
vn 0.000000 1.000000 0.000000
vn 0.000000 1.000000 0.000000
vn 0.000000 1.000000 0.000000
vn 0.000000 -1.000000 0.000000
vn 0.000000 -1.000000 0.000000
vn 0.000000 -1.000000 0.000000
vn 0.000000 -1.000000 0.000000
vn 1.000000 0.000000 0.000000
vn 1.000000 0.000000 0.000000
vn 1.000000 0.000000 0.000000
vn 1.000000 0.000000 0.000000
vn -1.000000 0.000000 0.000000
vn -1.000000 0.000000 0.000000
vn -1.000000 0.000000 0.000000
vn -1.000000 0.000000 0.000000
vn 0.000000 0.707107 0.707107
vn 0.000000 0.707107 0.707107
vn 0.000000 0.707107 0.707107
vn 0.000000 0.707107 0.707107
vn 0.000000 0.707107 -0.707107
vn 0.000000 0.707107 -0.707107
vn 0.000000 0.707107 -0.707107
vn 0.000000 0.707107 -0.707107
vn 0.000000 -0.707107 0.707107
vn 0.000000 -0.707107 0.707107
vn 0.000000 -0.707107 0.707107
vn 0.000000 -0.707107 0.707107
vn 0.000000 -0.707107 -0.707107
vn 0.000000 -0.707107 -0.707107
vn 0.000000 -0.707107 -0.707107
vn 0.000000 -0.707107 -0.707107
vn 0.707107 0.000000 0.707107
vn 0.707107 0.000000 0.707107
vn 0.707107 0.000000 0.707107
vn 0.707107 0.000000 0.707107
vn 0.707107 0.000000 -0.707107
vn 0.707107 0.000000 -0.707107
vn 0.707107 0.000000 -0.707107
vn 0.707107 0.000000 -0.707107
vn -0.707107 0.000000 0.707107
vn -0.707107 0.000000 0.707107
vn -0.707107 0.000000 0.707107
vn -0.707107 0.000000 0.707107
vn -0.707107 0.000000 -0.707107
vn -0.707107 0.000000 -0.707107
vn -0.707107 0.000000 -0.707107
vn -0.707107 0.000000 -0.707107
vn 0.707107 0.707107 0.000000
vn 0.707107 0.707107 0.000000
vn 0.707107 0.707107 0.000000
vn 0.707107 0.707107 0.000000
vn 0.707107 -0.707107 0.000000
vn 0.707107 -0.707107 0.000000
vn 0.707107 -0.707107 0.000000
vn 0.707107 -0.707107 0.000000
vn -0.707107 0.707107 0.000000
vn -0.707107 0.707107 0.000000
vn -0.707107 0.707107 0.000000
vn -0.707107 0.707107 0.000000
vn -0.707107 -0.707107 0.000000
vn -0.707107 -0.707107 0.000000
vn -0.707107 -0.707107 0.000000
vn -0.707107 -0.707107 0.000000
vn -0.577350 -0.577350 -0.577350
vn -0.577350 -0.577350 -0.577350
vn -0.577350 -0.577350 -0.577350
vn -0.577350 -0.577350 0.577350
vn -0.577350 -0.577350 0.577350
vn -0.577350 -0.577350 0.577350
vn -0.577350 0.577350 -0.577350
vn -0.577350 0.577350 -0.577350
vn -0.577350 0.577350 -0.577350
vn -0.577350 0.577350 0.577350
vn -0.577350 0.577350 0.577350
vn -0.577350 0.577350 0.577350
vn 0.577350 -0.577350 -0.577350
vn 0.577350 -0.577350 -0.577350
vn 0.577350 -0.577350 -0.577350
vn 0.577350 -0.577350 0.577350
vn 0.577350 -0.577350 0.577350
vn 0.577350 -0.577350 0.577350
vn 0.577350 0.577350 -0.577350
vn 0.577350 0.577350 -0.577350
vn 0.577350 0.577350 -0.577350
vn 0.577350 0.577350 0.577350
vn 0.577350 0.577350 0.577350
vn 0.577350 0.577350 0.577350
vn 0.000000 0.000000 1.000000
vn 0.000000 0.000000 1.000000
vn 0.000000 0.000000 1.000000
vn 0.000000 0.000000 1.000000
vn 0.000000 0.000000 -1.000000
vn 0.000000 0.000000 -1.000000
vn 0.000000 0.000000 -1.000000
vn 0.000000 0.000000 -1.000000
vn 0.000000 1.000000 0.000000
vn 0.000000 1.000000 0.000000
vn 0.000000 1.000000 0.000000
vn 0.000000 1.000000 0.000000
vn 0.000000 -1.000000 0.000000
vn 0.000000 -1.000000 0.000000
vn 0.000000 -1.000000 0.000000
vn 0.000000 -1.000000 0.000000
vn 1.000000 0.000000 0.000000
vn 1.000000 0.000000 0.000000
vn 1.000000 0.000000 0.000000
vn 1.000000 0.000000 0.000000
vn -1.000000 0.000000 0.000000
vn -1.000000 0.000000 0.000000
vn -1.000000 0.000000 0.000000
vn -1.000000 0.000000 0.000000
vn 0.000000 0.707107 0.707107
vn 0.000000 0.707107 0.707107
vn 0.000000 0.707107 0.707107
vn 0.000000 0.707107 0.707107
vn 0.000000 0.707107 -0.707107
vn 0.000000 0.707107 -0.707107
vn 0.000000 0.707107 -0.707107
vn 0.000000 0.707107 -0.707107
vn 0.000000 -0.707107 0.707107
vn 0.000000 -0.707107 0.707107
vn 0.000000 -0.707107 0.707107
vn 0.000000 -0.707107 0.707107
vn 0.000000 -0.707107 -0.707107
vn 0.000000 -0.707107 -0.707107
vn 0.000000 -0.707107 -0.707107
vn 0.000000 -0.707107 -0.707107
vn 0.707107 0.000000 0.707107
vn 0.707107 0.000000 0.707107
vn 0.707107 0.000000 0.707107
vn 0.707107 0.000000 0.707107
vn 0.707107 0.000000 -0.707107
vn 0.707107 0.000000 -0.707107
vn 0.707107 0.000000 -0.707107
vn 0.707107 0.000000 -0.707107
vn -0.707107 0.000000 0.707107
vn -0.707107 0.000000 0.707107
vn -0.707107 0.000000 0.707107
vn -0.707107 0.000000 0.707107
vn -0.707107 0.000000 -0.707107
vn -0.707107 0.000000 -0.707107
vn -0.707107 0.000000 -0.707107
vn -0.707107 0.000000 -0.707107
vn 0.707107 0.707107 0.000000
vn 0.707107 0.707107 0.000000
vn 0.707107 0.707107 0.000000
vn 0.707107 0.707107 0.000000
vn 0.707107 -0.707107 0.000000
vn 0.707107 -0.707107 0.000000
vn 0.707107 -0.707107 0.000000
vn 0.707107 -0.707107 0.000000
vn -0.707107 0.707107 0.000000
vn -0.707107 0.707107 0.000000
vn -0.707107 0.707107 0.000000
vn -0.707107 0.707107 0.000000
vn -0.707107 -0.707107 0.000000
vn -0.707107 -0.707107 0.000000
vn -0.707107 -0.707107 0.000000
vn -0.707107 -0.707107 0.000000
vn -0.577350 -0.577350 -0.577350
vn -0.577350 -0.577350 -0.577350
vn -0.577350 -0.577350 -0.577350
vn -0.577350 -0.577350 0.577350
vn -0.577350 -0.577350 0.577350
vn -0.577350 -0.577350 0.577350
vn -0.577350 0.577350 -0.577350
vn -0.577350 0.577350 -0.577350
vn -0.577350 0.577350 -0.577350
vn -0.577350 0.577350 0.577350
vn -0.577350 0.577350 0.577350
vn -0.577350 0.577350 0.577350
vn 0.577350 -0.577350 -0.577350
vn 0.577350 -0.577350 -0.577350
vn 0.577350 -0.577350 -0.577350
vn 0.577350 -0.577350 0.577350
vn 0.577350 -0.577350 0.577350
vn 0.577350 -0.577350 0.577350
vn 0.577350 0.577350 -0.577350
vn 0.577350 0.577350 -0.577350
vn 0.577350 0.577350 -0.577350
vn 0.577350 0.577350 0.577350
vn 0.577350 0.577350 0.577350
vn 0.577350 0.577350 0.577350
vn 0.000000 0.000000 1.000000
vn 0.000000 0.000000 1.000000
vn 0.000000 0.000000 1.000000
vn 0.000000 0.000000 1.000000
vn 0.000000 0.000000 -1.000000
vn 0.000000 0.000000 -1.000000
vn 0.000000 0.000000 -1.000000
vn 0.000000 0.000000 -1.000000
vn 0.000000 1.000000 0.000000
vn 0.000000 1.000000 0.000000
vn 0.000000 1.000000 0.000000
vn 0.000000 1.000000 0.000000
vn 0.000000 -1.000000 0.000000
vn 0.000000 -1.000000 0.000000
vn 0.000000 -1.000000 0.000000
vn 0.000000 -1.000000 0.000000
vn 1.000000 0.000000 0.000000
vn 1.000000 0.000000 0.000000
vn 1.000000 0.000000 0.000000
vn 1.000000 0.000000 0.000000
vn -1.000000 0.000000 0.000000
vn -1.000000 0.000000 0.000000
vn -1.000000 0.000000 0.000000
vn -1.000000 0.000000 0.000000
vn 0.000000 0.707107 0.707107
vn 0.000000 0.707107 0.707107
vn 0.000000 0.707107 0.707107
vn 0.000000 0.707107 0.707107
vn 0.000000 0.707107 -0.707107
vn 0.000000 0.707107 -0.707107
vn 0.000000 0.707107 -0.707107
vn 0.000000 0.707107 -0.707107
vn 0.000000 -0.707107 0.707107
vn 0.000000 -0.707107 0.707107
vn 0.000000 -0.707107 0.707107
vn 0.000000 -0.707107 0.707107
vn 0.000000 -0.707107 -0.707107
vn 0.000000 -0.707107 -0.707107
vn 0.000000 -0.707107 -0.707107
vn 0.000000 -0.707107 -0.707107
vn 0.707107 0.000000 0.707107
vn 0.707107 0.000000 0.707107
vn 0.707107 0.000000 0.707107
vn 0.707107 0.000000 0.707107
vn 0.707107 0.000000 -0.707107
vn 0.707107 0.000000 -0.707107
vn 0.707107 0.000000 -0.707107
vn 0.707107 0.000000 -0.707107
vn -0.707107 0.000000 0.707107
vn -0.707107 0.000000 0.707107
vn -0.707107 0.000000 0.707107
vn -0.707107 0.000000 0.707107
vn -0.707107 0.000000 -0.707107
vn -0.707107 0.000000 -0.707107
vn -0.707107 0.000000 -0.707107
vn -0.707107 0.000000 -0.707107
vn 0.707107 0.707107 0.000000
vn 0.707107 0.707107 0.000000
vn 0.707107 0.707107 0.000000
vn 0.707107 0.707107 0.000000
vn 0.707107 -0.707107 0.000000
vn 0.707107 -0.707107 0.000000
vn 0.707107 -0.707107 0.000000
vn 0.707107 -0.707107 0.000000
vn -0.707107 0.707107 0.000000
vn -0.707107 0.707107 0.000000
vn -0.707107 0.707107 0.000000
vn -0.707107 0.707107 0.000000
vn -0.707107 -0.707107 0.000000
vn -0.707107 -0.707107 0.000000
vn -0.707107 -0.707107 0.000000
vn -0.707107 -0.707107 0.000000
vn -0.577350 -0.577350 -0.577350
vn -0.577350 -0.577350 -0.577350
vn -0.577350 -0.577350 -0.577350
vn -0.577350 -0.577350 0.577350
vn -0.577350 -0.577350 0.577350
vn -0.577350 -0.577350 0.577350
vn -0.577350 0.577350 -0.577350
vn -0.577350 0.577350 -0.577350
vn -0.577350 0.577350 -0.577350
vn -0.577350 0.577350 0.577350
vn -0.577350 0.577350 0.577350
vn -0.577350 0.577350 0.577350
vn 0.577350 -0.577350 -0.577350
vn 0.577350 -0.577350 -0.577350
vn 0.577350 -0.577350 -0.577350
vn 0.577350 -0.577350 0.577350
vn 0.577350 -0.577350 0.577350
vn 0.577350 -0.577350 0.577350
vn 0.577350 0.577350 -0.577350
vn 0.577350 0.577350 -0.577350
vn 0.577350 0.577350 -0.577350
vn 0.577350 0.577350 0.577350
vn 0.577350 0.577350 0.577350
vn 0.577350 0.577350 0.577350
vn 0.000000 0.000000 1.000000
vn 0.000000 0.000000 1.000000
vn 0.000000 0.000000 1.000000
vn 0.000000 0.000000 1.000000
vn 0.000000 0.000000 -1.000000
vn 0.000000 0.000000 -1.000000
vn 0.000000 0.000000 -1.000000
vn 0.000000 0.000000 -1.000000
vn 0.000000 1.000000 0.000000
vn 0.000000 1.000000 0.000000
vn 0.000000 1.000000 0.000000
vn 0.000000 1.000000 0.000000
vn 0.000000 -1.000000 0.000000
vn 0.000000 -1.000000 0.000000
vn 0.000000 -1.000000 0.000000
vn 0.000000 -1.000000 0.000000
vn 1.000000 0.000000 0.000000
vn 1.000000 0.000000 0.000000
vn 1.000000 0.000000 0.000000
vn 1.000000 0.000000 0.000000
vn -1.000000 0.000000 0.000000
vn -1.000000 0.000000 0.000000
vn -1.000000 0.000000 0.000000
vn -1.000000 0.000000 0.000000
vn 0.000000 0.707107 0.707107
vn 0.000000 0.707107 0.707107
vn 0.000000 0.707107 0.707107
vn 0.000000 0.707107 0.707107
vn 0.000000 0.707107 -0.707107
vn 0.000000 0.707107 -0.707107
vn 0.000000 0.707107 -0.707107
vn 0.000000 0.707107 -0.707107
vn 0.000000 -0.707107 0.707107
vn 0.000000 -0.707107 0.707107
vn 0.000000 -0.707107 0.707107
vn 0.000000 -0.707107 0.707107
vn 0.000000 -0.707107 -0.707107
vn 0.000000 -0.707107 -0.707107
vn 0.000000 -0.707107 -0.707107
vn 0.000000 -0.707107 -0.707107
vn 0.707107 0.000000 0.707107
vn 0.707107 0.000000 0.707107
vn 0.707107 0.000000 0.707107
vn 0.707107 0.000000 0.707107
vn 0.707107 0.000000 -0.707107
vn 0.707107 0.000000 -0.707107
vn 0.707107 0.000000 -0.707107
vn 0.707107 0.000000 -0.707107
vn -0.707107 0.000000 0.707107
vn -0.707107 0.000000 0.707107
vn -0.707107 0.000000 0.707107
vn -0.707107 0.000000 0.707107
vn -0.707107 0.000000 -0.707107
vn -0.707107 0.000000 -0.707107
vn -0.707107 0.000000 -0.707107
vn -0.707107 0.000000 -0.707107
vn 0.707107 0.707107 0.000000
vn 0.707107 0.707107 0.000000
vn 0.707107 0.707107 0.000000
vn 0.707107 0.707107 0.000000
vn 0.707107 -0.707107 0.000000
vn 0.707107 -0.707107 0.000000
vn 0.707107 -0.707107 0.000000
vn 0.707107 -0.707107 0.000000
vn -0.707107 0.707107 0.000000
vn -0.707107 0.707107 0.000000
vn -0.707107 0.707107 0.000000
vn -0.707107 0.707107 0.000000
vn -0.707107 -0.707107 0.000000
vn -0.707107 -0.707107 0.000000
vn -0.707107 -0.707107 0.000000
vn -0.707107 -0.707107 0.000000
vn -0.577350 -0.577350 -0.577350
vn -0.577350 -0.577350 -0.577350
vn -0.577350 -0.577350 -0.577350
vn -0.577350 -0.577350 0.577350
vn -0.577350 -0.577350 0.577350
vn -0.577350 -0.577350 0.577350
vn -0.577350 0.577350 -0.577350
vn -0.577350 0.577350 -0.577350
vn -0.577350 0.577350 -0.577350
vn -0.577350 0.577350 0.577350
vn -0.577350 0.577350 0.577350
vn -0.577350 0.577350 0.577350
vn 0.577350 -0.577350 -0.577350
vn 0.577350 -0.577350 -0.577350
vn 0.577350 -0.577350 -0.577350
vn 0.577350 -0.577350 0.577350
vn 0.577350 -0.577350 0.577350
vn 0.577350 -0.577350 0.577350
vn 0.577350 0.577350 -0.577350
vn 0.577350 0.577350 -0.577350
vn 0.577350 0.577350 -0.577350
vn 0.577350 0.577350 0.577350
vn 0.577350 0.577350 0.577350
vn 0.577350 0.577350 0.577350
vn 0.000000 0.000000 1.000000
vn 0.000000 0.000000 1.000000
vn 0.000000 0.000000 1.000000
vn 0.000000 0.000000 1.000000
vn 0.000000 0.000000 -1.000000
vn 0.000000 0.000000 -1.000000
vn 0.000000 0.000000 -1.000000
vn 0.000000 0.000000 -1.000000
vn 0.000000 1.000000 0.000000
vn 0.000000 1.000000 0.000000
vn 0.000000 1.000000 0.000000
vn 0.000000 1.000000 0.000000
vn 0.000000 -1.000000 0.000000
vn 0.000000 -1.000000 0.000000
vn 0.000000 -1.000000 0.000000
vn 0.000000 -1.000000 0.000000
vn 1.000000 0.000000 0.000000
vn 1.000000 0.000000 0.000000
vn 1.000000 0.000000 0.000000
vn 1.000000 0.000000 0.000000
vn -1.000000 0.000000 0.000000
vn -1.000000 0.000000 0.000000
vn -1.000000 0.000000 0.000000
vn -1.000000 0.000000 0.000000
vn 0.000000 0.707107 0.707107
vn 0.000000 0.707107 0.707107
vn 0.000000 0.707107 0.707107
vn 0.000000 0.707107 0.707107
vn 0.000000 0.707107 -0.707107
vn 0.000000 0.707107 -0.707107
vn 0.000000 0.707107 -0.707107
vn 0.000000 0.707107 -0.707107
vn 0.000000 -0.707107 0.707107
vn 0.000000 -0.707107 0.707107
vn 0.000000 -0.707107 0.707107
vn 0.000000 -0.707107 0.707107
vn 0.000000 -0.707107 -0.707107
vn 0.000000 -0.707107 -0.707107
vn 0.000000 -0.707107 -0.707107
vn 0.000000 -0.707107 -0.707107
vn 0.707107 0.000000 0.707107
vn 0.707107 0.000000 0.707107
vn 0.707107 0.000000 0.707107
vn 0.707107 0.000000 0.707107
vn 0.707107 0.000000 -0.707107
vn 0.707107 0.000000 -0.707107
vn 0.707107 0.000000 -0.707107
vn 0.707107 0.000000 -0.707107
vn -0.707107 0.000000 0.707107
vn -0.707107 0.000000 0.707107
vn -0.707107 0.000000 0.707107
vn -0.707107 0.000000 0.707107
vn -0.707107 0.000000 -0.707107
vn -0.707107 0.000000 -0.707107
vn -0.707107 0.000000 -0.707107
vn -0.707107 0.000000 -0.707107
vn 0.707107 0.707107 0.000000
vn 0.707107 0.707107 0.000000
vn 0.707107 0.707107 0.000000
vn 0.707107 0.707107 0.000000
vn 0.707107 -0.707107 0.000000
vn 0.707107 -0.707107 0.000000
vn 0.707107 -0.707107 0.000000
vn 0.707107 -0.707107 0.000000
vn -0.707107 0.707107 0.000000
vn -0.707107 0.707107 0.000000
vn -0.707107 0.707107 0.000000
vn -0.707107 0.707107 0.000000
vn -0.707107 -0.707107 0.000000
vn -0.707107 -0.707107 0.000000
vn -0.707107 -0.707107 0.000000
vn -0.707107 -0.707107 0.000000
vn -0.577350 -0.577350 -0.577350
vn -0.577350 -0.577350 -0.577350
vn -0.577350 -0.577350 -0.577350
vn -0.577350 -0.577350 0.577350
vn -0.577350 -0.577350 0.577350
vn -0.577350 -0.577350 0.577350
vn -0.577350 0.577350 -0.577350
vn -0.577350 0.577350 -0.577350
vn -0.577350 0.577350 -0.577350
vn -0.577350 0.577350 0.577350
vn -0.577350 0.577350 0.577350
vn -0.577350 0.577350 0.577350
vn 0.577350 -0.577350 -0.577350
vn 0.577350 -0.577350 -0.577350
vn 0.577350 -0.577350 -0.577350
vn 0.577350 -0.577350 0.577350
vn 0.577350 -0.577350 0.577350
vn 0.577350 -0.577350 0.577350
vn 0.577350 0.577350 -0.577350
vn 0.577350 0.577350 -0.577350
vn 0.577350 0.577350 -0.577350
vn 0.577350 0.577350 0.577350
vn 0.577350 0.577350 0.577350
vn 0.577350 0.577350 0.577350
vn 0.000000 0.000000 1.000000
vn 0.000000 0.000000 1.000000
vn 0.000000 0.000000 1.000000
vn 0.000000 0.000000 1.000000
vn 0.000000 0.000000 -1.000000
vn 0.000000 0.000000 -1.000000
vn 0.000000 0.000000 -1.000000
vn 0.000000 0.000000 -1.000000
vn 0.000000 1.000000 0.000000
vn 0.000000 1.000000 0.000000
vn 0.000000 1.000000 0.000000
vn 0.000000 1.000000 0.000000
vn 0.000000 -1.000000 0.000000
vn 0.000000 -1.000000 0.000000
vn 0.000000 -1.000000 0.000000
vn 0.000000 -1.000000 0.000000
vn 1.000000 0.000000 0.000000
vn 1.000000 0.000000 0.000000
vn 1.000000 0.000000 0.000000
vn 1.000000 0.000000 0.000000
vn -1.000000 0.000000 0.000000
vn -1.000000 0.000000 0.000000
vn -1.000000 0.000000 0.000000
vn -1.000000 0.000000 0.000000
vn 0.000000 0.707107 0.707107
vn 0.000000 0.707107 0.707107
vn 0.000000 0.707107 0.707107
vn 0.000000 0.707107 0.707107
vn 0.000000 0.707107 -0.707107
vn 0.000000 0.707107 -0.707107
vn 0.000000 0.707107 -0.707107
vn 0.000000 0.707107 -0.707107
vn 0.000000 -0.707107 0.707107
vn 0.000000 -0.707107 0.707107
vn 0.000000 -0.707107 0.707107
vn 0.000000 -0.707107 0.707107
vn 0.000000 -0.707107 -0.707107
vn 0.000000 -0.707107 -0.707107
vn 0.000000 -0.707107 -0.707107
vn 0.000000 -0.707107 -0.707107
vn 0.707107 0.000000 0.707107
vn 0.707107 0.000000 0.707107
vn 0.707107 0.000000 0.707107
vn 0.707107 0.000000 0.707107
vn 0.707107 0.000000 -0.707107
vn 0.707107 0.000000 -0.707107
vn 0.707107 0.000000 -0.707107
vn 0.707107 0.000000 -0.707107
vn -0.707107 0.000000 0.707107
vn -0.707107 0.000000 0.707107
vn -0.707107 0.000000 0.707107
vn -0.707107 0.000000 0.707107
vn -0.707107 0.000000 -0.707107
vn -0.707107 0.000000 -0.707107
vn -0.707107 0.000000 -0.707107
vn -0.707107 0.000000 -0.707107
vn 0.707107 0.707107 0.000000
vn 0.707107 0.707107 0.000000
vn 0.707107 0.707107 0.000000
vn 0.707107 0.707107 0.000000
vn 0.707107 -0.707107 0.000000
vn 0.707107 -0.707107 0.000000
vn 0.707107 -0.707107 0.000000
vn 0.707107 -0.707107 0.000000
vn -0.707107 0.707107 0.000000
vn -0.707107 0.707107 0.000000
vn -0.707107 0.707107 0.000000
vn -0.707107 0.707107 0.000000
vn -0.707107 -0.707107 0.000000
vn -0.707107 -0.707107 0.000000
vn -0.707107 -0.707107 0.000000
vn -0.707107 -0.707107 0.000000
vn -0.577350 -0.577350 -0.577350
vn -0.577350 -0.577350 -0.577350
vn -0.577350 -0.577350 -0.577350
vn -0.577350 -0.577350 0.577350
vn -0.577350 -0.577350 0.577350
vn -0.577350 -0.577350 0.577350
vn -0.577350 0.577350 -0.577350
vn -0.577350 0.577350 -0.577350
vn -0.577350 0.577350 -0.577350
vn -0.577350 0.577350 0.577350
vn -0.577350 0.577350 0.577350
vn -0.577350 0.577350 0.577350
vn 0.577350 -0.577350 -0.577350
vn 0.577350 -0.577350 -0.577350
vn 0.577350 -0.577350 -0.577350
vn 0.577350 -0.577350 0.577350
vn 0.577350 -0.577350 0.577350
vn 0.577350 -0.577350 0.577350
vn 0.577350 0.577350 -0.577350
vn 0.577350 0.577350 -0.577350
vn 0.577350 0.577350 -0.577350
vn 0.577350 0.577350 0.577350
vn 0.577350 0.577350 0.577350
vn 0.577350 0.577350 0.577350
vn 0.000000 0.000000 1.000000
vn 0.000000 0.000000 1.000000
vn 0.000000 0.000000 1.000000
vn 0.000000 0.000000 1.000000
vn 0.000000 0.000000 -1.000000
vn 0.000000 0.000000 -1.000000
vn 0.000000 0.000000 -1.000000
vn 0.000000 0.000000 -1.000000
vn 0.000000 1.000000 0.000000
vn 0.000000 1.000000 0.000000
vn 0.000000 1.000000 0.000000
vn 0.000000 1.000000 0.000000
vn 0.000000 -1.000000 0.000000
vn 0.000000 -1.000000 0.000000
vn 0.000000 -1.000000 0.000000
vn 0.000000 -1.000000 0.000000
vn 1.000000 0.000000 0.000000
vn 1.000000 0.000000 0.000000
vn 1.000000 0.000000 0.000000
vn 1.000000 0.000000 0.000000
vn -1.000000 0.000000 0.000000
vn -1.000000 0.000000 0.000000
vn -1.000000 0.000000 0.000000
vn -1.000000 0.000000 0.000000
vn 0.000000 0.707107 0.707107
vn 0.000000 0.707107 0.707107
vn 0.000000 0.707107 0.707107
vn 0.000000 0.707107 0.707107
vn 0.000000 0.707107 -0.707107
vn 0.000000 0.707107 -0.707107
vn 0.000000 0.707107 -0.707107
vn 0.000000 0.707107 -0.707107
vn 0.000000 -0.707107 0.707107
vn 0.000000 -0.707107 0.707107
vn 0.000000 -0.707107 0.707107
vn 0.000000 -0.707107 0.707107
vn 0.000000 -0.707107 -0.707107
vn 0.000000 -0.707107 -0.707107
vn 0.000000 -0.707107 -0.707107
vn 0.000000 -0.707107 -0.707107
vn 0.707107 0.000000 0.707107
vn 0.707107 0.000000 0.707107
vn 0.707107 0.000000 0.707107
vn 0.707107 0.000000 0.707107
vn 0.707107 0.000000 -0.707107
vn 0.707107 0.000000 -0.707107
vn 0.707107 0.000000 -0.707107
vn 0.707107 0.000000 -0.707107
vn -0.707107 0.000000 0.707107
vn -0.707107 0.000000 0.707107
vn -0.707107 0.000000 0.707107
vn -0.707107 0.000000 0.707107
vn -0.707107 0.000000 -0.707107
vn -0.707107 0.000000 -0.707107
vn -0.707107 0.000000 -0.707107
vn -0.707107 0.000000 -0.707107
vn 0.707107 0.707107 0.000000
vn 0.707107 0.707107 0.000000
vn 0.707107 0.707107 0.000000
vn 0.707107 0.707107 0.000000
vn 0.707107 -0.707107 0.000000
vn 0.707107 -0.707107 0.000000
vn 0.707107 -0.707107 0.000000
vn 0.707107 -0.707107 0.000000
vn -0.707107 0.707107 0.000000
vn -0.707107 0.707107 0.000000
vn -0.707107 0.707107 0.000000
vn -0.707107 0.707107 0.000000
vn -0.707107 -0.707107 0.000000
vn -0.707107 -0.707107 0.000000
vn -0.707107 -0.707107 0.000000
vn -0.707107 -0.707107 0.000000
vn -0.577350 -0.577350 -0.577350
vn -0.577350 -0.577350 -0.577350
vn -0.577350 -0.577350 -0.577350
vn -0.577350 -0.577350 0.577350
vn -0.577350 -0.577350 0.577350
vn -0.577350 -0.577350 0.577350
vn -0.577350 0.577350 -0.577350
vn -0.577350 0.577350 -0.577350
vn -0.577350 0.577350 -0.577350
vn -0.577350 0.577350 0.577350
vn -0.577350 0.577350 0.577350
vn -0.577350 0.577350 0.577350
vn 0.577350 -0.577350 -0.577350
vn 0.577350 -0.577350 -0.577350
vn 0.577350 -0.577350 -0.577350
vn 0.577350 -0.577350 0.577350
vn 0.577350 -0.577350 0.577350
vn 0.577350 -0.577350 0.577350
vn 0.577350 0.577350 -0.577350
vn 0.577350 0.577350 -0.577350
vn 0.577350 0.577350 -0.577350
vn 0.577350 0.577350 0.577350
vn 0.577350 0.577350 0.577350
vn 0.577350 0.577350 0.577350
vn 0.000000 0.000000 1.000000
vn 0.000000 0.000000 1.000000
vn 0.000000 0.000000 1.000000
vn 0.000000 0.000000 1.000000
vn 0.000000 0.000000 -1.000000
vn 0.000000 0.000000 -1.000000
vn 0.000000 0.000000 -1.000000
vn 0.000000 0.000000 -1.000000
vn 0.000000 1.000000 0.000000
vn 0.000000 1.000000 0.000000
vn 0.000000 1.000000 0.000000
vn 0.000000 1.000000 0.000000
vn 0.000000 -1.000000 0.000000
vn 0.000000 -1.000000 0.000000
vn 0.000000 -1.000000 0.000000
vn 0.000000 -1.000000 0.000000
vn 1.000000 0.000000 0.000000
vn 1.000000 0.000000 0.000000
vn 1.000000 0.000000 0.000000
vn 1.000000 0.000000 0.000000
vn -1.000000 0.000000 0.000000
vn -1.000000 0.000000 0.000000
vn -1.000000 0.000000 0.000000
vn -1.000000 0.000000 0.000000
vn 0.000000 0.707107 0.707107
vn 0.000000 0.707107 0.707107
vn 0.000000 0.707107 0.707107
vn 0.000000 0.707107 0.707107
vn 0.000000 0.707107 -0.707107
vn 0.000000 0.707107 -0.707107
vn 0.000000 0.707107 -0.707107
vn 0.000000 0.707107 -0.707107
vn 0.000000 -0.707107 0.707107
vn 0.000000 -0.707107 0.707107
vn 0.000000 -0.707107 0.707107
vn 0.000000 -0.707107 0.707107
vn 0.000000 -0.707107 -0.707107
vn 0.000000 -0.707107 -0.707107
vn 0.000000 -0.707107 -0.707107
vn 0.000000 -0.707107 -0.707107
vn 0.707107 0.000000 0.707107
vn 0.707107 0.000000 0.707107
vn 0.707107 0.000000 0.707107
vn 0.707107 0.000000 0.707107
vn 0.707107 0.000000 -0.707107
vn 0.707107 0.000000 -0.707107
vn 0.707107 0.000000 -0.707107
vn 0.707107 0.000000 -0.707107
vn -0.707107 0.000000 0.707107
vn -0.707107 0.000000 0.707107
vn -0.707107 0.000000 0.707107
vn -0.707107 0.000000 0.707107
vn -0.707107 0.000000 -0.707107
vn -0.707107 0.000000 -0.707107
vn -0.707107 0.000000 -0.707107
vn -0.707107 0.000000 -0.707107
vn 0.707107 0.707107 0.000000
vn 0.707107 0.707107 0.000000
vn 0.707107 0.707107 0.000000
vn 0.707107 0.707107 0.000000
vn 0.707107 -0.707107 0.000000
vn 0.707107 -0.707107 0.000000
vn 0.707107 -0.707107 0.000000
vn 0.707107 -0.707107 0.000000
vn -0.707107 0.707107 0.000000
vn -0.707107 0.707107 0.000000
vn -0.707107 0.707107 0.000000
vn -0.707107 0.707107 0.000000
vn -0.707107 -0.707107 0.000000
vn -0.707107 -0.707107 0.000000
vn -0.707107 -0.707107 0.000000
vn -0.707107 -0.707107 0.000000
vn -0.577350 -0.577350 -0.577350
vn -0.577350 -0.577350 -0.577350
vn -0.577350 -0.577350 -0.577350
vn -0.577350 -0.577350 0.577350
vn -0.577350 -0.577350 0.577350
vn -0.577350 -0.577350 0.577350
vn -0.577350 0.577350 -0.577350
vn -0.577350 0.577350 -0.577350
vn -0.577350 0.577350 -0.577350
vn -0.577350 0.577350 0.577350
vn -0.577350 0.577350 0.577350
vn -0.577350 0.577350 0.577350
vn 0.577350 -0.577350 -0.577350
vn 0.577350 -0.577350 -0.577350
vn 0.577350 -0.577350 -0.577350
vn 0.577350 -0.577350 0.577350
vn 0.577350 -0.577350 0.577350
vn 0.577350 -0.577350 0.577350
vn 0.577350 0.577350 -0.577350
vn 0.577350 0.577350 -0.577350
vn 0.577350 0.577350 -0.577350
vn 0.577350 0.577350 0.577350
vn 0.577350 0.577350 0.577350
vn 0.577350 0.577350 0.577350
vn 0.000000 0.000000 1.000000
vn 0.000000 0.000000 1.000000
vn 0.000000 0.000000 1.000000
vn 0.000000 0.000000 1.000000
vn 0.000000 0.000000 -1.000000
vn 0.000000 0.000000 -1.000000
vn 0.000000 0.000000 -1.000000
vn 0.000000 0.000000 -1.000000
vn 0.000000 1.000000 0.000000
vn 0.000000 1.000000 0.000000
vn 0.000000 1.000000 0.000000
vn 0.000000 1.000000 0.000000
vn 0.000000 -1.000000 0.000000
vn 0.000000 -1.000000 0.000000
vn 0.000000 -1.000000 0.000000
vn 0.000000 -1.000000 0.000000
vn 1.000000 0.000000 0.000000
vn 1.000000 0.000000 0.000000
vn 1.000000 0.000000 0.000000
vn 1.000000 0.000000 0.000000
vn -1.000000 0.000000 0.000000
vn -1.000000 0.000000 0.000000
vn -1.000000 0.000000 0.000000
vn -1.000000 0.000000 0.000000
vn 0.000000 0.707107 0.707107
vn 0.000000 0.707107 0.707107
vn 0.000000 0.707107 0.707107
vn 0.000000 0.707107 0.707107
vn 0.000000 0.707107 -0.707107
vn 0.000000 0.707107 -0.707107
vn 0.000000 0.707107 -0.707107
vn 0.000000 0.707107 -0.707107
vn 0.000000 -0.707107 0.707107
vn 0.000000 -0.707107 0.707107
vn 0.000000 -0.707107 0.707107
vn 0.000000 -0.707107 0.707107
vn 0.000000 -0.707107 -0.707107
vn 0.000000 -0.707107 -0.707107
vn 0.000000 -0.707107 -0.707107
vn 0.000000 -0.707107 -0.707107
vn 0.707107 0.000000 0.707107
vn 0.707107 0.000000 0.707107
vn 0.707107 0.000000 0.707107
vn 0.707107 0.000000 0.707107
vn 0.707107 0.000000 -0.707107
vn 0.707107 0.000000 -0.707107
vn 0.707107 0.000000 -0.707107
vn 0.707107 0.000000 -0.707107
vn -0.707107 0.000000 0.707107
vn -0.707107 0.000000 0.707107
vn -0.707107 0.000000 0.707107
vn -0.707107 0.000000 0.707107
vn -0.707107 0.000000 -0.707107
vn -0.707107 0.000000 -0.707107
vn -0.707107 0.000000 -0.707107
vn -0.707107 0.000000 -0.707107
vn 0.707107 0.707107 0.000000
vn 0.707107 0.707107 0.000000
vn 0.707107 0.707107 0.000000
vn 0.707107 0.707107 0.000000
vn 0.707107 -0.707107 0.000000
vn 0.707107 -0.707107 0.000000
vn 0.707107 -0.707107 0.000000
vn 0.707107 -0.707107 0.000000
vn -0.707107 0.707107 0.000000
vn -0.707107 0.707107 0.000000
vn -0.707107 0.707107 0.000000
vn -0.707107 0.707107 0.000000
vn -0.707107 -0.707107 0.000000
vn -0.707107 -0.707107 0.000000
vn -0.707107 -0.707107 0.000000
vn -0.707107 -0.707107 0.000000
vn -0.577350 -0.577350 -0.577350
vn -0.577350 -0.577350 -0.577350
vn -0.577350 -0.577350 -0.577350
vn -0.577350 -0.577350 0.577350
vn -0.577350 -0.577350 0.577350
vn -0.577350 -0.577350 0.577350
vn -0.577350 0.577350 -0.577350
vn -0.577350 0.577350 -0.577350
vn -0.577350 0.577350 -0.577350
vn -0.577350 0.577350 0.577350
vn -0.577350 0.577350 0.577350
vn -0.577350 0.577350 0.577350
vn 0.577350 -0.577350 -0.577350
vn 0.577350 -0.577350 -0.577350
vn 0.577350 -0.577350 -0.577350
vn 0.577350 -0.577350 0.577350
vn 0.577350 -0.577350 0.577350
vn 0.577350 -0.577350 0.577350
vn 0.577350 0.577350 -0.577350
vn 0.577350 0.577350 -0.577350
vn 0.577350 0.577350 -0.577350
vn 0.577350 0.577350 0.577350
vn 0.577350 0.577350 0.577350
vn 0.577350 0.577350 0.577350
vn 0.000000 0.000000 1.000000
vn 0.000000 0.000000 1.000000
vn 0.000000 0.000000 1.000000
vn 0.000000 0.000000 1.000000
vn 0.000000 0.000000 -1.000000
vn 0.000000 0.000000 -1.000000
vn 0.000000 0.000000 -1.000000
vn 0.000000 0.000000 -1.000000
vn 0.000000 1.000000 0.000000
vn 0.000000 1.000000 0.000000
vn 0.000000 1.000000 0.000000
vn 0.000000 1.000000 0.000000
vn 0.000000 -1.000000 0.000000
vn 0.000000 -1.000000 0.000000
vn 0.000000 -1.000000 0.000000
vn 0.000000 -1.000000 0.000000
vn 1.000000 0.000000 0.000000
vn 1.000000 0.000000 0.000000
vn 1.000000 0.000000 0.000000
vn 1.000000 0.000000 0.000000
vn -1.000000 0.000000 0.000000
vn -1.000000 0.000000 0.000000
vn -1.000000 0.000000 0.000000
vn -1.000000 0.000000 0.000000
vn 0.000000 0.707107 0.707107
vn 0.000000 0.707107 0.707107
vn 0.000000 0.707107 0.707107
vn 0.000000 0.707107 0.707107
vn 0.000000 0.707107 -0.707107
vn 0.000000 0.707107 -0.707107
vn 0.000000 0.707107 -0.707107
vn 0.000000 0.707107 -0.707107
vn 0.000000 -0.707107 0.707107
vn 0.000000 -0.707107 0.707107
vn 0.000000 -0.707107 0.707107
vn 0.000000 -0.707107 0.707107
vn 0.000000 -0.707107 -0.707107
vn 0.000000 -0.707107 -0.707107
vn 0.000000 -0.707107 -0.707107
vn 0.000000 -0.707107 -0.707107
vn 0.707107 0.000000 0.707107
vn 0.707107 0.000000 0.707107
vn 0.707107 0.000000 0.707107
vn 0.707107 0.000000 0.707107
vn 0.707107 0.000000 -0.707107
vn 0.707107 0.000000 -0.707107
vn 0.707107 0.000000 -0.707107
vn 0.707107 0.000000 -0.707107
vn -0.707107 0.000000 0.707107
vn -0.707107 0.000000 0.707107
vn -0.707107 0.000000 0.707107
vn -0.707107 0.000000 0.707107
vn -0.707107 0.000000 -0.707107
vn -0.707107 0.000000 -0.707107
vn -0.707107 0.000000 -0.707107
vn -0.707107 0.000000 -0.707107
vn 0.707107 0.707107 0.000000
vn 0.707107 0.707107 0.000000
vn 0.707107 0.707107 0.000000
vn 0.707107 0.707107 0.000000
vn 0.707107 -0.707107 0.000000
vn 0.707107 -0.707107 0.000000
vn 0.707107 -0.707107 0.000000
vn 0.707107 -0.707107 0.000000
vn -0.707107 0.707107 0.000000
vn -0.707107 0.707107 0.000000
vn -0.707107 0.707107 0.000000
vn -0.707107 0.707107 0.000000
vn -0.707107 -0.707107 0.000000
vn -0.707107 -0.707107 0.000000
vn -0.707107 -0.707107 0.000000
vn -0.707107 -0.707107 0.000000
vn -0.577350 -0.577350 -0.577350
vn -0.577350 -0.577350 -0.577350
vn -0.577350 -0.577350 -0.577350
vn -0.577350 -0.577350 0.577350
vn -0.577350 -0.577350 0.577350
vn -0.577350 -0.577350 0.577350
vn -0.577350 0.577350 -0.577350
vn -0.577350 0.577350 -0.577350
vn -0.577350 0.577350 -0.577350
vn -0.577350 0.577350 0.577350
vn -0.577350 0.577350 0.577350
vn -0.577350 0.577350 0.577350
vn 0.577350 -0.577350 -0.577350
vn 0.577350 -0.577350 -0.577350
vn 0.577350 -0.577350 -0.577350
vn 0.577350 -0.577350 0.577350
vn 0.577350 -0.577350 0.577350
vn 0.577350 -0.577350 0.577350
vn 0.577350 0.577350 -0.577350
vn 0.577350 0.577350 -0.577350
vn 0.577350 0.577350 -0.577350
vn 0.577350 0.577350 0.577350
vn 0.577350 0.577350 0.577350
vn 0.577350 0.577350 0.577350
vn 0.000000 0.000000 1.000000
vn 0.000000 0.000000 1.000000
vn 0.000000 0.000000 1.000000
vn 0.000000 0.000000 1.000000
vn 0.000000 0.000000 -1.000000
vn 0.000000 0.000000 -1.000000
vn 0.000000 0.000000 -1.000000
vn 0.000000 0.000000 -1.000000
vn 0.000000 1.000000 0.000000
vn 0.000000 1.000000 0.000000
vn 0.000000 1.000000 0.000000
vn 0.000000 1.000000 0.000000
vn 0.000000 -1.000000 0.000000
vn 0.000000 -1.000000 0.000000
vn 0.000000 -1.000000 0.000000
vn 0.000000 -1.000000 0.000000
vn 1.000000 0.000000 0.000000
vn 1.000000 0.000000 0.000000
vn 1.000000 0.000000 0.000000
vn 1.000000 0.000000 0.000000
vn -1.000000 0.000000 0.000000
vn -1.000000 0.000000 0.000000
vn -1.000000 0.000000 0.000000
vn -1.000000 0.000000 0.000000
vn 0.000000 0.707107 0.707107
vn 0.000000 0.707107 0.707107
vn 0.000000 0.707107 0.707107
vn 0.000000 0.707107 0.707107
vn 0.000000 0.707107 -0.707107
vn 0.000000 0.707107 -0.707107
vn 0.000000 0.707107 -0.707107
vn 0.000000 0.707107 -0.707107
vn 0.000000 -0.707107 0.707107
vn 0.000000 -0.707107 0.707107
vn 0.000000 -0.707107 0.707107
vn 0.000000 -0.707107 0.707107
vn 0.000000 -0.707107 -0.707107
vn 0.000000 -0.707107 -0.707107
vn 0.000000 -0.707107 -0.707107
vn 0.000000 -0.707107 -0.707107
vn 0.707107 0.000000 0.707107
vn 0.707107 0.000000 0.707107
vn 0.707107 0.000000 0.707107
vn 0.707107 0.000000 0.707107
vn 0.707107 0.000000 -0.707107
vn 0.707107 0.000000 -0.707107
vn 0.707107 0.000000 -0.707107
vn 0.707107 0.000000 -0.707107
vn -0.707107 0.000000 0.707107
vn -0.707107 0.000000 0.707107
vn -0.707107 0.000000 0.707107
vn -0.707107 0.000000 0.707107
vn -0.707107 0.000000 -0.707107
vn -0.707107 0.000000 -0.707107
vn -0.707107 0.000000 -0.707107
vn -0.707107 0.000000 -0.707107
vn 0.707107 0.707107 0.000000
vn 0.707107 0.707107 0.000000
vn 0.707107 0.707107 0.000000
vn 0.707107 0.707107 0.000000
vn 0.707107 -0.707107 0.000000
vn 0.707107 -0.707107 0.000000
vn 0.707107 -0.707107 0.000000
vn 0.707107 -0.707107 0.000000
vn -0.707107 0.707107 0.000000
vn -0.707107 0.707107 0.000000
vn -0.707107 0.707107 0.000000
vn -0.707107 0.707107 0.000000
vn -0.707107 -0.707107 0.000000
vn -0.707107 -0.707107 0.000000
vn -0.707107 -0.707107 0.000000
vn -0.707107 -0.707107 0.000000
vn -0.577350 -0.577350 -0.577350
vn -0.577350 -0.577350 -0.577350
vn -0.577350 -0.577350 -0.577350
vn -0.577350 -0.577350 0.577350
vn -0.577350 -0.577350 0.577350
vn -0.577350 -0.577350 0.577350
vn -0.577350 0.577350 -0.577350
vn -0.577350 0.577350 -0.577350
vn -0.577350 0.577350 -0.577350
vn -0.577350 0.577350 0.577350
vn -0.577350 0.577350 0.577350
vn -0.577350 0.577350 0.577350
vn 0.577350 -0.577350 -0.577350
vn 0.577350 -0.577350 -0.577350
vn 0.577350 -0.577350 -0.577350
vn 0.577350 -0.577350 0.577350
vn 0.577350 -0.577350 0.577350
vn 0.577350 -0.577350 0.577350
vn 0.577350 0.577350 -0.577350
vn 0.577350 0.577350 -0.577350
vn 0.577350 0.577350 -0.577350
vn 0.577350 0.577350 0.577350
vn 0.577350 0.577350 0.577350
vn 0.577350 0.577350 0.577350
vn 0.000000 0.000000 1.000000
vn 0.000000 0.000000 1.000000
vn 0.000000 0.000000 1.000000
vn 0.000000 0.000000 1.000000
vn 0.000000 0.000000 -1.000000
vn 0.000000 0.000000 -1.000000
vn 0.000000 0.000000 -1.000000
vn 0.000000 0.000000 -1.000000
vn 0.000000 1.000000 0.000000
vn 0.000000 1.000000 0.000000
vn 0.000000 1.000000 0.000000
vn 0.000000 1.000000 0.000000
vn 0.000000 -1.000000 0.000000
vn 0.000000 -1.000000 0.000000
vn 0.000000 -1.000000 0.000000
vn 0.000000 -1.000000 0.000000
vn 1.000000 0.000000 0.000000
vn 1.000000 0.000000 0.000000
vn 1.000000 0.000000 0.000000
vn 1.000000 0.000000 0.000000
vn -1.000000 0.000000 0.000000
vn -1.000000 0.000000 0.000000
vn -1.000000 0.000000 0.000000
vn -1.000000 0.000000 0.000000
vn 0.000000 0.707107 0.707107
vn 0.000000 0.707107 0.707107
vn 0.000000 0.707107 0.707107
vn 0.000000 0.707107 0.707107
vn 0.000000 0.707107 -0.707107
vn 0.000000 0.707107 -0.707107
vn 0.000000 0.707107 -0.707107
vn 0.000000 0.707107 -0.707107
vn 0.000000 -0.707107 0.707107
vn 0.000000 -0.707107 0.707107
vn 0.000000 -0.707107 0.707107
vn 0.000000 -0.707107 0.707107
vn 0.000000 -0.707107 -0.707107
vn 0.000000 -0.707107 -0.707107
vn 0.000000 -0.707107 -0.707107
vn 0.000000 -0.707107 -0.707107
vn 0.707107 0.000000 0.707107
vn 0.707107 0.000000 0.707107
vn 0.707107 0.000000 0.707107
vn 0.707107 0.000000 0.707107
vn 0.707107 0.000000 -0.707107
vn 0.707107 0.000000 -0.707107
vn 0.707107 0.000000 -0.707107
vn 0.707107 0.000000 -0.707107
vn -0.707107 0.000000 0.707107
vn -0.707107 0.000000 0.707107
vn -0.707107 0.000000 0.707107
vn -0.707107 0.000000 0.707107
vn -0.707107 0.000000 -0.707107
vn -0.707107 0.000000 -0.707107
vn -0.707107 0.000000 -0.707107
vn -0.707107 0.000000 -0.707107
vn 0.707107 0.707107 0.000000
vn 0.707107 0.707107 0.000000
vn 0.707107 0.707107 0.000000
vn 0.707107 0.707107 0.000000
vn 0.707107 -0.707107 0.000000
vn 0.707107 -0.707107 0.000000
vn 0.707107 -0.707107 0.000000
vn 0.707107 -0.707107 0.000000
vn -0.707107 0.707107 0.000000
vn -0.707107 0.707107 0.000000
vn -0.707107 0.707107 0.000000
vn -0.707107 0.707107 0.000000
vn -0.707107 -0.707107 0.000000
vn -0.707107 -0.707107 0.000000
vn -0.707107 -0.707107 0.000000
vn -0.707107 -0.707107 0.000000
vn -0.577350 -0.577350 -0.577350
vn -0.577350 -0.577350 -0.577350
vn -0.577350 -0.577350 -0.577350
vn -0.577350 -0.577350 0.577350
vn -0.577350 -0.577350 0.577350
vn -0.577350 -0.577350 0.577350
vn -0.577350 0.577350 -0.577350
vn -0.577350 0.577350 -0.577350
vn -0.577350 0.577350 -0.577350
vn -0.577350 0.577350 0.577350
vn -0.577350 0.577350 0.577350
vn -0.577350 0.577350 0.577350
vn 0.577350 -0.577350 -0.577350
vn 0.577350 -0.577350 -0.577350
vn 0.577350 -0.577350 -0.577350
vn 0.577350 -0.577350 0.577350
vn 0.577350 -0.577350 0.577350
vn 0.577350 -0.577350 0.577350
vn 0.577350 0.577350 -0.577350
vn 0.577350 0.577350 -0.577350
vn 0.577350 0.577350 -0.577350
vn 0.577350 0.577350 0.577350
vn 0.577350 0.577350 0.577350
vn 0.577350 0.577350 0.577350
vn 0.000000 0.000000 1.000000
vn 0.000000 0.000000 1.000000
vn 0.000000 0.000000 1.000000
vn 0.000000 0.000000 1.000000
vn 0.000000 0.000000 -1.000000
vn 0.000000 0.000000 -1.000000
vn 0.000000 0.000000 -1.000000
vn 0.000000 0.000000 -1.000000
vn 0.000000 1.000000 0.000000
vn 0.000000 1.000000 0.000000
vn 0.000000 1.000000 0.000000
vn 0.000000 1.000000 0.000000
vn 0.000000 -1.000000 0.000000
vn 0.000000 -1.000000 0.000000
vn 0.000000 -1.000000 0.000000
vn 0.000000 -1.000000 0.000000
vn 1.000000 0.000000 0.000000
vn 1.000000 0.000000 0.000000
vn 1.000000 0.000000 0.000000
vn 1.000000 0.000000 0.000000
vn -1.000000 0.000000 0.000000
vn -1.000000 0.000000 0.000000
vn -1.000000 0.000000 0.000000
vn -1.000000 0.000000 0.000000
vn 0.000000 0.707107 0.707107
vn 0.000000 0.707107 0.707107
vn 0.000000 0.707107 0.707107
vn 0.000000 0.707107 0.707107
vn 0.000000 0.707107 -0.707107
vn 0.000000 0.707107 -0.707107
vn 0.000000 0.707107 -0.707107
vn 0.000000 0.707107 -0.707107
vn 0.000000 -0.707107 0.707107
vn 0.000000 -0.707107 0.707107
vn 0.000000 -0.707107 0.707107
vn 0.000000 -0.707107 0.707107
vn 0.000000 -0.707107 -0.707107
vn 0.000000 -0.707107 -0.707107
vn 0.000000 -0.707107 -0.707107
vn 0.000000 -0.707107 -0.707107
vn 0.707107 0.000000 0.707107
vn 0.707107 0.000000 0.707107
vn 0.707107 0.000000 0.707107
vn 0.707107 0.000000 0.707107
vn 0.707107 0.000000 -0.707107
vn 0.707107 0.000000 -0.707107
vn 0.707107 0.000000 -0.707107
vn 0.707107 0.000000 -0.707107
vn -0.707107 0.000000 0.707107
vn -0.707107 0.000000 0.707107
vn -0.707107 0.000000 0.707107
vn -0.707107 0.000000 0.707107
vn -0.707107 0.000000 -0.707107
vn -0.707107 0.000000 -0.707107
vn -0.707107 0.000000 -0.707107
vn -0.707107 0.000000 -0.707107
vn 0.707107 0.707107 0.000000
vn 0.707107 0.707107 0.000000
vn 0.707107 0.707107 0.000000
vn 0.707107 0.707107 0.000000
vn 0.707107 -0.707107 0.000000
vn 0.707107 -0.707107 0.000000
vn 0.707107 -0.707107 0.000000
vn 0.707107 -0.707107 0.000000
vn -0.707107 0.707107 0.000000
vn -0.707107 0.707107 0.000000
vn -0.707107 0.707107 0.000000
vn -0.707107 0.707107 0.000000
vn -0.707107 -0.707107 0.000000
vn -0.707107 -0.707107 0.000000
vn -0.707107 -0.707107 0.000000
vn -0.707107 -0.707107 0.000000
vn -0.577350 -0.577350 -0.577350
vn -0.577350 -0.577350 -0.577350
vn -0.577350 -0.577350 -0.577350
vn -0.577350 -0.577350 0.577350
vn -0.577350 -0.577350 0.577350
vn -0.577350 -0.577350 0.577350
vn -0.577350 0.577350 -0.577350
vn -0.577350 0.577350 -0.577350
vn -0.577350 0.577350 -0.577350
vn -0.577350 0.577350 0.577350
vn -0.577350 0.577350 0.577350
vn -0.577350 0.577350 0.577350
vn 0.577350 -0.577350 -0.577350
vn 0.577350 -0.577350 -0.577350
vn 0.577350 -0.577350 -0.577350
vn 0.577350 -0.577350 0.577350
vn 0.577350 -0.577350 0.577350
vn 0.577350 -0.577350 0.577350
vn 0.577350 0.577350 -0.577350
vn 0.577350 0.577350 -0.577350
vn 0.577350 0.577350 -0.577350
vn 0.577350 0.577350 0.577350
vn 0.577350 0.577350 0.577350
vn 0.577350 0.577350 0.577350
vn 0.000000 0.000000 1.000000
vn 0.000000 0.000000 1.000000
vn 0.000000 0.000000 1.000000
vn 0.000000 0.000000 1.000000
vn 0.000000 0.000000 -1.000000
vn 0.000000 0.000000 -1.000000
vn 0.000000 0.000000 -1.000000
vn 0.000000 0.000000 -1.000000
vn 0.000000 1.000000 0.000000
vn 0.000000 1.000000 0.000000
vn 0.000000 1.000000 0.000000
vn 0.000000 1.000000 0.000000
vn 0.000000 -1.000000 0.000000
vn 0.000000 -1.000000 0.000000
vn 0.000000 -1.000000 0.000000
vn 0.000000 -1.000000 0.000000
vn 1.000000 0.000000 0.000000
vn 1.000000 0.000000 0.000000
vn 1.000000 0.000000 0.000000
vn 1.000000 0.000000 0.000000
vn -1.000000 0.000000 0.000000
vn -1.000000 0.000000 0.000000
vn -1.000000 0.000000 0.000000
vn -1.000000 0.000000 0.000000
vn 0.000000 0.707107 0.707107
vn 0.000000 0.707107 0.707107
vn 0.000000 0.707107 0.707107
vn 0.000000 0.707107 0.707107
vn 0.000000 0.707107 -0.707107
vn 0.000000 0.707107 -0.707107
vn 0.000000 0.707107 -0.707107
vn 0.000000 0.707107 -0.707107
vn 0.000000 -0.707107 0.707107
vn 0.000000 -0.707107 0.707107
vn 0.000000 -0.707107 0.707107
vn 0.000000 -0.707107 0.707107
vn 0.000000 -0.707107 -0.707107
vn 0.000000 -0.707107 -0.707107
vn 0.000000 -0.707107 -0.707107
vn 0.000000 -0.707107 -0.707107
vn 0.707107 0.000000 0.707107
vn 0.707107 0.000000 0.707107
vn 0.707107 0.000000 0.707107
vn 0.707107 0.000000 0.707107
vn 0.707107 0.000000 -0.707107
vn 0.707107 0.000000 -0.707107
vn 0.707107 0.000000 -0.707107
vn 0.707107 0.000000 -0.707107
vn -0.707107 0.000000 0.707107
vn -0.707107 0.000000 0.707107
vn -0.707107 0.000000 0.707107
vn -0.707107 0.000000 0.707107
vn -0.707107 0.000000 -0.707107
vn -0.707107 0.000000 -0.707107
vn -0.707107 0.000000 -0.707107
vn -0.707107 0.000000 -0.707107
vn 0.707107 0.707107 0.000000
vn 0.707107 0.707107 0.000000
vn 0.707107 0.707107 0.000000
vn 0.707107 0.707107 0.000000
vn 0.707107 -0.707107 0.000000
vn 0.707107 -0.707107 0.000000
vn 0.707107 -0.707107 0.000000
vn 0.707107 -0.707107 0.000000
vn -0.707107 0.707107 0.000000
vn -0.707107 0.707107 0.000000
vn -0.707107 0.707107 0.000000
vn -0.707107 0.707107 0.000000
vn -0.707107 -0.707107 0.000000
vn -0.707107 -0.707107 0.000000
vn -0.707107 -0.707107 0.000000
vn -0.707107 -0.707107 0.000000
vn -0.577350 -0.577350 -0.577350
vn -0.577350 -0.577350 -0.577350
vn -0.577350 -0.577350 -0.577350
vn -0.577350 -0.577350 0.577350
vn -0.577350 -0.577350 0.577350
vn -0.577350 -0.577350 0.577350
vn -0.577350 0.577350 -0.577350
vn -0.577350 0.577350 -0.577350
vn -0.577350 0.577350 -0.577350
vn -0.577350 0.577350 0.577350
vn -0.577350 0.577350 0.577350
vn -0.577350 0.577350 0.577350
vn 0.577350 -0.577350 -0.577350
vn 0.577350 -0.577350 -0.577350
vn 0.577350 -0.577350 -0.577350
vn 0.577350 -0.577350 0.577350
vn 0.577350 -0.577350 0.577350
vn 0.577350 -0.577350 0.577350
vn 0.577350 0.577350 -0.577350
vn 0.577350 0.577350 -0.577350
vn 0.577350 0.577350 -0.577350
vn 0.577350 0.577350 0.577350
vn 0.577350 0.577350 0.577350
vn 0.577350 0.577350 0.577350
vn 0.000000 0.000000 1.000000
vn 0.000000 0.000000 1.000000
vn 0.000000 0.000000 1.000000
vn 0.000000 0.000000 1.000000
vn 0.000000 0.000000 -1.000000
vn 0.000000 0.000000 -1.000000
vn 0.000000 0.000000 -1.000000
vn 0.000000 0.000000 -1.000000
vn 0.000000 1.000000 0.000000
vn 0.000000 1.000000 0.000000
vn 0.000000 1.000000 0.000000
vn 0.000000 1.000000 0.000000
vn 0.000000 -1.000000 0.000000
vn 0.000000 -1.000000 0.000000
vn 0.000000 -1.000000 0.000000
vn 0.000000 -1.000000 0.000000
vn 1.000000 0.000000 0.000000
vn 1.000000 0.000000 0.000000
vn 1.000000 0.000000 0.000000
vn 1.000000 0.000000 0.000000
vn -1.000000 0.000000 0.000000
vn -1.000000 0.000000 0.000000
vn -1.000000 0.000000 0.000000
vn -1.000000 0.000000 0.000000
vn 0.000000 0.707107 0.707107
vn 0.000000 0.707107 0.707107
vn 0.000000 0.707107 0.707107
vn 0.000000 0.707107 0.707107
vn 0.000000 0.707107 -0.707107
vn 0.000000 0.707107 -0.707107
vn 0.000000 0.707107 -0.707107
vn 0.000000 0.707107 -0.707107
vn 0.000000 -0.707107 0.707107
vn 0.000000 -0.707107 0.707107
vn 0.000000 -0.707107 0.707107
vn 0.000000 -0.707107 0.707107
vn 0.000000 -0.707107 -0.707107
vn 0.000000 -0.707107 -0.707107
vn 0.000000 -0.707107 -0.707107
vn 0.000000 -0.707107 -0.707107
vn 0.707107 0.000000 0.707107
vn 0.707107 0.000000 0.707107
vn 0.707107 0.000000 0.707107
vn 0.707107 0.000000 0.707107
vn 0.707107 0.000000 -0.707107
vn 0.707107 0.000000 -0.707107
vn 0.707107 0.000000 -0.707107
vn 0.707107 0.000000 -0.707107
vn -0.707107 0.000000 0.707107
vn -0.707107 0.000000 0.707107
vn -0.707107 0.000000 0.707107
vn -0.707107 0.000000 0.707107
vn -0.707107 0.000000 -0.707107
vn -0.707107 0.000000 -0.707107
vn -0.707107 0.000000 -0.707107
vn -0.707107 0.000000 -0.707107
vn 0.707107 0.707107 0.000000
vn 0.707107 0.707107 0.000000
vn 0.707107 0.707107 0.000000
vn 0.707107 0.707107 0.000000
vn 0.707107 -0.707107 0.000000
vn 0.707107 -0.707107 0.000000
vn 0.707107 -0.707107 0.000000
vn 0.707107 -0.707107 0.000000
vn -0.707107 0.707107 0.000000
vn -0.707107 0.707107 0.000000
vn -0.707107 0.707107 0.000000
vn -0.707107 0.707107 0.000000
vn -0.707107 -0.707107 0.000000
vn -0.707107 -0.707107 0.000000
vn -0.707107 -0.707107 0.000000
vn -0.707107 -0.707107 0.000000
vn -0.577350 -0.577350 -0.577350
vn -0.577350 -0.577350 -0.577350
vn -0.577350 -0.577350 -0.577350
vn -0.577350 -0.577350 0.577350
vn -0.577350 -0.577350 0.577350
vn -0.577350 -0.577350 0.577350
vn -0.577350 0.577350 -0.577350
vn -0.577350 0.577350 -0.577350
vn -0.577350 0.577350 -0.577350
vn -0.577350 0.577350 0.577350
vn -0.577350 0.577350 0.577350
vn -0.577350 0.577350 0.577350
vn 0.577350 -0.577350 -0.577350
vn 0.577350 -0.577350 -0.577350
vn 0.577350 -0.577350 -0.577350
vn 0.577350 -0.577350 0.577350
vn 0.577350 -0.577350 0.577350
vn 0.577350 -0.577350 0.577350
vn 0.577350 0.577350 -0.577350
vn 0.577350 0.577350 -0.577350
vn 0.577350 0.577350 -0.577350
vn 0.577350 0.577350 0.577350
vn 0.577350 0.577350 0.577350
vn 0.577350 0.577350 0.577350
vn 0.000000 0.000000 1.000000
vn 0.000000 0.000000 1.000000
vn 0.000000 0.000000 1.000000
vn 0.000000 0.000000 1.000000
vn 0.000000 0.000000 -1.000000
vn 0.000000 0.000000 -1.000000
vn 0.000000 0.000000 -1.000000
vn 0.000000 0.000000 -1.000000
vn 0.000000 1.000000 0.000000
vn 0.000000 1.000000 0.000000
vn 0.000000 1.000000 0.000000
vn 0.000000 1.000000 0.000000
vn 0.000000 -1.000000 0.000000
vn 0.000000 -1.000000 0.000000
vn 0.000000 -1.000000 0.000000
vn 0.000000 -1.000000 0.000000
vn 1.000000 0.000000 0.000000
vn 1.000000 0.000000 0.000000
vn 1.000000 0.000000 0.000000
vn 1.000000 0.000000 0.000000
vn -1.000000 0.000000 0.000000
vn -1.000000 0.000000 0.000000
vn -1.000000 0.000000 0.000000
vn -1.000000 0.000000 0.000000
vn 0.000000 0.707107 0.707107
vn 0.000000 0.707107 0.707107
vn 0.000000 0.707107 0.707107
vn 0.000000 0.707107 0.707107
vn 0.000000 0.707107 -0.707107
vn 0.000000 0.707107 -0.707107
vn 0.000000 0.707107 -0.707107
vn 0.000000 0.707107 -0.707107
vn 0.000000 -0.707107 0.707107
vn 0.000000 -0.707107 0.707107
vn 0.000000 -0.707107 0.707107
vn 0.000000 -0.707107 0.707107
vn 0.000000 -0.707107 -0.707107
vn 0.000000 -0.707107 -0.707107
vn 0.000000 -0.707107 -0.707107
vn 0.000000 -0.707107 -0.707107
vn 0.707107 0.000000 0.707107
vn 0.707107 0.000000 0.707107
vn 0.707107 0.000000 0.707107
vn 0.707107 0.000000 0.707107
vn 0.707107 0.000000 -0.707107
vn 0.707107 0.000000 -0.707107
vn 0.707107 0.000000 -0.707107
vn 0.707107 0.000000 -0.707107
vn -0.707107 0.000000 0.707107
vn -0.707107 0.000000 0.707107
vn -0.707107 0.000000 0.707107
vn -0.707107 0.000000 0.707107
vn -0.707107 0.000000 -0.707107
vn -0.707107 0.000000 -0.707107
vn -0.707107 0.000000 -0.707107
vn -0.707107 0.000000 -0.707107
vn 0.707107 0.707107 0.000000
vn 0.707107 0.707107 0.000000
vn 0.707107 0.707107 0.000000
vn 0.707107 0.707107 0.000000
vn 0.707107 -0.707107 0.000000
vn 0.707107 -0.707107 0.000000
vn 0.707107 -0.707107 0.000000
vn 0.707107 -0.707107 0.000000
vn -0.707107 0.707107 0.000000
vn -0.707107 0.707107 0.000000
vn -0.707107 0.707107 0.000000
vn -0.707107 0.707107 0.000000
vn -0.707107 -0.707107 0.000000
vn -0.707107 -0.707107 0.000000
vn -0.707107 -0.707107 0.000000
vn -0.707107 -0.707107 0.000000
vn -0.577350 -0.577350 -0.577350
vn -0.577350 -0.577350 -0.577350
vn -0.577350 -0.577350 -0.577350
vn -0.577350 -0.577350 0.577350
vn -0.577350 -0.577350 0.577350
vn -0.577350 -0.577350 0.577350
vn -0.577350 0.577350 -0.577350
vn -0.577350 0.577350 -0.577350
vn -0.577350 0.577350 -0.577350
vn -0.577350 0.577350 0.577350
vn -0.577350 0.577350 0.577350
vn -0.577350 0.577350 0.577350
vn 0.577350 -0.577350 -0.577350
vn 0.577350 -0.577350 -0.577350
vn 0.577350 -0.577350 -0.577350
vn 0.577350 -0.577350 0.577350
vn 0.577350 -0.577350 0.577350
vn 0.577350 -0.577350 0.577350
vn 0.577350 0.577350 -0.577350
vn 0.577350 0.577350 -0.577350
vn 0.577350 0.577350 -0.577350
vn 0.577350 0.577350 0.577350
vn 0.577350 0.577350 0.577350
vn 0.577350 0.577350 0.577350
vn 0.000000 0.000000 1.000000
vn 0.000000 0.000000 1.000000
vn 0.000000 0.000000 1.000000
vn 0.000000 0.000000 1.000000
vn 0.000000 0.000000 -1.000000
vn 0.000000 0.000000 -1.000000
vn 0.000000 0.000000 -1.000000
vn 0.000000 0.000000 -1.000000
vn 0.000000 1.000000 0.000000
vn 0.000000 1.000000 0.000000
vn 0.000000 1.000000 0.000000
vn 0.000000 1.000000 0.000000
vn 0.000000 -1.000000 0.000000
vn 0.000000 -1.000000 0.000000
vn 0.000000 -1.000000 0.000000
vn 0.000000 -1.000000 0.000000
vn 1.000000 0.000000 0.000000
vn 1.000000 0.000000 0.000000
vn 1.000000 0.000000 0.000000
vn 1.000000 0.000000 0.000000
vn -1.000000 0.000000 0.000000
vn -1.000000 0.000000 0.000000
vn -1.000000 0.000000 0.000000
vn -1.000000 0.000000 0.000000
vn 0.000000 0.707107 0.707107
vn 0.000000 0.707107 0.707107
vn 0.000000 0.707107 0.707107
vn 0.000000 0.707107 0.707107
vn 0.000000 0.707107 -0.707107
vn 0.000000 0.707107 -0.707107
vn 0.000000 0.707107 -0.707107
vn 0.000000 0.707107 -0.707107
vn 0.000000 -0.707107 0.707107
vn 0.000000 -0.707107 0.707107
vn 0.000000 -0.707107 0.707107
vn 0.000000 -0.707107 0.707107
vn 0.000000 -0.707107 -0.707107
vn 0.000000 -0.707107 -0.707107
vn 0.000000 -0.707107 -0.707107
vn 0.000000 -0.707107 -0.707107
vn 0.707107 0.000000 0.707107
vn 0.707107 0.000000 0.707107
vn 0.707107 0.000000 0.707107
vn 0.707107 0.000000 0.707107
vn 0.707107 0.000000 -0.707107
vn 0.707107 0.000000 -0.707107
vn 0.707107 0.000000 -0.707107
vn 0.707107 0.000000 -0.707107
vn -0.707107 0.000000 0.707107
vn -0.707107 0.000000 0.707107
vn -0.707107 0.000000 0.707107
vn -0.707107 0.000000 0.707107
vn -0.707107 0.000000 -0.707107
vn -0.707107 0.000000 -0.707107
vn -0.707107 0.000000 -0.707107
vn -0.707107 0.000000 -0.707107
vn 0.707107 0.707107 0.000000
vn 0.707107 0.707107 0.000000
vn 0.707107 0.707107 0.000000
vn 0.707107 0.707107 0.000000
vn 0.707107 -0.707107 0.000000
vn 0.707107 -0.707107 0.000000
vn 0.707107 -0.707107 0.000000
vn 0.707107 -0.707107 0.000000
vn -0.707107 0.707107 0.000000
vn -0.707107 0.707107 0.000000
vn -0.707107 0.707107 0.000000
vn -0.707107 0.707107 0.000000
vn -0.707107 -0.707107 0.000000
vn -0.707107 -0.707107 0.000000
vn -0.707107 -0.707107 0.000000
vn -0.707107 -0.707107 0.000000
vn -0.577350 -0.577350 -0.577350
vn -0.577350 -0.577350 -0.577350
vn -0.577350 -0.577350 -0.577350
vn -0.577350 -0.577350 0.577350
vn -0.577350 -0.577350 0.577350
vn -0.577350 -0.577350 0.577350
vn -0.577350 0.577350 -0.577350
vn -0.577350 0.577350 -0.577350
vn -0.577350 0.577350 -0.577350
vn -0.577350 0.577350 0.577350
vn -0.577350 0.577350 0.577350
vn -0.577350 0.577350 0.577350
vn 0.577350 -0.577350 -0.577350
vn 0.577350 -0.577350 -0.577350
vn 0.577350 -0.577350 -0.577350
vn 0.577350 -0.577350 0.577350
vn 0.577350 -0.577350 0.577350
vn 0.577350 -0.577350 0.577350
vn 0.577350 0.577350 -0.577350
vn 0.577350 0.577350 -0.577350
vn 0.577350 0.577350 -0.577350
vn 0.577350 0.577350 0.577350
vn 0.577350 0.577350 0.577350
vn 0.577350 0.577350 0.577350
vn 0.000000 0.000000 1.000000
vn 0.000000 0.000000 1.000000
vn 0.000000 0.000000 1.000000
vn 0.000000 0.000000 1.000000
vn 0.000000 0.000000 -1.000000
vn 0.000000 0.000000 -1.000000
vn 0.000000 0.000000 -1.000000
vn 0.000000 0.000000 -1.000000
vn 0.000000 1.000000 0.000000
vn 0.000000 1.000000 0.000000
vn 0.000000 1.000000 0.000000
vn 0.000000 1.000000 0.000000
vn 0.000000 -1.000000 0.000000
vn 0.000000 -1.000000 0.000000
vn 0.000000 -1.000000 0.000000
vn 0.000000 -1.000000 0.000000
vn 1.000000 0.000000 0.000000
vn 1.000000 0.000000 0.000000
vn 1.000000 0.000000 0.000000
vn 1.000000 0.000000 0.000000
vn -1.000000 0.000000 0.000000
vn -1.000000 0.000000 0.000000
vn -1.000000 0.000000 0.000000
vn -1.000000 0.000000 0.000000
vn 0.000000 0.707107 0.707107
vn 0.000000 0.707107 0.707107
vn 0.000000 0.707107 0.707107
vn 0.000000 0.707107 0.707107
vn 0.000000 0.707107 -0.707107
vn 0.000000 0.707107 -0.707107
vn 0.000000 0.707107 -0.707107
vn 0.000000 0.707107 -0.707107
vn 0.000000 -0.707107 0.707107
vn 0.000000 -0.707107 0.707107
vn 0.000000 -0.707107 0.707107
vn 0.000000 -0.707107 0.707107
vn 0.000000 -0.707107 -0.707107
vn 0.000000 -0.707107 -0.707107
vn 0.000000 -0.707107 -0.707107
vn 0.000000 -0.707107 -0.707107
vn 0.707107 0.000000 0.707107
vn 0.707107 0.000000 0.707107
vn 0.707107 0.000000 0.707107
vn 0.707107 0.000000 0.707107
vn 0.707107 0.000000 -0.707107
vn 0.707107 0.000000 -0.707107
vn 0.707107 0.000000 -0.707107
vn 0.707107 0.000000 -0.707107
vn -0.707107 0.000000 0.707107
vn -0.707107 0.000000 0.707107
vn -0.707107 0.000000 0.707107
vn -0.707107 0.000000 0.707107
vn -0.707107 0.000000 -0.707107
vn -0.707107 0.000000 -0.707107
vn -0.707107 0.000000 -0.707107
vn -0.707107 0.000000 -0.707107
vn 0.707107 0.707107 0.000000
vn 0.707107 0.707107 0.000000
vn 0.707107 0.707107 0.000000
vn 0.707107 0.707107 0.000000
vn 0.707107 -0.707107 0.000000
vn 0.707107 -0.707107 0.000000
vn 0.707107 -0.707107 0.000000
vn 0.707107 -0.707107 0.000000
vn -0.707107 0.707107 0.000000
vn -0.707107 0.707107 0.000000
vn -0.707107 0.707107 0.000000
vn -0.707107 0.707107 0.000000
vn -0.707107 -0.707107 0.000000
vn -0.707107 -0.707107 0.000000
vn -0.707107 -0.707107 0.000000
vn -0.707107 -0.707107 0.000000
vn -0.577350 -0.577350 -0.577350
vn -0.577350 -0.577350 -0.577350
vn -0.577350 -0.577350 -0.577350
vn -0.577350 -0.577350 0.577350
vn -0.577350 -0.577350 0.577350
vn -0.577350 -0.577350 0.577350
vn -0.577350 0.577350 -0.577350
vn -0.577350 0.577350 -0.577350
vn -0.577350 0.577350 -0.577350
vn -0.577350 0.577350 0.577350
vn -0.577350 0.577350 0.577350
vn -0.577350 0.577350 0.577350
vn 0.577350 -0.577350 -0.577350
vn 0.577350 -0.577350 -0.577350
vn 0.577350 -0.577350 -0.577350
vn 0.577350 -0.577350 0.577350
vn 0.577350 -0.577350 0.577350
vn 0.577350 -0.577350 0.577350
vn 0.577350 0.577350 -0.577350
vn 0.577350 0.577350 -0.577350
vn 0.577350 0.577350 -0.577350
vn 0.577350 0.577350 0.577350
vn 0.577350 0.577350 0.577350
vn 0.577350 0.577350 0.577350
vn 0.000000 0.000000 1.000000
vn 0.000000 0.000000 1.000000
vn 0.000000 0.000000 1.000000
vn 0.000000 0.000000 1.000000
vn 0.000000 0.000000 -1.000000
vn 0.000000 0.000000 -1.000000
vn 0.000000 0.000000 -1.000000
vn 0.000000 0.000000 -1.000000
vn 0.000000 1.000000 0.000000
vn 0.000000 1.000000 0.000000
vn 0.000000 1.000000 0.000000
vn 0.000000 1.000000 0.000000
vn 0.000000 -1.000000 0.000000
vn 0.000000 -1.000000 0.000000
vn 0.000000 -1.000000 0.000000
vn 0.000000 -1.000000 0.000000
vn 1.000000 0.000000 0.000000
vn 1.000000 0.000000 0.000000
vn 1.000000 0.000000 0.000000
vn 1.000000 0.000000 0.000000
vn -1.000000 0.000000 0.000000
vn -1.000000 0.000000 0.000000
vn -1.000000 0.000000 0.000000
vn -1.000000 0.000000 0.000000
vn 0.000000 0.707107 0.707107
vn 0.000000 0.707107 0.707107
vn 0.000000 0.707107 0.707107
vn 0.000000 0.707107 0.707107
vn 0.000000 0.707107 -0.707107
vn 0.000000 0.707107 -0.707107
vn 0.000000 0.707107 -0.707107
vn 0.000000 0.707107 -0.707107
vn 0.000000 -0.707107 0.707107
vn 0.000000 -0.707107 0.707107
vn 0.000000 -0.707107 0.707107
vn 0.000000 -0.707107 0.707107
vn 0.000000 -0.707107 -0.707107
vn 0.000000 -0.707107 -0.707107
vn 0.000000 -0.707107 -0.707107
vn 0.000000 -0.707107 -0.707107
vn 0.707107 0.000000 0.707107
vn 0.707107 0.000000 0.707107
vn 0.707107 0.000000 0.707107
vn 0.707107 0.000000 0.707107
vn 0.707107 0.000000 -0.707107
vn 0.707107 0.000000 -0.707107
vn 0.707107 0.000000 -0.707107
vn 0.707107 0.000000 -0.707107
vn -0.707107 0.000000 0.707107
vn -0.707107 0.000000 0.707107
vn -0.707107 0.000000 0.707107
vn -0.707107 0.000000 0.707107
vn -0.707107 0.000000 -0.707107
vn -0.707107 0.000000 -0.707107
vn -0.707107 0.000000 -0.707107
vn -0.707107 0.000000 -0.707107
vn 0.707107 0.707107 0.000000
vn 0.707107 0.707107 0.000000
vn 0.707107 0.707107 0.000000
vn 0.707107 0.707107 0.000000
vn 0.707107 -0.707107 0.000000
vn 0.707107 -0.707107 0.000000
vn 0.707107 -0.707107 0.000000
vn 0.707107 -0.707107 0.000000
vn -0.707107 0.707107 0.000000
vn -0.707107 0.707107 0.000000
vn -0.707107 0.707107 0.000000
vn -0.707107 0.707107 0.000000
vn -0.707107 -0.707107 0.000000
vn -0.707107 -0.707107 0.000000
vn -0.707107 -0.707107 0.000000
vn -0.707107 -0.707107 0.000000
vn -0.577350 -0.577350 -0.577350
vn -0.577350 -0.577350 -0.577350
vn -0.577350 -0.577350 -0.577350
vn -0.577350 -0.577350 0.577350
vn -0.577350 -0.577350 0.577350
vn -0.577350 -0.577350 0.577350
vn -0.577350 0.577350 -0.577350
vn -0.577350 0.577350 -0.577350
vn -0.577350 0.577350 -0.577350
vn -0.577350 0.577350 0.577350
vn -0.577350 0.577350 0.577350
vn -0.577350 0.577350 0.577350
vn 0.577350 -0.577350 -0.577350
vn 0.577350 -0.577350 -0.577350
vn 0.577350 -0.577350 -0.577350
vn 0.577350 -0.577350 0.577350
vn 0.577350 -0.577350 0.577350
vn 0.577350 -0.577350 0.577350
vn 0.577350 0.577350 -0.577350
vn 0.577350 0.577350 -0.577350
vn 0.577350 0.577350 -0.577350
vn 0.577350 0.577350 0.577350
vn 0.577350 0.577350 0.577350
vn 0.577350 0.577350 0.577350
vn 0.000000 0.000000 1.000000
vn 0.000000 0.000000 1.000000
vn 0.000000 0.000000 1.000000
vn 0.000000 0.000000 1.000000
vn 0.000000 0.000000 -1.000000
vn 0.000000 0.000000 -1.000000
vn 0.000000 0.000000 -1.000000
vn 0.000000 0.000000 -1.000000
vn 0.000000 1.000000 0.000000
vn 0.000000 1.000000 0.000000
vn 0.000000 1.000000 0.000000
vn 0.000000 1.000000 0.000000
vn 0.000000 -1.000000 0.000000
vn 0.000000 -1.000000 0.000000
vn 0.000000 -1.000000 0.000000
vn 0.000000 -1.000000 0.000000
vn 1.000000 0.000000 0.000000
vn 1.000000 0.000000 0.000000
vn 1.000000 0.000000 0.000000
vn 1.000000 0.000000 0.000000
vn -1.000000 0.000000 0.000000
vn -1.000000 0.000000 0.000000
vn -1.000000 0.000000 0.000000
vn -1.000000 0.000000 0.000000
vn 0.000000 0.707107 0.707107
vn 0.000000 0.707107 0.707107
vn 0.000000 0.707107 0.707107
vn 0.000000 0.707107 0.707107
vn 0.000000 0.707107 -0.707107
vn 0.000000 0.707107 -0.707107
vn 0.000000 0.707107 -0.707107
vn 0.000000 0.707107 -0.707107
vn 0.000000 -0.707107 0.707107
vn 0.000000 -0.707107 0.707107
vn 0.000000 -0.707107 0.707107
vn 0.000000 -0.707107 0.707107
vn 0.000000 -0.707107 -0.707107
vn 0.000000 -0.707107 -0.707107
vn 0.000000 -0.707107 -0.707107
vn 0.000000 -0.707107 -0.707107
vn 0.707107 0.000000 0.707107
vn 0.707107 0.000000 0.707107
vn 0.707107 0.000000 0.707107
vn 0.707107 0.000000 0.707107
vn 0.707107 0.000000 -0.707107
vn 0.707107 0.000000 -0.707107
vn 0.707107 0.000000 -0.707107
vn 0.707107 0.000000 -0.707107
vn -0.707107 0.000000 0.707107
vn -0.707107 0.000000 0.707107
vn -0.707107 0.000000 0.707107
vn -0.707107 0.000000 0.707107
vn -0.707107 0.000000 -0.707107
vn -0.707107 0.000000 -0.707107
vn -0.707107 0.000000 -0.707107
vn -0.707107 0.000000 -0.707107
vn 0.707107 0.707107 0.000000
vn 0.707107 0.707107 0.000000
vn 0.707107 0.707107 0.000000
vn 0.707107 0.707107 0.000000
vn 0.707107 -0.707107 0.000000
vn 0.707107 -0.707107 0.000000
vn 0.707107 -0.707107 0.000000
vn 0.707107 -0.707107 0.000000
vn -0.707107 0.707107 0.000000
vn -0.707107 0.707107 0.000000
vn -0.707107 0.707107 0.000000
vn -0.707107 0.707107 0.000000
vn -0.707107 -0.707107 0.000000
vn -0.707107 -0.707107 0.000000
vn -0.707107 -0.707107 0.000000
vn -0.707107 -0.707107 0.000000
vn -0.577350 -0.577350 -0.577350
vn -0.577350 -0.577350 -0.577350
vn -0.577350 -0.577350 -0.577350
vn -0.577350 -0.577350 0.577350
vn -0.577350 -0.577350 0.577350
vn -0.577350 -0.577350 0.577350
vn -0.577350 0.577350 -0.577350
vn -0.577350 0.577350 -0.577350
vn -0.577350 0.577350 -0.577350
vn -0.577350 0.577350 0.577350
vn -0.577350 0.577350 0.577350
vn -0.577350 0.577350 0.577350
vn 0.577350 -0.577350 -0.577350
vn 0.577350 -0.577350 -0.577350
vn 0.577350 -0.577350 -0.577350
vn 0.577350 -0.577350 0.577350
vn 0.577350 -0.577350 0.577350
vn 0.577350 -0.577350 0.577350
vn 0.577350 0.577350 -0.577350
vn 0.577350 0.577350 -0.577350
vn 0.577350 0.577350 -0.577350
vn 0.577350 0.577350 0.577350
vn 0.577350 0.577350 0.577350
vn 0.577350 0.577350 0.577350
vn 0.000000 0.000000 1.000000
vn 0.000000 0.000000 1.000000
vn 0.000000 0.000000 1.000000
vn 0.000000 0.000000 1.000000
vn 0.000000 0.000000 -1.000000
vn 0.000000 0.000000 -1.000000
vn 0.000000 0.000000 -1.000000
vn 0.000000 0.000000 -1.000000
vn 0.000000 1.000000 0.000000
vn 0.000000 1.000000 0.000000
vn 0.000000 1.000000 0.000000
vn 0.000000 1.000000 0.000000
vn 0.000000 -1.000000 0.000000
vn 0.000000 -1.000000 0.000000
vn 0.000000 -1.000000 0.000000
vn 0.000000 -1.000000 0.000000
vn 1.000000 0.000000 0.000000
vn 1.000000 0.000000 0.000000
vn 1.000000 0.000000 0.000000
vn 1.000000 0.000000 0.000000
vn -1.000000 0.000000 0.000000
vn -1.000000 0.000000 0.000000
vn -1.000000 0.000000 0.000000
vn -1.000000 0.000000 0.000000
vn 0.000000 0.707107 0.707107
vn 0.000000 0.707107 0.707107
vn 0.000000 0.707107 0.707107
vn 0.000000 0.707107 0.707107
vn 0.000000 0.707107 -0.707107
vn 0.000000 0.707107 -0.707107
vn 0.000000 0.707107 -0.707107
vn 0.000000 0.707107 -0.707107
vn 0.000000 -0.707107 0.707107
vn 0.000000 -0.707107 0.707107
vn 0.000000 -0.707107 0.707107
vn 0.000000 -0.707107 0.707107
vn 0.000000 -0.707107 -0.707107
vn 0.000000 -0.707107 -0.707107
vn 0.000000 -0.707107 -0.707107
vn 0.000000 -0.707107 -0.707107
vn 0.707107 0.000000 0.707107
vn 0.707107 0.000000 0.707107
vn 0.707107 0.000000 0.707107
vn 0.707107 0.000000 0.707107
vn 0.707107 0.000000 -0.707107
vn 0.707107 0.000000 -0.707107
vn 0.707107 0.000000 -0.707107
vn 0.707107 0.000000 -0.707107
vn -0.707107 0.000000 0.707107
vn -0.707107 0.000000 0.707107
vn -0.707107 0.000000 0.707107
vn -0.707107 0.000000 0.707107
vn -0.707107 0.000000 -0.707107
vn -0.707107 0.000000 -0.707107
vn -0.707107 0.000000 -0.707107
vn -0.707107 0.000000 -0.707107
vn 0.707107 0.707107 0.000000
vn 0.707107 0.707107 0.000000
vn 0.707107 0.707107 0.000000
vn 0.707107 0.707107 0.000000
vn 0.707107 -0.707107 0.000000
vn 0.707107 -0.707107 0.000000
vn 0.707107 -0.707107 0.000000
vn 0.707107 -0.707107 0.000000
vn -0.707107 0.707107 0.000000
vn -0.707107 0.707107 0.000000
vn -0.707107 0.707107 0.000000
vn -0.707107 0.707107 0.000000
vn -0.707107 -0.707107 0.000000
vn -0.707107 -0.707107 0.000000
vn -0.707107 -0.707107 0.000000
vn -0.707107 -0.707107 0.000000
vn -0.577350 -0.577350 -0.577350
vn -0.577350 -0.577350 -0.577350
vn -0.577350 -0.577350 -0.577350
vn -0.577350 -0.577350 0.577350
vn -0.577350 -0.577350 0.577350
vn -0.577350 -0.577350 0.577350
vn -0.577350 0.577350 -0.577350
vn -0.577350 0.577350 -0.577350
vn -0.577350 0.577350 -0.577350
vn -0.577350 0.577350 0.577350
vn -0.577350 0.577350 0.577350
vn -0.577350 0.577350 0.577350
vn 0.577350 -0.577350 -0.577350
vn 0.577350 -0.577350 -0.577350
vn 0.577350 -0.577350 -0.577350
vn 0.577350 -0.577350 0.577350
vn 0.577350 -0.577350 0.577350
vn 0.577350 -0.577350 0.577350
vn 0.577350 0.577350 -0.577350
vn 0.577350 0.577350 -0.577350
vn 0.577350 0.577350 -0.577350
vn 0.577350 0.577350 0.577350
vn 0.577350 0.577350 0.577350
vn 0.577350 0.577350 0.577350
vn 0.000000 0.000000 1.000000
vn 0.000000 0.000000 1.000000
vn 0.000000 0.000000 1.000000
vn 0.000000 0.000000 1.000000
vn 0.000000 0.000000 -1.000000
vn 0.000000 0.000000 -1.000000
vn 0.000000 0.000000 -1.000000
vn 0.000000 0.000000 -1.000000
vn 0.000000 1.000000 0.000000
vn 0.000000 1.000000 0.000000
vn 0.000000 1.000000 0.000000
vn 0.000000 1.000000 0.000000
vn 0.000000 -1.000000 0.000000
vn 0.000000 -1.000000 0.000000
vn 0.000000 -1.000000 0.000000
vn 0.000000 -1.000000 0.000000
vn 1.000000 0.000000 0.000000
vn 1.000000 0.000000 0.000000
vn 1.000000 0.000000 0.000000
vn 1.000000 0.000000 0.000000
vn -1.000000 0.000000 0.000000
vn -1.000000 0.000000 0.000000
vn -1.000000 0.000000 0.000000
vn -1.000000 0.000000 0.000000
vn 0.000000 0.707107 0.707107
vn 0.000000 0.707107 0.707107
vn 0.000000 0.707107 0.707107
vn 0.000000 0.707107 0.707107
vn 0.000000 0.707107 -0.707107
vn 0.000000 0.707107 -0.707107
vn 0.000000 0.707107 -0.707107
vn 0.000000 0.707107 -0.707107
vn 0.000000 -0.707107 0.707107
vn 0.000000 -0.707107 0.707107
vn 0.000000 -0.707107 0.707107
vn 0.000000 -0.707107 0.707107
vn 0.000000 -0.707107 -0.707107
vn 0.000000 -0.707107 -0.707107
vn 0.000000 -0.707107 -0.707107
vn 0.000000 -0.707107 -0.707107
vn 0.707107 0.000000 0.707107
vn 0.707107 0.000000 0.707107
vn 0.707107 0.000000 0.707107
vn 0.707107 0.000000 0.707107
vn 0.707107 0.000000 -0.707107
vn 0.707107 0.000000 -0.707107
vn 0.707107 0.000000 -0.707107
vn 0.707107 0.000000 -0.707107
vn -0.707107 0.000000 0.707107
vn -0.707107 0.000000 0.707107
vn -0.707107 0.000000 0.707107
vn -0.707107 0.000000 0.707107
vn -0.707107 0.000000 -0.707107
vn -0.707107 0.000000 -0.707107
vn -0.707107 0.000000 -0.707107
vn -0.707107 0.000000 -0.707107
vn 0.707107 0.707107 0.000000
vn 0.707107 0.707107 0.000000
vn 0.707107 0.707107 0.000000
vn 0.707107 0.707107 0.000000
vn 0.707107 -0.707107 0.000000
vn 0.707107 -0.707107 0.000000
vn 0.707107 -0.707107 0.000000
vn 0.707107 -0.707107 0.000000
vn -0.707107 0.707107 0.000000
vn -0.707107 0.707107 0.000000
vn -0.707107 0.707107 0.000000
vn -0.707107 0.707107 0.000000
vn -0.707107 -0.707107 0.000000
vn -0.707107 -0.707107 0.000000
vn -0.707107 -0.707107 0.000000
vn -0.707107 -0.707107 0.000000
vn -0.577350 -0.577350 -0.577350
vn -0.577350 -0.577350 -0.577350
vn -0.577350 -0.577350 -0.577350
vn -0.577350 -0.577350 0.577350
vn -0.577350 -0.577350 0.577350
vn -0.577350 -0.577350 0.577350
vn -0.577350 0.577350 -0.577350
vn -0.577350 0.577350 -0.577350
vn -0.577350 0.577350 -0.577350
vn -0.577350 0.577350 0.577350
vn -0.577350 0.577350 0.577350
vn -0.577350 0.577350 0.577350
vn 0.577350 -0.577350 -0.577350
vn 0.577350 -0.577350 -0.577350
vn 0.577350 -0.577350 -0.577350
vn 0.577350 -0.577350 0.577350
vn 0.577350 -0.577350 0.577350
vn 0.577350 -0.577350 0.577350
vn 0.577350 0.577350 -0.577350
vn 0.577350 0.577350 -0.577350
vn 0.577350 0.577350 -0.577350
vn 0.577350 0.577350 0.577350
vn 0.577350 0.577350 0.577350
vn 0.577350 0.577350 0.577350
vn 0.000000 0.000000 1.000000
vn 0.000000 0.000000 1.000000
vn 0.000000 0.000000 1.000000
vn 0.000000 0.000000 1.000000
vn 0.000000 0.000000 -1.000000
vn 0.000000 0.000000 -1.000000
vn 0.000000 0.000000 -1.000000
vn 0.000000 0.000000 -1.000000
vn 0.000000 1.000000 0.000000
vn 0.000000 1.000000 0.000000
vn 0.000000 1.000000 0.000000
vn 0.000000 1.000000 0.000000
vn 0.000000 -1.000000 0.000000
vn 0.000000 -1.000000 0.000000
vn 0.000000 -1.000000 0.000000
vn 0.000000 -1.000000 0.000000
vn 1.000000 0.000000 0.000000
vn 1.000000 0.000000 0.000000
vn 1.000000 0.000000 0.000000
vn 1.000000 0.000000 0.000000
vn -1.000000 0.000000 0.000000
vn -1.000000 0.000000 0.000000
vn -1.000000 0.000000 0.000000
vn -1.000000 0.000000 0.000000
vn 0.000000 0.707107 0.707107
vn 0.000000 0.707107 0.707107
vn 0.000000 0.707107 0.707107
vn 0.000000 0.707107 0.707107
vn 0.000000 0.707107 -0.707107
vn 0.000000 0.707107 -0.707107
vn 0.000000 0.707107 -0.707107
vn 0.000000 0.707107 -0.707107
vn 0.000000 -0.707107 0.707107
vn 0.000000 -0.707107 0.707107
vn 0.000000 -0.707107 0.707107
vn 0.000000 -0.707107 0.707107
vn 0.000000 -0.707107 -0.707107
vn 0.000000 -0.707107 -0.707107
vn 0.000000 -0.707107 -0.707107
vn 0.000000 -0.707107 -0.707107
vn 0.707107 0.000000 0.707107
vn 0.707107 0.000000 0.707107
vn 0.707107 0.000000 0.707107
vn 0.707107 0.000000 0.707107
vn 0.707107 0.000000 -0.707107
vn 0.707107 0.000000 -0.707107
vn 0.707107 0.000000 -0.707107
vn 0.707107 0.000000 -0.707107
vn -0.707107 0.000000 0.707107
vn -0.707107 0.000000 0.707107
vn -0.707107 0.000000 0.707107
vn -0.707107 0.000000 0.707107
vn -0.707107 0.000000 -0.707107
vn -0.707107 0.000000 -0.707107
vn -0.707107 0.000000 -0.707107
vn -0.707107 0.000000 -0.707107
vn 0.707107 0.707107 0.000000
vn 0.707107 0.707107 0.000000
vn 0.707107 0.707107 0.000000
vn 0.707107 0.707107 0.000000
vn 0.707107 -0.707107 0.000000
vn 0.707107 -0.707107 0.000000
vn 0.707107 -0.707107 0.000000
vn 0.707107 -0.707107 0.000000
vn -0.707107 0.707107 0.000000
vn -0.707107 0.707107 0.000000
vn -0.707107 0.707107 0.000000
vn -0.707107 0.707107 0.000000
vn -0.707107 -0.707107 0.000000
vn -0.707107 -0.707107 0.000000
vn -0.707107 -0.707107 0.000000
vn -0.707107 -0.707107 0.000000
vn -0.577350 -0.577350 -0.577350
vn -0.577350 -0.577350 -0.577350
vn -0.577350 -0.577350 -0.577350
vn -0.577350 -0.577350 0.577350
vn -0.577350 -0.577350 0.577350
vn -0.577350 -0.577350 0.577350
vn -0.577350 0.577350 -0.577350
vn -0.577350 0.577350 -0.577350
vn -0.577350 0.577350 -0.577350
vn -0.577350 0.577350 0.577350
vn -0.577350 0.577350 0.577350
vn -0.577350 0.577350 0.577350
vn 0.577350 -0.577350 -0.577350
vn 0.577350 -0.577350 -0.577350
vn 0.577350 -0.577350 -0.577350
vn 0.577350 -0.577350 0.577350
vn 0.577350 -0.577350 0.577350
vn 0.577350 -0.577350 0.577350
vn 0.577350 0.577350 -0.577350
vn 0.577350 0.577350 -0.577350
vn 0.577350 0.577350 -0.577350
vn 0.577350 0.577350 0.577350
vn 0.577350 0.577350 0.577350
vn 0.577350 0.577350 0.577350
vn 0.000000 0.000000 1.000000
vn 0.000000 0.000000 1.000000
vn 0.000000 0.000000 1.000000
vn 0.000000 0.000000 1.000000
vn 0.000000 0.000000 -1.000000
vn 0.000000 0.000000 -1.000000
vn 0.000000 0.000000 -1.000000
vn 0.000000 0.000000 -1.000000
vn 0.000000 1.000000 0.000000
vn 0.000000 1.000000 0.000000
vn 0.000000 1.000000 0.000000
vn 0.000000 1.000000 0.000000
vn 0.000000 -1.000000 0.000000
vn 0.000000 -1.000000 0.000000
vn 0.000000 -1.000000 0.000000
vn 0.000000 -1.000000 0.000000
vn 1.000000 0.000000 0.000000
vn 1.000000 0.000000 0.000000
vn 1.000000 0.000000 0.000000
vn 1.000000 0.000000 0.000000
vn -1.000000 0.000000 0.000000
vn -1.000000 0.000000 0.000000
vn -1.000000 0.000000 0.000000
vn -1.000000 0.000000 0.000000
vn 0.000000 0.707107 0.707107
vn 0.000000 0.707107 0.707107
vn 0.000000 0.707107 0.707107
vn 0.000000 0.707107 0.707107
vn 0.000000 0.707107 -0.707107
vn 0.000000 0.707107 -0.707107
vn 0.000000 0.707107 -0.707107
vn 0.000000 0.707107 -0.707107
vn 0.000000 -0.707107 0.707107
vn 0.000000 -0.707107 0.707107
vn 0.000000 -0.707107 0.707107
vn 0.000000 -0.707107 0.707107
vn 0.000000 -0.707107 -0.707107
vn 0.000000 -0.707107 -0.707107
vn 0.000000 -0.707107 -0.707107
vn 0.000000 -0.707107 -0.707107
vn 0.707107 0.000000 0.707107
vn 0.707107 0.000000 0.707107
vn 0.707107 0.000000 0.707107
vn 0.707107 0.000000 0.707107
vn 0.707107 0.000000 -0.707107
vn 0.707107 0.000000 -0.707107
vn 0.707107 0.000000 -0.707107
vn 0.707107 0.000000 -0.707107
vn -0.707107 0.000000 0.707107
vn -0.707107 0.000000 0.707107
vn -0.707107 0.000000 0.707107
vn -0.707107 0.000000 0.707107
vn -0.707107 0.000000 -0.707107
vn -0.707107 0.000000 -0.707107
vn -0.707107 0.000000 -0.707107
vn -0.707107 0.000000 -0.707107
vn 0.707107 0.707107 0.000000
vn 0.707107 0.707107 0.000000
vn 0.707107 0.707107 0.000000
vn 0.707107 0.707107 0.000000
vn 0.707107 -0.707107 0.000000
vn 0.707107 -0.707107 0.000000
vn 0.707107 -0.707107 0.000000
vn 0.707107 -0.707107 0.000000
vn -0.707107 0.707107 0.000000
vn -0.707107 0.707107 0.000000
vn -0.707107 0.707107 0.000000
vn -0.707107 0.707107 0.000000
vn -0.707107 -0.707107 0.000000
vn -0.707107 -0.707107 0.000000
vn -0.707107 -0.707107 0.000000
vn -0.707107 -0.707107 0.000000
vn -0.577350 -0.577350 -0.577350
vn -0.577350 -0.577350 -0.577350
vn -0.577350 -0.577350 -0.577350
vn -0.577350 -0.577350 0.577350
vn -0.577350 -0.577350 0.577350
vn -0.577350 -0.577350 0.577350
vn -0.577350 0.577350 -0.577350
vn -0.577350 0.577350 -0.577350
vn -0.577350 0.577350 -0.577350
vn -0.577350 0.577350 0.577350
vn -0.577350 0.577350 0.577350
vn -0.577350 0.577350 0.577350
vn 0.577350 -0.577350 -0.577350
vn 0.577350 -0.577350 -0.577350
vn 0.577350 -0.577350 -0.577350
vn 0.577350 -0.577350 0.577350
vn 0.577350 -0.577350 0.577350
vn 0.577350 -0.577350 0.577350
vn 0.577350 0.577350 -0.577350
vn 0.577350 0.577350 -0.577350
vn 0.577350 0.577350 -0.577350
vn 0.577350 0.577350 0.577350
vn 0.577350 0.577350 0.577350
vn 0.577350 0.577350 0.577350
vn 0.000000 0.000000 1.000000
vn 0.000000 0.000000 1.000000
vn 0.000000 0.000000 1.000000
vn 0.000000 0.000000 1.000000
vn 0.000000 0.000000 -1.000000
vn 0.000000 0.000000 -1.000000
vn 0.000000 0.000000 -1.000000
vn 0.000000 0.000000 -1.000000
vn 0.000000 1.000000 0.000000
vn 0.000000 1.000000 0.000000
vn 0.000000 1.000000 0.000000
vn 0.000000 1.000000 0.000000
vn 0.000000 -1.000000 0.000000
vn 0.000000 -1.000000 0.000000
vn 0.000000 -1.000000 0.000000
vn 0.000000 -1.000000 0.000000
vn 1.000000 0.000000 0.000000
vn 1.000000 0.000000 0.000000
vn 1.000000 0.000000 0.000000
vn 1.000000 0.000000 0.000000
vn -1.000000 0.000000 0.000000
vn -1.000000 0.000000 0.000000
vn -1.000000 0.000000 0.000000
vn -1.000000 0.000000 0.000000
vn 0.000000 0.707107 0.707107
vn 0.000000 0.707107 0.707107
vn 0.000000 0.707107 0.707107
vn 0.000000 0.707107 0.707107
vn 0.000000 0.707107 -0.707107
vn 0.000000 0.707107 -0.707107
vn 0.000000 0.707107 -0.707107
vn 0.000000 0.707107 -0.707107
vn 0.000000 -0.707107 0.707107
vn 0.000000 -0.707107 0.707107
vn 0.000000 -0.707107 0.707107
vn 0.000000 -0.707107 0.707107
vn 0.000000 -0.707107 -0.707107
vn 0.000000 -0.707107 -0.707107
vn 0.000000 -0.707107 -0.707107
vn 0.000000 -0.707107 -0.707107
vn 0.707107 0.000000 0.707107
vn 0.707107 0.000000 0.707107
vn 0.707107 0.000000 0.707107
vn 0.707107 0.000000 0.707107
vn 0.707107 0.000000 -0.707107
vn 0.707107 0.000000 -0.707107
vn 0.707107 0.000000 -0.707107
vn 0.707107 0.000000 -0.707107
vn -0.707107 0.000000 0.707107
vn -0.707107 0.000000 0.707107
vn -0.707107 0.000000 0.707107
vn -0.707107 0.000000 0.707107
vn -0.707107 0.000000 -0.707107
vn -0.707107 0.000000 -0.707107
vn -0.707107 0.000000 -0.707107
vn -0.707107 0.000000 -0.707107
vn 0.707107 0.707107 0.000000
vn 0.707107 0.707107 0.000000
vn 0.707107 0.707107 0.000000
vn 0.707107 0.707107 0.000000
vn 0.707107 -0.707107 0.000000
vn 0.707107 -0.707107 0.000000
vn 0.707107 -0.707107 0.000000
vn 0.707107 -0.707107 0.000000
vn -0.707107 0.707107 0.000000
vn -0.707107 0.707107 0.000000
vn -0.707107 0.707107 0.000000
vn -0.707107 0.707107 0.000000
vn -0.707107 -0.707107 0.000000
vn -0.707107 -0.707107 0.000000
vn -0.707107 -0.707107 0.000000
vn -0.707107 -0.707107 0.000000
vn -0.577350 -0.577350 -0.577350
vn -0.577350 -0.577350 -0.577350
vn -0.577350 -0.577350 -0.577350
vn -0.577350 -0.577350 0.577350
vn -0.577350 -0.577350 0.577350
vn -0.577350 -0.577350 0.577350
vn -0.577350 0.577350 -0.577350
vn -0.577350 0.577350 -0.577350
vn -0.577350 0.577350 -0.577350
vn -0.577350 0.577350 0.577350
vn -0.577350 0.577350 0.577350
vn -0.577350 0.577350 0.577350
vn 0.577350 -0.577350 -0.577350
vn 0.577350 -0.577350 -0.577350
vn 0.577350 -0.577350 -0.577350
vn 0.577350 -0.577350 0.577350
vn 0.577350 -0.577350 0.577350
vn 0.577350 -0.577350 0.577350
vn 0.577350 0.577350 -0.577350
vn 0.577350 0.577350 -0.577350
vn 0.577350 0.577350 -0.577350
vn 0.577350 0.577350 0.577350
vn 0.577350 0.577350 0.577350
vn 0.577350 0.577350 0.577350
vn 0.000000 0.000000 1.000000
vn 0.000000 0.000000 1.000000
vn 0.000000 0.000000 1.000000
vn 0.000000 0.000000 1.000000
vn 0.000000 0.000000 -1.000000
vn 0.000000 0.000000 -1.000000
vn 0.000000 0.000000 -1.000000
vn 0.000000 0.000000 -1.000000
vn 0.000000 1.000000 0.000000
vn 0.000000 1.000000 0.000000
vn 0.000000 1.000000 0.000000
vn 0.000000 1.000000 0.000000
vn 0.000000 -1.000000 0.000000
vn 0.000000 -1.000000 0.000000
vn 0.000000 -1.000000 0.000000
vn 0.000000 -1.000000 0.000000
vn 1.000000 0.000000 0.000000
vn 1.000000 0.000000 0.000000
vn 1.000000 0.000000 0.000000
vn 1.000000 0.000000 0.000000
vn -1.000000 0.000000 0.000000
vn -1.000000 0.000000 0.000000
vn -1.000000 0.000000 0.000000
vn -1.000000 0.000000 0.000000
vn 0.000000 0.707107 0.707107
vn 0.000000 0.707107 0.707107
vn 0.000000 0.707107 0.707107
vn 0.000000 0.707107 0.707107
vn 0.000000 0.707107 -0.707107
vn 0.000000 0.707107 -0.707107
vn 0.000000 0.707107 -0.707107
vn 0.000000 0.707107 -0.707107
vn 0.000000 -0.707107 0.707107
vn 0.000000 -0.707107 0.707107
vn 0.000000 -0.707107 0.707107
vn 0.000000 -0.707107 0.707107
vn 0.000000 -0.707107 -0.707107
vn 0.000000 -0.707107 -0.707107
vn 0.000000 -0.707107 -0.707107
vn 0.000000 -0.707107 -0.707107
vn 0.707107 0.000000 0.707107
vn 0.707107 0.000000 0.707107
vn 0.707107 0.000000 0.707107
vn 0.707107 0.000000 0.707107
vn 0.707107 0.000000 -0.707107
vn 0.707107 0.000000 -0.707107
vn 0.707107 0.000000 -0.707107
vn 0.707107 0.000000 -0.707107
vn -0.707107 0.000000 0.707107
vn -0.707107 0.000000 0.707107
vn -0.707107 0.000000 0.707107
vn -0.707107 0.000000 0.707107
vn -0.707107 0.000000 -0.707107
vn -0.707107 0.000000 -0.707107
vn -0.707107 0.000000 -0.707107
vn -0.707107 0.000000 -0.707107
vn 0.707107 0.707107 0.000000
vn 0.707107 0.707107 0.000000
vn 0.707107 0.707107 0.000000
vn 0.707107 0.707107 0.000000
vn 0.707107 -0.707107 0.000000
vn 0.707107 -0.707107 0.000000
vn 0.707107 -0.707107 0.000000
vn 0.707107 -0.707107 0.000000
vn -0.707107 0.707107 0.000000
vn -0.707107 0.707107 0.000000
vn -0.707107 0.707107 0.000000
vn -0.707107 0.707107 0.000000
vn -0.707107 -0.707107 0.000000
vn -0.707107 -0.707107 0.000000
vn -0.707107 -0.707107 0.000000
vn -0.707107 -0.707107 0.000000
vn -0.577350 -0.577350 -0.577350
vn -0.577350 -0.577350 -0.577350
vn -0.577350 -0.577350 -0.577350
vn -0.577350 -0.577350 0.577350
vn -0.577350 -0.577350 0.577350
vn -0.577350 -0.577350 0.577350
vn -0.577350 0.577350 -0.577350
vn -0.577350 0.577350 -0.577350
vn -0.577350 0.577350 -0.577350
vn -0.577350 0.577350 0.577350
vn -0.577350 0.577350 0.577350
vn -0.577350 0.577350 0.577350
vn 0.577350 -0.577350 -0.577350
vn 0.577350 -0.577350 -0.577350
vn 0.577350 -0.577350 -0.577350
vn 0.577350 -0.577350 0.577350
vn 0.577350 -0.577350 0.577350
vn 0.577350 -0.577350 0.577350
vn 0.577350 0.577350 -0.577350
vn 0.577350 0.577350 -0.577350
vn 0.577350 0.577350 -0.577350
vn 0.577350 0.577350 0.577350
vn 0.577350 0.577350 0.577350
vn 0.577350 0.577350 0.577350
vn 0.000000 0.000000 1.000000
vn 0.000000 0.000000 1.000000
vn 0.000000 0.000000 1.000000
vn 0.000000 0.000000 1.000000
vn 0.000000 0.000000 -1.000000
vn 0.000000 0.000000 -1.000000
vn 0.000000 0.000000 -1.000000
vn 0.000000 0.000000 -1.000000
vn 0.000000 1.000000 0.000000
vn 0.000000 1.000000 0.000000
vn 0.000000 1.000000 0.000000
vn 0.000000 1.000000 0.000000
vn 0.000000 -1.000000 0.000000
vn 0.000000 -1.000000 0.000000
vn 0.000000 -1.000000 0.000000
vn 0.000000 -1.000000 0.000000
vn 1.000000 0.000000 0.000000
vn 1.000000 0.000000 0.000000
vn 1.000000 0.000000 0.000000
vn 1.000000 0.000000 0.000000
vn -1.000000 0.000000 0.000000
vn -1.000000 0.000000 0.000000
vn -1.000000 0.000000 0.000000
vn -1.000000 0.000000 0.000000
vn 0.000000 0.707107 0.707107
vn 0.000000 0.707107 0.707107
vn 0.000000 0.707107 0.707107
vn 0.000000 0.707107 0.707107
vn 0.000000 0.707107 -0.707107
vn 0.000000 0.707107 -0.707107
vn 0.000000 0.707107 -0.707107
vn 0.000000 0.707107 -0.707107
vn 0.000000 -0.707107 0.707107
vn 0.000000 -0.707107 0.707107
vn 0.000000 -0.707107 0.707107
vn 0.000000 -0.707107 0.707107
vn 0.000000 -0.707107 -0.707107
vn 0.000000 -0.707107 -0.707107
vn 0.000000 -0.707107 -0.707107
vn 0.000000 -0.707107 -0.707107
vn 0.707107 0.000000 0.707107
vn 0.707107 0.000000 0.707107
vn 0.707107 0.000000 0.707107
vn 0.707107 0.000000 0.707107
vn 0.707107 0.000000 -0.707107
vn 0.707107 0.000000 -0.707107
vn 0.707107 0.000000 -0.707107
vn 0.707107 0.000000 -0.707107
vn -0.707107 0.000000 0.707107
vn -0.707107 0.000000 0.707107
vn -0.707107 0.000000 0.707107
vn -0.707107 0.000000 0.707107
vn -0.707107 0.000000 -0.707107
vn -0.707107 0.000000 -0.707107
vn -0.707107 0.000000 -0.707107
vn -0.707107 0.000000 -0.707107
vn 0.707107 0.707107 0.000000
vn 0.707107 0.707107 0.000000
vn 0.707107 0.707107 0.000000
vn 0.707107 0.707107 0.000000
vn 0.707107 -0.707107 0.000000
vn 0.707107 -0.707107 0.000000
vn 0.707107 -0.707107 0.000000
vn 0.707107 -0.707107 0.000000
vn -0.707107 0.707107 0.000000
vn -0.707107 0.707107 0.000000
vn -0.707107 0.707107 0.000000
vn -0.707107 0.707107 0.000000
vn -0.707107 -0.707107 0.000000
vn -0.707107 -0.707107 0.000000
vn -0.707107 -0.707107 0.000000
vn -0.707107 -0.707107 0.000000
vn -0.577350 -0.577350 -0.577350
vn -0.577350 -0.577350 -0.577350
vn -0.577350 -0.577350 -0.577350
vn -0.577350 -0.577350 0.577350
vn -0.577350 -0.577350 0.577350
vn -0.577350 -0.577350 0.577350
vn -0.577350 0.577350 -0.577350
vn -0.577350 0.577350 -0.577350
vn -0.577350 0.577350 -0.577350
vn -0.577350 0.577350 0.577350
vn -0.577350 0.577350 0.577350
vn -0.577350 0.577350 0.577350
vn 0.577350 -0.577350 -0.577350
vn 0.577350 -0.577350 -0.577350
vn 0.577350 -0.577350 -0.577350
vn 0.577350 -0.577350 0.577350
vn 0.577350 -0.577350 0.577350
vn 0.577350 -0.577350 0.577350
vn 0.577350 0.577350 -0.577350
vn 0.577350 0.577350 -0.577350
vn 0.577350 0.577350 -0.577350
vn 0.577350 0.577350 0.577350
vn 0.577350 0.577350 0.577350
vn 0.577350 0.577350 0.577350
vn 0.000000 0.000000 1.000000
vn 0.000000 0.000000 1.000000
vn 0.000000 0.000000 1.000000
vn 0.000000 0.000000 1.000000
vn 0.000000 0.000000 -1.000000
vn 0.000000 0.000000 -1.000000
vn 0.000000 0.000000 -1.000000
vn 0.000000 0.000000 -1.000000
vn 0.000000 1.000000 0.000000
vn 0.000000 1.000000 0.000000
vn 0.000000 1.000000 0.000000
vn 0.000000 1.000000 0.000000
vn 0.000000 -1.000000 0.000000
vn 0.000000 -1.000000 0.000000
vn 0.000000 -1.000000 0.000000
vn 0.000000 -1.000000 0.000000
vn 1.000000 0.000000 0.000000
vn 1.000000 0.000000 0.000000
vn 1.000000 0.000000 0.000000
vn 1.000000 0.000000 0.000000
vn -1.000000 0.000000 0.000000
vn -1.000000 0.000000 0.000000
vn -1.000000 0.000000 0.000000
vn -1.000000 0.000000 0.000000
vn 0.000000 0.707107 0.707107
vn 0.000000 0.707107 0.707107
vn 0.000000 0.707107 0.707107
vn 0.000000 0.707107 0.707107
vn 0.000000 0.707107 -0.707107
vn 0.000000 0.707107 -0.707107
vn 0.000000 0.707107 -0.707107
vn 0.000000 0.707107 -0.707107
vn 0.000000 -0.707107 0.707107
vn 0.000000 -0.707107 0.707107
vn 0.000000 -0.707107 0.707107
vn 0.000000 -0.707107 0.707107
vn 0.000000 -0.707107 -0.707107
vn 0.000000 -0.707107 -0.707107
vn 0.000000 -0.707107 -0.707107
vn 0.000000 -0.707107 -0.707107
vn 0.707107 0.000000 0.707107
vn 0.707107 0.000000 0.707107
vn 0.707107 0.000000 0.707107
vn 0.707107 0.000000 0.707107
vn 0.707107 0.000000 -0.707107
vn 0.707107 0.000000 -0.707107
vn 0.707107 0.000000 -0.707107
vn 0.707107 0.000000 -0.707107
vn -0.707107 0.000000 0.707107
vn -0.707107 0.000000 0.707107
vn -0.707107 0.000000 0.707107
vn -0.707107 0.000000 0.707107
vn -0.707107 0.000000 -0.707107
vn -0.707107 0.000000 -0.707107
vn -0.707107 0.000000 -0.707107
vn -0.707107 0.000000 -0.707107
vn 0.707107 0.707107 0.000000
vn 0.707107 0.707107 0.000000
vn 0.707107 0.707107 0.000000
vn 0.707107 0.707107 0.000000
vn 0.707107 -0.707107 0.000000
vn 0.707107 -0.707107 0.000000
vn 0.707107 -0.707107 0.000000
vn 0.707107 -0.707107 0.000000
vn -0.707107 0.707107 0.000000
vn -0.707107 0.707107 0.000000
vn -0.707107 0.707107 0.000000
vn -0.707107 0.707107 0.000000
vn -0.707107 -0.707107 0.000000
vn -0.707107 -0.707107 0.000000
vn -0.707107 -0.707107 0.000000
vn -0.707107 -0.707107 0.000000
vn -0.577350 -0.577350 -0.577350
vn -0.577350 -0.577350 -0.577350
vn -0.577350 -0.577350 -0.577350
vn -0.577350 -0.577350 0.577350
vn -0.577350 -0.577350 0.577350
vn -0.577350 -0.577350 0.577350
vn -0.577350 0.577350 -0.577350
vn -0.577350 0.577350 -0.577350
vn -0.577350 0.577350 -0.577350
vn -0.577350 0.577350 0.577350
vn -0.577350 0.577350 0.577350
vn -0.577350 0.577350 0.577350
vn 0.577350 -0.577350 -0.577350
vn 0.577350 -0.577350 -0.577350
vn 0.577350 -0.577350 -0.577350
vn 0.577350 -0.577350 0.577350
vn 0.577350 -0.577350 0.577350
vn 0.577350 -0.577350 0.577350
vn 0.577350 0.577350 -0.577350
vn 0.577350 0.577350 -0.577350
vn 0.577350 0.577350 -0.577350
vn 0.577350 0.577350 0.577350
vn 0.577350 0.577350 0.577350
vn 0.577350 0.577350 0.577350
vn 0.000000 0.000000 1.000000
vn 0.000000 0.000000 1.000000
vn 0.000000 0.000000 1.000000
vn 0.000000 0.000000 1.000000
vn 0.000000 0.000000 -1.000000
vn 0.000000 0.000000 -1.000000
vn 0.000000 0.000000 -1.000000
vn 0.000000 0.000000 -1.000000
vn 0.000000 1.000000 0.000000
vn 0.000000 1.000000 0.000000
vn 0.000000 1.000000 0.000000
vn 0.000000 1.000000 0.000000
vn 0.000000 -1.000000 0.000000
vn 0.000000 -1.000000 0.000000
vn 0.000000 -1.000000 0.000000
vn 0.000000 -1.000000 0.000000
vn 1.000000 0.000000 0.000000
vn 1.000000 0.000000 0.000000
vn 1.000000 0.000000 0.000000
vn 1.000000 0.000000 0.000000
vn -1.000000 0.000000 0.000000
vn -1.000000 0.000000 0.000000
vn -1.000000 0.000000 0.000000
vn -1.000000 0.000000 0.000000
vn 0.000000 0.707107 0.707107
vn 0.000000 0.707107 0.707107
vn 0.000000 0.707107 0.707107
vn 0.000000 0.707107 0.707107
vn 0.000000 0.707107 -0.707107
vn 0.000000 0.707107 -0.707107
vn 0.000000 0.707107 -0.707107
vn 0.000000 0.707107 -0.707107
vn 0.000000 -0.707107 0.707107
vn 0.000000 -0.707107 0.707107
vn 0.000000 -0.707107 0.707107
vn 0.000000 -0.707107 0.707107
vn 0.000000 -0.707107 -0.707107
vn 0.000000 -0.707107 -0.707107
vn 0.000000 -0.707107 -0.707107
vn 0.000000 -0.707107 -0.707107
vn 0.707107 0.000000 0.707107
vn 0.707107 0.000000 0.707107
vn 0.707107 0.000000 0.707107
vn 0.707107 0.000000 0.707107
vn 0.707107 0.000000 -0.707107
vn 0.707107 0.000000 -0.707107
vn 0.707107 0.000000 -0.707107
vn 0.707107 0.000000 -0.707107
vn -0.707107 0.000000 0.707107
vn -0.707107 0.000000 0.707107
vn -0.707107 0.000000 0.707107
vn -0.707107 0.000000 0.707107
vn -0.707107 0.000000 -0.707107
vn -0.707107 0.000000 -0.707107
vn -0.707107 0.000000 -0.707107
vn -0.707107 0.000000 -0.707107
vn 0.707107 0.707107 0.000000
vn 0.707107 0.707107 0.000000
vn 0.707107 0.707107 0.000000
vn 0.707107 0.707107 0.000000
vn 0.707107 -0.707107 0.000000
vn 0.707107 -0.707107 0.000000
vn 0.707107 -0.707107 0.000000
vn 0.707107 -0.707107 0.000000
vn -0.707107 0.707107 0.000000
vn -0.707107 0.707107 0.000000
vn -0.707107 0.707107 0.000000
vn -0.707107 0.707107 0.000000
vn -0.707107 -0.707107 0.000000
vn -0.707107 -0.707107 0.000000
vn -0.707107 -0.707107 0.000000
vn -0.707107 -0.707107 0.000000
vn -0.577350 -0.577350 -0.577350
vn -0.577350 -0.577350 -0.577350
vn -0.577350 -0.577350 -0.577350
vn -0.577350 -0.577350 0.577350
vn -0.577350 -0.577350 0.577350
vn -0.577350 -0.577350 0.577350
vn -0.577350 0.577350 -0.577350
vn -0.577350 0.577350 -0.577350
vn -0.577350 0.577350 -0.577350
vn -0.577350 0.577350 0.577350
vn -0.577350 0.577350 0.577350
vn -0.577350 0.577350 0.577350
vn 0.577350 -0.577350 -0.577350
vn 0.577350 -0.577350 -0.577350
vn 0.577350 -0.577350 -0.577350
vn 0.577350 -0.577350 0.577350
vn 0.577350 -0.577350 0.577350
vn 0.577350 -0.577350 0.577350
vn 0.577350 0.577350 -0.577350
vn 0.577350 0.577350 -0.577350
vn 0.577350 0.577350 -0.577350
vn 0.577350 0.577350 0.577350
vn 0.577350 0.577350 0.577350
vn 0.577350 0.577350 0.577350
vn 0.000000 0.000000 1.000000
vn 0.000000 0.000000 1.000000
vn 0.000000 0.000000 1.000000
vn 0.000000 0.000000 1.000000
vn 0.000000 0.000000 -1.000000
vn 0.000000 0.000000 -1.000000
vn 0.000000 0.000000 -1.000000
vn 0.000000 0.000000 -1.000000
vn 0.000000 1.000000 0.000000
vn 0.000000 1.000000 0.000000
vn 0.000000 1.000000 0.000000
vn 0.000000 1.000000 0.000000
vn 0.000000 -1.000000 0.000000
vn 0.000000 -1.000000 0.000000
vn 0.000000 -1.000000 0.000000
vn 0.000000 -1.000000 0.000000
vn 1.000000 0.000000 0.000000
vn 1.000000 0.000000 0.000000
vn 1.000000 0.000000 0.000000
vn 1.000000 0.000000 0.000000
vn -1.000000 0.000000 0.000000
vn -1.000000 0.000000 0.000000
vn -1.000000 0.000000 0.000000
vn -1.000000 0.000000 0.000000
vn 0.000000 0.707107 0.707107
vn 0.000000 0.707107 0.707107
vn 0.000000 0.707107 0.707107
vn 0.000000 0.707107 0.707107
vn 0.000000 0.707107 -0.707107
vn 0.000000 0.707107 -0.707107
vn 0.000000 0.707107 -0.707107
vn 0.000000 0.707107 -0.707107
vn 0.000000 -0.707107 0.707107
vn 0.000000 -0.707107 0.707107
vn 0.000000 -0.707107 0.707107
vn 0.000000 -0.707107 0.707107
vn 0.000000 -0.707107 -0.707107
vn 0.000000 -0.707107 -0.707107
vn 0.000000 -0.707107 -0.707107
vn 0.000000 -0.707107 -0.707107
vn 0.707107 0.000000 0.707107
vn 0.707107 0.000000 0.707107
vn 0.707107 0.000000 0.707107
vn 0.707107 0.000000 0.707107
vn 0.707107 0.000000 -0.707107
vn 0.707107 0.000000 -0.707107
vn 0.707107 0.000000 -0.707107
vn 0.707107 0.000000 -0.707107
vn -0.707107 0.000000 0.707107
vn -0.707107 0.000000 0.707107
vn -0.707107 0.000000 0.707107
vn -0.707107 0.000000 0.707107
vn -0.707107 0.000000 -0.707107
vn -0.707107 0.000000 -0.707107
vn -0.707107 0.000000 -0.707107
vn -0.707107 0.000000 -0.707107
vn 0.707107 0.707107 0.000000
vn 0.707107 0.707107 0.000000
vn 0.707107 0.707107 0.000000
vn 0.707107 0.707107 0.000000
vn 0.707107 -0.707107 0.000000
vn 0.707107 -0.707107 0.000000
vn 0.707107 -0.707107 0.000000
vn 0.707107 -0.707107 0.000000
vn -0.707107 0.707107 0.000000
vn -0.707107 0.707107 0.000000
vn -0.707107 0.707107 0.000000
vn -0.707107 0.707107 0.000000
vn -0.707107 -0.707107 0.000000
vn -0.707107 -0.707107 0.000000
vn -0.707107 -0.707107 0.000000
vn -0.707107 -0.707107 0.000000
vn -0.577350 -0.577350 -0.577350
vn -0.577350 -0.577350 -0.577350
vn -0.577350 -0.577350 -0.577350
vn -0.577350 -0.577350 0.577350
vn -0.577350 -0.577350 0.577350
vn -0.577350 -0.577350 0.577350
vn -0.577350 0.577350 -0.577350
vn -0.577350 0.577350 -0.577350
vn -0.577350 0.577350 -0.577350
vn -0.577350 0.577350 0.577350
vn -0.577350 0.577350 0.577350
vn -0.577350 0.577350 0.577350
vn 0.577350 -0.577350 -0.577350
vn 0.577350 -0.577350 -0.577350
vn 0.577350 -0.577350 -0.577350
vn 0.577350 -0.577350 0.577350
vn 0.577350 -0.577350 0.577350
vn 0.577350 -0.577350 0.577350
vn 0.577350 0.577350 -0.577350
vn 0.577350 0.577350 -0.577350
vn 0.577350 0.577350 -0.577350
vn 0.577350 0.577350 0.577350
vn 0.577350 0.577350 0.577350
vn 0.577350 0.577350 0.577350
vn 0.000000 0.000000 1.000000
vn 0.000000 0.000000 1.000000
vn 0.000000 0.000000 1.000000
vn 0.000000 0.000000 1.000000
vn 0.000000 0.000000 -1.000000
vn 0.000000 0.000000 -1.000000
vn 0.000000 0.000000 -1.000000
vn 0.000000 0.000000 -1.000000
vn 0.000000 1.000000 0.000000
vn 0.000000 1.000000 0.000000
vn 0.000000 1.000000 0.000000
vn 0.000000 1.000000 0.000000
vn 0.000000 -1.000000 0.000000
vn 0.000000 -1.000000 0.000000
vn 0.000000 -1.000000 0.000000
vn 0.000000 -1.000000 0.000000
vn 1.000000 0.000000 0.000000
vn 1.000000 0.000000 0.000000
vn 1.000000 0.000000 0.000000
vn 1.000000 0.000000 0.000000
vn -1.000000 0.000000 0.000000
vn -1.000000 0.000000 0.000000
vn -1.000000 0.000000 0.000000
vn -1.000000 0.000000 0.000000
vn 0.000000 0.707107 0.707107
vn 0.000000 0.707107 0.707107
vn 0.000000 0.707107 0.707107
vn 0.000000 0.707107 0.707107
vn 0.000000 0.707107 -0.707107
vn 0.000000 0.707107 -0.707107
vn 0.000000 0.707107 -0.707107
vn 0.000000 0.707107 -0.707107
vn 0.000000 -0.707107 0.707107
vn 0.000000 -0.707107 0.707107
vn 0.000000 -0.707107 0.707107
vn 0.000000 -0.707107 0.707107
vn 0.000000 -0.707107 -0.707107
vn 0.000000 -0.707107 -0.707107
vn 0.000000 -0.707107 -0.707107
vn 0.000000 -0.707107 -0.707107
vn 0.707107 0.000000 0.707107
vn 0.707107 0.000000 0.707107
vn 0.707107 0.000000 0.707107
vn 0.707107 0.000000 0.707107
vn 0.707107 0.000000 -0.707107
vn 0.707107 0.000000 -0.707107
vn 0.707107 0.000000 -0.707107
vn 0.707107 0.000000 -0.707107
vn -0.707107 0.000000 0.707107
vn -0.707107 0.000000 0.707107
vn -0.707107 0.000000 0.707107
vn -0.707107 0.000000 0.707107
vn -0.707107 0.000000 -0.707107
vn -0.707107 0.000000 -0.707107
vn -0.707107 0.000000 -0.707107
vn -0.707107 0.000000 -0.707107
vn 0.707107 0.707107 0.000000
vn 0.707107 0.707107 0.000000
vn 0.707107 0.707107 0.000000
vn 0.707107 0.707107 0.000000
vn 0.707107 -0.707107 0.000000
vn 0.707107 -0.707107 0.000000
vn 0.707107 -0.707107 0.000000
vn 0.707107 -0.707107 0.000000
vn -0.707107 0.707107 0.000000
vn -0.707107 0.707107 0.000000
vn -0.707107 0.707107 0.000000
vn -0.707107 0.707107 0.000000
vn -0.707107 -0.707107 0.000000
vn -0.707107 -0.707107 0.000000
vn -0.707107 -0.707107 0.000000
vn -0.707107 -0.707107 0.000000
vn -0.577350 -0.577350 -0.577350
vn -0.577350 -0.577350 -0.577350
vn -0.577350 -0.577350 -0.577350
vn -0.577350 -0.577350 0.577350
vn -0.577350 -0.577350 0.577350
vn -0.577350 -0.577350 0.577350
vn -0.577350 0.577350 -0.577350
vn -0.577350 0.577350 -0.577350
vn -0.577350 0.577350 -0.577350
vn -0.577350 0.577350 0.577350
vn -0.577350 0.577350 0.577350
vn -0.577350 0.577350 0.577350
vn 0.577350 -0.577350 -0.577350
vn 0.577350 -0.577350 -0.577350
vn 0.577350 -0.577350 -0.577350
vn 0.577350 -0.577350 0.577350
vn 0.577350 -0.577350 0.577350
vn 0.577350 -0.577350 0.577350
vn 0.577350 0.577350 -0.577350
vn 0.577350 0.577350 -0.577350
vn 0.577350 0.577350 -0.577350
vn 0.577350 0.577350 0.577350
vn 0.577350 0.577350 0.577350
vn 0.577350 0.577350 0.577350
vn 0.000000 0.000000 1.000000
vn 0.000000 0.000000 1.000000
vn 0.000000 0.000000 1.000000
vn 0.000000 0.000000 1.000000
vn 0.000000 0.000000 -1.000000
vn 0.000000 0.000000 -1.000000
vn 0.000000 0.000000 -1.000000
vn 0.000000 0.000000 -1.000000
vn 0.000000 1.000000 0.000000
vn 0.000000 1.000000 0.000000
vn 0.000000 1.000000 0.000000
vn 0.000000 1.000000 0.000000
vn 0.000000 -1.000000 0.000000
vn 0.000000 -1.000000 0.000000
vn 0.000000 -1.000000 0.000000
vn 0.000000 -1.000000 0.000000
vn 1.000000 0.000000 0.000000
vn 1.000000 0.000000 0.000000
vn 1.000000 0.000000 0.000000
vn 1.000000 0.000000 0.000000
vn -1.000000 0.000000 0.000000
vn -1.000000 0.000000 0.000000
vn -1.000000 0.000000 0.000000
vn -1.000000 0.000000 0.000000
vn 0.000000 0.707107 0.707107
vn 0.000000 0.707107 0.707107
vn 0.000000 0.707107 0.707107
vn 0.000000 0.707107 0.707107
vn 0.000000 0.707107 -0.707107
vn 0.000000 0.707107 -0.707107
vn 0.000000 0.707107 -0.707107
vn 0.000000 0.707107 -0.707107
vn 0.000000 -0.707107 0.707107
vn 0.000000 -0.707107 0.707107
vn 0.000000 -0.707107 0.707107
vn 0.000000 -0.707107 0.707107
vn 0.000000 -0.707107 -0.707107
vn 0.000000 -0.707107 -0.707107
vn 0.000000 -0.707107 -0.707107
vn 0.000000 -0.707107 -0.707107
vn 0.707107 0.000000 0.707107
vn 0.707107 0.000000 0.707107
vn 0.707107 0.000000 0.707107
vn 0.707107 0.000000 0.707107
vn 0.707107 0.000000 -0.707107
vn 0.707107 0.000000 -0.707107
vn 0.707107 0.000000 -0.707107
vn 0.707107 0.000000 -0.707107
vn -0.707107 0.000000 0.707107
vn -0.707107 0.000000 0.707107
vn -0.707107 0.000000 0.707107
vn -0.707107 0.000000 0.707107
vn -0.707107 0.000000 -0.707107
vn -0.707107 0.000000 -0.707107
vn -0.707107 0.000000 -0.707107
vn -0.707107 0.000000 -0.707107
vn 0.707107 0.707107 0.000000
vn 0.707107 0.707107 0.000000
vn 0.707107 0.707107 0.000000
vn 0.707107 0.707107 0.000000
vn 0.707107 -0.707107 0.000000
vn 0.707107 -0.707107 0.000000
vn 0.707107 -0.707107 0.000000
vn 0.707107 -0.707107 0.000000
vn -0.707107 0.707107 0.000000
vn -0.707107 0.707107 0.000000
vn -0.707107 0.707107 0.000000
vn -0.707107 0.707107 0.000000
vn -0.707107 -0.707107 0.000000
vn -0.707107 -0.707107 0.000000
vn -0.707107 -0.707107 0.000000
vn -0.707107 -0.707107 0.000000
vn -0.577350 -0.577350 -0.577350
vn -0.577350 -0.577350 -0.577350
vn -0.577350 -0.577350 -0.577350
vn -0.577350 -0.577350 0.577350
vn -0.577350 -0.577350 0.577350
vn -0.577350 -0.577350 0.577350
vn -0.577350 0.577350 -0.577350
vn -0.577350 0.577350 -0.577350
vn -0.577350 0.577350 -0.577350
vn -0.577350 0.577350 0.577350
vn -0.577350 0.577350 0.577350
vn -0.577350 0.577350 0.577350
vn 0.577350 -0.577350 -0.577350
vn 0.577350 -0.577350 -0.577350
vn 0.577350 -0.577350 -0.577350
vn 0.577350 -0.577350 0.577350
vn 0.577350 -0.577350 0.577350
vn 0.577350 -0.577350 0.577350
vn 0.577350 0.577350 -0.577350
vn 0.577350 0.577350 -0.577350
vn 0.577350 0.577350 -0.577350
vn 0.577350 0.577350 0.577350
vn 0.577350 0.577350 0.577350
vn 0.577350 0.577350 0.577350
vn 0.000000 0.000000 1.000000
vn 0.000000 0.000000 1.000000
vn 0.000000 0.000000 1.000000
vn 0.000000 0.000000 1.000000
vn 0.000000 0.000000 -1.000000
vn 0.000000 0.000000 -1.000000
vn 0.000000 0.000000 -1.000000
vn 0.000000 0.000000 -1.000000
vn 0.000000 1.000000 0.000000
vn 0.000000 1.000000 0.000000
vn 0.000000 1.000000 0.000000
vn 0.000000 1.000000 0.000000
vn 0.000000 -1.000000 0.000000
vn 0.000000 -1.000000 0.000000
vn 0.000000 -1.000000 0.000000
vn 0.000000 -1.000000 0.000000
vn 1.000000 0.000000 0.000000
vn 1.000000 0.000000 0.000000
vn 1.000000 0.000000 0.000000
vn 1.000000 0.000000 0.000000
vn -1.000000 0.000000 0.000000
vn -1.000000 0.000000 0.000000
vn -1.000000 0.000000 0.000000
vn -1.000000 0.000000 0.000000
vn 0.000000 0.707107 0.707107
vn 0.000000 0.707107 0.707107
vn 0.000000 0.707107 0.707107
vn 0.000000 0.707107 0.707107
vn 0.000000 0.707107 -0.707107
vn 0.000000 0.707107 -0.707107
vn 0.000000 0.707107 -0.707107
vn 0.000000 0.707107 -0.707107
vn 0.000000 -0.707107 0.707107
vn 0.000000 -0.707107 0.707107
vn 0.000000 -0.707107 0.707107
vn 0.000000 -0.707107 0.707107
vn 0.000000 -0.707107 -0.707107
vn 0.000000 -0.707107 -0.707107
vn 0.000000 -0.707107 -0.707107
vn 0.000000 -0.707107 -0.707107
vn 0.707107 0.000000 0.707107
vn 0.707107 0.000000 0.707107
vn 0.707107 0.000000 0.707107
vn 0.707107 0.000000 0.707107
vn 0.707107 0.000000 -0.707107
vn 0.707107 0.000000 -0.707107
vn 0.707107 0.000000 -0.707107
vn 0.707107 0.000000 -0.707107
vn -0.707107 0.000000 0.707107
vn -0.707107 0.000000 0.707107
vn -0.707107 0.000000 0.707107
vn -0.707107 0.000000 0.707107
vn -0.707107 0.000000 -0.707107
vn -0.707107 0.000000 -0.707107
vn -0.707107 0.000000 -0.707107
vn -0.707107 0.000000 -0.707107
vn 0.707107 0.707107 0.000000
vn 0.707107 0.707107 0.000000
vn 0.707107 0.707107 0.000000
vn 0.707107 0.707107 0.000000
vn 0.707107 -0.707107 0.000000
vn 0.707107 -0.707107 0.000000
vn 0.707107 -0.707107 0.000000
vn 0.707107 -0.707107 0.000000
vn -0.707107 0.707107 0.000000
vn -0.707107 0.707107 0.000000
vn -0.707107 0.707107 0.000000
vn -0.707107 0.707107 0.000000
vn -0.707107 -0.707107 0.000000
vn -0.707107 -0.707107 0.000000
vn -0.707107 -0.707107 0.000000
vn -0.707107 -0.707107 0.000000
vn -0.577350 -0.577350 -0.577350
vn -0.577350 -0.577350 -0.577350
vn -0.577350 -0.577350 -0.577350
vn -0.577350 -0.577350 0.577350
vn -0.577350 -0.577350 0.577350
vn -0.577350 -0.577350 0.577350
vn -0.577350 0.577350 -0.577350
vn -0.577350 0.577350 -0.577350
vn -0.577350 0.577350 -0.577350
vn -0.577350 0.577350 0.577350
vn -0.577350 0.577350 0.577350
vn -0.577350 0.577350 0.577350
vn 0.577350 -0.577350 -0.577350
vn 0.577350 -0.577350 -0.577350
vn 0.577350 -0.577350 -0.577350
vn 0.577350 -0.577350 0.577350
vn 0.577350 -0.577350 0.577350
vn 0.577350 -0.577350 0.577350
vn 0.577350 0.577350 -0.577350
vn 0.577350 0.577350 -0.577350
vn 0.577350 0.577350 -0.577350
vn 0.577350 0.577350 0.577350
vn 0.577350 0.577350 0.577350
vn 0.577350 0.577350 0.577350
vn 0.000000 0.000000 1.000000
vn 0.000000 0.000000 1.000000
vn 0.000000 0.000000 1.000000
vn 0.000000 0.000000 1.000000
vn 0.000000 0.000000 -1.000000
vn 0.000000 0.000000 -1.000000
vn 0.000000 0.000000 -1.000000
vn 0.000000 0.000000 -1.000000
vn 0.000000 1.000000 0.000000
vn 0.000000 1.000000 0.000000
vn 0.000000 1.000000 0.000000
vn 0.000000 1.000000 0.000000
vn 0.000000 -1.000000 0.000000
vn 0.000000 -1.000000 0.000000
vn 0.000000 -1.000000 0.000000
vn 0.000000 -1.000000 0.000000
vn 1.000000 0.000000 0.000000
vn 1.000000 0.000000 0.000000
vn 1.000000 0.000000 0.000000
vn 1.000000 0.000000 0.000000
vn -1.000000 0.000000 0.000000
vn -1.000000 0.000000 0.000000
vn -1.000000 0.000000 0.000000
vn -1.000000 0.000000 0.000000
vn 0.000000 0.707107 0.707107
vn 0.000000 0.707107 0.707107
vn 0.000000 0.707107 0.707107
vn 0.000000 0.707107 0.707107
vn 0.000000 0.707107 -0.707107
vn 0.000000 0.707107 -0.707107
vn 0.000000 0.707107 -0.707107
vn 0.000000 0.707107 -0.707107
vn 0.000000 -0.707107 0.707107
vn 0.000000 -0.707107 0.707107
vn 0.000000 -0.707107 0.707107
vn 0.000000 -0.707107 0.707107
vn 0.000000 -0.707107 -0.707107
vn 0.000000 -0.707107 -0.707107
vn 0.000000 -0.707107 -0.707107
vn 0.000000 -0.707107 -0.707107
vn 0.707107 0.000000 0.707107
vn 0.707107 0.000000 0.707107
vn 0.707107 0.000000 0.707107
vn 0.707107 0.000000 0.707107
vn 0.707107 0.000000 -0.707107
vn 0.707107 0.000000 -0.707107
vn 0.707107 0.000000 -0.707107
vn 0.707107 0.000000 -0.707107
vn -0.707107 0.000000 0.707107
vn -0.707107 0.000000 0.707107
vn -0.707107 0.000000 0.707107
vn -0.707107 0.000000 0.707107
vn -0.707107 0.000000 -0.707107
vn -0.707107 0.000000 -0.707107
vn -0.707107 0.000000 -0.707107
vn -0.707107 0.000000 -0.707107
vn 0.707107 0.707107 0.000000
vn 0.707107 0.707107 0.000000
vn 0.707107 0.707107 0.000000
vn 0.707107 0.707107 0.000000
vn 0.707107 -0.707107 0.000000
vn 0.707107 -0.707107 0.000000
vn 0.707107 -0.707107 0.000000
vn 0.707107 -0.707107 0.000000
vn -0.707107 0.707107 0.000000
vn -0.707107 0.707107 0.000000
vn -0.707107 0.707107 0.000000
vn -0.707107 0.707107 0.000000
vn -0.707107 -0.707107 0.000000
vn -0.707107 -0.707107 0.000000
vn -0.707107 -0.707107 0.000000
vn -0.707107 -0.707107 0.000000
vn -0.577350 -0.577350 -0.577350
vn -0.577350 -0.577350 -0.577350
vn -0.577350 -0.577350 -0.577350
vn -0.577350 -0.577350 0.577350
vn -0.577350 -0.577350 0.577350
vn -0.577350 -0.577350 0.577350
vn -0.577350 0.577350 -0.577350
vn -0.577350 0.577350 -0.577350
vn -0.577350 0.577350 -0.577350
vn -0.577350 0.577350 0.577350
vn -0.577350 0.577350 0.577350
vn -0.577350 0.577350 0.577350
vn 0.577350 -0.577350 -0.577350
vn 0.577350 -0.577350 -0.577350
vn 0.577350 -0.577350 -0.577350
vn 0.577350 -0.577350 0.577350
vn 0.577350 -0.577350 0.577350
vn 0.577350 -0.577350 0.577350
vn 0.577350 0.577350 -0.577350
vn 0.577350 0.577350 -0.577350
vn 0.577350 0.577350 -0.577350
vn 0.577350 0.577350 0.577350
vn 0.577350 0.577350 0.577350
vn 0.577350 0.577350 0.577350
vn 0.000000 0.000000 1.000000
vn 0.000000 0.000000 1.000000
vn 0.000000 0.000000 1.000000
vn 0.000000 0.000000 1.000000
vn 0.000000 0.000000 -1.000000
vn 0.000000 0.000000 -1.000000
vn 0.000000 0.000000 -1.000000
vn 0.000000 0.000000 -1.000000
vn 0.000000 1.000000 0.000000
vn 0.000000 1.000000 0.000000
vn 0.000000 1.000000 0.000000
vn 0.000000 1.000000 0.000000
vn 0.000000 -1.000000 0.000000
vn 0.000000 -1.000000 0.000000
vn 0.000000 -1.000000 0.000000
vn 0.000000 -1.000000 0.000000
vn 1.000000 0.000000 0.000000
vn 1.000000 0.000000 0.000000
vn 1.000000 0.000000 0.000000
vn 1.000000 0.000000 0.000000
vn -1.000000 0.000000 0.000000
vn -1.000000 0.000000 0.000000
vn -1.000000 0.000000 0.000000
vn -1.000000 0.000000 0.000000
vn 0.000000 0.707107 0.707107
vn 0.000000 0.707107 0.707107
vn 0.000000 0.707107 0.707107
vn 0.000000 0.707107 0.707107
vn 0.000000 0.707107 -0.707107
vn 0.000000 0.707107 -0.707107
vn 0.000000 0.707107 -0.707107
vn 0.000000 0.707107 -0.707107
vn 0.000000 -0.707107 0.707107
vn 0.000000 -0.707107 0.707107
vn 0.000000 -0.707107 0.707107
vn 0.000000 -0.707107 0.707107
vn 0.000000 -0.707107 -0.707107
vn 0.000000 -0.707107 -0.707107
vn 0.000000 -0.707107 -0.707107
vn 0.000000 -0.707107 -0.707107
vn 0.707107 0.000000 0.707107
vn 0.707107 0.000000 0.707107
vn 0.707107 0.000000 0.707107
vn 0.707107 0.000000 0.707107
vn 0.707107 0.000000 -0.707107
vn 0.707107 0.000000 -0.707107
vn 0.707107 0.000000 -0.707107
vn 0.707107 0.000000 -0.707107
vn -0.707107 0.000000 0.707107
vn -0.707107 0.000000 0.707107
vn -0.707107 0.000000 0.707107
vn -0.707107 0.000000 0.707107
vn -0.707107 0.000000 -0.707107
vn -0.707107 0.000000 -0.707107
vn -0.707107 0.000000 -0.707107
vn -0.707107 0.000000 -0.707107
vn 0.707107 0.707107 0.000000
vn 0.707107 0.707107 0.000000
vn 0.707107 0.707107 0.000000
vn 0.707107 0.707107 0.000000
vn 0.707107 -0.707107 0.000000
vn 0.707107 -0.707107 0.000000
vn 0.707107 -0.707107 0.000000
vn 0.707107 -0.707107 0.000000
vn -0.707107 0.707107 0.000000
vn -0.707107 0.707107 0.000000
vn -0.707107 0.707107 0.000000
vn -0.707107 0.707107 0.000000
vn -0.707107 -0.707107 0.000000
vn -0.707107 -0.707107 0.000000
vn -0.707107 -0.707107 0.000000
vn -0.707107 -0.707107 0.000000
vn -0.577350 -0.577350 -0.577350
vn -0.577350 -0.577350 -0.577350
vn -0.577350 -0.577350 -0.577350
vn -0.577350 -0.577350 0.577350
vn -0.577350 -0.577350 0.577350
vn -0.577350 -0.577350 0.577350
vn -0.577350 0.577350 -0.577350
vn -0.577350 0.577350 -0.577350
vn -0.577350 0.577350 -0.577350
vn -0.577350 0.577350 0.577350
vn -0.577350 0.577350 0.577350
vn -0.577350 0.577350 0.577350
vn 0.577350 -0.577350 -0.577350
vn 0.577350 -0.577350 -0.577350
vn 0.577350 -0.577350 -0.577350
vn 0.577350 -0.577350 0.577350
vn 0.577350 -0.577350 0.577350
vn 0.577350 -0.577350 0.577350
vn 0.577350 0.577350 -0.577350
vn 0.577350 0.577350 -0.577350
vn 0.577350 0.577350 -0.577350
vn 0.577350 0.577350 0.577350
vn 0.577350 0.577350 0.577350
vn 0.577350 0.577350 0.577350
vn 0.000000 0.000000 1.000000
vn 0.000000 0.000000 1.000000
vn 0.000000 0.000000 1.000000
vn 0.000000 0.000000 1.000000
vn 0.000000 0.000000 -1.000000
vn 0.000000 0.000000 -1.000000
vn 0.000000 0.000000 -1.000000
vn 0.000000 0.000000 -1.000000
vn 0.000000 1.000000 0.000000
vn 0.000000 1.000000 0.000000
vn 0.000000 1.000000 0.000000
vn 0.000000 1.000000 0.000000
vn 0.000000 -1.000000 0.000000
vn 0.000000 -1.000000 0.000000
vn 0.000000 -1.000000 0.000000
vn 0.000000 -1.000000 0.000000
vn 1.000000 0.000000 0.000000
vn 1.000000 0.000000 0.000000
vn 1.000000 0.000000 0.000000
vn 1.000000 0.000000 0.000000
vn -1.000000 0.000000 0.000000
vn -1.000000 0.000000 0.000000
vn -1.000000 0.000000 0.000000
vn -1.000000 0.000000 0.000000
vn 0.000000 0.707107 0.707107
vn 0.000000 0.707107 0.707107
vn 0.000000 0.707107 0.707107
vn 0.000000 0.707107 0.707107
vn 0.000000 0.707107 -0.707107
vn 0.000000 0.707107 -0.707107
vn 0.000000 0.707107 -0.707107
vn 0.000000 0.707107 -0.707107
vn 0.000000 -0.707107 0.707107
vn 0.000000 -0.707107 0.707107
vn 0.000000 -0.707107 0.707107
vn 0.000000 -0.707107 0.707107
vn 0.000000 -0.707107 -0.707107
vn 0.000000 -0.707107 -0.707107
vn 0.000000 -0.707107 -0.707107
vn 0.000000 -0.707107 -0.707107
vn 0.707107 0.000000 0.707107
vn 0.707107 0.000000 0.707107
vn 0.707107 0.000000 0.707107
vn 0.707107 0.000000 0.707107
vn 0.707107 0.000000 -0.707107
vn 0.707107 0.000000 -0.707107
vn 0.707107 0.000000 -0.707107
vn 0.707107 0.000000 -0.707107
vn -0.707107 0.000000 0.707107
vn -0.707107 0.000000 0.707107
vn -0.707107 0.000000 0.707107
vn -0.707107 0.000000 0.707107
vn -0.707107 0.000000 -0.707107
vn -0.707107 0.000000 -0.707107
vn -0.707107 0.000000 -0.707107
vn -0.707107 0.000000 -0.707107
vn 0.707107 0.707107 0.000000
vn 0.707107 0.707107 0.000000
vn 0.707107 0.707107 0.000000
vn 0.707107 0.707107 0.000000
vn 0.707107 -0.707107 0.000000
vn 0.707107 -0.707107 0.000000
vn 0.707107 -0.707107 0.000000
vn 0.707107 -0.707107 0.000000
vn -0.707107 0.707107 0.000000
vn -0.707107 0.707107 0.000000
vn -0.707107 0.707107 0.000000
vn -0.707107 0.707107 0.000000
vn -0.707107 -0.707107 0.000000
vn -0.707107 -0.707107 0.000000
vn -0.707107 -0.707107 0.000000
vn -0.707107 -0.707107 0.000000
vn -0.577350 -0.577350 -0.577350
vn -0.577350 -0.577350 -0.577350
vn -0.577350 -0.577350 -0.577350
vn -0.577350 -0.577350 0.577350
vn -0.577350 -0.577350 0.577350
vn -0.577350 -0.577350 0.577350
vn -0.577350 0.577350 -0.577350
vn -0.577350 0.577350 -0.577350
vn -0.577350 0.577350 -0.577350
vn -0.577350 0.577350 0.577350
vn -0.577350 0.577350 0.577350
vn -0.577350 0.577350 0.577350
vn 0.577350 -0.577350 -0.577350
vn 0.577350 -0.577350 -0.577350
vn 0.577350 -0.577350 -0.577350
vn 0.577350 -0.577350 0.577350
vn 0.577350 -0.577350 0.577350
vn 0.577350 -0.577350 0.577350
vn 0.577350 0.577350 -0.577350
vn 0.577350 0.577350 -0.577350
vn 0.577350 0.577350 -0.577350
vn 0.577350 0.577350 0.577350
vn 0.577350 0.577350 0.577350
vn 0.577350 0.577350 0.577350
vn 0.000000 0.000000 1.000000
vn 0.000000 0.000000 1.000000
vn 0.000000 0.000000 1.000000
vn 0.000000 0.000000 1.000000
vn 0.000000 0.000000 -1.000000
vn 0.000000 0.000000 -1.000000
vn 0.000000 0.000000 -1.000000
vn 0.000000 0.000000 -1.000000
vn 0.000000 1.000000 0.000000
vn 0.000000 1.000000 0.000000
vn 0.000000 1.000000 0.000000
vn 0.000000 1.000000 0.000000
vn 0.000000 -1.000000 0.000000
vn 0.000000 -1.000000 0.000000
vn 0.000000 -1.000000 0.000000
vn 0.000000 -1.000000 0.000000
vn 1.000000 0.000000 0.000000
vn 1.000000 0.000000 0.000000
vn 1.000000 0.000000 0.000000
vn 1.000000 0.000000 0.000000
vn -1.000000 0.000000 0.000000
vn -1.000000 0.000000 0.000000
vn -1.000000 0.000000 0.000000
vn -1.000000 0.000000 0.000000
vn 0.000000 0.707107 0.707107
vn 0.000000 0.707107 0.707107
vn 0.000000 0.707107 0.707107
vn 0.000000 0.707107 0.707107
vn 0.000000 0.707107 -0.707107
vn 0.000000 0.707107 -0.707107
vn 0.000000 0.707107 -0.707107
vn 0.000000 0.707107 -0.707107
vn 0.000000 -0.707107 0.707107
vn 0.000000 -0.707107 0.707107
vn 0.000000 -0.707107 0.707107
vn 0.000000 -0.707107 0.707107
vn 0.000000 -0.707107 -0.707107
vn 0.000000 -0.707107 -0.707107
vn 0.000000 -0.707107 -0.707107
vn 0.000000 -0.707107 -0.707107
vn 0.707107 0.000000 0.707107
vn 0.707107 0.000000 0.707107
vn 0.707107 0.000000 0.707107
vn 0.707107 0.000000 0.707107
vn 0.707107 0.000000 -0.707107
vn 0.707107 0.000000 -0.707107
vn 0.707107 0.000000 -0.707107
vn 0.707107 0.000000 -0.707107
vn -0.707107 0.000000 0.707107
vn -0.707107 0.000000 0.707107
vn -0.707107 0.000000 0.707107
vn -0.707107 0.000000 0.707107
vn -0.707107 0.000000 -0.707107
vn -0.707107 0.000000 -0.707107
vn -0.707107 0.000000 -0.707107
vn -0.707107 0.000000 -0.707107
vn 0.707107 0.707107 0.000000
vn 0.707107 0.707107 0.000000
vn 0.707107 0.707107 0.000000
vn 0.707107 0.707107 0.000000
vn 0.707107 -0.707107 0.000000
vn 0.707107 -0.707107 0.000000
vn 0.707107 -0.707107 0.000000
vn 0.707107 -0.707107 0.000000
vn -0.707107 0.707107 0.000000
vn -0.707107 0.707107 0.000000
vn -0.707107 0.707107 0.000000
vn -0.707107 0.707107 0.000000
vn -0.707107 -0.707107 0.000000
vn -0.707107 -0.707107 0.000000
vn -0.707107 -0.707107 0.000000
vn -0.707107 -0.707107 0.000000
vn -0.577350 -0.577350 -0.577350
vn -0.577350 -0.577350 -0.577350
vn -0.577350 -0.577350 -0.577350
vn -0.577350 -0.577350 0.577350
vn -0.577350 -0.577350 0.577350
vn -0.577350 -0.577350 0.577350
vn -0.577350 0.577350 -0.577350
vn -0.577350 0.577350 -0.577350
vn -0.577350 0.577350 -0.577350
vn -0.577350 0.577350 0.577350
vn -0.577350 0.577350 0.577350
vn -0.577350 0.577350 0.577350
vn 0.577350 -0.577350 -0.577350
vn 0.577350 -0.577350 -0.577350
vn 0.577350 -0.577350 -0.577350
vn 0.577350 -0.577350 0.577350
vn 0.577350 -0.577350 0.577350
vn 0.577350 -0.577350 0.577350
vn 0.577350 0.577350 -0.577350
vn 0.577350 0.577350 -0.577350
vn 0.577350 0.577350 -0.577350
vn 0.577350 0.577350 0.577350
vn 0.577350 0.577350 0.577350
vn 0.577350 0.577350 0.577350
vn 0.000000 0.000000 1.000000
vn 0.000000 0.000000 1.000000
vn 0.000000 0.000000 1.000000
vn 0.000000 0.000000 1.000000
vn 0.000000 0.000000 -1.000000
vn 0.000000 0.000000 -1.000000
vn 0.000000 0.000000 -1.000000
vn 0.000000 0.000000 -1.000000
vn 0.000000 1.000000 0.000000
vn 0.000000 1.000000 0.000000
vn 0.000000 1.000000 0.000000
vn 0.000000 1.000000 0.000000
vn 0.000000 -1.000000 0.000000
vn 0.000000 -1.000000 0.000000
vn 0.000000 -1.000000 0.000000
vn 0.000000 -1.000000 0.000000
vn 1.000000 0.000000 0.000000
vn 1.000000 0.000000 0.000000
vn 1.000000 0.000000 0.000000
vn 1.000000 0.000000 0.000000
vn -1.000000 0.000000 0.000000
vn -1.000000 0.000000 0.000000
vn -1.000000 0.000000 0.000000
vn -1.000000 0.000000 0.000000
vn 0.000000 0.707107 0.707107
vn 0.000000 0.707107 0.707107
vn 0.000000 0.707107 0.707107
vn 0.000000 0.707107 0.707107
vn 0.000000 0.707107 -0.707107
vn 0.000000 0.707107 -0.707107
vn 0.000000 0.707107 -0.707107
vn 0.000000 0.707107 -0.707107
vn 0.000000 -0.707107 0.707107
vn 0.000000 -0.707107 0.707107
vn 0.000000 -0.707107 0.707107
vn 0.000000 -0.707107 0.707107
vn 0.000000 -0.707107 -0.707107
vn 0.000000 -0.707107 -0.707107
vn 0.000000 -0.707107 -0.707107
vn 0.000000 -0.707107 -0.707107
vn 0.707107 0.000000 0.707107
vn 0.707107 0.000000 0.707107
vn 0.707107 0.000000 0.707107
vn 0.707107 0.000000 0.707107
vn 0.707107 0.000000 -0.707107
vn 0.707107 0.000000 -0.707107
vn 0.707107 0.000000 -0.707107
vn 0.707107 0.000000 -0.707107
vn -0.707107 0.000000 0.707107
vn -0.707107 0.000000 0.707107
vn -0.707107 0.000000 0.707107
vn -0.707107 0.000000 0.707107
vn -0.707107 0.000000 -0.707107
vn -0.707107 0.000000 -0.707107
vn -0.707107 0.000000 -0.707107
vn -0.707107 0.000000 -0.707107
vn 0.707107 0.707107 0.000000
vn 0.707107 0.707107 0.000000
vn 0.707107 0.707107 0.000000
vn 0.707107 0.707107 0.000000
vn 0.707107 -0.707107 0.000000
vn 0.707107 -0.707107 0.000000
vn 0.707107 -0.707107 0.000000
vn 0.707107 -0.707107 0.000000
vn -0.707107 0.707107 0.000000
vn -0.707107 0.707107 0.000000
vn -0.707107 0.707107 0.000000
vn -0.707107 0.707107 0.000000
vn -0.707107 -0.707107 0.000000
vn -0.707107 -0.707107 0.000000
vn -0.707107 -0.707107 0.000000
vn -0.707107 -0.707107 0.000000
vn -0.577350 -0.577350 -0.577350
vn -0.577350 -0.577350 -0.577350
vn -0.577350 -0.577350 -0.577350
vn -0.577350 -0.577350 0.577350
vn -0.577350 -0.577350 0.577350
vn -0.577350 -0.577350 0.577350
vn -0.577350 0.577350 -0.577350
vn -0.577350 0.577350 -0.577350
vn -0.577350 0.577350 -0.577350
vn -0.577350 0.577350 0.577350
vn -0.577350 0.577350 0.577350
vn -0.577350 0.577350 0.577350
vn 0.577350 -0.577350 -0.577350
vn 0.577350 -0.577350 -0.577350
vn 0.577350 -0.577350 -0.577350
vn 0.577350 -0.577350 0.577350
vn 0.577350 -0.577350 0.577350
vn 0.577350 -0.577350 0.577350
vn 0.577350 0.577350 -0.577350
vn 0.577350 0.577350 -0.577350
vn 0.577350 0.577350 -0.577350
vn 0.577350 0.577350 0.577350
vn 0.577350 0.577350 0.577350
vn 0.577350 0.577350 0.577350
vn 0.000000 0.000000 1.000000
vn 0.000000 0.000000 1.000000
vn 0.000000 0.000000 1.000000
vn 0.000000 0.000000 1.000000
vn 0.000000 0.000000 -1.000000
vn 0.000000 0.000000 -1.000000
vn 0.000000 0.000000 -1.000000
vn 0.000000 0.000000 -1.000000
vn 0.000000 1.000000 0.000000
vn 0.000000 1.000000 0.000000
vn 0.000000 1.000000 0.000000
vn 0.000000 1.000000 0.000000
vn 0.000000 -1.000000 0.000000
vn 0.000000 -1.000000 0.000000
vn 0.000000 -1.000000 0.000000
vn 0.000000 -1.000000 0.000000
vn 1.000000 0.000000 0.000000
vn 1.000000 0.000000 0.000000
vn 1.000000 0.000000 0.000000
vn 1.000000 0.000000 0.000000
vn -1.000000 0.000000 0.000000
vn -1.000000 0.000000 0.000000
vn -1.000000 0.000000 0.000000
vn -1.000000 0.000000 0.000000
vn 0.000000 0.707107 0.707107
vn 0.000000 0.707107 0.707107
vn 0.000000 0.707107 0.707107
vn 0.000000 0.707107 0.707107
vn 0.000000 0.707107 -0.707107
vn 0.000000 0.707107 -0.707107
vn 0.000000 0.707107 -0.707107
vn 0.000000 0.707107 -0.707107
vn 0.000000 -0.707107 0.707107
vn 0.000000 -0.707107 0.707107
vn 0.000000 -0.707107 0.707107
vn 0.000000 -0.707107 0.707107
vn 0.000000 -0.707107 -0.707107
vn 0.000000 -0.707107 -0.707107
vn 0.000000 -0.707107 -0.707107
vn 0.000000 -0.707107 -0.707107
vn 0.707107 0.000000 0.707107
vn 0.707107 0.000000 0.707107
vn 0.707107 0.000000 0.707107
vn 0.707107 0.000000 0.707107
vn 0.707107 0.000000 -0.707107
vn 0.707107 0.000000 -0.707107
vn 0.707107 0.000000 -0.707107
vn 0.707107 0.000000 -0.707107
vn -0.707107 0.000000 0.707107
vn -0.707107 0.000000 0.707107
vn -0.707107 0.000000 0.707107
vn -0.707107 0.000000 0.707107
vn -0.707107 0.000000 -0.707107
vn -0.707107 0.000000 -0.707107
vn -0.707107 0.000000 -0.707107
vn -0.707107 0.000000 -0.707107
vn 0.707107 0.707107 0.000000
vn 0.707107 0.707107 0.000000
vn 0.707107 0.707107 0.000000
vn 0.707107 0.707107 0.000000
vn 0.707107 -0.707107 0.000000
vn 0.707107 -0.707107 0.000000
vn 0.707107 -0.707107 0.000000
vn 0.707107 -0.707107 0.000000
vn -0.707107 0.707107 0.000000
vn -0.707107 0.707107 0.000000
vn -0.707107 0.707107 0.000000
vn -0.707107 0.707107 0.000000
vn -0.707107 -0.707107 0.000000
vn -0.707107 -0.707107 0.000000
vn -0.707107 -0.707107 0.000000
vn -0.707107 -0.707107 0.000000
vn -0.577350 -0.577350 -0.577350
vn -0.577350 -0.577350 -0.577350
vn -0.577350 -0.577350 -0.577350
vn -0.577350 -0.577350 0.577350
vn -0.577350 -0.577350 0.577350
vn -0.577350 -0.577350 0.577350
vn -0.577350 0.577350 -0.577350
vn -0.577350 0.577350 -0.577350
vn -0.577350 0.577350 -0.577350
vn -0.577350 0.577350 0.577350
vn -0.577350 0.577350 0.577350
vn -0.577350 0.577350 0.577350
vn 0.577350 -0.577350 -0.577350
vn 0.577350 -0.577350 -0.577350
vn 0.577350 -0.577350 -0.577350
vn 0.577350 -0.577350 0.577350
vn 0.577350 -0.577350 0.577350
vn 0.577350 -0.577350 0.577350
vn 0.577350 0.577350 -0.577350
vn 0.577350 0.577350 -0.577350
vn 0.577350 0.577350 -0.577350
vn 0.577350 0.577350 0.577350
vn 0.577350 0.577350 0.577350
vn 0.577350 0.577350 0.577350
vn 0.000000 0.000000 1.000000
vn 0.000000 0.000000 1.000000
vn 0.000000 0.000000 1.000000
vn 0.000000 0.000000 1.000000
vn 0.000000 0.000000 -1.000000
vn 0.000000 0.000000 -1.000000
vn 0.000000 0.000000 -1.000000
vn 0.000000 0.000000 -1.000000
vn 0.000000 1.000000 0.000000
vn 0.000000 1.000000 0.000000
vn 0.000000 1.000000 0.000000
vn 0.000000 1.000000 0.000000
vn 0.000000 -1.000000 0.000000
vn 0.000000 -1.000000 0.000000
vn 0.000000 -1.000000 0.000000
vn 0.000000 -1.000000 0.000000
vn 1.000000 0.000000 0.000000
vn 1.000000 0.000000 0.000000
vn 1.000000 0.000000 0.000000
vn 1.000000 0.000000 0.000000
vn -1.000000 0.000000 0.000000
vn -1.000000 0.000000 0.000000
vn -1.000000 0.000000 0.000000
vn -1.000000 0.000000 0.000000
vn 0.000000 0.707107 0.707107
vn 0.000000 0.707107 0.707107
vn 0.000000 0.707107 0.707107
vn 0.000000 0.707107 0.707107
vn 0.000000 0.707107 -0.707107
vn 0.000000 0.707107 -0.707107
vn 0.000000 0.707107 -0.707107
vn 0.000000 0.707107 -0.707107
vn 0.000000 -0.707107 0.707107
vn 0.000000 -0.707107 0.707107
vn 0.000000 -0.707107 0.707107
vn 0.000000 -0.707107 0.707107
vn 0.000000 -0.707107 -0.707107
vn 0.000000 -0.707107 -0.707107
vn 0.000000 -0.707107 -0.707107
vn 0.000000 -0.707107 -0.707107
vn 0.707107 0.000000 0.707107
vn 0.707107 0.000000 0.707107
vn 0.707107 0.000000 0.707107
vn 0.707107 0.000000 0.707107
vn 0.707107 0.000000 -0.707107
vn 0.707107 0.000000 -0.707107
vn 0.707107 0.000000 -0.707107
vn 0.707107 0.000000 -0.707107
vn -0.707107 0.000000 0.707107
vn -0.707107 0.000000 0.707107
vn -0.707107 0.000000 0.707107
vn -0.707107 0.000000 0.707107
vn -0.707107 0.000000 -0.707107
vn -0.707107 0.000000 -0.707107
vn -0.707107 0.000000 -0.707107
vn -0.707107 0.000000 -0.707107
vn 0.707107 0.707107 0.000000
vn 0.707107 0.707107 0.000000
vn 0.707107 0.707107 0.000000
vn 0.707107 0.707107 0.000000
vn 0.707107 -0.707107 0.000000
vn 0.707107 -0.707107 0.000000
vn 0.707107 -0.707107 0.000000
vn 0.707107 -0.707107 0.000000
vn -0.707107 0.707107 0.000000
vn -0.707107 0.707107 0.000000
vn -0.707107 0.707107 0.000000
vn -0.707107 0.707107 0.000000
vn -0.707107 -0.707107 0.000000
vn -0.707107 -0.707107 0.000000
vn -0.707107 -0.707107 0.000000
vn -0.707107 -0.707107 0.000000
vn -0.577350 -0.577350 -0.577350
vn -0.577350 -0.577350 -0.577350
vn -0.577350 -0.577350 -0.577350
vn -0.577350 -0.577350 0.577350
vn -0.577350 -0.577350 0.577350
vn -0.577350 -0.577350 0.577350
vn -0.577350 0.577350 -0.577350
vn -0.577350 0.577350 -0.577350
vn -0.577350 0.577350 -0.577350
vn -0.577350 0.577350 0.577350
vn -0.577350 0.577350 0.577350
vn -0.577350 0.577350 0.577350
vn 0.577350 -0.577350 -0.577350
vn 0.577350 -0.577350 -0.577350
vn 0.577350 -0.577350 -0.577350
vn 0.577350 -0.577350 0.577350
vn 0.577350 -0.577350 0.577350
vn 0.577350 -0.577350 0.577350
vn 0.577350 0.577350 -0.577350
vn 0.577350 0.577350 -0.577350
vn 0.577350 0.577350 -0.577350
vn 0.577350 0.577350 0.577350
vn 0.577350 0.577350 0.577350
vn 0.577350 0.577350 0.577350
vn 0.000000 0.209391 -0.977832
vn -0.950038 0.021672 -0.311382
vn -0.587156 -0.195997 0.785388
vn 0.587156 -0.142804 0.796778
vn 0.950038 0.107739 -0.292952
vn -0.007808 0.177731 -0.984048
vn -0.827223 0.519690 -0.213601
vn -0.503444 0.143455 0.852036
vn 0.516077 -0.431030 0.740188
vn 0.822397 -0.409846 -0.394574
vn -0.063510 0.148183 -0.986919
vn 0.049004 0.984492 -0.168448
vn 0.093796 0.460267 0.882812
vn 0.008966 -0.700031 0.714056
vn -0.088255 -0.892910 -0.441501
vn -0.100492 0.000000 0.994938
vn -0.732709 -0.638096 0.236584
vn -0.352347 -0.394365 -0.848721
vn 0.514946 0.394365 -0.761122
vn 0.670602 0.638096 0.378322
vn -0.100492 0.000000 0.994938
vn -0.732709 -0.638096 0.236584
vn -0.352347 -0.394365 -0.848721
vn 0.514946 0.394365 -0.761122
vn 0.670602 0.638096 0.378322
vn 0.000000 -0.081509 -0.996673
vn -0.946544 -0.117417 -0.300446
vn -0.584996 0.008941 0.810987
vn 0.584996 0.122943 0.801663
vn 0.946544 0.067042 -0.315531
vn -0.014344 -0.161593 -0.986753
vn -0.861136 0.359440 -0.359511
vn -0.517867 0.383740 0.764563
vn 0.541076 -0.122276 0.832037
vn 0.852271 -0.459311 -0.250336
vn -0.166908 -0.241957 -0.955824
vn 0.047297 0.837959 -0.543679
vn 0.196139 0.759844 0.619811
vn 0.073923 -0.368350 0.926744
vn -0.150452 -0.987497 -0.047052
vn 0.818881 0.000000 -0.573964
vn 0.666281 -0.621419 0.412199
vn -0.407096 -0.384058 0.828717
vn -0.917880 0.384058 0.099976
vn -0.160185 0.621419 -0.766929
vn 0.818881 0.000000 -0.573964
vn 0.666281 -0.621419 0.412199
vn -0.407096 -0.384058 0.828717
vn -0.917880 0.384058 0.099976
vn -0.160185 0.621419 -0.766929
vn 0.000000 0.190748 -0.981639
vn -0.945592 0.158879 -0.283924
vn -0.584408 -0.092556 0.806164
vn 0.584408 -0.216082 0.782161
vn 0.945592 -0.040990 -0.322762
vn 0.048788 0.352391 -0.934580
vn -0.838202 0.514678 -0.180341
vn -0.566826 -0.034302 0.823123
vn 0.487885 -0.535878 0.689059
vn 0.868355 -0.296889 -0.397261
vn 0.385398 0.555609 -0.736727
vn -0.097273 0.961992 0.255164
vn -0.445516 0.038935 0.894427
vn -0.178071 -0.937929 0.297622
vn 0.335462 -0.618607 -0.710486
f 1/1/1 2/2/2 3/3/3
f 1/1/1 3/3/3 4/4/4
f 5/5/5 6/6/6 7/7/7
f 5/5/5 7/7/7 8/8/8
f 9/9/9 10/10/10 11/11/11
f 9/9/9 11/11/11 12/12/12
f 13/13/13 14/14/14 15/15/15
f 13/13/13 15/15/15 16/16/16
f 17/17/17 18/18/18 19/19/19
f 17/17/17 19/19/19 20/20/20
f 21/21/21 22/22/22 23/23/23
f 21/21/21 23/23/23 24/24/24
f 25/25/25 26/26/26 27/27/27
f 25/25/25 27/27/27 28/28/28
f 29/29/29 30/30/30 31/31/31
f 29/29/29 31/31/31 32/32/32
f 33/33/33 34/34/34 35/35/35
f 33/33/33 35/35/35 36/36/36
f 37/37/37 38/38/38 39/39/39
f 37/37/37 39/39/39 40/40/40
f 41/41/41 42/42/42 43/43/43
f 41/41/41 43/43/43 44/44/44
f 45/45/45 46/46/46 47/47/47
f 45/45/45 47/47/47 48/48/48
f 49/49/49 50/50/50 51/51/51
f 49/49/49 51/51/51 52/52/52
f 53/53/53 54/54/54 55/55/55
f 53/53/53 55/55/55 56/56/56
f 57/57/57 58/58/58 59/59/59
f 57/57/57 59/59/59 60/60/60
f 61/61/61 62/62/62 63/63/63
f 61/61/61 63/63/63 64/64/64
f 65/65/65 66/66/66 67/67/67
f 65/65/65 67/67/67 68/68/68
f 69/69/69 70/70/70 71/71/71
f 69/69/69 71/71/71 72/72/72
f 73/73/73 75/75/75 74/74/74
f 76/76/76 77/77/77 78/78/78
f 79/79/79 80/80/80 81/81/81
f 82/82/82 84/84/84 83/83/83
f 85/85/85 86/86/86 87/87/87
f 88/88/88 90/90/90 89/89/89
f 91/91/91 93/93/93 92/92/92
f 94/94/94 95/95/95 96/96/96
f 97/97/97 98/98/98 99/99/99
f 97/97/97 99/99/99 100/100/100
f 101/101/101 102/102/102 103/103/103
f 101/101/101 103/103/103 104/104/104
f 105/105/105 106/106/106 107/107/107
f 105/105/105 107/107/107 108/108/108
f 109/109/109 110/110/110 111/111/111
f 109/109/109 111/111/111 112/112/112
f 113/113/113 114/114/114 115/115/115
f 113/113/113 115/115/115 116/116/116
f 117/117/117 118/118/118 119/119/119
f 117/117/117 119/119/119 120/120/120
f 121/121/121 122/122/122 123/123/123
f 121/121/121 123/123/123 124/124/124
f 125/125/125 126/126/126 127/127/127
f 125/125/125 127/127/127 128/128/128
f 129/129/129 130/130/130 131/131/131
f 129/129/129 131/131/131 132/132/132
f 133/133/133 134/134/134 135/135/135
f 133/133/133 135/135/135 136/136/136
f 137/137/137 138/138/138 139/139/139
f 137/137/137 139/139/139 140/140/140
f 141/141/141 142/142/142 143/143/143
f 141/141/141 143/143/143 144/144/144
f 145/145/145 146/146/146 147/147/147
f 145/145/145 147/147/147 148/148/148
f 149/149/149 150/150/150 151/151/151
f 149/149/149 151/151/151 152/152/152
f 153/153/153 154/154/154 155/155/155
f 153/153/153 155/155/155 156/156/156
f 157/157/157 158/158/158 159/159/159
f 157/157/157 159/159/159 160/160/160
f 161/161/161 162/162/162 163/163/163
f 161/161/161 163/163/163 164/164/164
f 165/165/165 166/166/166 167/167/167
f 165/165/165 167/167/167 168/168/168
f 169/169/169 171/171/171 170/170/170
f 172/172/172 173/173/173 174/174/174
f 175/175/175 176/176/176 177/177/177
f 178/178/178 180/180/180 179/179/179
f 181/181/181 182/182/182 183/183/183
f 184/184/184 186/186/186 185/185/185
f 187/187/187 189/189/189 188/188/188
f 190/190/190 191/191/191 192/192/192
f 193/193/193 194/194/194 195/195/195
f 193/193/193 195/195/195 196/196/196
f 197/197/197 198/198/198 199/199/199
f 197/197/197 199/199/199 200/200/200
f 201/201/201 202/202/202 203/203/203
f 201/201/201 203/203/203 204/204/204
f 205/205/205 206/206/206 207/207/207
f 205/205/205 207/207/207 208/208/208
f 209/209/209 210/210/210 211/211/211
f 209/209/209 211/211/211 212/212/212
f 213/213/213 214/214/214 215/215/215
f 213/213/213 215/215/215 216/216/216
f 217/217/217 218/218/218 219/219/219
f 217/217/217 219/219/219 220/220/220
f 221/221/221 222/222/222 223/223/223
f 221/221/221 223/223/223 224/224/224
f 225/225/225 226/226/226 227/227/227
f 225/225/225 227/227/227 228/228/228
f 229/229/229 230/230/230 231/231/231
f 229/229/229 231/231/231 232/232/232
f 233/233/233 234/234/234 235/235/235
f 233/233/233 235/235/235 236/236/236
f 237/237/237 238/238/238 239/239/239
f 237/237/237 239/239/239 240/240/240
f 241/241/241 242/242/242 243/243/243
f 241/241/241 243/243/243 244/244/244
f 245/245/245 246/246/246 247/247/247
f 245/245/245 247/247/247 248/248/248
f 249/249/249 250/250/250 251/251/251
f 249/249/249 251/251/251 252/252/252
f 253/253/253 254/254/254 255/255/255
f 253/253/253 255/255/255 256/256/256
f 257/257/257 258/258/258 259/259/259
f 257/257/257 259/259/259 260/260/260
f 261/261/261 262/262/262 263/263/263
f 261/261/261 263/263/263 264/264/264
f 265/265/265 267/267/267 266/266/266
f 268/268/268 269/269/269 270/270/270
f 271/271/271 272/272/272 273/273/273
f 274/274/274 276/276/276 275/275/275
f 277/277/277 278/278/278 279/279/279
f 280/280/280 282/282/282 281/281/281
f 283/283/283 285/285/285 284/284/284
f 286/286/286 287/287/287 288/288/288
f 289/289/289 290/290/290 291/291/291
f 289/289/289 291/291/291 292/292/292
f 293/293/293 294/294/294 295/295/295
f 293/293/293 295/295/295 296/296/296
f 297/297/297 298/298/298 299/299/299
f 297/297/297 299/299/299 300/300/300
f 301/301/301 302/302/302 303/303/303
f 301/301/301 303/303/303 304/304/304
f 305/305/305 306/306/306 307/307/307
f 305/305/305 307/307/307 308/308/308
f 309/309/309 310/310/310 311/311/311
f 309/309/309 311/311/311 312/312/312
f 313/313/313 314/314/314 315/315/315
f 313/313/313 315/315/315 316/316/316
f 317/317/317 318/318/318 319/319/319
f 317/317/317 319/319/319 320/320/320
f 321/321/321 322/322/322 323/323/323
f 321/321/321 323/323/323 324/324/324
f 325/325/325 326/326/326 327/327/327
f 325/325/325 327/327/327 328/328/328
f 329/329/329 330/330/330 331/331/331
f 329/329/329 331/331/331 332/332/332
f 333/333/333 334/334/334 335/335/335
f 333/333/333 335/335/335 336/336/336
f 337/337/337 338/338/338 339/339/339
f 337/337/337 339/339/339 340/340/340
f 341/341/341 342/342/342 343/343/343
f 341/341/341 343/343/343 344/344/344
f 345/345/345 346/346/346 347/347/347
f 345/345/345 347/347/347 348/348/348
f 349/349/349 350/350/350 351/351/351
f 349/349/349 351/351/351 352/352/352
f 353/353/353 354/354/354 355/355/355
f 353/353/353 355/355/355 356/356/356
f 357/357/357 358/358/358 359/359/359
f 357/357/357 359/359/359 360/360/360
f 361/361/361 363/363/363 362/362/362
f 364/364/364 365/365/365 366/366/366
f 367/367/367 368/368/368 369/369/369
f 370/370/370 372/372/372 371/371/371
f 373/373/373 374/374/374 375/375/375
f 376/376/376 378/378/378 377/377/377
f 379/379/379 381/381/381 380/380/380
f 382/382/382 383/383/383 384/384/384
f 385/385/385 386/386/386 387/387/387
f 385/385/385 387/387/387 388/388/388
f 389/389/389 390/390/390 391/391/391
f 389/389/389 391/391/391 392/392/392
f 393/393/393 394/394/394 395/395/395
f 393/393/393 395/395/395 396/396/396
f 397/397/397 398/398/398 399/399/399
f 397/397/397 399/399/399 400/400/400
f 401/401/401 402/402/402 403/403/403
f 401/401/401 403/403/403 404/404/404
f 405/405/405 406/406/406 407/407/407
f 405/405/405 407/407/407 408/408/408
f 409/409/409 410/410/410 411/411/411
f 409/409/409 411/411/411 412/412/412
f 413/413/413 414/414/414 415/415/415
f 413/413/413 415/415/415 416/416/416
f 417/417/417 418/418/418 419/419/419
f 417/417/417 419/419/419 420/420/420
f 421/421/421 422/422/422 423/423/423
f 421/421/421 423/423/423 424/424/424
f 425/425/425 426/426/426 427/427/427
f 425/425/425 427/427/427 428/428/428
f 429/429/429 430/430/430 431/431/431
f 429/429/429 431/431/431 432/432/432
f 433/433/433 434/434/434 435/435/435
f 433/433/433 435/435/435 436/436/436
f 437/437/437 438/438/438 439/439/439
f 437/437/437 439/439/439 440/440/440
f 441/441/441 442/442/442 443/443/443
f 441/441/441 443/443/443 444/444/444
f 445/445/445 446/446/446 447/447/447
f 445/445/445 447/447/447 448/448/448
f 449/449/449 450/450/450 451/451/451
f 449/449/449 451/451/451 452/452/452
f 453/453/453 454/454/454 455/455/455
f 453/453/453 455/455/455 456/456/456
f 457/457/457 459/459/459 458/458/458
f 460/460/460 461/461/461 462/462/462
f 463/463/463 464/464/464 465/465/465
f 466/466/466 468/468/468 467/467/467
f 469/469/469 470/470/470 471/471/471
f 472/472/472 474/474/474 473/473/473
f 475/475/475 477/477/477 476/476/476
f 478/478/478 479/479/479 480/480/480
f 481/481/481 482/482/482 483/483/483
f 481/481/481 483/483/483 484/484/484
f 485/485/485 486/486/486 487/487/487
f 485/485/485 487/487/487 488/488/488
f 489/489/489 490/490/490 491/491/491
f 489/489/489 491/491/491 492/492/492
f 493/493/493 494/494/494 495/495/495
f 493/493/493 495/495/495 496/496/496
f 497/497/497 498/498/498 499/499/499
f 497/497/497 499/499/499 500/500/500
f 501/501/501 502/502/502 503/503/503
f 501/501/501 503/503/503 504/504/504
f 505/505/505 506/506/506 507/507/507
f 505/505/505 507/507/507 508/508/508
f 509/509/509 510/510/510 511/511/511
f 509/509/509 511/511/511 512/512/512
f 513/513/513 514/514/514 515/515/515
f 513/513/513 515/515/515 516/516/516
f 517/517/517 518/518/518 519/519/519
f 517/517/517 519/519/519 520/520/520
f 521/521/521 522/522/522 523/523/523
f 521/521/521 523/523/523 524/524/524
f 525/525/525 526/526/526 527/527/527
f 525/525/525 527/527/527 528/528/528
f 529/529/529 530/530/530 531/531/531
f 529/529/529 531/531/531 532/532/532
f 533/533/533 534/534/534 535/535/535
f 533/533/533 535/535/535 536/536/536
f 537/537/537 538/538/538 539/539/539
f 537/537/537 539/539/539 540/540/540
f 541/541/541 542/542/542 543/543/543
f 541/541/541 543/543/543 544/544/544
f 545/545/545 546/546/546 547/547/547
f 545/545/545 547/547/547 548/548/548
f 549/549/549 550/550/550 551/551/551
f 549/549/549 551/551/551 552/552/552
f 553/553/553 555/555/555 554/554/554
f 556/556/556 557/557/557 558/558/558
f 559/559/559 560/560/560 561/561/561
f 562/562/562 564/564/564 563/563/563
f 565/565/565 566/566/566 567/567/567
f 568/568/568 570/570/570 569/569/569
f 571/571/571 573/573/573 572/572/572
f 574/574/574 575/575/575 576/576/576
f 577/577/577 578/578/578 579/579/579
f 577/577/577 579/579/579 580/580/580
f 581/581/581 582/582/582 583/583/583
f 581/581/581 583/583/583 584/584/584
f 585/585/585 586/586/586 587/587/587
f 585/585/585 587/587/587 588/588/588
f 589/589/589 590/590/590 591/591/591
f 589/589/589 591/591/591 592/592/592
f 593/593/593 594/594/594 595/595/595
f 593/593/593 595/595/595 596/596/596
f 597/597/597 598/598/598 599/599/599
f 597/597/597 599/599/599 600/600/600
f 601/601/601 602/602/602 603/603/603
f 601/601/601 603/603/603 604/604/604
f 605/605/605 606/606/606 607/607/607
f 605/605/605 607/607/607 608/608/608
f 609/609/609 610/610/610 611/611/611
f 609/609/609 611/611/611 612/612/612
f 613/613/613 614/614/614 615/615/615
f 613/613/613 615/615/615 616/616/616
f 617/617/617 618/618/618 619/619/619
f 617/617/617 619/619/619 620/620/620
f 621/621/621 622/622/622 623/623/623
f 621/621/621 623/623/623 624/624/624
f 625/625/625 626/626/626 627/627/627
f 625/625/625 627/627/627 628/628/628
f 629/629/629 630/630/630 631/631/631
f 629/629/629 631/631/631 632/632/632
f 633/633/633 634/634/634 635/635/635
f 633/633/633 635/635/635 636/636/636
f 637/637/637 638/638/638 639/639/639
f 637/637/637 639/639/639 640/640/640
f 641/641/641 642/642/642 643/643/643
f 641/641/641 643/643/643 644/644/644
f 645/645/645 646/646/646 647/647/647
f 645/645/645 647/647/647 648/648/648
f 649/649/649 651/651/651 650/650/650
f 652/652/652 653/653/653 654/654/654
f 655/655/655 656/656/656 657/657/657
f 658/658/658 660/660/660 659/659/659
f 661/661/661 662/662/662 663/663/663
f 664/664/664 666/666/666 665/665/665
f 667/667/667 669/669/669 668/668/668
f 670/670/670 671/671/671 672/672/672
f 673/673/673 674/674/674 675/675/675
f 673/673/673 675/675/675 676/676/676
f 677/677/677 678/678/678 679/679/679
f 677/677/677 679/679/679 680/680/680
f 681/681/681 682/682/682 683/683/683
f 681/681/681 683/683/683 684/684/684
f 685/685/685 686/686/686 687/687/687
f 685/685/685 687/687/687 688/688/688
f 689/689/689 690/690/690 691/691/691
f 689/689/689 691/691/691 692/692/692
f 693/693/693 694/694/694 695/695/695
f 693/693/693 695/695/695 696/696/696
f 697/697/697 698/698/698 699/699/699
f 697/697/697 699/699/699 700/700/700
f 701/701/701 702/702/702 703/703/703
f 701/701/701 703/703/703 704/704/704
f 705/705/705 706/706/706 707/707/707
f 705/705/705 707/707/707 708/708/708
f 709/709/709 710/710/710 711/711/711
f 709/709/709 711/711/711 712/712/712
f 713/713/713 714/714/714 715/715/715
f 713/713/713 715/715/715 716/716/716
f 717/717/717 718/718/718 719/719/719
f 717/717/717 719/719/719 720/720/720
f 721/721/721 722/722/722 723/723/723
f 721/721/721 723/723/723 724/724/724
f 725/725/725 726/726/726 727/727/727
f 725/725/725 727/727/727 728/728/728
f 729/729/729 730/730/730 731/731/731
f 729/729/729 731/731/731 732/732/732
f 733/733/733 734/734/734 735/735/735
f 733/733/733 735/735/735 736/736/736
f 737/737/737 738/738/738 739/739/739
f 737/737/737 739/739/739 740/740/740
f 741/741/741 742/742/742 743/743/743
f 741/741/741 743/743/743 744/744/744
f 745/745/745 747/747/747 746/746/746
f 748/748/748 749/749/749 750/750/750
f 751/751/751 752/752/752 753/753/753
f 754/754/754 756/756/756 755/755/755
f 757/757/757 758/758/758 759/759/759
f 760/760/760 762/762/762 761/761/761
f 763/763/763 765/765/765 764/764/764
f 766/766/766 767/767/767 768/768/768
f 769/769/769 770/770/770 771/771/771
f 769/769/769 771/771/771 772/772/772
f 773/773/773 774/774/774 775/775/775
f 773/773/773 775/775/775 776/776/776
f 777/777/777 778/778/778 779/779/779
f 777/777/777 779/779/779 780/780/780
f 781/781/781 782/782/782 783/783/783
f 781/781/781 783/783/783 784/784/784
f 785/785/785 786/786/786 787/787/787
f 785/785/785 787/787/787 788/788/788
f 789/789/789 790/790/790 791/791/791
f 789/789/789 791/791/791 792/792/792
f 793/793/793 794/794/794 795/795/795
f 793/793/793 795/795/795 796/796/796
f 797/797/797 798/798/798 799/799/799
f 797/797/797 799/799/799 800/800/800
f 801/801/801 802/802/802 803/803/803
f 801/801/801 803/803/803 804/804/804
f 805/805/805 806/806/806 807/807/807
f 805/805/805 807/807/807 808/808/808
f 809/809/809 810/810/810 811/811/811
f 809/809/809 811/811/811 812/812/812
f 813/813/813 814/814/814 815/815/815
f 813/813/813 815/815/815 816/816/816
f 817/817/817 818/818/818 819/819/819
f 817/817/817 819/819/819 820/820/820
f 821/821/821 822/822/822 823/823/823
f 821/821/821 823/823/823 824/824/824
f 825/825/825 826/826/826 827/827/827
f 825/825/825 827/827/827 828/828/828
f 829/829/829 830/830/830 831/831/831
f 829/829/829 831/831/831 832/832/832
f 833/833/833 834/834/834 835/835/835
f 833/833/833 835/835/835 836/836/836
f 837/837/837 838/838/838 839/839/839
f 837/837/837 839/839/839 840/840/840
f 841/841/841 843/843/843 842/842/842
f 844/844/844 845/845/845 846/846/846
f 847/847/847 848/848/848 849/849/849
f 850/850/850 852/852/852 851/851/851
f 853/853/853 854/854/854 855/855/855
f 856/856/856 858/858/858 857/857/857
f 859/859/859 861/861/861 860/860/860
f 862/862/862 863/863/863 864/864/864
f 865/865/865 866/866/866 867/867/867
f 865/865/865 867/867/867 868/868/868
f 869/869/869 870/870/870 871/871/871
f 869/869/869 871/871/871 872/872/872
f 873/873/873 874/874/874 875/875/875
f 873/873/873 875/875/875 876/876/876
f 877/877/877 878/878/878 879/879/879
f 877/877/877 879/879/879 880/880/880
f 881/881/881 882/882/882 883/883/883
f 881/881/881 883/883/883 884/884/884
f 885/885/885 886/886/886 887/887/887
f 885/885/885 887/887/887 888/888/888
f 889/889/889 890/890/890 891/891/891
f 889/889/889 891/891/891 892/892/892
f 893/893/893 894/894/894 895/895/895
f 893/893/893 895/895/895 896/896/896
f 897/897/897 898/898/898 899/899/899
f 897/897/897 899/899/899 900/900/900
f 901/901/901 902/902/902 903/903/903
f 901/901/901 903/903/903 904/904/904
f 905/905/905 906/906/906 907/907/907
f 905/905/905 907/907/907 908/908/908
f 909/909/909 910/910/910 911/911/911
f 909/909/909 911/911/911 912/912/912
f 913/913/913 914/914/914 915/915/915
f 913/913/913 915/915/915 916/916/916
f 917/917/917 918/918/918 919/919/919
f 917/917/917 919/919/919 920/920/920
f 921/921/921 922/922/922 923/923/923
f 921/921/921 923/923/923 924/924/924
f 925/925/925 926/926/926 927/927/927
f 925/925/925 927/927/927 928/928/928
f 929/929/929 930/930/930 931/931/931
f 929/929/929 931/931/931 932/932/932
f 933/933/933 934/934/934 935/935/935
f 933/933/933 935/935/935 936/936/936
f 937/937/937 939/939/939 938/938/938
f 940/940/940 941/941/941 942/942/942
f 943/943/943 944/944/944 945/945/945
f 946/946/946 948/948/948 947/947/947
f 949/949/949 950/950/950 951/951/951
f 952/952/952 954/954/954 953/953/953
f 955/955/955 957/957/957 956/956/956
f 958/958/958 959/959/959 960/960/960
f 961/961/961 962/962/962 963/963/963
f 961/961/961 963/963/963 964/964/964
f 965/965/965 966/966/966 967/967/967
f 965/965/965 967/967/967 968/968/968
f 969/969/969 970/970/970 971/971/971
f 969/969/969 971/971/971 972/972/972
f 973/973/973 974/974/974 975/975/975
f 973/973/973 975/975/975 976/976/976
f 977/977/977 978/978/978 979/979/979
f 977/977/977 979/979/979 980/980/980
f 981/981/981 982/982/982 983/983/983
f 981/981/981 983/983/983 984/984/984
f 985/985/985 986/986/986 987/987/987
f 985/985/985 987/987/987 988/988/988
f 989/989/989 990/990/990 991/991/991
f 989/989/989 991/991/991 992/992/992
f 993/993/993 994/994/994 995/995/995
f 993/993/993 995/995/995 996/996/996
f 997/997/997 998/998/998 999/999/999
f 997/997/997 999/999/999 1000/1000/1000
f 1001/1001/1001 1002/1002/1002 1003/1003/1003
f 1001/1001/1001 1003/1003/1003 1004/1004/1004
f 1005/1005/1005 1006/1006/1006 1007/1007/1007
f 1005/1005/1005 1007/1007/1007 1008/1008/1008
f 1009/1009/1009 1010/1010/1010 1011/1011/1011
f 1009/1009/1009 1011/1011/1011 1012/1012/1012
f 1013/1013/1013 1014/1014/1014 1015/1015/1015
f 1013/1013/1013 1015/1015/1015 1016/1016/1016
f 1017/1017/1017 1018/1018/1018 1019/1019/1019
f 1017/1017/1017 1019/1019/1019 1020/1020/1020
f 1021/1021/1021 1022/1022/1022 1023/1023/1023
f 1021/1021/1021 1023/1023/1023 1024/1024/1024
f 1025/1025/1025 1026/1026/1026 1027/1027/1027
f 1025/1025/1025 1027/1027/1027 1028/1028/1028
f 1029/1029/1029 1030/1030/1030 1031/1031/1031
f 1029/1029/1029 1031/1031/1031 1032/1032/1032
f 1033/1033/1033 1035/1035/1035 1034/1034/1034
f 1036/1036/1036 1037/1037/1037 1038/1038/1038
f 1039/1039/1039 1040/1040/1040 1041/1041/1041
f 1042/1042/1042 1044/1044/1044 1043/1043/1043
f 1045/1045/1045 1046/1046/1046 1047/1047/1047
f 1048/1048/1048 1050/1050/1050 1049/1049/1049
f 1051/1051/1051 1053/1053/1053 1052/1052/1052
f 1054/1054/1054 1055/1055/1055 1056/1056/1056
f 1057/1057/1057 1058/1058/1058 1059/1059/1059
f 1057/1057/1057 1059/1059/1059 1060/1060/1060
f 1061/1061/1061 1062/1062/1062 1063/1063/1063
f 1061/1061/1061 1063/1063/1063 1064/1064/1064
f 1065/1065/1065 1066/1066/1066 1067/1067/1067
f 1065/1065/1065 1067/1067/1067 1068/1068/1068
f 1069/1069/1069 1070/1070/1070 1071/1071/1071
f 1069/1069/1069 1071/1071/1071 1072/1072/1072
f 1073/1073/1073 1074/1074/1074 1075/1075/1075
f 1073/1073/1073 1075/1075/1075 1076/1076/1076
f 1077/1077/1077 1078/1078/1078 1079/1079/1079
f 1077/1077/1077 1079/1079/1079 1080/1080/1080
f 1081/1081/1081 1082/1082/1082 1083/1083/1083
f 1081/1081/1081 1083/1083/1083 1084/1084/1084
f 1085/1085/1085 1086/1086/1086 1087/1087/1087
f 1085/1085/1085 1087/1087/1087 1088/1088/1088
f 1089/1089/1089 1090/1090/1090 1091/1091/1091
f 1089/1089/1089 1091/1091/1091 1092/1092/1092
f 1093/1093/1093 1094/1094/1094 1095/1095/1095
f 1093/1093/1093 1095/1095/1095 1096/1096/1096
f 1097/1097/1097 1098/1098/1098 1099/1099/1099
f 1097/1097/1097 1099/1099/1099 1100/1100/1100
f 1101/1101/1101 1102/1102/1102 1103/1103/1103
f 1101/1101/1101 1103/1103/1103 1104/1104/1104
f 1105/1105/1105 1106/1106/1106 1107/1107/1107
f 1105/1105/1105 1107/1107/1107 1108/1108/1108
f 1109/1109/1109 1110/1110/1110 1111/1111/1111
f 1109/1109/1109 1111/1111/1111 1112/1112/1112
f 1113/1113/1113 1114/1114/1114 1115/1115/1115
f 1113/1113/1113 1115/1115/1115 1116/1116/1116
f 1117/1117/1117 1118/1118/1118 1119/1119/1119
f 1117/1117/1117 1119/1119/1119 1120/1120/1120
f 1121/1121/1121 1122/1122/1122 1123/1123/1123
f 1121/1121/1121 1123/1123/1123 1124/1124/1124
f 1125/1125/1125 1126/1126/1126 1127/1127/1127
f 1125/1125/1125 1127/1127/1127 1128/1128/1128
f 1129/1129/1129 1131/1131/1131 1130/1130/1130
f 1132/1132/1132 1133/1133/1133 1134/1134/1134
f 1135/1135/1135 1136/1136/1136 1137/1137/1137
f 1138/1138/1138 1140/1140/1140 1139/1139/1139
f 1141/1141/1141 1142/1142/1142 1143/1143/1143
f 1144/1144/1144 1146/1146/1146 1145/1145/1145
f 1147/1147/1147 1149/1149/1149 1148/1148/1148
f 1150/1150/1150 1151/1151/1151 1152/1152/1152
f 1153/1153/1153 1154/1154/1154 1155/1155/1155
f 1153/1153/1153 1155/1155/1155 1156/1156/1156
f 1157/1157/1157 1158/1158/1158 1159/1159/1159
f 1157/1157/1157 1159/1159/1159 1160/1160/1160
f 1161/1161/1161 1162/1162/1162 1163/1163/1163
f 1161/1161/1161 1163/1163/1163 1164/1164/1164
f 1165/1165/1165 1166/1166/1166 1167/1167/1167
f 1165/1165/1165 1167/1167/1167 1168/1168/1168
f 1169/1169/1169 1170/1170/1170 1171/1171/1171
f 1169/1169/1169 1171/1171/1171 1172/1172/1172
f 1173/1173/1173 1174/1174/1174 1175/1175/1175
f 1173/1173/1173 1175/1175/1175 1176/1176/1176
f 1177/1177/1177 1178/1178/1178 1179/1179/1179
f 1177/1177/1177 1179/1179/1179 1180/1180/1180
f 1181/1181/1181 1182/1182/1182 1183/1183/1183
f 1181/1181/1181 1183/1183/1183 1184/1184/1184
f 1185/1185/1185 1186/1186/1186 1187/1187/1187
f 1185/1185/1185 1187/1187/1187 1188/1188/1188
f 1189/1189/1189 1190/1190/1190 1191/1191/1191
f 1189/1189/1189 1191/1191/1191 1192/1192/1192
f 1193/1193/1193 1194/1194/1194 1195/1195/1195
f 1193/1193/1193 1195/1195/1195 1196/1196/1196
f 1197/1197/1197 1198/1198/1198 1199/1199/1199
f 1197/1197/1197 1199/1199/1199 1200/1200/1200
f 1201/1201/1201 1202/1202/1202 1203/1203/1203
f 1201/1201/1201 1203/1203/1203 1204/1204/1204
f 1205/1205/1205 1206/1206/1206 1207/1207/1207
f 1205/1205/1205 1207/1207/1207 1208/1208/1208
f 1209/1209/1209 1210/1210/1210 1211/1211/1211
f 1209/1209/1209 1211/1211/1211 1212/1212/1212
f 1213/1213/1213 1214/1214/1214 1215/1215/1215
f 1213/1213/1213 1215/1215/1215 1216/1216/1216
f 1217/1217/1217 1218/1218/1218 1219/1219/1219
f 1217/1217/1217 1219/1219/1219 1220/1220/1220
f 1221/1221/1221 1222/1222/1222 1223/1223/1223
f 1221/1221/1221 1223/1223/1223 1224/1224/1224
f 1225/1225/1225 1227/1227/1227 1226/1226/1226
f 1228/1228/1228 1229/1229/1229 1230/1230/1230
f 1231/1231/1231 1232/1232/1232 1233/1233/1233
f 1234/1234/1234 1236/1236/1236 1235/1235/1235
f 1237/1237/1237 1238/1238/1238 1239/1239/1239
f 1240/1240/1240 1242/1242/1242 1241/1241/1241
f 1243/1243/1243 1245/1245/1245 1244/1244/1244
f 1246/1246/1246 1247/1247/1247 1248/1248/1248
f 1249/1249/1249 1250/1250/1250 1251/1251/1251
f 1249/1249/1249 1251/1251/1251 1252/1252/1252
f 1253/1253/1253 1254/1254/1254 1255/1255/1255
f 1253/1253/1253 1255/1255/1255 1256/1256/1256
f 1257/1257/1257 1258/1258/1258 1259/1259/1259
f 1257/1257/1257 1259/1259/1259 1260/1260/1260
f 1261/1261/1261 1262/1262/1262 1263/1263/1263
f 1261/1261/1261 1263/1263/1263 1264/1264/1264
f 1265/1265/1265 1266/1266/1266 1267/1267/1267
f 1265/1265/1265 1267/1267/1267 1268/1268/1268
f 1269/1269/1269 1270/1270/1270 1271/1271/1271
f 1269/1269/1269 1271/1271/1271 1272/1272/1272
f 1273/1273/1273 1274/1274/1274 1275/1275/1275
f 1273/1273/1273 1275/1275/1275 1276/1276/1276
f 1277/1277/1277 1278/1278/1278 1279/1279/1279
f 1277/1277/1277 1279/1279/1279 1280/1280/1280
f 1281/1281/1281 1282/1282/1282 1283/1283/1283
f 1281/1281/1281 1283/1283/1283 1284/1284/1284
f 1285/1285/1285 1286/1286/1286 1287/1287/1287
f 1285/1285/1285 1287/1287/1287 1288/1288/1288
f 1289/1289/1289 1290/1290/1290 1291/1291/1291
f 1289/1289/1289 1291/1291/1291 1292/1292/1292
f 1293/1293/1293 1294/1294/1294 1295/1295/1295
f 1293/1293/1293 1295/1295/1295 1296/1296/1296
f 1297/1297/1297 1298/1298/1298 1299/1299/1299
f 1297/1297/1297 1299/1299/1299 1300/1300/1300
f 1301/1301/1301 1302/1302/1302 1303/1303/1303
f 1301/1301/1301 1303/1303/1303 1304/1304/1304
f 1305/1305/1305 1306/1306/1306 1307/1307/1307
f 1305/1305/1305 1307/1307/1307 1308/1308/1308
f 1309/1309/1309 1310/1310/1310 1311/1311/1311
f 1309/1309/1309 1311/1311/1311 1312/1312/1312
f 1313/1313/1313 1314/1314/1314 1315/1315/1315
f 1313/1313/1313 1315/1315/1315 1316/1316/1316
f 1317/1317/1317 1318/1318/1318 1319/1319/1319
f 1317/1317/1317 1319/1319/1319 1320/1320/1320
f 1321/1321/1321 1323/1323/1323 1322/1322/1322
f 1324/1324/1324 1325/1325/1325 1326/1326/1326
f 1327/1327/1327 1328/1328/1328 1329/1329/1329
f 1330/1330/1330 1332/1332/1332 1331/1331/1331
f 1333/1333/1333 1334/1334/1334 1335/1335/1335
f 1336/1336/1336 1338/1338/1338 1337/1337/1337
f 1339/1339/1339 1341/1341/1341 1340/1340/1340
f 1342/1342/1342 1343/1343/1343 1344/1344/1344
f 1345/1345/1345 1346/1346/1346 1347/1347/1347
f 1345/1345/1345 1347/1347/1347 1348/1348/1348
f 1349/1349/1349 1350/1350/1350 1351/1351/1351
f 1349/1349/1349 1351/1351/1351 1352/1352/1352
f 1353/1353/1353 1354/1354/1354 1355/1355/1355
f 1353/1353/1353 1355/1355/1355 1356/1356/1356
f 1357/1357/1357 1358/1358/1358 1359/1359/1359
f 1357/1357/1357 1359/1359/1359 1360/1360/1360
f 1361/1361/1361 1362/1362/1362 1363/1363/1363
f 1361/1361/1361 1363/1363/1363 1364/1364/1364
f 1365/1365/1365 1366/1366/1366 1367/1367/1367
f 1365/1365/1365 1367/1367/1367 1368/1368/1368
f 1369/1369/1369 1370/1370/1370 1371/1371/1371
f 1369/1369/1369 1371/1371/1371 1372/1372/1372
f 1373/1373/1373 1374/1374/1374 1375/1375/1375
f 1373/1373/1373 1375/1375/1375 1376/1376/1376
f 1377/1377/1377 1378/1378/1378 1379/1379/1379
f 1377/1377/1377 1379/1379/1379 1380/1380/1380
f 1381/1381/1381 1382/1382/1382 1383/1383/1383
f 1381/1381/1381 1383/1383/1383 1384/1384/1384
f 1385/1385/1385 1386/1386/1386 1387/1387/1387
f 1385/1385/1385 1387/1387/1387 1388/1388/1388
f 1389/1389/1389 1390/1390/1390 1391/1391/1391
f 1389/1389/1389 1391/1391/1391 1392/1392/1392
f 1393/1393/1393 1394/1394/1394 1395/1395/1395
f 1393/1393/1393 1395/1395/1395 1396/1396/1396
f 1397/1397/1397 1398/1398/1398 1399/1399/1399
f 1397/1397/1397 1399/1399/1399 1400/1400/1400
f 1401/1401/1401 1402/1402/1402 1403/1403/1403
f 1401/1401/1401 1403/1403/1403 1404/1404/1404
f 1405/1405/1405 1406/1406/1406 1407/1407/1407
f 1405/1405/1405 1407/1407/1407 1408/1408/1408
f 1409/1409/1409 1410/1410/1410 1411/1411/1411
f 1409/1409/1409 1411/1411/1411 1412/1412/1412
f 1413/1413/1413 1414/1414/1414 1415/1415/1415
f 1413/1413/1413 1415/1415/1415 1416/1416/1416
f 1417/1417/1417 1419/1419/1419 1418/1418/1418
f 1420/1420/1420 1421/1421/1421 1422/1422/1422
f 1423/1423/1423 1424/1424/1424 1425/1425/1425
f 1426/1426/1426 1428/1428/1428 1427/1427/1427
f 1429/1429/1429 1430/1430/1430 1431/1431/1431
f 1432/1432/1432 1434/1434/1434 1433/1433/1433
f 1435/1435/1435 1437/1437/1437 1436/1436/1436
f 1438/1438/1438 1439/1439/1439 1440/1440/1440
f 1441/1441/1441 1442/1442/1442 1443/1443/1443
f 1441/1441/1441 1443/1443/1443 1444/1444/1444
f 1445/1445/1445 1446/1446/1446 1447/1447/1447
f 1445/1445/1445 1447/1447/1447 1448/1448/1448
f 1449/1449/1449 1450/1450/1450 1451/1451/1451
f 1449/1449/1449 1451/1451/1451 1452/1452/1452
f 1453/1453/1453 1454/1454/1454 1455/1455/1455
f 1453/1453/1453 1455/1455/1455 1456/1456/1456
f 1457/1457/1457 1458/1458/1458 1459/1459/1459
f 1457/1457/1457 1459/1459/1459 1460/1460/1460
f 1461/1461/1461 1462/1462/1462 1463/1463/1463
f 1461/1461/1461 1463/1463/1463 1464/1464/1464
f 1465/1465/1465 1466/1466/1466 1467/1467/1467
f 1465/1465/1465 1467/1467/1467 1468/1468/1468
f 1469/1469/1469 1470/1470/1470 1471/1471/1471
f 1469/1469/1469 1471/1471/1471 1472/1472/1472
f 1473/1473/1473 1474/1474/1474 1475/1475/1475
f 1473/1473/1473 1475/1475/1475 1476/1476/1476
f 1477/1477/1477 1478/1478/1478 1479/1479/1479
f 1477/1477/1477 1479/1479/1479 1480/1480/1480
f 1481/1481/1481 1482/1482/1482 1483/1483/1483
f 1481/1481/1481 1483/1483/1483 1484/1484/1484
f 1485/1485/1485 1486/1486/1486 1487/1487/1487
f 1485/1485/1485 1487/1487/1487 1488/1488/1488
f 1489/1489/1489 1490/1490/1490 1491/1491/1491
f 1489/1489/1489 1491/1491/1491 1492/1492/1492
f 1493/1493/1493 1494/1494/1494 1495/1495/1495
f 1493/1493/1493 1495/1495/1495 1496/1496/1496
f 1497/1497/1497 1498/1498/1498 1499/1499/1499
f 1497/1497/1497 1499/1499/1499 1500/1500/1500
f 1501/1501/1501 1502/1502/1502 1503/1503/1503
f 1501/1501/1501 1503/1503/1503 1504/1504/1504
f 1505/1505/1505 1506/1506/1506 1507/1507/1507
f 1505/1505/1505 1507/1507/1507 1508/1508/1508
f 1509/1509/1509 1510/1510/1510 1511/1511/1511
f 1509/1509/1509 1511/1511/1511 1512/1512/1512
f 1513/1513/1513 1515/1515/1515 1514/1514/1514
f 1516/1516/1516 1517/1517/1517 1518/1518/1518
f 1519/1519/1519 1520/1520/1520 1521/1521/1521
f 1522/1522/1522 1524/1524/1524 1523/1523/1523
f 1525/1525/1525 1526/1526/1526 1527/1527/1527
f 1528/1528/1528 1530/1530/1530 1529/1529/1529
f 1531/1531/1531 1533/1533/1533 1532/1532/1532
f 1534/1534/1534 1535/1535/1535 1536/1536/1536
f 1537/1537/1537 1538/1538/1538 1539/1539/1539
f 1537/1537/1537 1539/1539/1539 1540/1540/1540
f 1541/1541/1541 1542/1542/1542 1543/1543/1543
f 1541/1541/1541 1543/1543/1543 1544/1544/1544
f 1545/1545/1545 1546/1546/1546 1547/1547/1547
f 1545/1545/1545 1547/1547/1547 1548/1548/1548
f 1549/1549/1549 1550/1550/1550 1551/1551/1551
f 1549/1549/1549 1551/1551/1551 1552/1552/1552
f 1553/1553/1553 1554/1554/1554 1555/1555/1555
f 1553/1553/1553 1555/1555/1555 1556/1556/1556
f 1557/1557/1557 1558/1558/1558 1559/1559/1559
f 1557/1557/1557 1559/1559/1559 1560/1560/1560
f 1561/1561/1561 1562/1562/1562 1563/1563/1563
f 1561/1561/1561 1563/1563/1563 1564/1564/1564
f 1565/1565/1565 1566/1566/1566 1567/1567/1567
f 1565/1565/1565 1567/1567/1567 1568/1568/1568
f 1569/1569/1569 1570/1570/1570 1571/1571/1571
f 1569/1569/1569 1571/1571/1571 1572/1572/1572
f 1573/1573/1573 1574/1574/1574 1575/1575/1575
f 1573/1573/1573 1575/1575/1575 1576/1576/1576
f 1577/1577/1577 1578/1578/1578 1579/1579/1579
f 1577/1577/1577 1579/1579/1579 1580/1580/1580
f 1581/1581/1581 1582/1582/1582 1583/1583/1583
f 1581/1581/1581 1583/1583/1583 1584/1584/1584
f 1585/1585/1585 1586/1586/1586 1587/1587/1587
f 1585/1585/1585 1587/1587/1587 1588/1588/1588
f 1589/1589/1589 1590/1590/1590 1591/1591/1591
f 1589/1589/1589 1591/1591/1591 1592/1592/1592
f 1593/1593/1593 1594/1594/1594 1595/1595/1595
f 1593/1593/1593 1595/1595/1595 1596/1596/1596
f 1597/1597/1597 1598/1598/1598 1599/1599/1599
f 1597/1597/1597 1599/1599/1599 1600/1600/1600
f 1601/1601/1601 1602/1602/1602 1603/1603/1603
f 1601/1601/1601 1603/1603/1603 1604/1604/1604
f 1605/1605/1605 1606/1606/1606 1607/1607/1607
f 1605/1605/1605 1607/1607/1607 1608/1608/1608
f 1609/1609/1609 1611/1611/1611 1610/1610/1610
f 1612/1612/1612 1613/1613/1613 1614/1614/1614
f 1615/1615/1615 1616/1616/1616 1617/1617/1617
f 1618/1618/1618 1620/1620/1620 1619/1619/1619
f 1621/1621/1621 1622/1622/1622 1623/1623/1623
f 1624/1624/1624 1626/1626/1626 1625/1625/1625
f 1627/1627/1627 1629/1629/1629 1628/1628/1628
f 1630/1630/1630 1631/1631/1631 1632/1632/1632
f 1633/1633/1633 1634/1634/1634 1635/1635/1635
f 1633/1633/1633 1635/1635/1635 1636/1636/1636
f 1637/1637/1637 1638/1638/1638 1639/1639/1639
f 1637/1637/1637 1639/1639/1639 1640/1640/1640
f 1641/1641/1641 1642/1642/1642 1643/1643/1643
f 1641/1641/1641 1643/1643/1643 1644/1644/1644
f 1645/1645/1645 1646/1646/1646 1647/1647/1647
f 1645/1645/1645 1647/1647/1647 1648/1648/1648
f 1649/1649/1649 1650/1650/1650 1651/1651/1651
f 1649/1649/1649 1651/1651/1651 1652/1652/1652
f 1653/1653/1653 1654/1654/1654 1655/1655/1655
f 1653/1653/1653 1655/1655/1655 1656/1656/1656
f 1657/1657/1657 1658/1658/1658 1659/1659/1659
f 1657/1657/1657 1659/1659/1659 1660/1660/1660
f 1661/1661/1661 1662/1662/1662 1663/1663/1663
f 1661/1661/1661 1663/1663/1663 1664/1664/1664
f 1665/1665/1665 1666/1666/1666 1667/1667/1667
f 1665/1665/1665 1667/1667/1667 1668/1668/1668
f 1669/1669/1669 1670/1670/1670 1671/1671/1671
f 1669/1669/1669 1671/1671/1671 1672/1672/1672
f 1673/1673/1673 1674/1674/1674 1675/1675/1675
f 1673/1673/1673 1675/1675/1675 1676/1676/1676
f 1677/1677/1677 1678/1678/1678 1679/1679/1679
f 1677/1677/1677 1679/1679/1679 1680/1680/1680
f 1681/1681/1681 1682/1682/1682 1683/1683/1683
f 1681/1681/1681 1683/1683/1683 1684/1684/1684
f 1685/1685/1685 1686/1686/1686 1687/1687/1687
f 1685/1685/1685 1687/1687/1687 1688/1688/1688
f 1689/1689/1689 1690/1690/1690 1691/1691/1691
f 1689/1689/1689 1691/1691/1691 1692/1692/1692
f 1693/1693/1693 1694/1694/1694 1695/1695/1695
f 1693/1693/1693 1695/1695/1695 1696/1696/1696
f 1697/1697/1697 1698/1698/1698 1699/1699/1699
f 1697/1697/1697 1699/1699/1699 1700/1700/1700
f 1701/1701/1701 1702/1702/1702 1703/1703/1703
f 1701/1701/1701 1703/1703/1703 1704/1704/1704
f 1705/1705/1705 1707/1707/1707 1706/1706/1706
f 1708/1708/1708 1709/1709/1709 1710/1710/1710
f 1711/1711/1711 1712/1712/1712 1713/1713/1713
f 1714/1714/1714 1716/1716/1716 1715/1715/1715
f 1717/1717/1717 1718/1718/1718 1719/1719/1719
f 1720/1720/1720 1722/1722/1722 1721/1721/1721
f 1723/1723/1723 1725/1725/1725 1724/1724/1724
f 1726/1726/1726 1727/1727/1727 1728/1728/1728
f 1729/1729/1729 1730/1730/1730 1731/1731/1731
f 1729/1729/1729 1731/1731/1731 1732/1732/1732
f 1733/1733/1733 1734/1734/1734 1735/1735/1735
f 1733/1733/1733 1735/1735/1735 1736/1736/1736
f 1737/1737/1737 1738/1738/1738 1739/1739/1739
f 1737/1737/1737 1739/1739/1739 1740/1740/1740
f 1741/1741/1741 1742/1742/1742 1743/1743/1743
f 1741/1741/1741 1743/1743/1743 1744/1744/1744
f 1745/1745/1745 1746/1746/1746 1747/1747/1747
f 1745/1745/1745 1747/1747/1747 1748/1748/1748
f 1749/1749/1749 1750/1750/1750 1751/1751/1751
f 1749/1749/1749 1751/1751/1751 1752/1752/1752
f 1753/1753/1753 1754/1754/1754 1755/1755/1755
f 1753/1753/1753 1755/1755/1755 1756/1756/1756
f 1757/1757/1757 1758/1758/1758 1759/1759/1759
f 1757/1757/1757 1759/1759/1759 1760/1760/1760
f 1761/1761/1761 1762/1762/1762 1763/1763/1763
f 1761/1761/1761 1763/1763/1763 1764/1764/1764
f 1765/1765/1765 1766/1766/1766 1767/1767/1767
f 1765/1765/1765 1767/1767/1767 1768/1768/1768
f 1769/1769/1769 1770/1770/1770 1771/1771/1771
f 1769/1769/1769 1771/1771/1771 1772/1772/1772
f 1773/1773/1773 1774/1774/1774 1775/1775/1775
f 1773/1773/1773 1775/1775/1775 1776/1776/1776
f 1777/1777/1777 1778/1778/1778 1779/1779/1779
f 1777/1777/1777 1779/1779/1779 1780/1780/1780
f 1781/1781/1781 1782/1782/1782 1783/1783/1783
f 1781/1781/1781 1783/1783/1783 1784/1784/1784
f 1785/1785/1785 1786/1786/1786 1787/1787/1787
f 1785/1785/1785 1787/1787/1787 1788/1788/1788
f 1789/1789/1789 1790/1790/1790 1791/1791/1791
f 1789/1789/1789 1791/1791/1791 1792/1792/1792
f 1793/1793/1793 1794/1794/1794 1795/1795/1795
f 1793/1793/1793 1795/1795/1795 1796/1796/1796
f 1797/1797/1797 1798/1798/1798 1799/1799/1799
f 1797/1797/1797 1799/1799/1799 1800/1800/1800
f 1801/1801/1801 1803/1803/1803 1802/1802/1802
f 1804/1804/1804 1805/1805/1805 1806/1806/1806
f 1807/1807/1807 1808/1808/1808 1809/1809/1809
f 1810/1810/1810 1812/1812/1812 1811/1811/1811
f 1813/1813/1813 1814/1814/1814 1815/1815/1815
f 1816/1816/1816 1818/1818/1818 1817/1817/1817
f 1819/1819/1819 1821/1821/1821 1820/1820/1820
f 1822/1822/1822 1823/1823/1823 1824/1824/1824
f 1825/1825/1825 1826/1826/1826 1827/1827/1827
f 1825/1825/1825 1827/1827/1827 1828/1828/1828
f 1829/1829/1829 1830/1830/1830 1831/1831/1831
f 1829/1829/1829 1831/1831/1831 1832/1832/1832
f 1833/1833/1833 1834/1834/1834 1835/1835/1835
f 1833/1833/1833 1835/1835/1835 1836/1836/1836
f 1837/1837/1837 1838/1838/1838 1839/1839/1839
f 1837/1837/1837 1839/1839/1839 1840/1840/1840
f 1841/1841/1841 1842/1842/1842 1843/1843/1843
f 1841/1841/1841 1843/1843/1843 1844/1844/1844
f 1845/1845/1845 1846/1846/1846 1847/1847/1847
f 1845/1845/1845 1847/1847/1847 1848/1848/1848
f 1849/1849/1849 1850/1850/1850 1851/1851/1851
f 1849/1849/1849 1851/1851/1851 1852/1852/1852
f 1853/1853/1853 1854/1854/1854 1855/1855/1855
f 1853/1853/1853 1855/1855/1855 1856/1856/1856
f 1857/1857/1857 1858/1858/1858 1859/1859/1859
f 1857/1857/1857 1859/1859/1859 1860/1860/1860
f 1861/1861/1861 1862/1862/1862 1863/1863/1863
f 1861/1861/1861 1863/1863/1863 1864/1864/1864
f 1865/1865/1865 1866/1866/1866 1867/1867/1867
f 1865/1865/1865 1867/1867/1867 1868/1868/1868
f 1869/1869/1869 1870/1870/1870 1871/1871/1871
f 1869/1869/1869 1871/1871/1871 1872/1872/1872
f 1873/1873/1873 1874/1874/1874 1875/1875/1875
f 1873/1873/1873 1875/1875/1875 1876/1876/1876
f 1877/1877/1877 1878/1878/1878 1879/1879/1879
f 1877/1877/1877 1879/1879/1879 1880/1880/1880
f 1881/1881/1881 1882/1882/1882 1883/1883/1883
f 1881/1881/1881 1883/1883/1883 1884/1884/1884
f 1885/1885/1885 1886/1886/1886 1887/1887/1887
f 1885/1885/1885 1887/1887/1887 1888/1888/1888
f 1889/1889/1889 1890/1890/1890 1891/1891/1891
f 1889/1889/1889 1891/1891/1891 1892/1892/1892
f 1893/1893/1893 1894/1894/1894 1895/1895/1895
f 1893/1893/1893 1895/1895/1895 1896/1896/1896
f 1897/1897/1897 1899/1899/1899 1898/1898/1898
f 1900/1900/1900 1901/1901/1901 1902/1902/1902
f 1903/1903/1903 1904/1904/1904 1905/1905/1905
f 1906/1906/1906 1908/1908/1908 1907/1907/1907
f 1909/1909/1909 1910/1910/1910 1911/1911/1911
f 1912/1912/1912 1914/1914/1914 1913/1913/1913
f 1915/1915/1915 1917/1917/1917 1916/1916/1916
f 1918/1918/1918 1919/1919/1919 1920/1920/1920
f 1921/1921/1921 1922/1922/1922 1923/1923/1923
f 1921/1921/1921 1923/1923/1923 1924/1924/1924
f 1925/1925/1925 1926/1926/1926 1927/1927/1927
f 1925/1925/1925 1927/1927/1927 1928/1928/1928
f 1929/1929/1929 1930/1930/1930 1931/1931/1931
f 1929/1929/1929 1931/1931/1931 1932/1932/1932
f 1933/1933/1933 1934/1934/1934 1935/1935/1935
f 1933/1933/1933 1935/1935/1935 1936/1936/1936
f 1937/1937/1937 1938/1938/1938 1939/1939/1939
f 1937/1937/1937 1939/1939/1939 1940/1940/1940
f 1941/1941/1941 1942/1942/1942 1943/1943/1943
f 1941/1941/1941 1943/1943/1943 1944/1944/1944
f 1945/1945/1945 1946/1946/1946 1947/1947/1947
f 1945/1945/1945 1947/1947/1947 1948/1948/1948
f 1949/1949/1949 1950/1950/1950 1951/1951/1951
f 1949/1949/1949 1951/1951/1951 1952/1952/1952
f 1953/1953/1953 1954/1954/1954 1955/1955/1955
f 1953/1953/1953 1955/1955/1955 1956/1956/1956
f 1957/1957/1957 1958/1958/1958 1959/1959/1959
f 1957/1957/1957 1959/1959/1959 1960/1960/1960
f 1961/1961/1961 1962/1962/1962 1963/1963/1963
f 1961/1961/1961 1963/1963/1963 1964/1964/1964
f 1965/1965/1965 1966/1966/1966 1967/1967/1967
f 1965/1965/1965 1967/1967/1967 1968/1968/1968
f 1969/1969/1969 1970/1970/1970 1971/1971/1971
f 1969/1969/1969 1971/1971/1971 1972/1972/1972
f 1973/1973/1973 1974/1974/1974 1975/1975/1975
f 1973/1973/1973 1975/1975/1975 1976/1976/1976
f 1977/1977/1977 1978/1978/1978 1979/1979/1979
f 1977/1977/1977 1979/1979/1979 1980/1980/1980
f 1981/1981/1981 1982/1982/1982 1983/1983/1983
f 1981/1981/1981 1983/1983/1983 1984/1984/1984
f 1985/1985/1985 1986/1986/1986 1987/1987/1987
f 1985/1985/1985 1987/1987/1987 1988/1988/1988
f 1989/1989/1989 1990/1990/1990 1991/1991/1991
f 1989/1989/1989 1991/1991/1991 1992/1992/1992
f 1993/1993/1993 1995/1995/1995 1994/1994/1994
f 1996/1996/1996 1997/1997/1997 1998/1998/1998
f 1999/1999/1999 2000/2000/2000 2001/2001/2001
f 2002/2002/2002 2004/2004/2004 2003/2003/2003
f 2005/2005/2005 2006/2006/2006 2007/2007/2007
f 2008/2008/2008 2010/2010/2010 2009/2009/2009
f 2011/2011/2011 2013/2013/2013 2012/2012/2012
f 2014/2014/2014 2015/2015/2015 2016/2016/2016
f 2017/2017/2017 2018/2018/2018 2019/2019/2019
f 2017/2017/2017 2019/2019/2019 2020/2020/2020
f 2021/2021/2021 2022/2022/2022 2023/2023/2023
f 2021/2021/2021 2023/2023/2023 2024/2024/2024
f 2025/2025/2025 2026/2026/2026 2027/2027/2027
f 2025/2025/2025 2027/2027/2027 2028/2028/2028
f 2029/2029/2029 2030/2030/2030 2031/2031/2031
f 2029/2029/2029 2031/2031/2031 2032/2032/2032
f 2033/2033/2033 2034/2034/2034 2035/2035/2035
f 2033/2033/2033 2035/2035/2035 2036/2036/2036
f 2037/2037/2037 2038/2038/2038 2039/2039/2039
f 2037/2037/2037 2039/2039/2039 2040/2040/2040
f 2041/2041/2041 2042/2042/2042 2043/2043/2043
f 2041/2041/2041 2043/2043/2043 2044/2044/2044
f 2045/2045/2045 2046/2046/2046 2047/2047/2047
f 2045/2045/2045 2047/2047/2047 2048/2048/2048
f 2049/2049/2049 2050/2050/2050 2051/2051/2051
f 2049/2049/2049 2051/2051/2051 2052/2052/2052
f 2053/2053/2053 2054/2054/2054 2055/2055/2055
f 2053/2053/2053 2055/2055/2055 2056/2056/2056
f 2057/2057/2057 2058/2058/2058 2059/2059/2059
f 2057/2057/2057 2059/2059/2059 2060/2060/2060
f 2061/2061/2061 2062/2062/2062 2063/2063/2063
f 2061/2061/2061 2063/2063/2063 2064/2064/2064
f 2065/2065/2065 2066/2066/2066 2067/2067/2067
f 2065/2065/2065 2067/2067/2067 2068/2068/2068
f 2069/2069/2069 2070/2070/2070 2071/2071/2071
f 2069/2069/2069 2071/2071/2071 2072/2072/2072
f 2073/2073/2073 2074/2074/2074 2075/2075/2075
f 2073/2073/2073 2075/2075/2075 2076/2076/2076
f 2077/2077/2077 2078/2078/2078 2079/2079/2079
f 2077/2077/2077 2079/2079/2079 2080/2080/2080
f 2081/2081/2081 2082/2082/2082 2083/2083/2083
f 2081/2081/2081 2083/2083/2083 2084/2084/2084
f 2085/2085/2085 2086/2086/2086 2087/2087/2087
f 2085/2085/2085 2087/2087/2087 2088/2088/2088
f 2089/2089/2089 2091/2091/2091 2090/2090/2090
f 2092/2092/2092 2093/2093/2093 2094/2094/2094
f 2095/2095/2095 2096/2096/2096 2097/2097/2097
f 2098/2098/2098 2100/2100/2100 2099/2099/2099
f 2101/2101/2101 2102/2102/2102 2103/2103/2103
f 2104/2104/2104 2106/2106/2106 2105/2105/2105
f 2107/2107/2107 2109/2109/2109 2108/2108/2108
f 2110/2110/2110 2111/2111/2111 2112/2112/2112
f 2113/2113/2113 2114/2114/2114 2115/2115/2115
f 2113/2113/2113 2115/2115/2115 2116/2116/2116
f 2117/2117/2117 2118/2118/2118 2119/2119/2119
f 2117/2117/2117 2119/2119/2119 2120/2120/2120
f 2121/2121/2121 2122/2122/2122 2123/2123/2123
f 2121/2121/2121 2123/2123/2123 2124/2124/2124
f 2125/2125/2125 2126/2126/2126 2127/2127/2127
f 2125/2125/2125 2127/2127/2127 2128/2128/2128
f 2129/2129/2129 2130/2130/2130 2131/2131/2131
f 2129/2129/2129 2131/2131/2131 2132/2132/2132
f 2133/2133/2133 2134/2134/2134 2135/2135/2135
f 2133/2133/2133 2135/2135/2135 2136/2136/2136
f 2137/2137/2137 2138/2138/2138 2139/2139/2139
f 2137/2137/2137 2139/2139/2139 2140/2140/2140
f 2141/2141/2141 2142/2142/2142 2143/2143/2143
f 2141/2141/2141 2143/2143/2143 2144/2144/2144
f 2145/2145/2145 2146/2146/2146 2147/2147/2147
f 2145/2145/2145 2147/2147/2147 2148/2148/2148
f 2149/2149/2149 2150/2150/2150 2151/2151/2151
f 2149/2149/2149 2151/2151/2151 2152/2152/2152
f 2153/2153/2153 2154/2154/2154 2155/2155/2155
f 2153/2153/2153 2155/2155/2155 2156/2156/2156
f 2157/2157/2157 2158/2158/2158 2159/2159/2159
f 2157/2157/2157 2159/2159/2159 2160/2160/2160
f 2161/2161/2161 2162/2162/2162 2163/2163/2163
f 2161/2161/2161 2163/2163/2163 2164/2164/2164
f 2165/2165/2165 2166/2166/2166 2167/2167/2167
f 2165/2165/2165 2167/2167/2167 2168/2168/2168
f 2169/2169/2169 2170/2170/2170 2171/2171/2171
f 2169/2169/2169 2171/2171/2171 2172/2172/2172
f 2173/2173/2173 2174/2174/2174 2175/2175/2175
f 2173/2173/2173 2175/2175/2175 2176/2176/2176
f 2177/2177/2177 2178/2178/2178 2179/2179/2179
f 2177/2177/2177 2179/2179/2179 2180/2180/2180
f 2181/2181/2181 2182/2182/2182 2183/2183/2183
f 2181/2181/2181 2183/2183/2183 2184/2184/2184
f 2185/2185/2185 2187/2187/2187 2186/2186/2186
f 2188/2188/2188 2189/2189/2189 2190/2190/2190
f 2191/2191/2191 2192/2192/2192 2193/2193/2193
f 2194/2194/2194 2196/2196/2196 2195/2195/2195
f 2197/2197/2197 2198/2198/2198 2199/2199/2199
f 2200/2200/2200 2202/2202/2202 2201/2201/2201
f 2203/2203/2203 2205/2205/2205 2204/2204/2204
f 2206/2206/2206 2207/2207/2207 2208/2208/2208
f 2209/2209/2209 2210/2210/2210 2211/2211/2211
f 2209/2209/2209 2211/2211/2211 2212/2212/2212
f 2213/2213/2213 2214/2214/2214 2215/2215/2215
f 2213/2213/2213 2215/2215/2215 2216/2216/2216
f 2217/2217/2217 2218/2218/2218 2219/2219/2219
f 2217/2217/2217 2219/2219/2219 2220/2220/2220
f 2221/2221/2221 2222/2222/2222 2223/2223/2223
f 2221/2221/2221 2223/2223/2223 2224/2224/2224
f 2225/2225/2225 2226/2226/2226 2227/2227/2227
f 2225/2225/2225 2227/2227/2227 2228/2228/2228
f 2229/2229/2229 2230/2230/2230 2231/2231/2231
f 2229/2229/2229 2231/2231/2231 2232/2232/2232
f 2233/2233/2233 2234/2234/2234 2235/2235/2235
f 2233/2233/2233 2235/2235/2235 2236/2236/2236
f 2237/2237/2237 2238/2238/2238 2239/2239/2239
f 2237/2237/2237 2239/2239/2239 2240/2240/2240
f 2241/2241/2241 2242/2242/2242 2243/2243/2243
f 2241/2241/2241 2243/2243/2243 2244/2244/2244
f 2245/2245/2245 2246/2246/2246 2247/2247/2247
f 2245/2245/2245 2247/2247/2247 2248/2248/2248
f 2249/2249/2249 2250/2250/2250 2251/2251/2251
f 2249/2249/2249 2251/2251/2251 2252/2252/2252
f 2253/2253/2253 2254/2254/2254 2255/2255/2255
f 2253/2253/2253 2255/2255/2255 2256/2256/2256
f 2257/2257/2257 2258/2258/2258 2259/2259/2259
f 2257/2257/2257 2259/2259/2259 2260/2260/2260
f 2261/2261/2261 2262/2262/2262 2263/2263/2263
f 2261/2261/2261 2263/2263/2263 2264/2264/2264
f 2265/2265/2265 2266/2266/2266 2267/2267/2267
f 2265/2265/2265 2267/2267/2267 2268/2268/2268
f 2269/2269/2269 2270/2270/2270 2271/2271/2271
f 2269/2269/2269 2271/2271/2271 2272/2272/2272
f 2273/2273/2273 2274/2274/2274 2275/2275/2275
f 2273/2273/2273 2275/2275/2275 2276/2276/2276
f 2277/2277/2277 2278/2278/2278 2279/2279/2279
f 2277/2277/2277 2279/2279/2279 2280/2280/2280
f 2281/2281/2281 2283/2283/2283 2282/2282/2282
f 2284/2284/2284 2285/2285/2285 2286/2286/2286
f 2287/2287/2287 2288/2288/2288 2289/2289/2289
f 2290/2290/2290 2292/2292/2292 2291/2291/2291
f 2293/2293/2293 2294/2294/2294 2295/2295/2295
f 2296/2296/2296 2298/2298/2298 2297/2297/2297
f 2299/2299/2299 2301/2301/2301 2300/2300/2300
f 2302/2302/2302 2303/2303/2303 2304/2304/2304
f 2305/2305/2305 2306/2306/2306 2307/2307/2307
f 2305/2305/2305 2307/2307/2307 2308/2308/2308
f 2309/2309/2309 2310/2310/2310 2311/2311/2311
f 2309/2309/2309 2311/2311/2311 2312/2312/2312
f 2313/2313/2313 2314/2314/2314 2315/2315/2315
f 2313/2313/2313 2315/2315/2315 2316/2316/2316
f 2317/2317/2317 2318/2318/2318 2319/2319/2319
f 2317/2317/2317 2319/2319/2319 2320/2320/2320
f 2321/2321/2321 2322/2322/2322 2323/2323/2323
f 2321/2321/2321 2323/2323/2323 2324/2324/2324
f 2325/2325/2325 2326/2326/2326 2327/2327/2327
f 2325/2325/2325 2327/2327/2327 2328/2328/2328
f 2329/2329/2329 2330/2330/2330 2331/2331/2331
f 2329/2329/2329 2331/2331/2331 2332/2332/2332
f 2333/2333/2333 2334/2334/2334 2335/2335/2335
f 2333/2333/2333 2335/2335/2335 2336/2336/2336
f 2337/2337/2337 2338/2338/2338 2339/2339/2339
f 2337/2337/2337 2339/2339/2339 2340/2340/2340
f 2341/2341/2341 2342/2342/2342 2343/2343/2343
f 2341/2341/2341 2343/2343/2343 2344/2344/2344
f 2345/2345/2345 2346/2346/2346 2347/2347/2347
f 2345/2345/2345 2347/2347/2347 2348/2348/2348
f 2349/2349/2349 2350/2350/2350 2351/2351/2351
f 2349/2349/2349 2351/2351/2351 2352/2352/2352
f 2353/2353/2353 2354/2354/2354 2355/2355/2355
f 2353/2353/2353 2355/2355/2355 2356/2356/2356
f 2357/2357/2357 2358/2358/2358 2359/2359/2359
f 2357/2357/2357 2359/2359/2359 2360/2360/2360
f 2361/2361/2361 2362/2362/2362 2363/2363/2363
f 2361/2361/2361 2363/2363/2363 2364/2364/2364
f 2365/2365/2365 2366/2366/2366 2367/2367/2367
f 2365/2365/2365 2367/2367/2367 2368/2368/2368
f 2369/2369/2369 2370/2370/2370 2371/2371/2371
f 2369/2369/2369 2371/2371/2371 2372/2372/2372
f 2373/2373/2373 2374/2374/2374 2375/2375/2375
f 2373/2373/2373 2375/2375/2375 2376/2376/2376
f 2377/2377/2377 2379/2379/2379 2378/2378/2378
f 2380/2380/2380 2381/2381/2381 2382/2382/2382
f 2383/2383/2383 2384/2384/2384 2385/2385/2385
f 2386/2386/2386 2388/2388/2388 2387/2387/2387
f 2389/2389/2389 2390/2390/2390 2391/2391/2391
f 2392/2392/2392 2394/2394/2394 2393/2393/2393
f 2395/2395/2395 2397/2397/2397 2396/2396/2396
f 2398/2398/2398 2399/2399/2399 2400/2400/2400
f 2401/2401/2401 2402/2402/2402 2403/2403/2403
f 2401/2401/2401 2403/2403/2403 2404/2404/2404
f 2405/2405/2405 2406/2406/2406 2407/2407/2407
f 2405/2405/2405 2407/2407/2407 2408/2408/2408
f 2409/2409/2409 2410/2410/2410 2411/2411/2411
f 2409/2409/2409 2411/2411/2411 2412/2412/2412
f 2413/2413/2413 2414/2414/2414 2415/2415/2415
f 2413/2413/2413 2415/2415/2415 2416/2416/2416
f 2417/2417/2417 2418/2418/2418 2419/2419/2419
f 2417/2417/2417 2419/2419/2419 2420/2420/2420
f 2421/2421/2421 2422/2422/2422 2423/2423/2423
f 2421/2421/2421 2423/2423/2423 2424/2424/2424
f 2425/2425/2425 2426/2426/2426 2427/2427/2427
f 2425/2425/2425 2427/2427/2427 2428/2428/2428
f 2429/2429/2429 2430/2430/2430 2431/2431/2431
f 2429/2429/2429 2431/2431/2431 2432/2432/2432
f 2433/2433/2433 2434/2434/2434 2435/2435/2435
f 2433/2433/2433 2435/2435/2435 2436/2436/2436
f 2437/2437/2437 2438/2438/2438 2439/2439/2439
f 2437/2437/2437 2439/2439/2439 2440/2440/2440
f 2441/2441/2441 2442/2442/2442 2443/2443/2443
f 2441/2441/2441 2443/2443/2443 2444/2444/2444
f 2445/2445/2445 2446/2446/2446 2447/2447/2447
f 2445/2445/2445 2447/2447/2447 2448/2448/2448
f 2449/2449/2449 2450/2450/2450 2451/2451/2451
f 2449/2449/2449 2451/2451/2451 2452/2452/2452
f 2453/2453/2453 2454/2454/2454 2455/2455/2455
f 2453/2453/2453 2455/2455/2455 2456/2456/2456
f 2457/2457/2457 2458/2458/2458 2459/2459/2459
f 2457/2457/2457 2459/2459/2459 2460/2460/2460
f 2461/2461/2461 2462/2462/2462 2463/2463/2463
f 2461/2461/2461 2463/2463/2463 2464/2464/2464
f 2465/2465/2465 2466/2466/2466 2467/2467/2467
f 2465/2465/2465 2467/2467/2467 2468/2468/2468
f 2469/2469/2469 2470/2470/2470 2471/2471/2471
f 2469/2469/2469 2471/2471/2471 2472/2472/2472
f 2473/2473/2473 2475/2475/2475 2474/2474/2474
f 2476/2476/2476 2477/2477/2477 2478/2478/2478
f 2479/2479/2479 2480/2480/2480 2481/2481/2481
f 2482/2482/2482 2484/2484/2484 2483/2483/2483
f 2485/2485/2485 2486/2486/2486 2487/2487/2487
f 2488/2488/2488 2490/2490/2490 2489/2489/2489
f 2491/2491/2491 2493/2493/2493 2492/2492/2492
f 2494/2494/2494 2495/2495/2495 2496/2496/2496
f 2497/2497/2497 2498/2498/2498 2499/2499/2499
f 2497/2497/2497 2499/2499/2499 2500/2500/2500
f 2501/2501/2501 2502/2502/2502 2503/2503/2503
f 2501/2501/2501 2503/2503/2503 2504/2504/2504
f 2505/2505/2505 2506/2506/2506 2507/2507/2507
f 2505/2505/2505 2507/2507/2507 2508/2508/2508
f 2509/2509/2509 2510/2510/2510 2511/2511/2511
f 2509/2509/2509 2511/2511/2511 2512/2512/2512
f 2513/2513/2513 2514/2514/2514 2515/2515/2515
f 2513/2513/2513 2515/2515/2515 2516/2516/2516
f 2517/2517/2517 2518/2518/2518 2519/2519/2519
f 2517/2517/2517 2519/2519/2519 2520/2520/2520
f 2521/2521/2521 2522/2522/2522 2523/2523/2523
f 2521/2521/2521 2523/2523/2523 2524/2524/2524
f 2525/2525/2525 2526/2526/2526 2527/2527/2527
f 2525/2525/2525 2527/2527/2527 2528/2528/2528
f 2529/2529/2529 2530/2530/2530 2531/2531/2531
f 2529/2529/2529 2531/2531/2531 2532/2532/2532
f 2533/2533/2533 2534/2534/2534 2535/2535/2535
f 2533/2533/2533 2535/2535/2535 2536/2536/2536
f 2537/2537/2537 2538/2538/2538 2539/2539/2539
f 2537/2537/2537 2539/2539/2539 2540/2540/2540
f 2541/2541/2541 2542/2542/2542 2543/2543/2543
f 2541/2541/2541 2543/2543/2543 2544/2544/2544
f 2545/2545/2545 2546/2546/2546 2547/2547/2547
f 2545/2545/2545 2547/2547/2547 2548/2548/2548
f 2549/2549/2549 2550/2550/2550 2551/2551/2551
f 2549/2549/2549 2551/2551/2551 2552/2552/2552
f 2553/2553/2553 2554/2554/2554 2555/2555/2555
f 2553/2553/2553 2555/2555/2555 2556/2556/2556
f 2557/2557/2557 2558/2558/2558 2559/2559/2559
f 2557/2557/2557 2559/2559/2559 2560/2560/2560
f 2561/2561/2561 2562/2562/2562 2563/2563/2563
f 2561/2561/2561 2563/2563/2563 2564/2564/2564
f 2565/2565/2565 2566/2566/2566 2567/2567/2567
f 2565/2565/2565 2567/2567/2567 2568/2568/2568
f 2569/2569/2569 2571/2571/2571 2570/2570/2570
f 2572/2572/2572 2573/2573/2573 2574/2574/2574
f 2575/2575/2575 2576/2576/2576 2577/2577/2577
f 2578/2578/2578 2580/2580/2580 2579/2579/2579
f 2581/2581/2581 2582/2582/2582 2583/2583/2583
f 2584/2584/2584 2586/2586/2586 2585/2585/2585
f 2587/2587/2587 2589/2589/2589 2588/2588/2588
f 2590/2590/2590 2591/2591/2591 2592/2592/2592
f 2593/2593/2593 2594/2594/2594 2595/2595/2595
f 2593/2593/2593 2595/2595/2595 2596/2596/2596
f 2597/2597/2597 2598/2598/2598 2599/2599/2599
f 2597/2597/2597 2599/2599/2599 2600/2600/2600
f 2601/2601/2601 2602/2602/2602 2603/2603/2603
f 2601/2601/2601 2603/2603/2603 2604/2604/2604
f 2605/2605/2605 2606/2606/2606 2607/2607/2607
f 2605/2605/2605 2607/2607/2607 2608/2608/2608
f 2609/2609/2609 2610/2610/2610 2611/2611/2611
f 2609/2609/2609 2611/2611/2611 2612/2612/2612
f 2613/2613/2613 2614/2614/2614 2615/2615/2615
f 2613/2613/2613 2615/2615/2615 2616/2616/2616
f 2617/2617/2617 2618/2618/2618 2619/2619/2619
f 2617/2617/2617 2619/2619/2619 2620/2620/2620
f 2621/2621/2621 2622/2622/2622 2623/2623/2623
f 2621/2621/2621 2623/2623/2623 2624/2624/2624
f 2625/2625/2625 2626/2626/2626 2627/2627/2627
f 2625/2625/2625 2627/2627/2627 2628/2628/2628
f 2629/2629/2629 2630/2630/2630 2631/2631/2631
f 2629/2629/2629 2631/2631/2631 2632/2632/2632
f 2633/2633/2633 2634/2634/2634 2635/2635/2635
f 2633/2633/2633 2635/2635/2635 2636/2636/2636
f 2637/2637/2637 2638/2638/2638 2639/2639/2639
f 2637/2637/2637 2639/2639/2639 2640/2640/2640
f 2641/2641/2641 2642/2642/2642 2643/2643/2643
f 2641/2641/2641 2643/2643/2643 2644/2644/2644
f 2645/2645/2645 2646/2646/2646 2647/2647/2647
f 2645/2645/2645 2647/2647/2647 2648/2648/2648
f 2649/2649/2649 2650/2650/2650 2651/2651/2651
f 2649/2649/2649 2651/2651/2651 2652/2652/2652
f 2653/2653/2653 2654/2654/2654 2655/2655/2655
f 2653/2653/2653 2655/2655/2655 2656/2656/2656
f 2657/2657/2657 2658/2658/2658 2659/2659/2659
f 2657/2657/2657 2659/2659/2659 2660/2660/2660
f 2661/2661/2661 2662/2662/2662 2663/2663/2663
f 2661/2661/2661 2663/2663/2663 2664/2664/2664
f 2665/2665/2665 2667/2667/2667 2666/2666/2666
f 2668/2668/2668 2669/2669/2669 2670/2670/2670
f 2671/2671/2671 2672/2672/2672 2673/2673/2673
f 2674/2674/2674 2676/2676/2676 2675/2675/2675
f 2677/2677/2677 2678/2678/2678 2679/2679/2679
f 2680/2680/2680 2682/2682/2682 2681/2681/2681
f 2683/2683/2683 2685/2685/2685 2684/2684/2684
f 2686/2686/2686 2687/2687/2687 2688/2688/2688
f 2689/2689/2689 2690/2690/2690 2691/2691/2691
f 2689/2689/2689 2691/2691/2691 2692/2692/2692
f 2693/2693/2693 2694/2694/2694 2695/2695/2695
f 2693/2693/2693 2695/2695/2695 2696/2696/2696
f 2697/2697/2697 2698/2698/2698 2699/2699/2699
f 2697/2697/2697 2699/2699/2699 2700/2700/2700
f 2701/2701/2701 2702/2702/2702 2703/2703/2703
f 2701/2701/2701 2703/2703/2703 2704/2704/2704
f 2705/2705/2705 2706/2706/2706 2707/2707/2707
f 2705/2705/2705 2707/2707/2707 2708/2708/2708
f 2709/2709/2709 2710/2710/2710 2711/2711/2711
f 2709/2709/2709 2711/2711/2711 2712/2712/2712
f 2713/2713/2713 2714/2714/2714 2715/2715/2715
f 2713/2713/2713 2715/2715/2715 2716/2716/2716
f 2717/2717/2717 2718/2718/2718 2719/2719/2719
f 2717/2717/2717 2719/2719/2719 2720/2720/2720
f 2721/2721/2721 2722/2722/2722 2723/2723/2723
f 2721/2721/2721 2723/2723/2723 2724/2724/2724
f 2725/2725/2725 2726/2726/2726 2727/2727/2727
f 2725/2725/2725 2727/2727/2727 2728/2728/2728
f 2729/2729/2729 2730/2730/2730 2731/2731/2731
f 2729/2729/2729 2731/2731/2731 2732/2732/2732
f 2733/2733/2733 2734/2734/2734 2735/2735/2735
f 2733/2733/2733 2735/2735/2735 2736/2736/2736
f 2737/2737/2737 2738/2738/2738 2739/2739/2739
f 2737/2737/2737 2739/2739/2739 2740/2740/2740
f 2741/2741/2741 2742/2742/2742 2743/2743/2743
f 2741/2741/2741 2743/2743/2743 2744/2744/2744
f 2745/2745/2745 2746/2746/2746 2747/2747/2747
f 2745/2745/2745 2747/2747/2747 2748/2748/2748
f 2749/2749/2749 2750/2750/2750 2751/2751/2751
f 2749/2749/2749 2751/2751/2751 2752/2752/2752
f 2753/2753/2753 2754/2754/2754 2755/2755/2755
f 2753/2753/2753 2755/2755/2755 2756/2756/2756
f 2757/2757/2757 2758/2758/2758 2759/2759/2759
f 2757/2757/2757 2759/2759/2759 2760/2760/2760
f 2761/2761/2761 2763/2763/2763 2762/2762/2762
f 2764/2764/2764 2765/2765/2765 2766/2766/2766
f 2767/2767/2767 2768/2768/2768 2769/2769/2769
f 2770/2770/2770 2772/2772/2772 2771/2771/2771
f 2773/2773/2773 2774/2774/2774 2775/2775/2775
f 2776/2776/2776 2778/2778/2778 2777/2777/2777
f 2779/2779/2779 2781/2781/2781 2780/2780/2780
f 2782/2782/2782 2783/2783/2783 2784/2784/2784
f 2785/2785/2785 2786/2786/2786 2787/2787/2787
f 2785/2785/2785 2787/2787/2787 2788/2788/2788
f 2789/2789/2789 2790/2790/2790 2791/2791/2791
f 2789/2789/2789 2791/2791/2791 2792/2792/2792
f 2793/2793/2793 2794/2794/2794 2795/2795/2795
f 2793/2793/2793 2795/2795/2795 2796/2796/2796
f 2797/2797/2797 2798/2798/2798 2799/2799/2799
f 2797/2797/2797 2799/2799/2799 2800/2800/2800
f 2801/2801/2801 2802/2802/2802 2803/2803/2803
f 2801/2801/2801 2803/2803/2803 2804/2804/2804
f 2805/2805/2805 2806/2806/2806 2807/2807/2807
f 2805/2805/2805 2807/2807/2807 2808/2808/2808
f 2809/2809/2809 2810/2810/2810 2811/2811/2811
f 2809/2809/2809 2811/2811/2811 2812/2812/2812
f 2813/2813/2813 2814/2814/2814 2815/2815/2815
f 2813/2813/2813 2815/2815/2815 2816/2816/2816
f 2817/2817/2817 2818/2818/2818 2819/2819/2819
f 2817/2817/2817 2819/2819/2819 2820/2820/2820
f 2821/2821/2821 2822/2822/2822 2823/2823/2823
f 2821/2821/2821 2823/2823/2823 2824/2824/2824
f 2825/2825/2825 2826/2826/2826 2827/2827/2827
f 2825/2825/2825 2827/2827/2827 2828/2828/2828
f 2829/2829/2829 2830/2830/2830 2831/2831/2831
f 2829/2829/2829 2831/2831/2831 2832/2832/2832
f 2833/2833/2833 2834/2834/2834 2835/2835/2835
f 2833/2833/2833 2835/2835/2835 2836/2836/2836
f 2837/2837/2837 2838/2838/2838 2839/2839/2839
f 2837/2837/2837 2839/2839/2839 2840/2840/2840
f 2841/2841/2841 2842/2842/2842 2843/2843/2843
f 2841/2841/2841 2843/2843/2843 2844/2844/2844
f 2845/2845/2845 2846/2846/2846 2847/2847/2847
f 2845/2845/2845 2847/2847/2847 2848/2848/2848
f 2849/2849/2849 2850/2850/2850 2851/2851/2851
f 2849/2849/2849 2851/2851/2851 2852/2852/2852
f 2853/2853/2853 2854/2854/2854 2855/2855/2855
f 2853/2853/2853 2855/2855/2855 2856/2856/2856
f 2857/2857/2857 2859/2859/2859 2858/2858/2858
f 2860/2860/2860 2861/2861/2861 2862/2862/2862
f 2863/2863/2863 2864/2864/2864 2865/2865/2865
f 2866/2866/2866 2868/2868/2868 2867/2867/2867
f 2869/2869/2869 2870/2870/2870 2871/2871/2871
f 2872/2872/2872 2874/2874/2874 2873/2873/2873
f 2875/2875/2875 2877/2877/2877 2876/2876/2876
f 2878/2878/2878 2879/2879/2879 2880/2880/2880
f 2881/2881/2881 2882/2882/2882 2883/2883/2883
f 2881/2881/2881 2883/2883/2883 2884/2884/2884
f 2885/2885/2885 2886/2886/2886 2887/2887/2887
f 2885/2885/2885 2887/2887/2887 2888/2888/2888
f 2889/2889/2889 2890/2890/2890 2891/2891/2891
f 2889/2889/2889 2891/2891/2891 2892/2892/2892
f 2893/2893/2893 2894/2894/2894 2895/2895/2895
f 2893/2893/2893 2895/2895/2895 2896/2896/2896
f 2897/2897/2897 2898/2898/2898 2899/2899/2899
f 2897/2897/2897 2899/2899/2899 2900/2900/2900
f 2901/2901/2901 2902/2902/2902 2903/2903/2903
f 2901/2901/2901 2903/2903/2903 2904/2904/2904
f 2905/2905/2905 2906/2906/2906 2907/2907/2907
f 2905/2905/2905 2907/2907/2907 2908/2908/2908
f 2909/2909/2909 2910/2910/2910 2911/2911/2911
f 2909/2909/2909 2911/2911/2911 2912/2912/2912
f 2913/2913/2913 2914/2914/2914 2915/2915/2915
f 2913/2913/2913 2915/2915/2915 2916/2916/2916
f 2917/2917/2917 2918/2918/2918 2919/2919/2919
f 2917/2917/2917 2919/2919/2919 2920/2920/2920
f 2921/2921/2921 2922/2922/2922 2923/2923/2923
f 2921/2921/2921 2923/2923/2923 2924/2924/2924
f 2925/2925/2925 2926/2926/2926 2927/2927/2927
f 2925/2925/2925 2927/2927/2927 2928/2928/2928
f 2929/2929/2929 2930/2930/2930 2931/2931/2931
f 2929/2929/2929 2931/2931/2931 2932/2932/2932
f 2933/2933/2933 2934/2934/2934 2935/2935/2935
f 2933/2933/2933 2935/2935/2935 2936/2936/2936
f 2937/2937/2937 2938/2938/2938 2939/2939/2939
f 2937/2937/2937 2939/2939/2939 2940/2940/2940
f 2941/2941/2941 2942/2942/2942 2943/2943/2943
f 2941/2941/2941 2943/2943/2943 2944/2944/2944
f 2945/2945/2945 2946/2946/2946 2947/2947/2947
f 2945/2945/2945 2947/2947/2947 2948/2948/2948
f 2949/2949/2949 2950/2950/2950 2951/2951/2951
f 2949/2949/2949 2951/2951/2951 2952/2952/2952
f 2953/2953/2953 2955/2955/2955 2954/2954/2954
f 2956/2956/2956 2957/2957/2957 2958/2958/2958
f 2959/2959/2959 2960/2960/2960 2961/2961/2961
f 2962/2962/2962 2964/2964/2964 2963/2963/2963
f 2965/2965/2965 2966/2966/2966 2967/2967/2967
f 2968/2968/2968 2970/2970/2970 2969/2969/2969
f 2971/2971/2971 2973/2973/2973 2972/2972/2972
f 2974/2974/2974 2975/2975/2975 2976/2976/2976
f 2977/2977/2977 2978/2978/2978 2979/2979/2979
f 2977/2977/2977 2979/2979/2979 2980/2980/2980
f 2981/2981/2981 2982/2982/2982 2983/2983/2983
f 2981/2981/2981 2983/2983/2983 2984/2984/2984
f 2985/2985/2985 2986/2986/2986 2987/2987/2987
f 2985/2985/2985 2987/2987/2987 2988/2988/2988
f 2989/2989/2989 2990/2990/2990 2991/2991/2991
f 2989/2989/2989 2991/2991/2991 2992/2992/2992
f 2993/2993/2993 2994/2994/2994 2995/2995/2995
f 2993/2993/2993 2995/2995/2995 2996/2996/2996
f 2997/2997/2997 2998/2998/2998 2999/2999/2999
f 2997/2997/2997 2999/2999/2999 3000/3000/3000
f 3001/3001/3001 3002/3002/3002 3003/3003/3003
f 3001/3001/3001 3003/3003/3003 3004/3004/3004
f 3005/3005/3005 3006/3006/3006 3007/3007/3007
f 3005/3005/3005 3007/3007/3007 3008/3008/3008
f 3009/3009/3009 3010/3010/3010 3011/3011/3011
f 3009/3009/3009 3011/3011/3011 3012/3012/3012
f 3013/3013/3013 3014/3014/3014 3015/3015/3015
f 3013/3013/3013 3015/3015/3015 3016/3016/3016
f 3017/3017/3017 3018/3018/3018 3019/3019/3019
f 3017/3017/3017 3019/3019/3019 3020/3020/3020
f 3021/3021/3021 3022/3022/3022 3023/3023/3023
f 3021/3021/3021 3023/3023/3023 3024/3024/3024
f 3025/3025/3025 3026/3026/3026 3027/3027/3027
f 3025/3025/3025 3027/3027/3027 3028/3028/3028
f 3029/3029/3029 3030/3030/3030 3031/3031/3031
f 3029/3029/3029 3031/3031/3031 3032/3032/3032
f 3033/3033/3033 3034/3034/3034 3035/3035/3035
f 3033/3033/3033 3035/3035/3035 3036/3036/3036
f 3037/3037/3037 3038/3038/3038 3039/3039/3039
f 3037/3037/3037 3039/3039/3039 3040/3040/3040
f 3041/3041/3041 3042/3042/3042 3043/3043/3043
f 3041/3041/3041 3043/3043/3043 3044/3044/3044
f 3045/3045/3045 3046/3046/3046 3047/3047/3047
f 3045/3045/3045 3047/3047/3047 3048/3048/3048
f 3049/3049/3049 3051/3051/3051 3050/3050/3050
f 3052/3052/3052 3053/3053/3053 3054/3054/3054
f 3055/3055/3055 3056/3056/3056 3057/3057/3057
f 3058/3058/3058 3060/3060/3060 3059/3059/3059
f 3061/3061/3061 3062/3062/3062 3063/3063/3063
f 3064/3064/3064 3066/3066/3066 3065/3065/3065
f 3067/3067/3067 3069/3069/3069 3068/3068/3068
f 3070/3070/3070 3071/3071/3071 3072/3072/3072
f 3073/3073/3073 3074/3074/3074 3075/3075/3075
f 3073/3073/3073 3075/3075/3075 3076/3076/3076
f 3077/3077/3077 3078/3078/3078 3079/3079/3079
f 3077/3077/3077 3079/3079/3079 3080/3080/3080
f 3081/3081/3081 3082/3082/3082 3083/3083/3083
f 3081/3081/3081 3083/3083/3083 3084/3084/3084
f 3085/3085/3085 3086/3086/3086 3087/3087/3087
f 3085/3085/3085 3087/3087/3087 3088/3088/3088
f 3089/3089/3089 3090/3090/3090 3091/3091/3091
f 3089/3089/3089 3091/3091/3091 3092/3092/3092
f 3093/3093/3093 3094/3094/3094 3095/3095/3095
f 3093/3093/3093 3095/3095/3095 3096/3096/3096
f 3097/3097/3097 3098/3098/3098 3099/3099/3099
f 3097/3097/3097 3099/3099/3099 3100/3100/3100
f 3101/3101/3101 3102/3102/3102 3103/3103/3103
f 3101/3101/3101 3103/3103/3103 3104/3104/3104
f 3105/3105/3105 3106/3106/3106 3107/3107/3107
f 3105/3105/3105 3107/3107/3107 3108/3108/3108
f 3109/3109/3109 3110/3110/3110 3111/3111/3111
f 3109/3109/3109 3111/3111/3111 3112/3112/3112
f 3113/3113/3113 3114/3114/3114 3115/3115/3115
f 3113/3113/3113 3115/3115/3115 3116/3116/3116
f 3117/3117/3117 3118/3118/3118 3119/3119/3119
f 3117/3117/3117 3119/3119/3119 3120/3120/3120
f 3121/3121/3121 3122/3122/3122 3123/3123/3123
f 3121/3121/3121 3123/3123/3123 3124/3124/3124
f 3125/3125/3125 3126/3126/3126 3127/3127/3127
f 3125/3125/3125 3127/3127/3127 3128/3128/3128
f 3129/3129/3129 3130/3130/3130 3131/3131/3131
f 3129/3129/3129 3131/3131/3131 3132/3132/3132
f 3133/3133/3133 3134/3134/3134 3135/3135/3135
f 3133/3133/3133 3135/3135/3135 3136/3136/3136
f 3137/3137/3137 3138/3138/3138 3139/3139/3139
f 3137/3137/3137 3139/3139/3139 3140/3140/3140
f 3141/3141/3141 3142/3142/3142 3143/3143/3143
f 3141/3141/3141 3143/3143/3143 3144/3144/3144
f 3145/3145/3145 3147/3147/3147 3146/3146/3146
f 3148/3148/3148 3149/3149/3149 3150/3150/3150
f 3151/3151/3151 3152/3152/3152 3153/3153/3153
f 3154/3154/3154 3156/3156/3156 3155/3155/3155
f 3157/3157/3157 3158/3158/3158 3159/3159/3159
f 3160/3160/3160 3162/3162/3162 3161/3161/3161
f 3163/3163/3163 3165/3165/3165 3164/3164/3164
f 3166/3166/3166 3167/3167/3167 3168/3168/3168
f 3169/3169/3169 3170/3170/3170 3171/3171/3171
f 3169/3169/3169 3171/3171/3171 3172/3172/3172
f 3173/3173/3173 3174/3174/3174 3175/3175/3175
f 3173/3173/3173 3175/3175/3175 3176/3176/3176
f 3177/3177/3177 3178/3178/3178 3179/3179/3179
f 3177/3177/3177 3179/3179/3179 3180/3180/3180
f 3181/3181/3181 3182/3182/3182 3183/3183/3183
f 3181/3181/3181 3183/3183/3183 3184/3184/3184
f 3185/3185/3185 3186/3186/3186 3187/3187/3187
f 3185/3185/3185 3187/3187/3187 3188/3188/3188
f 3189/3189/3189 3190/3190/3190 3191/3191/3191
f 3189/3189/3189 3191/3191/3191 3192/3192/3192
f 3193/3193/3193 3194/3194/3194 3195/3195/3195
f 3193/3193/3193 3195/3195/3195 3196/3196/3196
f 3197/3197/3197 3198/3198/3198 3199/3199/3199
f 3197/3197/3197 3199/3199/3199 3200/3200/3200
f 3201/3201/3201 3202/3202/3202 3203/3203/3203
f 3201/3201/3201 3203/3203/3203 3204/3204/3204
f 3205/3205/3205 3206/3206/3206 3207/3207/3207
f 3205/3205/3205 3207/3207/3207 3208/3208/3208
f 3209/3209/3209 3210/3210/3210 3211/3211/3211
f 3209/3209/3209 3211/3211/3211 3212/3212/3212
f 3213/3213/3213 3214/3214/3214 3215/3215/3215
f 3213/3213/3213 3215/3215/3215 3216/3216/3216
f 3217/3217/3217 3218/3218/3218 3219/3219/3219
f 3217/3217/3217 3219/3219/3219 3220/3220/3220
f 3221/3221/3221 3222/3222/3222 3223/3223/3223
f 3221/3221/3221 3223/3223/3223 3224/3224/3224
f 3225/3225/3225 3226/3226/3226 3227/3227/3227
f 3225/3225/3225 3227/3227/3227 3228/3228/3228
f 3229/3229/3229 3230/3230/3230 3231/3231/3231
f 3229/3229/3229 3231/3231/3231 3232/3232/3232
f 3233/3233/3233 3234/3234/3234 3235/3235/3235
f 3233/3233/3233 3235/3235/3235 3236/3236/3236
f 3237/3237/3237 3238/3238/3238 3239/3239/3239
f 3237/3237/3237 3239/3239/3239 3240/3240/3240
f 3241/3241/3241 3243/3243/3243 3242/3242/3242
f 3244/3244/3244 3245/3245/3245 3246/3246/3246
f 3247/3247/3247 3248/3248/3248 3249/3249/3249
f 3250/3250/3250 3252/3252/3252 3251/3251/3251
f 3253/3253/3253 3254/3254/3254 3255/3255/3255
f 3256/3256/3256 3258/3258/3258 3257/3257/3257
f 3259/3259/3259 3261/3261/3261 3260/3260/3260
f 3262/3262/3262 3263/3263/3263 3264/3264/3264
f 3265/3265/3265 3266/3266/3266 3267/3267/3267
f 3265/3265/3265 3267/3267/3267 3268/3268/3268
f 3269/3269/3269 3270/3270/3270 3271/3271/3271
f 3269/3269/3269 3271/3271/3271 3272/3272/3272
f 3273/3273/3273 3274/3274/3274 3275/3275/3275
f 3273/3273/3273 3275/3275/3275 3276/3276/3276
f 3277/3277/3277 3278/3278/3278 3279/3279/3279
f 3277/3277/3277 3279/3279/3279 3280/3280/3280
f 3281/3281/3281 3282/3282/3282 3283/3283/3283
f 3281/3281/3281 3283/3283/3283 3284/3284/3284
f 3285/3285/3285 3286/3286/3286 3287/3287/3287
f 3285/3285/3285 3287/3287/3287 3288/3288/3288
f 3289/3289/3289 3290/3290/3290 3291/3291/3291
f 3289/3289/3289 3291/3291/3291 3292/3292/3292
f 3293/3293/3293 3294/3294/3294 3295/3295/3295
f 3293/3293/3293 3295/3295/3295 3296/3296/3296
f 3297/3297/3297 3298/3298/3298 3299/3299/3299
f 3297/3297/3297 3299/3299/3299 3300/3300/3300
f 3301/3301/3301 3302/3302/3302 3303/3303/3303
f 3301/3301/3301 3303/3303/3303 3304/3304/3304
f 3305/3305/3305 3306/3306/3306 3307/3307/3307
f 3305/3305/3305 3307/3307/3307 3308/3308/3308
f 3309/3309/3309 3310/3310/3310 3311/3311/3311
f 3309/3309/3309 3311/3311/3311 3312/3312/3312
f 3313/3313/3313 3314/3314/3314 3315/3315/3315
f 3313/3313/3313 3315/3315/3315 3316/3316/3316
f 3317/3317/3317 3318/3318/3318 3319/3319/3319
f 3317/3317/3317 3319/3319/3319 3320/3320/3320
f 3321/3321/3321 3322/3322/3322 3323/3323/3323
f 3321/3321/3321 3323/3323/3323 3324/3324/3324
f 3325/3325/3325 3326/3326/3326 3327/3327/3327
f 3325/3325/3325 3327/3327/3327 3328/3328/3328
f 3329/3329/3329 3330/3330/3330 3331/3331/3331
f 3329/3329/3329 3331/3331/3331 3332/3332/3332
f 3333/3333/3333 3334/3334/3334 3335/3335/3335
f 3333/3333/3333 3335/3335/3335 3336/3336/3336
f 3337/3337/3337 3339/3339/3339 3338/3338/3338
f 3340/3340/3340 3341/3341/3341 3342/3342/3342
f 3343/3343/3343 3344/3344/3344 3345/3345/3345
f 3346/3346/3346 3348/3348/3348 3347/3347/3347
f 3349/3349/3349 3350/3350/3350 3351/3351/3351
f 3352/3352/3352 3354/3354/3354 3353/3353/3353
f 3355/3355/3355 3357/3357/3357 3356/3356/3356
f 3358/3358/3358 3359/3359/3359 3360/3360/3360
f 3361/3361/3361 3362/3362/3362 3363/3363/3363
f 3361/3361/3361 3363/3363/3363 3364/3364/3364
f 3365/3365/3365 3366/3366/3366 3367/3367/3367
f 3365/3365/3365 3367/3367/3367 3368/3368/3368
f 3369/3369/3369 3370/3370/3370 3371/3371/3371
f 3369/3369/3369 3371/3371/3371 3372/3372/3372
f 3373/3373/3373 3374/3374/3374 3375/3375/3375
f 3373/3373/3373 3375/3375/3375 3376/3376/3376
f 3377/3377/3377 3378/3378/3378 3379/3379/3379
f 3377/3377/3377 3379/3379/3379 3380/3380/3380
f 3381/3381/3381 3382/3382/3382 3383/3383/3383
f 3381/3381/3381 3383/3383/3383 3384/3384/3384
f 3385/3385/3385 3386/3386/3386 3387/3387/3387
f 3385/3385/3385 3387/3387/3387 3388/3388/3388
f 3389/3389/3389 3390/3390/3390 3391/3391/3391
f 3389/3389/3389 3391/3391/3391 3392/3392/3392
f 3393/3393/3393 3394/3394/3394 3395/3395/3395
f 3393/3393/3393 3395/3395/3395 3396/3396/3396
f 3397/3397/3397 3398/3398/3398 3399/3399/3399
f 3397/3397/3397 3399/3399/3399 3400/3400/3400
f 3401/3401/3401 3402/3402/3402 3403/3403/3403
f 3401/3401/3401 3403/3403/3403 3404/3404/3404
f 3405/3405/3405 3406/3406/3406 3407/3407/3407
f 3405/3405/3405 3407/3407/3407 3408/3408/3408
f 3409/3409/3409 3410/3410/3410 3411/3411/3411
f 3409/3409/3409 3411/3411/3411 3412/3412/3412
f 3413/3413/3413 3414/3414/3414 3415/3415/3415
f 3413/3413/3413 3415/3415/3415 3416/3416/3416
f 3417/3417/3417 3418/3418/3418 3419/3419/3419
f 3417/3417/3417 3419/3419/3419 3420/3420/3420
f 3421/3421/3421 3422/3422/3422 3423/3423/3423
f 3421/3421/3421 3423/3423/3423 3424/3424/3424
f 3425/3425/3425 3426/3426/3426 3427/3427/3427
f 3425/3425/3425 3427/3427/3427 3428/3428/3428
f 3429/3429/3429 3430/3430/3430 3431/3431/3431
f 3429/3429/3429 3431/3431/3431 3432/3432/3432
f 3433/3433/3433 3435/3435/3435 3434/3434/3434
f 3436/3436/3436 3437/3437/3437 3438/3438/3438
f 3439/3439/3439 3440/3440/3440 3441/3441/3441
f 3442/3442/3442 3444/3444/3444 3443/3443/3443
f 3445/3445/3445 3446/3446/3446 3447/3447/3447
f 3448/3448/3448 3450/3450/3450 3449/3449/3449
f 3451/3451/3451 3453/3453/3453 3452/3452/3452
f 3454/3454/3454 3455/3455/3455 3456/3456/3456
f 3457/3457/3457 3458/3458/3458 3459/3459/3459
f 3457/3457/3457 3459/3459/3459 3460/3460/3460
f 3461/3461/3461 3462/3462/3462 3463/3463/3463
f 3461/3461/3461 3463/3463/3463 3464/3464/3464
f 3465/3465/3465 3466/3466/3466 3467/3467/3467
f 3465/3465/3465 3467/3467/3467 3468/3468/3468
f 3469/3469/3469 3470/3470/3470 3471/3471/3471
f 3469/3469/3469 3471/3471/3471 3472/3472/3472
f 3473/3473/3473 3474/3474/3474 3475/3475/3475
f 3473/3473/3473 3475/3475/3475 3476/3476/3476
f 3477/3477/3477 3478/3478/3478 3479/3479/3479
f 3477/3477/3477 3479/3479/3479 3480/3480/3480
f 3481/3481/3481 3482/3482/3482 3483/3483/3483
f 3481/3481/3481 3483/3483/3483 3484/3484/3484
f 3485/3485/3485 3486/3486/3486 3487/3487/3487
f 3485/3485/3485 3487/3487/3487 3488/3488/3488
f 3489/3489/3489 3490/3490/3490 3491/3491/3491
f 3489/3489/3489 3491/3491/3491 3492/3492/3492
f 3493/3493/3493 3494/3494/3494 3495/3495/3495
f 3493/3493/3493 3495/3495/3495 3496/3496/3496
f 3497/3497/3497 3498/3498/3498 3499/3499/3499
f 3497/3497/3497 3499/3499/3499 3500/3500/3500
f 3501/3501/3501 3502/3502/3502 3503/3503/3503
f 3501/3501/3501 3503/3503/3503 3504/3504/3504
f 3505/3505/3505 3506/3506/3506 3507/3507/3507
f 3505/3505/3505 3507/3507/3507 3508/3508/3508
f 3509/3509/3509 3510/3510/3510 3511/3511/3511
f 3509/3509/3509 3511/3511/3511 3512/3512/3512
f 3513/3513/3513 3514/3514/3514 3515/3515/3515
f 3513/3513/3513 3515/3515/3515 3516/3516/3516
f 3517/3517/3517 3518/3518/3518 3519/3519/3519
f 3517/3517/3517 3519/3519/3519 3520/3520/3520
f 3521/3521/3521 3522/3522/3522 3523/3523/3523
f 3521/3521/3521 3523/3523/3523 3524/3524/3524
f 3525/3525/3525 3526/3526/3526 3527/3527/3527
f 3525/3525/3525 3527/3527/3527 3528/3528/3528
f 3529/3529/3529 3531/3531/3531 3530/3530/3530
f 3532/3532/3532 3533/3533/3533 3534/3534/3534
f 3535/3535/3535 3536/3536/3536 3537/3537/3537
f 3538/3538/3538 3540/3540/3540 3539/3539/3539
f 3541/3541/3541 3542/3542/3542 3543/3543/3543
f 3544/3544/3544 3546/3546/3546 3545/3545/3545
f 3547/3547/3547 3549/3549/3549 3548/3548/3548
f 3550/3550/3550 3551/3551/3551 3552/3552/3552
f 3553/3553/3553 3554/3554/3554 3555/3555/3555
f 3553/3553/3553 3555/3555/3555 3556/3556/3556
f 3557/3557/3557 3558/3558/3558 3559/3559/3559
f 3557/3557/3557 3559/3559/3559 3560/3560/3560
f 3561/3561/3561 3562/3562/3562 3563/3563/3563
f 3561/3561/3561 3563/3563/3563 3564/3564/3564
f 3565/3565/3565 3566/3566/3566 3567/3567/3567
f 3565/3565/3565 3567/3567/3567 3568/3568/3568
f 3569/3569/3569 3570/3570/3570 3571/3571/3571
f 3569/3569/3569 3571/3571/3571 3572/3572/3572
f 3573/3573/3573 3574/3574/3574 3575/3575/3575
f 3573/3573/3573 3575/3575/3575 3576/3576/3576
f 3577/3577/3577 3578/3578/3578 3579/3579/3579
f 3577/3577/3577 3579/3579/3579 3580/3580/3580
f 3581/3581/3581 3582/3582/3582 3583/3583/3583
f 3581/3581/3581 3583/3583/3583 3584/3584/3584
f 3585/3585/3585 3586/3586/3586 3587/3587/3587
f 3585/3585/3585 3587/3587/3587 3588/3588/3588
f 3589/3589/3589 3590/3590/3590 3591/3591/3591
f 3589/3589/3589 3591/3591/3591 3592/3592/3592
f 3593/3593/3593 3594/3594/3594 3595/3595/3595
f 3593/3593/3593 3595/3595/3595 3596/3596/3596
f 3597/3597/3597 3598/3598/3598 3599/3599/3599
f 3597/3597/3597 3599/3599/3599 3600/3600/3600
f 3601/3601/3601 3602/3602/3602 3603/3603/3603
f 3601/3601/3601 3603/3603/3603 3604/3604/3604
f 3605/3605/3605 3606/3606/3606 3607/3607/3607
f 3605/3605/3605 3607/3607/3607 3608/3608/3608
f 3609/3609/3609 3610/3610/3610 3611/3611/3611
f 3609/3609/3609 3611/3611/3611 3612/3612/3612
f 3613/3613/3613 3614/3614/3614 3615/3615/3615
f 3613/3613/3613 3615/3615/3615 3616/3616/3616
f 3617/3617/3617 3618/3618/3618 3619/3619/3619
f 3617/3617/3617 3619/3619/3619 3620/3620/3620
f 3621/3621/3621 3622/3622/3622 3623/3623/3623
f 3621/3621/3621 3623/3623/3623 3624/3624/3624
f 3625/3625/3625 3627/3627/3627 3626/3626/3626
f 3628/3628/3628 3629/3629/3629 3630/3630/3630
f 3631/3631/3631 3632/3632/3632 3633/3633/3633
f 3634/3634/3634 3636/3636/3636 3635/3635/3635
f 3637/3637/3637 3638/3638/3638 3639/3639/3639
f 3640/3640/3640 3642/3642/3642 3641/3641/3641
f 3643/3643/3643 3645/3645/3645 3644/3644/3644
f 3646/3646/3646 3647/3647/3647 3648/3648/3648
f 3649/3649/3649 3650/3650/3650 3651/3651/3651
f 3649/3649/3649 3651/3651/3651 3652/3652/3652
f 3653/3653/3653 3654/3654/3654 3655/3655/3655
f 3653/3653/3653 3655/3655/3655 3656/3656/3656
f 3657/3657/3657 3658/3658/3658 3659/3659/3659
f 3657/3657/3657 3659/3659/3659 3660/3660/3660
f 3661/3661/3661 3662/3662/3662 3663/3663/3663
f 3661/3661/3661 3663/3663/3663 3664/3664/3664
f 3665/3665/3665 3666/3666/3666 3667/3667/3667
f 3665/3665/3665 3667/3667/3667 3668/3668/3668
f 3669/3669/3669 3670/3670/3670 3671/3671/3671
f 3669/3669/3669 3671/3671/3671 3672/3672/3672
f 3673/3673/3673 3674/3674/3674 3675/3675/3675
f 3673/3673/3673 3675/3675/3675 3676/3676/3676
f 3677/3677/3677 3678/3678/3678 3679/3679/3679
f 3677/3677/3677 3679/3679/3679 3680/3680/3680
f 3681/3681/3681 3682/3682/3682 3683/3683/3683
f 3681/3681/3681 3683/3683/3683 3684/3684/3684
f 3685/3685/3685 3686/3686/3686 3687/3687/3687
f 3685/3685/3685 3687/3687/3687 3688/3688/3688
f 3689/3689/3689 3690/3690/3690 3691/3691/3691
f 3689/3689/3689 3691/3691/3691 3692/3692/3692
f 3693/3693/3693 3694/3694/3694 3695/3695/3695
f 3693/3693/3693 3695/3695/3695 3696/3696/3696
f 3697/3697/3697 3698/3698/3698 3699/3699/3699
f 3697/3697/3697 3699/3699/3699 3700/3700/3700
f 3701/3701/3701 3702/3702/3702 3703/3703/3703
f 3701/3701/3701 3703/3703/3703 3704/3704/3704
f 3705/3705/3705 3706/3706/3706 3707/3707/3707
f 3705/3705/3705 3707/3707/3707 3708/3708/3708
f 3709/3709/3709 3710/3710/3710 3711/3711/3711
f 3709/3709/3709 3711/3711/3711 3712/3712/3712
f 3713/3713/3713 3714/3714/3714 3715/3715/3715
f 3713/3713/3713 3715/3715/3715 3716/3716/3716
f 3717/3717/3717 3718/3718/3718 3719/3719/3719
f 3717/3717/3717 3719/3719/3719 3720/3720/3720
f 3721/3721/3721 3723/3723/3723 3722/3722/3722
f 3724/3724/3724 3725/3725/3725 3726/3726/3726
f 3727/3727/3727 3728/3728/3728 3729/3729/3729
f 3730/3730/3730 3732/3732/3732 3731/3731/3731
f 3733/3733/3733 3734/3734/3734 3735/3735/3735
f 3736/3736/3736 3738/3738/3738 3737/3737/3737
f 3739/3739/3739 3741/3741/3741 3740/3740/3740
f 3742/3742/3742 3743/3743/3743 3744/3744/3744
f 3745/3745/3745 3746/3746/3746 3747/3747/3747
f 3745/3745/3745 3747/3747/3747 3748/3748/3748
f 3749/3749/3749 3750/3750/3750 3751/3751/3751
f 3749/3749/3749 3751/3751/3751 3752/3752/3752
f 3753/3753/3753 3754/3754/3754 3755/3755/3755
f 3753/3753/3753 3755/3755/3755 3756/3756/3756
f 3757/3757/3757 3758/3758/3758 3759/3759/3759
f 3757/3757/3757 3759/3759/3759 3760/3760/3760
f 3761/3761/3761 3762/3762/3762 3763/3763/3763
f 3761/3761/3761 3763/3763/3763 3764/3764/3764
f 3765/3765/3765 3766/3766/3766 3767/3767/3767
f 3765/3765/3765 3767/3767/3767 3768/3768/3768
f 3769/3769/3769 3770/3770/3770 3771/3771/3771
f 3769/3769/3769 3771/3771/3771 3772/3772/3772
f 3773/3773/3773 3774/3774/3774 3775/3775/3775
f 3773/3773/3773 3775/3775/3775 3776/3776/3776
f 3777/3777/3777 3778/3778/3778 3779/3779/3779
f 3777/3777/3777 3779/3779/3779 3780/3780/3780
f 3781/3781/3781 3782/3782/3782 3783/3783/3783
f 3781/3781/3781 3783/3783/3783 3784/3784/3784
f 3785/3785/3785 3786/3786/3786 3787/3787/3787
f 3785/3785/3785 3787/3787/3787 3788/3788/3788
f 3789/3789/3789 3790/3790/3790 3791/3791/3791
f 3789/3789/3789 3791/3791/3791 3792/3792/3792
f 3793/3793/3793 3794/3794/3794 3795/3795/3795
f 3793/3793/3793 3795/3795/3795 3796/3796/3796
f 3797/3797/3797 3798/3798/3798 3799/3799/3799
f 3797/3797/3797 3799/3799/3799 3800/3800/3800
f 3801/3801/3801 3802/3802/3802 3803/3803/3803
f 3801/3801/3801 3803/3803/3803 3804/3804/3804
f 3805/3805/3805 3806/3806/3806 3807/3807/3807
f 3805/3805/3805 3807/3807/3807 3808/3808/3808
f 3809/3809/3809 3810/3810/3810 3811/3811/3811
f 3809/3809/3809 3811/3811/3811 3812/3812/3812
f 3813/3813/3813 3814/3814/3814 3815/3815/3815
f 3813/3813/3813 3815/3815/3815 3816/3816/3816
f 3817/3817/3817 3819/3819/3819 3818/3818/3818
f 3820/3820/3820 3821/3821/3821 3822/3822/3822
f 3823/3823/3823 3824/3824/3824 3825/3825/3825
f 3826/3826/3826 3828/3828/3828 3827/3827/3827
f 3829/3829/3829 3830/3830/3830 3831/3831/3831
f 3832/3832/3832 3834/3834/3834 3833/3833/3833
f 3835/3835/3835 3837/3837/3837 3836/3836/3836
f 3838/3838/3838 3839/3839/3839 3840/3840/3840
f 3841/3841/3841 3842/3842/3842 3843/3843/3843
f 3841/3841/3841 3843/3843/3843 3844/3844/3844
f 3845/3845/3845 3846/3846/3846 3847/3847/3847
f 3845/3845/3845 3847/3847/3847 3848/3848/3848
f 3849/3849/3849 3850/3850/3850 3851/3851/3851
f 3849/3849/3849 3851/3851/3851 3852/3852/3852
f 3853/3853/3853 3854/3854/3854 3855/3855/3855
f 3853/3853/3853 3855/3855/3855 3856/3856/3856
f 3857/3857/3857 3858/3858/3858 3859/3859/3859
f 3857/3857/3857 3859/3859/3859 3860/3860/3860
f 3861/3861/3861 3862/3862/3862 3863/3863/3863
f 3861/3861/3861 3863/3863/3863 3864/3864/3864
f 3865/3865/3865 3866/3866/3866 3867/3867/3867
f 3865/3865/3865 3867/3867/3867 3868/3868/3868
f 3869/3869/3869 3870/3870/3870 3871/3871/3871
f 3869/3869/3869 3871/3871/3871 3872/3872/3872
f 3873/3873/3873 3874/3874/3874 3875/3875/3875
f 3873/3873/3873 3875/3875/3875 3876/3876/3876
f 3877/3877/3877 3878/3878/3878 3879/3879/3879
f 3877/3877/3877 3879/3879/3879 3880/3880/3880
f 3881/3881/3881 3882/3882/3882 3883/3883/3883
f 3881/3881/3881 3883/3883/3883 3884/3884/3884
f 3885/3885/3885 3886/3886/3886 3887/3887/3887
f 3885/3885/3885 3887/3887/3887 3888/3888/3888
f 3889/3889/3889 3890/3890/3890 3891/3891/3891
f 3889/3889/3889 3891/3891/3891 3892/3892/3892
f 3893/3893/3893 3894/3894/3894 3895/3895/3895
f 3893/3893/3893 3895/3895/3895 3896/3896/3896
f 3897/3897/3897 3898/3898/3898 3899/3899/3899
f 3897/3897/3897 3899/3899/3899 3900/3900/3900
f 3901/3901/3901 3902/3902/3902 3903/3903/3903
f 3901/3901/3901 3903/3903/3903 3904/3904/3904
f 3905/3905/3905 3906/3906/3906 3907/3907/3907
f 3905/3905/3905 3907/3907/3907 3908/3908/3908
f 3909/3909/3909 3910/3910/3910 3911/3911/3911
f 3909/3909/3909 3911/3911/3911 3912/3912/3912
f 3913/3913/3913 3915/3915/3915 3914/3914/3914
f 3916/3916/3916 3917/3917/3917 3918/3918/3918
f 3919/3919/3919 3920/3920/3920 3921/3921/3921
f 3922/3922/3922 3924/3924/3924 3923/3923/3923
f 3925/3925/3925 3926/3926/3926 3927/3927/3927
f 3928/3928/3928 3930/3930/3930 3929/3929/3929
f 3931/3931/3931 3933/3933/3933 3932/3932/3932
f 3934/3934/3934 3935/3935/3935 3936/3936/3936
f 3937/3937/3937 3938/3938/3938 3939/3939/3939
f 3937/3937/3937 3939/3939/3939 3940/3940/3940
f 3941/3941/3941 3942/3942/3942 3943/3943/3943
f 3941/3941/3941 3943/3943/3943 3944/3944/3944
f 3945/3945/3945 3946/3946/3946 3947/3947/3947
f 3945/3945/3945 3947/3947/3947 3948/3948/3948
f 3949/3949/3949 3950/3950/3950 3951/3951/3951
f 3949/3949/3949 3951/3951/3951 3952/3952/3952
f 3953/3953/3953 3954/3954/3954 3955/3955/3955
f 3953/3953/3953 3955/3955/3955 3956/3956/3956
f 3957/3957/3957 3958/3958/3958 3959/3959/3959
f 3957/3957/3957 3959/3959/3959 3960/3960/3960
f 3961/3961/3961 3962/3962/3962 3963/3963/3963
f 3961/3961/3961 3963/3963/3963 3964/3964/3964
f 3965/3965/3965 3966/3966/3966 3967/3967/3967
f 3965/3965/3965 3967/3967/3967 3968/3968/3968
f 3969/3969/3969 3970/3970/3970 3971/3971/3971
f 3969/3969/3969 3971/3971/3971 3972/3972/3972
f 3973/3973/3973 3974/3974/3974 3975/3975/3975
f 3973/3973/3973 3975/3975/3975 3976/3976/3976
f 3977/3977/3977 3978/3978/3978 3979/3979/3979
f 3977/3977/3977 3979/3979/3979 3980/3980/3980
f 3981/3981/3981 3982/3982/3982 3983/3983/3983
f 3981/3981/3981 3983/3983/3983 3984/3984/3984
f 3985/3985/3985 3986/3986/3986 3987/3987/3987
f 3985/3985/3985 3987/3987/3987 3988/3988/3988
f 3989/3989/3989 3990/3990/3990 3991/3991/3991
f 3989/3989/3989 3991/3991/3991 3992/3992/3992
f 3993/3993/3993 3994/3994/3994 3995/3995/3995
f 3993/3993/3993 3995/3995/3995 3996/3996/3996
f 3997/3997/3997 3998/3998/3998 3999/3999/3999
f 3997/3997/3997 3999/3999/3999 4000/4000/4000
f 4001/4001/4001 4002/4002/4002 4003/4003/4003
f 4001/4001/4001 4003/4003/4003 4004/4004/4004
f 4005/4005/4005 4006/4006/4006 4007/4007/4007
f 4005/4005/4005 4007/4007/4007 4008/4008/4008
f 4009/4009/4009 4011/4011/4011 4010/4010/4010
f 4012/4012/4012 4013/4013/4013 4014/4014/4014
f 4015/4015/4015 4016/4016/4016 4017/4017/4017
f 4018/4018/4018 4020/4020/4020 4019/4019/4019
f 4021/4021/4021 4022/4022/4022 4023/4023/4023
f 4024/4024/4024 4026/4026/4026 4025/4025/4025
f 4027/4027/4027 4029/4029/4029 4028/4028/4028
f 4030/4030/4030 4031/4031/4031 4032/4032/4032
f 4033/4033/4033 4034/4034/4034 4035/4035/4035
f 4033/4033/4033 4035/4035/4035 4036/4036/4036
f 4037/4037/4037 4038/4038/4038 4039/4039/4039
f 4037/4037/4037 4039/4039/4039 4040/4040/4040
f 4041/4041/4041 4042/4042/4042 4043/4043/4043
f 4041/4041/4041 4043/4043/4043 4044/4044/4044
f 4045/4045/4045 4046/4046/4046 4047/4047/4047
f 4045/4045/4045 4047/4047/4047 4048/4048/4048
f 4049/4049/4049 4050/4050/4050 4051/4051/4051
f 4049/4049/4049 4051/4051/4051 4052/4052/4052
f 4053/4053/4053 4054/4054/4054 4055/4055/4055
f 4053/4053/4053 4055/4055/4055 4056/4056/4056
f 4057/4057/4057 4058/4058/4058 4059/4059/4059
f 4057/4057/4057 4059/4059/4059 4060/4060/4060
f 4061/4061/4061 4062/4062/4062 4063/4063/4063
f 4061/4061/4061 4063/4063/4063 4064/4064/4064
f 4065/4065/4065 4066/4066/4066 4067/4067/4067
f 4065/4065/4065 4067/4067/4067 4068/4068/4068
f 4069/4069/4069 4070/4070/4070 4071/4071/4071
f 4069/4069/4069 4071/4071/4071 4072/4072/4072
f 4073/4073/4073 4074/4074/4074 4075/4075/4075
f 4073/4073/4073 4075/4075/4075 4076/4076/4076
f 4077/4077/4077 4078/4078/4078 4079/4079/4079
f 4077/4077/4077 4079/4079/4079 4080/4080/4080
f 4081/4081/4081 4082/4082/4082 4083/4083/4083
f 4081/4081/4081 4083/4083/4083 4084/4084/4084
f 4085/4085/4085 4086/4086/4086 4087/4087/4087
f 4085/4085/4085 4087/4087/4087 4088/4088/4088
f 4089/4089/4089 4090/4090/4090 4091/4091/4091
f 4089/4089/4089 4091/4091/4091 4092/4092/4092
f 4093/4093/4093 4094/4094/4094 4095/4095/4095
f 4093/4093/4093 4095/4095/4095 4096/4096/4096
f 4097/4097/4097 4098/4098/4098 4099/4099/4099
f 4097/4097/4097 4099/4099/4099 4100/4100/4100
f 4101/4101/4101 4102/4102/4102 4103/4103/4103
f 4101/4101/4101 4103/4103/4103 4104/4104/4104
f 4105/4105/4105 4107/4107/4107 4106/4106/4106
f 4108/4108/4108 4109/4109/4109 4110/4110/4110
f 4111/4111/4111 4112/4112/4112 4113/4113/4113
f 4114/4114/4114 4116/4116/4116 4115/4115/4115
f 4117/4117/4117 4118/4118/4118 4119/4119/4119
f 4120/4120/4120 4122/4122/4122 4121/4121/4121
f 4123/4123/4123 4125/4125/4125 4124/4124/4124
f 4126/4126/4126 4127/4127/4127 4128/4128/4128
f 4129/4129/4129 4130/4130/4130 4131/4131/4131
f 4129/4129/4129 4131/4131/4131 4132/4132/4132
f 4133/4133/4133 4134/4134/4134 4135/4135/4135
f 4133/4133/4133 4135/4135/4135 4136/4136/4136
f 4137/4137/4137 4138/4138/4138 4139/4139/4139
f 4137/4137/4137 4139/4139/4139 4140/4140/4140
f 4141/4141/4141 4142/4142/4142 4143/4143/4143
f 4141/4141/4141 4143/4143/4143 4144/4144/4144
f 4145/4145/4145 4146/4146/4146 4147/4147/4147
f 4145/4145/4145 4147/4147/4147 4148/4148/4148
f 4149/4149/4149 4150/4150/4150 4151/4151/4151
f 4149/4149/4149 4151/4151/4151 4152/4152/4152
f 4153/4153/4153 4154/4154/4154 4155/4155/4155
f 4153/4153/4153 4155/4155/4155 4156/4156/4156
f 4157/4157/4157 4158/4158/4158 4159/4159/4159
f 4157/4157/4157 4159/4159/4159 4160/4160/4160
f 4161/4161/4161 4162/4162/4162 4163/4163/4163
f 4161/4161/4161 4163/4163/4163 4164/4164/4164
f 4165/4165/4165 4166/4166/4166 4167/4167/4167
f 4165/4165/4165 4167/4167/4167 4168/4168/4168
f 4169/4169/4169 4170/4170/4170 4171/4171/4171
f 4169/4169/4169 4171/4171/4171 4172/4172/4172
f 4173/4173/4173 4174/4174/4174 4175/4175/4175
f 4173/4173/4173 4175/4175/4175 4176/4176/4176
f 4177/4177/4177 4178/4178/4178 4179/4179/4179
f 4177/4177/4177 4179/4179/4179 4180/4180/4180
f 4181/4181/4181 4182/4182/4182 4183/4183/4183
f 4181/4181/4181 4183/4183/4183 4184/4184/4184
f 4185/4185/4185 4186/4186/4186 4187/4187/4187
f 4185/4185/4185 4187/4187/4187 4188/4188/4188
f 4189/4189/4189 4190/4190/4190 4191/4191/4191
f 4189/4189/4189 4191/4191/4191 4192/4192/4192
f 4193/4193/4193 4194/4194/4194 4195/4195/4195
f 4193/4193/4193 4195/4195/4195 4196/4196/4196
f 4197/4197/4197 4198/4198/4198 4199/4199/4199
f 4197/4197/4197 4199/4199/4199 4200/4200/4200
f 4201/4201/4201 4203/4203/4203 4202/4202/4202
f 4204/4204/4204 4205/4205/4205 4206/4206/4206
f 4207/4207/4207 4208/4208/4208 4209/4209/4209
f 4210/4210/4210 4212/4212/4212 4211/4211/4211
f 4213/4213/4213 4214/4214/4214 4215/4215/4215
f 4216/4216/4216 4218/4218/4218 4217/4217/4217
f 4219/4219/4219 4221/4221/4221 4220/4220/4220
f 4222/4222/4222 4223/4223/4223 4224/4224/4224
f 4225/4225/4225 4226/4226/4226 4227/4227/4227
f 4225/4225/4225 4227/4227/4227 4228/4228/4228
f 4229/4229/4229 4230/4230/4230 4231/4231/4231
f 4229/4229/4229 4231/4231/4231 4232/4232/4232
f 4233/4233/4233 4234/4234/4234 4235/4235/4235
f 4233/4233/4233 4235/4235/4235 4236/4236/4236
f 4237/4237/4237 4238/4238/4238 4239/4239/4239
f 4237/4237/4237 4239/4239/4239 4240/4240/4240
f 4241/4241/4241 4242/4242/4242 4243/4243/4243
f 4241/4241/4241 4243/4243/4243 4244/4244/4244
f 4245/4245/4245 4246/4246/4246 4247/4247/4247
f 4245/4245/4245 4247/4247/4247 4248/4248/4248
f 4249/4249/4249 4250/4250/4250 4251/4251/4251
f 4249/4249/4249 4251/4251/4251 4252/4252/4252
f 4253/4253/4253 4254/4254/4254 4255/4255/4255
f 4253/4253/4253 4255/4255/4255 4256/4256/4256
f 4257/4257/4257 4258/4258/4258 4259/4259/4259
f 4257/4257/4257 4259/4259/4259 4260/4260/4260
f 4261/4261/4261 4262/4262/4262 4263/4263/4263
f 4261/4261/4261 4263/4263/4263 4264/4264/4264
f 4265/4265/4265 4266/4266/4266 4267/4267/4267
f 4265/4265/4265 4267/4267/4267 4268/4268/4268
f 4269/4269/4269 4270/4270/4270 4271/4271/4271
f 4269/4269/4269 4271/4271/4271 4272/4272/4272
f 4273/4273/4273 4274/4274/4274 4275/4275/4275
f 4273/4273/4273 4275/4275/4275 4276/4276/4276
f 4277/4277/4277 4278/4278/4278 4279/4279/4279
f 4277/4277/4277 4279/4279/4279 4280/4280/4280
f 4281/4281/4281 4282/4282/4282 4283/4283/4283
f 4281/4281/4281 4283/4283/4283 4284/4284/4284
f 4285/4285/4285 4286/4286/4286 4287/4287/4287
f 4285/4285/4285 4287/4287/4287 4288/4288/4288
f 4289/4289/4289 4290/4290/4290 4291/4291/4291
f 4289/4289/4289 4291/4291/4291 4292/4292/4292
f 4293/4293/4293 4294/4294/4294 4295/4295/4295
f 4293/4293/4293 4295/4295/4295 4296/4296/4296
f 4297/4297/4297 4299/4299/4299 4298/4298/4298
f 4300/4300/4300 4301/4301/4301 4302/4302/4302
f 4303/4303/4303 4304/4304/4304 4305/4305/4305
f 4306/4306/4306 4308/4308/4308 4307/4307/4307
f 4309/4309/4309 4310/4310/4310 4311/4311/4311
f 4312/4312/4312 4314/4314/4314 4313/4313/4313
f 4315/4315/4315 4317/4317/4317 4316/4316/4316
f 4318/4318/4318 4319/4319/4319 4320/4320/4320
f 4321/4321/4321 4322/4322/4322 4323/4323/4323
f 4321/4321/4321 4323/4323/4323 4324/4324/4324
f 4325/4325/4325 4326/4326/4326 4327/4327/4327
f 4325/4325/4325 4327/4327/4327 4328/4328/4328
f 4329/4329/4329 4330/4330/4330 4331/4331/4331
f 4329/4329/4329 4331/4331/4331 4332/4332/4332
f 4333/4333/4333 4334/4334/4334 4335/4335/4335
f 4333/4333/4333 4335/4335/4335 4336/4336/4336
f 4337/4337/4337 4338/4338/4338 4339/4339/4339
f 4337/4337/4337 4339/4339/4339 4340/4340/4340
f 4341/4341/4341 4342/4342/4342 4343/4343/4343
f 4341/4341/4341 4343/4343/4343 4344/4344/4344
f 4345/4345/4345 4346/4346/4346 4347/4347/4347
f 4345/4345/4345 4347/4347/4347 4348/4348/4348
f 4349/4349/4349 4350/4350/4350 4351/4351/4351
f 4349/4349/4349 4351/4351/4351 4352/4352/4352
f 4353/4353/4353 4354/4354/4354 4355/4355/4355
f 4353/4353/4353 4355/4355/4355 4356/4356/4356
f 4357/4357/4357 4358/4358/4358 4359/4359/4359
f 4357/4357/4357 4359/4359/4359 4360/4360/4360
f 4361/4361/4361 4362/4362/4362 4363/4363/4363
f 4361/4361/4361 4363/4363/4363 4364/4364/4364
f 4365/4365/4365 4366/4366/4366 4367/4367/4367
f 4365/4365/4365 4367/4367/4367 4368/4368/4368
f 4369/4369/4369 4370/4370/4370 4371/4371/4371
f 4369/4369/4369 4371/4371/4371 4372/4372/4372
f 4373/4373/4373 4374/4374/4374 4375/4375/4375
f 4373/4373/4373 4375/4375/4375 4376/4376/4376
f 4377/4377/4377 4378/4378/4378 4379/4379/4379
f 4377/4377/4377 4379/4379/4379 4380/4380/4380
f 4381/4381/4381 4382/4382/4382 4383/4383/4383
f 4381/4381/4381 4383/4383/4383 4384/4384/4384
f 4385/4385/4385 4386/4386/4386 4387/4387/4387
f 4385/4385/4385 4387/4387/4387 4388/4388/4388
f 4389/4389/4389 4390/4390/4390 4391/4391/4391
f 4389/4389/4389 4391/4391/4391 4392/4392/4392
f 4393/4393/4393 4395/4395/4395 4394/4394/4394
f 4396/4396/4396 4397/4397/4397 4398/4398/4398
f 4399/4399/4399 4400/4400/4400 4401/4401/4401
f 4402/4402/4402 4404/4404/4404 4403/4403/4403
f 4405/4405/4405 4406/4406/4406 4407/4407/4407
f 4408/4408/4408 4410/4410/4410 4409/4409/4409
f 4411/4411/4411 4413/4413/4413 4412/4412/4412
f 4414/4414/4414 4415/4415/4415 4416/4416/4416
f 4417/4417/4417 4418/4418/4418 4419/4419/4419
f 4417/4417/4417 4419/4419/4419 4420/4420/4420
f 4421/4421/4421 4422/4422/4422 4423/4423/4423
f 4421/4421/4421 4423/4423/4423 4424/4424/4424
f 4425/4425/4425 4426/4426/4426 4427/4427/4427
f 4425/4425/4425 4427/4427/4427 4428/4428/4428
f 4429/4429/4429 4430/4430/4430 4431/4431/4431
f 4429/4429/4429 4431/4431/4431 4432/4432/4432
f 4433/4433/4433 4434/4434/4434 4435/4435/4435
f 4433/4433/4433 4435/4435/4435 4436/4436/4436
f 4437/4437/4437 4438/4438/4438 4439/4439/4439
f 4437/4437/4437 4439/4439/4439 4440/4440/4440
f 4441/4441/4441 4442/4442/4442 4443/4443/4443
f 4441/4441/4441 4443/4443/4443 4444/4444/4444
f 4445/4445/4445 4446/4446/4446 4447/4447/4447
f 4445/4445/4445 4447/4447/4447 4448/4448/4448
f 4449/4449/4449 4450/4450/4450 4451/4451/4451
f 4449/4449/4449 4451/4451/4451 4452/4452/4452
f 4453/4453/4453 4454/4454/4454 4455/4455/4455
f 4453/4453/4453 4455/4455/4455 4456/4456/4456
f 4457/4457/4457 4458/4458/4458 4459/4459/4459
f 4457/4457/4457 4459/4459/4459 4460/4460/4460
f 4461/4461/4461 4462/4462/4462 4463/4463/4463
f 4461/4461/4461 4463/4463/4463 4464/4464/4464
f 4465/4465/4465 4466/4466/4466 4467/4467/4467
f 4465/4465/4465 4467/4467/4467 4468/4468/4468
f 4469/4469/4469 4470/4470/4470 4471/4471/4471
f 4469/4469/4469 4471/4471/4471 4472/4472/4472
f 4473/4473/4473 4474/4474/4474 4475/4475/4475
f 4473/4473/4473 4475/4475/4475 4476/4476/4476
f 4477/4477/4477 4478/4478/4478 4479/4479/4479
f 4477/4477/4477 4479/4479/4479 4480/4480/4480
f 4481/4481/4481 4482/4482/4482 4483/4483/4483
f 4481/4481/4481 4483/4483/4483 4484/4484/4484
f 4485/4485/4485 4486/4486/4486 4487/4487/4487
f 4485/4485/4485 4487/4487/4487 4488/4488/4488
f 4489/4489/4489 4491/4491/4491 4490/4490/4490
f 4492/4492/4492 4493/4493/4493 4494/4494/4494
f 4495/4495/4495 4496/4496/4496 4497/4497/4497
f 4498/4498/4498 4500/4500/4500 4499/4499/4499
f 4501/4501/4501 4502/4502/4502 4503/4503/4503
f 4504/4504/4504 4506/4506/4506 4505/4505/4505
f 4507/4507/4507 4509/4509/4509 4508/4508/4508
f 4510/4510/4510 4511/4511/4511 4512/4512/4512
f 4513/4513/4513 4514/4514/4514 4515/4515/4515
f 4513/4513/4513 4515/4515/4515 4516/4516/4516
f 4517/4517/4517 4518/4518/4518 4519/4519/4519
f 4517/4517/4517 4519/4519/4519 4520/4520/4520
f 4521/4521/4521 4522/4522/4522 4523/4523/4523
f 4521/4521/4521 4523/4523/4523 4524/4524/4524
f 4525/4525/4525 4526/4526/4526 4527/4527/4527
f 4525/4525/4525 4527/4527/4527 4528/4528/4528
f 4529/4529/4529 4530/4530/4530 4531/4531/4531
f 4529/4529/4529 4531/4531/4531 4532/4532/4532
f 4533/4533/4533 4534/4534/4534 4535/4535/4535
f 4533/4533/4533 4535/4535/4535 4536/4536/4536
f 4537/4537/4537 4538/4538/4538 4539/4539/4539
f 4537/4537/4537 4539/4539/4539 4540/4540/4540
f 4541/4541/4541 4542/4542/4542 4543/4543/4543
f 4541/4541/4541 4543/4543/4543 4544/4544/4544
f 4545/4545/4545 4546/4546/4546 4547/4547/4547
f 4545/4545/4545 4547/4547/4547 4548/4548/4548
f 4549/4549/4549 4550/4550/4550 4551/4551/4551
f 4549/4549/4549 4551/4551/4551 4552/4552/4552
f 4553/4553/4553 4554/4554/4554 4555/4555/4555
f 4553/4553/4553 4555/4555/4555 4556/4556/4556
f 4557/4557/4557 4558/4558/4558 4559/4559/4559
f 4557/4557/4557 4559/4559/4559 4560/4560/4560
f 4561/4561/4561 4562/4562/4562 4563/4563/4563
f 4561/4561/4561 4563/4563/4563 4564/4564/4564
f 4565/4565/4565 4566/4566/4566 4567/4567/4567
f 4565/4565/4565 4567/4567/4567 4568/4568/4568
f 4569/4569/4569 4570/4570/4570 4571/4571/4571
f 4569/4569/4569 4571/4571/4571 4572/4572/4572
f 4573/4573/4573 4574/4574/4574 4575/4575/4575
f 4573/4573/4573 4575/4575/4575 4576/4576/4576
f 4577/4577/4577 4578/4578/4578 4579/4579/4579
f 4577/4577/4577 4579/4579/4579 4580/4580/4580
f 4581/4581/4581 4582/4582/4582 4583/4583/4583
f 4581/4581/4581 4583/4583/4583 4584/4584/4584
f 4585/4585/4585 4587/4587/4587 4586/4586/4586
f 4588/4588/4588 4589/4589/4589 4590/4590/4590
f 4591/4591/4591 4592/4592/4592 4593/4593/4593
f 4594/4594/4594 4596/4596/4596 4595/4595/4595
f 4597/4597/4597 4598/4598/4598 4599/4599/4599
f 4600/4600/4600 4602/4602/4602 4601/4601/4601
f 4603/4603/4603 4605/4605/4605 4604/4604/4604
f 4606/4606/4606 4607/4607/4607 4608/4608/4608
f 4609/4609/4609 4610/4610/4610 4611/4611/4611
f 4609/4609/4609 4611/4611/4611 4612/4612/4612
f 4613/4613/4613 4614/4614/4614 4615/4615/4615
f 4613/4613/4613 4615/4615/4615 4616/4616/4616
f 4617/4617/4617 4618/4618/4618 4619/4619/4619
f 4617/4617/4617 4619/4619/4619 4620/4620/4620
f 4621/4621/4621 4622/4622/4622 4623/4623/4623
f 4621/4621/4621 4623/4623/4623 4624/4624/4624
f 4625/4625/4625 4626/4626/4626 4627/4627/4627
f 4625/4625/4625 4627/4627/4627 4628/4628/4628
f 4629/4629/4629 4630/4630/4630 4631/4631/4631
f 4629/4629/4629 4631/4631/4631 4632/4632/4632
f 4633/4633/4633 4634/4634/4634 4635/4635/4635
f 4633/4633/4633 4635/4635/4635 4636/4636/4636
f 4637/4637/4637 4638/4638/4638 4639/4639/4639
f 4637/4637/4637 4639/4639/4639 4640/4640/4640
f 4641/4641/4641 4642/4642/4642 4643/4643/4643
f 4641/4641/4641 4643/4643/4643 4644/4644/4644
f 4645/4645/4645 4646/4646/4646 4647/4647/4647
f 4645/4645/4645 4647/4647/4647 4648/4648/4648
f 4649/4649/4649 4650/4650/4650 4651/4651/4651
f 4649/4649/4649 4651/4651/4651 4652/4652/4652
f 4653/4653/4653 4654/4654/4654 4655/4655/4655
f 4653/4653/4653 4655/4655/4655 4656/4656/4656
f 4657/4657/4657 4658/4658/4658 4659/4659/4659
f 4657/4657/4657 4659/4659/4659 4660/4660/4660
f 4661/4661/4661 4662/4662/4662 4663/4663/4663
f 4661/4661/4661 4663/4663/4663 4664/4664/4664
f 4665/4665/4665 4666/4666/4666 4667/4667/4667
f 4665/4665/4665 4667/4667/4667 4668/4668/4668
f 4669/4669/4669 4670/4670/4670 4671/4671/4671
f 4669/4669/4669 4671/4671/4671 4672/4672/4672
f 4673/4673/4673 4674/4674/4674 4675/4675/4675
f 4673/4673/4673 4675/4675/4675 4676/4676/4676
f 4677/4677/4677 4678/4678/4678 4679/4679/4679
f 4677/4677/4677 4679/4679/4679 4680/4680/4680
f 4681/4681/4681 4683/4683/4683 4682/4682/4682
f 4684/4684/4684 4685/4685/4685 4686/4686/4686
f 4687/4687/4687 4688/4688/4688 4689/4689/4689
f 4690/4690/4690 4692/4692/4692 4691/4691/4691
f 4693/4693/4693 4694/4694/4694 4695/4695/4695
f 4696/4696/4696 4698/4698/4698 4697/4697/4697
f 4699/4699/4699 4701/4701/4701 4700/4700/4700
f 4702/4702/4702 4703/4703/4703 4704/4704/4704
f 4705/4705/4705 4706/4706/4706 4707/4707/4707
f 4705/4705/4705 4707/4707/4707 4708/4708/4708
f 4709/4709/4709 4710/4710/4710 4711/4711/4711
f 4709/4709/4709 4711/4711/4711 4712/4712/4712
f 4713/4713/4713 4714/4714/4714 4715/4715/4715
f 4713/4713/4713 4715/4715/4715 4716/4716/4716
f 4717/4717/4717 4718/4718/4718 4719/4719/4719
f 4717/4717/4717 4719/4719/4719 4720/4720/4720
f 4721/4721/4721 4722/4722/4722 4723/4723/4723
f 4721/4721/4721 4723/4723/4723 4724/4724/4724
f 4725/4725/4725 4726/4726/4726 4727/4727/4727
f 4725/4725/4725 4727/4727/4727 4728/4728/4728
f 4729/4729/4729 4730/4730/4730 4731/4731/4731
f 4729/4729/4729 4731/4731/4731 4732/4732/4732
f 4733/4733/4733 4734/4734/4734 4735/4735/4735
f 4733/4733/4733 4735/4735/4735 4736/4736/4736
f 4737/4737/4737 4738/4738/4738 4739/4739/4739
f 4737/4737/4737 4739/4739/4739 4740/4740/4740
f 4741/4741/4741 4742/4742/4742 4743/4743/4743
f 4741/4741/4741 4743/4743/4743 4744/4744/4744
f 4745/4745/4745 4746/4746/4746 4747/4747/4747
f 4745/4745/4745 4747/4747/4747 4748/4748/4748
f 4749/4749/4749 4750/4750/4750 4751/4751/4751
f 4749/4749/4749 4751/4751/4751 4752/4752/4752
f 4753/4753/4753 4754/4754/4754 4755/4755/4755
f 4753/4753/4753 4755/4755/4755 4756/4756/4756
f 4757/4757/4757 4758/4758/4758 4759/4759/4759
f 4757/4757/4757 4759/4759/4759 4760/4760/4760
f 4761/4761/4761 4762/4762/4762 4763/4763/4763
f 4761/4761/4761 4763/4763/4763 4764/4764/4764
f 4765/4765/4765 4766/4766/4766 4767/4767/4767
f 4765/4765/4765 4767/4767/4767 4768/4768/4768
f 4769/4769/4769 4770/4770/4770 4771/4771/4771
f 4769/4769/4769 4771/4771/4771 4772/4772/4772
f 4773/4773/4773 4774/4774/4774 4775/4775/4775
f 4773/4773/4773 4775/4775/4775 4776/4776/4776
f 4777/4777/4777 4779/4779/4779 4778/4778/4778
f 4780/4780/4780 4781/4781/4781 4782/4782/4782
f 4783/4783/4783 4784/4784/4784 4785/4785/4785
f 4786/4786/4786 4788/4788/4788 4787/4787/4787
f 4789/4789/4789 4790/4790/4790 4791/4791/4791
f 4792/4792/4792 4794/4794/4794 4793/4793/4793
f 4795/4795/4795 4797/4797/4797 4796/4796/4796
f 4798/4798/4798 4799/4799/4799 4800/4800/4800
f 4801/4801/4801 4802/4802/4802 4803/4803/4803
f 4801/4801/4801 4803/4803/4803 4804/4804/4804
f 4805/4805/4805 4806/4806/4806 4807/4807/4807
f 4805/4805/4805 4807/4807/4807 4808/4808/4808
f 4809/4809/4809 4810/4810/4810 4811/4811/4811
f 4809/4809/4809 4811/4811/4811 4812/4812/4812
f 4813/4813/4813 4814/4814/4814 4815/4815/4815
f 4813/4813/4813 4815/4815/4815 4816/4816/4816
f 4817/4817/4817 4818/4818/4818 4819/4819/4819
f 4817/4817/4817 4819/4819/4819 4820/4820/4820
f 4821/4821/4821 4822/4822/4822 4823/4823/4823
f 4821/4821/4821 4823/4823/4823 4824/4824/4824
f 4825/4825/4825 4826/4826/4826 4827/4827/4827
f 4825/4825/4825 4827/4827/4827 4828/4828/4828
f 4829/4829/4829 4830/4830/4830 4831/4831/4831
f 4829/4829/4829 4831/4831/4831 4832/4832/4832
f 4833/4833/4833 4834/4834/4834 4835/4835/4835
f 4833/4833/4833 4835/4835/4835 4836/4836/4836
f 4837/4837/4837 4838/4838/4838 4839/4839/4839
f 4837/4837/4837 4839/4839/4839 4840/4840/4840
f 4841/4841/4841 4842/4842/4842 4843/4843/4843
f 4841/4841/4841 4843/4843/4843 4844/4844/4844
f 4845/4845/4845 4846/4846/4846 4847/4847/4847
f 4845/4845/4845 4847/4847/4847 4848/4848/4848
f 4849/4849/4849 4850/4850/4850 4851/4851/4851
f 4849/4849/4849 4851/4851/4851 4852/4852/4852
f 4853/4853/4853 4854/4854/4854 4855/4855/4855
f 4853/4853/4853 4855/4855/4855 4856/4856/4856
f 4857/4857/4857 4858/4858/4858 4859/4859/4859
f 4857/4857/4857 4859/4859/4859 4860/4860/4860
f 4861/4861/4861 4862/4862/4862 4863/4863/4863
f 4861/4861/4861 4863/4863/4863 4864/4864/4864
f 4865/4865/4865 4866/4866/4866 4867/4867/4867
f 4865/4865/4865 4867/4867/4867 4868/4868/4868
f 4869/4869/4869 4870/4870/4870 4871/4871/4871
f 4869/4869/4869 4871/4871/4871 4872/4872/4872
f 4873/4873/4873 4875/4875/4875 4874/4874/4874
f 4876/4876/4876 4877/4877/4877 4878/4878/4878
f 4879/4879/4879 4880/4880/4880 4881/4881/4881
f 4882/4882/4882 4884/4884/4884 4883/4883/4883
f 4885/4885/4885 4886/4886/4886 4887/4887/4887
f 4888/4888/4888 4890/4890/4890 4889/4889/4889
f 4891/4891/4891 4893/4893/4893 4892/4892/4892
f 4894/4894/4894 4895/4895/4895 4896/4896/4896
f 4897/4897/4897 4898/4898/4898 4899/4899/4899
f 4897/4897/4897 4899/4899/4899 4900/4900/4900
f 4901/4901/4901 4902/4902/4902 4903/4903/4903
f 4901/4901/4901 4903/4903/4903 4904/4904/4904
f 4905/4905/4905 4906/4906/4906 4907/4907/4907
f 4905/4905/4905 4907/4907/4907 4908/4908/4908
f 4909/4909/4909 4910/4910/4910 4911/4911/4911
f 4909/4909/4909 4911/4911/4911 4912/4912/4912
f 4913/4913/4913 4914/4914/4914 4915/4915/4915
f 4913/4913/4913 4915/4915/4915 4916/4916/4916
f 4917/4917/4917 4918/4918/4918 4919/4919/4919
f 4917/4917/4917 4919/4919/4919 4920/4920/4920
f 4921/4921/4921 4922/4922/4922 4923/4923/4923
f 4921/4921/4921 4923/4923/4923 4924/4924/4924
f 4925/4925/4925 4926/4926/4926 4927/4927/4927
f 4925/4925/4925 4927/4927/4927 4928/4928/4928
f 4929/4929/4929 4930/4930/4930 4931/4931/4931
f 4929/4929/4929 4931/4931/4931 4932/4932/4932
f 4933/4933/4933 4934/4934/4934 4935/4935/4935
f 4933/4933/4933 4935/4935/4935 4936/4936/4936
f 4937/4937/4937 4938/4938/4938 4939/4939/4939
f 4937/4937/4937 4939/4939/4939 4940/4940/4940
f 4941/4941/4941 4942/4942/4942 4943/4943/4943
f 4941/4941/4941 4943/4943/4943 4944/4944/4944
f 4945/4945/4945 4946/4946/4946 4947/4947/4947
f 4945/4945/4945 4947/4947/4947 4948/4948/4948
f 4949/4949/4949 4950/4950/4950 4951/4951/4951
f 4949/4949/4949 4951/4951/4951 4952/4952/4952
f 4953/4953/4953 4954/4954/4954 4955/4955/4955
f 4953/4953/4953 4955/4955/4955 4956/4956/4956
f 4957/4957/4957 4958/4958/4958 4959/4959/4959
f 4957/4957/4957 4959/4959/4959 4960/4960/4960
f 4961/4961/4961 4962/4962/4962 4963/4963/4963
f 4961/4961/4961 4963/4963/4963 4964/4964/4964
f 4965/4965/4965 4966/4966/4966 4967/4967/4967
f 4965/4965/4965 4967/4967/4967 4968/4968/4968
f 4969/4969/4969 4971/4971/4971 4970/4970/4970
f 4972/4972/4972 4973/4973/4973 4974/4974/4974
f 4975/4975/4975 4976/4976/4976 4977/4977/4977
f 4978/4978/4978 4980/4980/4980 4979/4979/4979
f 4981/4981/4981 4982/4982/4982 4983/4983/4983
f 4984/4984/4984 4986/4986/4986 4985/4985/4985
f 4987/4987/4987 4989/4989/4989 4988/4988/4988
f 4990/4990/4990 4991/4991/4991 4992/4992/4992
f 4993/4993/4993 4994/4994/4994 4995/4995/4995
f 4993/4993/4993 4995/4995/4995 4996/4996/4996
f 4997/4997/4997 4998/4998/4998 4999/4999/4999
f 4997/4997/4997 4999/4999/4999 5000/5000/5000
f 5001/5001/5001 5002/5002/5002 5003/5003/5003
f 5001/5001/5001 5003/5003/5003 5004/5004/5004
f 5005/5005/5005 5006/5006/5006 5007/5007/5007
f 5005/5005/5005 5007/5007/5007 5008/5008/5008
f 5009/5009/5009 5010/5010/5010 5011/5011/5011
f 5009/5009/5009 5011/5011/5011 5012/5012/5012
f 5013/5013/5013 5014/5014/5014 5015/5015/5015
f 5013/5013/5013 5015/5015/5015 5016/5016/5016
f 5017/5017/5017 5018/5018/5018 5019/5019/5019
f 5017/5017/5017 5019/5019/5019 5020/5020/5020
f 5021/5021/5021 5022/5022/5022 5023/5023/5023
f 5021/5021/5021 5023/5023/5023 5024/5024/5024
f 5025/5025/5025 5026/5026/5026 5027/5027/5027
f 5025/5025/5025 5027/5027/5027 5028/5028/5028
f 5029/5029/5029 5030/5030/5030 5031/5031/5031
f 5029/5029/5029 5031/5031/5031 5032/5032/5032
f 5033/5033/5033 5034/5034/5034 5035/5035/5035
f 5033/5033/5033 5035/5035/5035 5036/5036/5036
f 5037/5037/5037 5038/5038/5038 5039/5039/5039
f 5037/5037/5037 5039/5039/5039 5040/5040/5040
f 5041/5041/5041 5042/5042/5042 5043/5043/5043
f 5041/5041/5041 5043/5043/5043 5044/5044/5044
f 5045/5045/5045 5046/5046/5046 5047/5047/5047
f 5045/5045/5045 5047/5047/5047 5048/5048/5048
f 5049/5049/5049 5050/5050/5050 5051/5051/5051
f 5049/5049/5049 5051/5051/5051 5052/5052/5052
f 5053/5053/5053 5054/5054/5054 5055/5055/5055
f 5053/5053/5053 5055/5055/5055 5056/5056/5056
f 5057/5057/5057 5058/5058/5058 5059/5059/5059
f 5057/5057/5057 5059/5059/5059 5060/5060/5060
f 5061/5061/5061 5062/5062/5062 5063/5063/5063
f 5061/5061/5061 5063/5063/5063 5064/5064/5064
f 5065/5065/5065 5067/5067/5067 5066/5066/5066
f 5068/5068/5068 5069/5069/5069 5070/5070/5070
f 5071/5071/5071 5072/5072/5072 5073/5073/5073
f 5074/5074/5074 5076/5076/5076 5075/5075/5075
f 5077/5077/5077 5078/5078/5078 5079/5079/5079
f 5080/5080/5080 5082/5082/5082 5081/5081/5081
f 5083/5083/5083 5085/5085/5085 5084/5084/5084
f 5086/5086/5086 5087/5087/5087 5088/5088/5088
f 5089/5089/5089 5090/5090/5090 5091/5091/5091
f 5089/5089/5089 5091/5091/5091 5092/5092/5092
f 5093/5093/5093 5094/5094/5094 5095/5095/5095
f 5093/5093/5093 5095/5095/5095 5096/5096/5096
f 5097/5097/5097 5098/5098/5098 5099/5099/5099
f 5097/5097/5097 5099/5099/5099 5100/5100/5100
f 5101/5101/5101 5102/5102/5102 5103/5103/5103
f 5101/5101/5101 5103/5103/5103 5104/5104/5104
f 5105/5105/5105 5106/5106/5106 5107/5107/5107
f 5105/5105/5105 5107/5107/5107 5108/5108/5108
f 5109/5109/5109 5110/5110/5110 5111/5111/5111
f 5109/5109/5109 5111/5111/5111 5112/5112/5112
f 5113/5113/5113 5114/5114/5114 5115/5115/5115
f 5113/5113/5113 5115/5115/5115 5116/5116/5116
f 5117/5117/5117 5118/5118/5118 5119/5119/5119
f 5117/5117/5117 5119/5119/5119 5120/5120/5120
f 5121/5121/5121 5122/5122/5122 5123/5123/5123
f 5121/5121/5121 5123/5123/5123 5124/5124/5124
f 5125/5125/5125 5126/5126/5126 5127/5127/5127
f 5125/5125/5125 5127/5127/5127 5128/5128/5128
f 5129/5129/5129 5130/5130/5130 5131/5131/5131
f 5129/5129/5129 5131/5131/5131 5132/5132/5132
f 5133/5133/5133 5134/5134/5134 5135/5135/5135
f 5133/5133/5133 5135/5135/5135 5136/5136/5136
f 5137/5137/5137 5138/5138/5138 5139/5139/5139
f 5137/5137/5137 5139/5139/5139 5140/5140/5140
f 5141/5141/5141 5142/5142/5142 5143/5143/5143
f 5141/5141/5141 5143/5143/5143 5144/5144/5144
f 5145/5145/5145 5146/5146/5146 5147/5147/5147
f 5145/5145/5145 5147/5147/5147 5148/5148/5148
f 5149/5149/5149 5150/5150/5150 5151/5151/5151
f 5149/5149/5149 5151/5151/5151 5152/5152/5152
f 5153/5153/5153 5154/5154/5154 5155/5155/5155
f 5153/5153/5153 5155/5155/5155 5156/5156/5156
f 5157/5157/5157 5158/5158/5158 5159/5159/5159
f 5157/5157/5157 5159/5159/5159 5160/5160/5160
f 5161/5161/5161 5163/5163/5163 5162/5162/5162
f 5164/5164/5164 5165/5165/5165 5166/5166/5166
f 5167/5167/5167 5168/5168/5168 5169/5169/5169
f 5170/5170/5170 5172/5172/5172 5171/5171/5171
f 5173/5173/5173 5174/5174/5174 5175/5175/5175
f 5176/5176/5176 5178/5178/5178 5177/5177/5177
f 5179/5179/5179 5181/5181/5181 5180/5180/5180
f 5182/5182/5182 5183/5183/5183 5184/5184/5184
f 5185/5185/5185 5186/5186/5186 5187/5187/5187
f 5185/5185/5185 5187/5187/5187 5188/5188/5188
f 5189/5189/5189 5190/5190/5190 5191/5191/5191
f 5189/5189/5189 5191/5191/5191 5192/5192/5192
f 5193/5193/5193 5194/5194/5194 5195/5195/5195
f 5193/5193/5193 5195/5195/5195 5196/5196/5196
f 5197/5197/5197 5198/5198/5198 5199/5199/5199
f 5197/5197/5197 5199/5199/5199 5200/5200/5200
f 5201/5201/5201 5202/5202/5202 5203/5203/5203
f 5201/5201/5201 5203/5203/5203 5204/5204/5204
f 5205/5205/5205 5206/5206/5206 5207/5207/5207
f 5205/5205/5205 5207/5207/5207 5208/5208/5208
f 5209/5209/5209 5210/5210/5210 5211/5211/5211
f 5209/5209/5209 5211/5211/5211 5212/5212/5212
f 5213/5213/5213 5214/5214/5214 5215/5215/5215
f 5213/5213/5213 5215/5215/5215 5216/5216/5216
f 5217/5217/5217 5218/5218/5218 5219/5219/5219
f 5217/5217/5217 5219/5219/5219 5220/5220/5220
f 5221/5221/5221 5222/5222/5222 5223/5223/5223
f 5221/5221/5221 5223/5223/5223 5224/5224/5224
f 5225/5225/5225 5226/5226/5226 5227/5227/5227
f 5225/5225/5225 5227/5227/5227 5228/5228/5228
f 5229/5229/5229 5230/5230/5230 5231/5231/5231
f 5229/5229/5229 5231/5231/5231 5232/5232/5232
f 5233/5233/5233 5234/5234/5234 5235/5235/5235
f 5233/5233/5233 5235/5235/5235 5236/5236/5236
f 5237/5237/5237 5238/5238/5238 5239/5239/5239
f 5237/5237/5237 5239/5239/5239 5240/5240/5240
f 5241/5241/5241 5242/5242/5242 5243/5243/5243
f 5241/5241/5241 5243/5243/5243 5244/5244/5244
f 5245/5245/5245 5246/5246/5246 5247/5247/5247
f 5245/5245/5245 5247/5247/5247 5248/5248/5248
f 5249/5249/5249 5250/5250/5250 5251/5251/5251
f 5249/5249/5249 5251/5251/5251 5252/5252/5252
f 5253/5253/5253 5254/5254/5254 5255/5255/5255
f 5253/5253/5253 5255/5255/5255 5256/5256/5256
f 5257/5257/5257 5259/5259/5259 5258/5258/5258
f 5260/5260/5260 5261/5261/5261 5262/5262/5262
f 5263/5263/5263 5264/5264/5264 5265/5265/5265
f 5266/5266/5266 5268/5268/5268 5267/5267/5267
f 5269/5269/5269 5270/5270/5270 5271/5271/5271
f 5272/5272/5272 5274/5274/5274 5273/5273/5273
f 5275/5275/5275 5277/5277/5277 5276/5276/5276
f 5278/5278/5278 5279/5279/5279 5280/5280/5280
f 5281/5281/5281 5282/5282/5282 5283/5283/5283
f 5281/5281/5281 5283/5283/5283 5284/5284/5284
f 5285/5285/5285 5286/5286/5286 5287/5287/5287
f 5285/5285/5285 5287/5287/5287 5288/5288/5288
f 5289/5289/5289 5290/5290/5290 5291/5291/5291
f 5289/5289/5289 5291/5291/5291 5292/5292/5292
f 5293/5293/5293 5294/5294/5294 5295/5295/5295
f 5293/5293/5293 5295/5295/5295 5296/5296/5296
f 5297/5297/5297 5298/5298/5298 5299/5299/5299
f 5297/5297/5297 5299/5299/5299 5300/5300/5300
f 5301/5301/5301 5302/5302/5302 5303/5303/5303
f 5301/5301/5301 5303/5303/5303 5304/5304/5304
f 5305/5305/5305 5306/5306/5306 5307/5307/5307
f 5305/5305/5305 5307/5307/5307 5308/5308/5308
f 5309/5309/5309 5310/5310/5310 5311/5311/5311
f 5309/5309/5309 5311/5311/5311 5312/5312/5312
f 5313/5313/5313 5314/5314/5314 5315/5315/5315
f 5313/5313/5313 5315/5315/5315 5316/5316/5316
f 5317/5317/5317 5318/5318/5318 5319/5319/5319
f 5317/5317/5317 5319/5319/5319 5320/5320/5320
f 5321/5321/5321 5322/5322/5322 5323/5323/5323
f 5321/5321/5321 5323/5323/5323 5324/5324/5324
f 5325/5325/5325 5326/5326/5326 5327/5327/5327
f 5325/5325/5325 5327/5327/5327 5328/5328/5328
f 5329/5329/5329 5330/5330/5330 5331/5331/5331
f 5329/5329/5329 5331/5331/5331 5332/5332/5332
f 5333/5333/5333 5334/5334/5334 5335/5335/5335
f 5333/5333/5333 5335/5335/5335 5336/5336/5336
f 5337/5337/5337 5338/5338/5338 5339/5339/5339
f 5337/5337/5337 5339/5339/5339 5340/5340/5340
f 5341/5341/5341 5342/5342/5342 5343/5343/5343
f 5341/5341/5341 5343/5343/5343 5344/5344/5344
f 5345/5345/5345 5346/5346/5346 5347/5347/5347
f 5345/5345/5345 5347/5347/5347 5348/5348/5348
f 5349/5349/5349 5350/5350/5350 5351/5351/5351
f 5349/5349/5349 5351/5351/5351 5352/5352/5352
f 5353/5353/5353 5355/5355/5355 5354/5354/5354
f 5356/5356/5356 5357/5357/5357 5358/5358/5358
f 5359/5359/5359 5360/5360/5360 5361/5361/5361
f 5362/5362/5362 5364/5364/5364 5363/5363/5363
f 5365/5365/5365 5366/5366/5366 5367/5367/5367
f 5368/5368/5368 5370/5370/5370 5369/5369/5369
f 5371/5371/5371 5373/5373/5373 5372/5372/5372
f 5374/5374/5374 5375/5375/5375 5376/5376/5376
f 5377/5377/5377 5378/5378/5378 5379/5379/5379
f 5377/5377/5377 5379/5379/5379 5380/5380/5380
f 5381/5381/5381 5382/5382/5382 5383/5383/5383
f 5381/5381/5381 5383/5383/5383 5384/5384/5384
f 5385/5385/5385 5386/5386/5386 5387/5387/5387
f 5385/5385/5385 5387/5387/5387 5388/5388/5388
f 5389/5389/5389 5390/5390/5390 5391/5391/5391
f 5389/5389/5389 5391/5391/5391 5392/5392/5392
f 5393/5393/5393 5394/5394/5394 5395/5395/5395
f 5393/5393/5393 5395/5395/5395 5396/5396/5396
f 5397/5397/5397 5398/5398/5398 5399/5399/5399
f 5397/5397/5397 5399/5399/5399 5400/5400/5400
f 5401/5401/5401 5402/5402/5402 5403/5403/5403
f 5401/5401/5401 5403/5403/5403 5404/5404/5404
f 5405/5405/5405 5406/5406/5406 5407/5407/5407
f 5405/5405/5405 5407/5407/5407 5408/5408/5408
f 5409/5409/5409 5410/5410/5410 5411/5411/5411
f 5409/5409/5409 5411/5411/5411 5412/5412/5412
f 5413/5413/5413 5414/5414/5414 5415/5415/5415
f 5413/5413/5413 5415/5415/5415 5416/5416/5416
f 5417/5417/5417 5418/5418/5418 5419/5419/5419
f 5417/5417/5417 5419/5419/5419 5420/5420/5420
f 5421/5421/5421 5422/5422/5422 5423/5423/5423
f 5421/5421/5421 5423/5423/5423 5424/5424/5424
f 5425/5425/5425 5426/5426/5426 5427/5427/5427
f 5425/5425/5425 5427/5427/5427 5428/5428/5428
f 5429/5429/5429 5430/5430/5430 5431/5431/5431
f 5429/5429/5429 5431/5431/5431 5432/5432/5432
f 5433/5433/5433 5434/5434/5434 5435/5435/5435
f 5433/5433/5433 5435/5435/5435 5436/5436/5436
f 5437/5437/5437 5438/5438/5438 5439/5439/5439
f 5437/5437/5437 5439/5439/5439 5440/5440/5440
f 5441/5441/5441 5442/5442/5442 5443/5443/5443
f 5441/5441/5441 5443/5443/5443 5444/5444/5444
f 5445/5445/5445 5446/5446/5446 5447/5447/5447
f 5445/5445/5445 5447/5447/5447 5448/5448/5448
f 5449/5449/5449 5451/5451/5451 5450/5450/5450
f 5452/5452/5452 5453/5453/5453 5454/5454/5454
f 5455/5455/5455 5456/5456/5456 5457/5457/5457
f 5458/5458/5458 5460/5460/5460 5459/5459/5459
f 5461/5461/5461 5462/5462/5462 5463/5463/5463
f 5464/5464/5464 5466/5466/5466 5465/5465/5465
f 5467/5467/5467 5469/5469/5469 5468/5468/5468
f 5470/5470/5470 5471/5471/5471 5472/5472/5472
f 5473/5473/5473 5474/5474/5474 5475/5475/5475
f 5473/5473/5473 5475/5475/5475 5476/5476/5476
f 5477/5477/5477 5478/5478/5478 5479/5479/5479
f 5477/5477/5477 5479/5479/5479 5480/5480/5480
f 5481/5481/5481 5482/5482/5482 5483/5483/5483
f 5481/5481/5481 5483/5483/5483 5484/5484/5484
f 5485/5485/5485 5486/5486/5486 5487/5487/5487
f 5485/5485/5485 5487/5487/5487 5488/5488/5488
f 5489/5489/5489 5490/5490/5490 5491/5491/5491
f 5489/5489/5489 5491/5491/5491 5492/5492/5492
f 5493/5493/5493 5494/5494/5494 5495/5495/5495
f 5493/5493/5493 5495/5495/5495 5496/5496/5496
f 5497/5497/5497 5498/5498/5498 5499/5499/5499
f 5497/5497/5497 5499/5499/5499 5500/5500/5500
f 5501/5501/5501 5502/5502/5502 5503/5503/5503
f 5501/5501/5501 5503/5503/5503 5504/5504/5504
f 5505/5505/5505 5506/5506/5506 5507/5507/5507
f 5505/5505/5505 5507/5507/5507 5508/5508/5508
f 5509/5509/5509 5510/5510/5510 5511/5511/5511
f 5509/5509/5509 5511/5511/5511 5512/5512/5512
f 5513/5513/5513 5514/5514/5514 5515/5515/5515
f 5513/5513/5513 5515/5515/5515 5516/5516/5516
f 5517/5517/5517 5518/5518/5518 5519/5519/5519
f 5517/5517/5517 5519/5519/5519 5520/5520/5520
f 5521/5521/5521 5522/5522/5522 5523/5523/5523
f 5521/5521/5521 5523/5523/5523 5524/5524/5524
f 5525/5525/5525 5526/5526/5526 5527/5527/5527
f 5525/5525/5525 5527/5527/5527 5528/5528/5528
f 5529/5529/5529 5530/5530/5530 5531/5531/5531
f 5529/5529/5529 5531/5531/5531 5532/5532/5532
f 5533/5533/5533 5534/5534/5534 5535/5535/5535
f 5533/5533/5533 5535/5535/5535 5536/5536/5536
f 5537/5537/5537 5538/5538/5538 5539/5539/5539
f 5537/5537/5537 5539/5539/5539 5540/5540/5540
f 5541/5541/5541 5542/5542/5542 5543/5543/5543
f 5541/5541/5541 5543/5543/5543 5544/5544/5544
f 5545/5545/5545 5547/5547/5547 5546/5546/5546
f 5548/5548/5548 5549/5549/5549 5550/5550/5550
f 5551/5551/5551 5552/5552/5552 5553/5553/5553
f 5554/5554/5554 5556/5556/5556 5555/5555/5555
f 5557/5557/5557 5558/5558/5558 5559/5559/5559
f 5560/5560/5560 5562/5562/5562 5561/5561/5561
f 5563/5563/5563 5565/5565/5565 5564/5564/5564
f 5566/5566/5566 5567/5567/5567 5568/5568/5568
f 5569/5569/5569 5570/5570/5570 5571/5571/5571
f 5569/5569/5569 5571/5571/5571 5572/5572/5572
f 5573/5573/5573 5574/5574/5574 5575/5575/5575
f 5573/5573/5573 5575/5575/5575 5576/5576/5576
f 5577/5577/5577 5578/5578/5578 5579/5579/5579
f 5577/5577/5577 5579/5579/5579 5580/5580/5580
f 5581/5581/5581 5582/5582/5582 5583/5583/5583
f 5581/5581/5581 5583/5583/5583 5584/5584/5584
f 5585/5585/5585 5586/5586/5586 5587/5587/5587
f 5585/5585/5585 5587/5587/5587 5588/5588/5588
f 5589/5589/5589 5590/5590/5590 5591/5591/5591
f 5589/5589/5589 5591/5591/5591 5592/5592/5592
f 5593/5593/5593 5594/5594/5594 5595/5595/5595
f 5593/5593/5593 5595/5595/5595 5596/5596/5596
f 5597/5597/5597 5598/5598/5598 5599/5599/5599
f 5597/5597/5597 5599/5599/5599 5600/5600/5600
f 5601/5601/5601 5602/5602/5602 5603/5603/5603
f 5601/5601/5601 5603/5603/5603 5604/5604/5604
f 5605/5605/5605 5606/5606/5606 5607/5607/5607
f 5605/5605/5605 5607/5607/5607 5608/5608/5608
f 5609/5609/5609 5610/5610/5610 5611/5611/5611
f 5609/5609/5609 5611/5611/5611 5612/5612/5612
f 5613/5613/5613 5614/5614/5614 5615/5615/5615
f 5613/5613/5613 5615/5615/5615 5616/5616/5616
f 5617/5617/5617 5618/5618/5618 5619/5619/5619
f 5617/5617/5617 5619/5619/5619 5620/5620/5620
f 5621/5621/5621 5622/5622/5622 5623/5623/5623
f 5621/5621/5621 5623/5623/5623 5624/5624/5624
f 5625/5625/5625 5626/5626/5626 5627/5627/5627
f 5625/5625/5625 5627/5627/5627 5628/5628/5628
f 5629/5629/5629 5630/5630/5630 5631/5631/5631
f 5629/5629/5629 5631/5631/5631 5632/5632/5632
f 5633/5633/5633 5634/5634/5634 5635/5635/5635
f 5633/5633/5633 5635/5635/5635 5636/5636/5636
f 5637/5637/5637 5638/5638/5638 5639/5639/5639
f 5637/5637/5637 5639/5639/5639 5640/5640/5640
f 5641/5641/5641 5643/5643/5643 5642/5642/5642
f 5644/5644/5644 5645/5645/5645 5646/5646/5646
f 5647/5647/5647 5648/5648/5648 5649/5649/5649
f 5650/5650/5650 5652/5652/5652 5651/5651/5651
f 5653/5653/5653 5654/5654/5654 5655/5655/5655
f 5656/5656/5656 5658/5658/5658 5657/5657/5657
f 5659/5659/5659 5661/5661/5661 5660/5660/5660
f 5662/5662/5662 5663/5663/5663 5664/5664/5664
f 5665/5665/5665 5666/5666/5666 5667/5667/5667
f 5665/5665/5665 5667/5667/5667 5668/5668/5668
f 5669/5669/5669 5670/5670/5670 5671/5671/5671
f 5669/5669/5669 5671/5671/5671 5672/5672/5672
f 5673/5673/5673 5674/5674/5674 5675/5675/5675
f 5673/5673/5673 5675/5675/5675 5676/5676/5676
f 5677/5677/5677 5678/5678/5678 5679/5679/5679
f 5677/5677/5677 5679/5679/5679 5680/5680/5680
f 5681/5681/5681 5682/5682/5682 5683/5683/5683
f 5681/5681/5681 5683/5683/5683 5684/5684/5684
f 5685/5685/5685 5686/5686/5686 5687/5687/5687
f 5685/5685/5685 5687/5687/5687 5688/5688/5688
f 5689/5689/5689 5690/5690/5690 5691/5691/5691
f 5689/5689/5689 5691/5691/5691 5692/5692/5692
f 5693/5693/5693 5694/5694/5694 5695/5695/5695
f 5693/5693/5693 5695/5695/5695 5696/5696/5696
f 5697/5697/5697 5698/5698/5698 5699/5699/5699
f 5697/5697/5697 5699/5699/5699 5700/5700/5700
f 5701/5701/5701 5702/5702/5702 5703/5703/5703
f 5701/5701/5701 5703/5703/5703 5704/5704/5704
f 5705/5705/5705 5706/5706/5706 5707/5707/5707
f 5705/5705/5705 5707/5707/5707 5708/5708/5708
f 5709/5709/5709 5710/5710/5710 5711/5711/5711
f 5709/5709/5709 5711/5711/5711 5712/5712/5712
f 5713/5713/5713 5714/5714/5714 5715/5715/5715
f 5713/5713/5713 5715/5715/5715 5716/5716/5716
f 5717/5717/5717 5718/5718/5718 5719/5719/5719
f 5717/5717/5717 5719/5719/5719 5720/5720/5720
f 5721/5721/5721 5722/5722/5722 5723/5723/5723
f 5721/5721/5721 5723/5723/5723 5724/5724/5724
f 5725/5725/5725 5726/5726/5726 5727/5727/5727
f 5725/5725/5725 5727/5727/5727 5728/5728/5728
f 5729/5729/5729 5730/5730/5730 5731/5731/5731
f 5729/5729/5729 5731/5731/5731 5732/5732/5732
f 5733/5733/5733 5734/5734/5734 5735/5735/5735
f 5733/5733/5733 5735/5735/5735 5736/5736/5736
f 5737/5737/5737 5739/5739/5739 5738/5738/5738
f 5740/5740/5740 5741/5741/5741 5742/5742/5742
f 5743/5743/5743 5744/5744/5744 5745/5745/5745
f 5746/5746/5746 5748/5748/5748 5747/5747/5747
f 5749/5749/5749 5750/5750/5750 5751/5751/5751
f 5752/5752/5752 5754/5754/5754 5753/5753/5753
f 5755/5755/5755 5757/5757/5757 5756/5756/5756
f 5758/5758/5758 5759/5759/5759 5760/5760/5760
f 5761/5761/5761 5762/5762/5762 5763/5763/5763
f 5761/5761/5761 5763/5763/5763 5764/5764/5764
f 5765/5765/5765 5766/5766/5766 5767/5767/5767
f 5765/5765/5765 5767/5767/5767 5768/5768/5768
f 5769/5769/5769 5770/5770/5770 5771/5771/5771
f 5769/5769/5769 5771/5771/5771 5772/5772/5772
f 5773/5773/5773 5774/5774/5774 5775/5775/5775
f 5773/5773/5773 5775/5775/5775 5776/5776/5776
f 5777/5777/5777 5778/5778/5778 5779/5779/5779
f 5777/5777/5777 5779/5779/5779 5780/5780/5780
f 5781/5781/5781 5782/5782/5782 5783/5783/5783
f 5781/5781/5781 5783/5783/5783 5784/5784/5784
f 5785/5785/5785 5786/5786/5786 5787/5787/5787
f 5785/5785/5785 5787/5787/5787 5788/5788/5788
f 5789/5789/5789 5790/5790/5790 5791/5791/5791
f 5789/5789/5789 5791/5791/5791 5792/5792/5792
f 5793/5793/5793 5794/5794/5794 5795/5795/5795
f 5793/5793/5793 5795/5795/5795 5796/5796/5796
f 5797/5797/5797 5798/5798/5798 5799/5799/5799
f 5797/5797/5797 5799/5799/5799 5800/5800/5800
f 5801/5801/5801 5802/5802/5802 5803/5803/5803
f 5801/5801/5801 5803/5803/5803 5804/5804/5804
f 5805/5805/5805 5806/5806/5806 5807/5807/5807
f 5805/5805/5805 5807/5807/5807 5808/5808/5808
f 5809/5809/5809 5810/5810/5810 5811/5811/5811
f 5809/5809/5809 5811/5811/5811 5812/5812/5812
f 5813/5813/5813 5814/5814/5814 5815/5815/5815
f 5813/5813/5813 5815/5815/5815 5816/5816/5816
f 5817/5817/5817 5818/5818/5818 5819/5819/5819
f 5817/5817/5817 5819/5819/5819 5820/5820/5820
f 5821/5821/5821 5822/5822/5822 5823/5823/5823
f 5821/5821/5821 5823/5823/5823 5824/5824/5824
f 5825/5825/5825 5826/5826/5826 5827/5827/5827
f 5825/5825/5825 5827/5827/5827 5828/5828/5828
f 5829/5829/5829 5830/5830/5830 5831/5831/5831
f 5829/5829/5829 5831/5831/5831 5832/5832/5832
f 5833/5833/5833 5835/5835/5835 5834/5834/5834
f 5836/5836/5836 5837/5837/5837 5838/5838/5838
f 5839/5839/5839 5840/5840/5840 5841/5841/5841
f 5842/5842/5842 5844/5844/5844 5843/5843/5843
f 5845/5845/5845 5846/5846/5846 5847/5847/5847
f 5848/5848/5848 5850/5850/5850 5849/5849/5849
f 5851/5851/5851 5853/5853/5853 5852/5852/5852
f 5854/5854/5854 5855/5855/5855 5856/5856/5856
f 5857/5857/5857 5858/5858/5858 5859/5859/5859
f 5857/5857/5857 5859/5859/5859 5860/5860/5860
f 5861/5861/5861 5862/5862/5862 5863/5863/5863
f 5861/5861/5861 5863/5863/5863 5864/5864/5864
f 5865/5865/5865 5866/5866/5866 5867/5867/5867
f 5865/5865/5865 5867/5867/5867 5868/5868/5868
f 5869/5869/5869 5870/5870/5870 5871/5871/5871
f 5869/5869/5869 5871/5871/5871 5872/5872/5872
f 5873/5873/5873 5874/5874/5874 5875/5875/5875
f 5873/5873/5873 5875/5875/5875 5876/5876/5876
f 5877/5877/5877 5878/5878/5878 5879/5879/5879
f 5877/5877/5877 5879/5879/5879 5880/5880/5880
f 5881/5881/5881 5882/5882/5882 5883/5883/5883
f 5881/5881/5881 5883/5883/5883 5884/5884/5884
f 5885/5885/5885 5886/5886/5886 5887/5887/5887
f 5885/5885/5885 5887/5887/5887 5888/5888/5888
f 5889/5889/5889 5890/5890/5890 5891/5891/5891
f 5889/5889/5889 5891/5891/5891 5892/5892/5892
f 5893/5893/5893 5894/5894/5894 5895/5895/5895
f 5893/5893/5893 5895/5895/5895 5896/5896/5896
f 5897/5897/5897 5898/5898/5898 5899/5899/5899
f 5897/5897/5897 5899/5899/5899 5900/5900/5900
f 5901/5901/5901 5902/5902/5902 5903/5903/5903
f 5901/5901/5901 5903/5903/5903 5904/5904/5904
f 5905/5905/5905 5906/5906/5906 5907/5907/5907
f 5905/5905/5905 5907/5907/5907 5908/5908/5908
f 5909/5909/5909 5910/5910/5910 5911/5911/5911
f 5909/5909/5909 5911/5911/5911 5912/5912/5912
f 5913/5913/5913 5914/5914/5914 5915/5915/5915
f 5913/5913/5913 5915/5915/5915 5916/5916/5916
f 5917/5917/5917 5918/5918/5918 5919/5919/5919
f 5917/5917/5917 5919/5919/5919 5920/5920/5920
f 5921/5921/5921 5922/5922/5922 5923/5923/5923
f 5921/5921/5921 5923/5923/5923 5924/5924/5924
f 5925/5925/5925 5926/5926/5926 5927/5927/5927
f 5925/5925/5925 5927/5927/5927 5928/5928/5928
f 5929/5929/5929 5931/5931/5931 5930/5930/5930
f 5932/5932/5932 5933/5933/5933 5934/5934/5934
f 5935/5935/5935 5936/5936/5936 5937/5937/5937
f 5938/5938/5938 5940/5940/5940 5939/5939/5939
f 5941/5941/5941 5942/5942/5942 5943/5943/5943
f 5944/5944/5944 5946/5946/5946 5945/5945/5945
f 5947/5947/5947 5949/5949/5949 5948/5948/5948
f 5950/5950/5950 5951/5951/5951 5952/5952/5952
f 5953/5953/5953 5954/5954/5954 5955/5955/5955
f 5953/5953/5953 5955/5955/5955 5956/5956/5956
f 5957/5957/5957 5958/5958/5958 5959/5959/5959
f 5957/5957/5957 5959/5959/5959 5960/5960/5960
f 5961/5961/5961 5962/5962/5962 5963/5963/5963
f 5961/5961/5961 5963/5963/5963 5964/5964/5964
f 5965/5965/5965 5966/5966/5966 5967/5967/5967
f 5965/5965/5965 5967/5967/5967 5968/5968/5968
f 5969/5969/5969 5970/5970/5970 5971/5971/5971
f 5969/5969/5969 5971/5971/5971 5972/5972/5972
f 5973/5973/5973 5974/5974/5974 5975/5975/5975
f 5973/5973/5973 5975/5975/5975 5976/5976/5976
f 5977/5977/5977 5978/5978/5978 5979/5979/5979
f 5977/5977/5977 5979/5979/5979 5980/5980/5980
f 5981/5981/5981 5982/5982/5982 5983/5983/5983
f 5981/5981/5981 5983/5983/5983 5984/5984/5984
f 5985/5985/5985 5986/5986/5986 5987/5987/5987
f 5985/5985/5985 5987/5987/5987 5988/5988/5988
f 5989/5989/5989 5990/5990/5990 5991/5991/5991
f 5989/5989/5989 5991/5991/5991 5992/5992/5992
f 5993/5993/5993 5994/5994/5994 5995/5995/5995
f 5993/5993/5993 5995/5995/5995 5996/5996/5996
f 5997/5997/5997 5998/5998/5998 5999/5999/5999
f 5997/5997/5997 5999/5999/5999 6000/6000/6000
f 6001/6001/6001 6002/6002/6002 6003/6003/6003
f 6001/6001/6001 6003/6003/6003 6004/6004/6004
f 6005/6005/6005 6006/6006/6006 6007/6007/6007
f 6005/6005/6005 6007/6007/6007 6008/6008/6008
f 6009/6009/6009 6010/6010/6010 6011/6011/6011
f 6009/6009/6009 6011/6011/6011 6012/6012/6012
f 6013/6013/6013 6014/6014/6014 6015/6015/6015
f 6013/6013/6013 6015/6015/6015 6016/6016/6016
f 6017/6017/6017 6018/6018/6018 6019/6019/6019
f 6017/6017/6017 6019/6019/6019 6020/6020/6020
f 6021/6021/6021 6022/6022/6022 6023/6023/6023
f 6021/6021/6021 6023/6023/6023 6024/6024/6024
f 6025/6025/6025 6027/6027/6027 6026/6026/6026
f 6028/6028/6028 6029/6029/6029 6030/6030/6030
f 6031/6031/6031 6032/6032/6032 6033/6033/6033
f 6034/6034/6034 6036/6036/6036 6035/6035/6035
f 6037/6037/6037 6038/6038/6038 6039/6039/6039
f 6040/6040/6040 6042/6042/6042 6041/6041/6041
f 6043/6043/6043 6045/6045/6045 6044/6044/6044
f 6046/6046/6046 6047/6047/6047 6048/6048/6048
f 6049/6049/6049 6050/6050/6050 6051/6051/6051
f 6049/6049/6049 6051/6051/6051 6052/6052/6052
f 6053/6053/6053 6054/6054/6054 6055/6055/6055
f 6053/6053/6053 6055/6055/6055 6056/6056/6056
f 6057/6057/6057 6058/6058/6058 6059/6059/6059
f 6057/6057/6057 6059/6059/6059 6060/6060/6060
f 6061/6061/6061 6062/6062/6062 6063/6063/6063
f 6061/6061/6061 6063/6063/6063 6064/6064/6064
f 6065/6065/6065 6066/6066/6066 6067/6067/6067
f 6065/6065/6065 6067/6067/6067 6068/6068/6068
f 6069/6069/6069 6070/6070/6070 6071/6071/6071
f 6069/6069/6069 6071/6071/6071 6072/6072/6072
f 6073/6073/6073 6074/6074/6074 6075/6075/6075
f 6073/6073/6073 6075/6075/6075 6076/6076/6076
f 6077/6077/6077 6078/6078/6078 6079/6079/6079
f 6077/6077/6077 6079/6079/6079 6080/6080/6080
f 6081/6081/6081 6082/6082/6082 6083/6083/6083
f 6081/6081/6081 6083/6083/6083 6084/6084/6084
f 6085/6085/6085 6086/6086/6086 6087/6087/6087
f 6085/6085/6085 6087/6087/6087 6088/6088/6088
f 6089/6089/6089 6090/6090/6090 6091/6091/6091
f 6089/6089/6089 6091/6091/6091 6092/6092/6092
f 6093/6093/6093 6094/6094/6094 6095/6095/6095
f 6093/6093/6093 6095/6095/6095 6096/6096/6096
f 6097/6097/6097 6098/6098/6098 6099/6099/6099
f 6097/6097/6097 6099/6099/6099 6100/6100/6100
f 6101/6101/6101 6102/6102/6102 6103/6103/6103
f 6101/6101/6101 6103/6103/6103 6104/6104/6104
f 6105/6105/6105 6106/6106/6106 6107/6107/6107
f 6105/6105/6105 6107/6107/6107 6108/6108/6108
f 6109/6109/6109 6110/6110/6110 6111/6111/6111
f 6109/6109/6109 6111/6111/6111 6112/6112/6112
f 6113/6113/6113 6114/6114/6114 6115/6115/6115
f 6113/6113/6113 6115/6115/6115 6116/6116/6116
f 6117/6117/6117 6118/6118/6118 6119/6119/6119
f 6117/6117/6117 6119/6119/6119 6120/6120/6120
f 6121/6121/6121 6123/6123/6123 6122/6122/6122
f 6124/6124/6124 6125/6125/6125 6126/6126/6126
f 6127/6127/6127 6128/6128/6128 6129/6129/6129
f 6130/6130/6130 6132/6132/6132 6131/6131/6131
f 6133/6133/6133 6134/6134/6134 6135/6135/6135
f 6136/6136/6136 6138/6138/6138 6137/6137/6137
f 6139/6139/6139 6141/6141/6141 6140/6140/6140
f 6142/6142/6142 6143/6143/6143 6144/6144/6144
f 6145/6145/6145 6146/6146/6146 6147/6147/6147
f 6145/6145/6145 6147/6147/6147 6148/6148/6148
f 6149/6149/6149 6150/6150/6150 6151/6151/6151
f 6149/6149/6149 6151/6151/6151 6152/6152/6152
f 6153/6153/6153 6154/6154/6154 6155/6155/6155
f 6153/6153/6153 6155/6155/6155 6156/6156/6156
f 6157/6157/6157 6158/6158/6158 6159/6159/6159
f 6157/6157/6157 6159/6159/6159 6160/6160/6160
f 6161/6161/6161 6162/6162/6162 6163/6163/6163
f 6161/6161/6161 6163/6163/6163 6164/6164/6164
f 6165/6165/6165 6166/6166/6166 6167/6167/6167
f 6165/6165/6165 6167/6167/6167 6168/6168/6168
f 6169/6169/6169 6170/6170/6170 6171/6171/6171
f 6169/6169/6169 6171/6171/6171 6172/6172/6172
f 6173/6173/6173 6174/6174/6174 6175/6175/6175
f 6173/6173/6173 6175/6175/6175 6176/6176/6176
f 6177/6177/6177 6178/6178/6178 6179/6179/6179
f 6177/6177/6177 6179/6179/6179 6180/6180/6180
f 6181/6181/6181 6182/6182/6182 6183/6183/6183
f 6181/6181/6181 6183/6183/6183 6184/6184/6184
f 6185/6185/6185 6186/6186/6186 6187/6187/6187
f 6185/6185/6185 6187/6187/6187 6188/6188/6188
f 6189/6189/6189 6190/6190/6190 6191/6191/6191
f 6189/6189/6189 6191/6191/6191 6192/6192/6192
f 6193/6193/6193 6194/6194/6194 6195/6195/6195
f 6193/6193/6193 6195/6195/6195 6196/6196/6196
f 6197/6197/6197 6198/6198/6198 6199/6199/6199
f 6197/6197/6197 6199/6199/6199 6200/6200/6200
f 6201/6201/6201 6202/6202/6202 6203/6203/6203
f 6201/6201/6201 6203/6203/6203 6204/6204/6204
f 6205/6205/6205 6206/6206/6206 6207/6207/6207
f 6205/6205/6205 6207/6207/6207 6208/6208/6208
f 6209/6209/6209 6210/6210/6210 6211/6211/6211
f 6209/6209/6209 6211/6211/6211 6212/6212/6212
f 6213/6213/6213 6214/6214/6214 6215/6215/6215
f 6213/6213/6213 6215/6215/6215 6216/6216/6216
f 6217/6217/6217 6219/6219/6219 6218/6218/6218
f 6220/6220/6220 6221/6221/6221 6222/6222/6222
f 6223/6223/6223 6224/6224/6224 6225/6225/6225
f 6226/6226/6226 6228/6228/6228 6227/6227/6227
f 6229/6229/6229 6230/6230/6230 6231/6231/6231
f 6232/6232/6232 6234/6234/6234 6233/6233/6233
f 6235/6235/6235 6237/6237/6237 6236/6236/6236
f 6238/6238/6238 6239/6239/6239 6240/6240/6240
f 6241/6241/6241 6242/6242/6242 6243/6243/6243
f 6241/6241/6241 6243/6243/6243 6244/6244/6244
f 6245/6245/6245 6246/6246/6246 6247/6247/6247
f 6245/6245/6245 6247/6247/6247 6248/6248/6248
f 6249/6249/6249 6250/6250/6250 6251/6251/6251
f 6249/6249/6249 6251/6251/6251 6252/6252/6252
f 6253/6253/6253 6254/6254/6254 6255/6255/6255
f 6253/6253/6253 6255/6255/6255 6256/6256/6256
f 6257/6257/6257 6258/6258/6258 6259/6259/6259
f 6257/6257/6257 6259/6259/6259 6260/6260/6260
f 6261/6261/6261 6262/6262/6262 6263/6263/6263
f 6261/6261/6261 6263/6263/6263 6264/6264/6264
f 6265/6265/6265 6266/6266/6266 6267/6267/6267
f 6265/6265/6265 6267/6267/6267 6268/6268/6268
f 6269/6269/6269 6270/6270/6270 6271/6271/6271
f 6269/6269/6269 6271/6271/6271 6272/6272/6272
f 6273/6273/6273 6274/6274/6274 6275/6275/6275
f 6273/6273/6273 6275/6275/6275 6276/6276/6276
f 6277/6277/6277 6278/6278/6278 6279/6279/6279
f 6277/6277/6277 6279/6279/6279 6280/6280/6280
f 6281/6281/6281 6282/6282/6282 6283/6283/6283
f 6281/6281/6281 6283/6283/6283 6284/6284/6284
f 6285/6285/6285 6286/6286/6286 6287/6287/6287
f 6285/6285/6285 6287/6287/6287 6288/6288/6288
f 6289/6289/6289 6290/6290/6290 6291/6291/6291
f 6289/6289/6289 6291/6291/6291 6292/6292/6292
f 6293/6293/6293 6294/6294/6294 6295/6295/6295
f 6293/6293/6293 6295/6295/6295 6296/6296/6296
f 6297/6297/6297 6298/6298/6298 6299/6299/6299
f 6297/6297/6297 6299/6299/6299 6300/6300/6300
f 6301/6301/6301 6302/6302/6302 6303/6303/6303
f 6301/6301/6301 6303/6303/6303 6304/6304/6304
f 6305/6305/6305 6306/6306/6306 6307/6307/6307
f 6305/6305/6305 6307/6307/6307 6308/6308/6308
f 6309/6309/6309 6310/6310/6310 6311/6311/6311
f 6309/6309/6309 6311/6311/6311 6312/6312/6312
f 6313/6313/6313 6315/6315/6315 6314/6314/6314
f 6316/6316/6316 6317/6317/6317 6318/6318/6318
f 6319/6319/6319 6320/6320/6320 6321/6321/6321
f 6322/6322/6322 6324/6324/6324 6323/6323/6323
f 6325/6325/6325 6326/6326/6326 6327/6327/6327
f 6328/6328/6328 6330/6330/6330 6329/6329/6329
f 6331/6331/6331 6333/6333/6333 6332/6332/6332
f 6334/6334/6334 6335/6335/6335 6336/6336/6336
f 6337/6337/6337 6338/6338/6338 6339/6339/6339
f 6337/6337/6337 6339/6339/6339 6340/6340/6340
f 6341/6341/6341 6342/6342/6342 6343/6343/6343
f 6341/6341/6341 6343/6343/6343 6344/6344/6344
f 6345/6345/6345 6346/6346/6346 6347/6347/6347
f 6345/6345/6345 6347/6347/6347 6348/6348/6348
f 6349/6349/6349 6350/6350/6350 6351/6351/6351
f 6349/6349/6349 6351/6351/6351 6352/6352/6352
f 6353/6353/6353 6354/6354/6354 6355/6355/6355
f 6353/6353/6353 6355/6355/6355 6356/6356/6356
f 6357/6357/6357 6358/6358/6358 6359/6359/6359
f 6357/6357/6357 6359/6359/6359 6360/6360/6360
f 6361/6361/6361 6362/6362/6362 6363/6363/6363
f 6361/6361/6361 6363/6363/6363 6364/6364/6364
f 6365/6365/6365 6366/6366/6366 6367/6367/6367
f 6365/6365/6365 6367/6367/6367 6368/6368/6368
f 6369/6369/6369 6370/6370/6370 6371/6371/6371
f 6369/6369/6369 6371/6371/6371 6372/6372/6372
f 6373/6373/6373 6374/6374/6374 6375/6375/6375
f 6373/6373/6373 6375/6375/6375 6376/6376/6376
f 6377/6377/6377 6378/6378/6378 6379/6379/6379
f 6377/6377/6377 6379/6379/6379 6380/6380/6380
f 6381/6381/6381 6382/6382/6382 6383/6383/6383
f 6381/6381/6381 6383/6383/6383 6384/6384/6384
f 6385/6385/6385 6386/6386/6386 6387/6387/6387
f 6385/6385/6385 6387/6387/6387 6388/6388/6388
f 6389/6389/6389 6390/6390/6390 6391/6391/6391
f 6389/6389/6389 6391/6391/6391 6392/6392/6392
f 6393/6393/6393 6394/6394/6394 6395/6395/6395
f 6393/6393/6393 6395/6395/6395 6396/6396/6396
f 6397/6397/6397 6398/6398/6398 6399/6399/6399
f 6397/6397/6397 6399/6399/6399 6400/6400/6400
f 6401/6401/6401 6402/6402/6402 6403/6403/6403
f 6401/6401/6401 6403/6403/6403 6404/6404/6404
f 6405/6405/6405 6406/6406/6406 6407/6407/6407
f 6405/6405/6405 6407/6407/6407 6408/6408/6408
f 6409/6409/6409 6411/6411/6411 6410/6410/6410
f 6412/6412/6412 6413/6413/6413 6414/6414/6414
f 6415/6415/6415 6416/6416/6416 6417/6417/6417
f 6418/6418/6418 6420/6420/6420 6419/6419/6419
f 6421/6421/6421 6422/6422/6422 6423/6423/6423
f 6424/6424/6424 6426/6426/6426 6425/6425/6425
f 6427/6427/6427 6429/6429/6429 6428/6428/6428
f 6430/6430/6430 6431/6431/6431 6432/6432/6432
f 6433/6433/6433 6434/6434/6434 6435/6435/6435
f 6433/6433/6433 6435/6435/6435 6436/6436/6436
f 6437/6437/6437 6438/6438/6438 6439/6439/6439
f 6437/6437/6437 6439/6439/6439 6440/6440/6440
f 6441/6441/6441 6442/6442/6442 6443/6443/6443
f 6441/6441/6441 6443/6443/6443 6444/6444/6444
f 6445/6445/6445 6446/6446/6446 6447/6447/6447
f 6445/6445/6445 6447/6447/6447 6448/6448/6448
f 6449/6449/6449 6450/6450/6450 6451/6451/6451
f 6449/6449/6449 6451/6451/6451 6452/6452/6452
f 6453/6453/6453 6454/6454/6454 6455/6455/6455
f 6453/6453/6453 6455/6455/6455 6456/6456/6456
f 6457/6457/6457 6458/6458/6458 6459/6459/6459
f 6457/6457/6457 6459/6459/6459 6460/6460/6460
f 6461/6461/6461 6462/6462/6462 6463/6463/6463
f 6461/6461/6461 6463/6463/6463 6464/6464/6464
f 6465/6465/6465 6466/6466/6466 6467/6467/6467
f 6465/6465/6465 6467/6467/6467 6468/6468/6468
f 6469/6469/6469 6470/6470/6470 6471/6471/6471
f 6469/6469/6469 6471/6471/6471 6472/6472/6472
f 6473/6473/6473 6474/6474/6474 6475/6475/6475
f 6473/6473/6473 6475/6475/6475 6476/6476/6476
f 6477/6477/6477 6478/6478/6478 6479/6479/6479
f 6477/6477/6477 6479/6479/6479 6480/6480/6480
f 6481/6481/6481 6482/6482/6482 6483/6483/6483
f 6481/6481/6481 6483/6483/6483 6484/6484/6484
f 6485/6485/6485 6486/6486/6486 6487/6487/6487
f 6485/6485/6485 6487/6487/6487 6488/6488/6488
f 6489/6489/6489 6490/6490/6490 6491/6491/6491
f 6489/6489/6489 6491/6491/6491 6492/6492/6492
f 6493/6493/6493 6494/6494/6494 6495/6495/6495
f 6493/6493/6493 6495/6495/6495 6496/6496/6496
f 6497/6497/6497 6498/6498/6498 6499/6499/6499
f 6497/6497/6497 6499/6499/6499 6500/6500/6500
f 6501/6501/6501 6502/6502/6502 6503/6503/6503
f 6501/6501/6501 6503/6503/6503 6504/6504/6504
f 6505/6505/6505 6507/6507/6507 6506/6506/6506
f 6508/6508/6508 6509/6509/6509 6510/6510/6510
f 6511/6511/6511 6512/6512/6512 6513/6513/6513
f 6514/6514/6514 6516/6516/6516 6515/6515/6515
f 6517/6517/6517 6518/6518/6518 6519/6519/6519
f 6520/6520/6520 6522/6522/6522 6521/6521/6521
f 6523/6523/6523 6525/6525/6525 6524/6524/6524
f 6526/6526/6526 6527/6527/6527 6528/6528/6528
f 6529/6529/6529 6530/6530/6530 6531/6531/6531
f 6529/6529/6529 6531/6531/6531 6532/6532/6532
f 6533/6533/6533 6534/6534/6534 6535/6535/6535
f 6533/6533/6533 6535/6535/6535 6536/6536/6536
f 6537/6537/6537 6538/6538/6538 6539/6539/6539
f 6537/6537/6537 6539/6539/6539 6540/6540/6540
f 6541/6541/6541 6542/6542/6542 6543/6543/6543
f 6541/6541/6541 6543/6543/6543 6544/6544/6544
f 6545/6545/6545 6546/6546/6546 6547/6547/6547
f 6545/6545/6545 6547/6547/6547 6548/6548/6548
f 6549/6549/6549 6550/6550/6550 6551/6551/6551
f 6549/6549/6549 6551/6551/6551 6552/6552/6552
f 6553/6553/6553 6554/6554/6554 6555/6555/6555
f 6553/6553/6553 6555/6555/6555 6556/6556/6556
f 6557/6557/6557 6558/6558/6558 6559/6559/6559
f 6557/6557/6557 6559/6559/6559 6560/6560/6560
f 6561/6561/6561 6562/6562/6562 6563/6563/6563
f 6561/6561/6561 6563/6563/6563 6564/6564/6564
f 6565/6565/6565 6566/6566/6566 6567/6567/6567
f 6565/6565/6565 6567/6567/6567 6568/6568/6568
f 6569/6569/6569 6570/6570/6570 6571/6571/6571
f 6569/6569/6569 6571/6571/6571 6572/6572/6572
f 6573/6573/6573 6574/6574/6574 6575/6575/6575
f 6573/6573/6573 6575/6575/6575 6576/6576/6576
f 6577/6577/6577 6578/6578/6578 6579/6579/6579
f 6577/6577/6577 6579/6579/6579 6580/6580/6580
f 6581/6581/6581 6582/6582/6582 6583/6583/6583
f 6581/6581/6581 6583/6583/6583 6584/6584/6584
f 6585/6585/6585 6586/6586/6586 6587/6587/6587
f 6585/6585/6585 6587/6587/6587 6588/6588/6588
f 6589/6589/6589 6590/6590/6590 6591/6591/6591
f 6589/6589/6589 6591/6591/6591 6592/6592/6592
f 6593/6593/6593 6594/6594/6594 6595/6595/6595
f 6593/6593/6593 6595/6595/6595 6596/6596/6596
f 6597/6597/6597 6598/6598/6598 6599/6599/6599
f 6597/6597/6597 6599/6599/6599 6600/6600/6600
f 6601/6601/6601 6603/6603/6603 6602/6602/6602
f 6604/6604/6604 6605/6605/6605 6606/6606/6606
f 6607/6607/6607 6608/6608/6608 6609/6609/6609
f 6610/6610/6610 6612/6612/6612 6611/6611/6611
f 6613/6613/6613 6614/6614/6614 6615/6615/6615
f 6616/6616/6616 6618/6618/6618 6617/6617/6617
f 6619/6619/6619 6621/6621/6621 6620/6620/6620
f 6622/6622/6622 6623/6623/6623 6624/6624/6624
f 6625/6625/6625 6626/6626/6626 6627/6627/6627
f 6625/6625/6625 6627/6627/6627 6628/6628/6628
f 6629/6629/6629 6630/6630/6630 6631/6631/6631
f 6629/6629/6629 6631/6631/6631 6632/6632/6632
f 6633/6633/6633 6634/6634/6634 6635/6635/6635
f 6633/6633/6633 6635/6635/6635 6636/6636/6636
f 6637/6637/6637 6638/6638/6638 6639/6639/6639
f 6637/6637/6637 6639/6639/6639 6640/6640/6640
f 6641/6641/6641 6642/6642/6642 6643/6643/6643
f 6641/6641/6641 6643/6643/6643 6644/6644/6644
f 6645/6645/6645 6646/6646/6646 6647/6647/6647
f 6645/6645/6645 6647/6647/6647 6648/6648/6648
f 6649/6649/6649 6650/6650/6650 6651/6651/6651
f 6649/6649/6649 6651/6651/6651 6652/6652/6652
f 6653/6653/6653 6654/6654/6654 6655/6655/6655
f 6653/6653/6653 6655/6655/6655 6656/6656/6656
f 6657/6657/6657 6658/6658/6658 6659/6659/6659
f 6657/6657/6657 6659/6659/6659 6660/6660/6660
f 6661/6661/6661 6662/6662/6662 6663/6663/6663
f 6661/6661/6661 6663/6663/6663 6664/6664/6664
f 6665/6665/6665 6666/6666/6666 6667/6667/6667
f 6665/6665/6665 6667/6667/6667 6668/6668/6668
f 6669/6669/6669 6670/6670/6670 6671/6671/6671
f 6669/6669/6669 6671/6671/6671 6672/6672/6672
f 6673/6673/6673 6674/6674/6674 6675/6675/6675
f 6673/6673/6673 6675/6675/6675 6676/6676/6676
f 6677/6677/6677 6678/6678/6678 6679/6679/6679
f 6677/6677/6677 6679/6679/6679 6680/6680/6680
f 6681/6681/6681 6682/6682/6682 6683/6683/6683
f 6681/6681/6681 6683/6683/6683 6684/6684/6684
f 6685/6685/6685 6686/6686/6686 6687/6687/6687
f 6685/6685/6685 6687/6687/6687 6688/6688/6688
f 6689/6689/6689 6690/6690/6690 6691/6691/6691
f 6689/6689/6689 6691/6691/6691 6692/6692/6692
f 6693/6693/6693 6694/6694/6694 6695/6695/6695
f 6693/6693/6693 6695/6695/6695 6696/6696/6696
f 6697/6697/6697 6699/6699/6699 6698/6698/6698
f 6700/6700/6700 6701/6701/6701 6702/6702/6702
f 6703/6703/6703 6704/6704/6704 6705/6705/6705
f 6706/6706/6706 6708/6708/6708 6707/6707/6707
f 6709/6709/6709 6710/6710/6710 6711/6711/6711
f 6712/6712/6712 6714/6714/6714 6713/6713/6713
f 6715/6715/6715 6717/6717/6717 6716/6716/6716
f 6718/6718/6718 6719/6719/6719 6720/6720/6720
f 6721/6721/6721 6722/6722/6722 6723/6723/6723
f 6721/6721/6721 6723/6723/6723 6724/6724/6724
f 6725/6725/6725 6726/6726/6726 6727/6727/6727
f 6725/6725/6725 6727/6727/6727 6728/6728/6728
f 6729/6729/6729 6730/6730/6730 6731/6731/6731
f 6729/6729/6729 6731/6731/6731 6732/6732/6732
f 6733/6733/6733 6734/6734/6734 6735/6735/6735
f 6733/6733/6733 6735/6735/6735 6736/6736/6736
f 6737/6737/6737 6738/6738/6738 6739/6739/6739
f 6737/6737/6737 6739/6739/6739 6740/6740/6740
f 6741/6741/6741 6742/6742/6742 6743/6743/6743
f 6741/6741/6741 6743/6743/6743 6744/6744/6744
f 6745/6745/6745 6746/6746/6746 6747/6747/6747
f 6745/6745/6745 6747/6747/6747 6748/6748/6748
f 6749/6749/6749 6750/6750/6750 6751/6751/6751
f 6749/6749/6749 6751/6751/6751 6752/6752/6752
f 6753/6753/6753 6754/6754/6754 6755/6755/6755
f 6753/6753/6753 6755/6755/6755 6756/6756/6756
f 6757/6757/6757 6758/6758/6758 6759/6759/6759
f 6757/6757/6757 6759/6759/6759 6760/6760/6760
f 6761/6761/6761 6762/6762/6762 6763/6763/6763
f 6761/6761/6761 6763/6763/6763 6764/6764/6764
f 6765/6765/6765 6766/6766/6766 6767/6767/6767
f 6765/6765/6765 6767/6767/6767 6768/6768/6768
f 6769/6769/6769 6770/6770/6770 6771/6771/6771
f 6769/6769/6769 6771/6771/6771 6772/6772/6772
f 6773/6773/6773 6774/6774/6774 6775/6775/6775
f 6773/6773/6773 6775/6775/6775 6776/6776/6776
f 6777/6777/6777 6778/6778/6778 6779/6779/6779
f 6777/6777/6777 6779/6779/6779 6780/6780/6780
f 6781/6781/6781 6782/6782/6782 6783/6783/6783
f 6781/6781/6781 6783/6783/6783 6784/6784/6784
f 6785/6785/6785 6786/6786/6786 6787/6787/6787
f 6785/6785/6785 6787/6787/6787 6788/6788/6788
f 6789/6789/6789 6790/6790/6790 6791/6791/6791
f 6789/6789/6789 6791/6791/6791 6792/6792/6792
f 6793/6793/6793 6795/6795/6795 6794/6794/6794
f 6796/6796/6796 6797/6797/6797 6798/6798/6798
f 6799/6799/6799 6800/6800/6800 6801/6801/6801
f 6802/6802/6802 6804/6804/6804 6803/6803/6803
f 6805/6805/6805 6806/6806/6806 6807/6807/6807
f 6808/6808/6808 6810/6810/6810 6809/6809/6809
f 6811/6811/6811 6813/6813/6813 6812/6812/6812
f 6814/6814/6814 6815/6815/6815 6816/6816/6816
f 6817/6817/6817 6818/6818/6818 6819/6819/6819
f 6817/6817/6817 6819/6819/6819 6820/6820/6820
f 6821/6821/6821 6822/6822/6822 6823/6823/6823
f 6821/6821/6821 6823/6823/6823 6824/6824/6824
f 6825/6825/6825 6826/6826/6826 6827/6827/6827
f 6825/6825/6825 6827/6827/6827 6828/6828/6828
f 6829/6829/6829 6830/6830/6830 6831/6831/6831
f 6829/6829/6829 6831/6831/6831 6832/6832/6832
f 6833/6833/6833 6834/6834/6834 6835/6835/6835
f 6833/6833/6833 6835/6835/6835 6836/6836/6836
f 6837/6837/6837 6838/6838/6838 6839/6839/6839
f 6837/6837/6837 6839/6839/6839 6840/6840/6840
f 6841/6841/6841 6842/6842/6842 6843/6843/6843
f 6841/6841/6841 6843/6843/6843 6844/6844/6844
f 6845/6845/6845 6846/6846/6846 6847/6847/6847
f 6845/6845/6845 6847/6847/6847 6848/6848/6848
f 6849/6849/6849 6850/6850/6850 6851/6851/6851
f 6849/6849/6849 6851/6851/6851 6852/6852/6852
f 6853/6853/6853 6854/6854/6854 6855/6855/6855
f 6853/6853/6853 6855/6855/6855 6856/6856/6856
f 6857/6857/6857 6858/6858/6858 6859/6859/6859
f 6857/6857/6857 6859/6859/6859 6860/6860/6860
f 6861/6861/6861 6862/6862/6862 6863/6863/6863
f 6861/6861/6861 6863/6863/6863 6864/6864/6864
f 6865/6865/6865 6866/6866/6866 6867/6867/6867
f 6865/6865/6865 6867/6867/6867 6868/6868/6868
f 6869/6869/6869 6870/6870/6870 6871/6871/6871
f 6869/6869/6869 6871/6871/6871 6872/6872/6872
f 6873/6873/6873 6874/6874/6874 6875/6875/6875
f 6873/6873/6873 6875/6875/6875 6876/6876/6876
f 6877/6877/6877 6878/6878/6878 6879/6879/6879
f 6877/6877/6877 6879/6879/6879 6880/6880/6880
f 6881/6881/6881 6882/6882/6882 6883/6883/6883
f 6881/6881/6881 6883/6883/6883 6884/6884/6884
f 6885/6885/6885 6886/6886/6886 6887/6887/6887
f 6885/6885/6885 6887/6887/6887 6888/6888/6888
f 6889/6889/6889 6891/6891/6891 6890/6890/6890
f 6892/6892/6892 6893/6893/6893 6894/6894/6894
f 6895/6895/6895 6896/6896/6896 6897/6897/6897
f 6898/6898/6898 6900/6900/6900 6899/6899/6899
f 6901/6901/6901 6902/6902/6902 6903/6903/6903
f 6904/6904/6904 6906/6906/6906 6905/6905/6905
f 6907/6907/6907 6909/6909/6909 6908/6908/6908
f 6910/6910/6910 6911/6911/6911 6912/6912/6912
f 6913/6913/6913 6914/6914/6914 6915/6915/6915
f 6913/6913/6913 6915/6915/6915 6916/6916/6916
f 6917/6917/6917 6918/6918/6918 6919/6919/6919
f 6917/6917/6917 6919/6919/6919 6920/6920/6920
f 6921/6921/6921 6922/6922/6922 6923/6923/6923
f 6921/6921/6921 6923/6923/6923 6924/6924/6924
f 6925/6925/6925 6926/6926/6926 6927/6927/6927
f 6925/6925/6925 6927/6927/6927 6928/6928/6928
f 6929/6929/6929 6930/6930/6930 6931/6931/6931
f 6929/6929/6929 6931/6931/6931 6932/6932/6932
f 6933/6933/6933 6934/6934/6934 6935/6935/6935
f 6933/6933/6933 6935/6935/6935 6936/6936/6936
f 6937/6937/6937 6938/6938/6938 6939/6939/6939
f 6937/6937/6937 6939/6939/6939 6940/6940/6940
f 6941/6941/6941 6942/6942/6942 6943/6943/6943
f 6941/6941/6941 6943/6943/6943 6944/6944/6944
f 6945/6945/6945 6946/6946/6946 6947/6947/6947
f 6945/6945/6945 6947/6947/6947 6948/6948/6948
f 6949/6949/6949 6950/6950/6950 6951/6951/6951
f 6949/6949/6949 6951/6951/6951 6952/6952/6952
f 6953/6953/6953 6954/6954/6954 6955/6955/6955
f 6953/6953/6953 6955/6955/6955 6956/6956/6956
f 6957/6957/6957 6958/6958/6958 6959/6959/6959
f 6957/6957/6957 6959/6959/6959 6960/6960/6960
f 6961/6961/6961 6962/6962/6962 6963/6963/6963
f 6961/6961/6961 6963/6963/6963 6964/6964/6964
f 6965/6965/6965 6966/6966/6966 6967/6967/6967
f 6965/6965/6965 6967/6967/6967 6968/6968/6968
f 6969/6969/6969 6970/6970/6970 6971/6971/6971
f 6969/6969/6969 6971/6971/6971 6972/6972/6972
f 6973/6973/6973 6974/6974/6974 6975/6975/6975
f 6973/6973/6973 6975/6975/6975 6976/6976/6976
f 6977/6977/6977 6978/6978/6978 6979/6979/6979
f 6977/6977/6977 6979/6979/6979 6980/6980/6980
f 6981/6981/6981 6982/6982/6982 6983/6983/6983
f 6981/6981/6981 6983/6983/6983 6984/6984/6984
f 6985/6985/6985 6987/6987/6987 6986/6986/6986
f 6988/6988/6988 6989/6989/6989 6990/6990/6990
f 6991/6991/6991 6992/6992/6992 6993/6993/6993
f 6994/6994/6994 6996/6996/6996 6995/6995/6995
f 6997/6997/6997 6998/6998/6998 6999/6999/6999
f 7000/7000/7000 7002/7002/7002 7001/7001/7001
f 7003/7003/7003 7005/7005/7005 7004/7004/7004
f 7006/7006/7006 7007/7007/7007 7008/7008/7008
f 7009/7009/7009 7010/7010/7010 7011/7011/7011
f 7009/7009/7009 7011/7011/7011 7012/7012/7012
f 7013/7013/7013 7014/7014/7014 7015/7015/7015
f 7013/7013/7013 7015/7015/7015 7016/7016/7016
f 7017/7017/7017 7018/7018/7018 7019/7019/7019
f 7017/7017/7017 7019/7019/7019 7020/7020/7020
f 7021/7021/7021 7022/7022/7022 7023/7023/7023
f 7021/7021/7021 7023/7023/7023 7024/7024/7024
f 7025/7025/7025 7026/7026/7026 7027/7027/7027
f 7025/7025/7025 7027/7027/7027 7028/7028/7028
f 7029/7029/7029 7030/7030/7030 7031/7031/7031
f 7029/7029/7029 7031/7031/7031 7032/7032/7032
f 7033/7033/7033 7034/7034/7034 7035/7035/7035
f 7033/7033/7033 7035/7035/7035 7036/7036/7036
f 7037/7037/7037 7038/7038/7038 7039/7039/7039
f 7037/7037/7037 7039/7039/7039 7040/7040/7040
f 7041/7041/7041 7042/7042/7042 7043/7043/7043
f 7041/7041/7041 7043/7043/7043 7044/7044/7044
f 7045/7045/7045 7046/7046/7046 7047/7047/7047
f 7045/7045/7045 7047/7047/7047 7048/7048/7048
f 7049/7049/7049 7050/7050/7050 7051/7051/7051
f 7049/7049/7049 7051/7051/7051 7052/7052/7052
f 7053/7053/7053 7054/7054/7054 7055/7055/7055
f 7053/7053/7053 7055/7055/7055 7056/7056/7056
f 7057/7057/7057 7058/7058/7058 7059/7059/7059
f 7057/7057/7057 7059/7059/7059 7060/7060/7060
f 7061/7061/7061 7062/7062/7062 7063/7063/7063
f 7061/7061/7061 7063/7063/7063 7064/7064/7064
f 7065/7065/7065 7066/7066/7066 7067/7067/7067
f 7065/7065/7065 7067/7067/7067 7068/7068/7068
f 7069/7069/7069 7070/7070/7070 7071/7071/7071
f 7069/7069/7069 7071/7071/7071 7072/7072/7072
f 7073/7073/7073 7074/7074/7074 7075/7075/7075
f 7073/7073/7073 7075/7075/7075 7076/7076/7076
f 7077/7077/7077 7078/7078/7078 7079/7079/7079
f 7077/7077/7077 7079/7079/7079 7080/7080/7080
f 7081/7081/7081 7083/7083/7083 7082/7082/7082
f 7084/7084/7084 7085/7085/7085 7086/7086/7086
f 7087/7087/7087 7088/7088/7088 7089/7089/7089
f 7090/7090/7090 7092/7092/7092 7091/7091/7091
f 7093/7093/7093 7094/7094/7094 7095/7095/7095
f 7096/7096/7096 7098/7098/7098 7097/7097/7097
f 7099/7099/7099 7101/7101/7101 7100/7100/7100
f 7102/7102/7102 7103/7103/7103 7104/7104/7104
f 7105/7105/7105 7106/7106/7106 7107/7107/7107
f 7105/7105/7105 7107/7107/7107 7108/7108/7108
f 7109/7109/7109 7110/7110/7110 7111/7111/7111
f 7109/7109/7109 7111/7111/7111 7112/7112/7112
f 7113/7113/7113 7114/7114/7114 7115/7115/7115
f 7113/7113/7113 7115/7115/7115 7116/7116/7116
f 7117/7117/7117 7118/7118/7118 7119/7119/7119
f 7117/7117/7117 7119/7119/7119 7120/7120/7120
f 7121/7121/7121 7122/7122/7122 7123/7123/7123
f 7121/7121/7121 7123/7123/7123 7124/7124/7124
f 7125/7125/7125 7126/7126/7126 7127/7127/7127
f 7125/7125/7125 7127/7127/7127 7128/7128/7128
f 7129/7129/7129 7130/7130/7130 7131/7131/7131
f 7129/7129/7129 7131/7131/7131 7132/7132/7132
f 7133/7133/7133 7134/7134/7134 7135/7135/7135
f 7133/7133/7133 7135/7135/7135 7136/7136/7136
f 7137/7137/7137 7138/7138/7138 7139/7139/7139
f 7137/7137/7137 7139/7139/7139 7140/7140/7140
f 7141/7141/7141 7142/7142/7142 7143/7143/7143
f 7141/7141/7141 7143/7143/7143 7144/7144/7144
f 7145/7145/7145 7146/7146/7146 7147/7147/7147
f 7145/7145/7145 7147/7147/7147 7148/7148/7148
f 7149/7149/7149 7150/7150/7150 7151/7151/7151
f 7149/7149/7149 7151/7151/7151 7152/7152/7152
f 7153/7153/7153 7154/7154/7154 7155/7155/7155
f 7153/7153/7153 7155/7155/7155 7156/7156/7156
f 7157/7157/7157 7158/7158/7158 7159/7159/7159
f 7157/7157/7157 7159/7159/7159 7160/7160/7160
f 7161/7161/7161 7162/7162/7162 7163/7163/7163
f 7161/7161/7161 7163/7163/7163 7164/7164/7164
f 7165/7165/7165 7166/7166/7166 7167/7167/7167
f 7165/7165/7165 7167/7167/7167 7168/7168/7168
f 7169/7169/7169 7170/7170/7170 7171/7171/7171
f 7169/7169/7169 7171/7171/7171 7172/7172/7172
f 7173/7173/7173 7174/7174/7174 7175/7175/7175
f 7173/7173/7173 7175/7175/7175 7176/7176/7176
f 7177/7177/7177 7179/7179/7179 7178/7178/7178
f 7180/7180/7180 7181/7181/7181 7182/7182/7182
f 7183/7183/7183 7184/7184/7184 7185/7185/7185
f 7186/7186/7186 7188/7188/7188 7187/7187/7187
f 7189/7189/7189 7190/7190/7190 7191/7191/7191
f 7192/7192/7192 7194/7194/7194 7193/7193/7193
f 7195/7195/7195 7197/7197/7197 7196/7196/7196
f 7198/7198/7198 7199/7199/7199 7200/7200/7200
f 7201/7201/7201 7202/7202/7202 7203/7203/7203
f 7201/7201/7201 7203/7203/7203 7204/7204/7204
f 7205/7205/7205 7206/7206/7206 7207/7207/7207
f 7205/7205/7205 7207/7207/7207 7208/7208/7208
f 7209/7209/7209 7210/7210/7210 7211/7211/7211
f 7209/7209/7209 7211/7211/7211 7212/7212/7212
f 7213/7213/7213 7214/7214/7214 7215/7215/7215
f 7213/7213/7213 7215/7215/7215 7216/7216/7216
f 7217/7217/7217 7218/7218/7218 7219/7219/7219
f 7217/7217/7217 7219/7219/7219 7220/7220/7220
f 7221/7221/7221 7222/7222/7222 7223/7223/7223
f 7221/7221/7221 7223/7223/7223 7224/7224/7224
f 7225/7225/7225 7226/7226/7226 7227/7227/7227
f 7225/7225/7225 7227/7227/7227 7228/7228/7228
f 7229/7229/7229 7230/7230/7230 7231/7231/7231
f 7229/7229/7229 7231/7231/7231 7232/7232/7232
f 7233/7233/7233 7234/7234/7234 7235/7235/7235
f 7233/7233/7233 7235/7235/7235 7236/7236/7236
f 7237/7237/7237 7238/7238/7238 7239/7239/7239
f 7237/7237/7237 7239/7239/7239 7240/7240/7240
f 7241/7241/7241 7242/7242/7242 7243/7243/7243
f 7241/7241/7241 7243/7243/7243 7244/7244/7244
f 7245/7245/7245 7246/7246/7246 7247/7247/7247
f 7245/7245/7245 7247/7247/7247 7248/7248/7248
f 7249/7249/7249 7250/7250/7250 7251/7251/7251
f 7249/7249/7249 7251/7251/7251 7252/7252/7252
f 7253/7253/7253 7254/7254/7254 7255/7255/7255
f 7253/7253/7253 7255/7255/7255 7256/7256/7256
f 7257/7257/7257 7258/7258/7258 7259/7259/7259
f 7257/7257/7257 7259/7259/7259 7260/7260/7260
f 7261/7261/7261 7262/7262/7262 7263/7263/7263
f 7261/7261/7261 7263/7263/7263 7264/7264/7264
f 7265/7265/7265 7266/7266/7266 7267/7267/7267
f 7265/7265/7265 7267/7267/7267 7268/7268/7268
f 7269/7269/7269 7270/7270/7270 7271/7271/7271
f 7269/7269/7269 7271/7271/7271 7272/7272/7272
f 7273/7273/7273 7275/7275/7275 7274/7274/7274
f 7276/7276/7276 7277/7277/7277 7278/7278/7278
f 7279/7279/7279 7280/7280/7280 7281/7281/7281
f 7282/7282/7282 7284/7284/7284 7283/7283/7283
f 7285/7285/7285 7286/7286/7286 7287/7287/7287
f 7288/7288/7288 7290/7290/7290 7289/7289/7289
f 7291/7291/7291 7293/7293/7293 7292/7292/7292
f 7294/7294/7294 7295/7295/7295 7296/7296/7296
f 7297/7297/7297 7298/7298/7298 7299/7299/7299
f 7297/7297/7297 7299/7299/7299 7300/7300/7300
f 7301/7301/7301 7302/7302/7302 7303/7303/7303
f 7301/7301/7301 7303/7303/7303 7304/7304/7304
f 7305/7305/7305 7306/7306/7306 7307/7307/7307
f 7305/7305/7305 7307/7307/7307 7308/7308/7308
f 7309/7309/7309 7310/7310/7310 7311/7311/7311
f 7309/7309/7309 7311/7311/7311 7312/7312/7312
f 7313/7313/7313 7314/7314/7314 7315/7315/7315
f 7313/7313/7313 7315/7315/7315 7316/7316/7316
f 7317/7317/7317 7318/7318/7318 7319/7319/7319
f 7317/7317/7317 7319/7319/7319 7320/7320/7320
f 7321/7321/7321 7322/7322/7322 7323/7323/7323
f 7321/7321/7321 7323/7323/7323 7324/7324/7324
f 7325/7325/7325 7326/7326/7326 7327/7327/7327
f 7325/7325/7325 7327/7327/7327 7328/7328/7328
f 7329/7329/7329 7330/7330/7330 7331/7331/7331
f 7329/7329/7329 7331/7331/7331 7332/7332/7332
f 7333/7333/7333 7334/7334/7334 7335/7335/7335
f 7333/7333/7333 7335/7335/7335 7336/7336/7336
f 7337/7337/7337 7338/7338/7338 7339/7339/7339
f 7337/7337/7337 7339/7339/7339 7340/7340/7340
f 7341/7341/7341 7342/7342/7342 7343/7343/7343
f 7341/7341/7341 7343/7343/7343 7344/7344/7344
f 7345/7345/7345 7346/7346/7346 7347/7347/7347
f 7345/7345/7345 7347/7347/7347 7348/7348/7348
f 7349/7349/7349 7350/7350/7350 7351/7351/7351
f 7349/7349/7349 7351/7351/7351 7352/7352/7352
f 7353/7353/7353 7354/7354/7354 7355/7355/7355
f 7353/7353/7353 7355/7355/7355 7356/7356/7356
f 7357/7357/7357 7358/7358/7358 7359/7359/7359
f 7357/7357/7357 7359/7359/7359 7360/7360/7360
f 7361/7361/7361 7362/7362/7362 7363/7363/7363
f 7361/7361/7361 7363/7363/7363 7364/7364/7364
f 7365/7365/7365 7366/7366/7366 7367/7367/7367
f 7365/7365/7365 7367/7367/7367 7368/7368/7368
f 7369/7369/7369 7371/7371/7371 7370/7370/7370
f 7372/7372/7372 7373/7373/7373 7374/7374/7374
f 7375/7375/7375 7376/7376/7376 7377/7377/7377
f 7378/7378/7378 7380/7380/7380 7379/7379/7379
f 7381/7381/7381 7382/7382/7382 7383/7383/7383
f 7384/7384/7384 7386/7386/7386 7385/7385/7385
f 7387/7387/7387 7389/7389/7389 7388/7388/7388
f 7390/7390/7390 7391/7391/7391 7392/7392/7392
f 7393/7393/7393 7394/7394/7394 7395/7395/7395
f 7393/7393/7393 7395/7395/7395 7396/7396/7396
f 7397/7397/7397 7398/7398/7398 7399/7399/7399
f 7397/7397/7397 7399/7399/7399 7400/7400/7400
f 7401/7401/7401 7402/7402/7402 7403/7403/7403
f 7401/7401/7401 7403/7403/7403 7404/7404/7404
f 7405/7405/7405 7406/7406/7406 7407/7407/7407
f 7405/7405/7405 7407/7407/7407 7408/7408/7408
f 7409/7409/7409 7410/7410/7410 7411/7411/7411
f 7409/7409/7409 7411/7411/7411 7412/7412/7412
f 7413/7413/7413 7414/7414/7414 7415/7415/7415
f 7413/7413/7413 7415/7415/7415 7416/7416/7416
f 7417/7417/7417 7418/7418/7418 7419/7419/7419
f 7417/7417/7417 7419/7419/7419 7420/7420/7420
f 7421/7421/7421 7422/7422/7422 7423/7423/7423
f 7421/7421/7421 7423/7423/7423 7424/7424/7424
f 7425/7425/7425 7426/7426/7426 7427/7427/7427
f 7425/7425/7425 7427/7427/7427 7428/7428/7428
f 7429/7429/7429 7430/7430/7430 7431/7431/7431
f 7429/7429/7429 7431/7431/7431 7432/7432/7432
f 7433/7433/7433 7434/7434/7434 7435/7435/7435
f 7433/7433/7433 7435/7435/7435 7436/7436/7436
f 7437/7437/7437 7438/7438/7438 7439/7439/7439
f 7437/7437/7437 7439/7439/7439 7440/7440/7440
f 7441/7441/7441 7442/7442/7442 7443/7443/7443
f 7441/7441/7441 7443/7443/7443 7444/7444/7444
f 7445/7445/7445 7446/7446/7446 7447/7447/7447
f 7445/7445/7445 7447/7447/7447 7448/7448/7448
f 7449/7449/7449 7450/7450/7450 7451/7451/7451
f 7449/7449/7449 7451/7451/7451 7452/7452/7452
f 7453/7453/7453 7454/7454/7454 7455/7455/7455
f 7453/7453/7453 7455/7455/7455 7456/7456/7456
f 7457/7457/7457 7458/7458/7458 7459/7459/7459
f 7457/7457/7457 7459/7459/7459 7460/7460/7460
f 7461/7461/7461 7462/7462/7462 7463/7463/7463
f 7461/7461/7461 7463/7463/7463 7464/7464/7464
f 7465/7465/7465 7467/7467/7467 7466/7466/7466
f 7468/7468/7468 7469/7469/7469 7470/7470/7470
f 7471/7471/7471 7472/7472/7472 7473/7473/7473
f 7474/7474/7474 7476/7476/7476 7475/7475/7475
f 7477/7477/7477 7478/7478/7478 7479/7479/7479
f 7480/7480/7480 7482/7482/7482 7481/7481/7481
f 7483/7483/7483 7485/7485/7485 7484/7484/7484
f 7486/7486/7486 7487/7487/7487 7488/7488/7488
f 7489/7489/7489 7490/7490/7490 7491/7491/7491
f 7489/7489/7489 7491/7491/7491 7492/7492/7492
f 7493/7493/7493 7494/7494/7494 7495/7495/7495
f 7493/7493/7493 7495/7495/7495 7496/7496/7496
f 7497/7497/7497 7498/7498/7498 7499/7499/7499
f 7497/7497/7497 7499/7499/7499 7500/7500/7500
f 7501/7501/7501 7502/7502/7502 7503/7503/7503
f 7501/7501/7501 7503/7503/7503 7504/7504/7504
f 7505/7505/7505 7506/7506/7506 7507/7507/7507
f 7505/7505/7505 7507/7507/7507 7508/7508/7508
f 7509/7509/7509 7510/7510/7510 7511/7511/7511
f 7509/7509/7509 7511/7511/7511 7512/7512/7512
f 7513/7513/7513 7514/7514/7514 7515/7515/7515
f 7513/7513/7513 7515/7515/7515 7516/7516/7516
f 7517/7517/7517 7518/7518/7518 7519/7519/7519
f 7517/7517/7517 7519/7519/7519 7520/7520/7520
f 7521/7521/7521 7522/7522/7522 7523/7523/7523
f 7521/7521/7521 7523/7523/7523 7524/7524/7524
f 7525/7525/7525 7526/7526/7526 7527/7527/7527
f 7525/7525/7525 7527/7527/7527 7528/7528/7528
f 7529/7529/7529 7530/7530/7530 7531/7531/7531
f 7529/7529/7529 7531/7531/7531 7532/7532/7532
f 7533/7533/7533 7534/7534/7534 7535/7535/7535
f 7533/7533/7533 7535/7535/7535 7536/7536/7536
f 7537/7537/7537 7538/7538/7538 7539/7539/7539
f 7537/7537/7537 7539/7539/7539 7540/7540/7540
f 7541/7541/7541 7542/7542/7542 7543/7543/7543
f 7541/7541/7541 7543/7543/7543 7544/7544/7544
f 7545/7545/7545 7546/7546/7546 7547/7547/7547
f 7545/7545/7545 7547/7547/7547 7548/7548/7548
f 7549/7549/7549 7550/7550/7550 7551/7551/7551
f 7549/7549/7549 7551/7551/7551 7552/7552/7552
f 7553/7553/7553 7554/7554/7554 7555/7555/7555
f 7553/7553/7553 7555/7555/7555 7556/7556/7556
f 7557/7557/7557 7558/7558/7558 7559/7559/7559
f 7557/7557/7557 7559/7559/7559 7560/7560/7560
f 7561/7561/7561 7563/7563/7563 7562/7562/7562
f 7564/7564/7564 7565/7565/7565 7566/7566/7566
f 7567/7567/7567 7568/7568/7568 7569/7569/7569
f 7570/7570/7570 7572/7572/7572 7571/7571/7571
f 7573/7573/7573 7574/7574/7574 7575/7575/7575
f 7576/7576/7576 7578/7578/7578 7577/7577/7577
f 7579/7579/7579 7581/7581/7581 7580/7580/7580
f 7582/7582/7582 7583/7583/7583 7584/7584/7584
f 7585/7585/7585 7586/7586/7586 7587/7587/7587
f 7585/7585/7585 7587/7587/7587 7588/7588/7588
f 7589/7589/7589 7590/7590/7590 7591/7591/7591
f 7589/7589/7589 7591/7591/7591 7592/7592/7592
f 7593/7593/7593 7594/7594/7594 7595/7595/7595
f 7593/7593/7593 7595/7595/7595 7596/7596/7596
f 7597/7597/7597 7598/7598/7598 7599/7599/7599
f 7597/7597/7597 7599/7599/7599 7600/7600/7600
f 7601/7601/7601 7602/7602/7602 7603/7603/7603
f 7601/7601/7601 7603/7603/7603 7604/7604/7604
f 7605/7605/7605 7606/7606/7606 7607/7607/7607
f 7605/7605/7605 7607/7607/7607 7608/7608/7608
f 7609/7609/7609 7610/7610/7610 7611/7611/7611
f 7609/7609/7609 7611/7611/7611 7612/7612/7612
f 7613/7613/7613 7614/7614/7614 7615/7615/7615
f 7613/7613/7613 7615/7615/7615 7616/7616/7616
f 7617/7617/7617 7618/7618/7618 7619/7619/7619
f 7617/7617/7617 7619/7619/7619 7620/7620/7620
f 7621/7621/7621 7622/7622/7622 7623/7623/7623
f 7621/7621/7621 7623/7623/7623 7624/7624/7624
f 7625/7625/7625 7626/7626/7626 7627/7627/7627
f 7625/7625/7625 7627/7627/7627 7628/7628/7628
f 7629/7629/7629 7630/7630/7630 7631/7631/7631
f 7629/7629/7629 7631/7631/7631 7632/7632/7632
f 7633/7633/7633 7634/7634/7634 7635/7635/7635
f 7633/7633/7633 7635/7635/7635 7636/7636/7636
f 7637/7637/7637 7638/7638/7638 7639/7639/7639
f 7637/7637/7637 7639/7639/7639 7640/7640/7640
f 7641/7641/7641 7642/7642/7642 7643/7643/7643
f 7641/7641/7641 7643/7643/7643 7644/7644/7644
f 7645/7645/7645 7646/7646/7646 7647/7647/7647
f 7645/7645/7645 7647/7647/7647 7648/7648/7648
f 7649/7649/7649 7650/7650/7650 7651/7651/7651
f 7649/7649/7649 7651/7651/7651 7652/7652/7652
f 7653/7653/7653 7654/7654/7654 7655/7655/7655
f 7653/7653/7653 7655/7655/7655 7656/7656/7656
f 7657/7657/7657 7659/7659/7659 7658/7658/7658
f 7660/7660/7660 7661/7661/7661 7662/7662/7662
f 7663/7663/7663 7664/7664/7664 7665/7665/7665
f 7666/7666/7666 7668/7668/7668 7667/7667/7667
f 7669/7669/7669 7670/7670/7670 7671/7671/7671
f 7672/7672/7672 7674/7674/7674 7673/7673/7673
f 7675/7675/7675 7677/7677/7677 7676/7676/7676
f 7678/7678/7678 7679/7679/7679 7680/7680/7680
f 7681/7681/7681 7682/7682/7682 7683/7683/7683
f 7681/7681/7681 7683/7683/7683 7684/7684/7684
f 7685/7685/7685 7686/7686/7686 7687/7687/7687
f 7685/7685/7685 7687/7687/7687 7688/7688/7688
f 7689/7689/7689 7690/7690/7690 7691/7691/7691
f 7689/7689/7689 7691/7691/7691 7692/7692/7692
f 7693/7693/7693 7694/7694/7694 7695/7695/7695
f 7693/7693/7693 7695/7695/7695 7696/7696/7696
f 7697/7697/7697 7698/7698/7698 7699/7699/7699
f 7697/7697/7697 7699/7699/7699 7700/7700/7700
f 7701/7701/7701 7702/7702/7702 7703/7703/7703
f 7701/7701/7701 7703/7703/7703 7704/7704/7704
f 7705/7705/7705 7706/7706/7706 7707/7707/7707
f 7705/7705/7705 7707/7707/7707 7708/7708/7708
f 7709/7709/7709 7710/7710/7710 7711/7711/7711
f 7709/7709/7709 7711/7711/7711 7712/7712/7712
f 7713/7713/7713 7714/7714/7714 7715/7715/7715
f 7713/7713/7713 7715/7715/7715 7716/7716/7716
f 7717/7717/7717 7718/7718/7718 7719/7719/7719
f 7717/7717/7717 7719/7719/7719 7720/7720/7720
f 7721/7721/7721 7722/7722/7722 7723/7723/7723
f 7721/7721/7721 7723/7723/7723 7724/7724/7724
f 7725/7725/7725 7726/7726/7726 7727/7727/7727
f 7725/7725/7725 7727/7727/7727 7728/7728/7728
f 7729/7729/7729 7730/7730/7730 7731/7731/7731
f 7729/7729/7729 7731/7731/7731 7732/7732/7732
f 7733/7733/7733 7734/7734/7734 7735/7735/7735
f 7733/7733/7733 7735/7735/7735 7736/7736/7736
f 7737/7737/7737 7738/7738/7738 7739/7739/7739
f 7737/7737/7737 7739/7739/7739 7740/7740/7740
f 7741/7741/7741 7742/7742/7742 7743/7743/7743
f 7741/7741/7741 7743/7743/7743 7744/7744/7744
f 7745/7745/7745 7746/7746/7746 7747/7747/7747
f 7745/7745/7745 7747/7747/7747 7748/7748/7748
f 7749/7749/7749 7750/7750/7750 7751/7751/7751
f 7749/7749/7749 7751/7751/7751 7752/7752/7752
f 7753/7753/7753 7755/7755/7755 7754/7754/7754
f 7756/7756/7756 7757/7757/7757 7758/7758/7758
f 7759/7759/7759 7760/7760/7760 7761/7761/7761
f 7762/7762/7762 7764/7764/7764 7763/7763/7763
f 7765/7765/7765 7766/7766/7766 7767/7767/7767
f 7768/7768/7768 7770/7770/7770 7769/7769/7769
f 7771/7771/7771 7773/7773/7773 7772/7772/7772
f 7774/7774/7774 7775/7775/7775 7776/7776/7776
f 7777/7777/7777 7778/7778/7778 7779/7779/7779
f 7777/7777/7777 7779/7779/7779 7780/7780/7780
f 7781/7781/7781 7782/7782/7782 7783/7783/7783
f 7781/7781/7781 7783/7783/7783 7784/7784/7784
f 7785/7785/7785 7786/7786/7786 7787/7787/7787
f 7785/7785/7785 7787/7787/7787 7788/7788/7788
f 7789/7789/7789 7790/7790/7790 7791/7791/7791
f 7789/7789/7789 7791/7791/7791 7792/7792/7792
f 7793/7793/7793 7794/7794/7794 7795/7795/7795
f 7793/7793/7793 7795/7795/7795 7796/7796/7796
f 7797/7797/7797 7798/7798/7798 7799/7799/7799
f 7797/7797/7797 7799/7799/7799 7800/7800/7800
f 7801/7801/7801 7802/7802/7802 7803/7803/7803
f 7801/7801/7801 7803/7803/7803 7804/7804/7804
f 7805/7805/7805 7806/7806/7806 7807/7807/7807
f 7805/7805/7805 7807/7807/7807 7808/7808/7808
f 7809/7809/7809 7810/7810/7810 7811/7811/7811
f 7809/7809/7809 7811/7811/7811 7812/7812/7812
f 7813/7813/7813 7814/7814/7814 7815/7815/7815
f 7813/7813/7813 7815/7815/7815 7816/7816/7816
f 7817/7817/7817 7818/7818/7818 7819/7819/7819
f 7817/7817/7817 7819/7819/7819 7820/7820/7820
f 7821/7821/7821 7822/7822/7822 7823/7823/7823
f 7821/7821/7821 7823/7823/7823 7824/7824/7824
f 7825/7825/7825 7826/7826/7826 7827/7827/7827
f 7825/7825/7825 7827/7827/7827 7828/7828/7828
f 7829/7829/7829 7830/7830/7830 7831/7831/7831
f 7829/7829/7829 7831/7831/7831 7832/7832/7832
f 7833/7833/7833 7834/7834/7834 7835/7835/7835
f 7833/7833/7833 7835/7835/7835 7836/7836/7836
f 7837/7837/7837 7838/7838/7838 7839/7839/7839
f 7837/7837/7837 7839/7839/7839 7840/7840/7840
f 7841/7841/7841 7842/7842/7842 7843/7843/7843
f 7841/7841/7841 7843/7843/7843 7844/7844/7844
f 7845/7845/7845 7846/7846/7846 7847/7847/7847
f 7845/7845/7845 7847/7847/7847 7848/7848/7848
f 7849/7849/7849 7851/7851/7851 7850/7850/7850
f 7852/7852/7852 7853/7853/7853 7854/7854/7854
f 7855/7855/7855 7856/7856/7856 7857/7857/7857
f 7858/7858/7858 7860/7860/7860 7859/7859/7859
f 7861/7861/7861 7862/7862/7862 7863/7863/7863
f 7864/7864/7864 7866/7866/7866 7865/7865/7865
f 7867/7867/7867 7869/7869/7869 7868/7868/7868
f 7870/7870/7870 7871/7871/7871 7872/7872/7872
f 7873/7873/7873 7874/7874/7874 7875/7875/7875
f 7873/7873/7873 7875/7875/7875 7876/7876/7876
f 7877/7877/7877 7878/7878/7878 7879/7879/7879
f 7877/7877/7877 7879/7879/7879 7880/7880/7880
f 7881/7881/7881 7882/7882/7882 7883/7883/7883
f 7881/7881/7881 7883/7883/7883 7884/7884/7884
f 7885/7885/7885 7886/7886/7886 7887/7887/7887
f 7885/7885/7885 7887/7887/7887 7888/7888/7888
f 7889/7889/7889 7890/7890/7890 7891/7891/7891
f 7889/7889/7889 7891/7891/7891 7892/7892/7892
f 7893/7893/7893 7894/7894/7894 7895/7895/7895
f 7893/7893/7893 7895/7895/7895 7896/7896/7896
f 7897/7897/7897 7898/7898/7898 7899/7899/7899
f 7897/7897/7897 7899/7899/7899 7900/7900/7900
f 7901/7901/7901 7902/7902/7902 7903/7903/7903
f 7901/7901/7901 7903/7903/7903 7904/7904/7904
f 7905/7905/7905 7906/7906/7906 7907/7907/7907
f 7905/7905/7905 7907/7907/7907 7908/7908/7908
f 7909/7909/7909 7910/7910/7910 7911/7911/7911
f 7909/7909/7909 7911/7911/7911 7912/7912/7912
f 7913/7913/7913 7914/7914/7914 7915/7915/7915
f 7913/7913/7913 7915/7915/7915 7916/7916/7916
f 7917/7917/7917 7918/7918/7918 7919/7919/7919
f 7917/7917/7917 7919/7919/7919 7920/7920/7920
f 7921/7921/7921 7922/7922/7922 7923/7923/7923
f 7921/7921/7921 7923/7923/7923 7924/7924/7924
f 7925/7925/7925 7926/7926/7926 7927/7927/7927
f 7925/7925/7925 7927/7927/7927 7928/7928/7928
f 7929/7929/7929 7930/7930/7930 7931/7931/7931
f 7929/7929/7929 7931/7931/7931 7932/7932/7932
f 7933/7933/7933 7934/7934/7934 7935/7935/7935
f 7933/7933/7933 7935/7935/7935 7936/7936/7936
f 7937/7937/7937 7938/7938/7938 7939/7939/7939
f 7937/7937/7937 7939/7939/7939 7940/7940/7940
f 7941/7941/7941 7942/7942/7942 7943/7943/7943
f 7941/7941/7941 7943/7943/7943 7944/7944/7944
f 7945/7945/7945 7947/7947/7947 7946/7946/7946
f 7948/7948/7948 7949/7949/7949 7950/7950/7950
f 7951/7951/7951 7952/7952/7952 7953/7953/7953
f 7954/7954/7954 7956/7956/7956 7955/7955/7955
f 7957/7957/7957 7958/7958/7958 7959/7959/7959
f 7960/7960/7960 7962/7962/7962 7961/7961/7961
f 7963/7963/7963 7965/7965/7965 7964/7964/7964
f 7966/7966/7966 7967/7967/7967 7968/7968/7968
f 7969/7969/7969 7970/7970/7970 7971/7971/7971
f 7969/7969/7969 7971/7971/7971 7972/7972/7972
f 7973/7973/7973 7974/7974/7974 7975/7975/7975
f 7973/7973/7973 7975/7975/7975 7976/7976/7976
f 7977/7977/7977 7978/7978/7978 7979/7979/7979
f 7977/7977/7977 7979/7979/7979 7980/7980/7980
f 7981/7981/7981 7982/7982/7982 7983/7983/7983
f 7981/7981/7981 7983/7983/7983 7984/7984/7984
f 7985/7985/7985 7986/7986/7986 7987/7987/7987
f 7985/7985/7985 7987/7987/7987 7988/7988/7988
f 7989/7989/7989 7990/7990/7990 7991/7991/7991
f 7989/7989/7989 7991/7991/7991 7992/7992/7992
f 7993/7993/7993 7994/7994/7994 7995/7995/7995
f 7993/7993/7993 7995/7995/7995 7996/7996/7996
f 7997/7997/7997 7998/7998/7998 7999/7999/7999
f 7997/7997/7997 7999/7999/7999 8000/8000/8000
f 8001/8001/8001 8002/8002/8002 8003/8003/8003
f 8001/8001/8001 8003/8003/8003 8004/8004/8004
f 8005/8005/8005 8006/8006/8006 8007/8007/8007
f 8005/8005/8005 8007/8007/8007 8008/8008/8008
f 8009/8009/8009 8010/8010/8010 8011/8011/8011
f 8009/8009/8009 8011/8011/8011 8012/8012/8012
f 8013/8013/8013 8014/8014/8014 8015/8015/8015
f 8013/8013/8013 8015/8015/8015 8016/8016/8016
f 8017/8017/8017 8018/8018/8018 8019/8019/8019
f 8017/8017/8017 8019/8019/8019 8020/8020/8020
f 8021/8021/8021 8022/8022/8022 8023/8023/8023
f 8021/8021/8021 8023/8023/8023 8024/8024/8024
f 8025/8025/8025 8026/8026/8026 8027/8027/8027
f 8025/8025/8025 8027/8027/8027 8028/8028/8028
f 8029/8029/8029 8030/8030/8030 8031/8031/8031
f 8029/8029/8029 8031/8031/8031 8032/8032/8032
f 8033/8033/8033 8034/8034/8034 8035/8035/8035
f 8033/8033/8033 8035/8035/8035 8036/8036/8036
f 8037/8037/8037 8038/8038/8038 8039/8039/8039
f 8037/8037/8037 8039/8039/8039 8040/8040/8040
f 8041/8041/8041 8043/8043/8043 8042/8042/8042
f 8044/8044/8044 8045/8045/8045 8046/8046/8046
f 8047/8047/8047 8048/8048/8048 8049/8049/8049
f 8050/8050/8050 8052/8052/8052 8051/8051/8051
f 8053/8053/8053 8054/8054/8054 8055/8055/8055
f 8056/8056/8056 8058/8058/8058 8057/8057/8057
f 8059/8059/8059 8061/8061/8061 8060/8060/8060
f 8062/8062/8062 8063/8063/8063 8064/8064/8064
f 8065/8065/8065 8066/8066/8066 8067/8067/8067
f 8065/8065/8065 8067/8067/8067 8068/8068/8068
f 8069/8069/8069 8070/8070/8070 8071/8071/8071
f 8069/8069/8069 8071/8071/8071 8072/8072/8072
f 8073/8073/8073 8074/8074/8074 8075/8075/8075
f 8073/8073/8073 8075/8075/8075 8076/8076/8076
f 8077/8077/8077 8078/8078/8078 8079/8079/8079
f 8077/8077/8077 8079/8079/8079 8080/8080/8080
f 8081/8081/8081 8082/8082/8082 8083/8083/8083
f 8081/8081/8081 8083/8083/8083 8084/8084/8084
f 8085/8085/8085 8086/8086/8086 8087/8087/8087
f 8085/8085/8085 8087/8087/8087 8088/8088/8088
f 8089/8089/8089 8090/8090/8090 8091/8091/8091
f 8089/8089/8089 8091/8091/8091 8092/8092/8092
f 8093/8093/8093 8094/8094/8094 8095/8095/8095
f 8093/8093/8093 8095/8095/8095 8096/8096/8096
f 8097/8097/8097 8098/8098/8098 8099/8099/8099
f 8097/8097/8097 8099/8099/8099 8100/8100/8100
f 8101/8101/8101 8102/8102/8102 8103/8103/8103
f 8101/8101/8101 8103/8103/8103 8104/8104/8104
f 8105/8105/8105 8106/8106/8106 8107/8107/8107
f 8105/8105/8105 8107/8107/8107 8108/8108/8108
f 8109/8109/8109 8110/8110/8110 8111/8111/8111
f 8109/8109/8109 8111/8111/8111 8112/8112/8112
f 8113/8113/8113 8114/8114/8114 8115/8115/8115
f 8113/8113/8113 8115/8115/8115 8116/8116/8116
f 8117/8117/8117 8118/8118/8118 8119/8119/8119
f 8117/8117/8117 8119/8119/8119 8120/8120/8120
f 8121/8121/8121 8122/8122/8122 8123/8123/8123
f 8121/8121/8121 8123/8123/8123 8124/8124/8124
f 8125/8125/8125 8126/8126/8126 8127/8127/8127
f 8125/8125/8125 8127/8127/8127 8128/8128/8128
f 8129/8129/8129 8130/8130/8130 8131/8131/8131
f 8129/8129/8129 8131/8131/8131 8132/8132/8132
f 8133/8133/8133 8134/8134/8134 8135/8135/8135
f 8133/8133/8133 8135/8135/8135 8136/8136/8136
f 8137/8137/8137 8139/8139/8139 8138/8138/8138
f 8140/8140/8140 8141/8141/8141 8142/8142/8142
f 8143/8143/8143 8144/8144/8144 8145/8145/8145
f 8146/8146/8146 8148/8148/8148 8147/8147/8147
f 8149/8149/8149 8150/8150/8150 8151/8151/8151
f 8152/8152/8152 8154/8154/8154 8153/8153/8153
f 8155/8155/8155 8157/8157/8157 8156/8156/8156
f 8158/8158/8158 8159/8159/8159 8160/8160/8160
f 8161/8161/8161 8162/8162/8162 8163/8163/8163
f 8161/8161/8161 8163/8163/8163 8164/8164/8164
f 8165/8165/8165 8166/8166/8166 8167/8167/8167
f 8165/8165/8165 8167/8167/8167 8168/8168/8168
f 8169/8169/8169 8170/8170/8170 8171/8171/8171
f 8169/8169/8169 8171/8171/8171 8172/8172/8172
f 8173/8173/8173 8174/8174/8174 8175/8175/8175
f 8173/8173/8173 8175/8175/8175 8176/8176/8176
f 8177/8177/8177 8178/8178/8178 8179/8179/8179
f 8177/8177/8177 8179/8179/8179 8180/8180/8180
f 8181/8181/8181 8182/8182/8182 8183/8183/8183
f 8181/8181/8181 8183/8183/8183 8184/8184/8184
f 8185/8185/8185 8186/8186/8186 8187/8187/8187
f 8185/8185/8185 8187/8187/8187 8188/8188/8188
f 8189/8189/8189 8190/8190/8190 8191/8191/8191
f 8189/8189/8189 8191/8191/8191 8192/8192/8192
f 8193/8193/8193 8194/8194/8194 8195/8195/8195
f 8193/8193/8193 8195/8195/8195 8196/8196/8196
f 8197/8197/8197 8198/8198/8198 8199/8199/8199
f 8197/8197/8197 8199/8199/8199 8200/8200/8200
f 8201/8201/8201 8202/8202/8202 8203/8203/8203
f 8201/8201/8201 8203/8203/8203 8204/8204/8204
f 8205/8205/8205 8206/8206/8206 8207/8207/8207
f 8205/8205/8205 8207/8207/8207 8208/8208/8208
f 8209/8209/8209 8210/8210/8210 8211/8211/8211
f 8209/8209/8209 8211/8211/8211 8212/8212/8212
f 8213/8213/8213 8214/8214/8214 8215/8215/8215
f 8213/8213/8213 8215/8215/8215 8216/8216/8216
f 8217/8217/8217 8218/8218/8218 8219/8219/8219
f 8217/8217/8217 8219/8219/8219 8220/8220/8220
f 8221/8221/8221 8222/8222/8222 8223/8223/8223
f 8221/8221/8221 8223/8223/8223 8224/8224/8224
f 8225/8225/8225 8226/8226/8226 8227/8227/8227
f 8225/8225/8225 8227/8227/8227 8228/8228/8228
f 8229/8229/8229 8230/8230/8230 8231/8231/8231
f 8229/8229/8229 8231/8231/8231 8232/8232/8232
f 8233/8233/8233 8235/8235/8235 8234/8234/8234
f 8236/8236/8236 8237/8237/8237 8238/8238/8238
f 8239/8239/8239 8240/8240/8240 8241/8241/8241
f 8242/8242/8242 8244/8244/8244 8243/8243/8243
f 8245/8245/8245 8246/8246/8246 8247/8247/8247
f 8248/8248/8248 8250/8250/8250 8249/8249/8249
f 8251/8251/8251 8253/8253/8253 8252/8252/8252
f 8254/8254/8254 8255/8255/8255 8256/8256/8256
f 8257/8257/8257 8258/8258/8258 8259/8259/8259
f 8257/8257/8257 8259/8259/8259 8260/8260/8260
f 8261/8261/8261 8262/8262/8262 8263/8263/8263
f 8261/8261/8261 8263/8263/8263 8264/8264/8264
f 8265/8265/8265 8266/8266/8266 8267/8267/8267
f 8265/8265/8265 8267/8267/8267 8268/8268/8268
f 8269/8269/8269 8270/8270/8270 8271/8271/8271
f 8269/8269/8269 8271/8271/8271 8272/8272/8272
f 8273/8273/8273 8274/8274/8274 8275/8275/8275
f 8273/8273/8273 8275/8275/8275 8276/8276/8276
f 8277/8277/8277 8278/8278/8278 8279/8279/8279
f 8277/8277/8277 8279/8279/8279 8280/8280/8280
f 8281/8281/8281 8282/8282/8282 8283/8283/8283
f 8281/8281/8281 8283/8283/8283 8284/8284/8284
f 8285/8285/8285 8286/8286/8286 8287/8287/8287
f 8285/8285/8285 8287/8287/8287 8288/8288/8288
f 8289/8289/8289 8290/8290/8290 8291/8291/8291
f 8289/8289/8289 8291/8291/8291 8292/8292/8292
f 8293/8293/8293 8294/8294/8294 8295/8295/8295
f 8293/8293/8293 8295/8295/8295 8296/8296/8296
f 8297/8297/8297 8298/8298/8298 8299/8299/8299
f 8297/8297/8297 8299/8299/8299 8300/8300/8300
f 8301/8301/8301 8302/8302/8302 8303/8303/8303
f 8301/8301/8301 8303/8303/8303 8304/8304/8304
f 8305/8305/8305 8306/8306/8306 8307/8307/8307
f 8305/8305/8305 8307/8307/8307 8308/8308/8308
f 8309/8309/8309 8310/8310/8310 8311/8311/8311
f 8309/8309/8309 8311/8311/8311 8312/8312/8312
f 8313/8313/8313 8314/8314/8314 8315/8315/8315
f 8313/8313/8313 8315/8315/8315 8316/8316/8316
f 8317/8317/8317 8318/8318/8318 8319/8319/8319
f 8317/8317/8317 8319/8319/8319 8320/8320/8320
f 8321/8321/8321 8322/8322/8322 8323/8323/8323
f 8321/8321/8321 8323/8323/8323 8324/8324/8324
f 8325/8325/8325 8326/8326/8326 8327/8327/8327
f 8325/8325/8325 8327/8327/8327 8328/8328/8328
f 8329/8329/8329 8331/8331/8331 8330/8330/8330
f 8332/8332/8332 8333/8333/8333 8334/8334/8334
f 8335/8335/8335 8336/8336/8336 8337/8337/8337
f 8338/8338/8338 8340/8340/8340 8339/8339/8339
f 8341/8341/8341 8342/8342/8342 8343/8343/8343
f 8344/8344/8344 8346/8346/8346 8345/8345/8345
f 8347/8347/8347 8349/8349/8349 8348/8348/8348
f 8350/8350/8350 8351/8351/8351 8352/8352/8352
f 8353/8353/8353 8354/8354/8354 8355/8355/8355
f 8353/8353/8353 8355/8355/8355 8356/8356/8356
f 8357/8357/8357 8358/8358/8358 8359/8359/8359
f 8357/8357/8357 8359/8359/8359 8360/8360/8360
f 8361/8361/8361 8362/8362/8362 8363/8363/8363
f 8361/8361/8361 8363/8363/8363 8364/8364/8364
f 8365/8365/8365 8366/8366/8366 8367/8367/8367
f 8365/8365/8365 8367/8367/8367 8368/8368/8368
f 8369/8369/8369 8370/8370/8370 8371/8371/8371
f 8369/8369/8369 8371/8371/8371 8372/8372/8372
f 8373/8373/8373 8374/8374/8374 8375/8375/8375
f 8373/8373/8373 8375/8375/8375 8376/8376/8376
f 8377/8377/8377 8378/8378/8378 8379/8379/8379
f 8377/8377/8377 8379/8379/8379 8380/8380/8380
f 8381/8381/8381 8382/8382/8382 8383/8383/8383
f 8381/8381/8381 8383/8383/8383 8384/8384/8384
f 8385/8385/8385 8386/8386/8386 8387/8387/8387
f 8385/8385/8385 8387/8387/8387 8388/8388/8388
f 8389/8389/8389 8390/8390/8390 8391/8391/8391
f 8389/8389/8389 8391/8391/8391 8392/8392/8392
f 8393/8393/8393 8394/8394/8394 8395/8395/8395
f 8393/8393/8393 8395/8395/8395 8396/8396/8396
f 8397/8397/8397 8398/8398/8398 8399/8399/8399
f 8397/8397/8397 8399/8399/8399 8400/8400/8400
f 8401/8401/8401 8402/8402/8402 8403/8403/8403
f 8401/8401/8401 8403/8403/8403 8404/8404/8404
f 8405/8405/8405 8406/8406/8406 8407/8407/8407
f 8405/8405/8405 8407/8407/8407 8408/8408/8408
f 8409/8409/8409 8410/8410/8410 8411/8411/8411
f 8409/8409/8409 8411/8411/8411 8412/8412/8412
f 8413/8413/8413 8414/8414/8414 8415/8415/8415
f 8413/8413/8413 8415/8415/8415 8416/8416/8416
f 8417/8417/8417 8418/8418/8418 8419/8419/8419
f 8417/8417/8417 8419/8419/8419 8420/8420/8420
f 8421/8421/8421 8422/8422/8422 8423/8423/8423
f 8421/8421/8421 8423/8423/8423 8424/8424/8424
f 8425/8425/8425 8427/8427/8427 8426/8426/8426
f 8428/8428/8428 8429/8429/8429 8430/8430/8430
f 8431/8431/8431 8432/8432/8432 8433/8433/8433
f 8434/8434/8434 8436/8436/8436 8435/8435/8435
f 8437/8437/8437 8438/8438/8438 8439/8439/8439
f 8440/8440/8440 8442/8442/8442 8441/8441/8441
f 8443/8443/8443 8445/8445/8445 8444/8444/8444
f 8446/8446/8446 8447/8447/8447 8448/8448/8448
f 8449/8449/8449 8454/8454/8454 8455/8455/8455
f 8449/8449/8449 8455/8455/8455 8450/8450/8450
f 8450/8450/8450 8455/8455/8455 8456/8456/8456
f 8450/8450/8450 8456/8456/8456 8451/8451/8451
f 8451/8451/8451 8456/8456/8456 8457/8457/8457
f 8451/8451/8451 8457/8457/8457 8452/8452/8452
f 8452/8452/8452 8457/8457/8457 8458/8458/8458
f 8452/8452/8452 8458/8458/8458 8453/8453/8453
f 8453/8453/8453 8458/8458/8458 8454/8454/8454
f 8453/8453/8453 8454/8454/8454 8449/8449/8449
f 8454/8454/8454 8459/8459/8459 8460/8460/8460
f 8454/8454/8454 8460/8460/8460 8455/8455/8455
f 8455/8455/8455 8460/8460/8460 8461/8461/8461
f 8455/8455/8455 8461/8461/8461 8456/8456/8456
f 8456/8456/8456 8461/8461/8461 8462/8462/8462
f 8456/8456/8456 8462/8462/8462 8457/8457/8457
f 8457/8457/8457 8462/8462/8462 8463/8463/8463
f 8457/8457/8457 8463/8463/8463 8458/8458/8458
f 8458/8458/8458 8463/8463/8463 8459/8459/8459
f 8458/8458/8458 8459/8459/8459 8454/8454/8454
f 8464/8464/8464 8469/8469/8469 8470/8470/8470
f 8464/8464/8464 8470/8470/8470 8465/8465/8465
f 8465/8465/8465 8470/8470/8470 8471/8471/8471
f 8465/8465/8465 8471/8471/8471 8466/8466/8466
f 8466/8466/8466 8471/8471/8471 8472/8472/8472
f 8466/8466/8466 8472/8472/8472 8467/8467/8467
f 8467/8467/8467 8472/8472/8472 8473/8473/8473
f 8467/8467/8467 8473/8473/8473 8468/8468/8468
f 8468/8468/8468 8473/8473/8473 8469/8469/8469
f 8468/8468/8468 8469/8469/8469 8464/8464/8464
f 8474/8474/8474 8479/8479/8479 8480/8480/8480
f 8474/8474/8474 8480/8480/8480 8475/8475/8475
f 8475/8475/8475 8480/8480/8480 8481/8481/8481
f 8475/8475/8475 8481/8481/8481 8476/8476/8476
f 8476/8476/8476 8481/8481/8481 8482/8482/8482
f 8476/8476/8476 8482/8482/8482 8477/8477/8477
f 8477/8477/8477 8482/8482/8482 8483/8483/8483
f 8477/8477/8477 8483/8483/8483 8478/8478/8478
f 8478/8478/8478 8483/8483/8483 8479/8479/8479
f 8478/8478/8478 8479/8479/8479 8474/8474/8474
f 8479/8479/8479 8484/8484/8484 8485/8485/8485
f 8479/8479/8479 8485/8485/8485 8480/8480/8480
f 8480/8480/8480 8485/8485/8485 8486/8486/8486
f 8480/8480/8480 8486/8486/8486 8481/8481/8481
f 8481/8481/8481 8486/8486/8486 8487/8487/8487
f 8481/8481/8481 8487/8487/8487 8482/8482/8482
f 8482/8482/8482 8487/8487/8487 8488/8488/8488
f 8482/8482/8482 8488/8488/8488 8483/8483/8483
f 8483/8483/8483 8488/8488/8488 8484/8484/8484
f 8483/8483/8483 8484/8484/8484 8479/8479/8479
f 8489/8489/8489 8494/8494/8494 8495/8495/8495
f 8489/8489/8489 8495/8495/8495 8490/8490/8490
f 8490/8490/8490 8495/8495/8495 8496/8496/8496
f 8490/8490/8490 8496/8496/8496 8491/8491/8491
f 8491/8491/8491 8496/8496/8496 8497/8497/8497
f 8491/8491/8491 8497/8497/8497 8492/8492/8492
f 8492/8492/8492 8497/8497/8497 8498/8498/8498
f 8492/8492/8492 8498/8498/8498 8493/8493/8493
f 8493/8493/8493 8498/8498/8498 8494/8494/8494
f 8493/8493/8493 8494/8494/8494 8489/8489/8489
f 8499/8499/8499 8504/8504/8504 8505/8505/8505
f 8499/8499/8499 8505/8505/8505 8500/8500/8500
f 8500/8500/8500 8505/8505/8505 8506/8506/8506
f 8500/8500/8500 8506/8506/8506 8501/8501/8501
f 8501/8501/8501 8506/8506/8506 8507/8507/8507
f 8501/8501/8501 8507/8507/8507 8502/8502/8502
f 8502/8502/8502 8507/8507/8507 8508/8508/8508
f 8502/8502/8502 8508/8508/8508 8503/8503/8503
f 8503/8503/8503 8508/8508/8508 8504/8504/8504
f 8503/8503/8503 8504/8504/8504 8499/8499/8499
f 8504/8504/8504 8509/8509/8509 8510/8510/8510
f 8504/8504/8504 8510/8510/8510 8505/8505/8505
f 8505/8505/8505 8510/8510/8510 8511/8511/8511
f 8505/8505/8505 8511/8511/8511 8506/8506/8506
f 8506/8506/8506 8511/8511/8511 8512/8512/8512
f 8506/8506/8506 8512/8512/8512 8507/8507/8507
f 8507/8507/8507 8512/8512/8512 8513/8513/8513
f 8507/8507/8507 8513/8513/8513 8508/8508/8508
f 8508/8508/8508 8513/8513/8513 8509/8509/8509
f 8508/8508/8508 8509/8509/8509 8504/8504/8504
