# rubble_01
mtllib props.mtl
o rubble_01
usemtl Concrete
v -0.055384 0.214174 0.214403
v -0.456294 0.219985 -0.137408
v -0.479068 0.298106 -0.129173
v -0.074055 0.296265 0.257443
v -0.686651 0.087773 0.068213
v -0.272818 0.077672 0.445407
v -0.318698 0.135794 0.479933
v -0.699758 0.135611 0.100818
v -0.315785 0.158937 0.489877
v -0.712195 0.157331 0.109572
v -0.487973 0.299996 -0.111423
v -0.101769 0.283462 0.251631
v -0.075092 0.221174 0.239722
v -0.455665 0.214726 -0.162868
v -0.660328 0.069461 0.079184
v -0.272542 0.084078 0.452571
v -0.672848 0.087525 0.071139
v -0.473611 0.226034 -0.167510
v -0.503798 0.278745 -0.145634
v -0.697667 0.147163 0.102575
v -0.048986 0.211935 0.236913
v -0.266483 0.076976 0.447674
v -0.290766 0.148274 0.473033
v -0.084485 0.274286 0.247478
v -0.102671 0.287416 0.255961
v -0.478592 0.295473 -0.116912
v -0.466344 0.281277 -0.135427
v -0.073987 0.277431 0.234670
v -0.316282 0.161458 0.476006
v -0.712047 0.153556 0.084424
v -0.698390 0.153081 0.101169
v -0.319134 0.151258 0.485151
v -0.077222 0.206665 0.212203
v -0.464617 0.216887 -0.151722
v -0.455646 0.225271 -0.143867
v -0.068346 0.226475 0.218734
v -0.262910 0.075879 0.451626
v -0.686781 0.072968 0.067374
v -0.672084 0.079036 0.093203
v -0.288172 0.080584 0.462380
v -0.482132 0.215270 -0.154640
v -0.495388 0.286534 -0.142715
v -0.471711 0.281664 -0.136997
v -0.446105 0.219477 -0.150705
v -0.674769 0.080070 0.056754
v -0.688691 0.142796 0.088474
v -0.713359 0.151836 0.095047
v -0.691148 0.076199 0.092260
v -0.051549 0.227595 0.222581
v -0.073367 0.291959 0.261886
v -0.071074 0.285822 0.258709
v -0.064833 0.230708 0.225384
v -0.262750 0.079780 0.457597
v -0.283634 0.154131 0.490284
v -0.291081 0.142822 0.476519
v -0.281279 0.087298 0.444646
v -0.705465 0.153832 0.089535
v -0.486329 0.295297 -0.137769
v -0.499236 0.291948 -0.131475
v -0.696375 0.155637 0.111116
v -0.691233 0.083045 0.057549
v -0.481167 0.223210 -0.141153
v -0.474642 0.219192 -0.153727
v -0.669590 0.076693 0.062891
v -0.281837 0.155054 0.492930
v -0.083734 0.273822 0.253652
v -0.096151 0.290508 0.255016
v -0.305025 0.144105 0.475502
v -0.275649 0.079269 0.459672
v -0.047726 0.227509 0.246465
v -0.076688 0.203247 0.240605
v -0.269314 0.083322 0.454421
v -0.271440 0.071324 0.470650
v -0.263720 0.079651 0.437909
v -0.278135 0.089211 0.471981
v -0.048412 0.215906 0.216067
v -0.080069 0.217852 0.225217
v -0.062120 0.221032 0.243012
v -0.316034 0.136846 0.484292
v -0.311246 0.158251 0.471653
v -0.308445 0.146204 0.485052
v -0.097648 0.294286 0.257156
v -0.080597 0.285116 0.256941
v -0.095505 0.292605 0.241365
v -0.669893 0.075655 0.090800
v -0.660423 0.082699 0.070644
v -0.678105 0.076091 0.070842
v -0.462124 0.233682 -0.159299
v -0.451227 0.216423 -0.138645
v -0.459998 0.227764 -0.143027
v -0.715712 0.144268 0.088528
v -0.712428 0.154852 0.112492
v -0.714344 0.143171 0.083621
v -0.468570 0.279605 -0.144724
v -0.493652 0.294821 -0.116673
v -0.485747 0.295567 -0.119708
v -0.398532 0.240944 -0.103798
v -0.548340 0.143580 0.056041
v -0.584323 0.180482 0.048977
v -0.421563 0.290259 -0.092444
v -0.499298 0.179156 0.124268
v -0.339979 0.282131 -0.039624
v -0.381333 0.316948 -0.037112
v -0.537974 0.210374 0.113733
v -0.383879 0.310847 -0.049946
v -0.544792 0.224802 0.111318
v -0.588817 0.192158 0.050431
v -0.420214 0.283456 -0.109024
v -0.393006 0.242042 -0.109392
v -0.557029 0.132351 0.042249
v -0.499406 0.174454 0.111595
v -0.339161 0.278482 -0.047991
v -0.516032 0.160607 0.113034
v -0.544630 0.134851 0.068113
v -0.577061 0.170319 0.057857
v -0.532105 0.204868 0.119908
v -0.387578 0.256534 -0.101373
v -0.352906 0.284126 -0.047700
v -0.369404 0.316433 -0.037517
v -0.416077 0.283561 -0.106044
v -0.417558 0.284607 -0.112706
v -0.593376 0.191354 0.054458
v -0.584652 0.183466 0.042648
v -0.411056 0.286106 -0.106136
v -0.374425 0.328150 -0.030564
v -0.538382 0.214852 0.118325
v -0.539260 0.212445 0.114421
v -0.388801 0.316918 -0.027863
v -0.390492 0.243418 -0.094273
v -0.552534 0.145861 0.063482
v -0.566032 0.138117 0.039239
v -0.388347 0.243581 -0.101051
v -0.346586 0.270141 -0.021789
v -0.511451 0.163746 0.104146
v -0.521061 0.173621 0.120877
v -0.348332 0.281197 -0.034848
v -0.551076 0.142516 0.055104
v -0.573406 0.174827 0.052092
v -0.572216 0.175920 0.029753
v -0.544138 0.133636 0.043060
v -0.504125 0.164174 0.100326
v -0.555681 0.217031 0.104199
v -0.552011 0.206344 0.118446
v -0.496065 0.181414 0.107441
v -0.375551 0.255997 -0.112608
v -0.424434 0.295004 -0.110689
v -0.434020 0.279832 -0.104587
v -0.397342 0.243655 -0.107335
v -0.359804 0.273364 -0.051073
v -0.379646 0.314011 -0.050095
v -0.380211 0.316065 -0.042396
v -0.351308 0.286424 -0.040939
v -0.558362 0.208758 0.113647
v -0.580529 0.183187 0.049994
v -0.568575 0.190776 0.042145
v -0.530903 0.226259 0.119901
v -0.519967 0.177666 0.118915
v -0.563196 0.147438 0.060379
v -0.544605 0.142463 0.058022
v -0.512371 0.162771 0.109790
v -0.375411 0.309957 -0.030053
v -0.416183 0.278545 -0.114894
v -0.416789 0.291656 -0.111916
v -0.374196 0.324205 -0.051189
v -0.337986 0.286259 -0.046482
v -0.386059 0.252134 -0.110819
v -0.394875 0.246637 -0.091336
v -0.348285 0.262863 -0.035915
v -0.354096 0.269688 -0.018290
v -0.350658 0.268798 -0.034733
v -0.338653 0.285302 -0.054219
v -0.382664 0.233272 -0.097279
v -0.372837 0.247587 -0.087461
v -0.381974 0.239223 -0.092264
v -0.373968 0.324037 -0.027748
v -0.372947 0.326240 -0.049420
v -0.362774 0.316223 -0.055363
v -0.430805 0.288276 -0.095590
v -0.416123 0.291436 -0.096224
v -0.400824 0.292247 -0.107094
v -0.501272 0.181308 0.121963
v -0.512980 0.161422 0.096940
v -0.521207 0.168631 0.105715
v -0.544390 0.142874 0.060176
v -0.551276 0.138690 0.044324
v -0.547342 0.138283 0.048709
v -0.533471 0.206391 0.105852
v -0.552919 0.220019 0.101901
v -0.532215 0.211603 0.112303
v -0.587255 0.183859 0.054721
v -0.594499 0.195325 0.048176
v -0.591227 0.189145 0.037784
v -0.374662 0.149544 0.068500
v 0.223006 0.188767 0.311570
v 0.219958 0.242368 0.323647
v -0.399164 0.219963 0.071720
v 0.374141 0.217453 -0.027854
v -0.253126 0.199906 -0.286727
v -0.241362 0.252062 -0.286229
v 0.368350 0.271383 -0.038787
v -0.250730 0.259068 -0.282140
v 0.366857 0.281855 -0.040742
v 0.235698 0.240573 0.330003
v -0.387445 0.219586 0.084515
v -0.387596 0.146119 0.075738
v 0.248628 0.165481 0.305521
v 0.375749 0.196030 -0.044974
v -0.257349 0.175033 -0.274842
v 0.375051 0.208324 -0.020040
v 0.252329 0.182538 0.314113
v 0.243755 0.248007 0.321303
v 0.383559 0.280699 -0.026431
v -0.376184 0.165736 0.064389
v -0.260887 0.199260 -0.279529
v -0.246056 0.253392 -0.274267
v -0.405284 0.218250 0.057654
v -0.381618 0.220432 0.071024
v 0.239637 0.249973 0.326354
v 0.228689 0.243332 0.312231
v -0.393416 0.212433 0.088345
v -0.261357 0.268360 -0.283288
v 0.362561 0.287371 -0.022758
v 0.386324 0.277860 -0.042158
v -0.257989 0.242349 -0.288584
v -0.387465 0.149653 0.078877
v 0.238048 0.168732 0.303842
v 0.227700 0.185773 0.329754
v -0.385846 0.150913 0.064971
v -0.238718 0.193467 -0.272866
v 0.380815 0.204278 -0.044632
v 0.391880 0.222816 -0.044076
v -0.241995 0.188892 -0.287114
v 0.234640 0.183694 0.328087
v 0.257181 0.249348 0.314703
v 0.233709 0.231100 0.337085
v 0.228540 0.185222 0.312045
v 0.369248 0.214990 -0.018674
v 0.385136 0.267227 -0.012294
v 0.370896 0.278044 -0.039190
v 0.393005 0.222300 -0.029474
v -0.394423 0.156882 0.062590
v -0.392203 0.220306 0.063568
v -0.388175 0.209374 0.073331
v -0.374295 0.161809 0.067157
v -0.245992 0.197970 -0.285867
v -0.247328 0.256546 -0.279983
v -0.234738 0.247973 -0.272197
v -0.255050 0.188443 -0.288644
v 0.371189 0.265415 -0.032180
v 0.235699 0.250370 0.327804
v 0.246182 0.248920 0.305976
v 0.379115 0.290554 -0.032067
v 0.389059 0.210410 -0.021149
v 0.244059 0.182748 0.310830
v 0.238634 0.163766 0.325392
v 0.389515 0.213378 -0.042279
v -0.264428 0.256211 -0.287773
v -0.389505 0.217155 0.062458
v -0.391945 0.220265 0.058037
v -0.259252 0.268967 -0.285061
v -0.264567 0.186880 -0.285885
v -0.375399 0.162167 0.075370
v -0.389069 0.154599 0.059476
v -0.247524 0.174757 -0.291990
v -0.252684 0.191102 -0.294549
v -0.253872 0.190781 -0.292705
v -0.265020 0.197370 -0.291821
v -0.380688 0.151910 0.061034
v -0.371633 0.149009 0.075297
v -0.393592 0.169067 0.055900
v -0.256069 0.254419 -0.285788
v -0.261436 0.269336 -0.268886
v -0.242938 0.252687 -0.265444
v -0.385340 0.209330 0.088810
v -0.379328 0.230824 0.082076
v -0.400642 0.210340 0.070669
v 0.380440 0.207912 -0.026054
v 0.370690 0.204987 -0.035402
v 0.387531 0.204236 -0.016350
v 0.238062 0.176424 0.317481
v 0.255695 0.170476 0.306792
v 0.250091 0.179779 0.321542
v 0.360779 0.282782 -0.032900
v 0.363554 0.278876 -0.039181
v 0.385637 0.270113 -0.019695
v 0.235118 0.236681 0.315028
v 0.245267 0.247170 0.319855
v 0.253361 0.238453 0.322082
v 0.013544 0.222220 0.207349
v 0.279243 0.156260 0.219139
v 0.297541 0.196002 0.222125
v 0.020818 0.262323 0.214463
v 0.311072 0.202542 0.121766
v 0.004265 0.272654 0.106839
v 0.016338 0.308513 0.118342
v 0.316630 0.241874 0.155202
v 0.023309 0.299905 0.129748
v 0.325868 0.233059 0.155756
v 0.296551 0.202075 0.239706
v 0.024139 0.269759 0.210616
v 0.004244 0.230437 0.194310
v 0.295563 0.163692 0.214948
v 0.305971 0.183922 0.139419
v 0.018686 0.270937 0.122202
v 0.317081 0.197953 0.137115
v 0.301177 0.166576 0.200439
v 0.305227 0.192999 0.229149
v 0.314922 0.222143 0.151541
v -0.008692 0.238968 0.203539
v 0.002738 0.271037 0.123947
v 0.020182 0.304870 0.119821
v 0.008440 0.261838 0.206655
v 0.015605 0.277932 0.214913
v 0.308660 0.195208 0.239263
v 0.300980 0.199063 0.231949
v 0.014279 0.270207 0.200986
v 0.031027 0.300953 0.147056
v 0.298582 0.234805 0.136764
v 0.320420 0.227977 0.126035
v 0.015163 0.306672 0.122027
v -0.005735 0.233845 0.179195
v 0.299481 0.157321 0.207241
v 0.295327 0.153124 0.194847
v 0.004635 0.219597 0.194507
v 0.006072 0.253681 0.113361
v 0.300282 0.184279 0.135275
v 0.295031 0.195263 0.108104
v 0.028064 0.263911 0.112706
v 0.295372 0.161106 0.201598
v 0.306881 0.198239 0.208165
v 0.283077 0.185466 0.230455
v 0.304891 0.162275 0.223237
v 0.305750 0.191205 0.142010
v 0.308786 0.235565 0.159695
v 0.322987 0.234961 0.133573
v 0.296105 0.205587 0.134849
v -0.002456 0.229420 0.176471
v -0.000399 0.267882 0.205649
v -0.000561 0.263370 0.217045
v 0.014973 0.231805 0.193521
v -0.000096 0.260734 0.126903
v 0.031031 0.310857 0.117778
v 0.029262 0.308209 0.133096
v 0.018209 0.276235 0.109173
v 0.324222 0.226070 0.152927
v 0.308868 0.188028 0.214078
v 0.288358 0.204459 0.210675
v 0.308987 0.239100 0.155196
v 0.299802 0.198308 0.129617
v 0.285842 0.163115 0.200141
v 0.296043 0.152265 0.197497
v 0.307155 0.181392 0.115183
v 0.010455 0.295956 0.130201
v 0.001451 0.263828 0.208462
v 0.025197 0.266144 0.222267
v 0.025646 0.298329 0.141624
v -0.001594 0.266840 0.101207
v 0.007212 0.241710 0.188337
v 0.012657 0.226022 0.194029
v 0.029157 0.251379 0.105113
v 0.012612 0.269158 0.119054
v 0.023184 0.259884 0.102533
v -0.003625 0.261344 0.116326
v -0.002998 0.227673 0.204163
v 0.016062 0.219456 0.197637
v -0.008397 0.235440 0.185119
v 0.016486 0.307240 0.119543
v 0.013051 0.311093 0.119969
v 0.013518 0.300376 0.132010
v 0.011035 0.257342 0.206991
v 0.025909 0.270774 0.202531
v 0.005958 0.263036 0.206150
v 0.304308 0.202986 0.124333
v 0.309271 0.200457 0.129775
v 0.306245 0.197547 0.138149
v 0.285152 0.157501 0.204359
v 0.296238 0.144733 0.201595
v 0.286579 0.151734 0.208869
v 0.326946 0.229217 0.147611
v 0.314202 0.238388 0.137424
v 0.323097 0.238565 0.135438
v 0.293736 0.185162 0.217729
v 0.309753 0.196250 0.223112
v 0.295486 0.192121 0.208862
v 0.343082 0.203923 0.057809
v 0.274014 0.179320 -0.401947
v 0.276523 0.217355 -0.400359
v 0.332527 0.232320 0.048908
v 0.046757 0.166241 -0.351120
v 0.115888 0.195213 0.090133
v 0.110098 0.213795 0.094808
v 0.041524 0.199242 -0.373318
v 0.127265 0.232082 0.091738
v 0.060145 0.208000 -0.359475
v 0.269174 0.232581 -0.402445
v 0.321102 0.247730 0.056039
v 0.324698 0.199218 0.062871
v 0.256621 0.170882 -0.399168
v 0.036230 0.165043 -0.363658
v 0.124122 0.180015 0.084966
v 0.036070 0.181069 -0.362736
v 0.258929 0.189208 -0.415403
v 0.247703 0.212017 -0.420078
v 0.053134 0.204746 -0.382868
v 0.325805 0.206913 0.066251
v 0.120844 0.185728 0.089162
v 0.103791 0.226288 0.093141
v 0.328081 0.237895 0.068069
v 0.324620 0.242928 0.067491
v 0.254661 0.226203 -0.407263
v 0.265920 0.211984 -0.395198
v 0.345708 0.228509 0.064793
v 0.118803 0.239493 0.093222
v 0.037630 0.224027 -0.381166
v 0.049701 0.202491 -0.365621
v 0.110270 0.217200 0.093959
v 0.327384 0.196492 0.053923
v 0.255051 0.168229 -0.397494
v 0.271531 0.178540 -0.390811
v 0.330809 0.203084 0.047908
v 0.107610 0.172567 0.097764
v 0.047850 0.164444 -0.375725
v 0.056173 0.172437 -0.369775
v 0.121512 0.183139 0.083739
v 0.254280 0.173297 -0.407559
v 0.247867 0.224946 -0.407873
v 0.257996 0.213960 -0.411655
v 0.261819 0.191440 -0.409740
v 0.045768 0.167004 -0.362369
v 0.061563 0.201287 -0.363558
v 0.031587 0.201064 -0.354650
v 0.043734 0.166609 -0.373266
v 0.323175 0.190077 0.061316
v 0.321353 0.240085 0.055622
v 0.344453 0.237258 0.052245
v 0.327149 0.195353 0.048401
v 0.103456 0.188620 0.091428
v 0.116604 0.219803 0.099571
v 0.104632 0.219067 0.098726
v 0.094525 0.189708 0.098256
v 0.037404 0.210255 -0.380760
v 0.250255 0.210097 -0.409191
v 0.248681 0.218387 -0.383142
v 0.044964 0.221053 -0.362816
v 0.039026 0.168113 -0.377214
v 0.250269 0.185162 -0.404238
v 0.259736 0.170586 -0.389288
v 0.045057 0.168401 -0.362052
v 0.115178 0.223860 0.105482
v 0.327537 0.226466 0.059302
v 0.308959 0.241110 0.068262
v 0.105618 0.241289 0.093939
v 0.125039 0.183681 0.091812
v 0.338745 0.192982 0.073659
v 0.318567 0.187968 0.059303
v 0.127077 0.174448 0.085501
v 0.097990 0.180148 0.098425
v 0.103171 0.176038 0.105164
v 0.128253 0.184048 0.097826
v 0.338221 0.206061 0.055500
v 0.316568 0.185288 0.046761
v 0.336781 0.190854 0.061097
v 0.102764 0.221806 0.097858
v 0.115495 0.223942 0.075206
v 0.123598 0.225841 0.094938
v 0.339719 0.242472 0.061264
v 0.335324 0.234756 0.069725
v 0.312355 0.242358 0.070038
v 0.048038 0.163710 -0.369635
v 0.048103 0.172355 -0.372718
v 0.036323 0.174705 -0.385764
v 0.280977 0.180258 -0.408333
v 0.276199 0.167150 -0.409818
v 0.272221 0.188468 -0.413654
v 0.054719 0.200938 -0.352861
v 0.051357 0.214316 -0.352216
v 0.057816 0.216985 -0.370601
v 0.255547 0.212009 -0.396803
v 0.270495 0.221447 -0.391442
v 0.259565 0.210724 -0.419103
v 0.259219 0.196086 -0.212067
v 0.214485 0.188727 -0.390964
v 0.217267 0.203833 -0.421779
v 0.252966 0.212149 -0.223786
v 0.167615 0.194014 -0.395650
v 0.210726 0.207934 -0.196345
v 0.204638 0.242970 -0.186315
v 0.150262 0.233495 -0.392894
v 0.209430 0.244357 -0.190575
v 0.177530 0.232246 -0.394301
v 0.211654 0.212452 -0.408054
v 0.260057 0.236078 -0.198818
v 0.259323 0.196189 -0.216344
v 0.196135 0.178621 -0.402912
v 0.163878 0.197116 -0.389974
v 0.211680 0.212743 -0.199878
v 0.159691 0.198707 -0.392938
v 0.192258 0.184611 -0.417863
v 0.203204 0.213299 -0.424155
v 0.152547 0.217555 -0.391966
v 0.258267 0.209650 -0.206141
v 0.222815 0.217081 -0.180253
v 0.220242 0.240203 -0.190351
v 0.265502 0.232036 -0.206446
v 0.247405 0.230519 -0.219403
v 0.207163 0.215339 -0.394653
v 0.202622 0.208331 -0.397394
v 0.275032 0.212541 -0.223671
v 0.213069 0.238053 -0.195968
v 0.166724 0.234842 -0.403718
v 0.151344 0.214367 -0.386706
v 0.222875 0.232996 -0.205034
v 0.253304 0.203666 -0.203261
v 0.196270 0.179927 -0.410668
v 0.201074 0.181522 -0.412586
v 0.268543 0.203461 -0.195132
v 0.205566 0.212566 -0.189894
v 0.159155 0.197551 -0.397123
v 0.165693 0.200461 -0.400712
v 0.217742 0.208518 -0.186622
v 0.213233 0.184284 -0.396801
v 0.199667 0.201367 -0.422140
v 0.212038 0.214963 -0.406227
v 0.205063 0.185153 -0.402134
v 0.165861 0.190972 -0.399782
v 0.162152 0.215338 -0.412641
v 0.162639 0.228930 -0.383025
v 0.161105 0.202538 -0.384594
v 0.270935 0.196700 -0.211508
v 0.270529 0.220708 -0.211568
v 0.277319 0.229804 -0.209417
v 0.246939 0.189390 -0.216766
v 0.214071 0.207623 -0.193360
v 0.206086 0.230098 -0.206640
v 0.214347 0.227735 -0.209968
v 0.195782 0.214762 -0.201398
v 0.179082 0.216368 -0.396533
v 0.205247 0.213989 -0.421205
v 0.226193 0.223394 -0.410917
v 0.162763 0.221293 -0.403760
v 0.148764 0.191943 -0.401503
v 0.194294 0.182654 -0.409082
v 0.193468 0.179778 -0.410498
v 0.154538 0.192067 -0.405930
v 0.222285 0.235365 -0.203665
v 0.251250 0.216351 -0.207740
v 0.257432 0.230235 -0.200837
v 0.224111 0.244095 -0.214635
v 0.201633 0.221328 -0.204511
v 0.243724 0.207832 -0.204833
v 0.268024 0.188060 -0.196609
v 0.219742 0.200735 -0.196438
v 0.202688 0.209105 -0.195121
v 0.204682 0.204500 -0.187446
v 0.211457 0.215539 -0.186181
v 0.264270 0.206546 -0.220873
v 0.252390 0.195079 -0.220009
v 0.245923 0.208315 -0.215429
v 0.204446 0.234402 -0.192089
v 0.226036 0.238528 -0.187681
v 0.227814 0.233952 -0.183731
v 0.261378 0.229883 -0.215005
v 0.257665 0.224146 -0.207223
v 0.248678 0.217763 -0.190330
v 0.145795 0.197902 -0.381591
v 0.154138 0.191079 -0.385826
v 0.149985 0.207361 -0.410343
v 0.215078 0.187478 -0.408767
v 0.196297 0.172807 -0.399332
v 0.211800 0.181075 -0.416931
v 0.167814 0.231475 -0.404085
v 0.175695 0.237741 -0.402950
v 0.172059 0.218238 -0.394974
v 0.202964 0.199065 -0.411456
v 0.198467 0.208751 -0.398301
v 0.195452 0.208647 -0.405737
v -0.286287 0.118476 0.751381
v -0.234745 0.069999 0.588651
v -0.233188 0.113518 0.568487
v -0.268684 0.173702 0.728860
v -0.311501 0.088598 0.556045
v -0.381938 0.132208 0.702680
v -0.372479 0.191587 0.693731
v -0.282199 0.136868 0.552949
v -0.355161 0.192560 0.692731
v -0.293676 0.137774 0.550722
v -0.227753 0.130164 0.575951
v -0.266413 0.174506 0.725097
v -0.300000 0.114131 0.734702
v -0.245747 0.078570 0.577454
v -0.307173 0.088614 0.547086
v -0.378243 0.128312 0.699322
v -0.297934 0.090272 0.541466
v -0.249639 0.073221 0.577699
v -0.239491 0.120612 0.568147
v -0.290520 0.130906 0.548293
v -0.294874 0.120912 0.753945
v -0.379277 0.135055 0.707563
v -0.351779 0.198807 0.704482
v -0.280937 0.172802 0.735371
v -0.280441 0.181707 0.721872
v -0.221227 0.116972 0.573281
v -0.220391 0.116035 0.572479
v -0.273069 0.164631 0.736115
v -0.363017 0.192576 0.693266
v -0.281832 0.127613 0.549854
v -0.293648 0.127802 0.549438
v -0.357134 0.196312 0.686189
v -0.308232 0.116277 0.740807
v -0.253880 0.073273 0.583853
v -0.240220 0.079356 0.586256
v -0.302111 0.118646 0.745691
v -0.377998 0.123773 0.696850
v -0.302299 0.084897 0.562487
v -0.298664 0.092243 0.549503
v -0.383176 0.130145 0.708122
v -0.243516 0.078339 0.576256
v -0.221308 0.119437 0.560457
v -0.225411 0.122924 0.575613
v -0.238043 0.071519 0.584883
v -0.295119 0.086842 0.559522
v -0.285630 0.122651 0.539276
v -0.292481 0.134762 0.542097
v -0.301170 0.087780 0.565041
v -0.301257 0.112088 0.752329
v -0.283029 0.180652 0.735662
v -0.266621 0.161505 0.733566
v -0.296210 0.115184 0.747079
v -0.374043 0.129084 0.719124
v -0.356204 0.191214 0.689962
v -0.368211 0.187196 0.686987
v -0.377542 0.134234 0.692306
v -0.274227 0.132552 0.543159
v -0.221438 0.117603 0.569112
v -0.228324 0.122084 0.571200
v -0.280245 0.139931 0.545085
v -0.299928 0.091468 0.536393
v -0.248422 0.071990 0.575738
v -0.245430 0.064272 0.584528
v -0.292085 0.090069 0.560186
v -0.359030 0.192140 0.705384
v -0.289514 0.173053 0.741377
v -0.279115 0.170165 0.720347
v -0.359918 0.201803 0.686145
v -0.385568 0.132084 0.706858
v -0.299417 0.115415 0.743780
v -0.297864 0.106784 0.744444
v -0.377234 0.129699 0.714763
v -0.384138 0.134566 0.705784
v -0.382452 0.125154 0.711136
v -0.375827 0.134436 0.713127
v -0.296354 0.112566 0.744848
v -0.298532 0.100913 0.739162
v -0.298898 0.108193 0.752917
v -0.352116 0.194533 0.684962
v -0.354348 0.202194 0.696526
v -0.362584 0.200244 0.705046
v -0.275379 0.174041 0.729979
v -0.271405 0.173124 0.728015
v -0.285649 0.178157 0.735782
v -0.312537 0.092394 0.552365
v -0.308967 0.091951 0.550039
v -0.305469 0.099566 0.548403
v -0.234287 0.077554 0.576961
v -0.243149 0.067355 0.579412
v -0.253871 0.072045 0.573815
v -0.280652 0.138031 0.550822
v -0.288063 0.138889 0.535491
v -0.287698 0.129070 0.530758
v -0.221349 0.117071 0.577697
v -0.234257 0.122385 0.577056
v -0.223261 0.117555 0.575793
v 0.098938 0.298327 0.266136
v -0.086513 0.303065 0.326768
v -0.100277 0.329928 0.306424
v 0.079687 0.331606 0.222872
v -0.073178 0.351048 0.372177
v 0.102570 0.371410 0.322065
v 0.083946 0.408154 0.269572
v -0.082890 0.371547 0.331871
v 0.092892 0.398963 0.254054
v -0.081697 0.375576 0.323132
v -0.094034 0.342995 0.299766
v 0.071632 0.349490 0.223030
v 0.100100 0.306161 0.276334
v -0.077989 0.302296 0.341454
v -0.078228 0.344749 0.364259
v 0.104166 0.352256 0.310743
v -0.083951 0.347853 0.373541
v -0.087612 0.308015 0.335182
v -0.099664 0.327716 0.300612
v -0.088816 0.372899 0.330495
v 0.102404 0.295454 0.266307
v 0.100815 0.355485 0.310752
v 0.094037 0.397689 0.259895
v 0.079426 0.341885 0.223443
v 0.067101 0.340482 0.215010
v -0.095222 0.340868 0.296246
v -0.098866 0.321646 0.295893
v 0.070423 0.340831 0.225238
v 0.085770 0.404528 0.261076
v -0.085242 0.383025 0.322878
v -0.087062 0.383221 0.326838
v 0.089503 0.396814 0.262203
v 0.087898 0.299472 0.278622
v -0.070698 0.305729 0.335216
v -0.078278 0.307835 0.332329
v 0.085200 0.295788 0.271718
v 0.100182 0.349922 0.313233
v -0.077756 0.348244 0.363529
v -0.062572 0.342545 0.361267
v 0.115148 0.372578 0.320548
v -0.084009 0.310756 0.333484
v -0.091606 0.329140 0.303295
v -0.096576 0.336240 0.289547
v -0.071463 0.293908 0.325154
v -0.089404 0.346608 0.356378
v -0.093960 0.366194 0.322826
v -0.080077 0.379038 0.322749
v -0.072603 0.354806 0.359092
v 0.109226 0.307883 0.281073
v 0.081131 0.333872 0.226743
v 0.075075 0.342627 0.219702
v 0.097705 0.291076 0.275350
v 0.109406 0.363107 0.313823
v 0.090689 0.390086 0.266000
v 0.080807 0.402849 0.268753
v 0.109499 0.362709 0.327596
v -0.095440 0.373750 0.336833
v -0.096200 0.344004 0.302136
v -0.104441 0.344525 0.293344
v -0.085935 0.376633 0.321689
v -0.083240 0.340996 0.364229
v -0.091400 0.307153 0.334274
v -0.077198 0.305277 0.343847
v -0.066216 0.333111 0.361287
v 0.087349 0.389646 0.264822
v 0.091600 0.339316 0.226203
v 0.079375 0.347472 0.234001
v 0.093187 0.403720 0.273836
v 0.121135 0.363330 0.318263
v 0.102425 0.301785 0.265407
v 0.107067 0.288509 0.277316
v 0.100713 0.352477 0.310771
v 0.106074 0.356590 0.313622
v 0.111391 0.350516 0.316463
v 0.117280 0.357363 0.314588
v 0.099484 0.296193 0.270239
v 0.091651 0.307671 0.285307
v 0.101920 0.305492 0.283117
v 0.086836 0.407486 0.268111
v 0.097104 0.404070 0.269106
v 0.086904 0.400867 0.275503
v 0.072813 0.334651 0.221609
v 0.074076 0.349684 0.231119
v 0.089114 0.342848 0.216494
v -0.065635 0.352295 0.365155
v -0.076153 0.350010 0.368162
v -0.077825 0.347113 0.370922
v -0.083819 0.300584 0.324780
v -0.081426 0.310585 0.335354
v -0.090634 0.303905 0.337162
v -0.083751 0.377234 0.329901
v -0.092065 0.369673 0.329330
v -0.099343 0.375423 0.325958
v -0.104973 0.328510 0.288570
v -0.104170 0.333573 0.289035
v -0.088588 0.329774 0.298893
v -0.098168 0.161454 0.490719
v -0.053424 0.215863 0.472183
v -0.059378 0.236123 0.487730
v -0.102578 0.184402 0.528733
v -0.106026 0.267712 0.414924
v -0.174827 0.223079 0.417731
v -0.166583 0.250135 0.455823
v -0.110986 0.283594 0.440310
v -0.176644 0.255541 0.471399
v -0.107269 0.289204 0.461777
v -0.057034 0.248078 0.496713
v -0.113481 0.207989 0.523899
v -0.097534 0.158229 0.491241
v -0.060756 0.222721 0.455910
v -0.104794 0.268136 0.417514
v -0.157119 0.219048 0.411966
v -0.097435 0.266563 0.422344
v -0.052679 0.233447 0.461785
v -0.061584 0.252947 0.487200
v -0.107186 0.286699 0.451942
v -0.105948 0.157733 0.485283
v -0.167060 0.220569 0.434272
v -0.186866 0.245084 0.466202
v -0.117148 0.192798 0.523704
v -0.111565 0.205707 0.528026
v -0.058988 0.251232 0.499253
v -0.048385 0.241956 0.493220
v -0.103899 0.195043 0.529715
v -0.179564 0.243733 0.464130
v -0.109494 0.299069 0.449702
v -0.119021 0.284249 0.451120
v -0.175043 0.243497 0.460504
v -0.105546 0.160367 0.477139
v -0.053720 0.222197 0.469504
v -0.052551 0.210205 0.472179
v -0.083846 0.164350 0.479246
v -0.159884 0.213219 0.429721
v -0.094394 0.265167 0.412036
v -0.099749 0.267154 0.413739
v -0.168453 0.229079 0.417485
v -0.044764 0.227824 0.470119
v -0.056582 0.242994 0.496144
v -0.058318 0.246857 0.491984
v -0.054878 0.229409 0.467561
v -0.093202 0.272698 0.418574
v -0.109363 0.289171 0.452183
v -0.106983 0.281696 0.452334
v -0.107607 0.259519 0.417048
v -0.100744 0.168356 0.475340
v -0.113150 0.184050 0.529220
v -0.114032 0.186084 0.515722
v -0.091272 0.162636 0.491550
v -0.158954 0.219712 0.432043
v -0.175393 0.243300 0.474659
v -0.176455 0.245813 0.462199
v -0.159196 0.235500 0.427166
v -0.112916 0.283689 0.451024
v -0.047708 0.249824 0.489607
v -0.060853 0.250649 0.496528
v -0.122069 0.289499 0.457268
v -0.105473 0.267771 0.421575
v -0.045398 0.224404 0.462963
v -0.042382 0.215149 0.461359
v -0.101762 0.256878 0.421412
v -0.168691 0.249027 0.469202
v -0.116402 0.182329 0.520695
v -0.103504 0.197512 0.518504
v -0.182781 0.253825 0.461265
v -0.164206 0.216896 0.421941
v -0.106963 0.170288 0.486609
v -0.093560 0.152040 0.477330
v -0.165556 0.219119 0.413676
v -0.160402 0.232845 0.418774
v -0.161304 0.213802 0.427540
v -0.174735 0.217113 0.435138
v -0.093985 0.172511 0.489467
v -0.103864 0.161596 0.484174
v -0.105009 0.171806 0.480741
v -0.184639 0.252179 0.461787
v -0.172415 0.250015 0.463062
v -0.173359 0.251676 0.456927
v -0.104207 0.190929 0.519445
v -0.103258 0.194989 0.528953
v -0.111039 0.186514 0.518760
v -0.102711 0.275644 0.414303
v -0.101712 0.267282 0.416986
v -0.100883 0.274051 0.423855
v -0.057941 0.218714 0.464303
v -0.052127 0.228006 0.451870
v -0.046267 0.225106 0.471526
v -0.121525 0.287682 0.448660
v -0.118505 0.288663 0.456889
v -0.113827 0.285912 0.452031
v -0.052348 0.243948 0.494202
v -0.054428 0.240408 0.500316
v -0.066098 0.248042 0.489083
v 0.674818 0.014594 0.251538
v 0.538895 0.046017 0.228073
v 0.552509 0.103300 0.171900
v 0.709773 0.087921 0.181806
v 0.523659 0.124549 0.301743
v 0.642195 0.115612 0.382718
v 0.678600 0.198448 0.315521
v 0.532855 0.176218 0.245734
v 0.675174 0.201804 0.299109
v 0.536931 0.171396 0.254402
v 0.564644 0.104401 0.182166
v 0.705858 0.089370 0.191099
v 0.679515 0.010378 0.259630
v 0.527168 0.040860 0.228946
v 0.521672 0.107467 0.309890
v 0.650070 0.107892 0.374864
v 0.515511 0.115990 0.285360
v 0.536545 0.044381 0.229503
v 0.544240 0.112100 0.171363
v 0.524211 0.174222 0.241802
v 0.691806 0.010532 0.259321
v 0.663454 0.109271 0.384266
v 0.677742 0.188357 0.296294
v 0.708966 0.095381 0.204739
v 0.703232 0.093714 0.199781
v 0.547693 0.102351 0.174840
v 0.557233 0.099500 0.176464
v 0.702043 0.087377 0.185035
v 0.678012 0.189453 0.303705
v 0.532536 0.171783 0.244050
v 0.544848 0.172274 0.251221
v 0.675862 0.186071 0.306264
v 0.677809 0.000000 0.265896
v 0.546251 0.042104 0.216741
v 0.546685 0.049840 0.223686
v 0.684022 0.010671 0.253362
v 0.660149 0.103741 0.366109
v 0.514736 0.103475 0.299825
v 0.516730 0.119527 0.304952
v 0.656923 0.116758 0.384189
v 0.528113 0.058727 0.219888
v 0.545217 0.108810 0.175830
v 0.553845 0.100737 0.176965
v 0.530355 0.047945 0.215818
v 0.504986 0.115137 0.299828
v 0.532825 0.160925 0.245296
v 0.533171 0.179013 0.256167
v 0.528090 0.116719 0.293618
v 0.678921 0.017226 0.259741
v 0.714438 0.088056 0.201141
v 0.706298 0.081602 0.192769
v 0.676200 0.018260 0.262552
v 0.660622 0.104349 0.378497
v 0.687335 0.183216 0.309200
v 0.675880 0.196267 0.301401
v 0.656720 0.117148 0.384792
v 0.521467 0.178047 0.245842
v 0.549421 0.106067 0.167611
v 0.558541 0.103135 0.180177
v 0.537511 0.181748 0.243706
v 0.514609 0.115846 0.307336
v 0.536142 0.043693 0.223833
v 0.538622 0.043009 0.236796
v 0.526141 0.112276 0.293789
v 0.691197 0.188181 0.314025
v 0.715712 0.094324 0.198273
v 0.714358 0.103637 0.192321
v 0.675321 0.197771 0.302157
v 0.660177 0.107862 0.376042
v 0.685489 0.011216 0.276702
v 0.683372 0.007341 0.262145
v 0.644013 0.112023 0.370949
v 0.657820 0.113169 0.374255
v 0.655194 0.108679 0.378567
v 0.655829 0.102803 0.366209
v 0.677592 0.010072 0.254761
v 0.683079 0.004643 0.269726
v 0.677941 0.014541 0.274804
v 0.679542 0.198803 0.307348
v 0.671096 0.190351 0.294459
v 0.687383 0.183768 0.297871
v 0.700067 0.082604 0.189873
v 0.709851 0.095578 0.194973
v 0.713690 0.083687 0.198354
v 0.513068 0.118705 0.307198
v 0.517575 0.107786 0.302340
v 0.505757 0.112717 0.288252
v 0.543362 0.037234 0.222085
v 0.526156 0.041500 0.226568
v 0.528667 0.054017 0.217130
v 0.534294 0.178495 0.255177
v 0.545703 0.175162 0.241761
v 0.523793 0.164540 0.242478
v 0.565774 0.092893 0.171867
v 0.558902 0.109700 0.170339
v 0.553583 0.110267 0.177625
v -0.123385 0.160286 0.361580
v -0.004782 0.229457 0.510699
v -0.037368 0.256915 0.512546
v -0.159627 0.195035 0.385636
v 0.016485 0.285845 0.458799
v -0.084034 0.240161 0.315126
v -0.126245 0.277311 0.326359
v -0.002829 0.310813 0.477813
v -0.130751 0.280302 0.331133
v -0.009593 0.307726 0.480654
v -0.040311 0.262838 0.513438
v -0.170567 0.201082 0.370645
v -0.121392 0.163512 0.356623
v -0.007849 0.222764 0.507393
v 0.019053 0.277458 0.468182
v -0.084545 0.235520 0.298632
v 0.016693 0.274748 0.465184
v -0.018121 0.231494 0.511028
v -0.035912 0.264693 0.515916
v -0.011075 0.299879 0.479611
v -0.133254 0.169333 0.346960
v -0.100990 0.232708 0.302953
v -0.132032 0.264439 0.316367
v -0.159514 0.201738 0.368395
v -0.161606 0.195179 0.379853
v -0.039874 0.258807 0.517165
v -0.036274 0.245244 0.520205
v -0.170244 0.195299 0.378459
v -0.122497 0.267818 0.334141
v -0.022057 0.309879 0.474716
v -0.003210 0.304274 0.484072
v -0.122464 0.271715 0.319910
v -0.114907 0.159099 0.352908
v -0.002463 0.225192 0.506699
v -0.004186 0.230863 0.506511
v -0.130737 0.168947 0.348944
v -0.075154 0.242124 0.305104
v 0.012441 0.286123 0.461365
v 0.017977 0.279158 0.471981
v -0.091705 0.247779 0.306785
v -0.003998 0.239815 0.504507
v -0.033306 0.250074 0.526614
v -0.033139 0.249983 0.519256
v -0.016737 0.217122 0.503628
v 0.016197 0.279957 0.480321
v -0.014508 0.310543 0.478882
v -0.011691 0.311613 0.486805
v 0.011825 0.279700 0.462719
v -0.126061 0.176025 0.357935
v -0.159355 0.195781 0.377784
v -0.162413 0.192395 0.386127
v -0.116847 0.162836 0.365304
v -0.093819 0.237808 0.315698
v -0.137237 0.267006 0.323386
v -0.128615 0.271458 0.318735
v -0.084273 0.246521 0.310721
v -0.013120 0.296079 0.481666
v -0.040016 0.254220 0.511531
v -0.035672 0.263482 0.521465
v -0.005551 0.305754 0.486959
v 0.027987 0.284824 0.472236
v -0.000822 0.236664 0.511254
v -0.005751 0.227961 0.499531
v 0.019511 0.272540 0.479921
v -0.125910 0.266545 0.329514
v -0.154440 0.196902 0.367396
v -0.157190 0.204622 0.376020
v -0.126764 0.264018 0.336448
v -0.093279 0.235907 0.304348
v -0.128258 0.164185 0.341419
v -0.117327 0.163718 0.356717
v -0.082356 0.225763 0.307275
v -0.078047 0.249741 0.306471
v -0.078938 0.238402 0.297877
v -0.095841 0.241315 0.309186
v -0.123190 0.164041 0.352974
v -0.107907 0.166151 0.355606
v -0.119754 0.169657 0.354000
v -0.114816 0.269501 0.328373
v -0.122285 0.279771 0.325277
v -0.122653 0.261120 0.324022
v -0.155207 0.187318 0.379015
v -0.156995 0.202773 0.367539
v -0.163525 0.203640 0.372285
v 0.012638 0.274098 0.461288
v 0.013478 0.278789 0.474003
v 0.012330 0.273505 0.476809
v -0.006986 0.226664 0.495529
v -0.004387 0.225694 0.502843
v -0.007069 0.237903 0.509094
v -0.004931 0.307493 0.475776
v -0.026874 0.303894 0.482819
v -0.005300 0.302080 0.494340
v -0.042699 0.256928 0.514280
v -0.028039 0.256153 0.519150
v -0.030694 0.251861 0.511116
v 0.248880 0.179459 -0.261661
v 0.261767 0.193770 -0.118701
v 0.310067 0.227720 -0.132853
v 0.287411 0.240227 -0.248678
v 0.360907 0.117365 -0.123017
v 0.356193 0.097105 -0.264857
v 0.406586 0.161540 -0.255209
v 0.391405 0.151858 -0.121684
v 0.408631 0.161884 -0.248254
v 0.384778 0.158826 -0.115155
v 0.310234 0.226679 -0.132322
v 0.297904 0.246370 -0.260607
v 0.243697 0.187264 -0.252760
v 0.261249 0.182436 -0.119530
v 0.356238 0.117201 -0.128888
v 0.345700 0.095236 -0.260773
v 0.343235 0.120277 -0.117897
v 0.276181 0.187560 -0.122293
v 0.292187 0.222443 -0.126752
v 0.382960 0.151830 -0.118202
v 0.254906 0.189706 -0.268532
v 0.362518 0.089685 -0.259696
v 0.405790 0.163810 -0.258945
v 0.304218 0.242844 -0.268522
v 0.290625 0.249996 -0.254063
v 0.308369 0.230019 -0.124035
v 0.298567 0.217076 -0.113512
v 0.283726 0.245901 -0.253799
v 0.413785 0.157831 -0.265455
v 0.380861 0.168294 -0.117162
v 0.380220 0.156927 -0.119508
v 0.406880 0.155449 -0.247983
v 0.245425 0.188737 -0.250683
v 0.266310 0.173820 -0.131019
v 0.268678 0.190153 -0.131164
v 0.235624 0.189758 -0.267872
v 0.356483 0.096352 -0.260917
v 0.344367 0.115368 -0.115533
v 0.355928 0.105791 -0.113139
v 0.359840 0.094735 -0.267049
v 0.277109 0.189427 -0.126804
v 0.299936 0.229027 -0.112265
v 0.301536 0.234830 -0.126284
v 0.265661 0.190225 -0.126557
v 0.352040 0.125759 -0.113770
v 0.384693 0.151010 -0.125893
v 0.384084 0.150263 -0.127941
v 0.360159 0.107851 -0.124596
v 0.257345 0.185179 -0.271158
v 0.294184 0.240071 -0.254439
v 0.293521 0.243320 -0.258597
v 0.239502 0.189352 -0.257898
v 0.356214 0.104723 -0.258833
v 0.403164 0.150447 -0.265054
v 0.406652 0.157044 -0.250775
v 0.357250 0.097653 -0.251714
v 0.377147 0.165422 -0.112192
v 0.313289 0.221838 -0.119234
v 0.296574 0.225903 -0.128221
v 0.377618 0.167077 -0.117772
v 0.346751 0.128081 -0.119868
v 0.271957 0.181087 -0.112176
v 0.274741 0.174693 -0.116136
v 0.351452 0.123145 -0.132471
v 0.397199 0.158104 -0.256024
v 0.301039 0.244136 -0.262110
v 0.303909 0.239655 -0.265486
v 0.410127 0.167203 -0.259196
v 0.354899 0.100821 -0.262122
v 0.251241 0.179626 -0.271347
v 0.246913 0.175737 -0.258551
v 0.355748 0.105895 -0.252829
v 0.366789 0.086625 -0.259627
v 0.348999 0.095720 -0.265467
v 0.360320 0.107103 -0.266064
v 0.245726 0.187897 -0.258173
v 0.244759 0.174700 -0.257923
v 0.254331 0.186310 -0.263838
v 0.412700 0.150069 -0.247634
v 0.408498 0.169489 -0.254246
v 0.405126 0.155293 -0.259456
v 0.300639 0.247978 -0.256210
v 0.300153 0.245975 -0.264069
v 0.294251 0.238165 -0.265944
v 0.359328 0.110723 -0.114586
v 0.356060 0.113434 -0.123741
v 0.342980 0.121266 -0.118698
v 0.268831 0.179264 -0.123980
v 0.267807 0.182338 -0.122734
v 0.273867 0.178614 -0.112296
v 0.385222 0.164941 -0.112824
v 0.375245 0.162073 -0.117116
v 0.379410 0.168174 -0.110991
v 0.289492 0.224647 -0.115284
v 0.315283 0.223193 -0.123051
v 0.296439 0.223743 -0.124520
v -0.179979 0.128496 -0.141103
v -0.234913 0.153314 -0.017272
v -0.236032 0.206249 -0.021628
v -0.175965 0.186201 -0.159708
v -0.186611 0.173513 0.018986
v -0.095229 0.134928 -0.085708
v -0.095330 0.190873 -0.101593
v -0.181892 0.197879 -0.003528
v -0.086999 0.200745 -0.114463
v -0.178482 0.211690 0.005873
v -0.231641 0.205873 -0.030385
v -0.168726 0.191130 -0.149507
v -0.174121 0.124734 -0.140486
v -0.243556 0.150648 -0.021895
v -0.184911 0.158140 0.022673
v -0.090995 0.136227 -0.090427
v -0.188938 0.164178 0.009639
v -0.235926 0.166167 -0.016970
v -0.230912 0.199718 -0.026491
v -0.187913 0.198982 0.000255
v -0.157780 0.123225 -0.141123
v -0.094560 0.131587 -0.090707
v -0.095403 0.186820 -0.101958
v -0.161865 0.182397 -0.156723
v -0.174930 0.187886 -0.153585
v -0.242694 0.200598 -0.026707
v -0.236629 0.206183 -0.026698
v -0.172904 0.183253 -0.161841
v -0.093867 0.197544 -0.105917
v -0.181283 0.212454 0.002653
v -0.179499 0.212760 0.003089
v -0.098111 0.197166 -0.099761
v -0.157990 0.117045 -0.141075
v -0.244180 0.149952 -0.022290
v -0.242125 0.156885 -0.030308
v -0.174408 0.129289 -0.141652
v -0.109422 0.127555 -0.092056
v -0.189511 0.162191 0.011678
v -0.179742 0.170652 0.013286
v -0.094541 0.137418 -0.096895
v -0.233702 0.155966 -0.022984
v -0.239949 0.198023 -0.023202
v -0.246107 0.202871 -0.026920
v -0.230624 0.161758 -0.029874
v -0.188677 0.163019 0.014336
v -0.193520 0.201347 0.015461
v -0.179362 0.206672 0.004172
v -0.175395 0.167937 0.007442
v -0.172921 0.123259 -0.144975
v -0.168314 0.186385 -0.167756
v -0.176841 0.185314 -0.151558
v -0.177035 0.126615 -0.142934
v -0.088212 0.139720 -0.091325
v -0.084475 0.192448 -0.106780
v -0.079610 0.193467 -0.109133
v -0.096220 0.138307 -0.088860
v -0.182286 0.204086 0.008520
v -0.230283 0.198485 -0.024061
v -0.226950 0.210052 -0.025373
v -0.186574 0.210470 0.004355
v -0.181892 0.177390 0.024174
v -0.233318 0.154627 -0.011850
v -0.239171 0.157698 -0.013285
v -0.174210 0.155959 0.011986
v -0.092284 0.197025 -0.105480
v -0.176112 0.184624 -0.155856
v -0.159345 0.191383 -0.152315
v -0.098827 0.194864 -0.115742
v -0.097170 0.132343 -0.092270
v -0.162493 0.120020 -0.142080
v -0.171101 0.113609 -0.149019
v -0.090093 0.134483 -0.098873
v -0.098999 0.135408 -0.086960
v -0.093473 0.129438 -0.088429
v -0.091069 0.139728 -0.090959
v -0.176304 0.130505 -0.141071
v -0.170354 0.112523 -0.140896
v -0.160360 0.126111 -0.156108
v -0.090860 0.187341 -0.101385
v -0.097953 0.197612 -0.111362
v -0.096107 0.187201 -0.122388
v -0.178741 0.186917 -0.164547
v -0.163567 0.188258 -0.150223
v -0.170050 0.185547 -0.166230
v -0.183278 0.166523 0.013896
v -0.189332 0.165577 0.006890
v -0.193999 0.167510 0.017416
v -0.232315 0.162947 -0.028682
v -0.229485 0.158521 -0.019634
v -0.236663 0.157330 -0.002984
v -0.189632 0.205242 0.004877
v -0.180802 0.211050 0.013410
v -0.188667 0.206504 0.002927
v -0.238732 0.201792 -0.023925
v -0.232638 0.209966 -0.043143
v -0.233516 0.205184 -0.017357
v -0.378280 0.283986 0.047423
v -0.277655 0.313913 0.176630
v -0.306074 0.381378 0.187973
v -0.420580 0.363988 0.082755
v -0.137679 0.385641 0.092846
v -0.181048 0.401089 -0.060959
v -0.227583 0.479886 -0.030023
v -0.166603 0.459387 0.110287
v -0.227612 0.488675 -0.036715
v -0.182726 0.455577 0.113665
v -0.310678 0.381237 0.182510
v -0.423685 0.377861 0.073011
v -0.375376 0.281927 0.063713
v -0.287260 0.299047 0.166906
v -0.147299 0.374192 0.090340
v -0.180821 0.391809 -0.048857
v -0.144778 0.384143 0.115070
v -0.272049 0.311886 0.187101
v -0.305928 0.365090 0.193427
v -0.168437 0.448454 0.129309
v -0.376400 0.287359 0.048685
v -0.186659 0.384095 -0.059476
v -0.232004 0.477263 -0.029911
v -0.420322 0.380783 0.073885
v -0.412742 0.376534 0.086619
v -0.304882 0.372991 0.199166
v -0.313470 0.376680 0.186954
v -0.414223 0.369744 0.067229
v -0.221281 0.490710 -0.022779
v -0.171036 0.454775 0.106595
v -0.158107 0.451481 0.114943
v -0.229133 0.481703 -0.030669
v -0.373709 0.278936 0.047063
v -0.284809 0.304394 0.180345
v -0.282371 0.301468 0.175028
v -0.379865 0.288037 0.052839
v -0.183358 0.378263 -0.055881
v -0.138008 0.376909 0.105375
v -0.140590 0.382654 0.087862
v -0.177960 0.395752 -0.047668
v -0.279537 0.300075 0.179452
v -0.300290 0.365045 0.191874
v -0.312230 0.369034 0.199502
v -0.292967 0.311030 0.173302
v -0.148703 0.375067 0.103805
v -0.166949 0.446692 0.120127
v -0.168716 0.443933 0.122593
v -0.145232 0.378583 0.101740
v -0.385246 0.285612 0.049764
v -0.416441 0.372663 0.072013
v -0.411936 0.375169 0.072325
v -0.369381 0.282020 0.050041
v -0.196512 0.392253 -0.042201
v -0.223265 0.471391 -0.030244
v -0.213769 0.481203 -0.023674
v -0.185500 0.399316 -0.056452
v -0.175626 0.448062 0.113562
v -0.289680 0.375170 0.191015
v -0.315153 0.383061 0.183909
v -0.171341 0.449761 0.119338
v -0.139375 0.379603 0.108902
v -0.277503 0.306925 0.169018
v -0.274008 0.306461 0.176053
v -0.147186 0.376912 0.092327
v -0.234394 0.472222 -0.031640
v -0.417766 0.380649 0.066889
v -0.406176 0.381628 0.078955
v -0.228289 0.481418 -0.014967
v -0.199698 0.392950 -0.058990
v -0.365709 0.284641 0.050321
v -0.362566 0.281027 0.055452
v -0.190459 0.376073 -0.050249
v -0.179251 0.390224 -0.055934
v -0.187314 0.378025 -0.055716
v -0.190568 0.399618 -0.067414
v -0.373909 0.291247 0.051806
v -0.376322 0.286052 0.053153
v -0.376444 0.281555 0.038947
v -0.226069 0.475970 -0.024796
v -0.225214 0.476443 -0.029366
v -0.217885 0.478989 -0.032746
v -0.411826 0.373551 0.077646
v -0.406090 0.377174 0.084155
v -0.417204 0.374498 0.065730
v -0.138933 0.386479 0.091481
v -0.138922 0.383450 0.100545
v -0.135418 0.384474 0.103344
v -0.287734 0.309063 0.168785
v -0.276250 0.299100 0.181441
v -0.279482 0.305876 0.182131
v -0.165006 0.453616 0.105759
v -0.171921 0.451644 0.115079
v -0.166009 0.451446 0.113039
v -0.309505 0.368967 0.185380
v -0.303884 0.387052 0.186059
v -0.303843 0.371441 0.203753
v -0.297678 0.193290 0.412089
v -0.285967 0.213411 0.192930
v -0.248426 0.223161 0.207676
v -0.254972 0.225521 0.421955
v -0.312004 0.276050 0.199512
v -0.336682 0.307091 0.413674
v -0.295586 0.314291 0.419175
v -0.289439 0.286434 0.204901
v -0.291172 0.327568 0.416293
v -0.281797 0.292034 0.187527
v -0.241770 0.221253 0.206538
v -0.246220 0.235729 0.422213
v -0.299708 0.204029 0.409472
v -0.281212 0.217882 0.199992
v -0.312057 0.271019 0.202537
v -0.342081 0.290749 0.401395
v -0.312840 0.270949 0.184856
v -0.277914 0.205877 0.193248
v -0.246043 0.227867 0.191507
v -0.284570 0.281617 0.182696
v -0.299749 0.203138 0.424339
v -0.342711 0.294423 0.415214
v -0.305332 0.311237 0.419490
v -0.253936 0.221219 0.424489
v -0.240899 0.226721 0.411821
v -0.247768 0.230609 0.197912
v -0.248512 0.221720 0.193508
v -0.251813 0.212857 0.427701
v -0.284642 0.309294 0.404780
v -0.279978 0.298192 0.192095
v -0.291248 0.294423 0.197527
v -0.304277 0.324600 0.401438
v -0.305042 0.205618 0.416842
v -0.282998 0.206650 0.211644
v -0.283819 0.212361 0.196760
v -0.295822 0.199132 0.419018
v -0.332657 0.286888 0.403800
v -0.317470 0.267004 0.197239
v -0.309370 0.276487 0.195030
v -0.337999 0.297026 0.402727
v -0.279802 0.214860 0.185967
v -0.247805 0.220918 0.197642
v -0.247530 0.224491 0.199549
v -0.280727 0.202659 0.197451
v -0.307447 0.265819 0.198013
v -0.288804 0.282548 0.182225
v -0.294735 0.294495 0.192123
v -0.319415 0.271970 0.201890
v -0.306402 0.211318 0.423820
v -0.261042 0.231201 0.432715
v -0.256858 0.210184 0.421287
v -0.283757 0.197080 0.419481
v -0.335245 0.290199 0.421820
v -0.299471 0.302763 0.412627
v -0.308506 0.324372 0.405665
v -0.345308 0.308962 0.409032
v -0.278475 0.285118 0.183989
v -0.251981 0.223489 0.190496
v -0.247244 0.223508 0.212825
v -0.272611 0.293141 0.197687
v -0.312833 0.278322 0.181033
v -0.286582 0.210573 0.196565
v -0.283282 0.200108 0.205564
v -0.313536 0.262278 0.197130
v -0.301200 0.318559 0.415761
v -0.253704 0.232205 0.416960
v -0.250936 0.223130 0.413716
v -0.286902 0.319492 0.409181
v -0.344624 0.302653 0.411732
v -0.297203 0.201069 0.433265
v -0.297304 0.201142 0.412978
v -0.349960 0.288060 0.408390
v -0.343925 0.300060 0.412707
v -0.345950 0.296090 0.414979
v -0.342152 0.301349 0.417986
v -0.295067 0.191475 0.418150
v -0.306730 0.206061 0.426747
v -0.289341 0.201034 0.418752
v -0.305268 0.319575 0.414639
v -0.291358 0.319655 0.421412
v -0.305001 0.314318 0.413399
v -0.256107 0.221630 0.422359
v -0.252577 0.224280 0.425181
v -0.258432 0.236217 0.425911
v -0.310642 0.282428 0.204888
v -0.308714 0.273317 0.200331
v -0.313210 0.281796 0.196786
v -0.276728 0.203123 0.195043
v -0.285690 0.205126 0.193246
v -0.285786 0.210260 0.199355
v -0.278561 0.284902 0.200824
v -0.268383 0.283639 0.192046
v -0.282916 0.292030 0.196561
v -0.257514 0.225511 0.208296
v -0.249140 0.220421 0.210230
v -0.262305 0.229260 0.187692
v -0.038842 0.318957 -0.090300
v 0.046145 0.268330 -0.111641
v 0.078687 0.309014 -0.127073
v -0.015840 0.381647 -0.102529
v 0.039817 0.253226 -0.247894
v -0.042679 0.286571 -0.285452
v -0.014801 0.333322 -0.302520
v 0.064253 0.283156 -0.257831
v -0.016113 0.345953 -0.301072
v 0.075944 0.292175 -0.265030
v 0.070516 0.306050 -0.124068
v 0.000112 0.378964 -0.103236
v -0.036957 0.312627 -0.107635
v 0.052310 0.258810 -0.114087
v 0.041692 0.245536 -0.245986
v -0.052705 0.275766 -0.286101
v 0.046068 0.242439 -0.248158
v 0.062787 0.259400 -0.125350
v 0.069630 0.305353 -0.130203
v 0.066587 0.283261 -0.254386
v -0.050128 0.324480 -0.108321
v -0.047150 0.289850 -0.283698
v -0.021864 0.344618 -0.289830
v -0.024766 0.371501 -0.120224
v -0.018468 0.381717 -0.112744
v 0.076472 0.305854 -0.117790
v 0.071621 0.301711 -0.123976
v -0.011008 0.376758 -0.115435
v -0.020214 0.345322 -0.282687
v 0.066685 0.297558 -0.254429
v 0.071064 0.288700 -0.266240
v -0.014728 0.328824 -0.302924
v -0.055133 0.314476 -0.089921
v 0.050769 0.264585 -0.115000
v 0.053940 0.274301 -0.110273
v -0.044915 0.327007 -0.100876
v -0.046717 0.283719 -0.273542
v 0.035570 0.242238 -0.244188
v 0.042248 0.238897 -0.250943
v -0.050549 0.280994 -0.294863
v 0.050145 0.269551 -0.127736
v 0.071519 0.304692 -0.132088
v 0.069746 0.319276 -0.117436
v 0.048980 0.263068 -0.106778
v 0.049793 0.247462 -0.251174
v 0.071655 0.286029 -0.259710
v 0.073402 0.278230 -0.268600
v 0.042070 0.242239 -0.257042
v -0.056425 0.315790 -0.105826
v -0.014686 0.369013 -0.117656
v -0.020824 0.378584 -0.097183
v -0.039889 0.312150 -0.101986
v -0.061916 0.293847 -0.285745
v -0.026581 0.350407 -0.295318
v -0.025350 0.338350 -0.306440
v -0.050816 0.285603 -0.283146
v 0.072422 0.279141 -0.246103
v 0.085741 0.302672 -0.129748
v 0.070939 0.306719 -0.132380
v 0.069193 0.291285 -0.265240
v 0.054478 0.243906 -0.237900
v 0.057353 0.260939 -0.121943
v 0.039436 0.264496 -0.124442
v 0.042599 0.243174 -0.240755
v -0.026495 0.340176 -0.282833
v -0.022295 0.376059 -0.111536
v -0.016905 0.381280 -0.117029
v -0.013871 0.351180 -0.290108
v -0.056846 0.285886 -0.275984
v -0.043596 0.313875 -0.097442
v -0.056729 0.309803 -0.100235
v -0.052113 0.285051 -0.286708
v -0.041150 0.284518 -0.278173
v -0.055635 0.278328 -0.271981
v -0.050321 0.276994 -0.274470
v -0.048239 0.325297 -0.087442
v -0.047894 0.306407 -0.104503
v -0.056257 0.324074 -0.093037
v -0.017551 0.329404 -0.302913
v -0.020443 0.336052 -0.295209
v -0.034010 0.342081 -0.287107
v -0.021268 0.371685 -0.101680
v -0.004695 0.377309 -0.104493
v -0.030389 0.371293 -0.112706
v 0.044943 0.249645 -0.261910
v 0.043520 0.244080 -0.241906
v 0.056587 0.236304 -0.244833
v 0.056491 0.274722 -0.112328
v 0.042596 0.261582 -0.124877
v 0.054646 0.275885 -0.114743
v 0.070185 0.281885 -0.269808
v 0.068837 0.283290 -0.265731
v 0.072831 0.285126 -0.264632
v 0.069575 0.309586 -0.122071
v 0.078224 0.304911 -0.128313
v 0.068602 0.308873 -0.120072
v 0.268074 0.096615 0.593098
v 0.401876 0.010823 0.473094
v 0.428204 0.030944 0.503739
v 0.306156 0.112510 0.627652
v 0.420703 0.165949 0.361464
v 0.305995 0.298298 0.454498
v 0.350338 0.305448 0.468378
v 0.457404 0.167978 0.392274
v 0.344590 0.313088 0.484459
v 0.456451 0.159520 0.390912
v 0.432596 0.041913 0.493200
v 0.314050 0.122125 0.618937
v 0.267439 0.103384 0.592472
v 0.401072 0.027263 0.456785
v 0.432401 0.155328 0.355464
v 0.309808 0.298897 0.441498
v 0.428254 0.160856 0.358691
v 0.407891 0.018941 0.474234
v 0.420755 0.035375 0.493999
v 0.461788 0.161504 0.380159
v 0.254539 0.123836 0.593837
v 0.303149 0.296248 0.443036
v 0.350309 0.310077 0.477083
v 0.303981 0.130844 0.626212
v 0.304431 0.132819 0.626562
v 0.436565 0.035599 0.504558
v 0.428899 0.045974 0.498717
v 0.300447 0.124611 0.632061
v 0.354798 0.310407 0.465517
v 0.458976 0.170125 0.395500
v 0.462280 0.167253 0.392918
v 0.351212 0.317406 0.471638
v 0.266598 0.110734 0.588184
v 0.397918 0.030465 0.473002
v 0.395190 0.028195 0.481969
v 0.266658 0.095373 0.597616
v 0.302354 0.287575 0.436316
v 0.427691 0.155343 0.363262
v 0.433573 0.162398 0.371932
v 0.305732 0.287776 0.444019
v 0.408088 0.028521 0.467009
v 0.429340 0.040396 0.499170
v 0.437554 0.038159 0.486579
v 0.398061 0.033862 0.474148
v 0.430488 0.153091 0.356506
v 0.459153 0.165204 0.387237
v 0.452387 0.178594 0.379204
v 0.435159 0.157304 0.363966
v 0.258978 0.123228 0.591246
v 0.296804 0.128662 0.624546
v 0.308484 0.133331 0.629717
v 0.268613 0.114389 0.603739
v 0.313429 0.293521 0.445475
v 0.338457 0.300056 0.479121
v 0.344883 0.309366 0.463284
v 0.310023 0.297552 0.431455
v 0.449103 0.164884 0.385851
v 0.425544 0.046058 0.483283
v 0.426669 0.043675 0.501079
v 0.457426 0.161391 0.392323
v 0.429247 0.160471 0.361416
v 0.411080 0.032351 0.461844
v 0.399985 0.041377 0.472658
v 0.434052 0.155933 0.360976
v 0.349169 0.313519 0.474081
v 0.303689 0.126920 0.636288
v 0.308499 0.131141 0.625887
v 0.347830 0.313193 0.474329
v 0.306504 0.306260 0.451727
v 0.266499 0.121362 0.605045
v 0.268699 0.113905 0.582885
v 0.299197 0.291998 0.441266
v 0.303254 0.293990 0.452474
v 0.300207 0.292622 0.442930
v 0.296989 0.306525 0.446229
v 0.268674 0.113112 0.594462
v 0.259169 0.112263 0.597071
v 0.274919 0.112985 0.595955
v 0.354010 0.315338 0.465755
v 0.353539 0.303598 0.470552
v 0.346640 0.300737 0.479507
v 0.311930 0.115757 0.625383
v 0.312093 0.126554 0.633666
v 0.304687 0.141073 0.632033
v 0.431609 0.157090 0.352522
v 0.424869 0.154741 0.355908
v 0.435104 0.150143 0.358483
v 0.398959 0.031294 0.473558
v 0.409600 0.025381 0.469480
v 0.410430 0.016532 0.468379
v 0.453838 0.161196 0.383362
v 0.452338 0.173425 0.395292
v 0.462358 0.165201 0.392970
v 0.428048 0.030755 0.499382
v 0.424146 0.047600 0.489911
v 0.434293 0.030041 0.479764
v 0.276808 0.150913 0.296864
v 0.360847 0.128452 0.348987
v 0.373221 0.143780 0.323452
v 0.317529 0.177771 0.273392
v 0.379264 0.053448 0.311832
v 0.332584 0.058214 0.245448
v 0.367866 0.066645 0.221137
v 0.402833 0.078744 0.297617
v 0.368734 0.080840 0.209423
v 0.403576 0.085225 0.294895
v 0.386461 0.144342 0.316261
v 0.332195 0.178487 0.270282
v 0.284614 0.143601 0.305463
v 0.351976 0.118859 0.347205
v 0.378457 0.059508 0.318209
v 0.313680 0.054007 0.247954
v 0.393620 0.070576 0.319720
v 0.357517 0.112807 0.344299
v 0.392861 0.131451 0.336259
v 0.417074 0.085581 0.296996
v 0.286540 0.140833 0.281890
v 0.315228 0.055804 0.238714
v 0.348219 0.083869 0.219093
v 0.318714 0.165657 0.259999
v 0.323839 0.176446 0.272198
v 0.384268 0.149191 0.333776
v 0.370709 0.142060 0.324959
v 0.319051 0.172615 0.277673
v 0.361910 0.095635 0.211560
v 0.403508 0.083243 0.289609
v 0.413981 0.082557 0.294566
v 0.369845 0.069352 0.212142
v 0.285886 0.142107 0.294860
v 0.357565 0.123356 0.351483
v 0.356058 0.130303 0.355044
v 0.280751 0.152271 0.288887
v 0.317712 0.039739 0.244546
v 0.383883 0.065741 0.320569
v 0.387243 0.061158 0.315932
v 0.325755 0.042203 0.237913
v 0.371465 0.130622 0.357403
v 0.384727 0.142948 0.332958
v 0.376385 0.150523 0.321625
v 0.359809 0.129107 0.342648
v 0.386116 0.068701 0.315345
v 0.419568 0.075789 0.292437
v 0.423175 0.072786 0.294173
v 0.388450 0.054160 0.297011
v 0.282212 0.142734 0.285543
v 0.317462 0.174533 0.261061
v 0.320231 0.171581 0.263867
v 0.299738 0.141982 0.290152
v 0.328423 0.052163 0.231671
v 0.345954 0.083661 0.212332
v 0.361258 0.074006 0.214015
v 0.328982 0.053999 0.235638
v 0.416369 0.076164 0.306496
v 0.385196 0.135350 0.336022
v 0.383974 0.153751 0.321545
v 0.416977 0.089470 0.300437
v 0.391080 0.063616 0.313929
v 0.370363 0.123152 0.354834
v 0.357674 0.126651 0.348946
v 0.388044 0.053202 0.307452
v 0.353296 0.091171 0.208177
v 0.317939 0.171725 0.260587
v 0.325366 0.173462 0.273579
v 0.359441 0.075192 0.209568
v 0.323703 0.048102 0.234849
v 0.279073 0.150288 0.280594
v 0.283016 0.141026 0.297943
v 0.320604 0.052609 0.249153
v 0.338853 0.047992 0.239252
v 0.322583 0.053130 0.240912
v 0.325217 0.045791 0.243460
v 0.287297 0.143634 0.297976
v 0.289987 0.135658 0.283662
v 0.297171 0.135154 0.286336
v 0.353099 0.073410 0.217614
v 0.367477 0.078661 0.222741
v 0.349902 0.080652 0.220309
v 0.312375 0.180544 0.270318
v 0.336203 0.169918 0.257359
v 0.329482 0.166336 0.262901
v 0.391448 0.063182 0.318665
v 0.390090 0.054755 0.318574
v 0.396904 0.061834 0.321083
v 0.362783 0.133813 0.347315
v 0.358501 0.118502 0.343342
v 0.361361 0.123351 0.344541
v 0.413019 0.071769 0.282593
v 0.425100 0.076461 0.292308
v 0.410853 0.073252 0.302727
v 0.382643 0.145251 0.317041
v 0.386056 0.134800 0.327554
v 0.381084 0.145397 0.332787
v -0.667282 0.083311 -0.207934
v -0.500618 0.209993 -0.254796
v -0.516862 0.243621 -0.275557
v -0.702797 0.138429 -0.227616
v -0.496797 0.179777 -0.334456
v -0.654441 0.051666 -0.316002
v -0.697781 0.096935 -0.331140
v -0.502955 0.217944 -0.354919
v -0.693618 0.102711 -0.343782
v -0.521797 0.219732 -0.352497
v -0.510030 0.244387 -0.288068
v -0.698437 0.141112 -0.238615
v -0.652820 0.080174 -0.226325
v -0.493700 0.196839 -0.253962
v -0.477469 0.180221 -0.329893
v -0.657097 0.055647 -0.311756
v -0.479184 0.182373 -0.331491
v -0.478355 0.214367 -0.263850
v -0.510499 0.231128 -0.282633
v -0.506062 0.206756 -0.349835
v -0.670708 0.080250 -0.211055
v -0.662599 0.045516 -0.307492
v -0.685298 0.093974 -0.337028
v -0.705626 0.126933 -0.233472
v -0.696876 0.132102 -0.244153
v -0.523490 0.242535 -0.277113
v -0.506499 0.236827 -0.271883
v -0.704020 0.132503 -0.237791
v -0.682925 0.107571 -0.328656
v -0.509497 0.220022 -0.350382
v -0.508917 0.211902 -0.359007
v -0.693175 0.095457 -0.343692
v -0.665926 0.088482 -0.222422
v -0.491281 0.199489 -0.256327
v -0.481190 0.204659 -0.270235
v -0.659077 0.090778 -0.216638
v -0.644993 0.050969 -0.307551
v -0.479307 0.178808 -0.325470
v -0.494809 0.179152 -0.329392
v -0.656613 0.060383 -0.315592
v -0.479153 0.213677 -0.272215
v -0.515187 0.238596 -0.279855
v -0.514238 0.244388 -0.281340
v -0.499073 0.202229 -0.258026
v -0.470702 0.186733 -0.325893
v -0.506480 0.216564 -0.354079
v -0.514639 0.215878 -0.351950
v -0.483758 0.187128 -0.346295
v -0.662014 0.086439 -0.229547
v -0.704240 0.119703 -0.240796
v -0.705444 0.137912 -0.238347
v -0.669121 0.091218 -0.206493
v -0.666591 0.048408 -0.310164
v -0.702033 0.101301 -0.327384
v -0.686069 0.103554 -0.340705
v -0.663968 0.054632 -0.327090
v -0.498170 0.221631 -0.346307
v -0.519233 0.243573 -0.271305
v -0.512288 0.245669 -0.290908
v -0.516187 0.217143 -0.346220
v -0.483487 0.189018 -0.340932
v -0.477686 0.213991 -0.259863
v -0.489339 0.204550 -0.259996
v -0.483004 0.185307 -0.335705
v -0.694740 0.104106 -0.342351
v -0.703949 0.127886 -0.232550
v -0.694785 0.148391 -0.238739
v -0.692683 0.111618 -0.340914
v -0.664414 0.047966 -0.306050
v -0.677291 0.088227 -0.218605
v -0.659054 0.096245 -0.214178
v -0.649282 0.055745 -0.319443
v -0.651090 0.053238 -0.321994
v -0.656808 0.040657 -0.315258
v -0.661910 0.050270 -0.311637
v -0.658210 0.089176 -0.204054
v -0.672011 0.085747 -0.212576
v -0.679494 0.083725 -0.223266
v -0.684860 0.094999 -0.337159
v -0.698402 0.092800 -0.338847
v -0.695284 0.104806 -0.340586
v -0.692423 0.126974 -0.239035
v -0.705871 0.127881 -0.247118
v -0.696406 0.128982 -0.239773
v -0.484068 0.181316 -0.333597
v -0.492570 0.183182 -0.329847
v -0.483045 0.178317 -0.343455
v -0.484077 0.213046 -0.261197
v -0.481722 0.201872 -0.271712
v -0.484256 0.205304 -0.256302
v -0.511724 0.215863 -0.351301
v -0.505403 0.214694 -0.347965
v -0.514720 0.220187 -0.343525
v -0.514503 0.235071 -0.269608
v -0.526089 0.237775 -0.281969
v -0.507988 0.231057 -0.282091
v 0.040673 0.212331 0.056572
v 0.097179 0.268330 0.032296
v 0.060321 0.318709 0.047522
v -0.013171 0.275781 0.065093
v 0.086966 0.269138 -0.055492
v 0.032075 0.214999 -0.081233
v -0.005028 0.283230 -0.069916
v 0.065142 0.323874 -0.048825
v -0.025585 0.287434 -0.060158
v 0.052818 0.330066 -0.050248
v 0.048885 0.319012 0.041739
v -0.025450 0.276724 0.045227
v 0.026947 0.203074 0.039386
v 0.098132 0.257048 0.041759
v 0.097832 0.271993 -0.052865
v 0.033455 0.223386 -0.078465
v 0.092960 0.285121 -0.052458
v 0.095472 0.276077 0.028019
v 0.065524 0.323971 0.046932
v 0.065378 0.321179 -0.036464
v 0.031086 0.203623 0.041293
v 0.028854 0.220127 -0.063795
v -0.029637 0.281317 -0.061977
v -0.013176 0.264678 0.057157
v -0.011781 0.279038 0.044101
v 0.061083 0.324450 0.040692
v 0.059907 0.315986 0.044254
v -0.011173 0.277268 0.059021
v -0.024814 0.284269 -0.066997
v 0.053215 0.318614 -0.054297
v 0.049215 0.318429 -0.058436
v -0.022678 0.279011 -0.071146
v 0.032659 0.206971 0.043474
v 0.099051 0.265388 0.024830
v 0.093712 0.268696 0.040738
v 0.042878 0.207433 0.057442
v 0.026604 0.212309 -0.069566
v 0.088844 0.267747 -0.045588
v 0.085621 0.283070 -0.065402
v 0.035189 0.223225 -0.070478
v 0.097283 0.264600 0.034029
v 0.070734 0.317540 0.043617
v 0.061528 0.317931 0.047934
v 0.098475 0.270213 0.029598
v 0.093089 0.275588 -0.051051
v 0.065895 0.333392 -0.033054
v 0.053902 0.317450 -0.052080
v 0.091130 0.287369 -0.064295
v 0.031121 0.216200 0.050890
v -0.012877 0.265739 0.061714
v -0.014416 0.263117 0.061018
v 0.036104 0.212779 0.058999
v 0.018806 0.219937 -0.078922
v -0.023958 0.279005 -0.064184
v -0.006709 0.284701 -0.064954
v 0.027271 0.217027 -0.081391
v 0.065319 0.324320 -0.035057
v 0.069660 0.322902 0.032637
v 0.059871 0.321070 0.050287
v 0.041782 0.324569 -0.048860
v 0.098650 0.290715 -0.039396
v 0.099018 0.278342 0.026036
v 0.102414 0.268065 0.034491
v 0.093486 0.278636 -0.052400
v -0.021213 0.280883 -0.056211
v -0.021894 0.271719 0.054411
v -0.011553 0.283933 0.061622
v -0.017335 0.291797 -0.064296
v 0.026075 0.211866 -0.064035
v 0.032940 0.208425 0.050773
v 0.031974 0.199058 0.047654
v 0.029833 0.214007 -0.069621
v 0.029624 0.229974 -0.070673
v 0.027727 0.216951 -0.081224
v 0.031223 0.224312 -0.073454
v 0.028141 0.201226 0.049943
v 0.042839 0.207543 0.045118
v 0.022419 0.200595 0.042831
v -0.024361 0.286454 -0.067485
v -0.025742 0.291504 -0.064050
v -0.026882 0.280789 -0.059967
v -0.006476 0.271381 0.052341
v -0.023017 0.268477 0.044410
v -0.018831 0.265927 0.043778
v 0.095199 0.274490 -0.065826
v 0.099838 0.269463 -0.061841
v 0.086159 0.282144 -0.052920
v 0.100948 0.263765 0.032100
v 0.101308 0.264759 0.027123
v 0.103716 0.278197 0.037067
v 0.062347 0.322611 -0.055165
v 0.058381 0.320614 -0.048840
v 0.064809 0.322390 -0.041918
v 0.051205 0.309745 0.037740
v 0.062342 0.319367 0.035775
v 0.055701 0.318019 0.039187
v -0.069585 0.118810 0.704478
v -0.009380 0.093305 0.643121
v -0.001366 0.119102 0.644788
v -0.049516 0.155681 0.713358
v -0.044953 0.143958 0.589762
v -0.120169 0.178225 0.629363
v -0.077368 0.207961 0.643036
v -0.036813 0.164903 0.593889
v -0.082590 0.215023 0.648803
v -0.025607 0.166280 0.603150
v -0.005644 0.122937 0.654931
v -0.038351 0.160623 0.712154
v -0.081532 0.117880 0.713826
v -0.024499 0.100616 0.634395
v -0.052530 0.146087 0.587798
v -0.123149 0.174040 0.639742
v -0.045718 0.143202 0.593317
v -0.020833 0.103316 0.635414
v 0.002033 0.110221 0.641564
v -0.019362 0.161899 0.590307
v -0.073308 0.119318 0.707373
v -0.112505 0.179688 0.645707
v -0.097229 0.211571 0.655043
v -0.057492 0.152946 0.716253
v -0.045981 0.164440 0.716874
v -0.006601 0.125951 0.635411
v 0.003717 0.122096 0.654561
v -0.038274 0.148020 0.723587
v -0.083744 0.208559 0.651592
v -0.034953 0.171934 0.597152
v -0.036829 0.166505 0.581600
v -0.094662 0.207815 0.652455
v -0.091877 0.118690 0.693837
v -0.025498 0.102169 0.631952
v -0.017836 0.089161 0.644013
v -0.082815 0.118931 0.710695
v -0.125271 0.181726 0.636190
v -0.060536 0.132764 0.587956
v -0.049056 0.147246 0.590056
v -0.129072 0.183166 0.633817
v -0.022442 0.095124 0.638749
v -0.000741 0.116378 0.627454
v -0.009932 0.116379 0.654562
v -0.027484 0.102639 0.645649
v -0.046431 0.127745 0.589019
v -0.019502 0.163058 0.600256
v -0.026074 0.152363 0.590076
v -0.044442 0.138348 0.589572
v -0.082817 0.120744 0.694804
v -0.047941 0.151644 0.714179
v -0.046176 0.153027 0.729710
v -0.080097 0.128232 0.710325
v -0.124549 0.175270 0.647461
v -0.083788 0.213964 0.639461
v -0.076187 0.213632 0.641318
v -0.116069 0.190011 0.635274
v -0.031588 0.164193 0.592627
v 0.000936 0.119971 0.634798
v 0.000526 0.126121 0.655424
v -0.023423 0.163161 0.586997
v -0.037386 0.136331 0.587980
v -0.021530 0.103277 0.641415
v -0.027509 0.097896 0.649426
v -0.062216 0.136690 0.584632
v -0.099381 0.214113 0.646631
v -0.043043 0.148930 0.717122
v -0.036600 0.158953 0.707871
v -0.080971 0.208808 0.640617
v -0.110834 0.179226 0.639959
v -0.079909 0.127710 0.714511
v -0.076994 0.116016 0.693468
v -0.117587 0.168478 0.628817
v -0.115370 0.179489 0.623204
v -0.120153 0.182846 0.632906
v -0.115686 0.182981 0.647263
v -0.073653 0.121469 0.711729
v -0.085252 0.119907 0.692473
v -0.078102 0.118144 0.708179
v -0.082185 0.217346 0.633015
v -0.084294 0.212226 0.637067
v -0.087276 0.220307 0.644962
v -0.051157 0.164524 0.717944
v -0.048365 0.157801 0.723910
v -0.054169 0.167449 0.714134
v -0.056876 0.145547 0.589594
v -0.055139 0.138657 0.574898
v -0.048431 0.132849 0.593022
v -0.023419 0.095650 0.628411
v -0.027361 0.094377 0.623408
v -0.023111 0.108619 0.627191
v -0.025158 0.164862 0.597445
v -0.029931 0.177763 0.599591
v -0.017399 0.155233 0.597540
v 0.001096 0.119374 0.638606
v 0.003760 0.136211 0.639253
v -0.007520 0.116310 0.645352
v -0.105852 0.530658 -0.048081
v -0.019483 0.460210 0.125992
v 0.004845 0.480072 0.131979
v -0.065108 0.549644 -0.041686
v 0.057732 0.340843 0.081404
v -0.000822 0.355707 -0.116332
v 0.041566 0.384255 -0.117059
v 0.080068 0.370260 0.083739
v 0.034899 0.410858 -0.123404
v 0.078823 0.375139 0.067397
v 0.009107 0.487148 0.123020
v -0.057314 0.547379 -0.054113
v -0.104823 0.518722 -0.042903
v -0.019929 0.457996 0.130259
v 0.042527 0.351758 0.087511
v -0.011663 0.366552 -0.107999
v 0.043649 0.358877 0.084733
v -0.013490 0.449250 0.135922
v 0.011259 0.468376 0.128777
v 0.076857 0.367415 0.083182
v -0.088637 0.517572 -0.046599
v -0.000316 0.378318 -0.112769
v 0.035807 0.395055 -0.134095
v -0.060608 0.552030 -0.053394
v -0.055229 0.551584 -0.046800
v 0.015507 0.489074 0.128630
v 0.003041 0.478178 0.129298
v -0.065022 0.556641 -0.053558
v 0.035718 0.393858 -0.128738
v 0.084680 0.369283 0.064197
v 0.088983 0.364385 0.069000
v 0.030818 0.396057 -0.126330
v -0.095695 0.513504 -0.041005
v -0.028778 0.458237 0.129212
v -0.015783 0.466056 0.141401
v -0.099796 0.518133 -0.040560
v -0.001246 0.367519 -0.103891
v 0.056123 0.353574 0.079083
v 0.051522 0.352246 0.088863
v 0.007158 0.365319 -0.106785
v -0.011170 0.447339 0.143234
v 0.015942 0.469905 0.138963
v 0.015273 0.482349 0.134409
v -0.012027 0.463371 0.123230
v 0.058554 0.362643 0.095350
v 0.074912 0.371249 0.082625
v 0.083794 0.376797 0.078063
v 0.058783 0.357387 0.087916
v -0.106852 0.520252 -0.046826
v -0.055521 0.540860 -0.050790
v -0.066793 0.538624 -0.058186
v -0.104331 0.523792 -0.051070
v -0.003094 0.384519 -0.114106
v 0.029317 0.406702 -0.126123
v 0.039974 0.400730 -0.117714
v -0.008949 0.366732 -0.114894
v 0.081340 0.371984 0.078962
v 0.013531 0.478971 0.136020
v 0.022358 0.479766 0.124902
v 0.089845 0.372848 0.075174
v 0.059587 0.352781 0.083324
v -0.005249 0.449145 0.130343
v -0.018268 0.452581 0.137023
v 0.049725 0.341489 0.074781
v 0.036476 0.391600 -0.126759
v -0.059461 0.540464 -0.050946
v -0.062975 0.547159 -0.038432
v 0.037649 0.411439 -0.125590
v -0.008406 0.369360 -0.107523
v -0.097622 0.515049 -0.041929
v -0.106573 0.512702 -0.046499
v -0.002182 0.362075 -0.107529
v -0.002709 0.366567 -0.116429
v -0.003485 0.369654 -0.111236
v -0.004448 0.363121 -0.122331
v -0.090764 0.523312 -0.040952
v -0.099491 0.506451 -0.049963
v -0.104316 0.516290 -0.055338
v 0.032797 0.394097 -0.126996
v 0.046933 0.402228 -0.117417
v 0.023056 0.401924 -0.114689
v -0.063716 0.555336 -0.044406
v -0.054967 0.535031 -0.051901
v -0.052330 0.540375 -0.055610
v 0.051560 0.358459 0.073323
v 0.055794 0.344257 0.078742
v 0.063461 0.351465 0.079546
v -0.018701 0.467321 0.131886
v -0.015510 0.458173 0.124059
v -0.017017 0.455211 0.140883
v 0.085691 0.372729 0.076512
v 0.078789 0.379536 0.078030
v 0.082223 0.367552 0.075235
v 0.012405 0.484875 0.123930
v 0.009705 0.473563 0.122354
v 0.012155 0.462891 0.126298
v -0.335670 0.121749 0.080770
v -0.451460 0.161398 -0.004492
v -0.439242 0.211593 0.004328
v -0.334576 0.169196 0.099574
v -0.498547 0.163449 0.029329
v -0.412674 0.117885 0.145064
v -0.411717 0.168792 0.173632
v -0.501855 0.202603 0.051377
v -0.390155 0.182417 0.165929
v -0.498519 0.205451 0.038547
v -0.445423 0.209457 0.002150
v -0.322886 0.186529 0.107917
v -0.344559 0.103820 0.101794
v -0.460702 0.158635 -0.009187
v -0.503135 0.163039 0.039539
v -0.407575 0.112175 0.147199
v -0.496026 0.168059 0.031837
v -0.459549 0.158097 -0.000061
v -0.448181 0.203673 -0.012074
v -0.500487 0.214814 0.035544
v -0.336754 0.109524 0.100166
v -0.405944 0.108624 0.167061
v -0.390141 0.175715 0.171388
v -0.335248 0.170825 0.101895
v -0.328633 0.187082 0.109749
v -0.438808 0.215015 -0.001372
v -0.452635 0.202232 -0.005666
v -0.339500 0.177427 0.102410
v -0.397160 0.188495 0.165612
v -0.486494 0.208391 0.046331
v -0.492809 0.198833 0.043966
v -0.401854 0.167839 0.168669
v -0.341789 0.119937 0.090012
v -0.457427 0.168304 -0.010959
v -0.451647 0.172902 -0.004192
v -0.341790 0.113169 0.087985
v -0.422471 0.113572 0.153261
v -0.496692 0.168483 0.028383
v -0.507311 0.171437 0.046639
v -0.424634 0.120710 0.158835
v -0.464181 0.163230 -0.010074
v -0.451349 0.205183 -0.005700
v -0.440848 0.203681 0.010709
v -0.446117 0.159343 -0.011750
v -0.492036 0.166962 0.034065
v -0.505905 0.207652 0.035862
v -0.494463 0.196130 0.056415
v -0.503272 0.157720 0.036688
v -0.345222 0.125324 0.098074
v -0.331897 0.182754 0.104203
v -0.314707 0.177410 0.102441
v -0.347219 0.121614 0.088915
v -0.401783 0.121620 0.160411
v -0.396816 0.174439 0.160175
v -0.405427 0.165839 0.178510
v -0.402891 0.124483 0.163702
v -0.490961 0.204524 0.037116
v -0.444599 0.202444 -0.002342
v -0.445744 0.211086 -0.006308
v -0.488770 0.200655 0.047735
v -0.505860 0.172771 0.035963
v -0.452564 0.174006 -0.011257
v -0.452219 0.166764 -0.000408
v -0.488902 0.157722 0.036220
v -0.398241 0.173074 0.171946
v -0.327482 0.172593 0.097027
v -0.336106 0.187392 0.113040
v -0.396375 0.180036 0.161325
v -0.395335 0.111232 0.154649
v -0.343759 0.121928 0.095831
v -0.336815 0.111208 0.097054
v -0.420362 0.111574 0.150145
v -0.411300 0.124358 0.170172
v -0.406946 0.116518 0.160287
v -0.410010 0.118901 0.154464
v -0.339165 0.113826 0.103046
v -0.345124 0.115672 0.084585
v -0.331851 0.123300 0.097742
v -0.402430 0.172858 0.172722
v -0.395505 0.173811 0.165234
v -0.389065 0.175467 0.165539
v -0.321068 0.168121 0.096685
v -0.337704 0.178207 0.106363
v -0.330304 0.172288 0.108792
v -0.509706 0.166762 0.044244
v -0.496641 0.155097 0.032408
v -0.502998 0.163521 0.032488
v -0.437977 0.160030 -0.007027
v -0.447373 0.159350 -0.000961
v -0.463088 0.165303 -0.015860
v -0.500161 0.201016 0.049439
v -0.486596 0.202990 0.049011
v -0.503692 0.207713 0.040647
v -0.439179 0.210553 0.002217
v -0.442678 0.208324 0.000643
v -0.459192 0.215649 -0.001117
v -0.366133 0.103505 0.004134
v -0.265368 0.128811 -0.123176
v -0.261845 0.206347 -0.113386
v -0.361989 0.221728 0.013918
v -0.353285 0.146665 -0.227466
v -0.498361 0.119968 -0.144805
v -0.499628 0.251410 -0.145700
v -0.348959 0.227788 -0.225714
v -0.490182 0.256385 -0.137080
v -0.341616 0.240056 -0.227191
v -0.263783 0.216715 -0.104486
v -0.369401 0.227088 0.022537
v -0.363830 0.099581 0.005649
v -0.255735 0.115823 -0.117216
v -0.340137 0.133485 -0.228321
v -0.502217 0.119770 -0.139937
v -0.341485 0.148223 -0.226110
v -0.250052 0.120286 -0.125079
v -0.252754 0.204794 -0.105445
v -0.343042 0.231316 -0.220739
v -0.373680 0.095464 0.002362
v -0.500700 0.126353 -0.144059
v -0.485026 0.249180 -0.129176
v -0.381918 0.226035 0.022202
v -0.359962 0.225951 0.022340
v -0.252761 0.211150 -0.102333
v -0.249673 0.219851 -0.116800
v -0.369523 0.224031 0.020966
v -0.482848 0.246584 -0.128621
v -0.348168 0.239999 -0.226711
v -0.351638 0.223579 -0.220372
v -0.499893 0.251101 -0.143623
v -0.366891 0.089068 -0.002507
v -0.262325 0.128659 -0.126416
v -0.252735 0.132206 -0.118874
v -0.365661 0.099292 0.008079
v -0.493368 0.117899 -0.153522
v -0.346989 0.132667 -0.237409
v -0.361944 0.139383 -0.228205
v -0.490207 0.131121 -0.151119
v -0.256592 0.123180 -0.133499
v -0.244208 0.205064 -0.114186
v -0.253138 0.207349 -0.098714
v -0.267103 0.133820 -0.117681
v -0.339943 0.142388 -0.238777
v -0.341414 0.224066 -0.227554
v -0.342952 0.222583 -0.222346
v -0.356259 0.141072 -0.229886
v -0.370348 0.102265 0.005677
v -0.378426 0.226645 0.020519
v -0.359270 0.222335 0.016171
v -0.375145 0.104179 0.011170
v -0.509418 0.125802 -0.143589
v -0.489573 0.247810 -0.133542
v -0.491587 0.241338 -0.139216
v -0.503350 0.122164 -0.137428
v -0.343806 0.221108 -0.231095
v -0.255429 0.213623 -0.120239
v -0.261155 0.217172 -0.105015
v -0.352689 0.230862 -0.219105
v -0.351079 0.142400 -0.225892
v -0.258103 0.135162 -0.124317
v -0.252610 0.128688 -0.116835
v -0.360764 0.137943 -0.230299
v -0.497334 0.241485 -0.126660
v -0.367296 0.220096 0.024888
v -0.370399 0.225831 0.013036
v -0.484656 0.256753 -0.140482
v -0.504407 0.116881 -0.132804
v -0.384453 0.109440 0.008655
v -0.376929 0.097164 -0.005678
v -0.491182 0.115862 -0.146861
v -0.506050 0.127350 -0.142477
v -0.497942 0.114552 -0.150076
v -0.500219 0.126858 -0.137835
v -0.379972 0.100045 0.004855
v -0.371451 0.103970 0.009021
v -0.389843 0.103496 0.006996
v -0.502590 0.237868 -0.135087
v -0.486817 0.243242 -0.132533
v -0.498929 0.239212 -0.120353
v -0.360405 0.223418 0.011087
v -0.373513 0.237556 0.011688
v -0.379903 0.228581 0.025875
v -0.347891 0.148375 -0.228111
v -0.349377 0.144118 -0.230622
v -0.352716 0.142029 -0.230958
v -0.259275 0.127558 -0.108606
v -0.256674 0.116605 -0.129018
v -0.263245 0.134900 -0.119457
v -0.348506 0.224692 -0.222992
v -0.342178 0.233687 -0.213505
v -0.333540 0.222631 -0.224418
v -0.256488 0.212899 -0.110320
v -0.252358 0.219618 -0.110808
v -0.255659 0.218253 -0.121914
v -0.009731 0.305603 0.109125
v -0.216355 0.420460 0.070915
v -0.193909 0.476763 0.109320
v 0.013456 0.377034 0.171377
v -0.251321 0.396295 0.146296
v -0.076303 0.272327 0.208497
v -0.043044 0.349939 0.253990
v -0.228461 0.441471 0.175672
v -0.048023 0.344067 0.249043
v -0.227759 0.453182 0.179037
v -0.185051 0.481140 0.101931
v 0.010807 0.371942 0.176213
v -0.018987 0.306417 0.114064
v -0.209276 0.416602 0.079466
v -0.246693 0.402909 0.131139
v -0.067304 0.259797 0.213800
v -0.246724 0.405778 0.128729
v -0.214075 0.432067 0.068496
v -0.206191 0.469358 0.105757
v -0.227212 0.441086 0.167537
v -0.007343 0.303946 0.119668
v -0.069252 0.265346 0.207257
v -0.022879 0.338929 0.256159
v 0.010761 0.372456 0.163296
v 0.019806 0.376157 0.169208
v -0.189833 0.483421 0.102612
v -0.190663 0.478855 0.095946
v 0.007354 0.379362 0.166819
v -0.045822 0.350342 0.256949
v -0.217206 0.445417 0.162506
v -0.220069 0.442126 0.166969
v -0.045532 0.334016 0.253823
v -0.020665 0.294482 0.124837
v -0.201981 0.417760 0.080391
v -0.205935 0.423432 0.063124
v -0.007405 0.302443 0.123929
v -0.064103 0.268151 0.212348
v -0.253553 0.401592 0.136391
v -0.247587 0.400190 0.140526
v -0.059338 0.265633 0.212812
v -0.216699 0.431466 0.074262
v -0.194427 0.480212 0.105976
v -0.192323 0.479381 0.101561
v -0.205790 0.420627 0.079870
v -0.253182 0.406159 0.142950
v -0.218241 0.453801 0.166335
v -0.236101 0.445988 0.165330
v -0.243736 0.402175 0.145431
v -0.010773 0.299423 0.117031
v 0.021568 0.370422 0.161262
v 0.015685 0.381454 0.159122
v -0.010517 0.312981 0.111579
v -0.072216 0.260756 0.212162
v -0.039620 0.324945 0.260614
v -0.054305 0.340050 0.257870
v -0.070602 0.268702 0.218813
v -0.225170 0.453522 0.162616
v -0.201071 0.476647 0.100487
v -0.181560 0.468851 0.103591
v -0.221870 0.450429 0.164516
v -0.248388 0.397870 0.138518
v -0.200879 0.424984 0.074341
v -0.203699 0.411757 0.065244
v -0.250836 0.398407 0.128999
v -0.028173 0.335950 0.258015
v 0.014900 0.380129 0.162814
v 0.008058 0.382390 0.159315
v -0.044409 0.346532 0.247533
v -0.054055 0.259420 0.207634
v -0.012848 0.294940 0.134373
v -0.016714 0.298759 0.117991
v -0.081013 0.260799 0.208614
v -0.078714 0.274375 0.218203
v -0.074522 0.254250 0.212199
v -0.073755 0.265935 0.216857
v -0.013249 0.303945 0.109481
v -0.022791 0.292316 0.126034
v -0.002211 0.297323 0.121043
v -0.046493 0.340777 0.261050
v -0.039221 0.340169 0.254089
v -0.049556 0.336995 0.260500
v 0.001910 0.374891 0.165071
v 0.017245 0.381026 0.164801
v 0.011693 0.371360 0.156952
v -0.247744 0.391275 0.134180
v -0.243742 0.395652 0.131932
v -0.247820 0.401841 0.135864
v -0.209053 0.418269 0.073165
v -0.206139 0.415768 0.071501
v -0.204640 0.429499 0.067226
v -0.227552 0.443050 0.170000
v -0.228645 0.454808 0.159511
v -0.237312 0.455762 0.164322
v -0.190100 0.476342 0.091924
v -0.192083 0.472320 0.111568
v -0.196350 0.485784 0.098356
v 0.097425 0.308679 -0.076659
v -0.010172 0.217326 -0.152002
v -0.073169 0.263369 -0.134340
v 0.006633 0.364321 -0.053700
v -0.069104 0.089710 -0.019076
v 0.016923 0.131630 0.109052
v -0.060554 0.185638 0.130017
v -0.132361 0.128378 -0.005867
v -0.063205 0.191753 0.122781
v -0.140357 0.135718 -0.003478
v -0.077525 0.264557 -0.125391
v 0.004486 0.357610 -0.034705
v 0.096728 0.289114 -0.062170
v -0.012377 0.206632 -0.150009
v -0.056500 0.099235 -0.024983
v 0.039367 0.139100 0.099558
v -0.078428 0.097263 -0.030392
v -0.018128 0.205548 -0.157243
v -0.073904 0.249216 -0.142157
v -0.127473 0.143966 -0.007762
v 0.100301 0.309726 -0.064233
v 0.026234 0.145985 0.104122
v -0.054967 0.205409 0.119703
v 0.011037 0.350807 -0.040035
v 0.004394 0.360410 -0.052022
v -0.075690 0.259119 -0.122810
v -0.075122 0.256145 -0.122870
v 0.013843 0.370306 -0.040375
v -0.054718 0.202020 0.120983
v -0.132292 0.133623 -0.004785
v -0.126363 0.128808 -0.014086
v -0.060141 0.199767 0.129549
v 0.089338 0.289228 -0.068669
v -0.018556 0.191651 -0.151040
v -0.006472 0.215496 -0.150919
v 0.093003 0.291623 -0.078373
v 0.029629 0.137779 0.094085
v -0.067894 0.093556 -0.029923
v -0.063838 0.096330 -0.028845
v 0.021221 0.139290 0.098682
v -0.035735 0.201714 -0.148377
v -0.082647 0.244415 -0.123389
v -0.072957 0.268315 -0.129093
v -0.011535 0.213820 -0.149844
v -0.061116 0.100163 -0.032866
v -0.133540 0.134330 -0.005481
v -0.121970 0.138680 -0.004755
v -0.064111 0.091419 -0.023769
v 0.087689 0.296740 -0.064835
v 0.017240 0.360859 -0.048332
v 0.014714 0.359929 -0.036450
v 0.094648 0.303810 -0.066154
v 0.028378 0.135316 0.110452
v -0.065274 0.197065 0.130301
v -0.063685 0.195933 0.131027
v 0.015382 0.136277 0.113051
v -0.135355 0.126811 -0.012024
v -0.086163 0.243443 -0.131506
v -0.083111 0.264182 -0.131003
v -0.132931 0.146138 0.004681
v -0.068437 0.089679 -0.023497
v -0.026365 0.207515 -0.156781
v -0.017221 0.206549 -0.147301
v -0.068884 0.078723 -0.026256
v -0.048960 0.197124 0.139250
v 0.019799 0.362212 -0.043294
v -0.001598 0.355516 -0.039672
v -0.071035 0.198511 0.127408
v 0.029944 0.138389 0.092368
v 0.092314 0.295555 -0.061906
v 0.094396 0.294687 -0.077843
v 0.023965 0.141380 0.095850
v 0.029440 0.142135 0.107169
v 0.028221 0.132919 0.096590
v 0.027991 0.133166 0.110582
v 0.097826 0.298892 -0.063596
v 0.096379 0.294353 -0.077566
v 0.090394 0.303427 -0.077680
v -0.065068 0.184264 0.129376
v -0.054763 0.200189 0.136460
v -0.058506 0.207701 0.117697
v 0.016540 0.357853 -0.040245
v 0.007278 0.361881 -0.055777
v 0.016438 0.358357 -0.039370
v -0.071089 0.092766 -0.026973
v -0.063164 0.091696 -0.018463
v -0.072251 0.096487 -0.029857
v -0.005066 0.216188 -0.150353
v -0.019416 0.200581 -0.155807
v -0.024590 0.208765 -0.153231
v -0.120448 0.132928 0.005553
v -0.128400 0.138706 -0.012883
v -0.133940 0.137128 -0.010870
v -0.078064 0.249168 -0.131435
v -0.086305 0.255886 -0.127842
v -0.083770 0.239267 -0.132048
v 0.223666 0.252275 0.367733
v 0.247859 0.252275 0.367733
v 0.247859 0.266687 0.367733
v 0.223666 0.266687 0.367733
v 0.247859 0.252275 0.343153
v 0.223666 0.252275 0.343153
v 0.223666 0.266687 0.343153
v 0.247859 0.266687 0.343153
v 0.223666 0.268187 0.344653
v 0.247859 0.268187 0.344653
v 0.247859 0.268187 0.366233
v 0.223666 0.268187 0.366233
v 0.223666 0.250775 0.366233
v 0.247859 0.250775 0.366233
v 0.247859 0.250775 0.344653
v 0.223666 0.250775 0.344653
v 0.249359 0.252275 0.344653
v 0.249359 0.252275 0.366233
v 0.249359 0.266687 0.366233
v 0.249359 0.266687 0.344653
v 0.222166 0.252275 0.366233
v 0.222166 0.252275 0.344653
v 0.222166 0.266687 0.344653
v 0.222166 0.266687 0.366233
v 0.223666 0.268187 0.366233
v 0.247859 0.268187 0.366233
v 0.247859 0.266687 0.367733
v 0.223666 0.266687 0.367733
v 0.223666 0.268187 0.344653
v 0.247859 0.268187 0.344653
v 0.247859 0.266687 0.343153
v 0.223666 0.266687 0.343153
v 0.223666 0.250775 0.366233
v 0.247859 0.250775 0.366233
v 0.247859 0.252275 0.367733
v 0.223666 0.252275 0.367733
v 0.223666 0.250775 0.344653
v 0.247859 0.250775 0.344653
v 0.247859 0.252275 0.343153
v 0.223666 0.252275 0.343153
v 0.249359 0.252275 0.366233
v 0.249359 0.266687 0.366233
v 0.247859 0.266687 0.367733
v 0.247859 0.252275 0.367733
v 0.249359 0.252275 0.344653
v 0.249359 0.266687 0.344653
v 0.247859 0.266687 0.343153
v 0.247859 0.252275 0.343153
v 0.222166 0.252275 0.366233
v 0.222166 0.266687 0.366233
v 0.223666 0.266687 0.367733
v 0.223666 0.252275 0.367733
v 0.222166 0.252275 0.344653
v 0.222166 0.266687 0.344653
v 0.223666 0.266687 0.343153
v 0.223666 0.252275 0.343153
v 0.249359 0.266687 0.344653
v 0.249359 0.266687 0.366233
v 0.247859 0.268187 0.366233
v 0.247859 0.268187 0.344653
v 0.249359 0.252275 0.344653
v 0.249359 0.252275 0.366233
v 0.247859 0.250775 0.366233
v 0.247859 0.250775 0.344653
v 0.222166 0.266687 0.344653
v 0.222166 0.266687 0.366233
v 0.223666 0.268187 0.366233
v 0.223666 0.268187 0.344653
v 0.222166 0.252275 0.344653
v 0.222166 0.252275 0.366233
v 0.223666 0.250775 0.366233
v 0.223666 0.250775 0.344653
v 0.223666 0.252275 0.343153
v 0.223666 0.250775 0.344653
v 0.222166 0.252275 0.344653
v 0.223666 0.252275 0.367733
v 0.223666 0.250775 0.366233
v 0.222166 0.252275 0.366233
v 0.223666 0.266687 0.343153
v 0.223666 0.268187 0.344653
v 0.222166 0.266687 0.344653
v 0.223666 0.266687 0.367733
v 0.223666 0.268187 0.366233
v 0.222166 0.266687 0.366233
v 0.247859 0.252275 0.343153
v 0.247859 0.250775 0.344653
v 0.249359 0.252275 0.344653
v 0.247859 0.252275 0.367733
v 0.247859 0.250775 0.366233
v 0.249359 0.252275 0.366233
v 0.247859 0.266687 0.343153
v 0.247859 0.268187 0.344653
v 0.249359 0.266687 0.344653
v 0.247859 0.266687 0.367733
v 0.247859 0.268187 0.366233
v 0.249359 0.266687 0.366233
v -0.029670 0.335549 0.238257
v 0.007913 0.335549 0.238257
v 0.007913 0.366785 0.238257
v -0.029670 0.366785 0.238257
v 0.007913 0.335549 0.202003
v -0.029670 0.335549 0.202003
v -0.029670 0.366785 0.202003
v 0.007913 0.366785 0.202003
v -0.029670 0.368285 0.203503
v 0.007913 0.368285 0.203503
v 0.007913 0.368285 0.236757
v -0.029670 0.368285 0.236757
v -0.029670 0.334049 0.236757
v 0.007913 0.334049 0.236757
v 0.007913 0.334049 0.203503
v -0.029670 0.334049 0.203503
v 0.009413 0.335549 0.203503
v 0.009413 0.335549 0.236757
v 0.009413 0.366785 0.236757
v 0.009413 0.366785 0.203503
v -0.031170 0.335549 0.236757
v -0.031170 0.335549 0.203503
v -0.031170 0.366785 0.203503
v -0.031170 0.366785 0.236757
v -0.029670 0.368285 0.236757
v 0.007913 0.368285 0.236757
v 0.007913 0.366785 0.238257
v -0.029670 0.366785 0.238257
v -0.029670 0.368285 0.203503
v 0.007913 0.368285 0.203503
v 0.007913 0.366785 0.202003
v -0.029670 0.366785 0.202003
v -0.029670 0.334049 0.236757
v 0.007913 0.334049 0.236757
v 0.007913 0.335549 0.238257
v -0.029670 0.335549 0.238257
v -0.029670 0.334049 0.203503
v 0.007913 0.334049 0.203503
v 0.007913 0.335549 0.202003
v -0.029670 0.335549 0.202003
v 0.009413 0.335549 0.236757
v 0.009413 0.366785 0.236757
v 0.007913 0.366785 0.238257
v 0.007913 0.335549 0.238257
v 0.009413 0.335549 0.203503
v 0.009413 0.366785 0.203503
v 0.007913 0.366785 0.202003
v 0.007913 0.335549 0.202003
v -0.031170 0.335549 0.236757
v -0.031170 0.366785 0.236757
v -0.029670 0.366785 0.238257
v -0.029670 0.335549 0.238257
v -0.031170 0.335549 0.203503
v -0.031170 0.366785 0.203503
v -0.029670 0.366785 0.202003
v -0.029670 0.335549 0.202003
v 0.009413 0.366785 0.203503
v 0.009413 0.366785 0.236757
v 0.007913 0.368285 0.236757
v 0.007913 0.368285 0.203503
v 0.009413 0.335549 0.203503
v 0.009413 0.335549 0.236757
v 0.007913 0.334049 0.236757
v 0.007913 0.334049 0.203503
v -0.031170 0.366785 0.203503
v -0.031170 0.366785 0.236757
v -0.029670 0.368285 0.236757
v -0.029670 0.368285 0.203503
v -0.031170 0.335549 0.203503
v -0.031170 0.335549 0.236757
v -0.029670 0.334049 0.236757
v -0.029670 0.334049 0.203503
v -0.029670 0.335549 0.202003
v -0.029670 0.334049 0.203503
v -0.031170 0.335549 0.203503
v -0.029670 0.335549 0.238257
v -0.029670 0.334049 0.236757
v -0.031170 0.335549 0.236757
v -0.029670 0.366785 0.202003
v -0.029670 0.368285 0.203503
v -0.031170 0.366785 0.203503
v -0.029670 0.366785 0.238257
v -0.029670 0.368285 0.236757
v -0.031170 0.366785 0.236757
v 0.007913 0.335549 0.202003
v 0.007913 0.334049 0.203503
v 0.009413 0.335549 0.203503
v 0.007913 0.335549 0.238257
v 0.007913 0.334049 0.236757
v 0.009413 0.335549 0.236757
v 0.007913 0.366785 0.202003
v 0.007913 0.368285 0.203503
v 0.009413 0.366785 0.203503
v 0.007913 0.366785 0.238257
v 0.007913 0.368285 0.236757
v 0.009413 0.366785 0.236757
v -0.012098 0.086184 0.071475
v 0.028624 0.086184 0.071475
v 0.028624 0.125653 0.071475
v -0.012098 0.125653 0.071475
v 0.028624 0.086184 0.039899
v -0.012098 0.086184 0.039899
v -0.012098 0.125653 0.039899
v 0.028624 0.125653 0.039899
v -0.012098 0.127153 0.041399
v 0.028624 0.127153 0.041399
v 0.028624 0.127153 0.069975
v -0.012098 0.127153 0.069975
v -0.012098 0.084684 0.069975
v 0.028624 0.084684 0.069975
v 0.028624 0.084684 0.041399
v -0.012098 0.084684 0.041399
v 0.030124 0.086184 0.041399
v 0.030124 0.086184 0.069975
v 0.030124 0.125653 0.069975
v 0.030124 0.125653 0.041399
v -0.013598 0.086184 0.069975
v -0.013598 0.086184 0.041399
v -0.013598 0.125653 0.041399
v -0.013598 0.125653 0.069975
v -0.012098 0.127153 0.069975
v 0.028624 0.127153 0.069975
v 0.028624 0.125653 0.071475
v -0.012098 0.125653 0.071475
v -0.012098 0.127153 0.041399
v 0.028624 0.127153 0.041399
v 0.028624 0.125653 0.039899
v -0.012098 0.125653 0.039899
v -0.012098 0.084684 0.069975
v 0.028624 0.084684 0.069975
v 0.028624 0.086184 0.071475
v -0.012098 0.086184 0.071475
v -0.012098 0.084684 0.041399
v 0.028624 0.084684 0.041399
v 0.028624 0.086184 0.039899
v -0.012098 0.086184 0.039899
v 0.030124 0.086184 0.069975
v 0.030124 0.125653 0.069975
v 0.028624 0.125653 0.071475
v 0.028624 0.086184 0.071475
v 0.030124 0.086184 0.041399
v 0.030124 0.125653 0.041399
v 0.028624 0.125653 0.039899
v 0.028624 0.086184 0.039899
v -0.013598 0.086184 0.069975
v -0.013598 0.125653 0.069975
v -0.012098 0.125653 0.071475
v -0.012098 0.086184 0.071475
v -0.013598 0.086184 0.041399
v -0.013598 0.125653 0.041399
v -0.012098 0.125653 0.039899
v -0.012098 0.086184 0.039899
v 0.030124 0.125653 0.041399
v 0.030124 0.125653 0.069975
v 0.028624 0.127153 0.069975
v 0.028624 0.127153 0.041399
v 0.030124 0.086184 0.041399
v 0.030124 0.086184 0.069975
v 0.028624 0.084684 0.069975
v 0.028624 0.084684 0.041399
v -0.013598 0.125653 0.041399
v -0.013598 0.125653 0.069975
v -0.012098 0.127153 0.069975
v -0.012098 0.127153 0.041399
v -0.013598 0.086184 0.041399
v -0.013598 0.086184 0.069975
v -0.012098 0.084684 0.069975
v -0.012098 0.084684 0.041399
v -0.012098 0.086184 0.039899
v -0.012098 0.084684 0.041399
v -0.013598 0.086184 0.041399
v -0.012098 0.086184 0.071475
v -0.012098 0.084684 0.069975
v -0.013598 0.086184 0.069975
v -0.012098 0.125653 0.039899
v -0.012098 0.127153 0.041399
v -0.013598 0.125653 0.041399
v -0.012098 0.125653 0.071475
v -0.012098 0.127153 0.069975
v -0.013598 0.125653 0.069975
v 0.028624 0.086184 0.039899
v 0.028624 0.084684 0.041399
v 0.030124 0.086184 0.041399
v 0.028624 0.086184 0.071475
v 0.028624 0.084684 0.069975
v 0.030124 0.086184 0.069975
v 0.028624 0.125653 0.039899
v 0.028624 0.127153 0.041399
v 0.030124 0.125653 0.041399
v 0.028624 0.125653 0.071475
v 0.028624 0.127153 0.069975
v 0.030124 0.125653 0.069975
v -0.073859 0.226150 -0.410066
v -0.049774 0.226150 -0.410066
v -0.049774 0.244802 -0.410066
v -0.073859 0.244802 -0.410066
v -0.049774 0.226150 -0.433628
v -0.073859 0.226150 -0.433628
v -0.073859 0.244802 -0.433628
v -0.049774 0.244802 -0.433628
v -0.073859 0.246302 -0.432128
v -0.049774 0.246302 -0.432128
v -0.049774 0.246302 -0.411566
v -0.073859 0.246302 -0.411566
v -0.073859 0.224650 -0.411566
v -0.049774 0.224650 -0.411566
v -0.049774 0.224650 -0.432128
v -0.073859 0.224650 -0.432128
v -0.048274 0.226150 -0.432128
v -0.048274 0.226150 -0.411566
v -0.048274 0.244802 -0.411566
v -0.048274 0.244802 -0.432128
v -0.075359 0.226150 -0.411566
v -0.075359 0.226150 -0.432128
v -0.075359 0.244802 -0.432128
v -0.075359 0.244802 -0.411566
v -0.073859 0.246302 -0.411566
v -0.049774 0.246302 -0.411566
v -0.049774 0.244802 -0.410066
v -0.073859 0.244802 -0.410066
v -0.073859 0.246302 -0.432128
v -0.049774 0.246302 -0.432128
v -0.049774 0.244802 -0.433628
v -0.073859 0.244802 -0.433628
v -0.073859 0.224650 -0.411566
v -0.049774 0.224650 -0.411566
v -0.049774 0.226150 -0.410066
v -0.073859 0.226150 -0.410066
v -0.073859 0.224650 -0.432128
v -0.049774 0.224650 -0.432128
v -0.049774 0.226150 -0.433628
v -0.073859 0.226150 -0.433628
v -0.048274 0.226150 -0.411566
v -0.048274 0.244802 -0.411566
v -0.049774 0.244802 -0.410066
v -0.049774 0.226150 -0.410066
v -0.048274 0.226150 -0.432128
v -0.048274 0.244802 -0.432128
v -0.049774 0.244802 -0.433628
v -0.049774 0.226150 -0.433628
v -0.075359 0.226150 -0.411566
v -0.075359 0.244802 -0.411566
v -0.073859 0.244802 -0.410066
v -0.073859 0.226150 -0.410066
v -0.075359 0.226150 -0.432128
v -0.075359 0.244802 -0.432128
v -0.073859 0.244802 -0.433628
v -0.073859 0.226150 -0.433628
v -0.048274 0.244802 -0.432128
v -0.048274 0.244802 -0.411566
v -0.049774 0.246302 -0.411566
v -0.049774 0.246302 -0.432128
v -0.048274 0.226150 -0.432128
v -0.048274 0.226150 -0.411566
v -0.049774 0.224650 -0.411566
v -0.049774 0.224650 -0.432128
v -0.075359 0.244802 -0.432128
v -0.075359 0.244802 -0.411566
v -0.073859 0.246302 -0.411566
v -0.073859 0.246302 -0.432128
v -0.075359 0.226150 -0.432128
v -0.075359 0.226150 -0.411566
v -0.073859 0.224650 -0.411566
v -0.073859 0.224650 -0.432128
v -0.073859 0.226150 -0.433628
v -0.073859 0.224650 -0.432128
v -0.075359 0.226150 -0.432128
v -0.073859 0.226150 -0.410066
v -0.073859 0.224650 -0.411566
v -0.075359 0.226150 -0.411566
v -0.073859 0.244802 -0.433628
v -0.073859 0.246302 -0.432128
v -0.075359 0.244802 -0.432128
v -0.073859 0.244802 -0.410066
v -0.073859 0.246302 -0.411566
v -0.075359 0.244802 -0.411566
v -0.049774 0.226150 -0.433628
v -0.049774 0.224650 -0.432128
v -0.048274 0.226150 -0.432128
v -0.049774 0.226150 -0.410066
v -0.049774 0.224650 -0.411566
v -0.048274 0.226150 -0.411566
v -0.049774 0.244802 -0.433628
v -0.049774 0.246302 -0.432128
v -0.048274 0.244802 -0.432128
v -0.049774 0.244802 -0.410066
v -0.049774 0.246302 -0.411566
v -0.048274 0.244802 -0.411566
v 0.273279 0.283721 0.094933
v 0.297267 0.283721 0.094933
v 0.297267 0.303937 0.094933
v 0.273279 0.303937 0.094933
v 0.297267 0.283721 0.067724
v 0.273279 0.283721 0.067724
v 0.273279 0.303937 0.067724
v 0.297267 0.303937 0.067724
v 0.273279 0.305437 0.069224
v 0.297267 0.305437 0.069224
v 0.297267 0.305437 0.093433
v 0.273279 0.305437 0.093433
v 0.273279 0.282221 0.093433
v 0.297267 0.282221 0.093433
v 0.297267 0.282221 0.069224
v 0.273279 0.282221 0.069224
v 0.298767 0.283721 0.069224
v 0.298767 0.283721 0.093433
v 0.298767 0.303937 0.093433
v 0.298767 0.303937 0.069224
v 0.271779 0.283721 0.093433
v 0.271779 0.283721 0.069224
v 0.271779 0.303937 0.069224
v 0.271779 0.303937 0.093433
v 0.273279 0.305437 0.093433
v 0.297267 0.305437 0.093433
v 0.297267 0.303937 0.094933
v 0.273279 0.303937 0.094933
v 0.273279 0.305437 0.069224
v 0.297267 0.305437 0.069224
v 0.297267 0.303937 0.067724
v 0.273279 0.303937 0.067724
v 0.273279 0.282221 0.093433
v 0.297267 0.282221 0.093433
v 0.297267 0.283721 0.094933
v 0.273279 0.283721 0.094933
v 0.273279 0.282221 0.069224
v 0.297267 0.282221 0.069224
v 0.297267 0.283721 0.067724
v 0.273279 0.283721 0.067724
v 0.298767 0.283721 0.093433
v 0.298767 0.303937 0.093433
v 0.297267 0.303937 0.094933
v 0.297267 0.283721 0.094933
v 0.298767 0.283721 0.069224
v 0.298767 0.303937 0.069224
v 0.297267 0.303937 0.067724
v 0.297267 0.283721 0.067724
v 0.271779 0.283721 0.093433
v 0.271779 0.303937 0.093433
v 0.273279 0.303937 0.094933
v 0.273279 0.283721 0.094933
v 0.271779 0.283721 0.069224
v 0.271779 0.303937 0.069224
v 0.273279 0.303937 0.067724
v 0.273279 0.283721 0.067724
v 0.298767 0.303937 0.069224
v 0.298767 0.303937 0.093433
v 0.297267 0.305437 0.093433
v 0.297267 0.305437 0.069224
v 0.298767 0.283721 0.069224
v 0.298767 0.283721 0.093433
v 0.297267 0.282221 0.093433
v 0.297267 0.282221 0.069224
v 0.271779 0.303937 0.069224
v 0.271779 0.303937 0.093433
v 0.273279 0.305437 0.093433
v 0.273279 0.305437 0.069224
v 0.271779 0.283721 0.069224
v 0.271779 0.283721 0.093433
v 0.273279 0.282221 0.093433
v 0.273279 0.282221 0.069224
v 0.273279 0.283721 0.067724
v 0.273279 0.282221 0.069224
v 0.271779 0.283721 0.069224
v 0.273279 0.283721 0.094933
v 0.273279 0.282221 0.093433
v 0.271779 0.283721 0.093433
v 0.273279 0.303937 0.067724
v 0.273279 0.305437 0.069224
v 0.271779 0.303937 0.069224
v 0.273279 0.303937 0.094933
v 0.273279 0.305437 0.093433
v 0.271779 0.303937 0.093433
v 0.297267 0.283721 0.067724
v 0.297267 0.282221 0.069224
v 0.298767 0.283721 0.069224
v 0.297267 0.283721 0.094933
v 0.297267 0.282221 0.093433
v 0.298767 0.283721 0.093433
v 0.297267 0.303937 0.067724
v 0.297267 0.305437 0.069224
v 0.298767 0.303937 0.069224
v 0.297267 0.303937 0.094933
v 0.297267 0.305437 0.093433
v 0.298767 0.303937 0.093433
v 0.072606 0.234553 0.084881
v 0.124604 0.234553 0.084881
v 0.124604 0.269439 0.084881
v 0.072606 0.269439 0.084881
v 0.124604 0.234553 0.037965
v 0.072606 0.234553 0.037965
v 0.072606 0.269439 0.037965
v 0.124604 0.269439 0.037965
v 0.072606 0.270939 0.039465
v 0.124604 0.270939 0.039465
v 0.124604 0.270939 0.083381
v 0.072606 0.270939 0.083381
v 0.072606 0.233053 0.083381
v 0.124604 0.233053 0.083381
v 0.124604 0.233053 0.039465
v 0.072606 0.233053 0.039465
v 0.126104 0.234553 0.039465
v 0.126104 0.234553 0.083381
v 0.126104 0.269439 0.083381
v 0.126104 0.269439 0.039465
v 0.071106 0.234553 0.083381
v 0.071106 0.234553 0.039465
v 0.071106 0.269439 0.039465
v 0.071106 0.269439 0.083381
v 0.072606 0.270939 0.083381
v 0.124604 0.270939 0.083381
v 0.124604 0.269439 0.084881
v 0.072606 0.269439 0.084881
v 0.072606 0.270939 0.039465
v 0.124604 0.270939 0.039465
v 0.124604 0.269439 0.037965
v 0.072606 0.269439 0.037965
v 0.072606 0.233053 0.083381
v 0.124604 0.233053 0.083381
v 0.124604 0.234553 0.084881
v 0.072606 0.234553 0.084881
v 0.072606 0.233053 0.039465
v 0.124604 0.233053 0.039465
v 0.124604 0.234553 0.037965
v 0.072606 0.234553 0.037965
v 0.126104 0.234553 0.083381
v 0.126104 0.269439 0.083381
v 0.124604 0.269439 0.084881
v 0.124604 0.234553 0.084881
v 0.126104 0.234553 0.039465
v 0.126104 0.269439 0.039465
v 0.124604 0.269439 0.037965
v 0.124604 0.234553 0.037965
v 0.071106 0.234553 0.083381
v 0.071106 0.269439 0.083381
v 0.072606 0.269439 0.084881
v 0.072606 0.234553 0.084881
v 0.071106 0.234553 0.039465
v 0.071106 0.269439 0.039465
v 0.072606 0.269439 0.037965
v 0.072606 0.234553 0.037965
v 0.126104 0.269439 0.039465
v 0.126104 0.269439 0.083381
v 0.124604 0.270939 0.083381
v 0.124604 0.270939 0.039465
v 0.126104 0.234553 0.039465
v 0.126104 0.234553 0.083381
v 0.124604 0.233053 0.083381
v 0.124604 0.233053 0.039465
v 0.071106 0.269439 0.039465
v 0.071106 0.269439 0.083381
v 0.072606 0.270939 0.083381
v 0.072606 0.270939 0.039465
v 0.071106 0.234553 0.039465
v 0.071106 0.234553 0.083381
v 0.072606 0.233053 0.083381
v 0.072606 0.233053 0.039465
v 0.072606 0.234553 0.037965
v 0.072606 0.233053 0.039465
v 0.071106 0.234553 0.039465
v 0.072606 0.234553 0.084881
v 0.072606 0.233053 0.083381
v 0.071106 0.234553 0.083381
v 0.072606 0.269439 0.037965
v 0.072606 0.270939 0.039465
v 0.071106 0.269439 0.039465
v 0.072606 0.269439 0.084881
v 0.072606 0.270939 0.083381
v 0.071106 0.269439 0.083381
v 0.124604 0.234553 0.037965
v 0.124604 0.233053 0.039465
v 0.126104 0.234553 0.039465
v 0.124604 0.234553 0.084881
v 0.124604 0.233053 0.083381
v 0.126104 0.234553 0.083381
v 0.124604 0.269439 0.037965
v 0.124604 0.270939 0.039465
v 0.126104 0.269439 0.039465
v 0.124604 0.269439 0.084881
v 0.124604 0.270939 0.083381
v 0.126104 0.269439 0.083381
v 0.128839 0.220752 0.389324
v 0.173664 0.220752 0.389324
v 0.173664 0.244194 0.389324
v 0.128839 0.244194 0.389324
v 0.173664 0.220752 0.354478
v 0.128839 0.220752 0.354478
v 0.128839 0.244194 0.354478
v 0.173664 0.244194 0.354478
v 0.128839 0.245694 0.355978
v 0.173664 0.245694 0.355978
v 0.173664 0.245694 0.387824
v 0.128839 0.245694 0.387824
v 0.128839 0.219252 0.387824
v 0.173664 0.219252 0.387824
v 0.173664 0.219252 0.355978
v 0.128839 0.219252 0.355978
v 0.175164 0.220752 0.355978
v 0.175164 0.220752 0.387824
v 0.175164 0.244194 0.387824
v 0.175164 0.244194 0.355978
v 0.127339 0.220752 0.387824
v 0.127339 0.220752 0.355978
v 0.127339 0.244194 0.355978
v 0.127339 0.244194 0.387824
v 0.128839 0.245694 0.387824
v 0.173664 0.245694 0.387824
v 0.173664 0.244194 0.389324
v 0.128839 0.244194 0.389324
v 0.128839 0.245694 0.355978
v 0.173664 0.245694 0.355978
v 0.173664 0.244194 0.354478
v 0.128839 0.244194 0.354478
v 0.128839 0.219252 0.387824
v 0.173664 0.219252 0.387824
v 0.173664 0.220752 0.389324
v 0.128839 0.220752 0.389324
v 0.128839 0.219252 0.355978
v 0.173664 0.219252 0.355978
v 0.173664 0.220752 0.354478
v 0.128839 0.220752 0.354478
v 0.175164 0.220752 0.387824
v 0.175164 0.244194 0.387824
v 0.173664 0.244194 0.389324
v 0.173664 0.220752 0.389324
v 0.175164 0.220752 0.355978
v 0.175164 0.244194 0.355978
v 0.173664 0.244194 0.354478
v 0.173664 0.220752 0.354478
v 0.127339 0.220752 0.387824
v 0.127339 0.244194 0.387824
v 0.128839 0.244194 0.389324
v 0.128839 0.220752 0.389324
v 0.127339 0.220752 0.355978
v 0.127339 0.244194 0.355978
v 0.128839 0.244194 0.354478
v 0.128839 0.220752 0.354478
v 0.175164 0.244194 0.355978
v 0.175164 0.244194 0.387824
v 0.173664 0.245694 0.387824
v 0.173664 0.245694 0.355978
v 0.175164 0.220752 0.355978
v 0.175164 0.220752 0.387824
v 0.173664 0.219252 0.387824
v 0.173664 0.219252 0.355978
v 0.127339 0.244194 0.355978
v 0.127339 0.244194 0.387824
v 0.128839 0.245694 0.387824
v 0.128839 0.245694 0.355978
v 0.127339 0.220752 0.355978
v 0.127339 0.220752 0.387824
v 0.128839 0.219252 0.387824
v 0.128839 0.219252 0.355978
v 0.128839 0.220752 0.354478
v 0.128839 0.219252 0.355978
v 0.127339 0.220752 0.355978
v 0.128839 0.220752 0.389324
v 0.128839 0.219252 0.387824
v 0.127339 0.220752 0.387824
v 0.128839 0.244194 0.354478
v 0.128839 0.245694 0.355978
v 0.127339 0.244194 0.355978
v 0.128839 0.244194 0.389324
v 0.128839 0.245694 0.387824
v 0.127339 0.244194 0.387824
v 0.173664 0.220752 0.354478
v 0.173664 0.219252 0.355978
v 0.175164 0.220752 0.355978
v 0.173664 0.220752 0.389324
v 0.173664 0.219252 0.387824
v 0.175164 0.220752 0.387824
v 0.173664 0.244194 0.354478
v 0.173664 0.245694 0.355978
v 0.175164 0.244194 0.355978
v 0.173664 0.244194 0.389324
v 0.173664 0.245694 0.387824
v 0.175164 0.244194 0.387824
v -0.147043 0.077731 0.102488
v -0.116862 0.077731 0.102488
v -0.116862 0.096847 0.102488
v -0.147043 0.096847 0.102488
v -0.116862 0.077731 0.063442
v -0.147043 0.077731 0.063442
v -0.147043 0.096847 0.063442
v -0.116862 0.096847 0.063442
v -0.147043 0.098347 0.064942
v -0.116862 0.098347 0.064942
v -0.116862 0.098347 0.100988
v -0.147043 0.098347 0.100988
v -0.147043 0.076231 0.100988
v -0.116862 0.076231 0.100988
v -0.116862 0.076231 0.064942
v -0.147043 0.076231 0.064942
v -0.115362 0.077731 0.064942
v -0.115362 0.077731 0.100988
v -0.115362 0.096847 0.100988
v -0.115362 0.096847 0.064942
v -0.148543 0.077731 0.100988
v -0.148543 0.077731 0.064942
v -0.148543 0.096847 0.064942
v -0.148543 0.096847 0.100988
v -0.147043 0.098347 0.100988
v -0.116862 0.098347 0.100988
v -0.116862 0.096847 0.102488
v -0.147043 0.096847 0.102488
v -0.147043 0.098347 0.064942
v -0.116862 0.098347 0.064942
v -0.116862 0.096847 0.063442
v -0.147043 0.096847 0.063442
v -0.147043 0.076231 0.100988
v -0.116862 0.076231 0.100988
v -0.116862 0.077731 0.102488
v -0.147043 0.077731 0.102488
v -0.147043 0.076231 0.064942
v -0.116862 0.076231 0.064942
v -0.116862 0.077731 0.063442
v -0.147043 0.077731 0.063442
v -0.115362 0.077731 0.100988
v -0.115362 0.096847 0.100988
v -0.116862 0.096847 0.102488
v -0.116862 0.077731 0.102488
v -0.115362 0.077731 0.064942
v -0.115362 0.096847 0.064942
v -0.116862 0.096847 0.063442
v -0.116862 0.077731 0.063442
v -0.148543 0.077731 0.100988
v -0.148543 0.096847 0.100988
v -0.147043 0.096847 0.102488
v -0.147043 0.077731 0.102488
v -0.148543 0.077731 0.064942
v -0.148543 0.096847 0.064942
v -0.147043 0.096847 0.063442
v -0.147043 0.077731 0.063442
v -0.115362 0.096847 0.064942
v -0.115362 0.096847 0.100988
v -0.116862 0.098347 0.100988
v -0.116862 0.098347 0.064942
v -0.115362 0.077731 0.064942
v -0.115362 0.077731 0.100988
v -0.116862 0.076231 0.100988
v -0.116862 0.076231 0.064942
v -0.148543 0.096847 0.064942
v -0.148543 0.096847 0.100988
v -0.147043 0.098347 0.100988
v -0.147043 0.098347 0.064942
v -0.148543 0.077731 0.064942
v -0.148543 0.077731 0.100988
v -0.147043 0.076231 0.100988
v -0.147043 0.076231 0.064942
v -0.147043 0.077731 0.063442
v -0.147043 0.076231 0.064942
v -0.148543 0.077731 0.064942
v -0.147043 0.077731 0.102488
v -0.147043 0.076231 0.100988
v -0.148543 0.077731 0.100988
v -0.147043 0.096847 0.063442
v -0.147043 0.098347 0.064942
v -0.148543 0.096847 0.064942
v -0.147043 0.096847 0.102488
v -0.147043 0.098347 0.100988
v -0.148543 0.096847 0.100988
v -0.116862 0.077731 0.063442
v -0.116862 0.076231 0.064942
v -0.115362 0.077731 0.064942
v -0.116862 0.077731 0.102488
v -0.116862 0.076231 0.100988
v -0.115362 0.077731 0.100988
v -0.116862 0.096847 0.063442
v -0.116862 0.098347 0.064942
v -0.115362 0.096847 0.064942
v -0.116862 0.096847 0.102488
v -0.116862 0.098347 0.100988
v -0.115362 0.096847 0.100988
v 0.011201 0.088528 -0.678598
v 0.029411 0.088528 -0.678598
v 0.029411 0.102297 -0.678598
v 0.011201 0.102297 -0.678598
v 0.029411 0.088528 -0.699951
v 0.011201 0.088528 -0.699951
v 0.011201 0.102297 -0.699951
v 0.029411 0.102297 -0.699951
v 0.011201 0.103797 -0.698451
v 0.029411 0.103797 -0.698451
v 0.029411 0.103797 -0.680098
v 0.011201 0.103797 -0.680098
v 0.011201 0.087028 -0.680098
v 0.029411 0.087028 -0.680098
v 0.029411 0.087028 -0.698451
v 0.011201 0.087028 -0.698451
v 0.030911 0.088528 -0.698451
v 0.030911 0.088528 -0.680098
v 0.030911 0.102297 -0.680098
v 0.030911 0.102297 -0.698451
v 0.009701 0.088528 -0.680098
v 0.009701 0.088528 -0.698451
v 0.009701 0.102297 -0.698451
v 0.009701 0.102297 -0.680098
v 0.011201 0.103797 -0.680098
v 0.029411 0.103797 -0.680098
v 0.029411 0.102297 -0.678598
v 0.011201 0.102297 -0.678598
v 0.011201 0.103797 -0.698451
v 0.029411 0.103797 -0.698451
v 0.029411 0.102297 -0.699951
v 0.011201 0.102297 -0.699951
v 0.011201 0.087028 -0.680098
v 0.029411 0.087028 -0.680098
v 0.029411 0.088528 -0.678598
v 0.011201 0.088528 -0.678598
v 0.011201 0.087028 -0.698451
v 0.029411 0.087028 -0.698451
v 0.029411 0.088528 -0.699951
v 0.011201 0.088528 -0.699951
v 0.030911 0.088528 -0.680098
v 0.030911 0.102297 -0.680098
v 0.029411 0.102297 -0.678598
v 0.029411 0.088528 -0.678598
v 0.030911 0.088528 -0.698451
v 0.030911 0.102297 -0.698451
v 0.029411 0.102297 -0.699951
v 0.029411 0.088528 -0.699951
v 0.009701 0.088528 -0.680098
v 0.009701 0.102297 -0.680098
v 0.011201 0.102297 -0.678598
v 0.011201 0.088528 -0.678598
v 0.009701 0.088528 -0.698451
v 0.009701 0.102297 -0.698451
v 0.011201 0.102297 -0.699951
v 0.011201 0.088528 -0.699951
v 0.030911 0.102297 -0.698451
v 0.030911 0.102297 -0.680098
v 0.029411 0.103797 -0.680098
v 0.029411 0.103797 -0.698451
v 0.030911 0.088528 -0.698451
v 0.030911 0.088528 -0.680098
v 0.029411 0.087028 -0.680098
v 0.029411 0.087028 -0.698451
v 0.009701 0.102297 -0.698451
v 0.009701 0.102297 -0.680098
v 0.011201 0.103797 -0.680098
v 0.011201 0.103797 -0.698451
v 0.009701 0.088528 -0.698451
v 0.009701 0.088528 -0.680098
v 0.011201 0.087028 -0.680098
v 0.011201 0.087028 -0.698451
v 0.011201 0.088528 -0.699951
v 0.011201 0.087028 -0.698451
v 0.009701 0.088528 -0.698451
v 0.011201 0.088528 -0.678598
v 0.011201 0.087028 -0.680098
v 0.009701 0.088528 -0.680098
v 0.011201 0.102297 -0.699951
v 0.011201 0.103797 -0.698451
v 0.009701 0.102297 -0.698451
v 0.011201 0.102297 -0.678598
v 0.011201 0.103797 -0.680098
v 0.009701 0.102297 -0.680098
v 0.029411 0.088528 -0.699951
v 0.029411 0.087028 -0.698451
v 0.030911 0.088528 -0.698451
v 0.029411 0.088528 -0.678598
v 0.029411 0.087028 -0.680098
v 0.030911 0.088528 -0.680098
v 0.029411 0.102297 -0.699951
v 0.029411 0.103797 -0.698451
v 0.030911 0.102297 -0.698451
v 0.029411 0.102297 -0.678598
v 0.029411 0.103797 -0.680098
v 0.030911 0.102297 -0.680098
v 0.127307 0.116919 0.106574
v 0.162811 0.116919 0.106574
v 0.162811 0.145001 0.106574
v 0.127307 0.145001 0.106574
v 0.162811 0.116919 0.066624
v 0.127307 0.116919 0.066624
v 0.127307 0.145001 0.066624
v 0.162811 0.145001 0.066624
v 0.127307 0.146501 0.068124
v 0.162811 0.146501 0.068124
v 0.162811 0.146501 0.105074
v 0.127307 0.146501 0.105074
v 0.127307 0.115419 0.105074
v 0.162811 0.115419 0.105074
v 0.162811 0.115419 0.068124
v 0.127307 0.115419 0.068124
v 0.164311 0.116919 0.068124
v 0.164311 0.116919 0.105074
v 0.164311 0.145001 0.105074
v 0.164311 0.145001 0.068124
v 0.125807 0.116919 0.105074
v 0.125807 0.116919 0.068124
v 0.125807 0.145001 0.068124
v 0.125807 0.145001 0.105074
v 0.127307 0.146501 0.105074
v 0.162811 0.146501 0.105074
v 0.162811 0.145001 0.106574
v 0.127307 0.145001 0.106574
v 0.127307 0.146501 0.068124
v 0.162811 0.146501 0.068124
v 0.162811 0.145001 0.066624
v 0.127307 0.145001 0.066624
v 0.127307 0.115419 0.105074
v 0.162811 0.115419 0.105074
v 0.162811 0.116919 0.106574
v 0.127307 0.116919 0.106574
v 0.127307 0.115419 0.068124
v 0.162811 0.115419 0.068124
v 0.162811 0.116919 0.066624
v 0.127307 0.116919 0.066624
v 0.164311 0.116919 0.105074
v 0.164311 0.145001 0.105074
v 0.162811 0.145001 0.106574
v 0.162811 0.116919 0.106574
v 0.164311 0.116919 0.068124
v 0.164311 0.145001 0.068124
v 0.162811 0.145001 0.066624
v 0.162811 0.116919 0.066624
v 0.125807 0.116919 0.105074
v 0.125807 0.145001 0.105074
v 0.127307 0.145001 0.106574
v 0.127307 0.116919 0.106574
v 0.125807 0.116919 0.068124
v 0.125807 0.145001 0.068124
v 0.127307 0.145001 0.066624
v 0.127307 0.116919 0.066624
v 0.164311 0.145001 0.068124
v 0.164311 0.145001 0.105074
v 0.162811 0.146501 0.105074
v 0.162811 0.146501 0.068124
v 0.164311 0.116919 0.068124
v 0.164311 0.116919 0.105074
v 0.162811 0.115419 0.105074
v 0.162811 0.115419 0.068124
v 0.125807 0.145001 0.068124
v 0.125807 0.145001 0.105074
v 0.127307 0.146501 0.105074
v 0.127307 0.146501 0.068124
v 0.125807 0.116919 0.068124
v 0.125807 0.116919 0.105074
v 0.127307 0.115419 0.105074
v 0.127307 0.115419 0.068124
v 0.127307 0.116919 0.066624
v 0.127307 0.115419 0.068124
v 0.125807 0.116919 0.068124
v 0.127307 0.116919 0.106574
v 0.127307 0.115419 0.105074
v 0.125807 0.116919 0.105074
v 0.127307 0.145001 0.066624
v 0.127307 0.146501 0.068124
v 0.125807 0.145001 0.068124
v 0.127307 0.145001 0.106574
v 0.127307 0.146501 0.105074
v 0.125807 0.145001 0.105074
v 0.162811 0.116919 0.066624
v 0.162811 0.115419 0.068124
v 0.164311 0.116919 0.068124
v 0.162811 0.116919 0.106574
v 0.162811 0.115419 0.105074
v 0.164311 0.116919 0.105074
v 0.162811 0.145001 0.066624
v 0.162811 0.146501 0.068124
v 0.164311 0.145001 0.068124
v 0.162811 0.145001 0.106574
v 0.162811 0.146501 0.105074
v 0.164311 0.145001 0.105074
v 0.202733 0.202537 -0.430518
v 0.250868 0.202537 -0.430518
v 0.250868 0.244528 -0.430518
v 0.202733 0.244528 -0.430518
v 0.250868 0.202537 -0.479583
v 0.202733 0.202537 -0.479583
v 0.202733 0.244528 -0.479583
v 0.250868 0.244528 -0.479583
v 0.202733 0.246028 -0.478083
v 0.250868 0.246028 -0.478083
v 0.250868 0.246028 -0.432018
v 0.202733 0.246028 -0.432018
v 0.202733 0.201037 -0.432018
v 0.250868 0.201037 -0.432018
v 0.250868 0.201037 -0.478083
v 0.202733 0.201037 -0.478083
v 0.252368 0.202537 -0.478083
v 0.252368 0.202537 -0.432018
v 0.252368 0.244528 -0.432018
v 0.252368 0.244528 -0.478083
v 0.201233 0.202537 -0.432018
v 0.201233 0.202537 -0.478083
v 0.201233 0.244528 -0.478083
v 0.201233 0.244528 -0.432018
v 0.202733 0.246028 -0.432018
v 0.250868 0.246028 -0.432018
v 0.250868 0.244528 -0.430518
v 0.202733 0.244528 -0.430518
v 0.202733 0.246028 -0.478083
v 0.250868 0.246028 -0.478083
v 0.250868 0.244528 -0.479583
v 0.202733 0.244528 -0.479583
v 0.202733 0.201037 -0.432018
v 0.250868 0.201037 -0.432018
v 0.250868 0.202537 -0.430518
v 0.202733 0.202537 -0.430518
v 0.202733 0.201037 -0.478083
v 0.250868 0.201037 -0.478083
v 0.250868 0.202537 -0.479583
v 0.202733 0.202537 -0.479583
v 0.252368 0.202537 -0.432018
v 0.252368 0.244528 -0.432018
v 0.250868 0.244528 -0.430518
v 0.250868 0.202537 -0.430518
v 0.252368 0.202537 -0.478083
v 0.252368 0.244528 -0.478083
v 0.250868 0.244528 -0.479583
v 0.250868 0.202537 -0.479583
v 0.201233 0.202537 -0.432018
v 0.201233 0.244528 -0.432018
v 0.202733 0.244528 -0.430518
v 0.202733 0.202537 -0.430518
v 0.201233 0.202537 -0.478083
v 0.201233 0.244528 -0.478083
v 0.202733 0.244528 -0.479583
v 0.202733 0.202537 -0.479583
v 0.252368 0.244528 -0.478083
v 0.252368 0.244528 -0.432018
v 0.250868 0.246028 -0.432018
v 0.250868 0.246028 -0.478083
v 0.252368 0.202537 -0.478083
v 0.252368 0.202537 -0.432018
v 0.250868 0.201037 -0.432018
v 0.250868 0.201037 -0.478083
v 0.201233 0.244528 -0.478083
v 0.201233 0.244528 -0.432018
v 0.202733 0.246028 -0.432018
v 0.202733 0.246028 -0.478083
v 0.201233 0.202537 -0.478083
v 0.201233 0.202537 -0.432018
v 0.202733 0.201037 -0.432018
v 0.202733 0.201037 -0.478083
v 0.202733 0.202537 -0.479583
v 0.202733 0.201037 -0.478083
v 0.201233 0.202537 -0.478083
v 0.202733 0.202537 -0.430518
v 0.202733 0.201037 -0.432018
v 0.201233 0.202537 -0.432018
v 0.202733 0.244528 -0.479583
v 0.202733 0.246028 -0.478083
v 0.201233 0.244528 -0.478083
v 0.202733 0.244528 -0.430518
v 0.202733 0.246028 -0.432018
v 0.201233 0.244528 -0.432018
v 0.250868 0.202537 -0.479583
v 0.250868 0.201037 -0.478083
v 0.252368 0.202537 -0.478083
v 0.250868 0.202537 -0.430518
v 0.250868 0.201037 -0.432018
v 0.252368 0.202537 -0.432018
v 0.250868 0.244528 -0.479583
v 0.250868 0.246028 -0.478083
v 0.252368 0.244528 -0.478083
v 0.250868 0.244528 -0.430518
v 0.250868 0.246028 -0.432018
v 0.252368 0.244528 -0.432018
v -0.044491 0.092744 0.048385
v 0.003463 0.092744 0.048385
v 0.003463 0.115314 0.048385
v -0.044491 0.115314 0.048385
v 0.003463 0.092744 0.010183
v -0.044491 0.092744 0.010183
v -0.044491 0.115314 0.010183
v 0.003463 0.115314 0.010183
v -0.044491 0.116814 0.011683
v 0.003463 0.116814 0.011683
v 0.003463 0.116814 0.046885
v -0.044491 0.116814 0.046885
v -0.044491 0.091244 0.046885
v 0.003463 0.091244 0.046885
v 0.003463 0.091244 0.011683
v -0.044491 0.091244 0.011683
v 0.004963 0.092744 0.011683
v 0.004963 0.092744 0.046885
v 0.004963 0.115314 0.046885
v 0.004963 0.115314 0.011683
v -0.045991 0.092744 0.046885
v -0.045991 0.092744 0.011683
v -0.045991 0.115314 0.011683
v -0.045991 0.115314 0.046885
v -0.044491 0.116814 0.046885
v 0.003463 0.116814 0.046885
v 0.003463 0.115314 0.048385
v -0.044491 0.115314 0.048385
v -0.044491 0.116814 0.011683
v 0.003463 0.116814 0.011683
v 0.003463 0.115314 0.010183
v -0.044491 0.115314 0.010183
v -0.044491 0.091244 0.046885
v 0.003463 0.091244 0.046885
v 0.003463 0.092744 0.048385
v -0.044491 0.092744 0.048385
v -0.044491 0.091244 0.011683
v 0.003463 0.091244 0.011683
v 0.003463 0.092744 0.010183
v -0.044491 0.092744 0.010183
v 0.004963 0.092744 0.046885
v 0.004963 0.115314 0.046885
v 0.003463 0.115314 0.048385
v 0.003463 0.092744 0.048385
v 0.004963 0.092744 0.011683
v 0.004963 0.115314 0.011683
v 0.003463 0.115314 0.010183
v 0.003463 0.092744 0.010183
v -0.045991 0.092744 0.046885
v -0.045991 0.115314 0.046885
v -0.044491 0.115314 0.048385
v -0.044491 0.092744 0.048385
v -0.045991 0.092744 0.011683
v -0.045991 0.115314 0.011683
v -0.044491 0.115314 0.010183
v -0.044491 0.092744 0.010183
v 0.004963 0.115314 0.011683
v 0.004963 0.115314 0.046885
v 0.003463 0.116814 0.046885
v 0.003463 0.116814 0.011683
v 0.004963 0.092744 0.011683
v 0.004963 0.092744 0.046885
v 0.003463 0.091244 0.046885
v 0.003463 0.091244 0.011683
v -0.045991 0.115314 0.011683
v -0.045991 0.115314 0.046885
v -0.044491 0.116814 0.046885
v -0.044491 0.116814 0.011683
v -0.045991 0.092744 0.011683
v -0.045991 0.092744 0.046885
v -0.044491 0.091244 0.046885
v -0.044491 0.091244 0.011683
v -0.044491 0.092744 0.010183
v -0.044491 0.091244 0.011683
v -0.045991 0.092744 0.011683
v -0.044491 0.092744 0.048385
v -0.044491 0.091244 0.046885
v -0.045991 0.092744 0.046885
v -0.044491 0.115314 0.010183
v -0.044491 0.116814 0.011683
v -0.045991 0.115314 0.011683
v -0.044491 0.115314 0.048385
v -0.044491 0.116814 0.046885
v -0.045991 0.115314 0.046885
v 0.003463 0.092744 0.010183
v 0.003463 0.091244 0.011683
v 0.004963 0.092744 0.011683
v 0.003463 0.092744 0.048385
v 0.003463 0.091244 0.046885
v 0.004963 0.092744 0.046885
v 0.003463 0.115314 0.010183
v 0.003463 0.116814 0.011683
v 0.004963 0.115314 0.011683
v 0.003463 0.115314 0.048385
v 0.003463 0.116814 0.046885
v 0.004963 0.115314 0.046885
v -0.134382 0.347976 -0.038243
v -0.092742 0.347976 -0.038243
v -0.092742 0.367869 -0.038243
v -0.134382 0.367869 -0.038243
v -0.092742 0.347976 -0.086900
v -0.134382 0.347976 -0.086900
v -0.134382 0.367869 -0.086900
v -0.092742 0.367869 -0.086900
v -0.134382 0.369369 -0.085400
v -0.092742 0.369369 -0.085400
v -0.092742 0.369369 -0.039743
v -0.134382 0.369369 -0.039743
v -0.134382 0.346476 -0.039743
v -0.092742 0.346476 -0.039743
v -0.092742 0.346476 -0.085400
v -0.134382 0.346476 -0.085400
v -0.091242 0.347976 -0.085400
v -0.091242 0.347976 -0.039743
v -0.091242 0.367869 -0.039743
v -0.091242 0.367869 -0.085400
v -0.135882 0.347976 -0.039743
v -0.135882 0.347976 -0.085400
v -0.135882 0.367869 -0.085400
v -0.135882 0.367869 -0.039743
v -0.134382 0.369369 -0.039743
v -0.092742 0.369369 -0.039743
v -0.092742 0.367869 -0.038243
v -0.134382 0.367869 -0.038243
v -0.134382 0.369369 -0.085400
v -0.092742 0.369369 -0.085400
v -0.092742 0.367869 -0.086900
v -0.134382 0.367869 -0.086900
v -0.134382 0.346476 -0.039743
v -0.092742 0.346476 -0.039743
v -0.092742 0.347976 -0.038243
v -0.134382 0.347976 -0.038243
v -0.134382 0.346476 -0.085400
v -0.092742 0.346476 -0.085400
v -0.092742 0.347976 -0.086900
v -0.134382 0.347976 -0.086900
v -0.091242 0.347976 -0.039743
v -0.091242 0.367869 -0.039743
v -0.092742 0.367869 -0.038243
v -0.092742 0.347976 -0.038243
v -0.091242 0.347976 -0.085400
v -0.091242 0.367869 -0.085400
v -0.092742 0.367869 -0.086900
v -0.092742 0.347976 -0.086900
v -0.135882 0.347976 -0.039743
v -0.135882 0.367869 -0.039743
v -0.134382 0.367869 -0.038243
v -0.134382 0.347976 -0.038243
v -0.135882 0.347976 -0.085400
v -0.135882 0.367869 -0.085400
v -0.134382 0.367869 -0.086900
v -0.134382 0.347976 -0.086900
v -0.091242 0.367869 -0.085400
v -0.091242 0.367869 -0.039743
v -0.092742 0.369369 -0.039743
v -0.092742 0.369369 -0.085400
v -0.091242 0.347976 -0.085400
v -0.091242 0.347976 -0.039743
v -0.092742 0.346476 -0.039743
v -0.092742 0.346476 -0.085400
v -0.135882 0.367869 -0.085400
v -0.135882 0.367869 -0.039743
v -0.134382 0.369369 -0.039743
v -0.134382 0.369369 -0.085400
v -0.135882 0.347976 -0.085400
v -0.135882 0.347976 -0.039743
v -0.134382 0.346476 -0.039743
v -0.134382 0.346476 -0.085400
v -0.134382 0.347976 -0.086900
v -0.134382 0.346476 -0.085400
v -0.135882 0.347976 -0.085400
v -0.134382 0.347976 -0.038243
v -0.134382 0.346476 -0.039743
v -0.135882 0.347976 -0.039743
v -0.134382 0.367869 -0.086900
v -0.134382 0.369369 -0.085400
v -0.135882 0.367869 -0.085400
v -0.134382 0.367869 -0.038243
v -0.134382 0.369369 -0.039743
v -0.135882 0.367869 -0.039743
v -0.092742 0.347976 -0.086900
v -0.092742 0.346476 -0.085400
v -0.091242 0.347976 -0.085400
v -0.092742 0.347976 -0.038243
v -0.092742 0.346476 -0.039743
v -0.091242 0.347976 -0.039743
v -0.092742 0.367869 -0.086900
v -0.092742 0.369369 -0.085400
v -0.091242 0.367869 -0.085400
v -0.092742 0.367869 -0.038243
v -0.092742 0.369369 -0.039743
v -0.091242 0.367869 -0.039743
v -0.047776 0.254919 0.047856
v 0.003578 0.254919 0.047856
v 0.003578 0.297097 0.047856
v -0.047776 0.297097 0.047856
v 0.003578 0.254919 0.002030
v -0.047776 0.254919 0.002030
v -0.047776 0.297097 0.002030
v 0.003578 0.297097 0.002030
v -0.047776 0.298597 0.003530
v 0.003578 0.298597 0.003530
v 0.003578 0.298597 0.046356
v -0.047776 0.298597 0.046356
v -0.047776 0.253419 0.046356
v 0.003578 0.253419 0.046356
v 0.003578 0.253419 0.003530
v -0.047776 0.253419 0.003530
v 0.005078 0.254919 0.003530
v 0.005078 0.254919 0.046356
v 0.005078 0.297097 0.046356
v 0.005078 0.297097 0.003530
v -0.049276 0.254919 0.046356
v -0.049276 0.254919 0.003530
v -0.049276 0.297097 0.003530
v -0.049276 0.297097 0.046356
v -0.047776 0.298597 0.046356
v 0.003578 0.298597 0.046356
v 0.003578 0.297097 0.047856
v -0.047776 0.297097 0.047856
v -0.047776 0.298597 0.003530
v 0.003578 0.298597 0.003530
v 0.003578 0.297097 0.002030
v -0.047776 0.297097 0.002030
v -0.047776 0.253419 0.046356
v 0.003578 0.253419 0.046356
v 0.003578 0.254919 0.047856
v -0.047776 0.254919 0.047856
v -0.047776 0.253419 0.003530
v 0.003578 0.253419 0.003530
v 0.003578 0.254919 0.002030
v -0.047776 0.254919 0.002030
v 0.005078 0.254919 0.046356
v 0.005078 0.297097 0.046356
v 0.003578 0.297097 0.047856
v 0.003578 0.254919 0.047856
v 0.005078 0.254919 0.003530
v 0.005078 0.297097 0.003530
v 0.003578 0.297097 0.002030
v 0.003578 0.254919 0.002030
v -0.049276 0.254919 0.046356
v -0.049276 0.297097 0.046356
v -0.047776 0.297097 0.047856
v -0.047776 0.254919 0.047856
v -0.049276 0.254919 0.003530
v -0.049276 0.297097 0.003530
v -0.047776 0.297097 0.002030
v -0.047776 0.254919 0.002030
v 0.005078 0.297097 0.003530
v 0.005078 0.297097 0.046356
v 0.003578 0.298597 0.046356
v 0.003578 0.298597 0.003530
v 0.005078 0.254919 0.003530
v 0.005078 0.254919 0.046356
v 0.003578 0.253419 0.046356
v 0.003578 0.253419 0.003530
v -0.049276 0.297097 0.003530
v -0.049276 0.297097 0.046356
v -0.047776 0.298597 0.046356
v -0.047776 0.298597 0.003530
v -0.049276 0.254919 0.003530
v -0.049276 0.254919 0.046356
v -0.047776 0.253419 0.046356
v -0.047776 0.253419 0.003530
v -0.047776 0.254919 0.002030
v -0.047776 0.253419 0.003530
v -0.049276 0.254919 0.003530
v -0.047776 0.254919 0.047856
v -0.047776 0.253419 0.046356
v -0.049276 0.254919 0.046356
v -0.047776 0.297097 0.002030
v -0.047776 0.298597 0.003530
v -0.049276 0.297097 0.003530
v -0.047776 0.297097 0.047856
v -0.047776 0.298597 0.046356
v -0.049276 0.297097 0.046356
v 0.003578 0.254919 0.002030
v 0.003578 0.253419 0.003530
v 0.005078 0.254919 0.003530
v 0.003578 0.254919 0.047856
v 0.003578 0.253419 0.046356
v 0.005078 0.254919 0.046356
v 0.003578 0.297097 0.002030
v 0.003578 0.298597 0.003530
v 0.005078 0.297097 0.003530
v 0.003578 0.297097 0.047856
v 0.003578 0.298597 0.046356
v 0.005078 0.297097 0.046356
v 0.021606 0.286633 -0.171246
v 0.055685 0.286633 -0.171246
v 0.055685 0.316625 -0.171246
v 0.021606 0.316625 -0.171246
v 0.055685 0.286633 -0.212782
v 0.021606 0.286633 -0.212782
v 0.021606 0.316625 -0.212782
v 0.055685 0.316625 -0.212782
v 0.021606 0.318125 -0.211282
v 0.055685 0.318125 -0.211282
v 0.055685 0.318125 -0.172746
v 0.021606 0.318125 -0.172746
v 0.021606 0.285133 -0.172746
v 0.055685 0.285133 -0.172746
v 0.055685 0.285133 -0.211282
v 0.021606 0.285133 -0.211282
v 0.057185 0.286633 -0.211282
v 0.057185 0.286633 -0.172746
v 0.057185 0.316625 -0.172746
v 0.057185 0.316625 -0.211282
v 0.020106 0.286633 -0.172746
v 0.020106 0.286633 -0.211282
v 0.020106 0.316625 -0.211282
v 0.020106 0.316625 -0.172746
v 0.021606 0.318125 -0.172746
v 0.055685 0.318125 -0.172746
v 0.055685 0.316625 -0.171246
v 0.021606 0.316625 -0.171246
v 0.021606 0.318125 -0.211282
v 0.055685 0.318125 -0.211282
v 0.055685 0.316625 -0.212782
v 0.021606 0.316625 -0.212782
v 0.021606 0.285133 -0.172746
v 0.055685 0.285133 -0.172746
v 0.055685 0.286633 -0.171246
v 0.021606 0.286633 -0.171246
v 0.021606 0.285133 -0.211282
v 0.055685 0.285133 -0.211282
v 0.055685 0.286633 -0.212782
v 0.021606 0.286633 -0.212782
v 0.057185 0.286633 -0.172746
v 0.057185 0.316625 -0.172746
v 0.055685 0.316625 -0.171246
v 0.055685 0.286633 -0.171246
v 0.057185 0.286633 -0.211282
v 0.057185 0.316625 -0.211282
v 0.055685 0.316625 -0.212782
v 0.055685 0.286633 -0.212782
v 0.020106 0.286633 -0.172746
v 0.020106 0.316625 -0.172746
v 0.021606 0.316625 -0.171246
v 0.021606 0.286633 -0.171246
v 0.020106 0.286633 -0.211282
v 0.020106 0.316625 -0.211282
v 0.021606 0.316625 -0.212782
v 0.021606 0.286633 -0.212782
v 0.057185 0.316625 -0.211282
v 0.057185 0.316625 -0.172746
v 0.055685 0.318125 -0.172746
v 0.055685 0.318125 -0.211282
v 0.057185 0.286633 -0.211282
v 0.057185 0.286633 -0.172746
v 0.055685 0.285133 -0.172746
v 0.055685 0.285133 -0.211282
v 0.020106 0.316625 -0.211282
v 0.020106 0.316625 -0.172746
v 0.021606 0.318125 -0.172746
v 0.021606 0.318125 -0.211282
v 0.020106 0.286633 -0.211282
v 0.020106 0.286633 -0.172746
v 0.021606 0.285133 -0.172746
v 0.021606 0.285133 -0.211282
v 0.021606 0.286633 -0.212782
v 0.021606 0.285133 -0.211282
v 0.020106 0.286633 -0.211282
v 0.021606 0.286633 -0.171246
v 0.021606 0.285133 -0.172746
v 0.020106 0.286633 -0.172746
v 0.021606 0.316625 -0.212782
v 0.021606 0.318125 -0.211282
v 0.020106 0.316625 -0.211282
v 0.021606 0.316625 -0.171246
v 0.021606 0.318125 -0.172746
v 0.020106 0.316625 -0.172746
v 0.055685 0.286633 -0.212782
v 0.055685 0.285133 -0.211282
v 0.057185 0.286633 -0.211282
v 0.055685 0.286633 -0.171246
v 0.055685 0.285133 -0.172746
v 0.057185 0.286633 -0.172746
v 0.055685 0.316625 -0.212782
v 0.055685 0.318125 -0.211282
v 0.057185 0.316625 -0.211282
v 0.055685 0.316625 -0.171246
v 0.055685 0.318125 -0.172746
v 0.057185 0.316625 -0.172746
v 0.285164 0.117042 0.617016
v 0.319466 0.117042 0.617016
v 0.319466 0.141940 0.617016
v 0.285164 0.141940 0.617016
v 0.319466 0.117042 0.583133
v 0.285164 0.117042 0.583133
v 0.285164 0.141940 0.583133
v 0.319466 0.141940 0.583133
v 0.285164 0.143440 0.584633
v 0.319466 0.143440 0.584633
v 0.319466 0.143440 0.615516
v 0.285164 0.143440 0.615516
v 0.285164 0.115542 0.615516
v 0.319466 0.115542 0.615516
v 0.319466 0.115542 0.584633
v 0.285164 0.115542 0.584633
v 0.320966 0.117042 0.584633
v 0.320966 0.117042 0.615516
v 0.320966 0.141940 0.615516
v 0.320966 0.141940 0.584633
v 0.283664 0.117042 0.615516
v 0.283664 0.117042 0.584633
v 0.283664 0.141940 0.584633
v 0.283664 0.141940 0.615516
v 0.285164 0.143440 0.615516
v 0.319466 0.143440 0.615516
v 0.319466 0.141940 0.617016
v 0.285164 0.141940 0.617016
v 0.285164 0.143440 0.584633
v 0.319466 0.143440 0.584633
v 0.319466 0.141940 0.583133
v 0.285164 0.141940 0.583133
v 0.285164 0.115542 0.615516
v 0.319466 0.115542 0.615516
v 0.319466 0.117042 0.617016
v 0.285164 0.117042 0.617016
v 0.285164 0.115542 0.584633
v 0.319466 0.115542 0.584633
v 0.319466 0.117042 0.583133
v 0.285164 0.117042 0.583133
v 0.320966 0.117042 0.615516
v 0.320966 0.141940 0.615516
v 0.319466 0.141940 0.617016
v 0.319466 0.117042 0.617016
v 0.320966 0.117042 0.584633
v 0.320966 0.141940 0.584633
v 0.319466 0.141940 0.583133
v 0.319466 0.117042 0.583133
v 0.283664 0.117042 0.615516
v 0.283664 0.141940 0.615516
v 0.285164 0.141940 0.617016
v 0.285164 0.117042 0.617016
v 0.283664 0.117042 0.584633
v 0.283664 0.141940 0.584633
v 0.285164 0.141940 0.583133
v 0.285164 0.117042 0.583133
v 0.320966 0.141940 0.584633
v 0.320966 0.141940 0.615516
v 0.319466 0.143440 0.615516
v 0.319466 0.143440 0.584633
v 0.320966 0.117042 0.584633
v 0.320966 0.117042 0.615516
v 0.319466 0.115542 0.615516
v 0.319466 0.115542 0.584633
v 0.283664 0.141940 0.584633
v 0.283664 0.141940 0.615516
v 0.285164 0.143440 0.615516
v 0.285164 0.143440 0.584633
v 0.283664 0.117042 0.584633
v 0.283664 0.117042 0.615516
v 0.285164 0.115542 0.615516
v 0.285164 0.115542 0.584633
v 0.285164 0.117042 0.583133
v 0.285164 0.115542 0.584633
v 0.283664 0.117042 0.584633
v 0.285164 0.117042 0.617016
v 0.285164 0.115542 0.615516
v 0.283664 0.117042 0.615516
v 0.285164 0.141940 0.583133
v 0.285164 0.143440 0.584633
v 0.283664 0.141940 0.584633
v 0.285164 0.141940 0.617016
v 0.285164 0.143440 0.615516
v 0.283664 0.141940 0.615516
v 0.319466 0.117042 0.583133
v 0.319466 0.115542 0.584633
v 0.320966 0.117042 0.584633
v 0.319466 0.117042 0.617016
v 0.319466 0.115542 0.615516
v 0.320966 0.117042 0.615516
v 0.319466 0.141940 0.583133
v 0.319466 0.143440 0.584633
v 0.320966 0.141940 0.584633
v 0.319466 0.141940 0.617016
v 0.319466 0.143440 0.615516
v 0.320966 0.141940 0.615516
v 0.366010 0.085269 -0.422042
v 0.416005 0.085269 -0.422042
v 0.416005 0.127716 -0.422042
v 0.366010 0.127716 -0.422042
v 0.416005 0.085269 -0.461151
v 0.366010 0.085269 -0.461151
v 0.366010 0.127716 -0.461151
v 0.416005 0.127716 -0.461151
v 0.366010 0.129216 -0.459651
v 0.416005 0.129216 -0.459651
v 0.416005 0.129216 -0.423542
v 0.366010 0.129216 -0.423542
v 0.366010 0.083769 -0.423542
v 0.416005 0.083769 -0.423542
v 0.416005 0.083769 -0.459651
v 0.366010 0.083769 -0.459651
v 0.417505 0.085269 -0.459651
v 0.417505 0.085269 -0.423542
v 0.417505 0.127716 -0.423542
v 0.417505 0.127716 -0.459651
v 0.364510 0.085269 -0.423542
v 0.364510 0.085269 -0.459651
v 0.364510 0.127716 -0.459651
v 0.364510 0.127716 -0.423542
v 0.366010 0.129216 -0.423542
v 0.416005 0.129216 -0.423542
v 0.416005 0.127716 -0.422042
v 0.366010 0.127716 -0.422042
v 0.366010 0.129216 -0.459651
v 0.416005 0.129216 -0.459651
v 0.416005 0.127716 -0.461151
v 0.366010 0.127716 -0.461151
v 0.366010 0.083769 -0.423542
v 0.416005 0.083769 -0.423542
v 0.416005 0.085269 -0.422042
v 0.366010 0.085269 -0.422042
v 0.366010 0.083769 -0.459651
v 0.416005 0.083769 -0.459651
v 0.416005 0.085269 -0.461151
v 0.366010 0.085269 -0.461151
v 0.417505 0.085269 -0.423542
v 0.417505 0.127716 -0.423542
v 0.416005 0.127716 -0.422042
v 0.416005 0.085269 -0.422042
v 0.417505 0.085269 -0.459651
v 0.417505 0.127716 -0.459651
v 0.416005 0.127716 -0.461151
v 0.416005 0.085269 -0.461151
v 0.364510 0.085269 -0.423542
v 0.364510 0.127716 -0.423542
v 0.366010 0.127716 -0.422042
v 0.366010 0.085269 -0.422042
v 0.364510 0.085269 -0.459651
v 0.364510 0.127716 -0.459651
v 0.366010 0.127716 -0.461151
v 0.366010 0.085269 -0.461151
v 0.417505 0.127716 -0.459651
v 0.417505 0.127716 -0.423542
v 0.416005 0.129216 -0.423542
v 0.416005 0.129216 -0.459651
v 0.417505 0.085269 -0.459651
v 0.417505 0.085269 -0.423542
v 0.416005 0.083769 -0.423542
v 0.416005 0.083769 -0.459651
v 0.364510 0.127716 -0.459651
v 0.364510 0.127716 -0.423542
v 0.366010 0.129216 -0.423542
v 0.366010 0.129216 -0.459651
v 0.364510 0.085269 -0.459651
v 0.364510 0.085269 -0.423542
v 0.366010 0.083769 -0.423542
v 0.366010 0.083769 -0.459651
v 0.366010 0.085269 -0.461151
v 0.366010 0.083769 -0.459651
v 0.364510 0.085269 -0.459651
v 0.366010 0.085269 -0.422042
v 0.366010 0.083769 -0.423542
v 0.364510 0.085269 -0.423542
v 0.366010 0.127716 -0.461151
v 0.366010 0.129216 -0.459651
v 0.364510 0.127716 -0.459651
v 0.366010 0.127716 -0.422042
v 0.366010 0.129216 -0.423542
v 0.364510 0.127716 -0.423542
v 0.416005 0.085269 -0.461151
v 0.416005 0.083769 -0.459651
v 0.417505 0.085269 -0.459651
v 0.416005 0.085269 -0.422042
v 0.416005 0.083769 -0.423542
v 0.417505 0.085269 -0.423542
v 0.416005 0.127716 -0.461151
v 0.416005 0.129216 -0.459651
v 0.417505 0.127716 -0.459651
v 0.416005 0.127716 -0.422042
v 0.416005 0.129216 -0.423542
v 0.417505 0.127716 -0.423542
v 0.017008 0.162755 0.008929
v 0.051945 0.162755 0.008929
v 0.051945 0.184358 0.008929
v 0.017008 0.184358 0.008929
v 0.051945 0.162755 -0.022192
v 0.017008 0.162755 -0.022192
v 0.017008 0.184358 -0.022192
v 0.051945 0.184358 -0.022192
v 0.017008 0.185858 -0.020692
v 0.051945 0.185858 -0.020692
v 0.051945 0.185858 0.007429
v 0.017008 0.185858 0.007429
v 0.017008 0.161255 0.007429
v 0.051945 0.161255 0.007429
v 0.051945 0.161255 -0.020692
v 0.017008 0.161255 -0.020692
v 0.053445 0.162755 -0.020692
v 0.053445 0.162755 0.007429
v 0.053445 0.184358 0.007429
v 0.053445 0.184358 -0.020692
v 0.015508 0.162755 0.007429
v 0.015508 0.162755 -0.020692
v 0.015508 0.184358 -0.020692
v 0.015508 0.184358 0.007429
v 0.017008 0.185858 0.007429
v 0.051945 0.185858 0.007429
v 0.051945 0.184358 0.008929
v 0.017008 0.184358 0.008929
v 0.017008 0.185858 -0.020692
v 0.051945 0.185858 -0.020692
v 0.051945 0.184358 -0.022192
v 0.017008 0.184358 -0.022192
v 0.017008 0.161255 0.007429
v 0.051945 0.161255 0.007429
v 0.051945 0.162755 0.008929
v 0.017008 0.162755 0.008929
v 0.017008 0.161255 -0.020692
v 0.051945 0.161255 -0.020692
v 0.051945 0.162755 -0.022192
v 0.017008 0.162755 -0.022192
v 0.053445 0.162755 0.007429
v 0.053445 0.184358 0.007429
v 0.051945 0.184358 0.008929
v 0.051945 0.162755 0.008929
v 0.053445 0.162755 -0.020692
v 0.053445 0.184358 -0.020692
v 0.051945 0.184358 -0.022192
v 0.051945 0.162755 -0.022192
v 0.015508 0.162755 0.007429
v 0.015508 0.184358 0.007429
v 0.017008 0.184358 0.008929
v 0.017008 0.162755 0.008929
v 0.015508 0.162755 -0.020692
v 0.015508 0.184358 -0.020692
v 0.017008 0.184358 -0.022192
v 0.017008 0.162755 -0.022192
v 0.053445 0.184358 -0.020692
v 0.053445 0.184358 0.007429
v 0.051945 0.185858 0.007429
v 0.051945 0.185858 -0.020692
v 0.053445 0.162755 -0.020692
v 0.053445 0.162755 0.007429
v 0.051945 0.161255 0.007429
v 0.051945 0.161255 -0.020692
v 0.015508 0.184358 -0.020692
v 0.015508 0.184358 0.007429
v 0.017008 0.185858 0.007429
v 0.017008 0.185858 -0.020692
v 0.015508 0.162755 -0.020692
v 0.015508 0.162755 0.007429
v 0.017008 0.161255 0.007429
v 0.017008 0.161255 -0.020692
v 0.017008 0.162755 -0.022192
v 0.017008 0.161255 -0.020692
v 0.015508 0.162755 -0.020692
v 0.017008 0.162755 0.008929
v 0.017008 0.161255 0.007429
v 0.015508 0.162755 0.007429
v 0.017008 0.184358 -0.022192
v 0.017008 0.185858 -0.020692
v 0.015508 0.184358 -0.020692
v 0.017008 0.184358 0.008929
v 0.017008 0.185858 0.007429
v 0.015508 0.184358 0.007429
v 0.051945 0.162755 -0.022192
v 0.051945 0.161255 -0.020692
v 0.053445 0.162755 -0.020692
v 0.051945 0.162755 0.008929
v 0.051945 0.161255 0.007429
v 0.053445 0.162755 0.007429
v 0.051945 0.184358 -0.022192
v 0.051945 0.185858 -0.020692
v 0.053445 0.184358 -0.020692
v 0.051945 0.184358 0.008929
v 0.051945 0.185858 0.007429
v 0.053445 0.184358 0.007429
v 0.078651 0.075639 -0.721015
v 0.112738 0.075639 -0.721015
v 0.112738 0.108958 -0.721015
v 0.078651 0.108958 -0.721015
v 0.112738 0.075639 -0.753945
v 0.078651 0.075639 -0.753945
v 0.078651 0.108958 -0.753945
v 0.112738 0.108958 -0.753945
v 0.078651 0.110458 -0.752445
v 0.112738 0.110458 -0.752445
v 0.112738 0.110458 -0.722515
v 0.078651 0.110458 -0.722515
v 0.078651 0.074139 -0.722515
v 0.112738 0.074139 -0.722515
v 0.112738 0.074139 -0.752445
v 0.078651 0.074139 -0.752445
v 0.114238 0.075639 -0.752445
v 0.114238 0.075639 -0.722515
v 0.114238 0.108958 -0.722515
v 0.114238 0.108958 -0.752445
v 0.077151 0.075639 -0.722515
v 0.077151 0.075639 -0.752445
v 0.077151 0.108958 -0.752445
v 0.077151 0.108958 -0.722515
v 0.078651 0.110458 -0.722515
v 0.112738 0.110458 -0.722515
v 0.112738 0.108958 -0.721015
v 0.078651 0.108958 -0.721015
v 0.078651 0.110458 -0.752445
v 0.112738 0.110458 -0.752445
v 0.112738 0.108958 -0.753945
v 0.078651 0.108958 -0.753945
v 0.078651 0.074139 -0.722515
v 0.112738 0.074139 -0.722515
v 0.112738 0.075639 -0.721015
v 0.078651 0.075639 -0.721015
v 0.078651 0.074139 -0.752445
v 0.112738 0.074139 -0.752445
v 0.112738 0.075639 -0.753945
v 0.078651 0.075639 -0.753945
v 0.114238 0.075639 -0.722515
v 0.114238 0.108958 -0.722515
v 0.112738 0.108958 -0.721015
v 0.112738 0.075639 -0.721015
v 0.114238 0.075639 -0.752445
v 0.114238 0.108958 -0.752445
v 0.112738 0.108958 -0.753945
v 0.112738 0.075639 -0.753945
v 0.077151 0.075639 -0.722515
v 0.077151 0.108958 -0.722515
v 0.078651 0.108958 -0.721015
v 0.078651 0.075639 -0.721015
v 0.077151 0.075639 -0.752445
v 0.077151 0.108958 -0.752445
v 0.078651 0.108958 -0.753945
v 0.078651 0.075639 -0.753945
v 0.114238 0.108958 -0.752445
v 0.114238 0.108958 -0.722515
v 0.112738 0.110458 -0.722515
v 0.112738 0.110458 -0.752445
v 0.114238 0.075639 -0.752445
v 0.114238 0.075639 -0.722515
v 0.112738 0.074139 -0.722515
v 0.112738 0.074139 -0.752445
v 0.077151 0.108958 -0.752445
v 0.077151 0.108958 -0.722515
v 0.078651 0.110458 -0.722515
v 0.078651 0.110458 -0.752445
v 0.077151 0.075639 -0.752445
v 0.077151 0.075639 -0.722515
v 0.078651 0.074139 -0.722515
v 0.078651 0.074139 -0.752445
v 0.078651 0.075639 -0.753945
v 0.078651 0.074139 -0.752445
v 0.077151 0.075639 -0.752445
v 0.078651 0.075639 -0.721015
v 0.078651 0.074139 -0.722515
v 0.077151 0.075639 -0.722515
v 0.078651 0.108958 -0.753945
v 0.078651 0.110458 -0.752445
v 0.077151 0.108958 -0.752445
v 0.078651 0.108958 -0.721015
v 0.078651 0.110458 -0.722515
v 0.077151 0.108958 -0.722515
v 0.112738 0.075639 -0.753945
v 0.112738 0.074139 -0.752445
v 0.114238 0.075639 -0.752445
v 0.112738 0.075639 -0.721015
v 0.112738 0.074139 -0.722515
v 0.114238 0.075639 -0.722515
v 0.112738 0.108958 -0.753945
v 0.112738 0.110458 -0.752445
v 0.114238 0.108958 -0.752445
v 0.112738 0.108958 -0.721015
v 0.112738 0.110458 -0.722515
v 0.114238 0.108958 -0.722515
v -0.056526 0.106642 -0.174632
v -0.035273 0.106642 -0.174632
v -0.035273 0.124976 -0.174632
v -0.056526 0.124976 -0.174632
v -0.035273 0.106642 -0.192009
v -0.056526 0.106642 -0.192009
v -0.056526 0.124976 -0.192009
v -0.035273 0.124976 -0.192009
v -0.056526 0.126476 -0.190509
v -0.035273 0.126476 -0.190509
v -0.035273 0.126476 -0.176132
v -0.056526 0.126476 -0.176132
v -0.056526 0.105142 -0.176132
v -0.035273 0.105142 -0.176132
v -0.035273 0.105142 -0.190509
v -0.056526 0.105142 -0.190509
v -0.033773 0.106642 -0.190509
v -0.033773 0.106642 -0.176132
v -0.033773 0.124976 -0.176132
v -0.033773 0.124976 -0.190509
v -0.058026 0.106642 -0.176132
v -0.058026 0.106642 -0.190509
v -0.058026 0.124976 -0.190509
v -0.058026 0.124976 -0.176132
v -0.056526 0.126476 -0.176132
v -0.035273 0.126476 -0.176132
v -0.035273 0.124976 -0.174632
v -0.056526 0.124976 -0.174632
v -0.056526 0.126476 -0.190509
v -0.035273 0.126476 -0.190509
v -0.035273 0.124976 -0.192009
v -0.056526 0.124976 -0.192009
v -0.056526 0.105142 -0.176132
v -0.035273 0.105142 -0.176132
v -0.035273 0.106642 -0.174632
v -0.056526 0.106642 -0.174632
v -0.056526 0.105142 -0.190509
v -0.035273 0.105142 -0.190509
v -0.035273 0.106642 -0.192009
v -0.056526 0.106642 -0.192009
v -0.033773 0.106642 -0.176132
v -0.033773 0.124976 -0.176132
v -0.035273 0.124976 -0.174632
v -0.035273 0.106642 -0.174632
v -0.033773 0.106642 -0.190509
v -0.033773 0.124976 -0.190509
v -0.035273 0.124976 -0.192009
v -0.035273 0.106642 -0.192009
v -0.058026 0.106642 -0.176132
v -0.058026 0.124976 -0.176132
v -0.056526 0.124976 -0.174632
v -0.056526 0.106642 -0.174632
v -0.058026 0.106642 -0.190509
v -0.058026 0.124976 -0.190509
v -0.056526 0.124976 -0.192009
v -0.056526 0.106642 -0.192009
v -0.033773 0.124976 -0.190509
v -0.033773 0.124976 -0.176132
v -0.035273 0.126476 -0.176132
v -0.035273 0.126476 -0.190509
v -0.033773 0.106642 -0.190509
v -0.033773 0.106642 -0.176132
v -0.035273 0.105142 -0.176132
v -0.035273 0.105142 -0.190509
v -0.058026 0.124976 -0.190509
v -0.058026 0.124976 -0.176132
v -0.056526 0.126476 -0.176132
v -0.056526 0.126476 -0.190509
v -0.058026 0.106642 -0.190509
v -0.058026 0.106642 -0.176132
v -0.056526 0.105142 -0.176132
v -0.056526 0.105142 -0.190509
v -0.056526 0.106642 -0.192009
v -0.056526 0.105142 -0.190509
v -0.058026 0.106642 -0.190509
v -0.056526 0.106642 -0.174632
v -0.056526 0.105142 -0.176132
v -0.058026 0.106642 -0.176132
v -0.056526 0.124976 -0.192009
v -0.056526 0.126476 -0.190509
v -0.058026 0.124976 -0.190509
v -0.056526 0.124976 -0.174632
v -0.056526 0.126476 -0.176132
v -0.058026 0.124976 -0.176132
v -0.035273 0.106642 -0.192009
v -0.035273 0.105142 -0.190509
v -0.033773 0.106642 -0.190509
v -0.035273 0.106642 -0.174632
v -0.035273 0.105142 -0.176132
v -0.033773 0.106642 -0.176132
v -0.035273 0.124976 -0.192009
v -0.035273 0.126476 -0.190509
v -0.033773 0.124976 -0.190509
v -0.035273 0.124976 -0.174632
v -0.035273 0.126476 -0.176132
v -0.033773 0.124976 -0.176132
v 0.222337 0.103557 -0.574365
v 0.255530 0.103557 -0.574365
v 0.255530 0.129483 -0.574365
v 0.222337 0.129483 -0.574365
v 0.255530 0.103557 -0.612610
v 0.222337 0.103557 -0.612610
v 0.222337 0.129483 -0.612610
v 0.255530 0.129483 -0.612610
v 0.222337 0.130983 -0.611110
v 0.255530 0.130983 -0.611110
v 0.255530 0.130983 -0.575865
v 0.222337 0.130983 -0.575865
v 0.222337 0.102057 -0.575865
v 0.255530 0.102057 -0.575865
v 0.255530 0.102057 -0.611110
v 0.222337 0.102057 -0.611110
v 0.257030 0.103557 -0.611110
v 0.257030 0.103557 -0.575865
v 0.257030 0.129483 -0.575865
v 0.257030 0.129483 -0.611110
v 0.220837 0.103557 -0.575865
v 0.220837 0.103557 -0.611110
v 0.220837 0.129483 -0.611110
v 0.220837 0.129483 -0.575865
v 0.222337 0.130983 -0.575865
v 0.255530 0.130983 -0.575865
v 0.255530 0.129483 -0.574365
v 0.222337 0.129483 -0.574365
v 0.222337 0.130983 -0.611110
v 0.255530 0.130983 -0.611110
v 0.255530 0.129483 -0.612610
v 0.222337 0.129483 -0.612610
v 0.222337 0.102057 -0.575865
v 0.255530 0.102057 -0.575865
v 0.255530 0.103557 -0.574365
v 0.222337 0.103557 -0.574365
v 0.222337 0.102057 -0.611110
v 0.255530 0.102057 -0.611110
v 0.255530 0.103557 -0.612610
v 0.222337 0.103557 -0.612610
v 0.257030 0.103557 -0.575865
v 0.257030 0.129483 -0.575865
v 0.255530 0.129483 -0.574365
v 0.255530 0.103557 -0.574365
v 0.257030 0.103557 -0.611110
v 0.257030 0.129483 -0.611110
v 0.255530 0.129483 -0.612610
v 0.255530 0.103557 -0.612610
v 0.220837 0.103557 -0.575865
v 0.220837 0.129483 -0.575865
v 0.222337 0.129483 -0.574365
v 0.222337 0.103557 -0.574365
v 0.220837 0.103557 -0.611110
v 0.220837 0.129483 -0.611110
v 0.222337 0.129483 -0.612610
v 0.222337 0.103557 -0.612610
v 0.257030 0.129483 -0.611110
v 0.257030 0.129483 -0.575865
v 0.255530 0.130983 -0.575865
v 0.255530 0.130983 -0.611110
v 0.257030 0.103557 -0.611110
v 0.257030 0.103557 -0.575865
v 0.255530 0.102057 -0.575865
v 0.255530 0.102057 -0.611110
v 0.220837 0.129483 -0.611110
v 0.220837 0.129483 -0.575865
v 0.222337 0.130983 -0.575865
v 0.222337 0.130983 -0.611110
v 0.220837 0.103557 -0.611110
v 0.220837 0.103557 -0.575865
v 0.222337 0.102057 -0.575865
v 0.222337 0.102057 -0.611110
v 0.222337 0.103557 -0.612610
v 0.222337 0.102057 -0.611110
v 0.220837 0.103557 -0.611110
v 0.222337 0.103557 -0.574365
v 0.222337 0.102057 -0.575865
v 0.220837 0.103557 -0.575865
v 0.222337 0.129483 -0.612610
v 0.222337 0.130983 -0.611110
v 0.220837 0.129483 -0.611110
v 0.222337 0.129483 -0.574365
v 0.222337 0.130983 -0.575865
v 0.220837 0.129483 -0.575865
v 0.255530 0.103557 -0.612610
v 0.255530 0.102057 -0.611110
v 0.257030 0.103557 -0.611110
v 0.255530 0.103557 -0.574365
v 0.255530 0.102057 -0.575865
v 0.257030 0.103557 -0.575865
v 0.255530 0.129483 -0.612610
v 0.255530 0.130983 -0.611110
v 0.257030 0.129483 -0.611110
v 0.255530 0.129483 -0.574365
v 0.255530 0.130983 -0.575865
v 0.257030 0.129483 -0.575865
v -0.090640 0.101315 -0.122972
v -0.039881 0.101315 -0.122972
v -0.039881 0.134784 -0.122972
v -0.090640 0.134784 -0.122972
v -0.039881 0.101315 -0.179197
v -0.090640 0.101315 -0.179197
v -0.090640 0.134784 -0.179197
v -0.039881 0.134784 -0.179197
v -0.090640 0.136284 -0.177697
v -0.039881 0.136284 -0.177697
v -0.039881 0.136284 -0.124472
v -0.090640 0.136284 -0.124472
v -0.090640 0.099815 -0.124472
v -0.039881 0.099815 -0.124472
v -0.039881 0.099815 -0.177697
v -0.090640 0.099815 -0.177697
v -0.038381 0.101315 -0.177697
v -0.038381 0.101315 -0.124472
v -0.038381 0.134784 -0.124472
v -0.038381 0.134784 -0.177697
v -0.092140 0.101315 -0.124472
v -0.092140 0.101315 -0.177697
v -0.092140 0.134784 -0.177697
v -0.092140 0.134784 -0.124472
v -0.090640 0.136284 -0.124472
v -0.039881 0.136284 -0.124472
v -0.039881 0.134784 -0.122972
v -0.090640 0.134784 -0.122972
v -0.090640 0.136284 -0.177697
v -0.039881 0.136284 -0.177697
v -0.039881 0.134784 -0.179197
v -0.090640 0.134784 -0.179197
v -0.090640 0.099815 -0.124472
v -0.039881 0.099815 -0.124472
v -0.039881 0.101315 -0.122972
v -0.090640 0.101315 -0.122972
v -0.090640 0.099815 -0.177697
v -0.039881 0.099815 -0.177697
v -0.039881 0.101315 -0.179197
v -0.090640 0.101315 -0.179197
v -0.038381 0.101315 -0.124472
v -0.038381 0.134784 -0.124472
v -0.039881 0.134784 -0.122972
v -0.039881 0.101315 -0.122972
v -0.038381 0.101315 -0.177697
v -0.038381 0.134784 -0.177697
v -0.039881 0.134784 -0.179197
v -0.039881 0.101315 -0.179197
v -0.092140 0.101315 -0.124472
v -0.092140 0.134784 -0.124472
v -0.090640 0.134784 -0.122972
v -0.090640 0.101315 -0.122972
v -0.092140 0.101315 -0.177697
v -0.092140 0.134784 -0.177697
v -0.090640 0.134784 -0.179197
v -0.090640 0.101315 -0.179197
v -0.038381 0.134784 -0.177697
v -0.038381 0.134784 -0.124472
v -0.039881 0.136284 -0.124472
v -0.039881 0.136284 -0.177697
v -0.038381 0.101315 -0.177697
v -0.038381 0.101315 -0.124472
v -0.039881 0.099815 -0.124472
v -0.039881 0.099815 -0.177697
v -0.092140 0.134784 -0.177697
v -0.092140 0.134784 -0.124472
v -0.090640 0.136284 -0.124472
v -0.090640 0.136284 -0.177697
v -0.092140 0.101315 -0.177697
v -0.092140 0.101315 -0.124472
v -0.090640 0.099815 -0.124472
v -0.090640 0.099815 -0.177697
v -0.090640 0.101315 -0.179197
v -0.090640 0.099815 -0.177697
v -0.092140 0.101315 -0.177697
v -0.090640 0.101315 -0.122972
v -0.090640 0.099815 -0.124472
v -0.092140 0.101315 -0.124472
v -0.090640 0.134784 -0.179197
v -0.090640 0.136284 -0.177697
v -0.092140 0.134784 -0.177697
v -0.090640 0.134784 -0.122972
v -0.090640 0.136284 -0.124472
v -0.092140 0.134784 -0.124472
v -0.039881 0.101315 -0.179197
v -0.039881 0.099815 -0.177697
v -0.038381 0.101315 -0.177697
v -0.039881 0.101315 -0.122972
v -0.039881 0.099815 -0.124472
v -0.038381 0.101315 -0.124472
v -0.039881 0.134784 -0.179197
v -0.039881 0.136284 -0.177697
v -0.038381 0.134784 -0.177697
v -0.039881 0.134784 -0.122972
v -0.039881 0.136284 -0.124472
v -0.038381 0.134784 -0.124472
v -0.025300 0.090018 0.034780
v 0.015711 0.090018 0.034780
v 0.015711 0.111376 0.034780
v -0.025300 0.111376 0.034780
v 0.015711 0.090018 0.002384
v -0.025300 0.090018 0.002384
v -0.025300 0.111376 0.002384
v 0.015711 0.111376 0.002384
v -0.025300 0.112876 0.003884
v 0.015711 0.112876 0.003884
v 0.015711 0.112876 0.033280
v -0.025300 0.112876 0.033280
v -0.025300 0.088518 0.033280
v 0.015711 0.088518 0.033280
v 0.015711 0.088518 0.003884
v -0.025300 0.088518 0.003884
v 0.017211 0.090018 0.003884
v 0.017211 0.090018 0.033280
v 0.017211 0.111376 0.033280
v 0.017211 0.111376 0.003884
v -0.026800 0.090018 0.033280
v -0.026800 0.090018 0.003884
v -0.026800 0.111376 0.003884
v -0.026800 0.111376 0.033280
v -0.025300 0.112876 0.033280
v 0.015711 0.112876 0.033280
v 0.015711 0.111376 0.034780
v -0.025300 0.111376 0.034780
v -0.025300 0.112876 0.003884
v 0.015711 0.112876 0.003884
v 0.015711 0.111376 0.002384
v -0.025300 0.111376 0.002384
v -0.025300 0.088518 0.033280
v 0.015711 0.088518 0.033280
v 0.015711 0.090018 0.034780
v -0.025300 0.090018 0.034780
v -0.025300 0.088518 0.003884
v 0.015711 0.088518 0.003884
v 0.015711 0.090018 0.002384
v -0.025300 0.090018 0.002384
v 0.017211 0.090018 0.033280
v 0.017211 0.111376 0.033280
v 0.015711 0.111376 0.034780
v 0.015711 0.090018 0.034780
v 0.017211 0.090018 0.003884
v 0.017211 0.111376 0.003884
v 0.015711 0.111376 0.002384
v 0.015711 0.090018 0.002384
v -0.026800 0.090018 0.033280
v -0.026800 0.111376 0.033280
v -0.025300 0.111376 0.034780
v -0.025300 0.090018 0.034780
v -0.026800 0.090018 0.003884
v -0.026800 0.111376 0.003884
v -0.025300 0.111376 0.002384
v -0.025300 0.090018 0.002384
v 0.017211 0.111376 0.003884
v 0.017211 0.111376 0.033280
v 0.015711 0.112876 0.033280
v 0.015711 0.112876 0.003884
v 0.017211 0.090018 0.003884
v 0.017211 0.090018 0.033280
v 0.015711 0.088518 0.033280
v 0.015711 0.088518 0.003884
v -0.026800 0.111376 0.003884
v -0.026800 0.111376 0.033280
v -0.025300 0.112876 0.033280
v -0.025300 0.112876 0.003884
v -0.026800 0.090018 0.003884
v -0.026800 0.090018 0.033280
v -0.025300 0.088518 0.033280
v -0.025300 0.088518 0.003884
v -0.025300 0.090018 0.002384
v -0.025300 0.088518 0.003884
v -0.026800 0.090018 0.003884
v -0.025300 0.090018 0.034780
v -0.025300 0.088518 0.033280
v -0.026800 0.090018 0.033280
v -0.025300 0.111376 0.002384
v -0.025300 0.112876 0.003884
v -0.026800 0.111376 0.003884
v -0.025300 0.111376 0.034780
v -0.025300 0.112876 0.033280
v -0.026800 0.111376 0.033280
v 0.015711 0.090018 0.002384
v 0.015711 0.088518 0.003884
v 0.017211 0.090018 0.003884
v 0.015711 0.090018 0.034780
v 0.015711 0.088518 0.033280
v 0.017211 0.090018 0.033280
v 0.015711 0.111376 0.002384
v 0.015711 0.112876 0.003884
v 0.017211 0.111376 0.003884
v 0.015711 0.111376 0.034780
v 0.015711 0.112876 0.033280
v 0.017211 0.111376 0.033280
v -0.356263 0.245155 -0.028641
v -0.328468 0.245155 -0.028641
v -0.328468 0.268380 -0.028641
v -0.356263 0.268380 -0.028641
v -0.328468 0.245155 -0.063573
v -0.356263 0.245155 -0.063573
v -0.356263 0.268380 -0.063573
v -0.328468 0.268380 -0.063573
v -0.356263 0.269880 -0.062073
v -0.328468 0.269880 -0.062073
v -0.328468 0.269880 -0.030141
v -0.356263 0.269880 -0.030141
v -0.356263 0.243655 -0.030141
v -0.328468 0.243655 -0.030141
v -0.328468 0.243655 -0.062073
v -0.356263 0.243655 -0.062073
v -0.326968 0.245155 -0.062073
v -0.326968 0.245155 -0.030141
v -0.326968 0.268380 -0.030141
v -0.326968 0.268380 -0.062073
v -0.357763 0.245155 -0.030141
v -0.357763 0.245155 -0.062073
v -0.357763 0.268380 -0.062073
v -0.357763 0.268380 -0.030141
v -0.356263 0.269880 -0.030141
v -0.328468 0.269880 -0.030141
v -0.328468 0.268380 -0.028641
v -0.356263 0.268380 -0.028641
v -0.356263 0.269880 -0.062073
v -0.328468 0.269880 -0.062073
v -0.328468 0.268380 -0.063573
v -0.356263 0.268380 -0.063573
v -0.356263 0.243655 -0.030141
v -0.328468 0.243655 -0.030141
v -0.328468 0.245155 -0.028641
v -0.356263 0.245155 -0.028641
v -0.356263 0.243655 -0.062073
v -0.328468 0.243655 -0.062073
v -0.328468 0.245155 -0.063573
v -0.356263 0.245155 -0.063573
v -0.326968 0.245155 -0.030141
v -0.326968 0.268380 -0.030141
v -0.328468 0.268380 -0.028641
v -0.328468 0.245155 -0.028641
v -0.326968 0.245155 -0.062073
v -0.326968 0.268380 -0.062073
v -0.328468 0.268380 -0.063573
v -0.328468 0.245155 -0.063573
v -0.357763 0.245155 -0.030141
v -0.357763 0.268380 -0.030141
v -0.356263 0.268380 -0.028641
v -0.356263 0.245155 -0.028641
v -0.357763 0.245155 -0.062073
v -0.357763 0.268380 -0.062073
v -0.356263 0.268380 -0.063573
v -0.356263 0.245155 -0.063573
v -0.326968 0.268380 -0.062073
v -0.326968 0.268380 -0.030141
v -0.328468 0.269880 -0.030141
v -0.328468 0.269880 -0.062073
v -0.326968 0.245155 -0.062073
v -0.326968 0.245155 -0.030141
v -0.328468 0.243655 -0.030141
v -0.328468 0.243655 -0.062073
v -0.357763 0.268380 -0.062073
v -0.357763 0.268380 -0.030141
v -0.356263 0.269880 -0.030141
v -0.356263 0.269880 -0.062073
v -0.357763 0.245155 -0.062073
v -0.357763 0.245155 -0.030141
v -0.356263 0.243655 -0.030141
v -0.356263 0.243655 -0.062073
v -0.356263 0.245155 -0.063573
v -0.356263 0.243655 -0.062073
v -0.357763 0.245155 -0.062073
v -0.356263 0.245155 -0.028641
v -0.356263 0.243655 -0.030141
v -0.357763 0.245155 -0.030141
v -0.356263 0.268380 -0.063573
v -0.356263 0.269880 -0.062073
v -0.357763 0.268380 -0.062073
v -0.356263 0.268380 -0.028641
v -0.356263 0.269880 -0.030141
v -0.357763 0.268380 -0.030141
v -0.328468 0.245155 -0.063573
v -0.328468 0.243655 -0.062073
v -0.326968 0.245155 -0.062073
v -0.328468 0.245155 -0.028641
v -0.328468 0.243655 -0.030141
v -0.326968 0.245155 -0.030141
v -0.328468 0.268380 -0.063573
v -0.328468 0.269880 -0.062073
v -0.326968 0.268380 -0.062073
v -0.328468 0.268380 -0.028641
v -0.328468 0.269880 -0.030141
v -0.326968 0.268380 -0.030141
v -0.254985 0.222376 0.032882
v -0.234769 0.222376 0.032882
v -0.234769 0.231905 0.032882
v -0.254985 0.231905 0.032882
v -0.234769 0.222376 0.012945
v -0.254985 0.222376 0.012945
v -0.254985 0.231905 0.012945
v -0.234769 0.231905 0.012945
v -0.254985 0.233405 0.014445
v -0.234769 0.233405 0.014445
v -0.234769 0.233405 0.031382
v -0.254985 0.233405 0.031382
v -0.254985 0.220876 0.031382
v -0.234769 0.220876 0.031382
v -0.234769 0.220876 0.014445
v -0.254985 0.220876 0.014445
v -0.233269 0.222376 0.014445
v -0.233269 0.222376 0.031382
v -0.233269 0.231905 0.031382
v -0.233269 0.231905 0.014445
v -0.256485 0.222376 0.031382
v -0.256485 0.222376 0.014445
v -0.256485 0.231905 0.014445
v -0.256485 0.231905 0.031382
v -0.254985 0.233405 0.031382
v -0.234769 0.233405 0.031382
v -0.234769 0.231905 0.032882
v -0.254985 0.231905 0.032882
v -0.254985 0.233405 0.014445
v -0.234769 0.233405 0.014445
v -0.234769 0.231905 0.012945
v -0.254985 0.231905 0.012945
v -0.254985 0.220876 0.031382
v -0.234769 0.220876 0.031382
v -0.234769 0.222376 0.032882
v -0.254985 0.222376 0.032882
v -0.254985 0.220876 0.014445
v -0.234769 0.220876 0.014445
v -0.234769 0.222376 0.012945
v -0.254985 0.222376 0.012945
v -0.233269 0.222376 0.031382
v -0.233269 0.231905 0.031382
v -0.234769 0.231905 0.032882
v -0.234769 0.222376 0.032882
v -0.233269 0.222376 0.014445
v -0.233269 0.231905 0.014445
v -0.234769 0.231905 0.012945
v -0.234769 0.222376 0.012945
v -0.256485 0.222376 0.031382
v -0.256485 0.231905 0.031382
v -0.254985 0.231905 0.032882
v -0.254985 0.222376 0.032882
v -0.256485 0.222376 0.014445
v -0.256485 0.231905 0.014445
v -0.254985 0.231905 0.012945
v -0.254985 0.222376 0.012945
v -0.233269 0.231905 0.014445
v -0.233269 0.231905 0.031382
v -0.234769 0.233405 0.031382
v -0.234769 0.233405 0.014445
v -0.233269 0.222376 0.014445
v -0.233269 0.222376 0.031382
v -0.234769 0.220876 0.031382
v -0.234769 0.220876 0.014445
v -0.256485 0.231905 0.014445
v -0.256485 0.231905 0.031382
v -0.254985 0.233405 0.031382
v -0.254985 0.233405 0.014445
v -0.256485 0.222376 0.014445
v -0.256485 0.222376 0.031382
v -0.254985 0.220876 0.031382
v -0.254985 0.220876 0.014445
v -0.254985 0.222376 0.012945
v -0.254985 0.220876 0.014445
v -0.256485 0.222376 0.014445
v -0.254985 0.222376 0.032882
v -0.254985 0.220876 0.031382
v -0.256485 0.222376 0.031382
v -0.254985 0.231905 0.012945
v -0.254985 0.233405 0.014445
v -0.256485 0.231905 0.014445
v -0.254985 0.231905 0.032882
v -0.254985 0.233405 0.031382
v -0.256485 0.231905 0.031382
v -0.234769 0.222376 0.012945
v -0.234769 0.220876 0.014445
v -0.233269 0.222376 0.014445
v -0.234769 0.222376 0.032882
v -0.234769 0.220876 0.031382
v -0.233269 0.222376 0.031382
v -0.234769 0.231905 0.012945
v -0.234769 0.233405 0.014445
v -0.233269 0.231905 0.014445
v -0.234769 0.231905 0.032882
v -0.234769 0.233405 0.031382
v -0.233269 0.231905 0.031382
v -0.019221 0.135972 0.017849
v 0.027776 0.135972 0.017849
v 0.027776 0.160878 0.017849
v -0.019221 0.160878 0.017849
v 0.027776 0.135972 -0.025750
v -0.019221 0.135972 -0.025750
v -0.019221 0.160878 -0.025750
v 0.027776 0.160878 -0.025750
v -0.019221 0.162378 -0.024250
v 0.027776 0.162378 -0.024250
v 0.027776 0.162378 0.016349
v -0.019221 0.162378 0.016349
v -0.019221 0.134472 0.016349
v 0.027776 0.134472 0.016349
v 0.027776 0.134472 -0.024250
v -0.019221 0.134472 -0.024250
v 0.029276 0.135972 -0.024250
v 0.029276 0.135972 0.016349
v 0.029276 0.160878 0.016349
v 0.029276 0.160878 -0.024250
v -0.020721 0.135972 0.016349
v -0.020721 0.135972 -0.024250
v -0.020721 0.160878 -0.024250
v -0.020721 0.160878 0.016349
v -0.019221 0.162378 0.016349
v 0.027776 0.162378 0.016349
v 0.027776 0.160878 0.017849
v -0.019221 0.160878 0.017849
v -0.019221 0.162378 -0.024250
v 0.027776 0.162378 -0.024250
v 0.027776 0.160878 -0.025750
v -0.019221 0.160878 -0.025750
v -0.019221 0.134472 0.016349
v 0.027776 0.134472 0.016349
v 0.027776 0.135972 0.017849
v -0.019221 0.135972 0.017849
v -0.019221 0.134472 -0.024250
v 0.027776 0.134472 -0.024250
v 0.027776 0.135972 -0.025750
v -0.019221 0.135972 -0.025750
v 0.029276 0.135972 0.016349
v 0.029276 0.160878 0.016349
v 0.027776 0.160878 0.017849
v 0.027776 0.135972 0.017849
v 0.029276 0.135972 -0.024250
v 0.029276 0.160878 -0.024250
v 0.027776 0.160878 -0.025750
v 0.027776 0.135972 -0.025750
v -0.020721 0.135972 0.016349
v -0.020721 0.160878 0.016349
v -0.019221 0.160878 0.017849
v -0.019221 0.135972 0.017849
v -0.020721 0.135972 -0.024250
v -0.020721 0.160878 -0.024250
v -0.019221 0.160878 -0.025750
v -0.019221 0.135972 -0.025750
v 0.029276 0.160878 -0.024250
v 0.029276 0.160878 0.016349
v 0.027776 0.162378 0.016349
v 0.027776 0.162378 -0.024250
v 0.029276 0.135972 -0.024250
v 0.029276 0.135972 0.016349
v 0.027776 0.134472 0.016349
v 0.027776 0.134472 -0.024250
v -0.020721 0.160878 -0.024250
v -0.020721 0.160878 0.016349
v -0.019221 0.162378 0.016349
v -0.019221 0.162378 -0.024250
v -0.020721 0.135972 -0.024250
v -0.020721 0.135972 0.016349
v -0.019221 0.134472 0.016349
v -0.019221 0.134472 -0.024250
v -0.019221 0.135972 -0.025750
v -0.019221 0.134472 -0.024250
v -0.020721 0.135972 -0.024250
v -0.019221 0.135972 0.017849
v -0.019221 0.134472 0.016349
v -0.020721 0.135972 0.016349
v -0.019221 0.160878 -0.025750
v -0.019221 0.162378 -0.024250
v -0.020721 0.160878 -0.024250
v -0.019221 0.160878 0.017849
v -0.019221 0.162378 0.016349
v -0.020721 0.160878 0.016349
v 0.027776 0.135972 -0.025750
v 0.027776 0.134472 -0.024250
v 0.029276 0.135972 -0.024250
v 0.027776 0.135972 0.017849
v 0.027776 0.134472 0.016349
v 0.029276 0.135972 0.016349
v 0.027776 0.160878 -0.025750
v 0.027776 0.162378 -0.024250
v 0.029276 0.160878 -0.024250
v 0.027776 0.160878 0.017849
v 0.027776 0.162378 0.016349
v 0.029276 0.160878 0.016349
v 0.064388 0.183447 -0.069531
v 0.100751 0.183447 -0.069531
v 0.100751 0.211277 -0.069531
v 0.064388 0.211277 -0.069531
v 0.100751 0.183447 -0.097276
v 0.064388 0.183447 -0.097276
v 0.064388 0.211277 -0.097276
v 0.100751 0.211277 -0.097276
v 0.064388 0.212777 -0.095776
v 0.100751 0.212777 -0.095776
v 0.100751 0.212777 -0.071031
v 0.064388 0.212777 -0.071031
v 0.064388 0.181947 -0.071031
v 0.100751 0.181947 -0.071031
v 0.100751 0.181947 -0.095776
v 0.064388 0.181947 -0.095776
v 0.102251 0.183447 -0.095776
v 0.102251 0.183447 -0.071031
v 0.102251 0.211277 -0.071031
v 0.102251 0.211277 -0.095776
v 0.062888 0.183447 -0.071031
v 0.062888 0.183447 -0.095776
v 0.062888 0.211277 -0.095776
v 0.062888 0.211277 -0.071031
v 0.064388 0.212777 -0.071031
v 0.100751 0.212777 -0.071031
v 0.100751 0.211277 -0.069531
v 0.064388 0.211277 -0.069531
v 0.064388 0.212777 -0.095776
v 0.100751 0.212777 -0.095776
v 0.100751 0.211277 -0.097276
v 0.064388 0.211277 -0.097276
v 0.064388 0.181947 -0.071031
v 0.100751 0.181947 -0.071031
v 0.100751 0.183447 -0.069531
v 0.064388 0.183447 -0.069531
v 0.064388 0.181947 -0.095776
v 0.100751 0.181947 -0.095776
v 0.100751 0.183447 -0.097276
v 0.064388 0.183447 -0.097276
v 0.102251 0.183447 -0.071031
v 0.102251 0.211277 -0.071031
v 0.100751 0.211277 -0.069531
v 0.100751 0.183447 -0.069531
v 0.102251 0.183447 -0.095776
v 0.102251 0.211277 -0.095776
v 0.100751 0.211277 -0.097276
v 0.100751 0.183447 -0.097276
v 0.062888 0.183447 -0.071031
v 0.062888 0.211277 -0.071031
v 0.064388 0.211277 -0.069531
v 0.064388 0.183447 -0.069531
v 0.062888 0.183447 -0.095776
v 0.062888 0.211277 -0.095776
v 0.064388 0.211277 -0.097276
v 0.064388 0.183447 -0.097276
v 0.102251 0.211277 -0.095776
v 0.102251 0.211277 -0.071031
v 0.100751 0.212777 -0.071031
v 0.100751 0.212777 -0.095776
v 0.102251 0.183447 -0.095776
v 0.102251 0.183447 -0.071031
v 0.100751 0.181947 -0.071031
v 0.100751 0.181947 -0.095776
v 0.062888 0.211277 -0.095776
v 0.062888 0.211277 -0.071031
v 0.064388 0.212777 -0.071031
v 0.064388 0.212777 -0.095776
v 0.062888 0.183447 -0.095776
v 0.062888 0.183447 -0.071031
v 0.064388 0.181947 -0.071031
v 0.064388 0.181947 -0.095776
v 0.064388 0.183447 -0.097276
v 0.064388 0.181947 -0.095776
v 0.062888 0.183447 -0.095776
v 0.064388 0.183447 -0.069531
v 0.064388 0.181947 -0.071031
v 0.062888 0.183447 -0.071031
v 0.064388 0.211277 -0.097276
v 0.064388 0.212777 -0.095776
v 0.062888 0.211277 -0.095776
v 0.064388 0.211277 -0.069531
v 0.064388 0.212777 -0.071031
v 0.062888 0.211277 -0.071031
v 0.100751 0.183447 -0.097276
v 0.100751 0.181947 -0.095776
v 0.102251 0.183447 -0.095776
v 0.100751 0.183447 -0.069531
v 0.100751 0.181947 -0.071031
v 0.102251 0.183447 -0.071031
v 0.100751 0.211277 -0.097276
v 0.100751 0.212777 -0.095776
v 0.102251 0.211277 -0.095776
v 0.100751 0.211277 -0.069531
v 0.100751 0.212777 -0.071031
v 0.102251 0.211277 -0.071031
v -0.069791 0.073023 0.100396
v -0.018716 0.073023 0.100396
v -0.018716 0.119383 0.100396
v -0.069791 0.119383 0.100396
v -0.018716 0.073023 0.050115
v -0.069791 0.073023 0.050115
v -0.069791 0.119383 0.050115
v -0.018716 0.119383 0.050115
v -0.069791 0.120883 0.051615
v -0.018716 0.120883 0.051615
v -0.018716 0.120883 0.098896
v -0.069791 0.120883 0.098896
v -0.069791 0.071523 0.098896
v -0.018716 0.071523 0.098896
v -0.018716 0.071523 0.051615
v -0.069791 0.071523 0.051615
v -0.017216 0.073023 0.051615
v -0.017216 0.073023 0.098896
v -0.017216 0.119383 0.098896
v -0.017216 0.119383 0.051615
v -0.071291 0.073023 0.098896
v -0.071291 0.073023 0.051615
v -0.071291 0.119383 0.051615
v -0.071291 0.119383 0.098896
v -0.069791 0.120883 0.098896
v -0.018716 0.120883 0.098896
v -0.018716 0.119383 0.100396
v -0.069791 0.119383 0.100396
v -0.069791 0.120883 0.051615
v -0.018716 0.120883 0.051615
v -0.018716 0.119383 0.050115
v -0.069791 0.119383 0.050115
v -0.069791 0.071523 0.098896
v -0.018716 0.071523 0.098896
v -0.018716 0.073023 0.100396
v -0.069791 0.073023 0.100396
v -0.069791 0.071523 0.051615
v -0.018716 0.071523 0.051615
v -0.018716 0.073023 0.050115
v -0.069791 0.073023 0.050115
v -0.017216 0.073023 0.098896
v -0.017216 0.119383 0.098896
v -0.018716 0.119383 0.100396
v -0.018716 0.073023 0.100396
v -0.017216 0.073023 0.051615
v -0.017216 0.119383 0.051615
v -0.018716 0.119383 0.050115
v -0.018716 0.073023 0.050115
v -0.071291 0.073023 0.098896
v -0.071291 0.119383 0.098896
v -0.069791 0.119383 0.100396
v -0.069791 0.073023 0.100396
v -0.071291 0.073023 0.051615
v -0.071291 0.119383 0.051615
v -0.069791 0.119383 0.050115
v -0.069791 0.073023 0.050115
v -0.017216 0.119383 0.051615
v -0.017216 0.119383 0.098896
v -0.018716 0.120883 0.098896
v -0.018716 0.120883 0.051615
v -0.017216 0.073023 0.051615
v -0.017216 0.073023 0.098896
v -0.018716 0.071523 0.098896
v -0.018716 0.071523 0.051615
v -0.071291 0.119383 0.051615
v -0.071291 0.119383 0.098896
v -0.069791 0.120883 0.098896
v -0.069791 0.120883 0.051615
v -0.071291 0.073023 0.051615
v -0.071291 0.073023 0.098896
v -0.069791 0.071523 0.098896
v -0.069791 0.071523 0.051615
v -0.069791 0.073023 0.050115
v -0.069791 0.071523 0.051615
v -0.071291 0.073023 0.051615
v -0.069791 0.073023 0.100396
v -0.069791 0.071523 0.098896
v -0.071291 0.073023 0.098896
v -0.069791 0.119383 0.050115
v -0.069791 0.120883 0.051615
v -0.071291 0.119383 0.051615
v -0.069791 0.119383 0.100396
v -0.069791 0.120883 0.098896
v -0.071291 0.119383 0.098896
v -0.018716 0.073023 0.050115
v -0.018716 0.071523 0.051615
v -0.017216 0.073023 0.051615
v -0.018716 0.073023 0.100396
v -0.018716 0.071523 0.098896
v -0.017216 0.073023 0.098896
v -0.018716 0.119383 0.050115
v -0.018716 0.120883 0.051615
v -0.017216 0.119383 0.051615
v -0.018716 0.119383 0.100396
v -0.018716 0.120883 0.098896
v -0.017216 0.119383 0.098896
v -0.090931 0.164585 -0.092632
v -0.066039 0.164585 -0.092632
v -0.066039 0.187629 -0.092632
v -0.090931 0.187629 -0.092632
v -0.066039 0.164585 -0.114526
v -0.090931 0.164585 -0.114526
v -0.090931 0.187629 -0.114526
v -0.066039 0.187629 -0.114526
v -0.090931 0.189129 -0.113026
v -0.066039 0.189129 -0.113026
v -0.066039 0.189129 -0.094132
v -0.090931 0.189129 -0.094132
v -0.090931 0.163085 -0.094132
v -0.066039 0.163085 -0.094132
v -0.066039 0.163085 -0.113026
v -0.090931 0.163085 -0.113026
v -0.064539 0.164585 -0.113026
v -0.064539 0.164585 -0.094132
v -0.064539 0.187629 -0.094132
v -0.064539 0.187629 -0.113026
v -0.092431 0.164585 -0.094132
v -0.092431 0.164585 -0.113026
v -0.092431 0.187629 -0.113026
v -0.092431 0.187629 -0.094132
v -0.090931 0.189129 -0.094132
v -0.066039 0.189129 -0.094132
v -0.066039 0.187629 -0.092632
v -0.090931 0.187629 -0.092632
v -0.090931 0.189129 -0.113026
v -0.066039 0.189129 -0.113026
v -0.066039 0.187629 -0.114526
v -0.090931 0.187629 -0.114526
v -0.090931 0.163085 -0.094132
v -0.066039 0.163085 -0.094132
v -0.066039 0.164585 -0.092632
v -0.090931 0.164585 -0.092632
v -0.090931 0.163085 -0.113026
v -0.066039 0.163085 -0.113026
v -0.066039 0.164585 -0.114526
v -0.090931 0.164585 -0.114526
v -0.064539 0.164585 -0.094132
v -0.064539 0.187629 -0.094132
v -0.066039 0.187629 -0.092632
v -0.066039 0.164585 -0.092632
v -0.064539 0.164585 -0.113026
v -0.064539 0.187629 -0.113026
v -0.066039 0.187629 -0.114526
v -0.066039 0.164585 -0.114526
v -0.092431 0.164585 -0.094132
v -0.092431 0.187629 -0.094132
v -0.090931 0.187629 -0.092632
v -0.090931 0.164585 -0.092632
v -0.092431 0.164585 -0.113026
v -0.092431 0.187629 -0.113026
v -0.090931 0.187629 -0.114526
v -0.090931 0.164585 -0.114526
v -0.064539 0.187629 -0.113026
v -0.064539 0.187629 -0.094132
v -0.066039 0.189129 -0.094132
v -0.066039 0.189129 -0.113026
v -0.064539 0.164585 -0.113026
v -0.064539 0.164585 -0.094132
v -0.066039 0.163085 -0.094132
v -0.066039 0.163085 -0.113026
v -0.092431 0.187629 -0.113026
v -0.092431 0.187629 -0.094132
v -0.090931 0.189129 -0.094132
v -0.090931 0.189129 -0.113026
v -0.092431 0.164585 -0.113026
v -0.092431 0.164585 -0.094132
v -0.090931 0.163085 -0.094132
v -0.090931 0.163085 -0.113026
v -0.090931 0.164585 -0.114526
v -0.090931 0.163085 -0.113026
v -0.092431 0.164585 -0.113026
v -0.090931 0.164585 -0.092632
v -0.090931 0.163085 -0.094132
v -0.092431 0.164585 -0.094132
v -0.090931 0.187629 -0.114526
v -0.090931 0.189129 -0.113026
v -0.092431 0.187629 -0.113026
v -0.090931 0.187629 -0.092632
v -0.090931 0.189129 -0.094132
v -0.092431 0.187629 -0.094132
v -0.066039 0.164585 -0.114526
v -0.066039 0.163085 -0.113026
v -0.064539 0.164585 -0.113026
v -0.066039 0.164585 -0.092632
v -0.066039 0.163085 -0.094132
v -0.064539 0.164585 -0.094132
v -0.066039 0.187629 -0.114526
v -0.066039 0.189129 -0.113026
v -0.064539 0.187629 -0.113026
v -0.066039 0.187629 -0.092632
v -0.066039 0.189129 -0.094132
v -0.064539 0.187629 -0.094132
v 0.147705 0.076060 0.502784
v 0.187893 0.076060 0.502784
v 0.187893 0.115276 0.502784
v 0.147705 0.115276 0.502784
v 0.187893 0.076060 0.468738
v 0.147705 0.076060 0.468738
v 0.147705 0.115276 0.468738
v 0.187893 0.115276 0.468738
v 0.147705 0.116776 0.470238
v 0.187893 0.116776 0.470238
v 0.187893 0.116776 0.501284
v 0.147705 0.116776 0.501284
v 0.147705 0.074560 0.501284
v 0.187893 0.074560 0.501284
v 0.187893 0.074560 0.470238
v 0.147705 0.074560 0.470238
v 0.189393 0.076060 0.470238
v 0.189393 0.076060 0.501284
v 0.189393 0.115276 0.501284
v 0.189393 0.115276 0.470238
v 0.146205 0.076060 0.501284
v 0.146205 0.076060 0.470238
v 0.146205 0.115276 0.470238
v 0.146205 0.115276 0.501284
v 0.147705 0.116776 0.501284
v 0.187893 0.116776 0.501284
v 0.187893 0.115276 0.502784
v 0.147705 0.115276 0.502784
v 0.147705 0.116776 0.470238
v 0.187893 0.116776 0.470238
v 0.187893 0.115276 0.468738
v 0.147705 0.115276 0.468738
v 0.147705 0.074560 0.501284
v 0.187893 0.074560 0.501284
v 0.187893 0.076060 0.502784
v 0.147705 0.076060 0.502784
v 0.147705 0.074560 0.470238
v 0.187893 0.074560 0.470238
v 0.187893 0.076060 0.468738
v 0.147705 0.076060 0.468738
v 0.189393 0.076060 0.501284
v 0.189393 0.115276 0.501284
v 0.187893 0.115276 0.502784
v 0.187893 0.076060 0.502784
v 0.189393 0.076060 0.470238
v 0.189393 0.115276 0.470238
v 0.187893 0.115276 0.468738
v 0.187893 0.076060 0.468738
v 0.146205 0.076060 0.501284
v 0.146205 0.115276 0.501284
v 0.147705 0.115276 0.502784
v 0.147705 0.076060 0.502784
v 0.146205 0.076060 0.470238
v 0.146205 0.115276 0.470238
v 0.147705 0.115276 0.468738
v 0.147705 0.076060 0.468738
v 0.189393 0.115276 0.470238
v 0.189393 0.115276 0.501284
v 0.187893 0.116776 0.501284
v 0.187893 0.116776 0.470238
v 0.189393 0.076060 0.470238
v 0.189393 0.076060 0.501284
v 0.187893 0.074560 0.501284
v 0.187893 0.074560 0.470238
v 0.146205 0.115276 0.470238
v 0.146205 0.115276 0.501284
v 0.147705 0.116776 0.501284
v 0.147705 0.116776 0.470238
v 0.146205 0.076060 0.470238
v 0.146205 0.076060 0.501284
v 0.147705 0.074560 0.501284
v 0.147705 0.074560 0.470238
v 0.147705 0.076060 0.468738
v 0.147705 0.074560 0.470238
v 0.146205 0.076060 0.470238
v 0.147705 0.076060 0.502784
v 0.147705 0.074560 0.501284
v 0.146205 0.076060 0.501284
v 0.147705 0.115276 0.468738
v 0.147705 0.116776 0.470238
v 0.146205 0.115276 0.470238
v 0.147705 0.115276 0.502784
v 0.147705 0.116776 0.501284
v 0.146205 0.115276 0.501284
v 0.187893 0.076060 0.468738
v 0.187893 0.074560 0.470238
v 0.189393 0.076060 0.470238
v 0.187893 0.076060 0.502784
v 0.187893 0.074560 0.501284
v 0.189393 0.076060 0.501284
v 0.187893 0.115276 0.468738
v 0.187893 0.116776 0.470238
v 0.189393 0.115276 0.470238
v 0.187893 0.115276 0.502784
v 0.187893 0.116776 0.501284
v 0.189393 0.115276 0.501284
v 0.269691 0.151236 -0.371776
v 0.316344 0.151236 -0.371776
v 0.316344 0.193732 -0.371776
v 0.269691 0.193732 -0.371776
v 0.316344 0.151236 -0.414274
v 0.269691 0.151236 -0.414274
v 0.269691 0.193732 -0.414274
v 0.316344 0.193732 -0.414274
v 0.269691 0.195232 -0.412774
v 0.316344 0.195232 -0.412774
v 0.316344 0.195232 -0.373276
v 0.269691 0.195232 -0.373276
v 0.269691 0.149736 -0.373276
v 0.316344 0.149736 -0.373276
v 0.316344 0.149736 -0.412774
v 0.269691 0.149736 -0.412774
v 0.317844 0.151236 -0.412774
v 0.317844 0.151236 -0.373276
v 0.317844 0.193732 -0.373276
v 0.317844 0.193732 -0.412774
v 0.268191 0.151236 -0.373276
v 0.268191 0.151236 -0.412774
v 0.268191 0.193732 -0.412774
v 0.268191 0.193732 -0.373276
v 0.269691 0.195232 -0.373276
v 0.316344 0.195232 -0.373276
v 0.316344 0.193732 -0.371776
v 0.269691 0.193732 -0.371776
v 0.269691 0.195232 -0.412774
v 0.316344 0.195232 -0.412774
v 0.316344 0.193732 -0.414274
v 0.269691 0.193732 -0.414274
v 0.269691 0.149736 -0.373276
v 0.316344 0.149736 -0.373276
v 0.316344 0.151236 -0.371776
v 0.269691 0.151236 -0.371776
v 0.269691 0.149736 -0.412774
v 0.316344 0.149736 -0.412774
v 0.316344 0.151236 -0.414274
v 0.269691 0.151236 -0.414274
v 0.317844 0.151236 -0.373276
v 0.317844 0.193732 -0.373276
v 0.316344 0.193732 -0.371776
v 0.316344 0.151236 -0.371776
v 0.317844 0.151236 -0.412774
v 0.317844 0.193732 -0.412774
v 0.316344 0.193732 -0.414274
v 0.316344 0.151236 -0.414274
v 0.268191 0.151236 -0.373276
v 0.268191 0.193732 -0.373276
v 0.269691 0.193732 -0.371776
v 0.269691 0.151236 -0.371776
v 0.268191 0.151236 -0.412774
v 0.268191 0.193732 -0.412774
v 0.269691 0.193732 -0.414274
v 0.269691 0.151236 -0.414274
v 0.317844 0.193732 -0.412774
v 0.317844 0.193732 -0.373276
v 0.316344 0.195232 -0.373276
v 0.316344 0.195232 -0.412774
v 0.317844 0.151236 -0.412774
v 0.317844 0.151236 -0.373276
v 0.316344 0.149736 -0.373276
v 0.316344 0.149736 -0.412774
v 0.268191 0.193732 -0.412774
v 0.268191 0.193732 -0.373276
v 0.269691 0.195232 -0.373276
v 0.269691 0.195232 -0.412774
v 0.268191 0.151236 -0.412774
v 0.268191 0.151236 -0.373276
v 0.269691 0.149736 -0.373276
v 0.269691 0.149736 -0.412774
v 0.269691 0.151236 -0.414274
v 0.269691 0.149736 -0.412774
v 0.268191 0.151236 -0.412774
v 0.269691 0.151236 -0.371776
v 0.269691 0.149736 -0.373276
v 0.268191 0.151236 -0.373276
v 0.269691 0.193732 -0.414274
v 0.269691 0.195232 -0.412774
v 0.268191 0.193732 -0.412774
v 0.269691 0.193732 -0.371776
v 0.269691 0.195232 -0.373276
v 0.268191 0.193732 -0.373276
v 0.316344 0.151236 -0.414274
v 0.316344 0.149736 -0.412774
v 0.317844 0.151236 -0.412774
v 0.316344 0.151236 -0.371776
v 0.316344 0.149736 -0.373276
v 0.317844 0.151236 -0.373276
v 0.316344 0.193732 -0.414274
v 0.316344 0.195232 -0.412774
v 0.317844 0.193732 -0.412774
v 0.316344 0.193732 -0.371776
v 0.316344 0.195232 -0.373276
v 0.317844 0.193732 -0.373276
v 0.606921 0.083821 0.354187
v 0.645486 0.083821 0.354187
v 0.645486 0.103315 0.354187
v 0.606921 0.103315 0.354187
v 0.645486 0.083821 0.310451
v 0.606921 0.083821 0.310451
v 0.606921 0.103315 0.310451
v 0.645486 0.103315 0.310451
v 0.606921 0.104815 0.311951
v 0.645486 0.104815 0.311951
v 0.645486 0.104815 0.352687
v 0.606921 0.104815 0.352687
v 0.606921 0.082321 0.352687
v 0.645486 0.082321 0.352687
v 0.645486 0.082321 0.311951
v 0.606921 0.082321 0.311951
v 0.646986 0.083821 0.311951
v 0.646986 0.083821 0.352687
v 0.646986 0.103315 0.352687
v 0.646986 0.103315 0.311951
v 0.605421 0.083821 0.352687
v 0.605421 0.083821 0.311951
v 0.605421 0.103315 0.311951
v 0.605421 0.103315 0.352687
v 0.606921 0.104815 0.352687
v 0.645486 0.104815 0.352687
v 0.645486 0.103315 0.354187
v 0.606921 0.103315 0.354187
v 0.606921 0.104815 0.311951
v 0.645486 0.104815 0.311951
v 0.645486 0.103315 0.310451
v 0.606921 0.103315 0.310451
v 0.606921 0.082321 0.352687
v 0.645486 0.082321 0.352687
v 0.645486 0.083821 0.354187
v 0.606921 0.083821 0.354187
v 0.606921 0.082321 0.311951
v 0.645486 0.082321 0.311951
v 0.645486 0.083821 0.310451
v 0.606921 0.083821 0.310451
v 0.646986 0.083821 0.352687
v 0.646986 0.103315 0.352687
v 0.645486 0.103315 0.354187
v 0.645486 0.083821 0.354187
v 0.646986 0.083821 0.311951
v 0.646986 0.103315 0.311951
v 0.645486 0.103315 0.310451
v 0.645486 0.083821 0.310451
v 0.605421 0.083821 0.352687
v 0.605421 0.103315 0.352687
v 0.606921 0.103315 0.354187
v 0.606921 0.083821 0.354187
v 0.605421 0.083821 0.311951
v 0.605421 0.103315 0.311951
v 0.606921 0.103315 0.310451
v 0.606921 0.083821 0.310451
v 0.646986 0.103315 0.311951
v 0.646986 0.103315 0.352687
v 0.645486 0.104815 0.352687
v 0.645486 0.104815 0.311951
v 0.646986 0.083821 0.311951
v 0.646986 0.083821 0.352687
v 0.645486 0.082321 0.352687
v 0.645486 0.082321 0.311951
v 0.605421 0.103315 0.311951
v 0.605421 0.103315 0.352687
v 0.606921 0.104815 0.352687
v 0.606921 0.104815 0.311951
v 0.605421 0.083821 0.311951
v 0.605421 0.083821 0.352687
v 0.606921 0.082321 0.352687
v 0.606921 0.082321 0.311951
v 0.606921 0.083821 0.310451
v 0.606921 0.082321 0.311951
v 0.605421 0.083821 0.311951
v 0.606921 0.083821 0.354187
v 0.606921 0.082321 0.352687
v 0.605421 0.083821 0.352687
v 0.606921 0.103315 0.310451
v 0.606921 0.104815 0.311951
v 0.605421 0.103315 0.311951
v 0.606921 0.103315 0.354187
v 0.606921 0.104815 0.352687
v 0.605421 0.103315 0.352687
v 0.645486 0.083821 0.310451
v 0.645486 0.082321 0.311951
v 0.646986 0.083821 0.311951
v 0.645486 0.083821 0.354187
v 0.645486 0.082321 0.352687
v 0.646986 0.083821 0.352687
v 0.645486 0.103315 0.310451
v 0.645486 0.104815 0.311951
v 0.646986 0.103315 0.311951
v 0.645486 0.103315 0.354187
v 0.645486 0.104815 0.352687
v 0.646986 0.103315 0.352687
v -0.002686 0.213498 -0.003030
v 0.019313 0.213498 -0.003030
v 0.019313 0.229134 -0.003030
v -0.002686 0.229134 -0.003030
v 0.019313 0.213498 -0.020984
v -0.002686 0.213498 -0.020984
v -0.002686 0.229134 -0.020984
v 0.019313 0.229134 -0.020984
v -0.002686 0.230634 -0.019484
v 0.019313 0.230634 -0.019484
v 0.019313 0.230634 -0.004530
v -0.002686 0.230634 -0.004530
v -0.002686 0.211998 -0.004530
v 0.019313 0.211998 -0.004530
v 0.019313 0.211998 -0.019484
v -0.002686 0.211998 -0.019484
v 0.020813 0.213498 -0.019484
v 0.020813 0.213498 -0.004530
v 0.020813 0.229134 -0.004530
v 0.020813 0.229134 -0.019484
v -0.004186 0.213498 -0.004530
v -0.004186 0.213498 -0.019484
v -0.004186 0.229134 -0.019484
v -0.004186 0.229134 -0.004530
v -0.002686 0.230634 -0.004530
v 0.019313 0.230634 -0.004530
v 0.019313 0.229134 -0.003030
v -0.002686 0.229134 -0.003030
v -0.002686 0.230634 -0.019484
v 0.019313 0.230634 -0.019484
v 0.019313 0.229134 -0.020984
v -0.002686 0.229134 -0.020984
v -0.002686 0.211998 -0.004530
v 0.019313 0.211998 -0.004530
v 0.019313 0.213498 -0.003030
v -0.002686 0.213498 -0.003030
v -0.002686 0.211998 -0.019484
v 0.019313 0.211998 -0.019484
v 0.019313 0.213498 -0.020984
v -0.002686 0.213498 -0.020984
v 0.020813 0.213498 -0.004530
v 0.020813 0.229134 -0.004530
v 0.019313 0.229134 -0.003030
v 0.019313 0.213498 -0.003030
v 0.020813 0.213498 -0.019484
v 0.020813 0.229134 -0.019484
v 0.019313 0.229134 -0.020984
v 0.019313 0.213498 -0.020984
v -0.004186 0.213498 -0.004530
v -0.004186 0.229134 -0.004530
v -0.002686 0.229134 -0.003030
v -0.002686 0.213498 -0.003030
v -0.004186 0.213498 -0.019484
v -0.004186 0.229134 -0.019484
v -0.002686 0.229134 -0.020984
v -0.002686 0.213498 -0.020984
v 0.020813 0.229134 -0.019484
v 0.020813 0.229134 -0.004530
v 0.019313 0.230634 -0.004530
v 0.019313 0.230634 -0.019484
v 0.020813 0.213498 -0.019484
v 0.020813 0.213498 -0.004530
v 0.019313 0.211998 -0.004530
v 0.019313 0.211998 -0.019484
v -0.004186 0.229134 -0.019484
v -0.004186 0.229134 -0.004530
v -0.002686 0.230634 -0.004530
v -0.002686 0.230634 -0.019484
v -0.004186 0.213498 -0.019484
v -0.004186 0.213498 -0.004530
v -0.002686 0.211998 -0.004530
v -0.002686 0.211998 -0.019484
v -0.002686 0.213498 -0.020984
v -0.002686 0.211998 -0.019484
v -0.004186 0.213498 -0.019484
v -0.002686 0.213498 -0.003030
v -0.002686 0.211998 -0.004530
v -0.004186 0.213498 -0.004530
v -0.002686 0.229134 -0.020984
v -0.002686 0.230634 -0.019484
v -0.004186 0.229134 -0.019484
v -0.002686 0.229134 -0.003030
v -0.002686 0.230634 -0.004530
v -0.004186 0.229134 -0.004530
v 0.019313 0.213498 -0.020984
v 0.019313 0.211998 -0.019484
v 0.020813 0.213498 -0.019484
v 0.019313 0.213498 -0.003030
v 0.019313 0.211998 -0.004530
v 0.020813 0.213498 -0.004530
v 0.019313 0.229134 -0.020984
v 0.019313 0.230634 -0.019484
v 0.020813 0.229134 -0.019484
v 0.019313 0.229134 -0.003030
v 0.019313 0.230634 -0.004530
v 0.020813 0.229134 -0.004530
v -0.034255 0.245379 -0.248702
v 0.002744 0.245379 -0.248702
v 0.002744 0.273407 -0.248702
v -0.034255 0.273407 -0.248702
v 0.002744 0.245379 -0.285379
v -0.034255 0.245379 -0.285379
v -0.034255 0.273407 -0.285379
v 0.002744 0.273407 -0.285379
v -0.034255 0.274907 -0.283879
v 0.002744 0.274907 -0.283879
v 0.002744 0.274907 -0.250202
v -0.034255 0.274907 -0.250202
v -0.034255 0.243879 -0.250202
v 0.002744 0.243879 -0.250202
v 0.002744 0.243879 -0.283879
v -0.034255 0.243879 -0.283879
v 0.004244 0.245379 -0.283879
v 0.004244 0.245379 -0.250202
v 0.004244 0.273407 -0.250202
v 0.004244 0.273407 -0.283879
v -0.035755 0.245379 -0.250202
v -0.035755 0.245379 -0.283879
v -0.035755 0.273407 -0.283879
v -0.035755 0.273407 -0.250202
v -0.034255 0.274907 -0.250202
v 0.002744 0.274907 -0.250202
v 0.002744 0.273407 -0.248702
v -0.034255 0.273407 -0.248702
v -0.034255 0.274907 -0.283879
v 0.002744 0.274907 -0.283879
v 0.002744 0.273407 -0.285379
v -0.034255 0.273407 -0.285379
v -0.034255 0.243879 -0.250202
v 0.002744 0.243879 -0.250202
v 0.002744 0.245379 -0.248702
v -0.034255 0.245379 -0.248702
v -0.034255 0.243879 -0.283879
v 0.002744 0.243879 -0.283879
v 0.002744 0.245379 -0.285379
v -0.034255 0.245379 -0.285379
v 0.004244 0.245379 -0.250202
v 0.004244 0.273407 -0.250202
v 0.002744 0.273407 -0.248702
v 0.002744 0.245379 -0.248702
v 0.004244 0.245379 -0.283879
v 0.004244 0.273407 -0.283879
v 0.002744 0.273407 -0.285379
v 0.002744 0.245379 -0.285379
v -0.035755 0.245379 -0.250202
v -0.035755 0.273407 -0.250202
v -0.034255 0.273407 -0.248702
v -0.034255 0.245379 -0.248702
v -0.035755 0.245379 -0.283879
v -0.035755 0.273407 -0.283879
v -0.034255 0.273407 -0.285379
v -0.034255 0.245379 -0.285379
v 0.004244 0.273407 -0.283879
v 0.004244 0.273407 -0.250202
v 0.002744 0.274907 -0.250202
v 0.002744 0.274907 -0.283879
v 0.004244 0.245379 -0.283879
v 0.004244 0.245379 -0.250202
v 0.002744 0.243879 -0.250202
v 0.002744 0.243879 -0.283879
v -0.035755 0.273407 -0.283879
v -0.035755 0.273407 -0.250202
v -0.034255 0.274907 -0.250202
v -0.034255 0.274907 -0.283879
v -0.035755 0.245379 -0.283879
v -0.035755 0.245379 -0.250202
v -0.034255 0.243879 -0.250202
v -0.034255 0.243879 -0.283879
v -0.034255 0.245379 -0.285379
v -0.034255 0.243879 -0.283879
v -0.035755 0.245379 -0.283879
v -0.034255 0.245379 -0.248702
v -0.034255 0.243879 -0.250202
v -0.035755 0.245379 -0.250202
v -0.034255 0.273407 -0.285379
v -0.034255 0.274907 -0.283879
v -0.035755 0.273407 -0.283879
v -0.034255 0.273407 -0.248702
v -0.034255 0.274907 -0.250202
v -0.035755 0.273407 -0.250202
v 0.002744 0.245379 -0.285379
v 0.002744 0.243879 -0.283879
v 0.004244 0.245379 -0.283879
v 0.002744 0.245379 -0.248702
v 0.002744 0.243879 -0.250202
v 0.004244 0.245379 -0.250202
v 0.002744 0.273407 -0.285379
v 0.002744 0.274907 -0.283879
v 0.004244 0.273407 -0.283879
v 0.002744 0.273407 -0.248702
v 0.002744 0.274907 -0.250202
v 0.004244 0.273407 -0.250202
v 0.059445 0.262923 -0.088601
v 0.107420 0.262923 -0.088601
v 0.107420 0.291239 -0.088601
v 0.059445 0.291239 -0.088601
v 0.107420 0.262923 -0.148767
v 0.059445 0.262923 -0.148767
v 0.059445 0.291239 -0.148767
v 0.107420 0.291239 -0.148767
v 0.059445 0.292739 -0.147267
v 0.107420 0.292739 -0.147267
v 0.107420 0.292739 -0.090101
v 0.059445 0.292739 -0.090101
v 0.059445 0.261423 -0.090101
v 0.107420 0.261423 -0.090101
v 0.107420 0.261423 -0.147267
v 0.059445 0.261423 -0.147267
v 0.108920 0.262923 -0.147267
v 0.108920 0.262923 -0.090101
v 0.108920 0.291239 -0.090101
v 0.108920 0.291239 -0.147267
v 0.057945 0.262923 -0.090101
v 0.057945 0.262923 -0.147267
v 0.057945 0.291239 -0.147267
v 0.057945 0.291239 -0.090101
v 0.059445 0.292739 -0.090101
v 0.107420 0.292739 -0.090101
v 0.107420 0.291239 -0.088601
v 0.059445 0.291239 -0.088601
v 0.059445 0.292739 -0.147267
v 0.107420 0.292739 -0.147267
v 0.107420 0.291239 -0.148767
v 0.059445 0.291239 -0.148767
v 0.059445 0.261423 -0.090101
v 0.107420 0.261423 -0.090101
v 0.107420 0.262923 -0.088601
v 0.059445 0.262923 -0.088601
v 0.059445 0.261423 -0.147267
v 0.107420 0.261423 -0.147267
v 0.107420 0.262923 -0.148767
v 0.059445 0.262923 -0.148767
v 0.108920 0.262923 -0.090101
v 0.108920 0.291239 -0.090101
v 0.107420 0.291239 -0.088601
v 0.107420 0.262923 -0.088601
v 0.108920 0.262923 -0.147267
v 0.108920 0.291239 -0.147267
v 0.107420 0.291239 -0.148767
v 0.107420 0.262923 -0.148767
v 0.057945 0.262923 -0.090101
v 0.057945 0.291239 -0.090101
v 0.059445 0.291239 -0.088601
v 0.059445 0.262923 -0.088601
v 0.057945 0.262923 -0.147267
v 0.057945 0.291239 -0.147267
v 0.059445 0.291239 -0.148767
v 0.059445 0.262923 -0.148767
v 0.108920 0.291239 -0.147267
v 0.108920 0.291239 -0.090101
v 0.107420 0.292739 -0.090101
v 0.107420 0.292739 -0.147267
v 0.108920 0.262923 -0.147267
v 0.108920 0.262923 -0.090101
v 0.107420 0.261423 -0.090101
v 0.107420 0.261423 -0.147267
v 0.057945 0.291239 -0.147267
v 0.057945 0.291239 -0.090101
v 0.059445 0.292739 -0.090101
v 0.059445 0.292739 -0.147267
v 0.057945 0.262923 -0.147267
v 0.057945 0.262923 -0.090101
v 0.059445 0.261423 -0.090101
v 0.059445 0.261423 -0.147267
v 0.059445 0.262923 -0.148767
v 0.059445 0.261423 -0.147267
v 0.057945 0.262923 -0.147267
v 0.059445 0.262923 -0.088601
v 0.059445 0.261423 -0.090101
v 0.057945 0.262923 -0.090101
v 0.059445 0.291239 -0.148767
v 0.059445 0.292739 -0.147267
v 0.057945 0.291239 -0.147267
v 0.059445 0.291239 -0.088601
v 0.059445 0.292739 -0.090101
v 0.057945 0.291239 -0.090101
v 0.107420 0.262923 -0.148767
v 0.107420 0.261423 -0.147267
v 0.108920 0.262923 -0.147267
v 0.107420 0.262923 -0.088601
v 0.107420 0.261423 -0.090101
v 0.108920 0.262923 -0.090101
v 0.107420 0.291239 -0.148767
v 0.107420 0.292739 -0.147267
v 0.108920 0.291239 -0.147267
v 0.107420 0.291239 -0.088601
v 0.107420 0.292739 -0.090101
v 0.108920 0.291239 -0.090101
v -0.070436 0.195126 0.094749
v -0.046874 0.195126 0.094749
v -0.046874 0.207161 0.094749
v -0.070436 0.207161 0.094749
v -0.046874 0.195126 0.063218
v -0.070436 0.195126 0.063218
v -0.070436 0.207161 0.063218
v -0.046874 0.207161 0.063218
v -0.070436 0.208661 0.064718
v -0.046874 0.208661 0.064718
v -0.046874 0.208661 0.093249
v -0.070436 0.208661 0.093249
v -0.070436 0.193626 0.093249
v -0.046874 0.193626 0.093249
v -0.046874 0.193626 0.064718
v -0.070436 0.193626 0.064718
v -0.045374 0.195126 0.064718
v -0.045374 0.195126 0.093249
v -0.045374 0.207161 0.093249
v -0.045374 0.207161 0.064718
v -0.071936 0.195126 0.093249
v -0.071936 0.195126 0.064718
v -0.071936 0.207161 0.064718
v -0.071936 0.207161 0.093249
v -0.070436 0.208661 0.093249
v -0.046874 0.208661 0.093249
v -0.046874 0.207161 0.094749
v -0.070436 0.207161 0.094749
v -0.070436 0.208661 0.064718
v -0.046874 0.208661 0.064718
v -0.046874 0.207161 0.063218
v -0.070436 0.207161 0.063218
v -0.070436 0.193626 0.093249
v -0.046874 0.193626 0.093249
v -0.046874 0.195126 0.094749
v -0.070436 0.195126 0.094749
v -0.070436 0.193626 0.064718
v -0.046874 0.193626 0.064718
v -0.046874 0.195126 0.063218
v -0.070436 0.195126 0.063218
v -0.045374 0.195126 0.093249
v -0.045374 0.207161 0.093249
v -0.046874 0.207161 0.094749
v -0.046874 0.195126 0.094749
v -0.045374 0.195126 0.064718
v -0.045374 0.207161 0.064718
v -0.046874 0.207161 0.063218
v -0.046874 0.195126 0.063218
v -0.071936 0.195126 0.093249
v -0.071936 0.207161 0.093249
v -0.070436 0.207161 0.094749
v -0.070436 0.195126 0.094749
v -0.071936 0.195126 0.064718
v -0.071936 0.207161 0.064718
v -0.070436 0.207161 0.063218
v -0.070436 0.195126 0.063218
v -0.045374 0.207161 0.064718
v -0.045374 0.207161 0.093249
v -0.046874 0.208661 0.093249
v -0.046874 0.208661 0.064718
v -0.045374 0.195126 0.064718
v -0.045374 0.195126 0.093249
v -0.046874 0.193626 0.093249
v -0.046874 0.193626 0.064718
v -0.071936 0.207161 0.064718
v -0.071936 0.207161 0.093249
v -0.070436 0.208661 0.093249
v -0.070436 0.208661 0.064718
v -0.071936 0.195126 0.064718
v -0.071936 0.195126 0.093249
v -0.070436 0.193626 0.093249
v -0.070436 0.193626 0.064718
v -0.070436 0.195126 0.063218
v -0.070436 0.193626 0.064718
v -0.071936 0.195126 0.064718
v -0.070436 0.195126 0.094749
v -0.070436 0.193626 0.093249
v -0.071936 0.195126 0.093249
v -0.070436 0.207161 0.063218
v -0.070436 0.208661 0.064718
v -0.071936 0.207161 0.064718
v -0.070436 0.207161 0.094749
v -0.070436 0.208661 0.093249
v -0.071936 0.207161 0.093249
v -0.046874 0.195126 0.063218
v -0.046874 0.193626 0.064718
v -0.045374 0.195126 0.064718
v -0.046874 0.195126 0.094749
v -0.046874 0.193626 0.093249
v -0.045374 0.195126 0.093249
v -0.046874 0.207161 0.063218
v -0.046874 0.208661 0.064718
v -0.045374 0.207161 0.064718
v -0.046874 0.207161 0.094749
v -0.046874 0.208661 0.093249
v -0.045374 0.207161 0.093249
vt -0.273384 -0.035092
vt 0.273384 -0.035092
vt 0.273384 0.035092
vt -0.273384 0.035092
vt 0.273384 -0.035092
vt -0.273384 -0.035092
vt -0.273384 0.035092
vt 0.273384 0.035092
vt -0.273384 -0.168524
vt 0.273384 -0.168524
vt 0.273384 0.168524
vt -0.273384 0.168524
vt -0.273384 0.168524
vt 0.273384 0.168524
vt 0.273384 -0.168524
vt -0.273384 -0.168524
vt -0.168524 -0.035092
vt 0.168524 -0.035092
vt 0.168524 0.035092
vt -0.168524 0.035092
vt 0.168524 -0.035092
vt -0.168524 -0.035092
vt -0.168524 0.035092
vt 0.168524 0.035092
vt -0.273384 0.043092
vt 0.273384 0.043092
vt 0.273384 0.035092
vt -0.273384 0.035092
vt -0.273384 0.043092
vt 0.273384 0.043092
vt 0.273384 0.035092
vt -0.273384 0.035092
vt -0.273384 -0.043092
vt 0.273384 -0.043092
vt 0.273384 -0.035092
vt -0.273384 -0.035092
vt -0.273384 -0.043092
vt 0.273384 -0.043092
vt 0.273384 -0.035092
vt -0.273384 -0.035092
vt 0.281384 -0.035092
vt 0.281384 0.035092
vt 0.273384 0.035092
vt 0.273384 -0.035092
vt 0.281384 -0.035092
vt 0.281384 0.035092
vt 0.273384 0.035092
vt 0.273384 -0.035092
vt -0.281384 -0.035092
vt -0.281384 0.035092
vt -0.273384 0.035092
vt -0.273384 -0.035092
vt -0.281384 -0.035092
vt -0.281384 0.035092
vt -0.273384 0.035092
vt -0.273384 -0.035092
vt 0.281384 0.035092
vt 0.281384 0.035092
vt 0.273384 0.043092
vt 0.273384 0.043092
vt 0.281384 -0.035092
vt 0.281384 -0.035092
vt 0.273384 -0.043092
vt 0.273384 -0.043092
vt -0.281384 0.035092
vt -0.281384 0.035092
vt -0.273384 0.043092
vt -0.273384 0.043092
vt -0.281384 -0.035092
vt -0.281384 -0.035092
vt -0.273384 -0.043092
vt -0.273384 -0.043092
vt -0.273384 -0.035092
vt -0.273384 -0.043092
vt -0.281384 -0.035092
vt -0.273384 -0.035092
vt -0.273384 -0.043092
vt -0.281384 -0.035092
vt -0.273384 0.035092
vt -0.273384 0.043092
vt -0.281384 0.035092
vt -0.273384 0.035092
vt -0.273384 0.043092
vt -0.281384 0.035092
vt 0.273384 -0.035092
vt 0.273384 -0.043092
vt 0.281384 -0.035092
vt 0.273384 -0.035092
vt 0.273384 -0.043092
vt 0.281384 -0.035092
vt 0.273384 0.035092
vt 0.273384 0.043092
vt 0.281384 0.035092
vt 0.273384 0.035092
vt 0.273384 0.043092
vt 0.281384 0.035092
vt -0.120623 -0.024164
vt 0.120623 -0.024164
vt 0.120623 0.024164
vt -0.120623 0.024164
vt 0.120623 -0.024164
vt -0.120623 -0.024164
vt -0.120623 0.024164
vt 0.120623 0.024164
vt -0.120623 -0.038131
vt 0.120623 -0.038131
vt 0.120623 0.038131
vt -0.120623 0.038131
vt -0.120623 0.038131
vt 0.120623 0.038131
vt 0.120623 -0.038131
vt -0.120623 -0.038131
vt -0.038131 -0.024164
vt 0.038131 -0.024164
vt 0.038131 0.024164
vt -0.038131 0.024164
vt 0.038131 -0.024164
vt -0.038131 -0.024164
vt -0.038131 0.024164
vt 0.038131 0.024164
vt -0.120623 0.030164
vt 0.120623 0.030164
vt 0.120623 0.024164
vt -0.120623 0.024164
vt -0.120623 0.030164
vt 0.120623 0.030164
vt 0.120623 0.024164
vt -0.120623 0.024164
vt -0.120623 -0.030164
vt 0.120623 -0.030164
vt 0.120623 -0.024164
vt -0.120623 -0.024164
vt -0.120623 -0.030164
vt 0.120623 -0.030164
vt 0.120623 -0.024164
vt -0.120623 -0.024164
vt 0.126623 -0.024164
vt 0.126623 0.024164
vt 0.120623 0.024164
vt 0.120623 -0.024164
vt 0.126623 -0.024164
vt 0.126623 0.024164
vt 0.120623 0.024164
vt 0.120623 -0.024164
vt -0.126623 -0.024164
vt -0.126623 0.024164
vt -0.120623 0.024164
vt -0.120623 -0.024164
vt -0.126623 -0.024164
vt -0.126623 0.024164
vt -0.120623 0.024164
vt -0.120623 -0.024164
vt 0.126623 0.024164
vt 0.126623 0.024164
vt 0.120623 0.030164
vt 0.120623 0.030164
vt 0.126623 -0.024164
vt 0.126623 -0.024164
vt 0.120623 -0.030164
vt 0.120623 -0.030164
vt -0.126623 0.024164
vt -0.126623 0.024164
vt -0.120623 0.030164
vt -0.120623 0.030164
vt -0.126623 -0.024164
vt -0.126623 -0.024164
vt -0.120623 -0.030164
vt -0.120623 -0.030164
vt -0.120623 -0.024164
vt -0.120623 -0.030164
vt -0.126623 -0.024164
vt -0.120623 -0.024164
vt -0.120623 -0.030164
vt -0.126623 -0.024164
vt -0.120623 0.024164
vt -0.120623 0.030164
vt -0.126623 0.024164
vt -0.120623 0.024164
vt -0.120623 0.030164
vt -0.126623 0.024164
vt 0.120623 -0.024164
vt 0.120623 -0.030164
vt 0.126623 -0.024164
vt 0.120623 -0.024164
vt 0.120623 -0.030164
vt 0.126623 -0.024164
vt 0.120623 0.024164
vt 0.120623 0.030164
vt 0.126623 0.024164
vt 0.120623 0.024164
vt 0.120623 0.030164
vt 0.126623 0.024164
vt -0.334083 -0.030007
vt 0.334083 -0.030007
vt 0.334083 0.030007
vt -0.334083 0.030007
vt 0.334083 -0.030007
vt -0.334083 -0.030007
vt -0.334083 0.030007
vt 0.334083 0.030007
vt -0.334083 -0.186813
vt 0.334083 -0.186813
vt 0.334083 0.186813
vt -0.334083 0.186813
vt -0.334083 0.186813
vt 0.334083 0.186813
vt 0.334083 -0.186813
vt -0.334083 -0.186813
vt -0.186813 -0.030007
vt 0.186813 -0.030007
vt 0.186813 0.030007
vt -0.186813 0.030007
vt 0.186813 -0.030007
vt -0.186813 -0.030007
vt -0.186813 0.030007
vt 0.186813 0.030007
vt -0.334083 0.038007
vt 0.334083 0.038007
vt 0.334083 0.030007
vt -0.334083 0.030007
vt -0.334083 0.038007
vt 0.334083 0.038007
vt 0.334083 0.030007
vt -0.334083 0.030007
vt -0.334083 -0.038007
vt 0.334083 -0.038007
vt 0.334083 -0.030007
vt -0.334083 -0.030007
vt -0.334083 -0.038007
vt 0.334083 -0.038007
vt 0.334083 -0.030007
vt -0.334083 -0.030007
vt 0.342083 -0.030007
vt 0.342083 0.030007
vt 0.334083 0.030007
vt 0.334083 -0.030007
vt 0.342083 -0.030007
vt 0.342083 0.030007
vt 0.334083 0.030007
vt 0.334083 -0.030007
vt -0.342083 -0.030007
vt -0.342083 0.030007
vt -0.334083 0.030007
vt -0.334083 -0.030007
vt -0.342083 -0.030007
vt -0.342083 0.030007
vt -0.334083 0.030007
vt -0.334083 -0.030007
vt 0.342083 0.030007
vt 0.342083 0.030007
vt 0.334083 0.038007
vt 0.334083 0.038007
vt 0.342083 -0.030007
vt 0.342083 -0.030007
vt 0.334083 -0.038007
vt 0.334083 -0.038007
vt -0.342083 0.030007
vt -0.342083 0.030007
vt -0.334083 0.038007
vt -0.334083 0.038007
vt -0.342083 -0.030007
vt -0.342083 -0.030007
vt -0.334083 -0.038007
vt -0.334083 -0.038007
vt -0.334083 -0.030007
vt -0.334083 -0.038007
vt -0.342083 -0.030007
vt -0.334083 -0.030007
vt -0.334083 -0.038007
vt -0.342083 -0.030007
vt -0.334083 0.030007
vt -0.334083 0.038007
vt -0.342083 0.030007
vt -0.334083 0.030007
vt -0.334083 0.038007
vt -0.342083 0.030007
vt 0.334083 -0.030007
vt 0.334083 -0.038007
vt 0.342083 -0.030007
vt 0.334083 -0.030007
vt 0.334083 -0.038007
vt 0.342083 -0.030007
vt 0.334083 0.030007
vt 0.334083 0.038007
vt 0.342083 0.030007
vt 0.334083 0.030007
vt 0.334083 0.038007
vt 0.342083 0.030007
vt -0.147938 -0.020605
vt 0.147938 -0.020605
vt 0.147938 0.020605
vt -0.147938 0.020605
vt 0.147938 -0.020605
vt -0.147938 -0.020605
vt -0.147938 0.020605
vt 0.147938 0.020605
vt -0.147938 -0.042703
vt 0.147938 -0.042703
vt 0.147938 0.042703
vt -0.147938 0.042703
vt -0.147938 0.042703
vt 0.147938 0.042703
vt 0.147938 -0.042703
vt -0.147938 -0.042703
vt -0.042703 -0.020605
vt 0.042703 -0.020605
vt 0.042703 0.020605
vt -0.042703 0.020605
vt 0.042703 -0.020605
vt -0.042703 -0.020605
vt -0.042703 0.020605
vt 0.042703 0.020605
vt -0.147938 0.026605
vt 0.147938 0.026605
vt 0.147938 0.020605
vt -0.147938 0.020605
vt -0.147938 0.026605
vt 0.147938 0.026605
vt 0.147938 0.020605
vt -0.147938 0.020605
vt -0.147938 -0.026605
vt 0.147938 -0.026605
vt 0.147938 -0.020605
vt -0.147938 -0.020605
vt -0.147938 -0.026605
vt 0.147938 -0.026605
vt 0.147938 -0.020605
vt -0.147938 -0.020605
vt 0.153938 -0.020605
vt 0.153938 0.020605
vt 0.147938 0.020605
vt 0.147938 -0.020605
vt 0.153938 -0.020605
vt 0.153938 0.020605
vt 0.147938 0.020605
vt 0.147938 -0.020605
vt -0.153938 -0.020605
vt -0.153938 0.020605
vt -0.147938 0.020605
vt -0.147938 -0.020605
vt -0.153938 -0.020605
vt -0.153938 0.020605
vt -0.147938 0.020605
vt -0.147938 -0.020605
vt 0.153938 0.020605
vt 0.153938 0.020605
vt 0.147938 0.026605
vt 0.147938 0.026605
vt 0.153938 -0.020605
vt 0.153938 -0.020605
vt 0.147938 -0.026605
vt 0.147938 -0.026605
vt -0.153938 0.020605
vt -0.153938 0.020605
vt -0.147938 0.026605
vt -0.147938 0.026605
vt -0.153938 -0.020605
vt -0.153938 -0.020605
vt -0.147938 -0.026605
vt -0.147938 -0.026605
vt -0.147938 -0.020605
vt -0.147938 -0.026605
vt -0.153938 -0.020605
vt -0.147938 -0.020605
vt -0.147938 -0.026605
vt -0.153938 -0.020605
vt -0.147938 0.020605
vt -0.147938 0.026605
vt -0.153938 0.020605
vt -0.147938 0.020605
vt -0.147938 0.026605
vt -0.153938 0.020605
vt 0.147938 -0.020605
vt 0.147938 -0.026605
vt 0.153938 -0.020605
vt 0.147938 -0.020605
vt 0.147938 -0.026605
vt 0.153938 -0.020605
vt 0.147938 0.020605
vt 0.147938 0.026605
vt 0.153938 0.020605
vt 0.147938 0.020605
vt 0.147938 0.026605
vt 0.153938 0.020605
vt -0.230678 -0.017363
vt 0.230678 -0.017363
vt 0.230678 0.017363
vt -0.230678 0.017363
vt 0.230678 -0.017363
vt -0.230678 -0.017363
vt -0.230678 0.017363
vt 0.230678 0.017363
vt -0.230678 -0.106768
vt 0.230678 -0.106768
vt 0.230678 0.106768
vt -0.230678 0.106768
vt -0.230678 0.106768
vt 0.230678 0.106768
vt 0.230678 -0.106768
vt -0.230678 -0.106768
vt -0.106768 -0.017363
vt 0.106768 -0.017363
vt 0.106768 0.017363
vt -0.106768 0.017363
vt 0.106768 -0.017363
vt -0.106768 -0.017363
vt -0.106768 0.017363
vt 0.106768 0.017363
vt -0.230678 0.025363
vt 0.230678 0.025363
vt 0.230678 0.017363
vt -0.230678 0.017363
vt -0.230678 0.025363
vt 0.230678 0.025363
vt 0.230678 0.017363
vt -0.230678 0.017363
vt -0.230678 -0.025363
vt 0.230678 -0.025363
vt 0.230678 -0.017363
vt -0.230678 -0.017363
vt -0.230678 -0.025363
vt 0.230678 -0.025363
vt 0.230678 -0.017363
vt -0.230678 -0.017363
vt 0.238678 -0.017363
vt 0.238678 0.017363
vt 0.230678 0.017363
vt 0.230678 -0.017363
vt 0.238678 -0.017363
vt 0.238678 0.017363
vt 0.230678 0.017363
vt 0.230678 -0.017363
vt -0.238678 -0.017363
vt -0.238678 0.017363
vt -0.230678 0.017363
vt -0.230678 -0.017363
vt -0.238678 -0.017363
vt -0.238678 0.017363
vt -0.230678 0.017363
vt -0.230678 -0.017363
vt 0.238678 0.017363
vt 0.238678 0.017363
vt 0.230678 0.025363
vt 0.230678 0.025363
vt 0.238678 -0.017363
vt 0.238678 -0.017363
vt 0.230678 -0.025363
vt 0.230678 -0.025363
vt -0.238678 0.017363
vt -0.238678 0.017363
vt -0.230678 0.025363
vt -0.230678 0.025363
vt -0.238678 -0.017363
vt -0.238678 -0.017363
vt -0.230678 -0.025363
vt -0.230678 -0.025363
vt -0.230678 -0.017363
vt -0.230678 -0.025363
vt -0.238678 -0.017363
vt -0.230678 -0.017363
vt -0.230678 -0.025363
vt -0.238678 -0.017363
vt -0.230678 0.017363
vt -0.230678 0.025363
vt -0.238678 0.017363
vt -0.230678 0.017363
vt -0.230678 0.025363
vt -0.238678 0.017363
vt 0.230678 -0.017363
vt 0.230678 -0.025363
vt 0.238678 -0.017363
vt 0.230678 -0.017363
vt 0.230678 -0.025363
vt 0.238678 -0.017363
vt 0.230678 0.017363
vt 0.230678 0.025363
vt 0.238678 0.017363
vt 0.230678 0.017363
vt 0.230678 0.025363
vt 0.238678 0.017363
vt -0.101405 -0.011754
vt 0.101405 -0.011754
vt 0.101405 0.011754
vt -0.101405 0.011754
vt 0.101405 -0.011754
vt -0.101405 -0.011754
vt -0.101405 0.011754
vt 0.101405 0.011754
vt -0.101405 -0.022692
vt 0.101405 -0.022692
vt 0.101405 0.022692
vt -0.101405 0.022692
vt -0.101405 0.022692
vt 0.101405 0.022692
vt 0.101405 -0.022692
vt -0.101405 -0.022692
vt -0.022692 -0.011754
vt 0.022692 -0.011754
vt 0.022692 0.011754
vt -0.022692 0.011754
vt 0.022692 -0.011754
vt -0.022692 -0.011754
vt -0.022692 0.011754
vt 0.022692 0.011754
vt -0.101405 0.017754
vt 0.101405 0.017754
vt 0.101405 0.011754
vt -0.101405 0.011754
vt -0.101405 0.017754
vt 0.101405 0.017754
vt 0.101405 0.011754
vt -0.101405 0.011754
vt -0.101405 -0.017754
vt 0.101405 -0.017754
vt 0.101405 -0.011754
vt -0.101405 -0.011754
vt -0.101405 -0.017754
vt 0.101405 -0.017754
vt 0.101405 -0.011754
vt -0.101405 -0.011754
vt 0.107405 -0.011754
vt 0.107405 0.011754
vt 0.101405 0.011754
vt 0.101405 -0.011754
vt 0.107405 -0.011754
vt 0.107405 0.011754
vt 0.101405 0.011754
vt 0.101405 -0.011754
vt -0.107405 -0.011754
vt -0.107405 0.011754
vt -0.101405 0.011754
vt -0.101405 -0.011754
vt -0.107405 -0.011754
vt -0.107405 0.011754
vt -0.101405 0.011754
vt -0.101405 -0.011754
vt 0.107405 0.011754
vt 0.107405 0.011754
vt 0.101405 0.017754
vt 0.101405 0.017754
vt 0.107405 -0.011754
vt 0.107405 -0.011754
vt 0.101405 -0.017754
vt 0.101405 -0.017754
vt -0.107405 0.011754
vt -0.107405 0.011754
vt -0.101405 0.017754
vt -0.101405 0.017754
vt -0.107405 -0.011754
vt -0.107405 -0.011754
vt -0.101405 -0.017754
vt -0.101405 -0.017754
vt -0.101405 -0.011754
vt -0.101405 -0.017754
vt -0.107405 -0.011754
vt -0.101405 -0.011754
vt -0.101405 -0.017754
vt -0.107405 -0.011754
vt -0.101405 0.011754
vt -0.101405 0.017754
vt -0.107405 0.011754
vt -0.101405 0.011754
vt -0.101405 0.017754
vt -0.107405 0.011754
vt 0.101405 -0.011754
vt 0.101405 -0.017754
vt 0.107405 -0.011754
vt 0.101405 -0.011754
vt 0.101405 -0.017754
vt 0.107405 -0.011754
vt 0.101405 0.011754
vt 0.101405 0.017754
vt 0.107405 0.011754
vt 0.101405 0.011754
vt 0.101405 0.017754
vt 0.107405 0.011754
vt -0.085878 -0.031224
vt 0.085878 -0.031224
vt 0.085878 0.031224
vt -0.085878 0.031224
vt 0.085878 -0.031224
vt -0.085878 -0.031224
vt -0.085878 0.031224
vt 0.085878 0.031224
vt -0.085878 -0.043550
vt 0.085878 -0.043550
vt 0.085878 0.043550
vt -0.085878 0.043550
vt -0.085878 0.043550
vt 0.085878 0.043550
vt 0.085878 -0.043550
vt -0.085878 -0.043550
vt -0.043550 -0.031224
vt 0.043550 -0.031224
vt 0.043550 0.031224
vt -0.043550 0.031224
vt 0.043550 -0.031224
vt -0.043550 -0.031224
vt -0.043550 0.031224
vt 0.043550 0.031224
vt -0.085878 0.037224
vt 0.085878 0.037224
vt 0.085878 0.031224
vt -0.085878 0.031224
vt -0.085878 0.037224
vt 0.085878 0.037224
vt 0.085878 0.031224
vt -0.085878 0.031224
vt -0.085878 -0.037224
vt 0.085878 -0.037224
vt 0.085878 -0.031224
vt -0.085878 -0.031224
vt -0.085878 -0.037224
vt 0.085878 -0.037224
vt 0.085878 -0.031224
vt -0.085878 -0.031224
vt 0.091878 -0.031224
vt 0.091878 0.031224
vt 0.085878 0.031224
vt 0.085878 -0.031224
vt 0.091878 -0.031224
vt 0.091878 0.031224
vt 0.085878 0.031224
vt 0.085878 -0.031224
vt -0.091878 -0.031224
vt -0.091878 0.031224
vt -0.085878 0.031224
vt -0.085878 -0.031224
vt -0.091878 -0.031224
vt -0.091878 0.031224
vt -0.085878 0.031224
vt -0.085878 -0.031224
vt 0.091878 0.031224
vt 0.091878 0.031224
vt 0.085878 0.037224
vt 0.085878 0.037224
vt 0.091878 -0.031224
vt 0.091878 -0.031224
vt 0.085878 -0.037224
vt 0.085878 -0.037224
vt -0.091878 0.031224
vt -0.091878 0.031224
vt -0.085878 0.037224
vt -0.085878 0.037224
vt -0.091878 -0.031224
vt -0.091878 -0.031224
vt -0.085878 -0.037224
vt -0.085878 -0.037224
vt -0.085878 -0.031224
vt -0.085878 -0.037224
vt -0.091878 -0.031224
vt -0.085878 -0.031224
vt -0.085878 -0.037224
vt -0.091878 -0.031224
vt -0.085878 0.031224
vt -0.085878 0.037224
vt -0.091878 0.031224
vt -0.085878 0.031224
vt -0.085878 0.037224
vt -0.091878 0.031224
vt 0.085878 -0.031224
vt 0.085878 -0.037224
vt 0.091878 -0.031224
vt 0.085878 -0.031224
vt 0.085878 -0.037224
vt 0.091878 -0.031224
vt 0.085878 0.031224
vt 0.085878 0.037224
vt 0.091878 0.031224
vt 0.085878 0.031224
vt 0.085878 0.037224
vt 0.091878 0.031224
vt -0.092151 -0.031595
vt 0.092151 -0.031595
vt 0.092151 0.031595
vt -0.092151 0.031595
vt 0.092151 -0.031595
vt -0.092151 -0.031595
vt -0.092151 0.031595
vt 0.092151 0.031595
vt -0.092151 -0.034915
vt 0.092151 -0.034915
vt 0.092151 0.034915
vt -0.092151 0.034915
vt -0.092151 0.034915
vt 0.092151 0.034915
vt 0.092151 -0.034915
vt -0.092151 -0.034915
vt -0.034915 -0.031595
vt 0.034915 -0.031595
vt 0.034915 0.031595
vt -0.034915 0.031595
vt 0.034915 -0.031595
vt -0.034915 -0.031595
vt -0.034915 0.031595
vt 0.034915 0.031595
vt -0.092151 0.037595
vt 0.092151 0.037595
vt 0.092151 0.031595
vt -0.092151 0.031595
vt -0.092151 0.037595
vt 0.092151 0.037595
vt 0.092151 0.031595
vt -0.092151 0.031595
vt -0.092151 -0.037595
vt 0.092151 -0.037595
vt 0.092151 -0.031595
vt -0.092151 -0.031595
vt -0.092151 -0.037595
vt 0.092151 -0.037595
vt 0.092151 -0.031595
vt -0.092151 -0.031595
vt 0.098151 -0.031595
vt 0.098151 0.031595
vt 0.092151 0.031595
vt 0.092151 -0.031595
vt 0.098151 -0.031595
vt 0.098151 0.031595
vt 0.092151 0.031595
vt 0.092151 -0.031595
vt -0.098151 -0.031595
vt -0.098151 0.031595
vt -0.092151 0.031595
vt -0.092151 -0.031595
vt -0.098151 -0.031595
vt -0.098151 0.031595
vt -0.092151 0.031595
vt -0.092151 -0.031595
vt 0.098151 0.031595
vt 0.098151 0.031595
vt 0.092151 0.037595
vt 0.092151 0.037595
vt 0.098151 -0.031595
vt 0.098151 -0.031595
vt 0.092151 -0.037595
vt 0.092151 -0.037595
vt -0.098151 0.031595
vt -0.098151 0.031595
vt -0.092151 0.037595
vt -0.092151 0.037595
vt -0.098151 -0.031595
vt -0.098151 -0.031595
vt -0.092151 -0.037595
vt -0.092151 -0.037595
vt -0.092151 -0.031595
vt -0.092151 -0.037595
vt -0.098151 -0.031595
vt -0.092151 -0.031595
vt -0.092151 -0.037595
vt -0.098151 -0.031595
vt -0.092151 0.031595
vt -0.092151 0.037595
vt -0.098151 0.031595
vt -0.092151 0.031595
vt -0.092151 0.037595
vt -0.098151 0.031595
vt 0.092151 -0.031595
vt 0.092151 -0.037595
vt 0.098151 -0.031595
vt 0.092151 -0.031595
vt 0.092151 -0.037595
vt 0.098151 -0.031595
vt 0.092151 0.031595
vt 0.092151 0.037595
vt 0.098151 0.031595
vt 0.092151 0.031595
vt 0.092151 0.037595
vt 0.098151 0.031595
vt -0.036135 -0.023496
vt 0.036135 -0.023496
vt 0.036135 0.023496
vt -0.036135 0.023496
vt 0.036135 -0.023496
vt -0.036135 -0.023496
vt -0.036135 0.023496
vt 0.036135 0.023496
vt -0.036135 -0.051690
vt 0.036135 -0.051690
vt 0.036135 0.051690
vt -0.036135 0.051690
vt -0.036135 0.051690
vt 0.036135 0.051690
vt 0.036135 -0.051690
vt -0.036135 -0.051690
vt -0.051690 -0.023496
vt 0.051690 -0.023496
vt 0.051690 0.023496
vt -0.051690 0.023496
vt 0.051690 -0.023496
vt -0.051690 -0.023496
vt -0.051690 0.023496
vt 0.051690 0.023496
vt -0.036135 0.029496
vt 0.036135 0.029496
vt 0.036135 0.023496
vt -0.036135 0.023496
vt -0.036135 0.029496
vt 0.036135 0.029496
vt 0.036135 0.023496
vt -0.036135 0.023496
vt -0.036135 -0.029496
vt 0.036135 -0.029496
vt 0.036135 -0.023496
vt -0.036135 -0.023496
vt -0.036135 -0.029496
vt 0.036135 -0.029496
vt 0.036135 -0.023496
vt -0.036135 -0.023496
vt 0.042135 -0.023496
vt 0.042135 0.023496
vt 0.036135 0.023496
vt 0.036135 -0.023496
vt 0.042135 -0.023496
vt 0.042135 0.023496
vt 0.036135 0.023496
vt 0.036135 -0.023496
vt -0.042135 -0.023496
vt -0.042135 0.023496
vt -0.036135 0.023496
vt -0.036135 -0.023496
vt -0.042135 -0.023496
vt -0.042135 0.023496
vt -0.036135 0.023496
vt -0.036135 -0.023496
vt 0.042135 0.023496
vt 0.042135 0.023496
vt 0.036135 0.029496
vt 0.036135 0.029496
vt 0.042135 -0.023496
vt 0.042135 -0.023496
vt 0.036135 -0.029496
vt 0.036135 -0.029496
vt -0.042135 0.023496
vt -0.042135 0.023496
vt -0.036135 0.029496
vt -0.036135 0.029496
vt -0.042135 -0.023496
vt -0.042135 -0.023496
vt -0.036135 -0.029496
vt -0.036135 -0.029496
vt -0.036135 -0.023496
vt -0.036135 -0.029496
vt -0.042135 -0.023496
vt -0.036135 -0.023496
vt -0.036135 -0.029496
vt -0.042135 -0.023496
vt -0.036135 0.023496
vt -0.036135 0.029496
vt -0.042135 0.023496
vt -0.036135 0.023496
vt -0.036135 0.029496
vt -0.042135 0.023496
vt 0.036135 -0.023496
vt 0.036135 -0.029496
vt 0.042135 -0.023496
vt 0.036135 -0.023496
vt 0.036135 -0.029496
vt 0.042135 -0.023496
vt 0.036135 0.023496
vt 0.036135 0.029496
vt 0.042135 0.023496
vt 0.036135 0.023496
vt 0.036135 0.029496
vt 0.042135 0.023496
vt -0.075205 -0.053587
vt 0.075205 -0.053587
vt 0.075205 0.053587
vt -0.075205 0.053587
vt 0.075205 -0.053587
vt -0.075205 -0.053587
vt -0.075205 0.053587
vt 0.075205 0.053587
vt -0.075205 -0.072838
vt 0.075205 -0.072838
vt 0.075205 0.072838
vt -0.075205 0.072838
vt -0.075205 0.072838
vt 0.075205 0.072838
vt 0.075205 -0.072838
vt -0.075205 -0.072838
vt -0.072838 -0.053587
vt 0.072838 -0.053587
vt 0.072838 0.053587
vt -0.072838 0.053587
vt 0.072838 -0.053587
vt -0.072838 -0.053587
vt -0.072838 0.053587
vt 0.072838 0.053587
vt -0.075205 0.059587
vt 0.075205 0.059587
vt 0.075205 0.053587
vt -0.075205 0.053587
vt -0.075205 0.059587
vt 0.075205 0.059587
vt 0.075205 0.053587
vt -0.075205 0.053587
vt -0.075205 -0.059587
vt 0.075205 -0.059587
vt 0.075205 -0.053587
vt -0.075205 -0.053587
vt -0.075205 -0.059587
vt 0.075205 -0.059587
vt 0.075205 -0.053587
vt -0.075205 -0.053587
vt 0.081205 -0.053587
vt 0.081205 0.053587
vt 0.075205 0.053587
vt 0.075205 -0.053587
vt 0.081205 -0.053587
vt 0.081205 0.053587
vt 0.075205 0.053587
vt 0.075205 -0.053587
vt -0.081205 -0.053587
vt -0.081205 0.053587
vt -0.075205 0.053587
vt -0.075205 -0.053587
vt -0.081205 -0.053587
vt -0.081205 0.053587
vt -0.075205 0.053587
vt -0.075205 -0.053587
vt 0.081205 0.053587
vt 0.081205 0.053587
vt 0.075205 0.059587
vt 0.075205 0.059587
vt 0.081205 -0.053587
vt 0.081205 -0.053587
vt 0.075205 -0.059587
vt 0.075205 -0.059587
vt -0.081205 0.053587
vt -0.081205 0.053587
vt -0.075205 0.059587
vt -0.075205 0.059587
vt -0.081205 -0.053587
vt -0.081205 -0.053587
vt -0.075205 -0.059587
vt -0.075205 -0.059587
vt -0.075205 -0.053587
vt -0.075205 -0.059587
vt -0.081205 -0.053587
vt -0.075205 -0.053587
vt -0.075205 -0.059587
vt -0.081205 -0.053587
vt -0.075205 0.053587
vt -0.075205 0.059587
vt -0.081205 0.053587
vt -0.075205 0.053587
vt -0.075205 0.059587
vt -0.081205 0.053587
vt 0.075205 -0.053587
vt 0.075205 -0.059587
vt 0.081205 -0.053587
vt 0.075205 -0.053587
vt 0.075205 -0.059587
vt 0.081205 -0.053587
vt 0.075205 0.053587
vt 0.075205 0.059587
vt 0.081205 0.053587
vt 0.075205 0.053587
vt 0.075205 0.059587
vt 0.081205 0.053587
vt -0.097037 -0.025255
vt 0.097037 -0.025255
vt 0.097037 0.025255
vt -0.097037 0.025255
vt 0.097037 -0.025255
vt -0.097037 -0.025255
vt -0.097037 0.025255
vt 0.097037 0.025255
vt -0.097037 -0.044680
vt 0.097037 -0.044680
vt 0.097037 0.044680
vt -0.097037 0.044680
vt -0.097037 0.044680
vt 0.097037 0.044680
vt 0.097037 -0.044680
vt -0.097037 -0.044680
vt -0.044680 -0.025255
vt 0.044680 -0.025255
vt 0.044680 0.025255
vt -0.044680 0.025255
vt 0.044680 -0.025255
vt -0.044680 -0.025255
vt -0.044680 0.025255
vt 0.044680 0.025255
vt -0.097037 0.031255
vt 0.097037 0.031255
vt 0.097037 0.025255
vt -0.097037 0.025255
vt -0.097037 0.031255
vt 0.097037 0.031255
vt 0.097037 0.025255
vt -0.097037 0.025255
vt -0.097037 -0.031255
vt 0.097037 -0.031255
vt 0.097037 -0.025255
vt -0.097037 -0.025255
vt -0.097037 -0.031255
vt 0.097037 -0.031255
vt 0.097037 -0.025255
vt -0.097037 -0.025255
vt 0.103037 -0.025255
vt 0.103037 0.025255
vt 0.097037 0.025255
vt 0.097037 -0.025255
vt 0.103037 -0.025255
vt 0.103037 0.025255
vt 0.097037 0.025255
vt 0.097037 -0.025255
vt -0.103037 -0.025255
vt -0.103037 0.025255
vt -0.097037 0.025255
vt -0.097037 -0.025255
vt -0.103037 -0.025255
vt -0.103037 0.025255
vt -0.097037 0.025255
vt -0.097037 -0.025255
vt 0.103037 0.025255
vt 0.103037 0.025255
vt 0.097037 0.031255
vt 0.097037 0.031255
vt 0.103037 -0.025255
vt 0.103037 -0.025255
vt 0.097037 -0.031255
vt 0.097037 -0.031255
vt -0.103037 0.025255
vt -0.103037 0.025255
vt -0.097037 0.031255
vt -0.097037 0.031255
vt -0.103037 -0.025255
vt -0.103037 -0.025255
vt -0.097037 -0.031255
vt -0.097037 -0.031255
vt -0.097037 -0.025255
vt -0.097037 -0.031255
vt -0.103037 -0.025255
vt -0.097037 -0.025255
vt -0.097037 -0.031255
vt -0.103037 -0.025255
vt -0.097037 0.025255
vt -0.097037 0.031255
vt -0.103037 0.025255
vt -0.097037 0.025255
vt -0.097037 0.031255
vt -0.103037 0.025255
vt 0.097037 -0.025255
vt 0.097037 -0.031255
vt 0.103037 -0.025255
vt 0.097037 -0.025255
vt 0.097037 -0.031255
vt 0.103037 -0.025255
vt 0.097037 0.025255
vt 0.097037 0.031255
vt 0.103037 0.025255
vt 0.097037 0.025255
vt 0.097037 0.031255
vt 0.103037 0.025255
vt -0.067225 -0.035753
vt 0.067225 -0.035753
vt 0.067225 0.035753
vt -0.067225 0.035753
vt 0.067225 -0.035753
vt -0.067225 -0.035753
vt -0.067225 0.035753
vt 0.067225 0.035753
vt -0.067225 -0.070789
vt 0.067225 -0.070789
vt 0.067225 0.070789
vt -0.067225 0.070789
vt -0.067225 0.070789
vt 0.067225 0.070789
vt 0.067225 -0.070789
vt -0.067225 -0.070789
vt -0.070789 -0.035753
vt 0.070789 -0.035753
vt 0.070789 0.035753
vt -0.070789 0.035753
vt 0.070789 -0.035753
vt -0.070789 -0.035753
vt -0.070789 0.035753
vt 0.070789 0.035753
vt -0.067225 0.041753
vt 0.067225 0.041753
vt 0.067225 0.035753
vt -0.067225 0.035753
vt -0.067225 0.041753
vt 0.067225 0.041753
vt 0.067225 0.035753
vt -0.067225 0.035753
vt -0.067225 -0.041753
vt 0.067225 -0.041753
vt 0.067225 -0.035753
vt -0.067225 -0.035753
vt -0.067225 -0.041753
vt 0.067225 -0.041753
vt 0.067225 -0.035753
vt -0.067225 -0.035753
vt 0.073225 -0.035753
vt 0.073225 0.035753
vt 0.067225 0.035753
vt 0.067225 -0.035753
vt 0.073225 -0.035753
vt 0.073225 0.035753
vt 0.067225 0.035753
vt 0.067225 -0.035753
vt -0.073225 -0.035753
vt -0.073225 0.035753
vt -0.067225 0.035753
vt -0.067225 -0.035753
vt -0.073225 -0.035753
vt -0.073225 0.035753
vt -0.067225 0.035753
vt -0.067225 -0.035753
vt 0.073225 0.035753
vt 0.073225 0.035753
vt 0.067225 0.041753
vt 0.067225 0.041753
vt 0.073225 -0.035753
vt 0.073225 -0.035753
vt 0.067225 -0.041753
vt 0.067225 -0.041753
vt -0.073225 0.035753
vt -0.073225 0.035753
vt -0.067225 0.041753
vt -0.067225 0.041753
vt -0.073225 -0.035753
vt -0.073225 -0.035753
vt -0.067225 -0.041753
vt -0.067225 -0.041753
vt -0.067225 -0.035753
vt -0.067225 -0.041753
vt -0.073225 -0.035753
vt -0.067225 -0.035753
vt -0.067225 -0.041753
vt -0.073225 -0.035753
vt -0.067225 0.035753
vt -0.067225 0.041753
vt -0.073225 0.035753
vt -0.067225 0.035753
vt -0.067225 0.041753
vt -0.073225 0.035753
vt 0.067225 -0.035753
vt 0.067225 -0.041753
vt 0.073225 -0.035753
vt 0.067225 -0.035753
vt 0.067225 -0.041753
vt 0.073225 -0.035753
vt 0.067225 0.035753
vt 0.067225 0.041753
vt 0.073225 0.035753
vt 0.067225 0.035753
vt 0.067225 0.041753
vt 0.073225 0.035753
vt -0.070475 -0.028610
vt 0.070475 -0.028610
vt 0.070475 0.028610
vt -0.070475 0.028610
vt 0.070475 -0.028610
vt -0.070475 -0.028610
vt -0.070475 0.028610
vt 0.070475 0.028610
vt -0.070475 -0.042593
vt 0.070475 -0.042593
vt 0.070475 0.042593
vt -0.070475 0.042593
vt -0.070475 0.042593
vt 0.070475 0.042593
vt 0.070475 -0.042593
vt -0.070475 -0.042593
vt -0.042593 -0.028610
vt 0.042593 -0.028610
vt 0.042593 0.028610
vt -0.042593 0.028610
vt 0.042593 -0.028610
vt -0.042593 -0.028610
vt -0.042593 0.028610
vt 0.042593 0.028610
vt -0.070475 0.034610
vt 0.070475 0.034610
vt 0.070475 0.028610
vt -0.070475 0.028610
vt -0.070475 0.034610
vt 0.070475 0.034610
vt 0.070475 0.028610
vt -0.070475 0.028610
vt -0.070475 -0.034610
vt 0.070475 -0.034610
vt 0.070475 -0.028610
vt -0.070475 -0.028610
vt -0.070475 -0.034610
vt 0.070475 -0.034610
vt 0.070475 -0.028610
vt -0.070475 -0.028610
vt 0.076475 -0.028610
vt 0.076475 0.028610
vt 0.070475 0.028610
vt 0.070475 -0.028610
vt 0.076475 -0.028610
vt 0.076475 0.028610
vt 0.070475 0.028610
vt 0.070475 -0.028610
vt -0.076475 -0.028610
vt -0.076475 0.028610
vt -0.070475 0.028610
vt -0.070475 -0.028610
vt -0.076475 -0.028610
vt -0.076475 0.028610
vt -0.070475 0.028610
vt -0.070475 -0.028610
vt 0.076475 0.028610
vt 0.076475 0.028610
vt 0.070475 0.034610
vt 0.070475 0.034610
vt 0.076475 -0.028610
vt 0.076475 -0.028610
vt 0.070475 -0.034610
vt 0.070475 -0.034610
vt -0.076475 0.028610
vt -0.076475 0.028610
vt -0.070475 0.034610
vt -0.070475 0.034610
vt -0.076475 -0.028610
vt -0.076475 -0.028610
vt -0.070475 -0.034610
vt -0.070475 -0.034610
vt -0.070475 -0.028610
vt -0.070475 -0.034610
vt -0.076475 -0.028610
vt -0.070475 -0.028610
vt -0.070475 -0.034610
vt -0.076475 -0.028610
vt -0.070475 0.028610
vt -0.070475 0.034610
vt -0.076475 0.028610
vt -0.070475 0.028610
vt -0.070475 0.034610
vt -0.076475 0.028610
vt 0.070475 -0.028610
vt 0.070475 -0.034610
vt 0.076475 -0.028610
vt 0.070475 -0.028610
vt 0.070475 -0.034610
vt 0.076475 -0.028610
vt 0.070475 0.028610
vt 0.070475 0.034610
vt 0.076475 0.028610
vt 0.070475 0.028610
vt 0.070475 0.034610
vt 0.076475 0.028610
vt -0.075520 -0.049529
vt 0.075520 -0.049529
vt 0.075520 0.049529
vt -0.075520 0.049529
vt 0.075520 -0.049529
vt -0.075520 -0.049529
vt -0.075520 0.049529
vt 0.075520 0.049529
vt -0.075520 -0.118565
vt 0.075520 -0.118565
vt 0.075520 0.118565
vt -0.075520 0.118565
vt -0.075520 0.118565
vt 0.075520 0.118565
vt 0.075520 -0.118565
vt -0.075520 -0.118565
vt -0.118565 -0.049529
vt 0.118565 -0.049529
vt 0.118565 0.049529
vt -0.118565 0.049529
vt 0.118565 -0.049529
vt -0.118565 -0.049529
vt -0.118565 0.049529
vt 0.118565 0.049529
vt -0.075520 0.055529
vt 0.075520 0.055529
vt 0.075520 0.049529
vt -0.075520 0.049529
vt -0.075520 0.055529
vt 0.075520 0.055529
vt 0.075520 0.049529
vt -0.075520 0.049529
vt -0.075520 -0.055529
vt 0.075520 -0.055529
vt 0.075520 -0.049529
vt -0.075520 -0.049529
vt -0.075520 -0.055529
vt 0.075520 -0.055529
vt 0.075520 -0.049529
vt -0.075520 -0.049529
vt 0.081520 -0.049529
vt 0.081520 0.049529
vt 0.075520 0.049529
vt 0.075520 -0.049529
vt 0.081520 -0.049529
vt 0.081520 0.049529
vt 0.075520 0.049529
vt 0.075520 -0.049529
vt -0.081520 -0.049529
vt -0.081520 0.049529
vt -0.075520 0.049529
vt -0.075520 -0.049529
vt -0.081520 -0.049529
vt -0.081520 0.049529
vt -0.075520 0.049529
vt -0.075520 -0.049529
vt 0.081520 0.049529
vt 0.081520 0.049529
vt 0.075520 0.055529
vt 0.075520 0.055529
vt 0.081520 -0.049529
vt 0.081520 -0.049529
vt 0.075520 -0.055529
vt 0.075520 -0.055529
vt -0.081520 0.049529
vt -0.081520 0.049529
vt -0.075520 0.055529
vt -0.075520 0.055529
vt -0.081520 -0.049529
vt -0.081520 -0.049529
vt -0.075520 -0.055529
vt -0.075520 -0.055529
vt -0.075520 -0.049529
vt -0.075520 -0.055529
vt -0.081520 -0.049529
vt -0.075520 -0.049529
vt -0.075520 -0.055529
vt -0.081520 -0.049529
vt -0.075520 0.049529
vt -0.075520 0.055529
vt -0.081520 0.049529
vt -0.075520 0.049529
vt -0.075520 0.055529
vt -0.081520 0.049529
vt 0.075520 -0.049529
vt 0.075520 -0.055529
vt 0.081520 -0.049529
vt 0.075520 -0.049529
vt 0.075520 -0.055529
vt 0.081520 -0.049529
vt 0.075520 0.049529
vt 0.075520 0.055529
vt 0.081520 0.049529
vt 0.075520 0.049529
vt 0.075520 0.055529
vt 0.081520 0.049529
vt -0.107934 -0.022314
vt 0.107934 -0.022314
vt 0.107934 0.022314
vt -0.107934 0.022314
vt 0.107934 -0.022314
vt -0.107934 -0.022314
vt -0.107934 0.022314
vt 0.107934 0.022314
vt -0.107934 -0.048609
vt 0.107934 -0.048609
vt 0.107934 0.048609
vt -0.107934 0.048609
vt -0.107934 0.048609
vt 0.107934 0.048609
vt 0.107934 -0.048609
vt -0.107934 -0.048609
vt -0.048609 -0.022314
vt 0.048609 -0.022314
vt 0.048609 0.022314
vt -0.048609 0.022314
vt 0.048609 -0.022314
vt -0.048609 -0.022314
vt -0.048609 0.022314
vt 0.048609 0.022314
vt -0.107934 0.028314
vt 0.107934 0.028314
vt 0.107934 0.022314
vt -0.107934 0.022314
vt -0.107934 0.028314
vt 0.107934 0.028314
vt 0.107934 0.022314
vt -0.107934 0.022314
vt -0.107934 -0.028314
vt 0.107934 -0.028314
vt 0.107934 -0.022314
vt -0.107934 -0.022314
vt -0.107934 -0.028314
vt 0.107934 -0.028314
vt 0.107934 -0.022314
vt -0.107934 -0.022314
vt 0.113934 -0.022314
vt 0.113934 0.022314
vt 0.107934 0.022314
vt 0.107934 -0.022314
vt 0.113934 -0.022314
vt 0.113934 0.022314
vt 0.107934 0.022314
vt 0.107934 -0.022314
vt -0.113934 -0.022314
vt -0.113934 0.022314
vt -0.107934 0.022314
vt -0.107934 -0.022314
vt -0.113934 -0.022314
vt -0.113934 0.022314
vt -0.107934 0.022314
vt -0.107934 -0.022314
vt 0.113934 0.022314
vt 0.113934 0.022314
vt 0.107934 0.028314
vt 0.107934 0.028314
vt 0.113934 -0.022314
vt 0.113934 -0.022314
vt 0.107934 -0.028314
vt 0.107934 -0.028314
vt -0.113934 0.022314
vt -0.113934 0.022314
vt -0.107934 0.028314
vt -0.107934 0.028314
vt -0.113934 -0.022314
vt -0.113934 -0.022314
vt -0.107934 -0.028314
vt -0.107934 -0.028314
vt -0.107934 -0.022314
vt -0.107934 -0.028314
vt -0.113934 -0.022314
vt -0.107934 -0.022314
vt -0.107934 -0.028314
vt -0.113934 -0.022314
vt -0.107934 0.022314
vt -0.107934 0.028314
vt -0.113934 0.022314
vt -0.107934 0.022314
vt -0.107934 0.028314
vt -0.113934 0.022314
vt 0.107934 -0.022314
vt 0.107934 -0.028314
vt 0.113934 -0.022314
vt 0.107934 -0.022314
vt 0.107934 -0.028314
vt 0.113934 -0.022314
vt 0.107934 0.022314
vt 0.107934 0.028314
vt 0.113934 0.022314
vt 0.107934 0.022314
vt 0.107934 0.028314
vt 0.113934 0.022314
vt -0.052398 -0.031247
vt 0.052398 -0.031247
vt 0.052398 0.031247
vt -0.052398 0.031247
vt 0.052398 -0.031247
vt -0.052398 -0.031247
vt -0.052398 0.031247
vt 0.052398 0.031247
vt -0.052398 -0.091245
vt 0.052398 -0.091245
vt 0.052398 0.091245
vt -0.052398 0.091245
vt -0.052398 0.091245
vt 0.052398 0.091245
vt 0.052398 -0.091245
vt -0.052398 -0.091245
vt -0.091245 -0.031247
vt 0.091245 -0.031247
vt 0.091245 0.031247
vt -0.091245 0.031247
vt 0.091245 -0.031247
vt -0.091245 -0.031247
vt -0.091245 0.031247
vt 0.091245 0.031247
vt -0.052398 0.037247
vt 0.052398 0.037247
vt 0.052398 0.031247
vt -0.052398 0.031247
vt -0.052398 0.037247
vt 0.052398 0.037247
vt 0.052398 0.031247
vt -0.052398 0.031247
vt -0.052398 -0.037247
vt 0.052398 -0.037247
vt 0.052398 -0.031247
vt -0.052398 -0.031247
vt -0.052398 -0.037247
vt 0.052398 -0.037247
vt 0.052398 -0.031247
vt -0.052398 -0.031247
vt 0.058398 -0.031247
vt 0.058398 0.031247
vt 0.052398 0.031247
vt 0.052398 -0.031247
vt 0.058398 -0.031247
vt 0.058398 0.031247
vt 0.052398 0.031247
vt 0.052398 -0.031247
vt -0.058398 -0.031247
vt -0.058398 0.031247
vt -0.052398 0.031247
vt -0.052398 -0.031247
vt -0.058398 -0.031247
vt -0.058398 0.031247
vt -0.052398 0.031247
vt -0.052398 -0.031247
vt 0.058398 0.031247
vt 0.058398 0.031247
vt 0.052398 0.037247
vt 0.052398 0.037247
vt 0.058398 -0.031247
vt 0.058398 -0.031247
vt 0.052398 -0.037247
vt 0.052398 -0.037247
vt -0.058398 0.031247
vt -0.058398 0.031247
vt -0.052398 0.037247
vt -0.052398 0.037247
vt -0.058398 -0.031247
vt -0.058398 -0.031247
vt -0.052398 -0.037247
vt -0.052398 -0.037247
vt -0.052398 -0.031247
vt -0.052398 -0.037247
vt -0.058398 -0.031247
vt -0.052398 -0.031247
vt -0.052398 -0.037247
vt -0.058398 -0.031247
vt -0.052398 0.031247
vt -0.052398 0.037247
vt -0.058398 0.031247
vt -0.052398 0.031247
vt -0.052398 0.037247
vt -0.058398 0.031247
vt 0.052398 -0.031247
vt 0.052398 -0.037247
vt 0.058398 -0.031247
vt 0.052398 -0.031247
vt 0.052398 -0.037247
vt 0.058398 -0.031247
vt 0.052398 0.031247
vt 0.052398 0.037247
vt 0.058398 0.031247
vt 0.052398 0.031247
vt 0.052398 0.037247
vt 0.058398 0.031247
vt -0.097910 -0.024932
vt 0.097910 -0.024932
vt 0.097910 0.024932
vt -0.097910 0.024932
vt 0.097910 -0.024932
vt -0.097910 -0.024932
vt -0.097910 0.024932
vt 0.097910 0.024932
vt -0.097910 -0.117979
vt 0.097910 -0.117979
vt 0.097910 0.117979
vt -0.097910 0.117979
vt -0.097910 0.117979
vt 0.097910 0.117979
vt 0.097910 -0.117979
vt -0.097910 -0.117979
vt -0.117979 -0.024932
vt 0.117979 -0.024932
vt 0.117979 0.024932
vt -0.117979 0.024932
vt 0.117979 -0.024932
vt -0.117979 -0.024932
vt -0.117979 0.024932
vt 0.117979 0.024932
vt -0.097910 0.030932
vt 0.097910 0.030932
vt 0.097910 0.024932
vt -0.097910 0.024932
vt -0.097910 0.030932
vt 0.097910 0.030932
vt 0.097910 0.024932
vt -0.097910 0.024932
vt -0.097910 -0.030932
vt 0.097910 -0.030932
vt 0.097910 -0.024932
vt -0.097910 -0.024932
vt -0.097910 -0.030932
vt 0.097910 -0.030932
vt 0.097910 -0.024932
vt -0.097910 -0.024932
vt 0.103910 -0.024932
vt 0.103910 0.024932
vt 0.097910 0.024932
vt 0.097910 -0.024932
vt 0.103910 -0.024932
vt 0.103910 0.024932
vt 0.097910 0.024932
vt 0.097910 -0.024932
vt -0.103910 -0.024932
vt -0.103910 0.024932
vt -0.097910 0.024932
vt -0.097910 -0.024932
vt -0.103910 -0.024932
vt -0.103910 0.024932
vt -0.097910 0.024932
vt -0.097910 -0.024932
vt 0.103910 0.024932
vt 0.103910 0.024932
vt 0.097910 0.030932
vt 0.097910 0.030932
vt 0.103910 -0.024932
vt 0.103910 -0.024932
vt 0.097910 -0.030932
vt 0.097910 -0.030932
vt -0.103910 0.024932
vt -0.103910 0.024932
vt -0.097910 0.030932
vt -0.097910 0.030932
vt -0.103910 -0.024932
vt -0.103910 -0.024932
vt -0.097910 -0.030932
vt -0.097910 -0.030932
vt -0.097910 -0.024932
vt -0.097910 -0.030932
vt -0.103910 -0.024932
vt -0.097910 -0.024932
vt -0.097910 -0.030932
vt -0.103910 -0.024932
vt -0.097910 0.024932
vt -0.097910 0.030932
vt -0.103910 0.024932
vt -0.097910 0.024932
vt -0.097910 0.030932
vt -0.103910 0.024932
vt 0.097910 -0.024932
vt 0.097910 -0.030932
vt 0.103910 -0.024932
vt 0.097910 -0.024932
vt 0.097910 -0.030932
vt 0.103910 -0.024932
vt 0.097910 0.024932
vt 0.097910 0.030932
vt 0.103910 0.024932
vt 0.097910 0.024932
vt 0.097910 0.030932
vt 0.103910 0.024932
vt -0.044353 -0.024658
vt 0.044353 -0.024658
vt 0.044353 0.024658
vt -0.044353 0.024658
vt 0.044353 -0.024658
vt -0.044353 -0.024658
vt -0.044353 0.024658
vt 0.044353 0.024658
vt -0.044353 -0.053190
vt 0.044353 -0.053190
vt 0.044353 0.053190
vt -0.044353 0.053190
vt -0.044353 0.053190
vt 0.044353 0.053190
vt 0.044353 -0.053190
vt -0.044353 -0.053190
vt -0.053190 -0.024658
vt 0.053190 -0.024658
vt 0.053190 0.024658
vt -0.053190 0.024658
vt 0.053190 -0.024658
vt -0.053190 -0.024658
vt -0.053190 0.024658
vt 0.053190 0.024658
vt -0.044353 0.030658
vt 0.044353 0.030658
vt 0.044353 0.024658
vt -0.044353 0.024658
vt -0.044353 0.030658
vt 0.044353 0.030658
vt 0.044353 0.024658
vt -0.044353 0.024658
vt -0.044353 -0.030658
vt 0.044353 -0.030658
vt 0.044353 -0.024658
vt -0.044353 -0.024658
vt -0.044353 -0.030658
vt 0.044353 -0.030658
vt 0.044353 -0.024658
vt -0.044353 -0.024658
vt 0.050353 -0.024658
vt 0.050353 0.024658
vt 0.044353 0.024658
vt 0.044353 -0.024658
vt 0.050353 -0.024658
vt 0.050353 0.024658
vt 0.044353 0.024658
vt 0.044353 -0.024658
vt -0.050353 -0.024658
vt -0.050353 0.024658
vt -0.044353 0.024658
vt -0.044353 -0.024658
vt -0.050353 -0.024658
vt -0.050353 0.024658
vt -0.044353 0.024658
vt -0.044353 -0.024658
vt 0.050353 0.024658
vt 0.050353 0.024658
vt 0.044353 0.030658
vt 0.044353 0.030658
vt 0.050353 -0.024658
vt 0.050353 -0.024658
vt 0.044353 -0.030658
vt 0.044353 -0.030658
vt -0.050353 0.024658
vt -0.050353 0.024658
vt -0.044353 0.030658
vt -0.044353 0.030658
vt -0.050353 -0.024658
vt -0.050353 -0.024658
vt -0.044353 -0.030658
vt -0.044353 -0.030658
vt -0.044353 -0.024658
vt -0.044353 -0.030658
vt -0.050353 -0.024658
vt -0.044353 -0.024658
vt -0.044353 -0.030658
vt -0.050353 -0.024658
vt -0.044353 0.024658
vt -0.044353 0.030658
vt -0.050353 0.024658
vt -0.044353 0.024658
vt -0.044353 0.030658
vt -0.050353 0.024658
vt 0.044353 -0.024658
vt 0.044353 -0.030658
vt 0.050353 -0.024658
vt 0.044353 -0.024658
vt 0.044353 -0.030658
vt 0.050353 -0.024658
vt 0.044353 0.024658
vt 0.044353 0.030658
vt 0.050353 0.024658
vt 0.044353 0.024658
vt 0.044353 0.030658
vt 0.050353 0.024658
vt -0.106500 -0.029672
vt 0.106500 -0.029672
vt 0.106500 0.029672
vt -0.106500 0.029672
vt 0.106500 -0.029672
vt -0.106500 -0.029672
vt -0.106500 0.029672
vt 0.106500 0.029672
vt -0.106500 -0.051537
vt 0.106500 -0.051537
vt 0.106500 0.051537
vt -0.106500 0.051537
vt -0.106500 0.051537
vt 0.106500 0.051537
vt 0.106500 -0.051537
vt -0.106500 -0.051537
vt -0.051537 -0.029672
vt 0.051537 -0.029672
vt 0.051537 0.029672
vt -0.051537 0.029672
vt 0.051537 -0.029672
vt -0.051537 -0.029672
vt -0.051537 0.029672
vt 0.051537 0.029672
vt -0.106500 0.035672
vt 0.106500 0.035672
vt 0.106500 0.029672
vt -0.106500 0.029672
vt -0.106500 0.035672
vt 0.106500 0.035672
vt 0.106500 0.029672
vt -0.106500 0.029672
vt -0.106500 -0.035672
vt 0.106500 -0.035672
vt 0.106500 -0.029672
vt -0.106500 -0.029672
vt -0.106500 -0.035672
vt 0.106500 -0.035672
vt 0.106500 -0.029672
vt -0.106500 -0.029672
vt 0.112500 -0.029672
vt 0.112500 0.029672
vt 0.106500 0.029672
vt 0.106500 -0.029672
vt 0.112500 -0.029672
vt 0.112500 0.029672
vt 0.106500 0.029672
vt 0.106500 -0.029672
vt -0.112500 -0.029672
vt -0.112500 0.029672
vt -0.106500 0.029672
vt -0.106500 -0.029672
vt -0.112500 -0.029672
vt -0.112500 0.029672
vt -0.106500 0.029672
vt -0.106500 -0.029672
vt 0.112500 0.029672
vt 0.112500 0.029672
vt 0.106500 0.035672
vt 0.106500 0.035672
vt 0.112500 -0.029672
vt 0.112500 -0.029672
vt 0.106500 -0.035672
vt 0.106500 -0.035672
vt -0.112500 0.029672
vt -0.112500 0.029672
vt -0.106500 0.035672
vt -0.106500 0.035672
vt -0.112500 -0.029672
vt -0.112500 -0.029672
vt -0.106500 -0.035672
vt -0.106500 -0.035672
vt -0.106500 -0.029672
vt -0.106500 -0.035672
vt -0.112500 -0.029672
vt -0.106500 -0.029672
vt -0.106500 -0.035672
vt -0.112500 -0.029672
vt -0.106500 0.029672
vt -0.106500 0.035672
vt -0.112500 0.029672
vt -0.106500 0.029672
vt -0.106500 0.035672
vt -0.112500 0.029672
vt 0.106500 -0.029672
vt 0.106500 -0.035672
vt 0.112500 -0.029672
vt 0.106500 -0.029672
vt 0.106500 -0.035672
vt 0.112500 -0.029672
vt 0.106500 0.029672
vt 0.106500 0.035672
vt 0.112500 0.029672
vt 0.106500 0.029672
vt 0.106500 0.035672
vt 0.112500 0.029672
vt -0.041116 -0.038478
vt 0.041116 -0.038478
vt 0.041116 0.038478
vt -0.041116 0.038478
vt 0.041116 -0.038478
vt -0.041116 -0.038478
vt -0.041116 0.038478
vt 0.041116 0.038478
vt -0.041116 -0.058707
vt 0.041116 -0.058707
vt 0.041116 0.058707
vt -0.041116 0.058707
vt -0.041116 0.058707
vt 0.041116 0.058707
vt 0.041116 -0.058707
vt -0.041116 -0.058707
vt -0.058707 -0.038478
vt 0.058707 -0.038478
vt 0.058707 0.038478
vt -0.058707 0.038478
vt 0.058707 -0.038478
vt -0.058707 -0.038478
vt -0.058707 0.038478
vt 0.058707 0.038478
vt -0.041116 0.044478
vt 0.041116 0.044478
vt 0.041116 0.038478
vt -0.041116 0.038478
vt -0.041116 0.044478
vt 0.041116 0.044478
vt 0.041116 0.038478
vt -0.041116 0.038478
vt -0.041116 -0.044478
vt 0.041116 -0.044478
vt 0.041116 -0.038478
vt -0.041116 -0.038478
vt -0.041116 -0.044478
vt 0.041116 -0.044478
vt 0.041116 -0.038478
vt -0.041116 -0.038478
vt 0.047116 -0.038478
vt 0.047116 0.038478
vt 0.041116 0.038478
vt 0.041116 -0.038478
vt 0.047116 -0.038478
vt 0.047116 0.038478
vt 0.041116 0.038478
vt 0.041116 -0.038478
vt -0.047116 -0.038478
vt -0.047116 0.038478
vt -0.041116 0.038478
vt -0.041116 -0.038478
vt -0.047116 -0.038478
vt -0.047116 0.038478
vt -0.041116 0.038478
vt -0.041116 -0.038478
vt 0.047116 0.038478
vt 0.047116 0.038478
vt 0.041116 0.044478
vt 0.041116 0.044478
vt 0.047116 -0.038478
vt 0.047116 -0.038478
vt 0.041116 -0.044478
vt 0.041116 -0.044478
vt -0.047116 0.038478
vt -0.047116 0.038478
vt -0.041116 0.044478
vt -0.041116 0.044478
vt -0.047116 -0.038478
vt -0.047116 -0.038478
vt -0.041116 -0.044478
vt -0.041116 -0.044478
vt -0.041116 -0.038478
vt -0.041116 -0.044478
vt -0.047116 -0.038478
vt -0.041116 -0.038478
vt -0.041116 -0.044478
vt -0.047116 -0.038478
vt -0.041116 0.038478
vt -0.041116 0.044478
vt -0.047116 0.038478
vt -0.041116 0.038478
vt -0.041116 0.044478
vt -0.047116 0.038478
vt 0.041116 -0.038478
vt 0.041116 -0.044478
vt 0.047116 -0.038478
vt 0.041116 -0.038478
vt 0.041116 -0.044478
vt 0.047116 -0.038478
vt 0.041116 0.038478
vt 0.041116 0.044478
vt 0.047116 0.038478
vt 0.041116 0.038478
vt 0.041116 0.044478
vt 0.047116 0.038478
vt -0.043589 -0.022695
vt 0.043589 -0.022695
vt 0.043589 0.022695
vt -0.043589 0.022695
vt 0.043589 -0.022695
vt -0.043589 -0.022695
vt -0.043589 0.022695
vt 0.043589 0.022695
vt -0.043589 -0.047058
vt 0.043589 -0.047058
vt 0.043589 0.047058
vt -0.043589 0.047058
vt -0.043589 0.047058
vt 0.043589 0.047058
vt 0.043589 -0.047058
vt -0.043589 -0.047058
vt -0.047058 -0.022695
vt 0.047058 -0.022695
vt 0.047058 0.022695
vt -0.047058 0.022695
vt 0.047058 -0.022695
vt -0.047058 -0.022695
vt -0.047058 0.022695
vt 0.047058 0.022695
vt -0.043589 0.028695
vt 0.043589 0.028695
vt 0.043589 0.022695
vt -0.043589 0.022695
vt -0.043589 0.028695
vt 0.043589 0.028695
vt 0.043589 0.022695
vt -0.043589 0.022695
vt -0.043589 -0.028695
vt 0.043589 -0.028695
vt 0.043589 -0.022695
vt -0.043589 -0.022695
vt -0.043589 -0.028695
vt 0.043589 -0.028695
vt 0.043589 -0.022695
vt -0.043589 -0.022695
vt 0.049589 -0.022695
vt 0.049589 0.022695
vt 0.043589 0.022695
vt 0.043589 -0.022695
vt 0.049589 -0.022695
vt 0.049589 0.022695
vt 0.043589 0.022695
vt 0.043589 -0.022695
vt -0.049589 -0.022695
vt -0.049589 0.022695
vt -0.043589 0.022695
vt -0.043589 -0.022695
vt -0.049589 -0.022695
vt -0.049589 0.022695
vt -0.043589 0.022695
vt -0.043589 -0.022695
vt 0.049589 0.022695
vt 0.049589 0.022695
vt 0.043589 0.028695
vt 0.043589 0.028695
vt 0.049589 -0.022695
vt 0.049589 -0.022695
vt 0.043589 -0.028695
vt 0.043589 -0.028695
vt -0.049589 0.022695
vt -0.049589 0.022695
vt -0.043589 0.028695
vt -0.043589 0.028695
vt -0.049589 -0.022695
vt -0.049589 -0.022695
vt -0.043589 -0.028695
vt -0.043589 -0.028695
vt -0.043589 -0.022695
vt -0.043589 -0.028695
vt -0.049589 -0.022695
vt -0.043589 -0.022695
vt -0.043589 -0.028695
vt -0.049589 -0.022695
vt -0.043589 0.022695
vt -0.043589 0.028695
vt -0.049589 0.022695
vt -0.043589 0.022695
vt -0.043589 0.028695
vt -0.049589 0.022695
vt 0.043589 -0.022695
vt 0.043589 -0.028695
vt 0.049589 -0.022695
vt 0.043589 -0.022695
vt 0.043589 -0.028695
vt 0.049589 -0.022695
vt 0.043589 0.022695
vt 0.043589 0.028695
vt 0.049589 0.022695
vt 0.043589 0.022695
vt 0.043589 0.028695
vt 0.049589 0.022695
vt -0.099947 -0.022537
vt 0.099947 -0.022537
vt 0.099947 0.022537
vt -0.099947 0.022537
vt 0.099947 -0.022537
vt -0.099947 -0.022537
vt -0.099947 0.022537
vt 0.099947 0.022537
vt -0.099947 -0.092804
vt 0.099947 -0.092804
vt 0.099947 0.092804
vt -0.099947 0.092804
vt -0.099947 0.092804
vt 0.099947 0.092804
vt 0.099947 -0.092804
vt -0.099947 -0.092804
vt -0.092804 -0.022537
vt 0.092804 -0.022537
vt 0.092804 0.022537
vt -0.092804 0.022537
vt 0.092804 -0.022537
vt -0.092804 -0.022537
vt -0.092804 0.022537
vt 0.092804 0.022537
vt -0.099947 0.028537
vt 0.099947 0.028537
vt 0.099947 0.022537
vt -0.099947 0.022537
vt -0.099947 0.028537
vt 0.099947 0.028537
vt 0.099947 0.022537
vt -0.099947 0.022537
vt -0.099947 -0.028537
vt 0.099947 -0.028537
vt 0.099947 -0.022537
vt -0.099947 -0.022537
vt -0.099947 -0.028537
vt 0.099947 -0.028537
vt 0.099947 -0.022537
vt -0.099947 -0.022537
vt 0.105947 -0.022537
vt 0.105947 0.022537
vt 0.099947 0.022537
vt 0.099947 -0.022537
vt 0.105947 -0.022537
vt 0.105947 0.022537
vt 0.099947 0.022537
vt 0.099947 -0.022537
vt -0.105947 -0.022537
vt -0.105947 0.022537
vt -0.099947 0.022537
vt -0.099947 -0.022537
vt -0.105947 -0.022537
vt -0.105947 0.022537
vt -0.099947 0.022537
vt -0.099947 -0.022537
vt 0.105947 0.022537
vt 0.105947 0.022537
vt 0.099947 0.028537
vt 0.099947 0.028537
vt 0.105947 -0.022537
vt 0.105947 -0.022537
vt 0.099947 -0.028537
vt 0.099947 -0.028537
vt -0.105947 0.022537
vt -0.105947 0.022537
vt -0.099947 0.028537
vt -0.099947 0.028537
vt -0.105947 -0.022537
vt -0.105947 -0.022537
vt -0.099947 -0.028537
vt -0.099947 -0.028537
vt -0.099947 -0.022537
vt -0.099947 -0.028537
vt -0.105947 -0.022537
vt -0.099947 -0.022537
vt -0.099947 -0.028537
vt -0.105947 -0.022537
vt -0.099947 0.022537
vt -0.099947 0.028537
vt -0.105947 0.022537
vt -0.099947 0.022537
vt -0.099947 0.028537
vt -0.105947 0.022537
vt 0.099947 -0.022537
vt 0.099947 -0.028537
vt 0.105947 -0.022537
vt 0.099947 -0.022537
vt 0.099947 -0.028537
vt 0.105947 -0.022537
vt 0.099947 0.022537
vt 0.099947 0.028537
vt 0.105947 0.022537
vt 0.099947 0.022537
vt 0.099947 0.028537
vt 0.105947 0.022537
vt -0.077462 -0.028678
vt 0.077462 -0.028678
vt 0.077462 0.028678
vt -0.077462 0.028678
vt 0.077462 -0.028678
vt -0.077462 -0.028678
vt -0.077462 0.028678
vt 0.077462 0.028678
vt -0.077462 -0.044704
vt 0.077462 -0.044704
vt 0.077462 0.044704
vt -0.077462 0.044704
vt -0.077462 0.044704
vt 0.077462 0.044704
vt 0.077462 -0.044704
vt -0.077462 -0.044704
vt -0.044704 -0.028678
vt 0.044704 -0.028678
vt 0.044704 0.028678
vt -0.044704 0.028678
vt 0.044704 -0.028678
vt -0.044704 -0.028678
vt -0.044704 0.028678
vt 0.044704 0.028678
vt -0.077462 0.034678
vt 0.077462 0.034678
vt 0.077462 0.028678
vt -0.077462 0.028678
vt -0.077462 0.034678
vt 0.077462 0.034678
vt 0.077462 0.028678
vt -0.077462 0.028678
vt -0.077462 -0.034678
vt 0.077462 -0.034678
vt 0.077462 -0.028678
vt -0.077462 -0.028678
vt -0.077462 -0.034678
vt 0.077462 -0.034678
vt 0.077462 -0.028678
vt -0.077462 -0.028678
vt 0.083462 -0.028678
vt 0.083462 0.028678
vt 0.077462 0.028678
vt 0.077462 -0.028678
vt 0.083462 -0.028678
vt 0.083462 0.028678
vt 0.077462 0.028678
vt 0.077462 -0.028678
vt -0.083462 -0.028678
vt -0.083462 0.028678
vt -0.077462 0.028678
vt -0.077462 -0.028678
vt -0.083462 -0.028678
vt -0.083462 0.028678
vt -0.077462 0.028678
vt -0.077462 -0.028678
vt 0.083462 0.028678
vt 0.083462 0.028678
vt 0.077462 0.034678
vt 0.077462 0.034678
vt 0.083462 -0.028678
vt 0.083462 -0.028678
vt 0.077462 -0.034678
vt 0.077462 -0.034678
vt -0.083462 0.028678
vt -0.083462 0.028678
vt -0.077462 0.034678
vt -0.077462 0.034678
vt -0.083462 -0.028678
vt -0.083462 -0.028678
vt -0.077462 -0.034678
vt -0.077462 -0.034678
vt -0.077462 -0.028678
vt -0.077462 -0.034678
vt -0.083462 -0.028678
vt -0.077462 -0.028678
vt -0.077462 -0.034678
vt -0.083462 -0.028678
vt -0.077462 0.028678
vt -0.077462 0.034678
vt -0.083462 0.028678
vt -0.077462 0.028678
vt -0.077462 0.034678
vt -0.083462 0.028678
vt 0.077462 -0.028678
vt 0.077462 -0.034678
vt 0.083462 -0.028678
vt 0.077462 -0.028678
vt 0.077462 -0.034678
vt 0.083462 -0.028678
vt 0.077462 0.028678
vt 0.077462 0.034678
vt 0.083462 0.028678
vt 0.077462 0.028678
vt 0.077462 0.034678
vt 0.083462 0.028678
vt -0.083061 -0.060672
vt 0.083061 -0.060672
vt 0.083061 0.060672
vt -0.083061 0.060672
vt 0.083061 -0.060672
vt -0.083061 -0.060672
vt -0.083061 0.060672
vt 0.083061 0.060672
vt -0.083061 -0.097543
vt 0.083061 -0.097543
vt 0.083061 0.097543
vt -0.083061 0.097543
vt -0.083061 0.097543
vt 0.083061 0.097543
vt 0.083061 -0.097543
vt -0.083061 -0.097543
vt -0.097543 -0.060672
vt 0.097543 -0.060672
vt 0.097543 0.060672
vt -0.097543 0.060672
vt 0.097543 -0.060672
vt -0.097543 -0.060672
vt -0.097543 0.060672
vt 0.097543 0.060672
vt -0.083061 0.066672
vt 0.083061 0.066672
vt 0.083061 0.060672
vt -0.083061 0.060672
vt -0.083061 0.066672
vt 0.083061 0.066672
vt 0.083061 0.060672
vt -0.083061 0.060672
vt -0.083061 -0.066672
vt 0.083061 -0.066672
vt 0.083061 -0.060672
vt -0.083061 -0.060672
vt -0.083061 -0.066672
vt 0.083061 -0.066672
vt 0.083061 -0.060672
vt -0.083061 -0.060672
vt 0.089061 -0.060672
vt 0.089061 0.060672
vt 0.083061 0.060672
vt 0.083061 -0.060672
vt 0.089061 -0.060672
vt 0.089061 0.060672
vt 0.083061 0.060672
vt 0.083061 -0.060672
vt -0.089061 -0.060672
vt -0.089061 0.060672
vt -0.083061 0.060672
vt -0.083061 -0.060672
vt -0.089061 -0.060672
vt -0.089061 0.060672
vt -0.083061 0.060672
vt -0.083061 -0.060672
vt 0.089061 0.060672
vt 0.089061 0.060672
vt 0.083061 0.066672
vt 0.083061 0.066672
vt 0.089061 -0.060672
vt 0.089061 -0.060672
vt 0.083061 -0.066672
vt 0.083061 -0.066672
vt -0.089061 0.060672
vt -0.089061 0.060672
vt -0.083061 0.066672
vt -0.083061 0.066672
vt -0.089061 -0.060672
vt -0.089061 -0.060672
vt -0.083061 -0.066672
vt -0.083061 -0.066672
vt -0.083061 -0.060672
vt -0.083061 -0.066672
vt -0.089061 -0.060672
vt -0.083061 -0.060672
vt -0.083061 -0.066672
vt -0.089061 -0.060672
vt -0.083061 0.060672
vt -0.083061 0.066672
vt -0.089061 0.060672
vt -0.083061 0.060672
vt -0.083061 0.066672
vt -0.089061 0.060672
vt 0.083061 -0.060672
vt 0.083061 -0.066672
vt 0.089061 -0.060672
vt 0.083061 -0.060672
vt 0.083061 -0.066672
vt 0.089061 -0.060672
vt 0.083061 0.060672
vt 0.083061 0.066672
vt 0.089061 0.060672
vt 0.083061 0.060672
vt 0.083061 0.066672
vt 0.089061 0.060672
vt -0.114650 -0.043541
vt 0.114650 -0.043541
vt 0.114650 0.043541
vt -0.114650 0.043541
vt 0.114650 -0.043541
vt -0.114650 -0.043541
vt -0.114650 0.043541
vt 0.114650 0.043541
vt -0.114650 -0.054208
vt 0.114650 -0.054208
vt 0.114650 0.054208
vt -0.114650 0.054208
vt -0.114650 0.054208
vt 0.114650 0.054208
vt 0.114650 -0.054208
vt -0.114650 -0.054208
vt -0.054208 -0.043541
vt 0.054208 -0.043541
vt 0.054208 0.043541
vt -0.054208 0.043541
vt 0.054208 -0.043541
vt -0.054208 -0.043541
vt -0.054208 0.043541
vt 0.054208 0.043541
vt -0.114650 0.049541
vt 0.114650 0.049541
vt 0.114650 0.043541
vt -0.114650 0.043541
vt -0.114650 0.049541
vt 0.114650 0.049541
vt 0.114650 0.043541
vt -0.114650 0.043541
vt -0.114650 -0.049541
vt 0.114650 -0.049541
vt 0.114650 -0.043541
vt -0.114650 -0.043541
vt -0.114650 -0.049541
vt 0.114650 -0.049541
vt 0.114650 -0.043541
vt -0.114650 -0.043541
vt 0.120650 -0.043541
vt 0.120650 0.043541
vt 0.114650 0.043541
vt 0.114650 -0.043541
vt 0.120650 -0.043541
vt 0.120650 0.043541
vt 0.114650 0.043541
vt 0.114650 -0.043541
vt -0.120650 -0.043541
vt -0.120650 0.043541
vt -0.114650 0.043541
vt -0.114650 -0.043541
vt -0.120650 -0.043541
vt -0.120650 0.043541
vt -0.114650 0.043541
vt -0.114650 -0.043541
vt 0.120650 0.043541
vt 0.120650 0.043541
vt 0.114650 0.049541
vt 0.114650 0.049541
vt 0.120650 -0.043541
vt 0.120650 -0.043541
vt 0.114650 -0.049541
vt 0.114650 -0.049541
vt -0.120650 0.043541
vt -0.120650 0.043541
vt -0.114650 0.049541
vt -0.114650 0.049541
vt -0.120650 -0.043541
vt -0.120650 -0.043541
vt -0.114650 -0.049541
vt -0.114650 -0.049541
vt -0.114650 -0.043541
vt -0.114650 -0.049541
vt -0.120650 -0.043541
vt -0.114650 -0.043541
vt -0.114650 -0.049541
vt -0.120650 -0.043541
vt -0.114650 0.043541
vt -0.114650 0.049541
vt -0.120650 0.043541
vt -0.114650 0.043541
vt -0.114650 0.049541
vt -0.120650 0.043541
vt 0.114650 -0.043541
vt 0.114650 -0.049541
vt 0.120650 -0.043541
vt 0.114650 -0.043541
vt 0.114650 -0.049541
vt 0.120650 -0.043541
vt 0.114650 0.043541
vt 0.114650 0.049541
vt 0.120650 0.043541
vt 0.114650 0.043541
vt 0.114650 0.049541
vt 0.120650 0.043541
vt -0.078608 -0.051934
vt 0.078608 -0.051934
vt 0.078608 0.051934
vt -0.078608 0.051934
vt 0.078608 -0.051934
vt -0.078608 -0.051934
vt -0.078608 0.051934
vt 0.078608 0.051934
vt -0.078608 -0.121036
vt 0.078608 -0.121036
vt 0.078608 0.121036
vt -0.078608 0.121036
vt -0.078608 0.121036
vt 0.078608 0.121036
vt 0.078608 -0.121036
vt -0.078608 -0.121036
vt -0.121036 -0.051934
vt 0.121036 -0.051934
vt 0.121036 0.051934
vt -0.121036 0.051934
vt 0.121036 -0.051934
vt -0.121036 -0.051934
vt -0.121036 0.051934
vt 0.121036 0.051934
vt -0.078608 0.057934
vt 0.078608 0.057934
vt 0.078608 0.051934
vt -0.078608 0.051934
vt -0.078608 0.057934
vt 0.078608 0.057934
vt 0.078608 0.051934
vt -0.078608 0.051934
vt -0.078608 -0.057934
vt 0.078608 -0.057934
vt 0.078608 -0.051934
vt -0.078608 -0.051934
vt -0.078608 -0.057934
vt 0.078608 -0.057934
vt 0.078608 -0.051934
vt -0.078608 -0.051934
vt 0.084608 -0.051934
vt 0.084608 0.051934
vt 0.078608 0.051934
vt 0.078608 -0.051934
vt 0.084608 -0.051934
vt 0.084608 0.051934
vt 0.078608 0.051934
vt 0.078608 -0.051934
vt -0.084608 -0.051934
vt -0.084608 0.051934
vt -0.078608 0.051934
vt -0.078608 -0.051934
vt -0.084608 -0.051934
vt -0.084608 0.051934
vt -0.078608 0.051934
vt -0.078608 -0.051934
vt 0.084608 0.051934
vt 0.084608 0.051934
vt 0.078608 0.057934
vt 0.078608 0.057934
vt 0.084608 -0.051934
vt 0.084608 -0.051934
vt 0.078608 -0.057934
vt 0.078608 -0.057934
vt -0.084608 0.051934
vt -0.084608 0.051934
vt -0.078608 0.057934
vt -0.078608 0.057934
vt -0.084608 -0.051934
vt -0.084608 -0.051934
vt -0.078608 -0.057934
vt -0.078608 -0.057934
vt -0.078608 -0.051934
vt -0.078608 -0.057934
vt -0.084608 -0.051934
vt -0.078608 -0.051934
vt -0.078608 -0.057934
vt -0.084608 -0.051934
vt -0.078608 0.051934
vt -0.078608 0.057934
vt -0.084608 0.051934
vt -0.078608 0.051934
vt -0.078608 0.057934
vt -0.084608 0.051934
vt 0.078608 -0.051934
vt 0.078608 -0.057934
vt 0.084608 -0.051934
vt 0.078608 -0.051934
vt 0.078608 -0.057934
vt 0.084608 -0.051934
vt 0.078608 0.051934
vt 0.078608 0.057934
vt 0.084608 0.051934
vt 0.078608 0.051934
vt 0.078608 0.057934
vt 0.084608 0.051934
vt -0.012096 -0.007206
vt 0.012096 -0.007206
vt 0.012096 0.007206
vt -0.012096 0.007206
vt 0.012096 -0.007206
vt -0.012096 -0.007206
vt -0.012096 0.007206
vt 0.012096 0.007206
vt -0.012096 -0.010790
vt 0.012096 -0.010790
vt 0.012096 0.010790
vt -0.012096 0.010790
vt -0.012096 0.010790
vt 0.012096 0.010790
vt 0.012096 -0.010790
vt -0.012096 -0.010790
vt -0.010790 -0.007206
vt 0.010790 -0.007206
vt 0.010790 0.007206
vt -0.010790 0.007206
vt 0.010790 -0.007206
vt -0.010790 -0.007206
vt -0.010790 0.007206
vt 0.010790 0.007206
vt -0.012096 0.008706
vt 0.012096 0.008706
vt 0.012096 0.007206
vt -0.012096 0.007206
vt -0.012096 0.008706
vt 0.012096 0.008706
vt 0.012096 0.007206
vt -0.012096 0.007206
vt -0.012096 -0.008706
vt 0.012096 -0.008706
vt 0.012096 -0.007206
vt -0.012096 -0.007206
vt -0.012096 -0.008706
vt 0.012096 -0.008706
vt 0.012096 -0.007206
vt -0.012096 -0.007206
vt 0.013596 -0.007206
vt 0.013596 0.007206
vt 0.012096 0.007206
vt 0.012096 -0.007206
vt 0.013596 -0.007206
vt 0.013596 0.007206
vt 0.012096 0.007206
vt 0.012096 -0.007206
vt -0.013596 -0.007206
vt -0.013596 0.007206
vt -0.012096 0.007206
vt -0.012096 -0.007206
vt -0.013596 -0.007206
vt -0.013596 0.007206
vt -0.012096 0.007206
vt -0.012096 -0.007206
vt 0.013596 0.007206
vt 0.013596 0.007206
vt 0.012096 0.008706
vt 0.012096 0.008706
vt 0.013596 -0.007206
vt 0.013596 -0.007206
vt 0.012096 -0.008706
vt 0.012096 -0.008706
vt -0.013596 0.007206
vt -0.013596 0.007206
vt -0.012096 0.008706
vt -0.012096 0.008706
vt -0.013596 -0.007206
vt -0.013596 -0.007206
vt -0.012096 -0.008706
vt -0.012096 -0.008706
vt -0.012096 -0.007206
vt -0.012096 -0.008706
vt -0.013596 -0.007206
vt -0.012096 -0.007206
vt -0.012096 -0.008706
vt -0.013596 -0.007206
vt -0.012096 0.007206
vt -0.012096 0.008706
vt -0.013596 0.007206
vt -0.012096 0.007206
vt -0.012096 0.008706
vt -0.013596 0.007206
vt 0.012096 -0.007206
vt 0.012096 -0.008706
vt 0.013596 -0.007206
vt 0.012096 -0.007206
vt 0.012096 -0.008706
vt 0.013596 -0.007206
vt 0.012096 0.007206
vt 0.012096 0.008706
vt 0.013596 0.007206
vt 0.012096 0.007206
vt 0.012096 0.008706
vt 0.013596 0.007206
vt -0.018792 -0.015618
vt 0.018792 -0.015618
vt 0.018792 0.015618
vt -0.018792 0.015618
vt 0.018792 -0.015618
vt -0.018792 -0.015618
vt -0.018792 0.015618
vt 0.018792 0.015618
vt -0.018792 -0.016627
vt 0.018792 -0.016627
vt 0.018792 0.016627
vt -0.018792 0.016627
vt -0.018792 0.016627
vt 0.018792 0.016627
vt 0.018792 -0.016627
vt -0.018792 -0.016627
vt -0.016627 -0.015618
vt 0.016627 -0.015618
vt 0.016627 0.015618
vt -0.016627 0.015618
vt 0.016627 -0.015618
vt -0.016627 -0.015618
vt -0.016627 0.015618
vt 0.016627 0.015618
vt -0.018792 0.017118
vt 0.018792 0.017118
vt 0.018792 0.015618
vt -0.018792 0.015618
vt -0.018792 0.017118
vt 0.018792 0.017118
vt 0.018792 0.015618
vt -0.018792 0.015618
vt -0.018792 -0.017118
vt 0.018792 -0.017118
vt 0.018792 -0.015618
vt -0.018792 -0.015618
vt -0.018792 -0.017118
vt 0.018792 -0.017118
vt 0.018792 -0.015618
vt -0.018792 -0.015618
vt 0.020292 -0.015618
vt 0.020292 0.015618
vt 0.018792 0.015618
vt 0.018792 -0.015618
vt 0.020292 -0.015618
vt 0.020292 0.015618
vt 0.018792 0.015618
vt 0.018792 -0.015618
vt -0.020292 -0.015618
vt -0.020292 0.015618
vt -0.018792 0.015618
vt -0.018792 -0.015618
vt -0.020292 -0.015618
vt -0.020292 0.015618
vt -0.018792 0.015618
vt -0.018792 -0.015618
vt 0.020292 0.015618
vt 0.020292 0.015618
vt 0.018792 0.017118
vt 0.018792 0.017118
vt 0.020292 -0.015618
vt 0.020292 -0.015618
vt 0.018792 -0.017118
vt 0.018792 -0.017118
vt -0.020292 0.015618
vt -0.020292 0.015618
vt -0.018792 0.017118
vt -0.018792 0.017118
vt -0.020292 -0.015618
vt -0.020292 -0.015618
vt -0.018792 -0.017118
vt -0.018792 -0.017118
vt -0.018792 -0.015618
vt -0.018792 -0.017118
vt -0.020292 -0.015618
vt -0.018792 -0.015618
vt -0.018792 -0.017118
vt -0.020292 -0.015618
vt -0.018792 0.015618
vt -0.018792 0.017118
vt -0.020292 0.015618
vt -0.018792 0.015618
vt -0.018792 0.017118
vt -0.020292 0.015618
vt 0.018792 -0.015618
vt 0.018792 -0.017118
vt 0.020292 -0.015618
vt 0.018792 -0.015618
vt 0.018792 -0.017118
vt 0.020292 -0.015618
vt 0.018792 0.015618
vt 0.018792 0.017118
vt 0.020292 0.015618
vt 0.018792 0.015618
vt 0.018792 0.017118
vt 0.020292 0.015618
vt -0.020361 -0.019734
vt 0.020361 -0.019734
vt 0.020361 0.019734
vt -0.020361 0.019734
vt 0.020361 -0.019734
vt -0.020361 -0.019734
vt -0.020361 0.019734
vt 0.020361 0.019734
vt -0.020361 -0.014288
vt 0.020361 -0.014288
vt 0.020361 0.014288
vt -0.020361 0.014288
vt -0.020361 0.014288
vt 0.020361 0.014288
vt 0.020361 -0.014288
vt -0.020361 -0.014288
vt -0.014288 -0.019734
vt 0.014288 -0.019734
vt 0.014288 0.019734
vt -0.014288 0.019734
vt 0.014288 -0.019734
vt -0.014288 -0.019734
vt -0.014288 0.019734
vt 0.014288 0.019734
vt -0.020361 0.021234
vt 0.020361 0.021234
vt 0.020361 0.019734
vt -0.020361 0.019734
vt -0.020361 0.021234
vt 0.020361 0.021234
vt 0.020361 0.019734
vt -0.020361 0.019734
vt -0.020361 -0.021234
vt 0.020361 -0.021234
vt 0.020361 -0.019734
vt -0.020361 -0.019734
vt -0.020361 -0.021234
vt 0.020361 -0.021234
vt 0.020361 -0.019734
vt -0.020361 -0.019734
vt 0.021861 -0.019734
vt 0.021861 0.019734
vt 0.020361 0.019734
vt 0.020361 -0.019734
vt 0.021861 -0.019734
vt 0.021861 0.019734
vt 0.020361 0.019734
vt 0.020361 -0.019734
vt -0.021861 -0.019734
vt -0.021861 0.019734
vt -0.020361 0.019734
vt -0.020361 -0.019734
vt -0.021861 -0.019734
vt -0.021861 0.019734
vt -0.020361 0.019734
vt -0.020361 -0.019734
vt 0.021861 0.019734
vt 0.021861 0.019734
vt 0.020361 0.021234
vt 0.020361 0.021234
vt 0.021861 -0.019734
vt 0.021861 -0.019734
vt 0.020361 -0.021234
vt 0.020361 -0.021234
vt -0.021861 0.019734
vt -0.021861 0.019734
vt -0.020361 0.021234
vt -0.020361 0.021234
vt -0.021861 -0.019734
vt -0.021861 -0.019734
vt -0.020361 -0.021234
vt -0.020361 -0.021234
vt -0.020361 -0.019734
vt -0.020361 -0.021234
vt -0.021861 -0.019734
vt -0.020361 -0.019734
vt -0.020361 -0.021234
vt -0.021861 -0.019734
vt -0.020361 0.019734
vt -0.020361 0.021234
vt -0.021861 0.019734
vt -0.020361 0.019734
vt -0.020361 0.021234
vt -0.021861 0.019734
vt 0.020361 -0.019734
vt 0.020361 -0.021234
vt 0.021861 -0.019734
vt 0.020361 -0.019734
vt 0.020361 -0.021234
vt 0.021861 -0.019734
vt 0.020361 0.019734
vt 0.020361 0.021234
vt 0.021861 0.019734
vt 0.020361 0.019734
vt 0.020361 0.021234
vt 0.021861 0.019734
vt -0.012042 -0.009326
vt 0.012042 -0.009326
vt 0.012042 0.009326
vt -0.012042 0.009326
vt 0.012042 -0.009326
vt -0.012042 -0.009326
vt -0.012042 0.009326
vt 0.012042 0.009326
vt -0.012042 -0.010281
vt 0.012042 -0.010281
vt 0.012042 0.010281
vt -0.012042 0.010281
vt -0.012042 0.010281
vt 0.012042 0.010281
vt 0.012042 -0.010281
vt -0.012042 -0.010281
vt -0.010281 -0.009326
vt 0.010281 -0.009326
vt 0.010281 0.009326
vt -0.010281 0.009326
vt 0.010281 -0.009326
vt -0.010281 -0.009326
vt -0.010281 0.009326
vt 0.010281 0.009326
vt -0.012042 0.010826
vt 0.012042 0.010826
vt 0.012042 0.009326
vt -0.012042 0.009326
vt -0.012042 0.010826
vt 0.012042 0.010826
vt 0.012042 0.009326
vt -0.012042 0.009326
vt -0.012042 -0.010826
vt 0.012042 -0.010826
vt 0.012042 -0.009326
vt -0.012042 -0.009326
vt -0.012042 -0.010826
vt 0.012042 -0.010826
vt 0.012042 -0.009326
vt -0.012042 -0.009326
vt 0.013542 -0.009326
vt 0.013542 0.009326
vt 0.012042 0.009326
vt 0.012042 -0.009326
vt 0.013542 -0.009326
vt 0.013542 0.009326
vt 0.012042 0.009326
vt 0.012042 -0.009326
vt -0.013542 -0.009326
vt -0.013542 0.009326
vt -0.012042 0.009326
vt -0.012042 -0.009326
vt -0.013542 -0.009326
vt -0.013542 0.009326
vt -0.012042 0.009326
vt -0.012042 -0.009326
vt 0.013542 0.009326
vt 0.013542 0.009326
vt 0.012042 0.010826
vt 0.012042 0.010826
vt 0.013542 -0.009326
vt 0.013542 -0.009326
vt 0.012042 -0.010826
vt 0.012042 -0.010826
vt -0.013542 0.009326
vt -0.013542 0.009326
vt -0.012042 0.010826
vt -0.012042 0.010826
vt -0.013542 -0.009326
vt -0.013542 -0.009326
vt -0.012042 -0.010826
vt -0.012042 -0.010826
vt -0.012042 -0.009326
vt -0.012042 -0.010826
vt -0.013542 -0.009326
vt -0.012042 -0.009326
vt -0.012042 -0.010826
vt -0.013542 -0.009326
vt -0.012042 0.009326
vt -0.012042 0.010826
vt -0.013542 0.009326
vt -0.012042 0.009326
vt -0.012042 0.010826
vt -0.013542 0.009326
vt 0.012042 -0.009326
vt 0.012042 -0.010826
vt 0.013542 -0.009326
vt 0.012042 -0.009326
vt 0.012042 -0.010826
vt 0.013542 -0.009326
vt 0.012042 0.009326
vt 0.012042 0.010826
vt 0.013542 0.009326
vt 0.012042 0.009326
vt 0.012042 0.010826
vt 0.013542 0.009326
vt -0.011994 -0.010108
vt 0.011994 -0.010108
vt 0.011994 0.010108
vt -0.011994 0.010108
vt 0.011994 -0.010108
vt -0.011994 -0.010108
vt -0.011994 0.010108
vt 0.011994 0.010108
vt -0.011994 -0.012105
vt 0.011994 -0.012105
vt 0.011994 0.012105
vt -0.011994 0.012105
vt -0.011994 0.012105
vt 0.011994 0.012105
vt 0.011994 -0.012105
vt -0.011994 -0.012105
vt -0.012105 -0.010108
vt 0.012105 -0.010108
vt 0.012105 0.010108
vt -0.012105 0.010108
vt 0.012105 -0.010108
vt -0.012105 -0.010108
vt -0.012105 0.010108
vt 0.012105 0.010108
vt -0.011994 0.011608
vt 0.011994 0.011608
vt 0.011994 0.010108
vt -0.011994 0.010108
vt -0.011994 0.011608
vt 0.011994 0.011608
vt 0.011994 0.010108
vt -0.011994 0.010108
vt -0.011994 -0.011608
vt 0.011994 -0.011608
vt 0.011994 -0.010108
vt -0.011994 -0.010108
vt -0.011994 -0.011608
vt 0.011994 -0.011608
vt 0.011994 -0.010108
vt -0.011994 -0.010108
vt 0.013494 -0.010108
vt 0.013494 0.010108
vt 0.011994 0.010108
vt 0.011994 -0.010108
vt 0.013494 -0.010108
vt 0.013494 0.010108
vt 0.011994 0.010108
vt 0.011994 -0.010108
vt -0.013494 -0.010108
vt -0.013494 0.010108
vt -0.011994 0.010108
vt -0.011994 -0.010108
vt -0.013494 -0.010108
vt -0.013494 0.010108
vt -0.011994 0.010108
vt -0.011994 -0.010108
vt 0.013494 0.010108
vt 0.013494 0.010108
vt 0.011994 0.011608
vt 0.011994 0.011608
vt 0.013494 -0.010108
vt 0.013494 -0.010108
vt 0.011994 -0.011608
vt 0.011994 -0.011608
vt -0.013494 0.010108
vt -0.013494 0.010108
vt -0.011994 0.011608
vt -0.011994 0.011608
vt -0.013494 -0.010108
vt -0.013494 -0.010108
vt -0.011994 -0.011608
vt -0.011994 -0.011608
vt -0.011994 -0.010108
vt -0.011994 -0.011608
vt -0.013494 -0.010108
vt -0.011994 -0.010108
vt -0.011994 -0.011608
vt -0.013494 -0.010108
vt -0.011994 0.010108
vt -0.011994 0.011608
vt -0.013494 0.010108
vt -0.011994 0.010108
vt -0.011994 0.011608
vt -0.013494 0.010108
vt 0.011994 -0.010108
vt 0.011994 -0.011608
vt 0.013494 -0.010108
vt 0.011994 -0.010108
vt 0.011994 -0.011608
vt 0.013494 -0.010108
vt 0.011994 0.010108
vt 0.011994 0.011608
vt 0.013494 0.010108
vt 0.011994 0.010108
vt 0.011994 0.011608
vt 0.013494 0.010108
vt -0.025999 -0.017443
vt 0.025999 -0.017443
vt 0.025999 0.017443
vt -0.025999 0.017443
vt 0.025999 -0.017443
vt -0.025999 -0.017443
vt -0.025999 0.017443
vt 0.025999 0.017443
vt -0.025999 -0.021958
vt 0.025999 -0.021958
vt 0.025999 0.021958
vt -0.025999 0.021958
vt -0.025999 0.021958
vt 0.025999 0.021958
vt 0.025999 -0.021958
vt -0.025999 -0.021958
vt -0.021958 -0.017443
vt 0.021958 -0.017443
vt 0.021958 0.017443
vt -0.021958 0.017443
vt 0.021958 -0.017443
vt -0.021958 -0.017443
vt -0.021958 0.017443
vt 0.021958 0.017443
vt -0.025999 0.018943
vt 0.025999 0.018943
vt 0.025999 0.017443
vt -0.025999 0.017443
vt -0.025999 0.018943
vt 0.025999 0.018943
vt 0.025999 0.017443
vt -0.025999 0.017443
vt -0.025999 -0.018943
vt 0.025999 -0.018943
vt 0.025999 -0.017443
vt -0.025999 -0.017443
vt -0.025999 -0.018943
vt 0.025999 -0.018943
vt 0.025999 -0.017443
vt -0.025999 -0.017443
vt 0.027499 -0.017443
vt 0.027499 0.017443
vt 0.025999 0.017443
vt 0.025999 -0.017443
vt 0.027499 -0.017443
vt 0.027499 0.017443
vt 0.025999 0.017443
vt 0.025999 -0.017443
vt -0.027499 -0.017443
vt -0.027499 0.017443
vt -0.025999 0.017443
vt -0.025999 -0.017443
vt -0.027499 -0.017443
vt -0.027499 0.017443
vt -0.025999 0.017443
vt -0.025999 -0.017443
vt 0.027499 0.017443
vt 0.027499 0.017443
vt 0.025999 0.018943
vt 0.025999 0.018943
vt 0.027499 -0.017443
vt 0.027499 -0.017443
vt 0.025999 -0.018943
vt 0.025999 -0.018943
vt -0.027499 0.017443
vt -0.027499 0.017443
vt -0.025999 0.018943
vt -0.025999 0.018943
vt -0.027499 -0.017443
vt -0.027499 -0.017443
vt -0.025999 -0.018943
vt -0.025999 -0.018943
vt -0.025999 -0.017443
vt -0.025999 -0.018943
vt -0.027499 -0.017443
vt -0.025999 -0.017443
vt -0.025999 -0.018943
vt -0.027499 -0.017443
vt -0.025999 0.017443
vt -0.025999 0.018943
vt -0.027499 0.017443
vt -0.025999 0.017443
vt -0.025999 0.018943
vt -0.027499 0.017443
vt 0.025999 -0.017443
vt 0.025999 -0.018943
vt 0.027499 -0.017443
vt 0.025999 -0.017443
vt 0.025999 -0.018943
vt 0.027499 -0.017443
vt 0.025999 0.017443
vt 0.025999 0.018943
vt 0.027499 0.017443
vt 0.025999 0.017443
vt 0.025999 0.018943
vt 0.027499 0.017443
vt -0.022412 -0.011721
vt 0.022412 -0.011721
vt 0.022412 0.011721
vt -0.022412 0.011721
vt 0.022412 -0.011721
vt -0.022412 -0.011721
vt -0.022412 0.011721
vt 0.022412 0.011721
vt -0.022412 -0.015923
vt 0.022412 -0.015923
vt 0.022412 0.015923
vt -0.022412 0.015923
vt -0.022412 0.015923
vt 0.022412 0.015923
vt 0.022412 -0.015923
vt -0.022412 -0.015923
vt -0.015923 -0.011721
vt 0.015923 -0.011721
vt 0.015923 0.011721
vt -0.015923 0.011721
vt 0.015923 -0.011721
vt -0.015923 -0.011721
vt -0.015923 0.011721
vt 0.015923 0.011721
vt -0.022412 0.013221
vt 0.022412 0.013221
vt 0.022412 0.011721
vt -0.022412 0.011721
vt -0.022412 0.013221
vt 0.022412 0.013221
vt 0.022412 0.011721
vt -0.022412 0.011721
vt -0.022412 -0.013221
vt 0.022412 -0.013221
vt 0.022412 -0.011721
vt -0.022412 -0.011721
vt -0.022412 -0.013221
vt 0.022412 -0.013221
vt 0.022412 -0.011721
vt -0.022412 -0.011721
vt 0.023912 -0.011721
vt 0.023912 0.011721
vt 0.022412 0.011721
vt 0.022412 -0.011721
vt 0.023912 -0.011721
vt 0.023912 0.011721
vt 0.022412 0.011721
vt 0.022412 -0.011721
vt -0.023912 -0.011721
vt -0.023912 0.011721
vt -0.022412 0.011721
vt -0.022412 -0.011721
vt -0.023912 -0.011721
vt -0.023912 0.011721
vt -0.022412 0.011721
vt -0.022412 -0.011721
vt 0.023912 0.011721
vt 0.023912 0.011721
vt 0.022412 0.013221
vt 0.022412 0.013221
vt 0.023912 -0.011721
vt 0.023912 -0.011721
vt 0.022412 -0.013221
vt 0.022412 -0.013221
vt -0.023912 0.011721
vt -0.023912 0.011721
vt -0.022412 0.013221
vt -0.022412 0.013221
vt -0.023912 -0.011721
vt -0.023912 -0.011721
vt -0.022412 -0.013221
vt -0.022412 -0.013221
vt -0.022412 -0.011721
vt -0.022412 -0.013221
vt -0.023912 -0.011721
vt -0.022412 -0.011721
vt -0.022412 -0.013221
vt -0.023912 -0.011721
vt -0.022412 0.011721
vt -0.022412 0.013221
vt -0.023912 0.011721
vt -0.022412 0.011721
vt -0.022412 0.013221
vt -0.023912 0.011721
vt 0.022412 -0.011721
vt 0.022412 -0.013221
vt 0.023912 -0.011721
vt 0.022412 -0.011721
vt 0.022412 -0.013221
vt 0.023912 -0.011721
vt 0.022412 0.011721
vt 0.022412 0.013221
vt 0.023912 0.011721
vt 0.022412 0.011721
vt 0.022412 0.013221
vt 0.023912 0.011721
vt -0.015091 -0.009558
vt 0.015091 -0.009558
vt 0.015091 0.009558
vt -0.015091 0.009558
vt 0.015091 -0.009558
vt -0.015091 -0.009558
vt -0.015091 0.009558
vt 0.015091 0.009558
vt -0.015091 -0.018023
vt 0.015091 -0.018023
vt 0.015091 0.018023
vt -0.015091 0.018023
vt -0.015091 0.018023
vt 0.015091 0.018023
vt 0.015091 -0.018023
vt -0.015091 -0.018023
vt -0.018023 -0.009558
vt 0.018023 -0.009558
vt 0.018023 0.009558
vt -0.018023 0.009558
vt 0.018023 -0.009558
vt -0.018023 -0.009558
vt -0.018023 0.009558
vt 0.018023 0.009558
vt -0.015091 0.011058
vt 0.015091 0.011058
vt 0.015091 0.009558
vt -0.015091 0.009558
vt -0.015091 0.011058
vt 0.015091 0.011058
vt 0.015091 0.009558
vt -0.015091 0.009558
vt -0.015091 -0.011058
vt 0.015091 -0.011058
vt 0.015091 -0.009558
vt -0.015091 -0.009558
vt -0.015091 -0.011058
vt 0.015091 -0.011058
vt 0.015091 -0.009558
vt -0.015091 -0.009558
vt 0.016591 -0.009558
vt 0.016591 0.009558
vt 0.015091 0.009558
vt 0.015091 -0.009558
vt 0.016591 -0.009558
vt 0.016591 0.009558
vt 0.015091 0.009558
vt 0.015091 -0.009558
vt -0.016591 -0.009558
vt -0.016591 0.009558
vt -0.015091 0.009558
vt -0.015091 -0.009558
vt -0.016591 -0.009558
vt -0.016591 0.009558
vt -0.015091 0.009558
vt -0.015091 -0.009558
vt 0.016591 0.009558
vt 0.016591 0.009558
vt 0.015091 0.011058
vt 0.015091 0.011058
vt 0.016591 -0.009558
vt 0.016591 -0.009558
vt 0.015091 -0.011058
vt 0.015091 -0.011058
vt -0.016591 0.009558
vt -0.016591 0.009558
vt -0.015091 0.011058
vt -0.015091 0.011058
vt -0.016591 -0.009558
vt -0.016591 -0.009558
vt -0.015091 -0.011058
vt -0.015091 -0.011058
vt -0.015091 -0.009558
vt -0.015091 -0.011058
vt -0.016591 -0.009558
vt -0.015091 -0.009558
vt -0.015091 -0.011058
vt -0.016591 -0.009558
vt -0.015091 0.009558
vt -0.015091 0.011058
vt -0.016591 0.009558
vt -0.015091 0.009558
vt -0.015091 0.011058
vt -0.016591 0.009558
vt 0.015091 -0.009558
vt 0.015091 -0.011058
vt 0.016591 -0.009558
vt 0.015091 -0.009558
vt 0.015091 -0.011058
vt 0.016591 -0.009558
vt 0.015091 0.009558
vt 0.015091 0.011058
vt 0.016591 0.009558
vt 0.015091 0.009558
vt 0.015091 0.011058
vt 0.016591 0.009558
vt -0.009105 -0.006885
vt 0.009105 -0.006885
vt 0.009105 0.006885
vt -0.009105 0.006885
vt 0.009105 -0.006885
vt -0.009105 -0.006885
vt -0.009105 0.006885
vt 0.009105 0.006885
vt -0.009105 -0.009176
vt 0.009105 -0.009176
vt 0.009105 0.009176
vt -0.009105 0.009176
vt -0.009105 0.009176
vt 0.009105 0.009176
vt 0.009105 -0.009176
vt -0.009105 -0.009176
vt -0.009176 -0.006885
vt 0.009176 -0.006885
vt 0.009176 0.006885
vt -0.009176 0.006885
vt 0.009176 -0.006885
vt -0.009176 -0.006885
vt -0.009176 0.006885
vt 0.009176 0.006885
vt -0.009105 0.008385
vt 0.009105 0.008385
vt 0.009105 0.006885
vt -0.009105 0.006885
vt -0.009105 0.008385
vt 0.009105 0.008385
vt 0.009105 0.006885
vt -0.009105 0.006885
vt -0.009105 -0.008385
vt 0.009105 -0.008385
vt 0.009105 -0.006885
vt -0.009105 -0.006885
vt -0.009105 -0.008385
vt 0.009105 -0.008385
vt 0.009105 -0.006885
vt -0.009105 -0.006885
vt 0.010605 -0.006885
vt 0.010605 0.006885
vt 0.009105 0.006885
vt 0.009105 -0.006885
vt 0.010605 -0.006885
vt 0.010605 0.006885
vt 0.009105 0.006885
vt 0.009105 -0.006885
vt -0.010605 -0.006885
vt -0.010605 0.006885
vt -0.009105 0.006885
vt -0.009105 -0.006885
vt -0.010605 -0.006885
vt -0.010605 0.006885
vt -0.009105 0.006885
vt -0.009105 -0.006885
vt 0.010605 0.006885
vt 0.010605 0.006885
vt 0.009105 0.008385
vt 0.009105 0.008385
vt 0.010605 -0.006885
vt 0.010605 -0.006885
vt 0.009105 -0.008385
vt 0.009105 -0.008385
vt -0.010605 0.006885
vt -0.010605 0.006885
vt -0.009105 0.008385
vt -0.009105 0.008385
vt -0.010605 -0.006885
vt -0.010605 -0.006885
vt -0.009105 -0.008385
vt -0.009105 -0.008385
vt -0.009105 -0.006885
vt -0.009105 -0.008385
vt -0.010605 -0.006885
vt -0.009105 -0.006885
vt -0.009105 -0.008385
vt -0.010605 -0.006885
vt -0.009105 0.006885
vt -0.009105 0.008385
vt -0.010605 0.006885
vt -0.009105 0.006885
vt -0.009105 0.008385
vt -0.010605 0.006885
vt 0.009105 -0.006885
vt 0.009105 -0.008385
vt 0.010605 -0.006885
vt 0.009105 -0.006885
vt 0.009105 -0.008385
vt 0.010605 -0.006885
vt 0.009105 0.006885
vt 0.009105 0.008385
vt 0.010605 0.006885
vt 0.009105 0.006885
vt 0.009105 0.008385
vt 0.010605 0.006885
vt -0.017752 -0.014041
vt 0.017752 -0.014041
vt 0.017752 0.014041
vt -0.017752 0.014041
vt 0.017752 -0.014041
vt -0.017752 -0.014041
vt -0.017752 0.014041
vt 0.017752 0.014041
vt -0.017752 -0.018475
vt 0.017752 -0.018475
vt 0.017752 0.018475
vt -0.017752 0.018475
vt -0.017752 0.018475
vt 0.017752 0.018475
vt 0.017752 -0.018475
vt -0.017752 -0.018475
vt -0.018475 -0.014041
vt 0.018475 -0.014041
vt 0.018475 0.014041
vt -0.018475 0.014041
vt 0.018475 -0.014041
vt -0.018475 -0.014041
vt -0.018475 0.014041
vt 0.018475 0.014041
vt -0.017752 0.015541
vt 0.017752 0.015541
vt 0.017752 0.014041
vt -0.017752 0.014041
vt -0.017752 0.015541
vt 0.017752 0.015541
vt 0.017752 0.014041
vt -0.017752 0.014041
vt -0.017752 -0.015541
vt 0.017752 -0.015541
vt 0.017752 -0.014041
vt -0.017752 -0.014041
vt -0.017752 -0.015541
vt 0.017752 -0.015541
vt 0.017752 -0.014041
vt -0.017752 -0.014041
vt 0.019252 -0.014041
vt 0.019252 0.014041
vt 0.017752 0.014041
vt 0.017752 -0.014041
vt 0.019252 -0.014041
vt 0.019252 0.014041
vt 0.017752 0.014041
vt 0.017752 -0.014041
vt -0.019252 -0.014041
vt -0.019252 0.014041
vt -0.017752 0.014041
vt -0.017752 -0.014041
vt -0.019252 -0.014041
vt -0.019252 0.014041
vt -0.017752 0.014041
vt -0.017752 -0.014041
vt 0.019252 0.014041
vt 0.019252 0.014041
vt 0.017752 0.015541
vt 0.017752 0.015541
vt 0.019252 -0.014041
vt 0.019252 -0.014041
vt 0.017752 -0.015541
vt 0.017752 -0.015541
vt -0.019252 0.014041
vt -0.019252 0.014041
vt -0.017752 0.015541
vt -0.017752 0.015541
vt -0.019252 -0.014041
vt -0.019252 -0.014041
vt -0.017752 -0.015541
vt -0.017752 -0.015541
vt -0.017752 -0.014041
vt -0.017752 -0.015541
vt -0.019252 -0.014041
vt -0.017752 -0.014041
vt -0.017752 -0.015541
vt -0.019252 -0.014041
vt -0.017752 0.014041
vt -0.017752 0.015541
vt -0.019252 0.014041
vt -0.017752 0.014041
vt -0.017752 0.015541
vt -0.019252 0.014041
vt 0.017752 -0.014041
vt 0.017752 -0.015541
vt 0.019252 -0.014041
vt 0.017752 -0.014041
vt 0.017752 -0.015541
vt 0.019252 -0.014041
vt 0.017752 0.014041
vt 0.017752 0.015541
vt 0.019252 0.014041
vt 0.017752 0.014041
vt 0.017752 0.015541
vt 0.019252 0.014041
vt -0.024068 -0.020996
vt 0.024068 -0.020996
vt 0.024068 0.020996
vt -0.024068 0.020996
vt 0.024068 -0.020996
vt -0.024068 -0.020996
vt -0.024068 0.020996
vt 0.024068 0.020996
vt -0.024068 -0.023032
vt 0.024068 -0.023032
vt 0.024068 0.023032
vt -0.024068 0.023032
vt -0.024068 0.023032
vt 0.024068 0.023032
vt 0.024068 -0.023032
vt -0.024068 -0.023032
vt -0.023032 -0.020996
vt 0.023032 -0.020996
vt 0.023032 0.020996
vt -0.023032 0.020996
vt 0.023032 -0.020996
vt -0.023032 -0.020996
vt -0.023032 0.020996
vt 0.023032 0.020996
vt -0.024068 0.022496
vt 0.024068 0.022496
vt 0.024068 0.020996
vt -0.024068 0.020996
vt -0.024068 0.022496
vt 0.024068 0.022496
vt 0.024068 0.020996
vt -0.024068 0.020996
vt -0.024068 -0.022496
vt 0.024068 -0.022496
vt 0.024068 -0.020996
vt -0.024068 -0.020996
vt -0.024068 -0.022496
vt 0.024068 -0.022496
vt 0.024068 -0.020996
vt -0.024068 -0.020996
vt 0.025568 -0.020996
vt 0.025568 0.020996
vt 0.024068 0.020996
vt 0.024068 -0.020996
vt 0.025568 -0.020996
vt 0.025568 0.020996
vt 0.024068 0.020996
vt 0.024068 -0.020996
vt -0.025568 -0.020996
vt -0.025568 0.020996
vt -0.024068 0.020996
vt -0.024068 -0.020996
vt -0.025568 -0.020996
vt -0.025568 0.020996
vt -0.024068 0.020996
vt -0.024068 -0.020996
vt 0.025568 0.020996
vt 0.025568 0.020996
vt 0.024068 0.022496
vt 0.024068 0.022496
vt 0.025568 -0.020996
vt 0.025568 -0.020996
vt 0.024068 -0.022496
vt 0.024068 -0.022496
vt -0.025568 0.020996
vt -0.025568 0.020996
vt -0.024068 0.022496
vt -0.024068 0.022496
vt -0.025568 -0.020996
vt -0.025568 -0.020996
vt -0.024068 -0.022496
vt -0.024068 -0.022496
vt -0.024068 -0.020996
vt -0.024068 -0.022496
vt -0.025568 -0.020996
vt -0.024068 -0.020996
vt -0.024068 -0.022496
vt -0.025568 -0.020996
vt -0.024068 0.020996
vt -0.024068 0.022496
vt -0.025568 0.020996
vt -0.024068 0.020996
vt -0.024068 0.022496
vt -0.025568 0.020996
vt 0.024068 -0.020996
vt 0.024068 -0.022496
vt 0.025568 -0.020996
vt 0.024068 -0.020996
vt 0.024068 -0.022496
vt 0.025568 -0.020996
vt 0.024068 0.020996
vt 0.024068 0.022496
vt 0.025568 0.020996
vt 0.024068 0.020996
vt 0.024068 0.022496
vt 0.025568 0.020996
vt -0.023977 -0.011285
vt 0.023977 -0.011285
vt 0.023977 0.011285
vt -0.023977 0.011285
vt 0.023977 -0.011285
vt -0.023977 -0.011285
vt -0.023977 0.011285
vt 0.023977 0.011285
vt -0.023977 -0.017601
vt 0.023977 -0.017601
vt 0.023977 0.017601
vt -0.023977 0.017601
vt -0.023977 0.017601
vt 0.023977 0.017601
vt 0.023977 -0.017601
vt -0.023977 -0.017601
vt -0.017601 -0.011285
vt 0.017601 -0.011285
vt 0.017601 0.011285
vt -0.017601 0.011285
vt 0.017601 -0.011285
vt -0.017601 -0.011285
vt -0.017601 0.011285
vt 0.017601 0.011285
vt -0.023977 0.012785
vt 0.023977 0.012785
vt 0.023977 0.011285
vt -0.023977 0.011285
vt -0.023977 0.012785
vt 0.023977 0.012785
vt 0.023977 0.011285
vt -0.023977 0.011285
vt -0.023977 -0.012785
vt 0.023977 -0.012785
vt 0.023977 -0.011285
vt -0.023977 -0.011285
vt -0.023977 -0.012785
vt 0.023977 -0.012785
vt 0.023977 -0.011285
vt -0.023977 -0.011285
vt 0.025477 -0.011285
vt 0.025477 0.011285
vt 0.023977 0.011285
vt 0.023977 -0.011285
vt 0.025477 -0.011285
vt 0.025477 0.011285
vt 0.023977 0.011285
vt 0.023977 -0.011285
vt -0.025477 -0.011285
vt -0.025477 0.011285
vt -0.023977 0.011285
vt -0.023977 -0.011285
vt -0.025477 -0.011285
vt -0.025477 0.011285
vt -0.023977 0.011285
vt -0.023977 -0.011285
vt 0.025477 0.011285
vt 0.025477 0.011285
vt 0.023977 0.012785
vt 0.023977 0.012785
vt 0.025477 -0.011285
vt 0.025477 -0.011285
vt 0.023977 -0.012785
vt 0.023977 -0.012785
vt -0.025477 0.011285
vt -0.025477 0.011285
vt -0.023977 0.012785
vt -0.023977 0.012785
vt -0.025477 -0.011285
vt -0.025477 -0.011285
vt -0.023977 -0.012785
vt -0.023977 -0.012785
vt -0.023977 -0.011285
vt -0.023977 -0.012785
vt -0.025477 -0.011285
vt -0.023977 -0.011285
vt -0.023977 -0.012785
vt -0.025477 -0.011285
vt -0.023977 0.011285
vt -0.023977 0.012785
vt -0.025477 0.011285
vt -0.023977 0.011285
vt -0.023977 0.012785
vt -0.025477 0.011285
vt 0.023977 -0.011285
vt 0.023977 -0.012785
vt 0.025477 -0.011285
vt 0.023977 -0.011285
vt 0.023977 -0.012785
vt 0.025477 -0.011285
vt 0.023977 0.011285
vt 0.023977 0.012785
vt 0.025477 0.011285
vt 0.023977 0.011285
vt 0.023977 0.012785
vt 0.025477 0.011285
vt -0.020820 -0.009946
vt 0.020820 -0.009946
vt 0.020820 0.009946
vt -0.020820 0.009946
vt 0.020820 -0.009946
vt -0.020820 -0.009946
vt -0.020820 0.009946
vt 0.020820 0.009946
vt -0.020820 -0.022828
vt 0.020820 -0.022828
vt 0.020820 0.022828
vt -0.020820 0.022828
vt -0.020820 0.022828
vt 0.020820 0.022828
vt 0.020820 -0.022828
vt -0.020820 -0.022828
vt -0.022828 -0.009946
vt 0.022828 -0.009946
vt 0.022828 0.009946
vt -0.022828 0.009946
vt 0.022828 -0.009946
vt -0.022828 -0.009946
vt -0.022828 0.009946
vt 0.022828 0.009946
vt -0.020820 0.011446
vt 0.020820 0.011446
vt 0.020820 0.009946
vt -0.020820 0.009946
vt -0.020820 0.011446
vt 0.020820 0.011446
vt 0.020820 0.009946
vt -0.020820 0.009946
vt -0.020820 -0.011446
vt 0.020820 -0.011446
vt 0.020820 -0.009946
vt -0.020820 -0.009946
vt -0.020820 -0.011446
vt 0.020820 -0.011446
vt 0.020820 -0.009946
vt -0.020820 -0.009946
vt 0.022320 -0.009946
vt 0.022320 0.009946
vt 0.020820 0.009946
vt 0.020820 -0.009946
vt 0.022320 -0.009946
vt 0.022320 0.009946
vt 0.020820 0.009946
vt 0.020820 -0.009946
vt -0.022320 -0.009946
vt -0.022320 0.009946
vt -0.020820 0.009946
vt -0.020820 -0.009946
vt -0.022320 -0.009946
vt -0.022320 0.009946
vt -0.020820 0.009946
vt -0.020820 -0.009946
vt 0.022320 0.009946
vt 0.022320 0.009946
vt 0.020820 0.011446
vt 0.020820 0.011446
vt 0.022320 -0.009946
vt 0.022320 -0.009946
vt 0.020820 -0.011446
vt 0.020820 -0.011446
vt -0.022320 0.009946
vt -0.022320 0.009946
vt -0.020820 0.011446
vt -0.020820 0.011446
vt -0.022320 -0.009946
vt -0.022320 -0.009946
vt -0.020820 -0.011446
vt -0.020820 -0.011446
vt -0.020820 -0.009946
vt -0.020820 -0.011446
vt -0.022320 -0.009946
vt -0.020820 -0.009946
vt -0.020820 -0.011446
vt -0.022320 -0.009946
vt -0.020820 0.009946
vt -0.020820 0.011446
vt -0.022320 0.009946
vt -0.020820 0.009946
vt -0.020820 0.011446
vt -0.022320 0.009946
vt 0.020820 -0.009946
vt 0.020820 -0.011446
vt 0.022320 -0.009946
vt 0.020820 -0.009946
vt 0.020820 -0.011446
vt 0.022320 -0.009946
vt 0.020820 0.009946
vt 0.020820 0.011446
vt 0.022320 0.009946
vt 0.020820 0.009946
vt 0.020820 0.011446
vt 0.022320 0.009946
vt -0.025677 -0.021089
vt 0.025677 -0.021089
vt 0.025677 0.021089
vt -0.025677 0.021089
vt 0.025677 -0.021089
vt -0.025677 -0.021089
vt -0.025677 0.021089
vt 0.025677 0.021089
vt -0.025677 -0.021413
vt 0.025677 -0.021413
vt 0.025677 0.021413
vt -0.025677 0.021413
vt -0.025677 0.021413
vt 0.025677 0.021413
vt 0.025677 -0.021413
vt -0.025677 -0.021413
vt -0.021413 -0.021089
vt 0.021413 -0.021089
vt 0.021413 0.021089
vt -0.021413 0.021089
vt 0.021413 -0.021089
vt -0.021413 -0.021089
vt -0.021413 0.021089
vt 0.021413 0.021089
vt -0.025677 0.022589
vt 0.025677 0.022589
vt 0.025677 0.021089
vt -0.025677 0.021089
vt -0.025677 0.022589
vt 0.025677 0.022589
vt 0.025677 0.021089
vt -0.025677 0.021089
vt -0.025677 -0.022589
vt 0.025677 -0.022589
vt 0.025677 -0.021089
vt -0.025677 -0.021089
vt -0.025677 -0.022589
vt 0.025677 -0.022589
vt 0.025677 -0.021089
vt -0.025677 -0.021089
vt 0.027177 -0.021089
vt 0.027177 0.021089
vt 0.025677 0.021089
vt 0.025677 -0.021089
vt 0.027177 -0.021089
vt 0.027177 0.021089
vt 0.025677 0.021089
vt 0.025677 -0.021089
vt -0.027177 -0.021089
vt -0.027177 0.021089
vt -0.025677 0.021089
vt -0.025677 -0.021089
vt -0.027177 -0.021089
vt -0.027177 0.021089
vt -0.025677 0.021089
vt -0.025677 -0.021089
vt 0.027177 0.021089
vt 0.027177 0.021089
vt 0.025677 0.022589
vt 0.025677 0.022589
vt 0.027177 -0.021089
vt 0.027177 -0.021089
vt 0.025677 -0.022589
vt 0.025677 -0.022589
vt -0.027177 0.021089
vt -0.027177 0.021089
vt -0.025677 0.022589
vt -0.025677 0.022589
vt -0.027177 -0.021089
vt -0.027177 -0.021089
vt -0.025677 -0.022589
vt -0.025677 -0.022589
vt -0.025677 -0.021089
vt -0.025677 -0.022589
vt -0.027177 -0.021089
vt -0.025677 -0.021089
vt -0.025677 -0.022589
vt -0.027177 -0.021089
vt -0.025677 0.021089
vt -0.025677 0.022589
vt -0.027177 0.021089
vt -0.025677 0.021089
vt -0.025677 0.022589
vt -0.027177 0.021089
vt 0.025677 -0.021089
vt 0.025677 -0.022589
vt 0.027177 -0.021089
vt 0.025677 -0.021089
vt 0.025677 -0.022589
vt 0.027177 -0.021089
vt 0.025677 0.021089
vt 0.025677 0.022589
vt 0.027177 0.021089
vt 0.025677 0.021089
vt 0.025677 0.022589
vt 0.027177 0.021089
vt -0.017040 -0.014996
vt 0.017040 -0.014996
vt 0.017040 0.014996
vt -0.017040 0.014996
vt 0.017040 -0.014996
vt -0.017040 -0.014996
vt -0.017040 0.014996
vt 0.017040 0.014996
vt -0.017040 -0.019268
vt 0.017040 -0.019268
vt 0.017040 0.019268
vt -0.017040 0.019268
vt -0.017040 0.019268
vt 0.017040 0.019268
vt 0.017040 -0.019268
vt -0.017040 -0.019268
vt -0.019268 -0.014996
vt 0.019268 -0.014996
vt 0.019268 0.014996
vt -0.019268 0.014996
vt 0.019268 -0.014996
vt -0.019268 -0.014996
vt -0.019268 0.014996
vt 0.019268 0.014996
vt -0.017040 0.016496
vt 0.017040 0.016496
vt 0.017040 0.014996
vt -0.017040 0.014996
vt -0.017040 0.016496
vt 0.017040 0.016496
vt 0.017040 0.014996
vt -0.017040 0.014996
vt -0.017040 -0.016496
vt 0.017040 -0.016496
vt 0.017040 -0.014996
vt -0.017040 -0.014996
vt -0.017040 -0.016496
vt 0.017040 -0.016496
vt 0.017040 -0.014996
vt -0.017040 -0.014996
vt 0.018540 -0.014996
vt 0.018540 0.014996
vt 0.017040 0.014996
vt 0.017040 -0.014996
vt 0.018540 -0.014996
vt 0.018540 0.014996
vt 0.017040 0.014996
vt 0.017040 -0.014996
vt -0.018540 -0.014996
vt -0.018540 0.014996
vt -0.017040 0.014996
vt -0.017040 -0.014996
vt -0.018540 -0.014996
vt -0.018540 0.014996
vt -0.017040 0.014996
vt -0.017040 -0.014996
vt 0.018540 0.014996
vt 0.018540 0.014996
vt 0.017040 0.016496
vt 0.017040 0.016496
vt 0.018540 -0.014996
vt 0.018540 -0.014996
vt 0.017040 -0.016496
vt 0.017040 -0.016496
vt -0.018540 0.014996
vt -0.018540 0.014996
vt -0.017040 0.016496
vt -0.017040 0.016496
vt -0.018540 -0.014996
vt -0.018540 -0.014996
vt -0.017040 -0.016496
vt -0.017040 -0.016496
vt -0.017040 -0.014996
vt -0.017040 -0.016496
vt -0.018540 -0.014996
vt -0.017040 -0.014996
vt -0.017040 -0.016496
vt -0.018540 -0.014996
vt -0.017040 0.014996
vt -0.017040 0.016496
vt -0.018540 0.014996
vt -0.017040 0.014996
vt -0.017040 0.016496
vt -0.018540 0.014996
vt 0.017040 -0.014996
vt 0.017040 -0.016496
vt 0.018540 -0.014996
vt 0.017040 -0.014996
vt 0.017040 -0.016496
vt 0.018540 -0.014996
vt 0.017040 0.014996
vt 0.017040 0.016496
vt 0.018540 0.014996
vt 0.017040 0.014996
vt 0.017040 0.016496
vt 0.018540 0.014996
vt -0.017151 -0.012449
vt 0.017151 -0.012449
vt 0.017151 0.012449
vt -0.017151 0.012449
vt 0.017151 -0.012449
vt -0.017151 -0.012449
vt -0.017151 0.012449
vt 0.017151 0.012449
vt -0.017151 -0.015442
vt 0.017151 -0.015442
vt 0.017151 0.015442
vt -0.017151 0.015442
vt -0.017151 0.015442
vt 0.017151 0.015442
vt 0.017151 -0.015442
vt -0.017151 -0.015442
vt -0.015442 -0.012449
vt 0.015442 -0.012449
vt 0.015442 0.012449
vt -0.015442 0.012449
vt 0.015442 -0.012449
vt -0.015442 -0.012449
vt -0.015442 0.012449
vt 0.015442 0.012449
vt -0.017151 0.013949
vt 0.017151 0.013949
vt 0.017151 0.012449
vt -0.017151 0.012449
vt -0.017151 0.013949
vt 0.017151 0.013949
vt 0.017151 0.012449
vt -0.017151 0.012449
vt -0.017151 -0.013949
vt 0.017151 -0.013949
vt 0.017151 -0.012449
vt -0.017151 -0.012449
vt -0.017151 -0.013949
vt 0.017151 -0.013949
vt 0.017151 -0.012449
vt -0.017151 -0.012449
vt 0.018651 -0.012449
vt 0.018651 0.012449
vt 0.017151 0.012449
vt 0.017151 -0.012449
vt 0.018651 -0.012449
vt 0.018651 0.012449
vt 0.017151 0.012449
vt 0.017151 -0.012449
vt -0.018651 -0.012449
vt -0.018651 0.012449
vt -0.017151 0.012449
vt -0.017151 -0.012449
vt -0.018651 -0.012449
vt -0.018651 0.012449
vt -0.017151 0.012449
vt -0.017151 -0.012449
vt 0.018651 0.012449
vt 0.018651 0.012449
vt 0.017151 0.013949
vt 0.017151 0.013949
vt 0.018651 -0.012449
vt 0.018651 -0.012449
vt 0.017151 -0.013949
vt 0.017151 -0.013949
vt -0.018651 0.012449
vt -0.018651 0.012449
vt -0.017151 0.013949
vt -0.017151 0.013949
vt -0.018651 -0.012449
vt -0.018651 -0.012449
vt -0.017151 -0.013949
vt -0.017151 -0.013949
vt -0.017151 -0.012449
vt -0.017151 -0.013949
vt -0.018651 -0.012449
vt -0.017151 -0.012449
vt -0.017151 -0.013949
vt -0.018651 -0.012449
vt -0.017151 0.012449
vt -0.017151 0.013949
vt -0.018651 0.012449
vt -0.017151 0.012449
vt -0.017151 0.013949
vt -0.018651 0.012449
vt 0.017151 -0.012449
vt 0.017151 -0.013949
vt 0.018651 -0.012449
vt 0.017151 -0.012449
vt 0.017151 -0.013949
vt 0.018651 -0.012449
vt 0.017151 0.012449
vt 0.017151 0.013949
vt 0.018651 0.012449
vt 0.017151 0.012449
vt 0.017151 0.013949
vt 0.018651 0.012449
vt -0.024998 -0.021223
vt 0.024998 -0.021223
vt 0.024998 0.021223
vt -0.024998 0.021223
vt 0.024998 -0.021223
vt -0.024998 -0.021223
vt -0.024998 0.021223
vt 0.024998 0.021223
vt -0.024998 -0.018054
vt 0.024998 -0.018054
vt 0.024998 0.018054
vt -0.024998 0.018054
vt -0.024998 0.018054
vt 0.024998 0.018054
vt 0.024998 -0.018054
vt -0.024998 -0.018054
vt -0.018054 -0.021223
vt 0.018054 -0.021223
vt 0.018054 0.021223
vt -0.018054 0.021223
vt 0.018054 -0.021223
vt -0.018054 -0.021223
vt -0.018054 0.021223
vt 0.018054 0.021223
vt -0.024998 0.022723
vt 0.024998 0.022723
vt 0.024998 0.021223
vt -0.024998 0.021223
vt -0.024998 0.022723
vt 0.024998 0.022723
vt 0.024998 0.021223
vt -0.024998 0.021223
vt -0.024998 -0.022723
vt 0.024998 -0.022723
vt 0.024998 -0.021223
vt -0.024998 -0.021223
vt -0.024998 -0.022723
vt 0.024998 -0.022723
vt 0.024998 -0.021223
vt -0.024998 -0.021223
vt 0.026498 -0.021223
vt 0.026498 0.021223
vt 0.024998 0.021223
vt 0.024998 -0.021223
vt 0.026498 -0.021223
vt 0.026498 0.021223
vt 0.024998 0.021223
vt 0.024998 -0.021223
vt -0.026498 -0.021223
vt -0.026498 0.021223
vt -0.024998 0.021223
vt -0.024998 -0.021223
vt -0.026498 -0.021223
vt -0.026498 0.021223
vt -0.024998 0.021223
vt -0.024998 -0.021223
vt 0.026498 0.021223
vt 0.026498 0.021223
vt 0.024998 0.022723
vt 0.024998 0.022723
vt 0.026498 -0.021223
vt 0.026498 -0.021223
vt 0.024998 -0.022723
vt 0.024998 -0.022723
vt -0.026498 0.021223
vt -0.026498 0.021223
vt -0.024998 0.022723
vt -0.024998 0.022723
vt -0.026498 -0.021223
vt -0.026498 -0.021223
vt -0.024998 -0.022723
vt -0.024998 -0.022723
vt -0.024998 -0.021223
vt -0.024998 -0.022723
vt -0.026498 -0.021223
vt -0.024998 -0.021223
vt -0.024998 -0.022723
vt -0.026498 -0.021223
vt -0.024998 0.021223
vt -0.024998 0.022723
vt -0.026498 0.021223
vt -0.024998 0.021223
vt -0.024998 0.022723
vt -0.026498 0.021223
vt 0.024998 -0.021223
vt 0.024998 -0.022723
vt 0.026498 -0.021223
vt 0.024998 -0.021223
vt 0.024998 -0.022723
vt 0.026498 -0.021223
vt 0.024998 0.021223
vt 0.024998 0.022723
vt 0.026498 0.021223
vt 0.024998 0.021223
vt 0.024998 0.022723
vt 0.026498 0.021223
vt -0.017468 -0.010801
vt 0.017468 -0.010801
vt 0.017468 0.010801
vt -0.017468 0.010801
vt 0.017468 -0.010801
vt -0.017468 -0.010801
vt -0.017468 0.010801
vt 0.017468 0.010801
vt -0.017468 -0.014061
vt 0.017468 -0.014061
vt 0.017468 0.014061
vt -0.017468 0.014061
vt -0.017468 0.014061
vt 0.017468 0.014061
vt 0.017468 -0.014061
vt -0.017468 -0.014061
vt -0.014061 -0.010801
vt 0.014061 -0.010801
vt 0.014061 0.010801
vt -0.014061 0.010801
vt 0.014061 -0.010801
vt -0.014061 -0.010801
vt -0.014061 0.010801
vt 0.014061 0.010801
vt -0.017468 0.012301
vt 0.017468 0.012301
vt 0.017468 0.010801
vt -0.017468 0.010801
vt -0.017468 0.012301
vt 0.017468 0.012301
vt 0.017468 0.010801
vt -0.017468 0.010801
vt -0.017468 -0.012301
vt 0.017468 -0.012301
vt 0.017468 -0.010801
vt -0.017468 -0.010801
vt -0.017468 -0.012301
vt 0.017468 -0.012301
vt 0.017468 -0.010801
vt -0.017468 -0.010801
vt 0.018968 -0.010801
vt 0.018968 0.010801
vt 0.017468 0.010801
vt 0.017468 -0.010801
vt 0.018968 -0.010801
vt 0.018968 0.010801
vt 0.017468 0.010801
vt 0.017468 -0.010801
vt -0.018968 -0.010801
vt -0.018968 0.010801
vt -0.017468 0.010801
vt -0.017468 -0.010801
vt -0.018968 -0.010801
vt -0.018968 0.010801
vt -0.017468 0.010801
vt -0.017468 -0.010801
vt 0.018968 0.010801
vt 0.018968 0.010801
vt 0.017468 0.012301
vt 0.017468 0.012301
vt 0.018968 -0.010801
vt 0.018968 -0.010801
vt 0.017468 -0.012301
vt 0.017468 -0.012301
vt -0.018968 0.010801
vt -0.018968 0.010801
vt -0.017468 0.012301
vt -0.017468 0.012301
vt -0.018968 -0.010801
vt -0.018968 -0.010801
vt -0.017468 -0.012301
vt -0.017468 -0.012301
vt -0.017468 -0.010801
vt -0.017468 -0.012301
vt -0.018968 -0.010801
vt -0.017468 -0.010801
vt -0.017468 -0.012301
vt -0.018968 -0.010801
vt -0.017468 0.010801
vt -0.017468 0.012301
vt -0.018968 0.010801
vt -0.017468 0.010801
vt -0.017468 0.012301
vt -0.018968 0.010801
vt 0.017468 -0.010801
vt 0.017468 -0.012301
vt 0.018968 -0.010801
vt 0.017468 -0.010801
vt 0.017468 -0.012301
vt 0.018968 -0.010801
vt 0.017468 0.010801
vt 0.017468 0.012301
vt 0.018968 0.010801
vt 0.017468 0.010801
vt 0.017468 0.012301
vt 0.018968 0.010801
vt -0.017044 -0.016659
vt 0.017044 -0.016659
vt 0.017044 0.016659
vt -0.017044 0.016659
vt 0.017044 -0.016659
vt -0.017044 -0.016659
vt -0.017044 0.016659
vt 0.017044 0.016659
vt -0.017044 -0.014965
vt 0.017044 -0.014965
vt 0.017044 0.014965
vt -0.017044 0.014965
vt -0.017044 0.014965
vt 0.017044 0.014965
vt 0.017044 -0.014965
vt -0.017044 -0.014965
vt -0.014965 -0.016659
vt 0.014965 -0.016659
vt 0.014965 0.016659
vt -0.014965 0.016659
vt 0.014965 -0.016659
vt -0.014965 -0.016659
vt -0.014965 0.016659
vt 0.014965 0.016659
vt -0.017044 0.018159
vt 0.017044 0.018159
vt 0.017044 0.016659
vt -0.017044 0.016659
vt -0.017044 0.018159
vt 0.017044 0.018159
vt 0.017044 0.016659
vt -0.017044 0.016659
vt -0.017044 -0.018159
vt 0.017044 -0.018159
vt 0.017044 -0.016659
vt -0.017044 -0.016659
vt -0.017044 -0.018159
vt 0.017044 -0.018159
vt 0.017044 -0.016659
vt -0.017044 -0.016659
vt 0.018544 -0.016659
vt 0.018544 0.016659
vt 0.017044 0.016659
vt 0.017044 -0.016659
vt 0.018544 -0.016659
vt 0.018544 0.016659
vt 0.017044 0.016659
vt 0.017044 -0.016659
vt -0.018544 -0.016659
vt -0.018544 0.016659
vt -0.017044 0.016659
vt -0.017044 -0.016659
vt -0.018544 -0.016659
vt -0.018544 0.016659
vt -0.017044 0.016659
vt -0.017044 -0.016659
vt 0.018544 0.016659
vt 0.018544 0.016659
vt 0.017044 0.018159
vt 0.017044 0.018159
vt 0.018544 -0.016659
vt 0.018544 -0.016659
vt 0.017044 -0.018159
vt 0.017044 -0.018159
vt -0.018544 0.016659
vt -0.018544 0.016659
vt -0.017044 0.018159
vt -0.017044 0.018159
vt -0.018544 -0.016659
vt -0.018544 -0.016659
vt -0.017044 -0.018159
vt -0.017044 -0.018159
vt -0.017044 -0.016659
vt -0.017044 -0.018159
vt -0.018544 -0.016659
vt -0.017044 -0.016659
vt -0.017044 -0.018159
vt -0.018544 -0.016659
vt -0.017044 0.016659
vt -0.017044 0.018159
vt -0.018544 0.016659
vt -0.017044 0.016659
vt -0.017044 0.018159
vt -0.018544 0.016659
vt 0.017044 -0.016659
vt 0.017044 -0.018159
vt 0.018544 -0.016659
vt 0.017044 -0.016659
vt 0.017044 -0.018159
vt 0.018544 -0.016659
vt 0.017044 0.016659
vt 0.017044 0.018159
vt 0.018544 0.016659
vt 0.017044 0.016659
vt 0.017044 0.018159
vt 0.018544 0.016659
vt -0.010627 -0.009167
vt 0.010627 -0.009167
vt 0.010627 0.009167
vt -0.010627 0.009167
vt 0.010627 -0.009167
vt -0.010627 -0.009167
vt -0.010627 0.009167
vt 0.010627 0.009167
vt -0.010627 -0.007189
vt 0.010627 -0.007189
vt 0.010627 0.007189
vt -0.010627 0.007189
vt -0.010627 0.007189
vt 0.010627 0.007189
vt 0.010627 -0.007189
vt -0.010627 -0.007189
vt -0.007189 -0.009167
vt 0.007189 -0.009167
vt 0.007189 0.009167
vt -0.007189 0.009167
vt 0.007189 -0.009167
vt -0.007189 -0.009167
vt -0.007189 0.009167
vt 0.007189 0.009167
vt -0.010627 0.010667
vt 0.010627 0.010667
vt 0.010627 0.009167
vt -0.010627 0.009167
vt -0.010627 0.010667
vt 0.010627 0.010667
vt 0.010627 0.009167
vt -0.010627 0.009167
vt -0.010627 -0.010667
vt 0.010627 -0.010667
vt 0.010627 -0.009167
vt -0.010627 -0.009167
vt -0.010627 -0.010667
vt 0.010627 -0.010667
vt 0.010627 -0.009167
vt -0.010627 -0.009167
vt 0.012127 -0.009167
vt 0.012127 0.009167
vt 0.010627 0.009167
vt 0.010627 -0.009167
vt 0.012127 -0.009167
vt 0.012127 0.009167
vt 0.010627 0.009167
vt 0.010627 -0.009167
vt -0.012127 -0.009167
vt -0.012127 0.009167
vt -0.010627 0.009167
vt -0.010627 -0.009167
vt -0.012127 -0.009167
vt -0.012127 0.009167
vt -0.010627 0.009167
vt -0.010627 -0.009167
vt 0.012127 0.009167
vt 0.012127 0.009167
vt 0.010627 0.010667
vt 0.010627 0.010667
vt 0.012127 -0.009167
vt 0.012127 -0.009167
vt 0.010627 -0.010667
vt 0.010627 -0.010667
vt -0.012127 0.009167
vt -0.012127 0.009167
vt -0.010627 0.010667
vt -0.010627 0.010667
vt -0.012127 -0.009167
vt -0.012127 -0.009167
vt -0.010627 -0.010667
vt -0.010627 -0.010667
vt -0.010627 -0.009167
vt -0.010627 -0.010667
vt -0.012127 -0.009167
vt -0.010627 -0.009167
vt -0.010627 -0.010667
vt -0.012127 -0.009167
vt -0.010627 0.009167
vt -0.010627 0.010667
vt -0.012127 0.009167
vt -0.010627 0.009167
vt -0.010627 0.010667
vt -0.012127 0.009167
vt 0.010627 -0.009167
vt 0.010627 -0.010667
vt 0.012127 -0.009167
vt 0.010627 -0.009167
vt 0.010627 -0.010667
vt 0.012127 -0.009167
vt 0.010627 0.009167
vt 0.010627 0.010667
vt 0.012127 0.009167
vt 0.010627 0.009167
vt 0.010627 0.010667
vt 0.012127 0.009167
vt -0.016596 -0.012963
vt 0.016596 -0.012963
vt 0.016596 0.012963
vt -0.016596 0.012963
vt 0.016596 -0.012963
vt -0.016596 -0.012963
vt -0.016596 0.012963
vt 0.016596 0.012963
vt -0.016596 -0.017622
vt 0.016596 -0.017622
vt 0.016596 0.017622
vt -0.016596 0.017622
vt -0.016596 0.017622
vt 0.016596 0.017622
vt 0.016596 -0.017622
vt -0.016596 -0.017622
vt -0.017622 -0.012963
vt 0.017622 -0.012963
vt 0.017622 0.012963
vt -0.017622 0.012963
vt 0.017622 -0.012963
vt -0.017622 -0.012963
vt -0.017622 0.012963
vt 0.017622 0.012963
vt -0.016596 0.014463
vt 0.016596 0.014463
vt 0.016596 0.012963
vt -0.016596 0.012963
vt -0.016596 0.014463
vt 0.016596 0.014463
vt 0.016596 0.012963
vt -0.016596 0.012963
vt -0.016596 -0.014463
vt 0.016596 -0.014463
vt 0.016596 -0.012963
vt -0.016596 -0.012963
vt -0.016596 -0.014463
vt 0.016596 -0.014463
vt 0.016596 -0.012963
vt -0.016596 -0.012963
vt 0.018096 -0.012963
vt 0.018096 0.012963
vt 0.016596 0.012963
vt 0.016596 -0.012963
vt 0.018096 -0.012963
vt 0.018096 0.012963
vt 0.016596 0.012963
vt 0.016596 -0.012963
vt -0.018096 -0.012963
vt -0.018096 0.012963
vt -0.016596 0.012963
vt -0.016596 -0.012963
vt -0.018096 -0.012963
vt -0.018096 0.012963
vt -0.016596 0.012963
vt -0.016596 -0.012963
vt 0.018096 0.012963
vt 0.018096 0.012963
vt 0.016596 0.014463
vt 0.016596 0.014463
vt 0.018096 -0.012963
vt 0.018096 -0.012963
vt 0.016596 -0.014463
vt 0.016596 -0.014463
vt -0.018096 0.012963
vt -0.018096 0.012963
vt -0.016596 0.014463
vt -0.016596 0.014463
vt -0.018096 -0.012963
vt -0.018096 -0.012963
vt -0.016596 -0.014463
vt -0.016596 -0.014463
vt -0.016596 -0.012963
vt -0.016596 -0.014463
vt -0.018096 -0.012963
vt -0.016596 -0.012963
vt -0.016596 -0.014463
vt -0.018096 -0.012963
vt -0.016596 0.012963
vt -0.016596 0.014463
vt -0.018096 0.012963
vt -0.016596 0.012963
vt -0.016596 0.014463
vt -0.018096 0.012963
vt 0.016596 -0.012963
vt 0.016596 -0.014463
vt 0.018096 -0.012963
vt 0.016596 -0.012963
vt 0.016596 -0.014463
vt 0.018096 -0.012963
vt 0.016596 0.012963
vt 0.016596 0.014463
vt 0.018096 0.012963
vt 0.016596 0.012963
vt 0.016596 0.014463
vt 0.018096 0.012963
vt -0.025379 -0.016735
vt 0.025379 -0.016735
vt 0.025379 0.016735
vt -0.025379 0.016735
vt 0.025379 -0.016735
vt -0.025379 -0.016735
vt -0.025379 0.016735
vt 0.025379 0.016735
vt -0.025379 -0.026612
vt 0.025379 -0.026612
vt 0.025379 0.026612
vt -0.025379 0.026612
vt -0.025379 0.026612
vt 0.025379 0.026612
vt 0.025379 -0.026612
vt -0.025379 -0.026612
vt -0.026612 -0.016735
vt 0.026612 -0.016735
vt 0.026612 0.016735
vt -0.026612 0.016735
vt 0.026612 -0.016735
vt -0.026612 -0.016735
vt -0.026612 0.016735
vt 0.026612 0.016735
vt -0.025379 0.018235
vt 0.025379 0.018235
vt 0.025379 0.016735
vt -0.025379 0.016735
vt -0.025379 0.018235
vt 0.025379 0.018235
vt 0.025379 0.016735
vt -0.025379 0.016735
vt -0.025379 -0.018235
vt 0.025379 -0.018235
vt 0.025379 -0.016735
vt -0.025379 -0.016735
vt -0.025379 -0.018235
vt 0.025379 -0.018235
vt 0.025379 -0.016735
vt -0.025379 -0.016735
vt 0.026879 -0.016735
vt 0.026879 0.016735
vt 0.025379 0.016735
vt 0.025379 -0.016735
vt 0.026879 -0.016735
vt 0.026879 0.016735
vt 0.025379 0.016735
vt 0.025379 -0.016735
vt -0.026879 -0.016735
vt -0.026879 0.016735
vt -0.025379 0.016735
vt -0.025379 -0.016735
vt -0.026879 -0.016735
vt -0.026879 0.016735
vt -0.025379 0.016735
vt -0.025379 -0.016735
vt 0.026879 0.016735
vt 0.026879 0.016735
vt 0.025379 0.018235
vt 0.025379 0.018235
vt 0.026879 -0.016735
vt 0.026879 -0.016735
vt 0.025379 -0.018235
vt 0.025379 -0.018235
vt -0.026879 0.016735
vt -0.026879 0.016735
vt -0.025379 0.018235
vt -0.025379 0.018235
vt -0.026879 -0.016735
vt -0.026879 -0.016735
vt -0.025379 -0.018235
vt -0.025379 -0.018235
vt -0.025379 -0.016735
vt -0.025379 -0.018235
vt -0.026879 -0.016735
vt -0.025379 -0.016735
vt -0.025379 -0.018235
vt -0.026879 -0.016735
vt -0.025379 0.016735
vt -0.025379 0.018235
vt -0.026879 0.016735
vt -0.025379 0.016735
vt -0.025379 0.018235
vt -0.026879 0.016735
vt 0.025379 -0.016735
vt 0.025379 -0.018235
vt 0.026879 -0.016735
vt 0.025379 -0.016735
vt 0.025379 -0.018235
vt 0.026879 -0.016735
vt 0.025379 0.016735
vt 0.025379 0.018235
vt 0.026879 0.016735
vt 0.025379 0.016735
vt 0.025379 0.018235
vt 0.026879 0.016735
vt -0.020506 -0.010679
vt 0.020506 -0.010679
vt 0.020506 0.010679
vt -0.020506 0.010679
vt 0.020506 -0.010679
vt -0.020506 -0.010679
vt -0.020506 0.010679
vt 0.020506 0.010679
vt -0.020506 -0.014698
vt 0.020506 -0.014698
vt 0.020506 0.014698
vt -0.020506 0.014698
vt -0.020506 0.014698
vt 0.020506 0.014698
vt 0.020506 -0.014698
vt -0.020506 -0.014698
vt -0.014698 -0.010679
vt 0.014698 -0.010679
vt 0.014698 0.010679
vt -0.014698 0.010679
vt 0.014698 -0.010679
vt -0.014698 -0.010679
vt -0.014698 0.010679
vt 0.014698 0.010679
vt -0.020506 0.012179
vt 0.020506 0.012179
vt 0.020506 0.010679
vt -0.020506 0.010679
vt -0.020506 0.012179
vt 0.020506 0.012179
vt 0.020506 0.010679
vt -0.020506 0.010679
vt -0.020506 -0.012179
vt 0.020506 -0.012179
vt 0.020506 -0.010679
vt -0.020506 -0.010679
vt -0.020506 -0.012179
vt 0.020506 -0.012179
vt 0.020506 -0.010679
vt -0.020506 -0.010679
vt 0.022006 -0.010679
vt 0.022006 0.010679
vt 0.020506 0.010679
vt 0.020506 -0.010679
vt 0.022006 -0.010679
vt 0.022006 0.010679
vt 0.020506 0.010679
vt 0.020506 -0.010679
vt -0.022006 -0.010679
vt -0.022006 0.010679
vt -0.020506 0.010679
vt -0.020506 -0.010679
vt -0.022006 -0.010679
vt -0.022006 0.010679
vt -0.020506 0.010679
vt -0.020506 -0.010679
vt 0.022006 0.010679
vt 0.022006 0.010679
vt 0.020506 0.012179
vt 0.020506 0.012179
vt 0.022006 -0.010679
vt 0.022006 -0.010679
vt 0.020506 -0.012179
vt 0.020506 -0.012179
vt -0.022006 0.010679
vt -0.022006 0.010679
vt -0.020506 0.012179
vt -0.020506 0.012179
vt -0.022006 -0.010679
vt -0.022006 -0.010679
vt -0.020506 -0.012179
vt -0.020506 -0.012179
vt -0.020506 -0.010679
vt -0.020506 -0.012179
vt -0.022006 -0.010679
vt -0.020506 -0.010679
vt -0.020506 -0.012179
vt -0.022006 -0.010679
vt -0.020506 0.010679
vt -0.020506 0.012179
vt -0.022006 0.010679
vt -0.020506 0.010679
vt -0.020506 0.012179
vt -0.022006 0.010679
vt 0.020506 -0.010679
vt 0.020506 -0.012179
vt 0.022006 -0.010679
vt 0.020506 -0.010679
vt 0.020506 -0.012179
vt 0.022006 -0.010679
vt 0.020506 0.010679
vt 0.020506 0.012179
vt 0.022006 0.010679
vt 0.020506 0.010679
vt 0.020506 0.012179
vt 0.022006 0.010679
vt -0.013897 -0.011613
vt 0.013897 -0.011613
vt 0.013897 0.011613
vt -0.013897 0.011613
vt 0.013897 -0.011613
vt -0.013897 -0.011613
vt -0.013897 0.011613
vt 0.013897 0.011613
vt -0.013897 -0.015966
vt 0.013897 -0.015966
vt 0.013897 0.015966
vt -0.013897 0.015966
vt -0.013897 0.015966
vt 0.013897 0.015966
vt 0.013897 -0.015966
vt -0.013897 -0.015966
vt -0.015966 -0.011613
vt 0.015966 -0.011613
vt 0.015966 0.011613
vt -0.015966 0.011613
vt 0.015966 -0.011613
vt -0.015966 -0.011613
vt -0.015966 0.011613
vt 0.015966 0.011613
vt -0.013897 0.013113
vt 0.013897 0.013113
vt 0.013897 0.011613
vt -0.013897 0.011613
vt -0.013897 0.013113
vt 0.013897 0.013113
vt 0.013897 0.011613
vt -0.013897 0.011613
vt -0.013897 -0.013113
vt 0.013897 -0.013113
vt 0.013897 -0.011613
vt -0.013897 -0.011613
vt -0.013897 -0.013113
vt 0.013897 -0.013113
vt 0.013897 -0.011613
vt -0.013897 -0.011613
vt 0.015397 -0.011613
vt 0.015397 0.011613
vt 0.013897 0.011613
vt 0.013897 -0.011613
vt 0.015397 -0.011613
vt 0.015397 0.011613
vt 0.013897 0.011613
vt 0.013897 -0.011613
vt -0.015397 -0.011613
vt -0.015397 0.011613
vt -0.013897 0.011613
vt -0.013897 -0.011613
vt -0.015397 -0.011613
vt -0.015397 0.011613
vt -0.013897 0.011613
vt -0.013897 -0.011613
vt 0.015397 0.011613
vt 0.015397 0.011613
vt 0.013897 0.013113
vt 0.013897 0.013113
vt 0.015397 -0.011613
vt 0.015397 -0.011613
vt 0.013897 -0.013113
vt 0.013897 -0.013113
vt -0.015397 0.011613
vt -0.015397 0.011613
vt -0.013897 0.013113
vt -0.013897 0.013113
vt -0.015397 -0.011613
vt -0.015397 -0.011613
vt -0.013897 -0.013113
vt -0.013897 -0.013113
vt -0.013897 -0.011613
vt -0.013897 -0.013113
vt -0.015397 -0.011613
vt -0.013897 -0.011613
vt -0.013897 -0.013113
vt -0.015397 -0.011613
vt -0.013897 0.011613
vt -0.013897 0.013113
vt -0.015397 0.011613
vt -0.013897 0.011613
vt -0.013897 0.013113
vt -0.015397 0.011613
vt 0.013897 -0.011613
vt 0.013897 -0.013113
vt 0.015397 -0.011613
vt 0.013897 -0.011613
vt 0.013897 -0.013113
vt 0.015397 -0.011613
vt 0.013897 0.011613
vt 0.013897 0.013113
vt 0.015397 0.011613
vt 0.013897 0.011613
vt 0.013897 0.013113
vt 0.015397 0.011613
vt -0.010108 -0.004765
vt 0.010108 -0.004765
vt 0.010108 0.004765
vt -0.010108 0.004765
vt 0.010108 -0.004765
vt -0.010108 -0.004765
vt -0.010108 0.004765
vt 0.010108 0.004765
vt -0.010108 -0.008468
vt 0.010108 -0.008468
vt 0.010108 0.008468
vt -0.010108 0.008468
vt -0.010108 0.008468
vt 0.010108 0.008468
vt 0.010108 -0.008468
vt -0.010108 -0.008468
vt -0.008468 -0.004765
vt 0.008468 -0.004765
vt 0.008468 0.004765
vt -0.008468 0.004765
vt 0.008468 -0.004765
vt -0.008468 -0.004765
vt -0.008468 0.004765
vt 0.008468 0.004765
vt -0.010108 0.006265
vt 0.010108 0.006265
vt 0.010108 0.004765
vt -0.010108 0.004765
vt -0.010108 0.006265
vt 0.010108 0.006265
vt 0.010108 0.004765
vt -0.010108 0.004765
vt -0.010108 -0.006265
vt 0.010108 -0.006265
vt 0.010108 -0.004765
vt -0.010108 -0.004765
vt -0.010108 -0.006265
vt 0.010108 -0.006265
vt 0.010108 -0.004765
vt -0.010108 -0.004765
vt 0.011608 -0.004765
vt 0.011608 0.004765
vt 0.010108 0.004765
vt 0.010108 -0.004765
vt 0.011608 -0.004765
vt 0.011608 0.004765
vt 0.010108 0.004765
vt 0.010108 -0.004765
vt -0.011608 -0.004765
vt -0.011608 0.004765
vt -0.010108 0.004765
vt -0.010108 -0.004765
vt -0.011608 -0.004765
vt -0.011608 0.004765
vt -0.010108 0.004765
vt -0.010108 -0.004765
vt 0.011608 0.004765
vt 0.011608 0.004765
vt 0.010108 0.006265
vt 0.010108 0.006265
vt 0.011608 -0.004765
vt 0.011608 -0.004765
vt 0.010108 -0.006265
vt 0.010108 -0.006265
vt -0.011608 0.004765
vt -0.011608 0.004765
vt -0.010108 0.006265
vt -0.010108 0.006265
vt -0.011608 -0.004765
vt -0.011608 -0.004765
vt -0.010108 -0.006265
vt -0.010108 -0.006265
vt -0.010108 -0.004765
vt -0.010108 -0.006265
vt -0.011608 -0.004765
vt -0.010108 -0.004765
vt -0.010108 -0.006265
vt -0.011608 -0.004765
vt -0.010108 0.004765
vt -0.010108 0.006265
vt -0.011608 0.004765
vt -0.010108 0.004765
vt -0.010108 0.006265
vt -0.011608 0.004765
vt 0.010108 -0.004765
vt 0.010108 -0.006265
vt 0.011608 -0.004765
vt 0.010108 -0.004765
vt 0.010108 -0.006265
vt 0.011608 -0.004765
vt 0.010108 0.004765
vt 0.010108 0.006265
vt 0.011608 0.004765
vt 0.010108 0.004765
vt 0.010108 0.006265
vt 0.011608 0.004765
vt -0.023498 -0.012453
vt 0.023498 -0.012453
vt 0.023498 0.012453
vt -0.023498 0.012453
vt 0.023498 -0.012453
vt -0.023498 -0.012453
vt -0.023498 0.012453
vt 0.023498 0.012453
vt -0.023498 -0.020299
vt 0.023498 -0.020299
vt 0.023498 0.020299
vt -0.023498 0.020299
vt -0.023498 0.020299
vt 0.023498 0.020299
vt 0.023498 -0.020299
vt -0.023498 -0.020299
vt -0.020299 -0.012453
vt 0.020299 -0.012453
vt 0.020299 0.012453
vt -0.020299 0.012453
vt 0.020299 -0.012453
vt -0.020299 -0.012453
vt -0.020299 0.012453
vt 0.020299 0.012453
vt -0.023498 0.013953
vt 0.023498 0.013953
vt 0.023498 0.012453
vt -0.023498 0.012453
vt -0.023498 0.013953
vt 0.023498 0.013953
vt 0.023498 0.012453
vt -0.023498 0.012453
vt -0.023498 -0.013953
vt 0.023498 -0.013953
vt 0.023498 -0.012453
vt -0.023498 -0.012453
vt -0.023498 -0.013953
vt 0.023498 -0.013953
vt 0.023498 -0.012453
vt -0.023498 -0.012453
vt 0.024998 -0.012453
vt 0.024998 0.012453
vt 0.023498 0.012453
vt 0.023498 -0.012453
vt 0.024998 -0.012453
vt 0.024998 0.012453
vt 0.023498 0.012453
vt 0.023498 -0.012453
vt -0.024998 -0.012453
vt -0.024998 0.012453
vt -0.023498 0.012453
vt -0.023498 -0.012453
vt -0.024998 -0.012453
vt -0.024998 0.012453
vt -0.023498 0.012453
vt -0.023498 -0.012453
vt 0.024998 0.012453
vt 0.024998 0.012453
vt 0.023498 0.013953
vt 0.023498 0.013953
vt 0.024998 -0.012453
vt 0.024998 -0.012453
vt 0.023498 -0.013953
vt 0.023498 -0.013953
vt -0.024998 0.012453
vt -0.024998 0.012453
vt -0.023498 0.013953
vt -0.023498 0.013953
vt -0.024998 -0.012453
vt -0.024998 -0.012453
vt -0.023498 -0.013953
vt -0.023498 -0.013953
vt -0.023498 -0.012453
vt -0.023498 -0.013953
vt -0.024998 -0.012453
vt -0.023498 -0.012453
vt -0.023498 -0.013953
vt -0.024998 -0.012453
vt -0.023498 0.012453
vt -0.023498 0.013953
vt -0.024998 0.012453
vt -0.023498 0.012453
vt -0.023498 0.013953
vt -0.024998 0.012453
vt 0.023498 -0.012453
vt 0.023498 -0.013953
vt 0.024998 -0.012453
vt 0.023498 -0.012453
vt 0.023498 -0.013953
vt 0.024998 -0.012453
vt 0.023498 0.012453
vt 0.023498 0.013953
vt 0.024998 0.012453
vt 0.023498 0.012453
vt 0.023498 0.013953
vt 0.024998 0.012453
vt -0.018182 -0.013915
vt 0.018182 -0.013915
vt 0.018182 0.013915
vt -0.018182 0.013915
vt 0.018182 -0.013915
vt -0.018182 -0.013915
vt -0.018182 0.013915
vt 0.018182 0.013915
vt -0.018182 -0.012372
vt 0.018182 -0.012372
vt 0.018182 0.012372
vt -0.018182 0.012372
vt -0.018182 0.012372
vt 0.018182 0.012372
vt 0.018182 -0.012372
vt -0.018182 -0.012372
vt -0.012372 -0.013915
vt 0.012372 -0.013915
vt 0.012372 0.013915
vt -0.012372 0.013915
vt 0.012372 -0.013915
vt -0.012372 -0.013915
vt -0.012372 0.013915
vt 0.012372 0.013915
vt -0.018182 0.015415
vt 0.018182 0.015415
vt 0.018182 0.013915
vt -0.018182 0.013915
vt -0.018182 0.015415
vt 0.018182 0.015415
vt 0.018182 0.013915
vt -0.018182 0.013915
vt -0.018182 -0.015415
vt 0.018182 -0.015415
vt 0.018182 -0.013915
vt -0.018182 -0.013915
vt -0.018182 -0.015415
vt 0.018182 -0.015415
vt 0.018182 -0.013915
vt -0.018182 -0.013915
vt 0.019682 -0.013915
vt 0.019682 0.013915
vt 0.018182 0.013915
vt 0.018182 -0.013915
vt 0.019682 -0.013915
vt 0.019682 0.013915
vt 0.018182 0.013915
vt 0.018182 -0.013915
vt -0.019682 -0.013915
vt -0.019682 0.013915
vt -0.018182 0.013915
vt -0.018182 -0.013915
vt -0.019682 -0.013915
vt -0.019682 0.013915
vt -0.018182 0.013915
vt -0.018182 -0.013915
vt 0.019682 0.013915
vt 0.019682 0.013915
vt 0.018182 0.015415
vt 0.018182 0.015415
vt 0.019682 -0.013915
vt 0.019682 -0.013915
vt 0.018182 -0.015415
vt 0.018182 -0.015415
vt -0.019682 0.013915
vt -0.019682 0.013915
vt -0.018182 0.015415
vt -0.018182 0.015415
vt -0.019682 -0.013915
vt -0.019682 -0.013915
vt -0.018182 -0.015415
vt -0.018182 -0.015415
vt -0.018182 -0.013915
vt -0.018182 -0.015415
vt -0.019682 -0.013915
vt -0.018182 -0.013915
vt -0.018182 -0.015415
vt -0.019682 -0.013915
vt -0.018182 0.013915
vt -0.018182 0.015415
vt -0.019682 0.013915
vt -0.018182 0.013915
vt -0.018182 0.015415
vt -0.019682 0.013915
vt 0.018182 -0.013915
vt 0.018182 -0.015415
vt 0.019682 -0.013915
vt 0.018182 -0.013915
vt 0.018182 -0.015415
vt 0.019682 -0.013915
vt 0.018182 0.013915
vt 0.018182 0.015415
vt 0.019682 0.013915
vt 0.018182 0.013915
vt 0.018182 0.015415
vt 0.019682 0.013915
vt -0.025538 -0.023180
vt 0.025538 -0.023180
vt 0.025538 0.023180
vt -0.025538 0.023180
vt 0.025538 -0.023180
vt -0.025538 -0.023180
vt -0.025538 0.023180
vt 0.025538 0.023180
vt -0.025538 -0.023641
vt 0.025538 -0.023641
vt 0.025538 0.023641
vt -0.025538 0.023641
vt -0.025538 0.023641
vt 0.025538 0.023641
vt 0.025538 -0.023641
vt -0.025538 -0.023641
vt -0.023641 -0.023180
vt 0.023641 -0.023180
vt 0.023641 0.023180
vt -0.023641 0.023180
vt 0.023641 -0.023180
vt -0.023641 -0.023180
vt -0.023641 0.023180
vt 0.023641 0.023180
vt -0.025538 0.024680
vt 0.025538 0.024680
vt 0.025538 0.023180
vt -0.025538 0.023180
vt -0.025538 0.024680
vt 0.025538 0.024680
vt 0.025538 0.023180
vt -0.025538 0.023180
vt -0.025538 -0.024680
vt 0.025538 -0.024680
vt 0.025538 -0.023180
vt -0.025538 -0.023180
vt -0.025538 -0.024680
vt 0.025538 -0.024680
vt 0.025538 -0.023180
vt -0.025538 -0.023180
vt 0.027038 -0.023180
vt 0.027038 0.023180
vt 0.025538 0.023180
vt 0.025538 -0.023180
vt 0.027038 -0.023180
vt 0.027038 0.023180
vt 0.025538 0.023180
vt 0.025538 -0.023180
vt -0.027038 -0.023180
vt -0.027038 0.023180
vt -0.025538 0.023180
vt -0.025538 -0.023180
vt -0.027038 -0.023180
vt -0.027038 0.023180
vt -0.025538 0.023180
vt -0.025538 -0.023180
vt 0.027038 0.023180
vt 0.027038 0.023180
vt 0.025538 0.024680
vt 0.025538 0.024680
vt 0.027038 -0.023180
vt 0.027038 -0.023180
vt 0.025538 -0.024680
vt 0.025538 -0.024680
vt -0.027038 0.023180
vt -0.027038 0.023180
vt -0.025538 0.024680
vt -0.025538 0.024680
vt -0.027038 -0.023180
vt -0.027038 -0.023180
vt -0.025538 -0.024680
vt -0.025538 -0.024680
vt -0.025538 -0.023180
vt -0.025538 -0.024680
vt -0.027038 -0.023180
vt -0.025538 -0.023180
vt -0.025538 -0.024680
vt -0.027038 -0.023180
vt -0.025538 0.023180
vt -0.025538 0.024680
vt -0.027038 0.023180
vt -0.025538 0.023180
vt -0.025538 0.024680
vt -0.027038 0.023180
vt 0.025538 -0.023180
vt 0.025538 -0.024680
vt 0.027038 -0.023180
vt 0.025538 -0.023180
vt 0.025538 -0.024680
vt 0.027038 -0.023180
vt 0.025538 0.023180
vt 0.025538 0.024680
vt 0.027038 0.023180
vt 0.025538 0.023180
vt 0.025538 0.024680
vt 0.027038 0.023180
vt -0.012446 -0.011522
vt 0.012446 -0.011522
vt 0.012446 0.011522
vt -0.012446 0.011522
vt 0.012446 -0.011522
vt -0.012446 -0.011522
vt -0.012446 0.011522
vt 0.012446 0.011522
vt -0.012446 -0.009447
vt 0.012446 -0.009447
vt 0.012446 0.009447
vt -0.012446 0.009447
vt -0.012446 0.009447
vt 0.012446 0.009447
vt 0.012446 -0.009447
vt -0.012446 -0.009447
vt -0.009447 -0.011522
vt 0.009447 -0.011522
vt 0.009447 0.011522
vt -0.009447 0.011522
vt 0.009447 -0.011522
vt -0.009447 -0.011522
vt -0.009447 0.011522
vt 0.009447 0.011522
vt -0.012446 0.013022
vt 0.012446 0.013022
vt 0.012446 0.011522
vt -0.012446 0.011522
vt -0.012446 0.013022
vt 0.012446 0.013022
vt 0.012446 0.011522
vt -0.012446 0.011522
vt -0.012446 -0.013022
vt 0.012446 -0.013022
vt 0.012446 -0.011522
vt -0.012446 -0.011522
vt -0.012446 -0.013022
vt 0.012446 -0.013022
vt 0.012446 -0.011522
vt -0.012446 -0.011522
vt 0.013946 -0.011522
vt 0.013946 0.011522
vt 0.012446 0.011522
vt 0.012446 -0.011522
vt 0.013946 -0.011522
vt 0.013946 0.011522
vt 0.012446 0.011522
vt 0.012446 -0.011522
vt -0.013946 -0.011522
vt -0.013946 0.011522
vt -0.012446 0.011522
vt -0.012446 -0.011522
vt -0.013946 -0.011522
vt -0.013946 0.011522
vt -0.012446 0.011522
vt -0.012446 -0.011522
vt 0.013946 0.011522
vt 0.013946 0.011522
vt 0.012446 0.013022
vt 0.012446 0.013022
vt 0.013946 -0.011522
vt 0.013946 -0.011522
vt 0.012446 -0.013022
vt 0.012446 -0.013022
vt -0.013946 0.011522
vt -0.013946 0.011522
vt -0.012446 0.013022
vt -0.012446 0.013022
vt -0.013946 -0.011522
vt -0.013946 -0.011522
vt -0.012446 -0.013022
vt -0.012446 -0.013022
vt -0.012446 -0.011522
vt -0.012446 -0.013022
vt -0.013946 -0.011522
vt -0.012446 -0.011522
vt -0.012446 -0.013022
vt -0.013946 -0.011522
vt -0.012446 0.011522
vt -0.012446 0.013022
vt -0.013946 0.011522
vt -0.012446 0.011522
vt -0.012446 0.013022
vt -0.013946 0.011522
vt 0.012446 -0.011522
vt 0.012446 -0.013022
vt 0.013946 -0.011522
vt 0.012446 -0.011522
vt 0.012446 -0.013022
vt 0.013946 -0.011522
vt 0.012446 0.011522
vt 0.012446 0.013022
vt 0.013946 0.011522
vt 0.012446 0.011522
vt 0.012446 0.013022
vt 0.013946 0.011522
vt -0.020094 -0.019608
vt 0.020094 -0.019608
vt 0.020094 0.019608
vt -0.020094 0.019608
vt 0.020094 -0.019608
vt -0.020094 -0.019608
vt -0.020094 0.019608
vt 0.020094 0.019608
vt -0.020094 -0.015523
vt 0.020094 -0.015523
vt 0.020094 0.015523
vt -0.020094 0.015523
vt -0.020094 0.015523
vt 0.020094 0.015523
vt 0.020094 -0.015523
vt -0.020094 -0.015523
vt -0.015523 -0.019608
vt 0.015523 -0.019608
vt 0.015523 0.019608
vt -0.015523 0.019608
vt 0.015523 -0.019608
vt -0.015523 -0.019608
vt -0.015523 0.019608
vt 0.015523 0.019608
vt -0.020094 0.021108
vt 0.020094 0.021108
vt 0.020094 0.019608
vt -0.020094 0.019608
vt -0.020094 0.021108
vt 0.020094 0.021108
vt 0.020094 0.019608
vt -0.020094 0.019608
vt -0.020094 -0.021108
vt 0.020094 -0.021108
vt 0.020094 -0.019608
vt -0.020094 -0.019608
vt -0.020094 -0.021108
vt 0.020094 -0.021108
vt 0.020094 -0.019608
vt -0.020094 -0.019608
vt 0.021594 -0.019608
vt 0.021594 0.019608
vt 0.020094 0.019608
vt 0.020094 -0.019608
vt 0.021594 -0.019608
vt 0.021594 0.019608
vt 0.020094 0.019608
vt 0.020094 -0.019608
vt -0.021594 -0.019608
vt -0.021594 0.019608
vt -0.020094 0.019608
vt -0.020094 -0.019608
vt -0.021594 -0.019608
vt -0.021594 0.019608
vt -0.020094 0.019608
vt -0.020094 -0.019608
vt 0.021594 0.019608
vt 0.021594 0.019608
vt 0.020094 0.021108
vt 0.020094 0.021108
vt 0.021594 -0.019608
vt 0.021594 -0.019608
vt 0.020094 -0.021108
vt 0.020094 -0.021108
vt -0.021594 0.019608
vt -0.021594 0.019608
vt -0.020094 0.021108
vt -0.020094 0.021108
vt -0.021594 -0.019608
vt -0.021594 -0.019608
vt -0.020094 -0.021108
vt -0.020094 -0.021108
vt -0.020094 -0.019608
vt -0.020094 -0.021108
vt -0.021594 -0.019608
vt -0.020094 -0.019608
vt -0.020094 -0.021108
vt -0.021594 -0.019608
vt -0.020094 0.019608
vt -0.020094 0.021108
vt -0.021594 0.019608
vt -0.020094 0.019608
vt -0.020094 0.021108
vt -0.021594 0.019608
vt 0.020094 -0.019608
vt 0.020094 -0.021108
vt 0.021594 -0.019608
vt 0.020094 -0.019608
vt 0.020094 -0.021108
vt 0.021594 -0.019608
vt 0.020094 0.019608
vt 0.020094 0.021108
vt 0.021594 0.019608
vt 0.020094 0.019608
vt 0.020094 0.021108
vt 0.021594 0.019608
vt -0.023327 -0.021248
vt 0.023327 -0.021248
vt 0.023327 0.021248
vt -0.023327 0.021248
vt 0.023327 -0.021248
vt -0.023327 -0.021248
vt -0.023327 0.021248
vt 0.023327 0.021248
vt -0.023327 -0.019749
vt 0.023327 -0.019749
vt 0.023327 0.019749
vt -0.023327 0.019749
vt -0.023327 0.019749
vt 0.023327 0.019749
vt 0.023327 -0.019749
vt -0.023327 -0.019749
vt -0.019749 -0.021248
vt 0.019749 -0.021248
vt 0.019749 0.021248
vt -0.019749 0.021248
vt 0.019749 -0.021248
vt -0.019749 -0.021248
vt -0.019749 0.021248
vt 0.019749 0.021248
vt -0.023327 0.022748
vt 0.023327 0.022748
vt 0.023327 0.021248
vt -0.023327 0.021248
vt -0.023327 0.022748
vt 0.023327 0.022748
vt 0.023327 0.021248
vt -0.023327 0.021248
vt -0.023327 -0.022748
vt 0.023327 -0.022748
vt 0.023327 -0.021248
vt -0.023327 -0.021248
vt -0.023327 -0.022748
vt 0.023327 -0.022748
vt 0.023327 -0.021248
vt -0.023327 -0.021248
vt 0.024827 -0.021248
vt 0.024827 0.021248
vt 0.023327 0.021248
vt 0.023327 -0.021248
vt 0.024827 -0.021248
vt 0.024827 0.021248
vt 0.023327 0.021248
vt 0.023327 -0.021248
vt -0.024827 -0.021248
vt -0.024827 0.021248
vt -0.023327 0.021248
vt -0.023327 -0.021248
vt -0.024827 -0.021248
vt -0.024827 0.021248
vt -0.023327 0.021248
vt -0.023327 -0.021248
vt 0.024827 0.021248
vt 0.024827 0.021248
vt 0.023327 0.022748
vt 0.023327 0.022748
vt 0.024827 -0.021248
vt 0.024827 -0.021248
vt 0.023327 -0.022748
vt 0.023327 -0.022748
vt -0.024827 0.021248
vt -0.024827 0.021248
vt -0.023327 0.022748
vt -0.023327 0.022748
vt -0.024827 -0.021248
vt -0.024827 -0.021248
vt -0.023327 -0.022748
vt -0.023327 -0.022748
vt -0.023327 -0.021248
vt -0.023327 -0.022748
vt -0.024827 -0.021248
vt -0.023327 -0.021248
vt -0.023327 -0.022748
vt -0.024827 -0.021248
vt -0.023327 0.021248
vt -0.023327 0.022748
vt -0.024827 0.021248
vt -0.023327 0.021248
vt -0.023327 0.022748
vt -0.024827 0.021248
vt 0.023327 -0.021248
vt 0.023327 -0.022748
vt 0.024827 -0.021248
vt 0.023327 -0.021248
vt 0.023327 -0.022748
vt 0.024827 -0.021248
vt 0.023327 0.021248
vt 0.023327 0.022748
vt 0.024827 0.021248
vt 0.023327 0.021248
vt 0.023327 0.022748
vt 0.024827 0.021248
vt -0.019282 -0.009747
vt 0.019282 -0.009747
vt 0.019282 0.009747
vt -0.019282 0.009747
vt 0.019282 -0.009747
vt -0.019282 -0.009747
vt -0.019282 0.009747
vt 0.019282 0.009747
vt -0.019282 -0.020368
vt 0.019282 -0.020368
vt 0.019282 0.020368
vt -0.019282 0.020368
vt -0.019282 0.020368
vt 0.019282 0.020368
vt 0.019282 -0.020368
vt -0.019282 -0.020368
vt -0.020368 -0.009747
vt 0.020368 -0.009747
vt 0.020368 0.009747
vt -0.020368 0.009747
vt 0.020368 -0.009747
vt -0.020368 -0.009747
vt -0.020368 0.009747
vt 0.020368 0.009747
vt -0.019282 0.011247
vt 0.019282 0.011247
vt 0.019282 0.009747
vt -0.019282 0.009747
vt -0.019282 0.011247
vt 0.019282 0.011247
vt 0.019282 0.009747
vt -0.019282 0.009747
vt -0.019282 -0.011247
vt 0.019282 -0.011247
vt 0.019282 -0.009747
vt -0.019282 -0.009747
vt -0.019282 -0.011247
vt 0.019282 -0.011247
vt 0.019282 -0.009747
vt -0.019282 -0.009747
vt 0.020782 -0.009747
vt 0.020782 0.009747
vt 0.019282 0.009747
vt 0.019282 -0.009747
vt 0.020782 -0.009747
vt 0.020782 0.009747
vt 0.019282 0.009747
vt 0.019282 -0.009747
vt -0.020782 -0.009747
vt -0.020782 0.009747
vt -0.019282 0.009747
vt -0.019282 -0.009747
vt -0.020782 -0.009747
vt -0.020782 0.009747
vt -0.019282 0.009747
vt -0.019282 -0.009747
vt 0.020782 0.009747
vt 0.020782 0.009747
vt 0.019282 0.011247
vt 0.019282 0.011247
vt 0.020782 -0.009747
vt 0.020782 -0.009747
vt 0.019282 -0.011247
vt 0.019282 -0.011247
vt -0.020782 0.009747
vt -0.020782 0.009747
vt -0.019282 0.011247
vt -0.019282 0.011247
vt -0.020782 -0.009747
vt -0.020782 -0.009747
vt -0.019282 -0.011247
vt -0.019282 -0.011247
vt -0.019282 -0.009747
vt -0.019282 -0.011247
vt -0.020782 -0.009747
vt -0.019282 -0.009747
vt -0.019282 -0.011247
vt -0.020782 -0.009747
vt -0.019282 0.009747
vt -0.019282 0.011247
vt -0.020782 0.009747
vt -0.019282 0.009747
vt -0.019282 0.011247
vt -0.020782 0.009747
vt 0.019282 -0.009747
vt 0.019282 -0.011247
vt 0.020782 -0.009747
vt 0.019282 -0.009747
vt 0.019282 -0.011247
vt 0.020782 -0.009747
vt 0.019282 0.009747
vt 0.019282 0.011247
vt 0.020782 0.009747
vt 0.019282 0.009747
vt 0.019282 0.011247
vt 0.020782 0.009747
vt -0.010999 -0.007818
vt 0.010999 -0.007818
vt 0.010999 0.007818
vt -0.010999 0.007818
vt 0.010999 -0.007818
vt -0.010999 -0.007818
vt -0.010999 0.007818
vt 0.010999 0.007818
vt -0.010999 -0.007477
vt 0.010999 -0.007477
vt 0.010999 0.007477
vt -0.010999 0.007477
vt -0.010999 0.007477
vt 0.010999 0.007477
vt 0.010999 -0.007477
vt -0.010999 -0.007477
vt -0.007477 -0.007818
vt 0.007477 -0.007818
vt 0.007477 0.007818
vt -0.007477 0.007818
vt 0.007477 -0.007818
vt -0.007477 -0.007818
vt -0.007477 0.007818
vt 0.007477 0.007818
vt -0.010999 0.009318
vt 0.010999 0.009318
vt 0.010999 0.007818
vt -0.010999 0.007818
vt -0.010999 0.009318
vt 0.010999 0.009318
vt 0.010999 0.007818
vt -0.010999 0.007818
vt -0.010999 -0.009318
vt 0.010999 -0.009318
vt 0.010999 -0.007818
vt -0.010999 -0.007818
vt -0.010999 -0.009318
vt 0.010999 -0.009318
vt 0.010999 -0.007818
vt -0.010999 -0.007818
vt 0.012499 -0.007818
vt 0.012499 0.007818
vt 0.010999 0.007818
vt 0.010999 -0.007818
vt 0.012499 -0.007818
vt 0.012499 0.007818
vt 0.010999 0.007818
vt 0.010999 -0.007818
vt -0.012499 -0.007818
vt -0.012499 0.007818
vt -0.010999 0.007818
vt -0.010999 -0.007818
vt -0.012499 -0.007818
vt -0.012499 0.007818
vt -0.010999 0.007818
vt -0.010999 -0.007818
vt 0.012499 0.007818
vt 0.012499 0.007818
vt 0.010999 0.009318
vt 0.010999 0.009318
vt 0.012499 -0.007818
vt 0.012499 -0.007818
vt 0.010999 -0.009318
vt 0.010999 -0.009318
vt -0.012499 0.007818
vt -0.012499 0.007818
vt -0.010999 0.009318
vt -0.010999 0.009318
vt -0.012499 -0.007818
vt -0.012499 -0.007818
vt -0.010999 -0.009318
vt -0.010999 -0.009318
vt -0.010999 -0.007818
vt -0.010999 -0.009318
vt -0.012499 -0.007818
vt -0.010999 -0.007818
vt -0.010999 -0.009318
vt -0.012499 -0.007818
vt -0.010999 0.007818
vt -0.010999 0.009318
vt -0.012499 0.007818
vt -0.010999 0.007818
vt -0.010999 0.009318
vt -0.012499 0.007818
vt 0.010999 -0.007818
vt 0.010999 -0.009318
vt 0.012499 -0.007818
vt 0.010999 -0.007818
vt 0.010999 -0.009318
vt 0.012499 -0.007818
vt 0.010999 0.007818
vt 0.010999 0.009318
vt 0.012499 0.007818
vt 0.010999 0.007818
vt 0.010999 0.009318
vt 0.012499 0.007818
vt -0.018500 -0.014014
vt 0.018500 -0.014014
vt 0.018500 0.014014
vt -0.018500 0.014014
vt 0.018500 -0.014014
vt -0.018500 -0.014014
vt -0.018500 0.014014
vt 0.018500 0.014014
vt -0.018500 -0.016839
vt 0.018500 -0.016839
vt 0.018500 0.016839
vt -0.018500 0.016839
vt -0.018500 0.016839
vt 0.018500 0.016839
vt 0.018500 -0.016839
vt -0.018500 -0.016839
vt -0.016839 -0.014014
vt 0.016839 -0.014014
vt 0.016839 0.014014
vt -0.016839 0.014014
vt 0.016839 -0.014014
vt -0.016839 -0.014014
vt -0.016839 0.014014
vt 0.016839 0.014014
vt -0.018500 0.015514
vt 0.018500 0.015514
vt 0.018500 0.014014
vt -0.018500 0.014014
vt -0.018500 0.015514
vt 0.018500 0.015514
vt 0.018500 0.014014
vt -0.018500 0.014014
vt -0.018500 -0.015514
vt 0.018500 -0.015514
vt 0.018500 -0.014014
vt -0.018500 -0.014014
vt -0.018500 -0.015514
vt 0.018500 -0.015514
vt 0.018500 -0.014014
vt -0.018500 -0.014014
vt 0.020000 -0.014014
vt 0.020000 0.014014
vt 0.018500 0.014014
vt 0.018500 -0.014014
vt 0.020000 -0.014014
vt 0.020000 0.014014
vt 0.018500 0.014014
vt 0.018500 -0.014014
vt -0.020000 -0.014014
vt -0.020000 0.014014
vt -0.018500 0.014014
vt -0.018500 -0.014014
vt -0.020000 -0.014014
vt -0.020000 0.014014
vt -0.018500 0.014014
vt -0.018500 -0.014014
vt 0.020000 0.014014
vt 0.020000 0.014014
vt 0.018500 0.015514
vt 0.018500 0.015514
vt 0.020000 -0.014014
vt 0.020000 -0.014014
vt 0.018500 -0.015514
vt 0.018500 -0.015514
vt -0.020000 0.014014
vt -0.020000 0.014014
vt -0.018500 0.015514
vt -0.018500 0.015514
vt -0.020000 -0.014014
vt -0.020000 -0.014014
vt -0.018500 -0.015514
vt -0.018500 -0.015514
vt -0.018500 -0.014014
vt -0.018500 -0.015514
vt -0.020000 -0.014014
vt -0.018500 -0.014014
vt -0.018500 -0.015514
vt -0.020000 -0.014014
vt -0.018500 0.014014
vt -0.018500 0.015514
vt -0.020000 0.014014
vt -0.018500 0.014014
vt -0.018500 0.015514
vt -0.020000 0.014014
vt 0.018500 -0.014014
vt 0.018500 -0.015514
vt 0.020000 -0.014014
vt 0.018500 -0.014014
vt 0.018500 -0.015514
vt 0.020000 -0.014014
vt 0.018500 0.014014
vt 0.018500 0.015514
vt 0.020000 0.014014
vt 0.018500 0.014014
vt 0.018500 0.015514
vt 0.020000 0.014014
vt -0.023988 -0.014158
vt 0.023988 -0.014158
vt 0.023988 0.014158
vt -0.023988 0.014158
vt 0.023988 -0.014158
vt -0.023988 -0.014158
vt -0.023988 0.014158
vt 0.023988 0.014158
vt -0.023988 -0.028583
vt 0.023988 -0.028583
vt 0.023988 0.028583
vt -0.023988 0.028583
vt -0.023988 0.028583
vt 0.023988 0.028583
vt 0.023988 -0.028583
vt -0.023988 -0.028583
vt -0.028583 -0.014158
vt 0.028583 -0.014158
vt 0.028583 0.014158
vt -0.028583 0.014158
vt 0.028583 -0.014158
vt -0.028583 -0.014158
vt -0.028583 0.014158
vt 0.028583 0.014158
vt -0.023988 0.015658
vt 0.023988 0.015658
vt 0.023988 0.014158
vt -0.023988 0.014158
vt -0.023988 0.015658
vt 0.023988 0.015658
vt 0.023988 0.014158
vt -0.023988 0.014158
vt -0.023988 -0.015658
vt 0.023988 -0.015658
vt 0.023988 -0.014158
vt -0.023988 -0.014158
vt -0.023988 -0.015658
vt 0.023988 -0.015658
vt 0.023988 -0.014158
vt -0.023988 -0.014158
vt 0.025488 -0.014158
vt 0.025488 0.014158
vt 0.023988 0.014158
vt 0.023988 -0.014158
vt 0.025488 -0.014158
vt 0.025488 0.014158
vt 0.023988 0.014158
vt 0.023988 -0.014158
vt -0.025488 -0.014158
vt -0.025488 0.014158
vt -0.023988 0.014158
vt -0.023988 -0.014158
vt -0.025488 -0.014158
vt -0.025488 0.014158
vt -0.023988 0.014158
vt -0.023988 -0.014158
vt 0.025488 0.014158
vt 0.025488 0.014158
vt 0.023988 0.015658
vt 0.023988 0.015658
vt 0.025488 -0.014158
vt 0.025488 -0.014158
vt 0.023988 -0.015658
vt 0.023988 -0.015658
vt -0.025488 0.014158
vt -0.025488 0.014158
vt -0.023988 0.015658
vt -0.023988 0.015658
vt -0.025488 -0.014158
vt -0.025488 -0.014158
vt -0.023988 -0.015658
vt -0.023988 -0.015658
vt -0.023988 -0.014158
vt -0.023988 -0.015658
vt -0.025488 -0.014158
vt -0.023988 -0.014158
vt -0.023988 -0.015658
vt -0.025488 -0.014158
vt -0.023988 0.014158
vt -0.023988 0.015658
vt -0.025488 0.014158
vt -0.023988 0.014158
vt -0.023988 0.015658
vt -0.025488 0.014158
vt 0.023988 -0.014158
vt 0.023988 -0.015658
vt 0.025488 -0.014158
vt 0.023988 -0.014158
vt 0.023988 -0.015658
vt 0.025488 -0.014158
vt 0.023988 0.014158
vt 0.023988 0.015658
vt 0.025488 0.014158
vt 0.023988 0.014158
vt 0.023988 0.015658
vt 0.025488 0.014158
vt -0.011781 -0.006017
vt 0.011781 -0.006017
vt 0.011781 0.006017
vt -0.011781 0.006017
vt 0.011781 -0.006017
vt -0.011781 -0.006017
vt -0.011781 0.006017
vt 0.011781 0.006017
vt -0.011781 -0.014266
vt 0.011781 -0.014266
vt 0.011781 0.014266
vt -0.011781 0.014266
vt -0.011781 0.014266
vt 0.011781 0.014266
vt 0.011781 -0.014266
vt -0.011781 -0.014266
vt -0.014266 -0.006017
vt 0.014266 -0.006017
vt 0.014266 0.006017
vt -0.014266 0.006017
vt 0.014266 -0.006017
vt -0.014266 -0.006017
vt -0.014266 0.006017
vt 0.014266 0.006017
vt -0.011781 0.007517
vt 0.011781 0.007517
vt 0.011781 0.006017
vt -0.011781 0.006017
vt -0.011781 0.007517
vt 0.011781 0.007517
vt 0.011781 0.006017
vt -0.011781 0.006017
vt -0.011781 -0.007517
vt 0.011781 -0.007517
vt 0.011781 -0.006017
vt -0.011781 -0.006017
vt -0.011781 -0.007517
vt 0.011781 -0.007517
vt 0.011781 -0.006017
vt -0.011781 -0.006017
vt 0.013281 -0.006017
vt 0.013281 0.006017
vt 0.011781 0.006017
vt 0.011781 -0.006017
vt 0.013281 -0.006017
vt 0.013281 0.006017
vt 0.011781 0.006017
vt 0.011781 -0.006017
vt -0.013281 -0.006017
vt -0.013281 0.006017
vt -0.011781 0.006017
vt -0.011781 -0.006017
vt -0.013281 -0.006017
vt -0.013281 0.006017
vt -0.011781 0.006017
vt -0.011781 -0.006017
vt 0.013281 0.006017
vt 0.013281 0.006017
vt 0.011781 0.007517
vt 0.011781 0.007517
vt 0.013281 -0.006017
vt 0.013281 -0.006017
vt 0.011781 -0.007517
vt 0.011781 -0.007517
vt -0.013281 0.006017
vt -0.013281 0.006017
vt -0.011781 0.007517
vt -0.011781 0.007517
vt -0.013281 -0.006017
vt -0.013281 -0.006017
vt -0.011781 -0.007517
vt -0.011781 -0.007517
vt -0.011781 -0.006017
vt -0.011781 -0.007517
vt -0.013281 -0.006017
vt -0.011781 -0.006017
vt -0.011781 -0.007517
vt -0.013281 -0.006017
vt -0.011781 0.006017
vt -0.011781 0.007517
vt -0.013281 0.006017
vt -0.011781 0.006017
vt -0.011781 0.007517
vt -0.013281 0.006017
vt 0.011781 -0.006017
vt 0.011781 -0.007517
vt 0.013281 -0.006017
vt 0.011781 -0.006017
vt 0.011781 -0.007517
vt 0.013281 -0.006017
vt 0.011781 0.006017
vt 0.011781 0.007517
vt 0.013281 0.006017
vt 0.011781 0.006017
vt 0.011781 0.007517
vt 0.013281 0.006017
vn 0.628285 0.409792 -0.661309
vn 0.628285 0.409792 -0.661309
vn 0.628285 0.409792 -0.661309
vn 0.628285 0.409792 -0.661309
vn -0.628285 -0.409792 0.661309
vn -0.628285 -0.409792 0.661309
vn -0.628285 -0.409792 0.661309
vn -0.628285 -0.409792 0.661309
vn -0.279144 0.912171 0.300039
vn -0.279144 0.912171 0.300039
vn -0.279144 0.912171 0.300039
vn -0.279144 0.912171 0.300039
vn 0.279144 -0.912171 -0.300039
vn 0.279144 -0.912171 -0.300039
vn 0.279144 -0.912171 -0.300039
vn 0.279144 -0.912171 -0.300039
vn -0.726180 0.003910 -0.687494
vn -0.726180 0.003910 -0.687494
vn -0.726180 0.003910 -0.687494
vn -0.726180 0.003910 -0.687494
vn 0.726180 -0.003910 0.687494
vn 0.726180 -0.003910 0.687494
vn 0.726180 -0.003910 0.687494
vn 0.726180 -0.003910 0.687494
vn 0.246880 0.934769 -0.255456
vn 0.246880 0.934769 -0.255456
vn 0.246880 0.934769 -0.255456
vn 0.246880 0.934769 -0.255456
vn -0.641649 0.355236 0.679775
vn -0.641649 0.355236 0.679775
vn -0.641649 0.355236 0.679775
vn -0.641649 0.355236 0.679775
vn 0.641649 -0.355236 -0.679775
vn 0.641649 -0.355236 -0.679775
vn 0.641649 -0.355236 -0.679775
vn 0.641649 -0.355236 -0.679775
vn -0.246880 -0.934769 0.255456
vn -0.246880 -0.934769 0.255456
vn -0.246880 -0.934769 0.255456
vn -0.246880 -0.934769 0.255456
vn -0.069222 0.292531 -0.953747
vn -0.069222 0.292531 -0.953747
vn -0.069222 0.292531 -0.953747
vn -0.069222 0.292531 -0.953747
vn -0.957751 -0.287002 -0.018516
vn -0.957751 -0.287002 -0.018516
vn -0.957751 -0.287002 -0.018516
vn -0.957751 -0.287002 -0.018516
vn 0.957751 0.287002 0.018516
vn 0.957751 0.287002 0.018516
vn 0.957751 0.287002 0.018516
vn 0.957751 0.287002 0.018516
vn 0.069222 -0.292531 0.953747
vn 0.069222 -0.292531 0.953747
vn 0.069222 -0.292531 0.953747
vn 0.069222 -0.292531 0.953747
vn -0.710871 0.647767 -0.273972
vn -0.710871 0.647767 -0.273972
vn -0.710871 0.647767 -0.273972
vn -0.710871 0.647767 -0.273972
vn -0.316102 -0.642237 -0.698291
vn -0.316102 -0.642237 -0.698291
vn -0.316102 -0.642237 -0.698291
vn -0.316102 -0.642237 -0.698291
vn 0.316102 0.642237 0.698291
vn 0.316102 0.642237 0.698291
vn 0.316102 0.642237 0.698291
vn 0.316102 0.642237 0.698291
vn 0.710871 -0.647767 0.273972
vn 0.710871 -0.647767 0.273972
vn 0.710871 -0.647767 0.273972
vn 0.710871 -0.647767 0.273972
vn 0.217683 -0.765493 0.605504
vn 0.217683 -0.765493 0.605504
vn 0.217683 -0.765493 0.605504
vn 0.943164 -0.292306 -0.158109
vn 0.943164 -0.292306 -0.158109
vn 0.943164 -0.292306 -0.158109
vn -0.104644 0.287791 0.951959
vn -0.104644 0.287791 0.951959
vn -0.104644 0.287791 0.951959
vn 0.620837 0.760978 0.188346
vn 0.620837 0.760978 0.188346
vn 0.620837 0.760978 0.188346
vn -0.620837 -0.760978 -0.188346
vn -0.620837 -0.760978 -0.188346
vn -0.620837 -0.760978 -0.188346
vn 0.104644 -0.287791 -0.951959
vn 0.104644 -0.287791 -0.951959
vn 0.104644 -0.287791 -0.951959
vn -0.943164 0.292306 0.158109
vn -0.943164 0.292306 0.158109
vn -0.943164 0.292306 0.158109
vn -0.217683 0.765493 -0.605504
vn -0.217683 0.765493 -0.605504
vn -0.217683 0.765493 -0.605504
vn -0.476883 -0.386991 -0.789190
vn -0.476883 -0.386991 -0.789190
vn -0.476883 -0.386991 -0.789190
vn -0.476883 -0.386991 -0.789190
vn 0.476883 0.386991 0.789190
vn 0.476883 0.386991 0.789190
vn 0.476883 0.386991 0.789190
vn 0.476883 0.386991 0.789190
vn -0.571499 0.818682 -0.056113
vn -0.571499 0.818682 -0.056113
vn -0.571499 0.818682 -0.056113
vn -0.571499 0.818682 -0.056113
vn 0.571499 -0.818682 0.056113
vn 0.571499 -0.818682 0.056113
vn 0.571499 -0.818682 0.056113
vn 0.571499 -0.818682 0.056113
vn -0.667811 -0.424262 0.611581
vn -0.667811 -0.424262 0.611581
vn -0.667811 -0.424262 0.611581
vn -0.667811 -0.424262 0.611581
vn 0.667811 0.424262 -0.611581
vn 0.667811 0.424262 -0.611581
vn 0.667811 0.424262 -0.611581
vn 0.667811 0.424262 -0.611581
vn -0.741318 0.305252 -0.597719
vn -0.741318 0.305252 -0.597719
vn -0.741318 0.305252 -0.597719
vn -0.741318 0.305252 -0.597719
vn -0.066903 0.852539 0.518363
vn -0.066903 0.852539 0.518363
vn -0.066903 0.852539 0.518363
vn -0.066903 0.852539 0.518363
vn 0.066903 -0.852539 -0.518363
vn 0.066903 -0.852539 -0.518363
vn 0.066903 -0.852539 -0.518363
vn 0.066903 -0.852539 -0.518363
vn 0.741318 -0.305252 0.597719
vn 0.741318 -0.305252 0.597719
vn 0.741318 -0.305252 0.597719
vn 0.741318 -0.305252 0.597719
vn -0.809421 -0.573642 -0.125588
vn -0.809421 -0.573642 -0.125588
vn -0.809421 -0.573642 -0.125588
vn -0.809421 -0.573642 -0.125588
vn -0.135006 -0.026354 0.990494
vn -0.135006 -0.026354 0.990494
vn -0.135006 -0.026354 0.990494
vn -0.135006 -0.026354 0.990494
vn 0.135006 0.026354 -0.990494
vn 0.135006 0.026354 -0.990494
vn 0.135006 0.026354 -0.990494
vn 0.135006 0.026354 -0.990494
vn 0.809421 0.573642 0.125588
vn 0.809421 0.573642 0.125588
vn 0.809421 0.573642 0.125588
vn 0.809421 0.573642 0.125588
vn -0.876324 0.278897 0.392775
vn -0.876324 0.278897 0.392775
vn -0.876324 0.278897 0.392775
vn -0.876324 0.278897 0.392775
vn -0.068103 -0.878894 0.472131
vn -0.068103 -0.878894 0.472131
vn -0.068103 -0.878894 0.472131
vn -0.068103 -0.878894 0.472131
vn 0.068103 0.878894 -0.472131
vn 0.068103 0.878894 -0.472131
vn 0.068103 0.878894 -0.472131
vn 0.068103 0.878894 -0.472131
vn 0.876324 -0.278897 -0.392775
vn 0.876324 -0.278897 -0.392775
vn 0.876324 -0.278897 -0.392775
vn 0.876324 -0.278897 -0.392775
vn 0.990845 -0.004289 0.134940
vn 0.990845 -0.004289 0.134940
vn 0.990845 -0.004289 0.134940
vn 0.440187 -0.451148 -0.776338
vn 0.440187 -0.451148 -0.776338
vn 0.440187 -0.451148 -0.776338
vn 0.330934 0.941043 0.070146
vn 0.330934 0.941043 0.070146
vn 0.330934 0.941043 0.070146
vn -0.219723 0.494185 -0.841132
vn -0.219723 0.494185 -0.841132
vn -0.219723 0.494185 -0.841132
vn 0.219723 -0.494185 0.841132
vn 0.219723 -0.494185 0.841132
vn 0.219723 -0.494185 0.841132
vn -0.330934 -0.941043 -0.070146
vn -0.330934 -0.941043 -0.070146
vn -0.330934 -0.941043 -0.070146
vn -0.440187 0.451148 0.776338
vn -0.440187 0.451148 0.776338
vn -0.440187 0.451148 0.776338
vn -0.990845 0.004289 -0.134940
vn -0.990845 0.004289 -0.134940
vn -0.990845 0.004289 -0.134940
vn -0.362902 -0.085862 0.927863
vn -0.362902 -0.085862 0.927863
vn -0.362902 -0.085862 0.927863
vn -0.362902 -0.085862 0.927863
vn 0.362902 0.085862 -0.927863
vn 0.362902 0.085862 -0.927863
vn 0.362902 0.085862 -0.927863
vn 0.362902 0.085862 -0.927863
vn -0.060854 0.995804 0.068348
vn -0.060854 0.995804 0.068348
vn -0.060854 0.995804 0.068348
vn -0.060854 0.995804 0.068348
vn 0.060854 -0.995804 -0.068348
vn 0.060854 -0.995804 -0.068348
vn 0.060854 -0.995804 -0.068348
vn 0.060854 -0.995804 -0.068348
vn 0.929838 0.031661 0.366605
vn 0.929838 0.031661 0.366605
vn 0.929838 0.031661 0.366605
vn 0.929838 0.031661 0.366605
vn -0.929838 -0.031661 -0.366605
vn -0.929838 -0.031661 -0.366605
vn -0.929838 -0.031661 -0.366605
vn -0.929838 -0.031661 -0.366605
vn -0.299641 0.643426 0.704427
vn -0.299641 0.643426 0.704427
vn -0.299641 0.643426 0.704427
vn -0.299641 0.643426 0.704427
vn 0.213580 0.764853 -0.607769
vn 0.213580 0.764853 -0.607769
vn 0.213580 0.764853 -0.607769
vn 0.213580 0.764853 -0.607769
vn -0.213580 -0.764853 0.607769
vn -0.213580 -0.764853 0.607769
vn -0.213580 -0.764853 0.607769
vn -0.213580 -0.764853 0.607769
vn 0.299641 -0.643426 -0.704427
vn 0.299641 -0.643426 -0.704427
vn 0.299641 -0.643426 -0.704427
vn 0.299641 -0.643426 -0.704427
vn 0.400884 -0.038326 0.915327
vn 0.400884 -0.038326 0.915327
vn 0.400884 -0.038326 0.915327
vn 0.400884 -0.038326 0.915327
vn 0.914105 0.083101 -0.396870
vn 0.914105 0.083101 -0.396870
vn 0.914105 0.083101 -0.396870
vn 0.914105 0.083101 -0.396870
vn -0.914105 -0.083101 0.396870
vn -0.914105 -0.083101 0.396870
vn -0.914105 -0.083101 0.396870
vn -0.914105 -0.083101 0.396870
vn -0.400884 0.038326 -0.915327
vn -0.400884 0.038326 -0.915327
vn -0.400884 0.038326 -0.915327
vn -0.400884 0.038326 -0.915327
vn 0.614464 0.726527 0.307558
vn 0.614464 0.726527 0.307558
vn 0.614464 0.726527 0.307558
vn 0.614464 0.726527 0.307558
vn 0.700525 -0.681752 0.210900
vn 0.700525 -0.681752 0.210900
vn 0.700525 -0.681752 0.210900
vn 0.700525 -0.681752 0.210900
vn -0.700525 0.681752 -0.210900
vn -0.700525 0.681752 -0.210900
vn -0.700525 0.681752 -0.210900
vn -0.700525 0.681752 -0.210900
vn -0.614464 -0.726527 -0.307558
vn -0.614464 -0.726527 -0.307558
vn -0.614464 -0.726527 -0.307558
vn -0.614464 -0.726527 -0.307558
vn -0.292186 -0.543635 -0.786822
vn -0.292186 -0.543635 -0.786822
vn -0.292186 -0.543635 -0.786822
vn -0.711230 -0.642779 0.284582
vn -0.711230 -0.642779 0.284582
vn -0.711230 -0.642779 0.284582
vn -0.362455 0.606220 -0.707901
vn -0.362455 0.606220 -0.707901
vn -0.362455 0.606220 -0.707901
vn -0.781498 0.507076 0.363503
vn -0.781498 0.507076 0.363503
vn -0.781498 0.507076 0.363503
vn 0.781498 -0.507076 -0.363503
vn 0.781498 -0.507076 -0.363503
vn 0.781498 -0.507076 -0.363503
vn 0.362455 -0.606220 0.707901
vn 0.362455 -0.606220 0.707901
vn 0.362455 -0.606220 0.707901
vn 0.711230 0.642779 -0.284582
vn 0.711230 0.642779 -0.284582
vn 0.711230 0.642779 -0.284582
vn 0.292186 0.543635 0.786822
vn 0.292186 0.543635 0.786822
vn 0.292186 0.543635 0.786822
vn -0.149718 -0.420995 0.894622
vn -0.149718 -0.420995 0.894622
vn -0.149718 -0.420995 0.894622
vn -0.149718 -0.420995 0.894622
vn 0.149718 0.420995 -0.894622
vn 0.149718 0.420995 -0.894622
vn 0.149718 0.420995 -0.894622
vn 0.149718 0.420995 -0.894622
vn 0.192803 0.875019 0.444037
vn 0.192803 0.875019 0.444037
vn 0.192803 0.875019 0.444037
vn 0.192803 0.875019 0.444037
vn -0.192803 -0.875019 -0.444037
vn -0.192803 -0.875019 -0.444037
vn -0.192803 -0.875019 -0.444037
vn -0.192803 -0.875019 -0.444037
vn 0.969748 -0.238966 0.049837
vn 0.969748 -0.238966 0.049837
vn 0.969748 -0.238966 0.049837
vn 0.969748 -0.238966 0.049837
vn -0.969748 0.238966 -0.049837
vn -0.969748 0.238966 -0.049837
vn -0.969748 0.238966 -0.049837
vn -0.969748 0.238966 -0.049837
vn 0.030466 0.321043 0.946574
vn 0.030466 0.321043 0.946574
vn 0.030466 0.321043 0.946574
vn 0.030466 0.321043 0.946574
vn 0.242199 0.916420 -0.318612
vn 0.242199 0.916420 -0.318612
vn 0.242199 0.916420 -0.318612
vn 0.242199 0.916420 -0.318612
vn -0.242199 -0.916420 0.318612
vn -0.242199 -0.916420 0.318612
vn -0.242199 -0.916420 0.318612
vn -0.242199 -0.916420 0.318612
vn -0.030466 -0.321043 -0.946574
vn -0.030466 -0.321043 -0.946574
vn -0.030466 -0.321043 -0.946574
vn -0.030466 -0.321043 -0.946574
vn 0.579849 -0.466663 0.667833
vn 0.579849 -0.466663 0.667833
vn 0.579849 -0.466663 0.667833
vn 0.579849 -0.466663 0.667833
vn 0.791582 0.128714 -0.597353
vn 0.791582 0.128714 -0.597353
vn 0.791582 0.128714 -0.597353
vn 0.791582 0.128714 -0.597353
vn -0.791582 -0.128714 0.597353
vn -0.791582 -0.128714 0.597353
vn -0.791582 -0.128714 0.597353
vn -0.791582 -0.128714 0.597353
vn -0.579849 0.466663 -0.667833
vn -0.579849 0.466663 -0.667833
vn -0.579849 0.466663 -0.667833
vn -0.579849 0.466663 -0.667833
vn 0.822048 0.449757 0.349221
vn 0.822048 0.449757 0.349221
vn 0.822048 0.449757 0.349221
vn 0.822048 0.449757 0.349221
vn 0.549383 -0.787707 -0.278741
vn 0.549383 -0.787707 -0.278741
vn 0.549383 -0.787707 -0.278741
vn 0.549383 -0.787707 -0.278741
vn -0.549383 0.787707 0.278741
vn -0.549383 0.787707 0.278741
vn -0.549383 0.787707 0.278741
vn -0.549383 0.787707 0.278741
vn -0.822048 -0.449757 -0.349221
vn -0.822048 -0.449757 -0.349221
vn -0.822048 -0.449757 -0.349221
vn -0.822048 -0.449757 -0.349221
vn -0.584760 -0.124164 -0.801648
vn -0.584760 -0.124164 -0.801648
vn -0.584760 -0.124164 -0.801648
vn -0.757639 -0.610287 0.231372
vn -0.757639 -0.610287 0.231372
vn -0.757639 -0.610287 0.231372
vn -0.362130 0.886221 -0.288919
vn -0.362130 0.886221 -0.288919
vn -0.362130 0.886221 -0.288919
vn -0.535009 0.400098 0.744101
vn -0.535009 0.400098 0.744101
vn -0.535009 0.400098 0.744101
vn 0.535009 -0.400098 -0.744101
vn 0.535009 -0.400098 -0.744101
vn 0.535009 -0.400098 -0.744101
vn 0.362130 -0.886221 0.288919
vn 0.362130 -0.886221 0.288919
vn 0.362130 -0.886221 0.288919
vn 0.757639 0.610287 -0.231372
vn 0.757639 0.610287 -0.231372
vn 0.757639 0.610287 -0.231372
vn 0.584760 0.124164 0.801648
vn 0.584760 0.124164 0.801648
vn 0.584760 0.124164 0.801648
vn 0.988646 0.047570 -0.142533
vn 0.988646 0.047570 -0.142533
vn 0.988646 0.047570 -0.142533
vn 0.988646 0.047570 -0.142533
vn -0.988646 -0.047570 0.142533
vn -0.988646 -0.047570 0.142533
vn -0.988646 -0.047570 0.142533
vn -0.988646 -0.047570 0.142533
vn -0.051903 0.998291 -0.026836
vn -0.051903 0.998291 -0.026836
vn -0.051903 0.998291 -0.026836
vn -0.051903 0.998291 -0.026836
vn 0.051903 -0.998291 0.026836
vn 0.051903 -0.998291 0.026836
vn 0.051903 -0.998291 0.026836
vn 0.051903 -0.998291 0.026836
vn -0.141013 -0.033929 -0.989426
vn -0.141013 -0.033929 -0.989426
vn -0.141013 -0.033929 -0.989426
vn -0.141013 -0.033929 -0.989426
vn 0.141013 0.033929 0.989426
vn 0.141013 0.033929 0.989426
vn 0.141013 0.033929 0.989426
vn 0.141013 0.033929 0.989426
vn 0.662377 0.739536 -0.119762
vn 0.662377 0.739536 -0.119762
vn 0.662377 0.739536 -0.119762
vn 0.662377 0.739536 -0.119762
vn -0.735780 0.672261 0.081810
vn -0.735780 0.672261 0.081810
vn -0.735780 0.672261 0.081810
vn -0.735780 0.672261 0.081810
vn 0.735780 -0.672261 -0.081810
vn 0.735780 -0.672261 -0.081810
vn 0.735780 -0.672261 -0.081810
vn 0.735780 -0.672261 -0.081810
vn -0.662377 -0.739536 0.119762
vn -0.662377 -0.739536 0.119762
vn -0.662377 -0.739536 0.119762
vn -0.662377 -0.739536 0.119762
vn 0.599367 0.009646 -0.800416
vn 0.599367 0.009646 -0.800416
vn 0.599367 0.009646 -0.800416
vn 0.599367 0.009646 -0.800416
vn -0.798790 -0.057629 -0.598844
vn -0.798790 -0.057629 -0.598844
vn -0.798790 -0.057629 -0.598844
vn -0.798790 -0.057629 -0.598844
vn 0.798790 0.057629 0.598844
vn 0.798790 0.057629 0.598844
vn 0.798790 0.057629 0.598844
vn 0.798790 0.057629 0.598844
vn -0.599367 -0.009646 0.800416
vn -0.599367 -0.009646 0.800416
vn -0.599367 -0.009646 0.800416
vn -0.599367 -0.009646 0.800416
vn -0.136412 0.681907 -0.718606
vn -0.136412 0.681907 -0.718606
vn -0.136412 0.681907 -0.718606
vn -0.136412 0.681907 -0.718606
vn -0.063010 -0.729890 -0.680654
vn -0.063010 -0.729890 -0.680654
vn -0.063010 -0.729890 -0.680654
vn -0.063010 -0.729890 -0.680654
vn 0.063010 0.729890 0.680654
vn 0.063010 0.729890 0.680654
vn 0.063010 0.729890 0.680654
vn 0.063010 0.729890 0.680654
vn 0.136412 -0.681907 0.718606
vn 0.136412 -0.681907 0.718606
vn 0.136412 -0.681907 0.718606
vn 0.136412 -0.681907 0.718606
vn -0.459415 -0.584239 0.669031
vn -0.459415 -0.584239 0.669031
vn -0.459415 -0.584239 0.669031
vn 0.682175 -0.529310 0.504448
vn 0.682175 -0.529310 0.504448
vn 0.682175 -0.529310 0.504448
vn -0.519348 0.568488 0.638043
vn -0.519348 0.568488 0.638043
vn -0.519348 0.568488 0.638043
vn 0.622243 0.623418 0.473460
vn 0.622243 0.623418 0.473460
vn 0.622243 0.623418 0.473460
vn -0.622243 -0.623418 -0.473460
vn -0.622243 -0.623418 -0.473460
vn -0.622243 -0.623418 -0.473460
vn 0.519348 -0.568488 -0.638043
vn 0.519348 -0.568488 -0.638043
vn 0.519348 -0.568488 -0.638043
vn -0.682175 0.529310 -0.504448
vn -0.682175 0.529310 -0.504448
vn -0.682175 0.529310 -0.504448
vn 0.459415 0.584239 -0.669031
vn 0.459415 0.584239 -0.669031
vn 0.459415 0.584239 -0.669031
vn 0.938928 -0.266482 -0.217719
vn 0.938928 -0.266482 -0.217719
vn 0.938928 -0.266482 -0.217719
vn 0.938928 -0.266482 -0.217719
vn -0.938928 0.266482 0.217719
vn -0.938928 0.266482 0.217719
vn -0.938928 0.266482 0.217719
vn -0.938928 0.266482 0.217719
vn 0.245001 0.961963 -0.120836
vn 0.245001 0.961963 -0.120836
vn 0.245001 0.961963 -0.120836
vn 0.245001 0.961963 -0.120836
vn -0.245001 -0.961963 0.120836
vn -0.245001 -0.961963 0.120836
vn -0.245001 -0.961963 0.120836
vn -0.245001 -0.961963 0.120836
vn -0.241638 -0.060115 -0.968503
vn -0.241638 -0.060115 -0.968503
vn -0.241638 -0.060115 -0.968503
vn -0.241638 -0.060115 -0.968503
vn 0.241638 0.060115 0.968503
vn 0.241638 0.060115 0.968503
vn 0.241638 0.060115 0.968503
vn 0.241638 0.060115 0.968503
vn 0.837164 0.491779 -0.239394
vn 0.837164 0.491779 -0.239394
vn 0.837164 0.491779 -0.239394
vn 0.837164 0.491779 -0.239394
vn -0.490681 0.868642 0.068507
vn -0.490681 0.868642 0.068507
vn -0.490681 0.868642 0.068507
vn -0.490681 0.868642 0.068507
vn 0.490681 -0.868642 -0.068507
vn 0.490681 -0.868642 -0.068507
vn 0.490681 -0.868642 -0.068507
vn 0.490681 -0.868642 -0.068507
vn -0.837164 -0.491779 0.239394
vn -0.837164 -0.491779 0.239394
vn -0.837164 -0.491779 0.239394
vn -0.837164 -0.491779 0.239394
vn 0.493058 -0.230939 -0.838785
vn 0.493058 -0.230939 -0.838785
vn 0.493058 -0.230939 -0.838785
vn 0.493058 -0.230939 -0.838785
vn -0.834786 0.145924 -0.530884
vn -0.834786 0.145924 -0.530884
vn -0.834786 0.145924 -0.530884
vn -0.834786 0.145924 -0.530884
vn 0.834786 -0.145924 0.530884
vn 0.834786 -0.145924 0.530884
vn 0.834786 -0.145924 0.530884
vn 0.834786 -0.145924 0.530884
vn -0.493058 0.230939 0.838785
vn -0.493058 0.230939 0.838785
vn -0.493058 0.230939 0.838785
vn -0.493058 0.230939 0.838785
vn 0.002378 0.637703 -0.770279
vn 0.002378 0.637703 -0.770279
vn 0.002378 0.637703 -0.770279
vn 0.002378 0.637703 -0.770279
vn -0.344105 -0.722718 -0.599391
vn -0.344105 -0.722718 -0.599391
vn -0.344105 -0.722718 -0.599391
vn -0.344105 -0.722718 -0.599391
vn 0.344105 0.722718 0.599391
vn 0.344105 0.722718 0.599391
vn 0.344105 0.722718 0.599391
vn 0.344105 0.722718 0.599391
vn -0.002378 -0.637703 0.770279
vn -0.002378 -0.637703 0.770279
vn -0.002378 -0.637703 0.770279
vn -0.002378 -0.637703 0.770279
vn -0.544032 -0.366829 0.754630
vn -0.544032 -0.366829 0.754630
vn -0.544032 -0.366829 0.754630
vn 0.540149 -0.674536 0.503230
vn 0.540149 -0.674536 0.503230
vn 0.540149 -0.674536 0.503230
vn -0.261129 0.743951 0.615101
vn -0.261129 0.743951 0.615101
vn -0.261129 0.743951 0.615101
vn 0.823051 0.436244 0.363701
vn 0.823051 0.436244 0.363701
vn 0.823051 0.436244 0.363701
vn -0.823051 -0.436244 -0.363701
vn -0.823051 -0.436244 -0.363701
vn -0.823051 -0.436244 -0.363701
vn 0.261129 -0.743951 -0.615101
vn 0.261129 -0.743951 -0.615101
vn 0.261129 -0.743951 -0.615101
vn -0.540149 0.674536 -0.503230
vn -0.540149 0.674536 -0.503230
vn -0.540149 0.674536 -0.503230
vn 0.544032 0.366829 -0.754630
vn 0.544032 0.366829 -0.754630
vn 0.544032 0.366829 -0.754630
vn 0.878346 -0.226120 0.421163
vn 0.878346 -0.226120 0.421163
vn 0.878346 -0.226120 0.421163
vn 0.878346 -0.226120 0.421163
vn -0.878346 0.226120 -0.421163
vn -0.878346 0.226120 -0.421163
vn -0.878346 0.226120 -0.421163
vn -0.878346 0.226120 -0.421163
vn 0.320015 0.932636 -0.166673
vn 0.320015 0.932636 -0.166673
vn 0.320015 0.932636 -0.166673
vn 0.320015 0.932636 -0.166673
vn -0.320015 -0.932636 0.166673
vn -0.320015 -0.932636 0.166673
vn -0.320015 -0.932636 0.166673
vn -0.320015 -0.932636 0.166673
vn 0.355104 -0.281175 -0.891539
vn 0.355104 -0.281175 -0.891539
vn 0.355104 -0.281175 -0.891539
vn 0.355104 -0.281175 -0.891539
vn -0.355104 0.281175 0.891539
vn -0.355104 0.281175 0.891539
vn -0.355104 0.281175 0.891539
vn -0.355104 0.281175 0.891539
vn 0.847369 0.499583 0.179951
vn 0.847369 0.499583 0.179951
vn 0.847369 0.499583 0.179951
vn 0.847369 0.499583 0.179951
vn -0.394800 0.819364 -0.415663
vn -0.394800 0.819364 -0.415663
vn -0.394800 0.819364 -0.415663
vn -0.394800 0.819364 -0.415663
vn 0.394800 -0.819364 0.415663
vn 0.394800 -0.819364 0.415663
vn 0.394800 -0.819364 0.415663
vn 0.394800 -0.819364 0.415663
vn -0.847369 -0.499583 -0.179951
vn -0.847369 -0.499583 -0.179951
vn -0.847369 -0.499583 -0.179951
vn -0.847369 -0.499583 -0.179951
vn 0.872181 -0.358712 -0.332606
vn 0.872181 -0.358712 -0.332606
vn 0.872181 -0.358712 -0.332606
vn 0.872181 -0.358712 -0.332606
vn -0.369988 -0.038930 -0.928220
vn -0.369988 -0.038930 -0.928220
vn -0.369988 -0.038930 -0.928220
vn -0.369988 -0.038930 -0.928220
vn 0.369988 0.038930 0.928220
vn 0.369988 0.038930 0.928220
vn 0.369988 0.038930 0.928220
vn 0.369988 0.038930 0.928220
vn -0.872181 0.358712 0.332606
vn -0.872181 0.358712 0.332606
vn -0.872181 0.358712 0.332606
vn -0.872181 0.358712 0.332606
vn 0.477381 0.460652 -0.748269
vn 0.477381 0.460652 -0.748269
vn 0.477381 0.460652 -0.748269
vn 0.477381 0.460652 -0.748269
vn 0.024811 -0.858294 -0.512557
vn 0.024811 -0.858294 -0.512557
vn 0.024811 -0.858294 -0.512557
vn 0.024811 -0.858294 -0.512557
vn -0.024811 0.858294 0.512557
vn -0.024811 0.858294 0.512557
vn -0.024811 0.858294 0.512557
vn -0.024811 0.858294 0.512557
vn -0.477381 -0.460652 0.748269
vn -0.477381 -0.460652 0.748269
vn -0.477381 -0.460652 0.748269
vn -0.477381 -0.460652 0.748269
vn -0.896893 -0.245571 0.367801
vn -0.896893 -0.245571 0.367801
vn -0.896893 -0.245571 0.367801
vn 0.117333 -0.506671 0.854118
vn 0.117333 -0.506671 0.854118
vn 0.117333 -0.506671 0.854118
vn -0.527372 0.831345 0.175343
vn -0.527372 0.831345 0.175343
vn -0.527372 0.831345 0.175343
vn 0.486855 0.570244 0.661660
vn 0.486855 0.570244 0.661660
vn 0.486855 0.570244 0.661660
vn -0.486855 -0.570244 -0.661660
vn -0.486855 -0.570244 -0.661660
vn -0.486855 -0.570244 -0.661660
vn 0.527372 -0.831345 -0.175343
vn 0.527372 -0.831345 -0.175343
vn 0.527372 -0.831345 -0.175343
vn -0.117333 0.506671 -0.854118
vn -0.117333 0.506671 -0.854118
vn -0.117333 0.506671 -0.854118
vn 0.896893 0.245571 -0.367801
vn 0.896893 0.245571 -0.367801
vn 0.896893 0.245571 -0.367801
vn -0.148083 -0.798216 -0.583886
vn -0.148083 -0.798216 -0.583886
vn -0.148083 -0.798216 -0.583886
vn -0.148083 -0.798216 -0.583886
vn 0.148083 0.798216 0.583886
vn 0.148083 0.798216 0.583886
vn 0.148083 0.798216 0.583886
vn 0.148083 0.798216 0.583886
vn -0.276624 0.600261 -0.750444
vn -0.276624 0.600261 -0.750444
vn -0.276624 0.600261 -0.750444
vn -0.276624 0.600261 -0.750444
vn 0.276624 -0.600261 0.750444
vn 0.276624 -0.600261 0.750444
vn 0.276624 -0.600261 0.750444
vn 0.276624 -0.600261 0.750444
vn -0.949500 -0.050389 0.309694
vn -0.949500 -0.050389 0.309694
vn -0.949500 -0.050389 0.309694
vn -0.949500 -0.050389 0.309694
vn 0.949500 0.050389 -0.309694
vn 0.949500 0.050389 -0.309694
vn 0.949500 0.050389 -0.309694
vn 0.949500 0.050389 -0.309694
vn -0.300313 -0.139975 -0.943514
vn -0.300313 -0.139975 -0.943514
vn -0.300313 -0.139975 -0.943514
vn -0.300313 -0.139975 -0.943514
vn -0.090892 0.988872 -0.117774
vn -0.090892 0.988872 -0.117774
vn -0.090892 0.988872 -0.117774
vn -0.090892 0.988872 -0.117774
vn 0.090892 -0.988872 0.117774
vn 0.090892 -0.988872 0.117774
vn 0.090892 -0.988872 0.117774
vn 0.090892 -0.988872 0.117774
vn 0.300313 0.139975 0.943514
vn 0.300313 0.139975 0.943514
vn 0.300313 0.139975 0.943514
vn 0.300313 0.139975 0.943514
vn -0.776108 -0.600054 -0.193883
vn -0.776108 -0.600054 -0.193883
vn -0.776108 -0.600054 -0.193883
vn -0.776108 -0.600054 -0.193883
vn -0.566688 0.528793 0.631857
vn -0.566688 0.528793 0.631857
vn -0.566688 0.528793 0.631857
vn -0.566688 0.528793 0.631857
vn 0.566688 -0.528793 -0.631857
vn 0.566688 -0.528793 -0.631857
vn 0.566688 -0.528793 -0.631857
vn 0.566688 -0.528793 -0.631857
vn 0.776108 0.600054 0.193883
vn 0.776108 0.600054 0.193883
vn 0.776108 0.600054 0.193883
vn 0.776108 0.600054 0.193883
vn -0.867001 0.388818 -0.311657
vn -0.867001 0.388818 -0.311657
vn -0.867001 0.388818 -0.311657
vn -0.867001 0.388818 -0.311657
vn -0.475795 -0.460079 0.749631
vn -0.475795 -0.460079 0.749631
vn -0.475795 -0.460079 0.749631
vn -0.475795 -0.460079 0.749631
vn 0.475795 0.460079 -0.749631
vn 0.475795 0.460079 -0.749631
vn 0.475795 0.460079 -0.749631
vn 0.475795 0.460079 -0.749631
vn 0.867001 -0.388818 0.311657
vn 0.867001 -0.388818 0.311657
vn 0.867001 -0.388818 0.311657
vn 0.867001 -0.388818 0.311657
vn 0.793399 0.143382 0.591574
vn 0.793399 0.143382 0.591574
vn 0.793399 0.143382 0.591574
vn 0.622407 -0.778318 -0.082640
vn 0.622407 -0.778318 -0.082640
vn 0.622407 -0.778318 -0.082640
vn 0.473981 0.836503 -0.274964
vn 0.473981 0.836503 -0.274964
vn 0.473981 0.836503 -0.274964
vn 0.302990 -0.085197 -0.949178
vn 0.302990 -0.085197 -0.949178
vn 0.302990 -0.085197 -0.949178
vn -0.302990 0.085197 0.949178
vn -0.302990 0.085197 0.949178
vn -0.302990 0.085197 0.949178
vn -0.473981 -0.836503 0.274964
vn -0.473981 -0.836503 0.274964
vn -0.473981 -0.836503 0.274964
vn -0.622407 0.778318 0.082640
vn -0.622407 0.778318 0.082640
vn -0.622407 0.778318 0.082640
vn -0.793399 -0.143382 -0.591574
vn -0.793399 -0.143382 -0.591574
vn -0.793399 -0.143382 -0.591574
vn 0.618554 -0.546715 0.564352
vn 0.618554 -0.546715 0.564352
vn 0.618554 -0.546715 0.564352
vn 0.618554 -0.546715 0.564352
vn -0.618554 0.546715 -0.564352
vn -0.618554 0.546715 -0.564352
vn -0.618554 0.546715 -0.564352
vn -0.618554 0.546715 -0.564352
vn -0.235315 0.556383 0.796910
vn -0.235315 0.556383 0.796910
vn -0.235315 0.556383 0.796910
vn -0.235315 0.556383 0.796910
vn 0.235315 -0.556383 -0.796910
vn 0.235315 -0.556383 -0.796910
vn 0.235315 -0.556383 -0.796910
vn 0.235315 -0.556383 -0.796910
vn 0.749679 0.625732 -0.215502
vn 0.749679 0.625732 -0.215502
vn 0.749679 0.625732 -0.215502
vn 0.749679 0.625732 -0.215502
vn -0.749679 -0.625732 0.215502
vn -0.749679 -0.625732 0.215502
vn -0.749679 -0.625732 0.215502
vn -0.749679 -0.625732 0.215502
vn 0.270991 0.006836 0.962558
vn 0.270991 0.006836 0.962558
vn 0.270991 0.006836 0.962558
vn 0.270991 0.006836 0.962558
vn -0.603777 0.780008 0.164443
vn -0.603777 0.780008 0.164443
vn -0.603777 0.780008 0.164443
vn -0.603777 0.780008 0.164443
vn 0.603777 -0.780008 -0.164443
vn 0.603777 -0.780008 -0.164443
vn 0.603777 -0.780008 -0.164443
vn 0.603777 -0.780008 -0.164443
vn -0.270991 -0.006836 -0.962558
vn -0.270991 -0.006836 -0.962558
vn -0.270991 -0.006836 -0.962558
vn -0.270991 -0.006836 -0.962558
vn 0.967486 0.055873 0.246674
vn 0.967486 0.055873 0.246674
vn 0.967486 0.055873 0.246674
vn 0.967486 0.055873 0.246674
vn 0.092719 0.829046 -0.551440
vn 0.092719 0.829046 -0.551440
vn 0.092719 0.829046 -0.551440
vn 0.092719 0.829046 -0.551440
vn -0.092719 -0.829046 0.551440
vn -0.092719 -0.829046 0.551440
vn -0.092719 -0.829046 0.551440
vn -0.092719 -0.829046 0.551440
vn -0.967486 -0.055873 -0.246674
vn -0.967486 -0.055873 -0.246674
vn -0.967486 -0.055873 -0.246674
vn -0.967486 -0.055873 -0.246674
vn 0.363710 0.835881 0.411117
vn 0.363710 0.835881 0.411117
vn 0.363710 0.835881 0.411117
vn 0.363710 0.835881 0.411117
vn 0.696496 0.049038 -0.715883
vn 0.696496 0.049038 -0.715883
vn 0.696496 0.049038 -0.715883
vn 0.696496 0.049038 -0.715883
vn -0.696496 -0.049038 0.715883
vn -0.696496 -0.049038 0.715883
vn -0.696496 -0.049038 0.715883
vn -0.696496 -0.049038 0.715883
vn -0.363710 -0.835881 -0.411117
vn -0.363710 -0.835881 -0.411117
vn -0.363710 -0.835881 -0.411117
vn -0.363710 -0.835881 -0.411117
vn -0.654090 -0.366848 -0.661505
vn -0.654090 -0.366848 -0.661505
vn -0.654090 -0.366848 -0.661505
vn 0.060154 -0.998141 -0.009847
vn 0.060154 -0.998141 -0.009847
vn 0.060154 -0.998141 -0.009847
vn -0.925809 0.275607 0.258687
vn -0.925809 0.275607 0.258687
vn -0.925809 0.275607 0.258687
vn -0.211564 -0.355685 0.910345
vn -0.211564 -0.355685 0.910345
vn -0.211564 -0.355685 0.910345
vn 0.211564 0.355685 -0.910345
vn 0.211564 0.355685 -0.910345
vn 0.211564 0.355685 -0.910345
vn 0.925809 -0.275607 -0.258687
vn 0.925809 -0.275607 -0.258687
vn 0.925809 -0.275607 -0.258687
vn -0.060154 0.998141 0.009847
vn -0.060154 0.998141 0.009847
vn -0.060154 0.998141 0.009847
vn 0.654090 0.366848 0.661505
vn 0.654090 0.366848 0.661505
vn 0.654090 0.366848 0.661505
vn 0.198629 -0.663845 -0.721010
vn 0.198629 -0.663845 -0.721010
vn 0.198629 -0.663845 -0.721010
vn 0.198629 -0.663845 -0.721010
vn -0.198629 0.663845 0.721010
vn -0.198629 0.663845 0.721010
vn -0.198629 0.663845 0.721010
vn -0.198629 0.663845 0.721010
vn 0.246576 0.745854 -0.618791
vn 0.246576 0.745854 -0.618791
vn 0.246576 0.745854 -0.618791
vn 0.246576 0.745854 -0.618791
vn -0.246576 -0.745854 0.618791
vn -0.246576 -0.745854 0.618791
vn -0.246576 -0.745854 0.618791
vn -0.246576 -0.745854 0.618791
vn -0.948550 0.054874 -0.311837
vn -0.948550 0.054874 -0.311837
vn -0.948550 0.054874 -0.311837
vn -0.948550 0.054874 -0.311837
vn 0.948550 -0.054874 0.311837
vn 0.948550 -0.054874 0.311837
vn 0.948550 -0.054874 0.311837
vn 0.948550 -0.054874 0.311837
vn 0.314807 0.057989 -0.947382
vn 0.314807 0.057989 -0.947382
vn 0.314807 0.057989 -0.947382
vn 0.314807 0.057989 -0.947382
vn 0.033903 0.996808 0.072280
vn 0.033903 0.996808 0.072280
vn 0.033903 0.996808 0.072280
vn 0.033903 0.996808 0.072280
vn -0.033903 -0.996808 -0.072280
vn -0.033903 -0.996808 -0.072280
vn -0.033903 -0.996808 -0.072280
vn -0.033903 -0.996808 -0.072280
vn -0.314807 -0.057989 0.947382
vn -0.314807 -0.057989 0.947382
vn -0.314807 -0.057989 0.947382
vn -0.314807 -0.057989 0.947382
vn -0.530274 -0.430608 -0.730333
vn -0.530274 -0.430608 -0.730333
vn -0.530274 -0.430608 -0.730333
vn -0.530274 -0.430608 -0.730333
vn -0.811178 0.508211 0.289329
vn -0.811178 0.508211 0.289329
vn -0.811178 0.508211 0.289329
vn -0.811178 0.508211 0.289329
vn 0.811178 -0.508211 -0.289329
vn 0.811178 -0.508211 -0.289329
vn 0.811178 -0.508211 -0.289329
vn 0.811178 -0.508211 -0.289329
vn 0.530274 0.430608 0.730333
vn 0.530274 0.430608 0.730333
vn 0.530274 0.430608 0.730333
vn 0.530274 0.430608 0.730333
vn -0.496371 0.566200 -0.658053
vn -0.496371 0.566200 -0.658053
vn -0.496371 0.566200 -0.658053
vn -0.496371 0.566200 -0.658053
vn -0.845081 -0.488597 0.217050
vn -0.845081 -0.488597 0.217050
vn -0.845081 -0.488597 0.217050
vn -0.845081 -0.488597 0.217050
vn 0.845081 0.488597 -0.217050
vn 0.845081 0.488597 -0.217050
vn 0.845081 0.488597 -0.217050
vn 0.845081 0.488597 -0.217050
vn 0.496371 -0.566200 0.658053
vn 0.496371 -0.566200 0.658053
vn 0.496371 -0.566200 0.658053
vn 0.496371 -0.566200 0.658053
vn 0.290606 -0.079029 0.953573
vn 0.290606 -0.079029 0.953573
vn 0.290606 -0.079029 0.953573
vn 0.519964 -0.845572 0.121023
vn 0.519964 -0.845572 0.121023
vn 0.519964 -0.845572 0.121023
vn 0.575327 0.782209 0.239055
vn 0.575327 0.782209 0.239055
vn 0.575327 0.782209 0.239055
vn 0.804685 0.015666 -0.593496
vn 0.804685 0.015666 -0.593496
vn 0.804685 0.015666 -0.593496
vn -0.804685 -0.015666 0.593496
vn -0.804685 -0.015666 0.593496
vn -0.804685 -0.015666 0.593496
vn -0.575327 -0.782209 -0.239055
vn -0.575327 -0.782209 -0.239055
vn -0.575327 -0.782209 -0.239055
vn -0.519964 0.845572 -0.121023
vn -0.519964 0.845572 -0.121023
vn -0.519964 0.845572 -0.121023
vn -0.290606 0.079029 -0.953573
vn -0.290606 0.079029 -0.953573
vn -0.290606 0.079029 -0.953573
vn -0.379487 -0.765834 0.519123
vn -0.379487 -0.765834 0.519123
vn -0.379487 -0.765834 0.519123
vn -0.379487 -0.765834 0.519123
vn 0.379487 0.765834 -0.519123
vn 0.379487 0.765834 -0.519123
vn 0.379487 0.765834 -0.519123
vn 0.379487 0.765834 -0.519123
vn -0.725763 0.594402 0.346344
vn -0.725763 0.594402 0.346344
vn -0.725763 0.594402 0.346344
vn -0.725763 0.594402 0.346344
vn 0.725763 -0.594402 -0.346344
vn 0.725763 -0.594402 -0.346344
vn 0.725763 -0.594402 -0.346344
vn 0.725763 -0.594402 -0.346344
vn 0.573810 0.245327 0.781382
vn 0.573810 0.245327 0.781382
vn 0.573810 0.245327 0.781382
vn 0.573810 0.245327 0.781382
vn -0.573810 -0.245327 -0.781382
vn -0.573810 -0.245327 -0.781382
vn -0.573810 -0.245327 -0.781382
vn -0.573810 -0.245327 -0.781382
vn -0.781530 -0.121221 0.611978
vn -0.781530 -0.121221 0.611978
vn -0.781530 -0.121221 0.611978
vn -0.781530 -0.121221 0.611978
vn -0.244855 0.961832 -0.122173
vn -0.244855 0.961832 -0.122173
vn -0.244855 0.961832 -0.122173
vn -0.244855 0.961832 -0.122173
vn 0.244855 -0.961832 0.122173
vn 0.244855 -0.961832 0.122173
vn 0.244855 -0.961832 0.122173
vn 0.244855 -0.961832 0.122173
vn 0.781530 0.121221 -0.611978
vn 0.781530 0.121221 -0.611978
vn 0.781530 0.121221 -0.611978
vn 0.781530 0.121221 -0.611978
vn 0.137407 -0.368053 0.919596
vn 0.137407 -0.368053 0.919596
vn 0.137407 -0.368053 0.919596
vn 0.137407 -0.368053 0.919596
vn 0.674082 0.714999 0.185445
vn 0.674082 0.714999 0.185445
vn 0.674082 0.714999 0.185445
vn 0.674082 0.714999 0.185445
vn -0.674082 -0.714999 -0.185445
vn -0.674082 -0.714999 -0.185445
vn -0.674082 -0.714999 -0.185445
vn -0.674082 -0.714999 -0.185445
vn -0.137407 0.368053 -0.919596
vn -0.137407 0.368053 -0.919596
vn -0.137407 0.368053 -0.919596
vn -0.137407 0.368053 -0.919596
vn -0.107448 0.593778 0.797422
vn -0.107448 0.593778 0.797422
vn -0.107448 0.593778 0.797422
vn -0.107448 0.593778 0.797422
vn 0.918937 -0.246833 0.307618
vn 0.918937 -0.246833 0.307618
vn 0.918937 -0.246833 0.307618
vn 0.918937 -0.246833 0.307618
vn -0.918937 0.246833 -0.307618
vn -0.918937 0.246833 -0.307618
vn -0.918937 0.246833 -0.307618
vn -0.918937 0.246833 -0.307618
vn 0.107448 -0.593778 -0.797422
vn 0.107448 -0.593778 -0.797422
vn 0.107448 -0.593778 -0.797422
vn 0.107448 -0.593778 -0.797422
vn 0.306827 -0.042664 -0.950809
vn 0.306827 -0.042664 -0.950809
vn 0.306827 -0.042664 -0.950809
vn -0.131366 -0.926972 -0.351377
vn -0.131366 -0.926972 -0.351377
vn -0.131366 -0.926972 -0.351377
vn -0.531212 0.643692 -0.550885
vn -0.531212 0.643692 -0.550885
vn -0.531212 0.643692 -0.550885
vn -0.969406 -0.240616 0.048547
vn -0.969406 -0.240616 0.048547
vn -0.969406 -0.240616 0.048547
vn 0.969406 0.240616 -0.048547
vn 0.969406 0.240616 -0.048547
vn 0.969406 0.240616 -0.048547
vn 0.531212 -0.643692 0.550885
vn 0.531212 -0.643692 0.550885
vn 0.531212 -0.643692 0.550885
vn 0.131366 0.926972 0.351377
vn 0.131366 0.926972 0.351377
vn 0.131366 0.926972 0.351377
vn -0.306827 0.042664 0.950809
vn -0.306827 0.042664 0.950809
vn -0.306827 0.042664 0.950809
vn -0.781495 0.623898 -0.004153
vn -0.781495 0.623898 -0.004153
vn -0.781495 0.623898 -0.004153
vn -0.781495 0.623898 -0.004153
vn 0.781495 -0.623898 0.004153
vn 0.781495 -0.623898 0.004153
vn 0.781495 -0.623898 0.004153
vn 0.781495 -0.623898 0.004153
vn 0.623876 0.781504 0.005522
vn 0.623876 0.781504 0.005522
vn 0.623876 0.781504 0.005522
vn 0.623876 0.781504 0.005522
vn -0.623876 -0.781504 -0.005522
vn -0.623876 -0.781504 -0.005522
vn -0.623876 -0.781504 -0.005522
vn -0.623876 -0.781504 -0.005522
vn -0.006691 -0.001724 0.999976
vn -0.006691 -0.001724 0.999976
vn -0.006691 -0.001724 0.999976
vn -0.006691 -0.001724 0.999976
vn 0.006691 0.001724 -0.999976
vn 0.006691 0.001724 -0.999976
vn 0.006691 0.001724 -0.999976
vn 0.006691 0.001724 -0.999976
vn -0.111454 0.993769 0.000968
vn -0.111454 0.993769 0.000968
vn -0.111454 0.993769 0.000968
vn -0.111454 0.993769 0.000968
vn 0.993747 0.111445 0.006841
vn 0.993747 0.111445 0.006841
vn 0.993747 0.111445 0.006841
vn 0.993747 0.111445 0.006841
vn -0.993747 -0.111445 -0.006841
vn -0.993747 -0.111445 -0.006841
vn -0.993747 -0.111445 -0.006841
vn -0.993747 -0.111445 -0.006841
vn 0.111454 -0.993769 -0.000968
vn 0.111454 -0.993769 -0.000968
vn 0.111454 -0.993769 -0.000968
vn 0.111454 -0.993769 -0.000968
vn -0.557332 0.439943 0.704153
vn -0.557332 0.439943 0.704153
vn -0.557332 0.439943 0.704153
vn -0.557332 0.439943 0.704153
vn 0.547869 -0.442381 0.710027
vn 0.547869 -0.442381 0.710027
vn 0.547869 -0.442381 0.710027
vn 0.547869 -0.442381 0.710027
vn -0.547869 0.442381 -0.710027
vn -0.547869 0.442381 -0.710027
vn -0.547869 0.442381 -0.710027
vn -0.547869 0.442381 -0.710027
vn 0.557332 -0.439943 -0.704153
vn 0.557332 -0.439943 -0.704153
vn 0.557332 -0.439943 -0.704153
vn 0.557332 -0.439943 -0.704153
vn 0.436416 0.551388 0.710994
vn 0.436416 0.551388 0.710994
vn 0.436416 0.551388 0.710994
vn 0.436416 0.551388 0.710994
vn -0.445878 -0.553826 0.703185
vn -0.445878 -0.553826 0.703185
vn -0.445878 -0.553826 0.703185
vn -0.445878 -0.553826 0.703185
vn 0.445878 0.553826 -0.703185
vn 0.445878 0.553826 -0.703185
vn 0.445878 0.553826 -0.703185
vn 0.445878 0.553826 -0.703185
vn -0.436416 -0.551388 -0.710994
vn -0.436416 -0.551388 -0.710994
vn -0.436416 -0.551388 -0.710994
vn -0.436416 -0.551388 -0.710994
vn 0.094865 -0.810414 -0.578126
vn 0.094865 -0.810414 -0.578126
vn 0.094865 -0.810414 -0.578126
vn -0.807528 -0.089999 -0.582922
vn -0.807528 -0.089999 -0.582922
vn -0.807528 -0.089999 -0.582922
vn 0.815254 0.091989 -0.571751
vn 0.815254 0.091989 -0.571751
vn 0.815254 0.091989 -0.571751
vn -0.087139 0.812404 -0.576546
vn -0.087139 0.812404 -0.576546
vn -0.087139 0.812404 -0.576546
vn 0.087139 -0.812404 0.576546
vn 0.087139 -0.812404 0.576546
vn 0.087139 -0.812404 0.576546
vn -0.815254 -0.091989 0.571751
vn -0.815254 -0.091989 0.571751
vn -0.815254 -0.091989 0.571751
vn 0.807528 0.089999 0.582922
vn 0.807528 0.089999 0.582922
vn 0.807528 0.089999 0.582922
vn -0.094865 0.810414 0.578126
vn -0.094865 0.810414 0.578126
vn -0.094865 0.810414 0.578126
vn -0.837365 -0.097210 -0.537931
vn -0.837365 -0.097210 -0.537931
vn -0.837365 -0.097210 -0.537931
vn -0.837365 -0.097210 -0.537931
vn 0.837365 0.097210 0.537931
vn 0.837365 0.097210 0.537931
vn 0.837365 0.097210 0.537931
vn 0.837365 0.097210 0.537931
vn 0.017239 0.978876 -0.203729
vn 0.017239 0.978876 -0.203729
vn 0.017239 0.978876 -0.203729
vn 0.017239 0.978876 -0.203729
vn -0.017239 -0.978876 0.203729
vn -0.017239 -0.978876 0.203729
vn -0.017239 -0.978876 0.203729
vn -0.017239 -0.978876 0.203729
vn -0.546372 0.179869 0.818000
vn -0.546372 0.179869 0.818000
vn -0.546372 0.179869 0.818000
vn -0.546372 0.179869 0.818000
vn 0.546372 -0.179869 -0.818000
vn 0.546372 -0.179869 -0.818000
vn 0.546372 -0.179869 -0.818000
vn 0.546372 -0.179869 -0.818000
vn -0.579916 0.623432 -0.524433
vn -0.579916 0.623432 -0.524433
vn -0.579916 0.623432 -0.524433
vn -0.579916 0.623432 -0.524433
vn 0.604297 0.760907 0.236317
vn 0.604297 0.760907 0.236317
vn 0.604297 0.760907 0.236317
vn 0.604297 0.760907 0.236317
vn -0.604297 -0.760907 -0.236317
vn -0.604297 -0.760907 -0.236317
vn -0.604297 -0.760907 -0.236317
vn -0.604297 -0.760907 -0.236317
vn 0.579916 -0.623432 0.524433
vn 0.579916 -0.623432 0.524433
vn 0.579916 -0.623432 0.524433
vn 0.579916 -0.623432 0.524433
vn -0.978450 0.058449 0.198039
vn -0.978450 0.058449 0.198039
vn -0.978450 0.058449 0.198039
vn -0.978450 0.058449 0.198039
vn 0.205763 0.195925 0.958788
vn 0.205763 0.195925 0.958788
vn 0.205763 0.195925 0.958788
vn 0.205763 0.195925 0.958788
vn -0.205763 -0.195925 -0.958788
vn -0.205763 -0.195925 -0.958788
vn -0.205763 -0.195925 -0.958788
vn -0.205763 -0.195925 -0.958788
vn 0.978450 -0.058449 -0.198039
vn 0.978450 -0.058449 -0.198039
vn 0.978450 -0.058449 -0.198039
vn 0.978450 -0.058449 -0.198039
vn -0.374154 0.819356 0.434355
vn -0.374154 0.819356 0.434355
vn -0.374154 0.819356 0.434355
vn -0.374154 0.819356 0.434355
vn -0.398534 -0.564983 0.722472
vn -0.398534 -0.564983 0.722472
vn -0.398534 -0.564983 0.722472
vn -0.398534 -0.564983 0.722472
vn 0.398534 0.564983 -0.722472
vn 0.398534 0.564983 -0.722472
vn 0.398534 0.564983 -0.722472
vn 0.398534 0.564983 -0.722472
vn 0.374154 -0.819356 -0.434355
vn 0.374154 -0.819356 -0.434355
vn 0.374154 -0.819356 -0.434355
vn 0.374154 -0.819356 -0.434355
vn 0.788948 -0.612877 -0.044075
vn 0.788948 -0.612877 -0.044075
vn 0.788948 -0.612877 -0.044075
vn -0.177958 -0.725126 -0.665224
vn -0.177958 -0.725126 -0.665224
vn -0.177958 -0.725126 -0.665224
vn 0.808854 0.517431 -0.279321
vn 0.808854 0.517431 -0.279321
vn 0.808854 0.517431 -0.279321
vn -0.158051 0.405182 -0.900470
vn -0.158051 0.405182 -0.900470
vn -0.158051 0.405182 -0.900470
vn 0.158051 -0.405182 0.900470
vn 0.158051 -0.405182 0.900470
vn 0.158051 -0.405182 0.900470
vn -0.808854 -0.517431 0.279321
vn -0.808854 -0.517431 0.279321
vn -0.808854 -0.517431 0.279321
vn 0.177958 0.725126 0.665224
vn 0.177958 0.725126 0.665224
vn 0.177958 0.725126 0.665224
vn -0.788948 0.612877 0.044075
vn -0.788948 0.612877 0.044075
vn -0.788948 0.612877 0.044075
vn -0.787568 -0.434127 0.437345
vn -0.787568 -0.434127 0.437345
vn -0.787568 -0.434127 0.437345
vn -0.787568 -0.434127 0.437345
vn 0.787568 0.434127 -0.437345
vn 0.787568 0.434127 -0.437345
vn 0.787568 0.434127 -0.437345
vn 0.787568 0.434127 -0.437345
vn -0.366418 0.900530 0.234060
vn -0.366418 0.900530 0.234060
vn -0.366418 0.900530 0.234060
vn -0.366418 0.900530 0.234060
vn 0.366418 -0.900530 -0.234060
vn 0.366418 -0.900530 -0.234060
vn 0.366418 -0.900530 -0.234060
vn 0.366418 -0.900530 -0.234060
vn 0.495454 -0.024087 0.868300
vn 0.495454 -0.024087 0.868300
vn 0.495454 -0.024087 0.868300
vn 0.495454 -0.024087 0.868300
vn -0.495454 0.024087 -0.868300
vn -0.495454 0.024087 -0.868300
vn -0.495454 0.024087 -0.868300
vn -0.495454 0.024087 -0.868300
vn -0.815991 0.329797 0.474755
vn -0.815991 0.329797 0.474755
vn -0.815991 0.329797 0.474755
vn -0.815991 0.329797 0.474755
vn 0.297798 0.943745 -0.143745
vn 0.297798 0.943745 -0.143745
vn 0.297798 0.943745 -0.143745
vn 0.297798 0.943745 -0.143745
vn -0.297798 -0.943745 0.143745
vn -0.297798 -0.943745 0.143745
vn -0.297798 -0.943745 0.143745
vn -0.297798 -0.943745 0.143745
vn 0.815991 -0.329797 -0.474755
vn 0.815991 -0.329797 -0.474755
vn 0.815991 -0.329797 -0.474755
vn 0.815991 -0.329797 -0.474755
vn -0.206556 -0.324006 0.923231
vn -0.206556 -0.324006 0.923231
vn -0.206556 -0.324006 0.923231
vn -0.206556 -0.324006 0.923231
vn 0.907233 0.289942 0.304731
vn 0.907233 0.289942 0.304731
vn 0.907233 0.289942 0.304731
vn 0.907233 0.289942 0.304731
vn -0.907233 -0.289942 -0.304731
vn -0.907233 -0.289942 -0.304731
vn -0.907233 -0.289942 -0.304731
vn -0.907233 -0.289942 -0.304731
vn 0.206556 0.324006 -0.923231
vn 0.206556 0.324006 -0.923231
vn 0.206556 0.324006 -0.923231
vn 0.206556 0.324006 -0.923231
vn 0.091242 0.619739 0.779486
vn 0.091242 0.619739 0.779486
vn 0.091242 0.619739 0.779486
vn 0.091242 0.619739 0.779486
vn 0.609436 -0.653802 0.448476
vn 0.609436 -0.653802 0.448476
vn 0.609436 -0.653802 0.448476
vn 0.609436 -0.653802 0.448476
vn -0.609436 0.653802 -0.448476
vn -0.609436 0.653802 -0.448476
vn -0.609436 0.653802 -0.448476
vn -0.609436 0.653802 -0.448476
vn -0.091242 -0.619739 -0.779486
vn -0.091242 -0.619739 -0.779486
vn -0.091242 -0.619739 -0.779486
vn -0.091242 -0.619739 -0.779486
vn 0.380204 -0.255371 -0.888949
vn 0.380204 -0.255371 -0.888949
vn 0.380204 -0.255371 -0.888949
vn -0.529201 -0.756658 -0.383946
vn -0.529201 -0.756658 -0.383946
vn -0.529201 -0.756658 -0.383946
vn -0.042900 0.784471 -0.618680
vn -0.042900 0.784471 -0.618680
vn -0.042900 0.784471 -0.618680
vn -0.952305 0.283184 -0.113677
vn -0.952305 0.283184 -0.113677
vn -0.952305 0.283184 -0.113677
vn 0.952305 -0.283184 0.113677
vn 0.952305 -0.283184 0.113677
vn 0.952305 -0.283184 0.113677
vn 0.042900 -0.784471 0.618680
vn 0.042900 -0.784471 0.618680
vn 0.042900 -0.784471 0.618680
vn 0.529201 0.756658 0.383946
vn 0.529201 0.756658 0.383946
vn 0.529201 0.756658 0.383946
vn -0.380204 0.255371 0.888949
vn -0.380204 0.255371 0.888949
vn -0.380204 0.255371 0.888949
vn 0.428719 -0.899792 0.081085
vn 0.428719 -0.899792 0.081085
vn 0.428719 -0.899792 0.081085
vn 0.428719 -0.899792 0.081085
vn -0.428719 0.899792 -0.081085
vn -0.428719 0.899792 -0.081085
vn -0.428719 0.899792 -0.081085
vn -0.428719 0.899792 -0.081085
vn 0.900761 0.432627 0.038243
vn 0.900761 0.432627 0.038243
vn 0.900761 0.432627 0.038243
vn 0.900761 0.432627 0.038243
vn -0.900761 -0.432627 -0.038243
vn -0.900761 -0.432627 -0.038243
vn -0.900761 -0.432627 -0.038243
vn -0.900761 -0.432627 -0.038243
vn 0.069490 -0.056642 -0.995973
vn 0.069490 -0.056642 -0.995973
vn 0.069490 -0.056642 -0.995973
vn 0.069490 -0.056642 -0.995973
vn -0.069490 0.056642 0.995973
vn -0.069490 0.056642 0.995973
vn -0.069490 0.056642 0.995973
vn -0.069490 0.056642 0.995973
vn 0.940085 -0.330335 0.084377
vn 0.940085 -0.330335 0.084377
vn 0.940085 -0.330335 0.084377
vn 0.940085 -0.330335 0.084377
vn 0.333784 0.942163 -0.030294
vn 0.333784 0.942163 -0.030294
vn 0.333784 0.942163 -0.030294
vn 0.333784 0.942163 -0.030294
vn -0.333784 -0.942163 0.030294
vn -0.333784 -0.942163 0.030294
vn -0.333784 -0.942163 0.030294
vn -0.333784 -0.942163 0.030294
vn -0.940085 0.330335 -0.084377
vn -0.940085 0.330335 -0.084377
vn -0.940085 0.330335 -0.084377
vn -0.940085 0.330335 -0.084377
vn 0.352287 -0.676301 -0.646924
vn 0.352287 -0.676301 -0.646924
vn 0.352287 -0.676301 -0.646924
vn 0.352287 -0.676301 -0.646924
vn -0.254013 0.596197 -0.761595
vn -0.254013 0.596197 -0.761595
vn -0.254013 0.596197 -0.761595
vn -0.254013 0.596197 -0.761595
vn 0.254013 -0.596197 0.761595
vn 0.254013 -0.596197 0.761595
vn 0.254013 -0.596197 0.761595
vn 0.254013 -0.596197 0.761595
vn -0.352287 0.676301 0.646924
vn -0.352287 0.676301 0.646924
vn -0.352287 0.676301 0.646924
vn -0.352287 0.676301 0.646924
vn 0.686071 0.265862 -0.677218
vn 0.686071 0.265862 -0.677218
vn 0.686071 0.265862 -0.677218
vn 0.686071 0.265862 -0.677218
vn -0.587798 -0.345966 -0.731301
vn -0.587798 -0.345966 -0.731301
vn -0.587798 -0.345966 -0.731301
vn -0.587798 -0.345966 -0.731301
vn 0.587798 0.345966 0.731301
vn 0.587798 0.345966 0.731301
vn 0.587798 0.345966 0.731301
vn 0.587798 0.345966 0.731301
vn -0.686071 -0.265862 0.677218
vn -0.686071 -0.265862 0.677218
vn -0.686071 -0.265862 0.677218
vn -0.686071 -0.265862 0.677218
vn -0.807696 0.302420 0.506132
vn -0.807696 0.302420 0.506132
vn -0.807696 0.302420 0.506132
vn -0.312654 -0.736570 0.599760
vn -0.312654 -0.736570 0.599760
vn -0.312654 -0.736570 0.599760
vn 0.232414 0.801975 0.550291
vn 0.232414 0.801975 0.550291
vn 0.232414 0.801975 0.550291
vn 0.727456 -0.237015 0.643919
vn 0.727456 -0.237015 0.643919
vn 0.727456 -0.237015 0.643919
vn -0.727456 0.237015 -0.643919
vn -0.727456 0.237015 -0.643919
vn -0.727456 0.237015 -0.643919
vn -0.232414 -0.801975 -0.550291
vn -0.232414 -0.801975 -0.550291
vn -0.232414 -0.801975 -0.550291
vn 0.312654 0.736570 -0.599760
vn 0.312654 0.736570 -0.599760
vn 0.312654 0.736570 -0.599760
vn 0.807696 -0.302420 -0.506132
vn 0.807696 -0.302420 -0.506132
vn 0.807696 -0.302420 -0.506132
vn 0.023640 0.183003 0.982828
vn 0.023640 0.183003 0.982828
vn 0.023640 0.183003 0.982828
vn 0.023640 0.183003 0.982828
vn -0.023640 -0.183003 -0.982828
vn -0.023640 -0.183003 -0.982828
vn -0.023640 -0.183003 -0.982828
vn -0.023640 -0.183003 -0.982828
vn 0.492405 0.853451 -0.170757
vn 0.492405 0.853451 -0.170757
vn 0.492405 0.853451 -0.170757
vn 0.492405 0.853451 -0.170757
vn -0.492405 -0.853451 0.170757
vn -0.492405 -0.853451 0.170757
vn -0.492405 -0.853451 0.170757
vn -0.492405 -0.853451 0.170757
vn 0.870045 -0.487986 0.069936
vn 0.870045 -0.487986 0.069936
vn 0.870045 -0.487986 0.069936
vn 0.870045 -0.487986 0.069936
vn -0.870045 0.487986 -0.069936
vn -0.870045 0.487986 -0.069936
vn -0.870045 0.487986 -0.069936
vn -0.870045 0.487986 -0.069936
vn 0.364899 0.732884 0.574221
vn 0.364899 0.732884 0.574221
vn 0.364899 0.732884 0.574221
vn 0.364899 0.732884 0.574221
vn 0.331467 0.474078 -0.815708
vn 0.331467 0.474078 -0.815708
vn 0.331467 0.474078 -0.815708
vn 0.331467 0.474078 -0.815708
vn -0.331467 -0.474078 0.815708
vn -0.331467 -0.474078 0.815708
vn -0.331467 -0.474078 0.815708
vn -0.331467 -0.474078 0.815708
vn -0.364899 -0.732884 -0.574221
vn -0.364899 -0.732884 -0.574221
vn -0.364899 -0.732884 -0.574221
vn -0.364899 -0.732884 -0.574221
vn 0.631931 -0.215655 0.744417
vn 0.631931 -0.215655 0.744417
vn 0.631931 -0.215655 0.744417
vn 0.631931 -0.215655 0.744417
vn 0.598499 -0.474461 -0.645512
vn 0.598499 -0.474461 -0.645512
vn 0.598499 -0.474461 -0.645512
vn 0.598499 -0.474461 -0.645512
vn -0.598499 0.474461 0.645512
vn -0.598499 0.474461 0.645512
vn -0.598499 0.474461 0.645512
vn -0.598499 0.474461 0.645512
vn -0.631931 0.215655 -0.744417
vn -0.631931 0.215655 -0.744417
vn -0.631931 0.215655 -0.744417
vn -0.631931 0.215655 -0.744417
vn 0.963398 0.258423 -0.071291
vn 0.963398 0.258423 -0.071291
vn 0.963398 0.258423 -0.071291
vn 0.963398 0.258423 -0.071291
vn 0.267032 -0.948540 0.170196
vn 0.267032 -0.948540 0.170196
vn 0.267032 -0.948540 0.170196
vn 0.267032 -0.948540 0.170196
vn -0.267032 0.948540 -0.170196
vn -0.267032 0.948540 -0.170196
vn -0.267032 0.948540 -0.170196
vn -0.267032 0.948540 -0.170196
vn -0.963398 -0.258423 0.071291
vn -0.963398 -0.258423 0.071291
vn -0.963398 -0.258423 0.071291
vn -0.963398 -0.258423 0.071291
vn -0.800260 -0.316658 -0.509227
vn -0.800260 -0.316658 -0.509227
vn -0.800260 -0.316658 -0.509227
vn -0.772962 -0.105344 0.625645
vn -0.772962 -0.105344 0.625645
vn -0.772962 -0.105344 0.625645
vn -0.231679 0.668822 -0.706400
vn -0.231679 0.668822 -0.706400
vn -0.231679 0.668822 -0.706400
vn -0.204382 0.880136 0.428472
vn -0.204382 0.880136 0.428472
vn -0.204382 0.880136 0.428472
vn 0.204382 -0.880136 -0.428472
vn 0.204382 -0.880136 -0.428472
vn 0.204382 -0.880136 -0.428472
vn 0.231679 -0.668822 0.706400
vn 0.231679 -0.668822 0.706400
vn 0.231679 -0.668822 0.706400
vn 0.772962 0.105344 -0.625645
vn 0.772962 0.105344 -0.625645
vn 0.772962 0.105344 -0.625645
vn 0.800260 0.316658 0.509227
vn 0.800260 0.316658 0.509227
vn 0.800260 0.316658 0.509227
vn -0.160673 -0.761527 0.627902
vn -0.160673 -0.761527 0.627902
vn -0.160673 -0.761527 0.627902
vn -0.160673 -0.761527 0.627902
vn 0.160673 0.761527 -0.627902
vn 0.160673 0.761527 -0.627902
vn 0.160673 0.761527 -0.627902
vn 0.160673 0.761527 -0.627902
vn 0.763763 0.307026 0.567803
vn 0.763763 0.307026 0.567803
vn 0.763763 0.307026 0.567803
vn 0.763763 0.307026 0.567803
vn -0.763763 -0.307026 -0.567803
vn -0.763763 -0.307026 -0.567803
vn -0.763763 -0.307026 -0.567803
vn -0.763763 -0.307026 -0.567803
vn 0.625180 -0.570799 -0.532296
vn 0.625180 -0.570799 -0.532296
vn 0.625180 -0.570799 -0.532296
vn 0.625180 -0.570799 -0.532296
vn -0.625180 0.570799 0.532296
vn -0.625180 0.570799 0.532296
vn -0.625180 0.570799 0.532296
vn -0.625180 0.570799 0.532296
vn 0.426450 -0.321381 0.845491
vn 0.426450 -0.321381 0.845491
vn 0.426450 -0.321381 0.845491
vn 0.426450 -0.321381 0.845491
vn 0.653675 0.755581 -0.042496
vn 0.653675 0.755581 -0.042496
vn 0.653675 0.755581 -0.042496
vn 0.653675 0.755581 -0.042496
vn -0.653675 -0.755581 0.042496
vn -0.653675 -0.755581 0.042496
vn -0.653675 -0.755581 0.042496
vn -0.653675 -0.755581 0.042496
vn -0.426450 0.321381 -0.845491
vn -0.426450 0.321381 -0.845491
vn -0.426450 0.321381 -0.845491
vn -0.426450 0.321381 -0.845491
vn 0.328456 -0.942097 0.067604
vn 0.328456 -0.942097 0.067604
vn 0.328456 -0.942097 0.067604
vn 0.328456 -0.942097 0.067604
vn 0.555682 0.134865 -0.820384
vn 0.555682 0.134865 -0.820384
vn 0.555682 0.134865 -0.820384
vn 0.555682 0.134865 -0.820384
vn -0.555682 -0.134865 0.820384
vn -0.555682 -0.134865 0.820384
vn -0.555682 -0.134865 0.820384
vn -0.555682 -0.134865 0.820384
vn -0.328456 0.942097 -0.067604
vn -0.328456 0.942097 -0.067604
vn -0.328456 0.942097 -0.067604
vn -0.328456 0.942097 -0.067604
vn 0.982131 -0.186515 0.025108
vn 0.982131 -0.186515 0.025108
vn 0.982131 -0.186515 0.025108
vn 0.982131 -0.186515 0.025108
vn -0.097993 -0.620716 -0.777887
vn -0.097993 -0.620716 -0.777887
vn -0.097993 -0.620716 -0.777887
vn -0.097993 -0.620716 -0.777887
vn 0.097993 0.620716 0.777887
vn 0.097993 0.620716 0.777887
vn 0.097993 0.620716 0.777887
vn 0.097993 0.620716 0.777887
vn -0.982131 0.186515 -0.025108
vn -0.982131 0.186515 -0.025108
vn -0.982131 0.186515 -0.025108
vn -0.982131 0.186515 -0.025108
vn -0.709142 0.591957 -0.383020
vn -0.709142 0.591957 -0.383020
vn -0.709142 0.591957 -0.383020
vn -0.894671 -0.287379 0.342019
vn -0.894671 -0.287379 0.342019
vn -0.894671 -0.287379 0.342019
vn 0.172776 0.946480 0.272623
vn 0.172776 0.946480 0.272623
vn 0.172776 0.946480 0.272623
vn -0.012753 0.067145 0.997662
vn -0.012753 0.067145 0.997662
vn -0.012753 0.067145 0.997662
vn 0.012753 -0.067145 -0.997662
vn 0.012753 -0.067145 -0.997662
vn 0.012753 -0.067145 -0.997662
vn -0.172776 -0.946480 -0.272623
vn -0.172776 -0.946480 -0.272623
vn -0.172776 -0.946480 -0.272623
vn 0.894671 0.287379 -0.342019
vn 0.894671 0.287379 -0.342019
vn 0.894671 0.287379 -0.342019
vn 0.709142 -0.591957 0.383020
vn 0.709142 -0.591957 0.383020
vn 0.709142 -0.591957 0.383020
vn -0.352299 0.828990 0.434351
vn -0.352299 0.828990 0.434351
vn -0.352299 0.828990 0.434351
vn -0.352299 0.828990 0.434351
vn 0.352299 -0.828990 -0.434351
vn 0.352299 -0.828990 -0.434351
vn 0.352299 -0.828990 -0.434351
vn 0.352299 -0.828990 -0.434351
vn 0.653529 0.550121 -0.519872
vn 0.653529 0.550121 -0.519872
vn 0.653529 0.550121 -0.519872
vn 0.653529 0.550121 -0.519872
vn -0.653529 -0.550121 0.519872
vn -0.653529 -0.550121 0.519872
vn -0.653529 -0.550121 0.519872
vn -0.653529 -0.550121 0.519872
vn 0.669914 -0.100711 0.735576
vn 0.669914 -0.100711 0.735576
vn 0.669914 -0.100711 0.735576
vn 0.669914 -0.100711 0.735576
vn -0.669914 0.100711 -0.735576
vn -0.669914 0.100711 -0.735576
vn -0.669914 0.100711 -0.735576
vn -0.669914 0.100711 -0.735576
vn 0.213002 0.975179 -0.060472
vn 0.213002 0.975179 -0.060472
vn 0.213002 0.975179 -0.060472
vn 0.213002 0.975179 -0.060472
vn 0.711228 -0.197190 -0.674738
vn 0.711228 -0.197190 -0.674738
vn 0.711228 -0.197190 -0.674738
vn 0.711228 -0.197190 -0.674738
vn -0.711228 0.197190 0.674738
vn -0.711228 0.197190 0.674738
vn -0.711228 0.197190 0.674738
vn -0.711228 0.197190 0.674738
vn -0.213002 -0.975179 0.060472
vn -0.213002 -0.975179 0.060472
vn -0.213002 -0.975179 0.060472
vn -0.213002 -0.975179 0.060472
vn 0.224588 0.514971 0.827264
vn 0.224588 0.514971 0.827264
vn 0.224588 0.514971 0.827264
vn 0.224588 0.514971 0.827264
vn 0.722814 -0.657398 0.212998
vn 0.722814 -0.657398 0.212998
vn 0.722814 -0.657398 0.212998
vn 0.722814 -0.657398 0.212998
vn -0.722814 0.657398 -0.212998
vn -0.722814 0.657398 -0.212998
vn -0.722814 0.657398 -0.212998
vn -0.722814 0.657398 -0.212998
vn -0.224588 -0.514971 -0.827264
vn -0.224588 -0.514971 -0.827264
vn -0.224588 -0.514971 -0.827264
vn -0.224588 -0.514971 -0.827264
vn 0.935816 0.317781 0.152526
vn 0.935816 0.317781 0.152526
vn 0.935816 0.317781 0.152526
vn 0.935816 0.317781 0.152526
vn 0.011586 -0.460207 0.887736
vn 0.011586 -0.460207 0.887736
vn 0.011586 -0.460207 0.887736
vn 0.011586 -0.460207 0.887736
vn -0.011586 0.460207 -0.887736
vn -0.011586 0.460207 -0.887736
vn -0.011586 0.460207 -0.887736
vn -0.011586 0.460207 -0.887736
vn -0.935816 -0.317781 -0.152526
vn -0.935816 -0.317781 -0.152526
vn -0.935816 -0.317781 -0.152526
vn -0.935816 -0.317781 -0.152526
vn -0.560691 -0.738084 -0.375310
vn -0.560691 -0.738084 -0.375310
vn -0.560691 -0.738084 -0.375310
vn -0.967490 0.219151 0.126236
vn -0.967490 0.219151 0.126236
vn -0.967490 0.219151 0.126236
vn 0.193940 -0.102860 -0.975606
vn 0.193940 -0.102860 -0.975606
vn 0.193940 -0.102860 -0.975606
vn -0.212860 0.854375 -0.474060
vn -0.212860 0.854375 -0.474060
vn -0.212860 0.854375 -0.474060
vn 0.212860 -0.854375 0.474060
vn 0.212860 -0.854375 0.474060
vn 0.212860 -0.854375 0.474060
vn -0.193940 0.102860 0.975606
vn -0.193940 0.102860 0.975606
vn -0.193940 0.102860 0.975606
vn 0.967490 -0.219151 -0.126236
vn 0.967490 -0.219151 -0.126236
vn 0.967490 -0.219151 -0.126236
vn 0.560691 0.738084 0.375310
vn 0.560691 0.738084 0.375310
vn 0.560691 0.738084 0.375310
vn -0.059455 0.326178 0.943437
vn -0.059455 0.326178 0.943437
vn -0.059455 0.326178 0.943437
vn -0.059455 0.326178 0.943437
vn 0.059455 -0.326178 -0.943437
vn 0.059455 -0.326178 -0.943437
vn 0.059455 -0.326178 -0.943437
vn 0.059455 -0.326178 -0.943437
vn -0.554798 0.774899 -0.302871
vn -0.554798 0.774899 -0.302871
vn -0.554798 0.774899 -0.302871
vn -0.554798 0.774899 -0.302871
vn 0.554798 -0.774899 0.302871
vn 0.554798 -0.774899 0.302871
vn 0.554798 -0.774899 0.302871
vn 0.554798 -0.774899 0.302871
vn 0.829858 0.541424 -0.134892
vn 0.829858 0.541424 -0.134892
vn 0.829858 0.541424 -0.134892
vn 0.829858 0.541424 -0.134892
vn -0.829858 -0.541424 0.134892
vn -0.829858 -0.541424 0.134892
vn -0.829858 -0.541424 0.134892
vn -0.829858 -0.541424 0.134892
vn -0.434342 0.778579 0.452948
vn -0.434342 0.778579 0.452948
vn -0.434342 0.778579 0.452948
vn -0.434342 0.778579 0.452948
vn -0.350261 0.317293 -0.881273
vn -0.350261 0.317293 -0.881273
vn -0.350261 0.317293 -0.881273
vn -0.350261 0.317293 -0.881273
vn 0.350261 -0.317293 0.881273
vn 0.350261 -0.317293 0.881273
vn 0.350261 -0.317293 0.881273
vn 0.350261 -0.317293 0.881273
vn 0.434342 -0.778579 -0.452948
vn 0.434342 -0.778579 -0.452948
vn 0.434342 -0.778579 -0.452948
vn 0.434342 -0.778579 -0.452948
vn 0.544757 0.613487 0.571728
vn 0.544757 0.613487 0.571728
vn 0.544757 0.613487 0.571728
vn 0.544757 0.613487 0.571728
vn 0.628839 0.152202 -0.762493
vn 0.628839 0.152202 -0.762493
vn 0.628839 0.152202 -0.762493
vn 0.628839 0.152202 -0.762493
vn -0.628839 -0.152202 0.762493
vn -0.628839 -0.152202 0.762493
vn -0.628839 -0.152202 0.762493
vn -0.628839 -0.152202 0.762493
vn -0.544757 -0.613487 -0.571728
vn -0.544757 -0.613487 -0.571728
vn -0.544757 -0.613487 -0.571728
vn -0.544757 -0.613487 -0.571728
vn 0.194497 0.930781 -0.309545
vn 0.194497 0.930781 -0.309545
vn 0.194497 0.930781 -0.309545
vn 0.194497 0.930781 -0.309545
vn 0.979100 -0.165091 0.118780
vn 0.979100 -0.165091 0.118780
vn 0.979100 -0.165091 0.118780
vn 0.979100 -0.165091 0.118780
vn -0.979100 0.165091 -0.118780
vn -0.979100 0.165091 -0.118780
vn -0.979100 0.165091 -0.118780
vn -0.979100 0.165091 -0.118780
vn -0.194497 -0.930781 0.309545
vn -0.194497 -0.930781 0.309545
vn -0.194497 -0.930781 0.309545
vn -0.194497 -0.930781 0.309545
vn -0.124480 -0.948298 -0.291951
vn -0.124480 -0.948298 -0.291951
vn -0.124480 -0.948298 -0.291951
vn -0.193132 -0.571660 0.797436
vn -0.193132 -0.571660 0.797436
vn -0.193132 -0.571660 0.797436
vn -0.765105 -0.053522 -0.641677
vn -0.765105 -0.053522 -0.641677
vn -0.765105 -0.053522 -0.641677
vn -0.833758 0.323115 0.447710
vn -0.833758 0.323115 0.447710
vn -0.833758 0.323115 0.447710
vn 0.833758 -0.323115 -0.447710
vn 0.833758 -0.323115 -0.447710
vn 0.833758 -0.323115 -0.447710
vn 0.765105 0.053522 0.641677
vn 0.765105 0.053522 0.641677
vn 0.765105 0.053522 0.641677
vn 0.193132 0.571660 -0.797436
vn 0.193132 0.571660 -0.797436
vn 0.193132 0.571660 -0.797436
vn 0.124480 0.948298 0.291951
vn 0.124480 0.948298 0.291951
vn 0.124480 0.948298 0.291951
vn 0.028113 -0.106277 0.993939
vn 0.028113 -0.106277 0.993939
vn 0.028113 -0.106277 0.993939
vn 0.028113 -0.106277 0.993939
vn -0.028113 0.106277 -0.993939
vn -0.028113 0.106277 -0.993939
vn -0.028113 0.106277 -0.993939
vn -0.028113 0.106277 -0.993939
vn -0.595222 0.797054 0.102061
vn -0.595222 0.797054 0.102061
vn -0.595222 0.797054 0.102061
vn -0.595222 0.797054 0.102061
vn 0.595222 -0.797054 -0.102061
vn 0.595222 -0.797054 -0.102061
vn 0.595222 -0.797054 -0.102061
vn 0.595222 -0.797054 -0.102061
vn 0.803070 0.594483 0.040851
vn 0.803070 0.594483 0.040851
vn 0.803070 0.594483 0.040851
vn 0.803070 0.594483 0.040851
vn -0.803070 -0.594483 -0.040851
vn -0.803070 -0.594483 -0.040851
vn -0.803070 -0.594483 -0.040851
vn -0.803070 -0.594483 -0.040851
vn -0.401006 0.488453 0.774989
vn -0.401006 0.488453 0.774989
vn -0.401006 0.488453 0.774989
vn -0.401006 0.488453 0.774989
vn -0.440764 0.638752 -0.630653
vn -0.440764 0.638752 -0.630653
vn -0.440764 0.638752 -0.630653
vn -0.440764 0.638752 -0.630653
vn 0.440764 -0.638752 0.630653
vn 0.440764 -0.638752 0.630653
vn 0.440764 -0.638752 0.630653
vn 0.440764 -0.638752 0.630653
vn 0.401006 -0.488453 -0.774989
vn 0.401006 -0.488453 -0.774989
vn 0.401006 -0.488453 -0.774989
vn 0.401006 -0.488453 -0.774989
vn 0.587735 0.345214 0.731707
vn 0.587735 0.345214 0.731707
vn 0.587735 0.345214 0.731707
vn 0.587735 0.345214 0.731707
vn 0.547977 0.495513 -0.673935
vn 0.547977 0.495513 -0.673935
vn 0.547977 0.495513 -0.673935
vn 0.547977 0.495513 -0.673935
vn -0.547977 -0.495513 0.673935
vn -0.547977 -0.495513 0.673935
vn -0.547977 -0.495513 0.673935
vn -0.547977 -0.495513 0.673935
vn -0.587735 -0.345214 -0.731707
vn -0.587735 -0.345214 -0.731707
vn -0.587735 -0.345214 -0.731707
vn -0.587735 -0.345214 -0.731707
vn 0.146971 0.983965 0.101054
vn 0.146971 0.983965 0.101054
vn 0.146971 0.983965 0.101054
vn 0.146971 0.983965 0.101054
vn 0.988741 -0.143239 -0.043282
vn 0.988741 -0.143239 -0.043282
vn 0.988741 -0.143239 -0.043282
vn 0.988741 -0.143239 -0.043282
vn -0.988741 0.143239 0.043282
vn -0.988741 0.143239 0.043282
vn -0.988741 0.143239 0.043282
vn -0.988741 0.143239 0.043282
vn -0.146971 -0.983965 -0.101054
vn -0.146971 -0.983965 -0.101054
vn -0.146971 -0.983965 -0.101054
vn -0.146971 -0.983965 -0.101054
vn -0.136232 -0.742045 -0.656361
vn -0.136232 -0.742045 -0.656361
vn -0.136232 -0.742045 -0.656361
vn -0.103770 -0.864764 0.491341
vn -0.103770 -0.864764 0.491341
vn -0.103770 -0.864764 0.491341
vn -0.823535 0.178313 -0.538511
vn -0.823535 0.178313 -0.538511
vn -0.823535 0.178313 -0.538511
vn -0.791073 0.055595 0.609190
vn -0.791073 0.055595 0.609190
vn -0.791073 0.055595 0.609190
vn 0.791073 -0.055595 -0.609190
vn 0.791073 -0.055595 -0.609190
vn 0.791073 -0.055595 -0.609190
vn 0.823535 -0.178313 0.538511
vn 0.823535 -0.178313 0.538511
vn 0.823535 -0.178313 0.538511
vn 0.103770 0.864764 -0.491341
vn 0.103770 0.864764 -0.491341
vn 0.103770 0.864764 -0.491341
vn 0.136232 0.742045 0.656361
vn 0.136232 0.742045 0.656361
vn 0.136232 0.742045 0.656361
vn 0.377870 -0.597664 0.707115
vn 0.377870 -0.597664 0.707115
vn 0.377870 -0.597664 0.707115
vn 0.377870 -0.597664 0.707115
vn -0.377870 0.597664 -0.707115
vn -0.377870 0.597664 -0.707115
vn -0.377870 0.597664 -0.707115
vn -0.377870 0.597664 -0.707115
vn 0.674242 0.701047 0.232231
vn 0.674242 0.701047 0.232231
vn 0.674242 0.701047 0.232231
vn 0.674242 0.701047 0.232231
vn -0.674242 -0.701047 -0.232231
vn -0.674242 -0.701047 -0.232231
vn -0.674242 -0.701047 -0.232231
vn -0.674242 -0.701047 -0.232231
vn 0.634517 -0.389014 -0.667875
vn 0.634517 -0.389014 -0.667875
vn 0.634517 -0.389014 -0.667875
vn 0.634517 -0.389014 -0.667875
vn -0.634517 0.389014 0.667875
vn -0.634517 0.389014 0.667875
vn -0.634517 0.389014 0.667875
vn -0.634517 0.389014 0.667875
vn 0.743956 0.073103 0.664218
vn 0.743956 0.073103 0.664218
vn 0.743956 0.073103 0.664218
vn 0.743956 0.073103 0.664218
vn 0.209567 0.918327 -0.335794
vn 0.209567 0.918327 -0.335794
vn 0.209567 0.918327 -0.335794
vn 0.209567 0.918327 -0.335794
vn -0.209567 -0.918327 0.335794
vn -0.209567 -0.918327 0.335794
vn -0.209567 -0.918327 0.335794
vn -0.209567 -0.918327 0.335794
vn -0.743956 -0.073103 -0.664218
vn -0.743956 -0.073103 -0.664218
vn -0.743956 -0.073103 -0.664218
vn -0.743956 -0.073103 -0.664218
vn 0.715866 -0.697686 0.027747
vn 0.715866 -0.697686 0.027747
vn 0.715866 -0.697686 0.027747
vn 0.715866 -0.697686 0.027747
vn 0.181476 0.147538 -0.972265
vn 0.181476 0.147538 -0.972265
vn 0.181476 0.147538 -0.972265
vn 0.181476 0.147538 -0.972265
vn -0.181476 -0.147538 0.972265
vn -0.181476 -0.147538 0.972265
vn -0.181476 -0.147538 0.972265
vn -0.181476 -0.147538 0.972265
vn -0.715866 0.697686 -0.027747
vn -0.715866 0.697686 -0.027747
vn -0.715866 0.697686 -0.027747
vn -0.715866 0.697686 -0.027747
vn 0.925432 0.220640 -0.308047
vn 0.925432 0.220640 -0.308047
vn 0.925432 0.220640 -0.308047
vn 0.925432 0.220640 -0.308047
vn -0.028090 -0.770789 -0.636471
vn -0.028090 -0.770789 -0.636471
vn -0.028090 -0.770789 -0.636471
vn -0.028090 -0.770789 -0.636471
vn 0.028090 0.770789 0.636471
vn 0.028090 0.770789 0.636471
vn 0.028090 0.770789 0.636471
vn 0.028090 0.770789 0.636471
vn -0.925432 -0.220640 0.308047
vn -0.925432 -0.220640 0.308047
vn -0.925432 -0.220640 0.308047
vn -0.925432 -0.220640 0.308047
vn -0.973776 0.164909 -0.156734
vn -0.973776 0.164909 -0.156734
vn -0.973776 0.164909 -0.156734
vn -0.537449 -0.525214 0.659772
vn -0.537449 -0.525214 0.659772
vn -0.537449 -0.525214 0.659772
vn -0.195228 0.974408 0.111423
vn -0.195228 0.974408 0.111423
vn -0.195228 0.974408 0.111423
vn 0.241099 0.284285 0.927929
vn 0.241099 0.284285 0.927929
vn 0.241099 0.284285 0.927929
vn -0.241099 -0.284285 -0.927929
vn -0.241099 -0.284285 -0.927929
vn -0.241099 -0.284285 -0.927929
vn 0.195228 -0.974408 -0.111423
vn 0.195228 -0.974408 -0.111423
vn 0.195228 -0.974408 -0.111423
vn 0.537449 0.525214 -0.659772
vn 0.537449 0.525214 -0.659772
vn 0.537449 0.525214 -0.659772
vn 0.973776 -0.164909 0.156734
vn 0.973776 -0.164909 0.156734
vn 0.973776 -0.164909 0.156734
vn -0.503383 0.786384 0.358058
vn -0.503383 0.786384 0.358058
vn -0.503383 0.786384 0.358058
vn -0.503383 0.786384 0.358058
vn 0.503383 -0.786384 -0.358058
vn 0.503383 -0.786384 -0.358058
vn 0.503383 -0.786384 -0.358058
vn 0.503383 -0.786384 -0.358058
vn 0.802608 0.579030 -0.143332
vn 0.802608 0.579030 -0.143332
vn 0.802608 0.579030 -0.143332
vn 0.802608 0.579030 -0.143332
vn -0.802608 -0.579030 0.143332
vn -0.802608 -0.579030 0.143332
vn -0.802608 -0.579030 0.143332
vn -0.802608 -0.579030 0.143332
vn 0.320040 -0.215230 0.922632
vn 0.320040 -0.215230 0.922632
vn 0.320040 -0.215230 0.922632
vn 0.320040 -0.215230 0.922632
vn -0.320040 0.215230 -0.922632
vn -0.320040 0.215230 -0.922632
vn -0.320040 0.215230 -0.922632
vn -0.320040 0.215230 -0.922632
vn 0.211584 0.965494 0.151835
vn 0.211584 0.965494 0.151835
vn 0.211584 0.965494 0.151835
vn 0.211584 0.965494 0.151835
vn 0.923475 -0.146621 -0.354536
vn 0.923475 -0.146621 -0.354536
vn 0.923475 -0.146621 -0.354536
vn 0.923475 -0.146621 -0.354536
vn -0.923475 0.146621 0.354536
vn -0.923475 0.146621 0.354536
vn -0.923475 0.146621 0.354536
vn -0.923475 0.146621 0.354536
vn -0.211584 -0.965494 -0.151835
vn -0.211584 -0.965494 -0.151835
vn -0.211584 -0.965494 -0.151835
vn -0.211584 -0.965494 -0.151835
vn -0.129643 0.403867 0.905585
vn -0.129643 0.403867 0.905585
vn -0.129643 0.403867 0.905585
vn -0.129643 0.403867 0.905585
vn 0.582248 -0.708248 0.399214
vn 0.582248 -0.708248 0.399214
vn 0.582248 -0.708248 0.399214
vn 0.582248 -0.708248 0.399214
vn -0.582248 0.708248 -0.399214
vn -0.582248 0.708248 -0.399214
vn -0.582248 0.708248 -0.399214
vn -0.582248 0.708248 -0.399214
vn 0.129643 -0.403867 -0.905585
vn 0.129643 -0.403867 -0.905585
vn 0.129643 -0.403867 -0.905585
vn 0.129643 -0.403867 -0.905585
vn 0.793832 0.257246 0.551049
vn 0.793832 0.257246 0.551049
vn 0.793832 0.257246 0.551049
vn 0.793832 0.257246 0.551049
vn -0.341227 -0.561627 0.753750
vn -0.341227 -0.561627 0.753750
vn -0.341227 -0.561627 0.753750
vn -0.341227 -0.561627 0.753750
vn 0.341227 0.561627 -0.753750
vn 0.341227 0.561627 -0.753750
vn 0.341227 0.561627 -0.753750
vn 0.341227 0.561627 -0.753750
vn -0.793832 -0.257246 -0.551049
vn -0.793832 -0.257246 -0.551049
vn -0.793832 -0.257246 -0.551049
vn -0.793832 -0.257246 -0.551049
vn -0.357533 -0.664059 -0.656654
vn -0.357533 -0.664059 -0.656654
vn -0.357533 -0.664059 -0.656654
vn -0.938790 0.243979 -0.243204
vn -0.938790 0.243979 -0.243204
vn -0.938790 0.243979 -0.243204
vn 0.569239 0.004547 -0.822160
vn 0.569239 0.004547 -0.822160
vn 0.569239 0.004547 -0.822160
vn -0.012018 0.912585 -0.408710
vn -0.012018 0.912585 -0.408710
vn -0.012018 0.912585 -0.408710
vn 0.012018 -0.912585 0.408710
vn 0.012018 -0.912585 0.408710
vn 0.012018 -0.912585 0.408710
vn -0.569239 -0.004547 0.822160
vn -0.569239 -0.004547 0.822160
vn -0.569239 -0.004547 0.822160
vn 0.938790 -0.243979 0.243204
vn 0.938790 -0.243979 0.243204
vn 0.938790 -0.243979 0.243204
vn 0.357533 0.664059 0.656654
vn 0.357533 0.664059 0.656654
vn 0.357533 0.664059 0.656654
vn 0.739715 0.002046 -0.672917
vn 0.739715 0.002046 -0.672917
vn 0.739715 0.002046 -0.672917
vn 0.739715 0.002046 -0.672917
vn -0.739715 -0.002046 0.672917
vn -0.739715 -0.002046 0.672917
vn -0.739715 -0.002046 0.672917
vn -0.739715 -0.002046 0.672917
vn 0.165427 0.968755 0.184793
vn 0.165427 0.968755 0.184793
vn 0.165427 0.968755 0.184793
vn 0.165427 0.968755 0.184793
vn -0.165427 -0.968755 -0.184793
vn -0.165427 -0.968755 -0.184793
vn -0.165427 -0.968755 -0.184793
vn -0.165427 -0.968755 -0.184793
vn -0.652270 0.248013 -0.716264
vn -0.652270 0.248013 -0.716264
vn -0.652270 0.248013 -0.716264
vn -0.652270 0.248013 -0.716264
vn 0.652270 -0.248013 0.716264
vn 0.652270 -0.248013 0.716264
vn 0.652270 -0.248013 0.716264
vn 0.652270 -0.248013 0.716264
vn 0.640032 0.686459 -0.345156
vn 0.640032 0.686459 -0.345156
vn 0.640032 0.686459 -0.345156
vn 0.640032 0.686459 -0.345156
vn -0.406083 0.683566 0.606493
vn -0.406083 0.683566 0.606493
vn -0.406083 0.683566 0.606493
vn -0.406083 0.683566 0.606493
vn 0.406083 -0.683566 -0.606493
vn 0.406083 -0.683566 -0.606493
vn 0.406083 -0.683566 -0.606493
vn 0.406083 -0.683566 -0.606493
vn -0.640032 -0.686459 0.345156
vn -0.640032 -0.686459 0.345156
vn -0.640032 -0.686459 0.345156
vn -0.640032 -0.686459 0.345156
vn 0.061833 0.176818 -0.982299
vn 0.061833 0.176818 -0.982299
vn 0.061833 0.176818 -0.982299
vn 0.061833 0.176818 -0.982299
vn -0.984282 0.173925 -0.030651
vn -0.984282 0.173925 -0.030651
vn -0.984282 0.173925 -0.030651
vn -0.984282 0.173925 -0.030651
vn 0.984282 -0.173925 0.030651
vn 0.984282 -0.173925 0.030651
vn 0.984282 -0.173925 0.030651
vn 0.984282 -0.173925 0.030651
vn -0.061833 -0.176818 0.982299
vn -0.061833 -0.176818 0.982299
vn -0.061833 -0.176818 0.982299
vn -0.061833 -0.176818 0.982299
vn -0.344250 0.860385 -0.375807
vn -0.344250 0.860385 -0.375807
vn -0.344250 0.860385 -0.375807
vn -0.344250 0.860385 -0.375807
vn -0.578199 -0.509641 -0.637144
vn -0.578199 -0.509641 -0.637144
vn -0.578199 -0.509641 -0.637144
vn -0.578199 -0.509641 -0.637144
vn 0.578199 0.509641 0.637144
vn 0.578199 0.509641 0.637144
vn 0.578199 0.509641 0.637144
vn 0.578199 0.509641 0.637144
vn 0.344250 -0.860385 0.375807
vn 0.344250 -0.860385 0.375807
vn 0.344250 -0.860385 0.375807
vn 0.344250 -0.860385 0.375807
vn -0.145996 -0.703682 0.695354
vn -0.145996 -0.703682 0.695354
vn -0.145996 -0.703682 0.695354
vn 0.708153 -0.701320 -0.081664
vn 0.708153 -0.701320 -0.081664
vn 0.708153 -0.701320 -0.081664
vn 0.045023 0.414939 0.908734
vn 0.045023 0.414939 0.908734
vn 0.045023 0.414939 0.908734
vn 0.899172 0.417301 0.131717
vn 0.899172 0.417301 0.131717
vn 0.899172 0.417301 0.131717
vn -0.899172 -0.417301 -0.131717
vn -0.899172 -0.417301 -0.131717
vn -0.899172 -0.417301 -0.131717
vn -0.045023 -0.414939 -0.908734
vn -0.045023 -0.414939 -0.908734
vn -0.045023 -0.414939 -0.908734
vn -0.708153 0.701320 0.081664
vn -0.708153 0.701320 0.081664
vn -0.708153 0.701320 0.081664
vn 0.145996 0.703682 -0.695354
vn 0.145996 0.703682 -0.695354
vn 0.145996 0.703682 -0.695354
vn 0.630259 -0.106889 0.768992
vn 0.630259 -0.106889 0.768992
vn 0.630259 -0.106889 0.768992
vn 0.630259 -0.106889 0.768992
vn -0.630259 0.106889 -0.768992
vn -0.630259 0.106889 -0.768992
vn -0.630259 0.106889 -0.768992
vn -0.630259 0.106889 -0.768992
vn 0.049574 0.993997 0.097533
vn 0.049574 0.993997 0.097533
vn 0.049574 0.993997 0.097533
vn 0.049574 0.993997 0.097533
vn -0.049574 -0.993997 -0.097533
vn -0.049574 -0.993997 -0.097533
vn -0.049574 -0.993997 -0.097533
vn -0.049574 -0.993997 -0.097533
vn 0.774801 0.023349 -0.631774
vn 0.774801 0.023349 -0.631774
vn 0.774801 0.023349 -0.631774
vn 0.774801 0.023349 -0.631774
vn -0.774801 -0.023349 0.631774
vn -0.774801 -0.023349 0.631774
vn -0.774801 -0.023349 0.631774
vn -0.774801 -0.023349 0.631774
vn 0.480715 0.627280 0.612726
vn 0.480715 0.627280 0.612726
vn 0.480715 0.627280 0.612726
vn 0.480715 0.627280 0.612726
vn -0.410606 0.778444 -0.474793
vn -0.410606 0.778444 -0.474793
vn -0.410606 0.778444 -0.474793
vn -0.410606 0.778444 -0.474793
vn 0.410606 -0.778444 0.474793
vn 0.410606 -0.778444 0.474793
vn 0.410606 -0.778444 0.474793
vn 0.410606 -0.778444 0.474793
vn -0.480715 -0.627280 -0.612726
vn -0.480715 -0.627280 -0.612726
vn -0.480715 -0.627280 -0.612726
vn -0.480715 -0.627280 -0.612726
vn 0.993527 -0.059072 0.097028
vn 0.993527 -0.059072 0.097028
vn 0.993527 -0.059072 0.097028
vn 0.993527 -0.059072 0.097028
vn 0.102207 0.092092 -0.990491
vn 0.102207 0.092092 -0.990491
vn 0.102207 0.092092 -0.990491
vn 0.102207 0.092092 -0.990491
vn -0.102207 -0.092092 0.990491
vn -0.102207 -0.092092 0.990491
vn -0.102207 -0.092092 0.990491
vn -0.102207 -0.092092 0.990491
vn -0.993527 0.059072 -0.097028
vn -0.993527 0.059072 -0.097028
vn -0.993527 0.059072 -0.097028
vn -0.993527 0.059072 -0.097028
vn 0.582921 0.719372 -0.377766
vn 0.582921 0.719372 -0.377766
vn 0.582921 0.719372 -0.377766
vn 0.582921 0.719372 -0.377766
vn 0.512812 -0.686352 -0.515698
vn 0.512812 -0.686352 -0.515698
vn 0.512812 -0.686352 -0.515698
vn 0.512812 -0.686352 -0.515698
vn -0.512812 0.686352 0.515698
vn -0.512812 0.686352 0.515698
vn -0.512812 0.686352 0.515698
vn -0.512812 0.686352 0.515698
vn -0.582921 -0.719372 0.377766
vn -0.582921 -0.719372 0.377766
vn -0.582921 -0.719372 0.377766
vn -0.582921 -0.719372 0.377766
vn -0.839833 -0.525653 -0.135533
vn -0.839833 -0.525653 -0.135533
vn -0.839833 -0.525653 -0.135533
vn -0.112073 -0.649077 0.752422
vn -0.112073 -0.649077 0.752422
vn -0.112073 -0.649077 0.752422
vn -0.782590 0.622116 -0.022912
vn -0.782590 0.622116 -0.022912
vn -0.782590 0.622116 -0.022912
vn -0.054830 0.498692 0.865043
vn -0.054830 0.498692 0.865043
vn -0.054830 0.498692 0.865043
vn 0.054830 -0.498692 -0.865043
vn 0.054830 -0.498692 -0.865043
vn 0.054830 -0.498692 -0.865043
vn 0.782590 -0.622116 0.022912
vn 0.782590 -0.622116 0.022912
vn 0.782590 -0.622116 0.022912
vn 0.112073 0.649077 -0.752422
vn 0.112073 0.649077 -0.752422
vn 0.112073 0.649077 -0.752422
vn 0.839833 0.525653 0.135533
vn 0.839833 0.525653 0.135533
vn 0.839833 0.525653 0.135533
vn 0.485366 0.311312 -0.817010
vn 0.485366 0.311312 -0.817010
vn 0.485366 0.311312 -0.817010
vn 0.485366 0.311312 -0.817010
vn -0.485366 -0.311312 0.817010
vn -0.485366 -0.311312 0.817010
vn -0.485366 -0.311312 0.817010
vn -0.485366 -0.311312 0.817010
vn 0.314567 0.809705 0.495405
vn 0.314567 0.809705 0.495405
vn 0.314567 0.809705 0.495405
vn 0.314567 0.809705 0.495405
vn -0.314567 -0.809705 -0.495405
vn -0.314567 -0.809705 -0.495405
vn -0.314567 -0.809705 -0.495405
vn -0.314567 -0.809705 -0.495405
vn -0.815762 0.497457 -0.295075
vn -0.815762 0.497457 -0.295075
vn -0.815762 0.497457 -0.295075
vn -0.815762 0.497457 -0.295075
vn 0.815762 -0.497457 0.295075
vn 0.815762 -0.497457 0.295075
vn 0.815762 -0.497457 0.295075
vn 0.815762 -0.497457 0.295075
vn 0.565638 0.792678 -0.227409
vn 0.565638 0.792678 -0.227409
vn 0.565638 0.792678 -0.227409
vn 0.565638 0.792678 -0.227409
vn -0.120773 0.352417 0.928017
vn -0.120773 0.352417 0.928017
vn -0.120773 0.352417 0.928017
vn -0.120773 0.352417 0.928017
vn 0.120773 -0.352417 -0.928017
vn 0.120773 -0.352417 -0.928017
vn 0.120773 -0.352417 -0.928017
vn 0.120773 -0.352417 -0.928017
vn -0.565638 -0.792678 0.227409
vn -0.565638 -0.792678 0.227409
vn -0.565638 -0.792678 0.227409
vn -0.565638 -0.792678 0.227409
vn -0.233625 0.571886 -0.786362
vn -0.233625 0.571886 -0.786362
vn -0.233625 0.571886 -0.786362
vn -0.233625 0.571886 -0.786362
vn -0.920036 0.131625 0.369064
vn -0.920036 0.131625 0.369064
vn -0.920036 0.131625 0.369064
vn -0.920036 0.131625 0.369064
vn 0.920036 -0.131625 -0.369064
vn 0.920036 -0.131625 -0.369064
vn 0.920036 -0.131625 -0.369064
vn 0.920036 -0.131625 -0.369064
vn 0.233625 -0.571886 0.786362
vn 0.233625 -0.571886 0.786362
vn 0.233625 -0.571886 0.786362
vn 0.233625 -0.571886 0.786362
vn -0.354398 0.924303 0.141655
vn -0.354398 0.924303 0.141655
vn -0.354398 0.924303 0.141655
vn -0.354398 0.924303 0.141655
vn -0.799263 -0.220792 -0.558954
vn -0.799263 -0.220792 -0.558954
vn -0.799263 -0.220792 -0.558954
vn -0.799263 -0.220792 -0.558954
vn 0.799263 0.220792 0.558954
vn 0.799263 0.220792 0.558954
vn 0.799263 0.220792 0.558954
vn 0.799263 0.220792 0.558954
vn 0.354398 -0.924303 -0.141655
vn 0.354398 -0.924303 -0.141655
vn 0.354398 -0.924303 -0.141655
vn 0.354398 -0.924303 -0.141655
vn 0.009139 -0.934426 0.356040
vn 0.009139 -0.934426 0.356040
vn 0.009139 -0.934426 0.356040
vn 0.569591 -0.574954 -0.587361
vn 0.569591 -0.574954 -0.587361
vn 0.569591 -0.574954 -0.587361
vn 0.372369 0.000540 0.928085
vn 0.372369 0.000540 0.928085
vn 0.372369 0.000540 0.928085
vn 0.932822 0.360012 -0.015317
vn 0.932822 0.360012 -0.015317
vn 0.932822 0.360012 -0.015317
vn -0.932822 -0.360012 0.015317
vn -0.932822 -0.360012 0.015317
vn -0.932822 -0.360012 0.015317
vn -0.372369 -0.000540 -0.928085
vn -0.372369 -0.000540 -0.928085
vn -0.372369 -0.000540 -0.928085
vn -0.569591 0.574954 0.587361
vn -0.569591 0.574954 0.587361
vn -0.569591 0.574954 0.587361
vn -0.009139 0.934426 -0.356040
vn -0.009139 0.934426 -0.356040
vn -0.009139 0.934426 -0.356040
vn 0.280872 0.653041 -0.703312
vn 0.280872 0.653041 -0.703312
vn 0.280872 0.653041 -0.703312
vn 0.280872 0.653041 -0.703312
vn -0.280872 -0.653041 0.703312
vn -0.280872 -0.653041 0.703312
vn -0.280872 -0.653041 0.703312
vn -0.280872 -0.653041 0.703312
vn -0.769569 0.591121 0.241537
vn -0.769569 0.591121 0.241537
vn -0.769569 0.591121 0.241537
vn -0.769569 0.591121 0.241537
vn 0.769569 -0.591121 -0.241537
vn 0.769569 -0.591121 -0.241537
vn 0.769569 -0.591121 -0.241537
vn 0.769569 -0.591121 -0.241537
vn -0.573476 -0.473406 -0.668589
vn -0.573476 -0.473406 -0.668589
vn -0.573476 -0.473406 -0.668589
vn -0.573476 -0.473406 -0.668589
vn 0.573476 0.473406 0.668589
vn 0.573476 0.473406 0.668589
vn 0.573476 0.473406 0.668589
vn 0.573476 0.473406 0.668589
vn -0.345561 0.879755 -0.326525
vn -0.345561 0.879755 -0.326525
vn -0.345561 0.879755 -0.326525
vn -0.345561 0.879755 -0.326525
vn -0.742774 -0.043784 0.668109
vn -0.742774 -0.043784 0.668109
vn -0.742774 -0.043784 0.668109
vn -0.742774 -0.043784 0.668109
vn 0.742774 0.043784 -0.668109
vn 0.742774 0.043784 -0.668109
vn 0.742774 0.043784 -0.668109
vn 0.742774 0.043784 -0.668109
vn 0.345561 -0.879755 0.326525
vn 0.345561 -0.879755 0.326525
vn 0.345561 -0.879755 0.326525
vn 0.345561 -0.879755 0.326525
vn -0.206902 0.127021 -0.970081
vn -0.206902 0.127021 -0.970081
vn -0.206902 0.127021 -0.970081
vn -0.206902 0.127021 -0.970081
vn -0.604115 -0.796518 0.024553
vn -0.604115 -0.796518 0.024553
vn -0.604115 -0.796518 0.024553
vn -0.604115 -0.796518 0.024553
vn 0.604115 0.796518 -0.024553
vn 0.604115 0.796518 -0.024553
vn 0.604115 0.796518 -0.024553
vn 0.604115 0.796518 -0.024553
vn 0.206902 -0.127021 0.970081
vn 0.206902 -0.127021 0.970081
vn 0.206902 -0.127021 0.970081
vn 0.206902 -0.127021 0.970081
vn -0.949676 0.083237 -0.301972
vn -0.949676 0.083237 -0.301972
vn -0.949676 0.083237 -0.301972
vn -0.949676 0.083237 -0.301972
vn 0.138658 -0.752734 -0.643556
vn 0.138658 -0.752734 -0.643556
vn 0.138658 -0.752734 -0.643556
vn 0.138658 -0.752734 -0.643556
vn -0.138658 0.752734 0.643556
vn -0.138658 0.752734 0.643556
vn -0.138658 0.752734 0.643556
vn -0.138658 0.752734 0.643556
vn 0.949676 -0.083237 0.301972
vn 0.949676 -0.083237 0.301972
vn 0.949676 -0.083237 0.301972
vn 0.949676 -0.083237 0.301972
vn 0.613246 -0.444996 0.652616
vn 0.613246 -0.444996 0.652616
vn 0.613246 -0.444996 0.652616
vn 0.937569 0.309071 -0.159499
vn 0.937569 0.309071 -0.159499
vn 0.937569 0.309071 -0.159499
vn -0.275376 0.237572 0.931519
vn -0.275376 0.237572 0.931519
vn -0.275376 0.237572 0.931519
vn 0.048948 0.991638 0.119404
vn 0.048948 0.991638 0.119404
vn 0.048948 0.991638 0.119404
vn -0.048948 -0.991638 -0.119404
vn -0.048948 -0.991638 -0.119404
vn -0.048948 -0.991638 -0.119404
vn 0.275376 -0.237572 -0.931519
vn 0.275376 -0.237572 -0.931519
vn 0.275376 -0.237572 -0.931519
vn -0.937569 -0.309071 0.159499
vn -0.937569 -0.309071 0.159499
vn -0.937569 -0.309071 0.159499
vn -0.613246 0.444996 -0.652616
vn -0.613246 0.444996 -0.652616
vn -0.613246 0.444996 -0.652616
vn 0.000000 0.000000 1.000000
vn 0.000000 0.000000 1.000000
vn 0.000000 0.000000 1.000000
vn 0.000000 0.000000 1.000000
vn 0.000000 0.000000 -1.000000
vn 0.000000 0.000000 -1.000000
vn 0.000000 0.000000 -1.000000
vn 0.000000 0.000000 -1.000000
vn 0.000000 1.000000 0.000000
vn 0.000000 1.000000 0.000000
vn 0.000000 1.000000 0.000000
vn 0.000000 1.000000 0.000000
vn 0.000000 -1.000000 0.000000
vn 0.000000 -1.000000 0.000000
vn 0.000000 -1.000000 0.000000
vn 0.000000 -1.000000 0.000000
vn 1.000000 0.000000 0.000000
vn 1.000000 0.000000 0.000000
vn 1.000000 0.000000 0.000000
vn 1.000000 0.000000 0.000000
vn -1.000000 0.000000 0.000000
vn -1.000000 0.000000 0.000000
vn -1.000000 0.000000 0.000000
vn -1.000000 0.000000 0.000000
vn 0.000000 0.707107 0.707107
vn 0.000000 0.707107 0.707107
vn 0.000000 0.707107 0.707107
vn 0.000000 0.707107 0.707107
vn 0.000000 0.707107 -0.707107
vn 0.000000 0.707107 -0.707107
vn 0.000000 0.707107 -0.707107
vn 0.000000 0.707107 -0.707107
vn 0.000000 -0.707107 0.707107
vn 0.000000 -0.707107 0.707107
vn 0.000000 -0.707107 0.707107
vn 0.000000 -0.707107 0.707107
vn 0.000000 -0.707107 -0.707107
vn 0.000000 -0.707107 -0.707107
vn 0.000000 -0.707107 -0.707107
vn 0.000000 -0.707107 -0.707107
vn 0.707107 0.000000 0.707107
vn 0.707107 0.000000 0.707107
vn 0.707107 0.000000 0.707107
vn 0.707107 0.000000 0.707107
vn 0.707107 0.000000 -0.707107
vn 0.707107 0.000000 -0.707107
vn 0.707107 0.000000 -0.707107
vn 0.707107 0.000000 -0.707107
vn -0.707107 0.000000 0.707107
vn -0.707107 0.000000 0.707107
vn -0.707107 0.000000 0.707107
vn -0.707107 0.000000 0.707107
vn -0.707107 0.000000 -0.707107
vn -0.707107 0.000000 -0.707107
vn -0.707107 0.000000 -0.707107
vn -0.707107 0.000000 -0.707107
vn 0.707107 0.707107 0.000000
vn 0.707107 0.707107 0.000000
vn 0.707107 0.707107 0.000000
vn 0.707107 0.707107 0.000000
vn 0.707107 -0.707107 0.000000
vn 0.707107 -0.707107 0.000000
vn 0.707107 -0.707107 0.000000
vn 0.707107 -0.707107 0.000000
vn -0.707107 0.707107 0.000000
vn -0.707107 0.707107 0.000000
vn -0.707107 0.707107 0.000000
vn -0.707107 0.707107 0.000000
vn -0.707107 -0.707107 0.000000
vn -0.707107 -0.707107 0.000000
vn -0.707107 -0.707107 0.000000
vn -0.707107 -0.707107 0.000000
vn -0.577350 -0.577350 -0.577350
vn -0.577350 -0.577350 -0.577350
vn -0.577350 -0.577350 -0.577350
vn -0.577350 -0.577350 0.577350
vn -0.577350 -0.577350 0.577350
vn -0.577350 -0.577350 0.577350
vn -0.577350 0.577350 -0.577350
vn -0.577350 0.577350 -0.577350
vn -0.577350 0.577350 -0.577350
vn -0.577350 0.577350 0.577350
vn -0.577350 0.577350 0.577350
vn -0.577350 0.577350 0.577350
vn 0.577350 -0.577350 -0.577350
vn 0.577350 -0.577350 -0.577350
vn 0.577350 -0.577350 -0.577350
vn 0.577350 -0.577350 0.577350
vn 0.577350 -0.577350 0.577350
vn 0.577350 -0.577350 0.577350
vn 0.577350 0.577350 -0.577350
vn 0.577350 0.577350 -0.577350
vn 0.577350 0.577350 -0.577350
vn 0.577350 0.577350 0.577350
vn 0.577350 0.577350 0.577350
vn 0.577350 0.577350 0.577350
vn 0.000000 0.000000 1.000000
vn 0.000000 0.000000 1.000000
vn 0.000000 0.000000 1.000000
vn 0.000000 0.000000 1.000000
vn 0.000000 0.000000 -1.000000
vn 0.000000 0.000000 -1.000000
vn 0.000000 0.000000 -1.000000
vn 0.000000 0.000000 -1.000000
vn 0.000000 1.000000 0.000000
vn 0.000000 1.000000 0.000000
vn 0.000000 1.000000 0.000000
vn 0.000000 1.000000 0.000000
vn 0.000000 -1.000000 0.000000
vn 0.000000 -1.000000 0.000000
vn 0.000000 -1.000000 0.000000
vn 0.000000 -1.000000 0.000000
vn 1.000000 0.000000 0.000000
vn 1.000000 0.000000 0.000000
vn 1.000000 0.000000 0.000000
vn 1.000000 0.000000 0.000000
vn -1.000000 0.000000 0.000000
vn -1.000000 0.000000 0.000000
vn -1.000000 0.000000 0.000000
vn -1.000000 0.000000 0.000000
vn 0.000000 0.707107 0.707107
vn 0.000000 0.707107 0.707107
vn 0.000000 0.707107 0.707107
vn 0.000000 0.707107 0.707107
vn 0.000000 0.707107 -0.707107
vn 0.000000 0.707107 -0.707107
vn 0.000000 0.707107 -0.707107
vn 0.000000 0.707107 -0.707107
vn 0.000000 -0.707107 0.707107
vn 0.000000 -0.707107 0.707107
vn 0.000000 -0.707107 0.707107
vn 0.000000 -0.707107 0.707107
vn 0.000000 -0.707107 -0.707107
vn 0.000000 -0.707107 -0.707107
vn 0.000000 -0.707107 -0.707107
vn 0.000000 -0.707107 -0.707107
vn 0.707107 0.000000 0.707107
vn 0.707107 0.000000 0.707107
vn 0.707107 0.000000 0.707107
vn 0.707107 0.000000 0.707107
vn 0.707107 0.000000 -0.707107
vn 0.707107 0.000000 -0.707107
vn 0.707107 0.000000 -0.707107
vn 0.707107 0.000000 -0.707107
vn -0.707107 0.000000 0.707107
vn -0.707107 0.000000 0.707107
vn -0.707107 0.000000 0.707107
vn -0.707107 0.000000 0.707107
vn -0.707107 0.000000 -0.707107
vn -0.707107 0.000000 -0.707107
vn -0.707107 0.000000 -0.707107
vn -0.707107 0.000000 -0.707107
vn 0.707107 0.707107 0.000000
vn 0.707107 0.707107 0.000000
vn 0.707107 0.707107 0.000000
vn 0.707107 0.707107 0.000000
vn 0.707107 -0.707107 0.000000
vn 0.707107 -0.707107 0.000000
vn 0.707107 -0.707107 0.000000
vn 0.707107 -0.707107 0.000000
vn -0.707107 0.707107 0.000000
vn -0.707107 0.707107 0.000000
vn -0.707107 0.707107 0.000000
vn -0.707107 0.707107 0.000000
vn -0.707107 -0.707107 0.000000
vn -0.707107 -0.707107 0.000000
vn -0.707107 -0.707107 0.000000
vn -0.707107 -0.707107 0.000000
vn -0.577350 -0.577350 -0.577350
vn -0.577350 -0.577350 -0.577350
vn -0.577350 -0.577350 -0.577350
vn -0.577350 -0.577350 0.577350
vn -0.577350 -0.577350 0.577350
vn -0.577350 -0.577350 0.577350
vn -0.577350 0.577350 -0.577350
vn -0.577350 0.577350 -0.577350
vn -0.577350 0.577350 -0.577350
vn -0.577350 0.577350 0.577350
vn -0.577350 0.577350 0.577350
vn -0.577350 0.577350 0.577350
vn 0.577350 -0.577350 -0.577350
vn 0.577350 -0.577350 -0.577350
vn 0.577350 -0.577350 -0.577350
vn 0.577350 -0.577350 0.577350
vn 0.577350 -0.577350 0.577350
vn 0.577350 -0.577350 0.577350
vn 0.577350 0.577350 -0.577350
vn 0.577350 0.577350 -0.577350
vn 0.577350 0.577350 -0.577350
vn 0.577350 0.577350 0.577350
vn 0.577350 0.577350 0.577350
vn 0.577350 0.577350 0.577350
vn 0.000000 0.000000 1.000000
vn 0.000000 0.000000 1.000000
vn 0.000000 0.000000 1.000000
vn 0.000000 0.000000 1.000000
vn 0.000000 0.000000 -1.000000
vn 0.000000 0.000000 -1.000000
vn 0.000000 0.000000 -1.000000
vn 0.000000 0.000000 -1.000000
vn 0.000000 1.000000 0.000000
vn 0.000000 1.000000 0.000000
vn 0.000000 1.000000 0.000000
vn 0.000000 1.000000 0.000000
vn 0.000000 -1.000000 0.000000
vn 0.000000 -1.000000 0.000000
vn 0.000000 -1.000000 0.000000
vn 0.000000 -1.000000 0.000000
vn 1.000000 0.000000 0.000000
vn 1.000000 0.000000 0.000000
vn 1.000000 0.000000 0.000000
vn 1.000000 0.000000 0.000000
vn -1.000000 0.000000 0.000000
vn -1.000000 0.000000 0.000000
vn -1.000000 0.000000 0.000000
vn -1.000000 0.000000 0.000000
vn 0.000000 0.707107 0.707107
vn 0.000000 0.707107 0.707107
vn 0.000000 0.707107 0.707107
vn 0.000000 0.707107 0.707107
vn 0.000000 0.707107 -0.707107
vn 0.000000 0.707107 -0.707107
vn 0.000000 0.707107 -0.707107
vn 0.000000 0.707107 -0.707107
vn 0.000000 -0.707107 0.707107
vn 0.000000 -0.707107 0.707107
vn 0.000000 -0.707107 0.707107
vn 0.000000 -0.707107 0.707107
vn 0.000000 -0.707107 -0.707107
vn 0.000000 -0.707107 -0.707107
vn 0.000000 -0.707107 -0.707107
vn 0.000000 -0.707107 -0.707107
vn 0.707107 0.000000 0.707107
vn 0.707107 0.000000 0.707107
vn 0.707107 0.000000 0.707107
vn 0.707107 0.000000 0.707107
vn 0.707107 0.000000 -0.707107
vn 0.707107 0.000000 -0.707107
vn 0.707107 0.000000 -0.707107
vn 0.707107 0.000000 -0.707107
vn -0.707107 0.000000 0.707107
vn -0.707107 0.000000 0.707107
vn -0.707107 0.000000 0.707107
vn -0.707107 0.000000 0.707107
vn -0.707107 0.000000 -0.707107
vn -0.707107 0.000000 -0.707107
vn -0.707107 0.000000 -0.707107
vn -0.707107 0.000000 -0.707107
vn 0.707107 0.707107 0.000000
vn 0.707107 0.707107 0.000000
vn 0.707107 0.707107 0.000000
vn 0.707107 0.707107 0.000000
vn 0.707107 -0.707107 0.000000
vn 0.707107 -0.707107 0.000000
vn 0.707107 -0.707107 0.000000
vn 0.707107 -0.707107 0.000000
vn -0.707107 0.707107 0.000000
vn -0.707107 0.707107 0.000000
vn -0.707107 0.707107 0.000000
vn -0.707107 0.707107 0.000000
vn -0.707107 -0.707107 0.000000
vn -0.707107 -0.707107 0.000000
vn -0.707107 -0.707107 0.000000
vn -0.707107 -0.707107 0.000000
vn -0.577350 -0.577350 -0.577350
vn -0.577350 -0.577350 -0.577350
vn -0.577350 -0.577350 -0.577350
vn -0.577350 -0.577350 0.577350
vn -0.577350 -0.577350 0.577350
vn -0.577350 -0.577350 0.577350
vn -0.577350 0.577350 -0.577350
vn -0.577350 0.577350 -0.577350
vn -0.577350 0.577350 -0.577350
vn -0.577350 0.577350 0.577350
vn -0.577350 0.577350 0.577350
vn -0.577350 0.577350 0.577350
vn 0.577350 -0.577350 -0.577350
vn 0.577350 -0.577350 -0.577350
vn 0.577350 -0.577350 -0.577350
vn 0.577350 -0.577350 0.577350
vn 0.577350 -0.577350 0.577350
vn 0.577350 -0.577350 0.577350
vn 0.577350 0.577350 -0.577350
vn 0.577350 0.577350 -0.577350
vn 0.577350 0.577350 -0.577350
vn 0.577350 0.577350 0.577350
vn 0.577350 0.577350 0.577350
vn 0.577350 0.577350 0.577350
vn 0.000000 0.000000 1.000000
vn 0.000000 0.000000 1.000000
vn 0.000000 0.000000 1.000000
vn 0.000000 0.000000 1.000000
vn 0.000000 0.000000 -1.000000
vn 0.000000 0.000000 -1.000000
vn 0.000000 0.000000 -1.000000
vn 0.000000 0.000000 -1.000000
vn 0.000000 1.000000 0.000000
vn 0.000000 1.000000 0.000000
vn 0.000000 1.000000 0.000000
vn 0.000000 1.000000 0.000000
vn 0.000000 -1.000000 0.000000
vn 0.000000 -1.000000 0.000000
vn 0.000000 -1.000000 0.000000
vn 0.000000 -1.000000 0.000000
vn 1.000000 0.000000 0.000000
vn 1.000000 0.000000 0.000000
vn 1.000000 0.000000 0.000000
vn 1.000000 0.000000 0.000000
vn -1.000000 0.000000 0.000000
vn -1.000000 0.000000 0.000000
vn -1.000000 0.000000 0.000000
vn -1.000000 0.000000 0.000000
vn 0.000000 0.707107 0.707107
vn 0.000000 0.707107 0.707107
vn 0.000000 0.707107 0.707107
vn 0.000000 0.707107 0.707107
vn 0.000000 0.707107 -0.707107
vn 0.000000 0.707107 -0.707107
vn 0.000000 0.707107 -0.707107
vn 0.000000 0.707107 -0.707107
vn 0.000000 -0.707107 0.707107
vn 0.000000 -0.707107 0.707107
vn 0.000000 -0.707107 0.707107
vn 0.000000 -0.707107 0.707107
vn 0.000000 -0.707107 -0.707107
vn 0.000000 -0.707107 -0.707107
vn 0.000000 -0.707107 -0.707107
vn 0.000000 -0.707107 -0.707107
vn 0.707107 0.000000 0.707107
vn 0.707107 0.000000 0.707107
vn 0.707107 0.000000 0.707107
vn 0.707107 0.000000 0.707107
vn 0.707107 0.000000 -0.707107
vn 0.707107 0.000000 -0.707107
vn 0.707107 0.000000 -0.707107
vn 0.707107 0.000000 -0.707107
vn -0.707107 0.000000 0.707107
vn -0.707107 0.000000 0.707107
vn -0.707107 0.000000 0.707107
vn -0.707107 0.000000 0.707107
vn -0.707107 0.000000 -0.707107
vn -0.707107 0.000000 -0.707107
vn -0.707107 0.000000 -0.707107
vn -0.707107 0.000000 -0.707107
vn 0.707107 0.707107 0.000000
vn 0.707107 0.707107 0.000000
vn 0.707107 0.707107 0.000000
vn 0.707107 0.707107 0.000000
vn 0.707107 -0.707107 0.000000
vn 0.707107 -0.707107 0.000000
vn 0.707107 -0.707107 0.000000
vn 0.707107 -0.707107 0.000000
vn -0.707107 0.707107 0.000000
vn -0.707107 0.707107 0.000000
vn -0.707107 0.707107 0.000000
vn -0.707107 0.707107 0.000000
vn -0.707107 -0.707107 0.000000
vn -0.707107 -0.707107 0.000000
vn -0.707107 -0.707107 0.000000
vn -0.707107 -0.707107 0.000000
vn -0.577350 -0.577350 -0.577350
vn -0.577350 -0.577350 -0.577350
vn -0.577350 -0.577350 -0.577350
vn -0.577350 -0.577350 0.577350
vn -0.577350 -0.577350 0.577350
vn -0.577350 -0.577350 0.577350
vn -0.577350 0.577350 -0.577350
vn -0.577350 0.577350 -0.577350
vn -0.577350 0.577350 -0.577350
vn -0.577350 0.577350 0.577350
vn -0.577350 0.577350 0.577350
vn -0.577350 0.577350 0.577350
vn 0.577350 -0.577350 -0.577350
vn 0.577350 -0.577350 -0.577350
vn 0.577350 -0.577350 -0.577350
vn 0.577350 -0.577350 0.577350
vn 0.577350 -0.577350 0.577350
vn 0.577350 -0.577350 0.577350
vn 0.577350 0.577350 -0.577350
vn 0.577350 0.577350 -0.577350
vn 0.577350 0.577350 -0.577350
vn 0.577350 0.577350 0.577350
vn 0.577350 0.577350 0.577350
vn 0.577350 0.577350 0.577350
vn 0.000000 0.000000 1.000000
vn 0.000000 0.000000 1.000000
vn 0.000000 0.000000 1.000000
vn 0.000000 0.000000 1.000000
vn 0.000000 0.000000 -1.000000
vn 0.000000 0.000000 -1.000000
vn 0.000000 0.000000 -1.000000
vn 0.000000 0.000000 -1.000000
vn 0.000000 1.000000 0.000000
vn 0.000000 1.000000 0.000000
vn 0.000000 1.000000 0.000000
vn 0.000000 1.000000 0.000000
vn 0.000000 -1.000000 0.000000
vn 0.000000 -1.000000 0.000000
vn 0.000000 -1.000000 0.000000
vn 0.000000 -1.000000 0.000000
vn 1.000000 0.000000 0.000000
vn 1.000000 0.000000 0.000000
vn 1.000000 0.000000 0.000000
vn 1.000000 0.000000 0.000000
vn -1.000000 0.000000 0.000000
vn -1.000000 0.000000 0.000000
vn -1.000000 0.000000 0.000000
vn -1.000000 0.000000 0.000000
vn 0.000000 0.707107 0.707107
vn 0.000000 0.707107 0.707107
vn 0.000000 0.707107 0.707107
vn 0.000000 0.707107 0.707107
vn 0.000000 0.707107 -0.707107
vn 0.000000 0.707107 -0.707107
vn 0.000000 0.707107 -0.707107
vn 0.000000 0.707107 -0.707107
vn 0.000000 -0.707107 0.707107
vn 0.000000 -0.707107 0.707107
vn 0.000000 -0.707107 0.707107
vn 0.000000 -0.707107 0.707107
vn 0.000000 -0.707107 -0.707107
vn 0.000000 -0.707107 -0.707107
vn 0.000000 -0.707107 -0.707107
vn 0.000000 -0.707107 -0.707107
vn 0.707107 0.000000 0.707107
vn 0.707107 0.000000 0.707107
vn 0.707107 0.000000 0.707107
vn 0.707107 0.000000 0.707107
vn 0.707107 0.000000 -0.707107
vn 0.707107 0.000000 -0.707107
vn 0.707107 0.000000 -0.707107
vn 0.707107 0.000000 -0.707107
vn -0.707107 0.000000 0.707107
vn -0.707107 0.000000 0.707107
vn -0.707107 0.000000 0.707107
vn -0.707107 0.000000 0.707107
vn -0.707107 0.000000 -0.707107
vn -0.707107 0.000000 -0.707107
vn -0.707107 0.000000 -0.707107
vn -0.707107 0.000000 -0.707107
vn 0.707107 0.707107 0.000000
vn 0.707107 0.707107 0.000000
vn 0.707107 0.707107 0.000000
vn 0.707107 0.707107 0.000000
vn 0.707107 -0.707107 0.000000
vn 0.707107 -0.707107 0.000000
vn 0.707107 -0.707107 0.000000
vn 0.707107 -0.707107 0.000000
vn -0.707107 0.707107 0.000000
vn -0.707107 0.707107 0.000000
vn -0.707107 0.707107 0.000000
vn -0.707107 0.707107 0.000000
vn -0.707107 -0.707107 0.000000
vn -0.707107 -0.707107 0.000000
vn -0.707107 -0.707107 0.000000
vn -0.707107 -0.707107 0.000000
vn -0.577350 -0.577350 -0.577350
vn -0.577350 -0.577350 -0.577350
vn -0.577350 -0.577350 -0.577350
vn -0.577350 -0.577350 0.577350
vn -0.577350 -0.577350 0.577350
vn -0.577350 -0.577350 0.577350
vn -0.577350 0.577350 -0.577350
vn -0.577350 0.577350 -0.577350
vn -0.577350 0.577350 -0.577350
vn -0.577350 0.577350 0.577350
vn -0.577350 0.577350 0.577350
vn -0.577350 0.577350 0.577350
vn 0.577350 -0.577350 -0.577350
vn 0.577350 -0.577350 -0.577350
vn 0.577350 -0.577350 -0.577350
vn 0.577350 -0.577350 0.577350
vn 0.577350 -0.577350 0.577350
vn 0.577350 -0.577350 0.577350
vn 0.577350 0.577350 -0.577350
vn 0.577350 0.577350 -0.577350
vn 0.577350 0.577350 -0.577350
vn 0.577350 0.577350 0.577350
vn 0.577350 0.577350 0.577350
vn 0.577350 0.577350 0.577350
vn 0.000000 0.000000 1.000000
vn 0.000000 0.000000 1.000000
vn 0.000000 0.000000 1.000000
vn 0.000000 0.000000 1.000000
vn 0.000000 0.000000 -1.000000
vn 0.000000 0.000000 -1.000000
vn 0.000000 0.000000 -1.000000
vn 0.000000 0.000000 -1.000000
vn 0.000000 1.000000 0.000000
vn 0.000000 1.000000 0.000000
vn 0.000000 1.000000 0.000000
vn 0.000000 1.000000 0.000000
vn 0.000000 -1.000000 0.000000
vn 0.000000 -1.000000 0.000000
vn 0.000000 -1.000000 0.000000
vn 0.000000 -1.000000 0.000000
vn 1.000000 0.000000 0.000000
vn 1.000000 0.000000 0.000000
vn 1.000000 0.000000 0.000000
vn 1.000000 0.000000 0.000000
vn -1.000000 0.000000 0.000000
vn -1.000000 0.000000 0.000000
vn -1.000000 0.000000 0.000000
vn -1.000000 0.000000 0.000000
vn 0.000000 0.707107 0.707107
vn 0.000000 0.707107 0.707107
vn 0.000000 0.707107 0.707107
vn 0.000000 0.707107 0.707107
vn 0.000000 0.707107 -0.707107
vn 0.000000 0.707107 -0.707107
vn 0.000000 0.707107 -0.707107
vn 0.000000 0.707107 -0.707107
vn 0.000000 -0.707107 0.707107
vn 0.000000 -0.707107 0.707107
vn 0.000000 -0.707107 0.707107
vn 0.000000 -0.707107 0.707107
vn 0.000000 -0.707107 -0.707107
vn 0.000000 -0.707107 -0.707107
vn 0.000000 -0.707107 -0.707107
vn 0.000000 -0.707107 -0.707107
vn 0.707107 0.000000 0.707107
vn 0.707107 0.000000 0.707107
vn 0.707107 0.000000 0.707107
vn 0.707107 0.000000 0.707107
vn 0.707107 0.000000 -0.707107
vn 0.707107 0.000000 -0.707107
vn 0.707107 0.000000 -0.707107
vn 0.707107 0.000000 -0.707107
vn -0.707107 0.000000 0.707107
vn -0.707107 0.000000 0.707107
vn -0.707107 0.000000 0.707107
vn -0.707107 0.000000 0.707107
vn -0.707107 0.000000 -0.707107
vn -0.707107 0.000000 -0.707107
vn -0.707107 0.000000 -0.707107
vn -0.707107 0.000000 -0.707107
vn 0.707107 0.707107 0.000000
vn 0.707107 0.707107 0.000000
vn 0.707107 0.707107 0.000000
vn 0.707107 0.707107 0.000000
vn 0.707107 -0.707107 0.000000
vn 0.707107 -0.707107 0.000000
vn 0.707107 -0.707107 0.000000
vn 0.707107 -0.707107 0.000000
vn -0.707107 0.707107 0.000000
vn -0.707107 0.707107 0.000000
vn -0.707107 0.707107 0.000000
vn -0.707107 0.707107 0.000000
vn -0.707107 -0.707107 0.000000
vn -0.707107 -0.707107 0.000000
vn -0.707107 -0.707107 0.000000
vn -0.707107 -0.707107 0.000000
vn -0.577350 -0.577350 -0.577350
vn -0.577350 -0.577350 -0.577350
vn -0.577350 -0.577350 -0.577350
vn -0.577350 -0.577350 0.577350
vn -0.577350 -0.577350 0.577350
vn -0.577350 -0.577350 0.577350
vn -0.577350 0.577350 -0.577350
vn -0.577350 0.577350 -0.577350
vn -0.577350 0.577350 -0.577350
vn -0.577350 0.577350 0.577350
vn -0.577350 0.577350 0.577350
vn -0.577350 0.577350 0.577350
vn 0.577350 -0.577350 -0.577350
vn 0.577350 -0.577350 -0.577350
vn 0.577350 -0.577350 -0.577350
vn 0.577350 -0.577350 0.577350
vn 0.577350 -0.577350 0.577350
vn 0.577350 -0.577350 0.577350
vn 0.577350 0.577350 -0.577350
vn 0.577350 0.577350 -0.577350
vn 0.577350 0.577350 -0.577350
vn 0.577350 0.577350 0.577350
vn 0.577350 0.577350 0.577350
vn 0.577350 0.577350 0.577350
vn 0.000000 0.000000 1.000000
vn 0.000000 0.000000 1.000000
vn 0.000000 0.000000 1.000000
vn 0.000000 0.000000 1.000000
vn 0.000000 0.000000 -1.000000
vn 0.000000 0.000000 -1.000000
vn 0.000000 0.000000 -1.000000
vn 0.000000 0.000000 -1.000000
vn 0.000000 1.000000 0.000000
vn 0.000000 1.000000 0.000000
vn 0.000000 1.000000 0.000000
vn 0.000000 1.000000 0.000000
vn 0.000000 -1.000000 0.000000
vn 0.000000 -1.000000 0.000000
vn 0.000000 -1.000000 0.000000
vn 0.000000 -1.000000 0.000000
vn 1.000000 0.000000 0.000000
vn 1.000000 0.000000 0.000000
vn 1.000000 0.000000 0.000000
vn 1.000000 0.000000 0.000000
vn -1.000000 0.000000 0.000000
vn -1.000000 0.000000 0.000000
vn -1.000000 0.000000 0.000000
vn -1.000000 0.000000 0.000000
vn 0.000000 0.707107 0.707107
vn 0.000000 0.707107 0.707107
vn 0.000000 0.707107 0.707107
vn 0.000000 0.707107 0.707107
vn 0.000000 0.707107 -0.707107
vn 0.000000 0.707107 -0.707107
vn 0.000000 0.707107 -0.707107
vn 0.000000 0.707107 -0.707107
vn 0.000000 -0.707107 0.707107
vn 0.000000 -0.707107 0.707107
vn 0.000000 -0.707107 0.707107
vn 0.000000 -0.707107 0.707107
vn 0.000000 -0.707107 -0.707107
vn 0.000000 -0.707107 -0.707107
vn 0.000000 -0.707107 -0.707107
vn 0.000000 -0.707107 -0.707107
vn 0.707107 0.000000 0.707107
vn 0.707107 0.000000 0.707107
vn 0.707107 0.000000 0.707107
vn 0.707107 0.000000 0.707107
vn 0.707107 0.000000 -0.707107
vn 0.707107 0.000000 -0.707107
vn 0.707107 0.000000 -0.707107
vn 0.707107 0.000000 -0.707107
vn -0.707107 0.000000 0.707107
vn -0.707107 0.000000 0.707107
vn -0.707107 0.000000 0.707107
vn -0.707107 0.000000 0.707107
vn -0.707107 0.000000 -0.707107
vn -0.707107 0.000000 -0.707107
vn -0.707107 0.000000 -0.707107
vn -0.707107 0.000000 -0.707107
vn 0.707107 0.707107 0.000000
vn 0.707107 0.707107 0.000000
vn 0.707107 0.707107 0.000000
vn 0.707107 0.707107 0.000000
vn 0.707107 -0.707107 0.000000
vn 0.707107 -0.707107 0.000000
vn 0.707107 -0.707107 0.000000
vn 0.707107 -0.707107 0.000000
vn -0.707107 0.707107 0.000000
vn -0.707107 0.707107 0.000000
vn -0.707107 0.707107 0.000000
vn -0.707107 0.707107 0.000000
vn -0.707107 -0.707107 0.000000
vn -0.707107 -0.707107 0.000000
vn -0.707107 -0.707107 0.000000
vn -0.707107 -0.707107 0.000000
vn -0.577350 -0.577350 -0.577350
vn -0.577350 -0.577350 -0.577350
vn -0.577350 -0.577350 -0.577350
vn -0.577350 -0.577350 0.577350
vn -0.577350 -0.577350 0.577350
vn -0.577350 -0.577350 0.577350
vn -0.577350 0.577350 -0.577350
vn -0.577350 0.577350 -0.577350
vn -0.577350 0.577350 -0.577350
vn -0.577350 0.577350 0.577350
vn -0.577350 0.577350 0.577350
vn -0.577350 0.577350 0.577350
vn 0.577350 -0.577350 -0.577350
vn 0.577350 -0.577350 -0.577350
vn 0.577350 -0.577350 -0.577350
vn 0.577350 -0.577350 0.577350
vn 0.577350 -0.577350 0.577350
vn 0.577350 -0.577350 0.577350
vn 0.577350 0.577350 -0.577350
vn 0.577350 0.577350 -0.577350
vn 0.577350 0.577350 -0.577350
vn 0.577350 0.577350 0.577350
vn 0.577350 0.577350 0.577350
vn 0.577350 0.577350 0.577350
vn 0.000000 0.000000 1.000000
vn 0.000000 0.000000 1.000000
vn 0.000000 0.000000 1.000000
vn 0.000000 0.000000 1.000000
vn 0.000000 0.000000 -1.000000
vn 0.000000 0.000000 -1.000000
vn 0.000000 0.000000 -1.000000
vn 0.000000 0.000000 -1.000000
vn 0.000000 1.000000 0.000000
vn 0.000000 1.000000 0.000000
vn 0.000000 1.000000 0.000000
vn 0.000000 1.000000 0.000000
vn 0.000000 -1.000000 0.000000
vn 0.000000 -1.000000 0.000000
vn 0.000000 -1.000000 0.000000
vn 0.000000 -1.000000 0.000000
vn 1.000000 0.000000 0.000000
vn 1.000000 0.000000 0.000000
vn 1.000000 0.000000 0.000000
vn 1.000000 0.000000 0.000000
vn -1.000000 0.000000 0.000000
vn -1.000000 0.000000 0.000000
vn -1.000000 0.000000 0.000000
vn -1.000000 0.000000 0.000000
vn 0.000000 0.707107 0.707107
vn 0.000000 0.707107 0.707107
vn 0.000000 0.707107 0.707107
vn 0.000000 0.707107 0.707107
vn 0.000000 0.707107 -0.707107
vn 0.000000 0.707107 -0.707107
vn 0.000000 0.707107 -0.707107
vn 0.000000 0.707107 -0.707107
vn 0.000000 -0.707107 0.707107
vn 0.000000 -0.707107 0.707107
vn 0.000000 -0.707107 0.707107
vn 0.000000 -0.707107 0.707107
vn 0.000000 -0.707107 -0.707107
vn 0.000000 -0.707107 -0.707107
vn 0.000000 -0.707107 -0.707107
vn 0.000000 -0.707107 -0.707107
vn 0.707107 0.000000 0.707107
vn 0.707107 0.000000 0.707107
vn 0.707107 0.000000 0.707107
vn 0.707107 0.000000 0.707107
vn 0.707107 0.000000 -0.707107
vn 0.707107 0.000000 -0.707107
vn 0.707107 0.000000 -0.707107
vn 0.707107 0.000000 -0.707107
vn -0.707107 0.000000 0.707107
vn -0.707107 0.000000 0.707107
vn -0.707107 0.000000 0.707107
vn -0.707107 0.000000 0.707107
vn -0.707107 0.000000 -0.707107
vn -0.707107 0.000000 -0.707107
vn -0.707107 0.000000 -0.707107
vn -0.707107 0.000000 -0.707107
vn 0.707107 0.707107 0.000000
vn 0.707107 0.707107 0.000000
vn 0.707107 0.707107 0.000000
vn 0.707107 0.707107 0.000000
vn 0.707107 -0.707107 0.000000
vn 0.707107 -0.707107 0.000000
vn 0.707107 -0.707107 0.000000
vn 0.707107 -0.707107 0.000000
vn -0.707107 0.707107 0.000000
vn -0.707107 0.707107 0.000000
vn -0.707107 0.707107 0.000000
vn -0.707107 0.707107 0.000000
vn -0.707107 -0.707107 0.000000
vn -0.707107 -0.707107 0.000000
vn -0.707107 -0.707107 0.000000
vn -0.707107 -0.707107 0.000000
vn -0.577350 -0.577350 -0.577350
vn -0.577350 -0.577350 -0.577350
vn -0.577350 -0.577350 -0.577350
vn -0.577350 -0.577350 0.577350
vn -0.577350 -0.577350 0.577350
vn -0.577350 -0.577350 0.577350
vn -0.577350 0.577350 -0.577350
vn -0.577350 0.577350 -0.577350
vn -0.577350 0.577350 -0.577350
vn -0.577350 0.577350 0.577350
vn -0.577350 0.577350 0.577350
vn -0.577350 0.577350 0.577350
vn 0.577350 -0.577350 -0.577350
vn 0.577350 -0.577350 -0.577350
vn 0.577350 -0.577350 -0.577350
vn 0.577350 -0.577350 0.577350
vn 0.577350 -0.577350 0.577350
vn 0.577350 -0.577350 0.577350
vn 0.577350 0.577350 -0.577350
vn 0.577350 0.577350 -0.577350
vn 0.577350 0.577350 -0.577350
vn 0.577350 0.577350 0.577350
vn 0.577350 0.577350 0.577350
vn 0.577350 0.577350 0.577350
vn 0.000000 0.000000 1.000000
vn 0.000000 0.000000 1.000000
vn 0.000000 0.000000 1.000000
vn 0.000000 0.000000 1.000000
vn 0.000000 0.000000 -1.000000
vn 0.000000 0.000000 -1.000000
vn 0.000000 0.000000 -1.000000
vn 0.000000 0.000000 -1.000000
vn 0.000000 1.000000 0.000000
vn 0.000000 1.000000 0.000000
vn 0.000000 1.000000 0.000000
vn 0.000000 1.000000 0.000000
vn 0.000000 -1.000000 0.000000
vn 0.000000 -1.000000 0.000000
vn 0.000000 -1.000000 0.000000
vn 0.000000 -1.000000 0.000000
vn 1.000000 0.000000 0.000000
vn 1.000000 0.000000 0.000000
vn 1.000000 0.000000 0.000000
vn 1.000000 0.000000 0.000000
vn -1.000000 0.000000 0.000000
vn -1.000000 0.000000 0.000000
vn -1.000000 0.000000 0.000000
vn -1.000000 0.000000 0.000000
vn 0.000000 0.707107 0.707107
vn 0.000000 0.707107 0.707107
vn 0.000000 0.707107 0.707107
vn 0.000000 0.707107 0.707107
vn 0.000000 0.707107 -0.707107
vn 0.000000 0.707107 -0.707107
vn 0.000000 0.707107 -0.707107
vn 0.000000 0.707107 -0.707107
vn 0.000000 -0.707107 0.707107
vn 0.000000 -0.707107 0.707107
vn 0.000000 -0.707107 0.707107
vn 0.000000 -0.707107 0.707107
vn 0.000000 -0.707107 -0.707107
vn 0.000000 -0.707107 -0.707107
vn 0.000000 -0.707107 -0.707107
vn 0.000000 -0.707107 -0.707107
vn 0.707107 0.000000 0.707107
vn 0.707107 0.000000 0.707107
vn 0.707107 0.000000 0.707107
vn 0.707107 0.000000 0.707107
vn 0.707107 0.000000 -0.707107
vn 0.707107 0.000000 -0.707107
vn 0.707107 0.000000 -0.707107
vn 0.707107 0.000000 -0.707107
vn -0.707107 0.000000 0.707107
vn -0.707107 0.000000 0.707107
vn -0.707107 0.000000 0.707107
vn -0.707107 0.000000 0.707107
vn -0.707107 0.000000 -0.707107
vn -0.707107 0.000000 -0.707107
vn -0.707107 0.000000 -0.707107
vn -0.707107 0.000000 -0.707107
vn 0.707107 0.707107 0.000000
vn 0.707107 0.707107 0.000000
vn 0.707107 0.707107 0.000000
vn 0.707107 0.707107 0.000000
vn 0.707107 -0.707107 0.000000
vn 0.707107 -0.707107 0.000000
vn 0.707107 -0.707107 0.000000
vn 0.707107 -0.707107 0.000000
vn -0.707107 0.707107 0.000000
vn -0.707107 0.707107 0.000000
vn -0.707107 0.707107 0.000000
vn -0.707107 0.707107 0.000000
vn -0.707107 -0.707107 0.000000
vn -0.707107 -0.707107 0.000000
vn -0.707107 -0.707107 0.000000
vn -0.707107 -0.707107 0.000000
vn -0.577350 -0.577350 -0.577350
vn -0.577350 -0.577350 -0.577350
vn -0.577350 -0.577350 -0.577350
vn -0.577350 -0.577350 0.577350
vn -0.577350 -0.577350 0.577350
vn -0.577350 -0.577350 0.577350
vn -0.577350 0.577350 -0.577350
vn -0.577350 0.577350 -0.577350
vn -0.577350 0.577350 -0.577350
vn -0.577350 0.577350 0.577350
vn -0.577350 0.577350 0.577350
vn -0.577350 0.577350 0.577350
vn 0.577350 -0.577350 -0.577350
vn 0.577350 -0.577350 -0.577350
vn 0.577350 -0.577350 -0.577350
vn 0.577350 -0.577350 0.577350
vn 0.577350 -0.577350 0.577350
vn 0.577350 -0.577350 0.577350
vn 0.577350 0.577350 -0.577350
vn 0.577350 0.577350 -0.577350
vn 0.577350 0.577350 -0.577350
vn 0.577350 0.577350 0.577350
vn 0.577350 0.577350 0.577350
vn 0.577350 0.577350 0.577350
vn 0.000000 0.000000 1.000000
vn 0.000000 0.000000 1.000000
vn 0.000000 0.000000 1.000000
vn 0.000000 0.000000 1.000000
vn 0.000000 0.000000 -1.000000
vn 0.000000 0.000000 -1.000000
vn 0.000000 0.000000 -1.000000
vn 0.000000 0.000000 -1.000000
vn 0.000000 1.000000 0.000000
vn 0.000000 1.000000 0.000000
vn 0.000000 1.000000 0.000000
vn 0.000000 1.000000 0.000000
vn 0.000000 -1.000000 0.000000
vn 0.000000 -1.000000 0.000000
vn 0.000000 -1.000000 0.000000
vn 0.000000 -1.000000 0.000000
vn 1.000000 0.000000 0.000000
vn 1.000000 0.000000 0.000000
vn 1.000000 0.000000 0.000000
vn 1.000000 0.000000 0.000000
vn -1.000000 0.000000 0.000000
vn -1.000000 0.000000 0.000000
vn -1.000000 0.000000 0.000000
vn -1.000000 0.000000 0.000000
vn 0.000000 0.707107 0.707107
vn 0.000000 0.707107 0.707107
vn 0.000000 0.707107 0.707107
vn 0.000000 0.707107 0.707107
vn 0.000000 0.707107 -0.707107
vn 0.000000 0.707107 -0.707107
vn 0.000000 0.707107 -0.707107
vn 0.000000 0.707107 -0.707107
vn 0.000000 -0.707107 0.707107
vn 0.000000 -0.707107 0.707107
vn 0.000000 -0.707107 0.707107
vn 0.000000 -0.707107 0.707107
vn 0.000000 -0.707107 -0.707107
vn 0.000000 -0.707107 -0.707107
vn 0.000000 -0.707107 -0.707107
vn 0.000000 -0.707107 -0.707107
vn 0.707107 0.000000 0.707107
vn 0.707107 0.000000 0.707107
vn 0.707107 0.000000 0.707107
vn 0.707107 0.000000 0.707107
vn 0.707107 0.000000 -0.707107
vn 0.707107 0.000000 -0.707107
vn 0.707107 0.000000 -0.707107
vn 0.707107 0.000000 -0.707107
vn -0.707107 0.000000 0.707107
vn -0.707107 0.000000 0.707107
vn -0.707107 0.000000 0.707107
vn -0.707107 0.000000 0.707107
vn -0.707107 0.000000 -0.707107
vn -0.707107 0.000000 -0.707107
vn -0.707107 0.000000 -0.707107
vn -0.707107 0.000000 -0.707107
vn 0.707107 0.707107 0.000000
vn 0.707107 0.707107 0.000000
vn 0.707107 0.707107 0.000000
vn 0.707107 0.707107 0.000000
vn 0.707107 -0.707107 0.000000
vn 0.707107 -0.707107 0.000000
vn 0.707107 -0.707107 0.000000
vn 0.707107 -0.707107 0.000000
vn -0.707107 0.707107 0.000000
vn -0.707107 0.707107 0.000000
vn -0.707107 0.707107 0.000000
vn -0.707107 0.707107 0.000000
vn -0.707107 -0.707107 0.000000
vn -0.707107 -0.707107 0.000000
vn -0.707107 -0.707107 0.000000
vn -0.707107 -0.707107 0.000000
vn -0.577350 -0.577350 -0.577350
vn -0.577350 -0.577350 -0.577350
vn -0.577350 -0.577350 -0.577350
vn -0.577350 -0.577350 0.577350
vn -0.577350 -0.577350 0.577350
vn -0.577350 -0.577350 0.577350
vn -0.577350 0.577350 -0.577350
vn -0.577350 0.577350 -0.577350
vn -0.577350 0.577350 -0.577350
vn -0.577350 0.577350 0.577350
vn -0.577350 0.577350 0.577350
vn -0.577350 0.577350 0.577350
vn 0.577350 -0.577350 -0.577350
vn 0.577350 -0.577350 -0.577350
vn 0.577350 -0.577350 -0.577350
vn 0.577350 -0.577350 0.577350
vn 0.577350 -0.577350 0.577350
vn 0.577350 -0.577350 0.577350
vn 0.577350 0.577350 -0.577350
vn 0.577350 0.577350 -0.577350
vn 0.577350 0.577350 -0.577350
vn 0.577350 0.577350 0.577350
vn 0.577350 0.577350 0.577350
vn 0.577350 0.577350 0.577350
vn 0.000000 0.000000 1.000000
vn 0.000000 0.000000 1.000000
vn 0.000000 0.000000 1.000000
vn 0.000000 0.000000 1.000000
vn 0.000000 0.000000 -1.000000
vn 0.000000 0.000000 -1.000000
vn 0.000000 0.000000 -1.000000
vn 0.000000 0.000000 -1.000000
vn 0.000000 1.000000 0.000000
vn 0.000000 1.000000 0.000000
vn 0.000000 1.000000 0.000000
vn 0.000000 1.000000 0.000000
vn 0.000000 -1.000000 0.000000
vn 0.000000 -1.000000 0.000000
vn 0.000000 -1.000000 0.000000
vn 0.000000 -1.000000 0.000000
vn 1.000000 0.000000 0.000000
vn 1.000000 0.000000 0.000000
vn 1.000000 0.000000 0.000000
vn 1.000000 0.000000 0.000000
vn -1.000000 0.000000 0.000000
vn -1.000000 0.000000 0.000000
vn -1.000000 0.000000 0.000000
vn -1.000000 0.000000 0.000000
vn 0.000000 0.707107 0.707107
vn 0.000000 0.707107 0.707107
vn 0.000000 0.707107 0.707107
vn 0.000000 0.707107 0.707107
vn 0.000000 0.707107 -0.707107
vn 0.000000 0.707107 -0.707107
vn 0.000000 0.707107 -0.707107
vn 0.000000 0.707107 -0.707107
vn 0.000000 -0.707107 0.707107
vn 0.000000 -0.707107 0.707107
vn 0.000000 -0.707107 0.707107
vn 0.000000 -0.707107 0.707107
vn 0.000000 -0.707107 -0.707107
vn 0.000000 -0.707107 -0.707107
vn 0.000000 -0.707107 -0.707107
vn 0.000000 -0.707107 -0.707107
vn 0.707107 0.000000 0.707107
vn 0.707107 0.000000 0.707107
vn 0.707107 0.000000 0.707107
vn 0.707107 0.000000 0.707107
vn 0.707107 0.000000 -0.707107
vn 0.707107 0.000000 -0.707107
vn 0.707107 0.000000 -0.707107
vn 0.707107 0.000000 -0.707107
vn -0.707107 0.000000 0.707107
vn -0.707107 0.000000 0.707107
vn -0.707107 0.000000 0.707107
vn -0.707107 0.000000 0.707107
vn -0.707107 0.000000 -0.707107
vn -0.707107 0.000000 -0.707107
vn -0.707107 0.000000 -0.707107
vn -0.707107 0.000000 -0.707107
vn 0.707107 0.707107 0.000000
vn 0.707107 0.707107 0.000000
vn 0.707107 0.707107 0.000000
vn 0.707107 0.707107 0.000000
vn 0.707107 -0.707107 0.000000
vn 0.707107 -0.707107 0.000000
vn 0.707107 -0.707107 0.000000
vn 0.707107 -0.707107 0.000000
vn -0.707107 0.707107 0.000000
vn -0.707107 0.707107 0.000000
vn -0.707107 0.707107 0.000000
vn -0.707107 0.707107 0.000000
vn -0.707107 -0.707107 0.000000
vn -0.707107 -0.707107 0.000000
vn -0.707107 -0.707107 0.000000
vn -0.707107 -0.707107 0.000000
vn -0.577350 -0.577350 -0.577350
vn -0.577350 -0.577350 -0.577350
vn -0.577350 -0.577350 -0.577350
vn -0.577350 -0.577350 0.577350
vn -0.577350 -0.577350 0.577350
vn -0.577350 -0.577350 0.577350
vn -0.577350 0.577350 -0.577350
vn -0.577350 0.577350 -0.577350
vn -0.577350 0.577350 -0.577350
vn -0.577350 0.577350 0.577350
vn -0.577350 0.577350 0.577350
vn -0.577350 0.577350 0.577350
vn 0.577350 -0.577350 -0.577350
vn 0.577350 -0.577350 -0.577350
vn 0.577350 -0.577350 -0.577350
vn 0.577350 -0.577350 0.577350
vn 0.577350 -0.577350 0.577350
vn 0.577350 -0.577350 0.577350
vn 0.577350 0.577350 -0.577350
vn 0.577350 0.577350 -0.577350
vn 0.577350 0.577350 -0.577350
vn 0.577350 0.577350 0.577350
vn 0.577350 0.577350 0.577350
vn 0.577350 0.577350 0.577350
vn 0.000000 0.000000 1.000000
vn 0.000000 0.000000 1.000000
vn 0.000000 0.000000 1.000000
vn 0.000000 0.000000 1.000000
vn 0.000000 0.000000 -1.000000
vn 0.000000 0.000000 -1.000000
vn 0.000000 0.000000 -1.000000
vn 0.000000 0.000000 -1.000000
vn 0.000000 1.000000 0.000000
vn 0.000000 1.000000 0.000000
vn 0.000000 1.000000 0.000000
vn 0.000000 1.000000 0.000000
vn 0.000000 -1.000000 0.000000
vn 0.000000 -1.000000 0.000000
vn 0.000000 -1.000000 0.000000
vn 0.000000 -1.000000 0.000000
vn 1.000000 0.000000 0.000000
vn 1.000000 0.000000 0.000000
vn 1.000000 0.000000 0.000000
vn 1.000000 0.000000 0.000000
vn -1.000000 0.000000 0.000000
vn -1.000000 0.000000 0.000000
vn -1.000000 0.000000 0.000000
vn -1.000000 0.000000 0.000000
vn 0.000000 0.707107 0.707107
vn 0.000000 0.707107 0.707107
vn 0.000000 0.707107 0.707107
vn 0.000000 0.707107 0.707107
vn 0.000000 0.707107 -0.707107
vn 0.000000 0.707107 -0.707107
vn 0.000000 0.707107 -0.707107
vn 0.000000 0.707107 -0.707107
vn 0.000000 -0.707107 0.707107
vn 0.000000 -0.707107 0.707107
vn 0.000000 -0.707107 0.707107
vn 0.000000 -0.707107 0.707107
vn 0.000000 -0.707107 -0.707107
vn 0.000000 -0.707107 -0.707107
vn 0.000000 -0.707107 -0.707107
vn 0.000000 -0.707107 -0.707107
vn 0.707107 0.000000 0.707107
vn 0.707107 0.000000 0.707107
vn 0.707107 0.000000 0.707107
vn 0.707107 0.000000 0.707107
vn 0.707107 0.000000 -0.707107
vn 0.707107 0.000000 -0.707107
vn 0.707107 0.000000 -0.707107
vn 0.707107 0.000000 -0.707107
vn -0.707107 0.000000 0.707107
vn -0.707107 0.000000 0.707107
vn -0.707107 0.000000 0.707107
vn -0.707107 0.000000 0.707107
vn -0.707107 0.000000 -0.707107
vn -0.707107 0.000000 -0.707107
vn -0.707107 0.000000 -0.707107
vn -0.707107 0.000000 -0.707107
vn 0.707107 0.707107 0.000000
vn 0.707107 0.707107 0.000000
vn 0.707107 0.707107 0.000000
vn 0.707107 0.707107 0.000000
vn 0.707107 -0.707107 0.000000
vn 0.707107 -0.707107 0.000000
vn 0.707107 -0.707107 0.000000
vn 0.707107 -0.707107 0.000000
vn -0.707107 0.707107 0.000000
vn -0.707107 0.707107 0.000000
vn -0.707107 0.707107 0.000000
vn -0.707107 0.707107 0.000000
vn -0.707107 -0.707107 0.000000
vn -0.707107 -0.707107 0.000000
vn -0.707107 -0.707107 0.000000
vn -0.707107 -0.707107 0.000000
vn -0.577350 -0.577350 -0.577350
vn -0.577350 -0.577350 -0.577350
vn -0.577350 -0.577350 -0.577350
vn -0.577350 -0.577350 0.577350
vn -0.577350 -0.577350 0.577350
vn -0.577350 -0.577350 0.577350
vn -0.577350 0.577350 -0.577350
vn -0.577350 0.577350 -0.577350
vn -0.577350 0.577350 -0.577350
vn -0.577350 0.577350 0.577350
vn -0.577350 0.577350 0.577350
vn -0.577350 0.577350 0.577350
vn 0.577350 -0.577350 -0.577350
vn 0.577350 -0.577350 -0.577350
vn 0.577350 -0.577350 -0.577350
vn 0.577350 -0.577350 0.577350
vn 0.577350 -0.577350 0.577350
vn 0.577350 -0.577350 0.577350
vn 0.577350 0.577350 -0.577350
vn 0.577350 0.577350 -0.577350
vn 0.577350 0.577350 -0.577350
vn 0.577350 0.577350 0.577350
vn 0.577350 0.577350 0.577350
vn 0.577350 0.577350 0.577350
vn 0.000000 0.000000 1.000000
vn 0.000000 0.000000 1.000000
vn 0.000000 0.000000 1.000000
vn 0.000000 0.000000 1.000000
vn 0.000000 0.000000 -1.000000
vn 0.000000 0.000000 -1.000000
vn 0.000000 0.000000 -1.000000
vn 0.000000 0.000000 -1.000000
vn 0.000000 1.000000 0.000000
vn 0.000000 1.000000 0.000000
vn 0.000000 1.000000 0.000000
vn 0.000000 1.000000 0.000000
vn 0.000000 -1.000000 0.000000
vn 0.000000 -1.000000 0.000000
vn 0.000000 -1.000000 0.000000
vn 0.000000 -1.000000 0.000000
vn 1.000000 0.000000 0.000000
vn 1.000000 0.000000 0.000000
vn 1.000000 0.000000 0.000000
vn 1.000000 0.000000 0.000000
vn -1.000000 0.000000 0.000000
vn -1.000000 0.000000 0.000000
vn -1.000000 0.000000 0.000000
vn -1.000000 0.000000 0.000000
vn 0.000000 0.707107 0.707107
vn 0.000000 0.707107 0.707107
vn 0.000000 0.707107 0.707107
vn 0.000000 0.707107 0.707107
vn 0.000000 0.707107 -0.707107
vn 0.000000 0.707107 -0.707107
vn 0.000000 0.707107 -0.707107
vn 0.000000 0.707107 -0.707107
vn 0.000000 -0.707107 0.707107
vn 0.000000 -0.707107 0.707107
vn 0.000000 -0.707107 0.707107
vn 0.000000 -0.707107 0.707107
vn 0.000000 -0.707107 -0.707107
vn 0.000000 -0.707107 -0.707107
vn 0.000000 -0.707107 -0.707107
vn 0.000000 -0.707107 -0.707107
vn 0.707107 0.000000 0.707107
vn 0.707107 0.000000 0.707107
vn 0.707107 0.000000 0.707107
vn 0.707107 0.000000 0.707107
vn 0.707107 0.000000 -0.707107
vn 0.707107 0.000000 -0.707107
vn 0.707107 0.000000 -0.707107
vn 0.707107 0.000000 -0.707107
vn -0.707107 0.000000 0.707107
vn -0.707107 0.000000 0.707107
vn -0.707107 0.000000 0.707107
vn -0.707107 0.000000 0.707107
vn -0.707107 0.000000 -0.707107
vn -0.707107 0.000000 -0.707107
vn -0.707107 0.000000 -0.707107
vn -0.707107 0.000000 -0.707107
vn 0.707107 0.707107 0.000000
vn 0.707107 0.707107 0.000000
vn 0.707107 0.707107 0.000000
vn 0.707107 0.707107 0.000000
vn 0.707107 -0.707107 0.000000
vn 0.707107 -0.707107 0.000000
vn 0.707107 -0.707107 0.000000
vn 0.707107 -0.707107 0.000000
vn -0.707107 0.707107 0.000000
vn -0.707107 0.707107 0.000000
vn -0.707107 0.707107 0.000000
vn -0.707107 0.707107 0.000000
vn -0.707107 -0.707107 0.000000
vn -0.707107 -0.707107 0.000000
vn -0.707107 -0.707107 0.000000
vn -0.707107 -0.707107 0.000000
vn -0.577350 -0.577350 -0.577350
vn -0.577350 -0.577350 -0.577350
vn -0.577350 -0.577350 -0.577350
vn -0.577350 -0.577350 0.577350
vn -0.577350 -0.577350 0.577350
vn -0.577350 -0.577350 0.577350
vn -0.577350 0.577350 -0.577350
vn -0.577350 0.577350 -0.577350
vn -0.577350 0.577350 -0.577350
vn -0.577350 0.577350 0.577350
vn -0.577350 0.577350 0.577350
vn -0.577350 0.577350 0.577350
vn 0.577350 -0.577350 -0.577350
vn 0.577350 -0.577350 -0.577350
vn 0.577350 -0.577350 -0.577350
vn 0.577350 -0.577350 0.577350
vn 0.577350 -0.577350 0.577350
vn 0.577350 -0.577350 0.577350
vn 0.577350 0.577350 -0.577350
vn 0.577350 0.577350 -0.577350
vn 0.577350 0.577350 -0.577350
vn 0.577350 0.577350 0.577350
vn 0.577350 0.577350 0.577350
vn 0.577350 0.577350 0.577350
vn 0.000000 0.000000 1.000000
vn 0.000000 0.000000 1.000000
vn 0.000000 0.000000 1.000000
vn 0.000000 0.000000 1.000000
vn 0.000000 0.000000 -1.000000
vn 0.000000 0.000000 -1.000000
vn 0.000000 0.000000 -1.000000
vn 0.000000 0.000000 -1.000000
vn 0.000000 1.000000 0.000000
vn 0.000000 1.000000 0.000000
vn 0.000000 1.000000 0.000000
vn 0.000000 1.000000 0.000000
vn 0.000000 -1.000000 0.000000
vn 0.000000 -1.000000 0.000000
vn 0.000000 -1.000000 0.000000
vn 0.000000 -1.000000 0.000000
vn 1.000000 0.000000 0.000000
vn 1.000000 0.000000 0.000000
vn 1.000000 0.000000 0.000000
vn 1.000000 0.000000 0.000000
vn -1.000000 0.000000 0.000000
vn -1.000000 0.000000 0.000000
vn -1.000000 0.000000 0.000000
vn -1.000000 0.000000 0.000000
vn 0.000000 0.707107 0.707107
vn 0.000000 0.707107 0.707107
vn 0.000000 0.707107 0.707107
vn 0.000000 0.707107 0.707107
vn 0.000000 0.707107 -0.707107
vn 0.000000 0.707107 -0.707107
vn 0.000000 0.707107 -0.707107
vn 0.000000 0.707107 -0.707107
vn 0.000000 -0.707107 0.707107
vn 0.000000 -0.707107 0.707107
vn 0.000000 -0.707107 0.707107
vn 0.000000 -0.707107 0.707107
vn 0.000000 -0.707107 -0.707107
vn 0.000000 -0.707107 -0.707107
vn 0.000000 -0.707107 -0.707107
vn 0.000000 -0.707107 -0.707107
vn 0.707107 0.000000 0.707107
vn 0.707107 0.000000 0.707107
vn 0.707107 0.000000 0.707107
vn 0.707107 0.000000 0.707107
vn 0.707107 0.000000 -0.707107
vn 0.707107 0.000000 -0.707107
vn 0.707107 0.000000 -0.707107
vn 0.707107 0.000000 -0.707107
vn -0.707107 0.000000 0.707107
vn -0.707107 0.000000 0.707107
vn -0.707107 0.000000 0.707107
vn -0.707107 0.000000 0.707107
vn -0.707107 0.000000 -0.707107
vn -0.707107 0.000000 -0.707107
vn -0.707107 0.000000 -0.707107
vn -0.707107 0.000000 -0.707107
vn 0.707107 0.707107 0.000000
vn 0.707107 0.707107 0.000000
vn 0.707107 0.707107 0.000000
vn 0.707107 0.707107 0.000000
vn 0.707107 -0.707107 0.000000
vn 0.707107 -0.707107 0.000000
vn 0.707107 -0.707107 0.000000
vn 0.707107 -0.707107 0.000000
vn -0.707107 0.707107 0.000000
vn -0.707107 0.707107 0.000000
vn -0.707107 0.707107 0.000000
vn -0.707107 0.707107 0.000000
vn -0.707107 -0.707107 0.000000
vn -0.707107 -0.707107 0.000000
vn -0.707107 -0.707107 0.000000
vn -0.707107 -0.707107 0.000000
vn -0.577350 -0.577350 -0.577350
vn -0.577350 -0.577350 -0.577350
vn -0.577350 -0.577350 -0.577350
vn -0.577350 -0.577350 0.577350
vn -0.577350 -0.577350 0.577350
vn -0.577350 -0.577350 0.577350
vn -0.577350 0.577350 -0.577350
vn -0.577350 0.577350 -0.577350
vn -0.577350 0.577350 -0.577350
vn -0.577350 0.577350 0.577350
vn -0.577350 0.577350 0.577350
vn -0.577350 0.577350 0.577350
vn 0.577350 -0.577350 -0.577350
vn 0.577350 -0.577350 -0.577350
vn 0.577350 -0.577350 -0.577350
vn 0.577350 -0.577350 0.577350
vn 0.577350 -0.577350 0.577350
vn 0.577350 -0.577350 0.577350
vn 0.577350 0.577350 -0.577350
vn 0.577350 0.577350 -0.577350
vn 0.577350 0.577350 -0.577350
vn 0.577350 0.577350 0.577350
vn 0.577350 0.577350 0.577350
vn 0.577350 0.577350 0.577350
vn 0.000000 0.000000 1.000000
vn 0.000000 0.000000 1.000000
vn 0.000000 0.000000 1.000000
vn 0.000000 0.000000 1.000000
vn 0.000000 0.000000 -1.000000
vn 0.000000 0.000000 -1.000000
vn 0.000000 0.000000 -1.000000
vn 0.000000 0.000000 -1.000000
vn 0.000000 1.000000 0.000000
vn 0.000000 1.000000 0.000000
vn 0.000000 1.000000 0.000000
vn 0.000000 1.000000 0.000000
vn 0.000000 -1.000000 0.000000
vn 0.000000 -1.000000 0.000000
vn 0.000000 -1.000000 0.000000
vn 0.000000 -1.000000 0.000000
vn 1.000000 0.000000 0.000000
vn 1.000000 0.000000 0.000000
vn 1.000000 0.000000 0.000000
vn 1.000000 0.000000 0.000000
vn -1.000000 0.000000 0.000000
vn -1.000000 0.000000 0.000000
vn -1.000000 0.000000 0.000000
vn -1.000000 0.000000 0.000000
vn 0.000000 0.707107 0.707107
vn 0.000000 0.707107 0.707107
vn 0.000000 0.707107 0.707107
vn 0.000000 0.707107 0.707107
vn 0.000000 0.707107 -0.707107
vn 0.000000 0.707107 -0.707107
vn 0.000000 0.707107 -0.707107
vn 0.000000 0.707107 -0.707107
vn 0.000000 -0.707107 0.707107
vn 0.000000 -0.707107 0.707107
vn 0.000000 -0.707107 0.707107
vn 0.000000 -0.707107 0.707107
vn 0.000000 -0.707107 -0.707107
vn 0.000000 -0.707107 -0.707107
vn 0.000000 -0.707107 -0.707107
vn 0.000000 -0.707107 -0.707107
vn 0.707107 0.000000 0.707107
vn 0.707107 0.000000 0.707107
vn 0.707107 0.000000 0.707107
vn 0.707107 0.000000 0.707107
vn 0.707107 0.000000 -0.707107
vn 0.707107 0.000000 -0.707107
vn 0.707107 0.000000 -0.707107
vn 0.707107 0.000000 -0.707107
vn -0.707107 0.000000 0.707107
vn -0.707107 0.000000 0.707107
vn -0.707107 0.000000 0.707107
vn -0.707107 0.000000 0.707107
vn -0.707107 0.000000 -0.707107
vn -0.707107 0.000000 -0.707107
vn -0.707107 0.000000 -0.707107
vn -0.707107 0.000000 -0.707107
vn 0.707107 0.707107 0.000000
vn 0.707107 0.707107 0.000000
vn 0.707107 0.707107 0.000000
vn 0.707107 0.707107 0.000000
vn 0.707107 -0.707107 0.000000
vn 0.707107 -0.707107 0.000000
vn 0.707107 -0.707107 0.000000
vn 0.707107 -0.707107 0.000000
vn -0.707107 0.707107 0.000000
vn -0.707107 0.707107 0.000000
vn -0.707107 0.707107 0.000000
vn -0.707107 0.707107 0.000000
vn -0.707107 -0.707107 0.000000
vn -0.707107 -0.707107 0.000000
vn -0.707107 -0.707107 0.000000
vn -0.707107 -0.707107 0.000000
vn -0.577350 -0.577350 -0.577350
vn -0.577350 -0.577350 -0.577350
vn -0.577350 -0.577350 -0.577350
vn -0.577350 -0.577350 0.577350
vn -0.577350 -0.577350 0.577350
vn -0.577350 -0.577350 0.577350
vn -0.577350 0.577350 -0.577350
vn -0.577350 0.577350 -0.577350
vn -0.577350 0.577350 -0.577350
vn -0.577350 0.577350 0.577350
vn -0.577350 0.577350 0.577350
vn -0.577350 0.577350 0.577350
vn 0.577350 -0.577350 -0.577350
vn 0.577350 -0.577350 -0.577350
vn 0.577350 -0.577350 -0.577350
vn 0.577350 -0.577350 0.577350
vn 0.577350 -0.577350 0.577350
vn 0.577350 -0.577350 0.577350
vn 0.577350 0.577350 -0.577350
vn 0.577350 0.577350 -0.577350
vn 0.577350 0.577350 -0.577350
vn 0.577350 0.577350 0.577350
vn 0.577350 0.577350 0.577350
vn 0.577350 0.577350 0.577350
vn 0.000000 0.000000 1.000000
vn 0.000000 0.000000 1.000000
vn 0.000000 0.000000 1.000000
vn 0.000000 0.000000 1.000000
vn 0.000000 0.000000 -1.000000
vn 0.000000 0.000000 -1.000000
vn 0.000000 0.000000 -1.000000
vn 0.000000 0.000000 -1.000000
vn 0.000000 1.000000 0.000000
vn 0.000000 1.000000 0.000000
vn 0.000000 1.000000 0.000000
vn 0.000000 1.000000 0.000000
vn 0.000000 -1.000000 0.000000
vn 0.000000 -1.000000 0.000000
vn 0.000000 -1.000000 0.000000
vn 0.000000 -1.000000 0.000000
vn 1.000000 0.000000 0.000000
vn 1.000000 0.000000 0.000000
vn 1.000000 0.000000 0.000000
vn 1.000000 0.000000 0.000000
vn -1.000000 0.000000 0.000000
vn -1.000000 0.000000 0.000000
vn -1.000000 0.000000 0.000000
vn -1.000000 0.000000 0.000000
vn 0.000000 0.707107 0.707107
vn 0.000000 0.707107 0.707107
vn 0.000000 0.707107 0.707107
vn 0.000000 0.707107 0.707107
vn 0.000000 0.707107 -0.707107
vn 0.000000 0.707107 -0.707107
vn 0.000000 0.707107 -0.707107
vn 0.000000 0.707107 -0.707107
vn 0.000000 -0.707107 0.707107
vn 0.000000 -0.707107 0.707107
vn 0.000000 -0.707107 0.707107
vn 0.000000 -0.707107 0.707107
vn 0.000000 -0.707107 -0.707107
vn 0.000000 -0.707107 -0.707107
vn 0.000000 -0.707107 -0.707107
vn 0.000000 -0.707107 -0.707107
vn 0.707107 0.000000 0.707107
vn 0.707107 0.000000 0.707107
vn 0.707107 0.000000 0.707107
vn 0.707107 0.000000 0.707107
vn 0.707107 0.000000 -0.707107
vn 0.707107 0.000000 -0.707107
vn 0.707107 0.000000 -0.707107
vn 0.707107 0.000000 -0.707107
vn -0.707107 0.000000 0.707107
vn -0.707107 0.000000 0.707107
vn -0.707107 0.000000 0.707107
vn -0.707107 0.000000 0.707107
vn -0.707107 0.000000 -0.707107
vn -0.707107 0.000000 -0.707107
vn -0.707107 0.000000 -0.707107
vn -0.707107 0.000000 -0.707107
vn 0.707107 0.707107 0.000000
vn 0.707107 0.707107 0.000000
vn 0.707107 0.707107 0.000000
vn 0.707107 0.707107 0.000000
vn 0.707107 -0.707107 0.000000
vn 0.707107 -0.707107 0.000000
vn 0.707107 -0.707107 0.000000
vn 0.707107 -0.707107 0.000000
vn -0.707107 0.707107 0.000000
vn -0.707107 0.707107 0.000000
vn -0.707107 0.707107 0.000000
vn -0.707107 0.707107 0.000000
vn -0.707107 -0.707107 0.000000
vn -0.707107 -0.707107 0.000000
vn -0.707107 -0.707107 0.000000
vn -0.707107 -0.707107 0.000000
vn -0.577350 -0.577350 -0.577350
vn -0.577350 -0.577350 -0.577350
vn -0.577350 -0.577350 -0.577350
vn -0.577350 -0.577350 0.577350
vn -0.577350 -0.577350 0.577350
vn -0.577350 -0.577350 0.577350
vn -0.577350 0.577350 -0.577350
vn -0.577350 0.577350 -0.577350
vn -0.577350 0.577350 -0.577350
vn -0.577350 0.577350 0.577350
vn -0.577350 0.577350 0.577350
vn -0.577350 0.577350 0.577350
vn 0.577350 -0.577350 -0.577350
vn 0.577350 -0.577350 -0.577350
vn 0.577350 -0.577350 -0.577350
vn 0.577350 -0.577350 0.577350
vn 0.577350 -0.577350 0.577350
vn 0.577350 -0.577350 0.577350
vn 0.577350 0.577350 -0.577350
vn 0.577350 0.577350 -0.577350
vn 0.577350 0.577350 -0.577350
vn 0.577350 0.577350 0.577350
vn 0.577350 0.577350 0.577350
vn 0.577350 0.577350 0.577350
vn 0.000000 0.000000 1.000000
vn 0.000000 0.000000 1.000000
vn 0.000000 0.000000 1.000000
vn 0.000000 0.000000 1.000000
vn 0.000000 0.000000 -1.000000
vn 0.000000 0.000000 -1.000000
vn 0.000000 0.000000 -1.000000
vn 0.000000 0.000000 -1.000000
vn 0.000000 1.000000 0.000000
vn 0.000000 1.000000 0.000000
vn 0.000000 1.000000 0.000000
vn 0.000000 1.000000 0.000000
vn 0.000000 -1.000000 0.000000
vn 0.000000 -1.000000 0.000000
vn 0.000000 -1.000000 0.000000
vn 0.000000 -1.000000 0.000000
vn 1.000000 0.000000 0.000000
vn 1.000000 0.000000 0.000000
vn 1.000000 0.000000 0.000000
vn 1.000000 0.000000 0.000000
vn -1.000000 0.000000 0.000000
vn -1.000000 0.000000 0.000000
vn -1.000000 0.000000 0.000000
vn -1.000000 0.000000 0.000000
vn 0.000000 0.707107 0.707107
vn 0.000000 0.707107 0.707107
vn 0.000000 0.707107 0.707107
vn 0.000000 0.707107 0.707107
vn 0.000000 0.707107 -0.707107
vn 0.000000 0.707107 -0.707107
vn 0.000000 0.707107 -0.707107
vn 0.000000 0.707107 -0.707107
vn 0.000000 -0.707107 0.707107
vn 0.000000 -0.707107 0.707107
vn 0.000000 -0.707107 0.707107
vn 0.000000 -0.707107 0.707107
vn 0.000000 -0.707107 -0.707107
vn 0.000000 -0.707107 -0.707107
vn 0.000000 -0.707107 -0.707107
vn 0.000000 -0.707107 -0.707107
vn 0.707107 0.000000 0.707107
vn 0.707107 0.000000 0.707107
vn 0.707107 0.000000 0.707107
vn 0.707107 0.000000 0.707107
vn 0.707107 0.000000 -0.707107
vn 0.707107 0.000000 -0.707107
vn 0.707107 0.000000 -0.707107
vn 0.707107 0.000000 -0.707107
vn -0.707107 0.000000 0.707107
vn -0.707107 0.000000 0.707107
vn -0.707107 0.000000 0.707107
vn -0.707107 0.000000 0.707107
vn -0.707107 0.000000 -0.707107
vn -0.707107 0.000000 -0.707107
vn -0.707107 0.000000 -0.707107
vn -0.707107 0.000000 -0.707107
vn 0.707107 0.707107 0.000000
vn 0.707107 0.707107 0.000000
vn 0.707107 0.707107 0.000000
vn 0.707107 0.707107 0.000000
vn 0.707107 -0.707107 0.000000
vn 0.707107 -0.707107 0.000000
vn 0.707107 -0.707107 0.000000
vn 0.707107 -0.707107 0.000000
vn -0.707107 0.707107 0.000000
vn -0.707107 0.707107 0.000000
vn -0.707107 0.707107 0.000000
vn -0.707107 0.707107 0.000000
vn -0.707107 -0.707107 0.000000
vn -0.707107 -0.707107 0.000000
vn -0.707107 -0.707107 0.000000
vn -0.707107 -0.707107 0.000000
vn -0.577350 -0.577350 -0.577350
vn -0.577350 -0.577350 -0.577350
vn -0.577350 -0.577350 -0.577350
vn -0.577350 -0.577350 0.577350
vn -0.577350 -0.577350 0.577350
vn -0.577350 -0.577350 0.577350
vn -0.577350 0.577350 -0.577350
vn -0.577350 0.577350 -0.577350
vn -0.577350 0.577350 -0.577350
vn -0.577350 0.577350 0.577350
vn -0.577350 0.577350 0.577350
vn -0.577350 0.577350 0.577350
vn 0.577350 -0.577350 -0.577350
vn 0.577350 -0.577350 -0.577350
vn 0.577350 -0.577350 -0.577350
vn 0.577350 -0.577350 0.577350
vn 0.577350 -0.577350 0.577350
vn 0.577350 -0.577350 0.577350
vn 0.577350 0.577350 -0.577350
vn 0.577350 0.577350 -0.577350
vn 0.577350 0.577350 -0.577350
vn 0.577350 0.577350 0.577350
vn 0.577350 0.577350 0.577350
vn 0.577350 0.577350 0.577350
vn 0.000000 0.000000 1.000000
vn 0.000000 0.000000 1.000000
vn 0.000000 0.000000 1.000000
vn 0.000000 0.000000 1.000000
vn 0.000000 0.000000 -1.000000
vn 0.000000 0.000000 -1.000000
vn 0.000000 0.000000 -1.000000
vn 0.000000 0.000000 -1.000000
vn 0.000000 1.000000 0.000000
vn 0.000000 1.000000 0.000000
vn 0.000000 1.000000 0.000000
vn 0.000000 1.000000 0.000000
vn 0.000000 -1.000000 0.000000
vn 0.000000 -1.000000 0.000000
vn 0.000000 -1.000000 0.000000
vn 0.000000 -1.000000 0.000000
vn 1.000000 0.000000 0.000000
vn 1.000000 0.000000 0.000000
vn 1.000000 0.000000 0.000000
vn 1.000000 0.000000 0.000000
vn -1.000000 0.000000 0.000000
vn -1.000000 0.000000 0.000000
vn -1.000000 0.000000 0.000000
vn -1.000000 0.000000 0.000000
vn 0.000000 0.707107 0.707107
vn 0.000000 0.707107 0.707107
vn 0.000000 0.707107 0.707107
vn 0.000000 0.707107 0.707107
vn 0.000000 0.707107 -0.707107
vn 0.000000 0.707107 -0.707107
vn 0.000000 0.707107 -0.707107
vn 0.000000 0.707107 -0.707107
vn 0.000000 -0.707107 0.707107
vn 0.000000 -0.707107 0.707107
vn 0.000000 -0.707107 0.707107
vn 0.000000 -0.707107 0.707107
vn 0.000000 -0.707107 -0.707107
vn 0.000000 -0.707107 -0.707107
vn 0.000000 -0.707107 -0.707107
vn 0.000000 -0.707107 -0.707107
vn 0.707107 0.000000 0.707107
vn 0.707107 0.000000 0.707107
vn 0.707107 0.000000 0.707107
vn 0.707107 0.000000 0.707107
vn 0.707107 0.000000 -0.707107
vn 0.707107 0.000000 -0.707107
vn 0.707107 0.000000 -0.707107
vn 0.707107 0.000000 -0.707107
vn -0.707107 0.000000 0.707107
vn -0.707107 0.000000 0.707107
vn -0.707107 0.000000 0.707107
vn -0.707107 0.000000 0.707107
vn -0.707107 0.000000 -0.707107
vn -0.707107 0.000000 -0.707107
vn -0.707107 0.000000 -0.707107
vn -0.707107 0.000000 -0.707107
vn 0.707107 0.707107 0.000000
vn 0.707107 0.707107 0.000000
vn 0.707107 0.707107 0.000000
vn 0.707107 0.707107 0.000000
vn 0.707107 -0.707107 0.000000
vn 0.707107 -0.707107 0.000000
vn 0.707107 -0.707107 0.000000
vn 0.707107 -0.707107 0.000000
vn -0.707107 0.707107 0.000000
vn -0.707107 0.707107 0.000000
vn -0.707107 0.707107 0.000000
vn -0.707107 0.707107 0.000000
vn -0.707107 -0.707107 0.000000
vn -0.707107 -0.707107 0.000000
vn -0.707107 -0.707107 0.000000
vn -0.707107 -0.707107 0.000000
vn -0.577350 -0.577350 -0.577350
vn -0.577350 -0.577350 -0.577350
vn -0.577350 -0.577350 -0.577350
vn -0.577350 -0.577350 0.577350
vn -0.577350 -0.577350 0.577350
vn -0.577350 -0.577350 0.577350
vn -0.577350 0.577350 -0.577350
vn -0.577350 0.577350 -0.577350
vn -0.577350 0.577350 -0.577350
vn -0.577350 0.577350 0.577350
vn -0.577350 0.577350 0.577350
vn -0.577350 0.577350 0.577350
vn 0.577350 -0.577350 -0.577350
vn 0.577350 -0.577350 -0.577350
vn 0.577350 -0.577350 -0.577350
vn 0.577350 -0.577350 0.577350
vn 0.577350 -0.577350 0.577350
vn 0.577350 -0.577350 0.577350
vn 0.577350 0.577350 -0.577350
vn 0.577350 0.577350 -0.577350
vn 0.577350 0.577350 -0.577350
vn 0.577350 0.577350 0.577350
vn 0.577350 0.577350 0.577350
vn 0.577350 0.577350 0.577350
vn 0.000000 0.000000 1.000000
vn 0.000000 0.000000 1.000000
vn 0.000000 0.000000 1.000000
vn 0.000000 0.000000 1.000000
vn 0.000000 0.000000 -1.000000
vn 0.000000 0.000000 -1.000000
vn 0.000000 0.000000 -1.000000
vn 0.000000 0.000000 -1.000000
vn 0.000000 1.000000 0.000000
vn 0.000000 1.000000 0.000000
vn 0.000000 1.000000 0.000000
vn 0.000000 1.000000 0.000000
vn 0.000000 -1.000000 0.000000
vn 0.000000 -1.000000 0.000000
vn 0.000000 -1.000000 0.000000
vn 0.000000 -1.000000 0.000000
vn 1.000000 0.000000 0.000000
vn 1.000000 0.000000 0.000000
vn 1.000000 0.000000 0.000000
vn 1.000000 0.000000 0.000000
vn -1.000000 0.000000 0.000000
vn -1.000000 0.000000 0.000000
vn -1.000000 0.000000 0.000000
vn -1.000000 0.000000 0.000000
vn 0.000000 0.707107 0.707107
vn 0.000000 0.707107 0.707107
vn 0.000000 0.707107 0.707107
vn 0.000000 0.707107 0.707107
vn 0.000000 0.707107 -0.707107
vn 0.000000 0.707107 -0.707107
vn 0.000000 0.707107 -0.707107
vn 0.000000 0.707107 -0.707107
vn 0.000000 -0.707107 0.707107
vn 0.000000 -0.707107 0.707107
vn 0.000000 -0.707107 0.707107
vn 0.000000 -0.707107 0.707107
vn 0.000000 -0.707107 -0.707107
vn 0.000000 -0.707107 -0.707107
vn 0.000000 -0.707107 -0.707107
vn 0.000000 -0.707107 -0.707107
vn 0.707107 0.000000 0.707107
vn 0.707107 0.000000 0.707107
vn 0.707107 0.000000 0.707107
vn 0.707107 0.000000 0.707107
vn 0.707107 0.000000 -0.707107
vn 0.707107 0.000000 -0.707107
vn 0.707107 0.000000 -0.707107
vn 0.707107 0.000000 -0.707107
vn -0.707107 0.000000 0.707107
vn -0.707107 0.000000 0.707107
vn -0.707107 0.000000 0.707107
vn -0.707107 0.000000 0.707107
vn -0.707107 0.000000 -0.707107
vn -0.707107 0.000000 -0.707107
vn -0.707107 0.000000 -0.707107
vn -0.707107 0.000000 -0.707107
vn 0.707107 0.707107 0.000000
vn 0.707107 0.707107 0.000000
vn 0.707107 0.707107 0.000000
vn 0.707107 0.707107 0.000000
vn 0.707107 -0.707107 0.000000
vn 0.707107 -0.707107 0.000000
vn 0.707107 -0.707107 0.000000
vn 0.707107 -0.707107 0.000000
vn -0.707107 0.707107 0.000000
vn -0.707107 0.707107 0.000000
vn -0.707107 0.707107 0.000000
vn -0.707107 0.707107 0.000000
vn -0.707107 -0.707107 0.000000
vn -0.707107 -0.707107 0.000000
vn -0.707107 -0.707107 0.000000
vn -0.707107 -0.707107 0.000000
vn -0.577350 -0.577350 -0.577350
vn -0.577350 -0.577350 -0.577350
vn -0.577350 -0.577350 -0.577350
vn -0.577350 -0.577350 0.577350
vn -0.577350 -0.577350 0.577350
vn -0.577350 -0.577350 0.577350
vn -0.577350 0.577350 -0.577350
vn -0.577350 0.577350 -0.577350
vn -0.577350 0.577350 -0.577350
vn -0.577350 0.577350 0.577350
vn -0.577350 0.577350 0.577350
vn -0.577350 0.577350 0.577350
vn 0.577350 -0.577350 -0.577350
vn 0.577350 -0.577350 -0.577350
vn 0.577350 -0.577350 -0.577350
vn 0.577350 -0.577350 0.577350
vn 0.577350 -0.577350 0.577350
vn 0.577350 -0.577350 0.577350
vn 0.577350 0.577350 -0.577350
vn 0.577350 0.577350 -0.577350
vn 0.577350 0.577350 -0.577350
vn 0.577350 0.577350 0.577350
vn 0.577350 0.577350 0.577350
vn 0.577350 0.577350 0.577350
vn 0.000000 0.000000 1.000000
vn 0.000000 0.000000 1.000000
vn 0.000000 0.000000 1.000000
vn 0.000000 0.000000 1.000000
vn 0.000000 0.000000 -1.000000
vn 0.000000 0.000000 -1.000000
vn 0.000000 0.000000 -1.000000
vn 0.000000 0.000000 -1.000000
vn 0.000000 1.000000 0.000000
vn 0.000000 1.000000 0.000000
vn 0.000000 1.000000 0.000000
vn 0.000000 1.000000 0.000000
vn 0.000000 -1.000000 0.000000
vn 0.000000 -1.000000 0.000000
vn 0.000000 -1.000000 0.000000
vn 0.000000 -1.000000 0.000000
vn 1.000000 0.000000 0.000000
vn 1.000000 0.000000 0.000000
vn 1.000000 0.000000 0.000000
vn 1.000000 0.000000 0.000000
vn -1.000000 0.000000 0.000000
vn -1.000000 0.000000 0.000000
vn -1.000000 0.000000 0.000000
vn -1.000000 0.000000 0.000000
vn 0.000000 0.707107 0.707107
vn 0.000000 0.707107 0.707107
vn 0.000000 0.707107 0.707107
vn 0.000000 0.707107 0.707107
vn 0.000000 0.707107 -0.707107
vn 0.000000 0.707107 -0.707107
vn 0.000000 0.707107 -0.707107
vn 0.000000 0.707107 -0.707107
vn 0.000000 -0.707107 0.707107
vn 0.000000 -0.707107 0.707107
vn 0.000000 -0.707107 0.707107
vn 0.000000 -0.707107 0.707107
vn 0.000000 -0.707107 -0.707107
vn 0.000000 -0.707107 -0.707107
vn 0.000000 -0.707107 -0.707107
vn 0.000000 -0.707107 -0.707107
vn 0.707107 0.000000 0.707107
vn 0.707107 0.000000 0.707107
vn 0.707107 0.000000 0.707107
vn 0.707107 0.000000 0.707107
vn 0.707107 0.000000 -0.707107
vn 0.707107 0.000000 -0.707107
vn 0.707107 0.000000 -0.707107
vn 0.707107 0.000000 -0.707107
vn -0.707107 0.000000 0.707107
vn -0.707107 0.000000 0.707107
vn -0.707107 0.000000 0.707107
vn -0.707107 0.000000 0.707107
vn -0.707107 0.000000 -0.707107
vn -0.707107 0.000000 -0.707107
vn -0.707107 0.000000 -0.707107
vn -0.707107 0.000000 -0.707107
vn 0.707107 0.707107 0.000000
vn 0.707107 0.707107 0.000000
vn 0.707107 0.707107 0.000000
vn 0.707107 0.707107 0.000000
vn 0.707107 -0.707107 0.000000
vn 0.707107 -0.707107 0.000000
vn 0.707107 -0.707107 0.000000
vn 0.707107 -0.707107 0.000000
vn -0.707107 0.707107 0.000000
vn -0.707107 0.707107 0.000000
vn -0.707107 0.707107 0.000000
vn -0.707107 0.707107 0.000000
vn -0.707107 -0.707107 0.000000
vn -0.707107 -0.707107 0.000000
vn -0.707107 -0.707107 0.000000
vn -0.707107 -0.707107 0.000000
vn -0.577350 -0.577350 -0.577350
vn -0.577350 -0.577350 -0.577350
vn -0.577350 -0.577350 -0.577350
vn -0.577350 -0.577350 0.577350
vn -0.577350 -0.577350 0.577350
vn -0.577350 -0.577350 0.577350
vn -0.577350 0.577350 -0.577350
vn -0.577350 0.577350 -0.577350
vn -0.577350 0.577350 -0.577350
vn -0.577350 0.577350 0.577350
vn -0.577350 0.577350 0.577350
vn -0.577350 0.577350 0.577350
vn 0.577350 -0.577350 -0.577350
vn 0.577350 -0.577350 -0.577350
vn 0.577350 -0.577350 -0.577350
vn 0.577350 -0.577350 0.577350
vn 0.577350 -0.577350 0.577350
vn 0.577350 -0.577350 0.577350
vn 0.577350 0.577350 -0.577350
vn 0.577350 0.577350 -0.577350
vn 0.577350 0.577350 -0.577350
vn 0.577350 0.577350 0.577350
vn 0.577350 0.577350 0.577350
vn 0.577350 0.577350 0.577350
vn 0.000000 0.000000 1.000000
vn 0.000000 0.000000 1.000000
vn 0.000000 0.000000 1.000000
vn 0.000000 0.000000 1.000000
vn 0.000000 0.000000 -1.000000
vn 0.000000 0.000000 -1.000000
vn 0.000000 0.000000 -1.000000
vn 0.000000 0.000000 -1.000000
vn 0.000000 1.000000 0.000000
vn 0.000000 1.000000 0.000000
vn 0.000000 1.000000 0.000000
vn 0.000000 1.000000 0.000000
vn 0.000000 -1.000000 0.000000
vn 0.000000 -1.000000 0.000000
vn 0.000000 -1.000000 0.000000
vn 0.000000 -1.000000 0.000000
vn 1.000000 0.000000 0.000000
vn 1.000000 0.000000 0.000000
vn 1.000000 0.000000 0.000000
vn 1.000000 0.000000 0.000000
vn -1.000000 0.000000 0.000000
vn -1.000000 0.000000 0.000000
vn -1.000000 0.000000 0.000000
vn -1.000000 0.000000 0.000000
vn 0.000000 0.707107 0.707107
vn 0.000000 0.707107 0.707107
vn 0.000000 0.707107 0.707107
vn 0.000000 0.707107 0.707107
vn 0.000000 0.707107 -0.707107
vn 0.000000 0.707107 -0.707107
vn 0.000000 0.707107 -0.707107
vn 0.000000 0.707107 -0.707107
vn 0.000000 -0.707107 0.707107
vn 0.000000 -0.707107 0.707107
vn 0.000000 -0.707107 0.707107
vn 0.000000 -0.707107 0.707107
vn 0.000000 -0.707107 -0.707107
vn 0.000000 -0.707107 -0.707107
vn 0.000000 -0.707107 -0.707107
vn 0.000000 -0.707107 -0.707107
vn 0.707107 0.000000 0.707107
vn 0.707107 0.000000 0.707107
vn 0.707107 0.000000 0.707107
vn 0.707107 0.000000 0.707107
vn 0.707107 0.000000 -0.707107
vn 0.707107 0.000000 -0.707107
vn 0.707107 0.000000 -0.707107
vn 0.707107 0.000000 -0.707107
vn -0.707107 0.000000 0.707107
vn -0.707107 0.000000 0.707107
vn -0.707107 0.000000 0.707107
vn -0.707107 0.000000 0.707107
vn -0.707107 0.000000 -0.707107
vn -0.707107 0.000000 -0.707107
vn -0.707107 0.000000 -0.707107
vn -0.707107 0.000000 -0.707107
vn 0.707107 0.707107 0.000000
vn 0.707107 0.707107 0.000000
vn 0.707107 0.707107 0.000000
vn 0.707107 0.707107 0.000000
vn 0.707107 -0.707107 0.000000
vn 0.707107 -0.707107 0.000000
vn 0.707107 -0.707107 0.000000
vn 0.707107 -0.707107 0.000000
vn -0.707107 0.707107 0.000000
vn -0.707107 0.707107 0.000000
vn -0.707107 0.707107 0.000000
vn -0.707107 0.707107 0.000000
vn -0.707107 -0.707107 0.000000
vn -0.707107 -0.707107 0.000000
vn -0.707107 -0.707107 0.000000
vn -0.707107 -0.707107 0.000000
vn -0.577350 -0.577350 -0.577350
vn -0.577350 -0.577350 -0.577350
vn -0.577350 -0.577350 -0.577350
vn -0.577350 -0.577350 0.577350
vn -0.577350 -0.577350 0.577350
vn -0.577350 -0.577350 0.577350
vn -0.577350 0.577350 -0.577350
vn -0.577350 0.577350 -0.577350
vn -0.577350 0.577350 -0.577350
vn -0.577350 0.577350 0.577350
vn -0.577350 0.577350 0.577350
vn -0.577350 0.577350 0.577350
vn 0.577350 -0.577350 -0.577350
vn 0.577350 -0.577350 -0.577350
vn 0.577350 -0.577350 -0.577350
vn 0.577350 -0.577350 0.577350
vn 0.577350 -0.577350 0.577350
vn 0.577350 -0.577350 0.577350
vn 0.577350 0.577350 -0.577350
vn 0.577350 0.577350 -0.577350
vn 0.577350 0.577350 -0.577350
vn 0.577350 0.577350 0.577350
vn 0.577350 0.577350 0.577350
vn 0.577350 0.577350 0.577350
vn 0.000000 0.000000 1.000000
vn 0.000000 0.000000 1.000000
vn 0.000000 0.000000 1.000000
vn 0.000000 0.000000 1.000000
vn 0.000000 0.000000 -1.000000
vn 0.000000 0.000000 -1.000000
vn 0.000000 0.000000 -1.000000
vn 0.000000 0.000000 -1.000000
vn 0.000000 1.000000 0.000000
vn 0.000000 1.000000 0.000000
vn 0.000000 1.000000 0.000000
vn 0.000000 1.000000 0.000000
vn 0.000000 -1.000000 0.000000
vn 0.000000 -1.000000 0.000000
vn 0.000000 -1.000000 0.000000
vn 0.000000 -1.000000 0.000000
vn 1.000000 0.000000 0.000000
vn 1.000000 0.000000 0.000000
vn 1.000000 0.000000 0.000000
vn 1.000000 0.000000 0.000000
vn -1.000000 0.000000 0.000000
vn -1.000000 0.000000 0.000000
vn -1.000000 0.000000 0.000000
vn -1.000000 0.000000 0.000000
vn 0.000000 0.707107 0.707107
vn 0.000000 0.707107 0.707107
vn 0.000000 0.707107 0.707107
vn 0.000000 0.707107 0.707107
vn 0.000000 0.707107 -0.707107
vn 0.000000 0.707107 -0.707107
vn 0.000000 0.707107 -0.707107
vn 0.000000 0.707107 -0.707107
vn 0.000000 -0.707107 0.707107
vn 0.000000 -0.707107 0.707107
vn 0.000000 -0.707107 0.707107
vn 0.000000 -0.707107 0.707107
vn 0.000000 -0.707107 -0.707107
vn 0.000000 -0.707107 -0.707107
vn 0.000000 -0.707107 -0.707107
vn 0.000000 -0.707107 -0.707107
vn 0.707107 0.000000 0.707107
vn 0.707107 0.000000 0.707107
vn 0.707107 0.000000 0.707107
vn 0.707107 0.000000 0.707107
vn 0.707107 0.000000 -0.707107
vn 0.707107 0.000000 -0.707107
vn 0.707107 0.000000 -0.707107
vn 0.707107 0.000000 -0.707107
vn -0.707107 0.000000 0.707107
vn -0.707107 0.000000 0.707107
vn -0.707107 0.000000 0.707107
vn -0.707107 0.000000 0.707107
vn -0.707107 0.000000 -0.707107
vn -0.707107 0.000000 -0.707107
vn -0.707107 0.000000 -0.707107
vn -0.707107 0.000000 -0.707107
vn 0.707107 0.707107 0.000000
vn 0.707107 0.707107 0.000000
vn 0.707107 0.707107 0.000000
vn 0.707107 0.707107 0.000000
vn 0.707107 -0.707107 0.000000
vn 0.707107 -0.707107 0.000000
vn 0.707107 -0.707107 0.000000
vn 0.707107 -0.707107 0.000000
vn -0.707107 0.707107 0.000000
vn -0.707107 0.707107 0.000000
vn -0.707107 0.707107 0.000000
vn -0.707107 0.707107 0.000000
vn -0.707107 -0.707107 0.000000
vn -0.707107 -0.707107 0.000000
vn -0.707107 -0.707107 0.000000
vn -0.707107 -0.707107 0.000000
vn -0.577350 -0.577350 -0.577350
vn -0.577350 -0.577350 -0.577350
vn -0.577350 -0.577350 -0.577350
vn -0.577350 -0.577350 0.577350
vn -0.577350 -0.577350 0.577350
vn -0.577350 -0.577350 0.577350
vn -0.577350 0.577350 -0.577350
vn -0.577350 0.577350 -0.577350
vn -0.577350 0.577350 -0.577350
vn -0.577350 0.577350 0.577350
vn -0.577350 0.577350 0.577350
vn -0.577350 0.577350 0.577350
vn 0.577350 -0.577350 -0.577350
vn 0.577350 -0.577350 -0.577350
vn 0.577350 -0.577350 -0.577350
vn 0.577350 -0.577350 0.577350
vn 0.577350 -0.577350 0.577350
vn 0.577350 -0.577350 0.577350
vn 0.577350 0.577350 -0.577350
vn 0.577350 0.577350 -0.577350
vn 0.577350 0.577350 -0.577350
vn 0.577350 0.577350 0.577350
vn 0.577350 0.577350 0.577350
vn 0.577350 0.577350 0.577350
vn 0.000000 0.000000 1.000000
vn 0.000000 0.000000 1.000000
vn 0.000000 0.000000 1.000000
vn 0.000000 0.000000 1.000000
vn 0.000000 0.000000 -1.000000
vn 0.000000 0.000000 -1.000000
vn 0.000000 0.000000 -1.000000
vn 0.000000 0.000000 -1.000000
vn 0.000000 1.000000 0.000000
vn 0.000000 1.000000 0.000000
vn 0.000000 1.000000 0.000000
vn 0.000000 1.000000 0.000000
vn 0.000000 -1.000000 0.000000
vn 0.000000 -1.000000 0.000000
vn 0.000000 -1.000000 0.000000
vn 0.000000 -1.000000 0.000000
vn 1.000000 0.000000 0.000000
vn 1.000000 0.000000 0.000000
vn 1.000000 0.000000 0.000000
vn 1.000000 0.000000 0.000000
vn -1.000000 0.000000 0.000000
vn -1.000000 0.000000 0.000000
vn -1.000000 0.000000 0.000000
vn -1.000000 0.000000 0.000000
vn 0.000000 0.707107 0.707107
vn 0.000000 0.707107 0.707107
vn 0.000000 0.707107 0.707107
vn 0.000000 0.707107 0.707107
vn 0.000000 0.707107 -0.707107
vn 0.000000 0.707107 -0.707107
vn 0.000000 0.707107 -0.707107
vn 0.000000 0.707107 -0.707107
vn 0.000000 -0.707107 0.707107
vn 0.000000 -0.707107 0.707107
vn 0.000000 -0.707107 0.707107
vn 0.000000 -0.707107 0.707107
vn 0.000000 -0.707107 -0.707107
vn 0.000000 -0.707107 -0.707107
vn 0.000000 -0.707107 -0.707107
vn 0.000000 -0.707107 -0.707107
vn 0.707107 0.000000 0.707107
vn 0.707107 0.000000 0.707107
vn 0.707107 0.000000 0.707107
vn 0.707107 0.000000 0.707107
vn 0.707107 0.000000 -0.707107
vn 0.707107 0.000000 -0.707107
vn 0.707107 0.000000 -0.707107
vn 0.707107 0.000000 -0.707107
vn -0.707107 0.000000 0.707107
vn -0.707107 0.000000 0.707107
vn -0.707107 0.000000 0.707107
vn -0.707107 0.000000 0.707107
vn -0.707107 0.000000 -0.707107
vn -0.707107 0.000000 -0.707107
vn -0.707107 0.000000 -0.707107
vn -0.707107 0.000000 -0.707107
vn 0.707107 0.707107 0.000000
vn 0.707107 0.707107 0.000000
vn 0.707107 0.707107 0.000000
vn 0.707107 0.707107 0.000000
vn 0.707107 -0.707107 0.000000
vn 0.707107 -0.707107 0.000000
vn 0.707107 -0.707107 0.000000
vn 0.707107 -0.707107 0.000000
vn -0.707107 0.707107 0.000000
vn -0.707107 0.707107 0.000000
vn -0.707107 0.707107 0.000000
vn -0.707107 0.707107 0.000000
vn -0.707107 -0.707107 0.000000
vn -0.707107 -0.707107 0.000000
vn -0.707107 -0.707107 0.000000
vn -0.707107 -0.707107 0.000000
vn -0.577350 -0.577350 -0.577350
vn -0.577350 -0.577350 -0.577350
vn -0.577350 -0.577350 -0.577350
vn -0.577350 -0.577350 0.577350
vn -0.577350 -0.577350 0.577350
vn -0.577350 -0.577350 0.577350
vn -0.577350 0.577350 -0.577350
vn -0.577350 0.577350 -0.577350
vn -0.577350 0.577350 -0.577350
vn -0.577350 0.577350 0.577350
vn -0.577350 0.577350 0.577350
vn -0.577350 0.577350 0.577350
vn 0.577350 -0.577350 -0.577350
vn 0.577350 -0.577350 -0.577350
vn 0.577350 -0.577350 -0.577350
vn 0.577350 -0.577350 0.577350
vn 0.577350 -0.577350 0.577350
vn 0.577350 -0.577350 0.577350
vn 0.577350 0.577350 -0.577350
vn 0.577350 0.577350 -0.577350
vn 0.577350 0.577350 -0.577350
vn 0.577350 0.577350 0.577350
vn 0.577350 0.577350 0.577350
vn 0.577350 0.577350 0.577350
vn 0.000000 0.000000 1.000000
vn 0.000000 0.000000 1.000000
vn 0.000000 0.000000 1.000000
vn 0.000000 0.000000 1.000000
vn 0.000000 0.000000 -1.000000
vn 0.000000 0.000000 -1.000000
vn 0.000000 0.000000 -1.000000
vn 0.000000 0.000000 -1.000000
vn 0.000000 1.000000 0.000000
vn 0.000000 1.000000 0.000000
vn 0.000000 1.000000 0.000000
vn 0.000000 1.000000 0.000000
vn 0.000000 -1.000000 0.000000
vn 0.000000 -1.000000 0.000000
vn 0.000000 -1.000000 0.000000
vn 0.000000 -1.000000 0.000000
vn 1.000000 0.000000 0.000000
vn 1.000000 0.000000 0.000000
vn 1.000000 0.000000 0.000000
vn 1.000000 0.000000 0.000000
vn -1.000000 0.000000 0.000000
vn -1.000000 0.000000 0.000000
vn -1.000000 0.000000 0.000000
vn -1.000000 0.000000 0.000000
vn 0.000000 0.707107 0.707107
vn 0.000000 0.707107 0.707107
vn 0.000000 0.707107 0.707107
vn 0.000000 0.707107 0.707107
vn 0.000000 0.707107 -0.707107
vn 0.000000 0.707107 -0.707107
vn 0.000000 0.707107 -0.707107
vn 0.000000 0.707107 -0.707107
vn 0.000000 -0.707107 0.707107
vn 0.000000 -0.707107 0.707107
vn 0.000000 -0.707107 0.707107
vn 0.000000 -0.707107 0.707107
vn 0.000000 -0.707107 -0.707107
vn 0.000000 -0.707107 -0.707107
vn 0.000000 -0.707107 -0.707107
vn 0.000000 -0.707107 -0.707107
vn 0.707107 0.000000 0.707107
vn 0.707107 0.000000 0.707107
vn 0.707107 0.000000 0.707107
vn 0.707107 0.000000 0.707107
vn 0.707107 0.000000 -0.707107
vn 0.707107 0.000000 -0.707107
vn 0.707107 0.000000 -0.707107
vn 0.707107 0.000000 -0.707107
vn -0.707107 0.000000 0.707107
vn -0.707107 0.000000 0.707107
vn -0.707107 0.000000 0.707107
vn -0.707107 0.000000 0.707107
vn -0.707107 0.000000 -0.707107
vn -0.707107 0.000000 -0.707107
vn -0.707107 0.000000 -0.707107
vn -0.707107 0.000000 -0.707107
vn 0.707107 0.707107 0.000000
vn 0.707107 0.707107 0.000000
vn 0.707107 0.707107 0.000000
vn 0.707107 0.707107 0.000000
vn 0.707107 -0.707107 0.000000
vn 0.707107 -0.707107 0.000000
vn 0.707107 -0.707107 0.000000
vn 0.707107 -0.707107 0.000000
vn -0.707107 0.707107 0.000000
vn -0.707107 0.707107 0.000000
vn -0.707107 0.707107 0.000000
vn -0.707107 0.707107 0.000000
vn -0.707107 -0.707107 0.000000
vn -0.707107 -0.707107 0.000000
vn -0.707107 -0.707107 0.000000
vn -0.707107 -0.707107 0.000000
vn -0.577350 -0.577350 -0.577350
vn -0.577350 -0.577350 -0.577350
vn -0.577350 -0.577350 -0.577350
vn -0.577350 -0.577350 0.577350
vn -0.577350 -0.577350 0.577350
vn -0.577350 -0.577350 0.577350
vn -0.577350 0.577350 -0.577350
vn -0.577350 0.577350 -0.577350
vn -0.577350 0.577350 -0.577350
vn -0.577350 0.577350 0.577350
vn -0.577350 0.577350 0.577350
vn -0.577350 0.577350 0.577350
vn 0.577350 -0.577350 -0.577350
vn 0.577350 -0.577350 -0.577350
vn 0.577350 -0.577350 -0.577350
vn 0.577350 -0.577350 0.577350
vn 0.577350 -0.577350 0.577350
vn 0.577350 -0.577350 0.577350
vn 0.577350 0.577350 -0.577350
vn 0.577350 0.577350 -0.577350
vn 0.577350 0.577350 -0.577350
vn 0.577350 0.577350 0.577350
vn 0.577350 0.577350 0.577350
vn 0.577350 0.577350 0.577350
vn 0.000000 0.000000 1.000000
vn 0.000000 0.000000 1.000000
vn 0.000000 0.000000 1.000000
vn 0.000000 0.000000 1.000000
vn 0.000000 0.000000 -1.000000
vn 0.000000 0.000000 -1.000000
vn 0.000000 0.000000 -1.000000
vn 0.000000 0.000000 -1.000000
vn 0.000000 1.000000 0.000000
vn 0.000000 1.000000 0.000000
vn 0.000000 1.000000 0.000000
vn 0.000000 1.000000 0.000000
vn 0.000000 -1.000000 0.000000
vn 0.000000 -1.000000 0.000000
vn 0.000000 -1.000000 0.000000
vn 0.000000 -1.000000 0.000000
vn 1.000000 0.000000 0.000000
vn 1.000000 0.000000 0.000000
vn 1.000000 0.000000 0.000000
vn 1.000000 0.000000 0.000000
vn -1.000000 0.000000 0.000000
vn -1.000000 0.000000 0.000000
vn -1.000000 0.000000 0.000000
vn -1.000000 0.000000 0.000000
vn 0.000000 0.707107 0.707107
vn 0.000000 0.707107 0.707107
vn 0.000000 0.707107 0.707107
vn 0.000000 0.707107 0.707107
vn 0.000000 0.707107 -0.707107
vn 0.000000 0.707107 -0.707107
vn 0.000000 0.707107 -0.707107
vn 0.000000 0.707107 -0.707107
vn 0.000000 -0.707107 0.707107
vn 0.000000 -0.707107 0.707107
vn 0.000000 -0.707107 0.707107
vn 0.000000 -0.707107 0.707107
vn 0.000000 -0.707107 -0.707107
vn 0.000000 -0.707107 -0.707107
vn 0.000000 -0.707107 -0.707107
vn 0.000000 -0.707107 -0.707107
vn 0.707107 0.000000 0.707107
vn 0.707107 0.000000 0.707107
vn 0.707107 0.000000 0.707107
vn 0.707107 0.000000 0.707107
vn 0.707107 0.000000 -0.707107
vn 0.707107 0.000000 -0.707107
vn 0.707107 0.000000 -0.707107
vn 0.707107 0.000000 -0.707107
vn -0.707107 0.000000 0.707107
vn -0.707107 0.000000 0.707107
vn -0.707107 0.000000 0.707107
vn -0.707107 0.000000 0.707107
vn -0.707107 0.000000 -0.707107
vn -0.707107 0.000000 -0.707107
vn -0.707107 0.000000 -0.707107
vn -0.707107 0.000000 -0.707107
vn 0.707107 0.707107 0.000000
vn 0.707107 0.707107 0.000000
vn 0.707107 0.707107 0.000000
vn 0.707107 0.707107 0.000000
vn 0.707107 -0.707107 0.000000
vn 0.707107 -0.707107 0.000000
vn 0.707107 -0.707107 0.000000
vn 0.707107 -0.707107 0.000000
vn -0.707107 0.707107 0.000000
vn -0.707107 0.707107 0.000000
vn -0.707107 0.707107 0.000000
vn -0.707107 0.707107 0.000000
vn -0.707107 -0.707107 0.000000
vn -0.707107 -0.707107 0.000000
vn -0.707107 -0.707107 0.000000
vn -0.707107 -0.707107 0.000000
vn -0.577350 -0.577350 -0.577350
vn -0.577350 -0.577350 -0.577350
vn -0.577350 -0.577350 -0.577350
vn -0.577350 -0.577350 0.577350
vn -0.577350 -0.577350 0.577350
vn -0.577350 -0.577350 0.577350
vn -0.577350 0.577350 -0.577350
vn -0.577350 0.577350 -0.577350
vn -0.577350 0.577350 -0.577350
vn -0.577350 0.577350 0.577350
vn -0.577350 0.577350 0.577350
vn -0.577350 0.577350 0.577350
vn 0.577350 -0.577350 -0.577350
vn 0.577350 -0.577350 -0.577350
vn 0.577350 -0.577350 -0.577350
vn 0.577350 -0.577350 0.577350
vn 0.577350 -0.577350 0.577350
vn 0.577350 -0.577350 0.577350
vn 0.577350 0.577350 -0.577350
vn 0.577350 0.577350 -0.577350
vn 0.577350 0.577350 -0.577350
vn 0.577350 0.577350 0.577350
vn 0.577350 0.577350 0.577350
vn 0.577350 0.577350 0.577350
vn 0.000000 0.000000 1.000000
vn 0.000000 0.000000 1.000000
vn 0.000000 0.000000 1.000000
vn 0.000000 0.000000 1.000000
vn 0.000000 0.000000 -1.000000
vn 0.000000 0.000000 -1.000000
vn 0.000000 0.000000 -1.000000
vn 0.000000 0.000000 -1.000000
vn 0.000000 1.000000 0.000000
vn 0.000000 1.000000 0.000000
vn 0.000000 1.000000 0.000000
vn 0.000000 1.000000 0.000000
vn 0.000000 -1.000000 0.000000
vn 0.000000 -1.000000 0.000000
vn 0.000000 -1.000000 0.000000
vn 0.000000 -1.000000 0.000000
vn 1.000000 0.000000 0.000000
vn 1.000000 0.000000 0.000000
vn 1.000000 0.000000 0.000000
vn 1.000000 0.000000 0.000000
vn -1.000000 0.000000 0.000000
vn -1.000000 0.000000 0.000000
vn -1.000000 0.000000 0.000000
vn -1.000000 0.000000 0.000000
vn 0.000000 0.707107 0.707107
vn 0.000000 0.707107 0.707107
vn 0.000000 0.707107 0.707107
vn 0.000000 0.707107 0.707107
vn 0.000000 0.707107 -0.707107
vn 0.000000 0.707107 -0.707107
vn 0.000000 0.707107 -0.707107
vn 0.000000 0.707107 -0.707107
vn 0.000000 -0.707107 0.707107
vn 0.000000 -0.707107 0.707107
vn 0.000000 -0.707107 0.707107
vn 0.000000 -0.707107 0.707107
vn 0.000000 -0.707107 -0.707107
vn 0.000000 -0.707107 -0.707107
vn 0.000000 -0.707107 -0.707107
vn 0.000000 -0.707107 -0.707107
vn 0.707107 0.000000 0.707107
vn 0.707107 0.000000 0.707107
vn 0.707107 0.000000 0.707107
vn 0.707107 0.000000 0.707107
vn 0.707107 0.000000 -0.707107
vn 0.707107 0.000000 -0.707107
vn 0.707107 0.000000 -0.707107
vn 0.707107 0.000000 -0.707107
vn -0.707107 0.000000 0.707107
vn -0.707107 0.000000 0.707107
vn -0.707107 0.000000 0.707107
vn -0.707107 0.000000 0.707107
vn -0.707107 0.000000 -0.707107
vn -0.707107 0.000000 -0.707107
vn -0.707107 0.000000 -0.707107
vn -0.707107 0.000000 -0.707107
vn 0.707107 0.707107 0.000000
vn 0.707107 0.707107 0.000000
vn 0.707107 0.707107 0.000000
vn 0.707107 0.707107 0.000000
vn 0.707107 -0.707107 0.000000
vn 0.707107 -0.707107 0.000000
vn 0.707107 -0.707107 0.000000
vn 0.707107 -0.707107 0.000000
vn -0.707107 0.707107 0.000000
vn -0.707107 0.707107 0.000000
vn -0.707107 0.707107 0.000000
vn -0.707107 0.707107 0.000000
vn -0.707107 -0.707107 0.000000
vn -0.707107 -0.707107 0.000000
vn -0.707107 -0.707107 0.000000
vn -0.707107 -0.707107 0.000000
vn -0.577350 -0.577350 -0.577350
vn -0.577350 -0.577350 -0.577350
vn -0.577350 -0.577350 -0.577350
vn -0.577350 -0.577350 0.577350
vn -0.577350 -0.577350 0.577350
vn -0.577350 -0.577350 0.577350
vn -0.577350 0.577350 -0.577350
vn -0.577350 0.577350 -0.577350
vn -0.577350 0.577350 -0.577350
vn -0.577350 0.577350 0.577350
vn -0.577350 0.577350 0.577350
vn -0.577350 0.577350 0.577350
vn 0.577350 -0.577350 -0.577350
vn 0.577350 -0.577350 -0.577350
vn 0.577350 -0.577350 -0.577350
vn 0.577350 -0.577350 0.577350
vn 0.577350 -0.577350 0.577350
vn 0.577350 -0.577350 0.577350
vn 0.577350 0.577350 -0.577350
vn 0.577350 0.577350 -0.577350
vn 0.577350 0.577350 -0.577350
vn 0.577350 0.577350 0.577350
vn 0.577350 0.577350 0.577350
vn 0.577350 0.577350 0.577350
vn 0.000000 0.000000 1.000000
vn 0.000000 0.000000 1.000000
vn 0.000000 0.000000 1.000000
vn 0.000000 0.000000 1.000000
vn 0.000000 0.000000 -1.000000
vn 0.000000 0.000000 -1.000000
vn 0.000000 0.000000 -1.000000
vn 0.000000 0.000000 -1.000000
vn 0.000000 1.000000 0.000000
vn 0.000000 1.000000 0.000000
vn 0.000000 1.000000 0.000000
vn 0.000000 1.000000 0.000000
vn 0.000000 -1.000000 0.000000
vn 0.000000 -1.000000 0.000000
vn 0.000000 -1.000000 0.000000
vn 0.000000 -1.000000 0.000000
vn 1.000000 0.000000 0.000000
vn 1.000000 0.000000 0.000000
vn 1.000000 0.000000 0.000000
vn 1.000000 0.000000 0.000000
vn -1.000000 0.000000 0.000000
vn -1.000000 0.000000 0.000000
vn -1.000000 0.000000 0.000000
vn -1.000000 0.000000 0.000000
vn 0.000000 0.707107 0.707107
vn 0.000000 0.707107 0.707107
vn 0.000000 0.707107 0.707107
vn 0.000000 0.707107 0.707107
vn 0.000000 0.707107 -0.707107
vn 0.000000 0.707107 -0.707107
vn 0.000000 0.707107 -0.707107
vn 0.000000 0.707107 -0.707107
vn 0.000000 -0.707107 0.707107
vn 0.000000 -0.707107 0.707107
vn 0.000000 -0.707107 0.707107
vn 0.000000 -0.707107 0.707107
vn 0.000000 -0.707107 -0.707107
vn 0.000000 -0.707107 -0.707107
vn 0.000000 -0.707107 -0.707107
vn 0.000000 -0.707107 -0.707107
vn 0.707107 0.000000 0.707107
vn 0.707107 0.000000 0.707107
vn 0.707107 0.000000 0.707107
vn 0.707107 0.000000 0.707107
vn 0.707107 0.000000 -0.707107
vn 0.707107 0.000000 -0.707107
vn 0.707107 0.000000 -0.707107
vn 0.707107 0.000000 -0.707107
vn -0.707107 0.000000 0.707107
vn -0.707107 0.000000 0.707107
vn -0.707107 0.000000 0.707107
vn -0.707107 0.000000 0.707107
vn -0.707107 0.000000 -0.707107
vn -0.707107 0.000000 -0.707107
vn -0.707107 0.000000 -0.707107
vn -0.707107 0.000000 -0.707107
vn 0.707107 0.707107 0.000000
vn 0.707107 0.707107 0.000000
vn 0.707107 0.707107 0.000000
vn 0.707107 0.707107 0.000000
vn 0.707107 -0.707107 0.000000
vn 0.707107 -0.707107 0.000000
vn 0.707107 -0.707107 0.000000
vn 0.707107 -0.707107 0.000000
vn -0.707107 0.707107 0.000000
vn -0.707107 0.707107 0.000000
vn -0.707107 0.707107 0.000000
vn -0.707107 0.707107 0.000000
vn -0.707107 -0.707107 0.000000
vn -0.707107 -0.707107 0.000000
vn -0.707107 -0.707107 0.000000
vn -0.707107 -0.707107 0.000000
vn -0.577350 -0.577350 -0.577350
vn -0.577350 -0.577350 -0.577350
vn -0.577350 -0.577350 -0.577350
vn -0.577350 -0.577350 0.577350
vn -0.577350 -0.577350 0.577350
vn -0.577350 -0.577350 0.577350
vn -0.577350 0.577350 -0.577350
vn -0.577350 0.577350 -0.577350
vn -0.577350 0.577350 -0.577350
vn -0.577350 0.577350 0.577350
vn -0.577350 0.577350 0.577350
vn -0.577350 0.577350 0.577350
vn 0.577350 -0.577350 -0.577350
vn 0.577350 -0.577350 -0.577350
vn 0.577350 -0.577350 -0.577350
vn 0.577350 -0.577350 0.577350
vn 0.577350 -0.577350 0.577350
vn 0.577350 -0.577350 0.577350
vn 0.577350 0.577350 -0.577350
vn 0.577350 0.577350 -0.577350
vn 0.577350 0.577350 -0.577350
vn 0.577350 0.577350 0.577350
vn 0.577350 0.577350 0.577350
vn 0.577350 0.577350 0.577350
vn 0.000000 0.000000 1.000000
vn 0.000000 0.000000 1.000000
vn 0.000000 0.000000 1.000000
vn 0.000000 0.000000 1.000000
vn 0.000000 0.000000 -1.000000
vn 0.000000 0.000000 -1.000000
vn 0.000000 0.000000 -1.000000
vn 0.000000 0.000000 -1.000000
vn 0.000000 1.000000 0.000000
vn 0.000000 1.000000 0.000000
vn 0.000000 1.000000 0.000000
vn 0.000000 1.000000 0.000000
vn 0.000000 -1.000000 0.000000
vn 0.000000 -1.000000 0.000000
vn 0.000000 -1.000000 0.000000
vn 0.000000 -1.000000 0.000000
vn 1.000000 0.000000 0.000000
vn 1.000000 0.000000 0.000000
vn 1.000000 0.000000 0.000000
vn 1.000000 0.000000 0.000000
vn -1.000000 0.000000 0.000000
vn -1.000000 0.000000 0.000000
vn -1.000000 0.000000 0.000000
vn -1.000000 0.000000 0.000000
vn 0.000000 0.707107 0.707107
vn 0.000000 0.707107 0.707107
vn 0.000000 0.707107 0.707107
vn 0.000000 0.707107 0.707107
vn 0.000000 0.707107 -0.707107
vn 0.000000 0.707107 -0.707107
vn 0.000000 0.707107 -0.707107
vn 0.000000 0.707107 -0.707107
vn 0.000000 -0.707107 0.707107
vn 0.000000 -0.707107 0.707107
vn 0.000000 -0.707107 0.707107
vn 0.000000 -0.707107 0.707107
vn 0.000000 -0.707107 -0.707107
vn 0.000000 -0.707107 -0.707107
vn 0.000000 -0.707107 -0.707107
vn 0.000000 -0.707107 -0.707107
vn 0.707107 0.000000 0.707107
vn 0.707107 0.000000 0.707107
vn 0.707107 0.000000 0.707107
vn 0.707107 0.000000 0.707107
vn 0.707107 0.000000 -0.707107
vn 0.707107 0.000000 -0.707107
vn 0.707107 0.000000 -0.707107
vn 0.707107 0.000000 -0.707107
vn -0.707107 0.000000 0.707107
vn -0.707107 0.000000 0.707107
vn -0.707107 0.000000 0.707107
vn -0.707107 0.000000 0.707107
vn -0.707107 0.000000 -0.707107
vn -0.707107 0.000000 -0.707107
vn -0.707107 0.000000 -0.707107
vn -0.707107 0.000000 -0.707107
vn 0.707107 0.707107 0.000000
vn 0.707107 0.707107 0.000000
vn 0.707107 0.707107 0.000000
vn 0.707107 0.707107 0.000000
vn 0.707107 -0.707107 0.000000
vn 0.707107 -0.707107 0.000000
vn 0.707107 -0.707107 0.000000
vn 0.707107 -0.707107 0.000000
vn -0.707107 0.707107 0.000000
vn -0.707107 0.707107 0.000000
vn -0.707107 0.707107 0.000000
vn -0.707107 0.707107 0.000000
vn -0.707107 -0.707107 0.000000
vn -0.707107 -0.707107 0.000000
vn -0.707107 -0.707107 0.000000
vn -0.707107 -0.707107 0.000000
vn -0.577350 -0.577350 -0.577350
vn -0.577350 -0.577350 -0.577350
vn -0.577350 -0.577350 -0.577350
vn -0.577350 -0.577350 0.577350
vn -0.577350 -0.577350 0.577350
vn -0.577350 -0.577350 0.577350
vn -0.577350 0.577350 -0.577350
vn -0.577350 0.577350 -0.577350
vn -0.577350 0.577350 -0.577350
vn -0.577350 0.577350 0.577350
vn -0.577350 0.577350 0.577350
vn -0.577350 0.577350 0.577350
vn 0.577350 -0.577350 -0.577350
vn 0.577350 -0.577350 -0.577350
vn 0.577350 -0.577350 -0.577350
vn 0.577350 -0.577350 0.577350
vn 0.577350 -0.577350 0.577350
vn 0.577350 -0.577350 0.577350
vn 0.577350 0.577350 -0.577350
vn 0.577350 0.577350 -0.577350
vn 0.577350 0.577350 -0.577350
vn 0.577350 0.577350 0.577350
vn 0.577350 0.577350 0.577350
vn 0.577350 0.577350 0.577350
vn 0.000000 0.000000 1.000000
vn 0.000000 0.000000 1.000000
vn 0.000000 0.000000 1.000000
vn 0.000000 0.000000 1.000000
vn 0.000000 0.000000 -1.000000
vn 0.000000 0.000000 -1.000000
vn 0.000000 0.000000 -1.000000
vn 0.000000 0.000000 -1.000000
vn 0.000000 1.000000 0.000000
vn 0.000000 1.000000 0.000000
vn 0.000000 1.000000 0.000000
vn 0.000000 1.000000 0.000000
vn 0.000000 -1.000000 0.000000
vn 0.000000 -1.000000 0.000000
vn 0.000000 -1.000000 0.000000
vn 0.000000 -1.000000 0.000000
vn 1.000000 0.000000 0.000000
vn 1.000000 0.000000 0.000000
vn 1.000000 0.000000 0.000000
vn 1.000000 0.000000 0.000000
vn -1.000000 0.000000 0.000000
vn -1.000000 0.000000 0.000000
vn -1.000000 0.000000 0.000000
vn -1.000000 0.000000 0.000000
vn 0.000000 0.707107 0.707107
vn 0.000000 0.707107 0.707107
vn 0.000000 0.707107 0.707107
vn 0.000000 0.707107 0.707107
vn 0.000000 0.707107 -0.707107
vn 0.000000 0.707107 -0.707107
vn 0.000000 0.707107 -0.707107
vn 0.000000 0.707107 -0.707107
vn 0.000000 -0.707107 0.707107
vn 0.000000 -0.707107 0.707107
vn 0.000000 -0.707107 0.707107
vn 0.000000 -0.707107 0.707107
vn 0.000000 -0.707107 -0.707107
vn 0.000000 -0.707107 -0.707107
vn 0.000000 -0.707107 -0.707107
vn 0.000000 -0.707107 -0.707107
vn 0.707107 0.000000 0.707107
vn 0.707107 0.000000 0.707107
vn 0.707107 0.000000 0.707107
vn 0.707107 0.000000 0.707107
vn 0.707107 0.000000 -0.707107
vn 0.707107 0.000000 -0.707107
vn 0.707107 0.000000 -0.707107
vn 0.707107 0.000000 -0.707107
vn -0.707107 0.000000 0.707107
vn -0.707107 0.000000 0.707107
vn -0.707107 0.000000 0.707107
vn -0.707107 0.000000 0.707107
vn -0.707107 0.000000 -0.707107
vn -0.707107 0.000000 -0.707107
vn -0.707107 0.000000 -0.707107
vn -0.707107 0.000000 -0.707107
vn 0.707107 0.707107 0.000000
vn 0.707107 0.707107 0.000000
vn 0.707107 0.707107 0.000000
vn 0.707107 0.707107 0.000000
vn 0.707107 -0.707107 0.000000
vn 0.707107 -0.707107 0.000000
vn 0.707107 -0.707107 0.000000
vn 0.707107 -0.707107 0.000000
vn -0.707107 0.707107 0.000000
vn -0.707107 0.707107 0.000000
vn -0.707107 0.707107 0.000000
vn -0.707107 0.707107 0.000000
vn -0.707107 -0.707107 0.000000
vn -0.707107 -0.707107 0.000000
vn -0.707107 -0.707107 0.000000
vn -0.707107 -0.707107 0.000000
vn -0.577350 -0.577350 -0.577350
vn -0.577350 -0.577350 -0.577350
vn -0.577350 -0.577350 -0.577350
vn -0.577350 -0.577350 0.577350
vn -0.577350 -0.577350 0.577350
vn -0.577350 -0.577350 0.577350
vn -0.577350 0.577350 -0.577350
vn -0.577350 0.577350 -0.577350
vn -0.577350 0.577350 -0.577350
vn -0.577350 0.577350 0.577350
vn -0.577350 0.577350 0.577350
vn -0.577350 0.577350 0.577350
vn 0.577350 -0.577350 -0.577350
vn 0.577350 -0.577350 -0.577350
vn 0.577350 -0.577350 -0.577350
vn 0.577350 -0.577350 0.577350
vn 0.577350 -0.577350 0.577350
vn 0.577350 -0.577350 0.577350
vn 0.577350 0.577350 -0.577350
vn 0.577350 0.577350 -0.577350
vn 0.577350 0.577350 -0.577350
vn 0.577350 0.577350 0.577350
vn 0.577350 0.577350 0.577350
vn 0.577350 0.577350 0.577350
vn 0.000000 0.000000 1.000000
vn 0.000000 0.000000 1.000000
vn 0.000000 0.000000 1.000000
vn 0.000000 0.000000 1.000000
vn 0.000000 0.000000 -1.000000
vn 0.000000 0.000000 -1.000000
vn 0.000000 0.000000 -1.000000
vn 0.000000 0.000000 -1.000000
vn 0.000000 1.000000 0.000000
vn 0.000000 1.000000 0.000000
vn 0.000000 1.000000 0.000000
vn 0.000000 1.000000 0.000000
vn 0.000000 -1.000000 0.000000
vn 0.000000 -1.000000 0.000000
vn 0.000000 -1.000000 0.000000
vn 0.000000 -1.000000 0.000000
vn 1.000000 0.000000 0.000000
vn 1.000000 0.000000 0.000000
vn 1.000000 0.000000 0.000000
vn 1.000000 0.000000 0.000000
vn -1.000000 0.000000 0.000000
vn -1.000000 0.000000 0.000000
vn -1.000000 0.000000 0.000000
vn -1.000000 0.000000 0.000000
vn 0.000000 0.707107 0.707107
vn 0.000000 0.707107 0.707107
vn 0.000000 0.707107 0.707107
vn 0.000000 0.707107 0.707107
vn 0.000000 0.707107 -0.707107
vn 0.000000 0.707107 -0.707107
vn 0.000000 0.707107 -0.707107
vn 0.000000 0.707107 -0.707107
vn 0.000000 -0.707107 0.707107
vn 0.000000 -0.707107 0.707107
vn 0.000000 -0.707107 0.707107
vn 0.000000 -0.707107 0.707107
vn 0.000000 -0.707107 -0.707107
vn 0.000000 -0.707107 -0.707107
vn 0.000000 -0.707107 -0.707107
vn 0.000000 -0.707107 -0.707107
vn 0.707107 0.000000 0.707107
vn 0.707107 0.000000 0.707107
vn 0.707107 0.000000 0.707107
vn 0.707107 0.000000 0.707107
vn 0.707107 0.000000 -0.707107
vn 0.707107 0.000000 -0.707107
vn 0.707107 0.000000 -0.707107
vn 0.707107 0.000000 -0.707107
vn -0.707107 0.000000 0.707107
vn -0.707107 0.000000 0.707107
vn -0.707107 0.000000 0.707107
vn -0.707107 0.000000 0.707107
vn -0.707107 0.000000 -0.707107
vn -0.707107 0.000000 -0.707107
vn -0.707107 0.000000 -0.707107
vn -0.707107 0.000000 -0.707107
vn 0.707107 0.707107 0.000000
vn 0.707107 0.707107 0.000000
vn 0.707107 0.707107 0.000000
vn 0.707107 0.707107 0.000000
vn 0.707107 -0.707107 0.000000
vn 0.707107 -0.707107 0.000000
vn 0.707107 -0.707107 0.000000
vn 0.707107 -0.707107 0.000000
vn -0.707107 0.707107 0.000000
vn -0.707107 0.707107 0.000000
vn -0.707107 0.707107 0.000000
vn -0.707107 0.707107 0.000000
vn -0.707107 -0.707107 0.000000
vn -0.707107 -0.707107 0.000000
vn -0.707107 -0.707107 0.000000
vn -0.707107 -0.707107 0.000000
vn -0.577350 -0.577350 -0.577350
vn -0.577350 -0.577350 -0.577350
vn -0.577350 -0.577350 -0.577350
vn -0.577350 -0.577350 0.577350
vn -0.577350 -0.577350 0.577350
vn -0.577350 -0.577350 0.577350
vn -0.577350 0.577350 -0.577350
vn -0.577350 0.577350 -0.577350
vn -0.577350 0.577350 -0.577350
vn -0.577350 0.577350 0.577350
vn -0.577350 0.577350 0.577350
vn -0.577350 0.577350 0.577350
vn 0.577350 -0.577350 -0.577350
vn 0.577350 -0.577350 -0.577350
vn 0.577350 -0.577350 -0.577350
vn 0.577350 -0.577350 0.577350
vn 0.577350 -0.577350 0.577350
vn 0.577350 -0.577350 0.577350
vn 0.577350 0.577350 -0.577350
vn 0.577350 0.577350 -0.577350
vn 0.577350 0.577350 -0.577350
vn 0.577350 0.577350 0.577350
vn 0.577350 0.577350 0.577350
vn 0.577350 0.577350 0.577350
vn 0.000000 0.000000 1.000000
vn 0.000000 0.000000 1.000000
vn 0.000000 0.000000 1.000000
vn 0.000000 0.000000 1.000000
vn 0.000000 0.000000 -1.000000
vn 0.000000 0.000000 -1.000000
vn 0.000000 0.000000 -1.000000
vn 0.000000 0.000000 -1.000000
vn 0.000000 1.000000 0.000000
vn 0.000000 1.000000 0.000000
vn 0.000000 1.000000 0.000000
vn 0.000000 1.000000 0.000000
vn 0.000000 -1.000000 0.000000
vn 0.000000 -1.000000 0.000000
vn 0.000000 -1.000000 0.000000
vn 0.000000 -1.000000 0.000000
vn 1.000000 0.000000 0.000000
vn 1.000000 0.000000 0.000000
vn 1.000000 0.000000 0.000000
vn 1.000000 0.000000 0.000000
vn -1.000000 0.000000 0.000000
vn -1.000000 0.000000 0.000000
vn -1.000000 0.000000 0.000000
vn -1.000000 0.000000 0.000000
vn 0.000000 0.707107 0.707107
vn 0.000000 0.707107 0.707107
vn 0.000000 0.707107 0.707107
vn 0.000000 0.707107 0.707107
vn 0.000000 0.707107 -0.707107
vn 0.000000 0.707107 -0.707107
vn 0.000000 0.707107 -0.707107
vn 0.000000 0.707107 -0.707107
vn 0.000000 -0.707107 0.707107
vn 0.000000 -0.707107 0.707107
vn 0.000000 -0.707107 0.707107
vn 0.000000 -0.707107 0.707107
vn 0.000000 -0.707107 -0.707107
vn 0.000000 -0.707107 -0.707107
vn 0.000000 -0.707107 -0.707107
vn 0.000000 -0.707107 -0.707107
vn 0.707107 0.000000 0.707107
vn 0.707107 0.000000 0.707107
vn 0.707107 0.000000 0.707107
vn 0.707107 0.000000 0.707107
vn 0.707107 0.000000 -0.707107
vn 0.707107 0.000000 -0.707107
vn 0.707107 0.000000 -0.707107
vn 0.707107 0.000000 -0.707107
vn -0.707107 0.000000 0.707107
vn -0.707107 0.000000 0.707107
vn -0.707107 0.000000 0.707107
vn -0.707107 0.000000 0.707107
vn -0.707107 0.000000 -0.707107
vn -0.707107 0.000000 -0.707107
vn -0.707107 0.000000 -0.707107
vn -0.707107 0.000000 -0.707107
vn 0.707107 0.707107 0.000000
vn 0.707107 0.707107 0.000000
vn 0.707107 0.707107 0.000000
vn 0.707107 0.707107 0.000000
vn 0.707107 -0.707107 0.000000
vn 0.707107 -0.707107 0.000000
vn 0.707107 -0.707107 0.000000
vn 0.707107 -0.707107 0.000000
vn -0.707107 0.707107 0.000000
vn -0.707107 0.707107 0.000000
vn -0.707107 0.707107 0.000000
vn -0.707107 0.707107 0.000000
vn -0.707107 -0.707107 0.000000
vn -0.707107 -0.707107 0.000000
vn -0.707107 -0.707107 0.000000
vn -0.707107 -0.707107 0.000000
vn -0.577350 -0.577350 -0.577350
vn -0.577350 -0.577350 -0.577350
vn -0.577350 -0.577350 -0.577350
vn -0.577350 -0.577350 0.577350
vn -0.577350 -0.577350 0.577350
vn -0.577350 -0.577350 0.577350
vn -0.577350 0.577350 -0.577350
vn -0.577350 0.577350 -0.577350
vn -0.577350 0.577350 -0.577350
vn -0.577350 0.577350 0.577350
vn -0.577350 0.577350 0.577350
vn -0.577350 0.577350 0.577350
vn 0.577350 -0.577350 -0.577350
vn 0.577350 -0.577350 -0.577350
vn 0.577350 -0.577350 -0.577350
vn 0.577350 -0.577350 0.577350
vn 0.577350 -0.577350 0.577350
vn 0.577350 -0.577350 0.577350
vn 0.577350 0.577350 -0.577350
vn 0.577350 0.577350 -0.577350
vn 0.577350 0.577350 -0.577350
vn 0.577350 0.577350 0.577350
vn 0.577350 0.577350 0.577350
vn 0.577350 0.577350 0.577350
vn 0.000000 0.000000 1.000000
vn 0.000000 0.000000 1.000000
vn 0.000000 0.000000 1.000000
vn 0.000000 0.000000 1.000000
vn 0.000000 0.000000 -1.000000
vn 0.000000 0.000000 -1.000000
vn 0.000000 0.000000 -1.000000
vn 0.000000 0.000000 -1.000000
vn 0.000000 1.000000 0.000000
vn 0.000000 1.000000 0.000000
vn 0.000000 1.000000 0.000000
vn 0.000000 1.000000 0.000000
vn 0.000000 -1.000000 0.000000
vn 0.000000 -1.000000 0.000000
vn 0.000000 -1.000000 0.000000
vn 0.000000 -1.000000 0.000000
vn 1.000000 0.000000 0.000000
vn 1.000000 0.000000 0.000000
vn 1.000000 0.000000 0.000000
vn 1.000000 0.000000 0.000000
vn -1.000000 0.000000 0.000000
vn -1.000000 0.000000 0.000000
vn -1.000000 0.000000 0.000000
vn -1.000000 0.000000 0.000000
vn 0.000000 0.707107 0.707107
vn 0.000000 0.707107 0.707107
vn 0.000000 0.707107 0.707107
vn 0.000000 0.707107 0.707107
vn 0.000000 0.707107 -0.707107
vn 0.000000 0.707107 -0.707107
vn 0.000000 0.707107 -0.707107
vn 0.000000 0.707107 -0.707107
vn 0.000000 -0.707107 0.707107
vn 0.000000 -0.707107 0.707107
vn 0.000000 -0.707107 0.707107
vn 0.000000 -0.707107 0.707107
vn 0.000000 -0.707107 -0.707107
vn 0.000000 -0.707107 -0.707107
vn 0.000000 -0.707107 -0.707107
vn 0.000000 -0.707107 -0.707107
vn 0.707107 0.000000 0.707107
vn 0.707107 0.000000 0.707107
vn 0.707107 0.000000 0.707107
vn 0.707107 0.000000 0.707107
vn 0.707107 0.000000 -0.707107
vn 0.707107 0.000000 -0.707107
vn 0.707107 0.000000 -0.707107
vn 0.707107 0.000000 -0.707107
vn -0.707107 0.000000 0.707107
vn -0.707107 0.000000 0.707107
vn -0.707107 0.000000 0.707107
vn -0.707107 0.000000 0.707107
vn -0.707107 0.000000 -0.707107
vn -0.707107 0.000000 -0.707107
vn -0.707107 0.000000 -0.707107
vn -0.707107 0.000000 -0.707107
vn 0.707107 0.707107 0.000000
vn 0.707107 0.707107 0.000000
vn 0.707107 0.707107 0.000000
vn 0.707107 0.707107 0.000000
vn 0.707107 -0.707107 0.000000
vn 0.707107 -0.707107 0.000000
vn 0.707107 -0.707107 0.000000
vn 0.707107 -0.707107 0.000000
vn -0.707107 0.707107 0.000000
vn -0.707107 0.707107 0.000000
vn -0.707107 0.707107 0.000000
vn -0.707107 0.707107 0.000000
vn -0.707107 -0.707107 0.000000
vn -0.707107 -0.707107 0.000000
vn -0.707107 -0.707107 0.000000
vn -0.707107 -0.707107 0.000000
vn -0.577350 -0.577350 -0.577350
vn -0.577350 -0.577350 -0.577350
vn -0.577350 -0.577350 -0.577350
vn -0.577350 -0.577350 0.577350
vn -0.577350 -0.577350 0.577350
vn -0.577350 -0.577350 0.577350
vn -0.577350 0.577350 -0.577350
vn -0.577350 0.577350 -0.577350
vn -0.577350 0.577350 -0.577350
vn -0.577350 0.577350 0.577350
vn -0.577350 0.577350 0.577350
vn -0.577350 0.577350 0.577350
vn 0.577350 -0.577350 -0.577350
vn 0.577350 -0.577350 -0.577350
vn 0.577350 -0.577350 -0.577350
vn 0.577350 -0.577350 0.577350
vn 0.577350 -0.577350 0.577350
vn 0.577350 -0.577350 0.577350
vn 0.577350 0.577350 -0.577350
vn 0.577350 0.577350 -0.577350
vn 0.577350 0.577350 -0.577350
vn 0.577350 0.577350 0.577350
vn 0.577350 0.577350 0.577350
vn 0.577350 0.577350 0.577350
vn 0.000000 0.000000 1.000000
vn 0.000000 0.000000 1.000000
vn 0.000000 0.000000 1.000000
vn 0.000000 0.000000 1.000000
vn 0.000000 0.000000 -1.000000
vn 0.000000 0.000000 -1.000000
vn 0.000000 0.000000 -1.000000
vn 0.000000 0.000000 -1.000000
vn 0.000000 1.000000 0.000000
vn 0.000000 1.000000 0.000000
vn 0.000000 1.000000 0.000000
vn 0.000000 1.000000 0.000000
vn 0.000000 -1.000000 0.000000
vn 0.000000 -1.000000 0.000000
vn 0.000000 -1.000000 0.000000
vn 0.000000 -1.000000 0.000000
vn 1.000000 0.000000 0.000000
vn 1.000000 0.000000 0.000000
vn 1.000000 0.000000 0.000000
vn 1.000000 0.000000 0.000000
vn -1.000000 0.000000 0.000000
vn -1.000000 0.000000 0.000000
vn -1.000000 0.000000 0.000000
vn -1.000000 0.000000 0.000000
vn 0.000000 0.707107 0.707107
vn 0.000000 0.707107 0.707107
vn 0.000000 0.707107 0.707107
vn 0.000000 0.707107 0.707107
vn 0.000000 0.707107 -0.707107
vn 0.000000 0.707107 -0.707107
vn 0.000000 0.707107 -0.707107
vn 0.000000 0.707107 -0.707107
vn 0.000000 -0.707107 0.707107
vn 0.000000 -0.707107 0.707107
vn 0.000000 -0.707107 0.707107
vn 0.000000 -0.707107 0.707107
vn 0.000000 -0.707107 -0.707107
vn 0.000000 -0.707107 -0.707107
vn 0.000000 -0.707107 -0.707107
vn 0.000000 -0.707107 -0.707107
vn 0.707107 0.000000 0.707107
vn 0.707107 0.000000 0.707107
vn 0.707107 0.000000 0.707107
vn 0.707107 0.000000 0.707107
vn 0.707107 0.000000 -0.707107
vn 0.707107 0.000000 -0.707107
vn 0.707107 0.000000 -0.707107
vn 0.707107 0.000000 -0.707107
vn -0.707107 0.000000 0.707107
vn -0.707107 0.000000 0.707107
vn -0.707107 0.000000 0.707107
vn -0.707107 0.000000 0.707107
vn -0.707107 0.000000 -0.707107
vn -0.707107 0.000000 -0.707107
vn -0.707107 0.000000 -0.707107
vn -0.707107 0.000000 -0.707107
vn 0.707107 0.707107 0.000000
vn 0.707107 0.707107 0.000000
vn 0.707107 0.707107 0.000000
vn 0.707107 0.707107 0.000000
vn 0.707107 -0.707107 0.000000
vn 0.707107 -0.707107 0.000000
vn 0.707107 -0.707107 0.000000
vn 0.707107 -0.707107 0.000000
vn -0.707107 0.707107 0.000000
vn -0.707107 0.707107 0.000000
vn -0.707107 0.707107 0.000000
vn -0.707107 0.707107 0.000000
vn -0.707107 -0.707107 0.000000
vn -0.707107 -0.707107 0.000000
vn -0.707107 -0.707107 0.000000
vn -0.707107 -0.707107 0.000000
vn -0.577350 -0.577350 -0.577350
vn -0.577350 -0.577350 -0.577350
vn -0.577350 -0.577350 -0.577350
vn -0.577350 -0.577350 0.577350
vn -0.577350 -0.577350 0.577350
vn -0.577350 -0.577350 0.577350
vn -0.577350 0.577350 -0.577350
vn -0.577350 0.577350 -0.577350
vn -0.577350 0.577350 -0.577350
vn -0.577350 0.577350 0.577350
vn -0.577350 0.577350 0.577350
vn -0.577350 0.577350 0.577350
vn 0.577350 -0.577350 -0.577350
vn 0.577350 -0.577350 -0.577350
vn 0.577350 -0.577350 -0.577350
vn 0.577350 -0.577350 0.577350
vn 0.577350 -0.577350 0.577350
vn 0.577350 -0.577350 0.577350
vn 0.577350 0.577350 -0.577350
vn 0.577350 0.577350 -0.577350
vn 0.577350 0.577350 -0.577350
vn 0.577350 0.577350 0.577350
vn 0.577350 0.577350 0.577350
vn 0.577350 0.577350 0.577350
vn 0.000000 0.000000 1.000000
vn 0.000000 0.000000 1.000000
vn 0.000000 0.000000 1.000000
vn 0.000000 0.000000 1.000000
vn 0.000000 0.000000 -1.000000
vn 0.000000 0.000000 -1.000000
vn 0.000000 0.000000 -1.000000
vn 0.000000 0.000000 -1.000000
vn 0.000000 1.000000 0.000000
vn 0.000000 1.000000 0.000000
vn 0.000000 1.000000 0.000000
vn 0.000000 1.000000 0.000000
vn 0.000000 -1.000000 0.000000
vn 0.000000 -1.000000 0.000000
vn 0.000000 -1.000000 0.000000
vn 0.000000 -1.000000 0.000000
vn 1.000000 0.000000 0.000000
vn 1.000000 0.000000 0.000000
vn 1.000000 0.000000 0.000000
vn 1.000000 0.000000 0.000000
vn -1.000000 0.000000 0.000000
vn -1.000000 0.000000 0.000000
vn -1.000000 0.000000 0.000000
vn -1.000000 0.000000 0.000000
vn 0.000000 0.707107 0.707107
vn 0.000000 0.707107 0.707107
vn 0.000000 0.707107 0.707107
vn 0.000000 0.707107 0.707107
vn 0.000000 0.707107 -0.707107
vn 0.000000 0.707107 -0.707107
vn 0.000000 0.707107 -0.707107
vn 0.000000 0.707107 -0.707107
vn 0.000000 -0.707107 0.707107
vn 0.000000 -0.707107 0.707107
vn 0.000000 -0.707107 0.707107
vn 0.000000 -0.707107 0.707107
vn 0.000000 -0.707107 -0.707107
vn 0.000000 -0.707107 -0.707107
vn 0.000000 -0.707107 -0.707107
vn 0.000000 -0.707107 -0.707107
vn 0.707107 0.000000 0.707107
vn 0.707107 0.000000 0.707107
vn 0.707107 0.000000 0.707107
vn 0.707107 0.000000 0.707107
vn 0.707107 0.000000 -0.707107
vn 0.707107 0.000000 -0.707107
vn 0.707107 0.000000 -0.707107
vn 0.707107 0.000000 -0.707107
vn -0.707107 0.000000 0.707107
vn -0.707107 0.000000 0.707107
vn -0.707107 0.000000 0.707107
vn -0.707107 0.000000 0.707107
vn -0.707107 0.000000 -0.707107
vn -0.707107 0.000000 -0.707107
vn -0.707107 0.000000 -0.707107
vn -0.707107 0.000000 -0.707107
vn 0.707107 0.707107 0.000000
vn 0.707107 0.707107 0.000000
vn 0.707107 0.707107 0.000000
vn 0.707107 0.707107 0.000000
vn 0.707107 -0.707107 0.000000
vn 0.707107 -0.707107 0.000000
vn 0.707107 -0.707107 0.000000
vn 0.707107 -0.707107 0.000000
vn -0.707107 0.707107 0.000000
vn -0.707107 0.707107 0.000000
vn -0.707107 0.707107 0.000000
vn -0.707107 0.707107 0.000000
vn -0.707107 -0.707107 0.000000
vn -0.707107 -0.707107 0.000000
vn -0.707107 -0.707107 0.000000
vn -0.707107 -0.707107 0.000000
vn -0.577350 -0.577350 -0.577350
vn -0.577350 -0.577350 -0.577350
vn -0.577350 -0.577350 -0.577350
vn -0.577350 -0.577350 0.577350
vn -0.577350 -0.577350 0.577350
vn -0.577350 -0.577350 0.577350
vn -0.577350 0.577350 -0.577350
vn -0.577350 0.577350 -0.577350
vn -0.577350 0.577350 -0.577350
vn -0.577350 0.577350 0.577350
vn -0.577350 0.577350 0.577350
vn -0.577350 0.577350 0.577350
vn 0.577350 -0.577350 -0.577350
vn 0.577350 -0.577350 -0.577350
vn 0.577350 -0.577350 -0.577350
vn 0.577350 -0.577350 0.577350
vn 0.577350 -0.577350 0.577350
vn 0.577350 -0.577350 0.577350
vn 0.577350 0.577350 -0.577350
vn 0.577350 0.577350 -0.577350
vn 0.577350 0.577350 -0.577350
vn 0.577350 0.577350 0.577350
vn 0.577350 0.577350 0.577350
vn 0.577350 0.577350 0.577350
vn 0.000000 0.000000 1.000000
vn 0.000000 0.000000 1.000000
vn 0.000000 0.000000 1.000000
vn 0.000000 0.000000 1.000000
vn 0.000000 0.000000 -1.000000
vn 0.000000 0.000000 -1.000000
vn 0.000000 0.000000 -1.000000
vn 0.000000 0.000000 -1.000000
vn 0.000000 1.000000 0.000000
vn 0.000000 1.000000 0.000000
vn 0.000000 1.000000 0.000000
vn 0.000000 1.000000 0.000000
vn 0.000000 -1.000000 0.000000
vn 0.000000 -1.000000 0.000000
vn 0.000000 -1.000000 0.000000
vn 0.000000 -1.000000 0.000000
vn 1.000000 0.000000 0.000000
vn 1.000000 0.000000 0.000000
vn 1.000000 0.000000 0.000000
vn 1.000000 0.000000 0.000000
vn -1.000000 0.000000 0.000000
vn -1.000000 0.000000 0.000000
vn -1.000000 0.000000 0.000000
vn -1.000000 0.000000 0.000000
vn 0.000000 0.707107 0.707107
vn 0.000000 0.707107 0.707107
vn 0.000000 0.707107 0.707107
vn 0.000000 0.707107 0.707107
vn 0.000000 0.707107 -0.707107
vn 0.000000 0.707107 -0.707107
vn 0.000000 0.707107 -0.707107
vn 0.000000 0.707107 -0.707107
vn 0.000000 -0.707107 0.707107
vn 0.000000 -0.707107 0.707107
vn 0.000000 -0.707107 0.707107
vn 0.000000 -0.707107 0.707107
vn 0.000000 -0.707107 -0.707107
vn 0.000000 -0.707107 -0.707107
vn 0.000000 -0.707107 -0.707107
vn 0.000000 -0.707107 -0.707107
vn 0.707107 0.000000 0.707107
vn 0.707107 0.000000 0.707107
vn 0.707107 0.000000 0.707107
vn 0.707107 0.000000 0.707107
vn 0.707107 0.000000 -0.707107
vn 0.707107 0.000000 -0.707107
vn 0.707107 0.000000 -0.707107
vn 0.707107 0.000000 -0.707107
vn -0.707107 0.000000 0.707107
vn -0.707107 0.000000 0.707107
vn -0.707107 0.000000 0.707107
vn -0.707107 0.000000 0.707107
vn -0.707107 0.000000 -0.707107
vn -0.707107 0.000000 -0.707107
vn -0.707107 0.000000 -0.707107
vn -0.707107 0.000000 -0.707107
vn 0.707107 0.707107 0.000000
vn 0.707107 0.707107 0.000000
vn 0.707107 0.707107 0.000000
vn 0.707107 0.707107 0.000000
vn 0.707107 -0.707107 0.000000
vn 0.707107 -0.707107 0.000000
vn 0.707107 -0.707107 0.000000
vn 0.707107 -0.707107 0.000000
vn -0.707107 0.707107 0.000000
vn -0.707107 0.707107 0.000000
vn -0.707107 0.707107 0.000000
vn -0.707107 0.707107 0.000000
vn -0.707107 -0.707107 0.000000
vn -0.707107 -0.707107 0.000000
vn -0.707107 -0.707107 0.000000
vn -0.707107 -0.707107 0.000000
vn -0.577350 -0.577350 -0.577350
vn -0.577350 -0.577350 -0.577350
vn -0.577350 -0.577350 -0.577350
vn -0.577350 -0.577350 0.577350
vn -0.577350 -0.577350 0.577350
vn -0.577350 -0.577350 0.577350
vn -0.577350 0.577350 -0.577350
vn -0.577350 0.577350 -0.577350
vn -0.577350 0.577350 -0.577350
vn -0.577350 0.577350 0.577350
vn -0.577350 0.577350 0.577350
vn -0.577350 0.577350 0.577350
vn 0.577350 -0.577350 -0.577350
vn 0.577350 -0.577350 -0.577350
vn 0.577350 -0.577350 -0.577350
vn 0.577350 -0.577350 0.577350
vn 0.577350 -0.577350 0.577350
vn 0.577350 -0.577350 0.577350
vn 0.577350 0.577350 -0.577350
vn 0.577350 0.577350 -0.577350
vn 0.577350 0.577350 -0.577350
vn 0.577350 0.577350 0.577350
vn 0.577350 0.577350 0.577350
vn 0.577350 0.577350 0.577350
vn 0.000000 0.000000 1.000000
vn 0.000000 0.000000 1.000000
vn 0.000000 0.000000 1.000000
vn 0.000000 0.000000 1.000000
vn 0.000000 0.000000 -1.000000
vn 0.000000 0.000000 -1.000000
vn 0.000000 0.000000 -1.000000
vn 0.000000 0.000000 -1.000000
vn 0.000000 1.000000 0.000000
vn 0.000000 1.000000 0.000000
vn 0.000000 1.000000 0.000000
vn 0.000000 1.000000 0.000000
vn 0.000000 -1.000000 0.000000
vn 0.000000 -1.000000 0.000000
vn 0.000000 -1.000000 0.000000
vn 0.000000 -1.000000 0.000000
vn 1.000000 0.000000 0.000000
vn 1.000000 0.000000 0.000000
vn 1.000000 0.000000 0.000000
vn 1.000000 0.000000 0.000000
vn -1.000000 0.000000 0.000000
vn -1.000000 0.000000 0.000000
vn -1.000000 0.000000 0.000000
vn -1.000000 0.000000 0.000000
vn 0.000000 0.707107 0.707107
vn 0.000000 0.707107 0.707107
vn 0.000000 0.707107 0.707107
vn 0.000000 0.707107 0.707107
vn 0.000000 0.707107 -0.707107
vn 0.000000 0.707107 -0.707107
vn 0.000000 0.707107 -0.707107
vn 0.000000 0.707107 -0.707107
vn 0.000000 -0.707107 0.707107
vn 0.000000 -0.707107 0.707107
vn 0.000000 -0.707107 0.707107
vn 0.000000 -0.707107 0.707107
vn 0.000000 -0.707107 -0.707107
vn 0.000000 -0.707107 -0.707107
vn 0.000000 -0.707107 -0.707107
vn 0.000000 -0.707107 -0.707107
vn 0.707107 0.000000 0.707107
vn 0.707107 0.000000 0.707107
vn 0.707107 0.000000 0.707107
vn 0.707107 0.000000 0.707107
vn 0.707107 0.000000 -0.707107
vn 0.707107 0.000000 -0.707107
vn 0.707107 0.000000 -0.707107
vn 0.707107 0.000000 -0.707107
vn -0.707107 0.000000 0.707107
vn -0.707107 0.000000 0.707107
vn -0.707107 0.000000 0.707107
vn -0.707107 0.000000 0.707107
vn -0.707107 0.000000 -0.707107
vn -0.707107 0.000000 -0.707107
vn -0.707107 0.000000 -0.707107
vn -0.707107 0.000000 -0.707107
vn 0.707107 0.707107 0.000000
vn 0.707107 0.707107 0.000000
vn 0.707107 0.707107 0.000000
vn 0.707107 0.707107 0.000000
vn 0.707107 -0.707107 0.000000
vn 0.707107 -0.707107 0.000000
vn 0.707107 -0.707107 0.000000
vn 0.707107 -0.707107 0.000000
vn -0.707107 0.707107 0.000000
vn -0.707107 0.707107 0.000000
vn -0.707107 0.707107 0.000000
vn -0.707107 0.707107 0.000000
vn -0.707107 -0.707107 0.000000
vn -0.707107 -0.707107 0.000000
vn -0.707107 -0.707107 0.000000
vn -0.707107 -0.707107 0.000000
vn -0.577350 -0.577350 -0.577350
vn -0.577350 -0.577350 -0.577350
vn -0.577350 -0.577350 -0.577350
vn -0.577350 -0.577350 0.577350
vn -0.577350 -0.577350 0.577350
vn -0.577350 -0.577350 0.577350
vn -0.577350 0.577350 -0.577350
vn -0.577350 0.577350 -0.577350
vn -0.577350 0.577350 -0.577350
vn -0.577350 0.577350 0.577350
vn -0.577350 0.577350 0.577350
vn -0.577350 0.577350 0.577350
vn 0.577350 -0.577350 -0.577350
vn 0.577350 -0.577350 -0.577350
vn 0.577350 -0.577350 -0.577350
vn 0.577350 -0.577350 0.577350
vn 0.577350 -0.577350 0.577350
vn 0.577350 -0.577350 0.577350
vn 0.577350 0.577350 -0.577350
vn 0.577350 0.577350 -0.577350
vn 0.577350 0.577350 -0.577350
vn 0.577350 0.577350 0.577350
vn 0.577350 0.577350 0.577350
vn 0.577350 0.577350 0.577350
f 1/1/1 2/2/2 3/3/3
f 1/1/1 3/3/3 4/4/4
f 5/5/5 6/6/6 7/7/7
f 5/5/5 7/7/7 8/8/8
f 9/9/9 10/10/10 11/11/11
f 9/9/9 11/11/11 12/12/12
f 13/13/13 14/14/14 15/15/15
f 13/13/13 15/15/15 16/16/16
f 17/17/17 18/18/18 19/19/19
f 17/17/17 19/19/19 20/20/20
f 21/21/21 22/22/22 23/23/23
f 21/21/21 23/23/23 24/24/24
f 25/25/25 26/26/26 27/27/27
f 25/25/25 27/27/27 28/28/28
f 29/29/29 30/30/30 31/31/31
f 29/29/29 31/31/31 32/32/32
f 33/33/33 34/34/34 35/35/35
f 33/33/33 35/35/35 36/36/36
f 37/37/37 38/38/38 39/39/39
f 37/37/37 39/39/39 40/40/40
f 41/41/41 42/42/42 43/43/43
f 41/41/41 43/43/43 44/44/44
f 45/45/45 46/46/46 47/47/47
f 45/45/45 47/47/47 48/48/48
f 49/49/49 50/50/50 51/51/51
f 49/49/49 51/51/51 52/52/52
f 53/53/53 54/54/54 55/55/55
f 53/53/53 55/55/55 56/56/56
f 57/57/57 58/58/58 59/59/59
f 57/57/57 59/59/59 60/60/60
f 61/61/61 62/62/62 63/63/63
f 61/61/61 63/63/63 64/64/64
f 65/65/65 66/66/66 67/67/67
f 65/65/65 67/67/67 68/68/68
f 69/69/69 70/70/70 71/71/71
f 69/69/69 71/71/71 72/72/72
f 73/73/73 75/75/75 74/74/74
f 76/76/76 77/77/77 78/78/78
f 79/79/79 80/80/80 81/81/81
f 82/82/82 84/84/84 83/83/83
f 85/85/85 86/86/86 87/87/87
f 88/88/88 90/90/90 89/89/89
f 91/91/91 93/93/93 92/92/92
f 94/94/94 95/95/95 96/96/96
f 97/97/97 98/98/98 99/99/99
f 97/97/97 99/99/99 100/100/100
f 101/101/101 102/102/102 103/103/103
f 101/101/101 103/103/103 104/104/104
f 105/105/105 106/106/106 107/107/107
f 105/105/105 107/107/107 108/108/108
f 109/109/109 110/110/110 111/111/111
f 109/109/109 111/111/111 112/112/112
f 113/113/113 114/114/114 115/115/115
f 113/113/113 115/115/115 116/116/116
f 117/117/117 118/118/118 119/119/119
f 117/117/117 119/119/119 120/120/120
f 121/121/121 122/122/122 123/123/123
f 121/121/121 123/123/123 124/124/124
f 125/125/125 126/126/126 127/127/127
f 125/125/125 127/127/127 128/128/128
f 129/129/129 130/130/130 131/131/131
f 129/129/129 131/131/131 132/132/132
f 133/133/133 134/134/134 135/135/135
f 133/133/133 135/135/135 136/136/136
f 137/137/137 138/138/138 139/139/139
f 137/137/137 139/139/139 140/140/140
f 141/141/141 142/142/142 143/143/143
f 141/141/141 143/143/143 144/144/144
f 145/145/145 146/146/146 147/147/147
f 145/145/145 147/147/147 148/148/148
f 149/149/149 150/150/150 151/151/151
f 149/149/149 151/151/151 152/152/152
f 153/153/153 154/154/154 155/155/155
f 153/153/153 155/155/155 156/156/156
f 157/157/157 158/158/158 159/159/159
f 157/157/157 159/159/159 160/160/160
f 161/161/161 162/162/162 163/163/163
f 161/161/161 163/163/163 164/164/164
f 165/165/165 166/166/166 167/167/167
f 165/165/165 167/167/167 168/168/168
f 169/169/169 171/171/171 170/170/170
f 172/172/172 173/173/173 174/174/174
f 175/175/175 176/176/176 177/177/177
f 178/178/178 180/180/180 179/179/179
f 181/181/181 182/182/182 183/183/183
f 184/184/184 186/186/186 185/185/185
f 187/187/187 189/189/189 188/188/188
f 190/190/190 191/191/191 192/192/192
f 193/193/193 194/194/194 195/195/195
f 193/193/193 195/195/195 196/196/196
f 197/197/197 198/198/198 199/199/199
f 197/197/197 199/199/199 200/200/200
f 201/201/201 202/202/202 203/203/203
f 201/201/201 203/203/203 204/204/204
f 205/205/205 206/206/206 207/207/207
f 205/205/205 207/207/207 208/208/208
f 209/209/209 210/210/210 211/211/211
f 209/209/209 211/211/211 212/212/212
f 213/213/213 214/214/214 215/215/215
f 213/213/213 215/215/215 216/216/216
f 217/217/217 218/218/218 219/219/219
f 217/217/217 219/219/219 220/220/220
f 221/221/221 222/222/222 223/223/223
f 221/221/221 223/223/223 224/224/224
f 225/225/225 226/226/226 227/227/227
f 225/225/225 227/227/227 228/228/228
f 229/229/229 230/230/230 231/231/231
f 229/229/229 231/231/231 232/232/232
f 233/233/233 234/234/234 235/235/235
f 233/233/233 235/235/235 236/236/236
f 237/237/237 238/238/238 239/239/239
f 237/237/237 239/239/239 240/240/240
f 241/241/241 242/242/242 243/243/243
f 241/241/241 243/243/243 244/244/244
f 245/245/245 246/246/246 247/247/247
f 245/245/245 247/247/247 248/248/248
f 249/249/249 250/250/250 251/251/251
f 249/249/249 251/251/251 252/252/252
f 253/253/253 254/254/254 255/255/255
f 253/253/253 255/255/255 256/256/256
f 257/257/257 258/258/258 259/259/259
f 257/257/257 259/259/259 260/260/260
f 261/261/261 262/262/262 263/263/263
f 261/261/261 263/263/263 264/264/264
f 265/265/265 267/267/267 266/266/266
f 268/268/268 269/269/269 270/270/270
f 271/271/271 272/272/272 273/273/273
f 274/274/274 276/276/276 275/275/275
f 277/277/277 278/278/278 279/279/279
f 280/280/280 282/282/282 281/281/281
f 283/283/283 285/285/285 284/284/284
f 286/286/286 287/287/287 288/288/288
f 289/289/289 290/290/290 291/291/291
f 289/289/289 291/291/291 292/292/292
f 293/293/293 294/294/294 295/295/295
f 293/293/293 295/295/295 296/296/296
f 297/297/297 298/298/298 299/299/299
f 297/297/297 299/299/299 300/300/300
f 301/301/301 302/302/302 303/303/303
f 301/301/301 303/303/303 304/304/304
f 305/305/305 306/306/306 307/307/307
f 305/305/305 307/307/307 308/308/308
f 309/309/309 310/310/310 311/311/311
f 309/309/309 311/311/311 312/312/312
f 313/313/313 314/314/314 315/315/315
f 313/313/313 315/315/315 316/316/316
f 317/317/317 318/318/318 319/319/319
f 317/317/317 319/319/319 320/320/320
f 321/321/321 322/322/322 323/323/323
f 321/321/321 323/323/323 324/324/324
f 325/325/325 326/326/326 327/327/327
f 325/325/325 327/327/327 328/328/328
f 329/329/329 330/330/330 331/331/331
f 329/329/329 331/331/331 332/332/332
f 333/333/333 334/334/334 335/335/335
f 333/333/333 335/335/335 336/336/336
f 337/337/337 338/338/338 339/339/339
f 337/337/337 339/339/339 340/340/340
f 341/341/341 342/342/342 343/343/343
f 341/341/341 343/343/343 344/344/344
f 345/345/345 346/346/346 347/347/347
f 345/345/345 347/347/347 348/348/348
f 349/349/349 350/350/350 351/351/351
f 349/349/349 351/351/351 352/352/352
f 353/353/353 354/354/354 355/355/355
f 353/353/353 355/355/355 356/356/356
f 357/357/357 358/358/358 359/359/359
f 357/357/357 359/359/359 360/360/360
f 361/361/361 363/363/363 362/362/362
f 364/364/364 365/365/365 366/366/366
f 367/367/367 368/368/368 369/369/369
f 370/370/370 372/372/372 371/371/371
f 373/373/373 374/374/374 375/375/375
f 376/376/376 378/378/378 377/377/377
f 379/379/379 381/381/381 380/380/380
f 382/382/382 383/383/383 384/384/384
f 385/385/385 386/386/386 387/387/387
f 385/385/385 387/387/387 388/388/388
f 389/389/389 390/390/390 391/391/391
f 389/389/389 391/391/391 392/392/392
f 393/393/393 394/394/394 395/395/395
f 393/393/393 395/395/395 396/396/396
f 397/397/397 398/398/398 399/399/399
f 397/397/397 399/399/399 400/400/400
f 401/401/401 402/402/402 403/403/403
f 401/401/401 403/403/403 404/404/404
f 405/405/405 406/406/406 407/407/407
f 405/405/405 407/407/407 408/408/408
f 409/409/409 410/410/410 411/411/411
f 409/409/409 411/411/411 412/412/412
f 413/413/413 414/414/414 415/415/415
f 413/413/413 415/415/415 416/416/416
f 417/417/417 418/418/418 419/419/419
f 417/417/417 419/419/419 420/420/420
f 421/421/421 422/422/422 423/423/423
f 421/421/421 423/423/423 424/424/424
f 425/425/425 426/426/426 427/427/427
f 425/425/425 427/427/427 428/428/428
f 429/429/429 430/430/430 431/431/431
f 429/429/429 431/431/431 432/432/432
f 433/433/433 434/434/434 435/435/435
f 433/433/433 435/435/435 436/436/436
f 437/437/437 438/438/438 439/439/439
f 437/437/437 439/439/439 440/440/440
f 441/441/441 442/442/442 443/443/443
f 441/441/441 443/443/443 444/444/444
f 445/445/445 446/446/446 447/447/447
f 445/445/445 447/447/447 448/448/448
f 449/449/449 450/450/450 451/451/451
f 449/449/449 451/451/451 452/452/452
f 453/453/453 454/454/454 455/455/455
f 453/453/453 455/455/455 456/456/456
f 457/457/457 459/459/459 458/458/458
f 460/460/460 461/461/461 462/462/462
f 463/463/463 464/464/464 465/465/465
f 466/466/466 468/468/468 467/467/467
f 469/469/469 470/470/470 471/471/471
f 472/472/472 474/474/474 473/473/473
f 475/475/475 477/477/477 476/476/476
f 478/478/478 479/479/479 480/480/480
f 481/481/481 482/482/482 483/483/483
f 481/481/481 483/483/483 484/484/484
f 485/485/485 486/486/486 487/487/487
f 485/485/485 487/487/487 488/488/488
f 489/489/489 490/490/490 491/491/491
f 489/489/489 491/491/491 492/492/492
f 493/493/493 494/494/494 495/495/495
f 493/493/493 495/495/495 496/496/496
f 497/497/497 498/498/498 499/499/499
f 497/497/497 499/499/499 500/500/500
f 501/501/501 502/502/502 503/503/503
f 501/501/501 503/503/503 504/504/504
f 505/505/505 506/506/506 507/507/507
f 505/505/505 507/507/507 508/508/508
f 509/509/509 510/510/510 511/511/511
f 509/509/509 511/511/511 512/512/512
f 513/513/513 514/514/514 515/515/515
f 513/513/513 515/515/515 516/516/516
f 517/517/517 518/518/518 519/519/519
f 517/517/517 519/519/519 520/520/520
f 521/521/521 522/522/522 523/523/523
f 521/521/521 523/523/523 524/524/524
f 525/525/525 526/526/526 527/527/527
f 525/525/525 527/527/527 528/528/528
f 529/529/529 530/530/530 531/531/531
f 529/529/529 531/531/531 532/532/532
f 533/533/533 534/534/534 535/535/535
f 533/533/533 535/535/535 536/536/536
f 537/537/537 538/538/538 539/539/539
f 537/537/537 539/539/539 540/540/540
f 541/541/541 542/542/542 543/543/543
f 541/541/541 543/543/543 544/544/544
f 545/545/545 546/546/546 547/547/547
f 545/545/545 547/547/547 548/548/548
f 549/549/549 550/550/550 551/551/551
f 549/549/549 551/551/551 552/552/552
f 553/553/553 555/555/555 554/554/554
f 556/556/556 557/557/557 558/558/558
f 559/559/559 560/560/560 561/561/561
f 562/562/562 564/564/564 563/563/563
f 565/565/565 566/566/566 567/567/567
f 568/568/568 570/570/570 569/569/569
f 571/571/571 573/573/573 572/572/572
f 574/574/574 575/575/575 576/576/576
f 577/577/577 578/578/578 579/579/579
f 577/577/577 579/579/579 580/580/580
f 581/581/581 582/582/582 583/583/583
f 581/581/581 583/583/583 584/584/584
f 585/585/585 586/586/586 587/587/587
f 585/585/585 587/587/587 588/588/588
f 589/589/589 590/590/590 591/591/591
f 589/589/589 591/591/591 592/592/592
f 593/593/593 594/594/594 595/595/595
f 593/593/593 595/595/595 596/596/596
f 597/597/597 598/598/598 599/599/599
f 597/597/597 599/599/599 600/600/600
f 601/601/601 602/602/602 603/603/603
f 601/601/601 603/603/603 604/604/604
f 605/605/605 606/606/606 607/607/607
f 605/605/605 607/607/607 608/608/608
f 609/609/609 610/610/610 611/611/611
f 609/609/609 611/611/611 612/612/612
f 613/613/613 614/614/614 615/615/615
f 613/613/613 615/615/615 616/616/616
f 617/617/617 618/618/618 619/619/619
f 617/617/617 619/619/619 620/620/620
f 621/621/621 622/622/622 623/623/623
f 621/621/621 623/623/623 624/624/624
f 625/625/625 626/626/626 627/627/627
f 625/625/625 627/627/627 628/628/628
f 629/629/629 630/630/630 631/631/631
f 629/629/629 631/631/631 632/632/632
f 633/633/633 634/634/634 635/635/635
f 633/633/633 635/635/635 636/636/636
f 637/637/637 638/638/638 639/639/639
f 637/637/637 639/639/639 640/640/640
f 641/641/641 642/642/642 643/643/643
f 641/641/641 643/643/643 644/644/644
f 645/645/645 646/646/646 647/647/647
f 645/645/645 647/647/647 648/648/648
f 649/649/649 651/651/651 650/650/650
f 652/652/652 653/653/653 654/654/654
f 655/655/655 656/656/656 657/657/657
f 658/658/658 660/660/660 659/659/659
f 661/661/661 662/662/662 663/663/663
f 664/664/664 666/666/666 665/665/665
f 667/667/667 669/669/669 668/668/668
f 670/670/670 671/671/671 672/672/672
f 673/673/673 674/674/674 675/675/675
f 673/673/673 675/675/675 676/676/676
f 677/677/677 678/678/678 679/679/679
f 677/677/677 679/679/679 680/680/680
f 681/681/681 682/682/682 683/683/683
f 681/681/681 683/683/683 684/684/684
f 685/685/685 686/686/686 687/687/687
f 685/685/685 687/687/687 688/688/688
f 689/689/689 690/690/690 691/691/691
f 689/689/689 691/691/691 692/692/692
f 693/693/693 694/694/694 695/695/695
f 693/693/693 695/695/695 696/696/696
f 697/697/697 698/698/698 699/699/699
f 697/697/697 699/699/699 700/700/700
f 701/701/701 702/702/702 703/703/703
f 701/701/701 703/703/703 704/704/704
f 705/705/705 706/706/706 707/707/707
f 705/705/705 707/707/707 708/708/708
f 709/709/709 710/710/710 711/711/711
f 709/709/709 711/711/711 712/712/712
f 713/713/713 714/714/714 715/715/715
f 713/713/713 715/715/715 716/716/716
f 717/717/717 718/718/718 719/719/719
f 717/717/717 719/719/719 720/720/720
f 721/721/721 722/722/722 723/723/723
f 721/721/721 723/723/723 724/724/724
f 725/725/725 726/726/726 727/727/727
f 725/725/725 727/727/727 728/728/728
f 729/729/729 730/730/730 731/731/731
f 729/729/729 731/731/731 732/732/732
f 733/733/733 734/734/734 735/735/735
f 733/733/733 735/735/735 736/736/736
f 737/737/737 738/738/738 739/739/739
f 737/737/737 739/739/739 740/740/740
f 741/741/741 742/742/742 743/743/743
f 741/741/741 743/743/743 744/744/744
f 745/745/745 747/747/747 746/746/746
f 748/748/748 749/749/749 750/750/750
f 751/751/751 752/752/752 753/753/753
f 754/754/754 756/756/756 755/755/755
f 757/757/757 758/758/758 759/759/759
f 760/760/760 762/762/762 761/761/761
f 763/763/763 765/765/765 764/764/764
f 766/766/766 767/767/767 768/768/768
f 769/769/769 770/770/770 771/771/771
f 769/769/769 771/771/771 772/772/772
f 773/773/773 774/774/774 775/775/775
f 773/773/773 775/775/775 776/776/776
f 777/777/777 778/778/778 779/779/779
f 777/777/777 779/779/779 780/780/780
f 781/781/781 782/782/782 783/783/783
f 781/781/781 783/783/783 784/784/784
f 785/785/785 786/786/786 787/787/787
f 785/785/785 787/787/787 788/788/788
f 789/789/789 790/790/790 791/791/791
f 789/789/789 791/791/791 792/792/792
f 793/793/793 794/794/794 795/795/795
f 793/793/793 795/795/795 796/796/796
f 797/797/797 798/798/798 799/799/799
f 797/797/797 799/799/799 800/800/800
f 801/801/801 802/802/802 803/803/803
f 801/801/801 803/803/803 804/804/804
f 805/805/805 806/806/806 807/807/807
f 805/805/805 807/807/807 808/808/808
f 809/809/809 810/810/810 811/811/811
f 809/809/809 811/811/811 812/812/812
f 813/813/813 814/814/814 815/815/815
f 813/813/813 815/815/815 816/816/816
f 817/817/817 818/818/818 819/819/819
f 817/817/817 819/819/819 820/820/820
f 821/821/821 822/822/822 823/823/823
f 821/821/821 823/823/823 824/824/824
f 825/825/825 826/826/826 827/827/827
f 825/825/825 827/827/827 828/828/828
f 829/829/829 830/830/830 831/831/831
f 829/829/829 831/831/831 832/832/832
f 833/833/833 834/834/834 835/835/835
f 833/833/833 835/835/835 836/836/836
f 837/837/837 838/838/838 839/839/839
f 837/837/837 839/839/839 840/840/840
f 841/841/841 843/843/843 842/842/842
f 844/844/844 845/845/845 846/846/846
f 847/847/847 848/848/848 849/849/849
f 850/850/850 852/852/852 851/851/851
f 853/853/853 854/854/854 855/855/855
f 856/856/856 858/858/858 857/857/857
f 859/859/859 861/861/861 860/860/860
f 862/862/862 863/863/863 864/864/864
f 865/865/865 866/866/866 867/867/867
f 865/865/865 867/867/867 868/868/868
f 869/869/869 870/870/870 871/871/871
f 869/869/869 871/871/871 872/872/872
f 873/873/873 874/874/874 875/875/875
f 873/873/873 875/875/875 876/876/876
f 877/877/877 878/878/878 879/879/879
f 877/877/877 879/879/879 880/880/880
f 881/881/881 882/882/882 883/883/883
f 881/881/881 883/883/883 884/884/884
f 885/885/885 886/886/886 887/887/887
f 885/885/885 887/887/887 888/888/888
f 889/889/889 890/890/890 891/891/891
f 889/889/889 891/891/891 892/892/892
f 893/893/893 894/894/894 895/895/895
f 893/893/893 895/895/895 896/896/896
f 897/897/897 898/898/898 899/899/899
f 897/897/897 899/899/899 900/900/900
f 901/901/901 902/902/902 903/903/903
f 901/901/901 903/903/903 904/904/904
f 905/905/905 906/906/906 907/907/907
f 905/905/905 907/907/907 908/908/908
f 909/909/909 910/910/910 911/911/911
f 909/909/909 911/911/911 912/912/912
f 913/913/913 914/914/914 915/915/915
f 913/913/913 915/915/915 916/916/916
f 917/917/917 918/918/918 919/919/919
f 917/917/917 919/919/919 920/920/920
f 921/921/921 922/922/922 923/923/923
f 921/921/921 923/923/923 924/924/924
f 925/925/925 926/926/926 927/927/927
f 925/925/925 927/927/927 928/928/928
f 929/929/929 930/930/930 931/931/931
f 929/929/929 931/931/931 932/932/932
f 933/933/933 934/934/934 935/935/935
f 933/933/933 935/935/935 936/936/936
f 937/937/937 939/939/939 938/938/938
f 940/940/940 941/941/941 942/942/942
f 943/943/943 944/944/944 945/945/945
f 946/946/946 948/948/948 947/947/947
f 949/949/949 950/950/950 951/951/951
f 952/952/952 954/954/954 953/953/953
f 955/955/955 957/957/957 956/956/956
f 958/958/958 959/959/959 960/960/960
f 961/961/961 962/962/962 963/963/963
f 961/961/961 963/963/963 964/964/964
f 965/965/965 966/966/966 967/967/967
f 965/965/965 967/967/967 968/968/968
f 969/969/969 970/970/970 971/971/971
f 969/969/969 971/971/971 972/972/972
f 973/973/973 974/974/974 975/975/975
f 973/973/973 975/975/975 976/976/976
f 977/977/977 978/978/978 979/979/979
f 977/977/977 979/979/979 980/980/980
f 981/981/981 982/982/982 983/983/983
f 981/981/981 983/983/983 984/984/984
f 985/985/985 986/986/986 987/987/987
f 985/985/985 987/987/987 988/988/988
f 989/989/989 990/990/990 991/991/991
f 989/989/989 991/991/991 992/992/992
f 993/993/993 994/994/994 995/995/995
f 993/993/993 995/995/995 996/996/996
f 997/997/997 998/998/998 999/999/999
f 997/997/997 999/999/999 1000/1000/1000
f 1001/1001/1001 1002/1002/1002 1003/1003/1003
f 1001/1001/1001 1003/1003/1003 1004/1004/1004
f 1005/1005/1005 1006/1006/1006 1007/1007/1007
f 1005/1005/1005 1007/1007/1007 1008/1008/1008
f 1009/1009/1009 1010/1010/1010 1011/1011/1011
f 1009/1009/1009 1011/1011/1011 1012/1012/1012
f 1013/1013/1013 1014/1014/1014 1015/1015/1015
f 1013/1013/1013 1015/1015/1015 1016/1016/1016
f 1017/1017/1017 1018/1018/1018 1019/1019/1019
f 1017/1017/1017 1019/1019/1019 1020/1020/1020
f 1021/1021/1021 1022/1022/1022 1023/1023/1023
f 1021/1021/1021 1023/1023/1023 1024/1024/1024
f 1025/1025/1025 1026/1026/1026 1027/1027/1027
f 1025/1025/1025 1027/1027/1027 1028/1028/1028
f 1029/1029/1029 1030/1030/1030 1031/1031/1031
f 1029/1029/1029 1031/1031/1031 1032/1032/1032
f 1033/1033/1033 1035/1035/1035 1034/1034/1034
f 1036/1036/1036 1037/1037/1037 1038/1038/1038
f 1039/1039/1039 1040/1040/1040 1041/1041/1041
f 1042/1042/1042 1044/1044/1044 1043/1043/1043
f 1045/1045/1045 1046/1046/1046 1047/1047/1047
f 1048/1048/1048 1050/1050/1050 1049/1049/1049
f 1051/1051/1051 1053/1053/1053 1052/1052/1052
f 1054/1054/1054 1055/1055/1055 1056/1056/1056
f 1057/1057/1057 1058/1058/1058 1059/1059/1059
f 1057/1057/1057 1059/1059/1059 1060/1060/1060
f 1061/1061/1061 1062/1062/1062 1063/1063/1063
f 1061/1061/1061 1063/1063/1063 1064/1064/1064
f 1065/1065/1065 1066/1066/1066 1067/1067/1067
f 1065/1065/1065 1067/1067/1067 1068/1068/1068
f 1069/1069/1069 1070/1070/1070 1071/1071/1071
f 1069/1069/1069 1071/1071/1071 1072/1072/1072
f 1073/1073/1073 1074/1074/1074 1075/1075/1075
f 1073/1073/1073 1075/1075/1075 1076/1076/1076
f 1077/1077/1077 1078/1078/1078 1079/1079/1079
f 1077/1077/1077 1079/1079/1079 1080/1080/1080
f 1081/1081/1081 1082/1082/1082 1083/1083/1083
f 1081/1081/1081 1083/1083/1083 1084/1084/1084
f 1085/1085/1085 1086/1086/1086 1087/1087/1087
f 1085/1085/1085 1087/1087/1087 1088/1088/1088
f 1089/1089/1089 1090/1090/1090 1091/1091/1091
f 1089/1089/1089 1091/1091/1091 1092/1092/1092
f 1093/1093/1093 1094/1094/1094 1095/1095/1095
f 1093/1093/1093 1095/1095/1095 1096/1096/1096
f 1097/1097/1097 1098/1098/1098 1099/1099/1099
f 1097/1097/1097 1099/1099/1099 1100/1100/1100
f 1101/1101/1101 1102/1102/1102 1103/1103/1103
f 1101/1101/1101 1103/1103/1103 1104/1104/1104
f 1105/1105/1105 1106/1106/1106 1107/1107/1107
f 1105/1105/1105 1107/1107/1107 1108/1108/1108
f 1109/1109/1109 1110/1110/1110 1111/1111/1111
f 1109/1109/1109 1111/1111/1111 1112/1112/1112
f 1113/1113/1113 1114/1114/1114 1115/1115/1115
f 1113/1113/1113 1115/1115/1115 1116/1116/1116
f 1117/1117/1117 1118/1118/1118 1119/1119/1119
f 1117/1117/1117 1119/1119/1119 1120/1120/1120
f 1121/1121/1121 1122/1122/1122 1123/1123/1123
f 1121/1121/1121 1123/1123/1123 1124/1124/1124
f 1125/1125/1125 1126/1126/1126 1127/1127/1127
f 1125/1125/1125 1127/1127/1127 1128/1128/1128
f 1129/1129/1129 1131/1131/1131 1130/1130/1130
f 1132/1132/1132 1133/1133/1133 1134/1134/1134
f 1135/1135/1135 1136/1136/1136 1137/1137/1137
f 1138/1138/1138 1140/1140/1140 1139/1139/1139
f 1141/1141/1141 1142/1142/1142 1143/1143/1143
f 1144/1144/1144 1146/1146/1146 1145/1145/1145
f 1147/1147/1147 1149/1149/1149 1148/1148/1148
f 1150/1150/1150 1151/1151/1151 1152/1152/1152
f 1153/1153/1153 1154/1154/1154 1155/1155/1155
f 1153/1153/1153 1155/1155/1155 1156/1156/1156
f 1157/1157/1157 1158/1158/1158 1159/1159/1159
f 1157/1157/1157 1159/1159/1159 1160/1160/1160
f 1161/1161/1161 1162/1162/1162 1163/1163/1163
f 1161/1161/1161 1163/1163/1163 1164/1164/1164
f 1165/1165/1165 1166/1166/1166 1167/1167/1167
f 1165/1165/1165 1167/1167/1167 1168/1168/1168
f 1169/1169/1169 1170/1170/1170 1171/1171/1171
f 1169/1169/1169 1171/1171/1171 1172/1172/1172
f 1173/1173/1173 1174/1174/1174 1175/1175/1175
f 1173/1173/1173 1175/1175/1175 1176/1176/1176
f 1177/1177/1177 1178/1178/1178 1179/1179/1179
f 1177/1177/1177 1179/1179/1179 1180/1180/1180
f 1181/1181/1181 1182/1182/1182 1183/1183/1183
f 1181/1181/1181 1183/1183/1183 1184/1184/1184
f 1185/1185/1185 1186/1186/1186 1187/1187/1187
f 1185/1185/1185 1187/1187/1187 1188/1188/1188
f 1189/1189/1189 1190/1190/1190 1191/1191/1191
f 1189/1189/1189 1191/1191/1191 1192/1192/1192
f 1193/1193/1193 1194/1194/1194 1195/1195/1195
f 1193/1193/1193 1195/1195/1195 1196/1196/1196
f 1197/1197/1197 1198/1198/1198 1199/1199/1199
f 1197/1197/1197 1199/1199/1199 1200/1200/1200
f 1201/1201/1201 1202/1202/1202 1203/1203/1203
f 1201/1201/1201 1203/1203/1203 1204/1204/1204
f 1205/1205/1205 1206/1206/1206 1207/1207/1207
f 1205/1205/1205 1207/1207/1207 1208/1208/1208
f 1209/1209/1209 1210/1210/1210 1211/1211/1211
f 1209/1209/1209 1211/1211/1211 1212/1212/1212
f 1213/1213/1213 1214/1214/1214 1215/1215/1215
f 1213/1213/1213 1215/1215/1215 1216/1216/1216
f 1217/1217/1217 1218/1218/1218 1219/1219/1219
f 1217/1217/1217 1219/1219/1219 1220/1220/1220
f 1221/1221/1221 1222/1222/1222 1223/1223/1223
f 1221/1221/1221 1223/1223/1223 1224/1224/1224
f 1225/1225/1225 1227/1227/1227 1226/1226/1226
f 1228/1228/1228 1229/1229/1229 1230/1230/1230
f 1231/1231/1231 1232/1232/1232 1233/1233/1233
f 1234/1234/1234 1236/1236/1236 1235/1235/1235
f 1237/1237/1237 1238/1238/1238 1239/1239/1239
f 1240/1240/1240 1242/1242/1242 1241/1241/1241
f 1243/1243/1243 1245/1245/1245 1244/1244/1244
f 1246/1246/1246 1247/1247/1247 1248/1248/1248
f 1249/1249/1249 1250/1250/1250 1251/1251/1251
f 1249/1249/1249 1251/1251/1251 1252/1252/1252
f 1253/1253/1253 1254/1254/1254 1255/1255/1255
f 1253/1253/1253 1255/1255/1255 1256/1256/1256
f 1257/1257/1257 1258/1258/1258 1259/1259/1259
f 1257/1257/1257 1259/1259/1259 1260/1260/1260
f 1261/1261/1261 1262/1262/1262 1263/1263/1263
f 1261/1261/1261 1263/1263/1263 1264/1264/1264
f 1265/1265/1265 1266/1266/1266 1267/1267/1267
f 1265/1265/1265 1267/1267/1267 1268/1268/1268
f 1269/1269/1269 1270/1270/1270 1271/1271/1271
f 1269/1269/1269 1271/1271/1271 1272/1272/1272
f 1273/1273/1273 1274/1274/1274 1275/1275/1275
f 1273/1273/1273 1275/1275/1275 1276/1276/1276
f 1277/1277/1277 1278/1278/1278 1279/1279/1279
f 1277/1277/1277 1279/1279/1279 1280/1280/1280
f 1281/1281/1281 1282/1282/1282 1283/1283/1283
f 1281/1281/1281 1283/1283/1283 1284/1284/1284
f 1285/1285/1285 1286/1286/1286 1287/1287/1287
f 1285/1285/1285 1287/1287/1287 1288/1288/1288
f 1289/1289/1289 1290/1290/1290 1291/1291/1291
f 1289/1289/1289 1291/1291/1291 1292/1292/1292
f 1293/1293/1293 1294/1294/1294 1295/1295/1295
f 1293/1293/1293 1295/1295/1295 1296/1296/1296
f 1297/1297/1297 1298/1298/1298 1299/1299/1299
f 1297/1297/1297 1299/1299/1299 1300/1300/1300
f 1301/1301/1301 1302/1302/1302 1303/1303/1303
f 1301/1301/1301 1303/1303/1303 1304/1304/1304
f 1305/1305/1305 1306/1306/1306 1307/1307/1307
f 1305/1305/1305 1307/1307/1307 1308/1308/1308
f 1309/1309/1309 1310/1310/1310 1311/1311/1311
f 1309/1309/1309 1311/1311/1311 1312/1312/1312
f 1313/1313/1313 1314/1314/1314 1315/1315/1315
f 1313/1313/1313 1315/1315/1315 1316/1316/1316
f 1317/1317/1317 1318/1318/1318 1319/1319/1319
f 1317/1317/1317 1319/1319/1319 1320/1320/1320
f 1321/1321/1321 1323/1323/1323 1322/1322/1322
f 1324/1324/1324 1325/1325/1325 1326/1326/1326
f 1327/1327/1327 1328/1328/1328 1329/1329/1329
f 1330/1330/1330 1332/1332/1332 1331/1331/1331
f 1333/1333/1333 1334/1334/1334 1335/1335/1335
f 1336/1336/1336 1338/1338/1338 1337/1337/1337
f 1339/1339/1339 1341/1341/1341 1340/1340/1340
f 1342/1342/1342 1343/1343/1343 1344/1344/1344
f 1345/1345/1345 1346/1346/1346 1347/1347/1347
f 1345/1345/1345 1347/1347/1347 1348/1348/1348
f 1349/1349/1349 1350/1350/1350 1351/1351/1351
f 1349/1349/1349 1351/1351/1351 1352/1352/1352
f 1353/1353/1353 1354/1354/1354 1355/1355/1355
f 1353/1353/1353 1355/1355/1355 1356/1356/1356
f 1357/1357/1357 1358/1358/1358 1359/1359/1359
f 1357/1357/1357 1359/1359/1359 1360/1360/1360
f 1361/1361/1361 1362/1362/1362 1363/1363/1363
f 1361/1361/1361 1363/1363/1363 1364/1364/1364
f 1365/1365/1365 1366/1366/1366 1367/1367/1367
f 1365/1365/1365 1367/1367/1367 1368/1368/1368
f 1369/1369/1369 1370/1370/1370 1371/1371/1371
f 1369/1369/1369 1371/1371/1371 1372/1372/1372
f 1373/1373/1373 1374/1374/1374 1375/1375/1375
f 1373/1373/1373 1375/1375/1375 1376/1376/1376
f 1377/1377/1377 1378/1378/1378 1379/1379/1379
f 1377/1377/1377 1379/1379/1379 1380/1380/1380
f 1381/1381/1381 1382/1382/1382 1383/1383/1383
f 1381/1381/1381 1383/1383/1383 1384/1384/1384
f 1385/1385/1385 1386/1386/1386 1387/1387/1387
f 1385/1385/1385 1387/1387/1387 1388/1388/1388
f 1389/1389/1389 1390/1390/1390 1391/1391/1391
f 1389/1389/1389 1391/1391/1391 1392/1392/1392
f 1393/1393/1393 1394/1394/1394 1395/1395/1395
f 1393/1393/1393 1395/1395/1395 1396/1396/1396
f 1397/1397/1397 1398/1398/1398 1399/1399/1399
f 1397/1397/1397 1399/1399/1399 1400/1400/1400
f 1401/1401/1401 1402/1402/1402 1403/1403/1403
f 1401/1401/1401 1403/1403/1403 1404/1404/1404
f 1405/1405/1405 1406/1406/1406 1407/1407/1407
f 1405/1405/1405 1407/1407/1407 1408/1408/1408
f 1409/1409/1409 1410/1410/1410 1411/1411/1411
f 1409/1409/1409 1411/1411/1411 1412/1412/1412
f 1413/1413/1413 1414/1414/1414 1415/1415/1415
f 1413/1413/1413 1415/1415/1415 1416/1416/1416
f 1417/1417/1417 1419/1419/1419 1418/1418/1418
f 1420/1420/1420 1421/1421/1421 1422/1422/1422
f 1423/1423/1423 1424/1424/1424 1425/1425/1425
f 1426/1426/1426 1428/1428/1428 1427/1427/1427
f 1429/1429/1429 1430/1430/1430 1431/1431/1431
f 1432/1432/1432 1434/1434/1434 1433/1433/1433
f 1435/1435/1435 1437/1437/1437 1436/1436/1436
f 1438/1438/1438 1439/1439/1439 1440/1440/1440
f 1441/1441/1441 1442/1442/1442 1443/1443/1443
f 1441/1441/1441 1443/1443/1443 1444/1444/1444
f 1445/1445/1445 1446/1446/1446 1447/1447/1447
f 1445/1445/1445 1447/1447/1447 1448/1448/1448
f 1449/1449/1449 1450/1450/1450 1451/1451/1451
f 1449/1449/1449 1451/1451/1451 1452/1452/1452
f 1453/1453/1453 1454/1454/1454 1455/1455/1455
f 1453/1453/1453 1455/1455/1455 1456/1456/1456
f 1457/1457/1457 1458/1458/1458 1459/1459/1459
f 1457/1457/1457 1459/1459/1459 1460/1460/1460
f 1461/1461/1461 1462/1462/1462 1463/1463/1463
f 1461/1461/1461 1463/1463/1463 1464/1464/1464
f 1465/1465/1465 1466/1466/1466 1467/1467/1467
f 1465/1465/1465 1467/1467/1467 1468/1468/1468
f 1469/1469/1469 1470/1470/1470 1471/1471/1471
f 1469/1469/1469 1471/1471/1471 1472/1472/1472
f 1473/1473/1473 1474/1474/1474 1475/1475/1475
f 1473/1473/1473 1475/1475/1475 1476/1476/1476
f 1477/1477/1477 1478/1478/1478 1479/1479/1479
f 1477/1477/1477 1479/1479/1479 1480/1480/1480
f 1481/1481/1481 1482/1482/1482 1483/1483/1483
f 1481/1481/1481 1483/1483/1483 1484/1484/1484
f 1485/1485/1485 1486/1486/1486 1487/1487/1487
f 1485/1485/1485 1487/1487/1487 1488/1488/1488
f 1489/1489/1489 1490/1490/1490 1491/1491/1491
f 1489/1489/1489 1491/1491/1491 1492/1492/1492
f 1493/1493/1493 1494/1494/1494 1495/1495/1495
f 1493/1493/1493 1495/1495/1495 1496/1496/1496
f 1497/1497/1497 1498/1498/1498 1499/1499/1499
f 1497/1497/1497 1499/1499/1499 1500/1500/1500
f 1501/1501/1501 1502/1502/1502 1503/1503/1503
f 1501/1501/1501 1503/1503/1503 1504/1504/1504
f 1505/1505/1505 1506/1506/1506 1507/1507/1507
f 1505/1505/1505 1507/1507/1507 1508/1508/1508
f 1509/1509/1509 1510/1510/1510 1511/1511/1511
f 1509/1509/1509 1511/1511/1511 1512/1512/1512
f 1513/1513/1513 1515/1515/1515 1514/1514/1514
f 1516/1516/1516 1517/1517/1517 1518/1518/1518
f 1519/1519/1519 1520/1520/1520 1521/1521/1521
f 1522/1522/1522 1524/1524/1524 1523/1523/1523
f 1525/1525/1525 1526/1526/1526 1527/1527/1527
f 1528/1528/1528 1530/1530/1530 1529/1529/1529
f 1531/1531/1531 1533/1533/1533 1532/1532/1532
f 1534/1534/1534 1535/1535/1535 1536/1536/1536
f 1537/1537/1537 1538/1538/1538 1539/1539/1539
f 1537/1537/1537 1539/1539/1539 1540/1540/1540
f 1541/1541/1541 1542/1542/1542 1543/1543/1543
f 1541/1541/1541 1543/1543/1543 1544/1544/1544
f 1545/1545/1545 1546/1546/1546 1547/1547/1547
f 1545/1545/1545 1547/1547/1547 1548/1548/1548
f 1549/1549/1549 1550/1550/1550 1551/1551/1551
f 1549/1549/1549 1551/1551/1551 1552/1552/1552
f 1553/1553/1553 1554/1554/1554 1555/1555/1555
f 1553/1553/1553 1555/1555/1555 1556/1556/1556
f 1557/1557/1557 1558/1558/1558 1559/1559/1559
f 1557/1557/1557 1559/1559/1559 1560/1560/1560
f 1561/1561/1561 1562/1562/1562 1563/1563/1563
f 1561/1561/1561 1563/1563/1563 1564/1564/1564
f 1565/1565/1565 1566/1566/1566 1567/1567/1567
f 1565/1565/1565 1567/1567/1567 1568/1568/1568
f 1569/1569/1569 1570/1570/1570 1571/1571/1571
f 1569/1569/1569 1571/1571/1571 1572/1572/1572
f 1573/1573/1573 1574/1574/1574 1575/1575/1575
f 1573/1573/1573 1575/1575/1575 1576/1576/1576
f 1577/1577/1577 1578/1578/1578 1579/1579/1579
f 1577/1577/1577 1579/1579/1579 1580/1580/1580
f 1581/1581/1581 1582/1582/1582 1583/1583/1583
f 1581/1581/1581 1583/1583/1583 1584/1584/1584
f 1585/1585/1585 1586/1586/1586 1587/1587/1587
f 1585/1585/1585 1587/1587/1587 1588/1588/1588
f 1589/1589/1589 1590/1590/1590 1591/1591/1591
f 1589/1589/1589 1591/1591/1591 1592/1592/1592
f 1593/1593/1593 1594/1594/1594 1595/1595/1595
f 1593/1593/1593 1595/1595/1595 1596/1596/1596
f 1597/1597/1597 1598/1598/1598 1599/1599/1599
f 1597/1597/1597 1599/1599/1599 1600/1600/1600
f 1601/1601/1601 1602/1602/1602 1603/1603/1603
f 1601/1601/1601 1603/1603/1603 1604/1604/1604
f 1605/1605/1605 1606/1606/1606 1607/1607/1607
f 1605/1605/1605 1607/1607/1607 1608/1608/1608
f 1609/1609/1609 1611/1611/1611 1610/1610/1610
f 1612/1612/1612 1613/1613/1613 1614/1614/1614
f 1615/1615/1615 1616/1616/1616 1617/1617/1617
f 1618/1618/1618 1620/1620/1620 1619/1619/1619
f 1621/1621/1621 1622/1622/1622 1623/1623/1623
f 1624/1624/1624 1626/1626/1626 1625/1625/1625
f 1627/1627/1627 1629/1629/1629 1628/1628/1628
f 1630/1630/1630 1631/1631/1631 1632/1632/1632
f 1633/1633/1633 1634/1634/1634 1635/1635/1635
f 1633/1633/1633 1635/1635/1635 1636/1636/1636
f 1637/1637/1637 1638/1638/1638 1639/1639/1639
f 1637/1637/1637 1639/1639/1639 1640/1640/1640
f 1641/1641/1641 1642/1642/1642 1643/1643/1643
f 1641/1641/1641 1643/1643/1643 1644/1644/1644
f 1645/1645/1645 1646/1646/1646 1647/1647/1647
f 1645/1645/1645 1647/1647/1647 1648/1648/1648
f 1649/1649/1649 1650/1650/1650 1651/1651/1651
f 1649/1649/1649 1651/1651/1651 1652/1652/1652
f 1653/1653/1653 1654/1654/1654 1655/1655/1655
f 1653/1653/1653 1655/1655/1655 1656/1656/1656
f 1657/1657/1657 1658/1658/1658 1659/1659/1659
f 1657/1657/1657 1659/1659/1659 1660/1660/1660
f 1661/1661/1661 1662/1662/1662 1663/1663/1663
f 1661/1661/1661 1663/1663/1663 1664/1664/1664
f 1665/1665/1665 1666/1666/1666 1667/1667/1667
f 1665/1665/1665 1667/1667/1667 1668/1668/1668
f 1669/1669/1669 1670/1670/1670 1671/1671/1671
f 1669/1669/1669 1671/1671/1671 1672/1672/1672
f 1673/1673/1673 1674/1674/1674 1675/1675/1675
f 1673/1673/1673 1675/1675/1675 1676/1676/1676
f 1677/1677/1677 1678/1678/1678 1679/1679/1679
f 1677/1677/1677 1679/1679/1679 1680/1680/1680
f 1681/1681/1681 1682/1682/1682 1683/1683/1683
f 1681/1681/1681 1683/1683/1683 1684/1684/1684
f 1685/1685/1685 1686/1686/1686 1687/1687/1687
f 1685/1685/1685 1687/1687/1687 1688/1688/1688
f 1689/1689/1689 1690/1690/1690 1691/1691/1691
f 1689/1689/1689 1691/1691/1691 1692/1692/1692
f 1693/1693/1693 1694/1694/1694 1695/1695/1695
f 1693/1693/1693 1695/1695/1695 1696/1696/1696
f 1697/1697/1697 1698/1698/1698 1699/1699/1699
f 1697/1697/1697 1699/1699/1699 1700/1700/1700
f 1701/1701/1701 1702/1702/1702 1703/1703/1703
f 1701/1701/1701 1703/1703/1703 1704/1704/1704
f 1705/1705/1705 1707/1707/1707 1706/1706/1706
f 1708/1708/1708 1709/1709/1709 1710/1710/1710
f 1711/1711/1711 1712/1712/1712 1713/1713/1713
f 1714/1714/1714 1716/1716/1716 1715/1715/1715
f 1717/1717/1717 1718/1718/1718 1719/1719/1719
f 1720/1720/1720 1722/1722/1722 1721/1721/1721
f 1723/1723/1723 1725/1725/1725 1724/1724/1724
f 1726/1726/1726 1727/1727/1727 1728/1728/1728
f 1729/1729/1729 1730/1730/1730 1731/1731/1731
f 1729/1729/1729 1731/1731/1731 1732/1732/1732
f 1733/1733/1733 1734/1734/1734 1735/1735/1735
f 1733/1733/1733 1735/1735/1735 1736/1736/1736
f 1737/1737/1737 1738/1738/1738 1739/1739/1739
f 1737/1737/1737 1739/1739/1739 1740/1740/1740
f 1741/1741/1741 1742/1742/1742 1743/1743/1743
f 1741/1741/1741 1743/1743/1743 1744/1744/1744
f 1745/1745/1745 1746/1746/1746 1747/1747/1747
f 1745/1745/1745 1747/1747/1747 1748/1748/1748
f 1749/1749/1749 1750/1750/1750 1751/1751/1751
f 1749/1749/1749 1751/1751/1751 1752/1752/1752
f 1753/1753/1753 1754/1754/1754 1755/1755/1755
f 1753/1753/1753 1755/1755/1755 1756/1756/1756
f 1757/1757/1757 1758/1758/1758 1759/1759/1759
f 1757/1757/1757 1759/1759/1759 1760/1760/1760
f 1761/1761/1761 1762/1762/1762 1763/1763/1763
f 1761/1761/1761 1763/1763/1763 1764/1764/1764
f 1765/1765/1765 1766/1766/1766 1767/1767/1767
f 1765/1765/1765 1767/1767/1767 1768/1768/1768
f 1769/1769/1769 1770/1770/1770 1771/1771/1771
f 1769/1769/1769 1771/1771/1771 1772/1772/1772
f 1773/1773/1773 1774/1774/1774 1775/1775/1775
f 1773/1773/1773 1775/1775/1775 1776/1776/1776
f 1777/1777/1777 1778/1778/1778 1779/1779/1779
f 1777/1777/1777 1779/1779/1779 1780/1780/1780
f 1781/1781/1781 1782/1782/1782 1783/1783/1783
f 1781/1781/1781 1783/1783/1783 1784/1784/1784
f 1785/1785/1785 1786/1786/1786 1787/1787/1787
f 1785/1785/1785 1787/1787/1787 1788/1788/1788
f 1789/1789/1789 1790/1790/1790 1791/1791/1791
f 1789/1789/1789 1791/1791/1791 1792/1792/1792
f 1793/1793/1793 1794/1794/1794 1795/1795/1795
f 1793/1793/1793 1795/1795/1795 1796/1796/1796
f 1797/1797/1797 1798/1798/1798 1799/1799/1799
f 1797/1797/1797 1799/1799/1799 1800/1800/1800
f 1801/1801/1801 1803/1803/1803 1802/1802/1802
f 1804/1804/1804 1805/1805/1805 1806/1806/1806
f 1807/1807/1807 1808/1808/1808 1809/1809/1809
f 1810/1810/1810 1812/1812/1812 1811/1811/1811
f 1813/1813/1813 1814/1814/1814 1815/1815/1815
f 1816/1816/1816 1818/1818/1818 1817/1817/1817
f 1819/1819/1819 1821/1821/1821 1820/1820/1820
f 1822/1822/1822 1823/1823/1823 1824/1824/1824
f 1825/1825/1825 1826/1826/1826 1827/1827/1827
f 1825/1825/1825 1827/1827/1827 1828/1828/1828
f 1829/1829/1829 1830/1830/1830 1831/1831/1831
f 1829/1829/1829 1831/1831/1831 1832/1832/1832
f 1833/1833/1833 1834/1834/1834 1835/1835/1835
f 1833/1833/1833 1835/1835/1835 1836/1836/1836
f 1837/1837/1837 1838/1838/1838 1839/1839/1839
f 1837/1837/1837 1839/1839/1839 1840/1840/1840
f 1841/1841/1841 1842/1842/1842 1843/1843/1843
f 1841/1841/1841 1843/1843/1843 1844/1844/1844
f 1845/1845/1845 1846/1846/1846 1847/1847/1847
f 1845/1845/1845 1847/1847/1847 1848/1848/1848
f 1849/1849/1849 1850/1850/1850 1851/1851/1851
f 1849/1849/1849 1851/1851/1851 1852/1852/1852
f 1853/1853/1853 1854/1854/1854 1855/1855/1855
f 1853/1853/1853 1855/1855/1855 1856/1856/1856
f 1857/1857/1857 1858/1858/1858 1859/1859/1859
f 1857/1857/1857 1859/1859/1859 1860/1860/1860
f 1861/1861/1861 1862/1862/1862 1863/1863/1863
f 1861/1861/1861 1863/1863/1863 1864/1864/1864
f 1865/1865/1865 1866/1866/1866 1867/1867/1867
f 1865/1865/1865 1867/1867/1867 1868/1868/1868
f 1869/1869/1869 1870/1870/1870 1871/1871/1871
f 1869/1869/1869 1871/1871/1871 1872/1872/1872
f 1873/1873/1873 1874/1874/1874 1875/1875/1875
f 1873/1873/1873 1875/1875/1875 1876/1876/1876
f 1877/1877/1877 1878/1878/1878 1879/1879/1879
f 1877/1877/1877 1879/1879/1879 1880/1880/1880
f 1881/1881/1881 1882/1882/1882 1883/1883/1883
f 1881/1881/1881 1883/1883/1883 1884/1884/1884
f 1885/1885/1885 1886/1886/1886 1887/1887/1887
f 1885/1885/1885 1887/1887/1887 1888/1888/1888
f 1889/1889/1889 1890/1890/1890 1891/1891/1891
f 1889/1889/1889 1891/1891/1891 1892/1892/1892
f 1893/1893/1893 1894/1894/1894 1895/1895/1895
f 1893/1893/1893 1895/1895/1895 1896/1896/1896
f 1897/1897/1897 1899/1899/1899 1898/1898/1898
f 1900/1900/1900 1901/1901/1901 1902/1902/1902
f 1903/1903/1903 1904/1904/1904 1905/1905/1905
f 1906/1906/1906 1908/1908/1908 1907/1907/1907
f 1909/1909/1909 1910/1910/1910 1911/1911/1911
f 1912/1912/1912 1914/1914/1914 1913/1913/1913
f 1915/1915/1915 1917/1917/1917 1916/1916/1916
f 1918/1918/1918 1919/1919/1919 1920/1920/1920
f 1921/1921/1921 1922/1922/1922 1923/1923/1923
f 1921/1921/1921 1923/1923/1923 1924/1924/1924
f 1925/1925/1925 1926/1926/1926 1927/1927/1927
f 1925/1925/1925 1927/1927/1927 1928/1928/1928
f 1929/1929/1929 1930/1930/1930 1931/1931/1931
f 1929/1929/1929 1931/1931/1931 1932/1932/1932
f 1933/1933/1933 1934/1934/1934 1935/1935/1935
f 1933/1933/1933 1935/1935/1935 1936/1936/1936
f 1937/1937/1937 1938/1938/1938 1939/1939/1939
f 1937/1937/1937 1939/1939/1939 1940/1940/1940
f 1941/1941/1941 1942/1942/1942 1943/1943/1943
f 1941/1941/1941 1943/1943/1943 1944/1944/1944
f 1945/1945/1945 1946/1946/1946 1947/1947/1947
f 1945/1945/1945 1947/1947/1947 1948/1948/1948
f 1949/1949/1949 1950/1950/1950 1951/1951/1951
f 1949/1949/1949 1951/1951/1951 1952/1952/1952
f 1953/1953/1953 1954/1954/1954 1955/1955/1955
f 1953/1953/1953 1955/1955/1955 1956/1956/1956
f 1957/1957/1957 1958/1958/1958 1959/1959/1959
f 1957/1957/1957 1959/1959/1959 1960/1960/1960
f 1961/1961/1961 1962/1962/1962 1963/1963/1963
f 1961/1961/1961 1963/1963/1963 1964/1964/1964
f 1965/1965/1965 1966/1966/1966 1967/1967/1967
f 1965/1965/1965 1967/1967/1967 1968/1968/1968
f 1969/1969/1969 1970/1970/1970 1971/1971/1971
f 1969/1969/1969 1971/1971/1971 1972/1972/1972
f 1973/1973/1973 1974/1974/1974 1975/1975/1975
f 1973/1973/1973 1975/1975/1975 1976/1976/1976
f 1977/1977/1977 1978/1978/1978 1979/1979/1979
f 1977/1977/1977 1979/1979/1979 1980/1980/1980
f 1981/1981/1981 1982/1982/1982 1983/1983/1983
f 1981/1981/1981 1983/1983/1983 1984/1984/1984
f 1985/1985/1985 1986/1986/1986 1987/1987/1987
f 1985/1985/1985 1987/1987/1987 1988/1988/1988
f 1989/1989/1989 1990/1990/1990 1991/1991/1991
f 1989/1989/1989 1991/1991/1991 1992/1992/1992
f 1993/1993/1993 1995/1995/1995 1994/1994/1994
f 1996/1996/1996 1997/1997/1997 1998/1998/1998
f 1999/1999/1999 2000/2000/2000 2001/2001/2001
f 2002/2002/2002 2004/2004/2004 2003/2003/2003
f 2005/2005/2005 2006/2006/2006 2007/2007/2007
f 2008/2008/2008 2010/2010/2010 2009/2009/2009
f 2011/2011/2011 2013/2013/2013 2012/2012/2012
f 2014/2014/2014 2015/2015/2015 2016/2016/2016
f 2017/2017/2017 2018/2018/2018 2019/2019/2019
f 2017/2017/2017 2019/2019/2019 2020/2020/2020
f 2021/2021/2021 2022/2022/2022 2023/2023/2023
f 2021/2021/2021 2023/2023/2023 2024/2024/2024
f 2025/2025/2025 2026/2026/2026 2027/2027/2027
f 2025/2025/2025 2027/2027/2027 2028/2028/2028
f 2029/2029/2029 2030/2030/2030 2031/2031/2031
f 2029/2029/2029 2031/2031/2031 2032/2032/2032
f 2033/2033/2033 2034/2034/2034 2035/2035/2035
f 2033/2033/2033 2035/2035/2035 2036/2036/2036
f 2037/2037/2037 2038/2038/2038 2039/2039/2039
f 2037/2037/2037 2039/2039/2039 2040/2040/2040
f 2041/2041/2041 2042/2042/2042 2043/2043/2043
f 2041/2041/2041 2043/2043/2043 2044/2044/2044
f 2045/2045/2045 2046/2046/2046 2047/2047/2047
f 2045/2045/2045 2047/2047/2047 2048/2048/2048
f 2049/2049/2049 2050/2050/2050 2051/2051/2051
f 2049/2049/2049 2051/2051/2051 2052/2052/2052
f 2053/2053/2053 2054/2054/2054 2055/2055/2055
f 2053/2053/2053 2055/2055/2055 2056/2056/2056
f 2057/2057/2057 2058/2058/2058 2059/2059/2059
f 2057/2057/2057 2059/2059/2059 2060/2060/2060
f 2061/2061/2061 2062/2062/2062 2063/2063/2063
f 2061/2061/2061 2063/2063/2063 2064/2064/2064
f 2065/2065/2065 2066/2066/2066 2067/2067/2067
f 2065/2065/2065 2067/2067/2067 2068/2068/2068
f 2069/2069/2069 2070/2070/2070 2071/2071/2071
f 2069/2069/2069 2071/2071/2071 2072/2072/2072
f 2073/2073/2073 2074/2074/2074 2075/2075/2075
f 2073/2073/2073 2075/2075/2075 2076/2076/2076
f 2077/2077/2077 2078/2078/2078 2079/2079/2079
f 2077/2077/2077 2079/2079/2079 2080/2080/2080
f 2081/2081/2081 2082/2082/2082 2083/2083/2083
f 2081/2081/2081 2083/2083/2083 2084/2084/2084
f 2085/2085/2085 2086/2086/2086 2087/2087/2087
f 2085/2085/2085 2087/2087/2087 2088/2088/2088
f 2089/2089/2089 2091/2091/2091 2090/2090/2090
f 2092/2092/2092 2093/2093/2093 2094/2094/2094
f 2095/2095/2095 2096/2096/2096 2097/2097/2097
f 2098/2098/2098 2100/2100/2100 2099/2099/2099
f 2101/2101/2101 2102/2102/2102 2103/2103/2103
f 2104/2104/2104 2106/2106/2106 2105/2105/2105
f 2107/2107/2107 2109/2109/2109 2108/2108/2108
f 2110/2110/2110 2111/2111/2111 2112/2112/2112
f 2113/2113/2113 2114/2114/2114 2115/2115/2115
f 2113/2113/2113 2115/2115/2115 2116/2116/2116
f 2117/2117/2117 2118/2118/2118 2119/2119/2119
f 2117/2117/2117 2119/2119/2119 2120/2120/2120
f 2121/2121/2121 2122/2122/2122 2123/2123/2123
f 2121/2121/2121 2123/2123/2123 2124/2124/2124
f 2125/2125/2125 2126/2126/2126 2127/2127/2127
f 2125/2125/2125 2127/2127/2127 2128/2128/2128
f 2129/2129/2129 2130/2130/2130 2131/2131/2131
f 2129/2129/2129 2131/2131/2131 2132/2132/2132
f 2133/2133/2133 2134/2134/2134 2135/2135/2135
f 2133/2133/2133 2135/2135/2135 2136/2136/2136
f 2137/2137/2137 2138/2138/2138 2139/2139/2139
f 2137/2137/2137 2139/2139/2139 2140/2140/2140
f 2141/2141/2141 2142/2142/2142 2143/2143/2143
f 2141/2141/2141 2143/2143/2143 2144/2144/2144
f 2145/2145/2145 2146/2146/2146 2147/2147/2147
f 2145/2145/2145 2147/2147/2147 2148/2148/2148
f 2149/2149/2149 2150/2150/2150 2151/2151/2151
f 2149/2149/2149 2151/2151/2151 2152/2152/2152
f 2153/2153/2153 2154/2154/2154 2155/2155/2155
f 2153/2153/2153 2155/2155/2155 2156/2156/2156
f 2157/2157/2157 2158/2158/2158 2159/2159/2159
f 2157/2157/2157 2159/2159/2159 2160/2160/2160
f 2161/2161/2161 2162/2162/2162 2163/2163/2163
f 2161/2161/2161 2163/2163/2163 2164/2164/2164
f 2165/2165/2165 2166/2166/2166 2167/2167/2167
f 2165/2165/2165 2167/2167/2167 2168/2168/2168
f 2169/2169/2169 2170/2170/2170 2171/2171/2171
f 2169/2169/2169 2171/2171/2171 2172/2172/2172
f 2173/2173/2173 2174/2174/2174 2175/2175/2175
f 2173/2173/2173 2175/2175/2175 2176/2176/2176
f 2177/2177/2177 2178/2178/2178 2179/2179/2179
f 2177/2177/2177 2179/2179/2179 2180/2180/2180
f 2181/2181/2181 2182/2182/2182 2183/2183/2183
f 2181/2181/2181 2183/2183/2183 2184/2184/2184
f 2185/2185/2185 2187/2187/2187 2186/2186/2186
f 2188/2188/2188 2189/2189/2189 2190/2190/2190
f 2191/2191/2191 2192/2192/2192 2193/2193/2193
f 2194/2194/2194 2196/2196/2196 2195/2195/2195
f 2197/2197/2197 2198/2198/2198 2199/2199/2199
f 2200/2200/2200 2202/2202/2202 2201/2201/2201
f 2203/2203/2203 2205/2205/2205 2204/2204/2204
f 2206/2206/2206 2207/2207/2207 2208/2208/2208
f 2209/2209/2209 2210/2210/2210 2211/2211/2211
f 2209/2209/2209 2211/2211/2211 2212/2212/2212
f 2213/2213/2213 2214/2214/2214 2215/2215/2215
f 2213/2213/2213 2215/2215/2215 2216/2216/2216
f 2217/2217/2217 2218/2218/2218 2219/2219/2219
f 2217/2217/2217 2219/2219/2219 2220/2220/2220
f 2221/2221/2221 2222/2222/2222 2223/2223/2223
f 2221/2221/2221 2223/2223/2223 2224/2224/2224
f 2225/2225/2225 2226/2226/2226 2227/2227/2227
f 2225/2225/2225 2227/2227/2227 2228/2228/2228
f 2229/2229/2229 2230/2230/2230 2231/2231/2231
f 2229/2229/2229 2231/2231/2231 2232/2232/2232
f 2233/2233/2233 2234/2234/2234 2235/2235/2235
f 2233/2233/2233 2235/2235/2235 2236/2236/2236
f 2237/2237/2237 2238/2238/2238 2239/2239/2239
f 2237/2237/2237 2239/2239/2239 2240/2240/2240
f 2241/2241/2241 2242/2242/2242 2243/2243/2243
f 2241/2241/2241 2243/2243/2243 2244/2244/2244
f 2245/2245/2245 2246/2246/2246 2247/2247/2247
f 2245/2245/2245 2247/2247/2247 2248/2248/2248
f 2249/2249/2249 2250/2250/2250 2251/2251/2251
f 2249/2249/2249 2251/2251/2251 2252/2252/2252
f 2253/2253/2253 2254/2254/2254 2255/2255/2255
f 2253/2253/2253 2255/2255/2255 2256/2256/2256
f 2257/2257/2257 2258/2258/2258 2259/2259/2259
f 2257/2257/2257 2259/2259/2259 2260/2260/2260
f 2261/2261/2261 2262/2262/2262 2263/2263/2263
f 2261/2261/2261 2263/2263/2263 2264/2264/2264
f 2265/2265/2265 2266/2266/2266 2267/2267/2267
f 2265/2265/2265 2267/2267/2267 2268/2268/2268
f 2269/2269/2269 2270/2270/2270 2271/2271/2271
f 2269/2269/2269 2271/2271/2271 2272/2272/2272
f 2273/2273/2273 2274/2274/2274 2275/2275/2275
f 2273/2273/2273 2275/2275/2275 2276/2276/2276
f 2277/2277/2277 2278/2278/2278 2279/2279/2279
f 2277/2277/2277 2279/2279/2279 2280/2280/2280
f 2281/2281/2281 2283/2283/2283 2282/2282/2282
f 2284/2284/2284 2285/2285/2285 2286/2286/2286
f 2287/2287/2287 2288/2288/2288 2289/2289/2289
f 2290/2290/2290 2292/2292/2292 2291/2291/2291
f 2293/2293/2293 2294/2294/2294 2295/2295/2295
f 2296/2296/2296 2298/2298/2298 2297/2297/2297
f 2299/2299/2299 2301/2301/2301 2300/2300/2300
f 2302/2302/2302 2303/2303/2303 2304/2304/2304
f 2305/2305/2305 2306/2306/2306 2307/2307/2307
f 2305/2305/2305 2307/2307/2307 2308/2308/2308
f 2309/2309/2309 2310/2310/2310 2311/2311/2311
f 2309/2309/2309 2311/2311/2311 2312/2312/2312
f 2313/2313/2313 2314/2314/2314 2315/2315/2315
f 2313/2313/2313 2315/2315/2315 2316/2316/2316
f 2317/2317/2317 2318/2318/2318 2319/2319/2319
f 2317/2317/2317 2319/2319/2319 2320/2320/2320
f 2321/2321/2321 2322/2322/2322 2323/2323/2323
f 2321/2321/2321 2323/2323/2323 2324/2324/2324
f 2325/2325/2325 2326/2326/2326 2327/2327/2327
f 2325/2325/2325 2327/2327/2327 2328/2328/2328
f 2329/2329/2329 2330/2330/2330 2331/2331/2331
f 2329/2329/2329 2331/2331/2331 2332/2332/2332
f 2333/2333/2333 2334/2334/2334 2335/2335/2335
f 2333/2333/2333 2335/2335/2335 2336/2336/2336
f 2337/2337/2337 2338/2338/2338 2339/2339/2339
f 2337/2337/2337 2339/2339/2339 2340/2340/2340
f 2341/2341/2341 2342/2342/2342 2343/2343/2343
f 2341/2341/2341 2343/2343/2343 2344/2344/2344
f 2345/2345/2345 2346/2346/2346 2347/2347/2347
f 2345/2345/2345 2347/2347/2347 2348/2348/2348
f 2349/2349/2349 2350/2350/2350 2351/2351/2351
f 2349/2349/2349 2351/2351/2351 2352/2352/2352
f 2353/2353/2353 2354/2354/2354 2355/2355/2355
f 2353/2353/2353 2355/2355/2355 2356/2356/2356
f 2357/2357/2357 2358/2358/2358 2359/2359/2359
f 2357/2357/2357 2359/2359/2359 2360/2360/2360
f 2361/2361/2361 2362/2362/2362 2363/2363/2363
f 2361/2361/2361 2363/2363/2363 2364/2364/2364
f 2365/2365/2365 2366/2366/2366 2367/2367/2367
f 2365/2365/2365 2367/2367/2367 2368/2368/2368
f 2369/2369/2369 2370/2370/2370 2371/2371/2371
f 2369/2369/2369 2371/2371/2371 2372/2372/2372
f 2373/2373/2373 2374/2374/2374 2375/2375/2375
f 2373/2373/2373 2375/2375/2375 2376/2376/2376
f 2377/2377/2377 2379/2379/2379 2378/2378/2378
f 2380/2380/2380 2381/2381/2381 2382/2382/2382
f 2383/2383/2383 2384/2384/2384 2385/2385/2385
f 2386/2386/2386 2388/2388/2388 2387/2387/2387
f 2389/2389/2389 2390/2390/2390 2391/2391/2391
f 2392/2392/2392 2394/2394/2394 2393/2393/2393
f 2395/2395/2395 2397/2397/2397 2396/2396/2396
f 2398/2398/2398 2399/2399/2399 2400/2400/2400
f 2401/2401/2401 2402/2402/2402 2403/2403/2403
f 2401/2401/2401 2403/2403/2403 2404/2404/2404
f 2405/2405/2405 2406/2406/2406 2407/2407/2407
f 2405/2405/2405 2407/2407/2407 2408/2408/2408
f 2409/2409/2409 2410/2410/2410 2411/2411/2411
f 2409/2409/2409 2411/2411/2411 2412/2412/2412
f 2413/2413/2413 2414/2414/2414 2415/2415/2415
f 2413/2413/2413 2415/2415/2415 2416/2416/2416
f 2417/2417/2417 2418/2418/2418 2419/2419/2419
f 2417/2417/2417 2419/2419/2419 2420/2420/2420
f 2421/2421/2421 2422/2422/2422 2423/2423/2423
f 2421/2421/2421 2423/2423/2423 2424/2424/2424
f 2425/2425/2425 2426/2426/2426 2427/2427/2427
f 2425/2425/2425 2427/2427/2427 2428/2428/2428
f 2429/2429/2429 2430/2430/2430 2431/2431/2431
f 2429/2429/2429 2431/2431/2431 2432/2432/2432
f 2433/2433/2433 2434/2434/2434 2435/2435/2435
f 2433/2433/2433 2435/2435/2435 2436/2436/2436
f 2437/2437/2437 2438/2438/2438 2439/2439/2439
f 2437/2437/2437 2439/2439/2439 2440/2440/2440
f 2441/2441/2441 2442/2442/2442 2443/2443/2443
f 2441/2441/2441 2443/2443/2443 2444/2444/2444
f 2445/2445/2445 2446/2446/2446 2447/2447/2447
f 2445/2445/2445 2447/2447/2447 2448/2448/2448
f 2449/2449/2449 2450/2450/2450 2451/2451/2451
f 2449/2449/2449 2451/2451/2451 2452/2452/2452
f 2453/2453/2453 2454/2454/2454 2455/2455/2455
f 2453/2453/2453 2455/2455/2455 2456/2456/2456
f 2457/2457/2457 2458/2458/2458 2459/2459/2459
f 2457/2457/2457 2459/2459/2459 2460/2460/2460
f 2461/2461/2461 2462/2462/2462 2463/2463/2463
f 2461/2461/2461 2463/2463/2463 2464/2464/2464
f 2465/2465/2465 2466/2466/2466 2467/2467/2467
f 2465/2465/2465 2467/2467/2467 2468/2468/2468
f 2469/2469/2469 2470/2470/2470 2471/2471/2471
f 2469/2469/2469 2471/2471/2471 2472/2472/2472
f 2473/2473/2473 2475/2475/2475 2474/2474/2474
f 2476/2476/2476 2477/2477/2477 2478/2478/2478
f 2479/2479/2479 2480/2480/2480 2481/2481/2481
f 2482/2482/2482 2484/2484/2484 2483/2483/2483
f 2485/2485/2485 2486/2486/2486 2487/2487/2487
f 2488/2488/2488 2490/2490/2490 2489/2489/2489
f 2491/2491/2491 2493/2493/2493 2492/2492/2492
f 2494/2494/2494 2495/2495/2495 2496/2496/2496
f 2497/2497/2497 2498/2498/2498 2499/2499/2499
f 2497/2497/2497 2499/2499/2499 2500/2500/2500
f 2501/2501/2501 2502/2502/2502 2503/2503/2503
f 2501/2501/2501 2503/2503/2503 2504/2504/2504
f 2505/2505/2505 2506/2506/2506 2507/2507/2507
f 2505/2505/2505 2507/2507/2507 2508/2508/2508
f 2509/2509/2509 2510/2510/2510 2511/2511/2511
f 2509/2509/2509 2511/2511/2511 2512/2512/2512
f 2513/2513/2513 2514/2514/2514 2515/2515/2515
f 2513/2513/2513 2515/2515/2515 2516/2516/2516
f 2517/2517/2517 2518/2518/2518 2519/2519/2519
f 2517/2517/2517 2519/2519/2519 2520/2520/2520
f 2521/2521/2521 2522/2522/2522 2523/2523/2523
f 2521/2521/2521 2523/2523/2523 2524/2524/2524
f 2525/2525/2525 2526/2526/2526 2527/2527/2527
f 2525/2525/2525 2527/2527/2527 2528/2528/2528
f 2529/2529/2529 2530/2530/2530 2531/2531/2531
f 2529/2529/2529 2531/2531/2531 2532/2532/2532
f 2533/2533/2533 2534/2534/2534 2535/2535/2535
f 2533/2533/2533 2535/2535/2535 2536/2536/2536
f 2537/2537/2537 2538/2538/2538 2539/2539/2539
f 2537/2537/2537 2539/2539/2539 2540/2540/2540
f 2541/2541/2541 2542/2542/2542 2543/2543/2543
f 2541/2541/2541 2543/2543/2543 2544/2544/2544
f 2545/2545/2545 2546/2546/2546 2547/2547/2547
f 2545/2545/2545 2547/2547/2547 2548/2548/2548
f 2549/2549/2549 2550/2550/2550 2551/2551/2551
f 2549/2549/2549 2551/2551/2551 2552/2552/2552
f 2553/2553/2553 2554/2554/2554 2555/2555/2555
f 2553/2553/2553 2555/2555/2555 2556/2556/2556
f 2557/2557/2557 2558/2558/2558 2559/2559/2559
f 2557/2557/2557 2559/2559/2559 2560/2560/2560
f 2561/2561/2561 2562/2562/2562 2563/2563/2563
f 2561/2561/2561 2563/2563/2563 2564/2564/2564
f 2565/2565/2565 2566/2566/2566 2567/2567/2567
f 2565/2565/2565 2567/2567/2567 2568/2568/2568
f 2569/2569/2569 2571/2571/2571 2570/2570/2570
f 2572/2572/2572 2573/2573/2573 2574/2574/2574
f 2575/2575/2575 2576/2576/2576 2577/2577/2577
f 2578/2578/2578 2580/2580/2580 2579/2579/2579
f 2581/2581/2581 2582/2582/2582 2583/2583/2583
f 2584/2584/2584 2586/2586/2586 2585/2585/2585
f 2587/2587/2587 2589/2589/2589 2588/2588/2588
f 2590/2590/2590 2591/2591/2591 2592/2592/2592
f 2593/2593/2593 2594/2594/2594 2595/2595/2595
f 2593/2593/2593 2595/2595/2595 2596/2596/2596
f 2597/2597/2597 2598/2598/2598 2599/2599/2599
f 2597/2597/2597 2599/2599/2599 2600/2600/2600
f 2601/2601/2601 2602/2602/2602 2603/2603/2603
f 2601/2601/2601 2603/2603/2603 2604/2604/2604
f 2605/2605/2605 2606/2606/2606 2607/2607/2607
f 2605/2605/2605 2607/2607/2607 2608/2608/2608
f 2609/2609/2609 2610/2610/2610 2611/2611/2611
f 2609/2609/2609 2611/2611/2611 2612/2612/2612
f 2613/2613/2613 2614/2614/2614 2615/2615/2615
f 2613/2613/2613 2615/2615/2615 2616/2616/2616
f 2617/2617/2617 2618/2618/2618 2619/2619/2619
f 2617/2617/2617 2619/2619/2619 2620/2620/2620
f 2621/2621/2621 2622/2622/2622 2623/2623/2623
f 2621/2621/2621 2623/2623/2623 2624/2624/2624
f 2625/2625/2625 2626/2626/2626 2627/2627/2627
f 2625/2625/2625 2627/2627/2627 2628/2628/2628
f 2629/2629/2629 2630/2630/2630 2631/2631/2631
f 2629/2629/2629 2631/2631/2631 2632/2632/2632
f 2633/2633/2633 2634/2634/2634 2635/2635/2635
f 2633/2633/2633 2635/2635/2635 2636/2636/2636
f 2637/2637/2637 2638/2638/2638 2639/2639/2639
f 2637/2637/2637 2639/2639/2639 2640/2640/2640
f 2641/2641/2641 2642/2642/2642 2643/2643/2643
f 2641/2641/2641 2643/2643/2643 2644/2644/2644
f 2645/2645/2645 2646/2646/2646 2647/2647/2647
f 2645/2645/2645 2647/2647/2647 2648/2648/2648
f 2649/2649/2649 2650/2650/2650 2651/2651/2651
f 2649/2649/2649 2651/2651/2651 2652/2652/2652
f 2653/2653/2653 2654/2654/2654 2655/2655/2655
f 2653/2653/2653 2655/2655/2655 2656/2656/2656
f 2657/2657/2657 2658/2658/2658 2659/2659/2659
f 2657/2657/2657 2659/2659/2659 2660/2660/2660
f 2661/2661/2661 2662/2662/2662 2663/2663/2663
f 2661/2661/2661 2663/2663/2663 2664/2664/2664
f 2665/2665/2665 2667/2667/2667 2666/2666/2666
f 2668/2668/2668 2669/2669/2669 2670/2670/2670
f 2671/2671/2671 2672/2672/2672 2673/2673/2673
f 2674/2674/2674 2676/2676/2676 2675/2675/2675
f 2677/2677/2677 2678/2678/2678 2679/2679/2679
f 2680/2680/2680 2682/2682/2682 2681/2681/2681
f 2683/2683/2683 2685/2685/2685 2684/2684/2684
f 2686/2686/2686 2687/2687/2687 2688/2688/2688
f 2689/2689/2689 2690/2690/2690 2691/2691/2691
f 2689/2689/2689 2691/2691/2691 2692/2692/2692
f 2693/2693/2693 2694/2694/2694 2695/2695/2695
f 2693/2693/2693 2695/2695/2695 2696/2696/2696
f 2697/2697/2697 2698/2698/2698 2699/2699/2699
f 2697/2697/2697 2699/2699/2699 2700/2700/2700
f 2701/2701/2701 2702/2702/2702 2703/2703/2703
f 2701/2701/2701 2703/2703/2703 2704/2704/2704
f 2705/2705/2705 2706/2706/2706 2707/2707/2707
f 2705/2705/2705 2707/2707/2707 2708/2708/2708
f 2709/2709/2709 2710/2710/2710 2711/2711/2711
f 2709/2709/2709 2711/2711/2711 2712/2712/2712
f 2713/2713/2713 2714/2714/2714 2715/2715/2715
f 2713/2713/2713 2715/2715/2715 2716/2716/2716
f 2717/2717/2717 2718/2718/2718 2719/2719/2719
f 2717/2717/2717 2719/2719/2719 2720/2720/2720
f 2721/2721/2721 2722/2722/2722 2723/2723/2723
f 2721/2721/2721 2723/2723/2723 2724/2724/2724
f 2725/2725/2725 2726/2726/2726 2727/2727/2727
f 2725/2725/2725 2727/2727/2727 2728/2728/2728
f 2729/2729/2729 2730/2730/2730 2731/2731/2731
f 2729/2729/2729 2731/2731/2731 2732/2732/2732
f 2733/2733/2733 2734/2734/2734 2735/2735/2735
f 2733/2733/2733 2735/2735/2735 2736/2736/2736
f 2737/2737/2737 2738/2738/2738 2739/2739/2739
f 2737/2737/2737 2739/2739/2739 2740/2740/2740
f 2741/2741/2741 2742/2742/2742 2743/2743/2743
f 2741/2741/2741 2743/2743/2743 2744/2744/2744
f 2745/2745/2745 2746/2746/2746 2747/2747/2747
f 2745/2745/2745 2747/2747/2747 2748/2748/2748
f 2749/2749/2749 2750/2750/2750 2751/2751/2751
f 2749/2749/2749 2751/2751/2751 2752/2752/2752
f 2753/2753/2753 2754/2754/2754 2755/2755/2755
f 2753/2753/2753 2755/2755/2755 2756/2756/2756
f 2757/2757/2757 2758/2758/2758 2759/2759/2759
f 2757/2757/2757 2759/2759/2759 2760/2760/2760
f 2761/2761/2761 2763/2763/2763 2762/2762/2762
f 2764/2764/2764 2765/2765/2765 2766/2766/2766
f 2767/2767/2767 2768/2768/2768 2769/2769/2769
f 2770/2770/2770 2772/2772/2772 2771/2771/2771
f 2773/2773/2773 2774/2774/2774 2775/2775/2775
f 2776/2776/2776 2778/2778/2778 2777/2777/2777
f 2779/2779/2779 2781/2781/2781 2780/2780/2780
f 2782/2782/2782 2783/2783/2783 2784/2784/2784
f 2785/2785/2785 2786/2786/2786 2787/2787/2787
f 2785/2785/2785 2787/2787/2787 2788/2788/2788
f 2789/2789/2789 2790/2790/2790 2791/2791/2791
f 2789/2789/2789 2791/2791/2791 2792/2792/2792
f 2793/2793/2793 2794/2794/2794 2795/2795/2795
f 2793/2793/2793 2795/2795/2795 2796/2796/2796
f 2797/2797/2797 2798/2798/2798 2799/2799/2799
f 2797/2797/2797 2799/2799/2799 2800/2800/2800
f 2801/2801/2801 2802/2802/2802 2803/2803/2803
f 2801/2801/2801 2803/2803/2803 2804/2804/2804
f 2805/2805/2805 2806/2806/2806 2807/2807/2807
f 2805/2805/2805 2807/2807/2807 2808/2808/2808
f 2809/2809/2809 2810/2810/2810 2811/2811/2811
f 2809/2809/2809 2811/2811/2811 2812/2812/2812
f 2813/2813/2813 2814/2814/2814 2815/2815/2815
f 2813/2813/2813 2815/2815/2815 2816/2816/2816
f 2817/2817/2817 2818/2818/2818 2819/2819/2819
f 2817/2817/2817 2819/2819/2819 2820/2820/2820
f 2821/2821/2821 2822/2822/2822 2823/2823/2823
f 2821/2821/2821 2823/2823/2823 2824/2824/2824
f 2825/2825/2825 2826/2826/2826 2827/2827/2827
f 2825/2825/2825 2827/2827/2827 2828/2828/2828
f 2829/2829/2829 2830/2830/2830 2831/2831/2831
f 2829/2829/2829 2831/2831/2831 2832/2832/2832
f 2833/2833/2833 2834/2834/2834 2835/2835/2835
f 2833/2833/2833 2835/2835/2835 2836/2836/2836
f 2837/2837/2837 2838/2838/2838 2839/2839/2839
f 2837/2837/2837 2839/2839/2839 2840/2840/2840
f 2841/2841/2841 2842/2842/2842 2843/2843/2843
f 2841/2841/2841 2843/2843/2843 2844/2844/2844
f 2845/2845/2845 2846/2846/2846 2847/2847/2847
f 2845/2845/2845 2847/2847/2847 2848/2848/2848
f 2849/2849/2849 2850/2850/2850 2851/2851/2851
f 2849/2849/2849 2851/2851/2851 2852/2852/2852
f 2853/2853/2853 2854/2854/2854 2855/2855/2855
f 2853/2853/2853 2855/2855/2855 2856/2856/2856
f 2857/2857/2857 2859/2859/2859 2858/2858/2858
f 2860/2860/2860 2861/2861/2861 2862/2862/2862
f 2863/2863/2863 2864/2864/2864 2865/2865/2865
f 2866/2866/2866 2868/2868/2868 2867/2867/2867
f 2869/2869/2869 2870/2870/2870 2871/2871/2871
f 2872/2872/2872 2874/2874/2874 2873/2873/2873
f 2875/2875/2875 2877/2877/2877 2876/2876/2876
f 2878/2878/2878 2879/2879/2879 2880/2880/2880
f 2881/2881/2881 2882/2882/2882 2883/2883/2883
f 2881/2881/2881 2883/2883/2883 2884/2884/2884
f 2885/2885/2885 2886/2886/2886 2887/2887/2887
f 2885/2885/2885 2887/2887/2887 2888/2888/2888
f 2889/2889/2889 2890/2890/2890 2891/2891/2891
f 2889/2889/2889 2891/2891/2891 2892/2892/2892
f 2893/2893/2893 2894/2894/2894 2895/2895/2895
f 2893/2893/2893 2895/2895/2895 2896/2896/2896
f 2897/2897/2897 2898/2898/2898 2899/2899/2899
f 2897/2897/2897 2899/2899/2899 2900/2900/2900
f 2901/2901/2901 2902/2902/2902 2903/2903/2903
f 2901/2901/2901 2903/2903/2903 2904/2904/2904
f 2905/2905/2905 2906/2906/2906 2907/2907/2907
f 2905/2905/2905 2907/2907/2907 2908/2908/2908
f 2909/2909/2909 2910/2910/2910 2911/2911/2911
f 2909/2909/2909 2911/2911/2911 2912/2912/2912
f 2913/2913/2913 2914/2914/2914 2915/2915/2915
f 2913/2913/2913 2915/2915/2915 2916/2916/2916
f 2917/2917/2917 2918/2918/2918 2919/2919/2919
f 2917/2917/2917 2919/2919/2919 2920/2920/2920
f 2921/2921/2921 2922/2922/2922 2923/2923/2923
f 2921/2921/2921 2923/2923/2923 2924/2924/2924
f 2925/2925/2925 2926/2926/2926 2927/2927/2927
f 2925/2925/2925 2927/2927/2927 2928/2928/2928
f 2929/2929/2929 2930/2930/2930 2931/2931/2931
f 2929/2929/2929 2931/2931/2931 2932/2932/2932
f 2933/2933/2933 2934/2934/2934 2935/2935/2935
f 2933/2933/2933 2935/2935/2935 2936/2936/2936
f 2937/2937/2937 2938/2938/2938 2939/2939/2939
f 2937/2937/2937 2939/2939/2939 2940/2940/2940
f 2941/2941/2941 2942/2942/2942 2943/2943/2943
f 2941/2941/2941 2943/2943/2943 2944/2944/2944
f 2945/2945/2945 2946/2946/2946 2947/2947/2947
f 2945/2945/2945 2947/2947/2947 2948/2948/2948
f 2949/2949/2949 2950/2950/2950 2951/2951/2951
f 2949/2949/2949 2951/2951/2951 2952/2952/2952
f 2953/2953/2953 2955/2955/2955 2954/2954/2954
f 2956/2956/2956 2957/2957/2957 2958/2958/2958
f 2959/2959/2959 2960/2960/2960 2961/2961/2961
f 2962/2962/2962 2964/2964/2964 2963/2963/2963
f 2965/2965/2965 2966/2966/2966 2967/2967/2967
f 2968/2968/2968 2970/2970/2970 2969/2969/2969
f 2971/2971/2971 2973/2973/2973 2972/2972/2972
f 2974/2974/2974 2975/2975/2975 2976/2976/2976
f 2977/2977/2977 2978/2978/2978 2979/2979/2979
f 2977/2977/2977 2979/2979/2979 2980/2980/2980
f 2981/2981/2981 2982/2982/2982 2983/2983/2983
f 2981/2981/2981 2983/2983/2983 2984/2984/2984
f 2985/2985/2985 2986/2986/2986 2987/2987/2987
f 2985/2985/2985 2987/2987/2987 2988/2988/2988
f 2989/2989/2989 2990/2990/2990 2991/2991/2991
f 2989/2989/2989 2991/2991/2991 2992/2992/2992
f 2993/2993/2993 2994/2994/2994 2995/2995/2995
f 2993/2993/2993 2995/2995/2995 2996/2996/2996
f 2997/2997/2997 2998/2998/2998 2999/2999/2999
f 2997/2997/2997 2999/2999/2999 3000/3000/3000
f 3001/3001/3001 3002/3002/3002 3003/3003/3003
f 3001/3001/3001 3003/3003/3003 3004/3004/3004
f 3005/3005/3005 3006/3006/3006 3007/3007/3007
f 3005/3005/3005 3007/3007/3007 3008/3008/3008
f 3009/3009/3009 3010/3010/3010 3011/3011/3011
f 3009/3009/3009 3011/3011/3011 3012/3012/3012
f 3013/3013/3013 3014/3014/3014 3015/3015/3015
f 3013/3013/3013 3015/3015/3015 3016/3016/3016
f 3017/3017/3017 3018/3018/3018 3019/3019/3019
f 3017/3017/3017 3019/3019/3019 3020/3020/3020
f 3021/3021/3021 3022/3022/3022 3023/3023/3023
f 3021/3021/3021 3023/3023/3023 3024/3024/3024
f 3025/3025/3025 3026/3026/3026 3027/3027/3027
f 3025/3025/3025 3027/3027/3027 3028/3028/3028
f 3029/3029/3029 3030/3030/3030 3031/3031/3031
f 3029/3029/3029 3031/3031/3031 3032/3032/3032
f 3033/3033/3033 3034/3034/3034 3035/3035/3035
f 3033/3033/3033 3035/3035/3035 3036/3036/3036
f 3037/3037/3037 3038/3038/3038 3039/3039/3039
f 3037/3037/3037 3039/3039/3039 3040/3040/3040
f 3041/3041/3041 3042/3042/3042 3043/3043/3043
f 3041/3041/3041 3043/3043/3043 3044/3044/3044
f 3045/3045/3045 3046/3046/3046 3047/3047/3047
f 3045/3045/3045 3047/3047/3047 3048/3048/3048
f 3049/3049/3049 3051/3051/3051 3050/3050/3050
f 3052/3052/3052 3053/3053/3053 3054/3054/3054
f 3055/3055/3055 3056/3056/3056 3057/3057/3057
f 3058/3058/3058 3060/3060/3060 3059/3059/3059
f 3061/3061/3061 3062/3062/3062 3063/3063/3063
f 3064/3064/3064 3066/3066/3066 3065/3065/3065
f 3067/3067/3067 3069/3069/3069 3068/3068/3068
f 3070/3070/3070 3071/3071/3071 3072/3072/3072
f 3073/3073/3073 3074/3074/3074 3075/3075/3075
f 3073/3073/3073 3075/3075/3075 3076/3076/3076
f 3077/3077/3077 3078/3078/3078 3079/3079/3079
f 3077/3077/3077 3079/3079/3079 3080/3080/3080
f 3081/3081/3081 3082/3082/3082 3083/3083/3083
f 3081/3081/3081 3083/3083/3083 3084/3084/3084
f 3085/3085/3085 3086/3086/3086 3087/3087/3087
f 3085/3085/3085 3087/3087/3087 3088/3088/3088
f 3089/3089/3089 3090/3090/3090 3091/3091/3091
f 3089/3089/3089 3091/3091/3091 3092/3092/3092
f 3093/3093/3093 3094/3094/3094 3095/3095/3095
f 3093/3093/3093 3095/3095/3095 3096/3096/3096
f 3097/3097/3097 3098/3098/3098 3099/3099/3099
f 3097/3097/3097 3099/3099/3099 3100/3100/3100
f 3101/3101/3101 3102/3102/3102 3103/3103/3103
f 3101/3101/3101 3103/3103/3103 3104/3104/3104
f 3105/3105/3105 3106/3106/3106 3107/3107/3107
f 3105/3105/3105 3107/3107/3107 3108/3108/3108
f 3109/3109/3109 3110/3110/3110 3111/3111/3111
f 3109/3109/3109 3111/3111/3111 3112/3112/3112
f 3113/3113/3113 3114/3114/3114 3115/3115/3115
f 3113/3113/3113 3115/3115/3115 3116/3116/3116
f 3117/3117/3117 3118/3118/3118 3119/3119/3119
f 3117/3117/3117 3119/3119/3119 3120/3120/3120
f 3121/3121/3121 3122/3122/3122 3123/3123/3123
f 3121/3121/3121 3123/3123/3123 3124/3124/3124
f 3125/3125/3125 3126/3126/3126 3127/3127/3127
f 3125/3125/3125 3127/3127/3127 3128/3128/3128
f 3129/3129/3129 3130/3130/3130 3131/3131/3131
f 3129/3129/3129 3131/3131/3131 3132/3132/3132
f 3133/3133/3133 3134/3134/3134 3135/3135/3135
f 3133/3133/3133 3135/3135/3135 3136/3136/3136
f 3137/3137/3137 3138/3138/3138 3139/3139/3139
f 3137/3137/3137 3139/3139/3139 3140/3140/3140
f 3141/3141/3141 3142/3142/3142 3143/3143/3143
f 3141/3141/3141 3143/3143/3143 3144/3144/3144
f 3145/3145/3145 3147/3147/3147 3146/3146/3146
f 3148/3148/3148 3149/3149/3149 3150/3150/3150
f 3151/3151/3151 3152/3152/3152 3153/3153/3153
f 3154/3154/3154 3156/3156/3156 3155/3155/3155
f 3157/3157/3157 3158/3158/3158 3159/3159/3159
f 3160/3160/3160 3162/3162/3162 3161/3161/3161
f 3163/3163/3163 3165/3165/3165 3164/3164/3164
f 3166/3166/3166 3167/3167/3167 3168/3168/3168
f 3169/3169/3169 3170/3170/3170 3171/3171/3171
f 3169/3169/3169 3171/3171/3171 3172/3172/3172
f 3173/3173/3173 3174/3174/3174 3175/3175/3175
f 3173/3173/3173 3175/3175/3175 3176/3176/3176
f 3177/3177/3177 3178/3178/3178 3179/3179/3179
f 3177/3177/3177 3179/3179/3179 3180/3180/3180
f 3181/3181/3181 3182/3182/3182 3183/3183/3183
f 3181/3181/3181 3183/3183/3183 3184/3184/3184
f 3185/3185/3185 3186/3186/3186 3187/3187/3187
f 3185/3185/3185 3187/3187/3187 3188/3188/3188
f 3189/3189/3189 3190/3190/3190 3191/3191/3191
f 3189/3189/3189 3191/3191/3191 3192/3192/3192
f 3193/3193/3193 3194/3194/3194 3195/3195/3195
f 3193/3193/3193 3195/3195/3195 3196/3196/3196
f 3197/3197/3197 3198/3198/3198 3199/3199/3199
f 3197/3197/3197 3199/3199/3199 3200/3200/3200
f 3201/3201/3201 3202/3202/3202 3203/3203/3203
f 3201/3201/3201 3203/3203/3203 3204/3204/3204
f 3205/3205/3205 3206/3206/3206 3207/3207/3207
f 3205/3205/3205 3207/3207/3207 3208/3208/3208
f 3209/3209/3209 3210/3210/3210 3211/3211/3211
f 3209/3209/3209 3211/3211/3211 3212/3212/3212
f 3213/3213/3213 3214/3214/3214 3215/3215/3215
f 3213/3213/3213 3215/3215/3215 3216/3216/3216
f 3217/3217/3217 3218/3218/3218 3219/3219/3219
f 3217/3217/3217 3219/3219/3219 3220/3220/3220
f 3221/3221/3221 3222/3222/3222 3223/3223/3223
f 3221/3221/3221 3223/3223/3223 3224/3224/3224
f 3225/3225/3225 3226/3226/3226 3227/3227/3227
f 3225/3225/3225 3227/3227/3227 3228/3228/3228
f 3229/3229/3229 3230/3230/3230 3231/3231/3231
f 3229/3229/3229 3231/3231/3231 3232/3232/3232
f 3233/3233/3233 3234/3234/3234 3235/3235/3235
f 3233/3233/3233 3235/3235/3235 3236/3236/3236
f 3237/3237/3237 3238/3238/3238 3239/3239/3239
f 3237/3237/3237 3239/3239/3239 3240/3240/3240
f 3241/3241/3241 3243/3243/3243 3242/3242/3242
f 3244/3244/3244 3245/3245/3245 3246/3246/3246
f 3247/3247/3247 3248/3248/3248 3249/3249/3249
f 3250/3250/3250 3252/3252/3252 3251/3251/3251
f 3253/3253/3253 3254/3254/3254 3255/3255/3255
f 3256/3256/3256 3258/3258/3258 3257/3257/3257
f 3259/3259/3259 3261/3261/3261 3260/3260/3260
f 3262/3262/3262 3263/3263/3263 3264/3264/3264
f 3265/3265/3265 3266/3266/3266 3267/3267/3267
f 3265/3265/3265 3267/3267/3267 3268/3268/3268
f 3269/3269/3269 3270/3270/3270 3271/3271/3271
f 3269/3269/3269 3271/3271/3271 3272/3272/3272
f 3273/3273/3273 3274/3274/3274 3275/3275/3275
f 3273/3273/3273 3275/3275/3275 3276/3276/3276
f 3277/3277/3277 3278/3278/3278 3279/3279/3279
f 3277/3277/3277 3279/3279/3279 3280/3280/3280
f 3281/3281/3281 3282/3282/3282 3283/3283/3283
f 3281/3281/3281 3283/3283/3283 3284/3284/3284
f 3285/3285/3285 3286/3286/3286 3287/3287/3287
f 3285/3285/3285 3287/3287/3287 3288/3288/3288
f 3289/3289/3289 3290/3290/3290 3291/3291/3291
f 3289/3289/3289 3291/3291/3291 3292/3292/3292
f 3293/3293/3293 3294/3294/3294 3295/3295/3295
f 3293/3293/3293 3295/3295/3295 3296/3296/3296
f 3297/3297/3297 3298/3298/3298 3299/3299/3299
f 3297/3297/3297 3299/3299/3299 3300/3300/3300
f 3301/3301/3301 3302/3302/3302 3303/3303/3303
f 3301/3301/3301 3303/3303/3303 3304/3304/3304
f 3305/3305/3305 3306/3306/3306 3307/3307/3307
f 3305/3305/3305 3307/3307/3307 3308/3308/3308
f 3309/3309/3309 3310/3310/3310 3311/3311/3311
f 3309/3309/3309 3311/3311/3311 3312/3312/3312
f 3313/3313/3313 3314/3314/3314 3315/3315/3315
f 3313/3313/3313 3315/3315/3315 3316/3316/3316
f 3317/3317/3317 3318/3318/3318 3319/3319/3319
f 3317/3317/3317 3319/3319/3319 3320/3320/3320
f 3321/3321/3321 3322/3322/3322 3323/3323/3323
f 3321/3321/3321 3323/3323/3323 3324/3324/3324
f 3325/3325/3325 3326/3326/3326 3327/3327/3327
f 3325/3325/3325 3327/3327/3327 3328/3328/3328
f 3329/3329/3329 3330/3330/3330 3331/3331/3331
f 3329/3329/3329 3331/3331/3331 3332/3332/3332
f 3333/3333/3333 3334/3334/3334 3335/3335/3335
f 3333/3333/3333 3335/3335/3335 3336/3336/3336
f 3337/3337/3337 3339/3339/3339 3338/3338/3338
f 3340/3340/3340 3341/3341/3341 3342/3342/3342
f 3343/3343/3343 3344/3344/3344 3345/3345/3345
f 3346/3346/3346 3348/3348/3348 3347/3347/3347
f 3349/3349/3349 3350/3350/3350 3351/3351/3351
f 3352/3352/3352 3354/3354/3354 3353/3353/3353
f 3355/3355/3355 3357/3357/3357 3356/3356/3356
f 3358/3358/3358 3359/3359/3359 3360/3360/3360
f 3361/3361/3361 3362/3362/3362 3363/3363/3363
f 3361/3361/3361 3363/3363/3363 3364/3364/3364
f 3365/3365/3365 3366/3366/3366 3367/3367/3367
f 3365/3365/3365 3367/3367/3367 3368/3368/3368
f 3369/3369/3369 3370/3370/3370 3371/3371/3371
f 3369/3369/3369 3371/3371/3371 3372/3372/3372
f 3373/3373/3373 3374/3374/3374 3375/3375/3375
f 3373/3373/3373 3375/3375/3375 3376/3376/3376
f 3377/3377/3377 3378/3378/3378 3379/3379/3379
f 3377/3377/3377 3379/3379/3379 3380/3380/3380
f 3381/3381/3381 3382/3382/3382 3383/3383/3383
f 3381/3381/3381 3383/3383/3383 3384/3384/3384
f 3385/3385/3385 3386/3386/3386 3387/3387/3387
f 3385/3385/3385 3387/3387/3387 3388/3388/3388
f 3389/3389/3389 3390/3390/3390 3391/3391/3391
f 3389/3389/3389 3391/3391/3391 3392/3392/3392
f 3393/3393/3393 3394/3394/3394 3395/3395/3395
f 3393/3393/3393 3395/3395/3395 3396/3396/3396
f 3397/3397/3397 3398/3398/3398 3399/3399/3399
f 3397/3397/3397 3399/3399/3399 3400/3400/3400
f 3401/3401/3401 3402/3402/3402 3403/3403/3403
f 3401/3401/3401 3403/3403/3403 3404/3404/3404
f 3405/3405/3405 3406/3406/3406 3407/3407/3407
f 3405/3405/3405 3407/3407/3407 3408/3408/3408
f 3409/3409/3409 3410/3410/3410 3411/3411/3411
f 3409/3409/3409 3411/3411/3411 3412/3412/3412
f 3413/3413/3413 3414/3414/3414 3415/3415/3415
f 3413/3413/3413 3415/3415/3415 3416/3416/3416
f 3417/3417/3417 3418/3418/3418 3419/3419/3419
f 3417/3417/3417 3419/3419/3419 3420/3420/3420
f 3421/3421/3421 3422/3422/3422 3423/3423/3423
f 3421/3421/3421 3423/3423/3423 3424/3424/3424
f 3425/3425/3425 3426/3426/3426 3427/3427/3427
f 3425/3425/3425 3427/3427/3427 3428/3428/3428
f 3429/3429/3429 3430/3430/3430 3431/3431/3431
f 3429/3429/3429 3431/3431/3431 3432/3432/3432
f 3433/3433/3433 3435/3435/3435 3434/3434/3434
f 3436/3436/3436 3437/3437/3437 3438/3438/3438
f 3439/3439/3439 3440/3440/3440 3441/3441/3441
f 3442/3442/3442 3444/3444/3444 3443/3443/3443
f 3445/3445/3445 3446/3446/3446 3447/3447/3447
f 3448/3448/3448 3450/3450/3450 3449/3449/3449
f 3451/3451/3451 3453/3453/3453 3452/3452/3452
f 3454/3454/3454 3455/3455/3455 3456/3456/3456
f 3457/3457/3457 3458/3458/3458 3459/3459/3459
f 3457/3457/3457 3459/3459/3459 3460/3460/3460
f 3461/3461/3461 3462/3462/3462 3463/3463/3463
f 3461/3461/3461 3463/3463/3463 3464/3464/3464
f 3465/3465/3465 3466/3466/3466 3467/3467/3467
f 3465/3465/3465 3467/3467/3467 3468/3468/3468
f 3469/3469/3469 3470/3470/3470 3471/3471/3471
f 3469/3469/3469 3471/3471/3471 3472/3472/3472
f 3473/3473/3473 3474/3474/3474 3475/3475/3475
f 3473/3473/3473 3475/3475/3475 3476/3476/3476
f 3477/3477/3477 3478/3478/3478 3479/3479/3479
f 3477/3477/3477 3479/3479/3479 3480/3480/3480
f 3481/3481/3481 3482/3482/3482 3483/3483/3483
f 3481/3481/3481 3483/3483/3483 3484/3484/3484
f 3485/3485/3485 3486/3486/3486 3487/3487/3487
f 3485/3485/3485 3487/3487/3487 3488/3488/3488
f 3489/3489/3489 3490/3490/3490 3491/3491/3491
f 3489/3489/3489 3491/3491/3491 3492/3492/3492
f 3493/3493/3493 3494/3494/3494 3495/3495/3495
f 3493/3493/3493 3495/3495/3495 3496/3496/3496
f 3497/3497/3497 3498/3498/3498 3499/3499/3499
f 3497/3497/3497 3499/3499/3499 3500/3500/3500
f 3501/3501/3501 3502/3502/3502 3503/3503/3503
f 3501/3501/3501 3503/3503/3503 3504/3504/3504
f 3505/3505/3505 3506/3506/3506 3507/3507/3507
f 3505/3505/3505 3507/3507/3507 3508/3508/3508
f 3509/3509/3509 3510/3510/3510 3511/3511/3511
f 3509/3509/3509 3511/3511/3511 3512/3512/3512
f 3513/3513/3513 3514/3514/3514 3515/3515/3515
f 3513/3513/3513 3515/3515/3515 3516/3516/3516
f 3517/3517/3517 3518/3518/3518 3519/3519/3519
f 3517/3517/3517 3519/3519/3519 3520/3520/3520
f 3521/3521/3521 3522/3522/3522 3523/3523/3523
f 3521/3521/3521 3523/3523/3523 3524/3524/3524
f 3525/3525/3525 3526/3526/3526 3527/3527/3527
f 3525/3525/3525 3527/3527/3527 3528/3528/3528
f 3529/3529/3529 3531/3531/3531 3530/3530/3530
f 3532/3532/3532 3533/3533/3533 3534/3534/3534
f 3535/3535/3535 3536/3536/3536 3537/3537/3537
f 3538/3538/3538 3540/3540/3540 3539/3539/3539
f 3541/3541/3541 3542/3542/3542 3543/3543/3543
f 3544/3544/3544 3546/3546/3546 3545/3545/3545
f 3547/3547/3547 3549/3549/3549 3548/3548/3548
f 3550/3550/3550 3551/3551/3551 3552/3552/3552
f 3553/3553/3553 3554/3554/3554 3555/3555/3555
f 3553/3553/3553 3555/3555/3555 3556/3556/3556
f 3557/3557/3557 3558/3558/3558 3559/3559/3559
f 3557/3557/3557 3559/3559/3559 3560/3560/3560
f 3561/3561/3561 3562/3562/3562 3563/3563/3563
f 3561/3561/3561 3563/3563/3563 3564/3564/3564
f 3565/3565/3565 3566/3566/3566 3567/3567/3567
f 3565/3565/3565 3567/3567/3567 3568/3568/3568
f 3569/3569/3569 3570/3570/3570 3571/3571/3571
f 3569/3569/3569 3571/3571/3571 3572/3572/3572
f 3573/3573/3573 3574/3574/3574 3575/3575/3575
f 3573/3573/3573 3575/3575/3575 3576/3576/3576
f 3577/3577/3577 3578/3578/3578 3579/3579/3579
f 3577/3577/3577 3579/3579/3579 3580/3580/3580
f 3581/3581/3581 3582/3582/3582 3583/3583/3583
f 3581/3581/3581 3583/3583/3583 3584/3584/3584
f 3585/3585/3585 3586/3586/3586 3587/3587/3587
f 3585/3585/3585 3587/3587/3587 3588/3588/3588
f 3589/3589/3589 3590/3590/3590 3591/3591/3591
f 3589/3589/3589 3591/3591/3591 3592/3592/3592
f 3593/3593/3593 3594/3594/3594 3595/3595/3595
f 3593/3593/3593 3595/3595/3595 3596/3596/3596
f 3597/3597/3597 3598/3598/3598 3599/3599/3599
f 3597/3597/3597 3599/3599/3599 3600/3600/3600
f 3601/3601/3601 3602/3602/3602 3603/3603/3603
f 3601/3601/3601 3603/3603/3603 3604/3604/3604
f 3605/3605/3605 3606/3606/3606 3607/3607/3607
f 3605/3605/3605 3607/3607/3607 3608/3608/3608
f 3609/3609/3609 3610/3610/3610 3611/3611/3611
f 3609/3609/3609 3611/3611/3611 3612/3612/3612
f 3613/3613/3613 3614/3614/3614 3615/3615/3615
f 3613/3613/3613 3615/3615/3615 3616/3616/3616
f 3617/3617/3617 3618/3618/3618 3619/3619/3619
f 3617/3617/3617 3619/3619/3619 3620/3620/3620
f 3621/3621/3621 3622/3622/3622 3623/3623/3623
f 3621/3621/3621 3623/3623/3623 3624/3624/3624
f 3625/3625/3625 3627/3627/3627 3626/3626/3626
f 3628/3628/3628 3629/3629/3629 3630/3630/3630
f 3631/3631/3631 3632/3632/3632 3633/3633/3633
f 3634/3634/3634 3636/3636/3636 3635/3635/3635
f 3637/3637/3637 3638/3638/3638 3639/3639/3639
f 3640/3640/3640 3642/3642/3642 3641/3641/3641
f 3643/3643/3643 3645/3645/3645 3644/3644/3644
f 3646/3646/3646 3647/3647/3647 3648/3648/3648
f 3649/3649/3649 3650/3650/3650 3651/3651/3651
f 3649/3649/3649 3651/3651/3651 3652/3652/3652
f 3653/3653/3653 3654/3654/3654 3655/3655/3655
f 3653/3653/3653 3655/3655/3655 3656/3656/3656
f 3657/3657/3657 3658/3658/3658 3659/3659/3659
f 3657/3657/3657 3659/3659/3659 3660/3660/3660
f 3661/3661/3661 3662/3662/3662 3663/3663/3663
f 3661/3661/3661 3663/3663/3663 3664/3664/3664
f 3665/3665/3665 3666/3666/3666 3667/3667/3667
f 3665/3665/3665 3667/3667/3667 3668/3668/3668
f 3669/3669/3669 3670/3670/3670 3671/3671/3671
f 3669/3669/3669 3671/3671/3671 3672/3672/3672
f 3673/3673/3673 3674/3674/3674 3675/3675/3675
f 3673/3673/3673 3675/3675/3675 3676/3676/3676
f 3677/3677/3677 3678/3678/3678 3679/3679/3679
f 3677/3677/3677 3679/3679/3679 3680/3680/3680
f 3681/3681/3681 3682/3682/3682 3683/3683/3683
f 3681/3681/3681 3683/3683/3683 3684/3684/3684
f 3685/3685/3685 3686/3686/3686 3687/3687/3687
f 3685/3685/3685 3687/3687/3687 3688/3688/3688
f 3689/3689/3689 3690/3690/3690 3691/3691/3691
f 3689/3689/3689 3691/3691/3691 3692/3692/3692
f 3693/3693/3693 3694/3694/3694 3695/3695/3695
f 3693/3693/3693 3695/3695/3695 3696/3696/3696
f 3697/3697/3697 3698/3698/3698 3699/3699/3699
f 3697/3697/3697 3699/3699/3699 3700/3700/3700
f 3701/3701/3701 3702/3702/3702 3703/3703/3703
f 3701/3701/3701 3703/3703/3703 3704/3704/3704
f 3705/3705/3705 3706/3706/3706 3707/3707/3707
f 3705/3705/3705 3707/3707/3707 3708/3708/3708
f 3709/3709/3709 3710/3710/3710 3711/3711/3711
f 3709/3709/3709 3711/3711/3711 3712/3712/3712
f 3713/3713/3713 3714/3714/3714 3715/3715/3715
f 3713/3713/3713 3715/3715/3715 3716/3716/3716
f 3717/3717/3717 3718/3718/3718 3719/3719/3719
f 3717/3717/3717 3719/3719/3719 3720/3720/3720
f 3721/3721/3721 3723/3723/3723 3722/3722/3722
f 3724/3724/3724 3725/3725/3725 3726/3726/3726
f 3727/3727/3727 3728/3728/3728 3729/3729/3729
f 3730/3730/3730 3732/3732/3732 3731/3731/3731
f 3733/3733/3733 3734/3734/3734 3735/3735/3735
f 3736/3736/3736 3738/3738/3738 3737/3737/3737
f 3739/3739/3739 3741/3741/3741 3740/3740/3740
f 3742/3742/3742 3743/3743/3743 3744/3744/3744
f 3745/3745/3745 3746/3746/3746 3747/3747/3747
f 3745/3745/3745 3747/3747/3747 3748/3748/3748
f 3749/3749/3749 3750/3750/3750 3751/3751/3751
f 3749/3749/3749 3751/3751/3751 3752/3752/3752
f 3753/3753/3753 3754/3754/3754 3755/3755/3755
f 3753/3753/3753 3755/3755/3755 3756/3756/3756
f 3757/3757/3757 3758/3758/3758 3759/3759/3759
f 3757/3757/3757 3759/3759/3759 3760/3760/3760
f 3761/3761/3761 3762/3762/3762 3763/3763/3763
f 3761/3761/3761 3763/3763/3763 3764/3764/3764
f 3765/3765/3765 3766/3766/3766 3767/3767/3767
f 3765/3765/3765 3767/3767/3767 3768/3768/3768
f 3769/3769/3769 3770/3770/3770 3771/3771/3771
f 3769/3769/3769 3771/3771/3771 3772/3772/3772
f 3773/3773/3773 3774/3774/3774 3775/3775/3775
f 3773/3773/3773 3775/3775/3775 3776/3776/3776
f 3777/3777/3777 3778/3778/3778 3779/3779/3779
f 3777/3777/3777 3779/3779/3779 3780/3780/3780
f 3781/3781/3781 3782/3782/3782 3783/3783/3783
f 3781/3781/3781 3783/3783/3783 3784/3784/3784
f 3785/3785/3785 3786/3786/3786 3787/3787/3787
f 3785/3785/3785 3787/3787/3787 3788/3788/3788
f 3789/3789/3789 3790/3790/3790 3791/3791/3791
f 3789/3789/3789 3791/3791/3791 3792/3792/3792
f 3793/3793/3793 3794/3794/3794 3795/3795/3795
f 3793/3793/3793 3795/3795/3795 3796/3796/3796
f 3797/3797/3797 3798/3798/3798 3799/3799/3799
f 3797/3797/3797 3799/3799/3799 3800/3800/3800
f 3801/3801/3801 3802/3802/3802 3803/3803/3803
f 3801/3801/3801 3803/3803/3803 3804/3804/3804
f 3805/3805/3805 3806/3806/3806 3807/3807/3807
f 3805/3805/3805 3807/3807/3807 3808/3808/3808
f 3809/3809/3809 3810/3810/3810 3811/3811/3811
f 3809/3809/3809 3811/3811/3811 3812/3812/3812
f 3813/3813/3813 3814/3814/3814 3815/3815/3815
f 3813/3813/3813 3815/3815/3815 3816/3816/3816
f 3817/3817/3817 3819/3819/3819 3818/3818/3818
f 3820/3820/3820 3821/3821/3821 3822/3822/3822
f 3823/3823/3823 3824/3824/3824 3825/3825/3825
f 3826/3826/3826 3828/3828/3828 3827/3827/3827
f 3829/3829/3829 3830/3830/3830 3831/3831/3831
f 3832/3832/3832 3834/3834/3834 3833/3833/3833
f 3835/3835/3835 3837/3837/3837 3836/3836/3836
f 3838/3838/3838 3839/3839/3839 3840/3840/3840
f 3841/3841/3841 3842/3842/3842 3843/3843/3843
f 3841/3841/3841 3843/3843/3843 3844/3844/3844
f 3845/3845/3845 3846/3846/3846 3847/3847/3847
f 3845/3845/3845 3847/3847/3847 3848/3848/3848
f 3849/3849/3849 3850/3850/3850 3851/3851/3851
f 3849/3849/3849 3851/3851/3851 3852/3852/3852
f 3853/3853/3853 3854/3854/3854 3855/3855/3855
f 3853/3853/3853 3855/3855/3855 3856/3856/3856
f 3857/3857/3857 3858/3858/3858 3859/3859/3859
f 3857/3857/3857 3859/3859/3859 3860/3860/3860
f 3861/3861/3861 3862/3862/3862 3863/3863/3863
f 3861/3861/3861 3863/3863/3863 3864/3864/3864
f 3865/3865/3865 3866/3866/3866 3867/3867/3867
f 3865/3865/3865 3867/3867/3867 3868/3868/3868
f 3869/3869/3869 3870/3870/3870 3871/3871/3871
f 3869/3869/3869 3871/3871/3871 3872/3872/3872
f 3873/3873/3873 3874/3874/3874 3875/3875/3875
f 3873/3873/3873 3875/3875/3875 3876/3876/3876
f 3877/3877/3877 3878/3878/3878 3879/3879/3879
f 3877/3877/3877 3879/3879/3879 3880/3880/3880
f 3881/3881/3881 3882/3882/3882 3883/3883/3883
f 3881/3881/3881 3883/3883/3883 3884/3884/3884
f 3885/3885/3885 3886/3886/3886 3887/3887/3887
f 3885/3885/3885 3887/3887/3887 3888/3888/3888
f 3889/3889/3889 3890/3890/3890 3891/3891/3891
f 3889/3889/3889 3891/3891/3891 3892/3892/3892
f 3893/3893/3893 3894/3894/3894 3895/3895/3895
f 3893/3893/3893 3895/3895/3895 3896/3896/3896
f 3897/3897/3897 3898/3898/3898 3899/3899/3899
f 3897/3897/3897 3899/3899/3899 3900/3900/3900
f 3901/3901/3901 3902/3902/3902 3903/3903/3903
f 3901/3901/3901 3903/3903/3903 3904/3904/3904
f 3905/3905/3905 3906/3906/3906 3907/3907/3907
f 3905/3905/3905 3907/3907/3907 3908/3908/3908
f 3909/3909/3909 3910/3910/3910 3911/3911/3911
f 3909/3909/3909 3911/3911/3911 3912/3912/3912
f 3913/3913/3913 3915/3915/3915 3914/3914/3914
f 3916/3916/3916 3917/3917/3917 3918/3918/3918
f 3919/3919/3919 3920/3920/3920 3921/3921/3921
f 3922/3922/3922 3924/3924/3924 3923/3923/3923
f 3925/3925/3925 3926/3926/3926 3927/3927/3927
f 3928/3928/3928 3930/3930/3930 3929/3929/3929
f 3931/3931/3931 3933/3933/3933 3932/3932/3932
f 3934/3934/3934 3935/3935/3935 3936/3936/3936
f 3937/3937/3937 3938/3938/3938 3939/3939/3939
f 3937/3937/3937 3939/3939/3939 3940/3940/3940
f 3941/3941/3941 3942/3942/3942 3943/3943/3943
f 3941/3941/3941 3943/3943/3943 3944/3944/3944
f 3945/3945/3945 3946/3946/3946 3947/3947/3947
f 3945/3945/3945 3947/3947/3947 3948/3948/3948
f 3949/3949/3949 3950/3950/3950 3951/3951/3951
f 3949/3949/3949 3951/3951/3951 3952/3952/3952
f 3953/3953/3953 3954/3954/3954 3955/3955/3955
f 3953/3953/3953 3955/3955/3955 3956/3956/3956
f 3957/3957/3957 3958/3958/3958 3959/3959/3959
f 3957/3957/3957 3959/3959/3959 3960/3960/3960
f 3961/3961/3961 3962/3962/3962 3963/3963/3963
f 3961/3961/3961 3963/3963/3963 3964/3964/3964
f 3965/3965/3965 3966/3966/3966 3967/3967/3967
f 3965/3965/3965 3967/3967/3967 3968/3968/3968
f 3969/3969/3969 3970/3970/3970 3971/3971/3971
f 3969/3969/3969 3971/3971/3971 3972/3972/3972
f 3973/3973/3973 3974/3974/3974 3975/3975/3975
f 3973/3973/3973 3975/3975/3975 3976/3976/3976
f 3977/3977/3977 3978/3978/3978 3979/3979/3979
f 3977/3977/3977 3979/3979/3979 3980/3980/3980
f 3981/3981/3981 3982/3982/3982 3983/3983/3983
f 3981/3981/3981 3983/3983/3983 3984/3984/3984
f 3985/3985/3985 3986/3986/3986 3987/3987/3987
f 3985/3985/3985 3987/3987/3987 3988/3988/3988
f 3989/3989/3989 3990/3990/3990 3991/3991/3991
f 3989/3989/3989 3991/3991/3991 3992/3992/3992
f 3993/3993/3993 3994/3994/3994 3995/3995/3995
f 3993/3993/3993 3995/3995/3995 3996/3996/3996
f 3997/3997/3997 3998/3998/3998 3999/3999/3999
f 3997/3997/3997 3999/3999/3999 4000/4000/4000
f 4001/4001/4001 4002/4002/4002 4003/4003/4003
f 4001/4001/4001 4003/4003/4003 4004/4004/4004
f 4005/4005/4005 4006/4006/4006 4007/4007/4007
f 4005/4005/4005 4007/4007/4007 4008/4008/4008
f 4009/4009/4009 4011/4011/4011 4010/4010/4010
f 4012/4012/4012 4013/4013/4013 4014/4014/4014
f 4015/4015/4015 4016/4016/4016 4017/4017/4017
f 4018/4018/4018 4020/4020/4020 4019/4019/4019
f 4021/4021/4021 4022/4022/4022 4023/4023/4023
f 4024/4024/4024 4026/4026/4026 4025/4025/4025
f 4027/4027/4027 4029/4029/4029 4028/4028/4028
f 4030/4030/4030 4031/4031/4031 4032/4032/4032
f 4033/4033/4033 4034/4034/4034 4035/4035/4035
f 4033/4033/4033 4035/4035/4035 4036/4036/4036
f 4037/4037/4037 4038/4038/4038 4039/4039/4039
f 4037/4037/4037 4039/4039/4039 4040/4040/4040
f 4041/4041/4041 4042/4042/4042 4043/4043/4043
f 4041/4041/4041 4043/4043/4043 4044/4044/4044
f 4045/4045/4045 4046/4046/4046 4047/4047/4047
f 4045/4045/4045 4047/4047/4047 4048/4048/4048
f 4049/4049/4049 4050/4050/4050 4051/4051/4051
f 4049/4049/4049 4051/4051/4051 4052/4052/4052
f 4053/4053/4053 4054/4054/4054 4055/4055/4055
f 4053/4053/4053 4055/4055/4055 4056/4056/4056
f 4057/4057/4057 4058/4058/4058 4059/4059/4059
f 4057/4057/4057 4059/4059/4059 4060/4060/4060
f 4061/4061/4061 4062/4062/4062 4063/4063/4063
f 4061/4061/4061 4063/4063/4063 4064/4064/4064
f 4065/4065/4065 4066/4066/4066 4067/4067/4067
f 4065/4065/4065 4067/4067/4067 4068/4068/4068
f 4069/4069/4069 4070/4070/4070 4071/4071/4071
f 4069/4069/4069 4071/4071/4071 4072/4072/4072
f 4073/4073/4073 4074/4074/4074 4075/4075/4075
f 4073/4073/4073 4075/4075/4075 4076/4076/4076
f 4077/4077/4077 4078/4078/4078 4079/4079/4079
f 4077/4077/4077 4079/4079/4079 4080/4080/4080
f 4081/4081/4081 4082/4082/4082 4083/4083/4083
f 4081/4081/4081 4083/4083/4083 4084/4084/4084
f 4085/4085/4085 4086/4086/4086 4087/4087/4087
f 4085/4085/4085 4087/4087/4087 4088/4088/4088
f 4089/4089/4089 4090/4090/4090 4091/4091/4091
f 4089/4089/4089 4091/4091/4091 4092/4092/4092
f 4093/4093/4093 4094/4094/4094 4095/4095/4095
f 4093/4093/4093 4095/4095/4095 4096/4096/4096
f 4097/4097/4097 4098/4098/4098 4099/4099/4099
f 4097/4097/4097 4099/4099/4099 4100/4100/4100
f 4101/4101/4101 4102/4102/4102 4103/4103/4103
f 4101/4101/4101 4103/4103/4103 4104/4104/4104
f 4105/4105/4105 4107/4107/4107 4106/4106/4106
f 4108/4108/4108 4109/4109/4109 4110/4110/4110
f 4111/4111/4111 4112/4112/4112 4113/4113/4113
f 4114/4114/4114 4116/4116/4116 4115/4115/4115
f 4117/4117/4117 4118/4118/4118 4119/4119/4119
f 4120/4120/4120 4122/4122/4122 4121/4121/4121
f 4123/4123/4123 4125/4125/4125 4124/4124/4124
f 4126/4126/4126 4127/4127/4127 4128/4128/4128
f 4129/4129/4129 4130/4130/4130 4131/4131/4131
f 4129/4129/4129 4131/4131/4131 4132/4132/4132
f 4133/4133/4133 4134/4134/4134 4135/4135/4135
f 4133/4133/4133 4135/4135/4135 4136/4136/4136
f 4137/4137/4137 4138/4138/4138 4139/4139/4139
f 4137/4137/4137 4139/4139/4139 4140/4140/4140
f 4141/4141/4141 4142/4142/4142 4143/4143/4143
f 4141/4141/4141 4143/4143/4143 4144/4144/4144
f 4145/4145/4145 4146/4146/4146 4147/4147/4147
f 4145/4145/4145 4147/4147/4147 4148/4148/4148
f 4149/4149/4149 4150/4150/4150 4151/4151/4151
f 4149/4149/4149 4151/4151/4151 4152/4152/4152
f 4153/4153/4153 4154/4154/4154 4155/4155/4155
f 4153/4153/4153 4155/4155/4155 4156/4156/4156
f 4157/4157/4157 4158/4158/4158 4159/4159/4159
f 4157/4157/4157 4159/4159/4159 4160/4160/4160
f 4161/4161/4161 4162/4162/4162 4163/4163/4163
f 4161/4161/4161 4163/4163/4163 4164/4164/4164
f 4165/4165/4165 4166/4166/4166 4167/4167/4167
f 4165/4165/4165 4167/4167/4167 4168/4168/4168
f 4169/4169/4169 4170/4170/4170 4171/4171/4171
f 4169/4169/4169 4171/4171/4171 4172/4172/4172
f 4173/4173/4173 4174/4174/4174 4175/4175/4175
f 4173/4173/4173 4175/4175/4175 4176/4176/4176
f 4177/4177/4177 4178/4178/4178 4179/4179/4179
f 4177/4177/4177 4179/4179/4179 4180/4180/4180
f 4181/4181/4181 4182/4182/4182 4183/4183/4183
f 4181/4181/4181 4183/4183/4183 4184/4184/4184
f 4185/4185/4185 4186/4186/4186 4187/4187/4187
f 4185/4185/4185 4187/4187/4187 4188/4188/4188
f 4189/4189/4189 4190/4190/4190 4191/4191/4191
f 4189/4189/4189 4191/4191/4191 4192/4192/4192
f 4193/4193/4193 4194/4194/4194 4195/4195/4195
f 4193/4193/4193 4195/4195/4195 4196/4196/4196
f 4197/4197/4197 4198/4198/4198 4199/4199/4199
f 4197/4197/4197 4199/4199/4199 4200/4200/4200
f 4201/4201/4201 4203/4203/4203 4202/4202/4202
f 4204/4204/4204 4205/4205/4205 4206/4206/4206
f 4207/4207/4207 4208/4208/4208 4209/4209/4209
f 4210/4210/4210 4212/4212/4212 4211/4211/4211
f 4213/4213/4213 4214/4214/4214 4215/4215/4215
f 4216/4216/4216 4218/4218/4218 4217/4217/4217
f 4219/4219/4219 4221/4221/4221 4220/4220/4220
f 4222/4222/4222 4223/4223/4223 4224/4224/4224
f 4225/4225/4225 4226/4226/4226 4227/4227/4227
f 4225/4225/4225 4227/4227/4227 4228/4228/4228
f 4229/4229/4229 4230/4230/4230 4231/4231/4231
f 4229/4229/4229 4231/4231/4231 4232/4232/4232
f 4233/4233/4233 4234/4234/4234 4235/4235/4235
f 4233/4233/4233 4235/4235/4235 4236/4236/4236
f 4237/4237/4237 4238/4238/4238 4239/4239/4239
f 4237/4237/4237 4239/4239/4239 4240/4240/4240
f 4241/4241/4241 4242/4242/4242 4243/4243/4243
f 4241/4241/4241 4243/4243/4243 4244/4244/4244
f 4245/4245/4245 4246/4246/4246 4247/4247/4247
f 4245/4245/4245 4247/4247/4247 4248/4248/4248
f 4249/4249/4249 4250/4250/4250 4251/4251/4251
f 4249/4249/4249 4251/4251/4251 4252/4252/4252
f 4253/4253/4253 4254/4254/4254 4255/4255/4255
f 4253/4253/4253 4255/4255/4255 4256/4256/4256
f 4257/4257/4257 4258/4258/4258 4259/4259/4259
f 4257/4257/4257 4259/4259/4259 4260/4260/4260
f 4261/4261/4261 4262/4262/4262 4263/4263/4263
f 4261/4261/4261 4263/4263/4263 4264/4264/4264
f 4265/4265/4265 4266/4266/4266 4267/4267/4267
f 4265/4265/4265 4267/4267/4267 4268/4268/4268
f 4269/4269/4269 4270/4270/4270 4271/4271/4271
f 4269/4269/4269 4271/4271/4271 4272/4272/4272
f 4273/4273/4273 4274/4274/4274 4275/4275/4275
f 4273/4273/4273 4275/4275/4275 4276/4276/4276
f 4277/4277/4277 4278/4278/4278 4279/4279/4279
f 4277/4277/4277 4279/4279/4279 4280/4280/4280
f 4281/4281/4281 4282/4282/4282 4283/4283/4283
f 4281/4281/4281 4283/4283/4283 4284/4284/4284
f 4285/4285/4285 4286/4286/4286 4287/4287/4287
f 4285/4285/4285 4287/4287/4287 4288/4288/4288
f 4289/4289/4289 4290/4290/4290 4291/4291/4291
f 4289/4289/4289 4291/4291/4291 4292/4292/4292
f 4293/4293/4293 4294/4294/4294 4295/4295/4295
f 4293/4293/4293 4295/4295/4295 4296/4296/4296
f 4297/4297/4297 4299/4299/4299 4298/4298/4298
f 4300/4300/4300 4301/4301/4301 4302/4302/4302
f 4303/4303/4303 4304/4304/4304 4305/4305/4305
f 4306/4306/4306 4308/4308/4308 4307/4307/4307
f 4309/4309/4309 4310/4310/4310 4311/4311/4311
f 4312/4312/4312 4314/4314/4314 4313/4313/4313
f 4315/4315/4315 4317/4317/4317 4316/4316/4316
f 4318/4318/4318 4319/4319/4319 4320/4320/4320
f 4321/4321/4321 4322/4322/4322 4323/4323/4323
f 4321/4321/4321 4323/4323/4323 4324/4324/4324
f 4325/4325/4325 4326/4326/4326 4327/4327/4327
f 4325/4325/4325 4327/4327/4327 4328/4328/4328
f 4329/4329/4329 4330/4330/4330 4331/4331/4331
f 4329/4329/4329 4331/4331/4331 4332/4332/4332
f 4333/4333/4333 4334/4334/4334 4335/4335/4335
f 4333/4333/4333 4335/4335/4335 4336/4336/4336
f 4337/4337/4337 4338/4338/4338 4339/4339/4339
f 4337/4337/4337 4339/4339/4339 4340/4340/4340
f 4341/4341/4341 4342/4342/4342 4343/4343/4343
f 4341/4341/4341 4343/4343/4343 4344/4344/4344
f 4345/4345/4345 4346/4346/4346 4347/4347/4347
f 4345/4345/4345 4347/4347/4347 4348/4348/4348
f 4349/4349/4349 4350/4350/4350 4351/4351/4351
f 4349/4349/4349 4351/4351/4351 4352/4352/4352
f 4353/4353/4353 4354/4354/4354 4355/4355/4355
f 4353/4353/4353 4355/4355/4355 4356/4356/4356
f 4357/4357/4357 4358/4358/4358 4359/4359/4359
f 4357/4357/4357 4359/4359/4359 4360/4360/4360
f 4361/4361/4361 4362/4362/4362 4363/4363/4363
f 4361/4361/4361 4363/4363/4363 4364/4364/4364
f 4365/4365/4365 4366/4366/4366 4367/4367/4367
f 4365/4365/4365 4367/4367/4367 4368/4368/4368
f 4369/4369/4369 4370/4370/4370 4371/4371/4371
f 4369/4369/4369 4371/4371/4371 4372/4372/4372
f 4373/4373/4373 4374/4374/4374 4375/4375/4375
f 4373/4373/4373 4375/4375/4375 4376/4376/4376
f 4377/4377/4377 4378/4378/4378 4379/4379/4379
f 4377/4377/4377 4379/4379/4379 4380/4380/4380
f 4381/4381/4381 4382/4382/4382 4383/4383/4383
f 4381/4381/4381 4383/4383/4383 4384/4384/4384
f 4385/4385/4385 4386/4386/4386 4387/4387/4387
f 4385/4385/4385 4387/4387/4387 4388/4388/4388
f 4389/4389/4389 4390/4390/4390 4391/4391/4391
f 4389/4389/4389 4391/4391/4391 4392/4392/4392
f 4393/4393/4393 4395/4395/4395 4394/4394/4394
f 4396/4396/4396 4397/4397/4397 4398/4398/4398
f 4399/4399/4399 4400/4400/4400 4401/4401/4401
f 4402/4402/4402 4404/4404/4404 4403/4403/4403
f 4405/4405/4405 4406/4406/4406 4407/4407/4407
f 4408/4408/4408 4410/4410/4410 4409/4409/4409
f 4411/4411/4411 4413/4413/4413 4412/4412/4412
f 4414/4414/4414 4415/4415/4415 4416/4416/4416
f 4417/4417/4417 4418/4418/4418 4419/4419/4419
f 4417/4417/4417 4419/4419/4419 4420/4420/4420
f 4421/4421/4421 4422/4422/4422 4423/4423/4423
f 4421/4421/4421 4423/4423/4423 4424/4424/4424
f 4425/4425/4425 4426/4426/4426 4427/4427/4427
f 4425/4425/4425 4427/4427/4427 4428/4428/4428
f 4429/4429/4429 4430/4430/4430 4431/4431/4431
f 4429/4429/4429 4431/4431/4431 4432/4432/4432
f 4433/4433/4433 4434/4434/4434 4435/4435/4435
f 4433/4433/4433 4435/4435/4435 4436/4436/4436
f 4437/4437/4437 4438/4438/4438 4439/4439/4439
f 4437/4437/4437 4439/4439/4439 4440/4440/4440
f 4441/4441/4441 4442/4442/4442 4443/4443/4443
f 4441/4441/4441 4443/4443/4443 4444/4444/4444
f 4445/4445/4445 4446/4446/4446 4447/4447/4447
f 4445/4445/4445 4447/4447/4447 4448/4448/4448
f 4449/4449/4449 4450/4450/4450 4451/4451/4451
f 4449/4449/4449 4451/4451/4451 4452/4452/4452
f 4453/4453/4453 4454/4454/4454 4455/4455/4455
f 4453/4453/4453 4455/4455/4455 4456/4456/4456
f 4457/4457/4457 4458/4458/4458 4459/4459/4459
f 4457/4457/4457 4459/4459/4459 4460/4460/4460
f 4461/4461/4461 4462/4462/4462 4463/4463/4463
f 4461/4461/4461 4463/4463/4463 4464/4464/4464
f 4465/4465/4465 4466/4466/4466 4467/4467/4467
f 4465/4465/4465 4467/4467/4467 4468/4468/4468
f 4469/4469/4469 4470/4470/4470 4471/4471/4471
f 4469/4469/4469 4471/4471/4471 4472/4472/4472
f 4473/4473/4473 4474/4474/4474 4475/4475/4475
f 4473/4473/4473 4475/4475/4475 4476/4476/4476
f 4477/4477/4477 4478/4478/4478 4479/4479/4479
f 4477/4477/4477 4479/4479/4479 4480/4480/4480
f 4481/4481/4481 4482/4482/4482 4483/4483/4483
f 4481/4481/4481 4483/4483/4483 4484/4484/4484
f 4485/4485/4485 4486/4486/4486 4487/4487/4487
f 4485/4485/4485 4487/4487/4487 4488/4488/4488
f 4489/4489/4489 4491/4491/4491 4490/4490/4490
f 4492/4492/4492 4493/4493/4493 4494/4494/4494
f 4495/4495/4495 4496/4496/4496 4497/4497/4497
f 4498/4498/4498 4500/4500/4500 4499/4499/4499
f 4501/4501/4501 4502/4502/4502 4503/4503/4503
f 4504/4504/4504 4506/4506/4506 4505/4505/4505
f 4507/4507/4507 4509/4509/4509 4508/4508/4508
f 4510/4510/4510 4511/4511/4511 4512/4512/4512
f 4513/4513/4513 4514/4514/4514 4515/4515/4515
f 4513/4513/4513 4515/4515/4515 4516/4516/4516
f 4517/4517/4517 4518/4518/4518 4519/4519/4519
f 4517/4517/4517 4519/4519/4519 4520/4520/4520
f 4521/4521/4521 4522/4522/4522 4523/4523/4523
f 4521/4521/4521 4523/4523/4523 4524/4524/4524
f 4525/4525/4525 4526/4526/4526 4527/4527/4527
f 4525/4525/4525 4527/4527/4527 4528/4528/4528
f 4529/4529/4529 4530/4530/4530 4531/4531/4531
f 4529/4529/4529 4531/4531/4531 4532/4532/4532
f 4533/4533/4533 4534/4534/4534 4535/4535/4535
f 4533/4533/4533 4535/4535/4535 4536/4536/4536
f 4537/4537/4537 4538/4538/4538 4539/4539/4539
f 4537/4537/4537 4539/4539/4539 4540/4540/4540
f 4541/4541/4541 4542/4542/4542 4543/4543/4543
f 4541/4541/4541 4543/4543/4543 4544/4544/4544
f 4545/4545/4545 4546/4546/4546 4547/4547/4547
f 4545/4545/4545 4547/4547/4547 4548/4548/4548
f 4549/4549/4549 4550/4550/4550 4551/4551/4551
f 4549/4549/4549 4551/4551/4551 4552/4552/4552
f 4553/4553/4553 4554/4554/4554 4555/4555/4555
f 4553/4553/4553 4555/4555/4555 4556/4556/4556
f 4557/4557/4557 4558/4558/4558 4559/4559/4559
f 4557/4557/4557 4559/4559/4559 4560/4560/4560
f 4561/4561/4561 4562/4562/4562 4563/4563/4563
f 4561/4561/4561 4563/4563/4563 4564/4564/4564
f 4565/4565/4565 4566/4566/4566 4567/4567/4567
f 4565/4565/4565 4567/4567/4567 4568/4568/4568
f 4569/4569/4569 4570/4570/4570 4571/4571/4571
f 4569/4569/4569 4571/4571/4571 4572/4572/4572
f 4573/4573/4573 4574/4574/4574 4575/4575/4575
f 4573/4573/4573 4575/4575/4575 4576/4576/4576
f 4577/4577/4577 4578/4578/4578 4579/4579/4579
f 4577/4577/4577 4579/4579/4579 4580/4580/4580
f 4581/4581/4581 4582/4582/4582 4583/4583/4583
f 4581/4581/4581 4583/4583/4583 4584/4584/4584
f 4585/4585/4585 4587/4587/4587 4586/4586/4586
f 4588/4588/4588 4589/4589/4589 4590/4590/4590
f 4591/4591/4591 4592/4592/4592 4593/4593/4593
f 4594/4594/4594 4596/4596/4596 4595/4595/4595
f 4597/4597/4597 4598/4598/4598 4599/4599/4599
f 4600/4600/4600 4602/4602/4602 4601/4601/4601
f 4603/4603/4603 4605/4605/4605 4604/4604/4604
f 4606/4606/4606 4607/4607/4607 4608/4608/4608
f 4609/4609/4609 4610/4610/4610 4611/4611/4611
f 4609/4609/4609 4611/4611/4611 4612/4612/4612
f 4613/4613/4613 4614/4614/4614 4615/4615/4615
f 4613/4613/4613 4615/4615/4615 4616/4616/4616
f 4617/4617/4617 4618/4618/4618 4619/4619/4619
f 4617/4617/4617 4619/4619/4619 4620/4620/4620
f 4621/4621/4621 4622/4622/4622 4623/4623/4623
f 4621/4621/4621 4623/4623/4623 4624/4624/4624
f 4625/4625/4625 4626/4626/4626 4627/4627/4627
f 4625/4625/4625 4627/4627/4627 4628/4628/4628
f 4629/4629/4629 4630/4630/4630 4631/4631/4631
f 4629/4629/4629 4631/4631/4631 4632/4632/4632
f 4633/4633/4633 4634/4634/4634 4635/4635/4635
f 4633/4633/4633 4635/4635/4635 4636/4636/4636
f 4637/4637/4637 4638/4638/4638 4639/4639/4639
f 4637/4637/4637 4639/4639/4639 4640/4640/4640
f 4641/4641/4641 4642/4642/4642 4643/4643/4643
f 4641/4641/4641 4643/4643/4643 4644/4644/4644
f 4645/4645/4645 4646/4646/4646 4647/4647/4647
f 4645/4645/4645 4647/4647/4647 4648/4648/4648
f 4649/4649/4649 4650/4650/4650 4651/4651/4651
f 4649/4649/4649 4651/4651/4651 4652/4652/4652
f 4653/4653/4653 4654/4654/4654 4655/4655/4655
f 4653/4653/4653 4655/4655/4655 4656/4656/4656
f 4657/4657/4657 4658/4658/4658 4659/4659/4659
f 4657/4657/4657 4659/4659/4659 4660/4660/4660
f 4661/4661/4661 4662/4662/4662 4663/4663/4663
f 4661/4661/4661 4663/4663/4663 4664/4664/4664
f 4665/4665/4665 4666/4666/4666 4667/4667/4667
f 4665/4665/4665 4667/4667/4667 4668/4668/4668
f 4669/4669/4669 4670/4670/4670 4671/4671/4671
f 4669/4669/4669 4671/4671/4671 4672/4672/4672
f 4673/4673/4673 4674/4674/4674 4675/4675/4675
f 4673/4673/4673 4675/4675/4675 4676/4676/4676
f 4677/4677/4677 4678/4678/4678 4679/4679/4679
f 4677/4677/4677 4679/4679/4679 4680/4680/4680
f 4681/4681/4681 4683/4683/4683 4682/4682/4682
f 4684/4684/4684 4685/4685/4685 4686/4686/4686
f 4687/4687/4687 4688/4688/4688 4689/4689/4689
f 4690/4690/4690 4692/4692/4692 4691/4691/4691
f 4693/4693/4693 4694/4694/4694 4695/4695/4695
f 4696/4696/4696 4698/4698/4698 4697/4697/4697
f 4699/4699/4699 4701/4701/4701 4700/4700/4700
f 4702/4702/4702 4703/4703/4703 4704/4704/4704
f 4705/4705/4705 4706/4706/4706 4707/4707/4707
f 4705/4705/4705 4707/4707/4707 4708/4708/4708
f 4709/4709/4709 4710/4710/4710 4711/4711/4711
f 4709/4709/4709 4711/4711/4711 4712/4712/4712
f 4713/4713/4713 4714/4714/4714 4715/4715/4715
f 4713/4713/4713 4715/4715/4715 4716/4716/4716
f 4717/4717/4717 4718/4718/4718 4719/4719/4719
f 4717/4717/4717 4719/4719/4719 4720/4720/4720
f 4721/4721/4721 4722/4722/4722 4723/4723/4723
f 4721/4721/4721 4723/4723/4723 4724/4724/4724
f 4725/4725/4725 4726/4726/4726 4727/4727/4727
f 4725/4725/4725 4727/4727/4727 4728/4728/4728
f 4729/4729/4729 4730/4730/4730 4731/4731/4731
f 4729/4729/4729 4731/4731/4731 4732/4732/4732
f 4733/4733/4733 4734/4734/4734 4735/4735/4735
f 4733/4733/4733 4735/4735/4735 4736/4736/4736
f 4737/4737/4737 4738/4738/4738 4739/4739/4739
f 4737/4737/4737 4739/4739/4739 4740/4740/4740
f 4741/4741/4741 4742/4742/4742 4743/4743/4743
f 4741/4741/4741 4743/4743/4743 4744/4744/4744
f 4745/4745/4745 4746/4746/4746 4747/4747/4747
f 4745/4745/4745 4747/4747/4747 4748/4748/4748
f 4749/4749/4749 4750/4750/4750 4751/4751/4751
f 4749/4749/4749 4751/4751/4751 4752/4752/4752
f 4753/4753/4753 4754/4754/4754 4755/4755/4755
f 4753/4753/4753 4755/4755/4755 4756/4756/4756
f 4757/4757/4757 4758/4758/4758 4759/4759/4759
f 4757/4757/4757 4759/4759/4759 4760/4760/4760
f 4761/4761/4761 4762/4762/4762 4763/4763/4763
f 4761/4761/4761 4763/4763/4763 4764/4764/4764
f 4765/4765/4765 4766/4766/4766 4767/4767/4767
f 4765/4765/4765 4767/4767/4767 4768/4768/4768
f 4769/4769/4769 4770/4770/4770 4771/4771/4771
f 4769/4769/4769 4771/4771/4771 4772/4772/4772
f 4773/4773/4773 4774/4774/4774 4775/4775/4775
f 4773/4773/4773 4775/4775/4775 4776/4776/4776
f 4777/4777/4777 4779/4779/4779 4778/4778/4778
f 4780/4780/4780 4781/4781/4781 4782/4782/4782
f 4783/4783/4783 4784/4784/4784 4785/4785/4785
f 4786/4786/4786 4788/4788/4788 4787/4787/4787
f 4789/4789/4789 4790/4790/4790 4791/4791/4791
f 4792/4792/4792 4794/4794/4794 4793/4793/4793
f 4795/4795/4795 4797/4797/4797 4796/4796/4796
f 4798/4798/4798 4799/4799/4799 4800/4800/4800
f 4801/4801/4801 4802/4802/4802 4803/4803/4803
f 4801/4801/4801 4803/4803/4803 4804/4804/4804
f 4805/4805/4805 4806/4806/4806 4807/4807/4807
f 4805/4805/4805 4807/4807/4807 4808/4808/4808
f 4809/4809/4809 4810/4810/4810 4811/4811/4811
f 4809/4809/4809 4811/4811/4811 4812/4812/4812
f 4813/4813/4813 4814/4814/4814 4815/4815/4815
f 4813/4813/4813 4815/4815/4815 4816/4816/4816
f 4817/4817/4817 4818/4818/4818 4819/4819/4819
f 4817/4817/4817 4819/4819/4819 4820/4820/4820
f 4821/4821/4821 4822/4822/4822 4823/4823/4823
f 4821/4821/4821 4823/4823/4823 4824/4824/4824
f 4825/4825/4825 4826/4826/4826 4827/4827/4827
f 4825/4825/4825 4827/4827/4827 4828/4828/4828
f 4829/4829/4829 4830/4830/4830 4831/4831/4831
f 4829/4829/4829 4831/4831/4831 4832/4832/4832
f 4833/4833/4833 4834/4834/4834 4835/4835/4835
f 4833/4833/4833 4835/4835/4835 4836/4836/4836
f 4837/4837/4837 4838/4838/4838 4839/4839/4839
f 4837/4837/4837 4839/4839/4839 4840/4840/4840
f 4841/4841/4841 4842/4842/4842 4843/4843/4843
f 4841/4841/4841 4843/4843/4843 4844/4844/4844
f 4845/4845/4845 4846/4846/4846 4847/4847/4847
f 4845/4845/4845 4847/4847/4847 4848/4848/4848
f 4849/4849/4849 4850/4850/4850 4851/4851/4851
f 4849/4849/4849 4851/4851/4851 4852/4852/4852
f 4853/4853/4853 4854/4854/4854 4855/4855/4855
f 4853/4853/4853 4855/4855/4855 4856/4856/4856
f 4857/4857/4857 4858/4858/4858 4859/4859/4859
f 4857/4857/4857 4859/4859/4859 4860/4860/4860
f 4861/4861/4861 4862/4862/4862 4863/4863/4863
f 4861/4861/4861 4863/4863/4863 4864/4864/4864
f 4865/4865/4865 4866/4866/4866 4867/4867/4867
f 4865/4865/4865 4867/4867/4867 4868/4868/4868
f 4869/4869/4869 4870/4870/4870 4871/4871/4871
f 4869/4869/4869 4871/4871/4871 4872/4872/4872
f 4873/4873/4873 4875/4875/4875 4874/4874/4874
f 4876/4876/4876 4877/4877/4877 4878/4878/4878
f 4879/4879/4879 4880/4880/4880 4881/4881/4881
f 4882/4882/4882 4884/4884/4884 4883/4883/4883
f 4885/4885/4885 4886/4886/4886 4887/4887/4887
f 4888/4888/4888 4890/4890/4890 4889/4889/4889
f 4891/4891/4891 4893/4893/4893 4892/4892/4892
f 4894/4894/4894 4895/4895/4895 4896/4896/4896
f 4897/4897/4897 4898/4898/4898 4899/4899/4899
f 4897/4897/4897 4899/4899/4899 4900/4900/4900
f 4901/4901/4901 4902/4902/4902 4903/4903/4903
f 4901/4901/4901 4903/4903/4903 4904/4904/4904
f 4905/4905/4905 4906/4906/4906 4907/4907/4907
f 4905/4905/4905 4907/4907/4907 4908/4908/4908
f 4909/4909/4909 4910/4910/4910 4911/4911/4911
f 4909/4909/4909 4911/4911/4911 4912/4912/4912
f 4913/4913/4913 4914/4914/4914 4915/4915/4915
f 4913/4913/4913 4915/4915/4915 4916/4916/4916
f 4917/4917/4917 4918/4918/4918 4919/4919/4919
f 4917/4917/4917 4919/4919/4919 4920/4920/4920
f 4921/4921/4921 4922/4922/4922 4923/4923/4923
f 4921/4921/4921 4923/4923/4923 4924/4924/4924
f 4925/4925/4925 4926/4926/4926 4927/4927/4927
f 4925/4925/4925 4927/4927/4927 4928/4928/4928
f 4929/4929/4929 4930/4930/4930 4931/4931/4931
f 4929/4929/4929 4931/4931/4931 4932/4932/4932
f 4933/4933/4933 4934/4934/4934 4935/4935/4935
f 4933/4933/4933 4935/4935/4935 4936/4936/4936
f 4937/4937/4937 4938/4938/4938 4939/4939/4939
f 4937/4937/4937 4939/4939/4939 4940/4940/4940
f 4941/4941/4941 4942/4942/4942 4943/4943/4943
f 4941/4941/4941 4943/4943/4943 4944/4944/4944
f 4945/4945/4945 4946/4946/4946 4947/4947/4947
f 4945/4945/4945 4947/4947/4947 4948/4948/4948
f 4949/4949/4949 4950/4950/4950 4951/4951/4951
f 4949/4949/4949 4951/4951/4951 4952/4952/4952
f 4953/4953/4953 4954/4954/4954 4955/4955/4955
f 4953/4953/4953 4955/4955/4955 4956/4956/4956
f 4957/4957/4957 4958/4958/4958 4959/4959/4959
f 4957/4957/4957 4959/4959/4959 4960/4960/4960
f 4961/4961/4961 4962/4962/4962 4963/4963/4963
f 4961/4961/4961 4963/4963/4963 4964/4964/4964
f 4965/4965/4965 4966/4966/4966 4967/4967/4967
f 4965/4965/4965 4967/4967/4967 4968/4968/4968
f 4969/4969/4969 4971/4971/4971 4970/4970/4970
f 4972/4972/4972 4973/4973/4973 4974/4974/4974
f 4975/4975/4975 4976/4976/4976 4977/4977/4977
f 4978/4978/4978 4980/4980/4980 4979/4979/4979
f 4981/4981/4981 4982/4982/4982 4983/4983/4983
f 4984/4984/4984 4986/4986/4986 4985/4985/4985
f 4987/4987/4987 4989/4989/4989 4988/4988/4988
f 4990/4990/4990 4991/4991/4991 4992/4992/4992
f 4993/4993/4993 4994/4994/4994 4995/4995/4995
f 4993/4993/4993 4995/4995/4995 4996/4996/4996
f 4997/4997/4997 4998/4998/4998 4999/4999/4999
f 4997/4997/4997 4999/4999/4999 5000/5000/5000
f 5001/5001/5001 5002/5002/5002 5003/5003/5003
f 5001/5001/5001 5003/5003/5003 5004/5004/5004
f 5005/5005/5005 5006/5006/5006 5007/5007/5007
f 5005/5005/5005 5007/5007/5007 5008/5008/5008
f 5009/5009/5009 5010/5010/5010 5011/5011/5011
f 5009/5009/5009 5011/5011/5011 5012/5012/5012
f 5013/5013/5013 5014/5014/5014 5015/5015/5015
f 5013/5013/5013 5015/5015/5015 5016/5016/5016
f 5017/5017/5017 5018/5018/5018 5019/5019/5019
f 5017/5017/5017 5019/5019/5019 5020/5020/5020
f 5021/5021/5021 5022/5022/5022 5023/5023/5023
f 5021/5021/5021 5023/5023/5023 5024/5024/5024
f 5025/5025/5025 5026/5026/5026 5027/5027/5027
f 5025/5025/5025 5027/5027/5027 5028/5028/5028
f 5029/5029/5029 5030/5030/5030 5031/5031/5031
f 5029/5029/5029 5031/5031/5031 5032/5032/5032
f 5033/5033/5033 5034/5034/5034 5035/5035/5035
f 5033/5033/5033 5035/5035/5035 5036/5036/5036
f 5037/5037/5037 5038/5038/5038 5039/5039/5039
f 5037/5037/5037 5039/5039/5039 5040/5040/5040
f 5041/5041/5041 5042/5042/5042 5043/5043/5043
f 5041/5041/5041 5043/5043/5043 5044/5044/5044
f 5045/5045/5045 5046/5046/5046 5047/5047/5047
f 5045/5045/5045 5047/5047/5047 5048/5048/5048
f 5049/5049/5049 5050/5050/5050 5051/5051/5051
f 5049/5049/5049 5051/5051/5051 5052/5052/5052
f 5053/5053/5053 5054/5054/5054 5055/5055/5055
f 5053/5053/5053 5055/5055/5055 5056/5056/5056
f 5057/5057/5057 5058/5058/5058 5059/5059/5059
f 5057/5057/5057 5059/5059/5059 5060/5060/5060
f 5061/5061/5061 5062/5062/5062 5063/5063/5063
f 5061/5061/5061 5063/5063/5063 5064/5064/5064
f 5065/5065/5065 5067/5067/5067 5066/5066/5066
f 5068/5068/5068 5069/5069/5069 5070/5070/5070
f 5071/5071/5071 5072/5072/5072 5073/5073/5073
f 5074/5074/5074 5076/5076/5076 5075/5075/5075
f 5077/5077/5077 5078/5078/5078 5079/5079/5079
f 5080/5080/5080 5082/5082/5082 5081/5081/5081
f 5083/5083/5083 5085/5085/5085 5084/5084/5084
f 5086/5086/5086 5087/5087/5087 5088/5088/5088
f 5089/5089/5089 5090/5090/5090 5091/5091/5091
f 5089/5089/5089 5091/5091/5091 5092/5092/5092
f 5093/5093/5093 5094/5094/5094 5095/5095/5095
f 5093/5093/5093 5095/5095/5095 5096/5096/5096
f 5097/5097/5097 5098/5098/5098 5099/5099/5099
f 5097/5097/5097 5099/5099/5099 5100/5100/5100
f 5101/5101/5101 5102/5102/5102 5103/5103/5103
f 5101/5101/5101 5103/5103/5103 5104/5104/5104
f 5105/5105/5105 5106/5106/5106 5107/5107/5107
f 5105/5105/5105 5107/5107/5107 5108/5108/5108
f 5109/5109/5109 5110/5110/5110 5111/5111/5111
f 5109/5109/5109 5111/5111/5111 5112/5112/5112
f 5113/5113/5113 5114/5114/5114 5115/5115/5115
f 5113/5113/5113 5115/5115/5115 5116/5116/5116
f 5117/5117/5117 5118/5118/5118 5119/5119/5119
f 5117/5117/5117 5119/5119/5119 5120/5120/5120
f 5121/5121/5121 5122/5122/5122 5123/5123/5123
f 5121/5121/5121 5123/5123/5123 5124/5124/5124
f 5125/5125/5125 5126/5126/5126 5127/5127/5127
f 5125/5125/5125 5127/5127/5127 5128/5128/5128
f 5129/5129/5129 5130/5130/5130 5131/5131/5131
f 5129/5129/5129 5131/5131/5131 5132/5132/5132
f 5133/5133/5133 5134/5134/5134 5135/5135/5135
f 5133/5133/5133 5135/5135/5135 5136/5136/5136
f 5137/5137/5137 5138/5138/5138 5139/5139/5139
f 5137/5137/5137 5139/5139/5139 5140/5140/5140
f 5141/5141/5141 5142/5142/5142 5143/5143/5143
f 5141/5141/5141 5143/5143/5143 5144/5144/5144
f 5145/5145/5145 5146/5146/5146 5147/5147/5147
f 5145/5145/5145 5147/5147/5147 5148/5148/5148
f 5149/5149/5149 5150/5150/5150 5151/5151/5151
f 5149/5149/5149 5151/5151/5151 5152/5152/5152
f 5153/5153/5153 5154/5154/5154 5155/5155/5155
f 5153/5153/5153 5155/5155/5155 5156/5156/5156
f 5157/5157/5157 5158/5158/5158 5159/5159/5159
f 5157/5157/5157 5159/5159/5159 5160/5160/5160
f 5161/5161/5161 5163/5163/5163 5162/5162/5162
f 5164/5164/5164 5165/5165/5165 5166/5166/5166
f 5167/5167/5167 5168/5168/5168 5169/5169/5169
f 5170/5170/5170 5172/5172/5172 5171/5171/5171
f 5173/5173/5173 5174/5174/5174 5175/5175/5175
f 5176/5176/5176 5178/5178/5178 5177/5177/5177
f 5179/5179/5179 5181/5181/5181 5180/5180/5180
f 5182/5182/5182 5183/5183/5183 5184/5184/5184
f 5185/5185/5185 5186/5186/5186 5187/5187/5187
f 5185/5185/5185 5187/5187/5187 5188/5188/5188
f 5189/5189/5189 5190/5190/5190 5191/5191/5191
f 5189/5189/5189 5191/5191/5191 5192/5192/5192
f 5193/5193/5193 5194/5194/5194 5195/5195/5195
f 5193/5193/5193 5195/5195/5195 5196/5196/5196
f 5197/5197/5197 5198/5198/5198 5199/5199/5199
f 5197/5197/5197 5199/5199/5199 5200/5200/5200
f 5201/5201/5201 5202/5202/5202 5203/5203/5203
f 5201/5201/5201 5203/5203/5203 5204/5204/5204
f 5205/5205/5205 5206/5206/5206 5207/5207/5207
f 5205/5205/5205 5207/5207/5207 5208/5208/5208
f 5209/5209/5209 5210/5210/5210 5211/5211/5211
f 5209/5209/5209 5211/5211/5211 5212/5212/5212
f 5213/5213/5213 5214/5214/5214 5215/5215/5215
f 5213/5213/5213 5215/5215/5215 5216/5216/5216
f 5217/5217/5217 5218/5218/5218 5219/5219/5219
f 5217/5217/5217 5219/5219/5219 5220/5220/5220
f 5221/5221/5221 5222/5222/5222 5223/5223/5223
f 5221/5221/5221 5223/5223/5223 5224/5224/5224
f 5225/5225/5225 5226/5226/5226 5227/5227/5227
f 5225/5225/5225 5227/5227/5227 5228/5228/5228
f 5229/5229/5229 5230/5230/5230 5231/5231/5231
f 5229/5229/5229 5231/5231/5231 5232/5232/5232
f 5233/5233/5233 5234/5234/5234 5235/5235/5235
f 5233/5233/5233 5235/5235/5235 5236/5236/5236
f 5237/5237/5237 5238/5238/5238 5239/5239/5239
f 5237/5237/5237 5239/5239/5239 5240/5240/5240
f 5241/5241/5241 5242/5242/5242 5243/5243/5243
f 5241/5241/5241 5243/5243/5243 5244/5244/5244
f 5245/5245/5245 5246/5246/5246 5247/5247/5247
f 5245/5245/5245 5247/5247/5247 5248/5248/5248
f 5249/5249/5249 5250/5250/5250 5251/5251/5251
f 5249/5249/5249 5251/5251/5251 5252/5252/5252
f 5253/5253/5253 5254/5254/5254 5255/5255/5255
f 5253/5253/5253 5255/5255/5255 5256/5256/5256
f 5257/5257/5257 5259/5259/5259 5258/5258/5258
f 5260/5260/5260 5261/5261/5261 5262/5262/5262
f 5263/5263/5263 5264/5264/5264 5265/5265/5265
f 5266/5266/5266 5268/5268/5268 5267/5267/5267
f 5269/5269/5269 5270/5270/5270 5271/5271/5271
f 5272/5272/5272 5274/5274/5274 5273/5273/5273
f 5275/5275/5275 5277/5277/5277 5276/5276/5276
f 5278/5278/5278 5279/5279/5279 5280/5280/5280
f 5281/5281/5281 5282/5282/5282 5283/5283/5283
f 5281/5281/5281 5283/5283/5283 5284/5284/5284
f 5285/5285/5285 5286/5286/5286 5287/5287/5287
f 5285/5285/5285 5287/5287/5287 5288/5288/5288
f 5289/5289/5289 5290/5290/5290 5291/5291/5291
f 5289/5289/5289 5291/5291/5291 5292/5292/5292
f 5293/5293/5293 5294/5294/5294 5295/5295/5295
f 5293/5293/5293 5295/5295/5295 5296/5296/5296
f 5297/5297/5297 5298/5298/5298 5299/5299/5299
f 5297/5297/5297 5299/5299/5299 5300/5300/5300
f 5301/5301/5301 5302/5302/5302 5303/5303/5303
f 5301/5301/5301 5303/5303/5303 5304/5304/5304
f 5305/5305/5305 5306/5306/5306 5307/5307/5307
f 5305/5305/5305 5307/5307/5307 5308/5308/5308
f 5309/5309/5309 5310/5310/5310 5311/5311/5311
f 5309/5309/5309 5311/5311/5311 5312/5312/5312
f 5313/5313/5313 5314/5314/5314 5315/5315/5315
f 5313/5313/5313 5315/5315/5315 5316/5316/5316
f 5317/5317/5317 5318/5318/5318 5319/5319/5319
f 5317/5317/5317 5319/5319/5319 5320/5320/5320
f 5321/5321/5321 5322/5322/5322 5323/5323/5323
f 5321/5321/5321 5323/5323/5323 5324/5324/5324
f 5325/5325/5325 5326/5326/5326 5327/5327/5327
f 5325/5325/5325 5327/5327/5327 5328/5328/5328
f 5329/5329/5329 5330/5330/5330 5331/5331/5331
f 5329/5329/5329 5331/5331/5331 5332/5332/5332
f 5333/5333/5333 5334/5334/5334 5335/5335/5335
f 5333/5333/5333 5335/5335/5335 5336/5336/5336
f 5337/5337/5337 5338/5338/5338 5339/5339/5339
f 5337/5337/5337 5339/5339/5339 5340/5340/5340
f 5341/5341/5341 5342/5342/5342 5343/5343/5343
f 5341/5341/5341 5343/5343/5343 5344/5344/5344
f 5345/5345/5345 5346/5346/5346 5347/5347/5347
f 5345/5345/5345 5347/5347/5347 5348/5348/5348
f 5349/5349/5349 5350/5350/5350 5351/5351/5351
f 5349/5349/5349 5351/5351/5351 5352/5352/5352
f 5353/5353/5353 5355/5355/5355 5354/5354/5354
f 5356/5356/5356 5357/5357/5357 5358/5358/5358
f 5359/5359/5359 5360/5360/5360 5361/5361/5361
f 5362/5362/5362 5364/5364/5364 5363/5363/5363
f 5365/5365/5365 5366/5366/5366 5367/5367/5367
f 5368/5368/5368 5370/5370/5370 5369/5369/5369
f 5371/5371/5371 5373/5373/5373 5372/5372/5372
f 5374/5374/5374 5375/5375/5375 5376/5376/5376
f 5377/5377/5377 5378/5378/5378 5379/5379/5379
f 5377/5377/5377 5379/5379/5379 5380/5380/5380
f 5381/5381/5381 5382/5382/5382 5383/5383/5383
f 5381/5381/5381 5383/5383/5383 5384/5384/5384
f 5385/5385/5385 5386/5386/5386 5387/5387/5387
f 5385/5385/5385 5387/5387/5387 5388/5388/5388
f 5389/5389/5389 5390/5390/5390 5391/5391/5391
f 5389/5389/5389 5391/5391/5391 5392/5392/5392
f 5393/5393/5393 5394/5394/5394 5395/5395/5395
f 5393/5393/5393 5395/5395/5395 5396/5396/5396
f 5397/5397/5397 5398/5398/5398 5399/5399/5399
f 5397/5397/5397 5399/5399/5399 5400/5400/5400
f 5401/5401/5401 5402/5402/5402 5403/5403/5403
f 5401/5401/5401 5403/5403/5403 5404/5404/5404
f 5405/5405/5405 5406/5406/5406 5407/5407/5407
f 5405/5405/5405 5407/5407/5407 5408/5408/5408
f 5409/5409/5409 5410/5410/5410 5411/5411/5411
f 5409/5409/5409 5411/5411/5411 5412/5412/5412
f 5413/5413/5413 5414/5414/5414 5415/5415/5415
f 5413/5413/5413 5415/5415/5415 5416/5416/5416
f 5417/5417/5417 5418/5418/5418 5419/5419/5419
f 5417/5417/5417 5419/5419/5419 5420/5420/5420
f 5421/5421/5421 5422/5422/5422 5423/5423/5423
f 5421/5421/5421 5423/5423/5423 5424/5424/5424
f 5425/5425/5425 5426/5426/5426 5427/5427/5427
f 5425/5425/5425 5427/5427/5427 5428/5428/5428
f 5429/5429/5429 5430/5430/5430 5431/5431/5431
f 5429/5429/5429 5431/5431/5431 5432/5432/5432
f 5433/5433/5433 5434/5434/5434 5435/5435/5435
f 5433/5433/5433 5435/5435/5435 5436/5436/5436
f 5437/5437/5437 5438/5438/5438 5439/5439/5439
f 5437/5437/5437 5439/5439/5439 5440/5440/5440
f 5441/5441/5441 5442/5442/5442 5443/5443/5443
f 5441/5441/5441 5443/5443/5443 5444/5444/5444
f 5445/5445/5445 5446/5446/5446 5447/5447/5447
f 5445/5445/5445 5447/5447/5447 5448/5448/5448
f 5449/5449/5449 5451/5451/5451 5450/5450/5450
f 5452/5452/5452 5453/5453/5453 5454/5454/5454
f 5455/5455/5455 5456/5456/5456 5457/5457/5457
f 5458/5458/5458 5460/5460/5460 5459/5459/5459
f 5461/5461/5461 5462/5462/5462 5463/5463/5463
f 5464/5464/5464 5466/5466/5466 5465/5465/5465
f 5467/5467/5467 5469/5469/5469 5468/5468/5468
f 5470/5470/5470 5471/5471/5471 5472/5472/5472
f 5473/5473/5473 5474/5474/5474 5475/5475/5475
f 5473/5473/5473 5475/5475/5475 5476/5476/5476
f 5477/5477/5477 5478/5478/5478 5479/5479/5479
f 5477/5477/5477 5479/5479/5479 5480/5480/5480
f 5481/5481/5481 5482/5482/5482 5483/5483/5483
f 5481/5481/5481 5483/5483/5483 5484/5484/5484
f 5485/5485/5485 5486/5486/5486 5487/5487/5487
f 5485/5485/5485 5487/5487/5487 5488/5488/5488
f 5489/5489/5489 5490/5490/5490 5491/5491/5491
f 5489/5489/5489 5491/5491/5491 5492/5492/5492
f 5493/5493/5493 5494/5494/5494 5495/5495/5495
f 5493/5493/5493 5495/5495/5495 5496/5496/5496
f 5497/5497/5497 5498/5498/5498 5499/5499/5499
f 5497/5497/5497 5499/5499/5499 5500/5500/5500
f 5501/5501/5501 5502/5502/5502 5503/5503/5503
f 5501/5501/5501 5503/5503/5503 5504/5504/5504
f 5505/5505/5505 5506/5506/5506 5507/5507/5507
f 5505/5505/5505 5507/5507/5507 5508/5508/5508
f 5509/5509/5509 5510/5510/5510 5511/5511/5511
f 5509/5509/5509 5511/5511/5511 5512/5512/5512
f 5513/5513/5513 5514/5514/5514 5515/5515/5515
f 5513/5513/5513 5515/5515/5515 5516/5516/5516
f 5517/5517/5517 5518/5518/5518 5519/5519/5519
f 5517/5517/5517 5519/5519/5519 5520/5520/5520
f 5521/5521/5521 5522/5522/5522 5523/5523/5523
f 5521/5521/5521 5523/5523/5523 5524/5524/5524
f 5525/5525/5525 5526/5526/5526 5527/5527/5527
f 5525/5525/5525 5527/5527/5527 5528/5528/5528
f 5529/5529/5529 5530/5530/5530 5531/5531/5531
f 5529/5529/5529 5531/5531/5531 5532/5532/5532
f 5533/5533/5533 5534/5534/5534 5535/5535/5535
f 5533/5533/5533 5535/5535/5535 5536/5536/5536
f 5537/5537/5537 5538/5538/5538 5539/5539/5539
f 5537/5537/5537 5539/5539/5539 5540/5540/5540
f 5541/5541/5541 5542/5542/5542 5543/5543/5543
f 5541/5541/5541 5543/5543/5543 5544/5544/5544
f 5545/5545/5545 5547/5547/5547 5546/5546/5546
f 5548/5548/5548 5549/5549/5549 5550/5550/5550
f 5551/5551/5551 5552/5552/5552 5553/5553/5553
f 5554/5554/5554 5556/5556/5556 5555/5555/5555
f 5557/5557/5557 5558/5558/5558 5559/5559/5559
f 5560/5560/5560 5562/5562/5562 5561/5561/5561
f 5563/5563/5563 5565/5565/5565 5564/5564/5564
f 5566/5566/5566 5567/5567/5567 5568/5568/5568
f 5569/5569/5569 5570/5570/5570 5571/5571/5571
f 5569/5569/5569 5571/5571/5571 5572/5572/5572
f 5573/5573/5573 5574/5574/5574 5575/5575/5575
f 5573/5573/5573 5575/5575/5575 5576/5576/5576
f 5577/5577/5577 5578/5578/5578 5579/5579/5579
f 5577/5577/5577 5579/5579/5579 5580/5580/5580
f 5581/5581/5581 5582/5582/5582 5583/5583/5583
f 5581/5581/5581 5583/5583/5583 5584/5584/5584
f 5585/5585/5585 5586/5586/5586 5587/5587/5587
f 5585/5585/5585 5587/5587/5587 5588/5588/5588
f 5589/5589/5589 5590/5590/5590 5591/5591/5591
f 5589/5589/5589 5591/5591/5591 5592/5592/5592
f 5593/5593/5593 5594/5594/5594 5595/5595/5595
f 5593/5593/5593 5595/5595/5595 5596/5596/5596
f 5597/5597/5597 5598/5598/5598 5599/5599/5599
f 5597/5597/5597 5599/5599/5599 5600/5600/5600
f 5601/5601/5601 5602/5602/5602 5603/5603/5603
f 5601/5601/5601 5603/5603/5603 5604/5604/5604
f 5605/5605/5605 5606/5606/5606 5607/5607/5607
f 5605/5605/5605 5607/5607/5607 5608/5608/5608
f 5609/5609/5609 5610/5610/5610 5611/5611/5611
f 5609/5609/5609 5611/5611/5611 5612/5612/5612
f 5613/5613/5613 5614/5614/5614 5615/5615/5615
f 5613/5613/5613 5615/5615/5615 5616/5616/5616
f 5617/5617/5617 5618/5618/5618 5619/5619/5619
f 5617/5617/5617 5619/5619/5619 5620/5620/5620
f 5621/5621/5621 5622/5622/5622 5623/5623/5623
f 5621/5621/5621 5623/5623/5623 5624/5624/5624
f 5625/5625/5625 5626/5626/5626 5627/5627/5627
f 5625/5625/5625 5627/5627/5627 5628/5628/5628
f 5629/5629/5629 5630/5630/5630 5631/5631/5631
f 5629/5629/5629 5631/5631/5631 5632/5632/5632
f 5633/5633/5633 5634/5634/5634 5635/5635/5635
f 5633/5633/5633 5635/5635/5635 5636/5636/5636
f 5637/5637/5637 5638/5638/5638 5639/5639/5639
f 5637/5637/5637 5639/5639/5639 5640/5640/5640
f 5641/5641/5641 5643/5643/5643 5642/5642/5642
f 5644/5644/5644 5645/5645/5645 5646/5646/5646
f 5647/5647/5647 5648/5648/5648 5649/5649/5649
f 5650/5650/5650 5652/5652/5652 5651/5651/5651
f 5653/5653/5653 5654/5654/5654 5655/5655/5655
f 5656/5656/5656 5658/5658/5658 5657/5657/5657
f 5659/5659/5659 5661/5661/5661 5660/5660/5660
f 5662/5662/5662 5663/5663/5663 5664/5664/5664
f 5665/5665/5665 5666/5666/5666 5667/5667/5667
f 5665/5665/5665 5667/5667/5667 5668/5668/5668
f 5669/5669/5669 5670/5670/5670 5671/5671/5671
f 5669/5669/5669 5671/5671/5671 5672/5672/5672
f 5673/5673/5673 5674/5674/5674 5675/5675/5675
f 5673/5673/5673 5675/5675/5675 5676/5676/5676
f 5677/5677/5677 5678/5678/5678 5679/5679/5679
f 5677/5677/5677 5679/5679/5679 5680/5680/5680
f 5681/5681/5681 5682/5682/5682 5683/5683/5683
f 5681/5681/5681 5683/5683/5683 5684/5684/5684
f 5685/5685/5685 5686/5686/5686 5687/5687/5687
f 5685/5685/5685 5687/5687/5687 5688/5688/5688
f 5689/5689/5689 5690/5690/5690 5691/5691/5691
f 5689/5689/5689 5691/5691/5691 5692/5692/5692
f 5693/5693/5693 5694/5694/5694 5695/5695/5695
f 5693/5693/5693 5695/5695/5695 5696/5696/5696
f 5697/5697/5697 5698/5698/5698 5699/5699/5699
f 5697/5697/5697 5699/5699/5699 5700/5700/5700
f 5701/5701/5701 5702/5702/5702 5703/5703/5703
f 5701/5701/5701 5703/5703/5703 5704/5704/5704
f 5705/5705/5705 5706/5706/5706 5707/5707/5707
f 5705/5705/5705 5707/5707/5707 5708/5708/5708
f 5709/5709/5709 5710/5710/5710 5711/5711/5711
f 5709/5709/5709 5711/5711/5711 5712/5712/5712
f 5713/5713/5713 5714/5714/5714 5715/5715/5715
f 5713/5713/5713 5715/5715/5715 5716/5716/5716
f 5717/5717/5717 5718/5718/5718 5719/5719/5719
f 5717/5717/5717 5719/5719/5719 5720/5720/5720
f 5721/5721/5721 5722/5722/5722 5723/5723/5723
f 5721/5721/5721 5723/5723/5723 5724/5724/5724
f 5725/5725/5725 5726/5726/5726 5727/5727/5727
f 5725/5725/5725 5727/5727/5727 5728/5728/5728
f 5729/5729/5729 5730/5730/5730 5731/5731/5731
f 5729/5729/5729 5731/5731/5731 5732/5732/5732
f 5733/5733/5733 5734/5734/5734 5735/5735/5735
f 5733/5733/5733 5735/5735/5735 5736/5736/5736
f 5737/5737/5737 5739/5739/5739 5738/5738/5738
f 5740/5740/5740 5741/5741/5741 5742/5742/5742
f 5743/5743/5743 5744/5744/5744 5745/5745/5745
f 5746/5746/5746 5748/5748/5748 5747/5747/5747
f 5749/5749/5749 5750/5750/5750 5751/5751/5751
f 5752/5752/5752 5754/5754/5754 5753/5753/5753
f 5755/5755/5755 5757/5757/5757 5756/5756/5756
f 5758/5758/5758 5759/5759/5759 5760/5760/5760
f 5761/5761/5761 5762/5762/5762 5763/5763/5763
f 5761/5761/5761 5763/5763/5763 5764/5764/5764
f 5765/5765/5765 5766/5766/5766 5767/5767/5767
f 5765/5765/5765 5767/5767/5767 5768/5768/5768
f 5769/5769/5769 5770/5770/5770 5771/5771/5771
f 5769/5769/5769 5771/5771/5771 5772/5772/5772
f 5773/5773/5773 5774/5774/5774 5775/5775/5775
f 5773/5773/5773 5775/5775/5775 5776/5776/5776
f 5777/5777/5777 5778/5778/5778 5779/5779/5779
f 5777/5777/5777 5779/5779/5779 5780/5780/5780
f 5781/5781/5781 5782/5782/5782 5783/5783/5783
f 5781/5781/5781 5783/5783/5783 5784/5784/5784
f 5785/5785/5785 5786/5786/5786 5787/5787/5787
f 5785/5785/5785 5787/5787/5787 5788/5788/5788
f 5789/5789/5789 5790/5790/5790 5791/5791/5791
f 5789/5789/5789 5791/5791/5791 5792/5792/5792
f 5793/5793/5793 5794/5794/5794 5795/5795/5795
f 5793/5793/5793 5795/5795/5795 5796/5796/5796
f 5797/5797/5797 5798/5798/5798 5799/5799/5799
f 5797/5797/5797 5799/5799/5799 5800/5800/5800
f 5801/5801/5801 5802/5802/5802 5803/5803/5803
f 5801/5801/5801 5803/5803/5803 5804/5804/5804
f 5805/5805/5805 5806/5806/5806 5807/5807/5807
f 5805/5805/5805 5807/5807/5807 5808/5808/5808
f 5809/5809/5809 5810/5810/5810 5811/5811/5811
f 5809/5809/5809 5811/5811/5811 5812/5812/5812
f 5813/5813/5813 5814/5814/5814 5815/5815/5815
f 5813/5813/5813 5815/5815/5815 5816/5816/5816
f 5817/5817/5817 5818/5818/5818 5819/5819/5819
f 5817/5817/5817 5819/5819/5819 5820/5820/5820
f 5821/5821/5821 5822/5822/5822 5823/5823/5823
f 5821/5821/5821 5823/5823/5823 5824/5824/5824
f 5825/5825/5825 5826/5826/5826 5827/5827/5827
f 5825/5825/5825 5827/5827/5827 5828/5828/5828
f 5829/5829/5829 5830/5830/5830 5831/5831/5831
f 5829/5829/5829 5831/5831/5831 5832/5832/5832
f 5833/5833/5833 5835/5835/5835 5834/5834/5834
f 5836/5836/5836 5837/5837/5837 5838/5838/5838
f 5839/5839/5839 5840/5840/5840 5841/5841/5841
f 5842/5842/5842 5844/5844/5844 5843/5843/5843
f 5845/5845/5845 5846/5846/5846 5847/5847/5847
f 5848/5848/5848 5850/5850/5850 5849/5849/5849
f 5851/5851/5851 5853/5853/5853 5852/5852/5852
f 5854/5854/5854 5855/5855/5855 5856/5856/5856
f 5857/5857/5857 5858/5858/5858 5859/5859/5859
f 5857/5857/5857 5859/5859/5859 5860/5860/5860
f 5861/5861/5861 5862/5862/5862 5863/5863/5863
f 5861/5861/5861 5863/5863/5863 5864/5864/5864
f 5865/5865/5865 5866/5866/5866 5867/5867/5867
f 5865/5865/5865 5867/5867/5867 5868/5868/5868
f 5869/5869/5869 5870/5870/5870 5871/5871/5871
f 5869/5869/5869 5871/5871/5871 5872/5872/5872
f 5873/5873/5873 5874/5874/5874 5875/5875/5875
f 5873/5873/5873 5875/5875/5875 5876/5876/5876
f 5877/5877/5877 5878/5878/5878 5879/5879/5879
f 5877/5877/5877 5879/5879/5879 5880/5880/5880
f 5881/5881/5881 5882/5882/5882 5883/5883/5883
f 5881/5881/5881 5883/5883/5883 5884/5884/5884
f 5885/5885/5885 5886/5886/5886 5887/5887/5887
f 5885/5885/5885 5887/5887/5887 5888/5888/5888
f 5889/5889/5889 5890/5890/5890 5891/5891/5891
f 5889/5889/5889 5891/5891/5891 5892/5892/5892
f 5893/5893/5893 5894/5894/5894 5895/5895/5895
f 5893/5893/5893 5895/5895/5895 5896/5896/5896
f 5897/5897/5897 5898/5898/5898 5899/5899/5899
f 5897/5897/5897 5899/5899/5899 5900/5900/5900
f 5901/5901/5901 5902/5902/5902 5903/5903/5903
f 5901/5901/5901 5903/5903/5903 5904/5904/5904
f 5905/5905/5905 5906/5906/5906 5907/5907/5907
f 5905/5905/5905 5907/5907/5907 5908/5908/5908
f 5909/5909/5909 5910/5910/5910 5911/5911/5911
f 5909/5909/5909 5911/5911/5911 5912/5912/5912
f 5913/5913/5913 5914/5914/5914 5915/5915/5915
f 5913/5913/5913 5915/5915/5915 5916/5916/5916
f 5917/5917/5917 5918/5918/5918 5919/5919/5919
f 5917/5917/5917 5919/5919/5919 5920/5920/5920
f 5921/5921/5921 5922/5922/5922 5923/5923/5923
f 5921/5921/5921 5923/5923/5923 5924/5924/5924
f 5925/5925/5925 5926/5926/5926 5927/5927/5927
f 5925/5925/5925 5927/5927/5927 5928/5928/5928
f 5929/5929/5929 5931/5931/5931 5930/5930/5930
f 5932/5932/5932 5933/5933/5933 5934/5934/5934
f 5935/5935/5935 5936/5936/5936 5937/5937/5937
f 5938/5938/5938 5940/5940/5940 5939/5939/5939
f 5941/5941/5941 5942/5942/5942 5943/5943/5943
f 5944/5944/5944 5946/5946/5946 5945/5945/5945
f 5947/5947/5947 5949/5949/5949 5948/5948/5948
f 5950/5950/5950 5951/5951/5951 5952/5952/5952
