# sandbag_05
mtllib props.mtl
o sandbag_05
usemtl Burlap
v -0.485262 0.173769 -0.001360
v -0.493420 0.183675 0.015919
v -0.496875 0.176939 -0.001732
v -0.502059 0.204537 0.006781
v -0.495460 0.199274 0.009008
v -0.480817 0.190611 -0.006082
v -0.488021 0.195369 -0.004609
v -0.488092 0.182025 0.015390
v -0.497307 0.197944 -0.011505
v -0.361235 0.152284 0.003716
v -0.386902 0.176285 0.059216
v -0.479813 0.185629 0.083323
v -0.571391 0.177174 0.079561
v -0.625264 0.161057 0.018646
v -0.636063 0.177226 -0.038735
v -0.575348 0.155189 -0.062757
v -0.476144 0.174541 -0.078892
v -0.386902 0.156424 -0.033937
v -0.267152 0.104188 0.034938
v -0.335977 0.111318 0.147721
v -0.489263 0.119320 0.193302
v -0.625742 0.140202 0.141770
v -0.712304 0.105106 0.026438
v -0.728675 0.100893 -0.057734
v -0.592341 0.101013 -0.149337
v -0.426219 0.097552 -0.167455
v -0.300137 0.101193 -0.081992
v -0.268535 0.066670 0.029096
v -0.344984 0.077771 0.152533
v -0.479527 0.062554 0.215678
v -0.640370 0.069334 0.169886
v -0.721224 0.063581 0.055173
v -0.724268 0.056431 -0.066155
v -0.616810 0.046767 -0.150406
v -0.443313 0.045621 -0.161528
v -0.304907 0.037485 -0.075408
v -0.359844 0.033688 0.032845
v -0.397884 0.018471 0.094777
v -0.493937 0.039618 0.102363
v -0.574270 0.041857 0.094282
v -0.625697 0.026451 0.030488
v -0.632690 0.047406 -0.026448
v -0.573614 0.030517 -0.082984
v -0.479089 0.015887 -0.083206
v -0.390232 0.018789 -0.050720
v -0.513405 0.012523 -0.000794
v -0.498924 0.024718 0.015259
v -0.504423 0.009073 0.000621
v -0.493421 0.028168 0.027191
v -0.512516 0.022964 0.021757
v -0.492630 0.025976 0.027796
v -0.491134 0.014340 0.001866
v -0.499330 0.022735 0.027338
v -0.509699 0.020163 0.008101
v -0.050741 0.204047 0.004066
v -0.047490 0.198985 0.000394
v -0.041455 0.209002 -0.022952
v -0.057632 0.177996 -0.023285
v -0.059707 0.178649 -0.015589
v -0.062496 0.193163 -0.001863
v -0.030845 0.183205 -0.011977
v -0.042813 0.211135 -0.001812
v -0.050227 0.188447 -0.003664
v 0.091742 0.166223 -0.015448
v 0.051617 0.182092 0.068508
v -0.007598 0.193690 0.072024
v -0.116726 0.189267 0.079547
v -0.168929 0.181938 0.009735
v -0.190193 0.171137 -0.045095
v -0.101420 0.172270 -0.097249
v -0.032912 0.170986 -0.112979
v 0.071653 0.168100 -0.067166
v 0.185578 0.105907 0.000483
v 0.136630 0.120497 0.099604
v 0.006596 0.136586 0.199463
v -0.156100 0.127398 0.164687
v -0.271720 0.092089 0.045614
v -0.240171 0.086550 -0.054070
v -0.143485 0.118143 -0.188383
v 0.005115 0.121804 -0.190513
v 0.143153 0.130187 -0.111044
v 0.199319 0.074243 -0.008481
v 0.134874 0.090446 0.122342
v -0.007385 0.087969 0.201279
v -0.163438 0.059075 0.171797
v -0.263324 0.059662 0.039825
v -0.237575 0.060629 -0.071952
v -0.145184 0.059742 -0.171400
v 0.003765 0.068211 -0.210029
v 0.132926 0.055509 -0.105119
v 0.109777 0.035581 0.005384
v 0.076654 0.051224 0.067924
v -0.002117 0.051409 0.096819
v -0.118226 0.033943 0.100520
v -0.162264 0.026845 0.049497
v -0.160336 0.029921 -0.044369
v -0.096009 0.033289 -0.081177
v -0.008108 0.025301 -0.104539
v 0.064941 0.033106 -0.053483
v -0.029403 0.022698 0.009956
v -0.036816 0.010887 0.011923
v -0.041304 0.029658 0.000760
v -0.025629 0.007276 -0.003119
v -0.039479 0.023107 -0.012201
v -0.032209 0.015247 0.011761
v -0.022824 0.005844 -0.014199
v -0.026729 0.015927 -0.011406
v -0.047487 0.002371 0.015702
v 0.400954 0.184506 -0.010318
v 0.424631 0.183931 -0.006496
v 0.429470 0.195328 -0.002624
v 0.411723 0.203404 -0.005569
v 0.411658 0.187671 -0.001724
v 0.417290 0.196485 0.004797
v 0.401107 0.196440 -0.015051
v 0.409134 0.181756 0.006728
v 0.426254 0.193883 0.002949
v 0.537928 0.186731 0.013258
v 0.512276 0.193931 0.063756
v 0.419528 0.159540 0.086560
v 0.353575 0.170711 0.073523
v 0.270666 0.175589 0.027381
v 0.304440 0.169263 -0.029245
v 0.346660 0.189037 -0.094811
v 0.437395 0.186209 -0.072595
v 0.513926 0.177816 -0.064486
v 0.625203 0.127841 0.023524
v 0.600222 0.119569 0.116871
v 0.445117 0.123414 0.175866
v 0.305834 0.116306 0.133669
v 0.207255 0.105072 0.029403
v 0.233258 0.096077 -0.071601
v 0.317461 0.110793 -0.176069
v 0.456585 0.133412 -0.184491
v 0.588926 0.109893 -0.090312
v 0.648538 0.091612 0.024274
v 0.574815 0.059415 0.112658
v 0.454425 0.072142 0.177249
v 0.290444 0.060252 0.165232
v 0.193627 0.045438 0.037073
v 0.235868 0.061463 -0.064999
v 0.322562 0.066495 -0.185233
v 0.470642 0.072920 -0.177275
v 0.579870 0.070823 -0.111805
v 0.560869 0.031765 -0.005578
v 0.516142 0.045598 0.067290
v 0.434973 0.040332 0.114447
v 0.359360 0.011918 0.072509
v 0.292952 0.027013 0.023112
v 0.315251 0.019728 -0.051967
v 0.348843 0.035343 -0.105950
v 0.450071 0.032595 -0.109672
v 0.517683 0.021232 -0.054752
v 0.407303 0.000000 0.006315
v 0.410118 0.019621 0.000349
v 0.407498 0.026573 -0.014106
v 0.435120 0.026867 0.009143
v 0.413054 0.013676 -0.002974
v 0.409976 0.010688 0.001721
v 0.424570 0.024874 -0.012649
v 0.410180 0.014504 0.009109
v 0.408013 0.014464 0.013004
v -0.278801 0.385077 0.013256
v -0.257078 0.371278 0.010087
v -0.251740 0.381938 0.007756
v -0.251800 0.391818 -0.007699
v -0.261403 0.395189 0.014583
v -0.258570 0.392420 -0.007419
v -0.262422 0.379674 0.012103
v -0.266015 0.370520 -0.009227
v -0.275335 0.397364 -0.009622
v -0.110068 0.353660 0.015775
v -0.155598 0.374360 0.084311
v -0.252149 0.371692 0.088774
v -0.353493 0.388878 0.073524
v -0.414069 0.386569 0.026525
v -0.397448 0.382876 -0.036018
v -0.327687 0.365243 -0.080024
v -0.244108 0.357574 -0.086721
v -0.144855 0.358996 -0.050032
v -0.031575 0.280495 0.024943
v -0.089683 0.301516 0.138796
v -0.228699 0.324899 0.186952
v -0.410293 0.340525 0.153210
v -0.506897 0.308652 0.026739
v -0.487298 0.318955 -0.042536
v -0.381246 0.314797 -0.167176
v -0.207151 0.292863 -0.164441
v -0.083177 0.301985 -0.077865
v -0.037009 0.263962 0.043731
v -0.088629 0.252542 0.142593
v -0.235990 0.261634 0.206587
v -0.408713 0.270057 0.163194
v -0.513050 0.283495 0.033019
v -0.503156 0.276961 -0.061933
v -0.360116 0.263126 -0.145901
v -0.231690 0.236162 -0.156704
v -0.068974 0.243937 -0.063577
v -0.120092 0.212852 0.030777
v -0.171995 0.212879 0.089142
v -0.240748 0.235411 0.118675
v -0.360363 0.225264 0.087437
v -0.421410 0.244932 0.021917
v -0.400835 0.224044 -0.031079
v -0.346756 0.233825 -0.070273
v -0.234515 0.209767 -0.072089
v -0.151767 0.201090 -0.045403
v -0.270213 0.207370 0.013769
v -0.281965 0.218637 0.016217
v -0.281694 0.217199 0.024642
v -0.283787 0.216215 0.008443
v -0.282650 0.224922 0.023500
v -0.283820 0.219486 0.027776
v -0.287072 0.223479 0.027934
v -0.279731 0.213490 0.002216
v -0.263682 0.205403 0.015402
v 0.189965 0.384295 -0.028722
v 0.176059 0.373728 -0.013071
v 0.185321 0.394591 -0.022540
v 0.191146 0.383518 -0.018809
v 0.180263 0.398604 -0.018663
v 0.195885 0.388427 -0.025570
v 0.188104 0.390059 -0.009109
v 0.191243 0.383001 -0.013879
v 0.190151 0.393504 -0.023158
v 0.346861 0.362224 -0.038124
v 0.303491 0.358743 0.024538
v 0.211944 0.364788 0.069094
v 0.103945 0.373270 0.059203
v 0.055932 0.359267 0.029510
v 0.040736 0.360288 -0.046564
v 0.107650 0.375578 -0.083566
v 0.194464 0.365487 -0.122379
v 0.294315 0.388274 -0.088299
v 0.422710 0.316055 -0.036132
v 0.383097 0.316291 0.080960
v 0.258252 0.298796 0.166714
v 0.069399 0.313288 0.137813
v -0.029247 0.280780 0.020455
v -0.029366 0.297721 -0.059146
v 0.069952 0.312457 -0.168757
v 0.208892 0.319192 -0.213122
v 0.357442 0.307955 -0.157085
v 0.438900 0.282051 -0.029841
v 0.394380 0.250432 0.071060
v 0.257182 0.261818 0.155172
v 0.094851 0.236832 0.156303
v -0.045799 0.244558 0.043666
v -0.050982 0.251375 -0.056704
v 0.065975 0.273993 -0.199968
v 0.229831 0.265407 -0.240114
v 0.377546 0.281732 -0.149807
v 0.325826 0.230693 -0.052299
v 0.298665 0.211664 0.021654
v 0.213574 0.230701 0.086931
v 0.125277 0.212543 0.061167
v 0.042578 0.208690 0.009753
v 0.050142 0.233373 -0.069483
v 0.105975 0.214597 -0.119670
v 0.218081 0.239037 -0.141182
v 0.302415 0.230398 -0.106417
v 0.204704 0.227679 -0.034745
v 0.194863 0.219839 -0.022396
v 0.198697 0.214638 -0.033443
v 0.192015 0.213004 -0.020898
v 0.181991 0.216602 -0.033366
v 0.184870 0.216734 -0.032188
v 0.187168 0.209947 -0.035752
v 0.182276 0.198706 -0.032363
v 0.196495 0.202272 -0.020004
v 0.464705 0.381918 -0.017776
v 0.464520 0.394009 -0.017796
v 0.463426 0.368510 -0.003249
v 0.478041 0.396348 -0.021389
v 0.453381 0.380319 -0.021530
v 0.470858 0.380796 -0.013034
v 0.462059 0.382490 -0.017743
v 0.478655 0.394752 -0.015681
v 0.461248 0.372679 -0.004255
v 0.604616 0.389148 -0.011594
v 0.580603 0.365146 0.039457
v 0.475939 0.364283 0.058195
v 0.384079 0.365224 0.050450
v 0.333623 0.345266 -0.015068
v 0.334285 0.340298 -0.064540
v 0.402869 0.365443 -0.115906
v 0.511486 0.373312 -0.097839
v 0.572523 0.385724 -0.048822
v 0.706713 0.323402 0.008562
v 0.644141 0.315820 0.098906
v 0.504742 0.302076 0.163520
v 0.340357 0.286952 0.120466
v 0.263305 0.275546 0.005299
v 0.249727 0.292544 -0.094314
v 0.369706 0.295435 -0.173672
v 0.519170 0.301907 -0.180024
v 0.663627 0.322169 -0.108898
v 0.709544 0.301845 0.023604
v 0.639721 0.262801 0.111634
v 0.504318 0.266458 0.187808
v 0.355814 0.264549 0.126245
v 0.251723 0.259706 0.012966
v 0.249099 0.253155 -0.084623
v 0.377895 0.262195 -0.188582
v 0.543100 0.274861 -0.186309
v 0.664970 0.288009 -0.101260
v 0.618440 0.253486 -0.006331
v 0.596268 0.253326 0.050355
v 0.495013 0.239261 0.080609
v 0.405994 0.224402 0.075995
v 0.329023 0.230248 0.001077
v 0.334434 0.204343 -0.067279
v 0.410144 0.230185 -0.116726
v 0.513599 0.218420 -0.125257
v 0.600329 0.251530 -0.082474
v 0.473651 0.227843 -0.018904
v 0.490489 0.206728 -0.015996
v 0.466070 0.228682 -0.029506
v 0.471118 0.227325 -0.017471
v 0.493965 0.220304 -0.017576
v 0.490722 0.210806 -0.011719
v 0.471346 0.205304 -0.022674
v 0.478784 0.203569 -0.029361
v 0.490050 0.202241 -0.014018
v -0.516728 0.583638 0.025422
v -0.511931 0.600195 0.022247
v -0.510656 0.598416 -0.000691
v -0.494762 0.592282 -0.000196
v -0.505835 0.609689 0.017062
v -0.496818 0.587931 0.003204
v -0.510518 0.610517 0.002081
v -0.504744 0.599107 0.013849
v -0.496494 0.590814 0.000359
v -0.359593 0.573763 0.024238
v -0.394671 0.563672 0.075553
v -0.480804 0.554778 0.106318
v -0.576747 0.569442 0.090157
v -0.644751 0.564103 0.025728
v -0.634127 0.564324 -0.017378
v -0.582845 0.587808 -0.072201
v -0.479292 0.572873 -0.081887
v -0.400525 0.569866 -0.035252
v -0.280552 0.503278 0.018577
v -0.344639 0.501038 0.130406
v -0.468109 0.506497 0.185426
v -0.626031 0.486017 0.151959
v -0.706589 0.492418 0.042244
v -0.707546 0.487158 -0.051232
v -0.627566 0.506622 -0.158896
v -0.462064 0.512164 -0.149881
v -0.318853 0.517671 -0.082712
v -0.263387 0.469858 0.024942
v -0.335778 0.445853 0.117816
v -0.455843 0.442578 0.175656
v -0.609759 0.438932 0.156263
v -0.731902 0.450065 0.050083
v -0.721401 0.448602 -0.041032
v -0.621952 0.467803 -0.164611
v -0.444232 0.479787 -0.154937
v -0.302506 0.469770 -0.080163
v -0.350601 0.428825 0.019640
v -0.395055 0.402455 0.068892
v -0.468026 0.411277 0.090689
v -0.577389 0.409606 0.087721
v -0.632413 0.405835 0.037350
v -0.616464 0.413813 -0.036191
v -0.568212 0.429134 -0.078096
v -0.466975 0.429208 -0.091043
v -0.379604 0.433880 -0.066671
v -0.500607 0.397538 0.003546
v -0.487883 0.399723 0.011766
v -0.484202 0.413162 0.005039
v -0.503325 0.394784 0.002147
v -0.497096 0.394582 0.004286
v -0.509275 0.391397 0.010692
v -0.502466 0.393498 0.000361
v -0.509668 0.413155 -0.001127
v -0.499357 0.397655 0.013283
v -0.027759 0.592149 -0.012102
v -0.032963 0.574928 0.007688
v -0.044586 0.593371 -0.011736
v -0.046787 0.580745 0.008533
v -0.034491 0.583239 -0.004971
v -0.045258 0.594183 -0.017724
v -0.032149 0.601333 -0.019997
v -0.046955 0.596025 -0.012416
v -0.031528 0.593154 -0.008709
v 0.110566 0.553327 -0.024218
v 0.059637 0.575157 0.045899
v -0.007400 0.565989 0.075687
v -0.086098 0.578011 0.091223
v -0.177637 0.563730 0.042417
v -0.157667 0.584467 -0.019687
v -0.122274 0.570133 -0.097520
v -0.009955 0.575706 -0.104951
v 0.054096 0.569749 -0.080439
v 0.169680 0.502587 -0.022749
v 0.135581 0.492126 0.116172
v 0.017876 0.517892 0.186836
v -0.128371 0.519082 0.182007
v -0.254327 0.505779 0.057005
v -0.245411 0.502417 -0.034413
v -0.155433 0.513814 -0.176027
v -0.012503 0.521004 -0.213638
v 0.128180 0.514342 -0.143397
v 0.171778 0.457153 -0.011477
v 0.144350 0.434398 0.119878
v 0.001987 0.454271 0.201319
v -0.144978 0.463414 0.169847
v -0.242868 0.457263 0.043272
v -0.255191 0.453778 -0.054907
v -0.150240 0.473899 -0.173602
v -0.012629 0.466469 -0.195767
v 0.136579 0.439478 -0.130623
v 0.096495 0.416093 -0.027339
v 0.056519 0.413990 0.071917
v -0.006057 0.411305 0.102501
v -0.119322 0.430023 0.086620
v -0.173967 0.432535 0.030454
v -0.163448 0.411132 -0.046530
v -0.103961 0.412371 -0.109259
v -0.027979 0.410324 -0.124162
v 0.056600 0.404340 -0.085055
v -0.055573 0.400427 -0.014294
v -0.056339 0.419964 -0.013088
v -0.035594 0.415703 0.003276
v -0.039631 0.415593 -0.013037
v -0.054987 0.399108 -0.013362
v -0.032301 0.395995 -0.018141
v -0.034699 0.397468 -0.016123
v -0.032772 0.406522 -0.008370
v -0.031971 0.414074 -0.008053
v 0.412126 0.606659 -0.019664
v 0.430278 0.586544 -0.027099
v 0.412449 0.607834 -0.014794
v 0.413357 0.593914 -0.017226
v 0.421394 0.595143 -0.022437
v 0.426396 0.596517 -0.006504
v 0.411723 0.585367 -0.011577
v 0.426633 0.605051 -0.011835
v 0.409720 0.586995 -0.010159
v 0.548803 0.581491 0.009723
v 0.524773 0.585563 0.043333
v 0.437295 0.571335 0.090738
v 0.353244 0.570509 0.063155
v 0.278660 0.570735 0.008415
v 0.292462 0.574668 -0.065324
v 0.361606 0.572012 -0.091341
v 0.449415 0.558321 -0.093937
v 0.521541 0.562539 -0.059784
v 0.640441 0.508751 0.011151
v 0.574770 0.504480 0.110646
v 0.433784 0.528045 0.168997
v 0.294421 0.516431 0.129589
v 0.220510 0.521653 0.024508
v 0.228399 0.497166 -0.089361
v 0.342857 0.507482 -0.180408
v 0.487519 0.507340 -0.206383
v 0.589356 0.489122 -0.119451
v 0.643582 0.461557 0.028258
v 0.574795 0.455254 0.133122
v 0.444591 0.462902 0.183173
v 0.289275 0.460079 0.147469
v 0.215021 0.479992 0.026330
v 0.221396 0.474730 -0.083855
v 0.321886 0.443229 -0.198122
v 0.485371 0.448888 -0.187320
v 0.599602 0.431212 -0.119224
v 0.547162 0.404703 0.001554
v 0.522289 0.416602 0.085410
v 0.418184 0.421102 0.097843
v 0.328518 0.417011 0.091895
v 0.296247 0.435431 0.012546
v 0.295502 0.415230 -0.064865
v 0.369024 0.415562 -0.106890
v 0.465612 0.409242 -0.101527
v 0.517291 0.401144 -0.065975
v 0.408092 0.390982 0.007562
v 0.417298 0.395938 -0.005184
v 0.405913 0.414504 -0.016348
v 0.428736 0.393571 -0.008453
v 0.429344 0.414359 0.008070
v 0.418090 0.414662 0.008768
v 0.422523 0.414337 -0.017584
v 0.429172 0.396566 0.004408
v 0.419924 0.402563 -0.017114
v -0.269142 0.794712 0.020543
v -0.268792 0.787222 0.003932
v -0.267083 0.801957 0.003636
v -0.262133 0.786495 0.015267
v -0.269889 0.790866 0.005458
v -0.267968 0.796875 -0.002985
v -0.261444 0.782846 0.018094
v -0.280778 0.787601 0.019541
v -0.284371 0.795014 0.019037
v -0.128047 0.757815 0.029884
v -0.172060 0.753669 0.070363
v -0.246843 0.758811 0.113370
v -0.352636 0.773109 0.087025
v -0.424107 0.777997 0.021647
v -0.413262 0.763857 -0.041941
v -0.323838 0.786569 -0.087575
v -0.234383 0.769172 -0.090425
v -0.148863 0.777824 -0.025957
v -0.036865 0.708795 0.039781
v -0.087727 0.686589 0.126310
v -0.256827 0.700401 0.170947
v -0.407316 0.710568 0.151342
v -0.499521 0.685830 0.020068
v -0.468264 0.704533 -0.064649
v -0.369044 0.730158 -0.176998
v -0.222741 0.712650 -0.164938
v -0.090633 0.709308 -0.097079
v -0.034954 0.662261 0.015569
v -0.091707 0.651773 0.122605
v -0.245648 0.643355 0.197073
v -0.414968 0.643166 0.152718
v -0.508384 0.652032 0.002072
v -0.493967 0.650343 -0.068211
v -0.361221 0.650214 -0.188445
v -0.219606 0.660053 -0.184532
v -0.078583 0.649232 -0.084963
v -0.118923 0.621193 0.015845
v -0.155619 0.607861 0.089355
v -0.254273 0.599380 0.097718
v -0.346972 0.607234 0.079739
v -0.418674 0.608011 0.002287
v -0.390256 0.612439 -0.061241
v -0.326989 0.628343 -0.093368
v -0.222572 0.609937 -0.107643
v -0.143727 0.615133 -0.067131
v -0.266174 0.605050 -0.015370
v -0.281973 0.602673 -0.006255
v -0.259540 0.598044 -0.007562
v -0.266702 0.601440 0.003486
v -0.283084 0.586742 0.002012
v -0.259867 0.589926 -0.017721
v -0.258388 0.598198 -0.016308
v -0.268581 0.584740 -0.006015
v -0.280850 0.589587 -0.006589
v 0.178479 0.781286 0.004023
v 0.186726 0.794815 -0.006489
v 0.197434 0.789807 0.009086
v 0.202240 0.786706 -0.009284
v 0.176882 0.777874 0.010254
v 0.175708 0.799659 -0.006817
v 0.185755 0.797899 0.013740
v 0.191470 0.779615 -0.004104
v 0.202962 0.779796 0.011265
v 0.339377 0.764998 -0.000886
v 0.316185 0.770469 0.059678
v 0.237496 0.761882 0.097272
v 0.130315 0.767384 0.085102
v 0.047765 0.758494 0.050132
v 0.039398 0.773495 -0.013241
v 0.104923 0.770219 -0.061944
v 0.196857 0.778996 -0.094278
v 0.299524 0.757043 -0.069082
v 0.415162 0.693737 -0.029710
v 0.384527 0.689771 0.082815
v 0.239710 0.702744 0.178252
v 0.081147 0.707556 0.175356
v -0.035438 0.698425 0.057971
v -0.046142 0.692355 -0.026784
v 0.055884 0.716705 -0.149800
v 0.221785 0.720606 -0.186258
v 0.346333 0.713407 -0.113339
v 0.416416 0.651457 -0.019890
v 0.392611 0.652924 0.094505
v 0.255607 0.633335 0.189056
v 0.090131 0.658755 0.189518
v -0.041318 0.644944 0.059785
v -0.048582 0.647418 -0.024084
v 0.070137 0.641760 -0.151839
v 0.213785 0.638940 -0.185431
v 0.350676 0.664068 -0.130168
v 0.350864 0.610871 -0.000379
v 0.310494 0.606528 0.066247
v 0.224815 0.597465 0.096007
v 0.114590 0.597413 0.105041
v 0.056050 0.604775 0.040570
v 0.051145 0.615958 -0.015465
v 0.106200 0.603045 -0.089220
v 0.203267 0.618630 -0.106581
v 0.301038 0.613030 -0.083500
v 0.183556 0.604023 -0.009176
v 0.199508 0.605149 -0.004781
v 0.202634 0.593242 -0.003505
v 0.197521 0.603127 0.011228
v 0.176584 0.593641 -0.004670
v 0.195032 0.591718 0.006211
v 0.185129 0.608638 0.013654
v 0.176416 0.584814 -0.000704
v 0.186836 0.590228 -0.003929
v 0.482322 0.789307 -0.007116
v 0.496505 0.784650 0.013208
v 0.479997 0.798430 -0.010377
v 0.486976 0.776849 0.006820
v 0.469568 0.799929 -0.004124
v 0.493757 0.781208 0.007937
v 0.477691 0.798733 -0.004636
v 0.476897 0.795658 -0.000618
v 0.472347 0.779984 -0.007578
v 0.628596 0.760342 -0.015850
v 0.615378 0.768939 0.044042
v 0.522025 0.760399 0.088923
v 0.414436 0.766685 0.081821
v 0.332114 0.773608 0.045519
v 0.338886 0.785712 -0.003652
v 0.404442 0.780860 -0.062508
v 0.496565 0.769465 -0.092933
v 0.591875 0.756448 -0.069485
v 0.731902 0.679503 -0.017317
v 0.691061 0.681340 0.070759
v 0.550624 0.725260 0.158364
v 0.361571 0.731108 0.164265
v 0.234092 0.718893 0.090257
v 0.221803 0.709108 -0.001994
v 0.333810 0.705486 -0.136642
v 0.511265 0.689206 -0.168651
v 0.657461 0.674504 -0.113500
v 0.723894 0.639392 -0.016827
v 0.667965 0.631724 0.082233
v 0.527505 0.643790 0.183384
v 0.377519 0.657430 0.181262
v 0.232596 0.672761 0.080944
v 0.236774 0.674675 0.003917
v 0.323056 0.644185 -0.125486
v 0.505874 0.642696 -0.177639
v 0.644230 0.635586 -0.121323
v 0.628442 0.590351 0.001516
v 0.605059 0.615049 0.051060
v 0.512340 0.610940 0.110719
v 0.414455 0.623173 0.112109
v 0.322180 0.622793 0.060700
v 0.314074 0.628112 -0.017358
v 0.383419 0.602679 -0.076424
v 0.490747 0.592130 -0.104726
v 0.576960 0.615200 -0.069089
v 0.463245 0.594938 0.021913
v 0.457832 0.607499 -0.001611
v 0.459976 0.596266 0.006639
v 0.474938 0.585292 0.001021
v 0.462607 0.608299 0.006846
v 0.477622 0.596387 0.000491
v 0.473307 0.596828 0.019480
v 0.469619 0.599234 0.021411
v 0.475426 0.610393 0.018272
v -0.494706 0.984937 -0.036382
v -0.494524 1.000104 -0.023625
v -0.501152 0.986439 -0.037892
v -0.497984 0.991845 -0.039922
v -0.513669 0.985482 -0.026879
v -0.515519 0.997053 -0.032193
v -0.488796 0.991167 -0.040309
v -0.509757 0.991040 -0.020126
v -0.496520 0.987776 -0.036208
v -0.349597 0.967819 -0.008362
v -0.399340 0.982061 0.042767
v -0.487866 0.977437 0.076713
v -0.579897 0.975178 0.047747
v -0.635251 0.970260 -0.008991
v -0.628392 0.971131 -0.089849
v -0.566864 0.953443 -0.114358
v -0.462798 0.968474 -0.118817
v -0.389520 0.969187 -0.083679
v -0.259399 0.911151 0.003504
v -0.336217 0.921989 0.119903
v -0.476077 0.902521 0.171088
v -0.626313 0.900987 0.128156
v -0.715735 0.891899 -0.004227
v -0.709102 0.878215 -0.096860
v -0.615706 0.900992 -0.216609
v -0.430793 0.902752 -0.209210
v -0.289017 0.908874 -0.118738
v -0.274001 0.861473 0.013968
v -0.347801 0.856359 0.106768
v -0.481074 0.861623 0.171569
v -0.622820 0.847277 0.131102
v -0.720863 0.834779 0.004508
v -0.724609 0.832605 -0.106240
v -0.606705 0.842858 -0.196971
v -0.422084 0.844132 -0.211449
v -0.311540 0.858435 -0.107248
v -0.356334 0.815808 -0.007090
v -0.406507 0.813335 0.043862
v -0.485614 0.810122 0.077325
v -0.576540 0.816465 0.049680
v -0.635148 0.810426 -0.016875
v -0.624890 0.811153 -0.071521
v -0.553635 0.796463 -0.129766
v -0.449502 0.794141 -0.116144
v -0.367963 0.803973 -0.087642
v -0.497396 0.797264 -0.016332
v -0.505629 0.800326 -0.017306
v -0.490406 0.781548 -0.017646
v -0.511379 0.793933 -0.026809
v -0.495658 0.800485 -0.028258
v -0.486833 0.780561 -0.011218
v -0.499746 0.781833 -0.036413
v -0.507386 0.792795 -0.018167
v -0.491185 0.778051 -0.012604
v -0.045229 0.975799 -0.043327
v -0.030941 0.968998 -0.032620
v -0.035107 0.975302 -0.043927
v -0.028070 0.969771 -0.040387
v -0.046265 0.977869 -0.036369
v -0.040121 0.968550 -0.029470
v -0.035577 0.968002 -0.037457
v -0.024154 0.980946 -0.031616
v -0.037406 0.979251 -0.045188
v 0.116763 0.953007 -0.022613
v 0.082132 0.957776 0.040537
v -0.010622 0.963373 0.046123
v -0.101260 0.944779 0.054376
v -0.164636 0.956777 0.005032
v -0.176210 0.965850 -0.081653
v -0.114121 0.976123 -0.121321
v 0.003396 0.949838 -0.115458
v 0.074431 0.951125 -0.081184
v 0.189196 0.871499 -0.019145
v 0.143128 0.891555 0.069315
v -0.012584 0.891853 0.135739
v -0.158140 0.912414 0.130371
v -0.258325 0.906666 0.006330
v -0.244704 0.906616 -0.098361
v -0.155349 0.926811 -0.197215
v 0.004284 0.909945 -0.210261
v 0.139194 0.896536 -0.152442
v 0.198073 0.834969 -0.045065
v 0.136972 0.831792 0.075343
v -0.019125 0.837862 0.150501
v -0.151335 0.845575 0.120795
v -0.244559 0.873594 0.011903
v -0.259987 0.868670 -0.082606
v -0.168556 0.870598 -0.201582
v 0.016559 0.861781 -0.220193
v 0.152664 0.832188 -0.153508
v 0.099772 0.815626 -0.045282
v 0.063460 0.808700 0.028053
v -0.015957 0.809101 0.054362
v -0.118006 0.820885 0.056280
v -0.175827 0.827871 0.000111
v -0.185323 0.826674 -0.084573
v -0.126871 0.812997 -0.126223
v -0.004370 0.800594 -0.134484
v 0.071761 0.813047 -0.105819
v -0.039038 0.810489 -0.042146
v -0.039821 0.794640 -0.030148
v -0.051740 0.795592 -0.034577
v -0.053145 0.806182 -0.045018
v -0.057070 0.800154 -0.052665
v -0.036289 0.788955 -0.038302
v -0.049897 0.788864 -0.029251
v -0.039283 0.802234 -0.053882
v -0.048378 0.810422 -0.029834
v 0.421185 0.986658 -0.031186
v 0.419201 0.994404 -0.040120
v 0.421991 0.998484 -0.033436
v 0.417808 0.994214 -0.033741
v 0.421290 0.979153 -0.038139
v 0.429732 0.979286 -0.032678
v 0.406338 0.993131 -0.023510
v 0.421904 0.990883 -0.015576
v 0.421532 0.995830 -0.027452
v 0.552621 0.956956 -0.006836
v 0.516559 0.968751 0.035622
v 0.438612 0.964668 0.050064
v 0.339788 0.962855 0.033562
v 0.291940 0.975934 -0.009106
v 0.290232 0.967910 -0.082141
v 0.367330 0.972287 -0.112685
v 0.444300 0.981832 -0.106641
v 0.520861 0.975904 -0.079586
v 0.654263 0.909406 -0.021554
v 0.587492 0.908340 0.085042
v 0.444193 0.890676 0.121736
v 0.291434 0.905861 0.095866
v 0.206186 0.886321 -0.007330
v 0.206460 0.905995 -0.104065
v 0.325847 0.928164 -0.188849
v 0.481971 0.908701 -0.190661
v 0.610977 0.922035 -0.119835
v 0.650693 0.860864 -0.010539
v 0.594230 0.843323 0.079933
v 0.448370 0.825682 0.128931
v 0.277132 0.837558 0.083285
v 0.211249 0.838287 -0.012178
v 0.221542 0.850063 -0.116829
v 0.321134 0.857800 -0.203271
v 0.468871 0.868095 -0.201089
v 0.597384 0.847423 -0.115443
v 0.563787 0.809133 -0.019819
v 0.529533 0.807669 0.020859
v 0.445064 0.796150 0.060900
v 0.343230 0.787155 0.024721
v 0.277834 0.805626 -0.016986
v 0.283409 0.813777 -0.085575
v 0.368568 0.802254 -0.121177
v 0.452662 0.825243 -0.141532
v 0.545276 0.801520 -0.087443
v 0.415745 0.790990 -0.041752
v 0.408763 0.796965 -0.035329
v 0.410487 0.794402 -0.050347
v 0.407997 0.792385 -0.046868
v 0.431890 0.800081 -0.042536
v 0.407879 0.784031 -0.048448
v 0.425709 0.797647 -0.052209
v 0.413472 0.792834 -0.056708
v 0.424652 0.788738 -0.043860
v -0.010601 0.178859 -0.470243
v -0.025938 0.189324 -0.468444
v -0.025744 0.189923 -0.476235
v -0.023110 0.202568 -0.465136
v -0.019157 0.204978 -0.490039
v -0.027797 0.196536 -0.488798
v -0.032785 0.207641 -0.475400
v -0.009385 0.186075 -0.492340
v -0.031489 0.200787 -0.484059
v -0.034843 0.184435 -0.648242
v 0.042515 0.164654 -0.591393
v 0.072283 0.150402 -0.518244
v 0.064698 0.149230 -0.399149
v 0.001859 0.169912 -0.319524
v -0.053019 0.188064 -0.319278
v -0.115180 0.179298 -0.411784
v -0.105415 0.177647 -0.493532
v -0.096123 0.179760 -0.607490
v -0.027592 0.112110 -0.724611
v 0.079457 0.099383 -0.675839
v 0.160791 0.085039 -0.512263
v 0.145407 0.092206 -0.349561
v 0.008219 0.103015 -0.247500
v -0.063878 0.124716 -0.243699
v -0.192469 0.143330 -0.348919
v -0.205753 0.126136 -0.511140
v -0.124366 0.139246 -0.683069
v -0.044732 0.066834 -0.728015
v 0.067038 0.065577 -0.677533
v 0.154104 0.036523 -0.528282
v 0.151963 0.032168 -0.359671
v 0.024079 0.074571 -0.230293
v -0.068049 0.082869 -0.251406
v -0.216521 0.067431 -0.341312
v -0.229415 0.075392 -0.506563
v -0.159681 0.069432 -0.671716
v -0.035862 0.040093 -0.627514
v 0.049146 0.021730 -0.592035
v 0.081632 0.015138 -0.503427
v 0.054206 0.009326 -0.415992
v 0.012409 0.021171 -0.335724
v -0.094438 0.024129 -0.335924
v -0.127543 0.039759 -0.396287
v -0.157531 0.038550 -0.494718
v -0.099449 0.036953 -0.612156
v -0.030088 0.016512 -0.467243
v -0.055234 0.008056 -0.485435
v -0.030764 0.003700 -0.468119
v -0.054000 0.011589 -0.462070
v -0.055112 0.002164 -0.473917
v -0.051967 0.009989 -0.469664
v -0.055466 0.016869 -0.484814
v -0.039815 0.015326 -0.467047
v -0.031360 0.013844 -0.464505
v -0.055551 0.206169 -0.013265
v -0.069354 0.198179 -0.013225
v -0.069388 0.199681 -0.027759
v -0.060081 0.196062 -0.030558
v -0.079509 0.195802 -0.016655
v -0.070030 0.182209 -0.016868
v -0.080359 0.200309 -0.006180
v -0.054374 0.201760 -0.026253
v -0.054021 0.209431 -0.022015
v -0.058432 0.166116 -0.182398
v 0.008991 0.175228 -0.125175
v 0.041013 0.186522 -0.038120
v 0.008167 0.184364 0.057395
v -0.062640 0.178956 0.120411
v -0.128498 0.165142 0.115658
v -0.166075 0.178878 0.041029
v -0.165864 0.184082 -0.060211
v -0.115905 0.165172 -0.143796
v -0.029858 0.107033 -0.257818
v 0.077672 0.105658 -0.192182
v 0.126000 0.134004 -0.026795
v 0.091722 0.112972 0.125786
v -0.041960 0.113165 0.202114
v -0.131308 0.105684 0.217748
v -0.257104 0.113915 0.071269
v -0.265584 0.100627 -0.075724
v -0.151726 0.122620 -0.211866
v -0.049042 0.068365 -0.261170
v 0.065545 0.077150 -0.180543
v 0.146032 0.066980 -0.032993
v 0.098722 0.054780 0.127447
v -0.037366 0.058234 0.203646
v -0.130528 0.080016 0.211142
v -0.241675 0.050784 0.083750
v -0.254323 0.061313 -0.076899
v -0.150707 0.074625 -0.233758
v -0.052767 0.030258 -0.167079
v 0.022716 0.037230 -0.110158
v 0.033301 0.030931 -0.025851
v 0.005206 0.027542 0.060936
v -0.029985 0.039019 0.117227
v -0.127894 0.020140 0.109994
v -0.167324 0.042167 0.053376
v -0.167545 0.038885 -0.066987
v -0.113101 0.013767 -0.128063
v -0.060674 0.007475 -0.005416
v -0.080372 0.028021 -0.031792
v -0.059253 0.019248 -0.004882
v -0.070605 0.019225 -0.025045
v -0.069206 0.010365 -0.002035
v -0.075904 0.023911 -0.023299
v -0.081817 0.006605 -0.022570
v -0.076195 0.015504 -0.015589
v -0.051296 0.003728 -0.018085
v -0.030926 0.184972 0.435717
v -0.027545 0.171675 0.437386
v -0.042912 0.173931 0.433308
v -0.041587 0.175134 0.444439
v -0.032530 0.193484 0.454132
v -0.015803 0.190339 0.436239
v -0.038216 0.200643 0.433078
v -0.044173 0.194572 0.437012
v -0.035451 0.184374 0.439464
v -0.020675 0.170760 0.299525
v 0.049148 0.170570 0.330214
v 0.056872 0.168577 0.438521
v 0.052714 0.153541 0.531471
v -0.020899 0.169829 0.569500
v -0.072133 0.153760 0.579506
v -0.126852 0.162198 0.491928
v -0.120885 0.183854 0.420911
v -0.068571 0.164819 0.321177
v -0.029240 0.114184 0.205198
v 0.108585 0.107605 0.277565
v 0.163796 0.105878 0.430611
v 0.124724 0.109686 0.577100
v 0.008804 0.090794 0.673105
v -0.105619 0.103243 0.670277
v -0.220784 0.122866 0.552059
v -0.234017 0.142883 0.389180
v -0.118649 0.131018 0.266451
v -0.003992 0.052721 0.205933
v 0.095598 0.052730 0.271016
v 0.163051 0.040756 0.432723
v 0.113245 0.056270 0.578530
v -0.005168 0.081463 0.649260
v -0.114702 0.060135 0.646107
v -0.222634 0.070369 0.559857
v -0.243187 0.073689 0.369751
v -0.130371 0.083423 0.238683
v -0.022937 0.022851 0.296938
v 0.026770 0.020182 0.348729
v 0.069614 0.038251 0.424154
v 0.055583 0.039528 0.519446
v -0.019606 0.044329 0.580287
v -0.086968 0.034763 0.588073
v -0.146296 0.036720 0.490936
v -0.152080 0.033052 0.417763
v -0.112429 0.049081 0.336926
v -0.041566 0.008889 0.444560
v -0.040369 0.030827 0.433754
v -0.031493 0.005477 0.458139
v -0.054028 0.024004 0.431889
v -0.054941 0.030803 0.444416
v -0.041703 0.021921 0.453205
v -0.036056 0.031004 0.442222
v -0.058121 0.011291 0.442701
v -0.034048 0.036048 0.435841
v -0.030932 0.374817 -0.234168
v -0.047519 0.390903 -0.243424
v -0.050013 0.399361 -0.241665
v -0.039491 0.374838 -0.253571
v -0.040063 0.390338 -0.237648
v -0.043096 0.387354 -0.243070
v -0.053542 0.376033 -0.240391
v -0.036719 0.379883 -0.232135
v -0.043811 0.380560 -0.258875
v -0.037293 0.381428 -0.391197
v 0.015355 0.362445 -0.340477
v 0.048234 0.348728 -0.277078
v 0.038914 0.372128 -0.177671
v -0.003436 0.350789 -0.119162
v -0.083739 0.369045 -0.119843
v -0.114155 0.376594 -0.177441
v -0.126806 0.361433 -0.283438
v -0.103404 0.362117 -0.358366
v -0.036106 0.308814 -0.449523
v 0.058782 0.317988 -0.412608
v 0.144931 0.306910 -0.285162
v 0.090227 0.295745 -0.135477
v -0.019272 0.318702 -0.034671
v -0.100632 0.295659 -0.053153
v -0.212997 0.335709 -0.142388
v -0.208781 0.336324 -0.303406
v -0.134574 0.322453 -0.417468
v -0.050176 0.270026 -0.468994
v 0.080674 0.255997 -0.413297
v 0.128903 0.246862 -0.275733
v 0.094419 0.243720 -0.128421
v -0.023119 0.254219 -0.033780
v -0.116897 0.261003 -0.044432
v -0.227786 0.266853 -0.132786
v -0.226945 0.287052 -0.301383
v -0.144496 0.270501 -0.424174
v -0.062208 0.224595 -0.397497
v 0.008064 0.233243 -0.354829
v 0.054982 0.231677 -0.264894
v 0.032981 0.217121 -0.162596
v -0.032652 0.224343 -0.130856
v -0.105561 0.215068 -0.111078
v -0.136947 0.216905 -0.188416
v -0.141513 0.219618 -0.279014
v -0.104704 0.243011 -0.366839
v -0.046595 0.217155 -0.239560
v -0.042319 0.214137 -0.249655
v -0.064844 0.211411 -0.256925
v -0.039630 0.225525 -0.235516
v -0.050130 0.212985 -0.254835
v -0.052502 0.225132 -0.262060
v -0.038818 0.221719 -0.256954
v -0.058827 0.224590 -0.261200
v -0.055645 0.220095 -0.236963
v -0.086820 0.373984 0.215477
v -0.092539 0.381283 0.204698
v -0.090011 0.387933 0.214695
v -0.083435 0.399496 0.202359
v -0.088617 0.391742 0.226459
v -0.088252 0.376128 0.209185
v -0.077057 0.394670 0.200016
v -0.081571 0.392188 0.203725
v -0.072269 0.378896 0.199065
v -0.091342 0.381208 0.075336
v -0.048268 0.374714 0.086921
v 0.018591 0.368419 0.187695
v 0.021836 0.381922 0.278459
v -0.040407 0.365743 0.344072
v -0.101832 0.371658 0.336158
v -0.140715 0.377502 0.298020
v -0.174359 0.358772 0.199617
v -0.147160 0.378255 0.126103
v -0.102746 0.307288 -0.024776
v 0.024441 0.319886 0.025689
v 0.095180 0.327736 0.133097
v 0.096012 0.318142 0.306132
v -0.009187 0.311997 0.430204
v -0.107428 0.299134 0.432497
v -0.230572 0.308341 0.363403
v -0.267295 0.319389 0.210171
v -0.217687 0.315503 0.049695
v -0.103029 0.252023 -0.014609
v 0.008647 0.273100 0.015859
v 0.112680 0.268544 0.143038
v 0.100214 0.278657 0.305944
v 0.023752 0.268033 0.426279
v -0.093233 0.260974 0.421522
v -0.236694 0.255112 0.352000
v -0.256487 0.241634 0.204307
v -0.208847 0.261189 0.054144
v -0.086377 0.232124 0.076744
v -0.007749 0.243217 0.082902
v 0.022064 0.217456 0.167459
v 0.025579 0.241682 0.265025
v -0.024257 0.213413 0.325902
v -0.093239 0.211751 0.346557
v -0.163573 0.206227 0.285561
v -0.185697 0.212980 0.191485
v -0.163449 0.209289 0.128463
v -0.077460 0.197556 0.219095
v -0.066050 0.197987 0.218391
v -0.060889 0.199292 0.214187
v -0.062684 0.225110 0.211726
v -0.077529 0.200453 0.205088
v -0.066217 0.220104 0.210589
v -0.063554 0.226439 0.209914
v -0.069575 0.211049 0.201017
v -0.074258 0.199175 0.225444
v -0.067459 0.398384 0.483815
v -0.079256 0.405974 0.495924
v -0.067252 0.393811 0.482958
v -0.075421 0.409900 0.499044
v -0.084380 0.408516 0.502662
v -0.077058 0.389442 0.502016
v -0.067484 0.385098 0.492562
v -0.084782 0.402015 0.490128
v -0.075434 0.396097 0.491483
v -0.059953 0.371283 0.345029
v -0.019260 0.362803 0.388700
v 0.033460 0.363841 0.468734
v 0.017572 0.385017 0.574476
v -0.045898 0.369416 0.646418
v -0.106463 0.362128 0.626053
v -0.168395 0.368104 0.572973
v -0.159653 0.358526 0.470170
v -0.138704 0.366801 0.380420
v -0.071313 0.306804 0.259044
v 0.042402 0.311184 0.317409
v 0.128362 0.329817 0.448663
v 0.092766 0.318107 0.626115
v -0.037351 0.315223 0.740268
v -0.132392 0.314477 0.728320
v -0.231194 0.307696 0.608189
v -0.255230 0.323290 0.456832
v -0.186293 0.305622 0.309528
v -0.051676 0.273935 0.269072
v 0.062064 0.252201 0.325763
v 0.140135 0.271973 0.464016
v 0.090447 0.272303 0.619254
v -0.040606 0.270596 0.729037
v -0.123259 0.256268 0.716722
v -0.237365 0.239518 0.613771
v -0.271206 0.242005 0.445988
v -0.170035 0.249774 0.328654
v -0.050297 0.219685 0.342035
v 0.004136 0.222448 0.378397
v 0.038288 0.227518 0.466092
v 0.031481 0.213958 0.588266
v -0.019911 0.218579 0.650563
v -0.107946 0.234163 0.631885
v -0.177085 0.215101 0.564396
v -0.188601 0.232905 0.460767
v -0.136842 0.220139 0.385974
v -0.078096 0.222255 0.490437
v -0.063048 0.197662 0.485887
v -0.057401 0.206081 0.484030
v -0.068926 0.216688 0.512001
v -0.073245 0.204594 0.481923
v -0.080063 0.216714 0.507054
v -0.080288 0.220000 0.489769
v -0.058423 0.199480 0.496591
v -0.071088 0.199130 0.497714
v -0.012566 0.588271 -0.472899
v -0.012017 0.584068 -0.471078
v 0.000118 0.593888 -0.482408
v 0.001446 0.600900 -0.470883
v -0.014904 0.600453 -0.463890
v -0.008534 0.590790 -0.470522
v -0.022129 0.585882 -0.473309
v 0.001222 0.582352 -0.485956
v -0.013844 0.601443 -0.466884
v 0.014993 0.573953 -0.638337
v 0.067052 0.569689 -0.600957
v 0.078227 0.550090 -0.500834
v 0.049518 0.572234 -0.397106
v 0.003967 0.573117 -0.319844
v -0.056503 0.562272 -0.334970
v -0.113954 0.579674 -0.414621
v -0.096979 0.581322 -0.502521
v -0.048407 0.564665 -0.605359
v 0.004273 0.494420 -0.731879
v 0.108866 0.489976 -0.641681
v 0.174189 0.494381 -0.480891
v 0.122236 0.502063 -0.323120
v -0.021401 0.502090 -0.226430
v -0.108187 0.520400 -0.262872
v -0.186869 0.541853 -0.388458
v -0.190578 0.533552 -0.549770
v -0.108379 0.520064 -0.676179
v 0.005693 0.471464 -0.740268
v 0.114692 0.434753 -0.644266
v 0.165377 0.424783 -0.508577
v 0.122276 0.426648 -0.340213
v -0.014835 0.445020 -0.231515
v -0.101812 0.473182 -0.243373
v -0.203637 0.477673 -0.365904
v -0.216113 0.480294 -0.554574
v -0.113453 0.457183 -0.682066
v 0.000261 0.417969 -0.631515
v 0.055546 0.415545 -0.594459
v 0.075484 0.405987 -0.488844
v 0.053725 0.416216 -0.377466
v -0.021354 0.427268 -0.315506
v -0.089080 0.410056 -0.341175
v -0.144685 0.426209 -0.409842
v -0.145578 0.415219 -0.516870
v -0.075312 0.424498 -0.610039
v -0.041547 0.394764 -0.475978
v -0.026737 0.410107 -0.489374
v -0.041938 0.392240 -0.482192
v -0.021092 0.388111 -0.478614
v -0.031228 0.405619 -0.492321
v -0.020368 0.408813 -0.473494
v -0.031321 0.414972 -0.480137
v -0.032830 0.387869 -0.478650
v -0.043888 0.392698 -0.492170
v -0.060309 0.580666 -0.016179
v -0.068133 0.595289 -0.017589
v -0.074010 0.599957 -0.018508
v -0.083873 0.576459 -0.012667
v -0.063585 0.587965 -0.011832
v -0.080558 0.602917 -0.010065
v -0.069304 0.603868 -0.018776
v -0.072337 0.579240 -0.021127
v -0.073934 0.590582 -0.003665
v -0.082052 0.580250 -0.170380
v -0.012371 0.567543 -0.125125
v 0.022140 0.583949 -0.053239
v 0.022098 0.564762 0.060414
v -0.030674 0.580120 0.130791
v -0.079969 0.564140 0.131266
v -0.142268 0.578499 0.050002
v -0.175655 0.551901 -0.031459
v -0.126447 0.565546 -0.130507
v -0.101622 0.495429 -0.257218
v 0.031069 0.518428 -0.190132
v 0.094880 0.508609 -0.065965
v 0.088386 0.533642 0.072969
v -0.005490 0.511071 0.204293
v -0.075964 0.501343 0.218721
v -0.216394 0.511713 0.111050
v -0.242068 0.489509 -0.043274
v -0.184578 0.500675 -0.196435
v -0.085755 0.453469 -0.247859
v 0.013868 0.465536 -0.204647
v 0.114392 0.471797 -0.076703
v 0.106300 0.463716 0.079739
v -0.002440 0.452093 0.193495
v -0.081001 0.463587 0.202140
v -0.206550 0.432428 0.124949
v -0.243169 0.441397 -0.040494
v -0.200702 0.463126 -0.189416
v -0.064282 0.407716 -0.167853
v -0.000253 0.432534 -0.124538
v 0.038176 0.433000 -0.048270
v 0.021372 0.430987 0.044161
v -0.014666 0.432855 0.128951
v -0.074700 0.428811 0.135623
v -0.157800 0.401766 0.067667
v -0.172429 0.407436 -0.032756
v -0.142573 0.413285 -0.137208
v -0.074703 0.407999 -0.023218
v -0.054897 0.406921 -0.013096
v -0.053013 0.409033 -0.007431
v -0.060159 0.397362 -0.020057
v -0.066206 0.416217 -0.020652
v -0.049330 0.393787 -0.010144
v -0.064631 0.406014 -0.013308
v -0.052915 0.415241 -0.028233
v -0.069932 0.409906 -0.010783
v -0.021147 0.582002 0.433709
v -0.033219 0.603636 0.452530
v -0.044083 0.600362 0.432829
v -0.034118 0.580964 0.435361
v -0.032481 0.605117 0.429772
v -0.039026 0.592757 0.429212
v -0.030234 0.603543 0.452612
v -0.028869 0.583566 0.451372
v -0.021415 0.599320 0.446808
v -0.035355 0.559170 0.305090
v 0.013842 0.577337 0.314094
v 0.048393 0.572504 0.408976
v 0.044605 0.564300 0.524459
v 0.011582 0.581050 0.569346
v -0.071091 0.573261 0.590343
v -0.100979 0.577319 0.525375
v -0.119181 0.564528 0.404536
v -0.082330 0.577195 0.311911
v -0.034269 0.487167 0.185912
v 0.053385 0.494915 0.271396
v 0.132930 0.509502 0.386708
v 0.110791 0.512590 0.545313
v -0.000387 0.491793 0.664998
v -0.076229 0.501803 0.689622
v -0.193302 0.535925 0.586258
v -0.224471 0.538387 0.397644
v -0.137841 0.521986 0.252489
v -0.035916 0.455795 0.202169
v 0.065511 0.450852 0.269744
v 0.153463 0.443980 0.394581
v 0.117288 0.433644 0.556700
v 0.010234 0.465468 0.653338
v -0.065670 0.476631 0.670245
v -0.197486 0.453130 0.571892
v -0.234337 0.474516 0.394901
v -0.158769 0.470333 0.241444
v -0.049923 0.403469 0.298170
v 0.013550 0.416078 0.325588
v 0.052910 0.409715 0.423671
v 0.055854 0.418835 0.499693
v 0.008617 0.414319 0.583648
v -0.081343 0.429910 0.594599
v -0.133983 0.419455 0.521234
v -0.144954 0.409282 0.416888
v -0.095123 0.420889 0.334738
v -0.029126 0.412717 0.427657
v -0.028294 0.402702 0.441941
v -0.030063 0.393542 0.447369
v -0.031782 0.405324 0.433491
v -0.055570 0.392479 0.445488
v -0.043488 0.400684 0.447254
v -0.046579 0.389387 0.449000
v -0.046188 0.398129 0.439032
v -0.051527 0.394211 0.445637
v -0.049110 0.785653 -0.254021
v -0.065414 0.787357 -0.253341
v -0.045376 0.768919 -0.236593
v -0.036758 0.769926 -0.259267
v -0.059656 0.772893 -0.236618
v -0.064497 0.781605 -0.262767
v -0.063815 0.767476 -0.256157
v -0.059039 0.773934 -0.255883
v -0.048738 0.791296 -0.257187
v -0.044817 0.748663 -0.382387
v 0.019779 0.758884 -0.338712
v 0.040598 0.781785 -0.256755
v 0.012086 0.757511 -0.179208
v -0.027161 0.772838 -0.107450
v -0.105142 0.740211 -0.106420
v -0.123881 0.738014 -0.190096
v -0.128135 0.749080 -0.297910
v -0.090892 0.753941 -0.360918
v 0.002038 0.694578 -0.465451
v 0.095012 0.732804 -0.408299
v 0.140762 0.735106 -0.274589
v 0.100105 0.737010 -0.125082
v -0.026084 0.690822 -0.023515
v -0.124063 0.674304 -0.040704
v -0.208887 0.691905 -0.142978
v -0.222180 0.682175 -0.328118
v -0.134430 0.687243 -0.452802
v 0.004471 0.673989 -0.474089
v 0.107745 0.674600 -0.405413
v 0.156306 0.671251 -0.270852
v 0.121550 0.690990 -0.114242
v -0.006472 0.659329 -0.038623
v -0.112782 0.659437 -0.043156
v -0.206595 0.616879 -0.153326
v -0.207518 0.611950 -0.315766
v -0.103074 0.627323 -0.432352
v -0.003979 0.621588 -0.391737
v 0.063034 0.629289 -0.342938
v 0.079650 0.622728 -0.267282
v 0.039714 0.628912 -0.172543
v -0.008018 0.615071 -0.114179
v -0.073687 0.616360 -0.108533
v -0.119385 0.607068 -0.197007
v -0.109865 0.605369 -0.278144
v -0.088523 0.597910 -0.365461
v -0.014115 0.602574 -0.245342
v -0.032011 0.598297 -0.238437
v -0.036516 0.611321 -0.252092
v -0.031051 0.599873 -0.239834
v -0.031763 0.594049 -0.259008
v -0.034235 0.593761 -0.249303
v -0.021693 0.617296 -0.237758
v -0.031722 0.611211 -0.238071
v -0.014414 0.593826 -0.255586
v -0.025022 0.784685 0.204143
v -0.045379 0.777276 0.213405
v -0.040177 0.772849 0.201923
v -0.023414 0.773424 0.218937
v -0.022176 0.788304 0.217210
v -0.029956 0.782573 0.200276
v -0.023849 0.785085 0.197601
v -0.025147 0.793362 0.212893
v -0.031614 0.786328 0.223624
v -0.064725 0.755316 0.075855
v 0.008499 0.754317 0.085704
v 0.053332 0.767555 0.167037
v 0.045932 0.755696 0.284623
v 0.007502 0.759552 0.352853
v -0.062359 0.766038 0.362157
v -0.105844 0.754136 0.293204
v -0.119341 0.772120 0.206524
v -0.089216 0.763429 0.118312
v -0.056877 0.707683 -0.004165
v 0.055457 0.698614 0.032343
v 0.131755 0.701554 0.144097
v 0.120550 0.705977 0.305909
v 0.030297 0.704041 0.423222
v -0.057306 0.696538 0.438895
v -0.174077 0.715057 0.356592
v -0.209202 0.719867 0.183824
v -0.160269 0.700281 0.042362
v -0.051907 0.646097 -0.003708
v 0.045347 0.642051 0.028223
v 0.115452 0.647768 0.144815
v 0.133092 0.640209 0.308975
v 0.040206 0.654270 0.419691
v -0.051116 0.649520 0.421476
v -0.187914 0.644217 0.351383
v -0.208542 0.648759 0.189643
v -0.163966 0.645375 0.057199
v -0.055107 0.616693 0.068366
v 0.009249 0.605541 0.087502
v 0.042576 0.604494 0.187014
v 0.039304 0.605067 0.274718
v 0.006878 0.619075 0.350350
v -0.046361 0.612189 0.356802
v -0.124025 0.620523 0.296646
v -0.133657 0.608106 0.210989
v -0.122285 0.605447 0.125342
v -0.035750 0.612499 0.223730
v -0.036592 0.590368 0.218991
v -0.052753 0.610840 0.213255
v -0.038465 0.593601 0.201051
v -0.051334 0.608713 0.225714
v -0.054269 0.596688 0.224507
v -0.037574 0.592223 0.218163
v -0.036143 0.596276 0.202220
v -0.042951 0.609807 0.219536
v -0.038586 0.781989 0.506461
v -0.029967 0.783639 0.486382
v -0.034059 0.775514 0.497868
v -0.031000 0.769192 0.487026
v -0.029862 0.768009 0.496065
v -0.029155 0.787910 0.503414
v -0.041102 0.767513 0.488380
v -0.028093 0.780242 0.506170
v -0.037793 0.768679 0.505298
v -0.040824 0.755264 0.362932
v 0.023350 0.762910 0.394625
v 0.050733 0.750152 0.459618
v 0.041548 0.748940 0.552854
v -0.007104 0.744937 0.611609
v -0.069702 0.757978 0.626210
v -0.115922 0.772933 0.571301
v -0.124545 0.764636 0.472182
v -0.092640 0.768507 0.383703
v -0.052339 0.689299 0.288820
v 0.048877 0.699438 0.336063
v 0.111605 0.682596 0.454478
v 0.096340 0.704914 0.617466
v -0.003435 0.685093 0.709339
v -0.074759 0.691843 0.702263
v -0.179920 0.722276 0.612126
v -0.205317 0.710353 0.470796
v -0.138730 0.716511 0.326414
v -0.039629 0.657200 0.278956
v 0.056659 0.647812 0.309702
v 0.113563 0.628396 0.441198
v 0.094894 0.648824 0.612783
v -0.003324 0.658964 0.701034
v -0.095233 0.656733 0.708508
v -0.179973 0.676365 0.617882
v -0.226965 0.680378 0.452606
v -0.158883 0.649952 0.340242
v -0.062717 0.611508 0.370997
v 0.001063 0.621195 0.382588
v 0.052964 0.617603 0.482161
v 0.029828 0.607867 0.563221
v -0.016077 0.610887 0.617681
v -0.077207 0.631198 0.617028
v -0.132635 0.619722 0.572068
v -0.135799 0.635419 0.474299
v -0.102608 0.629084 0.403524
v -0.054621 0.616566 0.493719
v -0.052622 0.600506 0.504540
v -0.040452 0.600054 0.487232
v -0.039149 0.602983 0.494423
v -0.058126 0.596510 0.509536
v -0.055368 0.599990 0.509039
v -0.048826 0.615005 0.496320
v -0.039613 0.614990 0.485350
v -0.056909 0.593054 0.502822
v -0.062615 0.992045 -0.469448
v -0.064327 0.995510 -0.476728
v -0.043012 0.987362 -0.472234
v -0.045201 0.978813 -0.469794
v -0.043676 0.994688 -0.470159
v -0.061526 0.985028 -0.481594
v -0.045621 0.993429 -0.486350
v -0.061318 0.978008 -0.472430
v -0.053922 0.970841 -0.482558
v -0.048025 0.968498 -0.623277
v 0.005144 0.962892 -0.602595
v 0.028986 0.960951 -0.496264
v 0.028632 0.963898 -0.400999
v -0.045102 0.949460 -0.320271
v -0.093311 0.951698 -0.338654
v -0.150576 0.957178 -0.406220
v -0.135226 0.960224 -0.523769
v -0.096768 0.974729 -0.595668
v -0.030914 0.900417 -0.717914
v 0.061773 0.882373 -0.664864
v 0.129440 0.885173 -0.505483
v 0.086669 0.883055 -0.342297
v -0.034051 0.900202 -0.244263
v -0.131439 0.896040 -0.247777
v -0.236406 0.912138 -0.380013
v -0.247997 0.915544 -0.530098
v -0.159504 0.912947 -0.682693
v -0.027618 0.860522 -0.730731
v 0.052091 0.855730 -0.669472
v 0.132070 0.832026 -0.512641
v 0.074182 0.825956 -0.339517
v -0.053604 0.861704 -0.229415
v -0.139008 0.851714 -0.246252
v -0.248364 0.868716 -0.383696
v -0.234984 0.852045 -0.524424
v -0.144637 0.845034 -0.675185
v -0.045527 0.809401 -0.637227
v 0.023676 0.817031 -0.577925
v 0.041125 0.794701 -0.486246
v 0.021958 0.794050 -0.386227
v -0.043655 0.812266 -0.320901
v -0.107714 0.816253 -0.330880
v -0.157357 0.809798 -0.420348
v -0.154076 0.810492 -0.525614
v -0.127197 0.805787 -0.604579
v -0.060373 0.797532 -0.468897
v -0.074518 0.799969 -0.477557
v -0.079310 0.797888 -0.480145
v -0.062090 0.793336 -0.474168
v -0.057802 0.802491 -0.487590
v -0.069730 0.787335 -0.471370
v -0.066711 0.806615 -0.478415
v -0.056193 0.781877 -0.466432
v -0.065631 0.786039 -0.466230
v -0.046471 0.971306 -0.019639
v -0.026079 0.994769 -0.021195
v -0.035118 0.993983 -0.011175
v -0.046404 0.971986 -0.023311
v -0.028056 0.986967 -0.027069
v -0.044297 0.986056 -0.017828
v -0.037736 0.988684 -0.028180
v -0.048135 0.986802 -0.015373
v -0.046991 0.992642 -0.012215
v -0.002891 0.953694 -0.183131
v 0.038100 0.968596 -0.146357
v 0.065362 0.967374 -0.042076
v 0.035913 0.982998 0.075274
v -0.019556 0.969300 0.135031
v -0.089426 0.964002 0.123164
v -0.117839 0.947674 0.040523
v -0.100862 0.954474 -0.062533
v -0.065629 0.959277 -0.138633
v 0.009466 0.903218 -0.271089
v 0.075181 0.919119 -0.207333
v 0.134230 0.925875 -0.048537
v 0.090756 0.920843 0.121556
v -0.022327 0.895435 0.237810
v -0.085052 0.899692 0.212150
v -0.195975 0.879460 0.086588
v -0.186194 0.876397 -0.084736
v -0.089103 0.879057 -0.221007
v 0.018251 0.852019 -0.281397
v 0.085402 0.858434 -0.206273
v 0.139605 0.874752 -0.050315
v 0.118495 0.867932 0.133896
v -0.013585 0.862256 0.220286
v -0.099598 0.852620 0.221377
v -0.186274 0.837720 0.089589
v -0.169232 0.814733 -0.076998
v -0.093281 0.844492 -0.213402
v 0.004052 0.805726 -0.170591
v 0.058530 0.809495 -0.130148
v 0.072727 0.811053 -0.022324
v 0.044389 0.808866 0.072940
v -0.011385 0.815237 0.133661
v -0.067224 0.793267 0.123573
v -0.097298 0.801301 0.042400
v -0.107756 0.808907 -0.053812
v -0.063804 0.805814 -0.147512
v -0.020643 0.794643 -0.019600
v -0.014849 0.794631 -0.008432
v -0.008124 0.798439 -0.005416
v -0.010584 0.799422 -0.007052
v -0.011377 0.807395 -0.004390
v -0.012857 0.795854 -0.029104
v -0.004130 0.792300 -0.017156
v -0.008904 0.807012 -0.027863
v -0.017848 0.799512 -0.027988
v -0.045404 0.994734 0.435060
v -0.045719 0.979346 0.452300
v -0.029572 1.000752 0.453120
v -0.023777 0.988914 0.442089
v -0.025790 0.990856 0.440160
v -0.049887 0.996477 0.443170
v -0.039429 0.993022 0.444341
v -0.038411 0.995776 0.447204
v -0.034297 0.993528 0.444676
v -0.052552 0.977591 0.282608
v 0.015324 0.967478 0.319258
v 0.063708 0.960411 0.408338
v 0.043376 0.969333 0.524811
v -0.011424 0.968713 0.575529
v -0.061302 0.979753 0.577571
v -0.115010 0.977140 0.517000
v -0.123312 0.968204 0.429430
v -0.106151 0.970457 0.339247
v -0.038684 0.897333 0.208763
v 0.060298 0.899095 0.253544
v 0.141941 0.906276 0.404927
v 0.140708 0.909926 0.559352
v 0.027709 0.901405 0.654816
v -0.063754 0.895410 0.668288
v -0.174304 0.899125 0.572170
v -0.217894 0.898263 0.409372
v -0.128958 0.892223 0.264443
v -0.045254 0.860752 0.190409
v 0.080329 0.841122 0.265146
v 0.162129 0.850264 0.392674
v 0.127429 0.858203 0.549804
v 0.013927 0.864342 0.659130
v -0.054524 0.845556 0.672494
v -0.186599 0.832272 0.558574
v -0.213773 0.841275 0.402568
v -0.143910 0.831775 0.269949
v -0.034788 0.806260 0.295429
v 0.036164 0.819221 0.315917
v 0.070971 0.815077 0.412557
v 0.055517 0.801447 0.503087
v 0.022158 0.793289 0.590094
v -0.053397 0.793259 0.582098
v -0.125969 0.799274 0.530800
v -0.130006 0.809981 0.424371
v -0.090970 0.804570 0.337596
v -0.025801 0.787567 0.445599
v -0.034732 0.778154 0.433226
v -0.029251 0.782366 0.454257
v -0.037589 0.798946 0.447717
v -0.019965 0.790253 0.439130
v -0.031844 0.794204 0.451761
v -0.021345 0.778446 0.451552
v -0.019071 0.797889 0.442971
v -0.036343 0.790303 0.441853
vt 0.000000 0.000000
vt 0.166667 0.000000
vt 0.333333 0.000000
vt 0.500000 0.000000
vt 0.666667 0.000000
vt 0.833333 0.000000
vt 1.000000 0.000000
vt 1.166667 0.000000
vt 1.333333 0.000000
vt 0.000000 0.200000
vt 0.166667 0.200000
vt 0.333333 0.200000
vt 0.500000 0.200000
vt 0.666667 0.200000
vt 0.833333 0.200000
vt 1.000000 0.200000
vt 1.166667 0.200000
vt 1.333333 0.200000
vt 0.000000 0.400000
vt 0.166667 0.400000
vt 0.333333 0.400000
vt 0.500000 0.400000
vt 0.666667 0.400000
vt 0.833333 0.400000
vt 1.000000 0.400000
vt 1.166667 0.400000
vt 1.333333 0.400000
vt 0.000000 0.600000
vt 0.166667 0.600000
vt 0.333333 0.600000
vt 0.500000 0.600000
vt 0.666667 0.600000
vt 0.833333 0.600000
vt 1.000000 0.600000
vt 1.166667 0.600000
vt 1.333333 0.600000
vt 0.000000 0.800000
vt 0.166667 0.800000
vt 0.333333 0.800000
vt 0.500000 0.800000
vt 0.666667 0.800000
vt 0.833333 0.800000
vt 1.000000 0.800000
vt 1.166667 0.800000
vt 1.333333 0.800000
vt 0.000000 1.000000
vt 0.166667 1.000000
vt 0.333333 1.000000
vt 0.500000 1.000000
vt 0.666667 1.000000
vt 0.833333 1.000000
vt 1.000000 1.000000
vt 1.166667 1.000000
vt 1.333333 1.000000
vt 0.000000 0.000000
vt 0.166667 0.000000
vt 0.333333 0.000000
vt 0.500000 0.000000
vt 0.666667 0.000000
vt 0.833333 0.000000
vt 1.000000 0.000000
vt 1.166667 0.000000
vt 1.333333 0.000000
vt 0.000000 0.200000
vt 0.166667 0.200000
vt 0.333333 0.200000
vt 0.500000 0.200000
vt 0.666667 0.200000
vt 0.833333 0.200000
vt 1.000000 0.200000
vt 1.166667 0.200000
vt 1.333333 0.200000
vt 0.000000 0.400000
vt 0.166667 0.400000
vt 0.333333 0.400000
vt 0.500000 0.400000
vt 0.666667 0.400000
vt 0.833333 0.400000
vt 1.000000 0.400000
vt 1.166667 0.400000
vt 1.333333 0.400000
vt 0.000000 0.600000
vt 0.166667 0.600000
vt 0.333333 0.600000
vt 0.500000 0.600000
vt 0.666667 0.600000
vt 0.833333 0.600000
vt 1.000000 0.600000
vt 1.166667 0.600000
vt 1.333333 0.600000
vt 0.000000 0.800000
vt 0.166667 0.800000
vt 0.333333 0.800000
vt 0.500000 0.800000
vt 0.666667 0.800000
vt 0.833333 0.800000
vt 1.000000 0.800000
vt 1.166667 0.800000
vt 1.333333 0.800000
vt 0.000000 1.000000
vt 0.166667 1.000000
vt 0.333333 1.000000
vt 0.500000 1.000000
vt 0.666667 1.000000
vt 0.833333 1.000000
vt 1.000000 1.000000
vt 1.166667 1.000000
vt 1.333333 1.000000
vt 0.000000 0.000000
vt 0.166667 0.000000
vt 0.333333 0.000000
vt 0.500000 0.000000
vt 0.666667 0.000000
vt 0.833333 0.000000
vt 1.000000 0.000000
vt 1.166667 0.000000
vt 1.333333 0.000000
vt 0.000000 0.200000
vt 0.166667 0.200000
vt 0.333333 0.200000
vt 0.500000 0.200000
vt 0.666667 0.200000
vt 0.833333 0.200000
vt 1.000000 0.200000
vt 1.166667 0.200000
vt 1.333333 0.200000
vt 0.000000 0.400000
vt 0.166667 0.400000
vt 0.333333 0.400000
vt 0.500000 0.400000
vt 0.666667 0.400000
vt 0.833333 0.400000
vt 1.000000 0.400000
vt 1.166667 0.400000
vt 1.333333 0.400000
vt 0.000000 0.600000
vt 0.166667 0.600000
vt 0.333333 0.600000
vt 0.500000 0.600000
vt 0.666667 0.600000
vt 0.833333 0.600000
vt 1.000000 0.600000
vt 1.166667 0.600000
vt 1.333333 0.600000
vt 0.000000 0.800000
vt 0.166667 0.800000
vt 0.333333 0.800000
vt 0.500000 0.800000
vt 0.666667 0.800000
vt 0.833333 0.800000
vt 1.000000 0.800000
vt 1.166667 0.800000
vt 1.333333 0.800000
vt 0.000000 1.000000
vt 0.166667 1.000000
vt 0.333333 1.000000
vt 0.500000 1.000000
vt 0.666667 1.000000
vt 0.833333 1.000000
vt 1.000000 1.000000
vt 1.166667 1.000000
vt 1.333333 1.000000
vt 0.000000 0.000000
vt 0.166667 0.000000
vt 0.333333 0.000000
vt 0.500000 0.000000
vt 0.666667 0.000000
vt 0.833333 0.000000
vt 1.000000 0.000000
vt 1.166667 0.000000
vt 1.333333 0.000000
vt 0.000000 0.200000
vt 0.166667 0.200000
vt 0.333333 0.200000
vt 0.500000 0.200000
vt 0.666667 0.200000
vt 0.833333 0.200000
vt 1.000000 0.200000
vt 1.166667 0.200000
vt 1.333333 0.200000
vt 0.000000 0.400000
vt 0.166667 0.400000
vt 0.333333 0.400000
vt 0.500000 0.400000
vt 0.666667 0.400000
vt 0.833333 0.400000
vt 1.000000 0.400000
vt 1.166667 0.400000
vt 1.333333 0.400000
vt 0.000000 0.600000
vt 0.166667 0.600000
vt 0.333333 0.600000
vt 0.500000 0.600000
vt 0.666667 0.600000
vt 0.833333 0.600000
vt 1.000000 0.600000
vt 1.166667 0.600000
vt 1.333333 0.600000
vt 0.000000 0.800000
vt 0.166667 0.800000
vt 0.333333 0.800000
vt 0.500000 0.800000
vt 0.666667 0.800000
vt 0.833333 0.800000
vt 1.000000 0.800000
vt 1.166667 0.800000
vt 1.333333 0.800000
vt 0.000000 1.000000
vt 0.166667 1.000000
vt 0.333333 1.000000
vt 0.500000 1.000000
vt 0.666667 1.000000
vt 0.833333 1.000000
vt 1.000000 1.000000
vt 1.166667 1.000000
vt 1.333333 1.000000
vt 0.000000 0.000000
vt 0.166667 0.000000
vt 0.333333 0.000000
vt 0.500000 0.000000
vt 0.666667 0.000000
vt 0.833333 0.000000
vt 1.000000 0.000000
vt 1.166667 0.000000
vt 1.333333 0.000000
vt 0.000000 0.200000
vt 0.166667 0.200000
vt 0.333333 0.200000
vt 0.500000 0.200000
vt 0.666667 0.200000
vt 0.833333 0.200000
vt 1.000000 0.200000
vt 1.166667 0.200000
vt 1.333333 0.200000
vt 0.000000 0.400000
vt 0.166667 0.400000
vt 0.333333 0.400000
vt 0.500000 0.400000
vt 0.666667 0.400000
vt 0.833333 0.400000
vt 1.000000 0.400000
vt 1.166667 0.400000
vt 1.333333 0.400000
vt 0.000000 0.600000
vt 0.166667 0.600000
vt 0.333333 0.600000
vt 0.500000 0.600000
vt 0.666667 0.600000
vt 0.833333 0.600000
vt 1.000000 0.600000
vt 1.166667 0.600000
vt 1.333333 0.600000
vt 0.000000 0.800000
vt 0.166667 0.800000
vt 0.333333 0.800000
vt 0.500000 0.800000
vt 0.666667 0.800000
vt 0.833333 0.800000
vt 1.000000 0.800000
vt 1.166667 0.800000
vt 1.333333 0.800000
vt 0.000000 1.000000
vt 0.166667 1.000000
vt 0.333333 1.000000
vt 0.500000 1.000000
vt 0.666667 1.000000
vt 0.833333 1.000000
vt 1.000000 1.000000
vt 1.166667 1.000000
vt 1.333333 1.000000
vt 0.000000 0.000000
vt 0.166667 0.000000
vt 0.333333 0.000000
vt 0.500000 0.000000
vt 0.666667 0.000000
vt 0.833333 0.000000
vt 1.000000 0.000000
vt 1.166667 0.000000
vt 1.333333 0.000000
vt 0.000000 0.200000
vt 0.166667 0.200000
vt 0.333333 0.200000
vt 0.500000 0.200000
vt 0.666667 0.200000
vt 0.833333 0.200000
vt 1.000000 0.200000
vt 1.166667 0.200000
vt 1.333333 0.200000
vt 0.000000 0.400000
vt 0.166667 0.400000
vt 0.333333 0.400000
vt 0.500000 0.400000
vt 0.666667 0.400000
vt 0.833333 0.400000
vt 1.000000 0.400000
vt 1.166667 0.400000
vt 1.333333 0.400000
vt 0.000000 0.600000
vt 0.166667 0.600000
vt 0.333333 0.600000
vt 0.500000 0.600000
vt 0.666667 0.600000
vt 0.833333 0.600000
vt 1.000000 0.600000
vt 1.166667 0.600000
vt 1.333333 0.600000
vt 0.000000 0.800000
vt 0.166667 0.800000
vt 0.333333 0.800000
vt 0.500000 0.800000
vt 0.666667 0.800000
vt 0.833333 0.800000
vt 1.000000 0.800000
vt 1.166667 0.800000
vt 1.333333 0.800000
vt 0.000000 1.000000
vt 0.166667 1.000000
vt 0.333333 1.000000
vt 0.500000 1.000000
vt 0.666667 1.000000
vt 0.833333 1.000000
vt 1.000000 1.000000
vt 1.166667 1.000000
vt 1.333333 1.000000
vt 0.000000 0.000000
vt 0.166667 0.000000
vt 0.333333 0.000000
vt 0.500000 0.000000
vt 0.666667 0.000000
vt 0.833333 0.000000
vt 1.000000 0.000000
vt 1.166667 0.000000
vt 1.333333 0.000000
vt 0.000000 0.200000
vt 0.166667 0.200000
vt 0.333333 0.200000
vt 0.500000 0.200000
vt 0.666667 0.200000
vt 0.833333 0.200000
vt 1.000000 0.200000
vt 1.166667 0.200000
vt 1.333333 0.200000
vt 0.000000 0.400000
vt 0.166667 0.400000
vt 0.333333 0.400000
vt 0.500000 0.400000
vt 0.666667 0.400000
vt 0.833333 0.400000
vt 1.000000 0.400000
vt 1.166667 0.400000
vt 1.333333 0.400000
vt 0.000000 0.600000
vt 0.166667 0.600000
vt 0.333333 0.600000
vt 0.500000 0.600000
vt 0.666667 0.600000
vt 0.833333 0.600000
vt 1.000000 0.600000
vt 1.166667 0.600000
vt 1.333333 0.600000
vt 0.000000 0.800000
vt 0.166667 0.800000
vt 0.333333 0.800000
vt 0.500000 0.800000
vt 0.666667 0.800000
vt 0.833333 0.800000
vt 1.000000 0.800000
vt 1.166667 0.800000
vt 1.333333 0.800000
vt 0.000000 1.000000
vt 0.166667 1.000000
vt 0.333333 1.000000
vt 0.500000 1.000000
vt 0.666667 1.000000
vt 0.833333 1.000000
vt 1.000000 1.000000
vt 1.166667 1.000000
vt 1.333333 1.000000
vt 0.000000 0.000000
vt 0.166667 0.000000
vt 0.333333 0.000000
vt 0.500000 0.000000
vt 0.666667 0.000000
vt 0.833333 0.000000
vt 1.000000 0.000000
vt 1.166667 0.000000
vt 1.333333 0.000000
vt 0.000000 0.200000
vt 0.166667 0.200000
vt 0.333333 0.200000
vt 0.500000 0.200000
vt 0.666667 0.200000
vt 0.833333 0.200000
vt 1.000000 0.200000
vt 1.166667 0.200000
vt 1.333333 0.200000
vt 0.000000 0.400000
vt 0.166667 0.400000
vt 0.333333 0.400000
vt 0.500000 0.400000
vt 0.666667 0.400000
vt 0.833333 0.400000
vt 1.000000 0.400000
vt 1.166667 0.400000
vt 1.333333 0.400000
vt 0.000000 0.600000
vt 0.166667 0.600000
vt 0.333333 0.600000
vt 0.500000 0.600000
vt 0.666667 0.600000
vt 0.833333 0.600000
vt 1.000000 0.600000
vt 1.166667 0.600000
vt 1.333333 0.600000
vt 0.000000 0.800000
vt 0.166667 0.800000
vt 0.333333 0.800000
vt 0.500000 0.800000
vt 0.666667 0.800000
vt 0.833333 0.800000
vt 1.000000 0.800000
vt 1.166667 0.800000
vt 1.333333 0.800000
vt 0.000000 1.000000
vt 0.166667 1.000000
vt 0.333333 1.000000
vt 0.500000 1.000000
vt 0.666667 1.000000
vt 0.833333 1.000000
vt 1.000000 1.000000
vt 1.166667 1.000000
vt 1.333333 1.000000
vt 0.000000 0.000000
vt 0.166667 0.000000
vt 0.333333 0.000000
vt 0.500000 0.000000
vt 0.666667 0.000000
vt 0.833333 0.000000
vt 1.000000 0.000000
vt 1.166667 0.000000
vt 1.333333 0.000000
vt 0.000000 0.200000
vt 0.166667 0.200000
vt 0.333333 0.200000
vt 0.500000 0.200000
vt 0.666667 0.200000
vt 0.833333 0.200000
vt 1.000000 0.200000
vt 1.166667 0.200000
vt 1.333333 0.200000
vt 0.000000 0.400000
vt 0.166667 0.400000
vt 0.333333 0.400000
vt 0.500000 0.400000
vt 0.666667 0.400000
vt 0.833333 0.400000
vt 1.000000 0.400000
vt 1.166667 0.400000
vt 1.333333 0.400000
vt 0.000000 0.600000
vt 0.166667 0.600000
vt 0.333333 0.600000
vt 0.500000 0.600000
vt 0.666667 0.600000
vt 0.833333 0.600000
vt 1.000000 0.600000
vt 1.166667 0.600000
vt 1.333333 0.600000
vt 0.000000 0.800000
vt 0.166667 0.800000
vt 0.333333 0.800000
vt 0.500000 0.800000
vt 0.666667 0.800000
vt 0.833333 0.800000
vt 1.000000 0.800000
vt 1.166667 0.800000
vt 1.333333 0.800000
vt 0.000000 1.000000
vt 0.166667 1.000000
vt 0.333333 1.000000
vt 0.500000 1.000000
vt 0.666667 1.000000
vt 0.833333 1.000000
vt 1.000000 1.000000
vt 1.166667 1.000000
vt 1.333333 1.000000
vt 0.000000 0.000000
vt 0.166667 0.000000
vt 0.333333 0.000000
vt 0.500000 0.000000
vt 0.666667 0.000000
vt 0.833333 0.000000
vt 1.000000 0.000000
vt 1.166667 0.000000
vt 1.333333 0.000000
vt 0.000000 0.200000
vt 0.166667 0.200000
vt 0.333333 0.200000
vt 0.500000 0.200000
vt 0.666667 0.200000
vt 0.833333 0.200000
vt 1.000000 0.200000
vt 1.166667 0.200000
vt 1.333333 0.200000
vt 0.000000 0.400000
vt 0.166667 0.400000
vt 0.333333 0.400000
vt 0.500000 0.400000
vt 0.666667 0.400000
vt 0.833333 0.400000
vt 1.000000 0.400000
vt 1.166667 0.400000
vt 1.333333 0.400000
vt 0.000000 0.600000
vt 0.166667 0.600000
vt 0.333333 0.600000
vt 0.500000 0.600000
vt 0.666667 0.600000
vt 0.833333 0.600000
vt 1.000000 0.600000
vt 1.166667 0.600000
vt 1.333333 0.600000
vt 0.000000 0.800000
vt 0.166667 0.800000
vt 0.333333 0.800000
vt 0.500000 0.800000
vt 0.666667 0.800000
vt 0.833333 0.800000
vt 1.000000 0.800000
vt 1.166667 0.800000
vt 1.333333 0.800000
vt 0.000000 1.000000
vt 0.166667 1.000000
vt 0.333333 1.000000
vt 0.500000 1.000000
vt 0.666667 1.000000
vt 0.833333 1.000000
vt 1.000000 1.000000
vt 1.166667 1.000000
vt 1.333333 1.000000
vt 0.000000 0.000000
vt 0.166667 0.000000
vt 0.333333 0.000000
vt 0.500000 0.000000
vt 0.666667 0.000000
vt 0.833333 0.000000
vt 1.000000 0.000000
vt 1.166667 0.000000
vt 1.333333 0.000000
vt 0.000000 0.200000
vt 0.166667 0.200000
vt 0.333333 0.200000
vt 0.500000 0.200000
vt 0.666667 0.200000
vt 0.833333 0.200000
vt 1.000000 0.200000
vt 1.166667 0.200000
vt 1.333333 0.200000
vt 0.000000 0.400000
vt 0.166667 0.400000
vt 0.333333 0.400000
vt 0.500000 0.400000
vt 0.666667 0.400000
vt 0.833333 0.400000
vt 1.000000 0.400000
vt 1.166667 0.400000
vt 1.333333 0.400000
vt 0.000000 0.600000
vt 0.166667 0.600000
vt 0.333333 0.600000
vt 0.500000 0.600000
vt 0.666667 0.600000
vt 0.833333 0.600000
vt 1.000000 0.600000
vt 1.166667 0.600000
vt 1.333333 0.600000
vt 0.000000 0.800000
vt 0.166667 0.800000
vt 0.333333 0.800000
vt 0.500000 0.800000
vt 0.666667 0.800000
vt 0.833333 0.800000
vt 1.000000 0.800000
vt 1.166667 0.800000
vt 1.333333 0.800000
vt 0.000000 1.000000
vt 0.166667 1.000000
vt 0.333333 1.000000
vt 0.500000 1.000000
vt 0.666667 1.000000
vt 0.833333 1.000000
vt 1.000000 1.000000
vt 1.166667 1.000000
vt 1.333333 1.000000
vt 0.000000 0.000000
vt 0.166667 0.000000
vt 0.333333 0.000000
vt 0.500000 0.000000
vt 0.666667 0.000000
vt 0.833333 0.000000
vt 1.000000 0.000000
vt 1.166667 0.000000
vt 1.333333 0.000000
vt 0.000000 0.200000
vt 0.166667 0.200000
vt 0.333333 0.200000
vt 0.500000 0.200000
vt 0.666667 0.200000
vt 0.833333 0.200000
vt 1.000000 0.200000
vt 1.166667 0.200000
vt 1.333333 0.200000
vt 0.000000 0.400000
vt 0.166667 0.400000
vt 0.333333 0.400000
vt 0.500000 0.400000
vt 0.666667 0.400000
vt 0.833333 0.400000
vt 1.000000 0.400000
vt 1.166667 0.400000
vt 1.333333 0.400000
vt 0.000000 0.600000
vt 0.166667 0.600000
vt 0.333333 0.600000
vt 0.500000 0.600000
vt 0.666667 0.600000
vt 0.833333 0.600000
vt 1.000000 0.600000
vt 1.166667 0.600000
vt 1.333333 0.600000
vt 0.000000 0.800000
vt 0.166667 0.800000
vt 0.333333 0.800000
vt 0.500000 0.800000
vt 0.666667 0.800000
vt 0.833333 0.800000
vt 1.000000 0.800000
vt 1.166667 0.800000
vt 1.333333 0.800000
vt 0.000000 1.000000
vt 0.166667 1.000000
vt 0.333333 1.000000
vt 0.500000 1.000000
vt 0.666667 1.000000
vt 0.833333 1.000000
vt 1.000000 1.000000
vt 1.166667 1.000000
vt 1.333333 1.000000
vt 0.000000 0.000000
vt 0.166667 0.000000
vt 0.333333 0.000000
vt 0.500000 0.000000
vt 0.666667 0.000000
vt 0.833333 0.000000
vt 1.000000 0.000000
vt 1.166667 0.000000
vt 1.333333 0.000000
vt 0.000000 0.200000
vt 0.166667 0.200000
vt 0.333333 0.200000
vt 0.500000 0.200000
vt 0.666667 0.200000
vt 0.833333 0.200000
vt 1.000000 0.200000
vt 1.166667 0.200000
vt 1.333333 0.200000
vt 0.000000 0.400000
vt 0.166667 0.400000
vt 0.333333 0.400000
vt 0.500000 0.400000
vt 0.666667 0.400000
vt 0.833333 0.400000
vt 1.000000 0.400000
vt 1.166667 0.400000
vt 1.333333 0.400000
vt 0.000000 0.600000
vt 0.166667 0.600000
vt 0.333333 0.600000
vt 0.500000 0.600000
vt 0.666667 0.600000
vt 0.833333 0.600000
vt 1.000000 0.600000
vt 1.166667 0.600000
vt 1.333333 0.600000
vt 0.000000 0.800000
vt 0.166667 0.800000
vt 0.333333 0.800000
vt 0.500000 0.800000
vt 0.666667 0.800000
vt 0.833333 0.800000
vt 1.000000 0.800000
vt 1.166667 0.800000
vt 1.333333 0.800000
vt 0.000000 1.000000
vt 0.166667 1.000000
vt 0.333333 1.000000
vt 0.500000 1.000000
vt 0.666667 1.000000
vt 0.833333 1.000000
vt 1.000000 1.000000
vt 1.166667 1.000000
vt 1.333333 1.000000
vt 0.000000 0.000000
vt 0.166667 0.000000
vt 0.333333 0.000000
vt 0.500000 0.000000
vt 0.666667 0.000000
vt 0.833333 0.000000
vt 1.000000 0.000000
vt 1.166667 0.000000
vt 1.333333 0.000000
vt 0.000000 0.200000
vt 0.166667 0.200000
vt 0.333333 0.200000
vt 0.500000 0.200000
vt 0.666667 0.200000
vt 0.833333 0.200000
vt 1.000000 0.200000
vt 1.166667 0.200000
vt 1.333333 0.200000
vt 0.000000 0.400000
vt 0.166667 0.400000
vt 0.333333 0.400000
vt 0.500000 0.400000
vt 0.666667 0.400000
vt 0.833333 0.400000
vt 1.000000 0.400000
vt 1.166667 0.400000
vt 1.333333 0.400000
vt 0.000000 0.600000
vt 0.166667 0.600000
vt 0.333333 0.600000
vt 0.500000 0.600000
vt 0.666667 0.600000
vt 0.833333 0.600000
vt 1.000000 0.600000
vt 1.166667 0.600000
vt 1.333333 0.600000
vt 0.000000 0.800000
vt 0.166667 0.800000
vt 0.333333 0.800000
vt 0.500000 0.800000
vt 0.666667 0.800000
vt 0.833333 0.800000
vt 1.000000 0.800000
vt 1.166667 0.800000
vt 1.333333 0.800000
vt 0.000000 1.000000
vt 0.166667 1.000000
vt 0.333333 1.000000
vt 0.500000 1.000000
vt 0.666667 1.000000
vt 0.833333 1.000000
vt 1.000000 1.000000
vt 1.166667 1.000000
vt 1.333333 1.000000
vt 0.000000 0.000000
vt 0.166667 0.000000
vt 0.333333 0.000000
vt 0.500000 0.000000
vt 0.666667 0.000000
vt 0.833333 0.000000
vt 1.000000 0.000000
vt 1.166667 0.000000
vt 1.333333 0.000000
vt 0.000000 0.200000
vt 0.166667 0.200000
vt 0.333333 0.200000
vt 0.500000 0.200000
vt 0.666667 0.200000
vt 0.833333 0.200000
vt 1.000000 0.200000
vt 1.166667 0.200000
vt 1.333333 0.200000
vt 0.000000 0.400000
vt 0.166667 0.400000
vt 0.333333 0.400000
vt 0.500000 0.400000
vt 0.666667 0.400000
vt 0.833333 0.400000
vt 1.000000 0.400000
vt 1.166667 0.400000
vt 1.333333 0.400000
vt 0.000000 0.600000
vt 0.166667 0.600000
vt 0.333333 0.600000
vt 0.500000 0.600000
vt 0.666667 0.600000
vt 0.833333 0.600000
vt 1.000000 0.600000
vt 1.166667 0.600000
vt 1.333333 0.600000
vt 0.000000 0.800000
vt 0.166667 0.800000
vt 0.333333 0.800000
vt 0.500000 0.800000
vt 0.666667 0.800000
vt 0.833333 0.800000
vt 1.000000 0.800000
vt 1.166667 0.800000
vt 1.333333 0.800000
vt 0.000000 1.000000
vt 0.166667 1.000000
vt 0.333333 1.000000
vt 0.500000 1.000000
vt 0.666667 1.000000
vt 0.833333 1.000000
vt 1.000000 1.000000
vt 1.166667 1.000000
vt 1.333333 1.000000
vt 0.000000 0.000000
vt 0.166667 0.000000
vt 0.333333 0.000000
vt 0.500000 0.000000
vt 0.666667 0.000000
vt 0.833333 0.000000
vt 1.000000 0.000000
vt 1.166667 0.000000
vt 1.333333 0.000000
vt 0.000000 0.200000
vt 0.166667 0.200000
vt 0.333333 0.200000
vt 0.500000 0.200000
vt 0.666667 0.200000
vt 0.833333 0.200000
vt 1.000000 0.200000
vt 1.166667 0.200000
vt 1.333333 0.200000
vt 0.000000 0.400000
vt 0.166667 0.400000
vt 0.333333 0.400000
vt 0.500000 0.400000
vt 0.666667 0.400000
vt 0.833333 0.400000
vt 1.000000 0.400000
vt 1.166667 0.400000
vt 1.333333 0.400000
vt 0.000000 0.600000
vt 0.166667 0.600000
vt 0.333333 0.600000
vt 0.500000 0.600000
vt 0.666667 0.600000
vt 0.833333 0.600000
vt 1.000000 0.600000
vt 1.166667 0.600000
vt 1.333333 0.600000
vt 0.000000 0.800000
vt 0.166667 0.800000
vt 0.333333 0.800000
vt 0.500000 0.800000
vt 0.666667 0.800000
vt 0.833333 0.800000
vt 1.000000 0.800000
vt 1.166667 0.800000
vt 1.333333 0.800000
vt 0.000000 1.000000
vt 0.166667 1.000000
vt 0.333333 1.000000
vt 0.500000 1.000000
vt 0.666667 1.000000
vt 0.833333 1.000000
vt 1.000000 1.000000
vt 1.166667 1.000000
vt 1.333333 1.000000
vt 0.000000 0.000000
vt 0.166667 0.000000
vt 0.333333 0.000000
vt 0.500000 0.000000
vt 0.666667 0.000000
vt 0.833333 0.000000
vt 1.000000 0.000000
vt 1.166667 0.000000
vt 1.333333 0.000000
vt 0.000000 0.200000
vt 0.166667 0.200000
vt 0.333333 0.200000
vt 0.500000 0.200000
vt 0.666667 0.200000
vt 0.833333 0.200000
vt 1.000000 0.200000
vt 1.166667 0.200000
vt 1.333333 0.200000
vt 0.000000 0.400000
vt 0.166667 0.400000
vt 0.333333 0.400000
vt 0.500000 0.400000
vt 0.666667 0.400000
vt 0.833333 0.400000
vt 1.000000 0.400000
vt 1.166667 0.400000
vt 1.333333 0.400000
vt 0.000000 0.600000
vt 0.166667 0.600000
vt 0.333333 0.600000
vt 0.500000 0.600000
vt 0.666667 0.600000
vt 0.833333 0.600000
vt 1.000000 0.600000
vt 1.166667 0.600000
vt 1.333333 0.600000
vt 0.000000 0.800000
vt 0.166667 0.800000
vt 0.333333 0.800000
vt 0.500000 0.800000
vt 0.666667 0.800000
vt 0.833333 0.800000
vt 1.000000 0.800000
vt 1.166667 0.800000
vt 1.333333 0.800000
vt 0.000000 1.000000
vt 0.166667 1.000000
vt 0.333333 1.000000
vt 0.500000 1.000000
vt 0.666667 1.000000
vt 0.833333 1.000000
vt 1.000000 1.000000
vt 1.166667 1.000000
vt 1.333333 1.000000
vt 0.000000 0.000000
vt 0.166667 0.000000
vt 0.333333 0.000000
vt 0.500000 0.000000
vt 0.666667 0.000000
vt 0.833333 0.000000
vt 1.000000 0.000000
vt 1.166667 0.000000
vt 1.333333 0.000000
vt 0.000000 0.200000
vt 0.166667 0.200000
vt 0.333333 0.200000
vt 0.500000 0.200000
vt 0.666667 0.200000
vt 0.833333 0.200000
vt 1.000000 0.200000
vt 1.166667 0.200000
vt 1.333333 0.200000
vt 0.000000 0.400000
vt 0.166667 0.400000
vt 0.333333 0.400000
vt 0.500000 0.400000
vt 0.666667 0.400000
vt 0.833333 0.400000
vt 1.000000 0.400000
vt 1.166667 0.400000
vt 1.333333 0.400000
vt 0.000000 0.600000
vt 0.166667 0.600000
vt 0.333333 0.600000
vt 0.500000 0.600000
vt 0.666667 0.600000
vt 0.833333 0.600000
vt 1.000000 0.600000
vt 1.166667 0.600000
vt 1.333333 0.600000
vt 0.000000 0.800000
vt 0.166667 0.800000
vt 0.333333 0.800000
vt 0.500000 0.800000
vt 0.666667 0.800000
vt 0.833333 0.800000
vt 1.000000 0.800000
vt 1.166667 0.800000
vt 1.333333 0.800000
vt 0.000000 1.000000
vt 0.166667 1.000000
vt 0.333333 1.000000
vt 0.500000 1.000000
vt 0.666667 1.000000
vt 0.833333 1.000000
vt 1.000000 1.000000
vt 1.166667 1.000000
vt 1.333333 1.000000
vt 0.000000 0.000000
vt 0.166667 0.000000
vt 0.333333 0.000000
vt 0.500000 0.000000
vt 0.666667 0.000000
vt 0.833333 0.000000
vt 1.000000 0.000000
vt 1.166667 0.000000
vt 1.333333 0.000000
vt 0.000000 0.200000
vt 0.166667 0.200000
vt 0.333333 0.200000
vt 0.500000 0.200000
vt 0.666667 0.200000
vt 0.833333 0.200000
vt 1.000000 0.200000
vt 1.166667 0.200000
vt 1.333333 0.200000
vt 0.000000 0.400000
vt 0.166667 0.400000
vt 0.333333 0.400000
vt 0.500000 0.400000
vt 0.666667 0.400000
vt 0.833333 0.400000
vt 1.000000 0.400000
vt 1.166667 0.400000
vt 1.333333 0.400000
vt 0.000000 0.600000
vt 0.166667 0.600000
vt 0.333333 0.600000
vt 0.500000 0.600000
vt 0.666667 0.600000
vt 0.833333 0.600000
vt 1.000000 0.600000
vt 1.166667 0.600000
vt 1.333333 0.600000
vt 0.000000 0.800000
vt 0.166667 0.800000
vt 0.333333 0.800000
vt 0.500000 0.800000
vt 0.666667 0.800000
vt 0.833333 0.800000
vt 1.000000 0.800000
vt 1.166667 0.800000
vt 1.333333 0.800000
vt 0.000000 1.000000
vt 0.166667 1.000000
vt 0.333333 1.000000
vt 0.500000 1.000000
vt 0.666667 1.000000
vt 0.833333 1.000000
vt 1.000000 1.000000
vt 1.166667 1.000000
vt 1.333333 1.000000
vt 0.000000 0.000000
vt 0.166667 0.000000
vt 0.333333 0.000000
vt 0.500000 0.000000
vt 0.666667 0.000000
vt 0.833333 0.000000
vt 1.000000 0.000000
vt 1.166667 0.000000
vt 1.333333 0.000000
vt 0.000000 0.200000
vt 0.166667 0.200000
vt 0.333333 0.200000
vt 0.500000 0.200000
vt 0.666667 0.200000
vt 0.833333 0.200000
vt 1.000000 0.200000
vt 1.166667 0.200000
vt 1.333333 0.200000
vt 0.000000 0.400000
vt 0.166667 0.400000
vt 0.333333 0.400000
vt 0.500000 0.400000
vt 0.666667 0.400000
vt 0.833333 0.400000
vt 1.000000 0.400000
vt 1.166667 0.400000
vt 1.333333 0.400000
vt 0.000000 0.600000
vt 0.166667 0.600000
vt 0.333333 0.600000
vt 0.500000 0.600000
vt 0.666667 0.600000
vt 0.833333 0.600000
vt 1.000000 0.600000
vt 1.166667 0.600000
vt 1.333333 0.600000
vt 0.000000 0.800000
vt 0.166667 0.800000
vt 0.333333 0.800000
vt 0.500000 0.800000
vt 0.666667 0.800000
vt 0.833333 0.800000
vt 1.000000 0.800000
vt 1.166667 0.800000
vt 1.333333 0.800000
vt 0.000000 1.000000
vt 0.166667 1.000000
vt 0.333333 1.000000
vt 0.500000 1.000000
vt 0.666667 1.000000
vt 0.833333 1.000000
vt 1.000000 1.000000
vt 1.166667 1.000000
vt 1.333333 1.000000
vt 0.000000 0.000000
vt 0.166667 0.000000
vt 0.333333 0.000000
vt 0.500000 0.000000
vt 0.666667 0.000000
vt 0.833333 0.000000
vt 1.000000 0.000000
vt 1.166667 0.000000
vt 1.333333 0.000000
vt 0.000000 0.200000
vt 0.166667 0.200000
vt 0.333333 0.200000
vt 0.500000 0.200000
vt 0.666667 0.200000
vt 0.833333 0.200000
vt 1.000000 0.200000
vt 1.166667 0.200000
vt 1.333333 0.200000
vt 0.000000 0.400000
vt 0.166667 0.400000
vt 0.333333 0.400000
vt 0.500000 0.400000
vt 0.666667 0.400000
vt 0.833333 0.400000
vt 1.000000 0.400000
vt 1.166667 0.400000
vt 1.333333 0.400000
vt 0.000000 0.600000
vt 0.166667 0.600000
vt 0.333333 0.600000
vt 0.500000 0.600000
vt 0.666667 0.600000
vt 0.833333 0.600000
vt 1.000000 0.600000
vt 1.166667 0.600000
vt 1.333333 0.600000
vt 0.000000 0.800000
vt 0.166667 0.800000
vt 0.333333 0.800000
vt 0.500000 0.800000
vt 0.666667 0.800000
vt 0.833333 0.800000
vt 1.000000 0.800000
vt 1.166667 0.800000
vt 1.333333 0.800000
vt 0.000000 1.000000
vt 0.166667 1.000000
vt 0.333333 1.000000
vt 0.500000 1.000000
vt 0.666667 1.000000
vt 0.833333 1.000000
vt 1.000000 1.000000
vt 1.166667 1.000000
vt 1.333333 1.000000
vt 0.000000 0.000000
vt 0.166667 0.000000
vt 0.333333 0.000000
vt 0.500000 0.000000
vt 0.666667 0.000000
vt 0.833333 0.000000
vt 1.000000 0.000000
vt 1.166667 0.000000
vt 1.333333 0.000000
vt 0.000000 0.200000
vt 0.166667 0.200000
vt 0.333333 0.200000
vt 0.500000 0.200000
vt 0.666667 0.200000
vt 0.833333 0.200000
vt 1.000000 0.200000
vt 1.166667 0.200000
vt 1.333333 0.200000
vt 0.000000 0.400000
vt 0.166667 0.400000
vt 0.333333 0.400000
vt 0.500000 0.400000
vt 0.666667 0.400000
vt 0.833333 0.400000
vt 1.000000 0.400000
vt 1.166667 0.400000
vt 1.333333 0.400000
vt 0.000000 0.600000
vt 0.166667 0.600000
vt 0.333333 0.600000
vt 0.500000 0.600000
vt 0.666667 0.600000
vt 0.833333 0.600000
vt 1.000000 0.600000
vt 1.166667 0.600000
vt 1.333333 0.600000
vt 0.000000 0.800000
vt 0.166667 0.800000
vt 0.333333 0.800000
vt 0.500000 0.800000
vt 0.666667 0.800000
vt 0.833333 0.800000
vt 1.000000 0.800000
vt 1.166667 0.800000
vt 1.333333 0.800000
vt 0.000000 1.000000
vt 0.166667 1.000000
vt 0.333333 1.000000
vt 0.500000 1.000000
vt 0.666667 1.000000
vt 0.833333 1.000000
vt 1.000000 1.000000
vt 1.166667 1.000000
vt 1.333333 1.000000
vt 0.000000 0.000000
vt 0.166667 0.000000
vt 0.333333 0.000000
vt 0.500000 0.000000
vt 0.666667 0.000000
vt 0.833333 0.000000
vt 1.000000 0.000000
vt 1.166667 0.000000
vt 1.333333 0.000000
vt 0.000000 0.200000
vt 0.166667 0.200000
vt 0.333333 0.200000
vt 0.500000 0.200000
vt 0.666667 0.200000
vt 0.833333 0.200000
vt 1.000000 0.200000
vt 1.166667 0.200000
vt 1.333333 0.200000
vt 0.000000 0.400000
vt 0.166667 0.400000
vt 0.333333 0.400000
vt 0.500000 0.400000
vt 0.666667 0.400000
vt 0.833333 0.400000
vt 1.000000 0.400000
vt 1.166667 0.400000
vt 1.333333 0.400000
vt 0.000000 0.600000
vt 0.166667 0.600000
vt 0.333333 0.600000
vt 0.500000 0.600000
vt 0.666667 0.600000
vt 0.833333 0.600000
vt 1.000000 0.600000
vt 1.166667 0.600000
vt 1.333333 0.600000
vt 0.000000 0.800000
vt 0.166667 0.800000
vt 0.333333 0.800000
vt 0.500000 0.800000
vt 0.666667 0.800000
vt 0.833333 0.800000
vt 1.000000 0.800000
vt 1.166667 0.800000
vt 1.333333 0.800000
vt 0.000000 1.000000
vt 0.166667 1.000000
vt 0.333333 1.000000
vt 0.500000 1.000000
vt 0.666667 1.000000
vt 0.833333 1.000000
vt 1.000000 1.000000
vt 1.166667 1.000000
vt 1.333333 1.000000
vt 0.000000 0.000000
vt 0.166667 0.000000
vt 0.333333 0.000000
vt 0.500000 0.000000
vt 0.666667 0.000000
vt 0.833333 0.000000
vt 1.000000 0.000000
vt 1.166667 0.000000
vt 1.333333 0.000000
vt 0.000000 0.200000
vt 0.166667 0.200000
vt 0.333333 0.200000
vt 0.500000 0.200000
vt 0.666667 0.200000
vt 0.833333 0.200000
vt 1.000000 0.200000
vt 1.166667 0.200000
vt 1.333333 0.200000
vt 0.000000 0.400000
vt 0.166667 0.400000
vt 0.333333 0.400000
vt 0.500000 0.400000
vt 0.666667 0.400000
vt 0.833333 0.400000
vt 1.000000 0.400000
vt 1.166667 0.400000
vt 1.333333 0.400000
vt 0.000000 0.600000
vt 0.166667 0.600000
vt 0.333333 0.600000
vt 0.500000 0.600000
vt 0.666667 0.600000
vt 0.833333 0.600000
vt 1.000000 0.600000
vt 1.166667 0.600000
vt 1.333333 0.600000
vt 0.000000 0.800000
vt 0.166667 0.800000
vt 0.333333 0.800000
vt 0.500000 0.800000
vt 0.666667 0.800000
vt 0.833333 0.800000
vt 1.000000 0.800000
vt 1.166667 0.800000
vt 1.333333 0.800000
vt 0.000000 1.000000
vt 0.166667 1.000000
vt 0.333333 1.000000
vt 0.500000 1.000000
vt 0.666667 1.000000
vt 0.833333 1.000000
vt 1.000000 1.000000
vt 1.166667 1.000000
vt 1.333333 1.000000
vt 0.000000 0.000000
vt 0.166667 0.000000
vt 0.333333 0.000000
vt 0.500000 0.000000
vt 0.666667 0.000000
vt 0.833333 0.000000
vt 1.000000 0.000000
vt 1.166667 0.000000
vt 1.333333 0.000000
vt 0.000000 0.200000
vt 0.166667 0.200000
vt 0.333333 0.200000
vt 0.500000 0.200000
vt 0.666667 0.200000
vt 0.833333 0.200000
vt 1.000000 0.200000
vt 1.166667 0.200000
vt 1.333333 0.200000
vt 0.000000 0.400000
vt 0.166667 0.400000
vt 0.333333 0.400000
vt 0.500000 0.400000
vt 0.666667 0.400000
vt 0.833333 0.400000
vt 1.000000 0.400000
vt 1.166667 0.400000
vt 1.333333 0.400000
vt 0.000000 0.600000
vt 0.166667 0.600000
vt 0.333333 0.600000
vt 0.500000 0.600000
vt 0.666667 0.600000
vt 0.833333 0.600000
vt 1.000000 0.600000
vt 1.166667 0.600000
vt 1.333333 0.600000
vt 0.000000 0.800000
vt 0.166667 0.800000
vt 0.333333 0.800000
vt 0.500000 0.800000
vt 0.666667 0.800000
vt 0.833333 0.800000
vt 1.000000 0.800000
vt 1.166667 0.800000
vt 1.333333 0.800000
vt 0.000000 1.000000
vt 0.166667 1.000000
vt 0.333333 1.000000
vt 0.500000 1.000000
vt 0.666667 1.000000
vt 0.833333 1.000000
vt 1.000000 1.000000
vt 1.166667 1.000000
vt 1.333333 1.000000
vt 0.000000 0.000000
vt 0.166667 0.000000
vt 0.333333 0.000000
vt 0.500000 0.000000
vt 0.666667 0.000000
vt 0.833333 0.000000
vt 1.000000 0.000000
vt 1.166667 0.000000
vt 1.333333 0.000000
vt 0.000000 0.200000
vt 0.166667 0.200000
vt 0.333333 0.200000
vt 0.500000 0.200000
vt 0.666667 0.200000
vt 0.833333 0.200000
vt 1.000000 0.200000
vt 1.166667 0.200000
vt 1.333333 0.200000
vt 0.000000 0.400000
vt 0.166667 0.400000
vt 0.333333 0.400000
vt 0.500000 0.400000
vt 0.666667 0.400000
vt 0.833333 0.400000
vt 1.000000 0.400000
vt 1.166667 0.400000
vt 1.333333 0.400000
vt 0.000000 0.600000
vt 0.166667 0.600000
vt 0.333333 0.600000
vt 0.500000 0.600000
vt 0.666667 0.600000
vt 0.833333 0.600000
vt 1.000000 0.600000
vt 1.166667 0.600000
vt 1.333333 0.600000
vt 0.000000 0.800000
vt 0.166667 0.800000
vt 0.333333 0.800000
vt 0.500000 0.800000
vt 0.666667 0.800000
vt 0.833333 0.800000
vt 1.000000 0.800000
vt 1.166667 0.800000
vt 1.333333 0.800000
vt 0.000000 1.000000
vt 0.166667 1.000000
vt 0.333333 1.000000
vt 0.500000 1.000000
vt 0.666667 1.000000
vt 0.833333 1.000000
vt 1.000000 1.000000
vt 1.166667 1.000000
vt 1.333333 1.000000
vt 0.000000 0.000000
vt 0.166667 0.000000
vt 0.333333 0.000000
vt 0.500000 0.000000
vt 0.666667 0.000000
vt 0.833333 0.000000
vt 1.000000 0.000000
vt 1.166667 0.000000
vt 1.333333 0.000000
vt 0.000000 0.200000
vt 0.166667 0.200000
vt 0.333333 0.200000
vt 0.500000 0.200000
vt 0.666667 0.200000
vt 0.833333 0.200000
vt 1.000000 0.200000
vt 1.166667 0.200000
vt 1.333333 0.200000
vt 0.000000 0.400000
vt 0.166667 0.400000
vt 0.333333 0.400000
vt 0.500000 0.400000
vt 0.666667 0.400000
vt 0.833333 0.400000
vt 1.000000 0.400000
vt 1.166667 0.400000
vt 1.333333 0.400000
vt 0.000000 0.600000
vt 0.166667 0.600000
vt 0.333333 0.600000
vt 0.500000 0.600000
vt 0.666667 0.600000
vt 0.833333 0.600000
vt 1.000000 0.600000
vt 1.166667 0.600000
vt 1.333333 0.600000
vt 0.000000 0.800000
vt 0.166667 0.800000
vt 0.333333 0.800000
vt 0.500000 0.800000
vt 0.666667 0.800000
vt 0.833333 0.800000
vt 1.000000 0.800000
vt 1.166667 0.800000
vt 1.333333 0.800000
vt 0.000000 1.000000
vt 0.166667 1.000000
vt 0.333333 1.000000
vt 0.500000 1.000000
vt 0.666667 1.000000
vt 0.833333 1.000000
vt 1.000000 1.000000
vt 1.166667 1.000000
vt 1.333333 1.000000
vt 0.000000 0.000000
vt 0.166667 0.000000
vt 0.333333 0.000000
vt 0.500000 0.000000
vt 0.666667 0.000000
vt 0.833333 0.000000
vt 1.000000 0.000000
vt 1.166667 0.000000
vt 1.333333 0.000000
vt 0.000000 0.200000
vt 0.166667 0.200000
vt 0.333333 0.200000
vt 0.500000 0.200000
vt 0.666667 0.200000
vt 0.833333 0.200000
vt 1.000000 0.200000
vt 1.166667 0.200000
vt 1.333333 0.200000
vt 0.000000 0.400000
vt 0.166667 0.400000
vt 0.333333 0.400000
vt 0.500000 0.400000
vt 0.666667 0.400000
vt 0.833333 0.400000
vt 1.000000 0.400000
vt 1.166667 0.400000
vt 1.333333 0.400000
vt 0.000000 0.600000
vt 0.166667 0.600000
vt 0.333333 0.600000
vt 0.500000 0.600000
vt 0.666667 0.600000
vt 0.833333 0.600000
vt 1.000000 0.600000
vt 1.166667 0.600000
vt 1.333333 0.600000
vt 0.000000 0.800000
vt 0.166667 0.800000
vt 0.333333 0.800000
vt 0.500000 0.800000
vt 0.666667 0.800000
vt 0.833333 0.800000
vt 1.000000 0.800000
vt 1.166667 0.800000
vt 1.333333 0.800000
vt 0.000000 1.000000
vt 0.166667 1.000000
vt 0.333333 1.000000
vt 0.500000 1.000000
vt 0.666667 1.000000
vt 0.833333 1.000000
vt 1.000000 1.000000
vt 1.166667 1.000000
vt 1.333333 1.000000
vt 0.000000 0.000000
vt 0.166667 0.000000
vt 0.333333 0.000000
vt 0.500000 0.000000
vt 0.666667 0.000000
vt 0.833333 0.000000
vt 1.000000 0.000000
vt 1.166667 0.000000
vt 1.333333 0.000000
vt 0.000000 0.200000
vt 0.166667 0.200000
vt 0.333333 0.200000
vt 0.500000 0.200000
vt 0.666667 0.200000
vt 0.833333 0.200000
vt 1.000000 0.200000
vt 1.166667 0.200000
vt 1.333333 0.200000
vt 0.000000 0.400000
vt 0.166667 0.400000
vt 0.333333 0.400000
vt 0.500000 0.400000
vt 0.666667 0.400000
vt 0.833333 0.400000
vt 1.000000 0.400000
vt 1.166667 0.400000
vt 1.333333 0.400000
vt 0.000000 0.600000
vt 0.166667 0.600000
vt 0.333333 0.600000
vt 0.500000 0.600000
vt 0.666667 0.600000
vt 0.833333 0.600000
vt 1.000000 0.600000
vt 1.166667 0.600000
vt 1.333333 0.600000
vt 0.000000 0.800000
vt 0.166667 0.800000
vt 0.333333 0.800000
vt 0.500000 0.800000
vt 0.666667 0.800000
vt 0.833333 0.800000
vt 1.000000 0.800000
vt 1.166667 0.800000
vt 1.333333 0.800000
vt 0.000000 1.000000
vt 0.166667 1.000000
vt 0.333333 1.000000
vt 0.500000 1.000000
vt 0.666667 1.000000
vt 0.833333 1.000000
vt 1.000000 1.000000
vt 1.166667 1.000000
vt 1.333333 1.000000
vt 0.000000 0.000000
vt 0.166667 0.000000
vt 0.333333 0.000000
vt 0.500000 0.000000
vt 0.666667 0.000000
vt 0.833333 0.000000
vt 1.000000 0.000000
vt 1.166667 0.000000
vt 1.333333 0.000000
vt 0.000000 0.200000
vt 0.166667 0.200000
vt 0.333333 0.200000
vt 0.500000 0.200000
vt 0.666667 0.200000
vt 0.833333 0.200000
vt 1.000000 0.200000
vt 1.166667 0.200000
vt 1.333333 0.200000
vt 0.000000 0.400000
vt 0.166667 0.400000
vt 0.333333 0.400000
vt 0.500000 0.400000
vt 0.666667 0.400000
vt 0.833333 0.400000
vt 1.000000 0.400000
vt 1.166667 0.400000
vt 1.333333 0.400000
vt 0.000000 0.600000
vt 0.166667 0.600000
vt 0.333333 0.600000
vt 0.500000 0.600000
vt 0.666667 0.600000
vt 0.833333 0.600000
vt 1.000000 0.600000
vt 1.166667 0.600000
vt 1.333333 0.600000
vt 0.000000 0.800000
vt 0.166667 0.800000
vt 0.333333 0.800000
vt 0.500000 0.800000
vt 0.666667 0.800000
vt 0.833333 0.800000
vt 1.000000 0.800000
vt 1.166667 0.800000
vt 1.333333 0.800000
vt 0.000000 1.000000
vt 0.166667 1.000000
vt 0.333333 1.000000
vt 0.500000 1.000000
vt 0.666667 1.000000
vt 0.833333 1.000000
vt 1.000000 1.000000
vt 1.166667 1.000000
vt 1.333333 1.000000
vn 0.034209 0.997664 -0.059122
vn 0.034209 0.997664 -0.059122
vn 0.034209 0.997664 -0.059122
vn 0.034209 0.997664 -0.059122
vn 0.034209 0.997664 -0.059122
vn 0.034209 0.997664 -0.059122
vn 0.034209 0.997664 -0.059122
vn 0.034209 0.997664 -0.059122
vn 0.034209 0.997664 -0.059122
vn 0.327578 0.924055 -0.197017
vn 0.337129 0.934945 0.110553
vn 0.035701 0.958791 0.281860
vn -0.255072 0.942596 0.215527
vn -0.375828 0.903535 0.205858
vn -0.285313 0.927428 -0.241815
vn -0.107805 0.866577 -0.487259
vn 0.055669 0.913433 -0.403163
vn 0.353526 0.901727 -0.248813
vn 0.666161 0.742401 0.071211
vn 0.440793 0.708994 0.550480
vn 0.058918 0.731107 0.679714
vn -0.441570 0.725080 0.528464
vn -0.660404 0.724332 0.198014
vn -0.661355 0.588496 -0.465062
vn -0.248302 0.664637 -0.704701
vn 0.185232 0.563310 -0.805215
vn 0.617952 0.602237 -0.505416
vn 0.584281 -0.775326 0.239760
vn 0.506839 -0.656511 0.558666
vn 0.060035 -0.752214 0.656178
vn -0.456538 -0.569150 0.683843
vn -0.654044 -0.706217 0.271078
vn -0.442661 -0.883616 -0.152557
vn -0.254173 -0.697816 -0.669663
vn 0.132858 -0.752032 -0.645598
vn 0.534715 -0.739684 -0.408591
vn 0.214836 -0.976607 0.009161
vn 0.094755 -0.959681 0.264638
vn -0.127847 -0.958912 0.253265
vn -0.035654 -0.969386 0.242940
vn -0.184060 -0.981933 0.043930
vn -0.097795 -0.991951 -0.080430
vn -0.212461 -0.976625 -0.032621
vn -0.040131 -0.990447 -0.131923
vn 0.103026 -0.993589 0.046547
vn -0.034209 -0.997664 0.059122
vn -0.034209 -0.997664 0.059122
vn -0.034209 -0.997664 0.059122
vn -0.034209 -0.997664 0.059122
vn -0.034209 -0.997664 0.059122
vn -0.034209 -0.997664 0.059122
vn -0.034209 -0.997664 0.059122
vn -0.034209 -0.997664 0.059122
vn -0.034209 -0.997664 0.059122
vn -0.055236 0.997011 -0.054025
vn -0.055236 0.997011 -0.054025
vn -0.055236 0.997011 -0.054025
vn -0.055236 0.997011 -0.054025
vn -0.055236 0.997011 -0.054025
vn -0.055236 0.997011 -0.054025
vn -0.055236 0.997011 -0.054025
vn -0.055236 0.997011 -0.054025
vn -0.055236 0.997011 -0.054025
vn 0.382741 0.923046 -0.038667
vn 0.344844 0.933476 0.098514
vn 0.060109 0.952900 0.297268
vn -0.142912 0.971954 0.186764
vn -0.358093 0.930612 0.075707
vn -0.410258 0.848009 -0.335514
vn -0.118309 0.953782 -0.276231
vn 0.092591 0.908844 -0.406730
vn 0.185204 0.964233 -0.189617
vn 0.646817 0.760658 0.055021
vn 0.557212 0.734135 0.388020
vn 0.157005 0.764580 0.625113
vn -0.453762 0.617830 0.642173
vn -0.758293 0.628234 0.174111
vn -0.806706 0.441385 -0.392945
vn -0.451231 0.606731 -0.654422
vn 0.156371 0.707045 -0.689663
vn 0.636308 0.533960 -0.556775
vn 0.679990 -0.725574 0.105623
vn 0.500278 -0.678900 0.537417
vn 0.182909 -0.764139 0.618576
vn -0.366888 -0.623015 0.690829
vn -0.510157 -0.846942 0.149762
vn -0.528467 -0.795725 -0.295880
vn -0.272186 -0.809516 -0.520191
vn 0.162732 -0.668676 -0.725528
vn 0.519505 -0.704885 -0.482961
vn 0.227562 -0.966064 0.122210
vn 0.179068 -0.908951 0.376486
vn 0.127915 -0.957928 0.256927
vn 0.050558 -0.946069 0.319996
vn -0.145012 -0.986983 0.069544
vn -0.162804 -0.977953 -0.130775
vn -0.122299 -0.964177 -0.235385
vn 0.041633 -0.967774 -0.248355
vn 0.201902 -0.971306 -0.125697
vn 0.055236 -0.997011 0.054025
vn 0.055236 -0.997011 0.054025
vn 0.055236 -0.997011 0.054025
vn 0.055236 -0.997011 0.054025
vn 0.055236 -0.997011 0.054025
vn 0.055236 -0.997011 0.054025
vn 0.055236 -0.997011 0.054025
vn 0.055236 -0.997011 0.054025
vn 0.055236 -0.997011 0.054025
vn -0.045187 0.998883 0.013821
vn -0.045187 0.998883 0.013821
vn -0.045187 0.998883 0.013821
vn -0.045187 0.998883 0.013821
vn -0.045187 0.998883 0.013821
vn -0.045187 0.998883 0.013821
vn -0.045187 0.998883 0.013821
vn -0.045187 0.998883 0.013821
vn -0.045187 0.998883 0.013821
vn 0.259878 0.958514 -0.117106
vn 0.045183 0.910619 0.410769
vn -0.111002 0.918403 0.379757
vn -0.094620 0.874756 0.475235
vn -0.349895 0.923999 0.154274
vn -0.419658 0.892979 -0.162712
vn -0.232493 0.903578 -0.359852
vn 0.104825 0.970025 -0.219232
vn 0.276927 0.902531 -0.329772
vn 0.654425 0.752801 -0.070838
vn 0.552341 0.499434 0.667446
vn 0.031177 0.725666 0.687341
vn -0.408182 0.709860 0.574008
vn -0.826876 0.507490 0.242345
vn -0.722703 0.582895 -0.371396
vn -0.441165 0.587396 -0.678484
vn 0.218372 0.696069 -0.683960
vn 0.626948 0.604020 -0.492032
vn 0.832200 -0.554396 -0.009440
vn 0.429320 -0.786070 0.444722
vn 0.143789 -0.599566 0.787303
vn -0.331250 -0.597636 0.730140
vn -0.659381 -0.736193 0.152435
vn -0.571682 -0.716672 -0.399451
vn -0.273704 -0.713380 -0.645117
vn 0.230831 -0.589430 -0.774138
vn 0.592078 -0.660784 -0.461311
vn 0.336371 -0.922681 0.188456
vn 0.109855 -0.976593 0.184929
vn 0.212338 -0.961071 0.176792
vn -0.026943 -0.982343 0.185138
vn -0.145151 -0.989352 -0.010639
vn -0.220352 -0.962612 -0.157554
vn -0.006042 -0.972921 -0.231060
vn 0.009969 -0.955101 -0.296114
vn 0.175361 -0.965130 -0.194351
vn 0.045187 -0.998883 -0.013821
vn 0.045187 -0.998883 -0.013821
vn 0.045187 -0.998883 -0.013821
vn 0.045187 -0.998883 -0.013821
vn 0.045187 -0.998883 -0.013821
vn 0.045187 -0.998883 -0.013821
vn 0.045187 -0.998883 -0.013821
vn 0.045187 -0.998883 -0.013821
vn 0.045187 -0.998883 -0.013821
vn 0.055033 0.996050 -0.069680
vn 0.055033 0.996050 -0.069680
vn 0.055033 0.996050 -0.069680
vn 0.055033 0.996050 -0.069680
vn 0.055033 0.996050 -0.069680
vn 0.055033 0.996050 -0.069680
vn 0.055033 0.996050 -0.069680
vn 0.055033 0.996050 -0.069680
vn 0.055033 0.996050 -0.069680
vn 0.391490 0.917235 -0.073591
vn 0.230645 0.949111 0.214457
vn 0.053783 0.953490 0.296587
vn -0.021325 0.958434 0.284518
vn -0.327862 0.941334 0.079986
vn -0.232489 0.900036 -0.368625
vn 0.034674 0.932185 -0.360317
vn 0.098973 0.904435 -0.414971
vn 0.305950 0.878658 -0.366545
vn 0.771362 0.635923 0.024540
vn 0.588276 0.588668 0.554437
vn 0.119338 0.733641 0.668976
vn -0.402212 0.663228 0.631153
vn -0.700378 0.685173 0.200021
vn -0.609572 0.699595 -0.372811
vn -0.278455 0.581540 -0.764378
vn 0.268027 0.501541 -0.822568
vn 0.652132 0.497424 -0.572096
vn 0.608445 -0.788371 0.090911
vn 0.447286 -0.715786 0.536270
vn 0.017813 -0.607998 0.793739
vn -0.464178 -0.582064 0.667638
vn -0.575442 -0.788466 0.217228
vn -0.626257 -0.626525 -0.463971
vn -0.307141 -0.781220 -0.543470
vn 0.131495 -0.755978 -0.641254
vn 0.619317 -0.588310 -0.519939
vn 0.219849 -0.968382 0.117908
vn 0.003881 -0.967307 0.253578
vn -0.065755 -0.965414 0.252293
vn -0.161091 -0.965246 0.205792
vn -0.241738 -0.965923 0.092490
vn -0.227208 -0.971544 -0.066931
vn -0.125827 -0.977371 -0.170042
vn -0.140289 -0.973376 -0.181270
vn 0.142074 -0.981466 -0.128602
vn -0.055033 -0.996050 0.069680
vn -0.055033 -0.996050 0.069680
vn -0.055033 -0.996050 0.069680
vn -0.055033 -0.996050 0.069680
vn -0.055033 -0.996050 0.069680
vn -0.055033 -0.996050 0.069680
vn -0.055033 -0.996050 0.069680
vn -0.055033 -0.996050 0.069680
vn -0.055033 -0.996050 0.069680
vn -0.021739 0.997922 0.060663
vn -0.021739 0.997922 0.060663
vn -0.021739 0.997922 0.060663
vn -0.021739 0.997922 0.060663
vn -0.021739 0.997922 0.060663
vn -0.021739 0.997922 0.060663
vn -0.021739 0.997922 0.060663
vn -0.021739 0.997922 0.060663
vn -0.021739 0.997922 0.060663
vn 0.280850 0.933828 0.221557
vn 0.176809 0.963828 0.199436
vn 0.136197 0.904061 0.405122
vn -0.116736 0.936949 0.329393
vn -0.459329 0.872345 0.167428
vn -0.368858 0.928837 -0.034718
vn -0.186530 0.930786 -0.314395
vn -0.072336 0.947980 -0.310003
vn 0.203948 0.920518 -0.333246
vn 0.658676 0.746132 -0.097118
vn 0.545769 0.672624 0.499713
vn 0.126453 0.668334 0.733035
vn -0.406403 0.547611 0.731409
vn -0.695837 0.653796 0.297255
vn -0.723194 0.634425 -0.272940
vn -0.401781 0.756357 -0.516233
vn 0.038017 0.766979 -0.640545
vn 0.469336 0.686949 -0.554820
vn 0.667536 -0.728455 -0.154108
vn 0.545747 -0.700802 0.459387
vn 0.198336 -0.797581 0.569674
vn -0.224021 -0.665749 0.711753
vn -0.625726 -0.680124 0.381965
vn -0.613724 -0.699522 -0.366076
vn -0.446103 -0.527047 -0.723335
vn 0.136160 -0.653032 -0.744989
vn 0.537174 -0.694161 -0.479149
vn 0.226768 -0.964622 -0.134464
vn 0.110163 -0.989932 0.088871
vn 0.047165 -0.972377 0.228602
vn 0.053736 -0.985333 0.161963
vn -0.145896 -0.986574 -0.073391
vn -0.133207 -0.984941 -0.110211
vn -0.095847 -0.949274 -0.299487
vn 0.095911 -0.953922 -0.284313
vn 0.185251 -0.931834 -0.312038
vn 0.021739 -0.997922 -0.060663
vn 0.021739 -0.997922 -0.060663
vn 0.021739 -0.997922 -0.060663
vn 0.021739 -0.997922 -0.060663
vn 0.021739 -0.997922 -0.060663
vn 0.021739 -0.997922 -0.060663
vn 0.021739 -0.997922 -0.060663
vn 0.021739 -0.997922 -0.060663
vn 0.021739 -0.997922 -0.060663
vn -0.081775 0.996650 -0.001530
vn -0.081775 0.996650 -0.001530
vn -0.081775 0.996650 -0.001530
vn -0.081775 0.996650 -0.001530
vn -0.081775 0.996650 -0.001530
vn -0.081775 0.996650 -0.001530
vn -0.081775 0.996650 -0.001530
vn -0.081775 0.996650 -0.001530
vn -0.081775 0.996650 -0.001530
vn 0.209077 0.956425 0.203807
vn 0.081754 0.881610 0.464845
vn 0.020815 0.930562 0.365541
vn -0.309359 0.874314 0.373995
vn -0.480697 0.876699 0.018122
vn -0.352541 0.934168 -0.055176
vn -0.236175 0.901248 -0.363282
vn 0.082913 0.876283 -0.474609
vn 0.094860 0.955902 -0.277945
vn 0.621025 0.779484 0.082053
vn 0.405096 0.671546 0.620422
vn -0.032428 0.794328 0.606623
vn -0.480264 0.609625 0.630637
vn -0.642297 0.709677 0.289504
vn -0.644773 0.700689 -0.305456
vn -0.261938 0.597073 -0.758217
vn 0.097593 0.682363 -0.724470
vn 0.453474 0.714757 -0.532432
vn 0.622718 -0.782221 -0.018765
vn 0.495243 -0.736875 0.460163
vn 0.026054 -0.798275 0.601729
vn -0.355995 -0.760068 0.543659
vn -0.526189 -0.792202 0.309096
vn -0.603265 -0.697757 -0.386273
vn -0.183409 -0.708449 -0.681514
vn 0.289169 -0.538484 -0.791464
vn 0.607107 -0.690875 -0.392573
vn 0.295654 -0.955043 0.021949
vn 0.223886 -0.961299 0.160561
vn 0.167243 -0.975896 0.140203
vn -0.049196 -0.975756 0.213259
vn -0.132377 -0.970403 0.201977
vn -0.143051 -0.984854 -0.097979
vn -0.026031 -0.950019 -0.311104
vn 0.166553 -0.921670 -0.350407
vn 0.403298 -0.910930 -0.086936
vn 0.081775 -0.996650 0.001530
vn 0.081775 -0.996650 0.001530
vn 0.081775 -0.996650 0.001530
vn 0.081775 -0.996650 0.001530
vn 0.081775 -0.996650 0.001530
vn 0.081775 -0.996650 0.001530
vn 0.081775 -0.996650 0.001530
vn 0.081775 -0.996650 0.001530
vn 0.081775 -0.996650 0.001530
vn -0.058732 0.996273 0.063164
vn -0.058732 0.996273 0.063164
vn -0.058732 0.996273 0.063164
vn -0.058732 0.996273 0.063164
vn -0.058732 0.996273 0.063164
vn -0.058732 0.996273 0.063164
vn -0.058732 0.996273 0.063164
vn -0.058732 0.996273 0.063164
vn -0.058732 0.996273 0.063164
vn 0.322843 0.945774 0.035819
vn 0.193567 0.853773 0.483326
vn 0.063052 0.900476 0.430310
vn -0.175332 0.871726 0.457550
vn -0.473031 0.855231 0.211710
vn -0.421059 0.905820 -0.046902
vn -0.220065 0.884688 -0.410973
vn 0.173733 0.887811 -0.426156
vn 0.247144 0.925650 -0.286518
vn 0.726026 0.673184 0.140388
vn 0.574540 0.515296 0.635904
vn 0.036476 0.531213 0.846453
vn -0.469653 0.490584 0.733999
vn -0.727611 0.619140 0.295378
vn -0.747696 0.615053 -0.250322
vn -0.341573 0.640770 -0.687562
vn 0.160986 0.646121 -0.746064
vn 0.497154 0.710371 -0.498208
vn 0.728024 -0.684403 0.039671
vn 0.533440 -0.627031 0.567692
vn 0.116503 -0.700453 0.704125
vn -0.303852 -0.718956 0.625121
vn -0.697010 -0.617719 0.364142
vn -0.553162 -0.757867 -0.345902
vn -0.166536 -0.769921 -0.616026
vn 0.212647 -0.573638 -0.791025
vn 0.579655 -0.537512 -0.612438
vn 0.301741 -0.935754 -0.182528
vn 0.214296 -0.970024 0.114589
vn -0.020729 -0.984666 0.173213
vn -0.047345 -0.968437 0.244722
vn -0.222919 -0.974126 0.037220
vn -0.182336 -0.939204 -0.290945
vn -0.045409 -0.922745 -0.382726
vn 0.046288 -0.923646 -0.380440
vn 0.229226 -0.942226 -0.244267
vn 0.058732 -0.996273 -0.063164
vn 0.058732 -0.996273 -0.063164
vn 0.058732 -0.996273 -0.063164
vn 0.058732 -0.996273 -0.063164
vn 0.058732 -0.996273 -0.063164
vn 0.058732 -0.996273 -0.063164
vn 0.058732 -0.996273 -0.063164
vn 0.058732 -0.996273 -0.063164
vn 0.058732 -0.996273 -0.063164
vn 0.036243 0.999212 0.016179
vn 0.036243 0.999212 0.016179
vn 0.036243 0.999212 0.016179
vn 0.036243 0.999212 0.016179
vn 0.036243 0.999212 0.016179
vn 0.036243 0.999212 0.016179
vn 0.036243 0.999212 0.016179
vn 0.036243 0.999212 0.016179
vn 0.036243 0.999212 0.016179
vn 0.409885 0.910358 -0.056947
vn 0.300616 0.923597 0.237905
vn 0.117985 0.939980 0.320184
vn -0.071981 0.950002 0.303835
vn -0.266306 0.936926 0.226387
vn -0.405586 0.906278 -0.118992
vn -0.165309 0.910138 -0.379896
vn 0.035341 0.938376 -0.343804
vn 0.300862 0.934533 -0.190080
vn 0.842087 0.538888 0.022113
vn 0.655885 0.620591 0.429746
vn 0.233785 0.735176 0.636286
vn -0.351935 0.645736 0.677618
vn -0.784800 0.483941 0.387155
vn -0.728732 0.621371 -0.287834
vn -0.508972 0.619991 -0.597125
vn 0.087070 0.635598 -0.767094
vn 0.611649 0.590216 -0.526811
vn 0.763837 -0.644361 -0.036764
vn 0.518770 -0.753581 0.403725
vn 0.070708 -0.628658 0.774460
vn -0.399083 -0.688784 0.605235
vn -0.579757 -0.750810 0.316489
vn -0.718985 -0.598704 -0.353006
vn -0.363371 -0.633800 -0.682832
vn 0.040232 -0.631567 -0.774277
vn 0.526929 -0.639681 -0.559602
vn 0.240959 -0.968699 0.059672
vn 0.063124 -0.997920 0.013056
vn -0.071985 -0.976362 0.203801
vn -0.185894 -0.971518 0.146955
vn -0.230394 -0.949920 0.211119
vn -0.252919 -0.967402 0.012895
vn -0.186132 -0.930625 -0.315105
vn -0.001679 -0.952401 -0.304845
vn 0.099558 -0.992648 -0.068839
vn -0.036243 -0.999212 -0.016179
vn -0.036243 -0.999212 -0.016179
vn -0.036243 -0.999212 -0.016179
vn -0.036243 -0.999212 -0.016179
vn -0.036243 -0.999212 -0.016179
vn -0.036243 -0.999212 -0.016179
vn -0.036243 -0.999212 -0.016179
vn -0.036243 -0.999212 -0.016179
vn -0.036243 -0.999212 -0.016179
vn 0.040722 0.997133 -0.063783
vn 0.040722 0.997133 -0.063783
vn 0.040722 0.997133 -0.063783
vn 0.040722 0.997133 -0.063783
vn 0.040722 0.997133 -0.063783
vn 0.040722 0.997133 -0.063783
vn 0.040722 0.997133 -0.063783
vn 0.040722 0.997133 -0.063783
vn 0.040722 0.997133 -0.063783
vn 0.409163 0.887720 -0.211042
vn 0.177682 0.916110 0.359404
vn -0.033959 0.915314 0.401307
vn -0.180361 0.922661 0.340833
vn -0.302368 0.937289 0.173386
vn -0.339015 0.901097 -0.270358
vn 0.016896 0.905266 -0.424509
vn 0.134469 0.901748 -0.410815
vn 0.227471 0.880926 -0.415002
vn 0.783933 0.620791 0.008259
vn 0.515553 0.611493 0.600235
vn 0.078782 0.649783 0.756026
vn -0.419122 0.691762 0.588049
vn -0.786927 0.588501 0.185507
vn -0.686547 0.571543 -0.449435
vn -0.330337 0.660746 -0.674012
vn 0.224235 0.674176 -0.703709
vn 0.653682 0.598293 -0.463406
vn 0.731468 -0.668262 0.135575
vn 0.526344 -0.509753 0.680525
vn 0.032292 -0.556906 0.829947
vn -0.525611 -0.453223 0.719946
vn -0.728227 -0.663487 0.171669
vn -0.716825 -0.656925 -0.233691
vn -0.332780 -0.644966 -0.687951
vn 0.154886 -0.737373 -0.657489
vn 0.584144 -0.713576 -0.386762
vn 0.278817 -0.956263 0.088437
vn 0.099161 -0.950432 0.294697
vn 0.005804 -0.972058 0.234668
vn -0.243419 -0.951500 0.188135
vn -0.286520 -0.955425 0.071197
vn -0.285707 -0.958204 -0.014689
vn -0.061615 -0.990350 -0.124142
vn -0.019546 -0.963068 -0.268549
vn 0.091706 -0.988994 -0.116108
vn -0.040722 -0.997133 0.063783
vn -0.040722 -0.997133 0.063783
vn -0.040722 -0.997133 0.063783
vn -0.040722 -0.997133 0.063783
vn -0.040722 -0.997133 0.063783
vn -0.040722 -0.997133 0.063783
vn -0.040722 -0.997133 0.063783
vn -0.040722 -0.997133 0.063783
vn -0.040722 -0.997133 0.063783
vn -0.007067 0.997653 0.068109
vn -0.007067 0.997653 0.068109
vn -0.007067 0.997653 0.068109
vn -0.007067 0.997653 0.068109
vn -0.007067 0.997653 0.068109
vn -0.007067 0.997653 0.068109
vn -0.007067 0.997653 0.068109
vn -0.007067 0.997653 0.068109
vn -0.007067 0.997653 0.068109
vn 0.308862 0.902330 0.300674
vn 0.258083 0.897930 0.356530
vn 0.138394 0.850360 0.507675
vn -0.106075 0.912187 0.395807
vn -0.406014 0.905149 0.125929
vn -0.343132 0.907091 -0.243816
vn -0.087092 0.972793 -0.214682
vn 0.161798 0.930954 -0.327331
vn 0.304955 0.934955 -0.181279
vn 0.719488 0.691820 0.060999
vn 0.375438 0.639853 0.670548
vn 0.106851 0.584321 0.804458
vn -0.459406 0.566310 0.684280
vn -0.826384 0.518907 0.218687
vn -0.724984 0.595522 -0.346053
vn -0.314502 0.618763 -0.719875
vn 0.254053 0.651166 -0.715150
vn 0.608140 0.580719 -0.541231
vn 0.721344 -0.690464 0.054060
vn 0.510135 -0.684429 0.520883
vn 0.090736 -0.582979 0.807405
vn -0.455938 -0.671228 0.584443
vn -0.653622 -0.727074 0.210101
vn -0.652321 -0.571000 -0.498433
vn -0.267559 -0.675162 -0.687436
vn 0.303168 -0.463840 -0.832431
vn 0.624517 -0.533483 -0.570416
vn 0.243447 -0.969551 -0.026554
vn 0.202033 -0.976594 0.073808
vn -0.007686 -0.976213 0.216677
vn -0.133632 -0.980878 0.141496
vn -0.277980 -0.959289 0.049926
vn -0.162172 -0.922060 -0.351433
vn -0.081735 -0.966517 -0.243237
vn -0.010345 -0.920294 -0.391092
vn 0.240207 -0.964035 -0.113743
vn 0.007067 -0.997653 -0.068109
vn 0.007067 -0.997653 -0.068109
vn 0.007067 -0.997653 -0.068109
vn 0.007067 -0.997653 -0.068109
vn 0.007067 -0.997653 -0.068109
vn 0.007067 -0.997653 -0.068109
vn 0.007067 -0.997653 -0.068109
vn 0.007067 -0.997653 -0.068109
vn 0.007067 -0.997653 -0.068109
vn 0.000481 0.999875 0.015795
vn 0.000481 0.999875 0.015795
vn 0.000481 0.999875 0.015795
vn 0.000481 0.999875 0.015795
vn 0.000481 0.999875 0.015795
vn 0.000481 0.999875 0.015795
vn 0.000481 0.999875 0.015795
vn 0.000481 0.999875 0.015795
vn 0.000481 0.999875 0.015795
vn 0.325951 0.935012 -0.139673
vn 0.310829 0.883415 0.350662
vn 0.046446 0.892867 0.447920
vn -0.100156 0.936592 0.335804
vn -0.271918 0.911686 0.308040
vn -0.423258 0.897766 -0.121936
vn -0.191998 0.931198 -0.309849
vn 0.053502 0.952541 -0.299670
vn 0.240751 0.943929 -0.225915
vn 0.817005 0.569492 -0.090458
vn 0.640421 0.569174 0.515657
vn 0.267879 0.584570 0.765845
vn -0.288693 0.716840 0.634663
vn -0.704463 0.586635 0.399488
vn -0.772920 0.564314 -0.290077
vn -0.458118 0.589581 -0.665223
vn 0.110063 0.551476 -0.826898
vn 0.530846 0.649624 -0.544234
vn 0.748055 -0.641115 -0.171420
vn 0.630727 -0.646404 0.429355
vn 0.224366 -0.619443 0.752297
vn -0.344825 -0.577240 0.740196
vn -0.605186 -0.670851 0.428613
vn -0.570290 -0.769010 -0.288780
vn -0.444844 -0.566604 -0.693595
vn 0.109393 -0.624248 -0.773529
vn 0.578324 -0.461042 -0.673038
vn 0.196873 -0.978889 -0.054934
vn 0.186232 -0.976584 0.107714
vn 0.081559 -0.979983 0.181608
vn -0.117574 -0.965929 0.230561
vn -0.236148 -0.971391 -0.025162
vn -0.214095 -0.974320 -0.069740
vn -0.071263 -0.986430 -0.147908
vn 0.057183 -0.961146 -0.270054
vn 0.177568 -0.932367 -0.314900
vn -0.000481 -0.999875 -0.015795
vn -0.000481 -0.999875 -0.015795
vn -0.000481 -0.999875 -0.015795
vn -0.000481 -0.999875 -0.015795
vn -0.000481 -0.999875 -0.015795
vn -0.000481 -0.999875 -0.015795
vn -0.000481 -0.999875 -0.015795
vn -0.000481 -0.999875 -0.015795
vn -0.000481 -0.999875 -0.015795
vn 0.061289 0.997171 -0.043518
vn 0.061289 0.997171 -0.043518
vn 0.061289 0.997171 -0.043518
vn 0.061289 0.997171 -0.043518
vn 0.061289 0.997171 -0.043518
vn 0.061289 0.997171 -0.043518
vn 0.061289 0.997171 -0.043518
vn 0.061289 0.997171 -0.043518
vn 0.061289 0.997171 -0.043518
vn 0.389944 0.903056 -0.180091
vn 0.352890 0.864271 0.358476
vn 0.060273 0.924751 0.375769
vn 0.002562 0.959743 0.280867
vn -0.172785 0.917959 0.357068
vn -0.251342 0.962329 -0.103680
vn -0.161662 0.880449 -0.445729
vn 0.091310 0.849558 -0.519533
vn 0.283343 0.880016 -0.381167
vn 0.774219 0.611339 -0.163862
vn 0.682626 0.426728 0.593233
vn 0.300330 0.608880 0.734212
vn -0.164801 0.693784 0.701074
vn -0.581090 0.711943 0.394299
vn -0.702370 0.622366 -0.345453
vn -0.382295 0.564676 -0.731432
vn 0.112196 0.557750 -0.822391
vn 0.500088 0.515172 -0.696067
vn 0.640815 -0.762497 -0.089187
vn 0.466762 -0.746472 0.474250
vn 0.253874 -0.443300 0.859671
vn -0.323578 -0.535498 0.780090
vn -0.604339 -0.681091 0.413387
vn -0.665299 -0.721557 -0.191658
vn -0.493671 -0.604450 -0.625243
vn -0.003878 -0.549397 -0.835553
vn 0.337448 -0.813181 -0.474200
vn 0.162330 -0.985958 -0.039203
vn 0.027466 -0.976594 0.213330
vn 0.037535 -0.968522 0.246083
vn -0.138379 -0.943010 0.302628
vn -0.225731 -0.964333 0.138230
vn -0.309112 -0.951024 0.001450
vn -0.234069 -0.969394 -0.074079
vn 0.070811 -0.977140 -0.200456
vn 0.064883 -0.992797 -0.100715
vn -0.061289 -0.997171 0.043518
vn -0.061289 -0.997171 0.043518
vn -0.061289 -0.997171 0.043518
vn -0.061289 -0.997171 0.043518
vn -0.061289 -0.997171 0.043518
vn -0.061289 -0.997171 0.043518
vn -0.061289 -0.997171 0.043518
vn -0.061289 -0.997171 0.043518
vn -0.061289 -0.997171 0.043518
vn -0.022638 0.999407 -0.025936
vn -0.022638 0.999407 -0.025936
vn -0.022638 0.999407 -0.025936
vn -0.022638 0.999407 -0.025936
vn -0.022638 0.999407 -0.025936
vn -0.022638 0.999407 -0.025936
vn -0.022638 0.999407 -0.025936
vn -0.022638 0.999407 -0.025936
vn -0.022638 0.999407 -0.025936
vn 0.309589 0.948104 -0.072485
vn 0.226084 0.938391 0.261360
vn -0.024974 0.926647 0.375101
vn -0.230982 0.918731 0.320282
vn -0.406583 0.906137 0.116647
vn -0.386255 0.838430 -0.384503
vn -0.059043 0.905339 -0.420565
vn -0.006752 0.904989 -0.425381
vn 0.253660 0.933231 -0.254432
vn 0.796097 0.592136 0.124917
vn 0.498471 0.546862 0.672658
vn -0.023776 0.632619 0.774098
vn -0.495650 0.584816 0.642122
vn -0.808805 0.535341 0.243401
vn -0.755920 0.564314 -0.331865
vn -0.335868 0.638386 -0.692572
vn 0.209557 0.627356 -0.750007
vn 0.634198 0.559986 -0.533112
vn 0.690826 -0.714586 0.110116
vn 0.439069 -0.688230 0.577545
vn 0.085072 -0.714000 0.694958
vn -0.327311 -0.739216 0.588580
vn -0.648071 -0.690792 0.320640
vn -0.525605 -0.784427 -0.329263
vn -0.212080 -0.695930 -0.686078
vn 0.251322 -0.654389 -0.713170
vn 0.674068 -0.624319 -0.394789
vn 0.255445 -0.956198 0.142945
vn 0.178041 -0.961813 0.207887
vn -0.003608 -0.920859 0.389880
vn -0.143348 -0.963885 0.224446
vn -0.135954 -0.985911 0.097443
vn -0.203782 -0.978668 -0.026101
vn -0.157902 -0.953378 -0.257171
vn 0.088949 -0.971700 -0.218834
vn 0.353369 -0.928074 -0.117508
vn 0.022638 -0.999407 0.025936
vn 0.022638 -0.999407 0.025936
vn 0.022638 -0.999407 0.025936
vn 0.022638 -0.999407 0.025936
vn 0.022638 -0.999407 0.025936
vn 0.022638 -0.999407 0.025936
vn 0.022638 -0.999407 0.025936
vn 0.022638 -0.999407 0.025936
vn 0.022638 -0.999407 0.025936
vn 0.059907 0.997438 0.039089
vn 0.059907 0.997438 0.039089
vn 0.059907 0.997438 0.039089
vn 0.059907 0.997438 0.039089
vn 0.059907 0.997438 0.039089
vn 0.059907 0.997438 0.039089
vn 0.059907 0.997438 0.039089
vn 0.059907 0.997438 0.039089
vn 0.059907 0.997438 0.039089
vn 0.411842 0.908107 -0.075679
vn 0.236421 0.924595 0.298713
vn -0.032110 0.904935 0.424336
vn -0.106133 0.964196 0.243026
vn -0.253595 0.924985 0.283005
vn -0.297952 0.954200 0.026975
vn 0.034218 0.961264 -0.273498
vn 0.193653 0.921895 -0.335572
vn 0.235908 0.917794 -0.319376
vn 0.823358 0.567519 -0.001857
vn 0.574156 0.440581 0.690096
vn 0.196946 0.618963 0.760327
vn -0.329855 0.634498 0.699005
vn -0.689252 0.682359 0.243550
vn -0.720400 0.624015 -0.302704
vn -0.311101 0.671790 -0.672246
vn 0.172977 0.764481 -0.621006
vn 0.599055 0.665125 -0.445804
vn 0.522330 -0.852052 0.034342
vn 0.465627 -0.710483 0.527642
vn 0.078314 -0.700625 0.709219
vn -0.462423 -0.671480 0.579033
vn -0.654461 -0.706480 0.269381
vn -0.753253 -0.604296 -0.259685
vn -0.381281 -0.556061 -0.738526
vn 0.054174 -0.571635 -0.818718
vn 0.451389 -0.684360 -0.572625
vn 0.102345 -0.994411 -0.025945
vn 0.144849 -0.983995 0.103792
vn -0.029957 -0.973301 0.227571
vn -0.161166 -0.977404 0.136772
vn -0.326800 -0.937742 0.117649
vn -0.332489 -0.942938 -0.017827
vn -0.215211 -0.931399 -0.293566
vn 0.033811 -0.944482 -0.326819
vn 0.122383 -0.992185 0.024326
vn -0.059907 -0.997438 -0.039089
vn -0.059907 -0.997438 -0.039089
vn -0.059907 -0.997438 -0.039089
vn -0.059907 -0.997438 -0.039089
vn -0.059907 -0.997438 -0.039089
vn -0.059907 -0.997438 -0.039089
vn -0.059907 -0.997438 -0.039089
vn -0.059907 -0.997438 -0.039089
vn -0.059907 -0.997438 -0.039089
vn -0.006348 0.996043 0.088650
vn -0.006348 0.996043 0.088650
vn -0.006348 0.996043 0.088650
vn -0.006348 0.996043 0.088650
vn -0.006348 0.996043 0.088650
vn -0.006348 0.996043 0.088650
vn -0.006348 0.996043 0.088650
vn -0.006348 0.996043 0.088650
vn -0.006348 0.996043 0.088650
vn 0.311205 0.947727 0.070464
vn 0.225563 0.917496 0.327602
vn -0.033982 0.818486 0.573520
vn -0.124040 0.872015 0.473501
vn -0.364759 0.910240 0.195995
vn -0.243471 0.946781 -0.210541
vn -0.133745 0.942802 -0.305348
vn 0.065910 0.911779 -0.405359
vn 0.315148 0.942991 -0.107003
vn 0.696631 0.706090 0.127052
vn 0.444908 0.530431 0.721595
vn 0.027612 0.494799 0.868569
vn -0.417804 0.507873 0.753329
vn -0.812826 0.468777 0.345777
vn -0.751454 0.546718 -0.369345
vn -0.231323 0.659353 -0.715362
vn 0.191732 0.651188 -0.734298
vn 0.595321 0.524457 -0.608719
vn 0.742426 -0.669925 -0.002074
vn 0.504069 -0.651604 0.566857
vn 0.018723 -0.540974 0.840831
vn -0.434183 -0.594879 0.676464
vn -0.728435 -0.665993 0.160736
vn -0.646252 -0.626588 -0.435598
vn -0.240811 -0.521621 -0.818487
vn 0.233536 -0.552864 -0.799876
vn 0.617092 -0.499784 -0.607794
vn 0.272314 -0.957611 0.093951
vn 0.178823 -0.978189 0.105678
vn 0.111272 -0.982716 0.147948
vn -0.144337 -0.970762 0.191800
vn -0.186905 -0.973260 -0.133539
vn -0.262156 -0.944551 -0.197731
vn -0.048838 -0.939105 -0.340143
vn 0.079622 -0.896137 -0.436577
vn 0.193093 -0.934211 -0.299942
vn 0.006348 -0.996043 -0.088650
vn 0.006348 -0.996043 -0.088650
vn 0.006348 -0.996043 -0.088650
vn 0.006348 -0.996043 -0.088650
vn 0.006348 -0.996043 -0.088650
vn 0.006348 -0.996043 -0.088650
vn 0.006348 -0.996043 -0.088650
vn 0.006348 -0.996043 -0.088650
vn 0.006348 -0.996043 -0.088650
vn 0.114758 0.993393 0.000465
vn 0.114758 0.993393 0.000465
vn 0.114758 0.993393 0.000465
vn 0.114758 0.993393 0.000465
vn 0.114758 0.993393 0.000465
vn 0.114758 0.993393 0.000465
vn 0.114758 0.993393 0.000465
vn 0.114758 0.993393 0.000465
vn 0.114758 0.993393 0.000465
vn 0.134366 0.956240 -0.259904
vn 0.457694 0.876767 -0.147633
vn 0.491988 0.870504 0.013076
vn 0.500211 0.860923 0.092745
vn 0.473991 0.829556 0.295245
vn -0.129248 0.956573 0.261274
vn -0.341269 0.938815 0.046494
vn -0.289573 0.956804 -0.025939
vn -0.354733 0.927087 -0.121138
vn 0.136490 0.548230 -0.825115
vn 0.640917 0.587826 -0.493646
vn 0.796913 0.585634 -0.148198
vn 0.688719 0.632777 0.353920
vn 0.414903 0.671404 0.614061
vn -0.286996 0.547961 0.785730
vn -0.593743 0.738766 0.318896
vn -0.621738 0.771302 -0.136145
vn -0.573343 0.633064 -0.520103
vn -0.028949 -0.801670 -0.597066
vn 0.420373 -0.736306 -0.530226
vn 0.626211 -0.740126 -0.245099
vn 0.498590 -0.805453 0.320398
vn 0.166408 -0.718946 0.674852
vn -0.326022 -0.583158 0.744067
vn -0.659768 -0.612625 0.435197
vn -0.853958 -0.498274 -0.149927
vn -0.661496 -0.529381 -0.531205
vn -0.075353 -0.979872 -0.184860
vn 0.059994 -0.966100 -0.251099
vn 0.151005 -0.985775 -0.073796
vn 0.067767 -0.995660 0.063791
vn 0.049520 -0.961665 0.269720
vn -0.248358 -0.924149 0.290286
vn -0.279879 -0.959734 0.024040
vn -0.296937 -0.954537 -0.026238
vn -0.162724 -0.973547 -0.160399
vn -0.114758 -0.993393 -0.000465
vn -0.114758 -0.993393 -0.000465
vn -0.114758 -0.993393 -0.000465
vn -0.114758 -0.993393 -0.000465
vn -0.114758 -0.993393 -0.000465
vn -0.114758 -0.993393 -0.000465
vn -0.114758 -0.993393 -0.000465
vn -0.114758 -0.993393 -0.000465
vn -0.114758 -0.993393 -0.000465
vn -0.012800 0.999874 -0.009338
vn -0.012800 0.999874 -0.009338
vn -0.012800 0.999874 -0.009338
vn -0.012800 0.999874 -0.009338
vn -0.012800 0.999874 -0.009338
vn -0.012800 0.999874 -0.009338
vn -0.012800 0.999874 -0.009338
vn -0.012800 0.999874 -0.009338
vn -0.012800 0.999874 -0.009338
vn -0.018302 0.925923 -0.377268
vn 0.230843 0.928627 -0.290453
vn 0.318483 0.946814 -0.045944
vn 0.277943 0.933565 0.226282
vn 0.017785 0.936343 0.350635
vn -0.197849 0.945977 0.256874
vn -0.368698 0.912616 0.176619
vn -0.391995 0.903477 -0.173407
vn -0.206019 0.925692 -0.317255
vn 0.112519 0.630011 -0.768391
vn 0.610662 0.625949 -0.485056
vn 0.751416 0.658055 -0.048341
vn 0.574410 0.661817 0.481718
vn 0.293195 0.583537 0.757312
vn -0.370763 0.697135 0.613627
vn -0.757381 0.559355 0.336892
vn -0.764452 0.587034 -0.266465
vn -0.441198 0.712132 -0.546087
vn 0.160055 -0.773116 -0.613738
vn 0.441054 -0.812126 -0.381999
vn 0.736875 -0.663878 -0.127595
vn 0.503792 -0.784570 0.361448
vn 0.161136 -0.731932 0.662051
vn -0.315370 -0.748074 0.583890
vn -0.561071 -0.774764 0.291444
vn -0.507858 -0.835885 -0.208270
vn -0.505683 -0.631750 -0.587517
vn 0.194050 -0.956270 -0.218843
vn 0.204656 -0.971440 -0.120088
vn 0.222135 -0.974476 -0.032446
vn 0.112400 -0.988039 0.105567
vn 0.129742 -0.969985 0.205661
vn -0.117635 -0.971643 0.205116
vn -0.288758 -0.956701 -0.036632
vn -0.270792 -0.960136 0.069361
vn -0.244896 -0.948898 -0.199042
vn 0.012800 -0.999874 0.009338
vn 0.012800 -0.999874 0.009338
vn 0.012800 -0.999874 0.009338
vn 0.012800 -0.999874 0.009338
vn 0.012800 -0.999874 0.009338
vn 0.012800 -0.999874 0.009338
vn 0.012800 -0.999874 0.009338
vn 0.012800 -0.999874 0.009338
vn 0.012800 -0.999874 0.009338
vn 0.072168 0.997392 -0.000650
vn 0.072168 0.997392 -0.000650
vn 0.072168 0.997392 -0.000650
vn 0.072168 0.997392 -0.000650
vn 0.072168 0.997392 -0.000650
vn 0.072168 0.997392 -0.000650
vn 0.072168 0.997392 -0.000650
vn 0.072168 0.997392 -0.000650
vn 0.072168 0.997392 -0.000650
vn -0.024137 0.955616 -0.293626
vn 0.280551 0.949335 -0.141611
vn 0.312719 0.946913 0.074580
vn 0.259882 0.954665 0.145179
vn 0.153794 0.905457 0.395595
vn -0.251355 0.934683 0.251374
vn -0.236455 0.938714 0.250809
vn -0.245842 0.966846 -0.069070
vn -0.147795 0.962879 -0.225878
vn 0.102366 0.626876 -0.772365
vn 0.653958 0.529315 -0.540523
vn 0.767394 0.639539 -0.045790
vn 0.644043 0.618547 0.450121
vn 0.261488 0.671960 0.692888
vn -0.287245 0.638516 0.713994
vn -0.510875 0.787640 0.344427
vn -0.609719 0.767972 -0.196119
vn -0.349970 0.784523 -0.511903
vn 0.004738 -0.708504 -0.705691
vn 0.485176 -0.778372 -0.398423
vn 0.584180 -0.811264 -0.024184
vn 0.408809 -0.785157 0.465192
vn 0.108684 -0.901835 0.418189
vn -0.206423 -0.774307 0.598196
vn -0.632544 -0.730194 0.258274
vn -0.747183 -0.619836 -0.239834
vn -0.491089 -0.589173 -0.641643
vn -0.182229 -0.961580 -0.205322
vn 0.161414 -0.986885 0.002038
vn 0.187884 -0.978990 0.079233
vn 0.104678 -0.989632 0.098343
vn 0.132315 -0.969235 0.207550
vn -0.061820 -0.983262 0.171389
vn -0.162281 -0.984119 0.071929
vn -0.268164 -0.953793 -0.135527
vn -0.202264 -0.970081 -0.134283
vn -0.072168 -0.997392 0.000650
vn -0.072168 -0.997392 0.000650
vn -0.072168 -0.997392 0.000650
vn -0.072168 -0.997392 0.000650
vn -0.072168 -0.997392 0.000650
vn -0.072168 -0.997392 0.000650
vn -0.072168 -0.997392 0.000650
vn -0.072168 -0.997392 0.000650
vn -0.072168 -0.997392 0.000650
vn 0.077189 0.997011 0.003197
vn 0.077189 0.997011 0.003197
vn 0.077189 0.997011 0.003197
vn 0.077189 0.997011 0.003197
vn 0.077189 0.997011 0.003197
vn 0.077189 0.997011 0.003197
vn 0.077189 0.997011 0.003197
vn 0.077189 0.997011 0.003197
vn 0.077189 0.997011 0.003197
vn 0.041602 0.954994 -0.293693
vn 0.459959 0.883198 -0.091643
vn 0.405152 0.907290 -0.112592
vn 0.428375 0.894419 0.128492
vn 0.126587 0.939407 0.318574
vn -0.016399 0.902346 0.430701
vn -0.235439 0.971745 0.016760
vn -0.209086 0.973716 -0.090338
vn -0.362982 0.922638 -0.130316
vn 0.033794 0.569597 -0.821229
vn 0.498841 0.676615 -0.541618
vn 0.783601 0.620030 -0.039149
vn 0.737161 0.495042 0.459920
vn 0.319471 0.590288 0.741282
vn -0.345225 0.606096 0.716567
vn -0.568354 0.737191 0.365408
vn -0.561193 0.803478 -0.198712
vn -0.430539 0.645927 -0.630408
vn 0.007092 -0.527135 -0.849752
vn 0.501453 -0.671808 -0.545179
vn 0.631771 -0.772527 -0.063774
vn 0.653183 -0.623692 0.429372
vn 0.208048 -0.712539 0.670077
vn -0.397915 -0.519276 0.756318
vn -0.761651 -0.590730 0.266318
vn -0.818374 -0.521961 -0.240458
vn -0.589215 -0.580027 -0.562490
vn -0.060492 -0.972883 -0.223249
vn 0.184632 -0.976517 -0.111020
vn 0.169219 -0.980062 -0.104128
vn 0.117039 -0.992879 0.022189
vn 0.079052 -0.981664 0.173455
vn -0.016678 -0.987330 0.157804
vn -0.219465 -0.975404 0.020555
vn -0.301383 -0.934148 -0.191145
vn -0.192030 -0.966703 -0.169143
vn -0.077189 -0.997011 -0.003197
vn -0.077189 -0.997011 -0.003197
vn -0.077189 -0.997011 -0.003197
vn -0.077189 -0.997011 -0.003197
vn -0.077189 -0.997011 -0.003197
vn -0.077189 -0.997011 -0.003197
vn -0.077189 -0.997011 -0.003197
vn -0.077189 -0.997011 -0.003197
vn -0.077189 -0.997011 -0.003197
vn -0.046602 0.998913 -0.000490
vn -0.046602 0.998913 -0.000490
vn -0.046602 0.998913 -0.000490
vn -0.046602 0.998913 -0.000490
vn -0.046602 0.998913 -0.000490
vn -0.046602 0.998913 -0.000490
vn -0.046602 0.998913 -0.000490
vn -0.046602 0.998913 -0.000490
vn -0.046602 0.998913 -0.000490
vn -0.069572 0.962404 -0.262560
vn 0.266416 0.951744 -0.152334
vn 0.254579 0.958376 -0.129244
vn 0.338529 0.929928 0.143637
vn 0.079089 0.938377 0.336443
vn -0.037351 0.945710 0.322858
vn -0.387117 0.914274 0.119345
vn -0.364351 0.931093 0.017732
vn -0.345133 0.936539 -0.061471
vn -0.091046 0.574558 -0.813384
vn 0.421708 0.666291 -0.614995
vn 0.678661 0.714802 -0.168754
vn 0.724458 0.626423 0.287670
vn 0.314210 0.723484 0.614689
vn -0.244031 0.580290 0.776989
vn -0.577838 0.663035 0.475907
vn -0.819013 0.573407 -0.020550
vn -0.627199 0.620149 -0.471209
vn -0.059284 -0.806827 -0.587806
vn 0.482543 -0.644885 -0.592685
vn 0.775333 -0.586803 -0.233498
vn 0.661819 -0.720665 0.206489
vn 0.416709 -0.689931 0.591903
vn -0.161888 -0.705183 0.690297
vn -0.535007 -0.705428 0.464907
vn -0.797852 -0.596577 -0.086766
vn -0.607918 -0.649324 -0.456962
vn 0.139392 -0.960912 -0.239203
vn 0.126291 -0.944372 -0.303664
vn 0.344433 -0.936128 -0.070924
vn 0.281407 -0.957844 0.057830
vn 0.328320 -0.934829 0.135283
vn -0.004280 -0.981834 0.189691
vn -0.114591 -0.991571 0.060463
vn -0.161789 -0.986635 -0.019363
vn -0.113397 -0.959406 -0.258228
vn 0.046602 -0.998913 0.000490
vn 0.046602 -0.998913 0.000490
vn 0.046602 -0.998913 0.000490
vn 0.046602 -0.998913 0.000490
vn 0.046602 -0.998913 0.000490
vn 0.046602 -0.998913 0.000490
vn 0.046602 -0.998913 0.000490
vn 0.046602 -0.998913 0.000490
vn 0.046602 -0.998913 0.000490
vn -0.025500 0.999675 0.000592
vn -0.025500 0.999675 0.000592
vn -0.025500 0.999675 0.000592
vn -0.025500 0.999675 0.000592
vn -0.025500 0.999675 0.000592
vn -0.025500 0.999675 0.000592
vn -0.025500 0.999675 0.000592
vn -0.025500 0.999675 0.000592
vn -0.025500 0.999675 0.000592
vn 0.057110 0.924229 -0.377545
vn 0.370707 0.900900 -0.225733
vn 0.279680 0.945196 -0.168472
vn 0.387650 0.910399 0.144572
vn -0.018270 0.929431 0.368545
vn -0.172850 0.946824 0.271382
vn -0.364731 0.925391 0.103070
vn -0.407179 0.910743 -0.068945
vn -0.383009 0.898727 -0.213527
vn 0.012173 0.615759 -0.787841
vn 0.468268 0.671264 -0.574569
vn 0.644574 0.754732 -0.122086
vn 0.679215 0.604498 0.416233
vn 0.316552 0.618356 0.719327
vn -0.458543 0.618943 0.637690
vn -0.767556 0.527318 0.364407
vn -0.706258 0.699193 -0.111036
vn -0.635709 0.448199 -0.628484
vn -0.001805 -0.689970 -0.723836
vn 0.556072 -0.620129 -0.553375
vn 0.747978 -0.663178 -0.026914
vn 0.681054 -0.568479 0.461516
vn 0.369973 -0.595290 0.713267
vn -0.222965 -0.776119 0.589853
vn -0.690466 -0.596804 0.408756
vn -0.783345 -0.586431 -0.206082
vn -0.362120 -0.728980 -0.580910
vn 0.003758 -0.973906 -0.226919
vn 0.258638 -0.957957 -0.124198
vn 0.308283 -0.948048 -0.078522
vn 0.299872 -0.952749 0.048437
vn -0.056726 -0.962684 0.264615
vn -0.071783 -0.982722 0.170603
vn -0.085915 -0.995155 0.047810
vn -0.179883 -0.981315 -0.068282
vn -0.225777 -0.961620 -0.155922
vn 0.025500 -0.999675 -0.000592
vn 0.025500 -0.999675 -0.000592
vn 0.025500 -0.999675 -0.000592
vn 0.025500 -0.999675 -0.000592
vn 0.025500 -0.999675 -0.000592
vn 0.025500 -0.999675 -0.000592
vn 0.025500 -0.999675 -0.000592
vn 0.025500 -0.999675 -0.000592
vn 0.025500 -0.999675 -0.000592
vn 0.112500 0.993612 0.008938
vn 0.112500 0.993612 0.008938
vn 0.112500 0.993612 0.008938
vn 0.112500 0.993612 0.008938
vn 0.112500 0.993612 0.008938
vn 0.112500 0.993612 0.008938
vn 0.112500 0.993612 0.008938
vn 0.112500 0.993612 0.008938
vn 0.112500 0.993612 0.008938
vn -0.027823 0.939225 -0.342172
vn 0.524910 0.845885 -0.094595
vn 0.495825 0.867840 0.031816
vn 0.540409 0.833410 0.115697
vn 0.138176 0.913670 0.382249
vn -0.149607 0.956020 0.252277
vn -0.180317 0.971477 0.154011
vn -0.198562 0.969376 -0.144511
vn -0.245352 0.935825 -0.253049
vn 0.205918 0.680605 -0.703118
vn 0.748808 0.427051 -0.506866
vn 0.818049 0.572411 -0.056053
vn 0.677305 0.535594 0.504378
vn 0.254289 0.523439 0.813233
vn -0.360505 0.751465 0.552572
vn -0.675438 0.701884 0.226147
vn -0.574665 0.789223 -0.216534
vn -0.421722 0.681807 -0.597737
vn 0.022046 -0.795730 -0.605251
vn 0.522493 -0.691118 -0.499357
vn 0.668311 -0.742987 -0.036474
vn 0.562433 -0.713439 0.417941
vn 0.118136 -0.760317 0.638719
vn -0.546582 -0.545506 0.635351
vn -0.872568 -0.375962 0.311892
vn -0.887585 -0.400709 -0.227212
vn -0.527805 -0.599231 -0.601950
vn -0.031779 -0.958355 -0.283805
vn 0.051773 -0.992510 -0.110651
vn 0.155611 -0.987809 0.004362
vn 0.095692 -0.980123 0.173790
vn 0.079159 -0.986400 0.144046
vn -0.155833 -0.964201 0.214552
vn -0.300591 -0.951275 0.068705
vn -0.402321 -0.905980 -0.131672
vn -0.182870 -0.949384 -0.255399
vn -0.112500 -0.993612 -0.008938
vn -0.112500 -0.993612 -0.008938
vn -0.112500 -0.993612 -0.008938
vn -0.112500 -0.993612 -0.008938
vn -0.112500 -0.993612 -0.008938
vn -0.112500 -0.993612 -0.008938
vn -0.112500 -0.993612 -0.008938
vn -0.112500 -0.993612 -0.008938
vn -0.112500 -0.993612 -0.008938
vn -0.049991 0.998726 0.006944
vn -0.049991 0.998726 0.006944
vn -0.049991 0.998726 0.006944
vn -0.049991 0.998726 0.006944
vn -0.049991 0.998726 0.006944
vn -0.049991 0.998726 0.006944
vn -0.049991 0.998726 0.006944
vn -0.049991 0.998726 0.006944
vn -0.049991 0.998726 0.006944
vn -0.000781 0.942830 -0.333274
vn 0.262421 0.928496 -0.262736
vn 0.458793 0.885625 -0.071959
vn 0.203456 0.975916 0.078695
vn 0.190807 0.939914 0.283116
vn -0.296773 0.870572 0.392466
vn -0.408763 0.896101 0.172963
vn -0.454302 0.884837 -0.103313
vn -0.468809 0.872479 -0.137835
vn -0.018024 0.521755 -0.852905
vn 0.536793 0.600279 -0.592890
vn 0.736327 0.647061 -0.197826
vn 0.716691 0.647003 0.260273
vn 0.535050 0.463826 0.706107
vn -0.337748 0.544575 0.767701
vn -0.721725 0.539871 0.433187
vn -0.844623 0.524716 -0.106229
vn -0.623747 0.676954 -0.390734
vn -0.040953 -0.721580 -0.691119
vn 0.538894 -0.626520 -0.563086
vn 0.746709 -0.617728 -0.246651
vn 0.763003 -0.578835 0.287709
vn 0.412970 -0.656493 0.631247
vn -0.146133 -0.746391 0.649265
vn -0.668671 -0.552643 0.497458
vn -0.755279 -0.650794 -0.077598
vn -0.603593 -0.625335 -0.494603
vn 0.148978 -0.967734 -0.203213
vn 0.387773 -0.911122 -0.139599
vn 0.331960 -0.941904 -0.051187
vn 0.319272 -0.942947 0.094422
vn 0.139436 -0.982551 0.123086
vn 0.067856 -0.944727 0.320758
vn -0.039420 -0.988153 0.148324
vn -0.131768 -0.989121 -0.065404
vn -0.187339 -0.970466 -0.151983
vn 0.049991 -0.998726 -0.006944
vn 0.049991 -0.998726 -0.006944
vn 0.049991 -0.998726 -0.006944
vn 0.049991 -0.998726 -0.006944
vn 0.049991 -0.998726 -0.006944
vn 0.049991 -0.998726 -0.006944
vn 0.049991 -0.998726 -0.006944
vn 0.049991 -0.998726 -0.006944
vn 0.049991 -0.998726 -0.006944
vn 0.060806 0.998148 -0.001785
vn 0.060806 0.998148 -0.001785
vn 0.060806 0.998148 -0.001785
vn 0.060806 0.998148 -0.001785
vn 0.060806 0.998148 -0.001785
vn 0.060806 0.998148 -0.001785
vn 0.060806 0.998148 -0.001785
vn 0.060806 0.998148 -0.001785
vn 0.060806 0.998148 -0.001785
vn 0.006738 0.933799 -0.357734
vn 0.320383 0.871960 -0.370191
vn 0.454304 0.890776 -0.011234
vn 0.399520 0.915720 0.042904
vn 0.286553 0.877826 0.383809
vn -0.150952 0.939770 0.306670
vn -0.349824 0.935658 0.046563
vn -0.219847 0.975334 -0.019775
vn -0.225274 0.944082 -0.240750
vn 0.167525 0.695123 -0.699099
vn 0.650083 0.473845 -0.594022
vn 0.747974 0.633619 -0.197641
vn 0.757494 0.519088 0.395917
vn 0.510124 0.501720 0.698607
vn -0.169526 0.622358 0.764154
vn -0.641093 0.650644 0.407016
vn -0.603427 0.786231 -0.133103
vn -0.445189 0.692658 -0.567479
vn 0.005691 -0.802059 -0.597217
vn 0.523700 -0.646201 -0.555125
vn 0.736403 -0.654284 -0.172110
vn 0.676003 -0.602541 0.424222
vn 0.261643 -0.684291 0.680654
vn -0.188623 -0.778248 0.598959
vn -0.687727 -0.587987 0.425797
vn -0.836218 -0.533781 -0.125764
vn -0.558752 -0.652528 -0.511863
vn -0.059054 -0.980847 -0.185609
vn 0.232325 -0.962146 -0.142478
vn 0.252394 -0.966530 -0.046017
vn 0.133737 -0.988851 0.065485
vn 0.126107 -0.947790 0.292902
vn -0.166427 -0.938337 0.303027
vn -0.241257 -0.950325 0.196669
vn -0.358371 -0.929986 -0.081825
vn -0.297509 -0.935139 -0.192361
vn -0.060806 -0.998148 0.001785
vn -0.060806 -0.998148 0.001785
vn -0.060806 -0.998148 0.001785
vn -0.060806 -0.998148 0.001785
vn -0.060806 -0.998148 0.001785
vn -0.060806 -0.998148 0.001785
vn -0.060806 -0.998148 0.001785
vn -0.060806 -0.998148 0.001785
vn -0.060806 -0.998148 0.001785
vn -0.165394 0.986148 -0.012542
vn -0.165394 0.986148 -0.012542
vn -0.165394 0.986148 -0.012542
vn -0.165394 0.986148 -0.012542
vn -0.165394 0.986148 -0.012542
vn -0.165394 0.986148 -0.012542
vn -0.165394 0.986148 -0.012542
vn -0.165394 0.986148 -0.012542
vn -0.165394 0.986148 -0.012542
vn 0.036685 0.920993 -0.387848
vn 0.049326 0.957004 -0.285849
vn 0.182108 0.983127 0.017247
vn 0.123965 0.985563 0.115322
vn 0.077922 0.934405 0.347584
vn -0.514389 0.818047 0.257300
vn -0.403563 0.910452 0.090629
vn -0.486020 0.873860 -0.012386
vn -0.327831 0.886076 -0.327714
vn -0.028244 0.767632 -0.640268
vn 0.405351 0.788763 -0.462108
vn 0.689097 0.724300 -0.023149
vn 0.315995 0.875955 0.364486
vn 0.163333 0.533119 0.830124
vn -0.443947 0.578163 0.684572
vn -0.753619 0.597647 0.273636
vn -0.834481 0.510182 -0.208220
vn -0.480861 0.465466 -0.743044
vn 0.242720 -0.699172 -0.672492
vn 0.675123 -0.531547 -0.511533
vn 0.878007 -0.478422 -0.014694
vn 0.681966 -0.577846 0.448349
vn 0.291147 -0.704811 0.646896
vn -0.156780 -0.805412 0.571604
vn -0.540903 -0.776495 0.323232
vn -0.485655 -0.848072 -0.211926
vn -0.250253 -0.739535 -0.624869
vn 0.233728 -0.933362 -0.272408
vn 0.289987 -0.938731 -0.186255
vn 0.300033 -0.953133 0.038955
vn 0.391549 -0.902567 0.179062
vn 0.244538 -0.936995 0.249484
vn -0.123249 -0.958171 0.258300
vn 0.028954 -0.997868 0.058483
vn -0.026075 -0.998434 0.049501
vn -0.032098 -0.984830 -0.170529
vn 0.165394 -0.986148 0.012542
vn 0.165394 -0.986148 0.012542
vn 0.165394 -0.986148 0.012542
vn 0.165394 -0.986148 0.012542
vn 0.165394 -0.986148 0.012542
vn 0.165394 -0.986148 0.012542
vn 0.165394 -0.986148 0.012542
vn 0.165394 -0.986148 0.012542
vn 0.165394 -0.986148 0.012542
vn 0.040510 0.999173 0.003391
vn 0.040510 0.999173 0.003391
vn 0.040510 0.999173 0.003391
vn 0.040510 0.999173 0.003391
vn 0.040510 0.999173 0.003391
vn 0.040510 0.999173 0.003391
vn 0.040510 0.999173 0.003391
vn 0.040510 0.999173 0.003391
vn 0.040510 0.999173 0.003391
vn -0.026884 0.938959 -0.342977
vn 0.151537 0.934650 -0.321660
vn 0.360558 0.929773 -0.074298
vn 0.356426 0.925545 0.127775
vn 0.298132 0.907688 0.295329
vn -0.207784 0.927547 0.310616
vn -0.289730 0.946356 0.143062
vn -0.372692 0.927851 0.013871
vn -0.284933 0.928406 -0.238488
vn -0.033078 0.585945 -0.809676
vn 0.539187 0.517266 -0.664615
vn 0.850042 0.480746 -0.215200
vn 0.742192 0.615876 0.264289
vn 0.471325 0.572392 0.670985
vn -0.261175 0.417808 0.870186
vn -0.605036 0.675132 0.422052
vn -0.804608 0.590442 -0.063122
vn -0.581012 0.632836 -0.511805
vn -0.117204 -0.620423 -0.775460
vn 0.528648 -0.611418 -0.588812
vn 0.670278 -0.710540 -0.214149
vn 0.727325 -0.651904 0.214523
vn 0.366034 -0.661914 0.654132
vn -0.176965 -0.698148 0.693738
vn -0.646714 -0.622178 0.441197
vn -0.818667 -0.570122 -0.068888
vn -0.594058 -0.651185 -0.472285
vn -0.040488 -0.988865 -0.143203
vn 0.130116 -0.969688 -0.206820
vn 0.200812 -0.979014 -0.034718
vn 0.184636 -0.974521 0.127351
vn 0.095581 -0.978151 0.184622
vn -0.116875 -0.958769 0.259039
vn -0.203005 -0.967830 0.148638
vn -0.295669 -0.951870 0.080769
vn -0.120709 -0.984689 -0.125766
vn -0.040510 -0.999173 -0.003391
vn -0.040510 -0.999173 -0.003391
vn -0.040510 -0.999173 -0.003391
vn -0.040510 -0.999173 -0.003391
vn -0.040510 -0.999173 -0.003391
vn -0.040510 -0.999173 -0.003391
vn -0.040510 -0.999173 -0.003391
vn -0.040510 -0.999173 -0.003391
vn -0.040510 -0.999173 -0.003391
vn 0.085294 0.996355 -0.001460
vn 0.085294 0.996355 -0.001460
vn 0.085294 0.996355 -0.001460
vn 0.085294 0.996355 -0.001460
vn 0.085294 0.996355 -0.001460
vn 0.085294 0.996355 -0.001460
vn 0.085294 0.996355 -0.001460
vn 0.085294 0.996355 -0.001460
vn 0.085294 0.996355 -0.001460
vn 0.081346 0.915125 -0.394877
vn 0.366766 0.880356 -0.300758
vn 0.540320 0.841372 0.012136
vn 0.316385 0.936290 0.152518
vn 0.282559 0.905366 0.316976
vn 0.064439 0.892686 0.446048
vn -0.211628 0.970286 0.117295
vn -0.354625 0.932675 -0.066020
vn -0.149863 0.968690 -0.197940
vn 0.097821 0.648006 -0.755327
vn 0.589059 0.583199 -0.559364
vn 0.868046 0.471477 -0.155584
vn 0.738389 0.589501 0.327522
vn 0.273943 0.699064 0.660504
vn -0.258323 0.647744 0.716726
vn -0.651156 0.633497 0.417945
vn -0.619750 0.777738 -0.105040
vn -0.607075 0.549606 -0.573927
vn -0.104959 -0.715555 -0.690626
vn 0.493632 -0.647131 -0.580990
vn 0.720482 -0.687791 -0.088597
vn 0.655415 -0.657214 0.372158
vn 0.262619 -0.767331 0.585008
vn -0.335265 -0.763073 0.552554
vn -0.786619 -0.502714 0.358482
vn -0.733278 -0.679869 0.008978
vn -0.548040 -0.669125 -0.501921
vn -0.113019 -0.974801 -0.192325
vn 0.181039 -0.974168 -0.134986
vn 0.152072 -0.983619 -0.096792
vn 0.256233 -0.963061 0.082813
vn -0.044680 -0.945928 0.321284
vn -0.166044 -0.956723 0.238978
vn -0.335639 -0.935532 0.110116
vn -0.310751 -0.944357 -0.107816
vn -0.398402 -0.914523 -0.070166
vn -0.085294 -0.996355 0.001460
vn -0.085294 -0.996355 0.001460
vn -0.085294 -0.996355 0.001460
vn -0.085294 -0.996355 0.001460
vn -0.085294 -0.996355 0.001460
vn -0.085294 -0.996355 0.001460
vn -0.085294 -0.996355 0.001460
vn -0.085294 -0.996355 0.001460
vn -0.085294 -0.996355 0.001460
vn 0.058939 0.998241 0.006370
vn 0.058939 0.998241 0.006370
vn 0.058939 0.998241 0.006370
vn 0.058939 0.998241 0.006370
vn 0.058939 0.998241 0.006370
vn 0.058939 0.998241 0.006370
vn 0.058939 0.998241 0.006370
vn 0.058939 0.998241 0.006370
vn 0.058939 0.998241 0.006370
vn 0.086216 0.938263 -0.335007
vn 0.448380 0.866246 -0.220392
vn 0.499834 0.863860 -0.062548
vn 0.414643 0.879912 0.232003
vn 0.102380 0.919248 0.380135
vn -0.178373 0.936162 0.302957
vn -0.332644 0.935589 0.118411
vn -0.316736 0.948512 -0.002087
vn -0.253782 0.956655 -0.142850
vn 0.153553 0.711455 -0.685750
vn 0.668650 0.581858 -0.462977
vn 0.775761 0.628052 -0.061201
vn 0.766316 0.455147 0.453432
vn 0.330493 0.663212 0.671509
vn -0.358888 0.716666 0.597988
vn -0.601236 0.740858 0.299406
vn -0.722348 0.667220 -0.181743
vn -0.510266 0.578500 -0.636370
vn 0.057849 -0.667444 -0.742410
vn 0.425991 -0.802982 -0.416835
vn 0.699351 -0.706178 -0.110546
vn 0.595184 -0.659408 0.459280
vn 0.235947 -0.652988 0.719677
vn -0.456849 -0.703233 0.544751
vn -0.717455 -0.651433 0.246765
vn -0.725353 -0.657231 -0.204719
vn -0.555825 -0.592570 -0.583027
vn 0.110985 -0.969323 -0.219307
vn 0.152132 -0.971478 -0.181899
vn 0.140854 -0.983140 -0.116600
vn 0.087850 -0.984826 0.149670
vn -0.070789 -0.971996 0.224081
vn -0.172735 -0.959782 0.221317
vn -0.277626 -0.956042 0.094382
vn -0.354455 -0.934313 -0.037687
vn -0.207434 -0.959149 -0.192366
vn -0.058939 -0.998241 -0.006370
vn -0.058939 -0.998241 -0.006370
vn -0.058939 -0.998241 -0.006370
vn -0.058939 -0.998241 -0.006370
vn -0.058939 -0.998241 -0.006370
vn -0.058939 -0.998241 -0.006370
vn -0.058939 -0.998241 -0.006370
vn -0.058939 -0.998241 -0.006370
vn -0.058939 -0.998241 -0.006370
vn -0.126823 0.991883 -0.009157
vn -0.126823 0.991883 -0.009157
vn -0.126823 0.991883 -0.009157
vn -0.126823 0.991883 -0.009157
vn -0.126823 0.991883 -0.009157
vn -0.126823 0.991883 -0.009157
vn -0.126823 0.991883 -0.009157
vn -0.126823 0.991883 -0.009157
vn -0.126823 0.991883 -0.009157
vn -0.106656 0.953493 -0.281916
vn 0.280782 0.932706 -0.226319
vn 0.361700 0.930557 -0.056898
vn 0.245799 0.963355 0.107376
vn -0.018294 0.944879 0.326909
vn -0.430675 0.867362 0.249403
vn -0.571444 0.820612 -0.006915
vn -0.583367 0.803597 -0.117963
vn -0.436907 0.824211 -0.360262
vn -0.105329 0.679673 -0.725914
vn 0.704730 0.547810 -0.450844
vn 0.777896 0.627111 -0.040125
vn 0.627046 0.660463 0.413041
vn 0.306727 0.603379 0.736106
vn -0.567535 0.573091 0.591160
vn -0.781024 0.584382 0.220225
vn -0.846019 0.444415 -0.294527
vn -0.622984 0.526763 -0.578284
vn 0.083571 -0.717497 -0.691530
vn 0.825999 -0.402966 -0.394136
vn 0.872386 -0.483581 -0.071366
vn 0.765612 -0.495264 0.410551
vn 0.293734 -0.742200 0.602379
vn -0.414297 -0.622227 0.664223
vn -0.539414 -0.810364 0.228785
vn -0.592786 -0.780291 -0.199376
vn -0.454527 -0.704249 -0.545379
vn 0.058551 -0.976924 -0.205405
vn 0.343882 -0.930542 -0.125844
vn 0.465865 -0.884357 0.029698
vn 0.295817 -0.937228 0.184651
vn 0.237347 -0.943159 0.232632
vn -0.056126 -0.977745 0.202148
vn -0.256505 -0.966177 -0.026575
vn -0.038734 -0.998782 -0.030568
vn -0.191617 -0.968820 -0.157071
vn 0.126823 -0.991883 0.009157
vn 0.126823 -0.991883 0.009157
vn 0.126823 -0.991883 0.009157
vn 0.126823 -0.991883 0.009157
vn 0.126823 -0.991883 0.009157
vn 0.126823 -0.991883 0.009157
vn 0.126823 -0.991883 0.009157
vn 0.126823 -0.991883 0.009157
vn 0.126823 -0.991883 0.009157
vn -0.042020 0.999117 -0.000616
vn -0.042020 0.999117 -0.000616
vn -0.042020 0.999117 -0.000616
vn -0.042020 0.999117 -0.000616
vn -0.042020 0.999117 -0.000616
vn -0.042020 0.999117 -0.000616
vn -0.042020 0.999117 -0.000616
vn -0.042020 0.999117 -0.000616
vn -0.042020 0.999117 -0.000616
vn -0.042685 0.917233 -0.396057
vn 0.341210 0.920643 -0.189717
vn 0.465757 0.882018 -0.071519
vn 0.361280 0.925162 0.116414
vn 0.251397 0.914065 0.318253
vn -0.150752 0.905290 0.397146
vn -0.478550 0.867983 0.132649
vn -0.467416 0.882232 -0.056467
vn -0.517633 0.832797 -0.196227
vn -0.067571 0.615449 -0.785275
vn 0.599054 0.555254 -0.576912
vn 0.713725 0.667787 -0.211320
vn 0.712597 0.614932 0.337735
vn 0.326332 0.637964 0.697502
vn -0.325038 0.535125 0.779738
vn -0.743649 0.496105 0.448181
vn -0.794156 0.593572 -0.130338
vn -0.656124 0.472623 -0.588328
vn 0.013197 -0.689010 -0.724632
vn 0.534677 -0.614522 -0.580072
vn 0.782057 -0.616316 -0.092418
vn 0.620579 -0.685159 0.381364
vn 0.518499 -0.458639 0.721671
vn -0.261314 -0.637799 0.724519
vn -0.725537 -0.532049 0.436486
vn -0.696308 -0.710492 -0.101768
vn -0.556798 -0.661067 -0.502957
vn 0.062736 -0.958080 -0.279548
vn 0.268638 -0.947903 -0.171214
vn 0.297203 -0.947158 -0.120673
vn 0.348412 -0.937145 -0.019213
vn 0.265889 -0.925237 0.270629
vn -0.124296 -0.969180 0.212700
vn -0.287145 -0.957133 0.037993
vn -0.204421 -0.976801 -0.063810
vn -0.192953 -0.974520 -0.114368
vn 0.042020 -0.999117 0.000616
vn 0.042020 -0.999117 0.000616
vn 0.042020 -0.999117 0.000616
vn 0.042020 -0.999117 0.000616
vn 0.042020 -0.999117 0.000616
vn 0.042020 -0.999117 0.000616
vn 0.042020 -0.999117 0.000616
vn 0.042020 -0.999117 0.000616
vn 0.042020 -0.999117 0.000616
f 1/1/1 2/2/2 11/11/11
f 1/1/1 11/11/11 10/10/10
f 2/2/2 3/3/3 12/12/12
f 2/2/2 12/12/12 11/11/11
f 3/3/3 4/4/4 13/13/13
f 3/3/3 13/13/13 12/12/12
f 4/4/4 5/5/5 14/14/14
f 4/4/4 14/14/14 13/13/13
f 5/5/5 6/6/6 15/15/15
f 5/5/5 15/15/15 14/14/14
f 6/6/6 7/7/7 16/16/16
f 6/6/6 16/16/16 15/15/15
f 7/7/7 8/8/8 17/17/17
f 7/7/7 17/17/17 16/16/16
f 8/8/8 9/9/9 18/18/18
f 8/8/8 18/18/18 17/17/17
f 9/9/9 1/1/1 10/10/10
f 9/9/9 10/10/10 18/18/18
f 10/10/10 11/11/11 20/20/20
f 10/10/10 20/20/20 19/19/19
f 11/11/11 12/12/12 21/21/21
f 11/11/11 21/21/21 20/20/20
f 12/12/12 13/13/13 22/22/22
f 12/12/12 22/22/22 21/21/21
f 13/13/13 14/14/14 23/23/23
f 13/13/13 23/23/23 22/22/22
f 14/14/14 15/15/15 24/24/24
f 14/14/14 24/24/24 23/23/23
f 15/15/15 16/16/16 25/25/25
f 15/15/15 25/25/25 24/24/24
f 16/16/16 17/17/17 26/26/26
f 16/16/16 26/26/26 25/25/25
f 17/17/17 18/18/18 27/27/27
f 17/17/17 27/27/27 26/26/26
f 18/18/18 10/10/10 19/19/19
f 18/18/18 19/19/19 27/27/27
f 19/19/19 20/20/20 29/29/29
f 19/19/19 29/29/29 28/28/28
f 20/20/20 21/21/21 30/30/30
f 20/20/20 30/30/30 29/29/29
f 21/21/21 22/22/22 31/31/31
f 21/21/21 31/31/31 30/30/30
f 22/22/22 23/23/23 32/32/32
f 22/22/22 32/32/32 31/31/31
f 23/23/23 24/24/24 33/33/33
f 23/23/23 33/33/33 32/32/32
f 24/24/24 25/25/25 34/34/34
f 24/24/24 34/34/34 33/33/33
f 25/25/25 26/26/26 35/35/35
f 25/25/25 35/35/35 34/34/34
f 26/26/26 27/27/27 36/36/36
f 26/26/26 36/36/36 35/35/35
f 27/27/27 19/19/19 28/28/28
f 27/27/27 28/28/28 36/36/36
f 28/28/28 29/29/29 38/38/38
f 28/28/28 38/38/38 37/37/37
f 29/29/29 30/30/30 39/39/39
f 29/29/29 39/39/39 38/38/38
f 30/30/30 31/31/31 40/40/40
f 30/30/30 40/40/40 39/39/39
f 31/31/31 32/32/32 41/41/41
f 31/31/31 41/41/41 40/40/40
f 32/32/32 33/33/33 42/42/42
f 32/32/32 42/42/42 41/41/41
f 33/33/33 34/34/34 43/43/43
f 33/33/33 43/43/43 42/42/42
f 34/34/34 35/35/35 44/44/44
f 34/34/34 44/44/44 43/43/43
f 35/35/35 36/36/36 45/45/45
f 35/35/35 45/45/45 44/44/44
f 36/36/36 28/28/28 37/37/37
f 36/36/36 37/37/37 45/45/45
f 37/37/37 38/38/38 47/47/47
f 37/37/37 47/47/47 46/46/46
f 38/38/38 39/39/39 48/48/48
f 38/38/38 48/48/48 47/47/47
f 39/39/39 40/40/40 49/49/49
f 39/39/39 49/49/49 48/48/48
f 40/40/40 41/41/41 50/50/50
f 40/40/40 50/50/50 49/49/49
f 41/41/41 42/42/42 51/51/51
f 41/41/41 51/51/51 50/50/50
f 42/42/42 43/43/43 52/52/52
f 42/42/42 52/52/52 51/51/51
f 43/43/43 44/44/44 53/53/53
f 43/43/43 53/53/53 52/52/52
f 44/44/44 45/45/45 54/54/54
f 44/44/44 54/54/54 53/53/53
f 45/45/45 37/37/37 46/46/46
f 45/45/45 46/46/46 54/54/54
f 55/55/55 56/56/56 65/65/65
f 55/55/55 65/65/65 64/64/64
f 56/56/56 57/57/57 66/66/66
f 56/56/56 66/66/66 65/65/65
f 57/57/57 58/58/58 67/67/67
f 57/57/57 67/67/67 66/66/66
f 58/58/58 59/59/59 68/68/68
f 58/58/58 68/68/68 67/67/67
f 59/59/59 60/60/60 69/69/69
f 59/59/59 69/69/69 68/68/68
f 60/60/60 61/61/61 70/70/70
f 60/60/60 70/70/70 69/69/69
f 61/61/61 62/62/62 71/71/71
f 61/61/61 71/71/71 70/70/70
f 62/62/62 63/63/63 72/72/72
f 62/62/62 72/72/72 71/71/71
f 63/63/63 55/55/55 64/64/64
f 63/63/63 64/64/64 72/72/72
f 64/64/64 65/65/65 74/74/74
f 64/64/64 74/74/74 73/73/73
f 65/65/65 66/66/66 75/75/75
f 65/65/65 75/75/75 74/74/74
f 66/66/66 67/67/67 76/76/76
f 66/66/66 76/76/76 75/75/75
f 67/67/67 68/68/68 77/77/77
f 67/67/67 77/77/77 76/76/76
f 68/68/68 69/69/69 78/78/78
f 68/68/68 78/78/78 77/77/77
f 69/69/69 70/70/70 79/79/79
f 69/69/69 79/79/79 78/78/78
f 70/70/70 71/71/71 80/80/80
f 70/70/70 80/80/80 79/79/79
f 71/71/71 72/72/72 81/81/81
f 71/71/71 81/81/81 80/80/80
f 72/72/72 64/64/64 73/73/73
f 72/72/72 73/73/73 81/81/81
f 73/73/73 74/74/74 83/83/83
f 73/73/73 83/83/83 82/82/82
f 74/74/74 75/75/75 84/84/84
f 74/74/74 84/84/84 83/83/83
f 75/75/75 76/76/76 85/85/85
f 75/75/75 85/85/85 84/84/84
f 76/76/76 77/77/77 86/86/86
f 76/76/76 86/86/86 85/85/85
f 77/77/77 78/78/78 87/87/87
f 77/77/77 87/87/87 86/86/86
f 78/78/78 79/79/79 88/88/88
f 78/78/78 88/88/88 87/87/87
f 79/79/79 80/80/80 89/89/89
f 79/79/79 89/89/89 88/88/88
f 80/80/80 81/81/81 90/90/90
f 80/80/80 90/90/90 89/89/89
f 81/81/81 73/73/73 82/82/82
f 81/81/81 82/82/82 90/90/90
f 82/82/82 83/83/83 92/92/92
f 82/82/82 92/92/92 91/91/91
f 83/83/83 84/84/84 93/93/93
f 83/83/83 93/93/93 92/92/92
f 84/84/84 85/85/85 94/94/94
f 84/84/84 94/94/94 93/93/93
f 85/85/85 86/86/86 95/95/95
f 85/85/85 95/95/95 94/94/94
f 86/86/86 87/87/87 96/96/96
f 86/86/86 96/96/96 95/95/95
f 87/87/87 88/88/88 97/97/97
f 87/87/87 97/97/97 96/96/96
f 88/88/88 89/89/89 98/98/98
f 88/88/88 98/98/98 97/97/97
f 89/89/89 90/90/90 99/99/99
f 89/89/89 99/99/99 98/98/98
f 90/90/90 82/82/82 91/91/91
f 90/90/90 91/91/91 99/99/99
f 91/91/91 92/92/92 101/101/101
f 91/91/91 101/101/101 100/100/100
f 92/92/92 93/93/93 102/102/102
f 92/92/92 102/102/102 101/101/101
f 93/93/93 94/94/94 103/103/103
f 93/93/93 103/103/103 102/102/102
f 94/94/94 95/95/95 104/104/104
f 94/94/94 104/104/104 103/103/103
f 95/95/95 96/96/96 105/105/105
f 95/95/95 105/105/105 104/104/104
f 96/96/96 97/97/97 106/106/106
f 96/96/96 106/106/106 105/105/105
f 97/97/97 98/98/98 107/107/107
f 97/97/97 107/107/107 106/106/106
f 98/98/98 99/99/99 108/108/108
f 98/98/98 108/108/108 107/107/107
f 99/99/99 91/91/91 100/100/100
f 99/99/99 100/100/100 108/108/108
f 109/109/109 110/110/110 119/119/119
f 109/109/109 119/119/119 118/118/118
f 110/110/110 111/111/111 120/120/120
f 110/110/110 120/120/120 119/119/119
f 111/111/111 112/112/112 121/121/121
f 111/111/111 121/121/121 120/120/120
f 112/112/112 113/113/113 122/122/122
f 112/112/112 122/122/122 121/121/121
f 113/113/113 114/114/114 123/123/123
f 113/113/113 123/123/123 122/122/122
f 114/114/114 115/115/115 124/124/124
f 114/114/114 124/124/124 123/123/123
f 115/115/115 116/116/116 125/125/125
f 115/115/115 125/125/125 124/124/124
f 116/116/116 117/117/117 126/126/126
f 116/116/116 126/126/126 125/125/125
f 117/117/117 109/109/109 118/118/118
f 117/117/117 118/118/118 126/126/126
f 118/118/118 119/119/119 128/128/128
f 118/118/118 128/128/128 127/127/127
f 119/119/119 120/120/120 129/129/129
f 119/119/119 129/129/129 128/128/128
f 120/120/120 121/121/121 130/130/130
f 120/120/120 130/130/130 129/129/129
f 121/121/121 122/122/122 131/131/131
f 121/121/121 131/131/131 130/130/130
f 122/122/122 123/123/123 132/132/132
f 122/122/122 132/132/132 131/131/131
f 123/123/123 124/124/124 133/133/133
f 123/123/123 133/133/133 132/132/132
f 124/124/124 125/125/125 134/134/134
f 124/124/124 134/134/134 133/133/133
f 125/125/125 126/126/126 135/135/135
f 125/125/125 135/135/135 134/134/134
f 126/126/126 118/118/118 127/127/127
f 126/126/126 127/127/127 135/135/135
f 127/127/127 128/128/128 137/137/137
f 127/127/127 137/137/137 136/136/136
f 128/128/128 129/129/129 138/138/138
f 128/128/128 138/138/138 137/137/137
f 129/129/129 130/130/130 139/139/139
f 129/129/129 139/139/139 138/138/138
f 130/130/130 131/131/131 140/140/140
f 130/130/130 140/140/140 139/139/139
f 131/131/131 132/132/132 141/141/141
f 131/131/131 141/141/141 140/140/140
f 132/132/132 133/133/133 142/142/142
f 132/132/132 142/142/142 141/141/141
f 133/133/133 134/134/134 143/143/143
f 133/133/133 143/143/143 142/142/142
f 134/134/134 135/135/135 144/144/144
f 134/134/134 144/144/144 143/143/143
f 135/135/135 127/127/127 136/136/136
f 135/135/135 136/136/136 144/144/144
f 136/136/136 137/137/137 146/146/146
f 136/136/136 146/146/146 145/145/145
f 137/137/137 138/138/138 147/147/147
f 137/137/137 147/147/147 146/146/146
f 138/138/138 139/139/139 148/148/148
f 138/138/138 148/148/148 147/147/147
f 139/139/139 140/140/140 149/149/149
f 139/139/139 149/149/149 148/148/148
f 140/140/140 141/141/141 150/150/150
f 140/140/140 150/150/150 149/149/149
f 141/141/141 142/142/142 151/151/151
f 141/141/141 151/151/151 150/150/150
f 142/142/142 143/143/143 152/152/152
f 142/142/142 152/152/152 151/151/151
f 143/143/143 144/144/144 153/153/153
f 143/143/143 153/153/153 152/152/152
f 144/144/144 136/136/136 145/145/145
f 144/144/144 145/145/145 153/153/153
f 145/145/145 146/146/146 155/155/155
f 145/145/145 155/155/155 154/154/154
f 146/146/146 147/147/147 156/156/156
f 146/146/146 156/156/156 155/155/155
f 147/147/147 148/148/148 157/157/157
f 147/147/147 157/157/157 156/156/156
f 148/148/148 149/149/149 158/158/158
f 148/148/148 158/158/158 157/157/157
f 149/149/149 150/150/150 159/159/159
f 149/149/149 159/159/159 158/158/158
f 150/150/150 151/151/151 160/160/160
f 150/150/150 160/160/160 159/159/159
f 151/151/151 152/152/152 161/161/161
f 151/151/151 161/161/161 160/160/160
f 152/152/152 153/153/153 162/162/162
f 152/152/152 162/162/162 161/161/161
f 153/153/153 145/145/145 154/154/154
f 153/153/153 154/154/154 162/162/162
f 163/163/163 164/164/164 173/173/173
f 163/163/163 173/173/173 172/172/172
f 164/164/164 165/165/165 174/174/174
f 164/164/164 174/174/174 173/173/173
f 165/165/165 166/166/166 175/175/175
f 165/165/165 175/175/175 174/174/174
f 166/166/166 167/167/167 176/176/176
f 166/166/166 176/176/176 175/175/175
f 167/167/167 168/168/168 177/177/177
f 167/167/167 177/177/177 176/176/176
f 168/168/168 169/169/169 178/178/178
f 168/168/168 178/178/178 177/177/177
f 169/169/169 170/170/170 179/179/179
f 169/169/169 179/179/179 178/178/178
f 170/170/170 171/171/171 180/180/180
f 170/170/170 180/180/180 179/179/179
f 171/171/171 163/163/163 172/172/172
f 171/171/171 172/172/172 180/180/180
f 172/172/172 173/173/173 182/182/182
f 172/172/172 182/182/182 181/181/181
f 173/173/173 174/174/174 183/183/183
f 173/173/173 183/183/183 182/182/182
f 174/174/174 175/175/175 184/184/184
f 174/174/174 184/184/184 183/183/183
f 175/175/175 176/176/176 185/185/185
f 175/175/175 185/185/185 184/184/184
f 176/176/176 177/177/177 186/186/186
f 176/176/176 186/186/186 185/185/185
f 177/177/177 178/178/178 187/187/187
f 177/177/177 187/187/187 186/186/186
f 178/178/178 179/179/179 188/188/188
f 178/178/178 188/188/188 187/187/187
f 179/179/179 180/180/180 189/189/189
f 179/179/179 189/189/189 188/188/188
f 180/180/180 172/172/172 181/181/181
f 180/180/180 181/181/181 189/189/189
f 181/181/181 182/182/182 191/191/191
f 181/181/181 191/191/191 190/190/190
f 182/182/182 183/183/183 192/192/192
f 182/182/182 192/192/192 191/191/191
f 183/183/183 184/184/184 193/193/193
f 183/183/183 193/193/193 192/192/192
f 184/184/184 185/185/185 194/194/194
f 184/184/184 194/194/194 193/193/193
f 185/185/185 186/186/186 195/195/195
f 185/185/185 195/195/195 194/194/194
f 186/186/186 187/187/187 196/196/196
f 186/186/186 196/196/196 195/195/195
f 187/187/187 188/188/188 197/197/197
f 187/187/187 197/197/197 196/196/196
f 188/188/188 189/189/189 198/198/198
f 188/188/188 198/198/198 197/197/197
f 189/189/189 181/181/181 190/190/190
f 189/189/189 190/190/190 198/198/198
f 190/190/190 191/191/191 200/200/200
f 190/190/190 200/200/200 199/199/199
f 191/191/191 192/192/192 201/201/201
f 191/191/191 201/201/201 200/200/200
f 192/192/192 193/193/193 202/202/202
f 192/192/192 202/202/202 201/201/201
f 193/193/193 194/194/194 203/203/203
f 193/193/193 203/203/203 202/202/202
f 194/194/194 195/195/195 204/204/204
f 194/194/194 204/204/204 203/203/203
f 195/195/195 196/196/196 205/205/205
f 195/195/195 205/205/205 204/204/204
f 196/196/196 197/197/197 206/206/206
f 196/196/196 206/206/206 205/205/205
f 197/197/197 198/198/198 207/207/207
f 197/197/197 207/207/207 206/206/206
f 198/198/198 190/190/190 199/199/199
f 198/198/198 199/199/199 207/207/207
f 199/199/199 200/200/200 209/209/209
f 199/199/199 209/209/209 208/208/208
f 200/200/200 201/201/201 210/210/210
f 200/200/200 210/210/210 209/209/209
f 201/201/201 202/202/202 211/211/211
f 201/201/201 211/211/211 210/210/210
f 202/202/202 203/203/203 212/212/212
f 202/202/202 212/212/212 211/211/211
f 203/203/203 204/204/204 213/213/213
f 203/203/203 213/213/213 212/212/212
f 204/204/204 205/205/205 214/214/214
f 204/204/204 214/214/214 213/213/213
f 205/205/205 206/206/206 215/215/215
f 205/205/205 215/215/215 214/214/214
f 206/206/206 207/207/207 216/216/216
f 206/206/206 216/216/216 215/215/215
f 207/207/207 199/199/199 208/208/208
f 207/207/207 208/208/208 216/216/216
f 217/217/217 218/218/218 227/227/227
f 217/217/217 227/227/227 226/226/226
f 218/218/218 219/219/219 228/228/228
f 218/218/218 228/228/228 227/227/227
f 219/219/219 220/220/220 229/229/229
f 219/219/219 229/229/229 228/228/228
f 220/220/220 221/221/221 230/230/230
f 220/220/220 230/230/230 229/229/229
f 221/221/221 222/222/222 231/231/231
f 221/221/221 231/231/231 230/230/230
f 222/222/222 223/223/223 232/232/232
f 222/222/222 232/232/232 231/231/231
f 223/223/223 224/224/224 233/233/233
f 223/223/223 233/233/233 232/232/232
f 224/224/224 225/225/225 234/234/234
f 224/224/224 234/234/234 233/233/233
f 225/225/225 217/217/217 226/226/226
f 225/225/225 226/226/226 234/234/234
f 226/226/226 227/227/227 236/236/236
f 226/226/226 236/236/236 235/235/235
f 227/227/227 228/228/228 237/237/237
f 227/227/227 237/237/237 236/236/236
f 228/228/228 229/229/229 238/238/238
f 228/228/228 238/238/238 237/237/237
f 229/229/229 230/230/230 239/239/239
f 229/229/229 239/239/239 238/238/238
f 230/230/230 231/231/231 240/240/240
f 230/230/230 240/240/240 239/239/239
f 231/231/231 232/232/232 241/241/241
f 231/231/231 241/241/241 240/240/240
f 232/232/232 233/233/233 242/242/242
f 232/232/232 242/242/242 241/241/241
f 233/233/233 234/234/234 243/243/243
f 233/233/233 243/243/243 242/242/242
f 234/234/234 226/226/226 235/235/235
f 234/234/234 235/235/235 243/243/243
f 235/235/235 236/236/236 245/245/245
f 235/235/235 245/245/245 244/244/244
f 236/236/236 237/237/237 246/246/246
f 236/236/236 246/246/246 245/245/245
f 237/237/237 238/238/238 247/247/247
f 237/237/237 247/247/247 246/246/246
f 238/238/238 239/239/239 248/248/248
f 238/238/238 248/248/248 247/247/247
f 239/239/239 240/240/240 249/249/249
f 239/239/239 249/249/249 248/248/248
f 240/240/240 241/241/241 250/250/250
f 240/240/240 250/250/250 249/249/249
f 241/241/241 242/242/242 251/251/251
f 241/241/241 251/251/251 250/250/250
f 242/242/242 243/243/243 252/252/252
f 242/242/242 252/252/252 251/251/251
f 243/243/243 235/235/235 244/244/244
f 243/243/243 244/244/244 252/252/252
f 244/244/244 245/245/245 254/254/254
f 244/244/244 254/254/254 253/253/253
f 245/245/245 246/246/246 255/255/255
f 245/245/245 255/255/255 254/254/254
f 246/246/246 247/247/247 256/256/256
f 246/246/246 256/256/256 255/255/255
f 247/247/247 248/248/248 257/257/257
f 247/247/247 257/257/257 256/256/256
f 248/248/248 249/249/249 258/258/258
f 248/248/248 258/258/258 257/257/257
f 249/249/249 250/250/250 259/259/259
f 249/249/249 259/259/259 258/258/258
f 250/250/250 251/251/251 260/260/260
f 250/250/250 260/260/260 259/259/259
f 251/251/251 252/252/252 261/261/261
f 251/251/251 261/261/261 260/260/260
f 252/252/252 244/244/244 253/253/253
f 252/252/252 253/253/253 261/261/261
f 253/253/253 254/254/254 263/263/263
f 253/253/253 263/263/263 262/262/262
f 254/254/254 255/255/255 264/264/264
f 254/254/254 264/264/264 263/263/263
f 255/255/255 256/256/256 265/265/265
f 255/255/255 265/265/265 264/264/264
f 256/256/256 257/257/257 266/266/266
f 256/256/256 266/266/266 265/265/265
f 257/257/257 258/258/258 267/267/267
f 257/257/257 267/267/267 266/266/266
f 258/258/258 259/259/259 268/268/268
f 258/258/258 268/268/268 267/267/267
f 259/259/259 260/260/260 269/269/269
f 259/259/259 269/269/269 268/268/268
f 260/260/260 261/261/261 270/270/270
f 260/260/260 270/270/270 269/269/269
f 261/261/261 253/253/253 262/262/262
f 261/261/261 262/262/262 270/270/270
f 271/271/271 272/272/272 281/281/281
f 271/271/271 281/281/281 280/280/280
f 272/272/272 273/273/273 282/282/282
f 272/272/272 282/282/282 281/281/281
f 273/273/273 274/274/274 283/283/283
f 273/273/273 283/283/283 282/282/282
f 274/274/274 275/275/275 284/284/284
f 274/274/274 284/284/284 283/283/283
f 275/275/275 276/276/276 285/285/285
f 275/275/275 285/285/285 284/284/284
f 276/276/276 277/277/277 286/286/286
f 276/276/276 286/286/286 285/285/285
f 277/277/277 278/278/278 287/287/287
f 277/277/277 287/287/287 286/286/286
f 278/278/278 279/279/279 288/288/288
f 278/278/278 288/288/288 287/287/287
f 279/279/279 271/271/271 280/280/280
f 279/279/279 280/280/280 288/288/288
f 280/280/280 281/281/281 290/290/290
f 280/280/280 290/290/290 289/289/289
f 281/281/281 282/282/282 291/291/291
f 281/281/281 291/291/291 290/290/290
f 282/282/282 283/283/283 292/292/292
f 282/282/282 292/292/292 291/291/291
f 283/283/283 284/284/284 293/293/293
f 283/283/283 293/293/293 292/292/292
f 284/284/284 285/285/285 294/294/294
f 284/284/284 294/294/294 293/293/293
f 285/285/285 286/286/286 295/295/295
f 285/285/285 295/295/295 294/294/294
f 286/286/286 287/287/287 296/296/296
f 286/286/286 296/296/296 295/295/295
f 287/287/287 288/288/288 297/297/297
f 287/287/287 297/297/297 296/296/296
f 288/288/288 280/280/280 289/289/289
f 288/288/288 289/289/289 297/297/297
f 289/289/289 290/290/290 299/299/299
f 289/289/289 299/299/299 298/298/298
f 290/290/290 291/291/291 300/300/300
f 290/290/290 300/300/300 299/299/299
f 291/291/291 292/292/292 301/301/301
f 291/291/291 301/301/301 300/300/300
f 292/292/292 293/293/293 302/302/302
f 292/292/292 302/302/302 301/301/301
f 293/293/293 294/294/294 303/303/303
f 293/293/293 303/303/303 302/302/302
f 294/294/294 295/295/295 304/304/304
f 294/294/294 304/304/304 303/303/303
f 295/295/295 296/296/296 305/305/305
f 295/295/295 305/305/305 304/304/304
f 296/296/296 297/297/297 306/306/306
f 296/296/296 306/306/306 305/305/305
f 297/297/297 289/289/289 298/298/298
f 297/297/297 298/298/298 306/306/306
f 298/298/298 299/299/299 308/308/308
f 298/298/298 308/308/308 307/307/307
f 299/299/299 300/300/300 309/309/309
f 299/299/299 309/309/309 308/308/308
f 300/300/300 301/301/301 310/310/310
f 300/300/300 310/310/310 309/309/309
f 301/301/301 302/302/302 311/311/311
f 301/301/301 311/311/311 310/310/310
f 302/302/302 303/303/303 312/312/312
f 302/302/302 312/312/312 311/311/311
f 303/303/303 304/304/304 313/313/313
f 303/303/303 313/313/313 312/312/312
f 304/304/304 305/305/305 314/314/314
f 304/304/304 314/314/314 313/313/313
f 305/305/305 306/306/306 315/315/315
f 305/305/305 315/315/315 314/314/314
f 306/306/306 298/298/298 307/307/307
f 306/306/306 307/307/307 315/315/315
f 307/307/307 308/308/308 317/317/317
f 307/307/307 317/317/317 316/316/316
f 308/308/308 309/309/309 318/318/318
f 308/308/308 318/318/318 317/317/317
f 309/309/309 310/310/310 319/319/319
f 309/309/309 319/319/319 318/318/318
f 310/310/310 311/311/311 320/320/320
f 310/310/310 320/320/320 319/319/319
f 311/311/311 312/312/312 321/321/321
f 311/311/311 321/321/321 320/320/320
f 312/312/312 313/313/313 322/322/322
f 312/312/312 322/322/322 321/321/321
f 313/313/313 314/314/314 323/323/323
f 313/313/313 323/323/323 322/322/322
f 314/314/314 315/315/315 324/324/324
f 314/314/314 324/324/324 323/323/323
f 315/315/315 307/307/307 316/316/316
f 315/315/315 316/316/316 324/324/324
f 325/325/325 326/326/326 335/335/335
f 325/325/325 335/335/335 334/334/334
f 326/326/326 327/327/327 336/336/336
f 326/326/326 336/336/336 335/335/335
f 327/327/327 328/328/328 337/337/337
f 327/327/327 337/337/337 336/336/336
f 328/328/328 329/329/329 338/338/338
f 328/328/328 338/338/338 337/337/337
f 329/329/329 330/330/330 339/339/339
f 329/329/329 339/339/339 338/338/338
f 330/330/330 331/331/331 340/340/340
f 330/330/330 340/340/340 339/339/339
f 331/331/331 332/332/332 341/341/341
f 331/331/331 341/341/341 340/340/340
f 332/332/332 333/333/333 342/342/342
f 332/332/332 342/342/342 341/341/341
f 333/333/333 325/325/325 334/334/334
f 333/333/333 334/334/334 342/342/342
f 334/334/334 335/335/335 344/344/344
f 334/334/334 344/344/344 343/343/343
f 335/335/335 336/336/336 345/345/345
f 335/335/335 345/345/345 344/344/344
f 336/336/336 337/337/337 346/346/346
f 336/336/336 346/346/346 345/345/345
f 337/337/337 338/338/338 347/347/347
f 337/337/337 347/347/347 346/346/346
f 338/338/338 339/339/339 348/348/348
f 338/338/338 348/348/348 347/347/347
f 339/339/339 340/340/340 349/349/349
f 339/339/339 349/349/349 348/348/348
f 340/340/340 341/341/341 350/350/350
f 340/340/340 350/350/350 349/349/349
f 341/341/341 342/342/342 351/351/351
f 341/341/341 351/351/351 350/350/350
f 342/342/342 334/334/334 343/343/343
f 342/342/342 343/343/343 351/351/351
f 343/343/343 344/344/344 353/353/353
f 343/343/343 353/353/353 352/352/352
f 344/344/344 345/345/345 354/354/354
f 344/344/344 354/354/354 353/353/353
f 345/345/345 346/346/346 355/355/355
f 345/345/345 355/355/355 354/354/354
f 346/346/346 347/347/347 356/356/356
f 346/346/346 356/356/356 355/355/355
f 347/347/347 348/348/348 357/357/357
f 347/347/347 357/357/357 356/356/356
f 348/348/348 349/349/349 358/358/358
f 348/348/348 358/358/358 357/357/357
f 349/349/349 350/350/350 359/359/359
f 349/349/349 359/359/359 358/358/358
f 350/350/350 351/351/351 360/360/360
f 350/350/350 360/360/360 359/359/359
f 351/351/351 343/343/343 352/352/352
f 351/351/351 352/352/352 360/360/360
f 352/352/352 353/353/353 362/362/362
f 352/352/352 362/362/362 361/361/361
f 353/353/353 354/354/354 363/363/363
f 353/353/353 363/363/363 362/362/362
f 354/354/354 355/355/355 364/364/364
f 354/354/354 364/364/364 363/363/363
f 355/355/355 356/356/356 365/365/365
f 355/355/355 365/365/365 364/364/364
f 356/356/356 357/357/357 366/366/366
f 356/356/356 366/366/366 365/365/365
f 357/357/357 358/358/358 367/367/367
f 357/357/357 367/367/367 366/366/366
f 358/358/358 359/359/359 368/368/368
f 358/358/358 368/368/368 367/367/367
f 359/359/359 360/360/360 369/369/369
f 359/359/359 369/369/369 368/368/368
f 360/360/360 352/352/352 361/361/361
f 360/360/360 361/361/361 369/369/369
f 361/361/361 362/362/362 371/371/371
f 361/361/361 371/371/371 370/370/370
f 362/362/362 363/363/363 372/372/372
f 362/362/362 372/372/372 371/371/371
f 363/363/363 364/364/364 373/373/373
f 363/363/363 373/373/373 372/372/372
f 364/364/364 365/365/365 374/374/374
f 364/364/364 374/374/374 373/373/373
f 365/365/365 366/366/366 375/375/375
f 365/365/365 375/375/375 374/374/374
f 366/366/366 367/367/367 376/376/376
f 366/366/366 376/376/376 375/375/375
f 367/367/367 368/368/368 377/377/377
f 367/367/367 377/377/377 376/376/376
f 368/368/368 369/369/369 378/378/378
f 368/368/368 378/378/378 377/377/377
f 369/369/369 361/361/361 370/370/370
f 369/369/369 370/370/370 378/378/378
f 379/379/379 380/380/380 389/389/389
f 379/379/379 389/389/389 388/388/388
f 380/380/380 381/381/381 390/390/390
f 380/380/380 390/390/390 389/389/389
f 381/381/381 382/382/382 391/391/391
f 381/381/381 391/391/391 390/390/390
f 382/382/382 383/383/383 392/392/392
f 382/382/382 392/392/392 391/391/391
f 383/383/383 384/384/384 393/393/393
f 383/383/383 393/393/393 392/392/392
f 384/384/384 385/385/385 394/394/394
f 384/384/384 394/394/394 393/393/393
f 385/385/385 386/386/386 395/395/395
f 385/385/385 395/395/395 394/394/394
f 386/386/386 387/387/387 396/396/396
f 386/386/386 396/396/396 395/395/395
f 387/387/387 379/379/379 388/388/388
f 387/387/387 388/388/388 396/396/396
f 388/388/388 389/389/389 398/398/398
f 388/388/388 398/398/398 397/397/397
f 389/389/389 390/390/390 399/399/399
f 389/389/389 399/399/399 398/398/398
f 390/390/390 391/391/391 400/400/400
f 390/390/390 400/400/400 399/399/399
f 391/391/391 392/392/392 401/401/401
f 391/391/391 401/401/401 400/400/400
f 392/392/392 393/393/393 402/402/402
f 392/392/392 402/402/402 401/401/401
f 393/393/393 394/394/394 403/403/403
f 393/393/393 403/403/403 402/402/402
f 394/394/394 395/395/395 404/404/404
f 394/394/394 404/404/404 403/403/403
f 395/395/395 396/396/396 405/405/405
f 395/395/395 405/405/405 404/404/404
f 396/396/396 388/388/388 397/397/397
f 396/396/396 397/397/397 405/405/405
f 397/397/397 398/398/398 407/407/407
f 397/397/397 407/407/407 406/406/406
f 398/398/398 399/399/399 408/408/408
f 398/398/398 408/408/408 407/407/407
f 399/399/399 400/400/400 409/409/409
f 399/399/399 409/409/409 408/408/408
f 400/400/400 401/401/401 410/410/410
f 400/400/400 410/410/410 409/409/409
f 401/401/401 402/402/402 411/411/411
f 401/401/401 411/411/411 410/410/410
f 402/402/402 403/403/403 412/412/412
f 402/402/402 412/412/412 411/411/411
f 403/403/403 404/404/404 413/413/413
f 403/403/403 413/413/413 412/412/412
f 404/404/404 405/405/405 414/414/414
f 404/404/404 414/414/414 413/413/413
f 405/405/405 397/397/397 406/406/406
f 405/405/405 406/406/406 414/414/414
f 406/406/406 407/407/407 416/416/416
f 406/406/406 416/416/416 415/415/415
f 407/407/407 408/408/408 417/417/417
f 407/407/407 417/417/417 416/416/416
f 408/408/408 409/409/409 418/418/418
f 408/408/408 418/418/418 417/417/417
f 409/409/409 410/410/410 419/419/419
f 409/409/409 419/419/419 418/418/418
f 410/410/410 411/411/411 420/420/420
f 410/410/410 420/420/420 419/419/419
f 411/411/411 412/412/412 421/421/421
f 411/411/411 421/421/421 420/420/420
f 412/412/412 413/413/413 422/422/422
f 412/412/412 422/422/422 421/421/421
f 413/413/413 414/414/414 423/423/423
f 413/413/413 423/423/423 422/422/422
f 414/414/414 406/406/406 415/415/415
f 414/414/414 415/415/415 423/423/423
f 415/415/415 416/416/416 425/425/425
f 415/415/415 425/425/425 424/424/424
f 416/416/416 417/417/417 426/426/426
f 416/416/416 426/426/426 425/425/425
f 417/417/417 418/418/418 427/427/427
f 417/417/417 427/427/427 426/426/426
f 418/418/418 419/419/419 428/428/428
f 418/418/418 428/428/428 427/427/427
f 419/419/419 420/420/420 429/429/429
f 419/419/419 429/429/429 428/428/428
f 420/420/420 421/421/421 430/430/430
f 420/420/420 430/430/430 429/429/429
f 421/421/421 422/422/422 431/431/431
f 421/421/421 431/431/431 430/430/430
f 422/422/422 423/423/423 432/432/432
f 422/422/422 432/432/432 431/431/431
f 423/423/423 415/415/415 424/424/424
f 423/423/423 424/424/424 432/432/432
f 433/433/433 434/434/434 443/443/443
f 433/433/433 443/443/443 442/442/442
f 434/434/434 435/435/435 444/444/444
f 434/434/434 444/444/444 443/443/443
f 435/435/435 436/436/436 445/445/445
f 435/435/435 445/445/445 444/444/444
f 436/436/436 437/437/437 446/446/446
f 436/436/436 446/446/446 445/445/445
f 437/437/437 438/438/438 447/447/447
f 437/437/437 447/447/447 446/446/446
f 438/438/438 439/439/439 448/448/448
f 438/438/438 448/448/448 447/447/447
f 439/439/439 440/440/440 449/449/449
f 439/439/439 449/449/449 448/448/448
f 440/440/440 441/441/441 450/450/450
f 440/440/440 450/450/450 449/449/449
f 441/441/441 433/433/433 442/442/442
f 441/441/441 442/442/442 450/450/450
f 442/442/442 443/443/443 452/452/452
f 442/442/442 452/452/452 451/451/451
f 443/443/443 444/444/444 453/453/453
f 443/443/443 453/453/453 452/452/452
f 444/444/444 445/445/445 454/454/454
f 444/444/444 454/454/454 453/453/453
f 445/445/445 446/446/446 455/455/455
f 445/445/445 455/455/455 454/454/454
f 446/446/446 447/447/447 456/456/456
f 446/446/446 456/456/456 455/455/455
f 447/447/447 448/448/448 457/457/457
f 447/447/447 457/457/457 456/456/456
f 448/448/448 449/449/449 458/458/458
f 448/448/448 458/458/458 457/457/457
f 449/449/449 450/450/450 459/459/459
f 449/449/449 459/459/459 458/458/458
f 450/450/450 442/442/442 451/451/451
f 450/450/450 451/451/451 459/459/459
f 451/451/451 452/452/452 461/461/461
f 451/451/451 461/461/461 460/460/460
f 452/452/452 453/453/453 462/462/462
f 452/452/452 462/462/462 461/461/461
f 453/453/453 454/454/454 463/463/463
f 453/453/453 463/463/463 462/462/462
f 454/454/454 455/455/455 464/464/464
f 454/454/454 464/464/464 463/463/463
f 455/455/455 456/456/456 465/465/465
f 455/455/455 465/465/465 464/464/464
f 456/456/456 457/457/457 466/466/466
f 456/456/456 466/466/466 465/465/465
f 457/457/457 458/458/458 467/467/467
f 457/457/457 467/467/467 466/466/466
f 458/458/458 459/459/459 468/468/468
f 458/458/458 468/468/468 467/467/467
f 459/459/459 451/451/451 460/460/460
f 459/459/459 460/460/460 468/468/468
f 460/460/460 461/461/461 470/470/470
f 460/460/460 470/470/470 469/469/469
f 461/461/461 462/462/462 471/471/471
f 461/461/461 471/471/471 470/470/470
f 462/462/462 463/463/463 472/472/472
f 462/462/462 472/472/472 471/471/471
f 463/463/463 464/464/464 473/473/473
f 463/463/463 473/473/473 472/472/472
f 464/464/464 465/465/465 474/474/474
f 464/464/464 474/474/474 473/473/473
f 465/465/465 466/466/466 475/475/475
f 465/465/465 475/475/475 474/474/474
f 466/466/466 467/467/467 476/476/476
f 466/466/466 476/476/476 475/475/475
f 467/467/467 468/468/468 477/477/477
f 467/467/467 477/477/477 476/476/476
f 468/468/468 460/460/460 469/469/469
f 468/468/468 469/469/469 477/477/477
f 469/469/469 470/470/470 479/479/479
f 469/469/469 479/479/479 478/478/478
f 470/470/470 471/471/471 480/480/480
f 470/470/470 480/480/480 479/479/479
f 471/471/471 472/472/472 481/481/481
f 471/471/471 481/481/481 480/480/480
f 472/472/472 473/473/473 482/482/482
f 472/472/472 482/482/482 481/481/481
f 473/473/473 474/474/474 483/483/483
f 473/473/473 483/483/483 482/482/482
f 474/474/474 475/475/475 484/484/484
f 474/474/474 484/484/484 483/483/483
f 475/475/475 476/476/476 485/485/485
f 475/475/475 485/485/485 484/484/484
f 476/476/476 477/477/477 486/486/486
f 476/476/476 486/486/486 485/485/485
f 477/477/477 469/469/469 478/478/478
f 477/477/477 478/478/478 486/486/486
f 487/487/487 488/488/488 497/497/497
f 487/487/487 497/497/497 496/496/496
f 488/488/488 489/489/489 498/498/498
f 488/488/488 498/498/498 497/497/497
f 489/489/489 490/490/490 499/499/499
f 489/489/489 499/499/499 498/498/498
f 490/490/490 491/491/491 500/500/500
f 490/490/490 500/500/500 499/499/499
f 491/491/491 492/492/492 501/501/501
f 491/491/491 501/501/501 500/500/500
f 492/492/492 493/493/493 502/502/502
f 492/492/492 502/502/502 501/501/501
f 493/493/493 494/494/494 503/503/503
f 493/493/493 503/503/503 502/502/502
f 494/494/494 495/495/495 504/504/504
f 494/494/494 504/504/504 503/503/503
f 495/495/495 487/487/487 496/496/496
f 495/495/495 496/496/496 504/504/504
f 496/496/496 497/497/497 506/506/506
f 496/496/496 506/506/506 505/505/505
f 497/497/497 498/498/498 507/507/507
f 497/497/497 507/507/507 506/506/506
f 498/498/498 499/499/499 508/508/508
f 498/498/498 508/508/508 507/507/507
f 499/499/499 500/500/500 509/509/509
f 499/499/499 509/509/509 508/508/508
f 500/500/500 501/501/501 510/510/510
f 500/500/500 510/510/510 509/509/509
f 501/501/501 502/502/502 511/511/511
f 501/501/501 511/511/511 510/510/510
f 502/502/502 503/503/503 512/512/512
f 502/502/502 512/512/512 511/511/511
f 503/503/503 504/504/504 513/513/513
f 503/503/503 513/513/513 512/512/512
f 504/504/504 496/496/496 505/505/505
f 504/504/504 505/505/505 513/513/513
f 505/505/505 506/506/506 515/515/515
f 505/505/505 515/515/515 514/514/514
f 506/506/506 507/507/507 516/516/516
f 506/506/506 516/516/516 515/515/515
f 507/507/507 508/508/508 517/517/517
f 507/507/507 517/517/517 516/516/516
f 508/508/508 509/509/509 518/518/518
f 508/508/508 518/518/518 517/517/517
f 509/509/509 510/510/510 519/519/519
f 509/509/509 519/519/519 518/518/518
f 510/510/510 511/511/511 520/520/520
f 510/510/510 520/520/520 519/519/519
f 511/511/511 512/512/512 521/521/521
f 511/511/511 521/521/521 520/520/520
f 512/512/512 513/513/513 522/522/522
f 512/512/512 522/522/522 521/521/521
f 513/513/513 505/505/505 514/514/514
f 513/513/513 514/514/514 522/522/522
f 514/514/514 515/515/515 524/524/524
f 514/514/514 524/524/524 523/523/523
f 515/515/515 516/516/516 525/525/525
f 515/515/515 525/525/525 524/524/524
f 516/516/516 517/517/517 526/526/526
f 516/516/516 526/526/526 525/525/525
f 517/517/517 518/518/518 527/527/527
f 517/517/517 527/527/527 526/526/526
f 518/518/518 519/519/519 528/528/528
f 518/518/518 528/528/528 527/527/527
f 519/519/519 520/520/520 529/529/529
f 519/519/519 529/529/529 528/528/528
f 520/520/520 521/521/521 530/530/530
f 520/520/520 530/530/530 529/529/529
f 521/521/521 522/522/522 531/531/531
f 521/521/521 531/531/531 530/530/530
f 522/522/522 514/514/514 523/523/523
f 522/522/522 523/523/523 531/531/531
f 523/523/523 524/524/524 533/533/533
f 523/523/523 533/533/533 532/532/532
f 524/524/524 525/525/525 534/534/534
f 524/524/524 534/534/534 533/533/533
f 525/525/525 526/526/526 535/535/535
f 525/525/525 535/535/535 534/534/534
f 526/526/526 527/527/527 536/536/536
f 526/526/526 536/536/536 535/535/535
f 527/527/527 528/528/528 537/537/537
f 527/527/527 537/537/537 536/536/536
f 528/528/528 529/529/529 538/538/538
f 528/528/528 538/538/538 537/537/537
f 529/529/529 530/530/530 539/539/539
f 529/529/529 539/539/539 538/538/538
f 530/530/530 531/531/531 540/540/540
f 530/530/530 540/540/540 539/539/539
f 531/531/531 523/523/523 532/532/532
f 531/531/531 532/532/532 540/540/540
f 541/541/541 542/542/542 551/551/551
f 541/541/541 551/551/551 550/550/550
f 542/542/542 543/543/543 552/552/552
f 542/542/542 552/552/552 551/551/551
f 543/543/543 544/544/544 553/553/553
f 543/543/543 553/553/553 552/552/552
f 544/544/544 545/545/545 554/554/554
f 544/544/544 554/554/554 553/553/553
f 545/545/545 546/546/546 555/555/555
f 545/545/545 555/555/555 554/554/554
f 546/546/546 547/547/547 556/556/556
f 546/546/546 556/556/556 555/555/555
f 547/547/547 548/548/548 557/557/557
f 547/547/547 557/557/557 556/556/556
f 548/548/548 549/549/549 558/558/558
f 548/548/548 558/558/558 557/557/557
f 549/549/549 541/541/541 550/550/550
f 549/549/549 550/550/550 558/558/558
f 550/550/550 551/551/551 560/560/560
f 550/550/550 560/560/560 559/559/559
f 551/551/551 552/552/552 561/561/561
f 551/551/551 561/561/561 560/560/560
f 552/552/552 553/553/553 562/562/562
f 552/552/552 562/562/562 561/561/561
f 553/553/553 554/554/554 563/563/563
f 553/553/553 563/563/563 562/562/562
f 554/554/554 555/555/555 564/564/564
f 554/554/554 564/564/564 563/563/563
f 555/555/555 556/556/556 565/565/565
f 555/555/555 565/565/565 564/564/564
f 556/556/556 557/557/557 566/566/566
f 556/556/556 566/566/566 565/565/565
f 557/557/557 558/558/558 567/567/567
f 557/557/557 567/567/567 566/566/566
f 558/558/558 550/550/550 559/559/559
f 558/558/558 559/559/559 567/567/567
f 559/559/559 560/560/560 569/569/569
f 559/559/559 569/569/569 568/568/568
f 560/560/560 561/561/561 570/570/570
f 560/560/560 570/570/570 569/569/569
f 561/561/561 562/562/562 571/571/571
f 561/561/561 571/571/571 570/570/570
f 562/562/562 563/563/563 572/572/572
f 562/562/562 572/572/572 571/571/571
f 563/563/563 564/564/564 573/573/573
f 563/563/563 573/573/573 572/572/572
f 564/564/564 565/565/565 574/574/574
f 564/564/564 574/574/574 573/573/573
f 565/565/565 566/566/566 575/575/575
f 565/565/565 575/575/575 574/574/574
f 566/566/566 567/567/567 576/576/576
f 566/566/566 576/576/576 575/575/575
f 567/567/567 559/559/559 568/568/568
f 567/567/567 568/568/568 576/576/576
f 568/568/568 569/569/569 578/578/578
f 568/568/568 578/578/578 577/577/577
f 569/569/569 570/570/570 579/579/579
f 569/569/569 579/579/579 578/578/578
f 570/570/570 571/571/571 580/580/580
f 570/570/570 580/580/580 579/579/579
f 571/571/571 572/572/572 581/581/581
f 571/571/571 581/581/581 580/580/580
f 572/572/572 573/573/573 582/582/582
f 572/572/572 582/582/582 581/581/581
f 573/573/573 574/574/574 583/583/583
f 573/573/573 583/583/583 582/582/582
f 574/574/574 575/575/575 584/584/584
f 574/574/574 584/584/584 583/583/583
f 575/575/575 576/576/576 585/585/585
f 575/575/575 585/585/585 584/584/584
f 576/576/576 568/568/568 577/577/577
f 576/576/576 577/577/577 585/585/585
f 577/577/577 578/578/578 587/587/587
f 577/577/577 587/587/587 586/586/586
f 578/578/578 579/579/579 588/588/588
f 578/578/578 588/588/588 587/587/587
f 579/579/579 580/580/580 589/589/589
f 579/579/579 589/589/589 588/588/588
f 580/580/580 581/581/581 590/590/590
f 580/580/580 590/590/590 589/589/589
f 581/581/581 582/582/582 591/591/591
f 581/581/581 591/591/591 590/590/590
f 582/582/582 583/583/583 592/592/592
f 582/582/582 592/592/592 591/591/591
f 583/583/583 584/584/584 593/593/593
f 583/583/583 593/593/593 592/592/592
f 584/584/584 585/585/585 594/594/594
f 584/584/584 594/594/594 593/593/593
f 585/585/585 577/577/577 586/586/586
f 585/585/585 586/586/586 594/594/594
f 595/595/595 596/596/596 605/605/605
f 595/595/595 605/605/605 604/604/604
f 596/596/596 597/597/597 606/606/606
f 596/596/596 606/606/606 605/605/605
f 597/597/597 598/598/598 607/607/607
f 597/597/597 607/607/607 606/606/606
f 598/598/598 599/599/599 608/608/608
f 598/598/598 608/608/608 607/607/607
f 599/599/599 600/600/600 609/609/609
f 599/599/599 609/609/609 608/608/608
f 600/600/600 601/601/601 610/610/610
f 600/600/600 610/610/610 609/609/609
f 601/601/601 602/602/602 611/611/611
f 601/601/601 611/611/611 610/610/610
f 602/602/602 603/603/603 612/612/612
f 602/602/602 612/612/612 611/611/611
f 603/603/603 595/595/595 604/604/604
f 603/603/603 604/604/604 612/612/612
f 604/604/604 605/605/605 614/614/614
f 604/604/604 614/614/614 613/613/613
f 605/605/605 606/606/606 615/615/615
f 605/605/605 615/615/615 614/614/614
f 606/606/606 607/607/607 616/616/616
f 606/606/606 616/616/616 615/615/615
f 607/607/607 608/608/608 617/617/617
f 607/607/607 617/617/617 616/616/616
f 608/608/608 609/609/609 618/618/618
f 608/608/608 618/618/618 617/617/617
f 609/609/609 610/610/610 619/619/619
f 609/609/609 619/619/619 618/618/618
f 610/610/610 611/611/611 620/620/620
f 610/610/610 620/620/620 619/619/619
f 611/611/611 612/612/612 621/621/621
f 611/611/611 621/621/621 620/620/620
f 612/612/612 604/604/604 613/613/613
f 612/612/612 613/613/613 621/621/621
f 613/613/613 614/614/614 623/623/623
f 613/613/613 623/623/623 622/622/622
f 614/614/614 615/615/615 624/624/624
f 614/614/614 624/624/624 623/623/623
f 615/615/615 616/616/616 625/625/625
f 615/615/615 625/625/625 624/624/624
f 616/616/616 617/617/617 626/626/626
f 616/616/616 626/626/626 625/625/625
f 617/617/617 618/618/618 627/627/627
f 617/617/617 627/627/627 626/626/626
f 618/618/618 619/619/619 628/628/628
f 618/618/618 628/628/628 627/627/627
f 619/619/619 620/620/620 629/629/629
f 619/619/619 629/629/629 628/628/628
f 620/620/620 621/621/621 630/630/630
f 620/620/620 630/630/630 629/629/629
f 621/621/621 613/613/613 622/622/622
f 621/621/621 622/622/622 630/630/630
f 622/622/622 623/623/623 632/632/632
f 622/622/622 632/632/632 631/631/631
f 623/623/623 624/624/624 633/633/633
f 623/623/623 633/633/633 632/632/632
f 624/624/624 625/625/625 634/634/634
f 624/624/624 634/634/634 633/633/633
f 625/625/625 626/626/626 635/635/635
f 625/625/625 635/635/635 634/634/634
f 626/626/626 627/627/627 636/636/636
f 626/626/626 636/636/636 635/635/635
f 627/627/627 628/628/628 637/637/637
f 627/627/627 637/637/637 636/636/636
f 628/628/628 629/629/629 638/638/638
f 628/628/628 638/638/638 637/637/637
f 629/629/629 630/630/630 639/639/639
f 629/629/629 639/639/639 638/638/638
f 630/630/630 622/622/622 631/631/631
f 630/630/630 631/631/631 639/639/639
f 631/631/631 632/632/632 641/641/641
f 631/631/631 641/641/641 640/640/640
f 632/632/632 633/633/633 642/642/642
f 632/632/632 642/642/642 641/641/641
f 633/633/633 634/634/634 643/643/643
f 633/633/633 643/643/643 642/642/642
f 634/634/634 635/635/635 644/644/644
f 634/634/634 644/644/644 643/643/643
f 635/635/635 636/636/636 645/645/645
f 635/635/635 645/645/645 644/644/644
f 636/636/636 637/637/637 646/646/646
f 636/636/636 646/646/646 645/645/645
f 637/637/637 638/638/638 647/647/647
f 637/637/637 647/647/647 646/646/646
f 638/638/638 639/639/639 648/648/648
f 638/638/638 648/648/648 647/647/647
f 639/639/639 631/631/631 640/640/640
f 639/639/639 640/640/640 648/648/648
f 649/649/649 650/650/650 659/659/659
f 649/649/649 659/659/659 658/658/658
f 650/650/650 651/651/651 660/660/660
f 650/650/650 660/660/660 659/659/659
f 651/651/651 652/652/652 661/661/661
f 651/651/651 661/661/661 660/660/660
f 652/652/652 653/653/653 662/662/662
f 652/652/652 662/662/662 661/661/661
f 653/653/653 654/654/654 663/663/663
f 653/653/653 663/663/663 662/662/662
f 654/654/654 655/655/655 664/664/664
f 654/654/654 664/664/664 663/663/663
f 655/655/655 656/656/656 665/665/665
f 655/655/655 665/665/665 664/664/664
f 656/656/656 657/657/657 666/666/666
f 656/656/656 666/666/666 665/665/665
f 657/657/657 649/649/649 658/658/658
f 657/657/657 658/658/658 666/666/666
f 658/658/658 659/659/659 668/668/668
f 658/658/658 668/668/668 667/667/667
f 659/659/659 660/660/660 669/669/669
f 659/659/659 669/669/669 668/668/668
f 660/660/660 661/661/661 670/670/670
f 660/660/660 670/670/670 669/669/669
f 661/661/661 662/662/662 671/671/671
f 661/661/661 671/671/671 670/670/670
f 662/662/662 663/663/663 672/672/672
f 662/662/662 672/672/672 671/671/671
f 663/663/663 664/664/664 673/673/673
f 663/663/663 673/673/673 672/672/672
f 664/664/664 665/665/665 674/674/674
f 664/664/664 674/674/674 673/673/673
f 665/665/665 666/666/666 675/675/675
f 665/665/665 675/675/675 674/674/674
f 666/666/666 658/658/658 667/667/667
f 666/666/666 667/667/667 675/675/675
f 667/667/667 668/668/668 677/677/677
f 667/667/667 677/677/677 676/676/676
f 668/668/668 669/669/669 678/678/678
f 668/668/668 678/678/678 677/677/677
f 669/669/669 670/670/670 679/679/679
f 669/669/669 679/679/679 678/678/678
f 670/670/670 671/671/671 680/680/680
f 670/670/670 680/680/680 679/679/679
f 671/671/671 672/672/672 681/681/681
f 671/671/671 681/681/681 680/680/680
f 672/672/672 673/673/673 682/682/682
f 672/672/672 682/682/682 681/681/681
f 673/673/673 674/674/674 683/683/683
f 673/673/673 683/683/683 682/682/682
f 674/674/674 675/675/675 684/684/684
f 674/674/674 684/684/684 683/683/683
f 675/675/675 667/667/667 676/676/676
f 675/675/675 676/676/676 684/684/684
f 676/676/676 677/677/677 686/686/686
f 676/676/676 686/686/686 685/685/685
f 677/677/677 678/678/678 687/687/687
f 677/677/677 687/687/687 686/686/686
f 678/678/678 679/679/679 688/688/688
f 678/678/678 688/688/688 687/687/687
f 679/679/679 680/680/680 689/689/689
f 679/679/679 689/689/689 688/688/688
f 680/680/680 681/681/681 690/690/690
f 680/680/680 690/690/690 689/689/689
f 681/681/681 682/682/682 691/691/691
f 681/681/681 691/691/691 690/690/690
f 682/682/682 683/683/683 692/692/692
f 682/682/682 692/692/692 691/691/691
f 683/683/683 684/684/684 693/693/693
f 683/683/683 693/693/693 692/692/692
f 684/684/684 676/676/676 685/685/685
f 684/684/684 685/685/685 693/693/693
f 685/685/685 686/686/686 695/695/695
f 685/685/685 695/695/695 694/694/694
f 686/686/686 687/687/687 696/696/696
f 686/686/686 696/696/696 695/695/695
f 687/687/687 688/688/688 697/697/697
f 687/687/687 697/697/697 696/696/696
f 688/688/688 689/689/689 698/698/698
f 688/688/688 698/698/698 697/697/697
f 689/689/689 690/690/690 699/699/699
f 689/689/689 699/699/699 698/698/698
f 690/690/690 691/691/691 700/700/700
f 690/690/690 700/700/700 699/699/699
f 691/691/691 692/692/692 701/701/701
f 691/691/691 701/701/701 700/700/700
f 692/692/692 693/693/693 702/702/702
f 692/692/692 702/702/702 701/701/701
f 693/693/693 685/685/685 694/694/694
f 693/693/693 694/694/694 702/702/702
f 703/703/703 704/704/704 713/713/713
f 703/703/703 713/713/713 712/712/712
f 704/704/704 705/705/705 714/714/714
f 704/704/704 714/714/714 713/713/713
f 705/705/705 706/706/706 715/715/715
f 705/705/705 715/715/715 714/714/714
f 706/706/706 707/707/707 716/716/716
f 706/706/706 716/716/716 715/715/715
f 707/707/707 708/708/708 717/717/717
f 707/707/707 717/717/717 716/716/716
f 708/708/708 709/709/709 718/718/718
f 708/708/708 718/718/718 717/717/717
f 709/709/709 710/710/710 719/719/719
f 709/709/709 719/719/719 718/718/718
f 710/710/710 711/711/711 720/720/720
f 710/710/710 720/720/720 719/719/719
f 711/711/711 703/703/703 712/712/712
f 711/711/711 712/712/712 720/720/720
f 712/712/712 713/713/713 722/722/722
f 712/712/712 722/722/722 721/721/721
f 713/713/713 714/714/714 723/723/723
f 713/713/713 723/723/723 722/722/722
f 714/714/714 715/715/715 724/724/724
f 714/714/714 724/724/724 723/723/723
f 715/715/715 716/716/716 725/725/725
f 715/715/715 725/725/725 724/724/724
f 716/716/716 717/717/717 726/726/726
f 716/716/716 726/726/726 725/725/725
f 717/717/717 718/718/718 727/727/727
f 717/717/717 727/727/727 726/726/726
f 718/718/718 719/719/719 728/728/728
f 718/718/718 728/728/728 727/727/727
f 719/719/719 720/720/720 729/729/729
f 719/719/719 729/729/729 728/728/728
f 720/720/720 712/712/712 721/721/721
f 720/720/720 721/721/721 729/729/729
f 721/721/721 722/722/722 731/731/731
f 721/721/721 731/731/731 730/730/730
f 722/722/722 723/723/723 732/732/732
f 722/722/722 732/732/732 731/731/731
f 723/723/723 724/724/724 733/733/733
f 723/723/723 733/733/733 732/732/732
f 724/724/724 725/725/725 734/734/734
f 724/724/724 734/734/734 733/733/733
f 725/725/725 726/726/726 735/735/735
f 725/725/725 735/735/735 734/734/734
f 726/726/726 727/727/727 736/736/736
f 726/726/726 736/736/736 735/735/735
f 727/727/727 728/728/728 737/737/737
f 727/727/727 737/737/737 736/736/736
f 728/728/728 729/729/729 738/738/738
f 728/728/728 738/738/738 737/737/737
f 729/729/729 721/721/721 730/730/730
f 729/729/729 730/730/730 738/738/738
f 730/730/730 731/731/731 740/740/740
f 730/730/730 740/740/740 739/739/739
f 731/731/731 732/732/732 741/741/741
f 731/731/731 741/741/741 740/740/740
f 732/732/732 733/733/733 742/742/742
f 732/732/732 742/742/742 741/741/741
f 733/733/733 734/734/734 743/743/743
f 733/733/733 743/743/743 742/742/742
f 734/734/734 735/735/735 744/744/744
f 734/734/734 744/744/744 743/743/743
f 735/735/735 736/736/736 745/745/745
f 735/735/735 745/745/745 744/744/744
f 736/736/736 737/737/737 746/746/746
f 736/736/736 746/746/746 745/745/745
f 737/737/737 738/738/738 747/747/747
f 737/737/737 747/747/747 746/746/746
f 738/738/738 730/730/730 739/739/739
f 738/738/738 739/739/739 747/747/747
f 739/739/739 740/740/740 749/749/749
f 739/739/739 749/749/749 748/748/748
f 740/740/740 741/741/741 750/750/750
f 740/740/740 750/750/750 749/749/749
f 741/741/741 742/742/742 751/751/751
f 741/741/741 751/751/751 750/750/750
f 742/742/742 743/743/743 752/752/752
f 742/742/742 752/752/752 751/751/751
f 743/743/743 744/744/744 753/753/753
f 743/743/743 753/753/753 752/752/752
f 744/744/744 745/745/745 754/754/754
f 744/744/744 754/754/754 753/753/753
f 745/745/745 746/746/746 755/755/755
f 745/745/745 755/755/755 754/754/754
f 746/746/746 747/747/747 756/756/756
f 746/746/746 756/756/756 755/755/755
f 747/747/747 739/739/739 748/748/748
f 747/747/747 748/748/748 756/756/756
f 757/757/757 758/758/758 767/767/767
f 757/757/757 767/767/767 766/766/766
f 758/758/758 759/759/759 768/768/768
f 758/758/758 768/768/768 767/767/767
f 759/759/759 760/760/760 769/769/769
f 759/759/759 769/769/769 768/768/768
f 760/760/760 761/761/761 770/770/770
f 760/760/760 770/770/770 769/769/769
f 761/761/761 762/762/762 771/771/771
f 761/761/761 771/771/771 770/770/770
f 762/762/762 763/763/763 772/772/772
f 762/762/762 772/772/772 771/771/771
f 763/763/763 764/764/764 773/773/773
f 763/763/763 773/773/773 772/772/772
f 764/764/764 765/765/765 774/774/774
f 764/764/764 774/774/774 773/773/773
f 765/765/765 757/757/757 766/766/766
f 765/765/765 766/766/766 774/774/774
f 766/766/766 767/767/767 776/776/776
f 766/766/766 776/776/776 775/775/775
f 767/767/767 768/768/768 777/777/777
f 767/767/767 777/777/777 776/776/776
f 768/768/768 769/769/769 778/778/778
f 768/768/768 778/778/778 777/777/777
f 769/769/769 770/770/770 779/779/779
f 769/769/769 779/779/779 778/778/778
f 770/770/770 771/771/771 780/780/780
f 770/770/770 780/780/780 779/779/779
f 771/771/771 772/772/772 781/781/781
f 771/771/771 781/781/781 780/780/780
f 772/772/772 773/773/773 782/782/782
f 772/772/772 782/782/782 781/781/781
f 773/773/773 774/774/774 783/783/783
f 773/773/773 783/783/783 782/782/782
f 774/774/774 766/766/766 775/775/775
f 774/774/774 775/775/775 783/783/783
f 775/775/775 776/776/776 785/785/785
f 775/775/775 785/785/785 784/784/784
f 776/776/776 777/777/777 786/786/786
f 776/776/776 786/786/786 785/785/785
f 777/777/777 778/778/778 787/787/787
f 777/777/777 787/787/787 786/786/786
f 778/778/778 779/779/779 788/788/788
f 778/778/778 788/788/788 787/787/787
f 779/779/779 780/780/780 789/789/789
f 779/779/779 789/789/789 788/788/788
f 780/780/780 781/781/781 790/790/790
f 780/780/780 790/790/790 789/789/789
f 781/781/781 782/782/782 791/791/791
f 781/781/781 791/791/791 790/790/790
f 782/782/782 783/783/783 792/792/792
f 782/782/782 792/792/792 791/791/791
f 783/783/783 775/775/775 784/784/784
f 783/783/783 784/784/784 792/792/792
f 784/784/784 785/785/785 794/794/794
f 784/784/784 794/794/794 793/793/793
f 785/785/785 786/786/786 795/795/795
f 785/785/785 795/795/795 794/794/794
f 786/786/786 787/787/787 796/796/796
f 786/786/786 796/796/796 795/795/795
f 787/787/787 788/788/788 797/797/797
f 787/787/787 797/797/797 796/796/796
f 788/788/788 789/789/789 798/798/798
f 788/788/788 798/798/798 797/797/797
f 789/789/789 790/790/790 799/799/799
f 789/789/789 799/799/799 798/798/798
f 790/790/790 791/791/791 800/800/800
f 790/790/790 800/800/800 799/799/799
f 791/791/791 792/792/792 801/801/801
f 791/791/791 801/801/801 800/800/800
f 792/792/792 784/784/784 793/793/793
f 792/792/792 793/793/793 801/801/801
f 793/793/793 794/794/794 803/803/803
f 793/793/793 803/803/803 802/802/802
f 794/794/794 795/795/795 804/804/804
f 794/794/794 804/804/804 803/803/803
f 795/795/795 796/796/796 805/805/805
f 795/795/795 805/805/805 804/804/804
f 796/796/796 797/797/797 806/806/806
f 796/796/796 806/806/806 805/805/805
f 797/797/797 798/798/798 807/807/807
f 797/797/797 807/807/807 806/806/806
f 798/798/798 799/799/799 808/808/808
f 798/798/798 808/808/808 807/807/807
f 799/799/799 800/800/800 809/809/809
f 799/799/799 809/809/809 808/808/808
f 800/800/800 801/801/801 810/810/810
f 800/800/800 810/810/810 809/809/809
f 801/801/801 793/793/793 802/802/802
f 801/801/801 802/802/802 810/810/810
f 811/811/811 812/812/812 821/821/821
f 811/811/811 821/821/821 820/820/820
f 812/812/812 813/813/813 822/822/822
f 812/812/812 822/822/822 821/821/821
f 813/813/813 814/814/814 823/823/823
f 813/813/813 823/823/823 822/822/822
f 814/814/814 815/815/815 824/824/824
f 814/814/814 824/824/824 823/823/823
f 815/815/815 816/816/816 825/825/825
f 815/815/815 825/825/825 824/824/824
f 816/816/816 817/817/817 826/826/826
f 816/816/816 826/826/826 825/825/825
f 817/817/817 818/818/818 827/827/827
f 817/817/817 827/827/827 826/826/826
f 818/818/818 819/819/819 828/828/828
f 818/818/818 828/828/828 827/827/827
f 819/819/819 811/811/811 820/820/820
f 819/819/819 820/820/820 828/828/828
f 820/820/820 821/821/821 830/830/830
f 820/820/820 830/830/830 829/829/829
f 821/821/821 822/822/822 831/831/831
f 821/821/821 831/831/831 830/830/830
f 822/822/822 823/823/823 832/832/832
f 822/822/822 832/832/832 831/831/831
f 823/823/823 824/824/824 833/833/833
f 823/823/823 833/833/833 832/832/832
f 824/824/824 825/825/825 834/834/834
f 824/824/824 834/834/834 833/833/833
f 825/825/825 826/826/826 835/835/835
f 825/825/825 835/835/835 834/834/834
f 826/826/826 827/827/827 836/836/836
f 826/826/826 836/836/836 835/835/835
f 827/827/827 828/828/828 837/837/837
f 827/827/827 837/837/837 836/836/836
f 828/828/828 820/820/820 829/829/829
f 828/828/828 829/829/829 837/837/837
f 829/829/829 830/830/830 839/839/839
f 829/829/829 839/839/839 838/838/838
f 830/830/830 831/831/831 840/840/840
f 830/830/830 840/840/840 839/839/839
f 831/831/831 832/832/832 841/841/841
f 831/831/831 841/841/841 840/840/840
f 832/832/832 833/833/833 842/842/842
f 832/832/832 842/842/842 841/841/841
f 833/833/833 834/834/834 843/843/843
f 833/833/833 843/843/843 842/842/842
f 834/834/834 835/835/835 844/844/844
f 834/834/834 844/844/844 843/843/843
f 835/835/835 836/836/836 845/845/845
f 835/835/835 845/845/845 844/844/844
f 836/836/836 837/837/837 846/846/846
f 836/836/836 846/846/846 845/845/845
f 837/837/837 829/829/829 838/838/838
f 837/837/837 838/838/838 846/846/846
f 838/838/838 839/839/839 848/848/848
f 838/838/838 848/848/848 847/847/847
f 839/839/839 840/840/840 849/849/849
f 839/839/839 849/849/849 848/848/848
f 840/840/840 841/841/841 850/850/850
f 840/840/840 850/850/850 849/849/849
f 841/841/841 842/842/842 851/851/851
f 841/841/841 851/851/851 850/850/850
f 842/842/842 843/843/843 852/852/852
f 842/842/842 852/852/852 851/851/851
f 843/843/843 844/844/844 853/853/853
f 843/843/843 853/853/853 852/852/852
f 844/844/844 845/845/845 854/854/854
f 844/844/844 854/854/854 853/853/853
f 845/845/845 846/846/846 855/855/855
f 845/845/845 855/855/855 854/854/854
f 846/846/846 838/838/838 847/847/847
f 846/846/846 847/847/847 855/855/855
f 847/847/847 848/848/848 857/857/857
f 847/847/847 857/857/857 856/856/856
f 848/848/848 849/849/849 858/858/858
f 848/848/848 858/858/858 857/857/857
f 849/849/849 850/850/850 859/859/859
f 849/849/849 859/859/859 858/858/858
f 850/850/850 851/851/851 860/860/860
f 850/850/850 860/860/860 859/859/859
f 851/851/851 852/852/852 861/861/861
f 851/851/851 861/861/861 860/860/860
f 852/852/852 853/853/853 862/862/862
f 852/852/852 862/862/862 861/861/861
f 853/853/853 854/854/854 863/863/863
f 853/853/853 863/863/863 862/862/862
f 854/854/854 855/855/855 864/864/864
f 854/854/854 864/864/864 863/863/863
f 855/855/855 847/847/847 856/856/856
f 855/855/855 856/856/856 864/864/864
f 865/865/865 866/866/866 875/875/875
f 865/865/865 875/875/875 874/874/874
f 866/866/866 867/867/867 876/876/876
f 866/866/866 876/876/876 875/875/875
f 867/867/867 868/868/868 877/877/877
f 867/867/867 877/877/877 876/876/876
f 868/868/868 869/869/869 878/878/878
f 868/868/868 878/878/878 877/877/877
f 869/869/869 870/870/870 879/879/879
f 869/869/869 879/879/879 878/878/878
f 870/870/870 871/871/871 880/880/880
f 870/870/870 880/880/880 879/879/879
f 871/871/871 872/872/872 881/881/881
f 871/871/871 881/881/881 880/880/880
f 872/872/872 873/873/873 882/882/882
f 872/872/872 882/882/882 881/881/881
f 873/873/873 865/865/865 874/874/874
f 873/873/873 874/874/874 882/882/882
f 874/874/874 875/875/875 884/884/884
f 874/874/874 884/884/884 883/883/883
f 875/875/875 876/876/876 885/885/885
f 875/875/875 885/885/885 884/884/884
f 876/876/876 877/877/877 886/886/886
f 876/876/876 886/886/886 885/885/885
f 877/877/877 878/878/878 887/887/887
f 877/877/877 887/887/887 886/886/886
f 878/878/878 879/879/879 888/888/888
f 878/878/878 888/888/888 887/887/887
f 879/879/879 880/880/880 889/889/889
f 879/879/879 889/889/889 888/888/888
f 880/880/880 881/881/881 890/890/890
f 880/880/880 890/890/890 889/889/889
f 881/881/881 882/882/882 891/891/891
f 881/881/881 891/891/891 890/890/890
f 882/882/882 874/874/874 883/883/883
f 882/882/882 883/883/883 891/891/891
f 883/883/883 884/884/884 893/893/893
f 883/883/883 893/893/893 892/892/892
f 884/884/884 885/885/885 894/894/894
f 884/884/884 894/894/894 893/893/893
f 885/885/885 886/886/886 895/895/895
f 885/885/885 895/895/895 894/894/894
f 886/886/886 887/887/887 896/896/896
f 886/886/886 896/896/896 895/895/895
f 887/887/887 888/888/888 897/897/897
f 887/887/887 897/897/897 896/896/896
f 888/888/888 889/889/889 898/898/898
f 888/888/888 898/898/898 897/897/897
f 889/889/889 890/890/890 899/899/899
f 889/889/889 899/899/899 898/898/898
f 890/890/890 891/891/891 900/900/900
f 890/890/890 900/900/900 899/899/899
f 891/891/891 883/883/883 892/892/892
f 891/891/891 892/892/892 900/900/900
f 892/892/892 893/893/893 902/902/902
f 892/892/892 902/902/902 901/901/901
f 893/893/893 894/894/894 903/903/903
f 893/893/893 903/903/903 902/902/902
f 894/894/894 895/895/895 904/904/904
f 894/894/894 904/904/904 903/903/903
f 895/895/895 896/896/896 905/905/905
f 895/895/895 905/905/905 904/904/904
f 896/896/896 897/897/897 906/906/906
f 896/896/896 906/906/906 905/905/905
f 897/897/897 898/898/898 907/907/907
f 897/897/897 907/907/907 906/906/906
f 898/898/898 899/899/899 908/908/908
f 898/898/898 908/908/908 907/907/907
f 899/899/899 900/900/900 909/909/909
f 899/899/899 909/909/909 908/908/908
f 900/900/900 892/892/892 901/901/901
f 900/900/900 901/901/901 909/909/909
f 901/901/901 902/902/902 911/911/911
f 901/901/901 911/911/911 910/910/910
f 902/902/902 903/903/903 912/912/912
f 902/902/902 912/912/912 911/911/911
f 903/903/903 904/904/904 913/913/913
f 903/903/903 913/913/913 912/912/912
f 904/904/904 905/905/905 914/914/914
f 904/904/904 914/914/914 913/913/913
f 905/905/905 906/906/906 915/915/915
f 905/905/905 915/915/915 914/914/914
f 906/906/906 907/907/907 916/916/916
f 906/906/906 916/916/916 915/915/915
f 907/907/907 908/908/908 917/917/917
f 907/907/907 917/917/917 916/916/916
f 908/908/908 909/909/909 918/918/918
f 908/908/908 918/918/918 917/917/917
f 909/909/909 901/901/901 910/910/910
f 909/909/909 910/910/910 918/918/918
f 919/919/919 920/920/920 929/929/929
f 919/919/919 929/929/929 928/928/928
f 920/920/920 921/921/921 930/930/930
f 920/920/920 930/930/930 929/929/929
f 921/921/921 922/922/922 931/931/931
f 921/921/921 931/931/931 930/930/930
f 922/922/922 923/923/923 932/932/932
f 922/922/922 932/932/932 931/931/931
f 923/923/923 924/924/924 933/933/933
f 923/923/923 933/933/933 932/932/932
f 924/924/924 925/925/925 934/934/934
f 924/924/924 934/934/934 933/933/933
f 925/925/925 926/926/926 935/935/935
f 925/925/925 935/935/935 934/934/934
f 926/926/926 927/927/927 936/936/936
f 926/926/926 936/936/936 935/935/935
f 927/927/927 919/919/919 928/928/928
f 927/927/927 928/928/928 936/936/936
f 928/928/928 929/929/929 938/938/938
f 928/928/928 938/938/938 937/937/937
f 929/929/929 930/930/930 939/939/939
f 929/929/929 939/939/939 938/938/938
f 930/930/930 931/931/931 940/940/940
f 930/930/930 940/940/940 939/939/939
f 931/931/931 932/932/932 941/941/941
f 931/931/931 941/941/941 940/940/940
f 932/932/932 933/933/933 942/942/942
f 932/932/932 942/942/942 941/941/941
f 933/933/933 934/934/934 943/943/943
f 933/933/933 943/943/943 942/942/942
f 934/934/934 935/935/935 944/944/944
f 934/934/934 944/944/944 943/943/943
f 935/935/935 936/936/936 945/945/945
f 935/935/935 945/945/945 944/944/944
f 936/936/936 928/928/928 937/937/937
f 936/936/936 937/937/937 945/945/945
f 937/937/937 938/938/938 947/947/947
f 937/937/937 947/947/947 946/946/946
f 938/938/938 939/939/939 948/948/948
f 938/938/938 948/948/948 947/947/947
f 939/939/939 940/940/940 949/949/949
f 939/939/939 949/949/949 948/948/948
f 940/940/940 941/941/941 950/950/950
f 940/940/940 950/950/950 949/949/949
f 941/941/941 942/942/942 951/951/951
f 941/941/941 951/951/951 950/950/950
f 942/942/942 943/943/943 952/952/952
f 942/942/942 952/952/952 951/951/951
f 943/943/943 944/944/944 953/953/953
f 943/943/943 953/953/953 952/952/952
f 944/944/944 945/945/945 954/954/954
f 944/944/944 954/954/954 953/953/953
f 945/945/945 937/937/937 946/946/946
f 945/945/945 946/946/946 954/954/954
f 946/946/946 947/947/947 956/956/956
f 946/946/946 956/956/956 955/955/955
f 947/947/947 948/948/948 957/957/957
f 947/947/947 957/957/957 956/956/956
f 948/948/948 949/949/949 958/958/958
f 948/948/948 958/958/958 957/957/957
f 949/949/949 950/950/950 959/959/959
f 949/949/949 959/959/959 958/958/958
f 950/950/950 951/951/951 960/960/960
f 950/950/950 960/960/960 959/959/959
f 951/951/951 952/952/952 961/961/961
f 951/951/951 961/961/961 960/960/960
f 952/952/952 953/953/953 962/962/962
f 952/952/952 962/962/962 961/961/961
f 953/953/953 954/954/954 963/963/963
f 953/953/953 963/963/963 962/962/962
f 954/954/954 946/946/946 955/955/955
f 954/954/954 955/955/955 963/963/963
f 955/955/955 956/956/956 965/965/965
f 955/955/955 965/965/965 964/964/964
f 956/956/956 957/957/957 966/966/966
f 956/956/956 966/966/966 965/965/965
f 957/957/957 958/958/958 967/967/967
f 957/957/957 967/967/967 966/966/966
f 958/958/958 959/959/959 968/968/968
f 958/958/958 968/968/968 967/967/967
f 959/959/959 960/960/960 969/969/969
f 959/959/959 969/969/969 968/968/968
f 960/960/960 961/961/961 970/970/970
f 960/960/960 970/970/970 969/969/969
f 961/961/961 962/962/962 971/971/971
f 961/961/961 971/971/971 970/970/970
f 962/962/962 963/963/963 972/972/972
f 962/962/962 972/972/972 971/971/971
f 963/963/963 955/955/955 964/964/964
f 963/963/963 964/964/964 972/972/972
f 973/973/973 974/974/974 983/983/983
f 973/973/973 983/983/983 982/982/982
f 974/974/974 975/975/975 984/984/984
f 974/974/974 984/984/984 983/983/983
f 975/975/975 976/976/976 985/985/985
f 975/975/975 985/985/985 984/984/984
f 976/976/976 977/977/977 986/986/986
f 976/976/976 986/986/986 985/985/985
f 977/977/977 978/978/978 987/987/987
f 977/977/977 987/987/987 986/986/986
f 978/978/978 979/979/979 988/988/988
f 978/978/978 988/988/988 987/987/987
f 979/979/979 980/980/980 989/989/989
f 979/979/979 989/989/989 988/988/988
f 980/980/980 981/981/981 990/990/990
f 980/980/980 990/990/990 989/989/989
f 981/981/981 973/973/973 982/982/982
f 981/981/981 982/982/982 990/990/990
f 982/982/982 983/983/983 992/992/992
f 982/982/982 992/992/992 991/991/991
f 983/983/983 984/984/984 993/993/993
f 983/983/983 993/993/993 992/992/992
f 984/984/984 985/985/985 994/994/994
f 984/984/984 994/994/994 993/993/993
f 985/985/985 986/986/986 995/995/995
f 985/985/985 995/995/995 994/994/994
f 986/986/986 987/987/987 996/996/996
f 986/986/986 996/996/996 995/995/995
f 987/987/987 988/988/988 997/997/997
f 987/987/987 997/997/997 996/996/996
f 988/988/988 989/989/989 998/998/998
f 988/988/988 998/998/998 997/997/997
f 989/989/989 990/990/990 999/999/999
f 989/989/989 999/999/999 998/998/998
f 990/990/990 982/982/982 991/991/991
f 990/990/990 991/991/991 999/999/999
f 991/991/991 992/992/992 1001/1001/1001
f 991/991/991 1001/1001/1001 1000/1000/1000
f 992/992/992 993/993/993 1002/1002/1002
f 992/992/992 1002/1002/1002 1001/1001/1001
f 993/993/993 994/994/994 1003/1003/1003
f 993/993/993 1003/1003/1003 1002/1002/1002
f 994/994/994 995/995/995 1004/1004/1004
f 994/994/994 1004/1004/1004 1003/1003/1003
f 995/995/995 996/996/996 1005/1005/1005
f 995/995/995 1005/1005/1005 1004/1004/1004
f 996/996/996 997/997/997 1006/1006/1006
f 996/996/996 1006/1006/1006 1005/1005/1005
f 997/997/997 998/998/998 1007/1007/1007
f 997/997/997 1007/1007/1007 1006/1006/1006
f 998/998/998 999/999/999 1008/1008/1008
f 998/998/998 1008/1008/1008 1007/1007/1007
f 999/999/999 991/991/991 1000/1000/1000
f 999/999/999 1000/1000/1000 1008/1008/1008
f 1000/1000/1000 1001/1001/1001 1010/1010/1010
f 1000/1000/1000 1010/1010/1010 1009/1009/1009
f 1001/1001/1001 1002/1002/1002 1011/1011/1011
f 1001/1001/1001 1011/1011/1011 1010/1010/1010
f 1002/1002/1002 1003/1003/1003 1012/1012/1012
f 1002/1002/1002 1012/1012/1012 1011/1011/1011
f 1003/1003/1003 1004/1004/1004 1013/1013/1013
f 1003/1003/1003 1013/1013/1013 1012/1012/1012
f 1004/1004/1004 1005/1005/1005 1014/1014/1014
f 1004/1004/1004 1014/1014/1014 1013/1013/1013
f 1005/1005/1005 1006/1006/1006 1015/1015/1015
f 1005/1005/1005 1015/1015/1015 1014/1014/1014
f 1006/1006/1006 1007/1007/1007 1016/1016/1016
f 1006/1006/1006 1016/1016/1016 1015/1015/1015
f 1007/1007/1007 1008/1008/1008 1017/1017/1017
f 1007/1007/1007 1017/1017/1017 1016/1016/1016
f 1008/1008/1008 1000/1000/1000 1009/1009/1009
f 1008/1008/1008 1009/1009/1009 1017/1017/1017
f 1009/1009/1009 1010/1010/1010 1019/1019/1019
f 1009/1009/1009 1019/1019/1019 1018/1018/1018
f 1010/1010/1010 1011/1011/1011 1020/1020/1020
f 1010/1010/1010 1020/1020/1020 1019/1019/1019
f 1011/1011/1011 1012/1012/1012 1021/1021/1021
f 1011/1011/1011 1021/1021/1021 1020/1020/1020
f 1012/1012/1012 1013/1013/1013 1022/1022/1022
f 1012/1012/1012 1022/1022/1022 1021/1021/1021
f 1013/1013/1013 1014/1014/1014 1023/1023/1023
f 1013/1013/1013 1023/1023/1023 1022/1022/1022
f 1014/1014/1014 1015/1015/1015 1024/1024/1024
f 1014/1014/1014 1024/1024/1024 1023/1023/1023
f 1015/1015/1015 1016/1016/1016 1025/1025/1025
f 1015/1015/1015 1025/1025/1025 1024/1024/1024
f 1016/1016/1016 1017/1017/1017 1026/1026/1026
f 1016/1016/1016 1026/1026/1026 1025/1025/1025
f 1017/1017/1017 1009/1009/1009 1018/1018/1018
f 1017/1017/1017 1018/1018/1018 1026/1026/1026
f 1027/1027/1027 1028/1028/1028 1037/1037/1037
f 1027/1027/1027 1037/1037/1037 1036/1036/1036
f 1028/1028/1028 1029/1029/1029 1038/1038/1038
f 1028/1028/1028 1038/1038/1038 1037/1037/1037
f 1029/1029/1029 1030/1030/1030 1039/1039/1039
f 1029/1029/1029 1039/1039/1039 1038/1038/1038
f 1030/1030/1030 1031/1031/1031 1040/1040/1040
f 1030/1030/1030 1040/1040/1040 1039/1039/1039
f 1031/1031/1031 1032/1032/1032 1041/1041/1041
f 1031/1031/1031 1041/1041/1041 1040/1040/1040
f 1032/1032/1032 1033/1033/1033 1042/1042/1042
f 1032/1032/1032 1042/1042/1042 1041/1041/1041
f 1033/1033/1033 1034/1034/1034 1043/1043/1043
f 1033/1033/1033 1043/1043/1043 1042/1042/1042
f 1034/1034/1034 1035/1035/1035 1044/1044/1044
f 1034/1034/1034 1044/1044/1044 1043/1043/1043
f 1035/1035/1035 1027/1027/1027 1036/1036/1036
f 1035/1035/1035 1036/1036/1036 1044/1044/1044
f 1036/1036/1036 1037/1037/1037 1046/1046/1046
f 1036/1036/1036 1046/1046/1046 1045/1045/1045
f 1037/1037/1037 1038/1038/1038 1047/1047/1047
f 1037/1037/1037 1047/1047/1047 1046/1046/1046
f 1038/1038/1038 1039/1039/1039 1048/1048/1048
f 1038/1038/1038 1048/1048/1048 1047/1047/1047
f 1039/1039/1039 1040/1040/1040 1049/1049/1049
f 1039/1039/1039 1049/1049/1049 1048/1048/1048
f 1040/1040/1040 1041/1041/1041 1050/1050/1050
f 1040/1040/1040 1050/1050/1050 1049/1049/1049
f 1041/1041/1041 1042/1042/1042 1051/1051/1051
f 1041/1041/1041 1051/1051/1051 1050/1050/1050
f 1042/1042/1042 1043/1043/1043 1052/1052/1052
f 1042/1042/1042 1052/1052/1052 1051/1051/1051
f 1043/1043/1043 1044/1044/1044 1053/1053/1053
f 1043/1043/1043 1053/1053/1053 1052/1052/1052
f 1044/1044/1044 1036/1036/1036 1045/1045/1045
f 1044/1044/1044 1045/1045/1045 1053/1053/1053
f 1045/1045/1045 1046/1046/1046 1055/1055/1055
f 1045/1045/1045 1055/1055/1055 1054/1054/1054
f 1046/1046/1046 1047/1047/1047 1056/1056/1056
f 1046/1046/1046 1056/1056/1056 1055/1055/1055
f 1047/1047/1047 1048/1048/1048 1057/1057/1057
f 1047/1047/1047 1057/1057/1057 1056/1056/1056
f 1048/1048/1048 1049/1049/1049 1058/1058/1058
f 1048/1048/1048 1058/1058/1058 1057/1057/1057
f 1049/1049/1049 1050/1050/1050 1059/1059/1059
f 1049/1049/1049 1059/1059/1059 1058/1058/1058
f 1050/1050/1050 1051/1051/1051 1060/1060/1060
f 1050/1050/1050 1060/1060/1060 1059/1059/1059
f 1051/1051/1051 1052/1052/1052 1061/1061/1061
f 1051/1051/1051 1061/1061/1061 1060/1060/1060
f 1052/1052/1052 1053/1053/1053 1062/1062/1062
f 1052/1052/1052 1062/1062/1062 1061/1061/1061
f 1053/1053/1053 1045/1045/1045 1054/1054/1054
f 1053/1053/1053 1054/1054/1054 1062/1062/1062
f 1054/1054/1054 1055/1055/1055 1064/1064/1064
f 1054/1054/1054 1064/1064/1064 1063/1063/1063
f 1055/1055/1055 1056/1056/1056 1065/1065/1065
f 1055/1055/1055 1065/1065/1065 1064/1064/1064
f 1056/1056/1056 1057/1057/1057 1066/1066/1066
f 1056/1056/1056 1066/1066/1066 1065/1065/1065
f 1057/1057/1057 1058/1058/1058 1067/1067/1067
f 1057/1057/1057 1067/1067/1067 1066/1066/1066
f 1058/1058/1058 1059/1059/1059 1068/1068/1068
f 1058/1058/1058 1068/1068/1068 1067/1067/1067
f 1059/1059/1059 1060/1060/1060 1069/1069/1069
f 1059/1059/1059 1069/1069/1069 1068/1068/1068
f 1060/1060/1060 1061/1061/1061 1070/1070/1070
f 1060/1060/1060 1070/1070/1070 1069/1069/1069
f 1061/1061/1061 1062/1062/1062 1071/1071/1071
f 1061/1061/1061 1071/1071/1071 1070/1070/1070
f 1062/1062/1062 1054/1054/1054 1063/1063/1063
f 1062/1062/1062 1063/1063/1063 1071/1071/1071
f 1063/1063/1063 1064/1064/1064 1073/1073/1073
f 1063/1063/1063 1073/1073/1073 1072/1072/1072
f 1064/1064/1064 1065/1065/1065 1074/1074/1074
f 1064/1064/1064 1074/1074/1074 1073/1073/1073
f 1065/1065/1065 1066/1066/1066 1075/1075/1075
f 1065/1065/1065 1075/1075/1075 1074/1074/1074
f 1066/1066/1066 1067/1067/1067 1076/1076/1076
f 1066/1066/1066 1076/1076/1076 1075/1075/1075
f 1067/1067/1067 1068/1068/1068 1077/1077/1077
f 1067/1067/1067 1077/1077/1077 1076/1076/1076
f 1068/1068/1068 1069/1069/1069 1078/1078/1078
f 1068/1068/1068 1078/1078/1078 1077/1077/1077
f 1069/1069/1069 1070/1070/1070 1079/1079/1079
f 1069/1069/1069 1079/1079/1079 1078/1078/1078
f 1070/1070/1070 1071/1071/1071 1080/1080/1080
f 1070/1070/1070 1080/1080/1080 1079/1079/1079
f 1071/1071/1071 1063/1063/1063 1072/1072/1072
f 1071/1071/1071 1072/1072/1072 1080/1080/1080
f 1081/1081/1081 1082/1082/1082 1091/1091/1091
f 1081/1081/1081 1091/1091/1091 1090/1090/1090
f 1082/1082/1082 1083/1083/1083 1092/1092/1092
f 1082/1082/1082 1092/1092/1092 1091/1091/1091
f 1083/1083/1083 1084/1084/1084 1093/1093/1093
f 1083/1083/1083 1093/1093/1093 1092/1092/1092
f 1084/1084/1084 1085/1085/1085 1094/1094/1094
f 1084/1084/1084 1094/1094/1094 1093/1093/1093
f 1085/1085/1085 1086/1086/1086 1095/1095/1095
f 1085/1085/1085 1095/1095/1095 1094/1094/1094
f 1086/1086/1086 1087/1087/1087 1096/1096/1096
f 1086/1086/1086 1096/1096/1096 1095/1095/1095
f 1087/1087/1087 1088/1088/1088 1097/1097/1097
f 1087/1087/1087 1097/1097/1097 1096/1096/1096
f 1088/1088/1088 1089/1089/1089 1098/1098/1098
f 1088/1088/1088 1098/1098/1098 1097/1097/1097
f 1089/1089/1089 1081/1081/1081 1090/1090/1090
f 1089/1089/1089 1090/1090/1090 1098/1098/1098
f 1090/1090/1090 1091/1091/1091 1100/1100/1100
f 1090/1090/1090 1100/1100/1100 1099/1099/1099
f 1091/1091/1091 1092/1092/1092 1101/1101/1101
f 1091/1091/1091 1101/1101/1101 1100/1100/1100
f 1092/1092/1092 1093/1093/1093 1102/1102/1102
f 1092/1092/1092 1102/1102/1102 1101/1101/1101
f 1093/1093/1093 1094/1094/1094 1103/1103/1103
f 1093/1093/1093 1103/1103/1103 1102/1102/1102
f 1094/1094/1094 1095/1095/1095 1104/1104/1104
f 1094/1094/1094 1104/1104/1104 1103/1103/1103
f 1095/1095/1095 1096/1096/1096 1105/1105/1105
f 1095/1095/1095 1105/1105/1105 1104/1104/1104
f 1096/1096/1096 1097/1097/1097 1106/1106/1106
f 1096/1096/1096 1106/1106/1106 1105/1105/1105
f 1097/1097/1097 1098/1098/1098 1107/1107/1107
f 1097/1097/1097 1107/1107/1107 1106/1106/1106
f 1098/1098/1098 1090/1090/1090 1099/1099/1099
f 1098/1098/1098 1099/1099/1099 1107/1107/1107
f 1099/1099/1099 1100/1100/1100 1109/1109/1109
f 1099/1099/1099 1109/1109/1109 1108/1108/1108
f 1100/1100/1100 1101/1101/1101 1110/1110/1110
f 1100/1100/1100 1110/1110/1110 1109/1109/1109
f 1101/1101/1101 1102/1102/1102 1111/1111/1111
f 1101/1101/1101 1111/1111/1111 1110/1110/1110
f 1102/1102/1102 1103/1103/1103 1112/1112/1112
f 1102/1102/1102 1112/1112/1112 1111/1111/1111
f 1103/1103/1103 1104/1104/1104 1113/1113/1113
f 1103/1103/1103 1113/1113/1113 1112/1112/1112
f 1104/1104/1104 1105/1105/1105 1114/1114/1114
f 1104/1104/1104 1114/1114/1114 1113/1113/1113
f 1105/1105/1105 1106/1106/1106 1115/1115/1115
f 1105/1105/1105 1115/1115/1115 1114/1114/1114
f 1106/1106/1106 1107/1107/1107 1116/1116/1116
f 1106/1106/1106 1116/1116/1116 1115/1115/1115
f 1107/1107/1107 1099/1099/1099 1108/1108/1108
f 1107/1107/1107 1108/1108/1108 1116/1116/1116
f 1108/1108/1108 1109/1109/1109 1118/1118/1118
f 1108/1108/1108 1118/1118/1118 1117/1117/1117
f 1109/1109/1109 1110/1110/1110 1119/1119/1119
f 1109/1109/1109 1119/1119/1119 1118/1118/1118
f 1110/1110/1110 1111/1111/1111 1120/1120/1120
f 1110/1110/1110 1120/1120/1120 1119/1119/1119
f 1111/1111/1111 1112/1112/1112 1121/1121/1121
f 1111/1111/1111 1121/1121/1121 1120/1120/1120
f 1112/1112/1112 1113/1113/1113 1122/1122/1122
f 1112/1112/1112 1122/1122/1122 1121/1121/1121
f 1113/1113/1113 1114/1114/1114 1123/1123/1123
f 1113/1113/1113 1123/1123/1123 1122/1122/1122
f 1114/1114/1114 1115/1115/1115 1124/1124/1124
f 1114/1114/1114 1124/1124/1124 1123/1123/1123
f 1115/1115/1115 1116/1116/1116 1125/1125/1125
f 1115/1115/1115 1125/1125/1125 1124/1124/1124
f 1116/1116/1116 1108/1108/1108 1117/1117/1117
f 1116/1116/1116 1117/1117/1117 1125/1125/1125
f 1117/1117/1117 1118/1118/1118 1127/1127/1127
f 1117/1117/1117 1127/1127/1127 1126/1126/1126
f 1118/1118/1118 1119/1119/1119 1128/1128/1128
f 1118/1118/1118 1128/1128/1128 1127/1127/1127
f 1119/1119/1119 1120/1120/1120 1129/1129/1129
f 1119/1119/1119 1129/1129/1129 1128/1128/1128
f 1120/1120/1120 1121/1121/1121 1130/1130/1130
f 1120/1120/1120 1130/1130/1130 1129/1129/1129
f 1121/1121/1121 1122/1122/1122 1131/1131/1131
f 1121/1121/1121 1131/1131/1131 1130/1130/1130
f 1122/1122/1122 1123/1123/1123 1132/1132/1132
f 1122/1122/1122 1132/1132/1132 1131/1131/1131
f 1123/1123/1123 1124/1124/1124 1133/1133/1133
f 1123/1123/1123 1133/1133/1133 1132/1132/1132
f 1124/1124/1124 1125/1125/1125 1134/1134/1134
f 1124/1124/1124 1134/1134/1134 1133/1133/1133
f 1125/1125/1125 1117/1117/1117 1126/1126/1126
f 1125/1125/1125 1126/1126/1126 1134/1134/1134
f 1135/1135/1135 1136/1136/1136 1145/1145/1145
f 1135/1135/1135 1145/1145/1145 1144/1144/1144
f 1136/1136/1136 1137/1137/1137 1146/1146/1146
f 1136/1136/1136 1146/1146/1146 1145/1145/1145
f 1137/1137/1137 1138/1138/1138 1147/1147/1147
f 1137/1137/1137 1147/1147/1147 1146/1146/1146
f 1138/1138/1138 1139/1139/1139 1148/1148/1148
f 1138/1138/1138 1148/1148/1148 1147/1147/1147
f 1139/1139/1139 1140/1140/1140 1149/1149/1149
f 1139/1139/1139 1149/1149/1149 1148/1148/1148
f 1140/1140/1140 1141/1141/1141 1150/1150/1150
f 1140/1140/1140 1150/1150/1150 1149/1149/1149
f 1141/1141/1141 1142/1142/1142 1151/1151/1151
f 1141/1141/1141 1151/1151/1151 1150/1150/1150
f 1142/1142/1142 1143/1143/1143 1152/1152/1152
f 1142/1142/1142 1152/1152/1152 1151/1151/1151
f 1143/1143/1143 1135/1135/1135 1144/1144/1144
f 1143/1143/1143 1144/1144/1144 1152/1152/1152
f 1144/1144/1144 1145/1145/1145 1154/1154/1154
f 1144/1144/1144 1154/1154/1154 1153/1153/1153
f 1145/1145/1145 1146/1146/1146 1155/1155/1155
f 1145/1145/1145 1155/1155/1155 1154/1154/1154
f 1146/1146/1146 1147/1147/1147 1156/1156/1156
f 1146/1146/1146 1156/1156/1156 1155/1155/1155
f 1147/1147/1147 1148/1148/1148 1157/1157/1157
f 1147/1147/1147 1157/1157/1157 1156/1156/1156
f 1148/1148/1148 1149/1149/1149 1158/1158/1158
f 1148/1148/1148 1158/1158/1158 1157/1157/1157
f 1149/1149/1149 1150/1150/1150 1159/1159/1159
f 1149/1149/1149 1159/1159/1159 1158/1158/1158
f 1150/1150/1150 1151/1151/1151 1160/1160/1160
f 1150/1150/1150 1160/1160/1160 1159/1159/1159
f 1151/1151/1151 1152/1152/1152 1161/1161/1161
f 1151/1151/1151 1161/1161/1161 1160/1160/1160
f 1152/1152/1152 1144/1144/1144 1153/1153/1153
f 1152/1152/1152 1153/1153/1153 1161/1161/1161
f 1153/1153/1153 1154/1154/1154 1163/1163/1163
f 1153/1153/1153 1163/1163/1163 1162/1162/1162
f 1154/1154/1154 1155/1155/1155 1164/1164/1164
f 1154/1154/1154 1164/1164/1164 1163/1163/1163
f 1155/1155/1155 1156/1156/1156 1165/1165/1165
f 1155/1155/1155 1165/1165/1165 1164/1164/1164
f 1156/1156/1156 1157/1157/1157 1166/1166/1166
f 1156/1156/1156 1166/1166/1166 1165/1165/1165
f 1157/1157/1157 1158/1158/1158 1167/1167/1167
f 1157/1157/1157 1167/1167/1167 1166/1166/1166
f 1158/1158/1158 1159/1159/1159 1168/1168/1168
f 1158/1158/1158 1168/1168/1168 1167/1167/1167
f 1159/1159/1159 1160/1160/1160 1169/1169/1169
f 1159/1159/1159 1169/1169/1169 1168/1168/1168
f 1160/1160/1160 1161/1161/1161 1170/1170/1170
f 1160/1160/1160 1170/1170/1170 1169/1169/1169
f 1161/1161/1161 1153/1153/1153 1162/1162/1162
f 1161/1161/1161 1162/1162/1162 1170/1170/1170
f 1162/1162/1162 1163/1163/1163 1172/1172/1172
f 1162/1162/1162 1172/1172/1172 1171/1171/1171
f 1163/1163/1163 1164/1164/1164 1173/1173/1173
f 1163/1163/1163 1173/1173/1173 1172/1172/1172
f 1164/1164/1164 1165/1165/1165 1174/1174/1174
f 1164/1164/1164 1174/1174/1174 1173/1173/1173
f 1165/1165/1165 1166/1166/1166 1175/1175/1175
f 1165/1165/1165 1175/1175/1175 1174/1174/1174
f 1166/1166/1166 1167/1167/1167 1176/1176/1176
f 1166/1166/1166 1176/1176/1176 1175/1175/1175
f 1167/1167/1167 1168/1168/1168 1177/1177/1177
f 1167/1167/1167 1177/1177/1177 1176/1176/1176
f 1168/1168/1168 1169/1169/1169 1178/1178/1178
f 1168/1168/1168 1178/1178/1178 1177/1177/1177
f 1169/1169/1169 1170/1170/1170 1179/1179/1179
f 1169/1169/1169 1179/1179/1179 1178/1178/1178
f 1170/1170/1170 1162/1162/1162 1171/1171/1171
f 1170/1170/1170 1171/1171/1171 1179/1179/1179
f 1171/1171/1171 1172/1172/1172 1181/1181/1181
f 1171/1171/1171 1181/1181/1181 1180/1180/1180
f 1172/1172/1172 1173/1173/1173 1182/1182/1182
f 1172/1172/1172 1182/1182/1182 1181/1181/1181
f 1173/1173/1173 1174/1174/1174 1183/1183/1183
f 1173/1173/1173 1183/1183/1183 1182/1182/1182
f 1174/1174/1174 1175/1175/1175 1184/1184/1184
f 1174/1174/1174 1184/1184/1184 1183/1183/1183
f 1175/1175/1175 1176/1176/1176 1185/1185/1185
f 1175/1175/1175 1185/1185/1185 1184/1184/1184
f 1176/1176/1176 1177/1177/1177 1186/1186/1186
f 1176/1176/1176 1186/1186/1186 1185/1185/1185
f 1177/1177/1177 1178/1178/1178 1187/1187/1187
f 1177/1177/1177 1187/1187/1187 1186/1186/1186
f 1178/1178/1178 1179/1179/1179 1188/1188/1188
f 1178/1178/1178 1188/1188/1188 1187/1187/1187
f 1179/1179/1179 1171/1171/1171 1180/1180/1180
f 1179/1179/1179 1180/1180/1180 1188/1188/1188
f 1189/1189/1189 1190/1190/1190 1199/1199/1199
f 1189/1189/1189 1199/1199/1199 1198/1198/1198
f 1190/1190/1190 1191/1191/1191 1200/1200/1200
f 1190/1190/1190 1200/1200/1200 1199/1199/1199
f 1191/1191/1191 1192/1192/1192 1201/1201/1201
f 1191/1191/1191 1201/1201/1201 1200/1200/1200
f 1192/1192/1192 1193/1193/1193 1202/1202/1202
f 1192/1192/1192 1202/1202/1202 1201/1201/1201
f 1193/1193/1193 1194/1194/1194 1203/1203/1203
f 1193/1193/1193 1203/1203/1203 1202/1202/1202
f 1194/1194/1194 1195/1195/1195 1204/1204/1204
f 1194/1194/1194 1204/1204/1204 1203/1203/1203
f 1195/1195/1195 1196/1196/1196 1205/1205/1205
f 1195/1195/1195 1205/1205/1205 1204/1204/1204
f 1196/1196/1196 1197/1197/1197 1206/1206/1206
f 1196/1196/1196 1206/1206/1206 1205/1205/1205
f 1197/1197/1197 1189/1189/1189 1198/1198/1198
f 1197/1197/1197 1198/1198/1198 1206/1206/1206
f 1198/1198/1198 1199/1199/1199 1208/1208/1208
f 1198/1198/1198 1208/1208/1208 1207/1207/1207
f 1199/1199/1199 1200/1200/1200 1209/1209/1209
f 1199/1199/1199 1209/1209/1209 1208/1208/1208
f 1200/1200/1200 1201/1201/1201 1210/1210/1210
f 1200/1200/1200 1210/1210/1210 1209/1209/1209
f 1201/1201/1201 1202/1202/1202 1211/1211/1211
f 1201/1201/1201 1211/1211/1211 1210/1210/1210
f 1202/1202/1202 1203/1203/1203 1212/1212/1212
f 1202/1202/1202 1212/1212/1212 1211/1211/1211
f 1203/1203/1203 1204/1204/1204 1213/1213/1213
f 1203/1203/1203 1213/1213/1213 1212/1212/1212
f 1204/1204/1204 1205/1205/1205 1214/1214/1214
f 1204/1204/1204 1214/1214/1214 1213/1213/1213
f 1205/1205/1205 1206/1206/1206 1215/1215/1215
f 1205/1205/1205 1215/1215/1215 1214/1214/1214
f 1206/1206/1206 1198/1198/1198 1207/1207/1207
f 1206/1206/1206 1207/1207/1207 1215/1215/1215
f 1207/1207/1207 1208/1208/1208 1217/1217/1217
f 1207/1207/1207 1217/1217/1217 1216/1216/1216
f 1208/1208/1208 1209/1209/1209 1218/1218/1218
f 1208/1208/1208 1218/1218/1218 1217/1217/1217
f 1209/1209/1209 1210/1210/1210 1219/1219/1219
f 1209/1209/1209 1219/1219/1219 1218/1218/1218
f 1210/1210/1210 1211/1211/1211 1220/1220/1220
f 1210/1210/1210 1220/1220/1220 1219/1219/1219
f 1211/1211/1211 1212/1212/1212 1221/1221/1221
f 1211/1211/1211 1221/1221/1221 1220/1220/1220
f 1212/1212/1212 1213/1213/1213 1222/1222/1222
f 1212/1212/1212 1222/1222/1222 1221/1221/1221
f 1213/1213/1213 1214/1214/1214 1223/1223/1223
f 1213/1213/1213 1223/1223/1223 1222/1222/1222
f 1214/1214/1214 1215/1215/1215 1224/1224/1224
f 1214/1214/1214 1224/1224/1224 1223/1223/1223
f 1215/1215/1215 1207/1207/1207 1216/1216/1216
f 1215/1215/1215 1216/1216/1216 1224/1224/1224
f 1216/1216/1216 1217/1217/1217 1226/1226/1226
f 1216/1216/1216 1226/1226/1226 1225/1225/1225
f 1217/1217/1217 1218/1218/1218 1227/1227/1227
f 1217/1217/1217 1227/1227/1227 1226/1226/1226
f 1218/1218/1218 1219/1219/1219 1228/1228/1228
f 1218/1218/1218 1228/1228/1228 1227/1227/1227
f 1219/1219/1219 1220/1220/1220 1229/1229/1229
f 1219/1219/1219 1229/1229/1229 1228/1228/1228
f 1220/1220/1220 1221/1221/1221 1230/1230/1230
f 1220/1220/1220 1230/1230/1230 1229/1229/1229
f 1221/1221/1221 1222/1222/1222 1231/1231/1231
f 1221/1221/1221 1231/1231/1231 1230/1230/1230
f 1222/1222/1222 1223/1223/1223 1232/1232/1232
f 1222/1222/1222 1232/1232/1232 1231/1231/1231
f 1223/1223/1223 1224/1224/1224 1233/1233/1233
f 1223/1223/1223 1233/1233/1233 1232/1232/1232
f 1224/1224/1224 1216/1216/1216 1225/1225/1225
f 1224/1224/1224 1225/1225/1225 1233/1233/1233
f 1225/1225/1225 1226/1226/1226 1235/1235/1235
f 1225/1225/1225 1235/1235/1235 1234/1234/1234
f 1226/1226/1226 1227/1227/1227 1236/1236/1236
f 1226/1226/1226 1236/1236/1236 1235/1235/1235
f 1227/1227/1227 1228/1228/1228 1237/1237/1237
f 1227/1227/1227 1237/1237/1237 1236/1236/1236
f 1228/1228/1228 1229/1229/1229 1238/1238/1238
f 1228/1228/1228 1238/1238/1238 1237/1237/1237
f 1229/1229/1229 1230/1230/1230 1239/1239/1239
f 1229/1229/1229 1239/1239/1239 1238/1238/1238
f 1230/1230/1230 1231/1231/1231 1240/1240/1240
f 1230/1230/1230 1240/1240/1240 1239/1239/1239
f 1231/1231/1231 1232/1232/1232 1241/1241/1241
f 1231/1231/1231 1241/1241/1241 1240/1240/1240
f 1232/1232/1232 1233/1233/1233 1242/1242/1242
f 1232/1232/1232 1242/1242/1242 1241/1241/1241
f 1233/1233/1233 1225/1225/1225 1234/1234/1234
f 1233/1233/1233 1234/1234/1234 1242/1242/1242
f 1243/1243/1243 1244/1244/1244 1253/1253/1253
f 1243/1243/1243 1253/1253/1253 1252/1252/1252
f 1244/1244/1244 1245/1245/1245 1254/1254/1254
f 1244/1244/1244 1254/1254/1254 1253/1253/1253
f 1245/1245/1245 1246/1246/1246 1255/1255/1255
f 1245/1245/1245 1255/1255/1255 1254/1254/1254
f 1246/1246/1246 1247/1247/1247 1256/1256/1256
f 1246/1246/1246 1256/1256/1256 1255/1255/1255
f 1247/1247/1247 1248/1248/1248 1257/1257/1257
f 1247/1247/1247 1257/1257/1257 1256/1256/1256
f 1248/1248/1248 1249/1249/1249 1258/1258/1258
f 1248/1248/1248 1258/1258/1258 1257/1257/1257
f 1249/1249/1249 1250/1250/1250 1259/1259/1259
f 1249/1249/1249 1259/1259/1259 1258/1258/1258
f 1250/1250/1250 1251/1251/1251 1260/1260/1260
f 1250/1250/1250 1260/1260/1260 1259/1259/1259
f 1251/1251/1251 1243/1243/1243 1252/1252/1252
f 1251/1251/1251 1252/1252/1252 1260/1260/1260
f 1252/1252/1252 1253/1253/1253 1262/1262/1262
f 1252/1252/1252 1262/1262/1262 1261/1261/1261
f 1253/1253/1253 1254/1254/1254 1263/1263/1263
f 1253/1253/1253 1263/1263/1263 1262/1262/1262
f 1254/1254/1254 1255/1255/1255 1264/1264/1264
f 1254/1254/1254 1264/1264/1264 1263/1263/1263
f 1255/1255/1255 1256/1256/1256 1265/1265/1265
f 1255/1255/1255 1265/1265/1265 1264/1264/1264
f 1256/1256/1256 1257/1257/1257 1266/1266/1266
f 1256/1256/1256 1266/1266/1266 1265/1265/1265
f 1257/1257/1257 1258/1258/1258 1267/1267/1267
f 1257/1257/1257 1267/1267/1267 1266/1266/1266
f 1258/1258/1258 1259/1259/1259 1268/1268/1268
f 1258/1258/1258 1268/1268/1268 1267/1267/1267
f 1259/1259/1259 1260/1260/1260 1269/1269/1269
f 1259/1259/1259 1269/1269/1269 1268/1268/1268
f 1260/1260/1260 1252/1252/1252 1261/1261/1261
f 1260/1260/1260 1261/1261/1261 1269/1269/1269
f 1261/1261/1261 1262/1262/1262 1271/1271/1271
f 1261/1261/1261 1271/1271/1271 1270/1270/1270
f 1262/1262/1262 1263/1263/1263 1272/1272/1272
f 1262/1262/1262 1272/1272/1272 1271/1271/1271
f 1263/1263/1263 1264/1264/1264 1273/1273/1273
f 1263/1263/1263 1273/1273/1273 1272/1272/1272
f 1264/1264/1264 1265/1265/1265 1274/1274/1274
f 1264/1264/1264 1274/1274/1274 1273/1273/1273
f 1265/1265/1265 1266/1266/1266 1275/1275/1275
f 1265/1265/1265 1275/1275/1275 1274/1274/1274
f 1266/1266/1266 1267/1267/1267 1276/1276/1276
f 1266/1266/1266 1276/1276/1276 1275/1275/1275
f 1267/1267/1267 1268/1268/1268 1277/1277/1277
f 1267/1267/1267 1277/1277/1277 1276/1276/1276
f 1268/1268/1268 1269/1269/1269 1278/1278/1278
f 1268/1268/1268 1278/1278/1278 1277/1277/1277
f 1269/1269/1269 1261/1261/1261 1270/1270/1270
f 1269/1269/1269 1270/1270/1270 1278/1278/1278
f 1270/1270/1270 1271/1271/1271 1280/1280/1280
f 1270/1270/1270 1280/1280/1280 1279/1279/1279
f 1271/1271/1271 1272/1272/1272 1281/1281/1281
f 1271/1271/1271 1281/1281/1281 1280/1280/1280
f 1272/1272/1272 1273/1273/1273 1282/1282/1282
f 1272/1272/1272 1282/1282/1282 1281/1281/1281
f 1273/1273/1273 1274/1274/1274 1283/1283/1283
f 1273/1273/1273 1283/1283/1283 1282/1282/1282
f 1274/1274/1274 1275/1275/1275 1284/1284/1284
f 1274/1274/1274 1284/1284/1284 1283/1283/1283
f 1275/1275/1275 1276/1276/1276 1285/1285/1285
f 1275/1275/1275 1285/1285/1285 1284/1284/1284
f 1276/1276/1276 1277/1277/1277 1286/1286/1286
f 1276/1276/1276 1286/1286/1286 1285/1285/1285
f 1277/1277/1277 1278/1278/1278 1287/1287/1287
f 1277/1277/1277 1287/1287/1287 1286/1286/1286
f 1278/1278/1278 1270/1270/1270 1279/1279/1279
f 1278/1278/1278 1279/1279/1279 1287/1287/1287
f 1279/1279/1279 1280/1280/1280 1289/1289/1289
f 1279/1279/1279 1289/1289/1289 1288/1288/1288
f 1280/1280/1280 1281/1281/1281 1290/1290/1290
f 1280/1280/1280 1290/1290/1290 1289/1289/1289
f 1281/1281/1281 1282/1282/1282 1291/1291/1291
f 1281/1281/1281 1291/1291/1291 1290/1290/1290
f 1282/1282/1282 1283/1283/1283 1292/1292/1292
f 1282/1282/1282 1292/1292/1292 1291/1291/1291
f 1283/1283/1283 1284/1284/1284 1293/1293/1293
f 1283/1283/1283 1293/1293/1293 1292/1292/1292
f 1284/1284/1284 1285/1285/1285 1294/1294/1294
f 1284/1284/1284 1294/1294/1294 1293/1293/1293
f 1285/1285/1285 1286/1286/1286 1295/1295/1295
f 1285/1285/1285 1295/1295/1295 1294/1294/1294
f 1286/1286/1286 1287/1287/1287 1296/1296/1296
f 1286/1286/1286 1296/1296/1296 1295/1295/1295
f 1287/1287/1287 1279/1279/1279 1288/1288/1288
f 1287/1287/1287 1288/1288/1288 1296/1296/1296
f 1297/1297/1297 1298/1298/1298 1307/1307/1307
f 1297/1297/1297 1307/1307/1307 1306/1306/1306
f 1298/1298/1298 1299/1299/1299 1308/1308/1308
f 1298/1298/1298 1308/1308/1308 1307/1307/1307
f 1299/1299/1299 1300/1300/1300 1309/1309/1309
f 1299/1299/1299 1309/1309/1309 1308/1308/1308
f 1300/1300/1300 1301/1301/1301 1310/1310/1310
f 1300/1300/1300 1310/1310/1310 1309/1309/1309
f 1301/1301/1301 1302/1302/1302 1311/1311/1311
f 1301/1301/1301 1311/1311/1311 1310/1310/1310
f 1302/1302/1302 1303/1303/1303 1312/1312/1312
f 1302/1302/1302 1312/1312/1312 1311/1311/1311
f 1303/1303/1303 1304/1304/1304 1313/1313/1313
f 1303/1303/1303 1313/1313/1313 1312/1312/1312
f 1304/1304/1304 1305/1305/1305 1314/1314/1314
f 1304/1304/1304 1314/1314/1314 1313/1313/1313
f 1305/1305/1305 1297/1297/1297 1306/1306/1306
f 1305/1305/1305 1306/1306/1306 1314/1314/1314
f 1306/1306/1306 1307/1307/1307 1316/1316/1316
f 1306/1306/1306 1316/1316/1316 1315/1315/1315
f 1307/1307/1307 1308/1308/1308 1317/1317/1317
f 1307/1307/1307 1317/1317/1317 1316/1316/1316
f 1308/1308/1308 1309/1309/1309 1318/1318/1318
f 1308/1308/1308 1318/1318/1318 1317/1317/1317
f 1309/1309/1309 1310/1310/1310 1319/1319/1319
f 1309/1309/1309 1319/1319/1319 1318/1318/1318
f 1310/1310/1310 1311/1311/1311 1320/1320/1320
f 1310/1310/1310 1320/1320/1320 1319/1319/1319
f 1311/1311/1311 1312/1312/1312 1321/1321/1321
f 1311/1311/1311 1321/1321/1321 1320/1320/1320
f 1312/1312/1312 1313/1313/1313 1322/1322/1322
f 1312/1312/1312 1322/1322/1322 1321/1321/1321
f 1313/1313/1313 1314/1314/1314 1323/1323/1323
f 1313/1313/1313 1323/1323/1323 1322/1322/1322
f 1314/1314/1314 1306/1306/1306 1315/1315/1315
f 1314/1314/1314 1315/1315/1315 1323/1323/1323
f 1315/1315/1315 1316/1316/1316 1325/1325/1325
f 1315/1315/1315 1325/1325/1325 1324/1324/1324
f 1316/1316/1316 1317/1317/1317 1326/1326/1326
f 1316/1316/1316 1326/1326/1326 1325/1325/1325
f 1317/1317/1317 1318/1318/1318 1327/1327/1327
f 1317/1317/1317 1327/1327/1327 1326/1326/1326
f 1318/1318/1318 1319/1319/1319 1328/1328/1328
f 1318/1318/1318 1328/1328/1328 1327/1327/1327
f 1319/1319/1319 1320/1320/1320 1329/1329/1329
f 1319/1319/1319 1329/1329/1329 1328/1328/1328
f 1320/1320/1320 1321/1321/1321 1330/1330/1330
f 1320/1320/1320 1330/1330/1330 1329/1329/1329
f 1321/1321/1321 1322/1322/1322 1331/1331/1331
f 1321/1321/1321 1331/1331/1331 1330/1330/1330
f 1322/1322/1322 1323/1323/1323 1332/1332/1332
f 1322/1322/1322 1332/1332/1332 1331/1331/1331
f 1323/1323/1323 1315/1315/1315 1324/1324/1324
f 1323/1323/1323 1324/1324/1324 1332/1332/1332
f 1324/1324/1324 1325/1325/1325 1334/1334/1334
f 1324/1324/1324 1334/1334/1334 1333/1333/1333
f 1325/1325/1325 1326/1326/1326 1335/1335/1335
f 1325/1325/1325 1335/1335/1335 1334/1334/1334
f 1326/1326/1326 1327/1327/1327 1336/1336/1336
f 1326/1326/1326 1336/1336/1336 1335/1335/1335
f 1327/1327/1327 1328/1328/1328 1337/1337/1337
f 1327/1327/1327 1337/1337/1337 1336/1336/1336
f 1328/1328/1328 1329/1329/1329 1338/1338/1338
f 1328/1328/1328 1338/1338/1338 1337/1337/1337
f 1329/1329/1329 1330/1330/1330 1339/1339/1339
f 1329/1329/1329 1339/1339/1339 1338/1338/1338
f 1330/1330/1330 1331/1331/1331 1340/1340/1340
f 1330/1330/1330 1340/1340/1340 1339/1339/1339
f 1331/1331/1331 1332/1332/1332 1341/1341/1341
f 1331/1331/1331 1341/1341/1341 1340/1340/1340
f 1332/1332/1332 1324/1324/1324 1333/1333/1333
f 1332/1332/1332 1333/1333/1333 1341/1341/1341
f 1333/1333/1333 1334/1334/1334 1343/1343/1343
f 1333/1333/1333 1343/1343/1343 1342/1342/1342
f 1334/1334/1334 1335/1335/1335 1344/1344/1344
f 1334/1334/1334 1344/1344/1344 1343/1343/1343
f 1335/1335/1335 1336/1336/1336 1345/1345/1345
f 1335/1335/1335 1345/1345/1345 1344/1344/1344
f 1336/1336/1336 1337/1337/1337 1346/1346/1346
f 1336/1336/1336 1346/1346/1346 1345/1345/1345
f 1337/1337/1337 1338/1338/1338 1347/1347/1347
f 1337/1337/1337 1347/1347/1347 1346/1346/1346
f 1338/1338/1338 1339/1339/1339 1348/1348/1348
f 1338/1338/1338 1348/1348/1348 1347/1347/1347
f 1339/1339/1339 1340/1340/1340 1349/1349/1349
f 1339/1339/1339 1349/1349/1349 1348/1348/1348
f 1340/1340/1340 1341/1341/1341 1350/1350/1350
f 1340/1340/1340 1350/1350/1350 1349/1349/1349
f 1341/1341/1341 1333/1333/1333 1342/1342/1342
f 1341/1341/1341 1342/1342/1342 1350/1350/1350
f 1351/1351/1351 1352/1352/1352 1361/1361/1361
f 1351/1351/1351 1361/1361/1361 1360/1360/1360
f 1352/1352/1352 1353/1353/1353 1362/1362/1362
f 1352/1352/1352 1362/1362/1362 1361/1361/1361
f 1353/1353/1353 1354/1354/1354 1363/1363/1363
f 1353/1353/1353 1363/1363/1363 1362/1362/1362
f 1354/1354/1354 1355/1355/1355 1364/1364/1364
f 1354/1354/1354 1364/1364/1364 1363/1363/1363
f 1355/1355/1355 1356/1356/1356 1365/1365/1365
f 1355/1355/1355 1365/1365/1365 1364/1364/1364
f 1356/1356/1356 1357/1357/1357 1366/1366/1366
f 1356/1356/1356 1366/1366/1366 1365/1365/1365
f 1357/1357/1357 1358/1358/1358 1367/1367/1367
f 1357/1357/1357 1367/1367/1367 1366/1366/1366
f 1358/1358/1358 1359/1359/1359 1368/1368/1368
f 1358/1358/1358 1368/1368/1368 1367/1367/1367
f 1359/1359/1359 1351/1351/1351 1360/1360/1360
f 1359/1359/1359 1360/1360/1360 1368/1368/1368
f 1360/1360/1360 1361/1361/1361 1370/1370/1370
f 1360/1360/1360 1370/1370/1370 1369/1369/1369
f 1361/1361/1361 1362/1362/1362 1371/1371/1371
f 1361/1361/1361 1371/1371/1371 1370/1370/1370
f 1362/1362/1362 1363/1363/1363 1372/1372/1372
f 1362/1362/1362 1372/1372/1372 1371/1371/1371
f 1363/1363/1363 1364/1364/1364 1373/1373/1373
f 1363/1363/1363 1373/1373/1373 1372/1372/1372
f 1364/1364/1364 1365/1365/1365 1374/1374/1374
f 1364/1364/1364 1374/1374/1374 1373/1373/1373
f 1365/1365/1365 1366/1366/1366 1375/1375/1375
f 1365/1365/1365 1375/1375/1375 1374/1374/1374
f 1366/1366/1366 1367/1367/1367 1376/1376/1376
f 1366/1366/1366 1376/1376/1376 1375/1375/1375
f 1367/1367/1367 1368/1368/1368 1377/1377/1377
f 1367/1367/1367 1377/1377/1377 1376/1376/1376
f 1368/1368/1368 1360/1360/1360 1369/1369/1369
f 1368/1368/1368 1369/1369/1369 1377/1377/1377
f 1369/1369/1369 1370/1370/1370 1379/1379/1379
f 1369/1369/1369 1379/1379/1379 1378/1378/1378
f 1370/1370/1370 1371/1371/1371 1380/1380/1380
f 1370/1370/1370 1380/1380/1380 1379/1379/1379
f 1371/1371/1371 1372/1372/1372 1381/1381/1381
f 1371/1371/1371 1381/1381/1381 1380/1380/1380
f 1372/1372/1372 1373/1373/1373 1382/1382/1382
f 1372/1372/1372 1382/1382/1382 1381/1381/1381
f 1373/1373/1373 1374/1374/1374 1383/1383/1383
f 1373/1373/1373 1383/1383/1383 1382/1382/1382
f 1374/1374/1374 1375/1375/1375 1384/1384/1384
f 1374/1374/1374 1384/1384/1384 1383/1383/1383
f 1375/1375/1375 1376/1376/1376 1385/1385/1385
f 1375/1375/1375 1385/1385/1385 1384/1384/1384
f 1376/1376/1376 1377/1377/1377 1386/1386/1386
f 1376/1376/1376 1386/1386/1386 1385/1385/1385
f 1377/1377/1377 1369/1369/1369 1378/1378/1378
f 1377/1377/1377 1378/1378/1378 1386/1386/1386
f 1378/1378/1378 1379/1379/1379 1388/1388/1388
f 1378/1378/1378 1388/1388/1388 1387/1387/1387
f 1379/1379/1379 1380/1380/1380 1389/1389/1389
f 1379/1379/1379 1389/1389/1389 1388/1388/1388
f 1380/1380/1380 1381/1381/1381 1390/1390/1390
f 1380/1380/1380 1390/1390/1390 1389/1389/1389
f 1381/1381/1381 1382/1382/1382 1391/1391/1391
f 1381/1381/1381 1391/1391/1391 1390/1390/1390
f 1382/1382/1382 1383/1383/1383 1392/1392/1392
f 1382/1382/1382 1392/1392/1392 1391/1391/1391
f 1383/1383/1383 1384/1384/1384 1393/1393/1393
f 1383/1383/1383 1393/1393/1393 1392/1392/1392
f 1384/1384/1384 1385/1385/1385 1394/1394/1394
f 1384/1384/1384 1394/1394/1394 1393/1393/1393
f 1385/1385/1385 1386/1386/1386 1395/1395/1395
f 1385/1385/1385 1395/1395/1395 1394/1394/1394
f 1386/1386/1386 1378/1378/1378 1387/1387/1387
f 1386/1386/1386 1387/1387/1387 1395/1395/1395
f 1387/1387/1387 1388/1388/1388 1397/1397/1397
f 1387/1387/1387 1397/1397/1397 1396/1396/1396
f 1388/1388/1388 1389/1389/1389 1398/1398/1398
f 1388/1388/1388 1398/1398/1398 1397/1397/1397
f 1389/1389/1389 1390/1390/1390 1399/1399/1399
f 1389/1389/1389 1399/1399/1399 1398/1398/1398
f 1390/1390/1390 1391/1391/1391 1400/1400/1400
f 1390/1390/1390 1400/1400/1400 1399/1399/1399
f 1391/1391/1391 1392/1392/1392 1401/1401/1401
f 1391/1391/1391 1401/1401/1401 1400/1400/1400
f 1392/1392/1392 1393/1393/1393 1402/1402/1402
f 1392/1392/1392 1402/1402/1402 1401/1401/1401
f 1393/1393/1393 1394/1394/1394 1403/1403/1403
f 1393/1393/1393 1403/1403/1403 1402/1402/1402
f 1394/1394/1394 1395/1395/1395 1404/1404/1404
f 1394/1394/1394 1404/1404/1404 1403/1403/1403
f 1395/1395/1395 1387/1387/1387 1396/1396/1396
f 1395/1395/1395 1396/1396/1396 1404/1404/1404
f 1405/1405/1405 1406/1406/1406 1415/1415/1415
f 1405/1405/1405 1415/1415/1415 1414/1414/1414
f 1406/1406/1406 1407/1407/1407 1416/1416/1416
f 1406/1406/1406 1416/1416/1416 1415/1415/1415
f 1407/1407/1407 1408/1408/1408 1417/1417/1417
f 1407/1407/1407 1417/1417/1417 1416/1416/1416
f 1408/1408/1408 1409/1409/1409 1418/1418/1418
f 1408/1408/1408 1418/1418/1418 1417/1417/1417
f 1409/1409/1409 1410/1410/1410 1419/1419/1419
f 1409/1409/1409 1419/1419/1419 1418/1418/1418
f 1410/1410/1410 1411/1411/1411 1420/1420/1420
f 1410/1410/1410 1420/1420/1420 1419/1419/1419
f 1411/1411/1411 1412/1412/1412 1421/1421/1421
f 1411/1411/1411 1421/1421/1421 1420/1420/1420
f 1412/1412/1412 1413/1413/1413 1422/1422/1422
f 1412/1412/1412 1422/1422/1422 1421/1421/1421
f 1413/1413/1413 1405/1405/1405 1414/1414/1414
f 1413/1413/1413 1414/1414/1414 1422/1422/1422
f 1414/1414/1414 1415/1415/1415 1424/1424/1424
f 1414/1414/1414 1424/1424/1424 1423/1423/1423
f 1415/1415/1415 1416/1416/1416 1425/1425/1425
f 1415/1415/1415 1425/1425/1425 1424/1424/1424
f 1416/1416/1416 1417/1417/1417 1426/1426/1426
f 1416/1416/1416 1426/1426/1426 1425/1425/1425
f 1417/1417/1417 1418/1418/1418 1427/1427/1427
f 1417/1417/1417 1427/1427/1427 1426/1426/1426
f 1418/1418/1418 1419/1419/1419 1428/1428/1428
f 1418/1418/1418 1428/1428/1428 1427/1427/1427
f 1419/1419/1419 1420/1420/1420 1429/1429/1429
f 1419/1419/1419 1429/1429/1429 1428/1428/1428
f 1420/1420/1420 1421/1421/1421 1430/1430/1430
f 1420/1420/1420 1430/1430/1430 1429/1429/1429
f 1421/1421/1421 1422/1422/1422 1431/1431/1431
f 1421/1421/1421 1431/1431/1431 1430/1430/1430
f 1422/1422/1422 1414/1414/1414 1423/1423/1423
f 1422/1422/1422 1423/1423/1423 1431/1431/1431
f 1423/1423/1423 1424/1424/1424 1433/1433/1433
f 1423/1423/1423 1433/1433/1433 1432/1432/1432
f 1424/1424/1424 1425/1425/1425 1434/1434/1434
f 1424/1424/1424 1434/1434/1434 1433/1433/1433
f 1425/1425/1425 1426/1426/1426 1435/1435/1435
f 1425/1425/1425 1435/1435/1435 1434/1434/1434
f 1426/1426/1426 1427/1427/1427 1436/1436/1436
f 1426/1426/1426 1436/1436/1436 1435/1435/1435
f 1427/1427/1427 1428/1428/1428 1437/1437/1437
f 1427/1427/1427 1437/1437/1437 1436/1436/1436
f 1428/1428/1428 1429/1429/1429 1438/1438/1438
f 1428/1428/1428 1438/1438/1438 1437/1437/1437
f 1429/1429/1429 1430/1430/1430 1439/1439/1439
f 1429/1429/1429 1439/1439/1439 1438/1438/1438
f 1430/1430/1430 1431/1431/1431 1440/1440/1440
f 1430/1430/1430 1440/1440/1440 1439/1439/1439
f 1431/1431/1431 1423/1423/1423 1432/1432/1432
f 1431/1431/1431 1432/1432/1432 1440/1440/1440
f 1432/1432/1432 1433/1433/1433 1442/1442/1442
f 1432/1432/1432 1442/1442/1442 1441/1441/1441
f 1433/1433/1433 1434/1434/1434 1443/1443/1443
f 1433/1433/1433 1443/1443/1443 1442/1442/1442
f 1434/1434/1434 1435/1435/1435 1444/1444/1444
f 1434/1434/1434 1444/1444/1444 1443/1443/1443
f 1435/1435/1435 1436/1436/1436 1445/1445/1445
f 1435/1435/1435 1445/1445/1445 1444/1444/1444
f 1436/1436/1436 1437/1437/1437 1446/1446/1446
f 1436/1436/1436 1446/1446/1446 1445/1445/1445
f 1437/1437/1437 1438/1438/1438 1447/1447/1447
f 1437/1437/1437 1447/1447/1447 1446/1446/1446
f 1438/1438/1438 1439/1439/1439 1448/1448/1448
f 1438/1438/1438 1448/1448/1448 1447/1447/1447
f 1439/1439/1439 1440/1440/1440 1449/1449/1449
f 1439/1439/1439 1449/1449/1449 1448/1448/1448
f 1440/1440/1440 1432/1432/1432 1441/1441/1441
f 1440/1440/1440 1441/1441/1441 1449/1449/1449
f 1441/1441/1441 1442/1442/1442 1451/1451/1451
f 1441/1441/1441 1451/1451/1451 1450/1450/1450
f 1442/1442/1442 1443/1443/1443 1452/1452/1452
f 1442/1442/1442 1452/1452/1452 1451/1451/1451
f 1443/1443/1443 1444/1444/1444 1453/1453/1453
f 1443/1443/1443 1453/1453/1453 1452/1452/1452
f 1444/1444/1444 1445/1445/1445 1454/1454/1454
f 1444/1444/1444 1454/1454/1454 1453/1453/1453
f 1445/1445/1445 1446/1446/1446 1455/1455/1455
f 1445/1445/1445 1455/1455/1455 1454/1454/1454
f 1446/1446/1446 1447/1447/1447 1456/1456/1456
f 1446/1446/1446 1456/1456/1456 1455/1455/1455
f 1447/1447/1447 1448/1448/1448 1457/1457/1457
f 1447/1447/1447 1457/1457/1457 1456/1456/1456
f 1448/1448/1448 1449/1449/1449 1458/1458/1458
f 1448/1448/1448 1458/1458/1458 1457/1457/1457
f 1449/1449/1449 1441/1441/1441 1450/1450/1450
f 1449/1449/1449 1450/1450/1450 1458/1458/1458
f 1459/1459/1459 1460/1460/1460 1469/1469/1469
f 1459/1459/1459 1469/1469/1469 1468/1468/1468
f 1460/1460/1460 1461/1461/1461 1470/1470/1470
f 1460/1460/1460 1470/1470/1470 1469/1469/1469
f 1461/1461/1461 1462/1462/1462 1471/1471/1471
f 1461/1461/1461 1471/1471/1471 1470/1470/1470
f 1462/1462/1462 1463/1463/1463 1472/1472/1472
f 1462/1462/1462 1472/1472/1472 1471/1471/1471
f 1463/1463/1463 1464/1464/1464 1473/1473/1473
f 1463/1463/1463 1473/1473/1473 1472/1472/1472
f 1464/1464/1464 1465/1465/1465 1474/1474/1474
f 1464/1464/1464 1474/1474/1474 1473/1473/1473
f 1465/1465/1465 1466/1466/1466 1475/1475/1475
f 1465/1465/1465 1475/1475/1475 1474/1474/1474
f 1466/1466/1466 1467/1467/1467 1476/1476/1476
f 1466/1466/1466 1476/1476/1476 1475/1475/1475
f 1467/1467/1467 1459/1459/1459 1468/1468/1468
f 1467/1467/1467 1468/1468/1468 1476/1476/1476
f 1468/1468/1468 1469/1469/1469 1478/1478/1478
f 1468/1468/1468 1478/1478/1478 1477/1477/1477
f 1469/1469/1469 1470/1470/1470 1479/1479/1479
f 1469/1469/1469 1479/1479/1479 1478/1478/1478
f 1470/1470/1470 1471/1471/1471 1480/1480/1480
f 1470/1470/1470 1480/1480/1480 1479/1479/1479
f 1471/1471/1471 1472/1472/1472 1481/1481/1481
f 1471/1471/1471 1481/1481/1481 1480/1480/1480
f 1472/1472/1472 1473/1473/1473 1482/1482/1482
f 1472/1472/1472 1482/1482/1482 1481/1481/1481
f 1473/1473/1473 1474/1474/1474 1483/1483/1483
f 1473/1473/1473 1483/1483/1483 1482/1482/1482
f 1474/1474/1474 1475/1475/1475 1484/1484/1484
f 1474/1474/1474 1484/1484/1484 1483/1483/1483
f 1475/1475/1475 1476/1476/1476 1485/1485/1485
f 1475/1475/1475 1485/1485/1485 1484/1484/1484
f 1476/1476/1476 1468/1468/1468 1477/1477/1477
f 1476/1476/1476 1477/1477/1477 1485/1485/1485
f 1477/1477/1477 1478/1478/1478 1487/1487/1487
f 1477/1477/1477 1487/1487/1487 1486/1486/1486
f 1478/1478/1478 1479/1479/1479 1488/1488/1488
f 1478/1478/1478 1488/1488/1488 1487/1487/1487
f 1479/1479/1479 1480/1480/1480 1489/1489/1489
f 1479/1479/1479 1489/1489/1489 1488/1488/1488
f 1480/1480/1480 1481/1481/1481 1490/1490/1490
f 1480/1480/1480 1490/1490/1490 1489/1489/1489
f 1481/1481/1481 1482/1482/1482 1491/1491/1491
f 1481/1481/1481 1491/1491/1491 1490/1490/1490
f 1482/1482/1482 1483/1483/1483 1492/1492/1492
f 1482/1482/1482 1492/1492/1492 1491/1491/1491
f 1483/1483/1483 1484/1484/1484 1493/1493/1493
f 1483/1483/1483 1493/1493/1493 1492/1492/1492
f 1484/1484/1484 1485/1485/1485 1494/1494/1494
f 1484/1484/1484 1494/1494/1494 1493/1493/1493
f 1485/1485/1485 1477/1477/1477 1486/1486/1486
f 1485/1485/1485 1486/1486/1486 1494/1494/1494
f 1486/1486/1486 1487/1487/1487 1496/1496/1496
f 1486/1486/1486 1496/1496/1496 1495/1495/1495
f 1487/1487/1487 1488/1488/1488 1497/1497/1497
f 1487/1487/1487 1497/1497/1497 1496/1496/1496
f 1488/1488/1488 1489/1489/1489 1498/1498/1498
f 1488/1488/1488 1498/1498/1498 1497/1497/1497
f 1489/1489/1489 1490/1490/1490 1499/1499/1499
f 1489/1489/1489 1499/1499/1499 1498/1498/1498
f 1490/1490/1490 1491/1491/1491 1500/1500/1500
f 1490/1490/1490 1500/1500/1500 1499/1499/1499
f 1491/1491/1491 1492/1492/1492 1501/1501/1501
f 1491/1491/1491 1501/1501/1501 1500/1500/1500
f 1492/1492/1492 1493/1493/1493 1502/1502/1502
f 1492/1492/1492 1502/1502/1502 1501/1501/1501
f 1493/1493/1493 1494/1494/1494 1503/1503/1503
f 1493/1493/1493 1503/1503/1503 1502/1502/1502
f 1494/1494/1494 1486/1486/1486 1495/1495/1495
f 1494/1494/1494 1495/1495/1495 1503/1503/1503
f 1495/1495/1495 1496/1496/1496 1505/1505/1505
f 1495/1495/1495 1505/1505/1505 1504/1504/1504
f 1496/1496/1496 1497/1497/1497 1506/1506/1506
f 1496/1496/1496 1506/1506/1506 1505/1505/1505
f 1497/1497/1497 1498/1498/1498 1507/1507/1507
f 1497/1497/1497 1507/1507/1507 1506/1506/1506
f 1498/1498/1498 1499/1499/1499 1508/1508/1508
f 1498/1498/1498 1508/1508/1508 1507/1507/1507
f 1499/1499/1499 1500/1500/1500 1509/1509/1509
f 1499/1499/1499 1509/1509/1509 1508/1508/1508
f 1500/1500/1500 1501/1501/1501 1510/1510/1510
f 1500/1500/1500 1510/1510/1510 1509/1509/1509
f 1501/1501/1501 1502/1502/1502 1511/1511/1511
f 1501/1501/1501 1511/1511/1511 1510/1510/1510
f 1502/1502/1502 1503/1503/1503 1512/1512/1512
f 1502/1502/1502 1512/1512/1512 1511/1511/1511
f 1503/1503/1503 1495/1495/1495 1504/1504/1504
f 1503/1503/1503 1504/1504/1504 1512/1512/1512
f 1513/1513/1513 1514/1514/1514 1523/1523/1523
f 1513/1513/1513 1523/1523/1523 1522/1522/1522
f 1514/1514/1514 1515/1515/1515 1524/1524/1524
f 1514/1514/1514 1524/1524/1524 1523/1523/1523
f 1515/1515/1515 1516/1516/1516 1525/1525/1525
f 1515/1515/1515 1525/1525/1525 1524/1524/1524
f 1516/1516/1516 1517/1517/1517 1526/1526/1526
f 1516/1516/1516 1526/1526/1526 1525/1525/1525
f 1517/1517/1517 1518/1518/1518 1527/1527/1527
f 1517/1517/1517 1527/1527/1527 1526/1526/1526
f 1518/1518/1518 1519/1519/1519 1528/1528/1528
f 1518/1518/1518 1528/1528/1528 1527/1527/1527
f 1519/1519/1519 1520/1520/1520 1529/1529/1529
f 1519/1519/1519 1529/1529/1529 1528/1528/1528
f 1520/1520/1520 1521/1521/1521 1530/1530/1530
f 1520/1520/1520 1530/1530/1530 1529/1529/1529
f 1521/1521/1521 1513/1513/1513 1522/1522/1522
f 1521/1521/1521 1522/1522/1522 1530/1530/1530
f 1522/1522/1522 1523/1523/1523 1532/1532/1532
f 1522/1522/1522 1532/1532/1532 1531/1531/1531
f 1523/1523/1523 1524/1524/1524 1533/1533/1533
f 1523/1523/1523 1533/1533/1533 1532/1532/1532
f 1524/1524/1524 1525/1525/1525 1534/1534/1534
f 1524/1524/1524 1534/1534/1534 1533/1533/1533
f 1525/1525/1525 1526/1526/1526 1535/1535/1535
f 1525/1525/1525 1535/1535/1535 1534/1534/1534
f 1526/1526/1526 1527/1527/1527 1536/1536/1536
f 1526/1526/1526 1536/1536/1536 1535/1535/1535
f 1527/1527/1527 1528/1528/1528 1537/1537/1537
f 1527/1527/1527 1537/1537/1537 1536/1536/1536
f 1528/1528/1528 1529/1529/1529 1538/1538/1538
f 1528/1528/1528 1538/1538/1538 1537/1537/1537
f 1529/1529/1529 1530/1530/1530 1539/1539/1539
f 1529/1529/1529 1539/1539/1539 1538/1538/1538
f 1530/1530/1530 1522/1522/1522 1531/1531/1531
f 1530/1530/1530 1531/1531/1531 1539/1539/1539
f 1531/1531/1531 1532/1532/1532 1541/1541/1541
f 1531/1531/1531 1541/1541/1541 1540/1540/1540
f 1532/1532/1532 1533/1533/1533 1542/1542/1542
f 1532/1532/1532 1542/1542/1542 1541/1541/1541
f 1533/1533/1533 1534/1534/1534 1543/1543/1543
f 1533/1533/1533 1543/1543/1543 1542/1542/1542
f 1534/1534/1534 1535/1535/1535 1544/1544/1544
f 1534/1534/1534 1544/1544/1544 1543/1543/1543
f 1535/1535/1535 1536/1536/1536 1545/1545/1545
f 1535/1535/1535 1545/1545/1545 1544/1544/1544
f 1536/1536/1536 1537/1537/1537 1546/1546/1546
f 1536/1536/1536 1546/1546/1546 1545/1545/1545
f 1537/1537/1537 1538/1538/1538 1547/1547/1547
f 1537/1537/1537 1547/1547/1547 1546/1546/1546
f 1538/1538/1538 1539/1539/1539 1548/1548/1548
f 1538/1538/1538 1548/1548/1548 1547/1547/1547
f 1539/1539/1539 1531/1531/1531 1540/1540/1540
f 1539/1539/1539 1540/1540/1540 1548/1548/1548
f 1540/1540/1540 1541/1541/1541 1550/1550/1550
f 1540/1540/1540 1550/1550/1550 1549/1549/1549
f 1541/1541/1541 1542/1542/1542 1551/1551/1551
f 1541/1541/1541 1551/1551/1551 1550/1550/1550
f 1542/1542/1542 1543/1543/1543 1552/1552/1552
f 1542/1542/1542 1552/1552/1552 1551/1551/1551
f 1543/1543/1543 1544/1544/1544 1553/1553/1553
f 1543/1543/1543 1553/1553/1553 1552/1552/1552
f 1544/1544/1544 1545/1545/1545 1554/1554/1554
f 1544/1544/1544 1554/1554/1554 1553/1553/1553
f 1545/1545/1545 1546/1546/1546 1555/1555/1555
f 1545/1545/1545 1555/1555/1555 1554/1554/1554
f 1546/1546/1546 1547/1547/1547 1556/1556/1556
f 1546/1546/1546 1556/1556/1556 1555/1555/1555
f 1547/1547/1547 1548/1548/1548 1557/1557/1557
f 1547/1547/1547 1557/1557/1557 1556/1556/1556
f 1548/1548/1548 1540/1540/1540 1549/1549/1549
f 1548/1548/1548 1549/1549/1549 1557/1557/1557
f 1549/1549/1549 1550/1550/1550 1559/1559/1559
f 1549/1549/1549 1559/1559/1559 1558/1558/1558
f 1550/1550/1550 1551/1551/1551 1560/1560/1560
f 1550/1550/1550 1560/1560/1560 1559/1559/1559
f 1551/1551/1551 1552/1552/1552 1561/1561/1561
f 1551/1551/1551 1561/1561/1561 1560/1560/1560
f 1552/1552/1552 1553/1553/1553 1562/1562/1562
f 1552/1552/1552 1562/1562/1562 1561/1561/1561
f 1553/1553/1553 1554/1554/1554 1563/1563/1563
f 1553/1553/1553 1563/1563/1563 1562/1562/1562
f 1554/1554/1554 1555/1555/1555 1564/1564/1564
f 1554/1554/1554 1564/1564/1564 1563/1563/1563
f 1555/1555/1555 1556/1556/1556 1565/1565/1565
f 1555/1555/1555 1565/1565/1565 1564/1564/1564
f 1556/1556/1556 1557/1557/1557 1566/1566/1566
f 1556/1556/1556 1566/1566/1566 1565/1565/1565
f 1557/1557/1557 1549/1549/1549 1558/1558/1558
f 1557/1557/1557 1558/1558/1558 1566/1566/1566
f 1567/1567/1567 1568/1568/1568 1577/1577/1577
f 1567/1567/1567 1577/1577/1577 1576/1576/1576
f 1568/1568/1568 1569/1569/1569 1578/1578/1578
f 1568/1568/1568 1578/1578/1578 1577/1577/1577
f 1569/1569/1569 1570/1570/1570 1579/1579/1579
f 1569/1569/1569 1579/1579/1579 1578/1578/1578
f 1570/1570/1570 1571/1571/1571 1580/1580/1580
f 1570/1570/1570 1580/1580/1580 1579/1579/1579
f 1571/1571/1571 1572/1572/1572 1581/1581/1581
f 1571/1571/1571 1581/1581/1581 1580/1580/1580
f 1572/1572/1572 1573/1573/1573 1582/1582/1582
f 1572/1572/1572 1582/1582/1582 1581/1581/1581
f 1573/1573/1573 1574/1574/1574 1583/1583/1583
f 1573/1573/1573 1583/1583/1583 1582/1582/1582
f 1574/1574/1574 1575/1575/1575 1584/1584/1584
f 1574/1574/1574 1584/1584/1584 1583/1583/1583
f 1575/1575/1575 1567/1567/1567 1576/1576/1576
f 1575/1575/1575 1576/1576/1576 1584/1584/1584
f 1576/1576/1576 1577/1577/1577 1586/1586/1586
f 1576/1576/1576 1586/1586/1586 1585/1585/1585
f 1577/1577/1577 1578/1578/1578 1587/1587/1587
f 1577/1577/1577 1587/1587/1587 1586/1586/1586
f 1578/1578/1578 1579/1579/1579 1588/1588/1588
f 1578/1578/1578 1588/1588/1588 1587/1587/1587
f 1579/1579/1579 1580/1580/1580 1589/1589/1589
f 1579/1579/1579 1589/1589/1589 1588/1588/1588
f 1580/1580/1580 1581/1581/1581 1590/1590/1590
f 1580/1580/1580 1590/1590/1590 1589/1589/1589
f 1581/1581/1581 1582/1582/1582 1591/1591/1591
f 1581/1581/1581 1591/1591/1591 1590/1590/1590
f 1582/1582/1582 1583/1583/1583 1592/1592/1592
f 1582/1582/1582 1592/1592/1592 1591/1591/1591
f 1583/1583/1583 1584/1584/1584 1593/1593/1593
f 1583/1583/1583 1593/1593/1593 1592/1592/1592
f 1584/1584/1584 1576/1576/1576 1585/1585/1585
f 1584/1584/1584 1585/1585/1585 1593/1593/1593
f 1585/1585/1585 1586/1586/1586 1595/1595/1595
f 1585/1585/1585 1595/1595/1595 1594/1594/1594
f 1586/1586/1586 1587/1587/1587 1596/1596/1596
f 1586/1586/1586 1596/1596/1596 1595/1595/1595
f 1587/1587/1587 1588/1588/1588 1597/1597/1597
f 1587/1587/1587 1597/1597/1597 1596/1596/1596
f 1588/1588/1588 1589/1589/1589 1598/1598/1598
f 1588/1588/1588 1598/1598/1598 1597/1597/1597
f 1589/1589/1589 1590/1590/1590 1599/1599/1599
f 1589/1589/1589 1599/1599/1599 1598/1598/1598
f 1590/1590/1590 1591/1591/1591 1600/1600/1600
f 1590/1590/1590 1600/1600/1600 1599/1599/1599
f 1591/1591/1591 1592/1592/1592 1601/1601/1601
f 1591/1591/1591 1601/1601/1601 1600/1600/1600
f 1592/1592/1592 1593/1593/1593 1602/1602/1602
f 1592/1592/1592 1602/1602/1602 1601/1601/1601
f 1593/1593/1593 1585/1585/1585 1594/1594/1594
f 1593/1593/1593 1594/1594/1594 1602/1602/1602
f 1594/1594/1594 1595/1595/1595 1604/1604/1604
f 1594/1594/1594 1604/1604/1604 1603/1603/1603
f 1595/1595/1595 1596/1596/1596 1605/1605/1605
f 1595/1595/1595 1605/1605/1605 1604/1604/1604
f 1596/1596/1596 1597/1597/1597 1606/1606/1606
f 1596/1596/1596 1606/1606/1606 1605/1605/1605
f 1597/1597/1597 1598/1598/1598 1607/1607/1607
f 1597/1597/1597 1607/1607/1607 1606/1606/1606
f 1598/1598/1598 1599/1599/1599 1608/1608/1608
f 1598/1598/1598 1608/1608/1608 1607/1607/1607
f 1599/1599/1599 1600/1600/1600 1609/1609/1609
f 1599/1599/1599 1609/1609/1609 1608/1608/1608
f 1600/1600/1600 1601/1601/1601 1610/1610/1610
f 1600/1600/1600 1610/1610/1610 1609/1609/1609
f 1601/1601/1601 1602/1602/1602 1611/1611/1611
f 1601/1601/1601 1611/1611/1611 1610/1610/1610
f 1602/1602/1602 1594/1594/1594 1603/1603/1603
f 1602/1602/1602 1603/1603/1603 1611/1611/1611
f 1603/1603/1603 1604/1604/1604 1613/1613/1613
f 1603/1603/1603 1613/1613/1613 1612/1612/1612
f 1604/1604/1604 1605/1605/1605 1614/1614/1614
f 1604/1604/1604 1614/1614/1614 1613/1613/1613
f 1605/1605/1605 1606/1606/1606 1615/1615/1615
f 1605/1605/1605 1615/1615/1615 1614/1614/1614
f 1606/1606/1606 1607/1607/1607 1616/1616/1616
f 1606/1606/1606 1616/1616/1616 1615/1615/1615
f 1607/1607/1607 1608/1608/1608 1617/1617/1617
f 1607/1607/1607 1617/1617/1617 1616/1616/1616
f 1608/1608/1608 1609/1609/1609 1618/1618/1618
f 1608/1608/1608 1618/1618/1618 1617/1617/1617
f 1609/1609/1609 1610/1610/1610 1619/1619/1619
f 1609/1609/1609 1619/1619/1619 1618/1618/1618
f 1610/1610/1610 1611/1611/1611 1620/1620/1620
f 1610/1610/1610 1620/1620/1620 1619/1619/1619
f 1611/1611/1611 1603/1603/1603 1612/1612/1612
f 1611/1611/1611 1612/1612/1612 1620/1620/1620
