# sandbag_03
mtllib props.mtl
o sandbag_03
usemtl Burlap
v -0.743847 0.198464 0.008131
v -0.724318 0.206713 0.011968
v -0.748797 0.197706 0.011498
v -0.745479 0.186977 0.004408
v -0.724908 0.179780 0.003971
v -0.728348 0.193170 0.022576
v -0.738781 0.181299 0.006040
v -0.751940 0.195627 0.030549
v -0.719700 0.199726 0.006874
v -0.589252 0.185817 0.046362
v -0.648944 0.162533 0.103839
v -0.715944 0.173541 0.122800
v -0.817739 0.150906 0.092664
v -0.878298 0.148802 0.041673
v -0.866849 0.165347 -0.039940
v -0.790089 0.165669 -0.083169
v -0.702601 0.188553 -0.078309
v -0.606793 0.196703 -0.023690
v -0.511045 0.103216 0.033636
v -0.581271 0.108771 0.131280
v -0.712494 0.098431 0.195822
v -0.879784 0.104593 0.170519
v -0.959660 0.094895 0.034221
v -0.945693 0.090699 -0.061504
v -0.830465 0.122919 -0.165084
v -0.670133 0.137704 -0.182499
v -0.534825 0.114187 -0.059425
v -0.507907 0.091110 0.030011
v -0.573422 0.046569 0.150176
v -0.705462 0.049681 0.210994
v -0.852068 0.030741 0.161142
v -0.945148 0.033525 0.041705
v -0.955258 0.054514 -0.055564
v -0.837407 0.075582 -0.194182
v -0.659904 0.090879 -0.182427
v -0.537177 0.085952 -0.066480
v -0.587093 0.018071 0.009416
v -0.636714 0.036753 0.105210
v -0.729107 0.022748 0.116403
v -0.816225 0.013141 0.081848
v -0.859996 0.002702 0.032909
v -0.859459 0.006287 -0.046790
v -0.791895 0.025630 -0.094141
v -0.672096 0.025173 -0.107594
v -0.606119 0.031576 -0.060969
v -0.708363 0.010324 0.002148
v -0.731042 0.026644 -0.000344
v -0.729207 0.019230 0.002711
v -0.718209 0.014554 0.008044
v -0.736243 0.017701 0.017715
v -0.733417 0.025264 0.003210
v -0.730593 0.016624 0.020199
v -0.723905 0.010305 0.020884
v -0.729584 0.004881 -0.005283
v -0.254063 0.177393 -0.004947
v -0.273202 0.176028 0.003783
v -0.267621 0.180102 0.018474
v -0.283885 0.184475 0.020104
v -0.263746 0.196064 0.017649
v -0.281463 0.197953 0.012468
v -0.268517 0.201339 0.010599
v -0.276854 0.195065 0.009399
v -0.283129 0.173292 0.015890
v -0.131453 0.186824 0.019200
v -0.155972 0.189323 0.071465
v -0.247547 0.175563 0.088295
v -0.336143 0.162285 0.078092
v -0.417342 0.159184 0.015378
v -0.398317 0.147159 -0.050271
v -0.325727 0.156018 -0.080282
v -0.229743 0.165420 -0.089458
v -0.156337 0.168333 -0.052662
v -0.046058 0.118555 0.018658
v -0.109255 0.114224 0.146316
v -0.235272 0.111373 0.194791
v -0.390238 0.111769 0.172675
v -0.491508 0.095318 0.047365
v -0.489045 0.072050 -0.048022
v -0.374814 0.110492 -0.181729
v -0.197294 0.106096 -0.178554
v -0.074006 0.119468 -0.095944
v -0.039336 0.097063 0.038427
v -0.087390 0.075539 0.143196
v -0.257319 0.078361 0.203229
v -0.394393 0.066768 0.186875
v -0.491081 0.036925 0.058536
v -0.466761 0.060825 -0.045673
v -0.380305 0.048519 -0.185531
v -0.198791 0.038661 -0.187796
v -0.064147 0.060496 -0.080605
v -0.125469 0.035754 0.035844
v -0.170334 0.041794 0.079991
v -0.242618 0.037435 0.111906
v -0.348825 0.018393 0.112712
v -0.390812 0.005195 0.046154
v -0.405643 0.010847 -0.044307
v -0.313564 0.024130 -0.075017
v -0.239242 0.035007 -0.088157
v -0.150241 0.027826 -0.030192
v -0.272016 0.007936 0.026611
v -0.256853 0.004314 0.016494
v -0.259191 0.027154 -0.000063
v -0.266058 0.014419 0.009793
v -0.260690 0.002878 0.011213
v -0.262624 0.017583 0.006879
v -0.244309 0.015732 0.027323
v -0.256540 0.027093 0.028172
v -0.247701 0.000000 0.019332
v 0.205809 0.190168 0.011705
v 0.192554 0.172976 0.033266
v 0.214776 0.180050 0.021659
v 0.192475 0.173622 0.019498
v 0.211448 0.197609 0.015345
v 0.209047 0.187209 0.008730
v 0.217988 0.201741 0.010880
v 0.215633 0.199391 0.016066
v 0.204080 0.200727 0.008933
v 0.330112 0.178647 0.035806
v 0.307936 0.174000 0.088084
v 0.214376 0.154547 0.130713
v 0.142284 0.171705 0.093786
v 0.083950 0.148838 0.032404
v 0.085787 0.170223 -0.031535
v 0.142207 0.163205 -0.081602
v 0.238846 0.168577 -0.071410
v 0.310676 0.171743 -0.034429
v 0.427283 0.101027 0.040496
v 0.359638 0.092282 0.140753
v 0.212483 0.105748 0.201278
v 0.074685 0.092481 0.189213
v 0.013560 0.106899 0.040874
v 0.010895 0.119660 -0.040374
v 0.100499 0.119197 -0.172633
v 0.251130 0.127097 -0.198977
v 0.393823 0.118603 -0.099153
v 0.425209 0.076324 0.030014
v 0.359633 0.063628 0.162298
v 0.227054 0.040882 0.230839
v 0.068068 0.058588 0.185514
v -0.005690 0.063507 0.053863
v 0.000695 0.071105 -0.073337
v 0.095787 0.069968 -0.188664
v 0.270525 0.076417 -0.197137
v 0.391329 0.059989 -0.101935
v 0.328116 0.040502 0.015516
v 0.308270 0.010458 0.097957
v 0.234518 0.026349 0.113559
v 0.129366 0.017898 0.092686
v 0.080094 0.030344 0.029103
v 0.078384 0.020727 -0.036702
v 0.155228 0.044201 -0.090180
v 0.225902 0.025334 -0.109292
v 0.311682 0.036690 -0.063953
v 0.213557 0.015176 0.021223
v 0.200903 0.011264 0.014150
v 0.218053 0.017706 0.012412
v 0.194627 0.028251 -0.003887
v 0.212566 0.013864 0.000436
v 0.213627 0.013919 0.010719
v 0.194036 0.004662 -0.005084
v 0.209482 0.008123 0.004545
v 0.217753 0.018676 -0.008575
v 0.661759 0.182636 0.004285
v 0.673975 0.191446 -0.012631
v 0.661047 0.185894 -0.014635
v 0.680201 0.186579 0.013651
v 0.665741 0.194461 -0.013696
v 0.667047 0.170856 0.006724
v 0.673477 0.187286 0.004948
v 0.679680 0.170826 0.001342
v 0.674467 0.194857 -0.011164
v 0.802053 0.157914 0.014558
v 0.754669 0.160084 0.075483
v 0.675414 0.150688 0.102787
v 0.583391 0.162802 0.074142
v 0.544643 0.164946 0.005701
v 0.550501 0.165253 -0.030622
v 0.609303 0.167017 -0.074948
v 0.721302 0.154423 -0.082432
v 0.775967 0.162552 -0.030366
v 0.888216 0.090916 0.031904
v 0.829908 0.114636 0.141568
v 0.675433 0.115646 0.203050
v 0.551506 0.095438 0.141937
v 0.456248 0.091165 0.038321
v 0.477022 0.118681 -0.077879
v 0.571725 0.111184 -0.176503
v 0.720239 0.099983 -0.192348
v 0.867854 0.102849 -0.092454
v 0.886877 0.050720 0.035970
v 0.823542 0.070116 0.149417
v 0.671532 0.051427 0.198103
v 0.526569 0.066769 0.174171
v 0.462912 0.068948 0.029439
v 0.471342 0.076089 -0.076318
v 0.573369 0.067960 -0.189666
v 0.744479 0.070018 -0.195818
v 0.866552 0.055404 -0.095779
v 0.797792 0.036472 0.028377
v 0.778192 0.026317 0.103827
v 0.672207 0.015887 0.129360
v 0.592649 0.041377 0.092364
v 0.531422 0.032905 0.035071
v 0.554948 0.035860 -0.056736
v 0.598770 0.026327 -0.104217
v 0.698684 0.027911 -0.090236
v 0.778256 0.023489 -0.068595
v 0.678142 0.027392 0.016859
v 0.669120 0.003173 0.001974
v 0.669108 0.008559 0.016162
v 0.677055 0.019224 0.012328
v 0.658135 0.030308 0.011348
v 0.686168 0.024013 -0.007279
v 0.677061 0.017154 0.010347
v 0.669797 0.002609 0.016570
v 0.678393 0.021337 -0.009725
v -0.485121 0.377967 -0.013042
v -0.503389 0.378724 -0.004349
v -0.508524 0.373066 -0.008598
v -0.511246 0.388186 -0.002584
v -0.505757 0.379297 -0.008027
v -0.507845 0.389936 -0.010062
v -0.504005 0.371735 0.001689
v -0.502100 0.381538 -0.014269
v -0.498155 0.388490 -0.015964
v -0.371169 0.359836 -0.018691
v -0.380560 0.372804 0.059146
v -0.460323 0.375210 0.078837
v -0.553105 0.378378 0.084498
v -0.625280 0.381935 0.043629
v -0.628755 0.350327 -0.013318
v -0.557151 0.354481 -0.076762
v -0.472573 0.360572 -0.093125
v -0.402016 0.349994 -0.053209
v -0.267254 0.309783 -0.013505
v -0.303241 0.321694 0.108163
v -0.432642 0.323583 0.166279
v -0.606220 0.320019 0.168708
v -0.719308 0.313305 0.067807
v -0.718977 0.285223 -0.018998
v -0.607350 0.287638 -0.142288
v -0.460132 0.290599 -0.181328
v -0.336222 0.298911 -0.117374
v -0.256268 0.254953 -0.010182
v -0.299068 0.269549 0.116741
v -0.444625 0.280918 0.193571
v -0.613928 0.273801 0.167752
v -0.696271 0.266195 0.069161
v -0.705230 0.252332 -0.026316
v -0.606151 0.228412 -0.132553
v -0.481454 0.223354 -0.166869
v -0.325460 0.238117 -0.117528
v -0.350897 0.207415 0.015169
v -0.370629 0.238367 0.075353
v -0.480289 0.217782 0.105310
v -0.560930 0.225417 0.110207
v -0.635685 0.228083 0.051390
v -0.626214 0.227814 -0.021550
v -0.555533 0.209679 -0.058431
v -0.484044 0.194765 -0.103789
v -0.380595 0.208069 -0.071897
v -0.501952 0.202393 0.016828
v -0.508819 0.213387 0.024486
v -0.499435 0.218295 0.024783
v -0.504078 0.212025 0.011230
v -0.501540 0.202287 0.011674
v -0.494488 0.211046 0.013210
v -0.504473 0.204025 0.028355
v -0.484468 0.197215 0.030048
v -0.491379 0.193766 0.002394
v -0.033300 0.374551 0.015403
v -0.029667 0.375570 -0.003698
v -0.031702 0.378532 0.005149
v -0.035579 0.366815 0.009245
v -0.030571 0.388159 -0.000644
v -0.031504 0.373964 0.007656
v -0.035912 0.390981 0.010453
v -0.025361 0.365325 0.004141
v -0.024956 0.365473 0.011810
v 0.140168 0.376936 -0.004516
v 0.098387 0.341745 0.061713
v -0.004413 0.347491 0.102095
v -0.087720 0.334086 0.095678
v -0.168555 0.345013 0.038019
v -0.185128 0.363674 -0.010791
v -0.115291 0.360713 -0.060915
v -0.017251 0.379889 -0.079659
v 0.074352 0.351388 -0.056342
v 0.230509 0.310779 -0.027760
v 0.169506 0.298494 0.075621
v 0.024790 0.303307 0.193930
v -0.141811 0.280644 0.165356
v -0.268614 0.295171 0.065622
v -0.277354 0.286622 -0.012640
v -0.184724 0.306112 -0.160961
v -0.007093 0.314802 -0.195135
v 0.152845 0.314071 -0.132487
v 0.224262 0.278013 -0.020957
v 0.179926 0.241678 0.072029
v 0.053030 0.227843 0.180623
v -0.128726 0.243429 0.171041
v -0.269847 0.252703 0.061252
v -0.259039 0.251592 -0.026509
v -0.161634 0.256316 -0.174465
v -0.011608 0.267656 -0.196591
v 0.150312 0.275027 -0.150074
v 0.133051 0.228782 -0.037304
v 0.115458 0.204920 0.057677
v 0.012044 0.217872 0.109638
v -0.090849 0.196398 0.104864
v -0.169130 0.228573 0.043909
v -0.165430 0.233334 -0.034731
v -0.120777 0.216428 -0.089571
v -0.016848 0.241463 -0.109299
v 0.086598 0.237389 -0.100760
v -0.034074 0.217404 -0.018202
v -0.025445 0.215225 0.000701
v -0.043777 0.199301 -0.021155
v -0.030096 0.202931 -0.016843
v -0.038278 0.197277 -0.022345
v -0.013578 0.215127 -0.000549
v -0.013641 0.214942 -0.004487
v -0.040951 0.222365 -0.018487
v -0.023226 0.222990 -0.007006
v 0.447456 0.383834 -0.018425
v 0.446163 0.398802 -0.021763
v 0.425863 0.377441 -0.004883
v 0.429717 0.385002 -0.027552
v 0.448510 0.383504 -0.018129
v 0.434664 0.403582 -0.011636
v 0.423738 0.389795 -0.024344
v 0.443636 0.382113 -0.011271
v 0.445661 0.397007 -0.028429
v 0.573990 0.372975 -0.039128
v 0.558031 0.383646 0.020617
v 0.478161 0.384099 0.078781
v 0.361836 0.374681 0.089314
v 0.298462 0.366934 0.048488
v 0.290331 0.363114 -0.018446
v 0.359457 0.374020 -0.086329
v 0.435518 0.380585 -0.098548
v 0.543628 0.371531 -0.075480
v 0.679004 0.306588 -0.045999
v 0.645137 0.324936 0.055380
v 0.502546 0.328755 0.155931
v 0.329553 0.319386 0.171778
v 0.196616 0.280345 0.057447
v 0.195788 0.300334 -0.018177
v 0.302094 0.299989 -0.176983
v 0.456257 0.314044 -0.217470
v 0.595274 0.314867 -0.143870
v 0.684646 0.252037 -0.041248
v 0.639932 0.262314 0.083924
v 0.501819 0.271782 0.162586
v 0.317065 0.261439 0.161827
v 0.196320 0.265078 0.068034
v 0.204670 0.258829 -0.020782
v 0.291260 0.248734 -0.154666
v 0.440873 0.237682 -0.204900
v 0.601891 0.267430 -0.164679
v 0.596284 0.207750 -0.040810
v 0.553477 0.213962 0.054262
v 0.477933 0.208912 0.095100
v 0.382124 0.204808 0.090950
v 0.308681 0.205992 0.051610
v 0.291531 0.222406 -0.016571
v 0.360312 0.207811 -0.082652
v 0.454800 0.203616 -0.111525
v 0.553368 0.225191 -0.093836
v 0.432777 0.190555 -0.021362
v 0.436338 0.208410 -0.009504
v 0.434997 0.215092 -0.025238
v 0.426919 0.212869 -0.006629
v 0.447511 0.187828 -0.012485
v 0.422582 0.192119 -0.021746
v 0.442865 0.214273 -0.014643
v 0.448676 0.211053 -0.006801
v 0.429937 0.206547 -0.009613
v 0.735119 0.391580 -0.035469
v 0.714967 0.375449 -0.040156
v 0.731287 0.370854 -0.033571
v 0.738587 0.383773 -0.039205
v 0.739150 0.387497 -0.037710
v 0.722694 0.393229 -0.024344
v 0.744712 0.381409 -0.040822
v 0.736083 0.369547 -0.025171
v 0.724228 0.381473 -0.034525
v 0.890120 0.361953 -0.054152
v 0.857887 0.372663 0.015100
v 0.771210 0.365351 0.053668
v 0.673306 0.377423 0.062822
v 0.585087 0.362745 0.020769
v 0.581050 0.375880 -0.058026
v 0.638556 0.369738 -0.096894
v 0.745018 0.347422 -0.127160
v 0.839885 0.364730 -0.111122
v 0.984644 0.280336 -0.045657
v 0.911346 0.308458 0.077539
v 0.796702 0.306929 0.156247
v 0.624333 0.309421 0.144810
v 0.510512 0.307859 0.025440
v 0.492495 0.317391 -0.052279
v 0.607194 0.307664 -0.187536
v 0.745766 0.310147 -0.213992
v 0.890306 0.300223 -0.151111
v 0.986445 0.252836 -0.030428
v 0.913985 0.261615 0.087282
v 0.773715 0.258399 0.181505
v 0.629365 0.271087 0.153170
v 0.501782 0.259880 0.055219
v 0.481462 0.268657 -0.045295
v 0.581210 0.250331 -0.192555
v 0.760802 0.249015 -0.230839
v 0.890903 0.241609 -0.166550
v 0.882080 0.225121 -0.042952
v 0.838205 0.222391 0.032651
v 0.757735 0.219309 0.096496
v 0.665793 0.235121 0.067753
v 0.584314 0.237719 0.039446
v 0.577056 0.232939 -0.053514
v 0.642553 0.222305 -0.102569
v 0.728893 0.224288 -0.138602
v 0.818599 0.207990 -0.106836
v 0.737724 0.207934 -0.011390
v 0.732483 0.194280 -0.007583
v 0.731009 0.193673 -0.005468
v 0.728453 0.217642 -0.032222
v 0.719253 0.210362 -0.023348
v 0.712741 0.208281 -0.031908
v 0.730483 0.198334 -0.004599
v 0.714966 0.195367 -0.018719
v 0.737920 0.209378 -0.006445
v -0.746089 0.577688 -0.013575
v -0.732329 0.571853 -0.007187
v -0.728555 0.583675 -0.019574
v -0.730221 0.591701 -0.000752
v -0.725309 0.595515 -0.026415
v -0.722377 0.581616 -0.025780
v -0.721641 0.577180 -0.000285
v -0.744591 0.575842 -0.007447
v -0.734096 0.593517 -0.013047
v -0.576409 0.560976 -0.001777
v -0.615241 0.555575 0.037989
v -0.707481 0.567579 0.067954
v -0.819585 0.569833 0.057306
v -0.861789 0.560953 0.016710
v -0.881767 0.559126 -0.046259
v -0.808036 0.562740 -0.079062
v -0.708984 0.554422 -0.111543
v -0.607558 0.554917 -0.078939
v -0.484640 0.513098 -0.008059
v -0.558878 0.504424 0.086796
v -0.697470 0.521095 0.169413
v -0.852867 0.516500 0.154272
v -0.952758 0.490445 0.023275
v -0.971233 0.469451 -0.053573
v -0.867351 0.489399 -0.173769
v -0.688293 0.489111 -0.193837
v -0.546244 0.500756 -0.112542
v -0.491904 0.459018 -0.002580
v -0.547096 0.457636 0.081945
v -0.686552 0.446234 0.155842
v -0.837545 0.459484 0.145401
v -0.950531 0.445742 0.029420
v -0.950310 0.459598 -0.047554
v -0.864635 0.441153 -0.157006
v -0.690309 0.450664 -0.186801
v -0.528129 0.445112 -0.114707
v -0.580271 0.413443 -0.002728
v -0.612664 0.404043 0.040321
v -0.696081 0.415934 0.080879
v -0.787788 0.403383 0.064643
v -0.867554 0.404701 0.031494
v -0.883656 0.404544 -0.051475
v -0.810494 0.409374 -0.084072
v -0.690244 0.406080 -0.120926
v -0.600361 0.410366 -0.081137
v -0.732601 0.392624 0.003893
v -0.715340 0.385475 -0.003475
v -0.728739 0.411281 -0.001552
v -0.732975 0.405788 0.003448
v -0.729514 0.408117 -0.020747
v -0.723883 0.384847 -0.018422
v -0.727645 0.407787 0.003803
v -0.739681 0.409911 -0.002743
v -0.738375 0.394065 0.002122
v -0.259759 0.561564 0.019384
v -0.250480 0.568970 0.012838
v -0.259308 0.561390 -0.004649
v -0.267406 0.588301 0.018848
v -0.261839 0.579346 0.021204
v -0.262803 0.574749 0.015051
v -0.266540 0.564196 0.002474
v -0.246776 0.561913 0.018706
v -0.258702 0.576701 0.020876
v -0.113214 0.549596 0.034374
v -0.170736 0.551728 0.081953
v -0.236139 0.543356 0.089433
v -0.343937 0.567449 0.067137
v -0.407833 0.552263 0.019384
v -0.380612 0.554647 -0.043100
v -0.322841 0.570238 -0.076624
v -0.214323 0.545408 -0.085866
v -0.134560 0.552832 -0.021627
v -0.018624 0.488119 0.034604
v -0.097301 0.498949 0.127673
v -0.242219 0.508751 0.177639
v -0.391911 0.500274 0.150282
v -0.485023 0.511116 0.013973
v -0.488968 0.490864 -0.072143
v -0.352292 0.509702 -0.151322
v -0.196241 0.503015 -0.161132
v -0.057511 0.481486 -0.067824
v -0.043368 0.458553 0.049361
v -0.106630 0.438443 0.137453
v -0.239855 0.456784 0.200484
v -0.387726 0.445560 0.162113
v -0.495646 0.469811 0.017291
v -0.469970 0.451521 -0.070245
v -0.373002 0.443077 -0.181718
v -0.190290 0.456828 -0.180450
v -0.055685 0.453849 -0.083288
v -0.131223 0.419199 0.025691
v -0.176948 0.400312 0.078706
v -0.266404 0.418319 0.117442
v -0.335982 0.428069 0.080142
v -0.390780 0.408976 0.022801
v -0.409856 0.429365 -0.033215
v -0.312730 0.412919 -0.098010
v -0.224382 0.421431 -0.096466
v -0.141778 0.400153 -0.040636
v -0.277706 0.394100 -0.002868
v -0.270725 0.413633 0.008300
v -0.250300 0.389837 0.001297
v -0.263858 0.407861 0.004150
v -0.263829 0.399877 0.021379
v -0.273494 0.397907 0.003207
v -0.271647 0.394252 -0.004385
v -0.249577 0.390575 -0.001635
v -0.275659 0.409679 0.012531
v 0.211912 0.580431 -0.021166
v 0.192370 0.591313 -0.033392
v 0.185337 0.590578 -0.025616
v 0.202683 0.572336 -0.008967
v 0.198700 0.569893 -0.025602
v 0.204241 0.569550 -0.033725
v 0.196144 0.583805 -0.035610
v 0.210802 0.595803 -0.035506
v 0.211943 0.577380 -0.019966
v 0.354680 0.557060 -0.001254
v 0.307372 0.559418 0.048882
v 0.218116 0.554817 0.074488
v 0.128314 0.553773 0.047407
v 0.068407 0.550559 -0.004180
v 0.061574 0.560390 -0.077012
v 0.125388 0.555660 -0.103641
v 0.222886 0.549006 -0.123090
v 0.300716 0.570121 -0.059375
v 0.428774 0.509617 -0.015117
v 0.368228 0.499658 0.088268
v 0.232198 0.514185 0.165038
v 0.070554 0.502617 0.121678
v -0.019636 0.479956 0.015999
v -0.011775 0.496015 -0.098956
v 0.091735 0.509423 -0.191956
v 0.253633 0.502045 -0.197973
v 0.378946 0.510519 -0.102194
v 0.427614 0.471750 -0.005317
v 0.354630 0.462754 0.102817
v 0.216538 0.453810 0.165743
v 0.087226 0.444004 0.127759
v 0.000540 0.442281 0.005618
v -0.012628 0.455569 -0.083355
v 0.092689 0.454374 -0.198743
v 0.248406 0.435296 -0.193134
v 0.392843 0.465638 -0.128514
v 0.360841 0.414677 -0.022163
v 0.303852 0.412579 0.046300
v 0.227315 0.405665 0.083677
v 0.133953 0.419938 0.046970
v 0.068429 0.399637 -0.013243
v 0.069367 0.403032 -0.058552
v 0.143011 0.419260 -0.123505
v 0.244892 0.415466 -0.106427
v 0.319603 0.413703 -0.077403
v 0.216697 0.386617 -0.017057
v 0.202253 0.397578 -0.015631
v 0.203135 0.400817 -0.027246
v 0.204955 0.397561 -0.013012
v 0.215315 0.408022 -0.021243
v 0.200981 0.384328 -0.008990
v 0.204623 0.389657 -0.016070
v 0.196280 0.407083 -0.035626
v 0.202839 0.384968 -0.014515
v 0.675070 0.575811 -0.001572
v 0.678148 0.583272 0.008651
v 0.664813 0.571062 0.007633
v 0.684566 0.586317 -0.007621
v 0.687867 0.591161 -0.000454
v 0.687107 0.585197 0.003961
v 0.682097 0.582459 0.002796
v 0.677841 0.585044 -0.002958
v 0.663963 0.574904 0.007065
v 0.805292 0.556303 -0.008370
v 0.789328 0.547208 0.047513
v 0.698501 0.573102 0.094270
v 0.601078 0.569447 0.080123
v 0.534163 0.558661 0.030467
v 0.551678 0.564885 -0.023388
v 0.598271 0.567365 -0.087971
v 0.684351 0.549665 -0.095143
v 0.787038 0.562072 -0.070420
v 0.904920 0.500531 -0.006058
v 0.831388 0.510786 0.097548
v 0.720814 0.517952 0.192510
v 0.563651 0.507852 0.169658
v 0.454203 0.518224 0.065907
v 0.446652 0.491579 -0.029518
v 0.562103 0.506015 -0.142116
v 0.719237 0.511986 -0.186451
v 0.854574 0.486292 -0.123591
v 0.901790 0.440616 -0.001908
v 0.840570 0.451374 0.106435
v 0.712611 0.438487 0.179180
v 0.577837 0.451015 0.163714
v 0.466503 0.458791 0.058080
v 0.468329 0.452156 -0.040064
v 0.553056 0.460591 -0.144587
v 0.716853 0.437283 -0.177297
v 0.851824 0.426323 -0.101221
v 0.810023 0.415126 0.004203
v 0.789128 0.412894 0.075362
v 0.688501 0.412613 0.100601
v 0.617170 0.409473 0.105544
v 0.531045 0.425794 0.055328
v 0.534047 0.425183 -0.029215
v 0.608157 0.402480 -0.094618
v 0.698391 0.398779 -0.106673
v 0.785365 0.416681 -0.062502
v 0.679427 0.402978 0.001780
v 0.655467 0.406901 0.014678
v 0.680930 0.394356 0.002088
v 0.678770 0.401851 0.015482
v 0.678074 0.404871 0.010273
v 0.668444 0.391418 0.008092
v 0.677537 0.402227 0.003227
v 0.654335 0.383205 0.009914
v 0.671942 0.403762 -0.005804
v -0.490435 0.784171 -0.030482
v -0.495726 0.783560 -0.044576
v -0.501491 0.781683 -0.045514
v -0.494533 0.785686 -0.031566
v -0.509025 0.772495 -0.046184
v -0.489269 0.789271 -0.030014
v -0.507021 0.788961 -0.027312
v -0.495177 0.780442 -0.028056
v -0.486309 0.768454 -0.033465
v -0.374411 0.755139 -0.049889
v -0.396500 0.751281 0.013484
v -0.453924 0.754204 0.061489
v -0.562186 0.771539 0.050736
v -0.617223 0.744222 0.014250
v -0.636110 0.758430 -0.050187
v -0.580514 0.743882 -0.123081
v -0.473662 0.750838 -0.120951
v -0.408685 0.756273 -0.109920
v -0.282738 0.684817 -0.055605
v -0.321825 0.715831 0.079020
v -0.444658 0.721772 0.151264
v -0.608901 0.699768 0.141290
v -0.692930 0.695441 0.043201
v -0.700247 0.686953 -0.070998
v -0.633260 0.667865 -0.189238
v -0.482234 0.694949 -0.209939
v -0.329003 0.704563 -0.163674
v -0.271951 0.641136 -0.053620
v -0.310555 0.652962 0.072879
v -0.442010 0.673140 0.163970
v -0.590671 0.647406 0.154434
v -0.686430 0.655530 0.031621
v -0.709581 0.635886 -0.070233
v -0.631690 0.609353 -0.194768
v -0.463728 0.635131 -0.218783
v -0.326239 0.631645 -0.153061
v -0.357630 0.615272 -0.043268
v -0.389721 0.624222 0.030698
v -0.448146 0.621923 0.069104
v -0.543524 0.616783 0.083084
v -0.629763 0.594073 0.019729
v -0.634909 0.591617 -0.041357
v -0.570595 0.609089 -0.100040
v -0.492080 0.592115 -0.124641
v -0.397178 0.602087 -0.092820
v -0.484010 0.579826 -0.033376
v -0.483847 0.581572 -0.031477
v -0.492000 0.585612 -0.011076
v -0.490002 0.594379 -0.009815
v -0.492987 0.592607 -0.024778
v -0.504836 0.598317 -0.017007
v -0.481908 0.578624 -0.017161
v -0.488153 0.588321 -0.020002
v -0.482256 0.599568 -0.033659
v -0.008095 0.780784 0.001022
v -0.025296 0.784078 -0.005871
v -0.007601 0.778014 -0.019264
v -0.032481 0.782017 -0.017512
v -0.034370 0.766646 0.000020
v -0.023689 0.774530 -0.020918
v -0.006596 0.786054 -0.022741
v -0.012118 0.767412 -0.003630
v -0.026236 0.784693 -0.008140
v 0.118530 0.744625 -0.006186
v 0.100598 0.742014 0.054416
v -0.009698 0.760775 0.081558
v -0.103691 0.762958 0.068207
v -0.167578 0.768924 0.007733
v -0.154250 0.773882 -0.044433
v -0.094205 0.757697 -0.101312
v 0.003527 0.751190 -0.101294
v 0.098899 0.736000 -0.059752
v 0.220983 0.670088 -0.003450
v 0.161833 0.694394 0.096603
v -0.000964 0.689844 0.167810
v -0.152941 0.711745 0.123017
v -0.276486 0.697839 0.006810
v -0.261818 0.706120 -0.078214
v -0.133608 0.706728 -0.168877
v 0.015338 0.681723 -0.174037
v 0.151555 0.686703 -0.114042
v 0.205643 0.627174 -0.009062
v 0.168455 0.624322 0.104205
v 0.004316 0.646141 0.166235
v -0.173456 0.667660 0.143105
v -0.276899 0.658280 0.028156
v -0.250590 0.672643 -0.077999
v -0.142308 0.633529 -0.175961
v 0.009425 0.634865 -0.173161
v 0.168099 0.638205 -0.103736
v 0.116388 0.596143 0.011625
v 0.077408 0.601517 0.062958
v -0.014379 0.598566 0.075422
v -0.129350 0.601848 0.055281
v -0.165172 0.624455 0.008460
v -0.168683 0.617989 -0.050479
v -0.099506 0.615650 -0.103607
v -0.009156 0.599690 -0.102274
v 0.069675 0.585862 -0.074336
v -0.028555 0.602227 -0.009594
v -0.024679 0.591368 -0.016620
v -0.031898 0.598707 -0.021272
v -0.048617 0.594671 -0.003792
v -0.021581 0.598636 -0.001857
v -0.032096 0.591121 -0.014523
v -0.035620 0.589645 -0.006401
v -0.032127 0.594790 -0.000115
v -0.035040 0.595865 -0.008225
v 0.447159 0.771646 0.005679
v 0.420917 0.768242 -0.005854
v 0.429867 0.766931 -0.005688
v 0.446133 0.771162 0.003165
v 0.443051 0.778531 -0.010387
v 0.429808 0.782057 0.013314
v 0.444123 0.780629 0.006047
v 0.443265 0.784380 0.008788
v 0.438627 0.769888 0.007985
v 0.587131 0.745421 -0.016880
v 0.558341 0.750535 0.049810
v 0.481778 0.757354 0.080945
v 0.354321 0.748239 0.099982
v 0.294184 0.746271 0.055625
v 0.305344 0.734778 -0.027954
v 0.354043 0.747048 -0.079557
v 0.445011 0.738202 -0.090855
v 0.538494 0.738458 -0.052270
v 0.670285 0.681272 -0.003572
v 0.635553 0.712664 0.098876
v 0.506031 0.715370 0.179111
v 0.332720 0.700555 0.163357
v 0.214425 0.697624 0.082228
v 0.221384 0.667975 -0.027865
v 0.314432 0.692383 -0.127201
v 0.451988 0.675373 -0.171316
v 0.602900 0.693630 -0.125517
v 0.680238 0.648028 -0.016346
v 0.645799 0.656347 0.098636
v 0.504465 0.654753 0.200475
v 0.320362 0.654743 0.173125
v 0.207542 0.655874 0.071983
v 0.219454 0.630606 -0.007384
v 0.310049 0.617161 -0.126999
v 0.459884 0.621426 -0.171400
v 0.613777 0.642546 -0.117358
v 0.572857 0.596414 -0.005944
v 0.567000 0.624838 0.059853
v 0.467211 0.627935 0.105046
v 0.357922 0.620224 0.116253
v 0.303519 0.616356 0.050473
v 0.302513 0.605910 -0.002037
v 0.360399 0.589436 -0.066146
v 0.459891 0.596639 -0.089897
v 0.549365 0.610456 -0.071616
v 0.433946 0.593172 0.030939
v 0.443935 0.589158 0.010695
v 0.440428 0.599679 0.022312
v 0.444843 0.602821 0.025227
v 0.436210 0.582483 0.014670
v 0.426987 0.587239 0.026686
v 0.446985 0.582580 0.032928
v 0.433531 0.580260 0.022052
v 0.438724 0.597460 0.009031
v 0.719064 0.767645 -0.028383
v 0.733721 0.774956 -0.037277
v 0.734021 0.768890 -0.030149
v 0.736230 0.778561 -0.011614
v 0.738844 0.792781 -0.023588
v 0.740996 0.782749 -0.024042
v 0.732703 0.775119 -0.030789
v 0.737972 0.785381 -0.020383
v 0.736138 0.779631 -0.031898
v 0.884935 0.755349 -0.011681
v 0.847998 0.745400 0.047202
v 0.764390 0.748103 0.060495
v 0.656744 0.762211 0.056492
v 0.573144 0.764382 0.007498
v 0.581300 0.757679 -0.067414
v 0.653023 0.754532 -0.111659
v 0.770184 0.752872 -0.105736
v 0.860372 0.740988 -0.093269
v 0.992037 0.667875 -0.009092
v 0.936909 0.681703 0.082276
v 0.768015 0.713042 0.180624
v 0.588656 0.722973 0.143734
v 0.476318 0.686946 0.018437
v 0.476083 0.685436 -0.076962
v 0.621837 0.691415 -0.191725
v 0.781928 0.681317 -0.207694
v 0.908995 0.698038 -0.119719
v 0.978018 0.651010 -0.014708
v 0.914657 0.638675 0.104710
v 0.764542 0.649090 0.178273
v 0.601249 0.658845 0.148012
v 0.483843 0.661007 0.026138
v 0.487947 0.652286 -0.074676
v 0.606003 0.647916 -0.199843
v 0.780915 0.636197 -0.216623
v 0.911976 0.630045 -0.130128
v 0.897689 0.608570 -0.008135
v 0.851547 0.611934 0.059985
v 0.752412 0.614463 0.094900
v 0.642172 0.598718 0.075919
v 0.563276 0.612612 0.016884
v 0.564079 0.608044 -0.068197
v 0.648636 0.612205 -0.125454
v 0.765939 0.588296 -0.137560
v 0.854063 0.589510 -0.079357
v 0.734438 0.586899 -0.009132
v 0.727170 0.585166 -0.030208
v 0.733602 0.574967 -0.018875
v 0.722120 0.598191 -0.023327
v 0.717278 0.577631 -0.028651
v 0.714757 0.578678 -0.024450
v 0.712644 0.583375 -0.020503
v 0.715150 0.591672 -0.023020
v 0.710723 0.576590 -0.020764
v -0.714068 0.967117 -0.027644
v -0.714749 0.961088 -0.036973
v -0.732296 0.965284 -0.029233
v -0.721567 0.962508 -0.033812
v -0.710928 0.959695 -0.014810
v -0.716732 0.958650 -0.025233
v -0.713862 0.959589 -0.029255
v -0.731478 0.969195 -0.034906
v -0.708577 0.962256 -0.014524
v -0.551450 0.931780 -0.030850
v -0.585712 0.936301 0.014381
v -0.692266 0.958212 0.052577
v -0.790294 0.945381 0.062873
v -0.875295 0.963777 0.015731
v -0.880164 0.952119 -0.047843
v -0.803882 0.944606 -0.110018
v -0.690342 0.936232 -0.116030
v -0.602750 0.919746 -0.091556
v -0.462097 0.850700 -0.026109
v -0.520259 0.890442 0.064276
v -0.673179 0.897649 0.138740
v -0.846228 0.913076 0.121517
v -0.962468 0.899708 0.022670
v -0.974883 0.886065 -0.047038
v -0.857579 0.877066 -0.163797
v -0.675817 0.877493 -0.190655
v -0.518432 0.868077 -0.112705
v -0.463995 0.831825 -0.018768
v -0.539589 0.821152 0.086823
v -0.677103 0.851748 0.149753
v -0.848030 0.868170 0.132368
v -0.985176 0.876539 0.032537
v -0.992037 0.862766 -0.039257
v -0.867109 0.826765 -0.175163
v -0.696060 0.829709 -0.192018
v -0.543902 0.818309 -0.122389
v -0.565407 0.780171 -0.015622
v -0.611271 0.791517 0.057059
v -0.698860 0.798180 0.073202
v -0.804811 0.812378 0.081062
v -0.885057 0.816464 0.024309
v -0.884194 0.812815 -0.037634
v -0.817095 0.788579 -0.102133
v -0.720252 0.785599 -0.104386
v -0.617750 0.787289 -0.068960
v -0.742507 0.793721 0.001046
v -0.730351 0.787255 -0.018023
v -0.733475 0.787024 -0.000037
v -0.730980 0.797508 -0.024135
v -0.723671 0.785785 0.001296
v -0.740745 0.792432 -0.012607
v -0.738020 0.795207 -0.002028
v -0.742903 0.782051 -0.012871
v -0.737824 0.774026 -0.018206
v -0.261420 0.962527 0.005222
v -0.252171 0.959594 0.010108
v -0.246839 0.971658 0.015504
v -0.258665 0.965066 0.000363
v -0.260868 0.967726 -0.000960
v -0.259378 0.977059 0.023333
v -0.247906 0.972085 0.019070
v -0.250483 0.973001 0.001176
v -0.266563 0.959525 0.004595
v -0.083297 0.924975 0.010975
v -0.125517 0.932206 0.067753
v -0.232887 0.927088 0.097821
v -0.341010 0.943394 0.072902
v -0.421006 0.966432 0.020120
v -0.405084 0.969153 -0.042594
v -0.336637 0.969416 -0.059114
v -0.218977 0.949112 -0.060348
v -0.117576 0.942720 -0.039686
v -0.004737 0.849109 0.022276
v -0.080992 0.874513 0.104887
v -0.226701 0.878697 0.163672
v -0.400037 0.896206 0.136628
v -0.514990 0.908000 0.012975
v -0.515811 0.903160 -0.041585
v -0.377786 0.911389 -0.138924
v -0.193955 0.896025 -0.160832
v -0.050749 0.879184 -0.086588
v 0.005106 0.829652 0.007126
v -0.075043 0.821266 0.120483
v -0.235889 0.809830 0.159475
v -0.391390 0.839143 0.133179
v -0.508920 0.862456 0.034397
v -0.510498 0.862734 -0.056002
v -0.374677 0.862837 -0.159449
v -0.214039 0.846955 -0.158976
v -0.062159 0.826727 -0.095090
v -0.111018 0.778784 0.007966
v -0.155424 0.788509 0.074733
v -0.249933 0.794886 0.080602
v -0.360653 0.810862 0.066244
v -0.433665 0.797309 0.003168
v -0.425815 0.806148 -0.047702
v -0.336731 0.801535 -0.105176
v -0.240223 0.796144 -0.086854
v -0.130231 0.789365 -0.055127
v -0.278051 0.771625 -0.000201
v -0.258787 0.770513 -0.003114
v -0.269948 0.792763 -0.016735
v -0.256706 0.778858 -0.013616
v -0.260749 0.786590 0.005159
v -0.255667 0.795082 0.004805
v -0.258449 0.773025 -0.016813
v -0.256004 0.791640 -0.013622
v -0.271735 0.780911 -0.005197
v 0.207772 0.959991 0.011964
v 0.223805 0.979229 0.016932
v 0.220712 0.964971 -0.007520
v 0.210829 0.977433 -0.005727
v 0.213412 0.978105 0.009327
v 0.212493 0.972058 0.004048
v 0.207987 0.968544 0.010166
v 0.217331 0.972132 -0.001553
v 0.210808 0.982830 0.008457
v 0.341546 0.935484 -0.018958
v 0.333151 0.934604 0.045260
v 0.254970 0.939596 0.102159
v 0.144442 0.949252 0.081497
v 0.068767 0.955539 0.045552
v 0.073265 0.961228 -0.011919
v 0.126940 0.963023 -0.072024
v 0.234924 0.953261 -0.095331
v 0.309130 0.942596 -0.064299
v 0.435086 0.855183 -0.019383
v 0.389487 0.872485 0.096901
v 0.271095 0.863312 0.159802
v 0.098008 0.878922 0.159265
v -0.007892 0.888342 0.072423
v -0.017111 0.895453 -0.019156
v 0.084290 0.929502 -0.141228
v 0.237412 0.921294 -0.198363
v 0.377407 0.896030 -0.115203
v 0.433409 0.826518 -0.029057
v 0.388208 0.813564 0.086958
v 0.263804 0.805110 0.168088
v 0.100808 0.833159 0.165985
v -0.005228 0.857657 0.068811
v -0.018751 0.859871 -0.021540
v 0.060259 0.851691 -0.150819
v 0.231271 0.844127 -0.199084
v 0.378798 0.833958 -0.129863
v 0.333435 0.801549 -0.036986
v 0.321687 0.792305 0.039166
v 0.231220 0.790764 0.085179
v 0.144976 0.793866 0.079315
v 0.058363 0.809598 0.050032
v 0.050505 0.822676 -0.035036
v 0.120562 0.813570 -0.090277
v 0.225102 0.818767 -0.122821
v 0.302234 0.798876 -0.096875
v 0.188178 0.785502 -0.013076
v 0.206694 0.772813 -0.025272
v 0.199199 0.770261 -0.009462
v 0.196305 0.775995 -0.024862
v 0.209140 0.777279 -0.021670
v 0.200463 0.772729 -0.025913
v 0.199003 0.773476 -0.004632
v 0.194343 0.775251 -0.023667
v 0.198098 0.783443 -0.024290
v 0.676067 0.986870 -0.021161
v 0.673109 0.980503 -0.029358
v 0.659819 0.966806 -0.034868
v 0.670644 0.983597 -0.022714
v 0.683925 0.985226 -0.024694
v 0.675059 0.981819 -0.029048
v 0.683077 0.974106 -0.018686
v 0.678536 0.970121 -0.020943
v 0.680805 0.967109 -0.030532
v 0.826526 0.956283 -0.028747
v 0.792557 0.941310 0.032289
v 0.696319 0.962600 0.057175
v 0.613793 0.946838 0.058169
v 0.534753 0.966193 0.015232
v 0.541352 0.949400 -0.052048
v 0.610250 0.957482 -0.087457
v 0.685181 0.944684 -0.106115
v 0.778639 0.951359 -0.090793
v 0.903084 0.878503 -0.042342
v 0.851954 0.894041 0.075604
v 0.720980 0.899554 0.144368
v 0.549798 0.883969 0.140596
v 0.453578 0.896780 0.025585
v 0.436168 0.892773 -0.070801
v 0.557171 0.891476 -0.167181
v 0.718527 0.889901 -0.212782
v 0.843438 0.885102 -0.130992
v 0.899423 0.826680 -0.025500
v 0.849951 0.820832 0.076346
v 0.705784 0.817943 0.154804
v 0.554256 0.838666 0.141507
v 0.465385 0.847217 0.031473
v 0.456573 0.844180 -0.071852
v 0.532210 0.828289 -0.173482
v 0.715904 0.849268 -0.209124
v 0.845838 0.825537 -0.138053
v 0.825144 0.788309 -0.039527
v 0.783139 0.784281 0.043197
v 0.703548 0.801422 0.060857
v 0.592260 0.793227 0.049886
v 0.532043 0.799404 0.001479
v 0.524850 0.800125 -0.046829
v 0.583289 0.791927 -0.115611
v 0.684136 0.795045 -0.130741
v 0.776952 0.793987 -0.105442
v 0.677160 0.784331 -0.031575
v 0.657451 0.773560 -0.033121
v 0.671562 0.793265 -0.038187
v 0.670390 0.793040 -0.018690
v 0.660743 0.792567 -0.024995
v 0.681694 0.785260 -0.023623
v 0.681249 0.785407 -0.032606
v 0.672586 0.790539 -0.032651
v 0.677995 0.779971 -0.032577
vt 0.000000 0.000000
vt 0.166667 0.000000
vt 0.333333 0.000000
vt 0.500000 0.000000
vt 0.666667 0.000000
vt 0.833333 0.000000
vt 1.000000 0.000000
vt 1.166667 0.000000
vt 1.333333 0.000000
vt 0.000000 0.200000
vt 0.166667 0.200000
vt 0.333333 0.200000
vt 0.500000 0.200000
vt 0.666667 0.200000
vt 0.833333 0.200000
vt 1.000000 0.200000
vt 1.166667 0.200000
vt 1.333333 0.200000
vt 0.000000 0.400000
vt 0.166667 0.400000
vt 0.333333 0.400000
vt 0.500000 0.400000
vt 0.666667 0.400000
vt 0.833333 0.400000
vt 1.000000 0.400000
vt 1.166667 0.400000
vt 1.333333 0.400000
vt 0.000000 0.600000
vt 0.166667 0.600000
vt 0.333333 0.600000
vt 0.500000 0.600000
vt 0.666667 0.600000
vt 0.833333 0.600000
vt 1.000000 0.600000
vt 1.166667 0.600000
vt 1.333333 0.600000
vt 0.000000 0.800000
vt 0.166667 0.800000
vt 0.333333 0.800000
vt 0.500000 0.800000
vt 0.666667 0.800000
vt 0.833333 0.800000
vt 1.000000 0.800000
vt 1.166667 0.800000
vt 1.333333 0.800000
vt 0.000000 1.000000
vt 0.166667 1.000000
vt 0.333333 1.000000
vt 0.500000 1.000000
vt 0.666667 1.000000
vt 0.833333 1.000000
vt 1.000000 1.000000
vt 1.166667 1.000000
vt 1.333333 1.000000
vt 0.000000 0.000000
vt 0.166667 0.000000
vt 0.333333 0.000000
vt 0.500000 0.000000
vt 0.666667 0.000000
vt 0.833333 0.000000
vt 1.000000 0.000000
vt 1.166667 0.000000
vt 1.333333 0.000000
vt 0.000000 0.200000
vt 0.166667 0.200000
vt 0.333333 0.200000
vt 0.500000 0.200000
vt 0.666667 0.200000
vt 0.833333 0.200000
vt 1.000000 0.200000
vt 1.166667 0.200000
vt 1.333333 0.200000
vt 0.000000 0.400000
vt 0.166667 0.400000
vt 0.333333 0.400000
vt 0.500000 0.400000
vt 0.666667 0.400000
vt 0.833333 0.400000
vt 1.000000 0.400000
vt 1.166667 0.400000
vt 1.333333 0.400000
vt 0.000000 0.600000
vt 0.166667 0.600000
vt 0.333333 0.600000
vt 0.500000 0.600000
vt 0.666667 0.600000
vt 0.833333 0.600000
vt 1.000000 0.600000
vt 1.166667 0.600000
vt 1.333333 0.600000
vt 0.000000 0.800000
vt 0.166667 0.800000
vt 0.333333 0.800000
vt 0.500000 0.800000
vt 0.666667 0.800000
vt 0.833333 0.800000
vt 1.000000 0.800000
vt 1.166667 0.800000
vt 1.333333 0.800000
vt 0.000000 1.000000
vt 0.166667 1.000000
vt 0.333333 1.000000
vt 0.500000 1.000000
vt 0.666667 1.000000
vt 0.833333 1.000000
vt 1.000000 1.000000
vt 1.166667 1.000000
vt 1.333333 1.000000
vt 0.000000 0.000000
vt 0.166667 0.000000
vt 0.333333 0.000000
vt 0.500000 0.000000
vt 0.666667 0.000000
vt 0.833333 0.000000
vt 1.000000 0.000000
vt 1.166667 0.000000
vt 1.333333 0.000000
vt 0.000000 0.200000
vt 0.166667 0.200000
vt 0.333333 0.200000
vt 0.500000 0.200000
vt 0.666667 0.200000
vt 0.833333 0.200000
vt 1.000000 0.200000
vt 1.166667 0.200000
vt 1.333333 0.200000
vt 0.000000 0.400000
vt 0.166667 0.400000
vt 0.333333 0.400000
vt 0.500000 0.400000
vt 0.666667 0.400000
vt 0.833333 0.400000
vt 1.000000 0.400000
vt 1.166667 0.400000
vt 1.333333 0.400000
vt 0.000000 0.600000
vt 0.166667 0.600000
vt 0.333333 0.600000
vt 0.500000 0.600000
vt 0.666667 0.600000
vt 0.833333 0.600000
vt 1.000000 0.600000
vt 1.166667 0.600000
vt 1.333333 0.600000
vt 0.000000 0.800000
vt 0.166667 0.800000
vt 0.333333 0.800000
vt 0.500000 0.800000
vt 0.666667 0.800000
vt 0.833333 0.800000
vt 1.000000 0.800000
vt 1.166667 0.800000
vt 1.333333 0.800000
vt 0.000000 1.000000
vt 0.166667 1.000000
vt 0.333333 1.000000
vt 0.500000 1.000000
vt 0.666667 1.000000
vt 0.833333 1.000000
vt 1.000000 1.000000
vt 1.166667 1.000000
vt 1.333333 1.000000
vt 0.000000 0.000000
vt 0.166667 0.000000
vt 0.333333 0.000000
vt 0.500000 0.000000
vt 0.666667 0.000000
vt 0.833333 0.000000
vt 1.000000 0.000000
vt 1.166667 0.000000
vt 1.333333 0.000000
vt 0.000000 0.200000
vt 0.166667 0.200000
vt 0.333333 0.200000
vt 0.500000 0.200000
vt 0.666667 0.200000
vt 0.833333 0.200000
vt 1.000000 0.200000
vt 1.166667 0.200000
vt 1.333333 0.200000
vt 0.000000 0.400000
vt 0.166667 0.400000
vt 0.333333 0.400000
vt 0.500000 0.400000
vt 0.666667 0.400000
vt 0.833333 0.400000
vt 1.000000 0.400000
vt 1.166667 0.400000
vt 1.333333 0.400000
vt 0.000000 0.600000
vt 0.166667 0.600000
vt 0.333333 0.600000
vt 0.500000 0.600000
vt 0.666667 0.600000
vt 0.833333 0.600000
vt 1.000000 0.600000
vt 1.166667 0.600000
vt 1.333333 0.600000
vt 0.000000 0.800000
vt 0.166667 0.800000
vt 0.333333 0.800000
vt 0.500000 0.800000
vt 0.666667 0.800000
vt 0.833333 0.800000
vt 1.000000 0.800000
vt 1.166667 0.800000
vt 1.333333 0.800000
vt 0.000000 1.000000
vt 0.166667 1.000000
vt 0.333333 1.000000
vt 0.500000 1.000000
vt 0.666667 1.000000
vt 0.833333 1.000000
vt 1.000000 1.000000
vt 1.166667 1.000000
vt 1.333333 1.000000
vt 0.000000 0.000000
vt 0.166667 0.000000
vt 0.333333 0.000000
vt 0.500000 0.000000
vt 0.666667 0.000000
vt 0.833333 0.000000
vt 1.000000 0.000000
vt 1.166667 0.000000
vt 1.333333 0.000000
vt 0.000000 0.200000
vt 0.166667 0.200000
vt 0.333333 0.200000
vt 0.500000 0.200000
vt 0.666667 0.200000
vt 0.833333 0.200000
vt 1.000000 0.200000
vt 1.166667 0.200000
vt 1.333333 0.200000
vt 0.000000 0.400000
vt 0.166667 0.400000
vt 0.333333 0.400000
vt 0.500000 0.400000
vt 0.666667 0.400000
vt 0.833333 0.400000
vt 1.000000 0.400000
vt 1.166667 0.400000
vt 1.333333 0.400000
vt 0.000000 0.600000
vt 0.166667 0.600000
vt 0.333333 0.600000
vt 0.500000 0.600000
vt 0.666667 0.600000
vt 0.833333 0.600000
vt 1.000000 0.600000
vt 1.166667 0.600000
vt 1.333333 0.600000
vt 0.000000 0.800000
vt 0.166667 0.800000
vt 0.333333 0.800000
vt 0.500000 0.800000
vt 0.666667 0.800000
vt 0.833333 0.800000
vt 1.000000 0.800000
vt 1.166667 0.800000
vt 1.333333 0.800000
vt 0.000000 1.000000
vt 0.166667 1.000000
vt 0.333333 1.000000
vt 0.500000 1.000000
vt 0.666667 1.000000
vt 0.833333 1.000000
vt 1.000000 1.000000
vt 1.166667 1.000000
vt 1.333333 1.000000
vt 0.000000 0.000000
vt 0.166667 0.000000
vt 0.333333 0.000000
vt 0.500000 0.000000
vt 0.666667 0.000000
vt 0.833333 0.000000
vt 1.000000 0.000000
vt 1.166667 0.000000
vt 1.333333 0.000000
vt 0.000000 0.200000
vt 0.166667 0.200000
vt 0.333333 0.200000
vt 0.500000 0.200000
vt 0.666667 0.200000
vt 0.833333 0.200000
vt 1.000000 0.200000
vt 1.166667 0.200000
vt 1.333333 0.200000
vt 0.000000 0.400000
vt 0.166667 0.400000
vt 0.333333 0.400000
vt 0.500000 0.400000
vt 0.666667 0.400000
vt 0.833333 0.400000
vt 1.000000 0.400000
vt 1.166667 0.400000
vt 1.333333 0.400000
vt 0.000000 0.600000
vt 0.166667 0.600000
vt 0.333333 0.600000
vt 0.500000 0.600000
vt 0.666667 0.600000
vt 0.833333 0.600000
vt 1.000000 0.600000
vt 1.166667 0.600000
vt 1.333333 0.600000
vt 0.000000 0.800000
vt 0.166667 0.800000
vt 0.333333 0.800000
vt 0.500000 0.800000
vt 0.666667 0.800000
vt 0.833333 0.800000
vt 1.000000 0.800000
vt 1.166667 0.800000
vt 1.333333 0.800000
vt 0.000000 1.000000
vt 0.166667 1.000000
vt 0.333333 1.000000
vt 0.500000 1.000000
vt 0.666667 1.000000
vt 0.833333 1.000000
vt 1.000000 1.000000
vt 1.166667 1.000000
vt 1.333333 1.000000
vt 0.000000 0.000000
vt 0.166667 0.000000
vt 0.333333 0.000000
vt 0.500000 0.000000
vt 0.666667 0.000000
vt 0.833333 0.000000
vt 1.000000 0.000000
vt 1.166667 0.000000
vt 1.333333 0.000000
vt 0.000000 0.200000
vt 0.166667 0.200000
vt 0.333333 0.200000
vt 0.500000 0.200000
vt 0.666667 0.200000
vt 0.833333 0.200000
vt 1.000000 0.200000
vt 1.166667 0.200000
vt 1.333333 0.200000
vt 0.000000 0.400000
vt 0.166667 0.400000
vt 0.333333 0.400000
vt 0.500000 0.400000
vt 0.666667 0.400000
vt 0.833333 0.400000
vt 1.000000 0.400000
vt 1.166667 0.400000
vt 1.333333 0.400000
vt 0.000000 0.600000
vt 0.166667 0.600000
vt 0.333333 0.600000
vt 0.500000 0.600000
vt 0.666667 0.600000
vt 0.833333 0.600000
vt 1.000000 0.600000
vt 1.166667 0.600000
vt 1.333333 0.600000
vt 0.000000 0.800000
vt 0.166667 0.800000
vt 0.333333 0.800000
vt 0.500000 0.800000
vt 0.666667 0.800000
vt 0.833333 0.800000
vt 1.000000 0.800000
vt 1.166667 0.800000
vt 1.333333 0.800000
vt 0.000000 1.000000
vt 0.166667 1.000000
vt 0.333333 1.000000
vt 0.500000 1.000000
vt 0.666667 1.000000
vt 0.833333 1.000000
vt 1.000000 1.000000
vt 1.166667 1.000000
vt 1.333333 1.000000
vt 0.000000 0.000000
vt 0.166667 0.000000
vt 0.333333 0.000000
vt 0.500000 0.000000
vt 0.666667 0.000000
vt 0.833333 0.000000
vt 1.000000 0.000000
vt 1.166667 0.000000
vt 1.333333 0.000000
vt 0.000000 0.200000
vt 0.166667 0.200000
vt 0.333333 0.200000
vt 0.500000 0.200000
vt 0.666667 0.200000
vt 0.833333 0.200000
vt 1.000000 0.200000
vt 1.166667 0.200000
vt 1.333333 0.200000
vt 0.000000 0.400000
vt 0.166667 0.400000
vt 0.333333 0.400000
vt 0.500000 0.400000
vt 0.666667 0.400000
vt 0.833333 0.400000
vt 1.000000 0.400000
vt 1.166667 0.400000
vt 1.333333 0.400000
vt 0.000000 0.600000
vt 0.166667 0.600000
vt 0.333333 0.600000
vt 0.500000 0.600000
vt 0.666667 0.600000
vt 0.833333 0.600000
vt 1.000000 0.600000
vt 1.166667 0.600000
vt 1.333333 0.600000
vt 0.000000 0.800000
vt 0.166667 0.800000
vt 0.333333 0.800000
vt 0.500000 0.800000
vt 0.666667 0.800000
vt 0.833333 0.800000
vt 1.000000 0.800000
vt 1.166667 0.800000
vt 1.333333 0.800000
vt 0.000000 1.000000
vt 0.166667 1.000000
vt 0.333333 1.000000
vt 0.500000 1.000000
vt 0.666667 1.000000
vt 0.833333 1.000000
vt 1.000000 1.000000
vt 1.166667 1.000000
vt 1.333333 1.000000
vt 0.000000 0.000000
vt 0.166667 0.000000
vt 0.333333 0.000000
vt 0.500000 0.000000
vt 0.666667 0.000000
vt 0.833333 0.000000
vt 1.000000 0.000000
vt 1.166667 0.000000
vt 1.333333 0.000000
vt 0.000000 0.200000
vt 0.166667 0.200000
vt 0.333333 0.200000
vt 0.500000 0.200000
vt 0.666667 0.200000
vt 0.833333 0.200000
vt 1.000000 0.200000
vt 1.166667 0.200000
vt 1.333333 0.200000
vt 0.000000 0.400000
vt 0.166667 0.400000
vt 0.333333 0.400000
vt 0.500000 0.400000
vt 0.666667 0.400000
vt 0.833333 0.400000
vt 1.000000 0.400000
vt 1.166667 0.400000
vt 1.333333 0.400000
vt 0.000000 0.600000
vt 0.166667 0.600000
vt 0.333333 0.600000
vt 0.500000 0.600000
vt 0.666667 0.600000
vt 0.833333 0.600000
vt 1.000000 0.600000
vt 1.166667 0.600000
vt 1.333333 0.600000
vt 0.000000 0.800000
vt 0.166667 0.800000
vt 0.333333 0.800000
vt 0.500000 0.800000
vt 0.666667 0.800000
vt 0.833333 0.800000
vt 1.000000 0.800000
vt 1.166667 0.800000
vt 1.333333 0.800000
vt 0.000000 1.000000
vt 0.166667 1.000000
vt 0.333333 1.000000
vt 0.500000 1.000000
vt 0.666667 1.000000
vt 0.833333 1.000000
vt 1.000000 1.000000
vt 1.166667 1.000000
vt 1.333333 1.000000
vt 0.000000 0.000000
vt 0.166667 0.000000
vt 0.333333 0.000000
vt 0.500000 0.000000
vt 0.666667 0.000000
vt 0.833333 0.000000
vt 1.000000 0.000000
vt 1.166667 0.000000
vt 1.333333 0.000000
vt 0.000000 0.200000
vt 0.166667 0.200000
vt 0.333333 0.200000
vt 0.500000 0.200000
vt 0.666667 0.200000
vt 0.833333 0.200000
vt 1.000000 0.200000
vt 1.166667 0.200000
vt 1.333333 0.200000
vt 0.000000 0.400000
vt 0.166667 0.400000
vt 0.333333 0.400000
vt 0.500000 0.400000
vt 0.666667 0.400000
vt 0.833333 0.400000
vt 1.000000 0.400000
vt 1.166667 0.400000
vt 1.333333 0.400000
vt 0.000000 0.600000
vt 0.166667 0.600000
vt 0.333333 0.600000
vt 0.500000 0.600000
vt 0.666667 0.600000
vt 0.833333 0.600000
vt 1.000000 0.600000
vt 1.166667 0.600000
vt 1.333333 0.600000
vt 0.000000 0.800000
vt 0.166667 0.800000
vt 0.333333 0.800000
vt 0.500000 0.800000
vt 0.666667 0.800000
vt 0.833333 0.800000
vt 1.000000 0.800000
vt 1.166667 0.800000
vt 1.333333 0.800000
vt 0.000000 1.000000
vt 0.166667 1.000000
vt 0.333333 1.000000
vt 0.500000 1.000000
vt 0.666667 1.000000
vt 0.833333 1.000000
vt 1.000000 1.000000
vt 1.166667 1.000000
vt 1.333333 1.000000
vt 0.000000 0.000000
vt 0.166667 0.000000
vt 0.333333 0.000000
vt 0.500000 0.000000
vt 0.666667 0.000000
vt 0.833333 0.000000
vt 1.000000 0.000000
vt 1.166667 0.000000
vt 1.333333 0.000000
vt 0.000000 0.200000
vt 0.166667 0.200000
vt 0.333333 0.200000
vt 0.500000 0.200000
vt 0.666667 0.200000
vt 0.833333 0.200000
vt 1.000000 0.200000
vt 1.166667 0.200000
vt 1.333333 0.200000
vt 0.000000 0.400000
vt 0.166667 0.400000
vt 0.333333 0.400000
vt 0.500000 0.400000
vt 0.666667 0.400000
vt 0.833333 0.400000
vt 1.000000 0.400000
vt 1.166667 0.400000
vt 1.333333 0.400000
vt 0.000000 0.600000
vt 0.166667 0.600000
vt 0.333333 0.600000
vt 0.500000 0.600000
vt 0.666667 0.600000
vt 0.833333 0.600000
vt 1.000000 0.600000
vt 1.166667 0.600000
vt 1.333333 0.600000
vt 0.000000 0.800000
vt 0.166667 0.800000
vt 0.333333 0.800000
vt 0.500000 0.800000
vt 0.666667 0.800000
vt 0.833333 0.800000
vt 1.000000 0.800000
vt 1.166667 0.800000
vt 1.333333 0.800000
vt 0.000000 1.000000
vt 0.166667 1.000000
vt 0.333333 1.000000
vt 0.500000 1.000000
vt 0.666667 1.000000
vt 0.833333 1.000000
vt 1.000000 1.000000
vt 1.166667 1.000000
vt 1.333333 1.000000
vt 0.000000 0.000000
vt 0.166667 0.000000
vt 0.333333 0.000000
vt 0.500000 0.000000
vt 0.666667 0.000000
vt 0.833333 0.000000
vt 1.000000 0.000000
vt 1.166667 0.000000
vt 1.333333 0.000000
vt 0.000000 0.200000
vt 0.166667 0.200000
vt 0.333333 0.200000
vt 0.500000 0.200000
vt 0.666667 0.200000
vt 0.833333 0.200000
vt 1.000000 0.200000
vt 1.166667 0.200000
vt 1.333333 0.200000
vt 0.000000 0.400000
vt 0.166667 0.400000
vt 0.333333 0.400000
vt 0.500000 0.400000
vt 0.666667 0.400000
vt 0.833333 0.400000
vt 1.000000 0.400000
vt 1.166667 0.400000
vt 1.333333 0.400000
vt 0.000000 0.600000
vt 0.166667 0.600000
vt 0.333333 0.600000
vt 0.500000 0.600000
vt 0.666667 0.600000
vt 0.833333 0.600000
vt 1.000000 0.600000
vt 1.166667 0.600000
vt 1.333333 0.600000
vt 0.000000 0.800000
vt 0.166667 0.800000
vt 0.333333 0.800000
vt 0.500000 0.800000
vt 0.666667 0.800000
vt 0.833333 0.800000
vt 1.000000 0.800000
vt 1.166667 0.800000
vt 1.333333 0.800000
vt 0.000000 1.000000
vt 0.166667 1.000000
vt 0.333333 1.000000
vt 0.500000 1.000000
vt 0.666667 1.000000
vt 0.833333 1.000000
vt 1.000000 1.000000
vt 1.166667 1.000000
vt 1.333333 1.000000
vt 0.000000 0.000000
vt 0.166667 0.000000
vt 0.333333 0.000000
vt 0.500000 0.000000
vt 0.666667 0.000000
vt 0.833333 0.000000
vt 1.000000 0.000000
vt 1.166667 0.000000
vt 1.333333 0.000000
vt 0.000000 0.200000
vt 0.166667 0.200000
vt 0.333333 0.200000
vt 0.500000 0.200000
vt 0.666667 0.200000
vt 0.833333 0.200000
vt 1.000000 0.200000
vt 1.166667 0.200000
vt 1.333333 0.200000
vt 0.000000 0.400000
vt 0.166667 0.400000
vt 0.333333 0.400000
vt 0.500000 0.400000
vt 0.666667 0.400000
vt 0.833333 0.400000
vt 1.000000 0.400000
vt 1.166667 0.400000
vt 1.333333 0.400000
vt 0.000000 0.600000
vt 0.166667 0.600000
vt 0.333333 0.600000
vt 0.500000 0.600000
vt 0.666667 0.600000
vt 0.833333 0.600000
vt 1.000000 0.600000
vt 1.166667 0.600000
vt 1.333333 0.600000
vt 0.000000 0.800000
vt 0.166667 0.800000
vt 0.333333 0.800000
vt 0.500000 0.800000
vt 0.666667 0.800000
vt 0.833333 0.800000
vt 1.000000 0.800000
vt 1.166667 0.800000
vt 1.333333 0.800000
vt 0.000000 1.000000
vt 0.166667 1.000000
vt 0.333333 1.000000
vt 0.500000 1.000000
vt 0.666667 1.000000
vt 0.833333 1.000000
vt 1.000000 1.000000
vt 1.166667 1.000000
vt 1.333333 1.000000
vt 0.000000 0.000000
vt 0.166667 0.000000
vt 0.333333 0.000000
vt 0.500000 0.000000
vt 0.666667 0.000000
vt 0.833333 0.000000
vt 1.000000 0.000000
vt 1.166667 0.000000
vt 1.333333 0.000000
vt 0.000000 0.200000
vt 0.166667 0.200000
vt 0.333333 0.200000
vt 0.500000 0.200000
vt 0.666667 0.200000
vt 0.833333 0.200000
vt 1.000000 0.200000
vt 1.166667 0.200000
vt 1.333333 0.200000
vt 0.000000 0.400000
vt 0.166667 0.400000
vt 0.333333 0.400000
vt 0.500000 0.400000
vt 0.666667 0.400000
vt 0.833333 0.400000
vt 1.000000 0.400000
vt 1.166667 0.400000
vt 1.333333 0.400000
vt 0.000000 0.600000
vt 0.166667 0.600000
vt 0.333333 0.600000
vt 0.500000 0.600000
vt 0.666667 0.600000
vt 0.833333 0.600000
vt 1.000000 0.600000
vt 1.166667 0.600000
vt 1.333333 0.600000
vt 0.000000 0.800000
vt 0.166667 0.800000
vt 0.333333 0.800000
vt 0.500000 0.800000
vt 0.666667 0.800000
vt 0.833333 0.800000
vt 1.000000 0.800000
vt 1.166667 0.800000
vt 1.333333 0.800000
vt 0.000000 1.000000
vt 0.166667 1.000000
vt 0.333333 1.000000
vt 0.500000 1.000000
vt 0.666667 1.000000
vt 0.833333 1.000000
vt 1.000000 1.000000
vt 1.166667 1.000000
vt 1.333333 1.000000
vt 0.000000 0.000000
vt 0.166667 0.000000
vt 0.333333 0.000000
vt 0.500000 0.000000
vt 0.666667 0.000000
vt 0.833333 0.000000
vt 1.000000 0.000000
vt 1.166667 0.000000
vt 1.333333 0.000000
vt 0.000000 0.200000
vt 0.166667 0.200000
vt 0.333333 0.200000
vt 0.500000 0.200000
vt 0.666667 0.200000
vt 0.833333 0.200000
vt 1.000000 0.200000
vt 1.166667 0.200000
vt 1.333333 0.200000
vt 0.000000 0.400000
vt 0.166667 0.400000
vt 0.333333 0.400000
vt 0.500000 0.400000
vt 0.666667 0.400000
vt 0.833333 0.400000
vt 1.000000 0.400000
vt 1.166667 0.400000
vt 1.333333 0.400000
vt 0.000000 0.600000
vt 0.166667 0.600000
vt 0.333333 0.600000
vt 0.500000 0.600000
vt 0.666667 0.600000
vt 0.833333 0.600000
vt 1.000000 0.600000
vt 1.166667 0.600000
vt 1.333333 0.600000
vt 0.000000 0.800000
vt 0.166667 0.800000
vt 0.333333 0.800000
vt 0.500000 0.800000
vt 0.666667 0.800000
vt 0.833333 0.800000
vt 1.000000 0.800000
vt 1.166667 0.800000
vt 1.333333 0.800000
vt 0.000000 1.000000
vt 0.166667 1.000000
vt 0.333333 1.000000
vt 0.500000 1.000000
vt 0.666667 1.000000
vt 0.833333 1.000000
vt 1.000000 1.000000
vt 1.166667 1.000000
vt 1.333333 1.000000
vt 0.000000 0.000000
vt 0.166667 0.000000
vt 0.333333 0.000000
vt 0.500000 0.000000
vt 0.666667 0.000000
vt 0.833333 0.000000
vt 1.000000 0.000000
vt 1.166667 0.000000
vt 1.333333 0.000000
vt 0.000000 0.200000
vt 0.166667 0.200000
vt 0.333333 0.200000
vt 0.500000 0.200000
vt 0.666667 0.200000
vt 0.833333 0.200000
vt 1.000000 0.200000
vt 1.166667 0.200000
vt 1.333333 0.200000
vt 0.000000 0.400000
vt 0.166667 0.400000
vt 0.333333 0.400000
vt 0.500000 0.400000
vt 0.666667 0.400000
vt 0.833333 0.400000
vt 1.000000 0.400000
vt 1.166667 0.400000
vt 1.333333 0.400000
vt 0.000000 0.600000
vt 0.166667 0.600000
vt 0.333333 0.600000
vt 0.500000 0.600000
vt 0.666667 0.600000
vt 0.833333 0.600000
vt 1.000000 0.600000
vt 1.166667 0.600000
vt 1.333333 0.600000
vt 0.000000 0.800000
vt 0.166667 0.800000
vt 0.333333 0.800000
vt 0.500000 0.800000
vt 0.666667 0.800000
vt 0.833333 0.800000
vt 1.000000 0.800000
vt 1.166667 0.800000
vt 1.333333 0.800000
vt 0.000000 1.000000
vt 0.166667 1.000000
vt 0.333333 1.000000
vt 0.500000 1.000000
vt 0.666667 1.000000
vt 0.833333 1.000000
vt 1.000000 1.000000
vt 1.166667 1.000000
vt 1.333333 1.000000
vt 0.000000 0.000000
vt 0.166667 0.000000
vt 0.333333 0.000000
vt 0.500000 0.000000
vt 0.666667 0.000000
vt 0.833333 0.000000
vt 1.000000 0.000000
vt 1.166667 0.000000
vt 1.333333 0.000000
vt 0.000000 0.200000
vt 0.166667 0.200000
vt 0.333333 0.200000
vt 0.500000 0.200000
vt 0.666667 0.200000
vt 0.833333 0.200000
vt 1.000000 0.200000
vt 1.166667 0.200000
vt 1.333333 0.200000
vt 0.000000 0.400000
vt 0.166667 0.400000
vt 0.333333 0.400000
vt 0.500000 0.400000
vt 0.666667 0.400000
vt 0.833333 0.400000
vt 1.000000 0.400000
vt 1.166667 0.400000
vt 1.333333 0.400000
vt 0.000000 0.600000
vt 0.166667 0.600000
vt 0.333333 0.600000
vt 0.500000 0.600000
vt 0.666667 0.600000
vt 0.833333 0.600000
vt 1.000000 0.600000
vt 1.166667 0.600000
vt 1.333333 0.600000
vt 0.000000 0.800000
vt 0.166667 0.800000
vt 0.333333 0.800000
vt 0.500000 0.800000
vt 0.666667 0.800000
vt 0.833333 0.800000
vt 1.000000 0.800000
vt 1.166667 0.800000
vt 1.333333 0.800000
vt 0.000000 1.000000
vt 0.166667 1.000000
vt 0.333333 1.000000
vt 0.500000 1.000000
vt 0.666667 1.000000
vt 0.833333 1.000000
vt 1.000000 1.000000
vt 1.166667 1.000000
vt 1.333333 1.000000
vt 0.000000 0.000000
vt 0.166667 0.000000
vt 0.333333 0.000000
vt 0.500000 0.000000
vt 0.666667 0.000000
vt 0.833333 0.000000
vt 1.000000 0.000000
vt 1.166667 0.000000
vt 1.333333 0.000000
vt 0.000000 0.200000
vt 0.166667 0.200000
vt 0.333333 0.200000
vt 0.500000 0.200000
vt 0.666667 0.200000
vt 0.833333 0.200000
vt 1.000000 0.200000
vt 1.166667 0.200000
vt 1.333333 0.200000
vt 0.000000 0.400000
vt 0.166667 0.400000
vt 0.333333 0.400000
vt 0.500000 0.400000
vt 0.666667 0.400000
vt 0.833333 0.400000
vt 1.000000 0.400000
vt 1.166667 0.400000
vt 1.333333 0.400000
vt 0.000000 0.600000
vt 0.166667 0.600000
vt 0.333333 0.600000
vt 0.500000 0.600000
vt 0.666667 0.600000
vt 0.833333 0.600000
vt 1.000000 0.600000
vt 1.166667 0.600000
vt 1.333333 0.600000
vt 0.000000 0.800000
vt 0.166667 0.800000
vt 0.333333 0.800000
vt 0.500000 0.800000
vt 0.666667 0.800000
vt 0.833333 0.800000
vt 1.000000 0.800000
vt 1.166667 0.800000
vt 1.333333 0.800000
vt 0.000000 1.000000
vt 0.166667 1.000000
vt 0.333333 1.000000
vt 0.500000 1.000000
vt 0.666667 1.000000
vt 0.833333 1.000000
vt 1.000000 1.000000
vt 1.166667 1.000000
vt 1.333333 1.000000
vt 0.000000 0.000000
vt 0.166667 0.000000
vt 0.333333 0.000000
vt 0.500000 0.000000
vt 0.666667 0.000000
vt 0.833333 0.000000
vt 1.000000 0.000000
vt 1.166667 0.000000
vt 1.333333 0.000000
vt 0.000000 0.200000
vt 0.166667 0.200000
vt 0.333333 0.200000
vt 0.500000 0.200000
vt 0.666667 0.200000
vt 0.833333 0.200000
vt 1.000000 0.200000
vt 1.166667 0.200000
vt 1.333333 0.200000
vt 0.000000 0.400000
vt 0.166667 0.400000
vt 0.333333 0.400000
vt 0.500000 0.400000
vt 0.666667 0.400000
vt 0.833333 0.400000
vt 1.000000 0.400000
vt 1.166667 0.400000
vt 1.333333 0.400000
vt 0.000000 0.600000
vt 0.166667 0.600000
vt 0.333333 0.600000
vt 0.500000 0.600000
vt 0.666667 0.600000
vt 0.833333 0.600000
vt 1.000000 0.600000
vt 1.166667 0.600000
vt 1.333333 0.600000
vt 0.000000 0.800000
vt 0.166667 0.800000
vt 0.333333 0.800000
vt 0.500000 0.800000
vt 0.666667 0.800000
vt 0.833333 0.800000
vt 1.000000 0.800000
vt 1.166667 0.800000
vt 1.333333 0.800000
vt 0.000000 1.000000
vt 0.166667 1.000000
vt 0.333333 1.000000
vt 0.500000 1.000000
vt 0.666667 1.000000
vt 0.833333 1.000000
vt 1.000000 1.000000
vt 1.166667 1.000000
vt 1.333333 1.000000
vt 0.000000 0.000000
vt 0.166667 0.000000
vt 0.333333 0.000000
vt 0.500000 0.000000
vt 0.666667 0.000000
vt 0.833333 0.000000
vt 1.000000 0.000000
vt 1.166667 0.000000
vt 1.333333 0.000000
vt 0.000000 0.200000
vt 0.166667 0.200000
vt 0.333333 0.200000
vt 0.500000 0.200000
vt 0.666667 0.200000
vt 0.833333 0.200000
vt 1.000000 0.200000
vt 1.166667 0.200000
vt 1.333333 0.200000
vt 0.000000 0.400000
vt 0.166667 0.400000
vt 0.333333 0.400000
vt 0.500000 0.400000
vt 0.666667 0.400000
vt 0.833333 0.400000
vt 1.000000 0.400000
vt 1.166667 0.400000
vt 1.333333 0.400000
vt 0.000000 0.600000
vt 0.166667 0.600000
vt 0.333333 0.600000
vt 0.500000 0.600000
vt 0.666667 0.600000
vt 0.833333 0.600000
vt 1.000000 0.600000
vt 1.166667 0.600000
vt 1.333333 0.600000
vt 0.000000 0.800000
vt 0.166667 0.800000
vt 0.333333 0.800000
vt 0.500000 0.800000
vt 0.666667 0.800000
vt 0.833333 0.800000
vt 1.000000 0.800000
vt 1.166667 0.800000
vt 1.333333 0.800000
vt 0.000000 1.000000
vt 0.166667 1.000000
vt 0.333333 1.000000
vt 0.500000 1.000000
vt 0.666667 1.000000
vt 0.833333 1.000000
vt 1.000000 1.000000
vt 1.166667 1.000000
vt 1.333333 1.000000
vn -0.065900 0.995096 0.073770
vn -0.065900 0.995096 0.073770
vn -0.065900 0.995096 0.073770
vn -0.065900 0.995096 0.073770
vn -0.065900 0.995096 0.073770
vn -0.065900 0.995096 0.073770
vn -0.065900 0.995096 0.073770
vn -0.065900 0.995096 0.073770
vn -0.065900 0.995096 0.073770
vn 0.323233 0.881916 0.343139
vn 0.199019 0.860954 0.468134
vn -0.092046 0.869006 0.486164
vn -0.265601 0.931801 0.247392
vn -0.307505 0.926976 0.214839
vn -0.376513 0.915409 -0.142355
vn -0.187749 0.955971 -0.225544
vn -0.068906 0.955664 -0.286284
vn 0.321753 0.906720 -0.272642
vn 0.759878 0.617686 0.202606
vn 0.501411 0.582261 0.639968
vn 0.097888 0.582730 0.806749
vn -0.467781 0.534692 0.703765
vn -0.845598 0.490420 0.210838
vn -0.700775 0.610919 -0.368365
vn -0.352616 0.794485 -0.494424
vn 0.240278 0.755173 -0.609902
vn 0.690372 0.593691 -0.413422
vn 0.745325 -0.666692 0.003498
vn 0.590081 -0.634829 0.498795
vn 0.068218 -0.729333 0.680750
vn -0.335959 -0.765529 0.548723
vn -0.658362 -0.715058 0.235056
vn -0.605621 -0.688299 -0.399335
vn -0.238780 -0.632167 -0.737122
vn 0.348735 -0.523531 -0.777367
vn 0.669275 -0.568647 -0.478238
vn 0.360671 -0.927811 0.095309
vn 0.037152 -0.994991 0.092807
vn 0.112481 -0.984957 0.131179
vn 0.054296 -0.986915 0.151823
vn -0.066700 -0.994918 0.075433
vn -0.071686 -0.974152 -0.214218
vn 0.009578 -0.962927 -0.269592
vn 0.091006 -0.935278 -0.342012
vn 0.298701 -0.914614 -0.272507
vn 0.065900 -0.995096 -0.073770
vn 0.065900 -0.995096 -0.073770
vn 0.065900 -0.995096 -0.073770
vn 0.065900 -0.995096 -0.073770
vn 0.065900 -0.995096 -0.073770
vn 0.065900 -0.995096 -0.073770
vn 0.065900 -0.995096 -0.073770
vn 0.065900 -0.995096 -0.073770
vn 0.065900 -0.995096 -0.073770
vn -0.064733 0.996851 -0.045802
vn -0.064733 0.996851 -0.045802
vn -0.064733 0.996851 -0.045802
vn -0.064733 0.996851 -0.045802
vn -0.064733 0.996851 -0.045802
vn -0.064733 0.996851 -0.045802
vn -0.064733 0.996851 -0.045802
vn -0.064733 0.996851 -0.045802
vn -0.064733 0.996851 -0.045802
vn 0.285489 0.944828 -0.160611
vn 0.090596 0.947504 0.306641
vn -0.123590 0.916692 0.380001
vn -0.215819 0.931321 0.293365
vn -0.394051 0.915333 0.083002
vn -0.387773 0.830979 -0.398882
vn -0.178626 0.924118 -0.337785
vn 0.003793 0.904465 -0.426531
vn 0.097947 0.955894 -0.276899
vn 0.680894 0.723340 0.114728
vn 0.500129 0.657043 0.564062
vn 0.054100 0.760157 0.647483
vn -0.342630 0.789277 0.509556
vn -0.787151 0.563366 0.251021
vn -0.745233 0.572615 -0.341672
vn -0.344671 0.740216 -0.577306
vn 0.195416 0.630487 -0.751198
vn 0.592991 0.635184 -0.494876
vn 0.728853 -0.673895 0.120991
vn 0.418886 -0.779588 0.465593
vn 0.114603 -0.746347 0.655616
vn -0.336100 -0.609921 0.717658
vn -0.649004 -0.728107 0.220575
vn -0.557749 -0.777665 -0.290092
vn -0.320970 -0.817825 -0.477640
vn 0.210697 -0.813535 -0.542003
vn 0.639575 -0.721803 -0.264470
vn 0.343922 -0.921671 0.179556
vn 0.176383 -0.939876 0.292442
vn 0.169212 -0.956095 0.239271
vn 0.061717 -0.944102 0.323824
vn -0.126767 -0.987532 0.093327
vn -0.141558 -0.960319 -0.240309
vn 0.087258 -0.974678 -0.205886
vn 0.034726 -0.998419 -0.044194
vn 0.212775 -0.958558 -0.189454
vn 0.064733 -0.996851 0.045802
vn 0.064733 -0.996851 0.045802
vn 0.064733 -0.996851 0.045802
vn 0.064733 -0.996851 0.045802
vn 0.064733 -0.996851 0.045802
vn 0.064733 -0.996851 0.045802
vn 0.064733 -0.996851 0.045802
vn 0.064733 -0.996851 0.045802
vn 0.064733 -0.996851 0.045802
vn -0.021314 0.996579 0.079853
vn -0.021314 0.996579 0.079853
vn -0.021314 0.996579 0.079853
vn -0.021314 0.996579 0.079853
vn -0.021314 0.996579 0.079853
vn -0.021314 0.996579 0.079853
vn -0.021314 0.996579 0.079853
vn -0.021314 0.996579 0.079853
vn -0.021314 0.996579 0.079853
vn 0.374341 0.927250 -0.008703
vn 0.159856 0.892581 0.421599
vn 0.000360 0.924058 0.382253
vn -0.246695 0.929757 0.273301
vn -0.393049 0.904318 0.166496
vn -0.313376 0.948762 -0.040573
vn -0.084633 0.927870 -0.363173
vn 0.039419 0.949080 -0.312561
vn 0.236952 0.927595 -0.288827
vn 0.725976 0.664720 0.176373
vn 0.472592 0.633381 0.612768
vn 0.125868 0.663617 0.737408
vn -0.431867 0.721853 0.540757
vn -0.631785 0.729557 0.261904
vn -0.684613 0.688572 -0.239112
vn -0.364925 0.774684 -0.516424
vn 0.142337 0.815076 -0.561597
vn 0.622928 0.681535 -0.384020
vn 0.506214 -0.859350 0.072556
vn 0.604159 -0.632678 0.484469
vn 0.066688 -0.731350 0.678734
vn -0.393317 -0.821828 0.412190
vn -0.732982 -0.661454 0.158795
vn -0.771808 -0.539023 -0.337294
vn -0.241489 -0.792282 -0.560331
vn 0.186624 -0.675206 -0.713630
vn 0.564049 -0.730809 -0.384404
vn 0.280167 -0.948510 -0.147770
vn 0.237696 -0.967412 0.087266
vn -0.044465 -0.993241 0.107215
vn -0.082369 -0.991190 0.103722
vn -0.207321 -0.976410 0.060339
vn -0.171305 -0.960460 -0.219478
vn -0.108546 -0.953518 -0.281108
vn 0.007899 -0.947865 -0.318574
vn 0.205832 -0.977319 -0.049799
vn 0.021314 -0.996579 -0.079853
vn 0.021314 -0.996579 -0.079853
vn 0.021314 -0.996579 -0.079853
vn 0.021314 -0.996579 -0.079853
vn 0.021314 -0.996579 -0.079853
vn 0.021314 -0.996579 -0.079853
vn 0.021314 -0.996579 -0.079853
vn 0.021314 -0.996579 -0.079853
vn 0.021314 -0.996579 -0.079853
vn -0.002714 0.999973 -0.006882
vn -0.002714 0.999973 -0.006882
vn -0.002714 0.999973 -0.006882
vn -0.002714 0.999973 -0.006882
vn -0.002714 0.999973 -0.006882
vn -0.002714 0.999973 -0.006882
vn -0.002714 0.999973 -0.006882
vn -0.002714 0.999973 -0.006882
vn -0.002714 0.999973 -0.006882
vn 0.363756 0.926658 0.094795
vn 0.159669 0.938533 0.306043
vn 0.012703 0.951842 0.306325
vn -0.212109 0.884473 0.415592
vn -0.407304 0.901064 0.148954
vn -0.204241 0.969023 -0.138856
vn -0.050762 0.930824 -0.361926
vn 0.111012 0.940621 -0.320794
vn 0.309071 0.905770 -0.289924
vn 0.771587 0.629227 0.093419
vn 0.467415 0.746709 0.473233
vn -0.046821 0.692821 0.719588
vn -0.443209 0.759015 0.476930
vn -0.687441 0.660133 0.302738
vn -0.642680 0.713538 -0.278974
vn -0.221508 0.771330 -0.596644
vn 0.182439 0.806187 -0.562831
vn 0.567686 0.721719 -0.396049
vn 0.506732 -0.850672 0.139928
vn 0.493132 -0.569706 0.657461
vn 0.073468 -0.594089 0.801037
vn -0.442290 -0.765353 0.467563
vn -0.606410 -0.788273 0.104370
vn -0.646749 -0.690965 -0.322928
vn -0.309362 -0.671871 -0.672967
vn 0.141158 -0.822610 -0.550806
vn 0.546891 -0.736910 -0.397333
vn 0.109577 -0.993844 0.016338
vn 0.273059 -0.950892 0.145749
vn -0.092819 -0.968869 0.229517
vn -0.190944 -0.975526 0.109034
vn -0.186056 -0.979004 0.083270
vn -0.217222 -0.974337 -0.059015
vn -0.099652 -0.975501 -0.196128
vn 0.042185 -0.956477 -0.288741
vn 0.152808 -0.986641 -0.056474
vn 0.002714 -0.999973 0.006882
vn 0.002714 -0.999973 0.006882
vn 0.002714 -0.999973 0.006882
vn 0.002714 -0.999973 0.006882
vn 0.002714 -0.999973 0.006882
vn 0.002714 -0.999973 0.006882
vn 0.002714 -0.999973 0.006882
vn 0.002714 -0.999973 0.006882
vn 0.002714 -0.999973 0.006882
vn -0.003945 0.994872 -0.101063
vn -0.003945 0.994872 -0.101063
vn -0.003945 0.994872 -0.101063
vn -0.003945 0.994872 -0.101063
vn -0.003945 0.994872 -0.101063
vn -0.003945 0.994872 -0.101063
vn -0.003945 0.994872 -0.101063
vn -0.003945 0.994872 -0.101063
vn -0.003945 0.994872 -0.101063
vn 0.289236 0.925850 -0.243196
vn 0.239050 0.968774 0.065810
vn 0.067183 0.967305 0.244557
vn -0.036945 0.935364 0.351752
vn -0.306596 0.951171 -0.035658
vn -0.391401 0.824121 -0.409425
vn -0.240632 0.903388 -0.354945
vn 0.095022 0.884155 -0.457428
vn 0.269745 0.893646 -0.358656
vn 0.671122 0.721354 -0.171007
vn 0.555657 0.693954 0.457900
vn 0.119719 0.774989 0.620532
vn -0.257419 0.689042 0.677463
vn -0.759761 0.544431 0.355470
vn -0.681015 0.589150 -0.434881
vn -0.466595 0.503238 -0.727351
vn 0.061425 0.469408 -0.880842
vn 0.456493 0.657183 -0.599771
vn 0.774060 -0.633108 -0.002256
vn 0.520251 -0.642339 0.562796
vn 0.127753 -0.537768 0.833358
vn -0.324166 -0.604950 0.727291
vn -0.626285 -0.685916 0.370522
vn -0.526229 -0.846897 -0.076474
vn -0.401471 -0.781159 -0.478133
vn 0.063146 -0.637219 -0.768091
vn 0.521130 -0.571767 -0.633645
vn 0.224783 -0.957307 0.181757
vn 0.126276 -0.948554 0.290346
vn 0.121027 -0.942836 0.310505
vn -0.155473 -0.951261 0.266326
vn -0.277381 -0.953224 0.120095
vn -0.196041 -0.980366 0.021212
vn -0.228250 -0.973597 -0.003327
vn -0.019272 -0.991082 -0.131850
vn 0.185884 -0.977036 -0.104155
vn 0.003945 -0.994872 0.101063
vn 0.003945 -0.994872 0.101063
vn 0.003945 -0.994872 0.101063
vn 0.003945 -0.994872 0.101063
vn 0.003945 -0.994872 0.101063
vn 0.003945 -0.994872 0.101063
vn 0.003945 -0.994872 0.101063
vn 0.003945 -0.994872 0.101063
vn 0.003945 -0.994872 0.101063
vn -0.023204 0.995005 0.097090
vn -0.023204 0.995005 0.097090
vn -0.023204 0.995005 0.097090
vn -0.023204 0.995005 0.097090
vn -0.023204 0.995005 0.097090
vn -0.023204 0.995005 0.097090
vn -0.023204 0.995005 0.097090
vn -0.023204 0.995005 0.097090
vn -0.023204 0.995005 0.097090
vn 0.239571 0.970400 0.030496
vn 0.157572 0.876096 0.455660
vn 0.027884 0.931443 0.362818
vn -0.165186 0.906700 0.388082
vn -0.217424 0.870811 0.440924
vn -0.332467 0.942656 -0.029402
vn -0.206909 0.936256 -0.283923
vn 0.053454 0.969101 -0.240801
vn 0.115571 0.972146 -0.203900
vn 0.760829 0.648835 -0.012347
vn 0.602578 0.550575 0.577726
vn 0.189435 0.600711 0.776698
vn -0.307174 0.686671 0.658883
vn -0.547326 0.711501 0.440682
vn -0.787569 0.556470 -0.264720
vn -0.424203 0.746262 -0.512976
vn 0.041253 0.721833 -0.690837
vn 0.317710 0.844719 -0.430709
vn 0.642418 -0.740638 -0.196863
vn 0.715531 -0.505708 0.481949
vn 0.213908 -0.702063 0.679228
vn -0.302305 -0.669832 0.678186
vn -0.488465 -0.823624 0.288177
vn -0.454514 -0.862662 -0.221881
vn -0.358012 -0.724313 -0.589235
vn 0.095777 -0.762137 -0.640293
vn 0.470826 -0.652450 -0.593828
vn 0.219697 -0.947062 -0.234106
vn 0.119318 -0.992552 0.024565
vn 0.065838 -0.991890 0.108718
vn -0.113210 -0.981844 0.152204
vn -0.268647 -0.956974 -0.109681
vn -0.150512 -0.987975 0.035374
vn -0.045954 -0.979063 -0.198303
vn 0.085400 -0.968884 -0.232315
vn 0.054525 -0.957795 -0.282233
vn 0.023204 -0.995005 -0.097090
vn 0.023204 -0.995005 -0.097090
vn 0.023204 -0.995005 -0.097090
vn 0.023204 -0.995005 -0.097090
vn 0.023204 -0.995005 -0.097090
vn 0.023204 -0.995005 -0.097090
vn 0.023204 -0.995005 -0.097090
vn 0.023204 -0.995005 -0.097090
vn 0.023204 -0.995005 -0.097090
vn -0.021536 0.999601 -0.018285
vn -0.021536 0.999601 -0.018285
vn -0.021536 0.999601 -0.018285
vn -0.021536 0.999601 -0.018285
vn -0.021536 0.999601 -0.018285
vn -0.021536 0.999601 -0.018285
vn -0.021536 0.999601 -0.018285
vn -0.021536 0.999601 -0.018285
vn -0.021536 0.999601 -0.018285
vn 0.294726 0.941598 -0.162880
vn 0.292884 0.944478 0.148931
vn 0.049733 0.962246 0.267600
vn -0.133557 0.959333 0.248680
vn -0.342860 0.930679 0.127606
vn -0.390478 0.911565 -0.128749
vn -0.280667 0.908146 -0.310639
vn 0.031194 0.949702 -0.311598
vn 0.209365 0.904277 -0.372089
vn 0.718923 0.661539 -0.213345
vn 0.606736 0.649026 0.458953
vn 0.264204 0.611906 0.745498
vn -0.329780 0.598097 0.730428
vn -0.620511 0.692768 0.367476
vn -0.738518 0.612922 -0.280924
vn -0.502170 0.608497 -0.614457
vn 0.060004 0.597401 -0.799695
vn 0.442333 0.713340 -0.543588
vn 0.757109 -0.640418 -0.129032
vn 0.613732 -0.512960 0.600171
vn 0.207457 -0.476313 0.854451
vn -0.217654 -0.627333 0.747717
vn -0.510855 -0.795539 0.325799
vn -0.615550 -0.760535 -0.206602
vn -0.438514 -0.762986 -0.474930
vn 0.018415 -0.692319 -0.721357
vn 0.474610 -0.587492 -0.655438
vn 0.230994 -0.970157 -0.073731
vn 0.180683 -0.969496 0.165625
vn 0.105493 -0.961763 0.252751
vn -0.047098 -0.967549 0.248256
vn -0.271995 -0.959593 0.072111
vn -0.290943 -0.948574 -0.124736
vn -0.156075 -0.985011 -0.073438
vn 0.081017 -0.987401 -0.135922
vn 0.139924 -0.964594 -0.223560
vn 0.021536 -0.999601 0.018285
vn 0.021536 -0.999601 0.018285
vn 0.021536 -0.999601 0.018285
vn 0.021536 -0.999601 0.018285
vn 0.021536 -0.999601 0.018285
vn 0.021536 -0.999601 0.018285
vn 0.021536 -0.999601 0.018285
vn 0.021536 -0.999601 0.018285
vn 0.021536 -0.999601 0.018285
vn 0.043665 0.997207 -0.060601
vn 0.043665 0.997207 -0.060601
vn 0.043665 0.997207 -0.060601
vn 0.043665 0.997207 -0.060601
vn 0.043665 0.997207 -0.060601
vn 0.043665 0.997207 -0.060601
vn 0.043665 0.997207 -0.060601
vn 0.043665 0.997207 -0.060601
vn 0.043665 0.997207 -0.060601
vn 0.400626 0.909088 -0.114276
vn 0.207607 0.957805 0.198769
vn 0.098739 0.952867 0.286870
vn -0.072320 0.939538 0.334720
vn -0.273577 0.941496 0.196826
vn -0.302962 0.949534 -0.081234
vn -0.024820 0.902346 -0.430296
vn 0.002534 0.953947 -0.299965
vn 0.129976 0.890709 -0.435596
vn 0.756375 0.647504 -0.092923
vn 0.610880 0.624729 0.486354
vn 0.150817 0.759658 0.632593
vn -0.300370 0.686632 0.662054
vn -0.619651 0.649432 0.440761
vn -0.712094 0.622942 -0.323830
vn -0.379314 0.682592 -0.624651
vn 0.106139 0.729230 -0.675986
vn 0.534156 0.521042 -0.665727
vn 0.474396 -0.879921 0.026215
vn 0.498696 -0.694372 0.518798
vn 0.160641 -0.603858 0.780736
vn -0.276255 -0.761822 0.585927
vn -0.647646 -0.583658 0.489793
vn -0.694388 -0.692419 -0.195911
vn -0.417278 -0.722096 -0.551776
vn 0.043973 -0.664040 -0.746403
vn 0.505219 -0.659806 -0.556246
vn 0.182748 -0.980256 0.075512
vn 0.254209 -0.948872 0.187135
vn -0.003032 -0.944761 0.327746
vn -0.165407 -0.967643 0.190546
vn -0.170577 -0.975006 0.142362
vn -0.252665 -0.967553 0.001403
vn -0.143369 -0.977220 -0.156478
vn -0.084518 -0.961512 -0.261441
vn 0.081250 -0.989259 -0.121510
vn -0.043665 -0.997207 0.060601
vn -0.043665 -0.997207 0.060601
vn -0.043665 -0.997207 0.060601
vn -0.043665 -0.997207 0.060601
vn -0.043665 -0.997207 0.060601
vn -0.043665 -0.997207 0.060601
vn -0.043665 -0.997207 0.060601
vn -0.043665 -0.997207 0.060601
vn -0.043665 -0.997207 0.060601
vn -0.036960 0.999156 -0.017901
vn -0.036960 0.999156 -0.017901
vn -0.036960 0.999156 -0.017901
vn -0.036960 0.999156 -0.017901
vn -0.036960 0.999156 -0.017901
vn -0.036960 0.999156 -0.017901
vn -0.036960 0.999156 -0.017901
vn -0.036960 0.999156 -0.017901
vn -0.036960 0.999156 -0.017901
vn 0.239618 0.970813 0.010278
vn 0.203582 0.933797 0.294242
vn 0.094516 0.949594 0.298894
vn -0.150434 0.930991 0.332603
vn -0.389871 0.910168 0.139983
vn -0.384171 0.901606 -0.198796
vn -0.114739 0.921881 -0.370095
vn 0.035772 0.910159 -0.412711
vn 0.253165 0.898185 -0.359404
vn 0.769543 0.637520 0.037042
vn 0.514791 0.622670 0.589298
vn 0.202667 0.597101 0.776142
vn -0.450288 0.600681 0.660624
vn -0.743452 0.604265 0.286607
vn -0.773076 0.536800 -0.337933
vn -0.383155 0.618277 -0.686240
vn 0.129770 0.597374 -0.791394
vn 0.512025 0.577509 -0.635857
vn 0.719910 -0.684799 0.113050
vn 0.539177 -0.574166 0.616134
vn 0.161143 -0.634373 0.756045
vn -0.310095 -0.693597 0.650203
vn -0.671118 -0.629338 0.391836
vn -0.573494 -0.781718 -0.244994
vn -0.305310 -0.798489 -0.518845
vn 0.101556 -0.657765 -0.746346
vn 0.578734 -0.554321 -0.598160
vn 0.265256 -0.963896 -0.023313
vn 0.222402 -0.915471 0.335335
vn 0.032618 -0.977513 0.208339
vn -0.033784 -0.942770 0.331728
vn -0.142927 -0.983805 0.108165
vn -0.287420 -0.940748 -0.179954
vn -0.050238 -0.985561 -0.161696
vn 0.007602 -0.976754 -0.214229
vn 0.178882 -0.978198 -0.105498
vn 0.036960 -0.999156 0.017901
vn 0.036960 -0.999156 0.017901
vn 0.036960 -0.999156 0.017901
vn 0.036960 -0.999156 0.017901
vn 0.036960 -0.999156 0.017901
vn 0.036960 -0.999156 0.017901
vn 0.036960 -0.999156 0.017901
vn 0.036960 -0.999156 0.017901
vn 0.036960 -0.999156 0.017901
vn 0.028463 0.999524 0.011867
vn 0.028463 0.999524 0.011867
vn 0.028463 0.999524 0.011867
vn 0.028463 0.999524 0.011867
vn 0.028463 0.999524 0.011867
vn 0.028463 0.999524 0.011867
vn 0.028463 0.999524 0.011867
vn 0.028463 0.999524 0.011867
vn 0.028463 0.999524 0.011867
vn 0.283318 0.952799 0.109111
vn 0.127102 0.913166 0.387264
vn 0.063959 0.960360 0.271326
vn -0.140340 0.878975 0.455750
vn -0.291914 0.956343 -0.013940
vn -0.312112 0.944830 -0.099410
vn -0.029462 0.947229 -0.319201
vn 0.165160 0.950069 -0.264746
vn 0.303526 0.908609 -0.286883
vn 0.780790 0.616097 0.103882
vn 0.473407 0.588837 0.655100
vn 0.050740 0.786826 0.615085
vn -0.421991 0.646691 0.635386
vn -0.664217 0.700797 0.260191
vn -0.594778 0.642536 -0.483101
vn -0.240567 0.672972 -0.699454
vn 0.248426 0.737706 -0.627754
vn 0.546778 0.711072 -0.442052
vn 0.517664 -0.853484 0.059908
vn 0.459634 -0.663958 0.589828
vn 0.057995 -0.563887 0.823813
vn -0.390822 -0.779011 0.490305
vn -0.723771 -0.647114 0.239579
vn -0.530418 -0.819549 -0.216786
vn -0.296868 -0.550971 -0.779936
vn 0.244580 -0.652710 -0.717043
vn 0.582123 -0.725709 -0.366714
vn 0.248953 -0.965634 0.074658
vn 0.072955 -0.992512 0.097968
vn -0.159954 -0.933126 0.322009
vn -0.065421 -0.980969 0.182813
vn -0.287141 -0.941512 0.176367
vn -0.202757 -0.965651 -0.162504
vn -0.111243 -0.972588 -0.204201
vn 0.042079 -0.941339 -0.334829
vn 0.142111 -0.981759 -0.126311
vn -0.028463 -0.999524 -0.011867
vn -0.028463 -0.999524 -0.011867
vn -0.028463 -0.999524 -0.011867
vn -0.028463 -0.999524 -0.011867
vn -0.028463 -0.999524 -0.011867
vn -0.028463 -0.999524 -0.011867
vn -0.028463 -0.999524 -0.011867
vn -0.028463 -0.999524 -0.011867
vn -0.028463 -0.999524 -0.011867
vn -0.051159 0.998677 -0.005163
vn -0.051159 0.998677 -0.005163
vn -0.051159 0.998677 -0.005163
vn -0.051159 0.998677 -0.005163
vn -0.051159 0.998677 -0.005163
vn -0.051159 0.998677 -0.005163
vn -0.051159 0.998677 -0.005163
vn -0.051159 0.998677 -0.005163
vn -0.051159 0.998677 -0.005163
vn 0.307647 0.948551 0.074865
vn 0.200429 0.899597 0.388012
vn -0.032283 0.925007 0.378575
vn -0.188119 0.932763 0.307512
vn -0.333501 0.914876 0.227551
vn -0.288364 0.950412 -0.116465
vn -0.050169 0.914460 -0.401555
vn 0.051614 0.870799 -0.488922
vn 0.222470 0.927008 -0.301931
vn 0.759546 0.645570 0.079559
vn 0.550225 0.595567 0.585279
vn 0.089654 0.666909 0.739726
vn -0.457031 0.630394 0.627476
vn -0.800924 0.527625 0.283075
vn -0.761385 0.558868 -0.328572
vn -0.262168 0.704190 -0.659837
vn 0.247651 0.547819 -0.799102
vn 0.472809 0.736752 -0.483371
vn 0.802425 -0.583455 0.125277
vn 0.511375 -0.649337 0.562900
vn 0.115902 -0.599151 0.792203
vn -0.358834 -0.762109 0.538914
vn -0.607341 -0.755433 0.245882
vn -0.636410 -0.698014 -0.328267
vn -0.327768 -0.682423 -0.653351
vn 0.183013 -0.722933 -0.666239
vn 0.659377 -0.538499 -0.524633
vn 0.372146 -0.927356 0.038962
vn 0.236176 -0.947099 0.217312
vn -0.040648 -0.962785 0.267194
vn -0.104595 -0.967169 0.231613
vn -0.125005 -0.964867 0.231097
vn -0.204518 -0.930482 -0.303933
vn -0.020912 -0.946354 -0.322455
vn 0.013865 -0.985025 -0.171850
vn 0.213221 -0.929124 -0.302100
vn 0.051159 -0.998677 0.005163
vn 0.051159 -0.998677 0.005163
vn 0.051159 -0.998677 0.005163
vn 0.051159 -0.998677 0.005163
vn 0.051159 -0.998677 0.005163
vn 0.051159 -0.998677 0.005163
vn 0.051159 -0.998677 0.005163
vn 0.051159 -0.998677 0.005163
vn 0.051159 -0.998677 0.005163
vn 0.031754 0.999279 -0.020790
vn 0.031754 0.999279 -0.020790
vn 0.031754 0.999279 -0.020790
vn 0.031754 0.999279 -0.020790
vn 0.031754 0.999279 -0.020790
vn 0.031754 0.999279 -0.020790
vn 0.031754 0.999279 -0.020790
vn 0.031754 0.999279 -0.020790
vn 0.031754 0.999279 -0.020790
vn 0.311250 0.943599 0.112888
vn 0.327809 0.925525 0.189593
vn 0.153325 0.961119 0.229657
vn -0.192849 0.939183 0.284157
vn -0.273815 0.957705 0.088471
vn -0.345834 0.930745 -0.118799
vn -0.107612 0.913348 -0.392702
vn 0.059385 0.931960 -0.357665
vn 0.194034 0.919892 -0.340808
vn 0.767628 0.640825 0.009502
vn 0.598010 0.626835 0.499461
vn 0.213878 0.537094 0.815957
vn -0.347318 0.585289 0.732671
vn -0.716975 0.588880 0.373050
vn -0.707242 0.582235 -0.401013
vn -0.444664 0.559273 -0.699634
vn 0.090898 0.604708 -0.791243
vn 0.637463 0.446674 -0.627793
vn 0.671151 -0.730786 0.124534
vn 0.630002 -0.420010 0.653215
vn 0.157801 -0.676242 0.719580
vn -0.380713 -0.641275 0.666201
vn -0.693439 -0.618747 0.369180
vn -0.584168 -0.770095 -0.256322
vn -0.434508 -0.528019 -0.729657
vn 0.051144 -0.581560 -0.811894
vn 0.422489 -0.797696 -0.430331
vn 0.166299 -0.985569 -0.031611
vn 0.151820 -0.974370 0.165994
vn 0.059913 -0.971044 0.231266
vn -0.144425 -0.964401 0.221522
vn -0.239466 -0.970288 0.034593
vn -0.290321 -0.956929 -0.000516
vn -0.237093 -0.955141 -0.177462
vn 0.120398 -0.963729 -0.238182
vn 0.131570 -0.991213 0.013669
vn -0.031754 -0.999279 0.020790
vn -0.031754 -0.999279 0.020790
vn -0.031754 -0.999279 0.020790
vn -0.031754 -0.999279 0.020790
vn -0.031754 -0.999279 0.020790
vn -0.031754 -0.999279 0.020790
vn -0.031754 -0.999279 0.020790
vn -0.031754 -0.999279 0.020790
vn -0.031754 -0.999279 0.020790
vn -0.035812 0.995542 -0.087256
vn -0.035812 0.995542 -0.087256
vn -0.035812 0.995542 -0.087256
vn -0.035812 0.995542 -0.087256
vn -0.035812 0.995542 -0.087256
vn -0.035812 0.995542 -0.087256
vn -0.035812 0.995542 -0.087256
vn -0.035812 0.995542 -0.087256
vn -0.035812 0.995542 -0.087256
vn 0.430926 0.902367 -0.006049
vn 0.242486 0.953101 0.181106
vn 0.171070 0.955224 0.241418
vn -0.158574 0.921956 0.353342
vn -0.332491 0.935172 0.122077
vn -0.415642 0.902440 -0.113330
vn -0.176923 0.849367 -0.497267
vn -0.032449 0.903641 -0.427061
vn 0.156604 0.948281 -0.276112
vn 0.741851 0.668469 -0.052979
vn 0.597833 0.726836 0.338091
vn 0.088669 0.786191 0.611590
vn -0.361406 0.645228 0.673102
vn -0.730574 0.624269 0.276675
vn -0.805873 0.527235 -0.269429
vn -0.463901 0.547563 -0.696398
vn -0.013583 0.644915 -0.764133
vn 0.522157 0.566202 -0.637783
vn 0.682210 -0.730838 0.021594
vn 0.534853 -0.668788 0.516387
vn 0.230000 -0.623134 0.747532
vn -0.302726 -0.695528 0.651612
vn -0.726992 -0.548626 0.412907
vn -0.810932 -0.579947 -0.077790
vn -0.247803 -0.879798 -0.405646
vn 0.149629 -0.639689 -0.753929
vn 0.483313 -0.692160 -0.536025
vn 0.287883 -0.945517 0.152058
vn 0.238004 -0.939252 0.247307
vn 0.179258 -0.899455 0.398558
vn 0.052860 -0.940379 0.335994
vn -0.201921 -0.920530 0.334443
vn -0.130221 -0.973802 -0.186422
vn -0.064706 -0.991034 -0.116900
vn -0.029567 -0.972134 -0.232553
vn 0.183732 -0.982685 -0.023922
vn 0.035812 -0.995542 0.087256
vn 0.035812 -0.995542 0.087256
vn 0.035812 -0.995542 0.087256
vn 0.035812 -0.995542 0.087256
vn 0.035812 -0.995542 0.087256
vn 0.035812 -0.995542 0.087256
vn 0.035812 -0.995542 0.087256
vn 0.035812 -0.995542 0.087256
vn 0.035812 -0.995542 0.087256
vn 0.076935 0.996903 -0.016313
vn 0.076935 0.996903 -0.016313
vn 0.076935 0.996903 -0.016313
vn 0.076935 0.996903 -0.016313
vn 0.076935 0.996903 -0.016313
vn 0.076935 0.996903 -0.016313
vn 0.076935 0.996903 -0.016313
vn 0.076935 0.996903 -0.016313
vn 0.076935 0.996903 -0.016313
vn 0.433607 0.899493 -0.053833
vn 0.295853 0.918215 0.263348
vn 0.120563 0.899613 0.419716
vn -0.120360 0.925331 0.359549
vn -0.261907 0.942206 0.208932
vn -0.213861 0.946577 -0.241360
vn -0.035143 0.890811 -0.453012
vn 0.189554 0.889128 -0.416558
vn 0.309291 0.898337 -0.311976
vn 0.800990 0.595579 -0.060830
vn 0.532672 0.571276 0.624423
vn 0.099687 0.599051 0.794481
vn -0.333722 0.721303 0.606920
vn -0.641190 0.693977 0.327523
vn -0.576499 0.692433 -0.433804
vn -0.224876 0.564560 -0.794168
vn 0.196242 0.522552 -0.829716
vn 0.517705 0.627768 -0.581281
vn 0.571017 -0.819049 -0.055660
vn 0.466965 -0.643992 0.605985
vn -0.010029 -0.710602 0.703522
vn -0.389019 -0.542444 0.744593
vn -0.544039 -0.821392 0.171282
vn -0.603580 -0.735049 -0.308858
vn -0.346198 -0.628668 -0.696365
vn 0.176371 -0.677409 -0.714150
vn 0.482916 -0.631127 -0.607018
vn 0.105076 -0.988711 0.106818
vn 0.063314 -0.983897 0.167147
vn -0.010728 -0.968910 0.247179
vn -0.266068 -0.934108 0.238014
vn -0.233866 -0.970346 -0.061118
vn -0.318450 -0.941223 -0.112647
vn -0.160949 -0.975319 -0.151153
vn -0.125293 -0.959505 -0.252293
vn 0.124811 -0.977849 -0.168026
vn -0.076935 -0.996903 0.016313
vn -0.076935 -0.996903 0.016313
vn -0.076935 -0.996903 0.016313
vn -0.076935 -0.996903 0.016313
vn -0.076935 -0.996903 0.016313
vn -0.076935 -0.996903 0.016313
vn -0.076935 -0.996903 0.016313
vn -0.076935 -0.996903 0.016313
vn -0.076935 -0.996903 0.016313
vn -0.024231 0.994854 -0.098379
vn -0.024231 0.994854 -0.098379
vn -0.024231 0.994854 -0.098379
vn -0.024231 0.994854 -0.098379
vn -0.024231 0.994854 -0.098379
vn -0.024231 0.994854 -0.098379
vn -0.024231 0.994854 -0.098379
vn -0.024231 0.994854 -0.098379
vn -0.024231 0.994854 -0.098379
vn 0.362986 0.914486 -0.178763
vn 0.203326 0.973974 0.100166
vn 0.050372 0.967169 0.249091
vn -0.101171 0.934819 0.340409
vn -0.324576 0.945535 0.024765
vn -0.442062 0.876476 -0.190711
vn -0.200934 0.895373 -0.397408
vn 0.115173 0.852275 -0.510257
vn 0.138827 0.923786 -0.356856
vn 0.713765 0.681470 -0.161672
vn 0.572135 0.727533 0.378625
vn 0.104897 0.764364 0.636195
vn -0.274420 0.652361 0.706484
vn -0.669622 0.691047 0.272141
vn -0.750860 0.545590 -0.372211
vn -0.484411 0.440215 -0.756014
vn 0.002348 0.567980 -0.823039
vn 0.416171 0.711170 -0.566603
vn 0.656672 -0.752566 -0.049269
vn 0.572166 -0.661824 0.484371
vn 0.166900 -0.679385 0.714549
vn -0.332785 -0.552509 0.764191
vn -0.536160 -0.743767 0.399178
vn -0.573587 -0.807366 -0.138410
vn -0.467934 -0.595960 -0.652586
vn 0.081671 -0.712485 -0.696918
vn 0.478145 -0.673260 -0.564003
vn 0.230518 -0.970158 0.075204
vn 0.134816 -0.912026 0.387341
vn 0.092306 -0.960196 0.263636
vn -0.034410 -0.951685 0.305143
vn -0.245035 -0.942134 0.228782
vn -0.221320 -0.968328 0.115578
vn -0.119901 -0.986599 -0.110665
vn 0.102928 -0.975666 -0.193600
vn 0.126643 -0.976741 -0.173028
vn 0.024231 -0.994854 0.098379
vn 0.024231 -0.994854 0.098379
vn 0.024231 -0.994854 0.098379
vn 0.024231 -0.994854 0.098379
vn 0.024231 -0.994854 0.098379
vn 0.024231 -0.994854 0.098379
vn 0.024231 -0.994854 0.098379
vn 0.024231 -0.994854 0.098379
vn 0.024231 -0.994854 0.098379
vn 0.031570 0.998791 -0.037670
vn 0.031570 0.998791 -0.037670
vn 0.031570 0.998791 -0.037670
vn 0.031570 0.998791 -0.037670
vn 0.031570 0.998791 -0.037670
vn 0.031570 0.998791 -0.037670
vn 0.031570 0.998791 -0.037670
vn 0.031570 0.998791 -0.037670
vn 0.031570 0.998791 -0.037670
vn 0.343240 0.939247 0.000729
vn 0.181715 0.900992 0.393945
vn 0.096571 0.965870 0.240351
vn -0.010496 0.944606 0.328039
vn -0.343783 0.922488 0.175584
vn -0.284838 0.920626 -0.267051
vn -0.063413 0.902608 -0.425767
vn 0.098736 0.879536 -0.465475
vn 0.256516 0.905956 -0.336813
vn 0.744603 0.665701 -0.049067
vn 0.569283 0.636175 0.520767
vn 0.200126 0.750096 0.630322
vn -0.385769 0.718990 0.578131
vn -0.709917 0.658369 0.250136
vn -0.656361 0.611800 -0.441465
vn -0.279613 0.682149 -0.675640
vn 0.161642 0.687608 -0.707861
vn 0.614799 0.491021 -0.617188
vn 0.532190 -0.846255 0.025022
vn 0.463228 -0.728158 0.505179
vn 0.060896 -0.660442 0.748404
vn -0.411055 -0.566738 0.714032
vn -0.609635 -0.720089 0.331387
vn -0.615512 -0.732721 -0.290284
vn -0.353978 -0.667683 -0.654904
vn 0.141686 -0.611363 -0.778563
vn 0.626044 -0.529705 -0.572260
vn 0.254717 -0.954000 0.158123
vn 0.117381 -0.968212 0.220879
vn 0.084934 -0.936964 0.338947
vn -0.101114 -0.958139 0.267853
vn -0.311842 -0.943988 0.107896
vn -0.272326 -0.948708 -0.160597
vn -0.175628 -0.954947 -0.239231
vn -0.053011 -0.969106 -0.240881
vn 0.219712 -0.972960 -0.071249
vn -0.031570 -0.998791 0.037670
vn -0.031570 -0.998791 0.037670
vn -0.031570 -0.998791 0.037670
vn -0.031570 -0.998791 0.037670
vn -0.031570 -0.998791 0.037670
vn -0.031570 -0.998791 0.037670
vn -0.031570 -0.998791 0.037670
vn -0.031570 -0.998791 0.037670
vn -0.031570 -0.998791 0.037670
vn 0.080678 0.992896 -0.087456
vn 0.080678 0.992896 -0.087456
vn 0.080678 0.992896 -0.087456
vn 0.080678 0.992896 -0.087456
vn 0.080678 0.992896 -0.087456
vn 0.080678 0.992896 -0.087456
vn 0.080678 0.992896 -0.087456
vn 0.080678 0.992896 -0.087456
vn 0.080678 0.992896 -0.087456
vn 0.411545 0.888041 -0.204974
vn 0.267580 0.951773 0.150094
vn 0.120645 0.934836 0.333955
vn -0.027787 0.958771 0.282820
vn -0.195719 0.956334 0.217072
vn -0.238293 0.930784 -0.277231
vn -0.087699 0.888162 -0.451084
vn 0.150416 0.874491 -0.461129
vn 0.253762 0.894937 -0.367004
vn 0.754955 0.651527 -0.074539
vn 0.574996 0.588125 0.568761
vn 0.172611 0.677333 0.715140
vn -0.244538 0.743297 0.622664
vn -0.562684 0.767771 0.306454
vn -0.587109 0.695233 -0.414674
vn -0.336580 0.587443 -0.735952
vn 0.137124 0.570358 -0.809869
vn 0.560778 0.520947 -0.643539
vn 0.563805 -0.825908 -0.000401
vn 0.502416 -0.513007 0.695990
vn 0.037709 -0.556569 0.829945
vn -0.346798 -0.468963 0.812283
vn -0.621804 -0.567605 0.539615
vn -0.610019 -0.775894 -0.160827
vn -0.407577 -0.640234 -0.651139
vn 0.096175 -0.705592 -0.702061
vn 0.392175 -0.761533 -0.516010
vn 0.137330 -0.990180 0.026160
vn 0.035125 -0.967866 0.249002
vn -0.047136 -0.910369 0.411105
vn -0.170233 -0.939606 0.296919
vn -0.300282 -0.933203 0.197388
vn -0.275235 -0.959270 0.063611
vn -0.181052 -0.982485 -0.044086
vn 0.035063 -0.968035 -0.248352
vn 0.097727 -0.968344 -0.229694
vn -0.080678 -0.992896 0.087456
vn -0.080678 -0.992896 0.087456
vn -0.080678 -0.992896 0.087456
vn -0.080678 -0.992896 0.087456
vn -0.080678 -0.992896 0.087456
vn -0.080678 -0.992896 0.087456
vn -0.080678 -0.992896 0.087456
vn -0.080678 -0.992896 0.087456
vn -0.080678 -0.992896 0.087456
vn 0.071640 0.992457 0.099479
vn 0.071640 0.992457 0.099479
vn 0.071640 0.992457 0.099479
vn 0.071640 0.992457 0.099479
vn 0.071640 0.992457 0.099479
vn 0.071640 0.992457 0.099479
vn 0.071640 0.992457 0.099479
vn 0.071640 0.992457 0.099479
vn 0.071640 0.992457 0.099479
vn 0.394734 0.911142 0.118344
vn 0.233758 0.894590 0.380875
vn 0.056635 0.849172 0.525071
vn 0.000261 0.892405 0.451236
vn -0.200379 0.926725 0.317851
vn -0.223592 0.953483 -0.202178
vn 0.060218 0.914220 -0.400718
vn 0.145138 0.912340 -0.382847
vn 0.269485 0.943386 -0.193393
vn 0.729491 0.671212 0.131596
vn 0.500486 0.546751 0.671250
vn 0.118817 0.459697 0.880091
vn -0.327566 0.586569 0.740700
vn -0.651753 0.612485 0.447303
vn -0.578809 0.637426 -0.508594
vn -0.230997 0.709354 -0.665926
vn 0.180265 0.687685 -0.703274
vn 0.644461 0.557739 -0.523066
vn 0.550686 -0.834629 0.011771
vn 0.455537 -0.618672 0.640103
vn -0.011125 -0.702362 0.711733
vn -0.408278 -0.685532 0.602790
vn -0.726545 -0.568047 0.386594
vn -0.664711 -0.587534 -0.461480
vn -0.320980 -0.385689 -0.864995
vn 0.089131 -0.619151 -0.780197
vn 0.442778 -0.619021 -0.648660
vn 0.199849 -0.979294 0.032316
vn 0.052744 -0.948871 0.311226
vn -0.112324 -0.986726 0.117282
vn -0.128033 -0.953177 0.273974
vn -0.266257 -0.944718 0.191351
vn -0.201600 -0.954986 -0.217623
vn -0.141102 -0.885542 -0.442611
vn 0.029158 -0.936984 -0.348154
vn 0.084293 -0.953480 -0.289433
vn -0.071640 -0.992457 -0.099479
vn -0.071640 -0.992457 -0.099479
vn -0.071640 -0.992457 -0.099479
vn -0.071640 -0.992457 -0.099479
vn -0.071640 -0.992457 -0.099479
vn -0.071640 -0.992457 -0.099479
vn -0.071640 -0.992457 -0.099479
vn -0.071640 -0.992457 -0.099479
vn -0.071640 -0.992457 -0.099479
vn 0.073933 0.992759 0.094675
vn 0.073933 0.992759 0.094675
vn 0.073933 0.992759 0.094675
vn 0.073933 0.992759 0.094675
vn 0.073933 0.992759 0.094675
vn 0.073933 0.992759 0.094675
vn 0.073933 0.992759 0.094675
vn 0.073933 0.992759 0.094675
vn 0.073933 0.992759 0.094675
vn 0.415754 0.909138 -0.024839
vn 0.424031 0.863269 0.273796
vn 0.158743 0.864279 0.477308
vn -0.069604 0.876750 0.475883
vn -0.274390 0.905003 0.325084
vn -0.306826 0.947357 -0.091507
vn -0.057584 0.977083 -0.204923
vn 0.118167 0.964290 -0.237028
vn 0.314312 0.922495 -0.224076
vn 0.765530 0.642802 0.027755
vn 0.652211 0.494574 0.574471
vn 0.197000 0.441956 0.875138
vn -0.182517 0.622471 0.761064
vn -0.645588 0.600237 0.472156
vn -0.719506 0.670408 -0.181284
vn -0.467078 0.679870 -0.565345
vn 0.141516 0.679586 -0.719816
vn 0.614647 0.657325 -0.436042
vn 0.478053 -0.872294 -0.102800
vn 0.545997 -0.741918 0.389160
vn 0.129292 -0.744633 0.654833
vn -0.356009 -0.736834 0.574745
vn -0.672123 -0.660614 0.334423
vn -0.739045 -0.642370 -0.202911
vn -0.529272 -0.474671 -0.703248
vn 0.019778 -0.594597 -0.803781
vn 0.519081 -0.528379 -0.671841
vn 0.160083 -0.984587 -0.070444
vn 0.180520 -0.981461 0.064402
vn 0.032466 -0.982927 0.181110
vn -0.148818 -0.965284 0.214662
vn -0.335827 -0.941059 0.040348
vn -0.366046 -0.911394 -0.188074
vn -0.183169 -0.928521 -0.322950
vn -0.088278 -0.920722 -0.380102
vn 0.088693 -0.949073 -0.302315
vn -0.073933 -0.992759 -0.094675
vn -0.073933 -0.992759 -0.094675
vn -0.073933 -0.992759 -0.094675
vn -0.073933 -0.992759 -0.094675
vn -0.073933 -0.992759 -0.094675
vn -0.073933 -0.992759 -0.094675
vn -0.073933 -0.992759 -0.094675
vn -0.073933 -0.992759 -0.094675
vn -0.073933 -0.992759 -0.094675
vn 0.021063 0.999520 0.022723
vn 0.021063 0.999520 0.022723
vn 0.021063 0.999520 0.022723
vn 0.021063 0.999520 0.022723
vn 0.021063 0.999520 0.022723
vn 0.021063 0.999520 0.022723
vn 0.021063 0.999520 0.022723
vn 0.021063 0.999520 0.022723
vn 0.021063 0.999520 0.022723
vn 0.432532 0.901281 0.024679
vn 0.254495 0.913109 0.318533
vn 0.076508 0.941825 0.327280
vn -0.100571 0.880710 0.462856
vn -0.306617 0.925333 0.223034
vn -0.289326 0.912213 -0.290100
vn -0.121384 0.907527 -0.402071
vn 0.026057 0.924196 -0.381029
vn 0.170230 0.880231 -0.442962
vn 0.870780 0.488355 -0.057028
vn 0.642354 0.513922 0.568565
vn 0.156417 0.559541 0.813909
vn -0.303286 0.680681 0.666852
vn -0.754840 0.498318 0.426493
vn -0.682408 0.622081 -0.383842
vn -0.334560 0.653925 -0.678566
vn 0.100006 0.744645 -0.659926
vn 0.588683 0.540261 -0.601308
vn 0.755875 -0.654080 -0.028855
vn 0.584725 -0.544221 0.601598
vn 0.124533 -0.655786 0.744604
vn -0.377385 -0.737053 0.560654
vn -0.703134 -0.642168 0.305323
vn -0.691937 -0.703869 -0.160599
vn -0.396858 -0.502152 -0.768341
vn 0.077725 -0.668157 -0.739950
vn 0.544994 -0.570081 -0.614808
vn 0.188579 -0.979429 -0.071805
vn 0.097842 -0.964692 0.244532
vn -0.041707 -0.990104 0.133998
vn -0.067432 -0.971376 0.227776
vn -0.241328 -0.965344 0.099359
vn -0.243930 -0.968753 -0.044892
vn -0.120733 -0.978024 -0.169979
vn 0.026381 -0.950429 -0.309819
vn 0.110073 -0.964170 -0.241370
vn -0.021063 -0.999520 -0.022723
vn -0.021063 -0.999520 -0.022723
vn -0.021063 -0.999520 -0.022723
vn -0.021063 -0.999520 -0.022723
vn -0.021063 -0.999520 -0.022723
vn -0.021063 -0.999520 -0.022723
vn -0.021063 -0.999520 -0.022723
vn -0.021063 -0.999520 -0.022723
vn -0.021063 -0.999520 -0.022723
f 1/1/1 2/2/2 11/11/11
f 1/1/1 11/11/11 10/10/10
f 2/2/2 3/3/3 12/12/12
f 2/2/2 12/12/12 11/11/11
f 3/3/3 4/4/4 13/13/13
f 3/3/3 13/13/13 12/12/12
f 4/4/4 5/5/5 14/14/14
f 4/4/4 14/14/14 13/13/13
f 5/5/5 6/6/6 15/15/15
f 5/5/5 15/15/15 14/14/14
f 6/6/6 7/7/7 16/16/16
f 6/6/6 16/16/16 15/15/15
f 7/7/7 8/8/8 17/17/17
f 7/7/7 17/17/17 16/16/16
f 8/8/8 9/9/9 18/18/18
f 8/8/8 18/18/18 17/17/17
f 9/9/9 1/1/1 10/10/10
f 9/9/9 10/10/10 18/18/18
f 10/10/10 11/11/11 20/20/20
f 10/10/10 20/20/20 19/19/19
f 11/11/11 12/12/12 21/21/21
f 11/11/11 21/21/21 20/20/20
f 12/12/12 13/13/13 22/22/22
f 12/12/12 22/22/22 21/21/21
f 13/13/13 14/14/14 23/23/23
f 13/13/13 23/23/23 22/22/22
f 14/14/14 15/15/15 24/24/24
f 14/14/14 24/24/24 23/23/23
f 15/15/15 16/16/16 25/25/25
f 15/15/15 25/25/25 24/24/24
f 16/16/16 17/17/17 26/26/26
f 16/16/16 26/26/26 25/25/25
f 17/17/17 18/18/18 27/27/27
f 17/17/17 27/27/27 26/26/26
f 18/18/18 10/10/10 19/19/19
f 18/18/18 19/19/19 27/27/27
f 19/19/19 20/20/20 29/29/29
f 19/19/19 29/29/29 28/28/28
f 20/20/20 21/21/21 30/30/30
f 20/20/20 30/30/30 29/29/29
f 21/21/21 22/22/22 31/31/31
f 21/21/21 31/31/31 30/30/30
f 22/22/22 23/23/23 32/32/32
f 22/22/22 32/32/32 31/31/31
f 23/23/23 24/24/24 33/33/33
f 23/23/23 33/33/33 32/32/32
f 24/24/24 25/25/25 34/34/34
f 24/24/24 34/34/34 33/33/33
f 25/25/25 26/26/26 35/35/35
f 25/25/25 35/35/35 34/34/34
f 26/26/26 27/27/27 36/36/36
f 26/26/26 36/36/36 35/35/35
f 27/27/27 19/19/19 28/28/28
f 27/27/27 28/28/28 36/36/36
f 28/28/28 29/29/29 38/38/38
f 28/28/28 38/38/38 37/37/37
f 29/29/29 30/30/30 39/39/39
f 29/29/29 39/39/39 38/38/38
f 30/30/30 31/31/31 40/40/40
f 30/30/30 40/40/40 39/39/39
f 31/31/31 32/32/32 41/41/41
f 31/31/31 41/41/41 40/40/40
f 32/32/32 33/33/33 42/42/42
f 32/32/32 42/42/42 41/41/41
f 33/33/33 34/34/34 43/43/43
f 33/33/33 43/43/43 42/42/42
f 34/34/34 35/35/35 44/44/44
f 34/34/34 44/44/44 43/43/43
f 35/35/35 36/36/36 45/45/45
f 35/35/35 45/45/45 44/44/44
f 36/36/36 28/28/28 37/37/37
f 36/36/36 37/37/37 45/45/45
f 37/37/37 38/38/38 47/47/47
f 37/37/37 47/47/47 46/46/46
f 38/38/38 39/39/39 48/48/48
f 38/38/38 48/48/48 47/47/47
f 39/39/39 40/40/40 49/49/49
f 39/39/39 49/49/49 48/48/48
f 40/40/40 41/41/41 50/50/50
f 40/40/40 50/50/50 49/49/49
f 41/41/41 42/42/42 51/51/51
f 41/41/41 51/51/51 50/50/50
f 42/42/42 43/43/43 52/52/52
f 42/42/42 52/52/52 51/51/51
f 43/43/43 44/44/44 53/53/53
f 43/43/43 53/53/53 52/52/52
f 44/44/44 45/45/45 54/54/54
f 44/44/44 54/54/54 53/53/53
f 45/45/45 37/37/37 46/46/46
f 45/45/45 46/46/46 54/54/54
f 55/55/55 56/56/56 65/65/65
f 55/55/55 65/65/65 64/64/64
f 56/56/56 57/57/57 66/66/66
f 56/56/56 66/66/66 65/65/65
f 57/57/57 58/58/58 67/67/67
f 57/57/57 67/67/67 66/66/66
f 58/58/58 59/59/59 68/68/68
f 58/58/58 68/68/68 67/67/67
f 59/59/59 60/60/60 69/69/69
f 59/59/59 69/69/69 68/68/68
f 60/60/60 61/61/61 70/70/70
f 60/60/60 70/70/70 69/69/69
f 61/61/61 62/62/62 71/71/71
f 61/61/61 71/71/71 70/70/70
f 62/62/62 63/63/63 72/72/72
f 62/62/62 72/72/72 71/71/71
f 63/63/63 55/55/55 64/64/64
f 63/63/63 64/64/64 72/72/72
f 64/64/64 65/65/65 74/74/74
f 64/64/64 74/74/74 73/73/73
f 65/65/65 66/66/66 75/75/75
f 65/65/65 75/75/75 74/74/74
f 66/66/66 67/67/67 76/76/76
f 66/66/66 76/76/76 75/75/75
f 67/67/67 68/68/68 77/77/77
f 67/67/67 77/77/77 76/76/76
f 68/68/68 69/69/69 78/78/78
f 68/68/68 78/78/78 77/77/77
f 69/69/69 70/70/70 79/79/79
f 69/69/69 79/79/79 78/78/78
f 70/70/70 71/71/71 80/80/80
f 70/70/70 80/80/80 79/79/79
f 71/71/71 72/72/72 81/81/81
f 71/71/71 81/81/81 80/80/80
f 72/72/72 64/64/64 73/73/73
f 72/72/72 73/73/73 81/81/81
f 73/73/73 74/74/74 83/83/83
f 73/73/73 83/83/83 82/82/82
f 74/74/74 75/75/75 84/84/84
f 74/74/74 84/84/84 83/83/83
f 75/75/75 76/76/76 85/85/85
f 75/75/75 85/85/85 84/84/84
f 76/76/76 77/77/77 86/86/86
f 76/76/76 86/86/86 85/85/85
f 77/77/77 78/78/78 87/87/87
f 77/77/77 87/87/87 86/86/86
f 78/78/78 79/79/79 88/88/88
f 78/78/78 88/88/88 87/87/87
f 79/79/79 80/80/80 89/89/89
f 79/79/79 89/89/89 88/88/88
f 80/80/80 81/81/81 90/90/90
f 80/80/80 90/90/90 89/89/89
f 81/81/81 73/73/73 82/82/82
f 81/81/81 82/82/82 90/90/90
f 82/82/82 83/83/83 92/92/92
f 82/82/82 92/92/92 91/91/91
f 83/83/83 84/84/84 93/93/93
f 83/83/83 93/93/93 92/92/92
f 84/84/84 85/85/85 94/94/94
f 84/84/84 94/94/94 93/93/93
f 85/85/85 86/86/86 95/95/95
f 85/85/85 95/95/95 94/94/94
f 86/86/86 87/87/87 96/96/96
f 86/86/86 96/96/96 95/95/95
f 87/87/87 88/88/88 97/97/97
f 87/87/87 97/97/97 96/96/96
f 88/88/88 89/89/89 98/98/98
f 88/88/88 98/98/98 97/97/97
f 89/89/89 90/90/90 99/99/99
f 89/89/89 99/99/99 98/98/98
f 90/90/90 82/82/82 91/91/91
f 90/90/90 91/91/91 99/99/99
f 91/91/91 92/92/92 101/101/101
f 91/91/91 101/101/101 100/100/100
f 92/92/92 93/93/93 102/102/102
f 92/92/92 102/102/102 101/101/101
f 93/93/93 94/94/94 103/103/103
f 93/93/93 103/103/103 102/102/102
f 94/94/94 95/95/95 104/104/104
f 94/94/94 104/104/104 103/103/103
f 95/95/95 96/96/96 105/105/105
f 95/95/95 105/105/105 104/104/104
f 96/96/96 97/97/97 106/106/106
f 96/96/96 106/106/106 105/105/105
f 97/97/97 98/98/98 107/107/107
f 97/97/97 107/107/107 106/106/106
f 98/98/98 99/99/99 108/108/108
f 98/98/98 108/108/108 107/107/107
f 99/99/99 91/91/91 100/100/100
f 99/99/99 100/100/100 108/108/108
f 109/109/109 110/110/110 119/119/119
f 109/109/109 119/119/119 118/118/118
f 110/110/110 111/111/111 120/120/120
f 110/110/110 120/120/120 119/119/119
f 111/111/111 112/112/112 121/121/121
f 111/111/111 121/121/121 120/120/120
f 112/112/112 113/113/113 122/122/122
f 112/112/112 122/122/122 121/121/121
f 113/113/113 114/114/114 123/123/123
f 113/113/113 123/123/123 122/122/122
f 114/114/114 115/115/115 124/124/124
f 114/114/114 124/124/124 123/123/123
f 115/115/115 116/116/116 125/125/125
f 115/115/115 125/125/125 124/124/124
f 116/116/116 117/117/117 126/126/126
f 116/116/116 126/126/126 125/125/125
f 117/117/117 109/109/109 118/118/118
f 117/117/117 118/118/118 126/126/126
f 118/118/118 119/119/119 128/128/128
f 118/118/118 128/128/128 127/127/127
f 119/119/119 120/120/120 129/129/129
f 119/119/119 129/129/129 128/128/128
f 120/120/120 121/121/121 130/130/130
f 120/120/120 130/130/130 129/129/129
f 121/121/121 122/122/122 131/131/131
f 121/121/121 131/131/131 130/130/130
f 122/122/122 123/123/123 132/132/132
f 122/122/122 132/132/132 131/131/131
f 123/123/123 124/124/124 133/133/133
f 123/123/123 133/133/133 132/132/132
f 124/124/124 125/125/125 134/134/134
f 124/124/124 134/134/134 133/133/133
f 125/125/125 126/126/126 135/135/135
f 125/125/125 135/135/135 134/134/134
f 126/126/126 118/118/118 127/127/127
f 126/126/126 127/127/127 135/135/135
f 127/127/127 128/128/128 137/137/137
f 127/127/127 137/137/137 136/136/136
f 128/128/128 129/129/129 138/138/138
f 128/128/128 138/138/138 137/137/137
f 129/129/129 130/130/130 139/139/139
f 129/129/129 139/139/139 138/138/138
f 130/130/130 131/131/131 140/140/140
f 130/130/130 140/140/140 139/139/139
f 131/131/131 132/132/132 141/141/141
f 131/131/131 141/141/141 140/140/140
f 132/132/132 133/133/133 142/142/142
f 132/132/132 142/142/142 141/141/141
f 133/133/133 134/134/134 143/143/143
f 133/133/133 143/143/143 142/142/142
f 134/134/134 135/135/135 144/144/144
f 134/134/134 144/144/144 143/143/143
f 135/135/135 127/127/127 136/136/136
f 135/135/135 136/136/136 144/144/144
f 136/136/136 137/137/137 146/146/146
f 136/136/136 146/146/146 145/145/145
f 137/137/137 138/138/138 147/147/147
f 137/137/137 147/147/147 146/146/146
f 138/138/138 139/139/139 148/148/148
f 138/138/138 148/148/148 147/147/147
f 139/139/139 140/140/140 149/149/149
f 139/139/139 149/149/149 148/148/148
f 140/140/140 141/141/141 150/150/150
f 140/140/140 150/150/150 149/149/149
f 141/141/141 142/142/142 151/151/151
f 141/141/141 151/151/151 150/150/150
f 142/142/142 143/143/143 152/152/152
f 142/142/142 152/152/152 151/151/151
f 143/143/143 144/144/144 153/153/153
f 143/143/143 153/153/153 152/152/152
f 144/144/144 136/136/136 145/145/145
f 144/144/144 145/145/145 153/153/153
f 145/145/145 146/146/146 155/155/155
f 145/145/145 155/155/155 154/154/154
f 146/146/146 147/147/147 156/156/156
f 146/146/146 156/156/156 155/155/155
f 147/147/147 148/148/148 157/157/157
f 147/147/147 157/157/157 156/156/156
f 148/148/148 149/149/149 158/158/158
f 148/148/148 158/158/158 157/157/157
f 149/149/149 150/150/150 159/159/159
f 149/149/149 159/159/159 158/158/158
f 150/150/150 151/151/151 160/160/160
f 150/150/150 160/160/160 159/159/159
f 151/151/151 152/152/152 161/161/161
f 151/151/151 161/161/161 160/160/160
f 152/152/152 153/153/153 162/162/162
f 152/152/152 162/162/162 161/161/161
f 153/153/153 145/145/145 154/154/154
f 153/153/153 154/154/154 162/162/162
f 163/163/163 164/164/164 173/173/173
f 163/163/163 173/173/173 172/172/172
f 164/164/164 165/165/165 174/174/174
f 164/164/164 174/174/174 173/173/173
f 165/165/165 166/166/166 175/175/175
f 165/165/165 175/175/175 174/174/174
f 166/166/166 167/167/167 176/176/176
f 166/166/166 176/176/176 175/175/175
f 167/167/167 168/168/168 177/177/177
f 167/167/167 177/177/177 176/176/176
f 168/168/168 169/169/169 178/178/178
f 168/168/168 178/178/178 177/177/177
f 169/169/169 170/170/170 179/179/179
f 169/169/169 179/179/179 178/178/178
f 170/170/170 171/171/171 180/180/180
f 170/170/170 180/180/180 179/179/179
f 171/171/171 163/163/163 172/172/172
f 171/171/171 172/172/172 180/180/180
f 172/172/172 173/173/173 182/182/182
f 172/172/172 182/182/182 181/181/181
f 173/173/173 174/174/174 183/183/183
f 173/173/173 183/183/183 182/182/182
f 174/174/174 175/175/175 184/184/184
f 174/174/174 184/184/184 183/183/183
f 175/175/175 176/176/176 185/185/185
f 175/175/175 185/185/185 184/184/184
f 176/176/176 177/177/177 186/186/186
f 176/176/176 186/186/186 185/185/185
f 177/177/177 178/178/178 187/187/187
f 177/177/177 187/187/187 186/186/186
f 178/178/178 179/179/179 188/188/188
f 178/178/178 188/188/188 187/187/187
f 179/179/179 180/180/180 189/189/189
f 179/179/179 189/189/189 188/188/188
f 180/180/180 172/172/172 181/181/181
f 180/180/180 181/181/181 189/189/189
f 181/181/181 182/182/182 191/191/191
f 181/181/181 191/191/191 190/190/190
f 182/182/182 183/183/183 192/192/192
f 182/182/182 192/192/192 191/191/191
f 183/183/183 184/184/184 193/193/193
f 183/183/183 193/193/193 192/192/192
f 184/184/184 185/185/185 194/194/194
f 184/184/184 194/194/194 193/193/193
f 185/185/185 186/186/186 195/195/195
f 185/185/185 195/195/195 194/194/194
f 186/186/186 187/187/187 196/196/196
f 186/186/186 196/196/196 195/195/195
f 187/187/187 188/188/188 197/197/197
f 187/187/187 197/197/197 196/196/196
f 188/188/188 189/189/189 198/198/198
f 188/188/188 198/198/198 197/197/197
f 189/189/189 181/181/181 190/190/190
f 189/189/189 190/190/190 198/198/198
f 190/190/190 191/191/191 200/200/200
f 190/190/190 200/200/200 199/199/199
f 191/191/191 192/192/192 201/201/201
f 191/191/191 201/201/201 200/200/200
f 192/192/192 193/193/193 202/202/202
f 192/192/192 202/202/202 201/201/201
f 193/193/193 194/194/194 203/203/203
f 193/193/193 203/203/203 202/202/202
f 194/194/194 195/195/195 204/204/204
f 194/194/194 204/204/204 203/203/203
f 195/195/195 196/196/196 205/205/205
f 195/195/195 205/205/205 204/204/204
f 196/196/196 197/197/197 206/206/206
f 196/196/196 206/206/206 205/205/205
f 197/197/197 198/198/198 207/207/207
f 197/197/197 207/207/207 206/206/206
f 198/198/198 190/190/190 199/199/199
f 198/198/198 199/199/199 207/207/207
f 199/199/199 200/200/200 209/209/209
f 199/199/199 209/209/209 208/208/208
f 200/200/200 201/201/201 210/210/210
f 200/200/200 210/210/210 209/209/209
f 201/201/201 202/202/202 211/211/211
f 201/201/201 211/211/211 210/210/210
f 202/202/202 203/203/203 212/212/212
f 202/202/202 212/212/212 211/211/211
f 203/203/203 204/204/204 213/213/213
f 203/203/203 213/213/213 212/212/212
f 204/204/204 205/205/205 214/214/214
f 204/204/204 214/214/214 213/213/213
f 205/205/205 206/206/206 215/215/215
f 205/205/205 215/215/215 214/214/214
f 206/206/206 207/207/207 216/216/216
f 206/206/206 216/216/216 215/215/215
f 207/207/207 199/199/199 208/208/208
f 207/207/207 208/208/208 216/216/216
f 217/217/217 218/218/218 227/227/227
f 217/217/217 227/227/227 226/226/226
f 218/218/218 219/219/219 228/228/228
f 218/218/218 228/228/228 227/227/227
f 219/219/219 220/220/220 229/229/229
f 219/219/219 229/229/229 228/228/228
f 220/220/220 221/221/221 230/230/230
f 220/220/220 230/230/230 229/229/229
f 221/221/221 222/222/222 231/231/231
f 221/221/221 231/231/231 230/230/230
f 222/222/222 223/223/223 232/232/232
f 222/222/222 232/232/232 231/231/231
f 223/223/223 224/224/224 233/233/233
f 223/223/223 233/233/233 232/232/232
f 224/224/224 225/225/225 234/234/234
f 224/224/224 234/234/234 233/233/233
f 225/225/225 217/217/217 226/226/226
f 225/225/225 226/226/226 234/234/234
f 226/226/226 227/227/227 236/236/236
f 226/226/226 236/236/236 235/235/235
f 227/227/227 228/228/228 237/237/237
f 227/227/227 237/237/237 236/236/236
f 228/228/228 229/229/229 238/238/238
f 228/228/228 238/238/238 237/237/237
f 229/229/229 230/230/230 239/239/239
f 229/229/229 239/239/239 238/238/238
f 230/230/230 231/231/231 240/240/240
f 230/230/230 240/240/240 239/239/239
f 231/231/231 232/232/232 241/241/241
f 231/231/231 241/241/241 240/240/240
f 232/232/232 233/233/233 242/242/242
f 232/232/232 242/242/242 241/241/241
f 233/233/233 234/234/234 243/243/243
f 233/233/233 243/243/243 242/242/242
f 234/234/234 226/226/226 235/235/235
f 234/234/234 235/235/235 243/243/243
f 235/235/235 236/236/236 245/245/245
f 235/235/235 245/245/245 244/244/244
f 236/236/236 237/237/237 246/246/246
f 236/236/236 246/246/246 245/245/245
f 237/237/237 238/238/238 247/247/247
f 237/237/237 247/247/247 246/246/246
f 238/238/238 239/239/239 248/248/248
f 238/238/238 248/248/248 247/247/247
f 239/239/239 240/240/240 249/249/249
f 239/239/239 249/249/249 248/248/248
f 240/240/240 241/241/241 250/250/250
f 240/240/240 250/250/250 249/249/249
f 241/241/241 242/242/242 251/251/251
f 241/241/241 251/251/251 250/250/250
f 242/242/242 243/243/243 252/252/252
f 242/242/242 252/252/252 251/251/251
f 243/243/243 235/235/235 244/244/244
f 243/243/243 244/244/244 252/252/252
f 244/244/244 245/245/245 254/254/254
f 244/244/244 254/254/254 253/253/253
f 245/245/245 246/246/246 255/255/255
f 245/245/245 255/255/255 254/254/254
f 246/246/246 247/247/247 256/256/256
f 246/246/246 256/256/256 255/255/255
f 247/247/247 248/248/248 257/257/257
f 247/247/247 257/257/257 256/256/256
f 248/248/248 249/249/249 258/258/258
f 248/248/248 258/258/258 257/257/257
f 249/249/249 250/250/250 259/259/259
f 249/249/249 259/259/259 258/258/258
f 250/250/250 251/251/251 260/260/260
f 250/250/250 260/260/260 259/259/259
f 251/251/251 252/252/252 261/261/261
f 251/251/251 261/261/261 260/260/260
f 252/252/252 244/244/244 253/253/253
f 252/252/252 253/253/253 261/261/261
f 253/253/253 254/254/254 263/263/263
f 253/253/253 263/263/263 262/262/262
f 254/254/254 255/255/255 264/264/264
f 254/254/254 264/264/264 263/263/263
f 255/255/255 256/256/256 265/265/265
f 255/255/255 265/265/265 264/264/264
f 256/256/256 257/257/257 266/266/266
f 256/256/256 266/266/266 265/265/265
f 257/257/257 258/258/258 267/267/267
f 257/257/257 267/267/267 266/266/266
f 258/258/258 259/259/259 268/268/268
f 258/258/258 268/268/268 267/267/267
f 259/259/259 260/260/260 269/269/269
f 259/259/259 269/269/269 268/268/268
f 260/260/260 261/261/261 270/270/270
f 260/260/260 270/270/270 269/269/269
f 261/261/261 253/253/253 262/262/262
f 261/261/261 262/262/262 270/270/270
f 271/271/271 272/272/272 281/281/281
f 271/271/271 281/281/281 280/280/280
f 272/272/272 273/273/273 282/282/282
f 272/272/272 282/282/282 281/281/281
f 273/273/273 274/274/274 283/283/283
f 273/273/273 283/283/283 282/282/282
f 274/274/274 275/275/275 284/284/284
f 274/274/274 284/284/284 283/283/283
f 275/275/275 276/276/276 285/285/285
f 275/275/275 285/285/285 284/284/284
f 276/276/276 277/277/277 286/286/286
f 276/276/276 286/286/286 285/285/285
f 277/277/277 278/278/278 287/287/287
f 277/277/277 287/287/287 286/286/286
f 278/278/278 279/279/279 288/288/288
f 278/278/278 288/288/288 287/287/287
f 279/279/279 271/271/271 280/280/280
f 279/279/279 280/280/280 288/288/288
f 280/280/280 281/281/281 290/290/290
f 280/280/280 290/290/290 289/289/289
f 281/281/281 282/282/282 291/291/291
f 281/281/281 291/291/291 290/290/290
f 282/282/282 283/283/283 292/292/292
f 282/282/282 292/292/292 291/291/291
f 283/283/283 284/284/284 293/293/293
f 283/283/283 293/293/293 292/292/292
f 284/284/284 285/285/285 294/294/294
f 284/284/284 294/294/294 293/293/293
f 285/285/285 286/286/286 295/295/295
f 285/285/285 295/295/295 294/294/294
f 286/286/286 287/287/287 296/296/296
f 286/286/286 296/296/296 295/295/295
f 287/287/287 288/288/288 297/297/297
f 287/287/287 297/297/297 296/296/296
f 288/288/288 280/280/280 289/289/289
f 288/288/288 289/289/289 297/297/297
f 289/289/289 290/290/290 299/299/299
f 289/289/289 299/299/299 298/298/298
f 290/290/290 291/291/291 300/300/300
f 290/290/290 300/300/300 299/299/299
f 291/291/291 292/292/292 301/301/301
f 291/291/291 301/301/301 300/300/300
f 292/292/292 293/293/293 302/302/302
f 292/292/292 302/302/302 301/301/301
f 293/293/293 294/294/294 303/303/303
f 293/293/293 303/303/303 302/302/302
f 294/294/294 295/295/295 304/304/304
f 294/294/294 304/304/304 303/303/303
f 295/295/295 296/296/296 305/305/305
f 295/295/295 305/305/305 304/304/304
f 296/296/296 297/297/297 306/306/306
f 296/296/296 306/306/306 305/305/305
f 297/297/297 289/289/289 298/298/298
f 297/297/297 298/298/298 306/306/306
f 298/298/298 299/299/299 308/308/308
f 298/298/298 308/308/308 307/307/307
f 299/299/299 300/300/300 309/309/309
f 299/299/299 309/309/309 308/308/308
f 300/300/300 301/301/301 310/310/310
f 300/300/300 310/310/310 309/309/309
f 301/301/301 302/302/302 311/311/311
f 301/301/301 311/311/311 310/310/310
f 302/302/302 303/303/303 312/312/312
f 302/302/302 312/312/312 311/311/311
f 303/303/303 304/304/304 313/313/313
f 303/303/303 313/313/313 312/312/312
f 304/304/304 305/305/305 314/314/314
f 304/304/304 314/314/314 313/313/313
f 305/305/305 306/306/306 315/315/315
f 305/305/305 315/315/315 314/314/314
f 306/306/306 298/298/298 307/307/307
f 306/306/306 307/307/307 315/315/315
f 307/307/307 308/308/308 317/317/317
f 307/307/307 317/317/317 316/316/316
f 308/308/308 309/309/309 318/318/318
f 308/308/308 318/318/318 317/317/317
f 309/309/309 310/310/310 319/319/319
f 309/309/309 319/319/319 318/318/318
f 310/310/310 311/311/311 320/320/320
f 310/310/310 320/320/320 319/319/319
f 311/311/311 312/312/312 321/321/321
f 311/311/311 321/321/321 320/320/320
f 312/312/312 313/313/313 322/322/322
f 312/312/312 322/322/322 321/321/321
f 313/313/313 314/314/314 323/323/323
f 313/313/313 323/323/323 322/322/322
f 314/314/314 315/315/315 324/324/324
f 314/314/314 324/324/324 323/323/323
f 315/315/315 307/307/307 316/316/316
f 315/315/315 316/316/316 324/324/324
f 325/325/325 326/326/326 335/335/335
f 325/325/325 335/335/335 334/334/334
f 326/326/326 327/327/327 336/336/336
f 326/326/326 336/336/336 335/335/335
f 327/327/327 328/328/328 337/337/337
f 327/327/327 337/337/337 336/336/336
f 328/328/328 329/329/329 338/338/338
f 328/328/328 338/338/338 337/337/337
f 329/329/329 330/330/330 339/339/339
f 329/329/329 339/339/339 338/338/338
f 330/330/330 331/331/331 340/340/340
f 330/330/330 340/340/340 339/339/339
f 331/331/331 332/332/332 341/341/341
f 331/331/331 341/341/341 340/340/340
f 332/332/332 333/333/333 342/342/342
f 332/332/332 342/342/342 341/341/341
f 333/333/333 325/325/325 334/334/334
f 333/333/333 334/334/334 342/342/342
f 334/334/334 335/335/335 344/344/344
f 334/334/334 344/344/344 343/343/343
f 335/335/335 336/336/336 345/345/345
f 335/335/335 345/345/345 344/344/344
f 336/336/336 337/337/337 346/346/346
f 336/336/336 346/346/346 345/345/345
f 337/337/337 338/338/338 347/347/347
f 337/337/337 347/347/347 346/346/346
f 338/338/338 339/339/339 348/348/348
f 338/338/338 348/348/348 347/347/347
f 339/339/339 340/340/340 349/349/349
f 339/339/339 349/349/349 348/348/348
f 340/340/340 341/341/341 350/350/350
f 340/340/340 350/350/350 349/349/349
f 341/341/341 342/342/342 351/351/351
f 341/341/341 351/351/351 350/350/350
f 342/342/342 334/334/334 343/343/343
f 342/342/342 343/343/343 351/351/351
f 343/343/343 344/344/344 353/353/353
f 343/343/343 353/353/353 352/352/352
f 344/344/344 345/345/345 354/354/354
f 344/344/344 354/354/354 353/353/353
f 345/345/345 346/346/346 355/355/355
f 345/345/345 355/355/355 354/354/354
f 346/346/346 347/347/347 356/356/356
f 346/346/346 356/356/356 355/355/355
f 347/347/347 348/348/348 357/357/357
f 347/347/347 357/357/357 356/356/356
f 348/348/348 349/349/349 358/358/358
f 348/348/348 358/358/358 357/357/357
f 349/349/349 350/350/350 359/359/359
f 349/349/349 359/359/359 358/358/358
f 350/350/350 351/351/351 360/360/360
f 350/350/350 360/360/360 359/359/359
f 351/351/351 343/343/343 352/352/352
f 351/351/351 352/352/352 360/360/360
f 352/352/352 353/353/353 362/362/362
f 352/352/352 362/362/362 361/361/361
f 353/353/353 354/354/354 363/363/363
f 353/353/353 363/363/363 362/362/362
f 354/354/354 355/355/355 364/364/364
f 354/354/354 364/364/364 363/363/363
f 355/355/355 356/356/356 365/365/365
f 355/355/355 365/365/365 364/364/364
f 356/356/356 357/357/357 366/366/366
f 356/356/356 366/366/366 365/365/365
f 357/357/357 358/358/358 367/367/367
f 357/357/357 367/367/367 366/366/366
f 358/358/358 359/359/359 368/368/368
f 358/358/358 368/368/368 367/367/367
f 359/359/359 360/360/360 369/369/369
f 359/359/359 369/369/369 368/368/368
f 360/360/360 352/352/352 361/361/361
f 360/360/360 361/361/361 369/369/369
f 361/361/361 362/362/362 371/371/371
f 361/361/361 371/371/371 370/370/370
f 362/362/362 363/363/363 372/372/372
f 362/362/362 372/372/372 371/371/371
f 363/363/363 364/364/364 373/373/373
f 363/363/363 373/373/373 372/372/372
f 364/364/364 365/365/365 374/374/374
f 364/364/364 374/374/374 373/373/373
f 365/365/365 366/366/366 375/375/375
f 365/365/365 375/375/375 374/374/374
f 366/366/366 367/367/367 376/376/376
f 366/366/366 376/376/376 375/375/375
f 367/367/367 368/368/368 377/377/377
f 367/367/367 377/377/377 376/376/376
f 368/368/368 369/369/369 378/378/378
f 368/368/368 378/378/378 377/377/377
f 369/369/369 361/361/361 370/370/370
f 369/369/369 370/370/370 378/378/378
f 379/379/379 380/380/380 389/389/389
f 379/379/379 389/389/389 388/388/388
f 380/380/380 381/381/381 390/390/390
f 380/380/380 390/390/390 389/389/389
f 381/381/381 382/382/382 391/391/391
f 381/381/381 391/391/391 390/390/390
f 382/382/382 383/383/383 392/392/392
f 382/382/382 392/392/392 391/391/391
f 383/383/383 384/384/384 393/393/393
f 383/383/383 393/393/393 392/392/392
f 384/384/384 385/385/385 394/394/394
f 384/384/384 394/394/394 393/393/393
f 385/385/385 386/386/386 395/395/395
f 385/385/385 395/395/395 394/394/394
f 386/386/386 387/387/387 396/396/396
f 386/386/386 396/396/396 395/395/395
f 387/387/387 379/379/379 388/388/388
f 387/387/387 388/388/388 396/396/396
f 388/388/388 389/389/389 398/398/398
f 388/388/388 398/398/398 397/397/397
f 389/389/389 390/390/390 399/399/399
f 389/389/389 399/399/399 398/398/398
f 390/390/390 391/391/391 400/400/400
f 390/390/390 400/400/400 399/399/399
f 391/391/391 392/392/392 401/401/401
f 391/391/391 401/401/401 400/400/400
f 392/392/392 393/393/393 402/402/402
f 392/392/392 402/402/402 401/401/401
f 393/393/393 394/394/394 403/403/403
f 393/393/393 403/403/403 402/402/402
f 394/394/394 395/395/395 404/404/404
f 394/394/394 404/404/404 403/403/403
f 395/395/395 396/396/396 405/405/405
f 395/395/395 405/405/405 404/404/404
f 396/396/396 388/388/388 397/397/397
f 396/396/396 397/397/397 405/405/405
f 397/397/397 398/398/398 407/407/407
f 397/397/397 407/407/407 406/406/406
f 398/398/398 399/399/399 408/408/408
f 398/398/398 408/408/408 407/407/407
f 399/399/399 400/400/400 409/409/409
f 399/399/399 409/409/409 408/408/408
f 400/400/400 401/401/401 410/410/410
f 400/400/400 410/410/410 409/409/409
f 401/401/401 402/402/402 411/411/411
f 401/401/401 411/411/411 410/410/410
f 402/402/402 403/403/403 412/412/412
f 402/402/402 412/412/412 411/411/411
f 403/403/403 404/404/404 413/413/413
f 403/403/403 413/413/413 412/412/412
f 404/404/404 405/405/405 414/414/414
f 404/404/404 414/414/414 413/413/413
f 405/405/405 397/397/397 406/406/406
f 405/405/405 406/406/406 414/414/414
f 406/406/406 407/407/407 416/416/416
f 406/406/406 416/416/416 415/415/415
f 407/407/407 408/408/408 417/417/417
f 407/407/407 417/417/417 416/416/416
f 408/408/408 409/409/409 418/418/418
f 408/408/408 418/418/418 417/417/417
f 409/409/409 410/410/410 419/419/419
f 409/409/409 419/419/419 418/418/418
f 410/410/410 411/411/411 420/420/420
f 410/410/410 420/420/420 419/419/419
f 411/411/411 412/412/412 421/421/421
f 411/411/411 421/421/421 420/420/420
f 412/412/412 413/413/413 422/422/422
f 412/412/412 422/422/422 421/421/421
f 413/413/413 414/414/414 423/423/423
f 413/413/413 423/423/423 422/422/422
f 414/414/414 406/406/406 415/415/415
f 414/414/414 415/415/415 423/423/423
f 415/415/415 416/416/416 425/425/425
f 415/415/415 425/425/425 424/424/424
f 416/416/416 417/417/417 426/426/426
f 416/416/416 426/426/426 425/425/425
f 417/417/417 418/418/418 427/427/427
f 417/417/417 427/427/427 426/426/426
f 418/418/418 419/419/419 428/428/428
f 418/418/418 428/428/428 427/427/427
f 419/419/419 420/420/420 429/429/429
f 419/419/419 429/429/429 428/428/428
f 420/420/420 421/421/421 430/430/430
f 420/420/420 430/430/430 429/429/429
f 421/421/421 422/422/422 431/431/431
f 421/421/421 431/431/431 430/430/430
f 422/422/422 423/423/423 432/432/432
f 422/422/422 432/432/432 431/431/431
f 423/423/423 415/415/415 424/424/424
f 423/423/423 424/424/424 432/432/432
f 433/433/433 434/434/434 443/443/443
f 433/433/433 443/443/443 442/442/442
f 434/434/434 435/435/435 444/444/444
f 434/434/434 444/444/444 443/443/443
f 435/435/435 436/436/436 445/445/445
f 435/435/435 445/445/445 444/444/444
f 436/436/436 437/437/437 446/446/446
f 436/436/436 446/446/446 445/445/445
f 437/437/437 438/438/438 447/447/447
f 437/437/437 447/447/447 446/446/446
f 438/438/438 439/439/439 448/448/448
f 438/438/438 448/448/448 447/447/447
f 439/439/439 440/440/440 449/449/449
f 439/439/439 449/449/449 448/448/448
f 440/440/440 441/441/441 450/450/450
f 440/440/440 450/450/450 449/449/449
f 441/441/441 433/433/433 442/442/442
f 441/441/441 442/442/442 450/450/450
f 442/442/442 443/443/443 452/452/452
f 442/442/442 452/452/452 451/451/451
f 443/443/443 444/444/444 453/453/453
f 443/443/443 453/453/453 452/452/452
f 444/444/444 445/445/445 454/454/454
f 444/444/444 454/454/454 453/453/453
f 445/445/445 446/446/446 455/455/455
f 445/445/445 455/455/455 454/454/454
f 446/446/446 447/447/447 456/456/456
f 446/446/446 456/456/456 455/455/455
f 447/447/447 448/448/448 457/457/457
f 447/447/447 457/457/457 456/456/456
f 448/448/448 449/449/449 458/458/458
f 448/448/448 458/458/458 457/457/457
f 449/449/449 450/450/450 459/459/459
f 449/449/449 459/459/459 458/458/458
f 450/450/450 442/442/442 451/451/451
f 450/450/450 451/451/451 459/459/459
f 451/451/451 452/452/452 461/461/461
f 451/451/451 461/461/461 460/460/460
f 452/452/452 453/453/453 462/462/462
f 452/452/452 462/462/462 461/461/461
f 453/453/453 454/454/454 463/463/463
f 453/453/453 463/463/463 462/462/462
f 454/454/454 455/455/455 464/464/464
f 454/454/454 464/464/464 463/463/463
f 455/455/455 456/456/456 465/465/465
f 455/455/455 465/465/465 464/464/464
f 456/456/456 457/457/457 466/466/466
f 456/456/456 466/466/466 465/465/465
f 457/457/457 458/458/458 467/467/467
f 457/457/457 467/467/467 466/466/466
f 458/458/458 459/459/459 468/468/468
f 458/458/458 468/468/468 467/467/467
f 459/459/459 451/451/451 460/460/460
f 459/459/459 460/460/460 468/468/468
f 460/460/460 461/461/461 470/470/470
f 460/460/460 470/470/470 469/469/469
f 461/461/461 462/462/462 471/471/471
f 461/461/461 471/471/471 470/470/470
f 462/462/462 463/463/463 472/472/472
f 462/462/462 472/472/472 471/471/471
f 463/463/463 464/464/464 473/473/473
f 463/463/463 473/473/473 472/472/472
f 464/464/464 465/465/465 474/474/474
f 464/464/464 474/474/474 473/473/473
f 465/465/465 466/466/466 475/475/475
f 465/465/465 475/475/475 474/474/474
f 466/466/466 467/467/467 476/476/476
f 466/466/466 476/476/476 475/475/475
f 467/467/467 468/468/468 477/477/477
f 467/467/467 477/477/477 476/476/476
f 468/468/468 460/460/460 469/469/469
f 468/468/468 469/469/469 477/477/477
f 469/469/469 470/470/470 479/479/479
f 469/469/469 479/479/479 478/478/478
f 470/470/470 471/471/471 480/480/480
f 470/470/470 480/480/480 479/479/479
f 471/471/471 472/472/472 481/481/481
f 471/471/471 481/481/481 480/480/480
f 472/472/472 473/473/473 482/482/482
f 472/472/472 482/482/482 481/481/481
f 473/473/473 474/474/474 483/483/483
f 473/473/473 483/483/483 482/482/482
f 474/474/474 475/475/475 484/484/484
f 474/474/474 484/484/484 483/483/483
f 475/475/475 476/476/476 485/485/485
f 475/475/475 485/485/485 484/484/484
f 476/476/476 477/477/477 486/486/486
f 476/476/476 486/486/486 485/485/485
f 477/477/477 469/469/469 478/478/478
f 477/477/477 478/478/478 486/486/486
f 487/487/487 488/488/488 497/497/497
f 487/487/487 497/497/497 496/496/496
f 488/488/488 489/489/489 498/498/498
f 488/488/488 498/498/498 497/497/497
f 489/489/489 490/490/490 499/499/499
f 489/489/489 499/499/499 498/498/498
f 490/490/490 491/491/491 500/500/500
f 490/490/490 500/500/500 499/499/499
f 491/491/491 492/492/492 501/501/501
f 491/491/491 501/501/501 500/500/500
f 492/492/492 493/493/493 502/502/502
f 492/492/492 502/502/502 501/501/501
f 493/493/493 494/494/494 503/503/503
f 493/493/493 503/503/503 502/502/502
f 494/494/494 495/495/495 504/504/504
f 494/494/494 504/504/504 503/503/503
f 495/495/495 487/487/487 496/496/496
f 495/495/495 496/496/496 504/504/504
f 496/496/496 497/497/497 506/506/506
f 496/496/496 506/506/506 505/505/505
f 497/497/497 498/498/498 507/507/507
f 497/497/497 507/507/507 506/506/506
f 498/498/498 499/499/499 508/508/508
f 498/498/498 508/508/508 507/507/507
f 499/499/499 500/500/500 509/509/509
f 499/499/499 509/509/509 508/508/508
f 500/500/500 501/501/501 510/510/510
f 500/500/500 510/510/510 509/509/509
f 501/501/501 502/502/502 511/511/511
f 501/501/501 511/511/511 510/510/510
f 502/502/502 503/503/503 512/512/512
f 502/502/502 512/512/512 511/511/511
f 503/503/503 504/504/504 513/513/513
f 503/503/503 513/513/513 512/512/512
f 504/504/504 496/496/496 505/505/505
f 504/504/504 505/505/505 513/513/513
f 505/505/505 506/506/506 515/515/515
f 505/505/505 515/515/515 514/514/514
f 506/506/506 507/507/507 516/516/516
f 506/506/506 516/516/516 515/515/515
f 507/507/507 508/508/508 517/517/517
f 507/507/507 517/517/517 516/516/516
f 508/508/508 509/509/509 518/518/518
f 508/508/508 518/518/518 517/517/517
f 509/509/509 510/510/510 519/519/519
f 509/509/509 519/519/519 518/518/518
f 510/510/510 511/511/511 520/520/520
f 510/510/510 520/520/520 519/519/519
f 511/511/511 512/512/512 521/521/521
f 511/511/511 521/521/521 520/520/520
f 512/512/512 513/513/513 522/522/522
f 512/512/512 522/522/522 521/521/521
f 513/513/513 505/505/505 514/514/514
f 513/513/513 514/514/514 522/522/522
f 514/514/514 515/515/515 524/524/524
f 514/514/514 524/524/524 523/523/523
f 515/515/515 516/516/516 525/525/525
f 515/515/515 525/525/525 524/524/524
f 516/516/516 517/517/517 526/526/526
f 516/516/516 526/526/526 525/525/525
f 517/517/517 518/518/518 527/527/527
f 517/517/517 527/527/527 526/526/526
f 518/518/518 519/519/519 528/528/528
f 518/518/518 528/528/528 527/527/527
f 519/519/519 520/520/520 529/529/529
f 519/519/519 529/529/529 528/528/528
f 520/520/520 521/521/521 530/530/530
f 520/520/520 530/530/530 529/529/529
f 521/521/521 522/522/522 531/531/531
f 521/521/521 531/531/531 530/530/530
f 522/522/522 514/514/514 523/523/523
f 522/522/522 523/523/523 531/531/531
f 523/523/523 524/524/524 533/533/533
f 523/523/523 533/533/533 532/532/532
f 524/524/524 525/525/525 534/534/534
f 524/524/524 534/534/534 533/533/533
f 525/525/525 526/526/526 535/535/535
f 525/525/525 535/535/535 534/534/534
f 526/526/526 527/527/527 536/536/536
f 526/526/526 536/536/536 535/535/535
f 527/527/527 528/528/528 537/537/537
f 527/527/527 537/537/537 536/536/536
f 528/528/528 529/529/529 538/538/538
f 528/528/528 538/538/538 537/537/537
f 529/529/529 530/530/530 539/539/539
f 529/529/529 539/539/539 538/538/538
f 530/530/530 531/531/531 540/540/540
f 530/530/530 540/540/540 539/539/539
f 531/531/531 523/523/523 532/532/532
f 531/531/531 532/532/532 540/540/540
f 541/541/541 542/542/542 551/551/551
f 541/541/541 551/551/551 550/550/550
f 542/542/542 543/543/543 552/552/552
f 542/542/542 552/552/552 551/551/551
f 543/543/543 544/544/544 553/553/553
f 543/543/543 553/553/553 552/552/552
f 544/544/544 545/545/545 554/554/554
f 544/544/544 554/554/554 553/553/553
f 545/545/545 546/546/546 555/555/555
f 545/545/545 555/555/555 554/554/554
f 546/546/546 547/547/547 556/556/556
f 546/546/546 556/556/556 555/555/555
f 547/547/547 548/548/548 557/557/557
f 547/547/547 557/557/557 556/556/556
f 548/548/548 549/549/549 558/558/558
f 548/548/548 558/558/558 557/557/557
f 549/549/549 541/541/541 550/550/550
f 549/549/549 550/550/550 558/558/558
f 550/550/550 551/551/551 560/560/560
f 550/550/550 560/560/560 559/559/559
f 551/551/551 552/552/552 561/561/561
f 551/551/551 561/561/561 560/560/560
f 552/552/552 553/553/553 562/562/562
f 552/552/552 562/562/562 561/561/561
f 553/553/553 554/554/554 563/563/563
f 553/553/553 563/563/563 562/562/562
f 554/554/554 555/555/555 564/564/564
f 554/554/554 564/564/564 563/563/563
f 555/555/555 556/556/556 565/565/565
f 555/555/555 565/565/565 564/564/564
f 556/556/556 557/557/557 566/566/566
f 556/556/556 566/566/566 565/565/565
f 557/557/557 558/558/558 567/567/567
f 557/557/557 567/567/567 566/566/566
f 558/558/558 550/550/550 559/559/559
f 558/558/558 559/559/559 567/567/567
f 559/559/559 560/560/560 569/569/569
f 559/559/559 569/569/569 568/568/568
f 560/560/560 561/561/561 570/570/570
f 560/560/560 570/570/570 569/569/569
f 561/561/561 562/562/562 571/571/571
f 561/561/561 571/571/571 570/570/570
f 562/562/562 563/563/563 572/572/572
f 562/562/562 572/572/572 571/571/571
f 563/563/563 564/564/564 573/573/573
f 563/563/563 573/573/573 572/572/572
f 564/564/564 565/565/565 574/574/574
f 564/564/564 574/574/574 573/573/573
f 565/565/565 566/566/566 575/575/575
f 565/565/565 575/575/575 574/574/574
f 566/566/566 567/567/567 576/576/576
f 566/566/566 576/576/576 575/575/575
f 567/567/567 559/559/559 568/568/568
f 567/567/567 568/568/568 576/576/576
f 568/568/568 569/569/569 578/578/578
f 568/568/568 578/578/578 577/577/577
f 569/569/569 570/570/570 579/579/579
f 569/569/569 579/579/579 578/578/578
f 570/570/570 571/571/571 580/580/580
f 570/570/570 580/580/580 579/579/579
f 571/571/571 572/572/572 581/581/581
f 571/571/571 581/581/581 580/580/580
f 572/572/572 573/573/573 582/582/582
f 572/572/572 582/582/582 581/581/581
f 573/573/573 574/574/574 583/583/583
f 573/573/573 583/583/583 582/582/582
f 574/574/574 575/575/575 584/584/584
f 574/574/574 584/584/584 583/583/583
f 575/575/575 576/576/576 585/585/585
f 575/575/575 585/585/585 584/584/584
f 576/576/576 568/568/568 577/577/577
f 576/576/576 577/577/577 585/585/585
f 577/577/577 578/578/578 587/587/587
f 577/577/577 587/587/587 586/586/586
f 578/578/578 579/579/579 588/588/588
f 578/578/578 588/588/588 587/587/587
f 579/579/579 580/580/580 589/589/589
f 579/579/579 589/589/589 588/588/588
f 580/580/580 581/581/581 590/590/590
f 580/580/580 590/590/590 589/589/589
f 581/581/581 582/582/582 591/591/591
f 581/581/581 591/591/591 590/590/590
f 582/582/582 583/583/583 592/592/592
f 582/582/582 592/592/592 591/591/591
f 583/583/583 584/584/584 593/593/593
f 583/583/583 593/593/593 592/592/592
f 584/584/584 585/585/585 594/594/594
f 584/584/584 594/594/594 593/593/593
f 585/585/585 577/577/577 586/586/586
f 585/585/585 586/586/586 594/594/594
f 595/595/595 596/596/596 605/605/605
f 595/595/595 605/605/605 604/604/604
f 596/596/596 597/597/597 606/606/606
f 596/596/596 606/606/606 605/605/605
f 597/597/597 598/598/598 607/607/607
f 597/597/597 607/607/607 606/606/606
f 598/598/598 599/599/599 608/608/608
f 598/598/598 608/608/608 607/607/607
f 599/599/599 600/600/600 609/609/609
f 599/599/599 609/609/609 608/608/608
f 600/600/600 601/601/601 610/610/610
f 600/600/600 610/610/610 609/609/609
f 601/601/601 602/602/602 611/611/611
f 601/601/601 611/611/611 610/610/610
f 602/602/602 603/603/603 612/612/612
f 602/602/602 612/612/612 611/611/611
f 603/603/603 595/595/595 604/604/604
f 603/603/603 604/604/604 612/612/612
f 604/604/604 605/605/605 614/614/614
f 604/604/604 614/614/614 613/613/613
f 605/605/605 606/606/606 615/615/615
f 605/605/605 615/615/615 614/614/614
f 606/606/606 607/607/607 616/616/616
f 606/606/606 616/616/616 615/615/615
f 607/607/607 608/608/608 617/617/617
f 607/607/607 617/617/617 616/616/616
f 608/608/608 609/609/609 618/618/618
f 608/608/608 618/618/618 617/617/617
f 609/609/609 610/610/610 619/619/619
f 609/609/609 619/619/619 618/618/618
f 610/610/610 611/611/611 620/620/620
f 610/610/610 620/620/620 619/619/619
f 611/611/611 612/612/612 621/621/621
f 611/611/611 621/621/621 620/620/620
f 612/612/612 604/604/604 613/613/613
f 612/612/612 613/613/613 621/621/621
f 613/613/613 614/614/614 623/623/623
f 613/613/613 623/623/623 622/622/622
f 614/614/614 615/615/615 624/624/624
f 614/614/614 624/624/624 623/623/623
f 615/615/615 616/616/616 625/625/625
f 615/615/615 625/625/625 624/624/624
f 616/616/616 617/617/617 626/626/626
f 616/616/616 626/626/626 625/625/625
f 617/617/617 618/618/618 627/627/627
f 617/617/617 627/627/627 626/626/626
f 618/618/618 619/619/619 628/628/628
f 618/618/618 628/628/628 627/627/627
f 619/619/619 620/620/620 629/629/629
f 619/619/619 629/629/629 628/628/628
f 620/620/620 621/621/621 630/630/630
f 620/620/620 630/630/630 629/629/629
f 621/621/621 613/613/613 622/622/622
f 621/621/621 622/622/622 630/630/630
f 622/622/622 623/623/623 632/632/632
f 622/622/622 632/632/632 631/631/631
f 623/623/623 624/624/624 633/633/633
f 623/623/623 633/633/633 632/632/632
f 624/624/624 625/625/625 634/634/634
f 624/624/624 634/634/634 633/633/633
f 625/625/625 626/626/626 635/635/635
f 625/625/625 635/635/635 634/634/634
f 626/626/626 627/627/627 636/636/636
f 626/626/626 636/636/636 635/635/635
f 627/627/627 628/628/628 637/637/637
f 627/627/627 637/637/637 636/636/636
f 628/628/628 629/629/629 638/638/638
f 628/628/628 638/638/638 637/637/637
f 629/629/629 630/630/630 639/639/639
f 629/629/629 639/639/639 638/638/638
f 630/630/630 622/622/622 631/631/631
f 630/630/630 631/631/631 639/639/639
f 631/631/631 632/632/632 641/641/641
f 631/631/631 641/641/641 640/640/640
f 632/632/632 633/633/633 642/642/642
f 632/632/632 642/642/642 641/641/641
f 633/633/633 634/634/634 643/643/643
f 633/633/633 643/643/643 642/642/642
f 634/634/634 635/635/635 644/644/644
f 634/634/634 644/644/644 643/643/643
f 635/635/635 636/636/636 645/645/645
f 635/635/635 645/645/645 644/644/644
f 636/636/636 637/637/637 646/646/646
f 636/636/636 646/646/646 645/645/645
f 637/637/637 638/638/638 647/647/647
f 637/637/637 647/647/647 646/646/646
f 638/638/638 639/639/639 648/648/648
f 638/638/638 648/648/648 647/647/647
f 639/639/639 631/631/631 640/640/640
f 639/639/639 640/640/640 648/648/648
f 649/649/649 650/650/650 659/659/659
f 649/649/649 659/659/659 658/658/658
f 650/650/650 651/651/651 660/660/660
f 650/650/650 660/660/660 659/659/659
f 651/651/651 652/652/652 661/661/661
f 651/651/651 661/661/661 660/660/660
f 652/652/652 653/653/653 662/662/662
f 652/652/652 662/662/662 661/661/661
f 653/653/653 654/654/654 663/663/663
f 653/653/653 663/663/663 662/662/662
f 654/654/654 655/655/655 664/664/664
f 654/654/654 664/664/664 663/663/663
f 655/655/655 656/656/656 665/665/665
f 655/655/655 665/665/665 664/664/664
f 656/656/656 657/657/657 666/666/666
f 656/656/656 666/666/666 665/665/665
f 657/657/657 649/649/649 658/658/658
f 657/657/657 658/658/658 666/666/666
f 658/658/658 659/659/659 668/668/668
f 658/658/658 668/668/668 667/667/667
f 659/659/659 660/660/660 669/669/669
f 659/659/659 669/669/669 668/668/668
f 660/660/660 661/661/661 670/670/670
f 660/660/660 670/670/670 669/669/669
f 661/661/661 662/662/662 671/671/671
f 661/661/661 671/671/671 670/670/670
f 662/662/662 663/663/663 672/672/672
f 662/662/662 672/672/672 671/671/671
f 663/663/663 664/664/664 673/673/673
f 663/663/663 673/673/673 672/672/672
f 664/664/664 665/665/665 674/674/674
f 664/664/664 674/674/674 673/673/673
f 665/665/665 666/666/666 675/675/675
f 665/665/665 675/675/675 674/674/674
f 666/666/666 658/658/658 667/667/667
f 666/666/666 667/667/667 675/675/675
f 667/667/667 668/668/668 677/677/677
f 667/667/667 677/677/677 676/676/676
f 668/668/668 669/669/669 678/678/678
f 668/668/668 678/678/678 677/677/677
f 669/669/669 670/670/670 679/679/679
f 669/669/669 679/679/679 678/678/678
f 670/670/670 671/671/671 680/680/680
f 670/670/670 680/680/680 679/679/679
f 671/671/671 672/672/672 681/681/681
f 671/671/671 681/681/681 680/680/680
f 672/672/672 673/673/673 682/682/682
f 672/672/672 682/682/682 681/681/681
f 673/673/673 674/674/674 683/683/683
f 673/673/673 683/683/683 682/682/682
f 674/674/674 675/675/675 684/684/684
f 674/674/674 684/684/684 683/683/683
f 675/675/675 667/667/667 676/676/676
f 675/675/675 676/676/676 684/684/684
f 676/676/676 677/677/677 686/686/686
f 676/676/676 686/686/686 685/685/685
f 677/677/677 678/678/678 687/687/687
f 677/677/677 687/687/687 686/686/686
f 678/678/678 679/679/679 688/688/688
f 678/678/678 688/688/688 687/687/687
f 679/679/679 680/680/680 689/689/689
f 679/679/679 689/689/689 688/688/688
f 680/680/680 681/681/681 690/690/690
f 680/680/680 690/690/690 689/689/689
f 681/681/681 682/682/682 691/691/691
f 681/681/681 691/691/691 690/690/690
f 682/682/682 683/683/683 692/692/692
f 682/682/682 692/692/692 691/691/691
f 683/683/683 684/684/684 693/693/693
f 683/683/683 693/693/693 692/692/692
f 684/684/684 676/676/676 685/685/685
f 684/684/684 685/685/685 693/693/693
f 685/685/685 686/686/686 695/695/695
f 685/685/685 695/695/695 694/694/694
f 686/686/686 687/687/687 696/696/696
f 686/686/686 696/696/696 695/695/695
f 687/687/687 688/688/688 697/697/697
f 687/687/687 697/697/697 696/696/696
f 688/688/688 689/689/689 698/698/698
f 688/688/688 698/698/698 697/697/697
f 689/689/689 690/690/690 699/699/699
f 689/689/689 699/699/699 698/698/698
f 690/690/690 691/691/691 700/700/700
f 690/690/690 700/700/700 699/699/699
f 691/691/691 692/692/692 701/701/701
f 691/691/691 701/701/701 700/700/700
f 692/692/692 693/693/693 702/702/702
f 692/692/692 702/702/702 701/701/701
f 693/693/693 685/685/685 694/694/694
f 693/693/693 694/694/694 702/702/702
f 703/703/703 704/704/704 713/713/713
f 703/703/703 713/713/713 712/712/712
f 704/704/704 705/705/705 714/714/714
f 704/704/704 714/714/714 713/713/713
f 705/705/705 706/706/706 715/715/715
f 705/705/705 715/715/715 714/714/714
f 706/706/706 707/707/707 716/716/716
f 706/706/706 716/716/716 715/715/715
f 707/707/707 708/708/708 717/717/717
f 707/707/707 717/717/717 716/716/716
f 708/708/708 709/709/709 718/718/718
f 708/708/708 718/718/718 717/717/717
f 709/709/709 710/710/710 719/719/719
f 709/709/709 719/719/719 718/718/718
f 710/710/710 711/711/711 720/720/720
f 710/710/710 720/720/720 719/719/719
f 711/711/711 703/703/703 712/712/712
f 711/711/711 712/712/712 720/720/720
f 712/712/712 713/713/713 722/722/722
f 712/712/712 722/722/722 721/721/721
f 713/713/713 714/714/714 723/723/723
f 713/713/713 723/723/723 722/722/722
f 714/714/714 715/715/715 724/724/724
f 714/714/714 724/724/724 723/723/723
f 715/715/715 716/716/716 725/725/725
f 715/715/715 725/725/725 724/724/724
f 716/716/716 717/717/717 726/726/726
f 716/716/716 726/726/726 725/725/725
f 717/717/717 718/718/718 727/727/727
f 717/717/717 727/727/727 726/726/726
f 718/718/718 719/719/719 728/728/728
f 718/718/718 728/728/728 727/727/727
f 719/719/719 720/720/720 729/729/729
f 719/719/719 729/729/729 728/728/728
f 720/720/720 712/712/712 721/721/721
f 720/720/720 721/721/721 729/729/729
f 721/721/721 722/722/722 731/731/731
f 721/721/721 731/731/731 730/730/730
f 722/722/722 723/723/723 732/732/732
f 722/722/722 732/732/732 731/731/731
f 723/723/723 724/724/724 733/733/733
f 723/723/723 733/733/733 732/732/732
f 724/724/724 725/725/725 734/734/734
f 724/724/724 734/734/734 733/733/733
f 725/725/725 726/726/726 735/735/735
f 725/725/725 735/735/735 734/734/734
f 726/726/726 727/727/727 736/736/736
f 726/726/726 736/736/736 735/735/735
f 727/727/727 728/728/728 737/737/737
f 727/727/727 737/737/737 736/736/736
f 728/728/728 729/729/729 738/738/738
f 728/728/728 738/738/738 737/737/737
f 729/729/729 721/721/721 730/730/730
f 729/729/729 730/730/730 738/738/738
f 730/730/730 731/731/731 740/740/740
f 730/730/730 740/740/740 739/739/739
f 731/731/731 732/732/732 741/741/741
f 731/731/731 741/741/741 740/740/740
f 732/732/732 733/733/733 742/742/742
f 732/732/732 742/742/742 741/741/741
f 733/733/733 734/734/734 743/743/743
f 733/733/733 743/743/743 742/742/742
f 734/734/734 735/735/735 744/744/744
f 734/734/734 744/744/744 743/743/743
f 735/735/735 736/736/736 745/745/745
f 735/735/735 745/745/745 744/744/744
f 736/736/736 737/737/737 746/746/746
f 736/736/736 746/746/746 745/745/745
f 737/737/737 738/738/738 747/747/747
f 737/737/737 747/747/747 746/746/746
f 738/738/738 730/730/730 739/739/739
f 738/738/738 739/739/739 747/747/747
f 739/739/739 740/740/740 749/749/749
f 739/739/739 749/749/749 748/748/748
f 740/740/740 741/741/741 750/750/750
f 740/740/740 750/750/750 749/749/749
f 741/741/741 742/742/742 751/751/751
f 741/741/741 751/751/751 750/750/750
f 742/742/742 743/743/743 752/752/752
f 742/742/742 752/752/752 751/751/751
f 743/743/743 744/744/744 753/753/753
f 743/743/743 753/753/753 752/752/752
f 744/744/744 745/745/745 754/754/754
f 744/744/744 754/754/754 753/753/753
f 745/745/745 746/746/746 755/755/755
f 745/745/745 755/755/755 754/754/754
f 746/746/746 747/747/747 756/756/756
f 746/746/746 756/756/756 755/755/755
f 747/747/747 739/739/739 748/748/748
f 747/747/747 748/748/748 756/756/756
f 757/757/757 758/758/758 767/767/767
f 757/757/757 767/767/767 766/766/766
f 758/758/758 759/759/759 768/768/768
f 758/758/758 768/768/768 767/767/767
f 759/759/759 760/760/760 769/769/769
f 759/759/759 769/769/769 768/768/768
f 760/760/760 761/761/761 770/770/770
f 760/760/760 770/770/770 769/769/769
f 761/761/761 762/762/762 771/771/771
f 761/761/761 771/771/771 770/770/770
f 762/762/762 763/763/763 772/772/772
f 762/762/762 772/772/772 771/771/771
f 763/763/763 764/764/764 773/773/773
f 763/763/763 773/773/773 772/772/772
f 764/764/764 765/765/765 774/774/774
f 764/764/764 774/774/774 773/773/773
f 765/765/765 757/757/757 766/766/766
f 765/765/765 766/766/766 774/774/774
f 766/766/766 767/767/767 776/776/776
f 766/766/766 776/776/776 775/775/775
f 767/767/767 768/768/768 777/777/777
f 767/767/767 777/777/777 776/776/776
f 768/768/768 769/769/769 778/778/778
f 768/768/768 778/778/778 777/777/777
f 769/769/769 770/770/770 779/779/779
f 769/769/769 779/779/779 778/778/778
f 770/770/770 771/771/771 780/780/780
f 770/770/770 780/780/780 779/779/779
f 771/771/771 772/772/772 781/781/781
f 771/771/771 781/781/781 780/780/780
f 772/772/772 773/773/773 782/782/782
f 772/772/772 782/782/782 781/781/781
f 773/773/773 774/774/774 783/783/783
f 773/773/773 783/783/783 782/782/782
f 774/774/774 766/766/766 775/775/775
f 774/774/774 775/775/775 783/783/783
f 775/775/775 776/776/776 785/785/785
f 775/775/775 785/785/785 784/784/784
f 776/776/776 777/777/777 786/786/786
f 776/776/776 786/786/786 785/785/785
f 777/777/777 778/778/778 787/787/787
f 777/777/777 787/787/787 786/786/786
f 778/778/778 779/779/779 788/788/788
f 778/778/778 788/788/788 787/787/787
f 779/779/779 780/780/780 789/789/789
f 779/779/779 789/789/789 788/788/788
f 780/780/780 781/781/781 790/790/790
f 780/780/780 790/790/790 789/789/789
f 781/781/781 782/782/782 791/791/791
f 781/781/781 791/791/791 790/790/790
f 782/782/782 783/783/783 792/792/792
f 782/782/782 792/792/792 791/791/791
f 783/783/783 775/775/775 784/784/784
f 783/783/783 784/784/784 792/792/792
f 784/784/784 785/785/785 794/794/794
f 784/784/784 794/794/794 793/793/793
f 785/785/785 786/786/786 795/795/795
f 785/785/785 795/795/795 794/794/794
f 786/786/786 787/787/787 796/796/796
f 786/786/786 796/796/796 795/795/795
f 787/787/787 788/788/788 797/797/797
f 787/787/787 797/797/797 796/796/796
f 788/788/788 789/789/789 798/798/798
f 788/788/788 798/798/798 797/797/797
f 789/789/789 790/790/790 799/799/799
f 789/789/789 799/799/799 798/798/798
f 790/790/790 791/791/791 800/800/800
f 790/790/790 800/800/800 799/799/799
f 791/791/791 792/792/792 801/801/801
f 791/791/791 801/801/801 800/800/800
f 792/792/792 784/784/784 793/793/793
f 792/792/792 793/793/793 801/801/801
f 793/793/793 794/794/794 803/803/803
f 793/793/793 803/803/803 802/802/802
f 794/794/794 795/795/795 804/804/804
f 794/794/794 804/804/804 803/803/803
f 795/795/795 796/796/796 805/805/805
f 795/795/795 805/805/805 804/804/804
f 796/796/796 797/797/797 806/806/806
f 796/796/796 806/806/806 805/805/805
f 797/797/797 798/798/798 807/807/807
f 797/797/797 807/807/807 806/806/806
f 798/798/798 799/799/799 808/808/808
f 798/798/798 808/808/808 807/807/807
f 799/799/799 800/800/800 809/809/809
f 799/799/799 809/809/809 808/808/808
f 800/800/800 801/801/801 810/810/810
f 800/800/800 810/810/810 809/809/809
f 801/801/801 793/793/793 802/802/802
f 801/801/801 802/802/802 810/810/810
f 811/811/811 812/812/812 821/821/821
f 811/811/811 821/821/821 820/820/820
f 812/812/812 813/813/813 822/822/822
f 812/812/812 822/822/822 821/821/821
f 813/813/813 814/814/814 823/823/823
f 813/813/813 823/823/823 822/822/822
f 814/814/814 815/815/815 824/824/824
f 814/814/814 824/824/824 823/823/823
f 815/815/815 816/816/816 825/825/825
f 815/815/815 825/825/825 824/824/824
f 816/816/816 817/817/817 826/826/826
f 816/816/816 826/826/826 825/825/825
f 817/817/817 818/818/818 827/827/827
f 817/817/817 827/827/827 826/826/826
f 818/818/818 819/819/819 828/828/828
f 818/818/818 828/828/828 827/827/827
f 819/819/819 811/811/811 820/820/820
f 819/819/819 820/820/820 828/828/828
f 820/820/820 821/821/821 830/830/830
f 820/820/820 830/830/830 829/829/829
f 821/821/821 822/822/822 831/831/831
f 821/821/821 831/831/831 830/830/830
f 822/822/822 823/823/823 832/832/832
f 822/822/822 832/832/832 831/831/831
f 823/823/823 824/824/824 833/833/833
f 823/823/823 833/833/833 832/832/832
f 824/824/824 825/825/825 834/834/834
f 824/824/824 834/834/834 833/833/833
f 825/825/825 826/826/826 835/835/835
f 825/825/825 835/835/835 834/834/834
f 826/826/826 827/827/827 836/836/836
f 826/826/826 836/836/836 835/835/835
f 827/827/827 828/828/828 837/837/837
f 827/827/827 837/837/837 836/836/836
f 828/828/828 820/820/820 829/829/829
f 828/828/828 829/829/829 837/837/837
f 829/829/829 830/830/830 839/839/839
f 829/829/829 839/839/839 838/838/838
f 830/830/830 831/831/831 840/840/840
f 830/830/830 840/840/840 839/839/839
f 831/831/831 832/832/832 841/841/841
f 831/831/831 841/841/841 840/840/840
f 832/832/832 833/833/833 842/842/842
f 832/832/832 842/842/842 841/841/841
f 833/833/833 834/834/834 843/843/843
f 833/833/833 843/843/843 842/842/842
f 834/834/834 835/835/835 844/844/844
f 834/834/834 844/844/844 843/843/843
f 835/835/835 836/836/836 845/845/845
f 835/835/835 845/845/845 844/844/844
f 836/836/836 837/837/837 846/846/846
f 836/836/836 846/846/846 845/845/845
f 837/837/837 829/829/829 838/838/838
f 837/837/837 838/838/838 846/846/846
f 838/838/838 839/839/839 848/848/848
f 838/838/838 848/848/848 847/847/847
f 839/839/839 840/840/840 849/849/849
f 839/839/839 849/849/849 848/848/848
f 840/840/840 841/841/841 850/850/850
f 840/840/840 850/850/850 849/849/849
f 841/841/841 842/842/842 851/851/851
f 841/841/841 851/851/851 850/850/850
f 842/842/842 843/843/843 852/852/852
f 842/842/842 852/852/852 851/851/851
f 843/843/843 844/844/844 853/853/853
f 843/843/843 853/853/853 852/852/852
f 844/844/844 845/845/845 854/854/854
f 844/844/844 854/854/854 853/853/853
f 845/845/845 846/846/846 855/855/855
f 845/845/845 855/855/855 854/854/854
f 846/846/846 838/838/838 847/847/847
f 846/846/846 847/847/847 855/855/855
f 847/847/847 848/848/848 857/857/857
f 847/847/847 857/857/857 856/856/856
f 848/848/848 849/849/849 858/858/858
f 848/848/848 858/858/858 857/857/857
f 849/849/849 850/850/850 859/859/859
f 849/849/849 859/859/859 858/858/858
f 850/850/850 851/851/851 860/860/860
f 850/850/850 860/860/860 859/859/859
f 851/851/851 852/852/852 861/861/861
f 851/851/851 861/861/861 860/860/860
f 852/852/852 853/853/853 862/862/862
f 852/852/852 862/862/862 861/861/861
f 853/853/853 854/854/854 863/863/863
f 853/853/853 863/863/863 862/862/862
f 854/854/854 855/855/855 864/864/864
f 854/854/854 864/864/864 863/863/863
f 855/855/855 847/847/847 856/856/856
f 855/855/855 856/856/856 864/864/864
f 865/865/865 866/866/866 875/875/875
f 865/865/865 875/875/875 874/874/874
f 866/866/866 867/867/867 876/876/876
f 866/866/866 876/876/876 875/875/875
f 867/867/867 868/868/868 877/877/877
f 867/867/867 877/877/877 876/876/876
f 868/868/868 869/869/869 878/878/878
f 868/868/868 878/878/878 877/877/877
f 869/869/869 870/870/870 879/879/879
f 869/869/869 879/879/879 878/878/878
f 870/870/870 871/871/871 880/880/880
f 870/870/870 880/880/880 879/879/879
f 871/871/871 872/872/872 881/881/881
f 871/871/871 881/881/881 880/880/880
f 872/872/872 873/873/873 882/882/882
f 872/872/872 882/882/882 881/881/881
f 873/873/873 865/865/865 874/874/874
f 873/873/873 874/874/874 882/882/882
f 874/874/874 875/875/875 884/884/884
f 874/874/874 884/884/884 883/883/883
f 875/875/875 876/876/876 885/885/885
f 875/875/875 885/885/885 884/884/884
f 876/876/876 877/877/877 886/886/886
f 876/876/876 886/886/886 885/885/885
f 877/877/877 878/878/878 887/887/887
f 877/877/877 887/887/887 886/886/886
f 878/878/878 879/879/879 888/888/888
f 878/878/878 888/888/888 887/887/887
f 879/879/879 880/880/880 889/889/889
f 879/879/879 889/889/889 888/888/888
f 880/880/880 881/881/881 890/890/890
f 880/880/880 890/890/890 889/889/889
f 881/881/881 882/882/882 891/891/891
f 881/881/881 891/891/891 890/890/890
f 882/882/882 874/874/874 883/883/883
f 882/882/882 883/883/883 891/891/891
f 883/883/883 884/884/884 893/893/893
f 883/883/883 893/893/893 892/892/892
f 884/884/884 885/885/885 894/894/894
f 884/884/884 894/894/894 893/893/893
f 885/885/885 886/886/886 895/895/895
f 885/885/885 895/895/895 894/894/894
f 886/886/886 887/887/887 896/896/896
f 886/886/886 896/896/896 895/895/895
f 887/887/887 888/888/888 897/897/897
f 887/887/887 897/897/897 896/896/896
f 888/888/888 889/889/889 898/898/898
f 888/888/888 898/898/898 897/897/897
f 889/889/889 890/890/890 899/899/899
f 889/889/889 899/899/899 898/898/898
f 890/890/890 891/891/891 900/900/900
f 890/890/890 900/900/900 899/899/899
f 891/891/891 883/883/883 892/892/892
f 891/891/891 892/892/892 900/900/900
f 892/892/892 893/893/893 902/902/902
f 892/892/892 902/902/902 901/901/901
f 893/893/893 894/894/894 903/903/903
f 893/893/893 903/903/903 902/902/902
f 894/894/894 895/895/895 904/904/904
f 894/894/894 904/904/904 903/903/903
f 895/895/895 896/896/896 905/905/905
f 895/895/895 905/905/905 904/904/904
f 896/896/896 897/897/897 906/906/906
f 896/896/896 906/906/906 905/905/905
f 897/897/897 898/898/898 907/907/907
f 897/897/897 907/907/907 906/906/906
f 898/898/898 899/899/899 908/908/908
f 898/898/898 908/908/908 907/907/907
f 899/899/899 900/900/900 909/909/909
f 899/899/899 909/909/909 908/908/908
f 900/900/900 892/892/892 901/901/901
f 900/900/900 901/901/901 909/909/909
f 901/901/901 902/902/902 911/911/911
f 901/901/901 911/911/911 910/910/910
f 902/902/902 903/903/903 912/912/912
f 902/902/902 912/912/912 911/911/911
f 903/903/903 904/904/904 913/913/913
f 903/903/903 913/913/913 912/912/912
f 904/904/904 905/905/905 914/914/914
f 904/904/904 914/914/914 913/913/913
f 905/905/905 906/906/906 915/915/915
f 905/905/905 915/915/915 914/914/914
f 906/906/906 907/907/907 916/916/916
f 906/906/906 916/916/916 915/915/915
f 907/907/907 908/908/908 917/917/917
f 907/907/907 917/917/917 916/916/916
f 908/908/908 909/909/909 918/918/918
f 908/908/908 918/918/918 917/917/917
f 909/909/909 901/901/901 910/910/910
f 909/909/909 910/910/910 918/918/918
f 919/919/919 920/920/920 929/929/929
f 919/919/919 929/929/929 928/928/928
f 920/920/920 921/921/921 930/930/930
f 920/920/920 930/930/930 929/929/929
f 921/921/921 922/922/922 931/931/931
f 921/921/921 931/931/931 930/930/930
f 922/922/922 923/923/923 932/932/932
f 922/922/922 932/932/932 931/931/931
f 923/923/923 924/924/924 933/933/933
f 923/923/923 933/933/933 932/932/932
f 924/924/924 925/925/925 934/934/934
f 924/924/924 934/934/934 933/933/933
f 925/925/925 926/926/926 935/935/935
f 925/925/925 935/935/935 934/934/934
f 926/926/926 927/927/927 936/936/936
f 926/926/926 936/936/936 935/935/935
f 927/927/927 919/919/919 928/928/928
f 927/927/927 928/928/928 936/936/936
f 928/928/928 929/929/929 938/938/938
f 928/928/928 938/938/938 937/937/937
f 929/929/929 930/930/930 939/939/939
f 929/929/929 939/939/939 938/938/938
f 930/930/930 931/931/931 940/940/940
f 930/930/930 940/940/940 939/939/939
f 931/931/931 932/932/932 941/941/941
f 931/931/931 941/941/941 940/940/940
f 932/932/932 933/933/933 942/942/942
f 932/932/932 942/942/942 941/941/941
f 933/933/933 934/934/934 943/943/943
f 933/933/933 943/943/943 942/942/942
f 934/934/934 935/935/935 944/944/944
f 934/934/934 944/944/944 943/943/943
f 935/935/935 936/936/936 945/945/945
f 935/935/935 945/945/945 944/944/944
f 936/936/936 928/928/928 937/937/937
f 936/936/936 937/937/937 945/945/945
f 937/937/937 938/938/938 947/947/947
f 937/937/937 947/947/947 946/946/946
f 938/938/938 939/939/939 948/948/948
f 938/938/938 948/948/948 947/947/947
f 939/939/939 940/940/940 949/949/949
f 939/939/939 949/949/949 948/948/948
f 940/940/940 941/941/941 950/950/950
f 940/940/940 950/950/950 949/949/949
f 941/941/941 942/942/942 951/951/951
f 941/941/941 951/951/951 950/950/950
f 942/942/942 943/943/943 952/952/952
f 942/942/942 952/952/952 951/951/951
f 943/943/943 944/944/944 953/953/953
f 943/943/943 953/953/953 952/952/952
f 944/944/944 945/945/945 954/954/954
f 944/944/944 954/954/954 953/953/953
f 945/945/945 937/937/937 946/946/946
f 945/945/945 946/946/946 954/954/954
f 946/946/946 947/947/947 956/956/956
f 946/946/946 956/956/956 955/955/955
f 947/947/947 948/948/948 957/957/957
f 947/947/947 957/957/957 956/956/956
f 948/948/948 949/949/949 958/958/958
f 948/948/948 958/958/958 957/957/957
f 949/949/949 950/950/950 959/959/959
f 949/949/949 959/959/959 958/958/958
f 950/950/950 951/951/951 960/960/960
f 950/950/950 960/960/960 959/959/959
f 951/951/951 952/952/952 961/961/961
f 951/951/951 961/961/961 960/960/960
f 952/952/952 953/953/953 962/962/962
f 952/952/952 962/962/962 961/961/961
f 953/953/953 954/954/954 963/963/963
f 953/953/953 963/963/963 962/962/962
f 954/954/954 946/946/946 955/955/955
f 954/954/954 955/955/955 963/963/963
f 955/955/955 956/956/956 965/965/965
f 955/955/955 965/965/965 964/964/964
f 956/956/956 957/957/957 966/966/966
f 956/956/956 966/966/966 965/965/965
f 957/957/957 958/958/958 967/967/967
f 957/957/957 967/967/967 966/966/966
f 958/958/958 959/959/959 968/968/968
f 958/958/958 968/968/968 967/967/967
f 959/959/959 960/960/960 969/969/969
f 959/959/959 969/969/969 968/968/968
f 960/960/960 961/961/961 970/970/970
f 960/960/960 970/970/970 969/969/969
f 961/961/961 962/962/962 971/971/971
f 961/961/961 971/971/971 970/970/970
f 962/962/962 963/963/963 972/972/972
f 962/962/962 972/972/972 971/971/971
f 963/963/963 955/955/955 964/964/964
f 963/963/963 964/964/964 972/972/972
f 973/973/973 974/974/974 983/983/983
f 973/973/973 983/983/983 982/982/982
f 974/974/974 975/975/975 984/984/984
f 974/974/974 984/984/984 983/983/983
f 975/975/975 976/976/976 985/985/985
f 975/975/975 985/985/985 984/984/984
f 976/976/976 977/977/977 986/986/986
f 976/976/976 986/986/986 985/985/985
f 977/977/977 978/978/978 987/987/987
f 977/977/977 987/987/987 986/986/986
f 978/978/978 979/979/979 988/988/988
f 978/978/978 988/988/988 987/987/987
f 979/979/979 980/980/980 989/989/989
f 979/979/979 989/989/989 988/988/988
f 980/980/980 981/981/981 990/990/990
f 980/980/980 990/990/990 989/989/989
f 981/981/981 973/973/973 982/982/982
f 981/981/981 982/982/982 990/990/990
f 982/982/982 983/983/983 992/992/992
f 982/982/982 992/992/992 991/991/991
f 983/983/983 984/984/984 993/993/993
f 983/983/983 993/993/993 992/992/992
f 984/984/984 985/985/985 994/994/994
f 984/984/984 994/994/994 993/993/993
f 985/985/985 986/986/986 995/995/995
f 985/985/985 995/995/995 994/994/994
f 986/986/986 987/987/987 996/996/996
f 986/986/986 996/996/996 995/995/995
f 987/987/987 988/988/988 997/997/997
f 987/987/987 997/997/997 996/996/996
f 988/988/988 989/989/989 998/998/998
f 988/988/988 998/998/998 997/997/997
f 989/989/989 990/990/990 999/999/999
f 989/989/989 999/999/999 998/998/998
f 990/990/990 982/982/982 991/991/991
f 990/990/990 991/991/991 999/999/999
f 991/991/991 992/992/992 1001/1001/1001
f 991/991/991 1001/1001/1001 1000/1000/1000
f 992/992/992 993/993/993 1002/1002/1002
f 992/992/992 1002/1002/1002 1001/1001/1001
f 993/993/993 994/994/994 1003/1003/1003
f 993/993/993 1003/1003/1003 1002/1002/1002
f 994/994/994 995/995/995 1004/1004/1004
f 994/994/994 1004/1004/1004 1003/1003/1003
f 995/995/995 996/996/996 1005/1005/1005
f 995/995/995 1005/1005/1005 1004/1004/1004
f 996/996/996 997/997/997 1006/1006/1006
f 996/996/996 1006/1006/1006 1005/1005/1005
f 997/997/997 998/998/998 1007/1007/1007
f 997/997/997 1007/1007/1007 1006/1006/1006
f 998/998/998 999/999/999 1008/1008/1008
f 998/998/998 1008/1008/1008 1007/1007/1007
f 999/999/999 991/991/991 1000/1000/1000
f 999/999/999 1000/1000/1000 1008/1008/1008
f 1000/1000/1000 1001/1001/1001 1010/1010/1010
f 1000/1000/1000 1010/1010/1010 1009/1009/1009
f 1001/1001/1001 1002/1002/1002 1011/1011/1011
f 1001/1001/1001 1011/1011/1011 1010/1010/1010
f 1002/1002/1002 1003/1003/1003 1012/1012/1012
f 1002/1002/1002 1012/1012/1012 1011/1011/1011
f 1003/1003/1003 1004/1004/1004 1013/1013/1013
f 1003/1003/1003 1013/1013/1013 1012/1012/1012
f 1004/1004/1004 1005/1005/1005 1014/1014/1014
f 1004/1004/1004 1014/1014/1014 1013/1013/1013
f 1005/1005/1005 1006/1006/1006 1015/1015/1015
f 1005/1005/1005 1015/1015/1015 1014/1014/1014
f 1006/1006/1006 1007/1007/1007 1016/1016/1016
f 1006/1006/1006 1016/1016/1016 1015/1015/1015
f 1007/1007/1007 1008/1008/1008 1017/1017/1017
f 1007/1007/1007 1017/1017/1017 1016/1016/1016
f 1008/1008/1008 1000/1000/1000 1009/1009/1009
f 1008/1008/1008 1009/1009/1009 1017/1017/1017
f 1009/1009/1009 1010/1010/1010 1019/1019/1019
f 1009/1009/1009 1019/1019/1019 1018/1018/1018
f 1010/1010/1010 1011/1011/1011 1020/1020/1020
f 1010/1010/1010 1020/1020/1020 1019/1019/1019
f 1011/1011/1011 1012/1012/1012 1021/1021/1021
f 1011/1011/1011 1021/1021/1021 1020/1020/1020
f 1012/1012/1012 1013/1013/1013 1022/1022/1022
f 1012/1012/1012 1022/1022/1022 1021/1021/1021
f 1013/1013/1013 1014/1014/1014 1023/1023/1023
f 1013/1013/1013 1023/1023/1023 1022/1022/1022
f 1014/1014/1014 1015/1015/1015 1024/1024/1024
f 1014/1014/1014 1024/1024/1024 1023/1023/1023
f 1015/1015/1015 1016/1016/1016 1025/1025/1025
f 1015/1015/1015 1025/1025/1025 1024/1024/1024
f 1016/1016/1016 1017/1017/1017 1026/1026/1026
f 1016/1016/1016 1026/1026/1026 1025/1025/1025
f 1017/1017/1017 1009/1009/1009 1018/1018/1018
f 1017/1017/1017 1018/1018/1018 1026/1026/1026
f 1027/1027/1027 1028/1028/1028 1037/1037/1037
f 1027/1027/1027 1037/1037/1037 1036/1036/1036
f 1028/1028/1028 1029/1029/1029 1038/1038/1038
f 1028/1028/1028 1038/1038/1038 1037/1037/1037
f 1029/1029/1029 1030/1030/1030 1039/1039/1039
f 1029/1029/1029 1039/1039/1039 1038/1038/1038
f 1030/1030/1030 1031/1031/1031 1040/1040/1040
f 1030/1030/1030 1040/1040/1040 1039/1039/1039
f 1031/1031/1031 1032/1032/1032 1041/1041/1041
f 1031/1031/1031 1041/1041/1041 1040/1040/1040
f 1032/1032/1032 1033/1033/1033 1042/1042/1042
f 1032/1032/1032 1042/1042/1042 1041/1041/1041
f 1033/1033/1033 1034/1034/1034 1043/1043/1043
f 1033/1033/1033 1043/1043/1043 1042/1042/1042
f 1034/1034/1034 1035/1035/1035 1044/1044/1044
f 1034/1034/1034 1044/1044/1044 1043/1043/1043
f 1035/1035/1035 1027/1027/1027 1036/1036/1036
f 1035/1035/1035 1036/1036/1036 1044/1044/1044
f 1036/1036/1036 1037/1037/1037 1046/1046/1046
f 1036/1036/1036 1046/1046/1046 1045/1045/1045
f 1037/1037/1037 1038/1038/1038 1047/1047/1047
f 1037/1037/1037 1047/1047/1047 1046/1046/1046
f 1038/1038/1038 1039/1039/1039 1048/1048/1048
f 1038/1038/1038 1048/1048/1048 1047/1047/1047
f 1039/1039/1039 1040/1040/1040 1049/1049/1049
f 1039/1039/1039 1049/1049/1049 1048/1048/1048
f 1040/1040/1040 1041/1041/1041 1050/1050/1050
f 1040/1040/1040 1050/1050/1050 1049/1049/1049
f 1041/1041/1041 1042/1042/1042 1051/1051/1051
f 1041/1041/1041 1051/1051/1051 1050/1050/1050
f 1042/1042/1042 1043/1043/1043 1052/1052/1052
f 1042/1042/1042 1052/1052/1052 1051/1051/1051
f 1043/1043/1043 1044/1044/1044 1053/1053/1053
f 1043/1043/1043 1053/1053/1053 1052/1052/1052
f 1044/1044/1044 1036/1036/1036 1045/1045/1045
f 1044/1044/1044 1045/1045/1045 1053/1053/1053
f 1045/1045/1045 1046/1046/1046 1055/1055/1055
f 1045/1045/1045 1055/1055/1055 1054/1054/1054
f 1046/1046/1046 1047/1047/1047 1056/1056/1056
f 1046/1046/1046 1056/1056/1056 1055/1055/1055
f 1047/1047/1047 1048/1048/1048 1057/1057/1057
f 1047/1047/1047 1057/1057/1057 1056/1056/1056
f 1048/1048/1048 1049/1049/1049 1058/1058/1058
f 1048/1048/1048 1058/1058/1058 1057/1057/1057
f 1049/1049/1049 1050/1050/1050 1059/1059/1059
f 1049/1049/1049 1059/1059/1059 1058/1058/1058
f 1050/1050/1050 1051/1051/1051 1060/1060/1060
f 1050/1050/1050 1060/1060/1060 1059/1059/1059
f 1051/1051/1051 1052/1052/1052 1061/1061/1061
f 1051/1051/1051 1061/1061/1061 1060/1060/1060
f 1052/1052/1052 1053/1053/1053 1062/1062/1062
f 1052/1052/1052 1062/1062/1062 1061/1061/1061
f 1053/1053/1053 1045/1045/1045 1054/1054/1054
f 1053/1053/1053 1054/1054/1054 1062/1062/1062
f 1054/1054/1054 1055/1055/1055 1064/1064/1064
f 1054/1054/1054 1064/1064/1064 1063/1063/1063
f 1055/1055/1055 1056/1056/1056 1065/1065/1065
f 1055/1055/1055 1065/1065/1065 1064/1064/1064
f 1056/1056/1056 1057/1057/1057 1066/1066/1066
f 1056/1056/1056 1066/1066/1066 1065/1065/1065
f 1057/1057/1057 1058/1058/1058 1067/1067/1067
f 1057/1057/1057 1067/1067/1067 1066/1066/1066
f 1058/1058/1058 1059/1059/1059 1068/1068/1068
f 1058/1058/1058 1068/1068/1068 1067/1067/1067
f 1059/1059/1059 1060/1060/1060 1069/1069/1069
f 1059/1059/1059 1069/1069/1069 1068/1068/1068
f 1060/1060/1060 1061/1061/1061 1070/1070/1070
f 1060/1060/1060 1070/1070/1070 1069/1069/1069
f 1061/1061/1061 1062/1062/1062 1071/1071/1071
f 1061/1061/1061 1071/1071/1071 1070/1070/1070
f 1062/1062/1062 1054/1054/1054 1063/1063/1063
f 1062/1062/1062 1063/1063/1063 1071/1071/1071
f 1063/1063/1063 1064/1064/1064 1073/1073/1073
f 1063/1063/1063 1073/1073/1073 1072/1072/1072
f 1064/1064/1064 1065/1065/1065 1074/1074/1074
f 1064/1064/1064 1074/1074/1074 1073/1073/1073
f 1065/1065/1065 1066/1066/1066 1075/1075/1075
f 1065/1065/1065 1075/1075/1075 1074/1074/1074
f 1066/1066/1066 1067/1067/1067 1076/1076/1076
f 1066/1066/1066 1076/1076/1076 1075/1075/1075
f 1067/1067/1067 1068/1068/1068 1077/1077/1077
f 1067/1067/1067 1077/1077/1077 1076/1076/1076
f 1068/1068/1068 1069/1069/1069 1078/1078/1078
f 1068/1068/1068 1078/1078/1078 1077/1077/1077
f 1069/1069/1069 1070/1070/1070 1079/1079/1079
f 1069/1069/1069 1079/1079/1079 1078/1078/1078
f 1070/1070/1070 1071/1071/1071 1080/1080/1080
f 1070/1070/1070 1080/1080/1080 1079/1079/1079
f 1071/1071/1071 1063/1063/1063 1072/1072/1072
f 1071/1071/1071 1072/1072/1072 1080/1080/1080
