# sandbag_06
mtllib props.mtl
o sandbag_06
usemtl Burlap
v -0.495032 0.212406 0.030268
v -0.502349 0.191526 0.029093
v -0.503645 0.194699 0.023721
v -0.506902 0.198937 0.033255
v -0.485638 0.192173 0.026271
v -0.486895 0.186701 0.041586
v -0.510148 0.209282 0.028340
v -0.499010 0.187655 0.033486
v -0.492642 0.182965 0.027428
v -0.360487 0.182924 0.032755
v -0.381979 0.185480 0.093841
v -0.460426 0.182458 0.117984
v -0.556912 0.183810 0.128596
v -0.621042 0.182241 0.075476
v -0.634210 0.180715 0.020295
v -0.579603 0.189207 -0.060516
v -0.470422 0.181774 -0.049950
v -0.407139 0.174342 -0.014734
v -0.278249 0.127763 0.012872
v -0.322489 0.122955 0.159410
v -0.433893 0.096930 0.240499
v -0.605652 0.097423 0.207077
v -0.718436 0.107287 0.097167
v -0.697284 0.117061 -0.027133
v -0.623549 0.141553 -0.136231
v -0.470154 0.121711 -0.181398
v -0.332672 0.147197 -0.105495
v -0.257847 0.068652 0.013805
v -0.319941 0.062254 0.135309
v -0.440809 0.056987 0.233365
v -0.609866 0.062262 0.199484
v -0.695264 0.046598 0.086634
v -0.700424 0.072647 -0.028187
v -0.596975 0.057380 -0.159972
v -0.463417 0.061994 -0.167041
v -0.337276 0.068372 -0.103298
v -0.346198 0.044447 0.013000
v -0.396967 0.019087 0.111908
v -0.454951 0.008254 0.140633
v -0.562762 0.033821 0.139435
v -0.612953 0.031038 0.083011
v -0.638453 0.025834 -0.020895
v -0.574867 0.042492 -0.078653
v -0.458906 0.022521 -0.080065
v -0.383131 0.051015 -0.058023
v -0.479683 0.014540 0.033991
v -0.505236 0.028504 0.031228
v -0.486109 0.010856 0.017385
v -0.505003 0.024420 0.029636
v -0.481410 0.030754 0.011762
v -0.496692 0.016993 0.026906
v -0.478260 0.004930 0.030191
v -0.487608 0.010152 0.037000
v -0.505709 0.004235 0.028327
v -0.033392 0.197363 0.036468
v -0.035694 0.193879 0.020730
v -0.027411 0.176382 0.011217
v -0.048225 0.176568 0.008899
v -0.035671 0.204826 0.007636
v -0.028706 0.205276 0.023352
v -0.026798 0.197747 0.006923
v -0.023301 0.205232 0.007385
v -0.023871 0.201504 0.020634
v 0.120866 0.180177 0.019880
v 0.090492 0.165315 0.070266
v 0.004225 0.161250 0.102784
v -0.098673 0.175886 0.120211
v -0.185991 0.155527 0.058252
v -0.162309 0.183042 0.012242
v -0.124294 0.171447 -0.057653
v -0.035522 0.181802 -0.078614
v 0.058841 0.160341 -0.040425
v 0.212587 0.100047 0.008067
v 0.165541 0.128192 0.120981
v 0.036433 0.099720 0.199644
v -0.154990 0.129698 0.189599
v -0.263894 0.118256 0.075653
v -0.260120 0.107990 -0.003342
v -0.164327 0.111562 -0.134355
v -0.027589 0.107365 -0.151827
v 0.134796 0.113321 -0.110211
v 0.202050 0.075987 0.008851
v 0.159083 0.072920 0.111885
v 0.033211 0.076249 0.202197
v -0.137912 0.052768 0.214411
v -0.257901 0.062037 0.083199
v -0.270186 0.081124 -0.005484
v -0.157361 0.053883 -0.138803
v -0.023712 0.063212 -0.158694
v 0.127155 0.054014 -0.104554
v 0.102818 0.038608 0.009143
v 0.102438 0.022026 0.068685
v -0.008682 0.045460 0.138541
v -0.093601 0.022542 0.108607
v -0.176553 0.039471 0.078880
v -0.178546 0.029812 -0.001907
v -0.108732 0.021788 -0.067091
v -0.008976 0.040774 -0.081799
v 0.084154 0.019502 -0.064211
v -0.039045 0.012816 0.021786
v -0.030584 0.022332 0.007553
v -0.042702 0.007881 0.026644
v -0.026267 0.005975 0.012633
v -0.032206 0.031757 0.027328
v -0.046259 0.030783 0.008809
v -0.021571 0.007593 0.030053
v -0.025566 0.016588 0.013393
v -0.028106 0.032824 0.027131
v 0.434633 0.177683 0.028357
v 0.427972 0.176115 0.027933
v 0.420538 0.177601 0.045184
v 0.410252 0.199974 0.025663
v 0.440274 0.203086 0.035101
v 0.431257 0.188631 0.045295
v 0.427709 0.197861 0.050039
v 0.431234 0.182215 0.046159
v 0.434105 0.199319 0.022937
v 0.583334 0.157264 0.021232
v 0.542313 0.168943 0.092890
v 0.454934 0.154037 0.104354
v 0.336849 0.160459 0.097937
v 0.269358 0.172366 0.070075
v 0.286657 0.159338 0.015396
v 0.360339 0.187494 -0.036552
v 0.461542 0.186730 -0.065712
v 0.556168 0.169769 -0.016368
v 0.681253 0.105651 0.036838
v 0.624904 0.112257 0.110930
v 0.466932 0.113442 0.193859
v 0.299802 0.093735 0.201483
v 0.178243 0.089506 0.085227
v 0.175825 0.096320 -0.022073
v 0.312619 0.133940 -0.119019
v 0.452721 0.122492 -0.135033
v 0.596048 0.123706 -0.086898
v 0.673180 0.061922 0.020275
v 0.624346 0.065864 0.138926
v 0.479504 0.042955 0.205974
v 0.307810 0.044831 0.201219
v 0.188677 0.055653 0.076887
v 0.188358 0.071013 0.000551
v 0.306883 0.087317 -0.117156
v 0.451556 0.075612 -0.143831
v 0.623905 0.070244 -0.076901
v 0.589976 0.044437 0.011627
v 0.562167 0.024690 0.095061
v 0.457688 0.030323 0.138483
v 0.361864 0.040689 0.125778
v 0.283538 0.021205 0.063857
v 0.268532 0.036331 0.011128
v 0.332311 0.053866 -0.068847
v 0.453599 0.048024 -0.085119
v 0.533243 0.039937 -0.056292
v 0.426990 0.019911 0.040292
v 0.420545 0.010107 0.032457
v 0.432357 0.006563 0.023512
v 0.432383 0.028118 0.039621
v 0.409921 0.035097 0.026061
v 0.421483 0.025489 0.023209
v 0.429373 0.016196 0.027532
v 0.409535 0.033278 0.027765
v 0.412196 0.025939 0.018541
v -0.279196 0.404300 0.029017
v -0.256780 0.394391 0.034055
v -0.272496 0.395745 0.021416
v -0.263313 0.403989 0.043013
v -0.277358 0.386900 0.025899
v -0.253065 0.387514 0.028917
v -0.277768 0.400820 0.033610
v -0.278512 0.385335 0.020556
v -0.264987 0.391687 0.043736
v -0.124313 0.365900 0.046533
v -0.150187 0.370570 0.086309
v -0.250215 0.355384 0.110583
v -0.337991 0.346250 0.093672
v -0.413530 0.371865 0.043924
v -0.403756 0.386340 -0.028458
v -0.337116 0.379470 -0.058480
v -0.229379 0.380023 -0.055190
v -0.148563 0.383114 -0.025116
v -0.022448 0.308148 0.050097
v -0.093945 0.289986 0.147581
v -0.235107 0.304869 0.224386
v -0.411552 0.295481 0.165679
v -0.500268 0.309236 0.038655
v -0.497692 0.304848 -0.034254
v -0.383985 0.324067 -0.143781
v -0.202434 0.327153 -0.161851
v -0.056786 0.313087 -0.056667
v -0.007259 0.284476 0.041728
v -0.102487 0.262674 0.162634
v -0.252042 0.230311 0.209796
v -0.402633 0.234217 0.175861
v -0.510779 0.269321 0.030092
v -0.491286 0.259869 -0.048539
v -0.361671 0.258471 -0.150826
v -0.200198 0.269815 -0.163234
v -0.078381 0.275327 -0.065635
v -0.108912 0.220301 0.033201
v -0.155965 0.230406 0.103798
v -0.260853 0.209590 0.135592
v -0.356385 0.203306 0.111614
v -0.399588 0.234089 0.025312
v -0.412655 0.231918 -0.029762
v -0.322329 0.230936 -0.081516
v -0.214999 0.239679 -0.080997
v -0.153142 0.249250 -0.045478
v -0.269672 0.213944 0.021535
v -0.271952 0.210948 0.014041
v -0.252253 0.228368 0.014428
v -0.260352 0.213280 0.013560
v -0.254254 0.199795 0.001681
v -0.263734 0.210058 0.017910
v -0.277080 0.200364 0.018886
v -0.263870 0.226004 0.003486
v -0.270417 0.226278 0.008398
v 0.203953 0.406942 -0.001197
v 0.198429 0.385950 -0.023409
v 0.192047 0.401005 -0.022734
v 0.214671 0.395671 -0.011345
v 0.201034 0.387335 -0.011549
v 0.193334 0.406008 -0.021180
v 0.205363 0.387030 -0.017752
v 0.206385 0.397579 -0.011821
v 0.187626 0.393747 -0.011115
v 0.347979 0.365942 0.005511
v 0.305565 0.375330 0.063694
v 0.214969 0.368376 0.100709
v 0.115433 0.374001 0.058516
v 0.070014 0.395018 0.011056
v 0.066241 0.365888 -0.057884
v 0.139186 0.377906 -0.110779
v 0.239083 0.358089 -0.097396
v 0.336134 0.370905 -0.078132
v 0.446875 0.289956 0.024742
v 0.375152 0.318453 0.123906
v 0.217721 0.340766 0.195580
v 0.075477 0.329282 0.160026
v -0.034741 0.327134 0.035844
v -0.043724 0.314041 -0.066461
v 0.085451 0.301218 -0.174831
v 0.244060 0.293566 -0.182281
v 0.389656 0.285606 -0.115037
v 0.426191 0.249374 0.000846
v 0.377453 0.248500 0.130224
v 0.212018 0.274814 0.201473
v 0.070483 0.290286 0.178554
v -0.036508 0.270599 0.039315
v -0.035323 0.281651 -0.051509
v 0.066436 0.258026 -0.185550
v 0.242659 0.232930 -0.188904
v 0.394040 0.231886 -0.107367
v 0.355342 0.206710 0.010056
v 0.301904 0.225862 0.076077
v 0.201078 0.224514 0.106340
v 0.124309 0.241916 0.092157
v 0.055073 0.249031 0.050692
v 0.048207 0.214069 -0.040418
v 0.120086 0.210385 -0.083300
v 0.212178 0.222115 -0.106895
v 0.311680 0.197726 -0.049872
v 0.190161 0.204446 -0.006014
v 0.182318 0.209448 0.000594
v 0.186188 0.217536 0.019062
v 0.198300 0.211166 0.016541
v 0.191408 0.199255 0.009928
v 0.179775 0.209438 0.005766
v 0.186129 0.222685 0.005386
v 0.199049 0.208728 0.003714
v 0.181940 0.221320 0.008143
v 0.490466 0.389534 0.034730
v 0.481768 0.395712 0.022921
v 0.495308 0.397758 0.008597
v 0.487441 0.393790 0.019866
v 0.488646 0.393189 0.012333
v 0.499656 0.398096 0.010099
v 0.492619 0.393150 0.017620
v 0.487507 0.404686 0.010659
v 0.480028 0.385412 0.033797
v 0.640460 0.356656 0.024582
v 0.609168 0.368324 0.087395
v 0.514203 0.365476 0.117489
v 0.427602 0.381692 0.117826
v 0.344476 0.383854 0.051645
v 0.346392 0.392091 -0.003055
v 0.417625 0.362620 -0.074448
v 0.508411 0.374131 -0.069509
v 0.603400 0.378100 -0.034212
v 0.730277 0.300894 0.007962
v 0.661224 0.305779 0.149287
v 0.522810 0.296543 0.198743
v 0.367031 0.319999 0.187131
v 0.279681 0.328671 0.083576
v 0.261319 0.326413 -0.033895
v 0.354318 0.336646 -0.149872
v 0.519202 0.318336 -0.190288
v 0.677284 0.307893 -0.106321
v 0.718343 0.261853 0.024097
v 0.644193 0.236837 0.132285
v 0.537252 0.251940 0.220403
v 0.363437 0.274232 0.200716
v 0.273931 0.259202 0.083535
v 0.255491 0.289078 -0.016780
v 0.353646 0.279855 -0.147690
v 0.518162 0.264089 -0.189575
v 0.658067 0.266062 -0.088902
v 0.627058 0.208626 0.022762
v 0.576830 0.228528 0.082367
v 0.505109 0.228697 0.135867
v 0.407904 0.233853 0.124712
v 0.347081 0.221334 0.063276
v 0.322672 0.241314 -0.030146
v 0.392014 0.234216 -0.094294
v 0.516528 0.226047 -0.084464
v 0.606545 0.213916 -0.053915
v 0.471043 0.200353 0.023382
v 0.462529 0.199010 0.017636
v 0.487739 0.220071 0.027542
v 0.482947 0.197602 0.011032
v 0.488497 0.204909 0.022897
v 0.467447 0.199203 0.011820
v 0.483591 0.220188 0.016653
v 0.473534 0.208678 0.029362
v 0.464617 0.218188 0.017362
v -0.499608 0.605430 0.025526
v -0.491096 0.590812 0.006795
v -0.488024 0.591719 0.003159
v -0.496601 0.602460 0.020712
v -0.508887 0.591627 0.002553
v -0.506564 0.603179 0.000388
v -0.506475 0.588458 0.016629
v -0.513478 0.580726 0.011769
v -0.508435 0.591306 0.010393
v -0.349884 0.580469 0.000219
v -0.381676 0.571841 0.049716
v -0.457687 0.563053 0.100626
v -0.569433 0.556238 0.082273
v -0.624014 0.559564 0.035368
v -0.645011 0.577414 -0.014454
v -0.562047 0.573994 -0.075694
v -0.479081 0.583850 -0.070275
v -0.397087 0.571327 -0.041605
v -0.255372 0.503638 -0.000628
v -0.310976 0.506264 0.126078
v -0.459166 0.497448 0.188596
v -0.606786 0.512452 0.177529
v -0.718178 0.493534 0.074816
v -0.713038 0.494975 -0.028489
v -0.618333 0.520219 -0.135580
v -0.464697 0.524866 -0.191887
v -0.326364 0.518477 -0.108533
v -0.255736 0.485566 -0.002509
v -0.304333 0.448561 0.103779
v -0.442310 0.458166 0.188148
v -0.597435 0.440934 0.172737
v -0.710744 0.458822 0.058331
v -0.703469 0.458794 -0.026501
v -0.618495 0.465971 -0.165854
v -0.462527 0.462504 -0.175821
v -0.338047 0.483166 -0.111381
v -0.338327 0.441080 0.005132
v -0.372084 0.432075 0.076233
v -0.453785 0.424560 0.094158
v -0.561623 0.401957 0.100223
v -0.619107 0.396634 0.046943
v -0.622423 0.410028 -0.018045
v -0.553034 0.410550 -0.092734
v -0.475492 0.431029 -0.102687
v -0.376756 0.415760 -0.064390
v -0.487935 0.408462 -0.007454
v -0.476070 0.395867 0.012156
v -0.480634 0.418872 -0.005337
v -0.500683 0.393325 -0.002894
v -0.499401 0.390683 -0.003136
v -0.484528 0.394659 0.013858
v -0.478573 0.407977 0.009782
v -0.495035 0.403495 -0.010307
v -0.482685 0.392687 -0.009954
v -0.027992 0.593198 0.020331
v -0.048614 0.582293 0.021540
v -0.049429 0.587737 0.008219
v -0.029387 0.584997 0.014685
v -0.034151 0.590366 0.016014
v -0.028243 0.596808 0.027167
v -0.035392 0.575663 0.006341
v -0.049336 0.583386 0.012399
v -0.047453 0.577551 0.010712
v 0.114215 0.572644 -0.013375
v 0.080333 0.550049 0.066270
v -0.012100 0.548259 0.096966
v -0.100441 0.561122 0.094326
v -0.165682 0.546891 0.059789
v -0.163583 0.551209 0.013094
v -0.125118 0.553013 -0.049855
v -0.014375 0.562371 -0.066435
v 0.060293 0.560022 -0.055109
v 0.183487 0.520239 -0.016037
v 0.146426 0.503280 0.096531
v 0.016818 0.486539 0.175118
v -0.136305 0.502230 0.196750
v -0.258873 0.490092 0.090371
v -0.265752 0.508143 -0.020214
v -0.170726 0.509615 -0.141081
v -0.020925 0.522417 -0.184492
v 0.121440 0.533323 -0.117712
v 0.191069 0.461635 -0.037931
v 0.172806 0.449635 0.101517
v 0.041900 0.450643 0.190941
v -0.118405 0.430668 0.170581
v -0.236414 0.465395 0.082741
v -0.266360 0.451642 -0.019865
v -0.179477 0.478100 -0.126436
v -0.011347 0.465255 -0.174165
v 0.131637 0.463296 -0.143131
v 0.110908 0.413512 -0.021260
v 0.078080 0.422873 0.063005
v -0.003048 0.421386 0.114965
v -0.087446 0.416920 0.095321
v -0.152554 0.425024 0.055305
v -0.179161 0.425174 -0.020053
v -0.124157 0.431499 -0.077429
v -0.035044 0.443051 -0.097721
v 0.053003 0.428916 -0.065074
v -0.024537 0.395270 0.014411
v -0.042472 0.421775 0.014679
v -0.038586 0.411739 -0.007614
v -0.045765 0.397895 0.005912
v -0.044293 0.422591 0.006474
v -0.019423 0.397738 0.009045
v -0.030756 0.406576 0.009866
v -0.039068 0.412676 0.004968
v -0.035741 0.409332 0.001088
v 0.429869 0.589699 -0.010456
v 0.416626 0.603927 -0.013138
v 0.434205 0.611359 0.003007
v 0.418623 0.582774 -0.015336
v 0.439770 0.585341 -0.009977
v 0.416290 0.594732 -0.003593
v 0.437630 0.609465 -0.002675
v 0.442308 0.587760 -0.005056
v 0.436852 0.584725 -0.017104
v 0.568652 0.561801 0.003425
v 0.537921 0.570561 0.075195
v 0.435959 0.571528 0.080963
v 0.363068 0.580149 0.065394
v 0.281436 0.586173 0.000764
v 0.283425 0.566224 -0.042620
v 0.364993 0.579919 -0.107202
v 0.446910 0.574949 -0.117402
v 0.533795 0.555641 -0.074958
v 0.647480 0.495030 0.006114
v 0.601494 0.520407 0.116498
v 0.450913 0.518285 0.177660
v 0.292790 0.536362 0.165156
v 0.212871 0.502229 0.021281
v 0.221939 0.494295 -0.050830
v 0.335644 0.499171 -0.169450
v 0.482529 0.503586 -0.201737
v 0.606869 0.509324 -0.103098
v 0.661373 0.456310 0.025892
v 0.611763 0.468611 0.131693
v 0.451783 0.472854 0.209462
v 0.283971 0.489326 0.179523
v 0.209425 0.482642 0.036864
v 0.212883 0.453983 -0.070090
v 0.311204 0.454793 -0.170601
v 0.489340 0.435106 -0.185346
v 0.598087 0.426774 -0.118854
v 0.579206 0.423275 0.003549
v 0.521763 0.430002 0.077709
v 0.447619 0.426357 0.112886
v 0.335042 0.428074 0.103704
v 0.295368 0.419076 0.049903
v 0.281636 0.410937 -0.030017
v 0.345411 0.405386 -0.099065
v 0.447825 0.401744 -0.114003
v 0.531319 0.419432 -0.055395
v 0.415385 0.404664 0.012968
v 0.433972 0.398309 -0.001479
v 0.410182 0.388220 -0.002363
v 0.433583 0.408400 0.016877
v 0.429652 0.401389 -0.003693
v 0.423259 0.414074 0.011098
v 0.422890 0.405016 0.015252
v 0.435345 0.392036 0.020854
v 0.412533 0.402743 0.007032
v -0.271420 0.788011 0.014896
v -0.272622 0.807765 -0.010047
v -0.270533 0.784704 -0.008941
v -0.256385 0.805975 0.003323
v -0.268167 0.794804 0.007586
v -0.251322 0.796885 0.009054
v -0.252052 0.789909 -0.012362
v -0.260264 0.804823 -0.008477
v -0.277543 0.793011 -0.005906
v -0.127333 0.769329 -0.023059
v -0.155575 0.770320 0.052848
v -0.231378 0.754315 0.095758
v -0.324752 0.758467 0.099595
v -0.411868 0.775690 0.056909
v -0.409877 0.768301 -0.029270
v -0.340284 0.767320 -0.072450
v -0.249344 0.774251 -0.093442
v -0.147311 0.765177 -0.059562
v -0.010301 0.707257 -0.014669
v -0.075137 0.708153 0.099535
v -0.214394 0.695950 0.166703
v -0.371938 0.718284 0.177851
v -0.495603 0.706522 0.046231
v -0.491476 0.696498 -0.039226
v -0.394014 0.723642 -0.146715
v -0.246506 0.724282 -0.184289
v -0.100293 0.703301 -0.117616
v -0.024068 0.659777 -0.024824
v -0.079521 0.661186 0.095379
v -0.201333 0.632861 0.177429
v -0.357288 0.640512 0.182281
v -0.488349 0.665972 0.064123
v -0.496512 0.655294 -0.022544
v -0.398254 0.646934 -0.167710
v -0.225550 0.669370 -0.189899
v -0.092147 0.670215 -0.114627
v -0.116623 0.620789 -0.022664
v -0.140065 0.607209 0.061379
v -0.225521 0.608959 0.098836
v -0.334908 0.594180 0.103990
v -0.413484 0.609701 0.043057
v -0.409000 0.606964 -0.038705
v -0.352211 0.623778 -0.079049
v -0.252653 0.609342 -0.110887
v -0.150331 0.610257 -0.090749
v -0.274623 0.584104 0.003134
v -0.265890 0.588718 0.001153
v -0.268342 0.591746 -0.003047
v -0.273154 0.608504 0.000315
v -0.269997 0.589468 0.003725
v -0.256820 0.584578 -0.000507
v -0.264660 0.587337 -0.004183
v -0.264806 0.595262 -0.019003
v -0.260562 0.588711 -0.013438
v 0.180581 0.798217 0.031309
v 0.199541 0.788923 0.043245
v 0.172388 0.799035 0.037915
v 0.202677 0.782544 0.024185
v 0.197407 0.786033 0.037160
v 0.181969 0.798116 0.021775
v 0.198355 0.780631 0.030280
v 0.181644 0.796708 0.031230
v 0.173036 0.801613 0.029087
v 0.334724 0.785700 0.062472
v 0.297789 0.790980 0.097886
v 0.192623 0.775827 0.112123
v 0.097511 0.772355 0.102219
v 0.050171 0.745884 0.032770
v 0.037936 0.768088 -0.028981
v 0.133113 0.761247 -0.066412
v 0.217172 0.773614 -0.048187
v 0.321176 0.775909 -0.004695
v 0.449250 0.722302 0.058103
v 0.371862 0.719221 0.175054
v 0.216064 0.728316 0.221787
v 0.052768 0.709988 0.159715
v -0.049418 0.670531 0.046405
v -0.034870 0.683866 -0.030990
v 0.084234 0.694290 -0.154243
v 0.252877 0.702301 -0.140506
v 0.396510 0.718990 -0.034067
v 0.439126 0.689993 0.069689
v 0.376899 0.678493 0.168314
v 0.201331 0.645279 0.220213
v 0.058948 0.650029 0.177702
v -0.032321 0.630909 0.033407
v -0.034298 0.629773 -0.037151
v 0.103847 0.630624 -0.130834
v 0.271045 0.662386 -0.138644
v 0.422680 0.661524 -0.038689
v 0.349501 0.615231 0.051976
v 0.303628 0.620273 0.114272
v 0.223865 0.627333 0.126938
v 0.117421 0.609793 0.118410
v 0.053947 0.598597 0.046413
v 0.067223 0.601427 -0.031976
v 0.137294 0.610237 -0.068781
v 0.249225 0.603972 -0.049062
v 0.343461 0.612562 -0.001939
v 0.197186 0.585185 0.049124
v 0.203207 0.605348 0.037435
v 0.210395 0.592069 0.041811
v 0.186810 0.605238 0.038761
v 0.196636 0.595945 0.040484
v 0.191963 0.607120 0.045909
v 0.195529 0.604575 0.045418
v 0.190862 0.592370 0.040988
v 0.208325 0.609524 0.045653
v 0.486818 0.801036 0.021068
v 0.472948 0.803705 0.017055
v 0.487985 0.797055 0.019949
v 0.484667 0.787997 0.019273
v 0.480854 0.787770 -0.003818
v 0.493446 0.800793 0.012473
v 0.490042 0.803425 0.005057
v 0.474043 0.785108 0.006410
v 0.469809 0.794157 0.007271
v 0.637310 0.772425 -0.006312
v 0.590670 0.773030 0.055796
v 0.519040 0.775963 0.111751
v 0.408172 0.768161 0.086793
v 0.343183 0.777896 0.063226
v 0.332505 0.774945 -0.019835
v 0.414062 0.776822 -0.061321
v 0.503981 0.775141 -0.075962
v 0.586619 0.768779 -0.066628
v 0.725520 0.708732 -0.025155
v 0.665709 0.688360 0.102410
v 0.533285 0.707090 0.180186
v 0.383538 0.707505 0.178674
v 0.253576 0.695671 0.058559
v 0.259362 0.706900 -0.016744
v 0.352982 0.723125 -0.160009
v 0.506997 0.714495 -0.179765
v 0.660612 0.718667 -0.102618
v 0.726482 0.655720 -0.019258
v 0.654158 0.638782 0.103151
v 0.521561 0.627267 0.200283
v 0.380487 0.633923 0.187219
v 0.273174 0.652668 0.078738
v 0.255839 0.661001 -0.022125
v 0.335810 0.662490 -0.165790
v 0.500433 0.650715 -0.206083
v 0.659858 0.668205 -0.113434
v 0.627470 0.604900 -0.015444
v 0.586831 0.592470 0.059808
v 0.508027 0.610322 0.099736
v 0.417508 0.616451 0.107858
v 0.336983 0.609176 0.039829
v 0.324093 0.611794 -0.035070
v 0.383704 0.621740 -0.092601
v 0.489363 0.617978 -0.122405
v 0.598781 0.606913 -0.086651
v 0.486031 0.608171 -0.006100
v 0.477754 0.585089 -0.001496
v 0.472629 0.595601 0.002906
v 0.488942 0.598285 -0.006866
v 0.483990 0.582749 -0.011548
v 0.491158 0.595993 -0.007557
v 0.485131 0.585925 0.000497
v 0.487155 0.603239 -0.010437
v 0.475621 0.582151 -0.003724
v -0.494166 0.991137 0.019075
v -0.514704 0.982497 0.030553
v -0.506920 0.989639 0.032571
v -0.503612 1.001634 0.027039
v -0.506762 0.985233 0.024349
v -0.515245 0.997161 0.015303
v -0.495168 0.993846 0.016489
v -0.510839 0.983831 0.023693
v -0.494751 0.991890 0.017845
v -0.368702 0.969627 0.024832
v -0.396064 0.961216 0.078616
v -0.461127 0.972737 0.112375
v -0.565024 0.959042 0.117788
v -0.640917 0.945974 0.071758
v -0.648269 0.970078 0.003035
v -0.586456 0.977528 -0.047116
v -0.481663 0.966152 -0.073288
v -0.405387 0.978840 -0.037846
v -0.274729 0.924868 -0.006577
v -0.324482 0.903117 0.109212
v -0.430896 0.900768 0.185490
v -0.611251 0.899783 0.172454
v -0.701782 0.873632 0.088658
v -0.730277 0.885514 0.001228
v -0.631194 0.920019 -0.112456
v -0.459604 0.934585 -0.164102
v -0.311820 0.926868 -0.091531
v -0.251995 0.875656 0.007586
v -0.313703 0.844347 0.100604
v -0.427777 0.826912 0.193688
v -0.598210 0.818270 0.165038
v -0.695815 0.823188 0.071056
v -0.717881 0.849821 -0.002589
v -0.637977 0.840201 -0.127435
v -0.459504 0.870260 -0.167449
v -0.331179 0.878806 -0.100698
v -0.345586 0.829207 -0.004366
v -0.370241 0.801418 0.065840
v -0.466043 0.802812 0.117622
v -0.554396 0.794766 0.089077
v -0.609341 0.783166 0.049264
v -0.629228 0.784152 -0.000678
v -0.568432 0.804991 -0.077730
v -0.474125 0.812462 -0.089626
v -0.387088 0.808925 -0.051422
v -0.485752 0.783435 0.020835
v -0.485266 0.782965 0.014782
v -0.484923 0.776776 0.013581
v -0.488882 0.790981 0.004003
v -0.500752 0.793782 0.023339
v -0.483633 0.799810 -0.003059
v -0.498918 0.775364 0.014435
v -0.498867 0.799758 0.019745
v -0.484856 0.780377 0.015138
v -0.030964 0.964994 0.019473
v -0.022428 0.972861 0.017339
v -0.040604 0.964475 0.019042
v -0.034872 0.965983 0.035154
v -0.021533 0.984891 0.020678
v -0.018700 0.967496 0.035294
v -0.039430 0.973240 0.022736
v -0.026664 0.987289 0.018040
v -0.034077 0.977691 0.027868
v 0.101735 0.957951 0.004900
v 0.067954 0.963649 0.064305
v -0.008347 0.969441 0.107625
v -0.101596 0.960197 0.097634
v -0.152991 0.958368 0.076698
v -0.160411 0.962760 0.000967
v -0.097574 0.963284 -0.035362
v -0.029960 0.962345 -0.071295
v 0.070699 0.957900 -0.043272
v 0.192587 0.891210 0.008616
v 0.156785 0.891184 0.107130
v 0.023233 0.902374 0.192629
v -0.134759 0.910125 0.180619
v -0.222210 0.901226 0.098364
v -0.231215 0.904115 0.006833
v -0.147036 0.896756 -0.094081
v -0.024555 0.886074 -0.142847
v 0.109807 0.886296 -0.091349
v 0.174972 0.846938 0.021116
v 0.153798 0.843559 0.114318
v 0.028317 0.855888 0.210194
v -0.135343 0.849102 0.206975
v -0.228631 0.871750 0.097154
v -0.244654 0.863910 -0.005309
v -0.158247 0.836663 -0.100660
v -0.013649 0.834504 -0.133836
v 0.113953 0.832659 -0.086410
v 0.087243 0.814655 0.029891
v 0.069353 0.807676 0.079143
v 0.003728 0.806889 0.127672
v -0.103595 0.812337 0.134366
v -0.156148 0.816871 0.090989
v -0.165568 0.805637 0.014275
v -0.098585 0.807743 -0.036789
v -0.014859 0.798233 -0.073972
v 0.060138 0.812223 -0.045327
v -0.027258 0.794700 0.045112
v -0.027813 0.801475 0.039746
v -0.023938 0.793638 0.034613
v -0.035914 0.797447 0.038138
v -0.028548 0.790654 0.026510
v -0.042872 0.790806 0.038025
v -0.035044 0.795079 0.030921
v -0.033746 0.787300 0.030662
v -0.029069 0.803730 0.045649
v 0.428141 0.990787 0.017900
v 0.415277 0.987173 0.012848
v 0.410963 0.994902 -0.008013
v 0.420982 0.985407 -0.004214
v 0.423031 0.979816 0.000886
v 0.412071 0.996050 0.014312
v 0.426762 0.978138 0.008464
v 0.412402 0.978868 -0.002719
v 0.415976 0.995065 0.005642
v 0.562534 0.981437 0.023607
v 0.529196 0.982301 0.081792
v 0.442213 0.973317 0.088476
v 0.348861 0.977336 0.085094
v 0.269814 0.972578 0.037996
v 0.280568 0.951217 -0.035551
v 0.354614 0.961152 -0.067210
v 0.452875 0.966325 -0.084020
v 0.543249 0.966682 -0.055619
v 0.657957 0.902160 0.029824
v 0.602438 0.928498 0.133356
v 0.456786 0.910700 0.175591
v 0.301514 0.913532 0.145868
v 0.189235 0.878378 0.052231
v 0.197576 0.877815 -0.049167
v 0.308262 0.895196 -0.158324
v 0.467390 0.897648 -0.173538
v 0.609133 0.904727 -0.103905
v 0.649837 0.877667 0.033466
v 0.601464 0.862521 0.115660
v 0.459199 0.856726 0.205888
v 0.301438 0.857572 0.154194
v 0.209902 0.854451 0.046705
v 0.202327 0.839534 -0.033256
v 0.306284 0.832742 -0.156634
v 0.467454 0.831339 -0.174471
v 0.616673 0.854871 -0.081545
v 0.579061 0.807006 0.032540
v 0.532775 0.812540 0.072384
v 0.461794 0.816865 0.110287
v 0.339499 0.805212 0.089580
v 0.281317 0.790855 0.040592
v 0.304454 0.793722 -0.012460
v 0.353612 0.789527 -0.074216
v 0.468266 0.803419 -0.081483
v 0.539700 0.818531 -0.056290
v 0.439327 0.784050 0.011341
v 0.424379 0.793792 0.004729
v 0.424200 0.788750 0.005644
v 0.425085 0.787174 0.017301
v 0.426851 0.804851 0.024833
v 0.429461 0.794049 0.008697
v 0.424105 0.783602 0.027120
v 0.424416 0.783685 0.012152
v 0.436931 0.780912 0.017801
v -0.038381 0.177515 0.488049
v -0.018196 0.185608 0.480807
v -0.028282 0.177365 0.483052
v -0.017356 0.195897 0.457405
v -0.020405 0.197130 0.472588
v -0.012598 0.205597 0.476956
v -0.022118 0.189520 0.466935
v -0.041375 0.187435 0.484479
v -0.019990 0.186151 0.461665
v -0.010181 0.173058 0.615731
v -0.077317 0.167674 0.593936
v -0.115617 0.154509 0.498537
v -0.112735 0.173504 0.393404
v -0.056410 0.160062 0.340819
v 0.013249 0.172718 0.344939
v 0.059896 0.172210 0.394307
v 0.062393 0.174157 0.499746
v 0.041987 0.186294 0.599592
v -0.025869 0.102671 0.711072
v -0.137010 0.096467 0.646150
v -0.199947 0.117723 0.521751
v -0.177744 0.116793 0.363529
v -0.072455 0.103756 0.245969
v 0.025614 0.095200 0.226003
v 0.135787 0.117729 0.360953
v 0.174547 0.131899 0.499121
v 0.075443 0.124083 0.668209
v -0.008832 0.065732 0.710102
v -0.122861 0.070201 0.646593
v -0.207184 0.041275 0.524577
v -0.192523 0.048736 0.351258
v -0.072338 0.062582 0.241001
v 0.031606 0.059328 0.246106
v 0.167393 0.091018 0.353715
v 0.191437 0.070213 0.528570
v 0.079996 0.086050 0.659092
v -0.019334 0.041538 0.626036
v -0.091052 0.025680 0.592685
v -0.132308 0.015037 0.495149
v -0.098020 0.036607 0.405643
v -0.050291 0.020899 0.332557
v 0.015180 0.045401 0.323884
v 0.079575 0.052071 0.401650
v 0.086546 0.037548 0.497814
v 0.060710 0.054645 0.582492
v -0.008643 0.026913 0.456766
v -0.021518 0.030992 0.460514
v -0.016828 0.025556 0.457963
v -0.016546 0.029327 0.480564
v -0.000031 0.029254 0.468890
v 0.000269 0.012060 0.468547
v -0.017644 0.029187 0.458318
v 0.000069 0.034812 0.486831
v -0.017858 0.030665 0.462220
v -0.026652 0.181818 0.001968
v -0.027028 0.201240 0.029321
v -0.027136 0.179698 0.005686
v -0.028168 0.193598 0.028049
v -0.016767 0.186052 0.006768
v -0.026122 0.177827 0.007443
v -0.024929 0.198903 0.016970
v -0.025180 0.179482 0.029280
v -0.032711 0.185778 0.029773
v 0.009306 0.157566 0.160695
v -0.057153 0.171393 0.138033
v -0.093064 0.162282 0.032395
v -0.101774 0.176546 -0.044389
v -0.070188 0.162120 -0.133699
v 0.000343 0.191731 -0.140564
v 0.056950 0.187168 -0.059151
v 0.066388 0.189054 0.038016
v 0.043826 0.182383 0.129904
v 0.027635 0.114427 0.232692
v -0.087066 0.119427 0.197559
v -0.180522 0.117939 0.077794
v -0.197238 0.091486 -0.087233
v -0.096278 0.116617 -0.195995
v 0.000332 0.098655 -0.205589
v 0.112770 0.138452 -0.137614
v 0.165521 0.144881 0.038602
v 0.099861 0.105153 0.175601
v 0.036815 0.059040 0.254026
v -0.104627 0.043676 0.203671
v -0.182962 0.061151 0.058942
v -0.187123 0.051452 -0.079058
v -0.071575 0.080635 -0.187077
v 0.017152 0.063286 -0.232546
v 0.135025 0.078486 -0.118339
v 0.171365 0.088703 0.041482
v 0.114869 0.088530 0.181434
v 0.011002 0.019540 0.141564
v -0.060494 0.019981 0.131649
v -0.097784 0.021954 0.052597
v -0.104785 0.025021 -0.061329
v -0.060985 0.015480 -0.115713
v 0.022470 0.046289 -0.120198
v 0.089461 0.036282 -0.078013
v 0.113634 0.028978 0.007640
v 0.071378 0.034606 0.121551
v -0.002905 0.034389 0.020868
v 0.001298 0.031193 0.016069
v -0.003536 0.028413 0.002033
v 0.000146 0.023385 0.015514
v -0.005608 0.028716 0.012093
v -0.013987 0.007575 -0.003500
v -0.011596 0.023184 0.005543
v -0.002594 0.023792 0.004486
v 0.008493 0.004152 0.006581
v -0.059691 0.206704 -0.450616
v -0.059194 0.192523 -0.455568
v -0.047543 0.212123 -0.463796
v -0.057917 0.184821 -0.451564
v -0.044305 0.184191 -0.441763
v -0.050990 0.195474 -0.441375
v -0.050009 0.199178 -0.461219
v -0.059619 0.210786 -0.451835
v -0.063531 0.207876 -0.432435
v -0.047671 0.188119 -0.320177
v -0.111911 0.160096 -0.355644
v -0.139598 0.160198 -0.424435
v -0.128144 0.169272 -0.519911
v -0.075692 0.186415 -0.557153
v -0.016927 0.178469 -0.590988
v 0.032129 0.205171 -0.509629
v 0.043929 0.179752 -0.422677
v 0.001279 0.183820 -0.341400
v -0.022461 0.123856 -0.217485
v -0.155109 0.089357 -0.295230
v -0.221412 0.076654 -0.410338
v -0.200630 0.075435 -0.548688
v -0.105210 0.098421 -0.662861
v -0.001873 0.106065 -0.654964
v 0.110240 0.160526 -0.570020
v 0.161878 0.158461 -0.396999
v 0.064193 0.136650 -0.262562
v -0.031547 0.059035 -0.228069
v -0.146705 0.054909 -0.273415
v -0.223020 0.036117 -0.406105
v -0.202942 0.046528 -0.562528
v -0.085550 0.049890 -0.655790
v 0.005346 0.088973 -0.672357
v 0.153067 0.104343 -0.554418
v 0.177822 0.099112 -0.421044
v 0.078608 0.069258 -0.267246
v -0.029878 0.011985 -0.316061
v -0.103803 0.000000 -0.351103
v -0.121120 0.025716 -0.416693
v -0.106343 0.022471 -0.509133
v -0.068563 0.028867 -0.563523
v 0.003588 0.045475 -0.565317
v 0.084891 0.038164 -0.517486
v 0.084367 0.057216 -0.435311
v 0.047797 0.045083 -0.354960
v -0.022173 0.018407 -0.459758
v -0.018238 0.026893 -0.443459
v -0.035813 0.022375 -0.458629
v -0.017249 0.029551 -0.459773
v -0.006697 0.022890 -0.433264
v -0.011050 0.012049 -0.458351
v -0.017748 0.015671 -0.445825
v -0.025609 0.024576 -0.444460
v -0.019401 0.029082 -0.455711
v -0.004127 0.394634 0.256528
v -0.008596 0.386111 0.253645
v -0.003036 0.411750 0.233689
v -0.005954 0.386410 0.238956
v 0.006954 0.412686 0.242696
v -0.007383 0.411388 0.250005
v 0.011820 0.408583 0.248329
v -0.004305 0.411929 0.233872
v 0.002386 0.387946 0.229313
v 0.002577 0.366931 0.376229
v -0.035396 0.374832 0.354591
v -0.091983 0.379625 0.276548
v -0.083447 0.393900 0.160340
v -0.052086 0.364743 0.097254
v 0.022514 0.388563 0.105491
v 0.051723 0.377074 0.157871
v 0.090961 0.359059 0.260622
v 0.074548 0.364325 0.345734
v 0.020389 0.296406 0.473123
v -0.089922 0.311451 0.456033
v -0.169749 0.308768 0.303553
v -0.186128 0.322286 0.130996
v -0.067691 0.298111 0.015468
v 0.007266 0.320440 0.032546
v 0.138681 0.309660 0.115415
v 0.161295 0.313589 0.274933
v 0.113297 0.325947 0.414819
v 0.027518 0.278825 0.489435
v -0.087097 0.278153 0.446801
v -0.177757 0.260650 0.304074
v -0.165451 0.278484 0.127267
v -0.073230 0.267372 0.028046
v 0.007725 0.256761 0.002388
v 0.142143 0.260774 0.116175
v 0.166753 0.243712 0.276200
v 0.127687 0.259250 0.413063
v 0.017514 0.234019 0.392971
v -0.051060 0.223008 0.361876
v -0.119229 0.218487 0.264496
v -0.119202 0.220070 0.161680
v -0.046329 0.215715 0.093170
v 0.001231 0.223839 0.110721
v 0.058276 0.208704 0.163839
v 0.090973 0.208622 0.243026
v 0.057361 0.227507 0.356001
v -0.026187 0.208751 0.229654
v -0.025837 0.205308 0.245068
v 0.002912 0.213099 0.244834
v -0.001784 0.208604 0.239670
v -0.007719 0.210899 0.236479
v -0.016810 0.204461 0.257264
v -0.002998 0.198497 0.247895
v -0.001589 0.214075 0.233274
v -0.028674 0.198970 0.230376
v -0.010534 0.401505 -0.231820
v -0.009683 0.409038 -0.218378
v 0.004069 0.398446 -0.231484
v -0.020494 0.383449 -0.212000
v -0.022803 0.400224 -0.208343
v -0.001331 0.380632 -0.206424
v -0.006825 0.383358 -0.206862
v -0.002062 0.388628 -0.229813
v 0.000073 0.379496 -0.222469
v -0.004394 0.362125 -0.082449
v -0.066826 0.376591 -0.108246
v -0.115617 0.391378 -0.197156
v -0.091769 0.377135 -0.301757
v -0.040170 0.361336 -0.350822
v 0.030350 0.374196 -0.352144
v 0.084327 0.375001 -0.275716
v 0.071056 0.374513 -0.191448
v 0.058498 0.376098 -0.099524
v -0.034005 0.299050 0.013085
v -0.135370 0.328227 -0.032662
v -0.211130 0.337404 -0.179496
v -0.163050 0.349289 -0.330098
v -0.065783 0.303695 -0.436903
v 0.039093 0.312979 -0.419629
v 0.146677 0.284256 -0.305630
v 0.173502 0.285797 -0.168654
v 0.091781 0.301779 -0.050600
v -0.027483 0.262992 -0.002979
v -0.133736 0.284509 -0.047329
v -0.213466 0.279138 -0.195705
v -0.196867 0.266419 -0.355206
v -0.071160 0.258712 -0.422473
v 0.026787 0.243029 -0.429107
v 0.142509 0.249192 -0.331657
v 0.177695 0.248610 -0.172995
v 0.098497 0.248758 -0.042718
v -0.027799 0.226712 -0.090811
v -0.098383 0.240407 -0.105529
v -0.137371 0.236141 -0.199821
v -0.125151 0.223797 -0.299991
v -0.049050 0.222994 -0.359637
v 0.020269 0.215506 -0.338286
v 0.052876 0.208867 -0.268563
v 0.078179 0.203993 -0.192170
v 0.034213 0.230470 -0.103418
v -0.039355 0.205753 -0.229249
v -0.026172 0.202932 -0.203714
v -0.019928 0.209313 -0.222889
v -0.037477 0.212962 -0.232901
v -0.027602 0.205161 -0.214966
v -0.040243 0.223297 -0.227044
v -0.029230 0.206904 -0.209921
v -0.037025 0.213988 -0.206938
v -0.031080 0.210079 -0.228669
v -0.005447 0.393549 -0.508515
v 0.002545 0.407580 -0.508208
v 0.006316 0.409609 -0.504067
v 0.005691 0.405848 -0.511018
v -0.002849 0.381623 -0.502436
v -0.004097 0.380844 -0.511868
v 0.004062 0.400682 -0.496411
v -0.004454 0.383551 -0.502762
v 0.006130 0.394877 -0.506457
v -0.003588 0.366401 -0.363377
v -0.074590 0.363614 -0.398898
v -0.117365 0.372389 -0.492079
v -0.071762 0.365100 -0.577764
v -0.043920 0.377141 -0.639129
v 0.032117 0.362895 -0.641073
v 0.095922 0.394207 -0.579536
v 0.084280 0.380831 -0.465994
v 0.033104 0.390653 -0.389663
v -0.012162 0.298884 -0.249345
v -0.127488 0.314195 -0.326669
v -0.201060 0.296873 -0.484610
v -0.161018 0.310411 -0.647649
v -0.032813 0.287346 -0.736891
v 0.073377 0.301673 -0.735001
v 0.177240 0.328174 -0.596179
v 0.195364 0.331309 -0.440587
v 0.099058 0.324668 -0.331116
v -0.015060 0.268959 -0.270670
v -0.134123 0.242666 -0.330263
v -0.201734 0.247602 -0.469825
v -0.166285 0.235787 -0.632517
v -0.013393 0.258602 -0.726043
v 0.072032 0.282995 -0.709964
v 0.172502 0.280332 -0.596090
v 0.194673 0.270935 -0.436050
v 0.118682 0.258964 -0.312274
v -0.019854 0.213305 -0.355041
v -0.087455 0.223404 -0.403166
v -0.099293 0.202003 -0.479819
v -0.078307 0.219693 -0.596116
v -0.026459 0.207749 -0.633454
v 0.053135 0.235741 -0.647277
v 0.114268 0.222063 -0.573575
v 0.111254 0.233786 -0.464384
v 0.062404 0.212110 -0.373789
v 0.018774 0.205015 -0.507083
v 0.015471 0.216056 -0.491631
v 0.006500 0.222309 -0.506180
v 0.001413 0.215070 -0.505173
v 0.016505 0.224375 -0.511111
v -0.002900 0.219136 -0.518724
v 0.015300 0.201470 -0.487390
v 0.001062 0.207175 -0.494937
v 0.004048 0.222094 -0.494440
v -0.027313 0.604856 0.469000
v -0.006271 0.599479 0.458950
v -0.019372 0.578709 0.473955
v -0.011518 0.594429 0.458974
v -0.025998 0.586580 0.472127
v -0.024672 0.601605 0.459992
v -0.009628 0.585043 0.481005
v -0.027754 0.585728 0.483515
v -0.029651 0.591790 0.482592
v -0.026557 0.568135 0.631231
v -0.091178 0.587928 0.586588
v -0.119316 0.567987 0.494088
v -0.103913 0.573918 0.383956
v -0.058536 0.568847 0.327134
v -0.003129 0.565678 0.331793
v 0.065517 0.560275 0.388111
v 0.056430 0.556751 0.504684
v 0.025999 0.557483 0.600526
v -0.045020 0.502319 0.720660
v -0.142544 0.525400 0.665284
v -0.201273 0.536914 0.515088
v -0.178581 0.528082 0.331463
v -0.064713 0.507201 0.230090
v 0.006657 0.492639 0.224657
v 0.134002 0.508410 0.351273
v 0.141957 0.506921 0.531629
v 0.067618 0.489252 0.665259
v -0.028162 0.474938 0.732081
v -0.142292 0.472575 0.648391
v -0.213983 0.470647 0.521302
v -0.177104 0.478689 0.348745
v -0.057004 0.476845 0.226490
v 0.025752 0.463783 0.216645
v 0.111578 0.450197 0.346498
v 0.148220 0.429529 0.533460
v 0.047239 0.452302 0.675516
v -0.051395 0.413736 0.643304
v -0.100783 0.413761 0.602585
v -0.132617 0.426384 0.494767
v -0.118368 0.433139 0.401487
v -0.064351 0.409980 0.334565
v 0.015256 0.418617 0.327794
v 0.058164 0.424488 0.399609
v 0.052579 0.398030 0.499494
v 0.015200 0.405398 0.610453
v -0.031857 0.400225 0.474416
v -0.038194 0.406701 0.479191
v -0.024236 0.396715 0.483209
v -0.042611 0.405327 0.477074
v -0.045616 0.407088 0.475351
v -0.028908 0.408957 0.463388
v -0.048421 0.408885 0.457272
v -0.026013 0.400478 0.462378
v -0.049423 0.392614 0.481521
v -0.045528 0.592943 0.017434
v -0.064933 0.607243 0.010207
v -0.047274 0.602841 0.006717
v -0.064518 0.583260 0.010111
v -0.036546 0.593954 0.005760
v -0.045680 0.596253 -0.000995
v -0.053119 0.592903 0.019710
v -0.046653 0.600855 0.001253
v -0.046103 0.591329 0.009528
v -0.074304 0.583987 0.146961
v -0.123756 0.578298 0.108518
v -0.135220 0.563689 0.027713
v -0.127093 0.560846 -0.057128
v -0.057918 0.586412 -0.114318
v -0.015785 0.583375 -0.117274
v 0.038112 0.582787 -0.044938
v 0.051728 0.574511 0.060839
v 0.005274 0.584704 0.135545
v -0.068539 0.501299 0.261073
v -0.172186 0.515776 0.166097
v -0.238590 0.509662 0.019882
v -0.211682 0.509896 -0.129898
v -0.079579 0.493124 -0.203281
v 0.014424 0.511334 -0.225235
v 0.126973 0.519663 -0.085997
v 0.130945 0.530692 0.081717
v 0.044202 0.523546 0.208860
v -0.058890 0.456722 0.239798
v -0.164550 0.445331 0.172952
v -0.232853 0.433622 0.028297
v -0.211138 0.443531 -0.108515
v -0.087703 0.458153 -0.216864
v 0.016197 0.463025 -0.208788
v 0.150011 0.454197 -0.101299
v 0.135402 0.471216 0.067424
v 0.048253 0.466612 0.196555
v -0.050781 0.420432 0.149804
v -0.111447 0.423450 0.120910
v -0.163335 0.400021 0.018217
v -0.126694 0.420584 -0.063822
v -0.054412 0.425392 -0.131962
v 0.019628 0.412965 -0.130941
v 0.051733 0.427097 -0.066098
v 0.060169 0.421863 0.047705
v 0.024269 0.433170 0.137400
v -0.041245 0.402693 0.007143
v -0.044395 0.414042 0.005626
v -0.043043 0.387804 0.002631
v -0.039701 0.412266 0.019367
v -0.050375 0.412833 0.015964
v -0.046506 0.395676 0.021142
v -0.035063 0.406786 0.003360
v -0.051925 0.399921 0.025438
v -0.049823 0.403377 0.007849
v -0.032015 0.590338 -0.449578
v -0.040073 0.586631 -0.456773
v -0.031339 0.589841 -0.443838
v -0.045651 0.584466 -0.433269
v -0.034488 0.583447 -0.440125
v -0.031091 0.574329 -0.453904
v -0.029371 0.580057 -0.452057
v -0.021136 0.587973 -0.444897
v -0.023758 0.574990 -0.450620
v -0.024512 0.556204 -0.289945
v -0.092003 0.559979 -0.332419
v -0.118960 0.569356 -0.404067
v -0.106711 0.561272 -0.512956
v -0.071245 0.569223 -0.577930
v -0.014249 0.576217 -0.583656
v 0.041042 0.567474 -0.525932
v 0.047731 0.578312 -0.423048
v 0.046057 0.574989 -0.330527
v -0.011338 0.498404 -0.194761
v -0.153923 0.501242 -0.268767
v -0.221147 0.499017 -0.386623
v -0.195031 0.498297 -0.570975
v -0.077905 0.495408 -0.670986
v 0.004876 0.490874 -0.685980
v 0.122047 0.534955 -0.589052
v 0.153607 0.513004 -0.407808
v 0.089881 0.507720 -0.265677
v -0.025462 0.463755 -0.205032
v -0.136597 0.455184 -0.247675
v -0.226508 0.445776 -0.407385
v -0.214255 0.456722 -0.565810
v -0.085018 0.461645 -0.667864
v 0.007764 0.475996 -0.698059
v 0.130797 0.468989 -0.595773
v 0.167768 0.465990 -0.411367
v 0.107773 0.467763 -0.250182
v -0.016226 0.426964 -0.287663
v -0.095621 0.414141 -0.318718
v -0.118048 0.402541 -0.404282
v -0.121294 0.405234 -0.518230
v -0.065794 0.421310 -0.597018
v 0.013399 0.417156 -0.591234
v 0.056661 0.432501 -0.524453
v 0.086303 0.432741 -0.421347
v 0.064141 0.434268 -0.346281
v -0.026501 0.407910 -0.448099
v -0.033844 0.416787 -0.436973
v -0.017754 0.400649 -0.433830
v -0.022250 0.418080 -0.449627
v -0.033258 0.416336 -0.440558
v -0.012214 0.421050 -0.443967
v -0.029002 0.412745 -0.452677
v -0.034476 0.406780 -0.439669
v -0.024460 0.413383 -0.452082
v -0.025088 0.784035 0.237326
v -0.026222 0.778633 0.254138
v -0.043928 0.770950 0.242243
v -0.025934 0.774170 0.230141
v -0.019898 0.779079 0.244651
v -0.022758 0.797344 0.237948
v -0.044242 0.780370 0.246195
v -0.019663 0.772248 0.241517
v -0.031322 0.794056 0.245291
v -0.030146 0.751056 0.382526
v -0.086555 0.774694 0.348899
v -0.113500 0.756715 0.277438
v -0.114830 0.773279 0.170285
v -0.086978 0.772093 0.106499
v -0.023597 0.760333 0.116223
v 0.047913 0.773285 0.176033
v 0.058101 0.755167 0.250898
v 0.026685 0.764672 0.337783
v -0.021738 0.695810 0.481796
v -0.108409 0.710416 0.425199
v -0.196776 0.708465 0.309316
v -0.200282 0.703236 0.130367
v -0.080365 0.690187 0.035659
v -0.005161 0.689208 0.025379
v 0.102315 0.715672 0.125419
v 0.149218 0.705608 0.280709
v 0.080534 0.719975 0.398167
v -0.016894 0.655299 0.459562
v -0.126870 0.653746 0.432070
v -0.189702 0.646936 0.284708
v -0.189466 0.644059 0.131237
v -0.084035 0.645831 0.021847
v -0.002167 0.658775 0.030210
v 0.111617 0.666993 0.117308
v 0.142683 0.668524 0.274525
v 0.097104 0.655570 0.406460
v -0.003525 0.628329 0.394853
v -0.080896 0.612521 0.361530
v -0.130567 0.625647 0.280325
v -0.112630 0.621410 0.166368
v -0.078325 0.613623 0.106139
v -0.016893 0.618317 0.095554
v 0.048922 0.617497 0.156168
v 0.063842 0.632279 0.245915
v 0.045912 0.608257 0.350963
v -0.040670 0.615712 0.247952
v -0.017248 0.589718 0.249015
v -0.039640 0.605800 0.256133
v -0.031244 0.604372 0.249543
v -0.017802 0.611406 0.238264
v -0.025491 0.600154 0.252978
v -0.042288 0.608712 0.233195
v -0.014680 0.615163 0.238780
v -0.038161 0.608930 0.256968
v -0.033594 0.773685 -0.204556
v -0.019567 0.788837 -0.230069
v -0.022511 0.776032 -0.219166
v -0.036876 0.776821 -0.219992
v -0.030747 0.789877 -0.228864
v -0.022887 0.782042 -0.222222
v -0.017978 0.771045 -0.219979
v -0.040442 0.774335 -0.227141
v -0.027562 0.773642 -0.229606
v -0.025417 0.768244 -0.073787
v -0.083372 0.776930 -0.095221
v -0.114269 0.773752 -0.196544
v -0.117976 0.776879 -0.303429
v -0.055895 0.775163 -0.362300
v -0.001664 0.749350 -0.351233
v 0.041526 0.737109 -0.297561
v 0.049803 0.754851 -0.193891
v 0.028306 0.735184 -0.110272
v -0.058112 0.706877 0.030402
v -0.158711 0.737470 -0.035170
v -0.231559 0.728794 -0.183080
v -0.207880 0.749340 -0.356286
v -0.076183 0.716495 -0.440085
v 0.018081 0.688142 -0.435736
v 0.129701 0.668080 -0.318548
v 0.141443 0.665923 -0.173434
v 0.067421 0.681030 -0.043108
v -0.064878 0.649566 0.027064
v -0.155265 0.682352 -0.035578
v -0.247202 0.681490 -0.189953
v -0.214384 0.683097 -0.349649
v -0.105400 0.656675 -0.453584
v 0.006206 0.634172 -0.450735
v 0.114645 0.622647 -0.337191
v 0.124468 0.612050 -0.184028
v 0.070323 0.630993 -0.027801
v -0.075334 0.621868 -0.064778
v -0.118081 0.620551 -0.115375
v -0.155657 0.623665 -0.205200
v -0.150268 0.632636 -0.296983
v -0.101474 0.612776 -0.347115
v -0.007952 0.608156 -0.365678
v 0.037381 0.604588 -0.283162
v 0.042302 0.595080 -0.195836
v 0.001255 0.611053 -0.117623
v -0.068011 0.616472 -0.231970
v -0.071153 0.599686 -0.214018
v -0.050289 0.615433 -0.229598
v -0.051383 0.589596 -0.211116
v -0.075824 0.595254 -0.227107
v -0.066178 0.601337 -0.220079
v -0.046717 0.613825 -0.205564
v -0.050715 0.612387 -0.222606
v -0.071391 0.595571 -0.211695
v -0.018166 0.802337 -0.517164
v -0.028441 0.782478 -0.492247
v -0.014313 0.778157 -0.514356
v -0.013496 0.801828 -0.517094
v -0.026512 0.780091 -0.490110
v -0.027534 0.786970 -0.515649
v -0.025080 0.794539 -0.514477
v -0.031619 0.779201 -0.515357
v -0.015643 0.783151 -0.511007
v -0.005386 0.757682 -0.372786
v -0.087033 0.774604 -0.394254
v -0.118723 0.773022 -0.460961
v -0.106878 0.789171 -0.576381
v -0.065337 0.762540 -0.642332
v -0.015539 0.759519 -0.637920
v 0.060027 0.751620 -0.578300
v 0.067342 0.753347 -0.494510
v 0.036981 0.765190 -0.407934
v -0.013646 0.691513 -0.270454
v -0.121861 0.725163 -0.311405
v -0.211599 0.731113 -0.434076
v -0.191332 0.737435 -0.608792
v -0.097679 0.699933 -0.721299
v -0.000979 0.689251 -0.712388
v 0.116251 0.698170 -0.630748
v 0.153321 0.690129 -0.487022
v 0.099025 0.684771 -0.337274
v -0.018987 0.667243 -0.264517
v -0.124800 0.665600 -0.306870
v -0.217474 0.686464 -0.450439
v -0.219171 0.687503 -0.615043
v -0.113508 0.678237 -0.728782
v -0.009348 0.662141 -0.706875
v 0.112095 0.630222 -0.621508
v 0.137557 0.628021 -0.479790
v 0.074739 0.641950 -0.345396
v -0.041221 0.623397 -0.357425
v -0.117647 0.616111 -0.393197
v -0.158298 0.627251 -0.459550
v -0.145963 0.616608 -0.577232
v -0.101616 0.619057 -0.643817
v -0.030574 0.621720 -0.625481
v 0.037104 0.591144 -0.578967
v 0.051467 0.591281 -0.475747
v 0.020646 0.600586 -0.401593
v -0.048857 0.605850 -0.515714
v -0.051741 0.592790 -0.501405
v -0.057738 0.602662 -0.497998
v -0.038447 0.604406 -0.496447
v -0.055944 0.609089 -0.513101
v -0.064207 0.589338 -0.501343
v -0.051995 0.590061 -0.502042
v -0.063281 0.586925 -0.514451
v -0.051577 0.595077 -0.503181
v -0.072354 0.988061 0.473735
v -0.073210 0.988494 0.462992
v -0.084548 0.993400 0.462744
v -0.076082 0.974022 0.469832
v -0.061630 0.982475 0.479387
v -0.077702 0.990636 0.476192
v -0.067423 0.986664 0.484974
v -0.067043 0.979160 0.477464
v -0.058690 0.976297 0.482804
v -0.073639 0.971627 0.619512
v -0.109628 0.965805 0.595423
v -0.154533 0.951112 0.499174
v -0.138220 0.964614 0.400765
v -0.099660 0.962494 0.329902
v -0.044279 0.963901 0.319314
v 0.009157 0.976824 0.390998
v 0.026950 0.967352 0.506448
v -0.016403 0.956111 0.592688
v -0.056635 0.887231 0.715118
v -0.156310 0.884551 0.654744
v -0.231471 0.875456 0.521998
v -0.205646 0.874343 0.359273
v -0.103223 0.882043 0.230243
v -0.030199 0.907073 0.238784
v 0.086453 0.931130 0.336568
v 0.113630 0.917849 0.499156
v 0.040207 0.908588 0.668024
v -0.045844 0.867345 0.736891
v -0.138636 0.827066 0.659151
v -0.212684 0.814630 0.520920
v -0.213470 0.829279 0.347309
v -0.089408 0.857933 0.239957
v -0.011470 0.872141 0.229147
v 0.100439 0.859971 0.354858
v 0.114795 0.880143 0.519474
v 0.066617 0.868057 0.656973
v -0.044933 0.819616 0.640515
v -0.116363 0.790499 0.587079
v -0.151300 0.788722 0.509170
v -0.126442 0.793546 0.407939
v -0.078115 0.794102 0.317050
v -0.014873 0.802998 0.313214
v 0.030161 0.810056 0.404756
v 0.042783 0.811738 0.507324
v 0.014935 0.807182 0.586344
v -0.034364 0.802099 0.461220
v -0.033515 0.789110 0.471543
v -0.039204 0.798272 0.477151
v -0.032570 0.784315 0.480685
v -0.031504 0.801600 0.482135
v -0.051476 0.794909 0.484426
v -0.033361 0.786229 0.460952
v -0.040037 0.805202 0.472690
v -0.049272 0.794305 0.462669
v -0.036264 0.987908 0.009812
v -0.051850 0.973210 0.021085
v -0.032779 0.988368 0.011257
v -0.042559 0.974884 0.025173
v -0.033865 0.978803 0.005847
v -0.032749 0.995215 0.007274
v -0.036800 0.996092 0.004834
v -0.042385 0.987333 0.000643
v -0.039543 0.982039 0.016316
v -0.015553 0.960179 0.158166
v -0.084628 0.966708 0.129935
v -0.114332 0.947325 0.042232
v -0.133416 0.957141 -0.056676
v -0.087140 0.959686 -0.115836
v -0.027886 0.958468 -0.130434
v 0.023680 0.965402 -0.062802
v 0.044050 0.980891 0.029899
v 0.040502 0.955576 0.135525
v -0.003111 0.898870 0.272213
v -0.126214 0.907917 0.207533
v -0.201617 0.892268 0.064844
v -0.190199 0.906111 -0.080230
v -0.093555 0.881599 -0.210193
v -0.022478 0.902765 -0.230168
v 0.085869 0.908084 -0.132275
v 0.145534 0.921861 0.034383
v 0.085547 0.912446 0.201967
v -0.012522 0.844460 0.269559
v -0.112778 0.856110 0.207530
v -0.207121 0.824351 0.064960
v -0.209620 0.844639 -0.089114
v -0.111839 0.854160 -0.224477
v -0.026730 0.859111 -0.229399
v 0.114489 0.864894 -0.119074
v 0.143611 0.849006 0.025968
v 0.093693 0.858159 0.183185
v -0.006194 0.817596 0.160260
v -0.072781 0.807265 0.126591
v -0.123697 0.797315 0.050259
v -0.124804 0.812724 -0.054035
v -0.083955 0.808720 -0.130523
v -0.004518 0.805067 -0.150146
v 0.041131 0.807554 -0.068319
v 0.057932 0.811086 0.018806
v 0.047622 0.824788 0.128094
v -0.039733 0.802778 0.000557
v -0.043796 0.805485 0.005318
v -0.032569 0.785230 0.023309
v -0.018415 0.805913 0.012811
v -0.032674 0.788468 0.023355
v -0.028897 0.790531 0.023083
v -0.028508 0.796789 0.024177
v -0.031902 0.784358 0.005246
v -0.023724 0.782119 0.020312
v -0.028182 0.993120 -0.457137
v -0.016497 0.988326 -0.457003
v -0.016794 0.992079 -0.445047
v -0.013959 0.973827 -0.436177
v -0.023948 0.985754 -0.457846
v -0.018614 0.971876 -0.443663
v -0.022511 0.997887 -0.451032
v -0.038567 0.975327 -0.442622
v -0.013142 0.985812 -0.447104
v -0.043009 0.957761 -0.311767
v -0.088577 0.978826 -0.336828
v -0.128358 0.973636 -0.419698
v -0.112657 0.965843 -0.522127
v -0.057213 0.981808 -0.583696
v 0.020231 0.958911 -0.574565
v 0.064641 0.949550 -0.507739
v 0.054927 0.955487 -0.412704
v 0.019903 0.952661 -0.326846
v -0.049391 0.889814 -0.207614
v -0.148014 0.922672 -0.280242
v -0.216679 0.924978 -0.434444
v -0.194172 0.927157 -0.572722
v -0.054768 0.911849 -0.669156
v 0.032208 0.883604 -0.673150
v 0.143282 0.880989 -0.563605
v 0.149147 0.875601 -0.387925
v 0.054201 0.871978 -0.260655
v -0.067024 0.854844 -0.214300
v -0.166421 0.876971 -0.280781
v -0.233250 0.885973 -0.429463
v -0.212170 0.871578 -0.561978
v -0.067958 0.853505 -0.679194
v 0.025508 0.854906 -0.662538
v 0.135446 0.804007 -0.561833
v 0.141406 0.820269 -0.401471
v 0.031630 0.831238 -0.249039
v -0.067176 0.799341 -0.306260
v -0.140468 0.816766 -0.350991
v -0.166842 0.824533 -0.421746
v -0.129363 0.818842 -0.523327
v -0.071173 0.811447 -0.593867
v -0.000174 0.793134 -0.576020
v 0.047092 0.796506 -0.507798
v 0.056110 0.782312 -0.421962
v 0.014714 0.807016 -0.325326
v -0.045516 0.779999 -0.450606
v -0.053474 0.796009 -0.439799
v -0.058566 0.799107 -0.438211
v -0.052429 0.782570 -0.449703
v -0.047478 0.782830 -0.456768
v -0.057089 0.791521 -0.453778
v -0.051199 0.803548 -0.441200
v -0.054513 0.784997 -0.455142
v -0.068875 0.795253 -0.446836
vt 0.000000 0.000000
vt 0.166667 0.000000
vt 0.333333 0.000000
vt 0.500000 0.000000
vt 0.666667 0.000000
vt 0.833333 0.000000
vt 1.000000 0.000000
vt 1.166667 0.000000
vt 1.333333 0.000000
vt 0.000000 0.200000
vt 0.166667 0.200000
vt 0.333333 0.200000
vt 0.500000 0.200000
vt 0.666667 0.200000
vt 0.833333 0.200000
vt 1.000000 0.200000
vt 1.166667 0.200000
vt 1.333333 0.200000
vt 0.000000 0.400000
vt 0.166667 0.400000
vt 0.333333 0.400000
vt 0.500000 0.400000
vt 0.666667 0.400000
vt 0.833333 0.400000
vt 1.000000 0.400000
vt 1.166667 0.400000
vt 1.333333 0.400000
vt 0.000000 0.600000
vt 0.166667 0.600000
vt 0.333333 0.600000
vt 0.500000 0.600000
vt 0.666667 0.600000
vt 0.833333 0.600000
vt 1.000000 0.600000
vt 1.166667 0.600000
vt 1.333333 0.600000
vt 0.000000 0.800000
vt 0.166667 0.800000
vt 0.333333 0.800000
vt 0.500000 0.800000
vt 0.666667 0.800000
vt 0.833333 0.800000
vt 1.000000 0.800000
vt 1.166667 0.800000
vt 1.333333 0.800000
vt 0.000000 1.000000
vt 0.166667 1.000000
vt 0.333333 1.000000
vt 0.500000 1.000000
vt 0.666667 1.000000
vt 0.833333 1.000000
vt 1.000000 1.000000
vt 1.166667 1.000000
vt 1.333333 1.000000
vt 0.000000 0.000000
vt 0.166667 0.000000
vt 0.333333 0.000000
vt 0.500000 0.000000
vt 0.666667 0.000000
vt 0.833333 0.000000
vt 1.000000 0.000000
vt 1.166667 0.000000
vt 1.333333 0.000000
vt 0.000000 0.200000
vt 0.166667 0.200000
vt 0.333333 0.200000
vt 0.500000 0.200000
vt 0.666667 0.200000
vt 0.833333 0.200000
vt 1.000000 0.200000
vt 1.166667 0.200000
vt 1.333333 0.200000
vt 0.000000 0.400000
vt 0.166667 0.400000
vt 0.333333 0.400000
vt 0.500000 0.400000
vt 0.666667 0.400000
vt 0.833333 0.400000
vt 1.000000 0.400000
vt 1.166667 0.400000
vt 1.333333 0.400000
vt 0.000000 0.600000
vt 0.166667 0.600000
vt 0.333333 0.600000
vt 0.500000 0.600000
vt 0.666667 0.600000
vt 0.833333 0.600000
vt 1.000000 0.600000
vt 1.166667 0.600000
vt 1.333333 0.600000
vt 0.000000 0.800000
vt 0.166667 0.800000
vt 0.333333 0.800000
vt 0.500000 0.800000
vt 0.666667 0.800000
vt 0.833333 0.800000
vt 1.000000 0.800000
vt 1.166667 0.800000
vt 1.333333 0.800000
vt 0.000000 1.000000
vt 0.166667 1.000000
vt 0.333333 1.000000
vt 0.500000 1.000000
vt 0.666667 1.000000
vt 0.833333 1.000000
vt 1.000000 1.000000
vt 1.166667 1.000000
vt 1.333333 1.000000
vt 0.000000 0.000000
vt 0.166667 0.000000
vt 0.333333 0.000000
vt 0.500000 0.000000
vt 0.666667 0.000000
vt 0.833333 0.000000
vt 1.000000 0.000000
vt 1.166667 0.000000
vt 1.333333 0.000000
vt 0.000000 0.200000
vt 0.166667 0.200000
vt 0.333333 0.200000
vt 0.500000 0.200000
vt 0.666667 0.200000
vt 0.833333 0.200000
vt 1.000000 0.200000
vt 1.166667 0.200000
vt 1.333333 0.200000
vt 0.000000 0.400000
vt 0.166667 0.400000
vt 0.333333 0.400000
vt 0.500000 0.400000
vt 0.666667 0.400000
vt 0.833333 0.400000
vt 1.000000 0.400000
vt 1.166667 0.400000
vt 1.333333 0.400000
vt 0.000000 0.600000
vt 0.166667 0.600000
vt 0.333333 0.600000
vt 0.500000 0.600000
vt 0.666667 0.600000
vt 0.833333 0.600000
vt 1.000000 0.600000
vt 1.166667 0.600000
vt 1.333333 0.600000
vt 0.000000 0.800000
vt 0.166667 0.800000
vt 0.333333 0.800000
vt 0.500000 0.800000
vt 0.666667 0.800000
vt 0.833333 0.800000
vt 1.000000 0.800000
vt 1.166667 0.800000
vt 1.333333 0.800000
vt 0.000000 1.000000
vt 0.166667 1.000000
vt 0.333333 1.000000
vt 0.500000 1.000000
vt 0.666667 1.000000
vt 0.833333 1.000000
vt 1.000000 1.000000
vt 1.166667 1.000000
vt 1.333333 1.000000
vt 0.000000 0.000000
vt 0.166667 0.000000
vt 0.333333 0.000000
vt 0.500000 0.000000
vt 0.666667 0.000000
vt 0.833333 0.000000
vt 1.000000 0.000000
vt 1.166667 0.000000
vt 1.333333 0.000000
vt 0.000000 0.200000
vt 0.166667 0.200000
vt 0.333333 0.200000
vt 0.500000 0.200000
vt 0.666667 0.200000
vt 0.833333 0.200000
vt 1.000000 0.200000
vt 1.166667 0.200000
vt 1.333333 0.200000
vt 0.000000 0.400000
vt 0.166667 0.400000
vt 0.333333 0.400000
vt 0.500000 0.400000
vt 0.666667 0.400000
vt 0.833333 0.400000
vt 1.000000 0.400000
vt 1.166667 0.400000
vt 1.333333 0.400000
vt 0.000000 0.600000
vt 0.166667 0.600000
vt 0.333333 0.600000
vt 0.500000 0.600000
vt 0.666667 0.600000
vt 0.833333 0.600000
vt 1.000000 0.600000
vt 1.166667 0.600000
vt 1.333333 0.600000
vt 0.000000 0.800000
vt 0.166667 0.800000
vt 0.333333 0.800000
vt 0.500000 0.800000
vt 0.666667 0.800000
vt 0.833333 0.800000
vt 1.000000 0.800000
vt 1.166667 0.800000
vt 1.333333 0.800000
vt 0.000000 1.000000
vt 0.166667 1.000000
vt 0.333333 1.000000
vt 0.500000 1.000000
vt 0.666667 1.000000
vt 0.833333 1.000000
vt 1.000000 1.000000
vt 1.166667 1.000000
vt 1.333333 1.000000
vt 0.000000 0.000000
vt 0.166667 0.000000
vt 0.333333 0.000000
vt 0.500000 0.000000
vt 0.666667 0.000000
vt 0.833333 0.000000
vt 1.000000 0.000000
vt 1.166667 0.000000
vt 1.333333 0.000000
vt 0.000000 0.200000
vt 0.166667 0.200000
vt 0.333333 0.200000
vt 0.500000 0.200000
vt 0.666667 0.200000
vt 0.833333 0.200000
vt 1.000000 0.200000
vt 1.166667 0.200000
vt 1.333333 0.200000
vt 0.000000 0.400000
vt 0.166667 0.400000
vt 0.333333 0.400000
vt 0.500000 0.400000
vt 0.666667 0.400000
vt 0.833333 0.400000
vt 1.000000 0.400000
vt 1.166667 0.400000
vt 1.333333 0.400000
vt 0.000000 0.600000
vt 0.166667 0.600000
vt 0.333333 0.600000
vt 0.500000 0.600000
vt 0.666667 0.600000
vt 0.833333 0.600000
vt 1.000000 0.600000
vt 1.166667 0.600000
vt 1.333333 0.600000
vt 0.000000 0.800000
vt 0.166667 0.800000
vt 0.333333 0.800000
vt 0.500000 0.800000
vt 0.666667 0.800000
vt 0.833333 0.800000
vt 1.000000 0.800000
vt 1.166667 0.800000
vt 1.333333 0.800000
vt 0.000000 1.000000
vt 0.166667 1.000000
vt 0.333333 1.000000
vt 0.500000 1.000000
vt 0.666667 1.000000
vt 0.833333 1.000000
vt 1.000000 1.000000
vt 1.166667 1.000000
vt 1.333333 1.000000
vt 0.000000 0.000000
vt 0.166667 0.000000
vt 0.333333 0.000000
vt 0.500000 0.000000
vt 0.666667 0.000000
vt 0.833333 0.000000
vt 1.000000 0.000000
vt 1.166667 0.000000
vt 1.333333 0.000000
vt 0.000000 0.200000
vt 0.166667 0.200000
vt 0.333333 0.200000
vt 0.500000 0.200000
vt 0.666667 0.200000
vt 0.833333 0.200000
vt 1.000000 0.200000
vt 1.166667 0.200000
vt 1.333333 0.200000
vt 0.000000 0.400000
vt 0.166667 0.400000
vt 0.333333 0.400000
vt 0.500000 0.400000
vt 0.666667 0.400000
vt 0.833333 0.400000
vt 1.000000 0.400000
vt 1.166667 0.400000
vt 1.333333 0.400000
vt 0.000000 0.600000
vt 0.166667 0.600000
vt 0.333333 0.600000
vt 0.500000 0.600000
vt 0.666667 0.600000
vt 0.833333 0.600000
vt 1.000000 0.600000
vt 1.166667 0.600000
vt 1.333333 0.600000
vt 0.000000 0.800000
vt 0.166667 0.800000
vt 0.333333 0.800000
vt 0.500000 0.800000
vt 0.666667 0.800000
vt 0.833333 0.800000
vt 1.000000 0.800000
vt 1.166667 0.800000
vt 1.333333 0.800000
vt 0.000000 1.000000
vt 0.166667 1.000000
vt 0.333333 1.000000
vt 0.500000 1.000000
vt 0.666667 1.000000
vt 0.833333 1.000000
vt 1.000000 1.000000
vt 1.166667 1.000000
vt 1.333333 1.000000
vt 0.000000 0.000000
vt 0.166667 0.000000
vt 0.333333 0.000000
vt 0.500000 0.000000
vt 0.666667 0.000000
vt 0.833333 0.000000
vt 1.000000 0.000000
vt 1.166667 0.000000
vt 1.333333 0.000000
vt 0.000000 0.200000
vt 0.166667 0.200000
vt 0.333333 0.200000
vt 0.500000 0.200000
vt 0.666667 0.200000
vt 0.833333 0.200000
vt 1.000000 0.200000
vt 1.166667 0.200000
vt 1.333333 0.200000
vt 0.000000 0.400000
vt 0.166667 0.400000
vt 0.333333 0.400000
vt 0.500000 0.400000
vt 0.666667 0.400000
vt 0.833333 0.400000
vt 1.000000 0.400000
vt 1.166667 0.400000
vt 1.333333 0.400000
vt 0.000000 0.600000
vt 0.166667 0.600000
vt 0.333333 0.600000
vt 0.500000 0.600000
vt 0.666667 0.600000
vt 0.833333 0.600000
vt 1.000000 0.600000
vt 1.166667 0.600000
vt 1.333333 0.600000
vt 0.000000 0.800000
vt 0.166667 0.800000
vt 0.333333 0.800000
vt 0.500000 0.800000
vt 0.666667 0.800000
vt 0.833333 0.800000
vt 1.000000 0.800000
vt 1.166667 0.800000
vt 1.333333 0.800000
vt 0.000000 1.000000
vt 0.166667 1.000000
vt 0.333333 1.000000
vt 0.500000 1.000000
vt 0.666667 1.000000
vt 0.833333 1.000000
vt 1.000000 1.000000
vt 1.166667 1.000000
vt 1.333333 1.000000
vt 0.000000 0.000000
vt 0.166667 0.000000
vt 0.333333 0.000000
vt 0.500000 0.000000
vt 0.666667 0.000000
vt 0.833333 0.000000
vt 1.000000 0.000000
vt 1.166667 0.000000
vt 1.333333 0.000000
vt 0.000000 0.200000
vt 0.166667 0.200000
vt 0.333333 0.200000
vt 0.500000 0.200000
vt 0.666667 0.200000
vt 0.833333 0.200000
vt 1.000000 0.200000
vt 1.166667 0.200000
vt 1.333333 0.200000
vt 0.000000 0.400000
vt 0.166667 0.400000
vt 0.333333 0.400000
vt 0.500000 0.400000
vt 0.666667 0.400000
vt 0.833333 0.400000
vt 1.000000 0.400000
vt 1.166667 0.400000
vt 1.333333 0.400000
vt 0.000000 0.600000
vt 0.166667 0.600000
vt 0.333333 0.600000
vt 0.500000 0.600000
vt 0.666667 0.600000
vt 0.833333 0.600000
vt 1.000000 0.600000
vt 1.166667 0.600000
vt 1.333333 0.600000
vt 0.000000 0.800000
vt 0.166667 0.800000
vt 0.333333 0.800000
vt 0.500000 0.800000
vt 0.666667 0.800000
vt 0.833333 0.800000
vt 1.000000 0.800000
vt 1.166667 0.800000
vt 1.333333 0.800000
vt 0.000000 1.000000
vt 0.166667 1.000000
vt 0.333333 1.000000
vt 0.500000 1.000000
vt 0.666667 1.000000
vt 0.833333 1.000000
vt 1.000000 1.000000
vt 1.166667 1.000000
vt 1.333333 1.000000
vt 0.000000 0.000000
vt 0.166667 0.000000
vt 0.333333 0.000000
vt 0.500000 0.000000
vt 0.666667 0.000000
vt 0.833333 0.000000
vt 1.000000 0.000000
vt 1.166667 0.000000
vt 1.333333 0.000000
vt 0.000000 0.200000
vt 0.166667 0.200000
vt 0.333333 0.200000
vt 0.500000 0.200000
vt 0.666667 0.200000
vt 0.833333 0.200000
vt 1.000000 0.200000
vt 1.166667 0.200000
vt 1.333333 0.200000
vt 0.000000 0.400000
vt 0.166667 0.400000
vt 0.333333 0.400000
vt 0.500000 0.400000
vt 0.666667 0.400000
vt 0.833333 0.400000
vt 1.000000 0.400000
vt 1.166667 0.400000
vt 1.333333 0.400000
vt 0.000000 0.600000
vt 0.166667 0.600000
vt 0.333333 0.600000
vt 0.500000 0.600000
vt 0.666667 0.600000
vt 0.833333 0.600000
vt 1.000000 0.600000
vt 1.166667 0.600000
vt 1.333333 0.600000
vt 0.000000 0.800000
vt 0.166667 0.800000
vt 0.333333 0.800000
vt 0.500000 0.800000
vt 0.666667 0.800000
vt 0.833333 0.800000
vt 1.000000 0.800000
vt 1.166667 0.800000
vt 1.333333 0.800000
vt 0.000000 1.000000
vt 0.166667 1.000000
vt 0.333333 1.000000
vt 0.500000 1.000000
vt 0.666667 1.000000
vt 0.833333 1.000000
vt 1.000000 1.000000
vt 1.166667 1.000000
vt 1.333333 1.000000
vt 0.000000 0.000000
vt 0.166667 0.000000
vt 0.333333 0.000000
vt 0.500000 0.000000
vt 0.666667 0.000000
vt 0.833333 0.000000
vt 1.000000 0.000000
vt 1.166667 0.000000
vt 1.333333 0.000000
vt 0.000000 0.200000
vt 0.166667 0.200000
vt 0.333333 0.200000
vt 0.500000 0.200000
vt 0.666667 0.200000
vt 0.833333 0.200000
vt 1.000000 0.200000
vt 1.166667 0.200000
vt 1.333333 0.200000
vt 0.000000 0.400000
vt 0.166667 0.400000
vt 0.333333 0.400000
vt 0.500000 0.400000
vt 0.666667 0.400000
vt 0.833333 0.400000
vt 1.000000 0.400000
vt 1.166667 0.400000
vt 1.333333 0.400000
vt 0.000000 0.600000
vt 0.166667 0.600000
vt 0.333333 0.600000
vt 0.500000 0.600000
vt 0.666667 0.600000
vt 0.833333 0.600000
vt 1.000000 0.600000
vt 1.166667 0.600000
vt 1.333333 0.600000
vt 0.000000 0.800000
vt 0.166667 0.800000
vt 0.333333 0.800000
vt 0.500000 0.800000
vt 0.666667 0.800000
vt 0.833333 0.800000
vt 1.000000 0.800000
vt 1.166667 0.800000
vt 1.333333 0.800000
vt 0.000000 1.000000
vt 0.166667 1.000000
vt 0.333333 1.000000
vt 0.500000 1.000000
vt 0.666667 1.000000
vt 0.833333 1.000000
vt 1.000000 1.000000
vt 1.166667 1.000000
vt 1.333333 1.000000
vt 0.000000 0.000000
vt 0.166667 0.000000
vt 0.333333 0.000000
vt 0.500000 0.000000
vt 0.666667 0.000000
vt 0.833333 0.000000
vt 1.000000 0.000000
vt 1.166667 0.000000
vt 1.333333 0.000000
vt 0.000000 0.200000
vt 0.166667 0.200000
vt 0.333333 0.200000
vt 0.500000 0.200000
vt 0.666667 0.200000
vt 0.833333 0.200000
vt 1.000000 0.200000
vt 1.166667 0.200000
vt 1.333333 0.200000
vt 0.000000 0.400000
vt 0.166667 0.400000
vt 0.333333 0.400000
vt 0.500000 0.400000
vt 0.666667 0.400000
vt 0.833333 0.400000
vt 1.000000 0.400000
vt 1.166667 0.400000
vt 1.333333 0.400000
vt 0.000000 0.600000
vt 0.166667 0.600000
vt 0.333333 0.600000
vt 0.500000 0.600000
vt 0.666667 0.600000
vt 0.833333 0.600000
vt 1.000000 0.600000
vt 1.166667 0.600000
vt 1.333333 0.600000
vt 0.000000 0.800000
vt 0.166667 0.800000
vt 0.333333 0.800000
vt 0.500000 0.800000
vt 0.666667 0.800000
vt 0.833333 0.800000
vt 1.000000 0.800000
vt 1.166667 0.800000
vt 1.333333 0.800000
vt 0.000000 1.000000
vt 0.166667 1.000000
vt 0.333333 1.000000
vt 0.500000 1.000000
vt 0.666667 1.000000
vt 0.833333 1.000000
vt 1.000000 1.000000
vt 1.166667 1.000000
vt 1.333333 1.000000
vt 0.000000 0.000000
vt 0.166667 0.000000
vt 0.333333 0.000000
vt 0.500000 0.000000
vt 0.666667 0.000000
vt 0.833333 0.000000
vt 1.000000 0.000000
vt 1.166667 0.000000
vt 1.333333 0.000000
vt 0.000000 0.200000
vt 0.166667 0.200000
vt 0.333333 0.200000
vt 0.500000 0.200000
vt 0.666667 0.200000
vt 0.833333 0.200000
vt 1.000000 0.200000
vt 1.166667 0.200000
vt 1.333333 0.200000
vt 0.000000 0.400000
vt 0.166667 0.400000
vt 0.333333 0.400000
vt 0.500000 0.400000
vt 0.666667 0.400000
vt 0.833333 0.400000
vt 1.000000 0.400000
vt 1.166667 0.400000
vt 1.333333 0.400000
vt 0.000000 0.600000
vt 0.166667 0.600000
vt 0.333333 0.600000
vt 0.500000 0.600000
vt 0.666667 0.600000
vt 0.833333 0.600000
vt 1.000000 0.600000
vt 1.166667 0.600000
vt 1.333333 0.600000
vt 0.000000 0.800000
vt 0.166667 0.800000
vt 0.333333 0.800000
vt 0.500000 0.800000
vt 0.666667 0.800000
vt 0.833333 0.800000
vt 1.000000 0.800000
vt 1.166667 0.800000
vt 1.333333 0.800000
vt 0.000000 1.000000
vt 0.166667 1.000000
vt 0.333333 1.000000
vt 0.500000 1.000000
vt 0.666667 1.000000
vt 0.833333 1.000000
vt 1.000000 1.000000
vt 1.166667 1.000000
vt 1.333333 1.000000
vt 0.000000 0.000000
vt 0.166667 0.000000
vt 0.333333 0.000000
vt 0.500000 0.000000
vt 0.666667 0.000000
vt 0.833333 0.000000
vt 1.000000 0.000000
vt 1.166667 0.000000
vt 1.333333 0.000000
vt 0.000000 0.200000
vt 0.166667 0.200000
vt 0.333333 0.200000
vt 0.500000 0.200000
vt 0.666667 0.200000
vt 0.833333 0.200000
vt 1.000000 0.200000
vt 1.166667 0.200000
vt 1.333333 0.200000
vt 0.000000 0.400000
vt 0.166667 0.400000
vt 0.333333 0.400000
vt 0.500000 0.400000
vt 0.666667 0.400000
vt 0.833333 0.400000
vt 1.000000 0.400000
vt 1.166667 0.400000
vt 1.333333 0.400000
vt 0.000000 0.600000
vt 0.166667 0.600000
vt 0.333333 0.600000
vt 0.500000 0.600000
vt 0.666667 0.600000
vt 0.833333 0.600000
vt 1.000000 0.600000
vt 1.166667 0.600000
vt 1.333333 0.600000
vt 0.000000 0.800000
vt 0.166667 0.800000
vt 0.333333 0.800000
vt 0.500000 0.800000
vt 0.666667 0.800000
vt 0.833333 0.800000
vt 1.000000 0.800000
vt 1.166667 0.800000
vt 1.333333 0.800000
vt 0.000000 1.000000
vt 0.166667 1.000000
vt 0.333333 1.000000
vt 0.500000 1.000000
vt 0.666667 1.000000
vt 0.833333 1.000000
vt 1.000000 1.000000
vt 1.166667 1.000000
vt 1.333333 1.000000
vt 0.000000 0.000000
vt 0.166667 0.000000
vt 0.333333 0.000000
vt 0.500000 0.000000
vt 0.666667 0.000000
vt 0.833333 0.000000
vt 1.000000 0.000000
vt 1.166667 0.000000
vt 1.333333 0.000000
vt 0.000000 0.200000
vt 0.166667 0.200000
vt 0.333333 0.200000
vt 0.500000 0.200000
vt 0.666667 0.200000
vt 0.833333 0.200000
vt 1.000000 0.200000
vt 1.166667 0.200000
vt 1.333333 0.200000
vt 0.000000 0.400000
vt 0.166667 0.400000
vt 0.333333 0.400000
vt 0.500000 0.400000
vt 0.666667 0.400000
vt 0.833333 0.400000
vt 1.000000 0.400000
vt 1.166667 0.400000
vt 1.333333 0.400000
vt 0.000000 0.600000
vt 0.166667 0.600000
vt 0.333333 0.600000
vt 0.500000 0.600000
vt 0.666667 0.600000
vt 0.833333 0.600000
vt 1.000000 0.600000
vt 1.166667 0.600000
vt 1.333333 0.600000
vt 0.000000 0.800000
vt 0.166667 0.800000
vt 0.333333 0.800000
vt 0.500000 0.800000
vt 0.666667 0.800000
vt 0.833333 0.800000
vt 1.000000 0.800000
vt 1.166667 0.800000
vt 1.333333 0.800000
vt 0.000000 1.000000
vt 0.166667 1.000000
vt 0.333333 1.000000
vt 0.500000 1.000000
vt 0.666667 1.000000
vt 0.833333 1.000000
vt 1.000000 1.000000
vt 1.166667 1.000000
vt 1.333333 1.000000
vt 0.000000 0.000000
vt 0.166667 0.000000
vt 0.333333 0.000000
vt 0.500000 0.000000
vt 0.666667 0.000000
vt 0.833333 0.000000
vt 1.000000 0.000000
vt 1.166667 0.000000
vt 1.333333 0.000000
vt 0.000000 0.200000
vt 0.166667 0.200000
vt 0.333333 0.200000
vt 0.500000 0.200000
vt 0.666667 0.200000
vt 0.833333 0.200000
vt 1.000000 0.200000
vt 1.166667 0.200000
vt 1.333333 0.200000
vt 0.000000 0.400000
vt 0.166667 0.400000
vt 0.333333 0.400000
vt 0.500000 0.400000
vt 0.666667 0.400000
vt 0.833333 0.400000
vt 1.000000 0.400000
vt 1.166667 0.400000
vt 1.333333 0.400000
vt 0.000000 0.600000
vt 0.166667 0.600000
vt 0.333333 0.600000
vt 0.500000 0.600000
vt 0.666667 0.600000
vt 0.833333 0.600000
vt 1.000000 0.600000
vt 1.166667 0.600000
vt 1.333333 0.600000
vt 0.000000 0.800000
vt 0.166667 0.800000
vt 0.333333 0.800000
vt 0.500000 0.800000
vt 0.666667 0.800000
vt 0.833333 0.800000
vt 1.000000 0.800000
vt 1.166667 0.800000
vt 1.333333 0.800000
vt 0.000000 1.000000
vt 0.166667 1.000000
vt 0.333333 1.000000
vt 0.500000 1.000000
vt 0.666667 1.000000
vt 0.833333 1.000000
vt 1.000000 1.000000
vt 1.166667 1.000000
vt 1.333333 1.000000
vt 0.000000 0.000000
vt 0.166667 0.000000
vt 0.333333 0.000000
vt 0.500000 0.000000
vt 0.666667 0.000000
vt 0.833333 0.000000
vt 1.000000 0.000000
vt 1.166667 0.000000
vt 1.333333 0.000000
vt 0.000000 0.200000
vt 0.166667 0.200000
vt 0.333333 0.200000
vt 0.500000 0.200000
vt 0.666667 0.200000
vt 0.833333 0.200000
vt 1.000000 0.200000
vt 1.166667 0.200000
vt 1.333333 0.200000
vt 0.000000 0.400000
vt 0.166667 0.400000
vt 0.333333 0.400000
vt 0.500000 0.400000
vt 0.666667 0.400000
vt 0.833333 0.400000
vt 1.000000 0.400000
vt 1.166667 0.400000
vt 1.333333 0.400000
vt 0.000000 0.600000
vt 0.166667 0.600000
vt 0.333333 0.600000
vt 0.500000 0.600000
vt 0.666667 0.600000
vt 0.833333 0.600000
vt 1.000000 0.600000
vt 1.166667 0.600000
vt 1.333333 0.600000
vt 0.000000 0.800000
vt 0.166667 0.800000
vt 0.333333 0.800000
vt 0.500000 0.800000
vt 0.666667 0.800000
vt 0.833333 0.800000
vt 1.000000 0.800000
vt 1.166667 0.800000
vt 1.333333 0.800000
vt 0.000000 1.000000
vt 0.166667 1.000000
vt 0.333333 1.000000
vt 0.500000 1.000000
vt 0.666667 1.000000
vt 0.833333 1.000000
vt 1.000000 1.000000
vt 1.166667 1.000000
vt 1.333333 1.000000
vt 0.000000 0.000000
vt 0.166667 0.000000
vt 0.333333 0.000000
vt 0.500000 0.000000
vt 0.666667 0.000000
vt 0.833333 0.000000
vt 1.000000 0.000000
vt 1.166667 0.000000
vt 1.333333 0.000000
vt 0.000000 0.200000
vt 0.166667 0.200000
vt 0.333333 0.200000
vt 0.500000 0.200000
vt 0.666667 0.200000
vt 0.833333 0.200000
vt 1.000000 0.200000
vt 1.166667 0.200000
vt 1.333333 0.200000
vt 0.000000 0.400000
vt 0.166667 0.400000
vt 0.333333 0.400000
vt 0.500000 0.400000
vt 0.666667 0.400000
vt 0.833333 0.400000
vt 1.000000 0.400000
vt 1.166667 0.400000
vt 1.333333 0.400000
vt 0.000000 0.600000
vt 0.166667 0.600000
vt 0.333333 0.600000
vt 0.500000 0.600000
vt 0.666667 0.600000
vt 0.833333 0.600000
vt 1.000000 0.600000
vt 1.166667 0.600000
vt 1.333333 0.600000
vt 0.000000 0.800000
vt 0.166667 0.800000
vt 0.333333 0.800000
vt 0.500000 0.800000
vt 0.666667 0.800000
vt 0.833333 0.800000
vt 1.000000 0.800000
vt 1.166667 0.800000
vt 1.333333 0.800000
vt 0.000000 1.000000
vt 0.166667 1.000000
vt 0.333333 1.000000
vt 0.500000 1.000000
vt 0.666667 1.000000
vt 0.833333 1.000000
vt 1.000000 1.000000
vt 1.166667 1.000000
vt 1.333333 1.000000
vt 0.000000 0.000000
vt 0.166667 0.000000
vt 0.333333 0.000000
vt 0.500000 0.000000
vt 0.666667 0.000000
vt 0.833333 0.000000
vt 1.000000 0.000000
vt 1.166667 0.000000
vt 1.333333 0.000000
vt 0.000000 0.200000
vt 0.166667 0.200000
vt 0.333333 0.200000
vt 0.500000 0.200000
vt 0.666667 0.200000
vt 0.833333 0.200000
vt 1.000000 0.200000
vt 1.166667 0.200000
vt 1.333333 0.200000
vt 0.000000 0.400000
vt 0.166667 0.400000
vt 0.333333 0.400000
vt 0.500000 0.400000
vt 0.666667 0.400000
vt 0.833333 0.400000
vt 1.000000 0.400000
vt 1.166667 0.400000
vt 1.333333 0.400000
vt 0.000000 0.600000
vt 0.166667 0.600000
vt 0.333333 0.600000
vt 0.500000 0.600000
vt 0.666667 0.600000
vt 0.833333 0.600000
vt 1.000000 0.600000
vt 1.166667 0.600000
vt 1.333333 0.600000
vt 0.000000 0.800000
vt 0.166667 0.800000
vt 0.333333 0.800000
vt 0.500000 0.800000
vt 0.666667 0.800000
vt 0.833333 0.800000
vt 1.000000 0.800000
vt 1.166667 0.800000
vt 1.333333 0.800000
vt 0.000000 1.000000
vt 0.166667 1.000000
vt 0.333333 1.000000
vt 0.500000 1.000000
vt 0.666667 1.000000
vt 0.833333 1.000000
vt 1.000000 1.000000
vt 1.166667 1.000000
vt 1.333333 1.000000
vt 0.000000 0.000000
vt 0.166667 0.000000
vt 0.333333 0.000000
vt 0.500000 0.000000
vt 0.666667 0.000000
vt 0.833333 0.000000
vt 1.000000 0.000000
vt 1.166667 0.000000
vt 1.333333 0.000000
vt 0.000000 0.200000
vt 0.166667 0.200000
vt 0.333333 0.200000
vt 0.500000 0.200000
vt 0.666667 0.200000
vt 0.833333 0.200000
vt 1.000000 0.200000
vt 1.166667 0.200000
vt 1.333333 0.200000
vt 0.000000 0.400000
vt 0.166667 0.400000
vt 0.333333 0.400000
vt 0.500000 0.400000
vt 0.666667 0.400000
vt 0.833333 0.400000
vt 1.000000 0.400000
vt 1.166667 0.400000
vt 1.333333 0.400000
vt 0.000000 0.600000
vt 0.166667 0.600000
vt 0.333333 0.600000
vt 0.500000 0.600000
vt 0.666667 0.600000
vt 0.833333 0.600000
vt 1.000000 0.600000
vt 1.166667 0.600000
vt 1.333333 0.600000
vt 0.000000 0.800000
vt 0.166667 0.800000
vt 0.333333 0.800000
vt 0.500000 0.800000
vt 0.666667 0.800000
vt 0.833333 0.800000
vt 1.000000 0.800000
vt 1.166667 0.800000
vt 1.333333 0.800000
vt 0.000000 1.000000
vt 0.166667 1.000000
vt 0.333333 1.000000
vt 0.500000 1.000000
vt 0.666667 1.000000
vt 0.833333 1.000000
vt 1.000000 1.000000
vt 1.166667 1.000000
vt 1.333333 1.000000
vt 0.000000 0.000000
vt 0.166667 0.000000
vt 0.333333 0.000000
vt 0.500000 0.000000
vt 0.666667 0.000000
vt 0.833333 0.000000
vt 1.000000 0.000000
vt 1.166667 0.000000
vt 1.333333 0.000000
vt 0.000000 0.200000
vt 0.166667 0.200000
vt 0.333333 0.200000
vt 0.500000 0.200000
vt 0.666667 0.200000
vt 0.833333 0.200000
vt 1.000000 0.200000
vt 1.166667 0.200000
vt 1.333333 0.200000
vt 0.000000 0.400000
vt 0.166667 0.400000
vt 0.333333 0.400000
vt 0.500000 0.400000
vt 0.666667 0.400000
vt 0.833333 0.400000
vt 1.000000 0.400000
vt 1.166667 0.400000
vt 1.333333 0.400000
vt 0.000000 0.600000
vt 0.166667 0.600000
vt 0.333333 0.600000
vt 0.500000 0.600000
vt 0.666667 0.600000
vt 0.833333 0.600000
vt 1.000000 0.600000
vt 1.166667 0.600000
vt 1.333333 0.600000
vt 0.000000 0.800000
vt 0.166667 0.800000
vt 0.333333 0.800000
vt 0.500000 0.800000
vt 0.666667 0.800000
vt 0.833333 0.800000
vt 1.000000 0.800000
vt 1.166667 0.800000
vt 1.333333 0.800000
vt 0.000000 1.000000
vt 0.166667 1.000000
vt 0.333333 1.000000
vt 0.500000 1.000000
vt 0.666667 1.000000
vt 0.833333 1.000000
vt 1.000000 1.000000
vt 1.166667 1.000000
vt 1.333333 1.000000
vt 0.000000 0.000000
vt 0.166667 0.000000
vt 0.333333 0.000000
vt 0.500000 0.000000
vt 0.666667 0.000000
vt 0.833333 0.000000
vt 1.000000 0.000000
vt 1.166667 0.000000
vt 1.333333 0.000000
vt 0.000000 0.200000
vt 0.166667 0.200000
vt 0.333333 0.200000
vt 0.500000 0.200000
vt 0.666667 0.200000
vt 0.833333 0.200000
vt 1.000000 0.200000
vt 1.166667 0.200000
vt 1.333333 0.200000
vt 0.000000 0.400000
vt 0.166667 0.400000
vt 0.333333 0.400000
vt 0.500000 0.400000
vt 0.666667 0.400000
vt 0.833333 0.400000
vt 1.000000 0.400000
vt 1.166667 0.400000
vt 1.333333 0.400000
vt 0.000000 0.600000
vt 0.166667 0.600000
vt 0.333333 0.600000
vt 0.500000 0.600000
vt 0.666667 0.600000
vt 0.833333 0.600000
vt 1.000000 0.600000
vt 1.166667 0.600000
vt 1.333333 0.600000
vt 0.000000 0.800000
vt 0.166667 0.800000
vt 0.333333 0.800000
vt 0.500000 0.800000
vt 0.666667 0.800000
vt 0.833333 0.800000
vt 1.000000 0.800000
vt 1.166667 0.800000
vt 1.333333 0.800000
vt 0.000000 1.000000
vt 0.166667 1.000000
vt 0.333333 1.000000
vt 0.500000 1.000000
vt 0.666667 1.000000
vt 0.833333 1.000000
vt 1.000000 1.000000
vt 1.166667 1.000000
vt 1.333333 1.000000
vt 0.000000 0.000000
vt 0.166667 0.000000
vt 0.333333 0.000000
vt 0.500000 0.000000
vt 0.666667 0.000000
vt 0.833333 0.000000
vt 1.000000 0.000000
vt 1.166667 0.000000
vt 1.333333 0.000000
vt 0.000000 0.200000
vt 0.166667 0.200000
vt 0.333333 0.200000
vt 0.500000 0.200000
vt 0.666667 0.200000
vt 0.833333 0.200000
vt 1.000000 0.200000
vt 1.166667 0.200000
vt 1.333333 0.200000
vt 0.000000 0.400000
vt 0.166667 0.400000
vt 0.333333 0.400000
vt 0.500000 0.400000
vt 0.666667 0.400000
vt 0.833333 0.400000
vt 1.000000 0.400000
vt 1.166667 0.400000
vt 1.333333 0.400000
vt 0.000000 0.600000
vt 0.166667 0.600000
vt 0.333333 0.600000
vt 0.500000 0.600000
vt 0.666667 0.600000
vt 0.833333 0.600000
vt 1.000000 0.600000
vt 1.166667 0.600000
vt 1.333333 0.600000
vt 0.000000 0.800000
vt 0.166667 0.800000
vt 0.333333 0.800000
vt 0.500000 0.800000
vt 0.666667 0.800000
vt 0.833333 0.800000
vt 1.000000 0.800000
vt 1.166667 0.800000
vt 1.333333 0.800000
vt 0.000000 1.000000
vt 0.166667 1.000000
vt 0.333333 1.000000
vt 0.500000 1.000000
vt 0.666667 1.000000
vt 0.833333 1.000000
vt 1.000000 1.000000
vt 1.166667 1.000000
vt 1.333333 1.000000
vt 0.000000 0.000000
vt 0.166667 0.000000
vt 0.333333 0.000000
vt 0.500000 0.000000
vt 0.666667 0.000000
vt 0.833333 0.000000
vt 1.000000 0.000000
vt 1.166667 0.000000
vt 1.333333 0.000000
vt 0.000000 0.200000
vt 0.166667 0.200000
vt 0.333333 0.200000
vt 0.500000 0.200000
vt 0.666667 0.200000
vt 0.833333 0.200000
vt 1.000000 0.200000
vt 1.166667 0.200000
vt 1.333333 0.200000
vt 0.000000 0.400000
vt 0.166667 0.400000
vt 0.333333 0.400000
vt 0.500000 0.400000
vt 0.666667 0.400000
vt 0.833333 0.400000
vt 1.000000 0.400000
vt 1.166667 0.400000
vt 1.333333 0.400000
vt 0.000000 0.600000
vt 0.166667 0.600000
vt 0.333333 0.600000
vt 0.500000 0.600000
vt 0.666667 0.600000
vt 0.833333 0.600000
vt 1.000000 0.600000
vt 1.166667 0.600000
vt 1.333333 0.600000
vt 0.000000 0.800000
vt 0.166667 0.800000
vt 0.333333 0.800000
vt 0.500000 0.800000
vt 0.666667 0.800000
vt 0.833333 0.800000
vt 1.000000 0.800000
vt 1.166667 0.800000
vt 1.333333 0.800000
vt 0.000000 1.000000
vt 0.166667 1.000000
vt 0.333333 1.000000
vt 0.500000 1.000000
vt 0.666667 1.000000
vt 0.833333 1.000000
vt 1.000000 1.000000
vt 1.166667 1.000000
vt 1.333333 1.000000
vt 0.000000 0.000000
vt 0.166667 0.000000
vt 0.333333 0.000000
vt 0.500000 0.000000
vt 0.666667 0.000000
vt 0.833333 0.000000
vt 1.000000 0.000000
vt 1.166667 0.000000
vt 1.333333 0.000000
vt 0.000000 0.200000
vt 0.166667 0.200000
vt 0.333333 0.200000
vt 0.500000 0.200000
vt 0.666667 0.200000
vt 0.833333 0.200000
vt 1.000000 0.200000
vt 1.166667 0.200000
vt 1.333333 0.200000
vt 0.000000 0.400000
vt 0.166667 0.400000
vt 0.333333 0.400000
vt 0.500000 0.400000
vt 0.666667 0.400000
vt 0.833333 0.400000
vt 1.000000 0.400000
vt 1.166667 0.400000
vt 1.333333 0.400000
vt 0.000000 0.600000
vt 0.166667 0.600000
vt 0.333333 0.600000
vt 0.500000 0.600000
vt 0.666667 0.600000
vt 0.833333 0.600000
vt 1.000000 0.600000
vt 1.166667 0.600000
vt 1.333333 0.600000
vt 0.000000 0.800000
vt 0.166667 0.800000
vt 0.333333 0.800000
vt 0.500000 0.800000
vt 0.666667 0.800000
vt 0.833333 0.800000
vt 1.000000 0.800000
vt 1.166667 0.800000
vt 1.333333 0.800000
vt 0.000000 1.000000
vt 0.166667 1.000000
vt 0.333333 1.000000
vt 0.500000 1.000000
vt 0.666667 1.000000
vt 0.833333 1.000000
vt 1.000000 1.000000
vt 1.166667 1.000000
vt 1.333333 1.000000
vt 0.000000 0.000000
vt 0.166667 0.000000
vt 0.333333 0.000000
vt 0.500000 0.000000
vt 0.666667 0.000000
vt 0.833333 0.000000
vt 1.000000 0.000000
vt 1.166667 0.000000
vt 1.333333 0.000000
vt 0.000000 0.200000
vt 0.166667 0.200000
vt 0.333333 0.200000
vt 0.500000 0.200000
vt 0.666667 0.200000
vt 0.833333 0.200000
vt 1.000000 0.200000
vt 1.166667 0.200000
vt 1.333333 0.200000
vt 0.000000 0.400000
vt 0.166667 0.400000
vt 0.333333 0.400000
vt 0.500000 0.400000
vt 0.666667 0.400000
vt 0.833333 0.400000
vt 1.000000 0.400000
vt 1.166667 0.400000
vt 1.333333 0.400000
vt 0.000000 0.600000
vt 0.166667 0.600000
vt 0.333333 0.600000
vt 0.500000 0.600000
vt 0.666667 0.600000
vt 0.833333 0.600000
vt 1.000000 0.600000
vt 1.166667 0.600000
vt 1.333333 0.600000
vt 0.000000 0.800000
vt 0.166667 0.800000
vt 0.333333 0.800000
vt 0.500000 0.800000
vt 0.666667 0.800000
vt 0.833333 0.800000
vt 1.000000 0.800000
vt 1.166667 0.800000
vt 1.333333 0.800000
vt 0.000000 1.000000
vt 0.166667 1.000000
vt 0.333333 1.000000
vt 0.500000 1.000000
vt 0.666667 1.000000
vt 0.833333 1.000000
vt 1.000000 1.000000
vt 1.166667 1.000000
vt 1.333333 1.000000
vt 0.000000 0.000000
vt 0.166667 0.000000
vt 0.333333 0.000000
vt 0.500000 0.000000
vt 0.666667 0.000000
vt 0.833333 0.000000
vt 1.000000 0.000000
vt 1.166667 0.000000
vt 1.333333 0.000000
vt 0.000000 0.200000
vt 0.166667 0.200000
vt 0.333333 0.200000
vt 0.500000 0.200000
vt 0.666667 0.200000
vt 0.833333 0.200000
vt 1.000000 0.200000
vt 1.166667 0.200000
vt 1.333333 0.200000
vt 0.000000 0.400000
vt 0.166667 0.400000
vt 0.333333 0.400000
vt 0.500000 0.400000
vt 0.666667 0.400000
vt 0.833333 0.400000
vt 1.000000 0.400000
vt 1.166667 0.400000
vt 1.333333 0.400000
vt 0.000000 0.600000
vt 0.166667 0.600000
vt 0.333333 0.600000
vt 0.500000 0.600000
vt 0.666667 0.600000
vt 0.833333 0.600000
vt 1.000000 0.600000
vt 1.166667 0.600000
vt 1.333333 0.600000
vt 0.000000 0.800000
vt 0.166667 0.800000
vt 0.333333 0.800000
vt 0.500000 0.800000
vt 0.666667 0.800000
vt 0.833333 0.800000
vt 1.000000 0.800000
vt 1.166667 0.800000
vt 1.333333 0.800000
vt 0.000000 1.000000
vt 0.166667 1.000000
vt 0.333333 1.000000
vt 0.500000 1.000000
vt 0.666667 1.000000
vt 0.833333 1.000000
vt 1.000000 1.000000
vt 1.166667 1.000000
vt 1.333333 1.000000
vt 0.000000 0.000000
vt 0.166667 0.000000
vt 0.333333 0.000000
vt 0.500000 0.000000
vt 0.666667 0.000000
vt 0.833333 0.000000
vt 1.000000 0.000000
vt 1.166667 0.000000
vt 1.333333 0.000000
vt 0.000000 0.200000
vt 0.166667 0.200000
vt 0.333333 0.200000
vt 0.500000 0.200000
vt 0.666667 0.200000
vt 0.833333 0.200000
vt 1.000000 0.200000
vt 1.166667 0.200000
vt 1.333333 0.200000
vt 0.000000 0.400000
vt 0.166667 0.400000
vt 0.333333 0.400000
vt 0.500000 0.400000
vt 0.666667 0.400000
vt 0.833333 0.400000
vt 1.000000 0.400000
vt 1.166667 0.400000
vt 1.333333 0.400000
vt 0.000000 0.600000
vt 0.166667 0.600000
vt 0.333333 0.600000
vt 0.500000 0.600000
vt 0.666667 0.600000
vt 0.833333 0.600000
vt 1.000000 0.600000
vt 1.166667 0.600000
vt 1.333333 0.600000
vt 0.000000 0.800000
vt 0.166667 0.800000
vt 0.333333 0.800000
vt 0.500000 0.800000
vt 0.666667 0.800000
vt 0.833333 0.800000
vt 1.000000 0.800000
vt 1.166667 0.800000
vt 1.333333 0.800000
vt 0.000000 1.000000
vt 0.166667 1.000000
vt 0.333333 1.000000
vt 0.500000 1.000000
vt 0.666667 1.000000
vt 0.833333 1.000000
vt 1.000000 1.000000
vt 1.166667 1.000000
vt 1.333333 1.000000
vt 0.000000 0.000000
vt 0.166667 0.000000
vt 0.333333 0.000000
vt 0.500000 0.000000
vt 0.666667 0.000000
vt 0.833333 0.000000
vt 1.000000 0.000000
vt 1.166667 0.000000
vt 1.333333 0.000000
vt 0.000000 0.200000
vt 0.166667 0.200000
vt 0.333333 0.200000
vt 0.500000 0.200000
vt 0.666667 0.200000
vt 0.833333 0.200000
vt 1.000000 0.200000
vt 1.166667 0.200000
vt 1.333333 0.200000
vt 0.000000 0.400000
vt 0.166667 0.400000
vt 0.333333 0.400000
vt 0.500000 0.400000
vt 0.666667 0.400000
vt 0.833333 0.400000
vt 1.000000 0.400000
vt 1.166667 0.400000
vt 1.333333 0.400000
vt 0.000000 0.600000
vt 0.166667 0.600000
vt 0.333333 0.600000
vt 0.500000 0.600000
vt 0.666667 0.600000
vt 0.833333 0.600000
vt 1.000000 0.600000
vt 1.166667 0.600000
vt 1.333333 0.600000
vt 0.000000 0.800000
vt 0.166667 0.800000
vt 0.333333 0.800000
vt 0.500000 0.800000
vt 0.666667 0.800000
vt 0.833333 0.800000
vt 1.000000 0.800000
vt 1.166667 0.800000
vt 1.333333 0.800000
vt 0.000000 1.000000
vt 0.166667 1.000000
vt 0.333333 1.000000
vt 0.500000 1.000000
vt 0.666667 1.000000
vt 0.833333 1.000000
vt 1.000000 1.000000
vt 1.166667 1.000000
vt 1.333333 1.000000
vt 0.000000 0.000000
vt 0.166667 0.000000
vt 0.333333 0.000000
vt 0.500000 0.000000
vt 0.666667 0.000000
vt 0.833333 0.000000
vt 1.000000 0.000000
vt 1.166667 0.000000
vt 1.333333 0.000000
vt 0.000000 0.200000
vt 0.166667 0.200000
vt 0.333333 0.200000
vt 0.500000 0.200000
vt 0.666667 0.200000
vt 0.833333 0.200000
vt 1.000000 0.200000
vt 1.166667 0.200000
vt 1.333333 0.200000
vt 0.000000 0.400000
vt 0.166667 0.400000
vt 0.333333 0.400000
vt 0.500000 0.400000
vt 0.666667 0.400000
vt 0.833333 0.400000
vt 1.000000 0.400000
vt 1.166667 0.400000
vt 1.333333 0.400000
vt 0.000000 0.600000
vt 0.166667 0.600000
vt 0.333333 0.600000
vt 0.500000 0.600000
vt 0.666667 0.600000
vt 0.833333 0.600000
vt 1.000000 0.600000
vt 1.166667 0.600000
vt 1.333333 0.600000
vt 0.000000 0.800000
vt 0.166667 0.800000
vt 0.333333 0.800000
vt 0.500000 0.800000
vt 0.666667 0.800000
vt 0.833333 0.800000
vt 1.000000 0.800000
vt 1.166667 0.800000
vt 1.333333 0.800000
vt 0.000000 1.000000
vt 0.166667 1.000000
vt 0.333333 1.000000
vt 0.500000 1.000000
vt 0.666667 1.000000
vt 0.833333 1.000000
vt 1.000000 1.000000
vt 1.166667 1.000000
vt 1.333333 1.000000
vt 0.000000 0.000000
vt 0.166667 0.000000
vt 0.333333 0.000000
vt 0.500000 0.000000
vt 0.666667 0.000000
vt 0.833333 0.000000
vt 1.000000 0.000000
vt 1.166667 0.000000
vt 1.333333 0.000000
vt 0.000000 0.200000
vt 0.166667 0.200000
vt 0.333333 0.200000
vt 0.500000 0.200000
vt 0.666667 0.200000
vt 0.833333 0.200000
vt 1.000000 0.200000
vt 1.166667 0.200000
vt 1.333333 0.200000
vt 0.000000 0.400000
vt 0.166667 0.400000
vt 0.333333 0.400000
vt 0.500000 0.400000
vt 0.666667 0.400000
vt 0.833333 0.400000
vt 1.000000 0.400000
vt 1.166667 0.400000
vt 1.333333 0.400000
vt 0.000000 0.600000
vt 0.166667 0.600000
vt 0.333333 0.600000
vt 0.500000 0.600000
vt 0.666667 0.600000
vt 0.833333 0.600000
vt 1.000000 0.600000
vt 1.166667 0.600000
vt 1.333333 0.600000
vt 0.000000 0.800000
vt 0.166667 0.800000
vt 0.333333 0.800000
vt 0.500000 0.800000
vt 0.666667 0.800000
vt 0.833333 0.800000
vt 1.000000 0.800000
vt 1.166667 0.800000
vt 1.333333 0.800000
vt 0.000000 1.000000
vt 0.166667 1.000000
vt 0.333333 1.000000
vt 0.500000 1.000000
vt 0.666667 1.000000
vt 0.833333 1.000000
vt 1.000000 1.000000
vt 1.166667 1.000000
vt 1.333333 1.000000
vn -0.031255 0.997503 0.063330
vn -0.031255 0.997503 0.063330
vn -0.031255 0.997503 0.063330
vn -0.031255 0.997503 0.063330
vn -0.031255 0.997503 0.063330
vn -0.031255 0.997503 0.063330
vn -0.031255 0.997503 0.063330
vn -0.031255 0.997503 0.063330
vn -0.031255 0.997503 0.063330
vn 0.345913 0.921854 -0.174724
vn 0.194360 0.952828 0.233117
vn 0.069041 0.917540 0.391603
vn -0.120011 0.885465 0.448943
vn -0.288464 0.940609 0.179006
vn -0.301259 0.952572 -0.043005
vn -0.133533 0.945465 -0.297094
vn 0.153829 0.950223 -0.270949
vn 0.099179 0.984371 -0.145522
vn 0.746219 0.664923 0.032165
vn 0.672449 0.516832 0.529808
vn 0.061480 0.680802 0.729883
vn -0.349211 0.580934 0.735233
vn -0.807375 0.471018 0.355371
vn -0.779756 0.581669 -0.231609
vn -0.469459 0.570367 -0.674010
vn 0.061653 0.699543 -0.711925
vn 0.476942 0.727117 -0.493789
vn 0.772867 -0.630434 -0.072313
vn 0.602791 -0.646251 0.467978
vn 0.141731 -0.754858 0.640392
vn -0.287100 -0.781982 0.553242
vn -0.559178 -0.808015 0.185556
vn -0.781420 -0.526789 -0.334479
vn -0.423700 -0.601747 -0.677037
vn 0.181661 -0.692579 -0.698092
vn 0.547063 -0.583325 -0.600378
vn 0.219805 -0.961859 -0.162825
vn 0.224186 -0.970894 -0.084294
vn -0.050290 -0.974497 0.218692
vn -0.179943 -0.977866 0.106766
vn -0.048430 -0.996193 0.072487
vn -0.230515 -0.965302 -0.122699
vn -0.088238 -0.972998 -0.213281
vn 0.068674 -0.968831 -0.238012
vn 0.277014 -0.954479 -0.110607
vn 0.031255 -0.997503 -0.063330
vn 0.031255 -0.997503 -0.063330
vn 0.031255 -0.997503 -0.063330
vn 0.031255 -0.997503 -0.063330
vn 0.031255 -0.997503 -0.063330
vn 0.031255 -0.997503 -0.063330
vn 0.031255 -0.997503 -0.063330
vn 0.031255 -0.997503 -0.063330
vn 0.031255 -0.997503 -0.063330
vn -0.006754 0.999945 0.007984
vn -0.006754 0.999945 0.007984
vn -0.006754 0.999945 0.007984
vn -0.006754 0.999945 0.007984
vn -0.006754 0.999945 0.007984
vn -0.006754 0.999945 0.007984
vn -0.006754 0.999945 0.007984
vn -0.006754 0.999945 0.007984
vn -0.006754 0.999945 0.007984
vn 0.349982 0.925979 -0.141688
vn 0.115162 0.920951 0.372272
vn 0.139821 0.932810 0.332139
vn -0.077802 0.975244 0.206992
vn -0.284669 0.930755 0.229476
vn -0.379078 0.922312 -0.075101
vn -0.230146 0.914174 -0.333645
vn 0.100530 0.846394 -0.522982
vn 0.224941 0.912340 -0.342107
vn 0.773380 0.617701 -0.142581
vn 0.560000 0.648167 0.516022
vn 0.136464 0.772241 0.620501
vn -0.260008 0.637663 0.725108
vn -0.709519 0.630001 0.315723
vn -0.622930 0.714674 -0.318118
vn -0.432866 0.591378 -0.680367
vn 0.063213 0.562824 -0.824156
vn 0.433370 0.653032 -0.621079
vn 0.488437 -0.872589 0.004167
vn 0.595905 -0.610938 0.521202
vn 0.240823 -0.807171 0.538962
vn -0.252144 -0.671273 0.697005
vn -0.645495 -0.703407 0.297581
vn -0.662803 -0.696631 -0.274584
vn -0.414871 -0.696016 -0.586041
vn 0.084388 -0.710788 -0.698326
vn 0.504770 -0.584117 -0.635622
vn 0.252602 -0.967432 -0.016380
vn 0.156353 -0.970012 0.186092
vn 0.066182 -0.939133 0.337120
vn -0.038195 -0.977882 0.205640
vn -0.125341 -0.991626 0.031111
vn -0.220268 -0.975311 0.015805
vn -0.045482 -0.972145 -0.229927
vn -0.007532 -0.965154 -0.261575
vn 0.056585 -0.994035 -0.093239
vn 0.006754 -0.999945 -0.007984
vn 0.006754 -0.999945 -0.007984
vn 0.006754 -0.999945 -0.007984
vn 0.006754 -0.999945 -0.007984
vn 0.006754 -0.999945 -0.007984
vn 0.006754 -0.999945 -0.007984
vn 0.006754 -0.999945 -0.007984
vn 0.006754 -0.999945 -0.007984
vn 0.006754 -0.999945 -0.007984
vn 0.007649 0.998370 0.056554
vn 0.007649 0.998370 0.056554
vn 0.007649 0.998370 0.056554
vn 0.007649 0.998370 0.056554
vn 0.007649 0.998370 0.056554
vn 0.007649 0.998370 0.056554
vn 0.007649 0.998370 0.056554
vn 0.007649 0.998370 0.056554
vn 0.007649 0.998370 0.056554
vn 0.278756 0.959417 0.042604
vn 0.174542 0.935911 0.305951
vn -0.027856 0.914606 0.403385
vn -0.009883 0.858579 0.512585
vn -0.356182 0.911832 0.204198
vn -0.307007 0.943039 -0.128155
vn -0.239899 0.950771 -0.196171
vn 0.116502 0.947297 -0.298420
vn 0.332642 0.930974 -0.150457
vn 0.725840 0.684665 -0.066251
vn 0.467684 0.643036 0.606446
vn 0.158913 0.685312 0.710700
vn -0.308057 0.675635 0.669789
vn -0.736954 0.533657 0.414860
vn -0.625721 0.738563 -0.250993
vn -0.327731 0.692226 -0.642974
vn 0.113043 0.564619 -0.817574
vn 0.476927 0.670358 -0.568472
vn 0.560310 -0.828088 -0.017949
vn 0.608928 -0.541338 0.579794
vn 0.195729 -0.558706 0.805939
vn -0.227616 -0.875276 0.426712
vn -0.506407 -0.840702 0.191759
vn -0.402286 -0.832509 -0.380914
vn -0.392361 -0.555732 -0.732949
vn 0.075362 -0.554568 -0.828719
vn 0.457950 -0.587197 -0.667444
vn 0.156651 -0.979249 -0.128579
vn 0.208681 -0.971835 0.109492
vn -0.046329 -0.977268 0.206885
vn 0.006004 -0.994192 0.107452
vn -0.070417 -0.992977 0.095069
vn -0.156219 -0.944248 -0.289812
vn -0.124009 -0.928053 -0.351198
vn -0.051325 -0.966616 -0.251037
vn 0.114623 -0.973543 -0.197674
vn -0.007649 -0.998370 -0.056554
vn -0.007649 -0.998370 -0.056554
vn -0.007649 -0.998370 -0.056554
vn -0.007649 -0.998370 -0.056554
vn -0.007649 -0.998370 -0.056554
vn -0.007649 -0.998370 -0.056554
vn -0.007649 -0.998370 -0.056554
vn -0.007649 -0.998370 -0.056554
vn -0.007649 -0.998370 -0.056554
vn -0.026623 0.994876 0.097536
vn -0.026623 0.994876 0.097536
vn -0.026623 0.994876 0.097536
vn -0.026623 0.994876 0.097536
vn -0.026623 0.994876 0.097536
vn -0.026623 0.994876 0.097536
vn -0.026623 0.994876 0.097536
vn -0.026623 0.994876 0.097536
vn -0.026623 0.994876 0.097536
vn 0.340641 0.933726 0.110085
vn 0.187090 0.841999 0.505998
vn -0.100145 0.901094 0.421901
vn -0.142972 0.820693 0.553193
vn -0.274938 0.859805 0.430285
vn -0.283945 0.948350 -0.141446
vn -0.025445 0.922941 -0.384099
vn 0.033046 0.956097 -0.291182
vn 0.280837 0.946553 -0.158647
vn 0.565581 0.801655 0.193564
vn 0.482242 0.637924 0.600413
vn 0.055322 0.620014 0.782638
vn -0.412299 0.681473 0.604653
vn -0.706106 0.624660 0.333488
vn -0.717488 0.561928 -0.411639
vn -0.352252 0.611931 -0.708138
vn 0.202786 0.712369 -0.671869
vn 0.636745 0.597715 -0.487127
vn 0.708786 -0.704515 0.035799
vn 0.459547 -0.784439 0.416500
vn 0.097157 -0.692473 0.714872
vn -0.500716 -0.640934 0.581797
vn -0.580671 -0.802413 0.137676
vn -0.574072 -0.695941 -0.431402
vn -0.259408 -0.649563 -0.714686
vn 0.248710 -0.676469 -0.693205
vn 0.476078 -0.787281 -0.391839
vn 0.266125 -0.956961 -0.115769
vn 0.168131 -0.974662 0.147535
vn 0.134363 -0.990885 0.009712
vn -0.162302 -0.986627 -0.015001
vn -0.269547 -0.959067 -0.086807
vn -0.183617 -0.977486 -0.103947
vn -0.041695 -0.951445 -0.304980
vn 0.147160 -0.969002 -0.198440
vn 0.132822 -0.949433 -0.284491
vn 0.026623 -0.994876 -0.097536
vn 0.026623 -0.994876 -0.097536
vn 0.026623 -0.994876 -0.097536
vn 0.026623 -0.994876 -0.097536
vn 0.026623 -0.994876 -0.097536
vn 0.026623 -0.994876 -0.097536
vn 0.026623 -0.994876 -0.097536
vn 0.026623 -0.994876 -0.097536
vn 0.026623 -0.994876 -0.097536
vn 0.055206 0.994339 -0.090789
vn 0.055206 0.994339 -0.090789
vn 0.055206 0.994339 -0.090789
vn 0.055206 0.994339 -0.090789
vn 0.055206 0.994339 -0.090789
vn 0.055206 0.994339 -0.090789
vn 0.055206 0.994339 -0.090789
vn 0.055206 0.994339 -0.090789
vn 0.055206 0.994339 -0.090789
vn 0.427443 0.901775 0.063992
vn 0.178445 0.957917 0.224837
vn -0.014021 0.963457 0.267495
vn -0.034960 0.941141 0.336202
vn -0.240798 0.969974 0.034154
vn -0.295927 0.908327 -0.295583
vn -0.060766 0.894750 -0.442413
vn 0.113283 0.859072 -0.499161
vn 0.284293 0.885139 -0.368385
vn 0.829628 0.557697 -0.026304
vn 0.555817 0.610827 0.563877
vn 0.108006 0.726946 0.678148
vn -0.331359 0.827595 0.453088
vn -0.684122 0.657447 0.315815
vn -0.594032 0.684205 -0.423071
vn -0.255136 0.618422 -0.743277
vn 0.185364 0.583428 -0.790729
vn 0.656046 0.406931 -0.635618
vn 0.660910 -0.744017 0.098164
vn 0.464956 -0.667980 0.581050
vn 0.041015 -0.612091 0.789723
vn -0.386866 -0.690778 0.610869
vn -0.650604 -0.686372 0.324973
vn -0.672847 -0.688943 -0.269509
vn -0.404432 -0.721088 -0.562555
vn 0.098777 -0.742764 -0.662227
vn 0.501706 -0.756392 -0.419718
vn 0.175695 -0.957773 0.227600
vn 0.036341 -0.970656 0.237710
vn -0.058128 -0.950076 0.306556
vn -0.253947 -0.932928 0.255256
vn -0.242784 -0.911898 0.330905
vn -0.341285 -0.934206 0.103847
vn -0.020406 -0.985305 -0.169579
vn -0.042055 -0.990098 -0.133928
vn -0.013065 -0.993297 -0.114848
vn -0.055206 -0.994339 0.090789
vn -0.055206 -0.994339 0.090789
vn -0.055206 -0.994339 0.090789
vn -0.055206 -0.994339 0.090789
vn -0.055206 -0.994339 0.090789
vn -0.055206 -0.994339 0.090789
vn -0.055206 -0.994339 0.090789
vn -0.055206 -0.994339 0.090789
vn -0.055206 -0.994339 0.090789
vn 0.051156 0.998473 0.020851
vn 0.051156 0.998473 0.020851
vn 0.051156 0.998473 0.020851
vn 0.051156 0.998473 0.020851
vn 0.051156 0.998473 0.020851
vn 0.051156 0.998473 0.020851
vn 0.051156 0.998473 0.020851
vn 0.051156 0.998473 0.020851
vn 0.051156 0.998473 0.020851
vn 0.351837 0.934237 0.058411
vn 0.267882 0.922947 0.276421
vn 0.140269 0.882276 0.449348
vn -0.045489 0.925657 0.375619
vn -0.215918 0.949716 0.226756
vn -0.226634 0.930381 -0.288148
vn -0.019572 0.952136 -0.305048
vn 0.008662 0.919225 -0.393637
vn 0.250329 0.952314 -0.174452
vn 0.771705 0.633707 0.053726
vn 0.616904 0.396443 0.679899
vn 0.125776 0.680162 0.722191
vn -0.239294 0.678566 0.694469
vn -0.760446 0.527327 0.379009
vn -0.719625 0.662654 -0.207438
vn -0.322688 0.754812 -0.571079
vn 0.154489 0.734579 -0.660701
vn 0.587905 0.568006 -0.575966
vn 0.660760 -0.748397 -0.057437
vn 0.448338 -0.812522 0.372561
vn 0.083701 -0.689005 0.719907
vn -0.363201 -0.653506 0.664090
vn -0.765119 -0.545226 0.342522
vn -0.763616 -0.564361 -0.313667
vn -0.495474 -0.548013 -0.673934
vn 0.092078 -0.751608 -0.653151
vn 0.530877 -0.680930 -0.504484
vn 0.238008 -0.958863 0.154703
vn 0.055610 -0.971059 0.232276
vn 0.009180 -0.986955 0.160733
vn -0.101644 -0.942992 0.316915
vn -0.224191 -0.971531 0.076586
vn -0.363611 -0.914302 -0.178432
vn -0.142010 -0.961154 -0.236677
vn -0.043728 -0.966350 -0.253488
vn 0.097152 -0.961678 -0.256393
vn -0.051156 -0.998473 -0.020851
vn -0.051156 -0.998473 -0.020851
vn -0.051156 -0.998473 -0.020851
vn -0.051156 -0.998473 -0.020851
vn -0.051156 -0.998473 -0.020851
vn -0.051156 -0.998473 -0.020851
vn -0.051156 -0.998473 -0.020851
vn -0.051156 -0.998473 -0.020851
vn -0.051156 -0.998473 -0.020851
vn -0.056960 0.997585 0.039757
vn -0.056960 0.997585 0.039757
vn -0.056960 0.997585 0.039757
vn -0.056960 0.997585 0.039757
vn -0.056960 0.997585 0.039757
vn -0.056960 0.997585 0.039757
vn -0.056960 0.997585 0.039757
vn -0.056960 0.997585 0.039757
vn -0.056960 0.997585 0.039757
vn 0.377490 0.923447 -0.068898
vn 0.189175 0.912990 0.361472
vn 0.004385 0.891688 0.452629
vn -0.174037 0.901883 0.395371
vn -0.270670 0.874306 0.402899
vn -0.445324 0.885371 -0.133438
vn -0.142606 0.938064 -0.315751
vn 0.067065 0.966191 -0.248952
vn 0.184208 0.938324 -0.292600
vn 0.709750 0.704385 -0.009883
vn 0.535698 0.597674 0.596500
vn 0.143856 0.646372 0.749339
vn -0.319761 0.631708 0.706185
vn -0.688422 0.660819 0.298988
vn -0.830229 0.443447 -0.337748
vn -0.449871 0.699023 -0.555863
vn 0.073188 0.660184 -0.747530
vn 0.508145 0.717438 -0.476520
vn 0.578090 -0.786564 -0.217091
vn 0.539175 -0.728282 0.422961
vn 0.163388 -0.776475 0.608597
vn -0.339902 -0.628438 0.699666
vn -0.632754 -0.725101 0.271755
vn -0.637800 -0.715428 -0.285261
vn -0.437013 -0.540952 -0.718603
vn 0.178726 -0.688603 -0.702768
vn 0.573633 -0.544430 -0.611998
vn 0.311675 -0.944987 0.099286
vn 0.231530 -0.965254 0.121155
vn 0.174883 -0.971075 0.162571
vn 0.075205 -0.951197 0.299279
vn -0.284422 -0.955269 0.081026
vn -0.239511 -0.948398 -0.207787
vn -0.030989 -0.956207 -0.291046
vn 0.079489 -0.943782 -0.320870
vn 0.323871 -0.886927 -0.329345
vn 0.056960 -0.997585 -0.039757
vn 0.056960 -0.997585 -0.039757
vn 0.056960 -0.997585 -0.039757
vn 0.056960 -0.997585 -0.039757
vn 0.056960 -0.997585 -0.039757
vn 0.056960 -0.997585 -0.039757
vn 0.056960 -0.997585 -0.039757
vn 0.056960 -0.997585 -0.039757
vn 0.056960 -0.997585 -0.039757
vn -0.019748 0.996715 0.078541
vn -0.019748 0.996715 0.078541
vn -0.019748 0.996715 0.078541
vn -0.019748 0.996715 0.078541
vn -0.019748 0.996715 0.078541
vn -0.019748 0.996715 0.078541
vn -0.019748 0.996715 0.078541
vn -0.019748 0.996715 0.078541
vn -0.019748 0.996715 0.078541
vn 0.329594 0.943839 0.023128
vn 0.196829 0.885443 0.421009
vn 0.127278 0.869729 0.476835
vn -0.096461 0.926227 0.364415
vn -0.356037 0.919880 0.164494
vn -0.336201 0.939038 -0.071950
vn -0.199934 0.949491 -0.241852
vn -0.044543 0.952468 -0.301364
vn 0.038686 0.959362 -0.279513
vn 0.820474 0.571472 -0.015549
vn 0.504685 0.660077 0.556409
vn 0.223267 0.737315 0.637588
vn -0.245954 0.514161 0.821672
vn -0.634925 0.662839 0.396882
vn -0.652128 0.734843 -0.186374
vn -0.378365 0.781568 -0.495974
vn -0.006700 0.742642 -0.669655
vn 0.417762 0.760503 -0.497102
vn 0.818908 -0.548652 -0.168439
vn 0.624008 -0.686243 0.373744
vn 0.208139 -0.697003 0.686196
vn -0.255084 -0.797001 0.547469
vn -0.444029 -0.860369 0.250207
vn -0.673704 -0.703559 -0.226113
vn -0.337907 -0.707349 -0.620867
vn -0.071210 -0.730219 -0.679492
vn 0.432413 -0.615596 -0.658833
vn 0.270907 -0.957581 -0.098224
vn 0.078482 -0.989319 0.122838
vn 0.067670 -0.983910 0.165353
vn -0.086783 -0.983699 0.157493
vn -0.186975 -0.979217 0.078573
vn -0.202224 -0.975118 -0.090831
vn -0.091923 -0.919493 -0.382207
vn 0.005596 -0.959738 -0.280839
vn -0.003702 -0.935158 -0.354211
vn 0.019748 -0.996715 -0.078541
vn 0.019748 -0.996715 -0.078541
vn 0.019748 -0.996715 -0.078541
vn 0.019748 -0.996715 -0.078541
vn 0.019748 -0.996715 -0.078541
vn 0.019748 -0.996715 -0.078541
vn 0.019748 -0.996715 -0.078541
vn 0.019748 -0.996715 -0.078541
vn 0.019748 -0.996715 -0.078541
vn 0.036424 0.995300 -0.089733
vn 0.036424 0.995300 -0.089733
vn 0.036424 0.995300 -0.089733
vn 0.036424 0.995300 -0.089733
vn 0.036424 0.995300 -0.089733
vn 0.036424 0.995300 -0.089733
vn 0.036424 0.995300 -0.089733
vn 0.036424 0.995300 -0.089733
vn 0.036424 0.995300 -0.089733
vn 0.403351 0.909405 -0.101442
vn 0.229089 0.933780 0.274905
vn 0.022170 0.883169 0.468530
vn -0.027626 0.972601 0.230833
vn -0.326825 0.937419 0.120131
vn -0.367226 0.867912 -0.334476
vn -0.242166 0.870821 -0.427817
vn 0.198655 0.915061 -0.350997
vn 0.306721 0.928799 -0.207977
vn 0.752588 0.658325 -0.014807
vn 0.530887 0.671215 0.517329
vn 0.134506 0.793857 0.593042
vn -0.339233 0.836411 0.430507
vn -0.788667 0.598148 0.142211
vn -0.697834 0.550672 -0.458026
vn -0.433553 0.548595 -0.714895
vn 0.192225 0.475432 -0.858495
vn 0.680939 0.516552 -0.519130
vn 0.721039 -0.688752 0.075654
vn 0.463735 -0.661748 0.589101
vn 0.082271 -0.576007 0.813294
vn -0.492943 -0.566895 0.660029
vn -0.727153 -0.619922 0.294864
vn -0.744508 -0.604125 -0.284150
vn -0.345568 -0.586032 -0.732905
vn 0.069296 -0.664563 -0.744012
vn 0.583180 -0.704639 -0.404210
vn 0.199985 -0.975487 0.091826
vn 0.186925 -0.949573 0.251736
vn 0.059763 -0.930952 0.360218
vn -0.105946 -0.925695 0.363130
vn -0.297487 -0.924759 0.237324
vn -0.195421 -0.980415 0.024446
vn -0.142471 -0.974154 -0.175290
vn 0.114811 -0.977992 -0.174211
vn 0.142817 -0.989513 0.021618
vn -0.036424 -0.995300 0.089733
vn -0.036424 -0.995300 0.089733
vn -0.036424 -0.995300 0.089733
vn -0.036424 -0.995300 0.089733
vn -0.036424 -0.995300 0.089733
vn -0.036424 -0.995300 0.089733
vn -0.036424 -0.995300 0.089733
vn -0.036424 -0.995300 0.089733
vn -0.036424 -0.995300 0.089733
vn 0.002913 0.999312 0.036977
vn 0.002913 0.999312 0.036977
vn 0.002913 0.999312 0.036977
vn 0.002913 0.999312 0.036977
vn 0.002913 0.999312 0.036977
vn 0.002913 0.999312 0.036977
vn 0.002913 0.999312 0.036977
vn 0.002913 0.999312 0.036977
vn 0.002913 0.999312 0.036977
vn 0.293087 0.955828 -0.022187
vn 0.263362 0.901094 0.344484
vn 0.057420 0.898320 0.435574
vn 0.008020 0.891381 0.453185
vn -0.307520 0.911625 0.272710
vn -0.332182 0.911431 -0.242794
vn -0.154978 0.941126 -0.300438
vn 0.037735 0.909610 -0.413747
vn 0.238238 0.906092 -0.349628
vn 0.723303 0.683388 -0.099061
vn 0.513738 0.597833 0.615361
vn 0.226067 0.581464 0.781532
vn -0.295315 0.601690 0.742131
vn -0.754051 0.549302 0.360104
vn -0.754020 0.557372 -0.347548
vn -0.429781 0.678431 -0.595835
vn 0.118611 0.686592 -0.717303
vn 0.481614 0.631899 -0.607249
vn 0.632568 -0.771226 -0.071189
vn 0.641787 -0.595466 0.483249
vn 0.277138 -0.612801 0.740047
vn -0.360189 -0.554124 0.750473
vn -0.684410 -0.594333 0.422316
vn -0.716157 -0.661006 -0.224032
vn -0.387468 -0.622768 -0.679727
vn 0.183658 -0.536027 -0.823981
vn 0.539109 -0.488114 -0.686372
vn 0.284978 -0.957764 -0.038416
vn 0.284762 -0.944595 0.163250
vn 0.105483 -0.977346 0.183490
vn -0.048750 -0.987311 0.151130
vn -0.310782 -0.947398 0.076492
vn -0.254948 -0.937704 -0.236035
vn -0.106581 -0.959043 -0.262446
vn -0.084662 -0.906913 -0.412725
vn 0.267671 -0.917673 -0.293646
vn -0.002913 -0.999312 -0.036977
vn -0.002913 -0.999312 -0.036977
vn -0.002913 -0.999312 -0.036977
vn -0.002913 -0.999312 -0.036977
vn -0.002913 -0.999312 -0.036977
vn -0.002913 -0.999312 -0.036977
vn -0.002913 -0.999312 -0.036977
vn -0.002913 -0.999312 -0.036977
vn -0.002913 -0.999312 -0.036977
vn -0.071350 0.997183 -0.023149
vn -0.071350 0.997183 -0.023149
vn -0.071350 0.997183 -0.023149
vn -0.071350 0.997183 -0.023149
vn -0.071350 0.997183 -0.023149
vn -0.071350 0.997183 -0.023149
vn -0.071350 0.997183 -0.023149
vn -0.071350 0.997183 -0.023149
vn -0.071350 0.997183 -0.023149
vn 0.278226 0.957406 -0.077229
vn 0.072634 0.917786 0.390375
vn -0.077855 0.924179 0.373942
vn -0.295403 0.939027 0.175968
vn -0.413592 0.896534 0.158645
vn -0.415223 0.885117 -0.210138
vn -0.069818 0.919418 -0.387034
vn 0.079990 0.887145 -0.454505
vn 0.236242 0.906484 -0.349967
vn 0.670733 0.737561 0.078238
vn 0.434323 0.677269 0.593860
vn -0.055419 0.634567 0.770879
vn -0.538327 0.558908 0.630734
vn -0.778980 0.560457 0.281209
vn -0.773570 0.431409 -0.464194
vn -0.339279 0.476132 -0.811288
vn 0.217071 0.677030 -0.703215
vn 0.518625 0.631515 -0.576383
vn 0.708981 -0.672627 0.211942
vn 0.480968 -0.675212 0.559247
vn 0.082320 -0.678914 0.729588
vn -0.485585 -0.582172 0.652137
vn -0.543213 -0.780531 0.309341
vn -0.559622 -0.687505 -0.462774
vn -0.136347 -0.747311 -0.650335
vn 0.266659 -0.661643 -0.700800
vn 0.704241 -0.502447 -0.501590
vn 0.376725 -0.906777 0.189298
vn 0.122641 -0.926725 0.355163
vn 0.060192 -0.955706 0.288103
vn 0.010794 -0.948767 0.315793
vn -0.153309 -0.982495 0.105829
vn -0.049277 -0.989532 -0.135642
vn 0.000102 -0.989246 -0.146259
vn 0.113247 -0.941796 -0.316536
vn 0.200921 -0.975398 -0.090722
vn 0.071350 -0.997183 0.023149
vn 0.071350 -0.997183 0.023149
vn 0.071350 -0.997183 0.023149
vn 0.071350 -0.997183 0.023149
vn 0.071350 -0.997183 0.023149
vn 0.071350 -0.997183 0.023149
vn 0.071350 -0.997183 0.023149
vn 0.071350 -0.997183 0.023149
vn 0.071350 -0.997183 0.023149
vn 0.009788 0.997517 0.069745
vn 0.009788 0.997517 0.069745
vn 0.009788 0.997517 0.069745
vn 0.009788 0.997517 0.069745
vn 0.009788 0.997517 0.069745
vn 0.009788 0.997517 0.069745
vn 0.009788 0.997517 0.069745
vn 0.009788 0.997517 0.069745
vn 0.009788 0.997517 0.069745
vn 0.352868 0.934632 -0.044129
vn 0.366691 0.865438 0.341401
vn 0.057497 0.877376 0.476345
vn -0.099635 0.912209 0.397425
vn -0.297300 0.916032 0.269254
vn -0.342614 0.917307 -0.202889
vn -0.117001 0.927818 -0.354209
vn 0.032906 0.936416 -0.349344
vn 0.184937 0.929965 -0.317746
vn 0.796379 0.600848 0.069017
vn 0.627798 0.505643 0.591772
vn 0.257627 0.497534 0.828305
vn -0.337467 0.607529 0.719045
vn -0.743762 0.474168 0.471151
vn -0.790772 0.537931 -0.292078
vn -0.378340 0.752068 -0.539679
vn 0.138407 0.713901 -0.686432
vn 0.460643 0.627562 -0.627673
vn 0.721549 -0.688341 -0.074524
vn 0.579296 -0.677727 0.452883
vn 0.232024 -0.656942 0.717350
vn -0.386092 -0.651749 0.652806
vn -0.653645 -0.695108 0.299287
vn -0.824356 -0.516391 -0.231901
vn -0.505614 -0.578672 -0.639917
vn 0.144772 -0.524917 -0.838751
vn 0.583139 -0.421831 -0.694268
vn 0.189085 -0.978608 -0.081081
vn 0.164720 -0.962373 0.216116
vn -0.087978 -0.979903 0.179023
vn -0.047548 -0.986827 0.154635
vn -0.236722 -0.953649 0.185786
vn -0.251663 -0.951113 -0.179023
vn -0.131260 -0.939991 -0.314942
vn -0.060189 -0.969092 -0.239243
vn 0.201981 -0.906162 -0.371582
vn -0.009788 -0.997517 -0.069745
vn -0.009788 -0.997517 -0.069745
vn -0.009788 -0.997517 -0.069745
vn -0.009788 -0.997517 -0.069745
vn -0.009788 -0.997517 -0.069745
vn -0.009788 -0.997517 -0.069745
vn -0.009788 -0.997517 -0.069745
vn -0.009788 -0.997517 -0.069745
vn -0.009788 -0.997517 -0.069745
vn -0.070720 0.993929 0.084285
vn -0.070720 0.993929 0.084285
vn -0.070720 0.993929 0.084285
vn -0.070720 0.993929 0.084285
vn -0.070720 0.993929 0.084285
vn -0.070720 0.993929 0.084285
vn -0.070720 0.993929 0.084285
vn -0.070720 0.993929 0.084285
vn -0.070720 0.993929 0.084285
vn 0.299785 0.946526 0.119238
vn 0.278016 0.924529 0.260679
vn 0.096232 0.880621 0.463946
vn -0.228569 0.868771 0.439310
vn -0.373963 0.857336 0.353733
vn -0.461895 0.886617 0.023732
vn -0.147654 0.917422 -0.369505
vn 0.005900 0.967672 -0.252141
vn 0.188042 0.949778 -0.250124
vn 0.633423 0.762774 0.130199
vn 0.617312 0.542273 0.569971
vn 0.179570 0.510105 0.841158
vn -0.345323 0.370783 0.862132
vn -0.783314 0.347274 0.515577
vn -0.847238 0.498959 -0.182282
vn -0.501264 0.569223 -0.651705
vn 0.031391 0.703973 -0.709533
vn 0.487558 0.694294 -0.529380
vn 0.790076 -0.589127 -0.169438
vn 0.683364 -0.524194 0.508168
vn 0.227925 -0.608454 0.760154
vn -0.294441 -0.686913 0.664421
vn -0.603067 -0.742828 0.290719
vn -0.686591 -0.679607 -0.258314
vn -0.446993 -0.473088 -0.759200
vn 0.139421 -0.527609 -0.837968
vn 0.542874 -0.559446 -0.626344
vn 0.359275 -0.926614 -0.110937
vn 0.296651 -0.951000 0.087159
vn 0.066207 -0.966488 0.248028
vn 0.041648 -0.980047 0.194352
vn -0.098686 -0.975301 0.197609
vn -0.203673 -0.951835 -0.229189
vn -0.047119 -0.925166 -0.376627
vn 0.069499 -0.938298 -0.338772
vn 0.328049 -0.888802 -0.320022
vn 0.070720 -0.993929 -0.084285
vn 0.070720 -0.993929 -0.084285
vn 0.070720 -0.993929 -0.084285
vn 0.070720 -0.993929 -0.084285
vn 0.070720 -0.993929 -0.084285
vn 0.070720 -0.993929 -0.084285
vn 0.070720 -0.993929 -0.084285
vn 0.070720 -0.993929 -0.084285
vn 0.070720 -0.993929 -0.084285
vn 0.023982 0.998614 -0.046850
vn 0.023982 0.998614 -0.046850
vn 0.023982 0.998614 -0.046850
vn 0.023982 0.998614 -0.046850
vn 0.023982 0.998614 -0.046850
vn 0.023982 0.998614 -0.046850
vn 0.023982 0.998614 -0.046850
vn 0.023982 0.998614 -0.046850
vn 0.023982 0.998614 -0.046850
vn 0.311260 0.949361 -0.042788
vn 0.307741 0.924139 0.226414
vn 0.044068 0.945675 0.322112
vn -0.131747 0.952312 0.275217
vn -0.305625 0.928578 0.210563
vn -0.273098 0.957475 -0.093055
vn -0.213224 0.895757 -0.390070
vn 0.002051 0.846443 -0.532476
vn 0.249995 0.890237 -0.380762
vn 0.830020 0.517017 -0.209190
vn 0.589379 0.631256 0.504130
vn 0.218395 0.692014 0.688055
vn -0.252991 0.716584 0.650002
vn -0.664690 0.662159 0.346024
vn -0.717884 0.630537 -0.295070
vn -0.448755 0.569980 -0.688289
vn 0.027543 0.442110 -0.896538
vn 0.509009 0.432198 -0.744389
vn 0.577081 -0.813649 -0.070370
vn 0.537084 -0.713254 0.450344
vn 0.238709 -0.579071 0.779548
vn -0.375953 -0.491395 0.785615
vn -0.727991 -0.599247 0.333064
vn -0.810237 -0.554471 -0.189943
vn -0.433365 -0.642588 -0.631883
vn 0.032227 -0.614504 -0.788255
vn 0.495359 -0.673239 -0.548971
vn 0.243796 -0.968354 -0.053420
vn 0.191353 -0.977766 0.085779
vn 0.074573 -0.946675 0.313441
vn -0.112968 -0.966788 0.229257
vn -0.303292 -0.929832 0.208391
vn -0.324547 -0.942576 -0.078870
vn -0.147375 -0.974372 -0.169941
vn 0.012375 -0.961533 -0.274411
vn 0.179550 -0.983525 -0.021001
vn -0.023982 -0.998614 0.046850
vn -0.023982 -0.998614 0.046850
vn -0.023982 -0.998614 0.046850
vn -0.023982 -0.998614 0.046850
vn -0.023982 -0.998614 0.046850
vn -0.023982 -0.998614 0.046850
vn -0.023982 -0.998614 0.046850
vn -0.023982 -0.998614 0.046850
vn -0.023982 -0.998614 0.046850
vn -0.046387 0.997194 -0.058759
vn -0.046387 0.997194 -0.058759
vn -0.046387 0.997194 -0.058759
vn -0.046387 0.997194 -0.058759
vn -0.046387 0.997194 -0.058759
vn -0.046387 0.997194 -0.058759
vn -0.046387 0.997194 -0.058759
vn -0.046387 0.997194 -0.058759
vn -0.046387 0.997194 -0.058759
vn 0.362064 0.929623 -0.068632
vn 0.100522 0.947036 0.304989
vn -0.017277 0.907194 0.420357
vn -0.108704 0.927506 0.357655
vn -0.393510 0.919012 0.023788
vn -0.357425 0.852821 -0.380716
vn -0.175540 0.925528 -0.335535
vn -0.000088 0.903100 -0.429430
vn 0.223278 0.907830 -0.354953
vn 0.766505 0.640826 -0.042574
vn 0.519517 0.507758 0.687229
vn -0.005953 0.709140 0.705043
vn -0.399492 0.571673 0.716656
vn -0.822206 0.443327 0.356986
vn -0.758862 0.523678 -0.387155
vn -0.365402 0.620646 -0.693744
vn 0.130011 0.561584 -0.817142
vn 0.610078 0.535939 -0.583587
vn 0.768266 -0.634612 0.083868
vn 0.561042 -0.623409 0.544603
vn 0.114385 -0.563356 0.818258
vn -0.452592 -0.530980 0.716394
vn -0.608594 -0.691940 0.388371
vn -0.568113 -0.802199 -0.183641
vn -0.364756 -0.670646 -0.645900
vn 0.217693 -0.681012 -0.699165
vn 0.607985 -0.698370 -0.377669
vn 0.408063 -0.912723 -0.020537
vn 0.147409 -0.928760 0.340112
vn 0.063609 -0.948340 0.310813
vn -0.036417 -0.901704 0.430817
vn -0.202238 -0.963042 0.177902
vn -0.177496 -0.978982 -0.100442
vn -0.040906 -0.971480 -0.233568
vn 0.170093 -0.963485 -0.206799
vn 0.261861 -0.938530 -0.224922
vn 0.046387 -0.997194 0.058759
vn 0.046387 -0.997194 0.058759
vn 0.046387 -0.997194 0.058759
vn 0.046387 -0.997194 0.058759
vn 0.046387 -0.997194 0.058759
vn 0.046387 -0.997194 0.058759
vn 0.046387 -0.997194 0.058759
vn 0.046387 -0.997194 0.058759
vn 0.046387 -0.997194 0.058759
vn -0.075987 0.997109 0.000140
vn -0.075987 0.997109 0.000140
vn -0.075987 0.997109 0.000140
vn -0.075987 0.997109 0.000140
vn -0.075987 0.997109 0.000140
vn -0.075987 0.997109 0.000140
vn -0.075987 0.997109 0.000140
vn -0.075987 0.997109 0.000140
vn -0.075987 0.997109 0.000140
vn -0.160874 0.932934 0.322108
vn -0.387267 0.898617 0.206183
vn -0.310452 0.947014 0.082363
vn -0.385747 0.915712 -0.112567
vn -0.129674 0.926923 -0.352134
vn 0.083847 0.916765 -0.390527
vn 0.344296 0.931422 -0.117956
vn 0.251672 0.966795 -0.044376
vn 0.254765 0.952221 0.168434
vn -0.161607 0.650499 0.742114
vn -0.576043 0.580206 0.575792
vn -0.750595 0.642473 0.154387
vn -0.723843 0.585947 -0.364304
vn -0.349024 0.697678 -0.625642
vn 0.333667 0.649525 -0.683216
vn 0.469805 0.804124 -0.364238
vn 0.609805 0.785763 0.103514
vn 0.556392 0.569882 0.604700
vn 0.027295 -0.810656 0.584886
vn -0.435939 -0.705279 0.559052
vn -0.785232 -0.576059 0.227085
vn -0.576831 -0.747052 -0.330424
vn -0.261754 -0.729903 -0.631448
vn 0.294436 -0.864090 -0.408235
vn 0.613120 -0.722682 -0.319084
vn 0.716050 -0.670544 0.194018
vn 0.473064 -0.722592 0.504055
vn 0.195020 -0.969462 0.148697
vn -0.005732 -0.979122 0.203194
vn -0.101024 -0.993403 -0.054272
vn -0.060887 -0.995919 -0.066625
vn -0.022508 -0.990222 -0.137676
vn 0.308240 -0.938432 -0.155991
vn 0.240546 -0.960187 -0.142053
vn 0.175000 -0.984040 0.032263
vn 0.182783 -0.966348 0.181002
vn 0.075987 -0.997109 -0.000140
vn 0.075987 -0.997109 -0.000140
vn 0.075987 -0.997109 -0.000140
vn 0.075987 -0.997109 -0.000140
vn 0.075987 -0.997109 -0.000140
vn 0.075987 -0.997109 -0.000140
vn 0.075987 -0.997109 -0.000140
vn 0.075987 -0.997109 -0.000140
vn 0.075987 -0.997109 -0.000140
vn -0.081174 0.996635 0.011337
vn -0.081174 0.996635 0.011337
vn -0.081174 0.996635 0.011337
vn -0.081174 0.996635 0.011337
vn -0.081174 0.996635 0.011337
vn -0.081174 0.996635 0.011337
vn -0.081174 0.996635 0.011337
vn -0.081174 0.996635 0.011337
vn -0.081174 0.996635 0.011337
vn -0.079684 0.951638 0.296708
vn -0.345140 0.886584 0.307974
vn -0.327798 0.938704 0.106694
vn -0.481837 0.873679 -0.067217
vn -0.319309 0.927885 -0.192537
vn 0.018268 0.937943 -0.346309
vn 0.305092 0.947201 -0.098640
vn 0.176643 0.983573 0.037157
vn 0.198916 0.922978 0.329460
vn 0.135766 0.701057 0.700062
vn -0.498299 0.535608 0.681778
vn -0.703994 0.679780 0.205648
vn -0.769755 0.591622 -0.239709
vn -0.460500 0.491880 -0.738914
vn 0.159871 0.588482 -0.792547
vn 0.551418 0.668158 -0.499504
vn 0.685381 0.720596 0.104857
vn 0.542428 0.680829 0.492183
vn 0.211740 -0.696021 0.686091
vn -0.554015 -0.557689 0.618102
vn -0.718107 -0.669174 0.191125
vn -0.502945 -0.813452 -0.292133
vn -0.433031 -0.648260 -0.626293
vn 0.173522 -0.818854 -0.547146
vn 0.805132 -0.425008 -0.413679
vn 0.902536 -0.424052 0.074895
vn 0.722423 -0.580038 0.376379
vn 0.116248 -0.989591 0.084825
vn -0.052301 -0.997950 0.036872
vn -0.175040 -0.984455 0.014463
vn -0.150721 -0.988563 0.005069
vn 0.038895 -0.963710 -0.264101
vn 0.185020 -0.960376 -0.208437
vn 0.157010 -0.957580 -0.241637
vn 0.345129 -0.938264 0.023394
vn 0.364460 -0.905951 0.215456
vn 0.081174 -0.996635 -0.011337
vn 0.081174 -0.996635 -0.011337
vn 0.081174 -0.996635 -0.011337
vn 0.081174 -0.996635 -0.011337
vn 0.081174 -0.996635 -0.011337
vn 0.081174 -0.996635 -0.011337
vn 0.081174 -0.996635 -0.011337
vn 0.081174 -0.996635 -0.011337
vn 0.081174 -0.996635 -0.011337
vn -0.169370 0.985551 0.001659
vn -0.169370 0.985551 0.001659
vn -0.169370 0.985551 0.001659
vn -0.169370 0.985551 0.001659
vn -0.169370 0.985551 0.001659
vn -0.169370 0.985551 0.001659
vn -0.169370 0.985551 0.001659
vn -0.169370 0.985551 0.001659
vn -0.169370 0.985551 0.001659
vn -0.234509 0.903574 0.358553
vn -0.510490 0.829084 0.228079
vn -0.591415 0.799747 0.103119
vn -0.558308 0.822796 -0.106299
vn -0.259300 0.922360 -0.286382
vn 0.008846 0.923128 -0.384390
vn 0.185675 0.979776 -0.074598
vn 0.189855 0.969048 0.157800
vn 0.286501 0.941171 0.179205
vn -0.237261 0.544450 0.804538
vn -0.626468 0.598022 0.499907
vn -0.816334 0.565908 0.115530
vn -0.763745 0.570366 -0.302284
vn -0.459763 0.541637 -0.703738
vn 0.113561 0.683687 -0.720886
vn 0.467080 0.760565 -0.450974
vn 0.509409 0.848694 0.142198
vn 0.443222 0.678426 0.585912
vn 0.021626 -0.661767 0.749397
vn -0.476703 -0.646288 0.595874
vn -0.444318 -0.888816 0.112194
vn -0.386868 -0.884199 -0.261774
vn -0.115383 -0.833191 -0.540814
vn 0.396379 -0.749263 -0.530555
vn 0.769823 -0.379731 -0.513008
vn 0.765478 -0.631930 0.121272
vn 0.591364 -0.622796 0.512262
vn 0.284686 -0.942188 0.176737
vn -0.178241 -0.983605 0.027396
vn -0.111006 -0.984169 -0.138160
vn -0.066185 -0.996789 -0.045080
vn 0.122074 -0.979200 -0.162068
vn 0.153700 -0.933562 -0.323787
vn 0.377502 -0.913438 -0.152063
vn 0.330020 -0.936917 0.115205
vn 0.372064 -0.928197 0.004384
vn 0.169370 -0.985551 -0.001659
vn 0.169370 -0.985551 -0.001659
vn 0.169370 -0.985551 -0.001659
vn 0.169370 -0.985551 -0.001659
vn 0.169370 -0.985551 -0.001659
vn 0.169370 -0.985551 -0.001659
vn 0.169370 -0.985551 -0.001659
vn 0.169370 -0.985551 -0.001659
vn 0.169370 -0.985551 -0.001659
vn 0.041133 0.999145 -0.004087
vn 0.041133 0.999145 -0.004087
vn 0.041133 0.999145 -0.004087
vn 0.041133 0.999145 -0.004087
vn 0.041133 0.999145 -0.004087
vn 0.041133 0.999145 -0.004087
vn 0.041133 0.999145 -0.004087
vn 0.041133 0.999145 -0.004087
vn 0.041133 0.999145 -0.004087
vn 0.119029 0.909246 0.398879
vn -0.168987 0.944822 0.280634
vn -0.453916 0.868864 0.197574
vn -0.258341 0.956309 -0.136867
vn -0.162291 0.901481 -0.401240
vn 0.110961 0.919506 -0.377090
vn 0.554236 0.827790 -0.087101
vn 0.511287 0.859401 -0.003797
vn 0.280020 0.948280 0.149511
vn 0.065785 0.794426 0.603788
vn -0.425336 0.733333 0.530388
vn -0.758771 0.603643 0.244706
vn -0.740941 0.608104 -0.284984
vn -0.361455 0.591046 -0.721120
vn 0.336744 0.556419 -0.759606
vn 0.651041 0.647924 -0.395399
vn 0.832522 0.552508 0.040526
vn 0.611448 0.622354 0.488678
vn 0.026886 -0.789308 0.613408
vn -0.411154 -0.742958 0.528171
vn -0.815816 -0.542817 0.199487
vn -0.754368 -0.583950 -0.299886
vn -0.491437 -0.661559 -0.566417
vn 0.282729 -0.614017 -0.736917
vn 0.618827 -0.680810 -0.391855
vn 0.824941 -0.563988 0.037274
vn 0.595973 -0.633487 0.493468
vn 0.053649 -0.966835 0.249705
vn -0.165505 -0.942575 0.290105
vn -0.225468 -0.969993 0.090979
vn -0.318724 -0.940169 -0.120407
vn -0.071221 -0.968173 -0.239935
vn 0.065797 -0.978695 -0.194492
vn 0.191318 -0.951921 -0.239257
vn 0.148523 -0.984140 0.097003
vn 0.115565 -0.968482 0.220653
vn -0.041133 -0.999145 0.004087
vn -0.041133 -0.999145 0.004087
vn -0.041133 -0.999145 0.004087
vn -0.041133 -0.999145 0.004087
vn -0.041133 -0.999145 0.004087
vn -0.041133 -0.999145 0.004087
vn -0.041133 -0.999145 0.004087
vn -0.041133 -0.999145 0.004087
vn -0.041133 -0.999145 0.004087
vn 0.123598 0.992332 0.001002
vn 0.123598 0.992332 0.001002
vn 0.123598 0.992332 0.001002
vn 0.123598 0.992332 0.001002
vn 0.123598 0.992332 0.001002
vn 0.123598 0.992332 0.001002
vn 0.123598 0.992332 0.001002
vn 0.123598 0.992332 0.001002
vn 0.123598 0.992332 0.001002
vn -0.023095 0.923066 0.383948
vn -0.102354 0.935618 0.337849
vn -0.264466 0.963693 0.036799
vn -0.053810 0.974693 -0.216974
vn -0.128514 0.922005 -0.365226
vn 0.069955 0.954577 -0.289637
vn 0.480914 0.868022 -0.123530
vn 0.487091 0.870855 0.065981
vn 0.255408 0.924821 0.281909
vn 0.132229 0.601056 0.788193
vn -0.453256 0.696972 0.555687
vn -0.747956 0.653553 0.115888
vn -0.555371 0.724380 -0.408455
vn -0.230075 0.602862 -0.763953
vn 0.503235 0.427108 -0.751221
vn 0.775852 0.518581 -0.359342
vn 0.749386 0.651799 0.116525
vn 0.596519 0.475734 0.646407
vn -0.136869 -0.816765 0.560502
vn -0.571578 -0.653003 0.496876
vn -0.773977 -0.602723 0.194124
vn -0.805417 -0.356789 -0.473291
vn -0.290607 -0.692479 -0.660318
vn 0.273713 -0.646863 -0.711793
vn 0.526122 -0.798485 -0.292604
vn 0.634595 -0.766921 0.095509
vn 0.403418 -0.732176 0.548792
vn -0.076322 -0.965674 0.248290
vn -0.327315 -0.911193 0.250183
vn -0.321225 -0.938796 0.124404
vn -0.268832 -0.960673 -0.069543
vn -0.114576 -0.967455 -0.225618
vn -0.039340 -0.993149 -0.110029
vn 0.145666 -0.980086 -0.134957
vn 0.135382 -0.980341 0.143541
vn -0.009056 -0.977728 0.209683
vn -0.123598 -0.992332 -0.001002
vn -0.123598 -0.992332 -0.001002
vn -0.123598 -0.992332 -0.001002
vn -0.123598 -0.992332 -0.001002
vn -0.123598 -0.992332 -0.001002
vn -0.123598 -0.992332 -0.001002
vn -0.123598 -0.992332 -0.001002
vn -0.123598 -0.992332 -0.001002
vn -0.123598 -0.992332 -0.001002
vn -0.069805 0.997560 0.000536
vn -0.069805 0.997560 0.000536
vn -0.069805 0.997560 0.000536
vn -0.069805 0.997560 0.000536
vn -0.069805 0.997560 0.000536
vn -0.069805 0.997560 0.000536
vn -0.069805 0.997560 0.000536
vn -0.069805 0.997560 0.000536
vn -0.069805 0.997560 0.000536
vn -0.256411 0.910021 0.325753
vn -0.269318 0.921161 0.280945
vn -0.477638 0.878557 -0.000255
vn -0.385877 0.907966 -0.163389
vn -0.190841 0.918947 -0.345131
vn 0.023998 0.944761 -0.326881
vn 0.288548 0.939958 -0.182261
vn 0.224810 0.969999 0.092536
vn 0.176625 0.942484 0.283773
vn -0.017715 0.690272 0.723333
vn -0.629745 0.594024 0.500556
vn -0.819257 0.567975 0.078886
vn -0.625166 0.643799 -0.441237
vn -0.281382 0.519231 -0.806984
vn 0.295553 0.704228 -0.645532
vn 0.746965 0.555446 -0.365408
vn 0.662089 0.720892 0.204823
vn 0.456077 0.652208 0.605491
vn 0.005354 -0.777371 0.629019
vn -0.499876 -0.676288 0.541071
vn -0.681415 -0.726461 0.089043
vn -0.535573 -0.729740 -0.425019
vn -0.040419 -0.793063 -0.607797
vn 0.424795 -0.768039 -0.479233
vn 0.764197 -0.531388 -0.365555
vn 0.743035 -0.663039 0.090982
vn 0.556539 -0.446795 0.700456
vn -0.120196 -0.962517 0.243134
vn -0.047138 -0.991675 0.119831
vn -0.118245 -0.992893 0.013489
vn -0.069610 -0.995100 -0.070215
vn 0.056150 -0.984756 -0.164632
vn 0.198590 -0.950361 -0.239534
vn 0.372468 -0.919150 -0.128183
vn 0.303989 -0.952155 0.031479
vn 0.208004 -0.975857 0.066617
vn 0.069805 -0.997560 -0.000536
vn 0.069805 -0.997560 -0.000536
vn 0.069805 -0.997560 -0.000536
vn 0.069805 -0.997560 -0.000536
vn 0.069805 -0.997560 -0.000536
vn 0.069805 -0.997560 -0.000536
vn 0.069805 -0.997560 -0.000536
vn 0.069805 -0.997560 -0.000536
vn 0.069805 -0.997560 -0.000536
vn 0.081403 0.996681 0.000561
vn 0.081403 0.996681 0.000561
vn 0.081403 0.996681 0.000561
vn 0.081403 0.996681 0.000561
vn 0.081403 0.996681 0.000561
vn 0.081403 0.996681 0.000561
vn 0.081403 0.996681 0.000561
vn 0.081403 0.996681 0.000561
vn 0.081403 0.996681 0.000561
vn 0.189591 0.904552 0.381892
vn -0.256217 0.951145 0.172268
vn -0.234858 0.970619 -0.052347
vn -0.297843 0.948983 -0.103543
vn -0.077273 0.950956 -0.299518
vn 0.248182 0.891231 -0.379622
vn 0.402942 0.910611 -0.091790
vn 0.399370 0.912719 0.086293
vn 0.467762 0.853411 0.229974
vn 0.125233 0.727646 0.674425
vn -0.606889 0.567207 0.556742
vn -0.702997 0.706499 0.081569
vn -0.658523 0.647768 -0.383072
vn -0.241947 0.714322 -0.656663
vn 0.344429 0.744268 -0.572219
vn 0.797042 0.474667 -0.373384
vn 0.772522 0.602636 0.200100
vn 0.589705 0.544405 0.596550
vn -0.175511 -0.640356 0.747757
vn -0.622311 -0.547167 0.559765
vn -0.839070 -0.537100 0.086520
vn -0.646119 -0.673956 -0.358209
vn -0.444971 -0.656366 -0.609249
vn 0.287543 -0.766593 -0.574156
vn 0.607523 -0.729714 -0.313740
vn 0.742233 -0.653294 0.149321
vn 0.472572 -0.669772 0.572784
vn -0.087856 -0.956387 0.278577
vn -0.374962 -0.918322 0.126836
vn -0.372329 -0.926367 -0.056706
vn -0.414379 -0.906240 -0.083784
vn -0.240701 -0.937385 -0.251740
vn 0.203951 -0.964270 -0.169079
vn 0.148845 -0.977485 -0.149558
vn 0.184561 -0.981484 -0.051256
vn 0.156536 -0.963230 0.218368
vn -0.081403 -0.996681 -0.000561
vn -0.081403 -0.996681 -0.000561
vn -0.081403 -0.996681 -0.000561
vn -0.081403 -0.996681 -0.000561
vn -0.081403 -0.996681 -0.000561
vn -0.081403 -0.996681 -0.000561
vn -0.081403 -0.996681 -0.000561
vn -0.081403 -0.996681 -0.000561
vn -0.081403 -0.996681 -0.000561
vn -0.039564 0.999205 -0.005009
vn -0.039564 0.999205 -0.005009
vn -0.039564 0.999205 -0.005009
vn -0.039564 0.999205 -0.005009
vn -0.039564 0.999205 -0.005009
vn -0.039564 0.999205 -0.005009
vn -0.039564 0.999205 -0.005009
vn -0.039564 0.999205 -0.005009
vn -0.039564 0.999205 -0.005009
vn -0.117524 0.933096 0.339882
vn -0.529518 0.838625 0.127746
vn -0.441012 0.893444 -0.085244
vn -0.393151 0.917010 -0.067265
vn -0.361195 0.866818 -0.343751
vn 0.241835 0.927125 -0.286277
vn 0.334769 0.938884 -0.080168
vn 0.346050 0.936718 0.053008
vn 0.222936 0.949265 0.221801
vn -0.179392 0.565501 0.805001
vn -0.713404 0.470515 0.519298
vn -0.795985 0.597921 0.094333
vn -0.602347 0.640305 -0.476642
vn -0.302920 0.637049 -0.708807
vn 0.322807 0.625744 -0.710099
vn 0.654260 0.697480 -0.292347
vn 0.754390 0.624070 0.203550
vn 0.520549 0.533751 0.666437
vn 0.015387 -0.807663 0.589444
vn -0.563624 -0.631438 0.532554
vn -0.815532 -0.561873 0.138582
vn -0.512789 -0.769538 -0.380602
vn -0.214737 -0.744906 -0.631667
vn 0.325278 -0.645341 -0.691179
vn 0.711802 -0.640530 -0.288200
vn 0.760719 -0.583549 0.284213
vn 0.561893 -0.585764 0.584086
vn 0.041830 -0.972523 0.229017
vn -0.019968 -0.985258 0.169904
vn -0.230158 -0.972556 0.034085
vn -0.035865 -0.980797 -0.191705
vn -0.128654 -0.977086 -0.169564
vn 0.162091 -0.958036 -0.236419
vn 0.244358 -0.969659 -0.007157
vn 0.340221 -0.937438 0.073892
vn 0.207535 -0.954949 0.212136
vn 0.039564 -0.999205 0.005009
vn 0.039564 -0.999205 0.005009
vn 0.039564 -0.999205 0.005009
vn 0.039564 -0.999205 0.005009
vn 0.039564 -0.999205 0.005009
vn 0.039564 -0.999205 0.005009
vn 0.039564 -0.999205 0.005009
vn 0.039564 -0.999205 0.005009
vn 0.039564 -0.999205 0.005009
vn -0.066347 0.997796 0.001209
vn -0.066347 0.997796 0.001209
vn -0.066347 0.997796 0.001209
vn -0.066347 0.997796 0.001209
vn -0.066347 0.997796 0.001209
vn -0.066347 0.997796 0.001209
vn -0.066347 0.997796 0.001209
vn -0.066347 0.997796 0.001209
vn -0.066347 0.997796 0.001209
vn -0.106119 0.932560 0.345067
vn -0.220280 0.931440 0.289650
vn -0.421241 0.906030 0.040808
vn -0.415014 0.902570 -0.114588
vn -0.354249 0.894014 -0.274312
vn 0.159135 0.936611 -0.312147
vn 0.206529 0.974067 -0.092410
vn 0.402001 0.914509 -0.045489
vn 0.163119 0.955140 0.247186
vn -0.027300 0.676354 0.736071
vn -0.504456 0.662474 0.553762
vn -0.752135 0.651986 0.095956
vn -0.583344 0.753428 -0.303408
vn -0.372637 0.622810 -0.687931
vn 0.113260 0.758049 -0.642288
vn 0.551766 0.754647 -0.355052
vn 0.670930 0.730346 0.128247
vn 0.557295 0.678927 0.477996
vn 0.047054 -0.793036 0.607354
vn -0.504051 -0.658138 0.559274
vn -0.660197 -0.734370 0.157606
vn -0.611547 -0.696887 -0.374644
vn -0.322697 -0.694588 -0.642973
vn 0.229707 -0.758021 -0.610441
vn 0.648605 -0.656626 -0.384908
vn 0.761319 -0.646566 0.048428
vn 0.519564 -0.707604 0.478904
vn 0.159256 -0.962317 0.220414
vn 0.004553 -0.979547 0.201162
vn -0.202340 -0.976835 0.069651
vn -0.120361 -0.984380 -0.128492
vn -0.017051 -0.981302 -0.191718
vn 0.201476 -0.960519 -0.191864
vn 0.298986 -0.953383 -0.040846
vn 0.281263 -0.959628 -0.002294
vn 0.213100 -0.969441 0.121545
vn 0.066347 -0.997796 -0.001209
vn 0.066347 -0.997796 -0.001209
vn 0.066347 -0.997796 -0.001209
vn 0.066347 -0.997796 -0.001209
vn 0.066347 -0.997796 -0.001209
vn 0.066347 -0.997796 -0.001209
vn 0.066347 -0.997796 -0.001209
vn 0.066347 -0.997796 -0.001209
vn 0.066347 -0.997796 -0.001209
vn -0.027256 0.999620 -0.004038
vn -0.027256 0.999620 -0.004038
vn -0.027256 0.999620 -0.004038
vn -0.027256 0.999620 -0.004038
vn -0.027256 0.999620 -0.004038
vn -0.027256 0.999620 -0.004038
vn -0.027256 0.999620 -0.004038
vn -0.027256 0.999620 -0.004038
vn -0.027256 0.999620 -0.004038
vn 0.115697 0.934811 0.335772
vn -0.253042 0.934323 0.251017
vn -0.359260 0.931925 0.049486
vn -0.387883 0.921429 0.022714
vn -0.087022 0.925550 -0.368490
vn 0.213329 0.877807 -0.428890
vn 0.297641 0.943701 -0.144354
vn 0.346210 0.933321 0.095136
vn 0.299429 0.926065 0.229665
vn 0.078422 0.631460 0.771432
vn -0.544147 0.590929 0.595573
vn -0.791603 0.564903 0.232915
vn -0.757313 0.545783 -0.358607
vn -0.379130 0.509184 -0.772653
vn 0.257372 0.655564 -0.709926
vn 0.648058 0.627136 -0.432113
vn 0.708598 0.704146 0.045477
vn 0.549601 0.669386 0.499862
vn 0.077396 -0.779687 0.621368
vn -0.579474 -0.552509 0.599120
vn -0.738362 -0.651409 0.174611
vn -0.607533 -0.756838 -0.241038
vn -0.322582 -0.645701 -0.692106
vn 0.378980 -0.681949 -0.625556
vn 0.737726 -0.531563 -0.416174
vn 0.650924 -0.759138 0.002680
vn 0.691111 -0.452348 0.563690
vn -0.017552 -0.982438 0.185763
vn -0.182846 -0.956993 0.225237
vn -0.264533 -0.964376 -0.000913
vn -0.239834 -0.970802 -0.004916
vn -0.120507 -0.985449 -0.119870
vn 0.123818 -0.962749 -0.240380
vn 0.303447 -0.949914 -0.074727
vn 0.328952 -0.943513 -0.039672
vn 0.241164 -0.966891 0.083442
vn 0.027256 -0.999620 0.004038
vn 0.027256 -0.999620 0.004038
vn 0.027256 -0.999620 0.004038
vn 0.027256 -0.999620 0.004038
vn 0.027256 -0.999620 0.004038
vn 0.027256 -0.999620 0.004038
vn 0.027256 -0.999620 0.004038
vn 0.027256 -0.999620 0.004038
vn 0.027256 -0.999620 0.004038
vn 0.178867 0.983870 0.002515
vn 0.178867 0.983870 0.002515
vn 0.178867 0.983870 0.002515
vn 0.178867 0.983870 0.002515
vn 0.178867 0.983870 0.002515
vn 0.178867 0.983870 0.002515
vn 0.178867 0.983870 0.002515
vn 0.178867 0.983870 0.002515
vn 0.178867 0.983870 0.002515
vn 0.369146 0.883092 0.289621
vn -0.148640 0.977227 0.151436
vn -0.214454 0.976092 0.035403
vn -0.129584 0.990870 -0.037203
vn 0.080749 0.936019 -0.342560
vn 0.499270 0.824365 -0.266745
vn 0.475606 0.859849 -0.185632
vn 0.501810 0.863843 0.044299
vn 0.463131 0.864884 0.193613
vn 0.177644 0.602289 0.778261
vn -0.515862 0.701875 0.491180
vn -0.562401 0.818634 0.116375
vn -0.551116 0.748405 -0.369000
vn -0.098624 0.632854 -0.767964
vn 0.510554 0.581821 -0.633102
vn 0.751643 0.585378 -0.303917
vn 0.867623 0.465679 0.174281
vn 0.616206 0.626391 0.477415
vn -0.186170 -0.715817 0.673013
vn -0.671485 -0.563474 0.481252
vn -0.787082 -0.599142 0.146734
vn -0.754694 -0.552417 -0.353938
vn -0.447230 -0.534061 -0.717471
vn 0.256344 -0.682729 -0.684228
vn 0.469785 -0.837927 -0.277813
vn 0.562839 -0.820155 0.102753
vn 0.348754 -0.817607 0.458136
vn -0.076309 -0.988928 0.127269
vn -0.404910 -0.887432 0.220255
vn -0.319209 -0.947662 -0.006490
vn -0.432413 -0.896518 -0.096306
vn -0.267362 -0.938253 -0.219543
vn 0.005714 -0.990251 -0.139178
vn -0.006535 -0.997174 -0.074840
vn -0.010036 -0.999271 0.036833
vn -0.006926 -0.980922 0.194281
vn -0.178867 -0.983870 -0.002515
vn -0.178867 -0.983870 -0.002515
vn -0.178867 -0.983870 -0.002515
vn -0.178867 -0.983870 -0.002515
vn -0.178867 -0.983870 -0.002515
vn -0.178867 -0.983870 -0.002515
vn -0.178867 -0.983870 -0.002515
vn -0.178867 -0.983870 -0.002515
vn -0.178867 -0.983870 -0.002515
vn 0.155566 0.987805 -0.006433
vn 0.155566 0.987805 -0.006433
vn 0.155566 0.987805 -0.006433
vn 0.155566 0.987805 -0.006433
vn 0.155566 0.987805 -0.006433
vn 0.155566 0.987805 -0.006433
vn 0.155566 0.987805 -0.006433
vn 0.155566 0.987805 -0.006433
vn 0.155566 0.987805 -0.006433
vn 0.113571 0.907067 0.405378
vn -0.076259 0.961164 0.265234
vn -0.192491 0.976286 0.099058
vn -0.274630 0.951905 -0.135848
vn 0.070538 0.935546 -0.346089
vn 0.278825 0.874554 -0.396750
vn 0.427535 0.879451 -0.209236
vn 0.435476 0.900109 -0.012789
vn 0.421123 0.879848 0.220279
vn 0.210017 0.737216 0.642188
vn -0.400201 0.653615 0.642360
vn -0.637501 0.749166 0.179839
vn -0.576890 0.755377 -0.310810
vn -0.159695 0.749761 -0.642150
vn 0.326876 0.559910 -0.761349
vn 0.720564 0.485316 -0.495233
vn 0.866354 0.494006 0.073407
vn 0.694871 0.483173 0.532633
vn 0.024360 -0.790779 0.611617
vn -0.622448 -0.484860 0.614385
vn -0.843759 -0.487879 0.223707
vn -0.860756 -0.404068 -0.309562
vn -0.373519 -0.632178 -0.678848
vn 0.108202 -0.802510 -0.586746
vn 0.581584 -0.660106 -0.475416
vn 0.698085 -0.705126 0.124397
vn 0.444199 -0.767147 0.462788
vn -0.093298 -0.964556 0.246835
vn -0.252704 -0.933479 0.254476
vn -0.447945 -0.891584 0.066514
vn -0.375810 -0.923695 -0.074525
vn -0.077132 -0.955222 -0.285661
vn -0.029760 -0.939669 -0.340788
vn 0.067081 -0.969937 -0.233927
vn 0.188436 -0.979614 0.069630
vn 0.015567 -0.961814 0.273259
vn -0.155566 -0.987805 0.006433
vn -0.155566 -0.987805 0.006433
vn -0.155566 -0.987805 0.006433
vn -0.155566 -0.987805 0.006433
vn -0.155566 -0.987805 0.006433
vn -0.155566 -0.987805 0.006433
vn -0.155566 -0.987805 0.006433
vn -0.155566 -0.987805 0.006433
vn -0.155566 -0.987805 0.006433
vn -0.138608 0.990346 0.001714
vn -0.138608 0.990346 0.001714
vn -0.138608 0.990346 0.001714
vn -0.138608 0.990346 0.001714
vn -0.138608 0.990346 0.001714
vn -0.138608 0.990346 0.001714
vn -0.138608 0.990346 0.001714
vn -0.138608 0.990346 0.001714
vn -0.138608 0.990346 0.001714
vn 0.106726 0.919914 0.377316
vn -0.528981 0.820771 0.215672
vn -0.603057 0.793292 0.083722
vn -0.539708 0.833411 -0.118917
vn -0.271093 0.907592 -0.320603
vn 0.056033 0.945251 -0.321497
vn 0.241958 0.964046 -0.109874
vn 0.303783 0.943079 0.135346
vn 0.267001 0.942307 0.201910
vn -0.134319 0.724804 0.675735
vn -0.686252 0.417168 0.595842
vn -0.903284 0.406656 0.136777
vn -0.766477 0.554320 -0.324410
vn -0.548789 0.513583 -0.659594
vn 0.186831 0.721723 -0.666491
vn 0.662148 0.638546 -0.392197
vn 0.686310 0.712863 0.144239
vn 0.450533 0.763079 0.463390
vn 0.151083 -0.720545 0.676749
vn -0.531185 -0.631766 0.564548
vn -0.711806 -0.682485 0.165970
vn -0.550073 -0.754652 -0.357660
vn -0.232979 -0.716050 -0.658023
vn 0.460591 -0.470457 -0.752679
vn 0.775827 -0.542319 -0.322464
vn 0.830642 -0.546308 0.107614
vn 0.685532 -0.552622 0.473978
vn 0.123854 -0.964455 0.233425
vn 0.023462 -0.977236 0.210856
vn -0.096744 -0.995243 -0.011484
vn -0.174410 -0.980187 -0.093886
vn -0.091349 -0.974523 -0.204843
vn 0.320183 -0.919507 -0.228011
vn 0.427429 -0.899907 -0.086442
vn 0.430221 -0.902461 0.021789
vn 0.241591 -0.946243 0.215076
vn 0.138608 -0.990346 -0.001714
vn 0.138608 -0.990346 -0.001714
vn 0.138608 -0.990346 -0.001714
vn 0.138608 -0.990346 -0.001714
vn 0.138608 -0.990346 -0.001714
vn 0.138608 -0.990346 -0.001714
vn 0.138608 -0.990346 -0.001714
vn 0.138608 -0.990346 -0.001714
vn 0.138608 -0.990346 -0.001714
vn -0.062408 0.998046 0.002920
vn -0.062408 0.998046 0.002920
vn -0.062408 0.998046 0.002920
vn -0.062408 0.998046 0.002920
vn -0.062408 0.998046 0.002920
vn -0.062408 0.998046 0.002920
vn -0.062408 0.998046 0.002920
vn -0.062408 0.998046 0.002920
vn -0.062408 0.998046 0.002920
vn 0.070311 0.947295 0.312553
vn -0.339733 0.921690 0.187270
vn -0.474071 0.876937 0.078986
vn -0.421341 0.906901 -0.001558
vn -0.248668 0.907156 -0.339459
vn 0.122332 0.926635 -0.355502
vn 0.336393 0.900121 -0.276807
vn 0.325876 0.945218 0.019191
vn 0.178958 0.954802 0.237335
vn 0.004099 0.693562 0.720386
vn -0.610547 0.553099 0.566845
vn -0.771788 0.613352 0.167758
vn -0.741445 0.592846 -0.314312
vn -0.480321 0.681212 -0.552487
vn 0.198773 0.692784 -0.693210
vn 0.554343 0.727349 -0.404558
vn 0.797992 0.602626 -0.007098
vn 0.658592 0.588828 0.468548
vn 0.076920 -0.807848 0.584350
vn -0.489919 -0.689292 0.533719
vn -0.726019 -0.635971 0.261606
vn -0.737827 -0.602196 -0.304913
vn -0.398931 -0.700030 -0.592293
vn 0.375026 -0.545171 -0.749762
vn 0.661017 -0.589514 -0.464252
vn 0.781015 -0.623240 0.039849
vn 0.658591 -0.630764 0.410360
vn 0.140964 -0.980399 0.137651
vn -0.045535 -0.972604 0.227963
vn -0.211452 -0.976885 0.031380
vn -0.148819 -0.984309 -0.094811
vn -0.210551 -0.959515 -0.187080
vn 0.120000 -0.958321 -0.259270
vn 0.348381 -0.932470 -0.095556
vn 0.337346 -0.938683 0.071216
vn 0.331067 -0.923742 0.192599
vn 0.062408 -0.998046 -0.002920
vn 0.062408 -0.998046 -0.002920
vn 0.062408 -0.998046 -0.002920
vn 0.062408 -0.998046 -0.002920
vn 0.062408 -0.998046 -0.002920
vn 0.062408 -0.998046 -0.002920
vn 0.062408 -0.998046 -0.002920
vn 0.062408 -0.998046 -0.002920
vn 0.062408 -0.998046 -0.002920
vn 0.167807 0.985787 0.008047
vn 0.167807 0.985787 0.008047
vn 0.167807 0.985787 0.008047
vn 0.167807 0.985787 0.008047
vn 0.167807 0.985787 0.008047
vn 0.167807 0.985787 0.008047
vn 0.167807 0.985787 0.008047
vn 0.167807 0.985787 0.008047
vn 0.167807 0.985787 0.008047
vn 0.181967 0.902956 0.389305
vn -0.139984 0.957667 0.251552
vn -0.319331 0.947317 -0.024873
vn -0.217727 0.974931 -0.045870
vn -0.076678 0.944585 -0.319185
vn 0.392042 0.884373 -0.253353
vn 0.529410 0.842957 -0.095651
vn 0.445359 0.890316 0.094835
vn 0.399194 0.839592 0.368415
vn 0.097448 0.672270 0.733865
vn -0.533597 0.682587 0.499349
vn -0.643338 0.757176 0.113141
vn -0.535093 0.738394 -0.410426
vn -0.228186 0.593550 -0.771771
vn 0.449393 0.590107 -0.670686
vn 0.802281 0.507261 -0.314692
vn 0.805417 0.536105 0.252774
vn 0.612386 0.467615 0.637432
vn -0.266879 -0.685798 0.677094
vn -0.751651 -0.402575 0.522450
vn -0.892782 -0.423576 0.153374
vn -0.702523 -0.597000 -0.387367
vn -0.363479 -0.520165 -0.772860
vn 0.184752 -0.749118 -0.636152
vn 0.507137 -0.795883 -0.330731
vn 0.629790 -0.727451 0.272357
vn 0.360849 -0.758939 0.542033
vn -0.107893 -0.950545 0.291246
vn -0.414062 -0.895727 0.161945
vn -0.446502 -0.893909 -0.039537
vn -0.397373 -0.904970 -0.152063
vn -0.291104 -0.919181 -0.265264
vn 0.070679 -0.961904 -0.264092
vn -0.034664 -0.997748 -0.057426
vn 0.154207 -0.984456 0.084063
vn 0.021760 -0.985506 0.168237
vn -0.167807 -0.985787 -0.008047
vn -0.167807 -0.985787 -0.008047
vn -0.167807 -0.985787 -0.008047
vn -0.167807 -0.985787 -0.008047
vn -0.167807 -0.985787 -0.008047
vn -0.167807 -0.985787 -0.008047
vn -0.167807 -0.985787 -0.008047
vn -0.167807 -0.985787 -0.008047
vn -0.167807 -0.985787 -0.008047
f 1/1/1 2/2/2 11/11/11
f 1/1/1 11/11/11 10/10/10
f 2/2/2 3/3/3 12/12/12
f 2/2/2 12/12/12 11/11/11
f 3/3/3 4/4/4 13/13/13
f 3/3/3 13/13/13 12/12/12
f 4/4/4 5/5/5 14/14/14
f 4/4/4 14/14/14 13/13/13
f 5/5/5 6/6/6 15/15/15
f 5/5/5 15/15/15 14/14/14
f 6/6/6 7/7/7 16/16/16
f 6/6/6 16/16/16 15/15/15
f 7/7/7 8/8/8 17/17/17
f 7/7/7 17/17/17 16/16/16
f 8/8/8 9/9/9 18/18/18
f 8/8/8 18/18/18 17/17/17
f 9/9/9 1/1/1 10/10/10
f 9/9/9 10/10/10 18/18/18
f 10/10/10 11/11/11 20/20/20
f 10/10/10 20/20/20 19/19/19
f 11/11/11 12/12/12 21/21/21
f 11/11/11 21/21/21 20/20/20
f 12/12/12 13/13/13 22/22/22
f 12/12/12 22/22/22 21/21/21
f 13/13/13 14/14/14 23/23/23
f 13/13/13 23/23/23 22/22/22
f 14/14/14 15/15/15 24/24/24
f 14/14/14 24/24/24 23/23/23
f 15/15/15 16/16/16 25/25/25
f 15/15/15 25/25/25 24/24/24
f 16/16/16 17/17/17 26/26/26
f 16/16/16 26/26/26 25/25/25
f 17/17/17 18/18/18 27/27/27
f 17/17/17 27/27/27 26/26/26
f 18/18/18 10/10/10 19/19/19
f 18/18/18 19/19/19 27/27/27
f 19/19/19 20/20/20 29/29/29
f 19/19/19 29/29/29 28/28/28
f 20/20/20 21/21/21 30/30/30
f 20/20/20 30/30/30 29/29/29
f 21/21/21 22/22/22 31/31/31
f 21/21/21 31/31/31 30/30/30
f 22/22/22 23/23/23 32/32/32
f 22/22/22 32/32/32 31/31/31
f 23/23/23 24/24/24 33/33/33
f 23/23/23 33/33/33 32/32/32
f 24/24/24 25/25/25 34/34/34
f 24/24/24 34/34/34 33/33/33
f 25/25/25 26/26/26 35/35/35
f 25/25/25 35/35/35 34/34/34
f 26/26/26 27/27/27 36/36/36
f 26/26/26 36/36/36 35/35/35
f 27/27/27 19/19/19 28/28/28
f 27/27/27 28/28/28 36/36/36
f 28/28/28 29/29/29 38/38/38
f 28/28/28 38/38/38 37/37/37
f 29/29/29 30/30/30 39/39/39
f 29/29/29 39/39/39 38/38/38
f 30/30/30 31/31/31 40/40/40
f 30/30/30 40/40/40 39/39/39
f 31/31/31 32/32/32 41/41/41
f 31/31/31 41/41/41 40/40/40
f 32/32/32 33/33/33 42/42/42
f 32/32/32 42/42/42 41/41/41
f 33/33/33 34/34/34 43/43/43
f 33/33/33 43/43/43 42/42/42
f 34/34/34 35/35/35 44/44/44
f 34/34/34 44/44/44 43/43/43
f 35/35/35 36/36/36 45/45/45
f 35/35/35 45/45/45 44/44/44
f 36/36/36 28/28/28 37/37/37
f 36/36/36 37/37/37 45/45/45
f 37/37/37 38/38/38 47/47/47
f 37/37/37 47/47/47 46/46/46
f 38/38/38 39/39/39 48/48/48
f 38/38/38 48/48/48 47/47/47
f 39/39/39 40/40/40 49/49/49
f 39/39/39 49/49/49 48/48/48
f 40/40/40 41/41/41 50/50/50
f 40/40/40 50/50/50 49/49/49
f 41/41/41 42/42/42 51/51/51
f 41/41/41 51/51/51 50/50/50
f 42/42/42 43/43/43 52/52/52
f 42/42/42 52/52/52 51/51/51
f 43/43/43 44/44/44 53/53/53
f 43/43/43 53/53/53 52/52/52
f 44/44/44 45/45/45 54/54/54
f 44/44/44 54/54/54 53/53/53
f 45/45/45 37/37/37 46/46/46
f 45/45/45 46/46/46 54/54/54
f 55/55/55 56/56/56 65/65/65
f 55/55/55 65/65/65 64/64/64
f 56/56/56 57/57/57 66/66/66
f 56/56/56 66/66/66 65/65/65
f 57/57/57 58/58/58 67/67/67
f 57/57/57 67/67/67 66/66/66
f 58/58/58 59/59/59 68/68/68
f 58/58/58 68/68/68 67/67/67
f 59/59/59 60/60/60 69/69/69
f 59/59/59 69/69/69 68/68/68
f 60/60/60 61/61/61 70/70/70
f 60/60/60 70/70/70 69/69/69
f 61/61/61 62/62/62 71/71/71
f 61/61/61 71/71/71 70/70/70
f 62/62/62 63/63/63 72/72/72
f 62/62/62 72/72/72 71/71/71
f 63/63/63 55/55/55 64/64/64
f 63/63/63 64/64/64 72/72/72
f 64/64/64 65/65/65 74/74/74
f 64/64/64 74/74/74 73/73/73
f 65/65/65 66/66/66 75/75/75
f 65/65/65 75/75/75 74/74/74
f 66/66/66 67/67/67 76/76/76
f 66/66/66 76/76/76 75/75/75
f 67/67/67 68/68/68 77/77/77
f 67/67/67 77/77/77 76/76/76
f 68/68/68 69/69/69 78/78/78
f 68/68/68 78/78/78 77/77/77
f 69/69/69 70/70/70 79/79/79
f 69/69/69 79/79/79 78/78/78
f 70/70/70 71/71/71 80/80/80
f 70/70/70 80/80/80 79/79/79
f 71/71/71 72/72/72 81/81/81
f 71/71/71 81/81/81 80/80/80
f 72/72/72 64/64/64 73/73/73
f 72/72/72 73/73/73 81/81/81
f 73/73/73 74/74/74 83/83/83
f 73/73/73 83/83/83 82/82/82
f 74/74/74 75/75/75 84/84/84
f 74/74/74 84/84/84 83/83/83
f 75/75/75 76/76/76 85/85/85
f 75/75/75 85/85/85 84/84/84
f 76/76/76 77/77/77 86/86/86
f 76/76/76 86/86/86 85/85/85
f 77/77/77 78/78/78 87/87/87
f 77/77/77 87/87/87 86/86/86
f 78/78/78 79/79/79 88/88/88
f 78/78/78 88/88/88 87/87/87
f 79/79/79 80/80/80 89/89/89
f 79/79/79 89/89/89 88/88/88
f 80/80/80 81/81/81 90/90/90
f 80/80/80 90/90/90 89/89/89
f 81/81/81 73/73/73 82/82/82
f 81/81/81 82/82/82 90/90/90
f 82/82/82 83/83/83 92/92/92
f 82/82/82 92/92/92 91/91/91
f 83/83/83 84/84/84 93/93/93
f 83/83/83 93/93/93 92/92/92
f 84/84/84 85/85/85 94/94/94
f 84/84/84 94/94/94 93/93/93
f 85/85/85 86/86/86 95/95/95
f 85/85/85 95/95/95 94/94/94
f 86/86/86 87/87/87 96/96/96
f 86/86/86 96/96/96 95/95/95
f 87/87/87 88/88/88 97/97/97
f 87/87/87 97/97/97 96/96/96
f 88/88/88 89/89/89 98/98/98
f 88/88/88 98/98/98 97/97/97
f 89/89/89 90/90/90 99/99/99
f 89/89/89 99/99/99 98/98/98
f 90/90/90 82/82/82 91/91/91
f 90/90/90 91/91/91 99/99/99
f 91/91/91 92/92/92 101/101/101
f 91/91/91 101/101/101 100/100/100
f 92/92/92 93/93/93 102/102/102
f 92/92/92 102/102/102 101/101/101
f 93/93/93 94/94/94 103/103/103
f 93/93/93 103/103/103 102/102/102
f 94/94/94 95/95/95 104/104/104
f 94/94/94 104/104/104 103/103/103
f 95/95/95 96/96/96 105/105/105
f 95/95/95 105/105/105 104/104/104
f 96/96/96 97/97/97 106/106/106
f 96/96/96 106/106/106 105/105/105
f 97/97/97 98/98/98 107/107/107
f 97/97/97 107/107/107 106/106/106
f 98/98/98 99/99/99 108/108/108
f 98/98/98 108/108/108 107/107/107
f 99/99/99 91/91/91 100/100/100
f 99/99/99 100/100/100 108/108/108
f 109/109/109 110/110/110 119/119/119
f 109/109/109 119/119/119 118/118/118
f 110/110/110 111/111/111 120/120/120
f 110/110/110 120/120/120 119/119/119
f 111/111/111 112/112/112 121/121/121
f 111/111/111 121/121/121 120/120/120
f 112/112/112 113/113/113 122/122/122
f 112/112/112 122/122/122 121/121/121
f 113/113/113 114/114/114 123/123/123
f 113/113/113 123/123/123 122/122/122
f 114/114/114 115/115/115 124/124/124
f 114/114/114 124/124/124 123/123/123
f 115/115/115 116/116/116 125/125/125
f 115/115/115 125/125/125 124/124/124
f 116/116/116 117/117/117 126/126/126
f 116/116/116 126/126/126 125/125/125
f 117/117/117 109/109/109 118/118/118
f 117/117/117 118/118/118 126/126/126
f 118/118/118 119/119/119 128/128/128
f 118/118/118 128/128/128 127/127/127
f 119/119/119 120/120/120 129/129/129
f 119/119/119 129/129/129 128/128/128
f 120/120/120 121/121/121 130/130/130
f 120/120/120 130/130/130 129/129/129
f 121/121/121 122/122/122 131/131/131
f 121/121/121 131/131/131 130/130/130
f 122/122/122 123/123/123 132/132/132
f 122/122/122 132/132/132 131/131/131
f 123/123/123 124/124/124 133/133/133
f 123/123/123 133/133/133 132/132/132
f 124/124/124 125/125/125 134/134/134
f 124/124/124 134/134/134 133/133/133
f 125/125/125 126/126/126 135/135/135
f 125/125/125 135/135/135 134/134/134
f 126/126/126 118/118/118 127/127/127
f 126/126/126 127/127/127 135/135/135
f 127/127/127 128/128/128 137/137/137
f 127/127/127 137/137/137 136/136/136
f 128/128/128 129/129/129 138/138/138
f 128/128/128 138/138/138 137/137/137
f 129/129/129 130/130/130 139/139/139
f 129/129/129 139/139/139 138/138/138
f 130/130/130 131/131/131 140/140/140
f 130/130/130 140/140/140 139/139/139
f 131/131/131 132/132/132 141/141/141
f 131/131/131 141/141/141 140/140/140
f 132/132/132 133/133/133 142/142/142
f 132/132/132 142/142/142 141/141/141
f 133/133/133 134/134/134 143/143/143
f 133/133/133 143/143/143 142/142/142
f 134/134/134 135/135/135 144/144/144
f 134/134/134 144/144/144 143/143/143
f 135/135/135 127/127/127 136/136/136
f 135/135/135 136/136/136 144/144/144
f 136/136/136 137/137/137 146/146/146
f 136/136/136 146/146/146 145/145/145
f 137/137/137 138/138/138 147/147/147
f 137/137/137 147/147/147 146/146/146
f 138/138/138 139/139/139 148/148/148
f 138/138/138 148/148/148 147/147/147
f 139/139/139 140/140/140 149/149/149
f 139/139/139 149/149/149 148/148/148
f 140/140/140 141/141/141 150/150/150
f 140/140/140 150/150/150 149/149/149
f 141/141/141 142/142/142 151/151/151
f 141/141/141 151/151/151 150/150/150
f 142/142/142 143/143/143 152/152/152
f 142/142/142 152/152/152 151/151/151
f 143/143/143 144/144/144 153/153/153
f 143/143/143 153/153/153 152/152/152
f 144/144/144 136/136/136 145/145/145
f 144/144/144 145/145/145 153/153/153
f 145/145/145 146/146/146 155/155/155
f 145/145/145 155/155/155 154/154/154
f 146/146/146 147/147/147 156/156/156
f 146/146/146 156/156/156 155/155/155
f 147/147/147 148/148/148 157/157/157
f 147/147/147 157/157/157 156/156/156
f 148/148/148 149/149/149 158/158/158
f 148/148/148 158/158/158 157/157/157
f 149/149/149 150/150/150 159/159/159
f 149/149/149 159/159/159 158/158/158
f 150/150/150 151/151/151 160/160/160
f 150/150/150 160/160/160 159/159/159
f 151/151/151 152/152/152 161/161/161
f 151/151/151 161/161/161 160/160/160
f 152/152/152 153/153/153 162/162/162
f 152/152/152 162/162/162 161/161/161
f 153/153/153 145/145/145 154/154/154
f 153/153/153 154/154/154 162/162/162
f 163/163/163 164/164/164 173/173/173
f 163/163/163 173/173/173 172/172/172
f 164/164/164 165/165/165 174/174/174
f 164/164/164 174/174/174 173/173/173
f 165/165/165 166/166/166 175/175/175
f 165/165/165 175/175/175 174/174/174
f 166/166/166 167/167/167 176/176/176
f 166/166/166 176/176/176 175/175/175
f 167/167/167 168/168/168 177/177/177
f 167/167/167 177/177/177 176/176/176
f 168/168/168 169/169/169 178/178/178
f 168/168/168 178/178/178 177/177/177
f 169/169/169 170/170/170 179/179/179
f 169/169/169 179/179/179 178/178/178
f 170/170/170 171/171/171 180/180/180
f 170/170/170 180/180/180 179/179/179
f 171/171/171 163/163/163 172/172/172
f 171/171/171 172/172/172 180/180/180
f 172/172/172 173/173/173 182/182/182
f 172/172/172 182/182/182 181/181/181
f 173/173/173 174/174/174 183/183/183
f 173/173/173 183/183/183 182/182/182
f 174/174/174 175/175/175 184/184/184
f 174/174/174 184/184/184 183/183/183
f 175/175/175 176/176/176 185/185/185
f 175/175/175 185/185/185 184/184/184
f 176/176/176 177/177/177 186/186/186
f 176/176/176 186/186/186 185/185/185
f 177/177/177 178/178/178 187/187/187
f 177/177/177 187/187/187 186/186/186
f 178/178/178 179/179/179 188/188/188
f 178/178/178 188/188/188 187/187/187
f 179/179/179 180/180/180 189/189/189
f 179/179/179 189/189/189 188/188/188
f 180/180/180 172/172/172 181/181/181
f 180/180/180 181/181/181 189/189/189
f 181/181/181 182/182/182 191/191/191
f 181/181/181 191/191/191 190/190/190
f 182/182/182 183/183/183 192/192/192
f 182/182/182 192/192/192 191/191/191
f 183/183/183 184/184/184 193/193/193
f 183/183/183 193/193/193 192/192/192
f 184/184/184 185/185/185 194/194/194
f 184/184/184 194/194/194 193/193/193
f 185/185/185 186/186/186 195/195/195
f 185/185/185 195/195/195 194/194/194
f 186/186/186 187/187/187 196/196/196
f 186/186/186 196/196/196 195/195/195
f 187/187/187 188/188/188 197/197/197
f 187/187/187 197/197/197 196/196/196
f 188/188/188 189/189/189 198/198/198
f 188/188/188 198/198/198 197/197/197
f 189/189/189 181/181/181 190/190/190
f 189/189/189 190/190/190 198/198/198
f 190/190/190 191/191/191 200/200/200
f 190/190/190 200/200/200 199/199/199
f 191/191/191 192/192/192 201/201/201
f 191/191/191 201/201/201 200/200/200
f 192/192/192 193/193/193 202/202/202
f 192/192/192 202/202/202 201/201/201
f 193/193/193 194/194/194 203/203/203
f 193/193/193 203/203/203 202/202/202
f 194/194/194 195/195/195 204/204/204
f 194/194/194 204/204/204 203/203/203
f 195/195/195 196/196/196 205/205/205
f 195/195/195 205/205/205 204/204/204
f 196/196/196 197/197/197 206/206/206
f 196/196/196 206/206/206 205/205/205
f 197/197/197 198/198/198 207/207/207
f 197/197/197 207/207/207 206/206/206
f 198/198/198 190/190/190 199/199/199
f 198/198/198 199/199/199 207/207/207
f 199/199/199 200/200/200 209/209/209
f 199/199/199 209/209/209 208/208/208
f 200/200/200 201/201/201 210/210/210
f 200/200/200 210/210/210 209/209/209
f 201/201/201 202/202/202 211/211/211
f 201/201/201 211/211/211 210/210/210
f 202/202/202 203/203/203 212/212/212
f 202/202/202 212/212/212 211/211/211
f 203/203/203 204/204/204 213/213/213
f 203/203/203 213/213/213 212/212/212
f 204/204/204 205/205/205 214/214/214
f 204/204/204 214/214/214 213/213/213
f 205/205/205 206/206/206 215/215/215
f 205/205/205 215/215/215 214/214/214
f 206/206/206 207/207/207 216/216/216
f 206/206/206 216/216/216 215/215/215
f 207/207/207 199/199/199 208/208/208
f 207/207/207 208/208/208 216/216/216
f 217/217/217 218/218/218 227/227/227
f 217/217/217 227/227/227 226/226/226
f 218/218/218 219/219/219 228/228/228
f 218/218/218 228/228/228 227/227/227
f 219/219/219 220/220/220 229/229/229
f 219/219/219 229/229/229 228/228/228
f 220/220/220 221/221/221 230/230/230
f 220/220/220 230/230/230 229/229/229
f 221/221/221 222/222/222 231/231/231
f 221/221/221 231/231/231 230/230/230
f 222/222/222 223/223/223 232/232/232
f 222/222/222 232/232/232 231/231/231
f 223/223/223 224/224/224 233/233/233
f 223/223/223 233/233/233 232/232/232
f 224/224/224 225/225/225 234/234/234
f 224/224/224 234/234/234 233/233/233
f 225/225/225 217/217/217 226/226/226
f 225/225/225 226/226/226 234/234/234
f 226/226/226 227/227/227 236/236/236
f 226/226/226 236/236/236 235/235/235
f 227/227/227 228/228/228 237/237/237
f 227/227/227 237/237/237 236/236/236
f 228/228/228 229/229/229 238/238/238
f 228/228/228 238/238/238 237/237/237
f 229/229/229 230/230/230 239/239/239
f 229/229/229 239/239/239 238/238/238
f 230/230/230 231/231/231 240/240/240
f 230/230/230 240/240/240 239/239/239
f 231/231/231 232/232/232 241/241/241
f 231/231/231 241/241/241 240/240/240
f 232/232/232 233/233/233 242/242/242
f 232/232/232 242/242/242 241/241/241
f 233/233/233 234/234/234 243/243/243
f 233/233/233 243/243/243 242/242/242
f 234/234/234 226/226/226 235/235/235
f 234/234/234 235/235/235 243/243/243
f 235/235/235 236/236/236 245/245/245
f 235/235/235 245/245/245 244/244/244
f 236/236/236 237/237/237 246/246/246
f 236/236/236 246/246/246 245/245/245
f 237/237/237 238/238/238 247/247/247
f 237/237/237 247/247/247 246/246/246
f 238/238/238 239/239/239 248/248/248
f 238/238/238 248/248/248 247/247/247
f 239/239/239 240/240/240 249/249/249
f 239/239/239 249/249/249 248/248/248
f 240/240/240 241/241/241 250/250/250
f 240/240/240 250/250/250 249/249/249
f 241/241/241 242/242/242 251/251/251
f 241/241/241 251/251/251 250/250/250
f 242/242/242 243/243/243 252/252/252
f 242/242/242 252/252/252 251/251/251
f 243/243/243 235/235/235 244/244/244
f 243/243/243 244/244/244 252/252/252
f 244/244/244 245/245/245 254/254/254
f 244/244/244 254/254/254 253/253/253
f 245/245/245 246/246/246 255/255/255
f 245/245/245 255/255/255 254/254/254
f 246/246/246 247/247/247 256/256/256
f 246/246/246 256/256/256 255/255/255
f 247/247/247 248/248/248 257/257/257
f 247/247/247 257/257/257 256/256/256
f 248/248/248 249/249/249 258/258/258
f 248/248/248 258/258/258 257/257/257
f 249/249/249 250/250/250 259/259/259
f 249/249/249 259/259/259 258/258/258
f 250/250/250 251/251/251 260/260/260
f 250/250/250 260/260/260 259/259/259
f 251/251/251 252/252/252 261/261/261
f 251/251/251 261/261/261 260/260/260
f 252/252/252 244/244/244 253/253/253
f 252/252/252 253/253/253 261/261/261
f 253/253/253 254/254/254 263/263/263
f 253/253/253 263/263/263 262/262/262
f 254/254/254 255/255/255 264/264/264
f 254/254/254 264/264/264 263/263/263
f 255/255/255 256/256/256 265/265/265
f 255/255/255 265/265/265 264/264/264
f 256/256/256 257/257/257 266/266/266
f 256/256/256 266/266/266 265/265/265
f 257/257/257 258/258/258 267/267/267
f 257/257/257 267/267/267 266/266/266
f 258/258/258 259/259/259 268/268/268
f 258/258/258 268/268/268 267/267/267
f 259/259/259 260/260/260 269/269/269
f 259/259/259 269/269/269 268/268/268
f 260/260/260 261/261/261 270/270/270
f 260/260/260 270/270/270 269/269/269
f 261/261/261 253/253/253 262/262/262
f 261/261/261 262/262/262 270/270/270
f 271/271/271 272/272/272 281/281/281
f 271/271/271 281/281/281 280/280/280
f 272/272/272 273/273/273 282/282/282
f 272/272/272 282/282/282 281/281/281
f 273/273/273 274/274/274 283/283/283
f 273/273/273 283/283/283 282/282/282
f 274/274/274 275/275/275 284/284/284
f 274/274/274 284/284/284 283/283/283
f 275/275/275 276/276/276 285/285/285
f 275/275/275 285/285/285 284/284/284
f 276/276/276 277/277/277 286/286/286
f 276/276/276 286/286/286 285/285/285
f 277/277/277 278/278/278 287/287/287
f 277/277/277 287/287/287 286/286/286
f 278/278/278 279/279/279 288/288/288
f 278/278/278 288/288/288 287/287/287
f 279/279/279 271/271/271 280/280/280
f 279/279/279 280/280/280 288/288/288
f 280/280/280 281/281/281 290/290/290
f 280/280/280 290/290/290 289/289/289
f 281/281/281 282/282/282 291/291/291
f 281/281/281 291/291/291 290/290/290
f 282/282/282 283/283/283 292/292/292
f 282/282/282 292/292/292 291/291/291
f 283/283/283 284/284/284 293/293/293
f 283/283/283 293/293/293 292/292/292
f 284/284/284 285/285/285 294/294/294
f 284/284/284 294/294/294 293/293/293
f 285/285/285 286/286/286 295/295/295
f 285/285/285 295/295/295 294/294/294
f 286/286/286 287/287/287 296/296/296
f 286/286/286 296/296/296 295/295/295
f 287/287/287 288/288/288 297/297/297
f 287/287/287 297/297/297 296/296/296
f 288/288/288 280/280/280 289/289/289
f 288/288/288 289/289/289 297/297/297
f 289/289/289 290/290/290 299/299/299
f 289/289/289 299/299/299 298/298/298
f 290/290/290 291/291/291 300/300/300
f 290/290/290 300/300/300 299/299/299
f 291/291/291 292/292/292 301/301/301
f 291/291/291 301/301/301 300/300/300
f 292/292/292 293/293/293 302/302/302
f 292/292/292 302/302/302 301/301/301
f 293/293/293 294/294/294 303/303/303
f 293/293/293 303/303/303 302/302/302
f 294/294/294 295/295/295 304/304/304
f 294/294/294 304/304/304 303/303/303
f 295/295/295 296/296/296 305/305/305
f 295/295/295 305/305/305 304/304/304
f 296/296/296 297/297/297 306/306/306
f 296/296/296 306/306/306 305/305/305
f 297/297/297 289/289/289 298/298/298
f 297/297/297 298/298/298 306/306/306
f 298/298/298 299/299/299 308/308/308
f 298/298/298 308/308/308 307/307/307
f 299/299/299 300/300/300 309/309/309
f 299/299/299 309/309/309 308/308/308
f 300/300/300 301/301/301 310/310/310
f 300/300/300 310/310/310 309/309/309
f 301/301/301 302/302/302 311/311/311
f 301/301/301 311/311/311 310/310/310
f 302/302/302 303/303/303 312/312/312
f 302/302/302 312/312/312 311/311/311
f 303/303/303 304/304/304 313/313/313
f 303/303/303 313/313/313 312/312/312
f 304/304/304 305/305/305 314/314/314
f 304/304/304 314/314/314 313/313/313
f 305/305/305 306/306/306 315/315/315
f 305/305/305 315/315/315 314/314/314
f 306/306/306 298/298/298 307/307/307
f 306/306/306 307/307/307 315/315/315
f 307/307/307 308/308/308 317/317/317
f 307/307/307 317/317/317 316/316/316
f 308/308/308 309/309/309 318/318/318
f 308/308/308 318/318/318 317/317/317
f 309/309/309 310/310/310 319/319/319
f 309/309/309 319/319/319 318/318/318
f 310/310/310 311/311/311 320/320/320
f 310/310/310 320/320/320 319/319/319
f 311/311/311 312/312/312 321/321/321
f 311/311/311 321/321/321 320/320/320
f 312/312/312 313/313/313 322/322/322
f 312/312/312 322/322/322 321/321/321
f 313/313/313 314/314/314 323/323/323
f 313/313/313 323/323/323 322/322/322
f 314/314/314 315/315/315 324/324/324
f 314/314/314 324/324/324 323/323/323
f 315/315/315 307/307/307 316/316/316
f 315/315/315 316/316/316 324/324/324
f 325/325/325 326/326/326 335/335/335
f 325/325/325 335/335/335 334/334/334
f 326/326/326 327/327/327 336/336/336
f 326/326/326 336/336/336 335/335/335
f 327/327/327 328/328/328 337/337/337
f 327/327/327 337/337/337 336/336/336
f 328/328/328 329/329/329 338/338/338
f 328/328/328 338/338/338 337/337/337
f 329/329/329 330/330/330 339/339/339
f 329/329/329 339/339/339 338/338/338
f 330/330/330 331/331/331 340/340/340
f 330/330/330 340/340/340 339/339/339
f 331/331/331 332/332/332 341/341/341
f 331/331/331 341/341/341 340/340/340
f 332/332/332 333/333/333 342/342/342
f 332/332/332 342/342/342 341/341/341
f 333/333/333 325/325/325 334/334/334
f 333/333/333 334/334/334 342/342/342
f 334/334/334 335/335/335 344/344/344
f 334/334/334 344/344/344 343/343/343
f 335/335/335 336/336/336 345/345/345
f 335/335/335 345/345/345 344/344/344
f 336/336/336 337/337/337 346/346/346
f 336/336/336 346/346/346 345/345/345
f 337/337/337 338/338/338 347/347/347
f 337/337/337 347/347/347 346/346/346
f 338/338/338 339/339/339 348/348/348
f 338/338/338 348/348/348 347/347/347
f 339/339/339 340/340/340 349/349/349
f 339/339/339 349/349/349 348/348/348
f 340/340/340 341/341/341 350/350/350
f 340/340/340 350/350/350 349/349/349
f 341/341/341 342/342/342 351/351/351
f 341/341/341 351/351/351 350/350/350
f 342/342/342 334/334/334 343/343/343
f 342/342/342 343/343/343 351/351/351
f 343/343/343 344/344/344 353/353/353
f 343/343/343 353/353/353 352/352/352
f 344/344/344 345/345/345 354/354/354
f 344/344/344 354/354/354 353/353/353
f 345/345/345 346/346/346 355/355/355
f 345/345/345 355/355/355 354/354/354
f 346/346/346 347/347/347 356/356/356
f 346/346/346 356/356/356 355/355/355
f 347/347/347 348/348/348 357/357/357
f 347/347/347 357/357/357 356/356/356
f 348/348/348 349/349/349 358/358/358
f 348/348/348 358/358/358 357/357/357
f 349/349/349 350/350/350 359/359/359
f 349/349/349 359/359/359 358/358/358
f 350/350/350 351/351/351 360/360/360
f 350/350/350 360/360/360 359/359/359
f 351/351/351 343/343/343 352/352/352
f 351/351/351 352/352/352 360/360/360
f 352/352/352 353/353/353 362/362/362
f 352/352/352 362/362/362 361/361/361
f 353/353/353 354/354/354 363/363/363
f 353/353/353 363/363/363 362/362/362
f 354/354/354 355/355/355 364/364/364
f 354/354/354 364/364/364 363/363/363
f 355/355/355 356/356/356 365/365/365
f 355/355/355 365/365/365 364/364/364
f 356/356/356 357/357/357 366/366/366
f 356/356/356 366/366/366 365/365/365
f 357/357/357 358/358/358 367/367/367
f 357/357/357 367/367/367 366/366/366
f 358/358/358 359/359/359 368/368/368
f 358/358/358 368/368/368 367/367/367
f 359/359/359 360/360/360 369/369/369
f 359/359/359 369/369/369 368/368/368
f 360/360/360 352/352/352 361/361/361
f 360/360/360 361/361/361 369/369/369
f 361/361/361 362/362/362 371/371/371
f 361/361/361 371/371/371 370/370/370
f 362/362/362 363/363/363 372/372/372
f 362/362/362 372/372/372 371/371/371
f 363/363/363 364/364/364 373/373/373
f 363/363/363 373/373/373 372/372/372
f 364/364/364 365/365/365 374/374/374
f 364/364/364 374/374/374 373/373/373
f 365/365/365 366/366/366 375/375/375
f 365/365/365 375/375/375 374/374/374
f 366/366/366 367/367/367 376/376/376
f 366/366/366 376/376/376 375/375/375
f 367/367/367 368/368/368 377/377/377
f 367/367/367 377/377/377 376/376/376
f 368/368/368 369/369/369 378/378/378
f 368/368/368 378/378/378 377/377/377
f 369/369/369 361/361/361 370/370/370
f 369/369/369 370/370/370 378/378/378
f 379/379/379 380/380/380 389/389/389
f 379/379/379 389/389/389 388/388/388
f 380/380/380 381/381/381 390/390/390
f 380/380/380 390/390/390 389/389/389
f 381/381/381 382/382/382 391/391/391
f 381/381/381 391/391/391 390/390/390
f 382/382/382 383/383/383 392/392/392
f 382/382/382 392/392/392 391/391/391
f 383/383/383 384/384/384 393/393/393
f 383/383/383 393/393/393 392/392/392
f 384/384/384 385/385/385 394/394/394
f 384/384/384 394/394/394 393/393/393
f 385/385/385 386/386/386 395/395/395
f 385/385/385 395/395/395 394/394/394
f 386/386/386 387/387/387 396/396/396
f 386/386/386 396/396/396 395/395/395
f 387/387/387 379/379/379 388/388/388
f 387/387/387 388/388/388 396/396/396
f 388/388/388 389/389/389 398/398/398
f 388/388/388 398/398/398 397/397/397
f 389/389/389 390/390/390 399/399/399
f 389/389/389 399/399/399 398/398/398
f 390/390/390 391/391/391 400/400/400
f 390/390/390 400/400/400 399/399/399
f 391/391/391 392/392/392 401/401/401
f 391/391/391 401/401/401 400/400/400
f 392/392/392 393/393/393 402/402/402
f 392/392/392 402/402/402 401/401/401
f 393/393/393 394/394/394 403/403/403
f 393/393/393 403/403/403 402/402/402
f 394/394/394 395/395/395 404/404/404
f 394/394/394 404/404/404 403/403/403
f 395/395/395 396/396/396 405/405/405
f 395/395/395 405/405/405 404/404/404
f 396/396/396 388/388/388 397/397/397
f 396/396/396 397/397/397 405/405/405
f 397/397/397 398/398/398 407/407/407
f 397/397/397 407/407/407 406/406/406
f 398/398/398 399/399/399 408/408/408
f 398/398/398 408/408/408 407/407/407
f 399/399/399 400/400/400 409/409/409
f 399/399/399 409/409/409 408/408/408
f 400/400/400 401/401/401 410/410/410
f 400/400/400 410/410/410 409/409/409
f 401/401/401 402/402/402 411/411/411
f 401/401/401 411/411/411 410/410/410
f 402/402/402 403/403/403 412/412/412
f 402/402/402 412/412/412 411/411/411
f 403/403/403 404/404/404 413/413/413
f 403/403/403 413/413/413 412/412/412
f 404/404/404 405/405/405 414/414/414
f 404/404/404 414/414/414 413/413/413
f 405/405/405 397/397/397 406/406/406
f 405/405/405 406/406/406 414/414/414
f 406/406/406 407/407/407 416/416/416
f 406/406/406 416/416/416 415/415/415
f 407/407/407 408/408/408 417/417/417
f 407/407/407 417/417/417 416/416/416
f 408/408/408 409/409/409 418/418/418
f 408/408/408 418/418/418 417/417/417
f 409/409/409 410/410/410 419/419/419
f 409/409/409 419/419/419 418/418/418
f 410/410/410 411/411/411 420/420/420
f 410/410/410 420/420/420 419/419/419
f 411/411/411 412/412/412 421/421/421
f 411/411/411 421/421/421 420/420/420
f 412/412/412 413/413/413 422/422/422
f 412/412/412 422/422/422 421/421/421
f 413/413/413 414/414/414 423/423/423
f 413/413/413 423/423/423 422/422/422
f 414/414/414 406/406/406 415/415/415
f 414/414/414 415/415/415 423/423/423
f 415/415/415 416/416/416 425/425/425
f 415/415/415 425/425/425 424/424/424
f 416/416/416 417/417/417 426/426/426
f 416/416/416 426/426/426 425/425/425
f 417/417/417 418/418/418 427/427/427
f 417/417/417 427/427/427 426/426/426
f 418/418/418 419/419/419 428/428/428
f 418/418/418 428/428/428 427/427/427
f 419/419/419 420/420/420 429/429/429
f 419/419/419 429/429/429 428/428/428
f 420/420/420 421/421/421 430/430/430
f 420/420/420 430/430/430 429/429/429
f 421/421/421 422/422/422 431/431/431
f 421/421/421 431/431/431 430/430/430
f 422/422/422 423/423/423 432/432/432
f 422/422/422 432/432/432 431/431/431
f 423/423/423 415/415/415 424/424/424
f 423/423/423 424/424/424 432/432/432
f 433/433/433 434/434/434 443/443/443
f 433/433/433 443/443/443 442/442/442
f 434/434/434 435/435/435 444/444/444
f 434/434/434 444/444/444 443/443/443
f 435/435/435 436/436/436 445/445/445
f 435/435/435 445/445/445 444/444/444
f 436/436/436 437/437/437 446/446/446
f 436/436/436 446/446/446 445/445/445
f 437/437/437 438/438/438 447/447/447
f 437/437/437 447/447/447 446/446/446
f 438/438/438 439/439/439 448/448/448
f 438/438/438 448/448/448 447/447/447
f 439/439/439 440/440/440 449/449/449
f 439/439/439 449/449/449 448/448/448
f 440/440/440 441/441/441 450/450/450
f 440/440/440 450/450/450 449/449/449
f 441/441/441 433/433/433 442/442/442
f 441/441/441 442/442/442 450/450/450
f 442/442/442 443/443/443 452/452/452
f 442/442/442 452/452/452 451/451/451
f 443/443/443 444/444/444 453/453/453
f 443/443/443 453/453/453 452/452/452
f 444/444/444 445/445/445 454/454/454
f 444/444/444 454/454/454 453/453/453
f 445/445/445 446/446/446 455/455/455
f 445/445/445 455/455/455 454/454/454
f 446/446/446 447/447/447 456/456/456
f 446/446/446 456/456/456 455/455/455
f 447/447/447 448/448/448 457/457/457
f 447/447/447 457/457/457 456/456/456
f 448/448/448 449/449/449 458/458/458
f 448/448/448 458/458/458 457/457/457
f 449/449/449 450/450/450 459/459/459
f 449/449/449 459/459/459 458/458/458
f 450/450/450 442/442/442 451/451/451
f 450/450/450 451/451/451 459/459/459
f 451/451/451 452/452/452 461/461/461
f 451/451/451 461/461/461 460/460/460
f 452/452/452 453/453/453 462/462/462
f 452/452/452 462/462/462 461/461/461
f 453/453/453 454/454/454 463/463/463
f 453/453/453 463/463/463 462/462/462
f 454/454/454 455/455/455 464/464/464
f 454/454/454 464/464/464 463/463/463
f 455/455/455 456/456/456 465/465/465
f 455/455/455 465/465/465 464/464/464
f 456/456/456 457/457/457 466/466/466
f 456/456/456 466/466/466 465/465/465
f 457/457/457 458/458/458 467/467/467
f 457/457/457 467/467/467 466/466/466
f 458/458/458 459/459/459 468/468/468
f 458/458/458 468/468/468 467/467/467
f 459/459/459 451/451/451 460/460/460
f 459/459/459 460/460/460 468/468/468
f 460/460/460 461/461/461 470/470/470
f 460/460/460 470/470/470 469/469/469
f 461/461/461 462/462/462 471/471/471
f 461/461/461 471/471/471 470/470/470
f 462/462/462 463/463/463 472/472/472
f 462/462/462 472/472/472 471/471/471
f 463/463/463 464/464/464 473/473/473
f 463/463/463 473/473/473 472/472/472
f 464/464/464 465/465/465 474/474/474
f 464/464/464 474/474/474 473/473/473
f 465/465/465 466/466/466 475/475/475
f 465/465/465 475/475/475 474/474/474
f 466/466/466 467/467/467 476/476/476
f 466/466/466 476/476/476 475/475/475
f 467/467/467 468/468/468 477/477/477
f 467/467/467 477/477/477 476/476/476
f 468/468/468 460/460/460 469/469/469
f 468/468/468 469/469/469 477/477/477
f 469/469/469 470/470/470 479/479/479
f 469/469/469 479/479/479 478/478/478
f 470/470/470 471/471/471 480/480/480
f 470/470/470 480/480/480 479/479/479
f 471/471/471 472/472/472 481/481/481
f 471/471/471 481/481/481 480/480/480
f 472/472/472 473/473/473 482/482/482
f 472/472/472 482/482/482 481/481/481
f 473/473/473 474/474/474 483/483/483
f 473/473/473 483/483/483 482/482/482
f 474/474/474 475/475/475 484/484/484
f 474/474/474 484/484/484 483/483/483
f 475/475/475 476/476/476 485/485/485
f 475/475/475 485/485/485 484/484/484
f 476/476/476 477/477/477 486/486/486
f 476/476/476 486/486/486 485/485/485
f 477/477/477 469/469/469 478/478/478
f 477/477/477 478/478/478 486/486/486
f 487/487/487 488/488/488 497/497/497
f 487/487/487 497/497/497 496/496/496
f 488/488/488 489/489/489 498/498/498
f 488/488/488 498/498/498 497/497/497
f 489/489/489 490/490/490 499/499/499
f 489/489/489 499/499/499 498/498/498
f 490/490/490 491/491/491 500/500/500
f 490/490/490 500/500/500 499/499/499
f 491/491/491 492/492/492 501/501/501
f 491/491/491 501/501/501 500/500/500
f 492/492/492 493/493/493 502/502/502
f 492/492/492 502/502/502 501/501/501
f 493/493/493 494/494/494 503/503/503
f 493/493/493 503/503/503 502/502/502
f 494/494/494 495/495/495 504/504/504
f 494/494/494 504/504/504 503/503/503
f 495/495/495 487/487/487 496/496/496
f 495/495/495 496/496/496 504/504/504
f 496/496/496 497/497/497 506/506/506
f 496/496/496 506/506/506 505/505/505
f 497/497/497 498/498/498 507/507/507
f 497/497/497 507/507/507 506/506/506
f 498/498/498 499/499/499 508/508/508
f 498/498/498 508/508/508 507/507/507
f 499/499/499 500/500/500 509/509/509
f 499/499/499 509/509/509 508/508/508
f 500/500/500 501/501/501 510/510/510
f 500/500/500 510/510/510 509/509/509
f 501/501/501 502/502/502 511/511/511
f 501/501/501 511/511/511 510/510/510
f 502/502/502 503/503/503 512/512/512
f 502/502/502 512/512/512 511/511/511
f 503/503/503 504/504/504 513/513/513
f 503/503/503 513/513/513 512/512/512
f 504/504/504 496/496/496 505/505/505
f 504/504/504 505/505/505 513/513/513
f 505/505/505 506/506/506 515/515/515
f 505/505/505 515/515/515 514/514/514
f 506/506/506 507/507/507 516/516/516
f 506/506/506 516/516/516 515/515/515
f 507/507/507 508/508/508 517/517/517
f 507/507/507 517/517/517 516/516/516
f 508/508/508 509/509/509 518/518/518
f 508/508/508 518/518/518 517/517/517
f 509/509/509 510/510/510 519/519/519
f 509/509/509 519/519/519 518/518/518
f 510/510/510 511/511/511 520/520/520
f 510/510/510 520/520/520 519/519/519
f 511/511/511 512/512/512 521/521/521
f 511/511/511 521/521/521 520/520/520
f 512/512/512 513/513/513 522/522/522
f 512/512/512 522/522/522 521/521/521
f 513/513/513 505/505/505 514/514/514
f 513/513/513 514/514/514 522/522/522
f 514/514/514 515/515/515 524/524/524
f 514/514/514 524/524/524 523/523/523
f 515/515/515 516/516/516 525/525/525
f 515/515/515 525/525/525 524/524/524
f 516/516/516 517/517/517 526/526/526
f 516/516/516 526/526/526 525/525/525
f 517/517/517 518/518/518 527/527/527
f 517/517/517 527/527/527 526/526/526
f 518/518/518 519/519/519 528/528/528
f 518/518/518 528/528/528 527/527/527
f 519/519/519 520/520/520 529/529/529
f 519/519/519 529/529/529 528/528/528
f 520/520/520 521/521/521 530/530/530
f 520/520/520 530/530/530 529/529/529
f 521/521/521 522/522/522 531/531/531
f 521/521/521 531/531/531 530/530/530
f 522/522/522 514/514/514 523/523/523
f 522/522/522 523/523/523 531/531/531
f 523/523/523 524/524/524 533/533/533
f 523/523/523 533/533/533 532/532/532
f 524/524/524 525/525/525 534/534/534
f 524/524/524 534/534/534 533/533/533
f 525/525/525 526/526/526 535/535/535
f 525/525/525 535/535/535 534/534/534
f 526/526/526 527/527/527 536/536/536
f 526/526/526 536/536/536 535/535/535
f 527/527/527 528/528/528 537/537/537
f 527/527/527 537/537/537 536/536/536
f 528/528/528 529/529/529 538/538/538
f 528/528/528 538/538/538 537/537/537
f 529/529/529 530/530/530 539/539/539
f 529/529/529 539/539/539 538/538/538
f 530/530/530 531/531/531 540/540/540
f 530/530/530 540/540/540 539/539/539
f 531/531/531 523/523/523 532/532/532
f 531/531/531 532/532/532 540/540/540
f 541/541/541 542/542/542 551/551/551
f 541/541/541 551/551/551 550/550/550
f 542/542/542 543/543/543 552/552/552
f 542/542/542 552/552/552 551/551/551
f 543/543/543 544/544/544 553/553/553
f 543/543/543 553/553/553 552/552/552
f 544/544/544 545/545/545 554/554/554
f 544/544/544 554/554/554 553/553/553
f 545/545/545 546/546/546 555/555/555
f 545/545/545 555/555/555 554/554/554
f 546/546/546 547/547/547 556/556/556
f 546/546/546 556/556/556 555/555/555
f 547/547/547 548/548/548 557/557/557
f 547/547/547 557/557/557 556/556/556
f 548/548/548 549/549/549 558/558/558
f 548/548/548 558/558/558 557/557/557
f 549/549/549 541/541/541 550/550/550
f 549/549/549 550/550/550 558/558/558
f 550/550/550 551/551/551 560/560/560
f 550/550/550 560/560/560 559/559/559
f 551/551/551 552/552/552 561/561/561
f 551/551/551 561/561/561 560/560/560
f 552/552/552 553/553/553 562/562/562
f 552/552/552 562/562/562 561/561/561
f 553/553/553 554/554/554 563/563/563
f 553/553/553 563/563/563 562/562/562
f 554/554/554 555/555/555 564/564/564
f 554/554/554 564/564/564 563/563/563
f 555/555/555 556/556/556 565/565/565
f 555/555/555 565/565/565 564/564/564
f 556/556/556 557/557/557 566/566/566
f 556/556/556 566/566/566 565/565/565
f 557/557/557 558/558/558 567/567/567
f 557/557/557 567/567/567 566/566/566
f 558/558/558 550/550/550 559/559/559
f 558/558/558 559/559/559 567/567/567
f 559/559/559 560/560/560 569/569/569
f 559/559/559 569/569/569 568/568/568
f 560/560/560 561/561/561 570/570/570
f 560/560/560 570/570/570 569/569/569
f 561/561/561 562/562/562 571/571/571
f 561/561/561 571/571/571 570/570/570
f 562/562/562 563/563/563 572/572/572
f 562/562/562 572/572/572 571/571/571
f 563/563/563 564/564/564 573/573/573
f 563/563/563 573/573/573 572/572/572
f 564/564/564 565/565/565 574/574/574
f 564/564/564 574/574/574 573/573/573
f 565/565/565 566/566/566 575/575/575
f 565/565/565 575/575/575 574/574/574
f 566/566/566 567/567/567 576/576/576
f 566/566/566 576/576/576 575/575/575
f 567/567/567 559/559/559 568/568/568
f 567/567/567 568/568/568 576/576/576
f 568/568/568 569/569/569 578/578/578
f 568/568/568 578/578/578 577/577/577
f 569/569/569 570/570/570 579/579/579
f 569/569/569 579/579/579 578/578/578
f 570/570/570 571/571/571 580/580/580
f 570/570/570 580/580/580 579/579/579
f 571/571/571 572/572/572 581/581/581
f 571/571/571 581/581/581 580/580/580
f 572/572/572 573/573/573 582/582/582
f 572/572/572 582/582/582 581/581/581
f 573/573/573 574/574/574 583/583/583
f 573/573/573 583/583/583 582/582/582
f 574/574/574 575/575/575 584/584/584
f 574/574/574 584/584/584 583/583/583
f 575/575/575 576/576/576 585/585/585
f 575/575/575 585/585/585 584/584/584
f 576/576/576 568/568/568 577/577/577
f 576/576/576 577/577/577 585/585/585
f 577/577/577 578/578/578 587/587/587
f 577/577/577 587/587/587 586/586/586
f 578/578/578 579/579/579 588/588/588
f 578/578/578 588/588/588 587/587/587
f 579/579/579 580/580/580 589/589/589
f 579/579/579 589/589/589 588/588/588
f 580/580/580 581/581/581 590/590/590
f 580/580/580 590/590/590 589/589/589
f 581/581/581 582/582/582 591/591/591
f 581/581/581 591/591/591 590/590/590
f 582/582/582 583/583/583 592/592/592
f 582/582/582 592/592/592 591/591/591
f 583/583/583 584/584/584 593/593/593
f 583/583/583 593/593/593 592/592/592
f 584/584/584 585/585/585 594/594/594
f 584/584/584 594/594/594 593/593/593
f 585/585/585 577/577/577 586/586/586
f 585/585/585 586/586/586 594/594/594
f 595/595/595 596/596/596 605/605/605
f 595/595/595 605/605/605 604/604/604
f 596/596/596 597/597/597 606/606/606
f 596/596/596 606/606/606 605/605/605
f 597/597/597 598/598/598 607/607/607
f 597/597/597 607/607/607 606/606/606
f 598/598/598 599/599/599 608/608/608
f 598/598/598 608/608/608 607/607/607
f 599/599/599 600/600/600 609/609/609
f 599/599/599 609/609/609 608/608/608
f 600/600/600 601/601/601 610/610/610
f 600/600/600 610/610/610 609/609/609
f 601/601/601 602/602/602 611/611/611
f 601/601/601 611/611/611 610/610/610
f 602/602/602 603/603/603 612/612/612
f 602/602/602 612/612/612 611/611/611
f 603/603/603 595/595/595 604/604/604
f 603/603/603 604/604/604 612/612/612
f 604/604/604 605/605/605 614/614/614
f 604/604/604 614/614/614 613/613/613
f 605/605/605 606/606/606 615/615/615
f 605/605/605 615/615/615 614/614/614
f 606/606/606 607/607/607 616/616/616
f 606/606/606 616/616/616 615/615/615
f 607/607/607 608/608/608 617/617/617
f 607/607/607 617/617/617 616/616/616
f 608/608/608 609/609/609 618/618/618
f 608/608/608 618/618/618 617/617/617
f 609/609/609 610/610/610 619/619/619
f 609/609/609 619/619/619 618/618/618
f 610/610/610 611/611/611 620/620/620
f 610/610/610 620/620/620 619/619/619
f 611/611/611 612/612/612 621/621/621
f 611/611/611 621/621/621 620/620/620
f 612/612/612 604/604/604 613/613/613
f 612/612/612 613/613/613 621/621/621
f 613/613/613 614/614/614 623/623/623
f 613/613/613 623/623/623 622/622/622
f 614/614/614 615/615/615 624/624/624
f 614/614/614 624/624/624 623/623/623
f 615/615/615 616/616/616 625/625/625
f 615/615/615 625/625/625 624/624/624
f 616/616/616 617/617/617 626/626/626
f 616/616/616 626/626/626 625/625/625
f 617/617/617 618/618/618 627/627/627
f 617/617/617 627/627/627 626/626/626
f 618/618/618 619/619/619 628/628/628
f 618/618/618 628/628/628 627/627/627
f 619/619/619 620/620/620 629/629/629
f 619/619/619 629/629/629 628/628/628
f 620/620/620 621/621/621 630/630/630
f 620/620/620 630/630/630 629/629/629
f 621/621/621 613/613/613 622/622/622
f 621/621/621 622/622/622 630/630/630
f 622/622/622 623/623/623 632/632/632
f 622/622/622 632/632/632 631/631/631
f 623/623/623 624/624/624 633/633/633
f 623/623/623 633/633/633 632/632/632
f 624/624/624 625/625/625 634/634/634
f 624/624/624 634/634/634 633/633/633
f 625/625/625 626/626/626 635/635/635
f 625/625/625 635/635/635 634/634/634
f 626/626/626 627/627/627 636/636/636
f 626/626/626 636/636/636 635/635/635
f 627/627/627 628/628/628 637/637/637
f 627/627/627 637/637/637 636/636/636
f 628/628/628 629/629/629 638/638/638
f 628/628/628 638/638/638 637/637/637
f 629/629/629 630/630/630 639/639/639
f 629/629/629 639/639/639 638/638/638
f 630/630/630 622/622/622 631/631/631
f 630/630/630 631/631/631 639/639/639
f 631/631/631 632/632/632 641/641/641
f 631/631/631 641/641/641 640/640/640
f 632/632/632 633/633/633 642/642/642
f 632/632/632 642/642/642 641/641/641
f 633/633/633 634/634/634 643/643/643
f 633/633/633 643/643/643 642/642/642
f 634/634/634 635/635/635 644/644/644
f 634/634/634 644/644/644 643/643/643
f 635/635/635 636/636/636 645/645/645
f 635/635/635 645/645/645 644/644/644
f 636/636/636 637/637/637 646/646/646
f 636/636/636 646/646/646 645/645/645
f 637/637/637 638/638/638 647/647/647
f 637/637/637 647/647/647 646/646/646
f 638/638/638 639/639/639 648/648/648
f 638/638/638 648/648/648 647/647/647
f 639/639/639 631/631/631 640/640/640
f 639/639/639 640/640/640 648/648/648
f 649/649/649 650/650/650 659/659/659
f 649/649/649 659/659/659 658/658/658
f 650/650/650 651/651/651 660/660/660
f 650/650/650 660/660/660 659/659/659
f 651/651/651 652/652/652 661/661/661
f 651/651/651 661/661/661 660/660/660
f 652/652/652 653/653/653 662/662/662
f 652/652/652 662/662/662 661/661/661
f 653/653/653 654/654/654 663/663/663
f 653/653/653 663/663/663 662/662/662
f 654/654/654 655/655/655 664/664/664
f 654/654/654 664/664/664 663/663/663
f 655/655/655 656/656/656 665/665/665
f 655/655/655 665/665/665 664/664/664
f 656/656/656 657/657/657 666/666/666
f 656/656/656 666/666/666 665/665/665
f 657/657/657 649/649/649 658/658/658
f 657/657/657 658/658/658 666/666/666
f 658/658/658 659/659/659 668/668/668
f 658/658/658 668/668/668 667/667/667
f 659/659/659 660/660/660 669/669/669
f 659/659/659 669/669/669 668/668/668
f 660/660/660 661/661/661 670/670/670
f 660/660/660 670/670/670 669/669/669
f 661/661/661 662/662/662 671/671/671
f 661/661/661 671/671/671 670/670/670
f 662/662/662 663/663/663 672/672/672
f 662/662/662 672/672/672 671/671/671
f 663/663/663 664/664/664 673/673/673
f 663/663/663 673/673/673 672/672/672
f 664/664/664 665/665/665 674/674/674
f 664/664/664 674/674/674 673/673/673
f 665/665/665 666/666/666 675/675/675
f 665/665/665 675/675/675 674/674/674
f 666/666/666 658/658/658 667/667/667
f 666/666/666 667/667/667 675/675/675
f 667/667/667 668/668/668 677/677/677
f 667/667/667 677/677/677 676/676/676
f 668/668/668 669/669/669 678/678/678
f 668/668/668 678/678/678 677/677/677
f 669/669/669 670/670/670 679/679/679
f 669/669/669 679/679/679 678/678/678
f 670/670/670 671/671/671 680/680/680
f 670/670/670 680/680/680 679/679/679
f 671/671/671 672/672/672 681/681/681
f 671/671/671 681/681/681 680/680/680
f 672/672/672 673/673/673 682/682/682
f 672/672/672 682/682/682 681/681/681
f 673/673/673 674/674/674 683/683/683
f 673/673/673 683/683/683 682/682/682
f 674/674/674 675/675/675 684/684/684
f 674/674/674 684/684/684 683/683/683
f 675/675/675 667/667/667 676/676/676
f 675/675/675 676/676/676 684/684/684
f 676/676/676 677/677/677 686/686/686
f 676/676/676 686/686/686 685/685/685
f 677/677/677 678/678/678 687/687/687
f 677/677/677 687/687/687 686/686/686
f 678/678/678 679/679/679 688/688/688
f 678/678/678 688/688/688 687/687/687
f 679/679/679 680/680/680 689/689/689
f 679/679/679 689/689/689 688/688/688
f 680/680/680 681/681/681 690/690/690
f 680/680/680 690/690/690 689/689/689
f 681/681/681 682/682/682 691/691/691
f 681/681/681 691/691/691 690/690/690
f 682/682/682 683/683/683 692/692/692
f 682/682/682 692/692/692 691/691/691
f 683/683/683 684/684/684 693/693/693
f 683/683/683 693/693/693 692/692/692
f 684/684/684 676/676/676 685/685/685
f 684/684/684 685/685/685 693/693/693
f 685/685/685 686/686/686 695/695/695
f 685/685/685 695/695/695 694/694/694
f 686/686/686 687/687/687 696/696/696
f 686/686/686 696/696/696 695/695/695
f 687/687/687 688/688/688 697/697/697
f 687/687/687 697/697/697 696/696/696
f 688/688/688 689/689/689 698/698/698
f 688/688/688 698/698/698 697/697/697
f 689/689/689 690/690/690 699/699/699
f 689/689/689 699/699/699 698/698/698
f 690/690/690 691/691/691 700/700/700
f 690/690/690 700/700/700 699/699/699
f 691/691/691 692/692/692 701/701/701
f 691/691/691 701/701/701 700/700/700
f 692/692/692 693/693/693 702/702/702
f 692/692/692 702/702/702 701/701/701
f 693/693/693 685/685/685 694/694/694
f 693/693/693 694/694/694 702/702/702
f 703/703/703 704/704/704 713/713/713
f 703/703/703 713/713/713 712/712/712
f 704/704/704 705/705/705 714/714/714
f 704/704/704 714/714/714 713/713/713
f 705/705/705 706/706/706 715/715/715
f 705/705/705 715/715/715 714/714/714
f 706/706/706 707/707/707 716/716/716
f 706/706/706 716/716/716 715/715/715
f 707/707/707 708/708/708 717/717/717
f 707/707/707 717/717/717 716/716/716
f 708/708/708 709/709/709 718/718/718
f 708/708/708 718/718/718 717/717/717
f 709/709/709 710/710/710 719/719/719
f 709/709/709 719/719/719 718/718/718
f 710/710/710 711/711/711 720/720/720
f 710/710/710 720/720/720 719/719/719
f 711/711/711 703/703/703 712/712/712
f 711/711/711 712/712/712 720/720/720
f 712/712/712 713/713/713 722/722/722
f 712/712/712 722/722/722 721/721/721
f 713/713/713 714/714/714 723/723/723
f 713/713/713 723/723/723 722/722/722
f 714/714/714 715/715/715 724/724/724
f 714/714/714 724/724/724 723/723/723
f 715/715/715 716/716/716 725/725/725
f 715/715/715 725/725/725 724/724/724
f 716/716/716 717/717/717 726/726/726
f 716/716/716 726/726/726 725/725/725
f 717/717/717 718/718/718 727/727/727
f 717/717/717 727/727/727 726/726/726
f 718/718/718 719/719/719 728/728/728
f 718/718/718 728/728/728 727/727/727
f 719/719/719 720/720/720 729/729/729
f 719/719/719 729/729/729 728/728/728
f 720/720/720 712/712/712 721/721/721
f 720/720/720 721/721/721 729/729/729
f 721/721/721 722/722/722 731/731/731
f 721/721/721 731/731/731 730/730/730
f 722/722/722 723/723/723 732/732/732
f 722/722/722 732/732/732 731/731/731
f 723/723/723 724/724/724 733/733/733
f 723/723/723 733/733/733 732/732/732
f 724/724/724 725/725/725 734/734/734
f 724/724/724 734/734/734 733/733/733
f 725/725/725 726/726/726 735/735/735
f 725/725/725 735/735/735 734/734/734
f 726/726/726 727/727/727 736/736/736
f 726/726/726 736/736/736 735/735/735
f 727/727/727 728/728/728 737/737/737
f 727/727/727 737/737/737 736/736/736
f 728/728/728 729/729/729 738/738/738
f 728/728/728 738/738/738 737/737/737
f 729/729/729 721/721/721 730/730/730
f 729/729/729 730/730/730 738/738/738
f 730/730/730 731/731/731 740/740/740
f 730/730/730 740/740/740 739/739/739
f 731/731/731 732/732/732 741/741/741
f 731/731/731 741/741/741 740/740/740
f 732/732/732 733/733/733 742/742/742
f 732/732/732 742/742/742 741/741/741
f 733/733/733 734/734/734 743/743/743
f 733/733/733 743/743/743 742/742/742
f 734/734/734 735/735/735 744/744/744
f 734/734/734 744/744/744 743/743/743
f 735/735/735 736/736/736 745/745/745
f 735/735/735 745/745/745 744/744/744
f 736/736/736 737/737/737 746/746/746
f 736/736/736 746/746/746 745/745/745
f 737/737/737 738/738/738 747/747/747
f 737/737/737 747/747/747 746/746/746
f 738/738/738 730/730/730 739/739/739
f 738/738/738 739/739/739 747/747/747
f 739/739/739 740/740/740 749/749/749
f 739/739/739 749/749/749 748/748/748
f 740/740/740 741/741/741 750/750/750
f 740/740/740 750/750/750 749/749/749
f 741/741/741 742/742/742 751/751/751
f 741/741/741 751/751/751 750/750/750
f 742/742/742 743/743/743 752/752/752
f 742/742/742 752/752/752 751/751/751
f 743/743/743 744/744/744 753/753/753
f 743/743/743 753/753/753 752/752/752
f 744/744/744 745/745/745 754/754/754
f 744/744/744 754/754/754 753/753/753
f 745/745/745 746/746/746 755/755/755
f 745/745/745 755/755/755 754/754/754
f 746/746/746 747/747/747 756/756/756
f 746/746/746 756/756/756 755/755/755
f 747/747/747 739/739/739 748/748/748
f 747/747/747 748/748/748 756/756/756
f 757/757/757 758/758/758 767/767/767
f 757/757/757 767/767/767 766/766/766
f 758/758/758 759/759/759 768/768/768
f 758/758/758 768/768/768 767/767/767
f 759/759/759 760/760/760 769/769/769
f 759/759/759 769/769/769 768/768/768
f 760/760/760 761/761/761 770/770/770
f 760/760/760 770/770/770 769/769/769
f 761/761/761 762/762/762 771/771/771
f 761/761/761 771/771/771 770/770/770
f 762/762/762 763/763/763 772/772/772
f 762/762/762 772/772/772 771/771/771
f 763/763/763 764/764/764 773/773/773
f 763/763/763 773/773/773 772/772/772
f 764/764/764 765/765/765 774/774/774
f 764/764/764 774/774/774 773/773/773
f 765/765/765 757/757/757 766/766/766
f 765/765/765 766/766/766 774/774/774
f 766/766/766 767/767/767 776/776/776
f 766/766/766 776/776/776 775/775/775
f 767/767/767 768/768/768 777/777/777
f 767/767/767 777/777/777 776/776/776
f 768/768/768 769/769/769 778/778/778
f 768/768/768 778/778/778 777/777/777
f 769/769/769 770/770/770 779/779/779
f 769/769/769 779/779/779 778/778/778
f 770/770/770 771/771/771 780/780/780
f 770/770/770 780/780/780 779/779/779
f 771/771/771 772/772/772 781/781/781
f 771/771/771 781/781/781 780/780/780
f 772/772/772 773/773/773 782/782/782
f 772/772/772 782/782/782 781/781/781
f 773/773/773 774/774/774 783/783/783
f 773/773/773 783/783/783 782/782/782
f 774/774/774 766/766/766 775/775/775
f 774/774/774 775/775/775 783/783/783
f 775/775/775 776/776/776 785/785/785
f 775/775/775 785/785/785 784/784/784
f 776/776/776 777/777/777 786/786/786
f 776/776/776 786/786/786 785/785/785
f 777/777/777 778/778/778 787/787/787
f 777/777/777 787/787/787 786/786/786
f 778/778/778 779/779/779 788/788/788
f 778/778/778 788/788/788 787/787/787
f 779/779/779 780/780/780 789/789/789
f 779/779/779 789/789/789 788/788/788
f 780/780/780 781/781/781 790/790/790
f 780/780/780 790/790/790 789/789/789
f 781/781/781 782/782/782 791/791/791
f 781/781/781 791/791/791 790/790/790
f 782/782/782 783/783/783 792/792/792
f 782/782/782 792/792/792 791/791/791
f 783/783/783 775/775/775 784/784/784
f 783/783/783 784/784/784 792/792/792
f 784/784/784 785/785/785 794/794/794
f 784/784/784 794/794/794 793/793/793
f 785/785/785 786/786/786 795/795/795
f 785/785/785 795/795/795 794/794/794
f 786/786/786 787/787/787 796/796/796
f 786/786/786 796/796/796 795/795/795
f 787/787/787 788/788/788 797/797/797
f 787/787/787 797/797/797 796/796/796
f 788/788/788 789/789/789 798/798/798
f 788/788/788 798/798/798 797/797/797
f 789/789/789 790/790/790 799/799/799
f 789/789/789 799/799/799 798/798/798
f 790/790/790 791/791/791 800/800/800
f 790/790/790 800/800/800 799/799/799
f 791/791/791 792/792/792 801/801/801
f 791/791/791 801/801/801 800/800/800
f 792/792/792 784/784/784 793/793/793
f 792/792/792 793/793/793 801/801/801
f 793/793/793 794/794/794 803/803/803
f 793/793/793 803/803/803 802/802/802
f 794/794/794 795/795/795 804/804/804
f 794/794/794 804/804/804 803/803/803
f 795/795/795 796/796/796 805/805/805
f 795/795/795 805/805/805 804/804/804
f 796/796/796 797/797/797 806/806/806
f 796/796/796 806/806/806 805/805/805
f 797/797/797 798/798/798 807/807/807
f 797/797/797 807/807/807 806/806/806
f 798/798/798 799/799/799 808/808/808
f 798/798/798 808/808/808 807/807/807
f 799/799/799 800/800/800 809/809/809
f 799/799/799 809/809/809 808/808/808
f 800/800/800 801/801/801 810/810/810
f 800/800/800 810/810/810 809/809/809
f 801/801/801 793/793/793 802/802/802
f 801/801/801 802/802/802 810/810/810
f 811/811/811 812/812/812 821/821/821
f 811/811/811 821/821/821 820/820/820
f 812/812/812 813/813/813 822/822/822
f 812/812/812 822/822/822 821/821/821
f 813/813/813 814/814/814 823/823/823
f 813/813/813 823/823/823 822/822/822
f 814/814/814 815/815/815 824/824/824
f 814/814/814 824/824/824 823/823/823
f 815/815/815 816/816/816 825/825/825
f 815/815/815 825/825/825 824/824/824
f 816/816/816 817/817/817 826/826/826
f 816/816/816 826/826/826 825/825/825
f 817/817/817 818/818/818 827/827/827
f 817/817/817 827/827/827 826/826/826
f 818/818/818 819/819/819 828/828/828
f 818/818/818 828/828/828 827/827/827
f 819/819/819 811/811/811 820/820/820
f 819/819/819 820/820/820 828/828/828
f 820/820/820 821/821/821 830/830/830
f 820/820/820 830/830/830 829/829/829
f 821/821/821 822/822/822 831/831/831
f 821/821/821 831/831/831 830/830/830
f 822/822/822 823/823/823 832/832/832
f 822/822/822 832/832/832 831/831/831
f 823/823/823 824/824/824 833/833/833
f 823/823/823 833/833/833 832/832/832
f 824/824/824 825/825/825 834/834/834
f 824/824/824 834/834/834 833/833/833
f 825/825/825 826/826/826 835/835/835
f 825/825/825 835/835/835 834/834/834
f 826/826/826 827/827/827 836/836/836
f 826/826/826 836/836/836 835/835/835
f 827/827/827 828/828/828 837/837/837
f 827/827/827 837/837/837 836/836/836
f 828/828/828 820/820/820 829/829/829
f 828/828/828 829/829/829 837/837/837
f 829/829/829 830/830/830 839/839/839
f 829/829/829 839/839/839 838/838/838
f 830/830/830 831/831/831 840/840/840
f 830/830/830 840/840/840 839/839/839
f 831/831/831 832/832/832 841/841/841
f 831/831/831 841/841/841 840/840/840
f 832/832/832 833/833/833 842/842/842
f 832/832/832 842/842/842 841/841/841
f 833/833/833 834/834/834 843/843/843
f 833/833/833 843/843/843 842/842/842
f 834/834/834 835/835/835 844/844/844
f 834/834/834 844/844/844 843/843/843
f 835/835/835 836/836/836 845/845/845
f 835/835/835 845/845/845 844/844/844
f 836/836/836 837/837/837 846/846/846
f 836/836/836 846/846/846 845/845/845
f 837/837/837 829/829/829 838/838/838
f 837/837/837 838/838/838 846/846/846
f 838/838/838 839/839/839 848/848/848
f 838/838/838 848/848/848 847/847/847
f 839/839/839 840/840/840 849/849/849
f 839/839/839 849/849/849 848/848/848
f 840/840/840 841/841/841 850/850/850
f 840/840/840 850/850/850 849/849/849
f 841/841/841 842/842/842 851/851/851
f 841/841/841 851/851/851 850/850/850
f 842/842/842 843/843/843 852/852/852
f 842/842/842 852/852/852 851/851/851
f 843/843/843 844/844/844 853/853/853
f 843/843/843 853/853/853 852/852/852
f 844/844/844 845/845/845 854/854/854
f 844/844/844 854/854/854 853/853/853
f 845/845/845 846/846/846 855/855/855
f 845/845/845 855/855/855 854/854/854
f 846/846/846 838/838/838 847/847/847
f 846/846/846 847/847/847 855/855/855
f 847/847/847 848/848/848 857/857/857
f 847/847/847 857/857/857 856/856/856
f 848/848/848 849/849/849 858/858/858
f 848/848/848 858/858/858 857/857/857
f 849/849/849 850/850/850 859/859/859
f 849/849/849 859/859/859 858/858/858
f 850/850/850 851/851/851 860/860/860
f 850/850/850 860/860/860 859/859/859
f 851/851/851 852/852/852 861/861/861
f 851/851/851 861/861/861 860/860/860
f 852/852/852 853/853/853 862/862/862
f 852/852/852 862/862/862 861/861/861
f 853/853/853 854/854/854 863/863/863
f 853/853/853 863/863/863 862/862/862
f 854/854/854 855/855/855 864/864/864
f 854/854/854 864/864/864 863/863/863
f 855/855/855 847/847/847 856/856/856
f 855/855/855 856/856/856 864/864/864
f 865/865/865 866/866/866 875/875/875
f 865/865/865 875/875/875 874/874/874
f 866/866/866 867/867/867 876/876/876
f 866/866/866 876/876/876 875/875/875
f 867/867/867 868/868/868 877/877/877
f 867/867/867 877/877/877 876/876/876
f 868/868/868 869/869/869 878/878/878
f 868/868/868 878/878/878 877/877/877
f 869/869/869 870/870/870 879/879/879
f 869/869/869 879/879/879 878/878/878
f 870/870/870 871/871/871 880/880/880
f 870/870/870 880/880/880 879/879/879
f 871/871/871 872/872/872 881/881/881
f 871/871/871 881/881/881 880/880/880
f 872/872/872 873/873/873 882/882/882
f 872/872/872 882/882/882 881/881/881
f 873/873/873 865/865/865 874/874/874
f 873/873/873 874/874/874 882/882/882
f 874/874/874 875/875/875 884/884/884
f 874/874/874 884/884/884 883/883/883
f 875/875/875 876/876/876 885/885/885
f 875/875/875 885/885/885 884/884/884
f 876/876/876 877/877/877 886/886/886
f 876/876/876 886/886/886 885/885/885
f 877/877/877 878/878/878 887/887/887
f 877/877/877 887/887/887 886/886/886
f 878/878/878 879/879/879 888/888/888
f 878/878/878 888/888/888 887/887/887
f 879/879/879 880/880/880 889/889/889
f 879/879/879 889/889/889 888/888/888
f 880/880/880 881/881/881 890/890/890
f 880/880/880 890/890/890 889/889/889
f 881/881/881 882/882/882 891/891/891
f 881/881/881 891/891/891 890/890/890
f 882/882/882 874/874/874 883/883/883
f 882/882/882 883/883/883 891/891/891
f 883/883/883 884/884/884 893/893/893
f 883/883/883 893/893/893 892/892/892
f 884/884/884 885/885/885 894/894/894
f 884/884/884 894/894/894 893/893/893
f 885/885/885 886/886/886 895/895/895
f 885/885/885 895/895/895 894/894/894
f 886/886/886 887/887/887 896/896/896
f 886/886/886 896/896/896 895/895/895
f 887/887/887 888/888/888 897/897/897
f 887/887/887 897/897/897 896/896/896
f 888/888/888 889/889/889 898/898/898
f 888/888/888 898/898/898 897/897/897
f 889/889/889 890/890/890 899/899/899
f 889/889/889 899/899/899 898/898/898
f 890/890/890 891/891/891 900/900/900
f 890/890/890 900/900/900 899/899/899
f 891/891/891 883/883/883 892/892/892
f 891/891/891 892/892/892 900/900/900
f 892/892/892 893/893/893 902/902/902
f 892/892/892 902/902/902 901/901/901
f 893/893/893 894/894/894 903/903/903
f 893/893/893 903/903/903 902/902/902
f 894/894/894 895/895/895 904/904/904
f 894/894/894 904/904/904 903/903/903
f 895/895/895 896/896/896 905/905/905
f 895/895/895 905/905/905 904/904/904
f 896/896/896 897/897/897 906/906/906
f 896/896/896 906/906/906 905/905/905
f 897/897/897 898/898/898 907/907/907
f 897/897/897 907/907/907 906/906/906
f 898/898/898 899/899/899 908/908/908
f 898/898/898 908/908/908 907/907/907
f 899/899/899 900/900/900 909/909/909
f 899/899/899 909/909/909 908/908/908
f 900/900/900 892/892/892 901/901/901
f 900/900/900 901/901/901 909/909/909
f 901/901/901 902/902/902 911/911/911
f 901/901/901 911/911/911 910/910/910
f 902/902/902 903/903/903 912/912/912
f 902/902/902 912/912/912 911/911/911
f 903/903/903 904/904/904 913/913/913
f 903/903/903 913/913/913 912/912/912
f 904/904/904 905/905/905 914/914/914
f 904/904/904 914/914/914 913/913/913
f 905/905/905 906/906/906 915/915/915
f 905/905/905 915/915/915 914/914/914
f 906/906/906 907/907/907 916/916/916
f 906/906/906 916/916/916 915/915/915
f 907/907/907 908/908/908 917/917/917
f 907/907/907 917/917/917 916/916/916
f 908/908/908 909/909/909 918/918/918
f 908/908/908 918/918/918 917/917/917
f 909/909/909 901/901/901 910/910/910
f 909/909/909 910/910/910 918/918/918
f 919/919/919 920/920/920 929/929/929
f 919/919/919 929/929/929 928/928/928
f 920/920/920 921/921/921 930/930/930
f 920/920/920 930/930/930 929/929/929
f 921/921/921 922/922/922 931/931/931
f 921/921/921 931/931/931 930/930/930
f 922/922/922 923/923/923 932/932/932
f 922/922/922 932/932/932 931/931/931
f 923/923/923 924/924/924 933/933/933
f 923/923/923 933/933/933 932/932/932
f 924/924/924 925/925/925 934/934/934
f 924/924/924 934/934/934 933/933/933
f 925/925/925 926/926/926 935/935/935
f 925/925/925 935/935/935 934/934/934
f 926/926/926 927/927/927 936/936/936
f 926/926/926 936/936/936 935/935/935
f 927/927/927 919/919/919 928/928/928
f 927/927/927 928/928/928 936/936/936
f 928/928/928 929/929/929 938/938/938
f 928/928/928 938/938/938 937/937/937
f 929/929/929 930/930/930 939/939/939
f 929/929/929 939/939/939 938/938/938
f 930/930/930 931/931/931 940/940/940
f 930/930/930 940/940/940 939/939/939
f 931/931/931 932/932/932 941/941/941
f 931/931/931 941/941/941 940/940/940
f 932/932/932 933/933/933 942/942/942
f 932/932/932 942/942/942 941/941/941
f 933/933/933 934/934/934 943/943/943
f 933/933/933 943/943/943 942/942/942
f 934/934/934 935/935/935 944/944/944
f 934/934/934 944/944/944 943/943/943
f 935/935/935 936/936/936 945/945/945
f 935/935/935 945/945/945 944/944/944
f 936/936/936 928/928/928 937/937/937
f 936/936/936 937/937/937 945/945/945
f 937/937/937 938/938/938 947/947/947
f 937/937/937 947/947/947 946/946/946
f 938/938/938 939/939/939 948/948/948
f 938/938/938 948/948/948 947/947/947
f 939/939/939 940/940/940 949/949/949
f 939/939/939 949/949/949 948/948/948
f 940/940/940 941/941/941 950/950/950
f 940/940/940 950/950/950 949/949/949
f 941/941/941 942/942/942 951/951/951
f 941/941/941 951/951/951 950/950/950
f 942/942/942 943/943/943 952/952/952
f 942/942/942 952/952/952 951/951/951
f 943/943/943 944/944/944 953/953/953
f 943/943/943 953/953/953 952/952/952
f 944/944/944 945/945/945 954/954/954
f 944/944/944 954/954/954 953/953/953
f 945/945/945 937/937/937 946/946/946
f 945/945/945 946/946/946 954/954/954
f 946/946/946 947/947/947 956/956/956
f 946/946/946 956/956/956 955/955/955
f 947/947/947 948/948/948 957/957/957
f 947/947/947 957/957/957 956/956/956
f 948/948/948 949/949/949 958/958/958
f 948/948/948 958/958/958 957/957/957
f 949/949/949 950/950/950 959/959/959
f 949/949/949 959/959/959 958/958/958
f 950/950/950 951/951/951 960/960/960
f 950/950/950 960/960/960 959/959/959
f 951/951/951 952/952/952 961/961/961
f 951/951/951 961/961/961 960/960/960
f 952/952/952 953/953/953 962/962/962
f 952/952/952 962/962/962 961/961/961
f 953/953/953 954/954/954 963/963/963
f 953/953/953 963/963/963 962/962/962
f 954/954/954 946/946/946 955/955/955
f 954/954/954 955/955/955 963/963/963
f 955/955/955 956/956/956 965/965/965
f 955/955/955 965/965/965 964/964/964
f 956/956/956 957/957/957 966/966/966
f 956/956/956 966/966/966 965/965/965
f 957/957/957 958/958/958 967/967/967
f 957/957/957 967/967/967 966/966/966
f 958/958/958 959/959/959 968/968/968
f 958/958/958 968/968/968 967/967/967
f 959/959/959 960/960/960 969/969/969
f 959/959/959 969/969/969 968/968/968
f 960/960/960 961/961/961 970/970/970
f 960/960/960 970/970/970 969/969/969
f 961/961/961 962/962/962 971/971/971
f 961/961/961 971/971/971 970/970/970
f 962/962/962 963/963/963 972/972/972
f 962/962/962 972/972/972 971/971/971
f 963/963/963 955/955/955 964/964/964
f 963/963/963 964/964/964 972/972/972
f 973/973/973 974/974/974 983/983/983
f 973/973/973 983/983/983 982/982/982
f 974/974/974 975/975/975 984/984/984
f 974/974/974 984/984/984 983/983/983
f 975/975/975 976/976/976 985/985/985
f 975/975/975 985/985/985 984/984/984
f 976/976/976 977/977/977 986/986/986
f 976/976/976 986/986/986 985/985/985
f 977/977/977 978/978/978 987/987/987
f 977/977/977 987/987/987 986/986/986
f 978/978/978 979/979/979 988/988/988
f 978/978/978 988/988/988 987/987/987
f 979/979/979 980/980/980 989/989/989
f 979/979/979 989/989/989 988/988/988
f 980/980/980 981/981/981 990/990/990
f 980/980/980 990/990/990 989/989/989
f 981/981/981 973/973/973 982/982/982
f 981/981/981 982/982/982 990/990/990
f 982/982/982 983/983/983 992/992/992
f 982/982/982 992/992/992 991/991/991
f 983/983/983 984/984/984 993/993/993
f 983/983/983 993/993/993 992/992/992
f 984/984/984 985/985/985 994/994/994
f 984/984/984 994/994/994 993/993/993
f 985/985/985 986/986/986 995/995/995
f 985/985/985 995/995/995 994/994/994
f 986/986/986 987/987/987 996/996/996
f 986/986/986 996/996/996 995/995/995
f 987/987/987 988/988/988 997/997/997
f 987/987/987 997/997/997 996/996/996
f 988/988/988 989/989/989 998/998/998
f 988/988/988 998/998/998 997/997/997
f 989/989/989 990/990/990 999/999/999
f 989/989/989 999/999/999 998/998/998
f 990/990/990 982/982/982 991/991/991
f 990/990/990 991/991/991 999/999/999
f 991/991/991 992/992/992 1001/1001/1001
f 991/991/991 1001/1001/1001 1000/1000/1000
f 992/992/992 993/993/993 1002/1002/1002
f 992/992/992 1002/1002/1002 1001/1001/1001
f 993/993/993 994/994/994 1003/1003/1003
f 993/993/993 1003/1003/1003 1002/1002/1002
f 994/994/994 995/995/995 1004/1004/1004
f 994/994/994 1004/1004/1004 1003/1003/1003
f 995/995/995 996/996/996 1005/1005/1005
f 995/995/995 1005/1005/1005 1004/1004/1004
f 996/996/996 997/997/997 1006/1006/1006
f 996/996/996 1006/1006/1006 1005/1005/1005
f 997/997/997 998/998/998 1007/1007/1007
f 997/997/997 1007/1007/1007 1006/1006/1006
f 998/998/998 999/999/999 1008/1008/1008
f 998/998/998 1008/1008/1008 1007/1007/1007
f 999/999/999 991/991/991 1000/1000/1000
f 999/999/999 1000/1000/1000 1008/1008/1008
f 1000/1000/1000 1001/1001/1001 1010/1010/1010
f 1000/1000/1000 1010/1010/1010 1009/1009/1009
f 1001/1001/1001 1002/1002/1002 1011/1011/1011
f 1001/1001/1001 1011/1011/1011 1010/1010/1010
f 1002/1002/1002 1003/1003/1003 1012/1012/1012
f 1002/1002/1002 1012/1012/1012 1011/1011/1011
f 1003/1003/1003 1004/1004/1004 1013/1013/1013
f 1003/1003/1003 1013/1013/1013 1012/1012/1012
f 1004/1004/1004 1005/1005/1005 1014/1014/1014
f 1004/1004/1004 1014/1014/1014 1013/1013/1013
f 1005/1005/1005 1006/1006/1006 1015/1015/1015
f 1005/1005/1005 1015/1015/1015 1014/1014/1014
f 1006/1006/1006 1007/1007/1007 1016/1016/1016
f 1006/1006/1006 1016/1016/1016 1015/1015/1015
f 1007/1007/1007 1008/1008/1008 1017/1017/1017
f 1007/1007/1007 1017/1017/1017 1016/1016/1016
f 1008/1008/1008 1000/1000/1000 1009/1009/1009
f 1008/1008/1008 1009/1009/1009 1017/1017/1017
f 1009/1009/1009 1010/1010/1010 1019/1019/1019
f 1009/1009/1009 1019/1019/1019 1018/1018/1018
f 1010/1010/1010 1011/1011/1011 1020/1020/1020
f 1010/1010/1010 1020/1020/1020 1019/1019/1019
f 1011/1011/1011 1012/1012/1012 1021/1021/1021
f 1011/1011/1011 1021/1021/1021 1020/1020/1020
f 1012/1012/1012 1013/1013/1013 1022/1022/1022
f 1012/1012/1012 1022/1022/1022 1021/1021/1021
f 1013/1013/1013 1014/1014/1014 1023/1023/1023
f 1013/1013/1013 1023/1023/1023 1022/1022/1022
f 1014/1014/1014 1015/1015/1015 1024/1024/1024
f 1014/1014/1014 1024/1024/1024 1023/1023/1023
f 1015/1015/1015 1016/1016/1016 1025/1025/1025
f 1015/1015/1015 1025/1025/1025 1024/1024/1024
f 1016/1016/1016 1017/1017/1017 1026/1026/1026
f 1016/1016/1016 1026/1026/1026 1025/1025/1025
f 1017/1017/1017 1009/1009/1009 1018/1018/1018
f 1017/1017/1017 1018/1018/1018 1026/1026/1026
f 1027/1027/1027 1028/1028/1028 1037/1037/1037
f 1027/1027/1027 1037/1037/1037 1036/1036/1036
f 1028/1028/1028 1029/1029/1029 1038/1038/1038
f 1028/1028/1028 1038/1038/1038 1037/1037/1037
f 1029/1029/1029 1030/1030/1030 1039/1039/1039
f 1029/1029/1029 1039/1039/1039 1038/1038/1038
f 1030/1030/1030 1031/1031/1031 1040/1040/1040
f 1030/1030/1030 1040/1040/1040 1039/1039/1039
f 1031/1031/1031 1032/1032/1032 1041/1041/1041
f 1031/1031/1031 1041/1041/1041 1040/1040/1040
f 1032/1032/1032 1033/1033/1033 1042/1042/1042
f 1032/1032/1032 1042/1042/1042 1041/1041/1041
f 1033/1033/1033 1034/1034/1034 1043/1043/1043
f 1033/1033/1033 1043/1043/1043 1042/1042/1042
f 1034/1034/1034 1035/1035/1035 1044/1044/1044
f 1034/1034/1034 1044/1044/1044 1043/1043/1043
f 1035/1035/1035 1027/1027/1027 1036/1036/1036
f 1035/1035/1035 1036/1036/1036 1044/1044/1044
f 1036/1036/1036 1037/1037/1037 1046/1046/1046
f 1036/1036/1036 1046/1046/1046 1045/1045/1045
f 1037/1037/1037 1038/1038/1038 1047/1047/1047
f 1037/1037/1037 1047/1047/1047 1046/1046/1046
f 1038/1038/1038 1039/1039/1039 1048/1048/1048
f 1038/1038/1038 1048/1048/1048 1047/1047/1047
f 1039/1039/1039 1040/1040/1040 1049/1049/1049
f 1039/1039/1039 1049/1049/1049 1048/1048/1048
f 1040/1040/1040 1041/1041/1041 1050/1050/1050
f 1040/1040/1040 1050/1050/1050 1049/1049/1049
f 1041/1041/1041 1042/1042/1042 1051/1051/1051
f 1041/1041/1041 1051/1051/1051 1050/1050/1050
f 1042/1042/1042 1043/1043/1043 1052/1052/1052
f 1042/1042/1042 1052/1052/1052 1051/1051/1051
f 1043/1043/1043 1044/1044/1044 1053/1053/1053
f 1043/1043/1043 1053/1053/1053 1052/1052/1052
f 1044/1044/1044 1036/1036/1036 1045/1045/1045
f 1044/1044/1044 1045/1045/1045 1053/1053/1053
f 1045/1045/1045 1046/1046/1046 1055/1055/1055
f 1045/1045/1045 1055/1055/1055 1054/1054/1054
f 1046/1046/1046 1047/1047/1047 1056/1056/1056
f 1046/1046/1046 1056/1056/1056 1055/1055/1055
f 1047/1047/1047 1048/1048/1048 1057/1057/1057
f 1047/1047/1047 1057/1057/1057 1056/1056/1056
f 1048/1048/1048 1049/1049/1049 1058/1058/1058
f 1048/1048/1048 1058/1058/1058 1057/1057/1057
f 1049/1049/1049 1050/1050/1050 1059/1059/1059
f 1049/1049/1049 1059/1059/1059 1058/1058/1058
f 1050/1050/1050 1051/1051/1051 1060/1060/1060
f 1050/1050/1050 1060/1060/1060 1059/1059/1059
f 1051/1051/1051 1052/1052/1052 1061/1061/1061
f 1051/1051/1051 1061/1061/1061 1060/1060/1060
f 1052/1052/1052 1053/1053/1053 1062/1062/1062
f 1052/1052/1052 1062/1062/1062 1061/1061/1061
f 1053/1053/1053 1045/1045/1045 1054/1054/1054
f 1053/1053/1053 1054/1054/1054 1062/1062/1062
f 1054/1054/1054 1055/1055/1055 1064/1064/1064
f 1054/1054/1054 1064/1064/1064 1063/1063/1063
f 1055/1055/1055 1056/1056/1056 1065/1065/1065
f 1055/1055/1055 1065/1065/1065 1064/1064/1064
f 1056/1056/1056 1057/1057/1057 1066/1066/1066
f 1056/1056/1056 1066/1066/1066 1065/1065/1065
f 1057/1057/1057 1058/1058/1058 1067/1067/1067
f 1057/1057/1057 1067/1067/1067 1066/1066/1066
f 1058/1058/1058 1059/1059/1059 1068/1068/1068
f 1058/1058/1058 1068/1068/1068 1067/1067/1067
f 1059/1059/1059 1060/1060/1060 1069/1069/1069
f 1059/1059/1059 1069/1069/1069 1068/1068/1068
f 1060/1060/1060 1061/1061/1061 1070/1070/1070
f 1060/1060/1060 1070/1070/1070 1069/1069/1069
f 1061/1061/1061 1062/1062/1062 1071/1071/1071
f 1061/1061/1061 1071/1071/1071 1070/1070/1070
f 1062/1062/1062 1054/1054/1054 1063/1063/1063
f 1062/1062/1062 1063/1063/1063 1071/1071/1071
f 1063/1063/1063 1064/1064/1064 1073/1073/1073
f 1063/1063/1063 1073/1073/1073 1072/1072/1072
f 1064/1064/1064 1065/1065/1065 1074/1074/1074
f 1064/1064/1064 1074/1074/1074 1073/1073/1073
f 1065/1065/1065 1066/1066/1066 1075/1075/1075
f 1065/1065/1065 1075/1075/1075 1074/1074/1074
f 1066/1066/1066 1067/1067/1067 1076/1076/1076
f 1066/1066/1066 1076/1076/1076 1075/1075/1075
f 1067/1067/1067 1068/1068/1068 1077/1077/1077
f 1067/1067/1067 1077/1077/1077 1076/1076/1076
f 1068/1068/1068 1069/1069/1069 1078/1078/1078
f 1068/1068/1068 1078/1078/1078 1077/1077/1077
f 1069/1069/1069 1070/1070/1070 1079/1079/1079
f 1069/1069/1069 1079/1079/1079 1078/1078/1078
f 1070/1070/1070 1071/1071/1071 1080/1080/1080
f 1070/1070/1070 1080/1080/1080 1079/1079/1079
f 1071/1071/1071 1063/1063/1063 1072/1072/1072
f 1071/1071/1071 1072/1072/1072 1080/1080/1080
f 1081/1081/1081 1082/1082/1082 1091/1091/1091
f 1081/1081/1081 1091/1091/1091 1090/1090/1090
f 1082/1082/1082 1083/1083/1083 1092/1092/1092
f 1082/1082/1082 1092/1092/1092 1091/1091/1091
f 1083/1083/1083 1084/1084/1084 1093/1093/1093
f 1083/1083/1083 1093/1093/1093 1092/1092/1092
f 1084/1084/1084 1085/1085/1085 1094/1094/1094
f 1084/1084/1084 1094/1094/1094 1093/1093/1093
f 1085/1085/1085 1086/1086/1086 1095/1095/1095
f 1085/1085/1085 1095/1095/1095 1094/1094/1094
f 1086/1086/1086 1087/1087/1087 1096/1096/1096
f 1086/1086/1086 1096/1096/1096 1095/1095/1095
f 1087/1087/1087 1088/1088/1088 1097/1097/1097
f 1087/1087/1087 1097/1097/1097 1096/1096/1096
f 1088/1088/1088 1089/1089/1089 1098/1098/1098
f 1088/1088/1088 1098/1098/1098 1097/1097/1097
f 1089/1089/1089 1081/1081/1081 1090/1090/1090
f 1089/1089/1089 1090/1090/1090 1098/1098/1098
f 1090/1090/1090 1091/1091/1091 1100/1100/1100
f 1090/1090/1090 1100/1100/1100 1099/1099/1099
f 1091/1091/1091 1092/1092/1092 1101/1101/1101
f 1091/1091/1091 1101/1101/1101 1100/1100/1100
f 1092/1092/1092 1093/1093/1093 1102/1102/1102
f 1092/1092/1092 1102/1102/1102 1101/1101/1101
f 1093/1093/1093 1094/1094/1094 1103/1103/1103
f 1093/1093/1093 1103/1103/1103 1102/1102/1102
f 1094/1094/1094 1095/1095/1095 1104/1104/1104
f 1094/1094/1094 1104/1104/1104 1103/1103/1103
f 1095/1095/1095 1096/1096/1096 1105/1105/1105
f 1095/1095/1095 1105/1105/1105 1104/1104/1104
f 1096/1096/1096 1097/1097/1097 1106/1106/1106
f 1096/1096/1096 1106/1106/1106 1105/1105/1105
f 1097/1097/1097 1098/1098/1098 1107/1107/1107
f 1097/1097/1097 1107/1107/1107 1106/1106/1106
f 1098/1098/1098 1090/1090/1090 1099/1099/1099
f 1098/1098/1098 1099/1099/1099 1107/1107/1107
f 1099/1099/1099 1100/1100/1100 1109/1109/1109
f 1099/1099/1099 1109/1109/1109 1108/1108/1108
f 1100/1100/1100 1101/1101/1101 1110/1110/1110
f 1100/1100/1100 1110/1110/1110 1109/1109/1109
f 1101/1101/1101 1102/1102/1102 1111/1111/1111
f 1101/1101/1101 1111/1111/1111 1110/1110/1110
f 1102/1102/1102 1103/1103/1103 1112/1112/1112
f 1102/1102/1102 1112/1112/1112 1111/1111/1111
f 1103/1103/1103 1104/1104/1104 1113/1113/1113
f 1103/1103/1103 1113/1113/1113 1112/1112/1112
f 1104/1104/1104 1105/1105/1105 1114/1114/1114
f 1104/1104/1104 1114/1114/1114 1113/1113/1113
f 1105/1105/1105 1106/1106/1106 1115/1115/1115
f 1105/1105/1105 1115/1115/1115 1114/1114/1114
f 1106/1106/1106 1107/1107/1107 1116/1116/1116
f 1106/1106/1106 1116/1116/1116 1115/1115/1115
f 1107/1107/1107 1099/1099/1099 1108/1108/1108
f 1107/1107/1107 1108/1108/1108 1116/1116/1116
f 1108/1108/1108 1109/1109/1109 1118/1118/1118
f 1108/1108/1108 1118/1118/1118 1117/1117/1117
f 1109/1109/1109 1110/1110/1110 1119/1119/1119
f 1109/1109/1109 1119/1119/1119 1118/1118/1118
f 1110/1110/1110 1111/1111/1111 1120/1120/1120
f 1110/1110/1110 1120/1120/1120 1119/1119/1119
f 1111/1111/1111 1112/1112/1112 1121/1121/1121
f 1111/1111/1111 1121/1121/1121 1120/1120/1120
f 1112/1112/1112 1113/1113/1113 1122/1122/1122
f 1112/1112/1112 1122/1122/1122 1121/1121/1121
f 1113/1113/1113 1114/1114/1114 1123/1123/1123
f 1113/1113/1113 1123/1123/1123 1122/1122/1122
f 1114/1114/1114 1115/1115/1115 1124/1124/1124
f 1114/1114/1114 1124/1124/1124 1123/1123/1123
f 1115/1115/1115 1116/1116/1116 1125/1125/1125
f 1115/1115/1115 1125/1125/1125 1124/1124/1124
f 1116/1116/1116 1108/1108/1108 1117/1117/1117
f 1116/1116/1116 1117/1117/1117 1125/1125/1125
f 1117/1117/1117 1118/1118/1118 1127/1127/1127
f 1117/1117/1117 1127/1127/1127 1126/1126/1126
f 1118/1118/1118 1119/1119/1119 1128/1128/1128
f 1118/1118/1118 1128/1128/1128 1127/1127/1127
f 1119/1119/1119 1120/1120/1120 1129/1129/1129
f 1119/1119/1119 1129/1129/1129 1128/1128/1128
f 1120/1120/1120 1121/1121/1121 1130/1130/1130
f 1120/1120/1120 1130/1130/1130 1129/1129/1129
f 1121/1121/1121 1122/1122/1122 1131/1131/1131
f 1121/1121/1121 1131/1131/1131 1130/1130/1130
f 1122/1122/1122 1123/1123/1123 1132/1132/1132
f 1122/1122/1122 1132/1132/1132 1131/1131/1131
f 1123/1123/1123 1124/1124/1124 1133/1133/1133
f 1123/1123/1123 1133/1133/1133 1132/1132/1132
f 1124/1124/1124 1125/1125/1125 1134/1134/1134
f 1124/1124/1124 1134/1134/1134 1133/1133/1133
f 1125/1125/1125 1117/1117/1117 1126/1126/1126
f 1125/1125/1125 1126/1126/1126 1134/1134/1134
f 1135/1135/1135 1136/1136/1136 1145/1145/1145
f 1135/1135/1135 1145/1145/1145 1144/1144/1144
f 1136/1136/1136 1137/1137/1137 1146/1146/1146
f 1136/1136/1136 1146/1146/1146 1145/1145/1145
f 1137/1137/1137 1138/1138/1138 1147/1147/1147
f 1137/1137/1137 1147/1147/1147 1146/1146/1146
f 1138/1138/1138 1139/1139/1139 1148/1148/1148
f 1138/1138/1138 1148/1148/1148 1147/1147/1147
f 1139/1139/1139 1140/1140/1140 1149/1149/1149
f 1139/1139/1139 1149/1149/1149 1148/1148/1148
f 1140/1140/1140 1141/1141/1141 1150/1150/1150
f 1140/1140/1140 1150/1150/1150 1149/1149/1149
f 1141/1141/1141 1142/1142/1142 1151/1151/1151
f 1141/1141/1141 1151/1151/1151 1150/1150/1150
f 1142/1142/1142 1143/1143/1143 1152/1152/1152
f 1142/1142/1142 1152/1152/1152 1151/1151/1151
f 1143/1143/1143 1135/1135/1135 1144/1144/1144
f 1143/1143/1143 1144/1144/1144 1152/1152/1152
f 1144/1144/1144 1145/1145/1145 1154/1154/1154
f 1144/1144/1144 1154/1154/1154 1153/1153/1153
f 1145/1145/1145 1146/1146/1146 1155/1155/1155
f 1145/1145/1145 1155/1155/1155 1154/1154/1154
f 1146/1146/1146 1147/1147/1147 1156/1156/1156
f 1146/1146/1146 1156/1156/1156 1155/1155/1155
f 1147/1147/1147 1148/1148/1148 1157/1157/1157
f 1147/1147/1147 1157/1157/1157 1156/1156/1156
f 1148/1148/1148 1149/1149/1149 1158/1158/1158
f 1148/1148/1148 1158/1158/1158 1157/1157/1157
f 1149/1149/1149 1150/1150/1150 1159/1159/1159
f 1149/1149/1149 1159/1159/1159 1158/1158/1158
f 1150/1150/1150 1151/1151/1151 1160/1160/1160
f 1150/1150/1150 1160/1160/1160 1159/1159/1159
f 1151/1151/1151 1152/1152/1152 1161/1161/1161
f 1151/1151/1151 1161/1161/1161 1160/1160/1160
f 1152/1152/1152 1144/1144/1144 1153/1153/1153
f 1152/1152/1152 1153/1153/1153 1161/1161/1161
f 1153/1153/1153 1154/1154/1154 1163/1163/1163
f 1153/1153/1153 1163/1163/1163 1162/1162/1162
f 1154/1154/1154 1155/1155/1155 1164/1164/1164
f 1154/1154/1154 1164/1164/1164 1163/1163/1163
f 1155/1155/1155 1156/1156/1156 1165/1165/1165
f 1155/1155/1155 1165/1165/1165 1164/1164/1164
f 1156/1156/1156 1157/1157/1157 1166/1166/1166
f 1156/1156/1156 1166/1166/1166 1165/1165/1165
f 1157/1157/1157 1158/1158/1158 1167/1167/1167
f 1157/1157/1157 1167/1167/1167 1166/1166/1166
f 1158/1158/1158 1159/1159/1159 1168/1168/1168
f 1158/1158/1158 1168/1168/1168 1167/1167/1167
f 1159/1159/1159 1160/1160/1160 1169/1169/1169
f 1159/1159/1159 1169/1169/1169 1168/1168/1168
f 1160/1160/1160 1161/1161/1161 1170/1170/1170
f 1160/1160/1160 1170/1170/1170 1169/1169/1169
f 1161/1161/1161 1153/1153/1153 1162/1162/1162
f 1161/1161/1161 1162/1162/1162 1170/1170/1170
f 1162/1162/1162 1163/1163/1163 1172/1172/1172
f 1162/1162/1162 1172/1172/1172 1171/1171/1171
f 1163/1163/1163 1164/1164/1164 1173/1173/1173
f 1163/1163/1163 1173/1173/1173 1172/1172/1172
f 1164/1164/1164 1165/1165/1165 1174/1174/1174
f 1164/1164/1164 1174/1174/1174 1173/1173/1173
f 1165/1165/1165 1166/1166/1166 1175/1175/1175
f 1165/1165/1165 1175/1175/1175 1174/1174/1174
f 1166/1166/1166 1167/1167/1167 1176/1176/1176
f 1166/1166/1166 1176/1176/1176 1175/1175/1175
f 1167/1167/1167 1168/1168/1168 1177/1177/1177
f 1167/1167/1167 1177/1177/1177 1176/1176/1176
f 1168/1168/1168 1169/1169/1169 1178/1178/1178
f 1168/1168/1168 1178/1178/1178 1177/1177/1177
f 1169/1169/1169 1170/1170/1170 1179/1179/1179
f 1169/1169/1169 1179/1179/1179 1178/1178/1178
f 1170/1170/1170 1162/1162/1162 1171/1171/1171
f 1170/1170/1170 1171/1171/1171 1179/1179/1179
f 1171/1171/1171 1172/1172/1172 1181/1181/1181
f 1171/1171/1171 1181/1181/1181 1180/1180/1180
f 1172/1172/1172 1173/1173/1173 1182/1182/1182
f 1172/1172/1172 1182/1182/1182 1181/1181/1181
f 1173/1173/1173 1174/1174/1174 1183/1183/1183
f 1173/1173/1173 1183/1183/1183 1182/1182/1182
f 1174/1174/1174 1175/1175/1175 1184/1184/1184
f 1174/1174/1174 1184/1184/1184 1183/1183/1183
f 1175/1175/1175 1176/1176/1176 1185/1185/1185
f 1175/1175/1175 1185/1185/1185 1184/1184/1184
f 1176/1176/1176 1177/1177/1177 1186/1186/1186
f 1176/1176/1176 1186/1186/1186 1185/1185/1185
f 1177/1177/1177 1178/1178/1178 1187/1187/1187
f 1177/1177/1177 1187/1187/1187 1186/1186/1186
f 1178/1178/1178 1179/1179/1179 1188/1188/1188
f 1178/1178/1178 1188/1188/1188 1187/1187/1187
f 1179/1179/1179 1171/1171/1171 1180/1180/1180
f 1179/1179/1179 1180/1180/1180 1188/1188/1188
f 1189/1189/1189 1190/1190/1190 1199/1199/1199
f 1189/1189/1189 1199/1199/1199 1198/1198/1198
f 1190/1190/1190 1191/1191/1191 1200/1200/1200
f 1190/1190/1190 1200/1200/1200 1199/1199/1199
f 1191/1191/1191 1192/1192/1192 1201/1201/1201
f 1191/1191/1191 1201/1201/1201 1200/1200/1200
f 1192/1192/1192 1193/1193/1193 1202/1202/1202
f 1192/1192/1192 1202/1202/1202 1201/1201/1201
f 1193/1193/1193 1194/1194/1194 1203/1203/1203
f 1193/1193/1193 1203/1203/1203 1202/1202/1202
f 1194/1194/1194 1195/1195/1195 1204/1204/1204
f 1194/1194/1194 1204/1204/1204 1203/1203/1203
f 1195/1195/1195 1196/1196/1196 1205/1205/1205
f 1195/1195/1195 1205/1205/1205 1204/1204/1204
f 1196/1196/1196 1197/1197/1197 1206/1206/1206
f 1196/1196/1196 1206/1206/1206 1205/1205/1205
f 1197/1197/1197 1189/1189/1189 1198/1198/1198
f 1197/1197/1197 1198/1198/1198 1206/1206/1206
f 1198/1198/1198 1199/1199/1199 1208/1208/1208
f 1198/1198/1198 1208/1208/1208 1207/1207/1207
f 1199/1199/1199 1200/1200/1200 1209/1209/1209
f 1199/1199/1199 1209/1209/1209 1208/1208/1208
f 1200/1200/1200 1201/1201/1201 1210/1210/1210
f 1200/1200/1200 1210/1210/1210 1209/1209/1209
f 1201/1201/1201 1202/1202/1202 1211/1211/1211
f 1201/1201/1201 1211/1211/1211 1210/1210/1210
f 1202/1202/1202 1203/1203/1203 1212/1212/1212
f 1202/1202/1202 1212/1212/1212 1211/1211/1211
f 1203/1203/1203 1204/1204/1204 1213/1213/1213
f 1203/1203/1203 1213/1213/1213 1212/1212/1212
f 1204/1204/1204 1205/1205/1205 1214/1214/1214
f 1204/1204/1204 1214/1214/1214 1213/1213/1213
f 1205/1205/1205 1206/1206/1206 1215/1215/1215
f 1205/1205/1205 1215/1215/1215 1214/1214/1214
f 1206/1206/1206 1198/1198/1198 1207/1207/1207
f 1206/1206/1206 1207/1207/1207 1215/1215/1215
f 1207/1207/1207 1208/1208/1208 1217/1217/1217
f 1207/1207/1207 1217/1217/1217 1216/1216/1216
f 1208/1208/1208 1209/1209/1209 1218/1218/1218
f 1208/1208/1208 1218/1218/1218 1217/1217/1217
f 1209/1209/1209 1210/1210/1210 1219/1219/1219
f 1209/1209/1209 1219/1219/1219 1218/1218/1218
f 1210/1210/1210 1211/1211/1211 1220/1220/1220
f 1210/1210/1210 1220/1220/1220 1219/1219/1219
f 1211/1211/1211 1212/1212/1212 1221/1221/1221
f 1211/1211/1211 1221/1221/1221 1220/1220/1220
f 1212/1212/1212 1213/1213/1213 1222/1222/1222
f 1212/1212/1212 1222/1222/1222 1221/1221/1221
f 1213/1213/1213 1214/1214/1214 1223/1223/1223
f 1213/1213/1213 1223/1223/1223 1222/1222/1222
f 1214/1214/1214 1215/1215/1215 1224/1224/1224
f 1214/1214/1214 1224/1224/1224 1223/1223/1223
f 1215/1215/1215 1207/1207/1207 1216/1216/1216
f 1215/1215/1215 1216/1216/1216 1224/1224/1224
f 1216/1216/1216 1217/1217/1217 1226/1226/1226
f 1216/1216/1216 1226/1226/1226 1225/1225/1225
f 1217/1217/1217 1218/1218/1218 1227/1227/1227
f 1217/1217/1217 1227/1227/1227 1226/1226/1226
f 1218/1218/1218 1219/1219/1219 1228/1228/1228
f 1218/1218/1218 1228/1228/1228 1227/1227/1227
f 1219/1219/1219 1220/1220/1220 1229/1229/1229
f 1219/1219/1219 1229/1229/1229 1228/1228/1228
f 1220/1220/1220 1221/1221/1221 1230/1230/1230
f 1220/1220/1220 1230/1230/1230 1229/1229/1229
f 1221/1221/1221 1222/1222/1222 1231/1231/1231
f 1221/1221/1221 1231/1231/1231 1230/1230/1230
f 1222/1222/1222 1223/1223/1223 1232/1232/1232
f 1222/1222/1222 1232/1232/1232 1231/1231/1231
f 1223/1223/1223 1224/1224/1224 1233/1233/1233
f 1223/1223/1223 1233/1233/1233 1232/1232/1232
f 1224/1224/1224 1216/1216/1216 1225/1225/1225
f 1224/1224/1224 1225/1225/1225 1233/1233/1233
f 1225/1225/1225 1226/1226/1226 1235/1235/1235
f 1225/1225/1225 1235/1235/1235 1234/1234/1234
f 1226/1226/1226 1227/1227/1227 1236/1236/1236
f 1226/1226/1226 1236/1236/1236 1235/1235/1235
f 1227/1227/1227 1228/1228/1228 1237/1237/1237
f 1227/1227/1227 1237/1237/1237 1236/1236/1236
f 1228/1228/1228 1229/1229/1229 1238/1238/1238
f 1228/1228/1228 1238/1238/1238 1237/1237/1237
f 1229/1229/1229 1230/1230/1230 1239/1239/1239
f 1229/1229/1229 1239/1239/1239 1238/1238/1238
f 1230/1230/1230 1231/1231/1231 1240/1240/1240
f 1230/1230/1230 1240/1240/1240 1239/1239/1239
f 1231/1231/1231 1232/1232/1232 1241/1241/1241
f 1231/1231/1231 1241/1241/1241 1240/1240/1240
f 1232/1232/1232 1233/1233/1233 1242/1242/1242
f 1232/1232/1232 1242/1242/1242 1241/1241/1241
f 1233/1233/1233 1225/1225/1225 1234/1234/1234
f 1233/1233/1233 1234/1234/1234 1242/1242/1242
f 1243/1243/1243 1244/1244/1244 1253/1253/1253
f 1243/1243/1243 1253/1253/1253 1252/1252/1252
f 1244/1244/1244 1245/1245/1245 1254/1254/1254
f 1244/1244/1244 1254/1254/1254 1253/1253/1253
f 1245/1245/1245 1246/1246/1246 1255/1255/1255
f 1245/1245/1245 1255/1255/1255 1254/1254/1254
f 1246/1246/1246 1247/1247/1247 1256/1256/1256
f 1246/1246/1246 1256/1256/1256 1255/1255/1255
f 1247/1247/1247 1248/1248/1248 1257/1257/1257
f 1247/1247/1247 1257/1257/1257 1256/1256/1256
f 1248/1248/1248 1249/1249/1249 1258/1258/1258
f 1248/1248/1248 1258/1258/1258 1257/1257/1257
f 1249/1249/1249 1250/1250/1250 1259/1259/1259
f 1249/1249/1249 1259/1259/1259 1258/1258/1258
f 1250/1250/1250 1251/1251/1251 1260/1260/1260
f 1250/1250/1250 1260/1260/1260 1259/1259/1259
f 1251/1251/1251 1243/1243/1243 1252/1252/1252
f 1251/1251/1251 1252/1252/1252 1260/1260/1260
f 1252/1252/1252 1253/1253/1253 1262/1262/1262
f 1252/1252/1252 1262/1262/1262 1261/1261/1261
f 1253/1253/1253 1254/1254/1254 1263/1263/1263
f 1253/1253/1253 1263/1263/1263 1262/1262/1262
f 1254/1254/1254 1255/1255/1255 1264/1264/1264
f 1254/1254/1254 1264/1264/1264 1263/1263/1263
f 1255/1255/1255 1256/1256/1256 1265/1265/1265
f 1255/1255/1255 1265/1265/1265 1264/1264/1264
f 1256/1256/1256 1257/1257/1257 1266/1266/1266
f 1256/1256/1256 1266/1266/1266 1265/1265/1265
f 1257/1257/1257 1258/1258/1258 1267/1267/1267
f 1257/1257/1257 1267/1267/1267 1266/1266/1266
f 1258/1258/1258 1259/1259/1259 1268/1268/1268
f 1258/1258/1258 1268/1268/1268 1267/1267/1267
f 1259/1259/1259 1260/1260/1260 1269/1269/1269
f 1259/1259/1259 1269/1269/1269 1268/1268/1268
f 1260/1260/1260 1252/1252/1252 1261/1261/1261
f 1260/1260/1260 1261/1261/1261 1269/1269/1269
f 1261/1261/1261 1262/1262/1262 1271/1271/1271
f 1261/1261/1261 1271/1271/1271 1270/1270/1270
f 1262/1262/1262 1263/1263/1263 1272/1272/1272
f 1262/1262/1262 1272/1272/1272 1271/1271/1271
f 1263/1263/1263 1264/1264/1264 1273/1273/1273
f 1263/1263/1263 1273/1273/1273 1272/1272/1272
f 1264/1264/1264 1265/1265/1265 1274/1274/1274
f 1264/1264/1264 1274/1274/1274 1273/1273/1273
f 1265/1265/1265 1266/1266/1266 1275/1275/1275
f 1265/1265/1265 1275/1275/1275 1274/1274/1274
f 1266/1266/1266 1267/1267/1267 1276/1276/1276
f 1266/1266/1266 1276/1276/1276 1275/1275/1275
f 1267/1267/1267 1268/1268/1268 1277/1277/1277
f 1267/1267/1267 1277/1277/1277 1276/1276/1276
f 1268/1268/1268 1269/1269/1269 1278/1278/1278
f 1268/1268/1268 1278/1278/1278 1277/1277/1277
f 1269/1269/1269 1261/1261/1261 1270/1270/1270
f 1269/1269/1269 1270/1270/1270 1278/1278/1278
f 1270/1270/1270 1271/1271/1271 1280/1280/1280
f 1270/1270/1270 1280/1280/1280 1279/1279/1279
f 1271/1271/1271 1272/1272/1272 1281/1281/1281
f 1271/1271/1271 1281/1281/1281 1280/1280/1280
f 1272/1272/1272 1273/1273/1273 1282/1282/1282
f 1272/1272/1272 1282/1282/1282 1281/1281/1281
f 1273/1273/1273 1274/1274/1274 1283/1283/1283
f 1273/1273/1273 1283/1283/1283 1282/1282/1282
f 1274/1274/1274 1275/1275/1275 1284/1284/1284
f 1274/1274/1274 1284/1284/1284 1283/1283/1283
f 1275/1275/1275 1276/1276/1276 1285/1285/1285
f 1275/1275/1275 1285/1285/1285 1284/1284/1284
f 1276/1276/1276 1277/1277/1277 1286/1286/1286
f 1276/1276/1276 1286/1286/1286 1285/1285/1285
f 1277/1277/1277 1278/1278/1278 1287/1287/1287
f 1277/1277/1277 1287/1287/1287 1286/1286/1286
f 1278/1278/1278 1270/1270/1270 1279/1279/1279
f 1278/1278/1278 1279/1279/1279 1287/1287/1287
f 1279/1279/1279 1280/1280/1280 1289/1289/1289
f 1279/1279/1279 1289/1289/1289 1288/1288/1288
f 1280/1280/1280 1281/1281/1281 1290/1290/1290
f 1280/1280/1280 1290/1290/1290 1289/1289/1289
f 1281/1281/1281 1282/1282/1282 1291/1291/1291
f 1281/1281/1281 1291/1291/1291 1290/1290/1290
f 1282/1282/1282 1283/1283/1283 1292/1292/1292
f 1282/1282/1282 1292/1292/1292 1291/1291/1291
f 1283/1283/1283 1284/1284/1284 1293/1293/1293
f 1283/1283/1283 1293/1293/1293 1292/1292/1292
f 1284/1284/1284 1285/1285/1285 1294/1294/1294
f 1284/1284/1284 1294/1294/1294 1293/1293/1293
f 1285/1285/1285 1286/1286/1286 1295/1295/1295
f 1285/1285/1285 1295/1295/1295 1294/1294/1294
f 1286/1286/1286 1287/1287/1287 1296/1296/1296
f 1286/1286/1286 1296/1296/1296 1295/1295/1295
f 1287/1287/1287 1279/1279/1279 1288/1288/1288
f 1287/1287/1287 1288/1288/1288 1296/1296/1296
f 1297/1297/1297 1298/1298/1298 1307/1307/1307
f 1297/1297/1297 1307/1307/1307 1306/1306/1306
f 1298/1298/1298 1299/1299/1299 1308/1308/1308
f 1298/1298/1298 1308/1308/1308 1307/1307/1307
f 1299/1299/1299 1300/1300/1300 1309/1309/1309
f 1299/1299/1299 1309/1309/1309 1308/1308/1308
f 1300/1300/1300 1301/1301/1301 1310/1310/1310
f 1300/1300/1300 1310/1310/1310 1309/1309/1309
f 1301/1301/1301 1302/1302/1302 1311/1311/1311
f 1301/1301/1301 1311/1311/1311 1310/1310/1310
f 1302/1302/1302 1303/1303/1303 1312/1312/1312
f 1302/1302/1302 1312/1312/1312 1311/1311/1311
f 1303/1303/1303 1304/1304/1304 1313/1313/1313
f 1303/1303/1303 1313/1313/1313 1312/1312/1312
f 1304/1304/1304 1305/1305/1305 1314/1314/1314
f 1304/1304/1304 1314/1314/1314 1313/1313/1313
f 1305/1305/1305 1297/1297/1297 1306/1306/1306
f 1305/1305/1305 1306/1306/1306 1314/1314/1314
f 1306/1306/1306 1307/1307/1307 1316/1316/1316
f 1306/1306/1306 1316/1316/1316 1315/1315/1315
f 1307/1307/1307 1308/1308/1308 1317/1317/1317
f 1307/1307/1307 1317/1317/1317 1316/1316/1316
f 1308/1308/1308 1309/1309/1309 1318/1318/1318
f 1308/1308/1308 1318/1318/1318 1317/1317/1317
f 1309/1309/1309 1310/1310/1310 1319/1319/1319
f 1309/1309/1309 1319/1319/1319 1318/1318/1318
f 1310/1310/1310 1311/1311/1311 1320/1320/1320
f 1310/1310/1310 1320/1320/1320 1319/1319/1319
f 1311/1311/1311 1312/1312/1312 1321/1321/1321
f 1311/1311/1311 1321/1321/1321 1320/1320/1320
f 1312/1312/1312 1313/1313/1313 1322/1322/1322
f 1312/1312/1312 1322/1322/1322 1321/1321/1321
f 1313/1313/1313 1314/1314/1314 1323/1323/1323
f 1313/1313/1313 1323/1323/1323 1322/1322/1322
f 1314/1314/1314 1306/1306/1306 1315/1315/1315
f 1314/1314/1314 1315/1315/1315 1323/1323/1323
f 1315/1315/1315 1316/1316/1316 1325/1325/1325
f 1315/1315/1315 1325/1325/1325 1324/1324/1324
f 1316/1316/1316 1317/1317/1317 1326/1326/1326
f 1316/1316/1316 1326/1326/1326 1325/1325/1325
f 1317/1317/1317 1318/1318/1318 1327/1327/1327
f 1317/1317/1317 1327/1327/1327 1326/1326/1326
f 1318/1318/1318 1319/1319/1319 1328/1328/1328
f 1318/1318/1318 1328/1328/1328 1327/1327/1327
f 1319/1319/1319 1320/1320/1320 1329/1329/1329
f 1319/1319/1319 1329/1329/1329 1328/1328/1328
f 1320/1320/1320 1321/1321/1321 1330/1330/1330
f 1320/1320/1320 1330/1330/1330 1329/1329/1329
f 1321/1321/1321 1322/1322/1322 1331/1331/1331
f 1321/1321/1321 1331/1331/1331 1330/1330/1330
f 1322/1322/1322 1323/1323/1323 1332/1332/1332
f 1322/1322/1322 1332/1332/1332 1331/1331/1331
f 1323/1323/1323 1315/1315/1315 1324/1324/1324
f 1323/1323/1323 1324/1324/1324 1332/1332/1332
f 1324/1324/1324 1325/1325/1325 1334/1334/1334
f 1324/1324/1324 1334/1334/1334 1333/1333/1333
f 1325/1325/1325 1326/1326/1326 1335/1335/1335
f 1325/1325/1325 1335/1335/1335 1334/1334/1334
f 1326/1326/1326 1327/1327/1327 1336/1336/1336
f 1326/1326/1326 1336/1336/1336 1335/1335/1335
f 1327/1327/1327 1328/1328/1328 1337/1337/1337
f 1327/1327/1327 1337/1337/1337 1336/1336/1336
f 1328/1328/1328 1329/1329/1329 1338/1338/1338
f 1328/1328/1328 1338/1338/1338 1337/1337/1337
f 1329/1329/1329 1330/1330/1330 1339/1339/1339
f 1329/1329/1329 1339/1339/1339 1338/1338/1338
f 1330/1330/1330 1331/1331/1331 1340/1340/1340
f 1330/1330/1330 1340/1340/1340 1339/1339/1339
f 1331/1331/1331 1332/1332/1332 1341/1341/1341
f 1331/1331/1331 1341/1341/1341 1340/1340/1340
f 1332/1332/1332 1324/1324/1324 1333/1333/1333
f 1332/1332/1332 1333/1333/1333 1341/1341/1341
f 1333/1333/1333 1334/1334/1334 1343/1343/1343
f 1333/1333/1333 1343/1343/1343 1342/1342/1342
f 1334/1334/1334 1335/1335/1335 1344/1344/1344
f 1334/1334/1334 1344/1344/1344 1343/1343/1343
f 1335/1335/1335 1336/1336/1336 1345/1345/1345
f 1335/1335/1335 1345/1345/1345 1344/1344/1344
f 1336/1336/1336 1337/1337/1337 1346/1346/1346
f 1336/1336/1336 1346/1346/1346 1345/1345/1345
f 1337/1337/1337 1338/1338/1338 1347/1347/1347
f 1337/1337/1337 1347/1347/1347 1346/1346/1346
f 1338/1338/1338 1339/1339/1339 1348/1348/1348
f 1338/1338/1338 1348/1348/1348 1347/1347/1347
f 1339/1339/1339 1340/1340/1340 1349/1349/1349
f 1339/1339/1339 1349/1349/1349 1348/1348/1348
f 1340/1340/1340 1341/1341/1341 1350/1350/1350
f 1340/1340/1340 1350/1350/1350 1349/1349/1349
f 1341/1341/1341 1333/1333/1333 1342/1342/1342
f 1341/1341/1341 1342/1342/1342 1350/1350/1350
f 1351/1351/1351 1352/1352/1352 1361/1361/1361
f 1351/1351/1351 1361/1361/1361 1360/1360/1360
f 1352/1352/1352 1353/1353/1353 1362/1362/1362
f 1352/1352/1352 1362/1362/1362 1361/1361/1361
f 1353/1353/1353 1354/1354/1354 1363/1363/1363
f 1353/1353/1353 1363/1363/1363 1362/1362/1362
f 1354/1354/1354 1355/1355/1355 1364/1364/1364
f 1354/1354/1354 1364/1364/1364 1363/1363/1363
f 1355/1355/1355 1356/1356/1356 1365/1365/1365
f 1355/1355/1355 1365/1365/1365 1364/1364/1364
f 1356/1356/1356 1357/1357/1357 1366/1366/1366
f 1356/1356/1356 1366/1366/1366 1365/1365/1365
f 1357/1357/1357 1358/1358/1358 1367/1367/1367
f 1357/1357/1357 1367/1367/1367 1366/1366/1366
f 1358/1358/1358 1359/1359/1359 1368/1368/1368
f 1358/1358/1358 1368/1368/1368 1367/1367/1367
f 1359/1359/1359 1351/1351/1351 1360/1360/1360
f 1359/1359/1359 1360/1360/1360 1368/1368/1368
f 1360/1360/1360 1361/1361/1361 1370/1370/1370
f 1360/1360/1360 1370/1370/1370 1369/1369/1369
f 1361/1361/1361 1362/1362/1362 1371/1371/1371
f 1361/1361/1361 1371/1371/1371 1370/1370/1370
f 1362/1362/1362 1363/1363/1363 1372/1372/1372
f 1362/1362/1362 1372/1372/1372 1371/1371/1371
f 1363/1363/1363 1364/1364/1364 1373/1373/1373
f 1363/1363/1363 1373/1373/1373 1372/1372/1372
f 1364/1364/1364 1365/1365/1365 1374/1374/1374
f 1364/1364/1364 1374/1374/1374 1373/1373/1373
f 1365/1365/1365 1366/1366/1366 1375/1375/1375
f 1365/1365/1365 1375/1375/1375 1374/1374/1374
f 1366/1366/1366 1367/1367/1367 1376/1376/1376
f 1366/1366/1366 1376/1376/1376 1375/1375/1375
f 1367/1367/1367 1368/1368/1368 1377/1377/1377
f 1367/1367/1367 1377/1377/1377 1376/1376/1376
f 1368/1368/1368 1360/1360/1360 1369/1369/1369
f 1368/1368/1368 1369/1369/1369 1377/1377/1377
f 1369/1369/1369 1370/1370/1370 1379/1379/1379
f 1369/1369/1369 1379/1379/1379 1378/1378/1378
f 1370/1370/1370 1371/1371/1371 1380/1380/1380
f 1370/1370/1370 1380/1380/1380 1379/1379/1379
f 1371/1371/1371 1372/1372/1372 1381/1381/1381
f 1371/1371/1371 1381/1381/1381 1380/1380/1380
f 1372/1372/1372 1373/1373/1373 1382/1382/1382
f 1372/1372/1372 1382/1382/1382 1381/1381/1381
f 1373/1373/1373 1374/1374/1374 1383/1383/1383
f 1373/1373/1373 1383/1383/1383 1382/1382/1382
f 1374/1374/1374 1375/1375/1375 1384/1384/1384
f 1374/1374/1374 1384/1384/1384 1383/1383/1383
f 1375/1375/1375 1376/1376/1376 1385/1385/1385
f 1375/1375/1375 1385/1385/1385 1384/1384/1384
f 1376/1376/1376 1377/1377/1377 1386/1386/1386
f 1376/1376/1376 1386/1386/1386 1385/1385/1385
f 1377/1377/1377 1369/1369/1369 1378/1378/1378
f 1377/1377/1377 1378/1378/1378 1386/1386/1386
f 1378/1378/1378 1379/1379/1379 1388/1388/1388
f 1378/1378/1378 1388/1388/1388 1387/1387/1387
f 1379/1379/1379 1380/1380/1380 1389/1389/1389
f 1379/1379/1379 1389/1389/1389 1388/1388/1388
f 1380/1380/1380 1381/1381/1381 1390/1390/1390
f 1380/1380/1380 1390/1390/1390 1389/1389/1389
f 1381/1381/1381 1382/1382/1382 1391/1391/1391
f 1381/1381/1381 1391/1391/1391 1390/1390/1390
f 1382/1382/1382 1383/1383/1383 1392/1392/1392
f 1382/1382/1382 1392/1392/1392 1391/1391/1391
f 1383/1383/1383 1384/1384/1384 1393/1393/1393
f 1383/1383/1383 1393/1393/1393 1392/1392/1392
f 1384/1384/1384 1385/1385/1385 1394/1394/1394
f 1384/1384/1384 1394/1394/1394 1393/1393/1393
f 1385/1385/1385 1386/1386/1386 1395/1395/1395
f 1385/1385/1385 1395/1395/1395 1394/1394/1394
f 1386/1386/1386 1378/1378/1378 1387/1387/1387
f 1386/1386/1386 1387/1387/1387 1395/1395/1395
f 1387/1387/1387 1388/1388/1388 1397/1397/1397
f 1387/1387/1387 1397/1397/1397 1396/1396/1396
f 1388/1388/1388 1389/1389/1389 1398/1398/1398
f 1388/1388/1388 1398/1398/1398 1397/1397/1397
f 1389/1389/1389 1390/1390/1390 1399/1399/1399
f 1389/1389/1389 1399/1399/1399 1398/1398/1398
f 1390/1390/1390 1391/1391/1391 1400/1400/1400
f 1390/1390/1390 1400/1400/1400 1399/1399/1399
f 1391/1391/1391 1392/1392/1392 1401/1401/1401
f 1391/1391/1391 1401/1401/1401 1400/1400/1400
f 1392/1392/1392 1393/1393/1393 1402/1402/1402
f 1392/1392/1392 1402/1402/1402 1401/1401/1401
f 1393/1393/1393 1394/1394/1394 1403/1403/1403
f 1393/1393/1393 1403/1403/1403 1402/1402/1402
f 1394/1394/1394 1395/1395/1395 1404/1404/1404
f 1394/1394/1394 1404/1404/1404 1403/1403/1403
f 1395/1395/1395 1387/1387/1387 1396/1396/1396
f 1395/1395/1395 1396/1396/1396 1404/1404/1404
f 1405/1405/1405 1406/1406/1406 1415/1415/1415
f 1405/1405/1405 1415/1415/1415 1414/1414/1414
f 1406/1406/1406 1407/1407/1407 1416/1416/1416
f 1406/1406/1406 1416/1416/1416 1415/1415/1415
f 1407/1407/1407 1408/1408/1408 1417/1417/1417
f 1407/1407/1407 1417/1417/1417 1416/1416/1416
f 1408/1408/1408 1409/1409/1409 1418/1418/1418
f 1408/1408/1408 1418/1418/1418 1417/1417/1417
f 1409/1409/1409 1410/1410/1410 1419/1419/1419
f 1409/1409/1409 1419/1419/1419 1418/1418/1418
f 1410/1410/1410 1411/1411/1411 1420/1420/1420
f 1410/1410/1410 1420/1420/1420 1419/1419/1419
f 1411/1411/1411 1412/1412/1412 1421/1421/1421
f 1411/1411/1411 1421/1421/1421 1420/1420/1420
f 1412/1412/1412 1413/1413/1413 1422/1422/1422
f 1412/1412/1412 1422/1422/1422 1421/1421/1421
f 1413/1413/1413 1405/1405/1405 1414/1414/1414
f 1413/1413/1413 1414/1414/1414 1422/1422/1422
f 1414/1414/1414 1415/1415/1415 1424/1424/1424
f 1414/1414/1414 1424/1424/1424 1423/1423/1423
f 1415/1415/1415 1416/1416/1416 1425/1425/1425
f 1415/1415/1415 1425/1425/1425 1424/1424/1424
f 1416/1416/1416 1417/1417/1417 1426/1426/1426
f 1416/1416/1416 1426/1426/1426 1425/1425/1425
f 1417/1417/1417 1418/1418/1418 1427/1427/1427
f 1417/1417/1417 1427/1427/1427 1426/1426/1426
f 1418/1418/1418 1419/1419/1419 1428/1428/1428
f 1418/1418/1418 1428/1428/1428 1427/1427/1427
f 1419/1419/1419 1420/1420/1420 1429/1429/1429
f 1419/1419/1419 1429/1429/1429 1428/1428/1428
f 1420/1420/1420 1421/1421/1421 1430/1430/1430
f 1420/1420/1420 1430/1430/1430 1429/1429/1429
f 1421/1421/1421 1422/1422/1422 1431/1431/1431
f 1421/1421/1421 1431/1431/1431 1430/1430/1430
f 1422/1422/1422 1414/1414/1414 1423/1423/1423
f 1422/1422/1422 1423/1423/1423 1431/1431/1431
f 1423/1423/1423 1424/1424/1424 1433/1433/1433
f 1423/1423/1423 1433/1433/1433 1432/1432/1432
f 1424/1424/1424 1425/1425/1425 1434/1434/1434
f 1424/1424/1424 1434/1434/1434 1433/1433/1433
f 1425/1425/1425 1426/1426/1426 1435/1435/1435
f 1425/1425/1425 1435/1435/1435 1434/1434/1434
f 1426/1426/1426 1427/1427/1427 1436/1436/1436
f 1426/1426/1426 1436/1436/1436 1435/1435/1435
f 1427/1427/1427 1428/1428/1428 1437/1437/1437
f 1427/1427/1427 1437/1437/1437 1436/1436/1436
f 1428/1428/1428 1429/1429/1429 1438/1438/1438
f 1428/1428/1428 1438/1438/1438 1437/1437/1437
f 1429/1429/1429 1430/1430/1430 1439/1439/1439
f 1429/1429/1429 1439/1439/1439 1438/1438/1438
f 1430/1430/1430 1431/1431/1431 1440/1440/1440
f 1430/1430/1430 1440/1440/1440 1439/1439/1439
f 1431/1431/1431 1423/1423/1423 1432/1432/1432
f 1431/1431/1431 1432/1432/1432 1440/1440/1440
f 1432/1432/1432 1433/1433/1433 1442/1442/1442
f 1432/1432/1432 1442/1442/1442 1441/1441/1441
f 1433/1433/1433 1434/1434/1434 1443/1443/1443
f 1433/1433/1433 1443/1443/1443 1442/1442/1442
f 1434/1434/1434 1435/1435/1435 1444/1444/1444
f 1434/1434/1434 1444/1444/1444 1443/1443/1443
f 1435/1435/1435 1436/1436/1436 1445/1445/1445
f 1435/1435/1435 1445/1445/1445 1444/1444/1444
f 1436/1436/1436 1437/1437/1437 1446/1446/1446
f 1436/1436/1436 1446/1446/1446 1445/1445/1445
f 1437/1437/1437 1438/1438/1438 1447/1447/1447
f 1437/1437/1437 1447/1447/1447 1446/1446/1446
f 1438/1438/1438 1439/1439/1439 1448/1448/1448
f 1438/1438/1438 1448/1448/1448 1447/1447/1447
f 1439/1439/1439 1440/1440/1440 1449/1449/1449
f 1439/1439/1439 1449/1449/1449 1448/1448/1448
f 1440/1440/1440 1432/1432/1432 1441/1441/1441
f 1440/1440/1440 1441/1441/1441 1449/1449/1449
f 1441/1441/1441 1442/1442/1442 1451/1451/1451
f 1441/1441/1441 1451/1451/1451 1450/1450/1450
f 1442/1442/1442 1443/1443/1443 1452/1452/1452
f 1442/1442/1442 1452/1452/1452 1451/1451/1451
f 1443/1443/1443 1444/1444/1444 1453/1453/1453
f 1443/1443/1443 1453/1453/1453 1452/1452/1452
f 1444/1444/1444 1445/1445/1445 1454/1454/1454
f 1444/1444/1444 1454/1454/1454 1453/1453/1453
f 1445/1445/1445 1446/1446/1446 1455/1455/1455
f 1445/1445/1445 1455/1455/1455 1454/1454/1454
f 1446/1446/1446 1447/1447/1447 1456/1456/1456
f 1446/1446/1446 1456/1456/1456 1455/1455/1455
f 1447/1447/1447 1448/1448/1448 1457/1457/1457
f 1447/1447/1447 1457/1457/1457 1456/1456/1456
f 1448/1448/1448 1449/1449/1449 1458/1458/1458
f 1448/1448/1448 1458/1458/1458 1457/1457/1457
f 1449/1449/1449 1441/1441/1441 1450/1450/1450
f 1449/1449/1449 1450/1450/1450 1458/1458/1458
f 1459/1459/1459 1460/1460/1460 1469/1469/1469
f 1459/1459/1459 1469/1469/1469 1468/1468/1468
f 1460/1460/1460 1461/1461/1461 1470/1470/1470
f 1460/1460/1460 1470/1470/1470 1469/1469/1469
f 1461/1461/1461 1462/1462/1462 1471/1471/1471
f 1461/1461/1461 1471/1471/1471 1470/1470/1470
f 1462/1462/1462 1463/1463/1463 1472/1472/1472
f 1462/1462/1462 1472/1472/1472 1471/1471/1471
f 1463/1463/1463 1464/1464/1464 1473/1473/1473
f 1463/1463/1463 1473/1473/1473 1472/1472/1472
f 1464/1464/1464 1465/1465/1465 1474/1474/1474
f 1464/1464/1464 1474/1474/1474 1473/1473/1473
f 1465/1465/1465 1466/1466/1466 1475/1475/1475
f 1465/1465/1465 1475/1475/1475 1474/1474/1474
f 1466/1466/1466 1467/1467/1467 1476/1476/1476
f 1466/1466/1466 1476/1476/1476 1475/1475/1475
f 1467/1467/1467 1459/1459/1459 1468/1468/1468
f 1467/1467/1467 1468/1468/1468 1476/1476/1476
f 1468/1468/1468 1469/1469/1469 1478/1478/1478
f 1468/1468/1468 1478/1478/1478 1477/1477/1477
f 1469/1469/1469 1470/1470/1470 1479/1479/1479
f 1469/1469/1469 1479/1479/1479 1478/1478/1478
f 1470/1470/1470 1471/1471/1471 1480/1480/1480
f 1470/1470/1470 1480/1480/1480 1479/1479/1479
f 1471/1471/1471 1472/1472/1472 1481/1481/1481
f 1471/1471/1471 1481/1481/1481 1480/1480/1480
f 1472/1472/1472 1473/1473/1473 1482/1482/1482
f 1472/1472/1472 1482/1482/1482 1481/1481/1481
f 1473/1473/1473 1474/1474/1474 1483/1483/1483
f 1473/1473/1473 1483/1483/1483 1482/1482/1482
f 1474/1474/1474 1475/1475/1475 1484/1484/1484
f 1474/1474/1474 1484/1484/1484 1483/1483/1483
f 1475/1475/1475 1476/1476/1476 1485/1485/1485
f 1475/1475/1475 1485/1485/1485 1484/1484/1484
f 1476/1476/1476 1468/1468/1468 1477/1477/1477
f 1476/1476/1476 1477/1477/1477 1485/1485/1485
f 1477/1477/1477 1478/1478/1478 1487/1487/1487
f 1477/1477/1477 1487/1487/1487 1486/1486/1486
f 1478/1478/1478 1479/1479/1479 1488/1488/1488
f 1478/1478/1478 1488/1488/1488 1487/1487/1487
f 1479/1479/1479 1480/1480/1480 1489/1489/1489
f 1479/1479/1479 1489/1489/1489 1488/1488/1488
f 1480/1480/1480 1481/1481/1481 1490/1490/1490
f 1480/1480/1480 1490/1490/1490 1489/1489/1489
f 1481/1481/1481 1482/1482/1482 1491/1491/1491
f 1481/1481/1481 1491/1491/1491 1490/1490/1490
f 1482/1482/1482 1483/1483/1483 1492/1492/1492
f 1482/1482/1482 1492/1492/1492 1491/1491/1491
f 1483/1483/1483 1484/1484/1484 1493/1493/1493
f 1483/1483/1483 1493/1493/1493 1492/1492/1492
f 1484/1484/1484 1485/1485/1485 1494/1494/1494
f 1484/1484/1484 1494/1494/1494 1493/1493/1493
f 1485/1485/1485 1477/1477/1477 1486/1486/1486
f 1485/1485/1485 1486/1486/1486 1494/1494/1494
f 1486/1486/1486 1487/1487/1487 1496/1496/1496
f 1486/1486/1486 1496/1496/1496 1495/1495/1495
f 1487/1487/1487 1488/1488/1488 1497/1497/1497
f 1487/1487/1487 1497/1497/1497 1496/1496/1496
f 1488/1488/1488 1489/1489/1489 1498/1498/1498
f 1488/1488/1488 1498/1498/1498 1497/1497/1497
f 1489/1489/1489 1490/1490/1490 1499/1499/1499
f 1489/1489/1489 1499/1499/1499 1498/1498/1498
f 1490/1490/1490 1491/1491/1491 1500/1500/1500
f 1490/1490/1490 1500/1500/1500 1499/1499/1499
f 1491/1491/1491 1492/1492/1492 1501/1501/1501
f 1491/1491/1491 1501/1501/1501 1500/1500/1500
f 1492/1492/1492 1493/1493/1493 1502/1502/1502
f 1492/1492/1492 1502/1502/1502 1501/1501/1501
f 1493/1493/1493 1494/1494/1494 1503/1503/1503
f 1493/1493/1493 1503/1503/1503 1502/1502/1502
f 1494/1494/1494 1486/1486/1486 1495/1495/1495
f 1494/1494/1494 1495/1495/1495 1503/1503/1503
f 1495/1495/1495 1496/1496/1496 1505/1505/1505
f 1495/1495/1495 1505/1505/1505 1504/1504/1504
f 1496/1496/1496 1497/1497/1497 1506/1506/1506
f 1496/1496/1496 1506/1506/1506 1505/1505/1505
f 1497/1497/1497 1498/1498/1498 1507/1507/1507
f 1497/1497/1497 1507/1507/1507 1506/1506/1506
f 1498/1498/1498 1499/1499/1499 1508/1508/1508
f 1498/1498/1498 1508/1508/1508 1507/1507/1507
f 1499/1499/1499 1500/1500/1500 1509/1509/1509
f 1499/1499/1499 1509/1509/1509 1508/1508/1508
f 1500/1500/1500 1501/1501/1501 1510/1510/1510
f 1500/1500/1500 1510/1510/1510 1509/1509/1509
f 1501/1501/1501 1502/1502/1502 1511/1511/1511
f 1501/1501/1501 1511/1511/1511 1510/1510/1510
f 1502/1502/1502 1503/1503/1503 1512/1512/1512
f 1502/1502/1502 1512/1512/1512 1511/1511/1511
f 1503/1503/1503 1495/1495/1495 1504/1504/1504
f 1503/1503/1503 1504/1504/1504 1512/1512/1512
f 1513/1513/1513 1514/1514/1514 1523/1523/1523
f 1513/1513/1513 1523/1523/1523 1522/1522/1522
f 1514/1514/1514 1515/1515/1515 1524/1524/1524
f 1514/1514/1514 1524/1524/1524 1523/1523/1523
f 1515/1515/1515 1516/1516/1516 1525/1525/1525
f 1515/1515/1515 1525/1525/1525 1524/1524/1524
f 1516/1516/1516 1517/1517/1517 1526/1526/1526
f 1516/1516/1516 1526/1526/1526 1525/1525/1525
f 1517/1517/1517 1518/1518/1518 1527/1527/1527
f 1517/1517/1517 1527/1527/1527 1526/1526/1526
f 1518/1518/1518 1519/1519/1519 1528/1528/1528
f 1518/1518/1518 1528/1528/1528 1527/1527/1527
f 1519/1519/1519 1520/1520/1520 1529/1529/1529
f 1519/1519/1519 1529/1529/1529 1528/1528/1528
f 1520/1520/1520 1521/1521/1521 1530/1530/1530
f 1520/1520/1520 1530/1530/1530 1529/1529/1529
f 1521/1521/1521 1513/1513/1513 1522/1522/1522
f 1521/1521/1521 1522/1522/1522 1530/1530/1530
f 1522/1522/1522 1523/1523/1523 1532/1532/1532
f 1522/1522/1522 1532/1532/1532 1531/1531/1531
f 1523/1523/1523 1524/1524/1524 1533/1533/1533
f 1523/1523/1523 1533/1533/1533 1532/1532/1532
f 1524/1524/1524 1525/1525/1525 1534/1534/1534
f 1524/1524/1524 1534/1534/1534 1533/1533/1533
f 1525/1525/1525 1526/1526/1526 1535/1535/1535
f 1525/1525/1525 1535/1535/1535 1534/1534/1534
f 1526/1526/1526 1527/1527/1527 1536/1536/1536
f 1526/1526/1526 1536/1536/1536 1535/1535/1535
f 1527/1527/1527 1528/1528/1528 1537/1537/1537
f 1527/1527/1527 1537/1537/1537 1536/1536/1536
f 1528/1528/1528 1529/1529/1529 1538/1538/1538
f 1528/1528/1528 1538/1538/1538 1537/1537/1537
f 1529/1529/1529 1530/1530/1530 1539/1539/1539
f 1529/1529/1529 1539/1539/1539 1538/1538/1538
f 1530/1530/1530 1522/1522/1522 1531/1531/1531
f 1530/1530/1530 1531/1531/1531 1539/1539/1539
f 1531/1531/1531 1532/1532/1532 1541/1541/1541
f 1531/1531/1531 1541/1541/1541 1540/1540/1540
f 1532/1532/1532 1533/1533/1533 1542/1542/1542
f 1532/1532/1532 1542/1542/1542 1541/1541/1541
f 1533/1533/1533 1534/1534/1534 1543/1543/1543
f 1533/1533/1533 1543/1543/1543 1542/1542/1542
f 1534/1534/1534 1535/1535/1535 1544/1544/1544
f 1534/1534/1534 1544/1544/1544 1543/1543/1543
f 1535/1535/1535 1536/1536/1536 1545/1545/1545
f 1535/1535/1535 1545/1545/1545 1544/1544/1544
f 1536/1536/1536 1537/1537/1537 1546/1546/1546
f 1536/1536/1536 1546/1546/1546 1545/1545/1545
f 1537/1537/1537 1538/1538/1538 1547/1547/1547
f 1537/1537/1537 1547/1547/1547 1546/1546/1546
f 1538/1538/1538 1539/1539/1539 1548/1548/1548
f 1538/1538/1538 1548/1548/1548 1547/1547/1547
f 1539/1539/1539 1531/1531/1531 1540/1540/1540
f 1539/1539/1539 1540/1540/1540 1548/1548/1548
f 1540/1540/1540 1541/1541/1541 1550/1550/1550
f 1540/1540/1540 1550/1550/1550 1549/1549/1549
f 1541/1541/1541 1542/1542/1542 1551/1551/1551
f 1541/1541/1541 1551/1551/1551 1550/1550/1550
f 1542/1542/1542 1543/1543/1543 1552/1552/1552
f 1542/1542/1542 1552/1552/1552 1551/1551/1551
f 1543/1543/1543 1544/1544/1544 1553/1553/1553
f 1543/1543/1543 1553/1553/1553 1552/1552/1552
f 1544/1544/1544 1545/1545/1545 1554/1554/1554
f 1544/1544/1544 1554/1554/1554 1553/1553/1553
f 1545/1545/1545 1546/1546/1546 1555/1555/1555
f 1545/1545/1545 1555/1555/1555 1554/1554/1554
f 1546/1546/1546 1547/1547/1547 1556/1556/1556
f 1546/1546/1546 1556/1556/1556 1555/1555/1555
f 1547/1547/1547 1548/1548/1548 1557/1557/1557
f 1547/1547/1547 1557/1557/1557 1556/1556/1556
f 1548/1548/1548 1540/1540/1540 1549/1549/1549
f 1548/1548/1548 1549/1549/1549 1557/1557/1557
f 1549/1549/1549 1550/1550/1550 1559/1559/1559
f 1549/1549/1549 1559/1559/1559 1558/1558/1558
f 1550/1550/1550 1551/1551/1551 1560/1560/1560
f 1550/1550/1550 1560/1560/1560 1559/1559/1559
f 1551/1551/1551 1552/1552/1552 1561/1561/1561
f 1551/1551/1551 1561/1561/1561 1560/1560/1560
f 1552/1552/1552 1553/1553/1553 1562/1562/1562
f 1552/1552/1552 1562/1562/1562 1561/1561/1561
f 1553/1553/1553 1554/1554/1554 1563/1563/1563
f 1553/1553/1553 1563/1563/1563 1562/1562/1562
f 1554/1554/1554 1555/1555/1555 1564/1564/1564
f 1554/1554/1554 1564/1564/1564 1563/1563/1563
f 1555/1555/1555 1556/1556/1556 1565/1565/1565
f 1555/1555/1555 1565/1565/1565 1564/1564/1564
f 1556/1556/1556 1557/1557/1557 1566/1566/1566
f 1556/1556/1556 1566/1566/1566 1565/1565/1565
f 1557/1557/1557 1549/1549/1549 1558/1558/1558
f 1557/1557/1557 1558/1558/1558 1566/1566/1566
f 1567/1567/1567 1568/1568/1568 1577/1577/1577
f 1567/1567/1567 1577/1577/1577 1576/1576/1576
f 1568/1568/1568 1569/1569/1569 1578/1578/1578
f 1568/1568/1568 1578/1578/1578 1577/1577/1577
f 1569/1569/1569 1570/1570/1570 1579/1579/1579
f 1569/1569/1569 1579/1579/1579 1578/1578/1578
f 1570/1570/1570 1571/1571/1571 1580/1580/1580
f 1570/1570/1570 1580/1580/1580 1579/1579/1579
f 1571/1571/1571 1572/1572/1572 1581/1581/1581
f 1571/1571/1571 1581/1581/1581 1580/1580/1580
f 1572/1572/1572 1573/1573/1573 1582/1582/1582
f 1572/1572/1572 1582/1582/1582 1581/1581/1581
f 1573/1573/1573 1574/1574/1574 1583/1583/1583
f 1573/1573/1573 1583/1583/1583 1582/1582/1582
f 1574/1574/1574 1575/1575/1575 1584/1584/1584
f 1574/1574/1574 1584/1584/1584 1583/1583/1583
f 1575/1575/1575 1567/1567/1567 1576/1576/1576
f 1575/1575/1575 1576/1576/1576 1584/1584/1584
f 1576/1576/1576 1577/1577/1577 1586/1586/1586
f 1576/1576/1576 1586/1586/1586 1585/1585/1585
f 1577/1577/1577 1578/1578/1578 1587/1587/1587
f 1577/1577/1577 1587/1587/1587 1586/1586/1586
f 1578/1578/1578 1579/1579/1579 1588/1588/1588
f 1578/1578/1578 1588/1588/1588 1587/1587/1587
f 1579/1579/1579 1580/1580/1580 1589/1589/1589
f 1579/1579/1579 1589/1589/1589 1588/1588/1588
f 1580/1580/1580 1581/1581/1581 1590/1590/1590
f 1580/1580/1580 1590/1590/1590 1589/1589/1589
f 1581/1581/1581 1582/1582/1582 1591/1591/1591
f 1581/1581/1581 1591/1591/1591 1590/1590/1590
f 1582/1582/1582 1583/1583/1583 1592/1592/1592
f 1582/1582/1582 1592/1592/1592 1591/1591/1591
f 1583/1583/1583 1584/1584/1584 1593/1593/1593
f 1583/1583/1583 1593/1593/1593 1592/1592/1592
f 1584/1584/1584 1576/1576/1576 1585/1585/1585
f 1584/1584/1584 1585/1585/1585 1593/1593/1593
f 1585/1585/1585 1586/1586/1586 1595/1595/1595
f 1585/1585/1585 1595/1595/1595 1594/1594/1594
f 1586/1586/1586 1587/1587/1587 1596/1596/1596
f 1586/1586/1586 1596/1596/1596 1595/1595/1595
f 1587/1587/1587 1588/1588/1588 1597/1597/1597
f 1587/1587/1587 1597/1597/1597 1596/1596/1596
f 1588/1588/1588 1589/1589/1589 1598/1598/1598
f 1588/1588/1588 1598/1598/1598 1597/1597/1597
f 1589/1589/1589 1590/1590/1590 1599/1599/1599
f 1589/1589/1589 1599/1599/1599 1598/1598/1598
f 1590/1590/1590 1591/1591/1591 1600/1600/1600
f 1590/1590/1590 1600/1600/1600 1599/1599/1599
f 1591/1591/1591 1592/1592/1592 1601/1601/1601
f 1591/1591/1591 1601/1601/1601 1600/1600/1600
f 1592/1592/1592 1593/1593/1593 1602/1602/1602
f 1592/1592/1592 1602/1602/1602 1601/1601/1601
f 1593/1593/1593 1585/1585/1585 1594/1594/1594
f 1593/1593/1593 1594/1594/1594 1602/1602/1602
f 1594/1594/1594 1595/1595/1595 1604/1604/1604
f 1594/1594/1594 1604/1604/1604 1603/1603/1603
f 1595/1595/1595 1596/1596/1596 1605/1605/1605
f 1595/1595/1595 1605/1605/1605 1604/1604/1604
f 1596/1596/1596 1597/1597/1597 1606/1606/1606
f 1596/1596/1596 1606/1606/1606 1605/1605/1605
f 1597/1597/1597 1598/1598/1598 1607/1607/1607
f 1597/1597/1597 1607/1607/1607 1606/1606/1606
f 1598/1598/1598 1599/1599/1599 1608/1608/1608
f 1598/1598/1598 1608/1608/1608 1607/1607/1607
f 1599/1599/1599 1600/1600/1600 1609/1609/1609
f 1599/1599/1599 1609/1609/1609 1608/1608/1608
f 1600/1600/1600 1601/1601/1601 1610/1610/1610
f 1600/1600/1600 1610/1610/1610 1609/1609/1609
f 1601/1601/1601 1602/1602/1602 1611/1611/1611
f 1601/1601/1601 1611/1611/1611 1610/1610/1610
f 1602/1602/1602 1594/1594/1594 1603/1603/1603
f 1602/1602/1602 1603/1603/1603 1611/1611/1611
f 1603/1603/1603 1604/1604/1604 1613/1613/1613
f 1603/1603/1603 1613/1613/1613 1612/1612/1612
f 1604/1604/1604 1605/1605/1605 1614/1614/1614
f 1604/1604/1604 1614/1614/1614 1613/1613/1613
f 1605/1605/1605 1606/1606/1606 1615/1615/1615
f 1605/1605/1605 1615/1615/1615 1614/1614/1614
f 1606/1606/1606 1607/1607/1607 1616/1616/1616
f 1606/1606/1606 1616/1616/1616 1615/1615/1615
f 1607/1607/1607 1608/1608/1608 1617/1617/1617
f 1607/1607/1607 1617/1617/1617 1616/1616/1616
f 1608/1608/1608 1609/1609/1609 1618/1618/1618
f 1608/1608/1608 1618/1618/1618 1617/1617/1617
f 1609/1609/1609 1610/1610/1610 1619/1619/1619
f 1609/1609/1609 1619/1619/1619 1618/1618/1618
f 1610/1610/1610 1611/1611/1611 1620/1620/1620
f 1610/1610/1610 1620/1620/1620 1619/1619/1619
f 1611/1611/1611 1603/1603/1603 1612/1612/1612
f 1611/1611/1611 1612/1612/1612 1620/1620/1620
