# sandbag_07
mtllib props.mtl
o sandbag_07
usemtl Burlap
v -0.726385 0.215676 -0.188650
v -0.718043 0.206178 -0.209621
v -0.732827 0.226299 -0.211892
v -0.727086 0.225967 -0.207349
v -0.724257 0.221532 -0.198626
v -0.722922 0.206165 -0.193022
v -0.738842 0.223297 -0.201547
v -0.738443 0.209880 -0.184890
v -0.733315 0.227997 -0.204410
v -0.587511 0.210074 -0.219366
v -0.592823 0.205526 -0.143681
v -0.685354 0.210182 -0.092928
v -0.794606 0.191086 -0.093763
v -0.850381 0.206947 -0.159647
v -0.869136 0.203491 -0.207816
v -0.806677 0.204700 -0.271121
v -0.728849 0.190899 -0.300029
v -0.623229 0.215941 -0.275874
v -0.486128 0.135183 -0.231471
v -0.517465 0.147126 -0.103362
v -0.642839 0.168468 -0.001471
v -0.804397 0.140088 -0.011842
v -0.935188 0.103977 -0.128301
v -0.937366 0.129437 -0.221904
v -0.865254 0.135591 -0.362997
v -0.724033 0.142421 -0.400087
v -0.571201 0.144303 -0.351580
v -0.485751 0.095671 -0.235149
v -0.535075 0.093467 -0.099089
v -0.651766 0.110969 -0.011246
v -0.810455 0.084807 -0.001906
v -0.935192 0.066765 -0.124271
v -0.932210 0.075894 -0.216932
v -0.859174 0.059125 -0.345939
v -0.705334 0.073716 -0.400949
v -0.573345 0.106443 -0.354206
v -0.582206 0.050432 -0.215197
v -0.609080 0.047403 -0.123102
v -0.675138 0.053983 -0.070106
v -0.771104 0.053120 -0.071653
v -0.853002 0.035637 -0.128050
v -0.858827 0.032828 -0.217872
v -0.790692 0.043568 -0.286579
v -0.701675 0.037564 -0.308230
v -0.607609 0.064001 -0.293771
v -0.707677 0.030316 -0.186411
v -0.715562 0.041772 -0.179451
v -0.718414 0.029658 -0.190159
v -0.728630 0.025078 -0.196707
v -0.701971 0.050501 -0.184081
v -0.725479 0.035892 -0.196978
v -0.715718 0.051236 -0.180007
v -0.700864 0.036289 -0.183573
v -0.716492 0.054691 -0.198162
v -0.240844 0.221450 -0.153181
v -0.258272 0.217974 -0.174172
v -0.252713 0.208160 -0.158147
v -0.246407 0.225074 -0.157431
v -0.266259 0.217661 -0.178679
v -0.266763 0.217918 -0.178911
v -0.248323 0.213274 -0.167233
v -0.255780 0.206646 -0.157873
v -0.265206 0.218065 -0.179105
v -0.096489 0.182455 -0.178924
v -0.123887 0.177096 -0.122475
v -0.233179 0.191327 -0.068413
v -0.332967 0.213681 -0.069863
v -0.412707 0.212435 -0.132469
v -0.387227 0.214286 -0.179097
v -0.343033 0.216895 -0.250542
v -0.230386 0.199929 -0.251099
v -0.122526 0.195138 -0.229761
v -0.016811 0.121971 -0.170469
v -0.043111 0.115155 -0.064918
v -0.203087 0.143921 0.010557
v -0.372368 0.145421 -0.004838
v -0.493563 0.149765 -0.124152
v -0.494447 0.157886 -0.187724
v -0.372887 0.145085 -0.338978
v -0.228507 0.152953 -0.373345
v -0.090293 0.130849 -0.288436
v -0.011401 0.081589 -0.190717
v -0.058007 0.077847 -0.089026
v -0.212739 0.081193 0.028391
v -0.368345 0.099329 0.019069
v -0.505188 0.096710 -0.124453
v -0.508862 0.124190 -0.215343
v -0.379677 0.112142 -0.325235
v -0.224737 0.090251 -0.371794
v -0.089677 0.074721 -0.309329
v -0.092229 0.041249 -0.193245
v -0.129253 0.038091 -0.111897
v -0.227528 0.031817 -0.057306
v -0.347493 0.072803 -0.069736
v -0.412899 0.071579 -0.120733
v -0.405564 0.061998 -0.190502
v -0.341241 0.054297 -0.250705
v -0.230522 0.065996 -0.280457
v -0.163471 0.062637 -0.236561
v -0.272195 0.048708 -0.186861
v -0.253900 0.028410 -0.170403
v -0.257445 0.027084 -0.172083
v -0.274844 0.027012 -0.168159
v -0.254558 0.024301 -0.186971
v -0.270574 0.037794 -0.173758
v -0.255292 0.040815 -0.167670
v -0.258675 0.025813 -0.161983
v -0.273818 0.042275 -0.172303
v 0.186229 0.208544 -0.160185
v 0.194570 0.217944 -0.162399
v 0.186994 0.217997 -0.185088
v 0.198378 0.204486 -0.180901
v 0.191539 0.213781 -0.182955
v 0.204401 0.196474 -0.162508
v 0.198240 0.207766 -0.181538
v 0.185658 0.223604 -0.173214
v 0.192868 0.198629 -0.160736
v 0.331330 0.208567 -0.181601
v 0.323958 0.188339 -0.127641
v 0.240481 0.191829 -0.097700
v 0.140572 0.183229 -0.100315
v 0.067610 0.181241 -0.112540
v 0.056996 0.189775 -0.204038
v 0.118347 0.207891 -0.249929
v 0.207918 0.208346 -0.267858
v 0.306281 0.191562 -0.263953
v 0.449934 0.140569 -0.199505
v 0.386917 0.148559 -0.104211
v 0.254006 0.121111 0.003971
v 0.106278 0.120806 -0.003927
v -0.028690 0.114450 -0.114314
v -0.032937 0.117421 -0.192666
v 0.073300 0.151062 -0.338710
v 0.210662 0.162554 -0.384028
v 0.375614 0.157761 -0.316202
v 0.423079 0.108486 -0.209301
v 0.387869 0.084493 -0.094354
v 0.270259 0.063391 0.013394
v 0.115940 0.054237 0.007096
v -0.019721 0.072127 -0.102297
v -0.035456 0.099164 -0.202884
v 0.066975 0.103738 -0.349018
v 0.203393 0.099849 -0.374615
v 0.351378 0.097701 -0.304940
v 0.342446 0.055475 -0.217581
v 0.313958 0.063728 -0.130242
v 0.230430 0.061333 -0.079813
v 0.143964 0.044659 -0.072253
v 0.080482 0.053204 -0.125793
v 0.052631 0.065687 -0.194784
v 0.132043 0.071743 -0.274578
v 0.224783 0.081680 -0.309951
v 0.314441 0.066906 -0.283521
v 0.190612 0.051032 -0.181365
v 0.216655 0.034458 -0.181826
v 0.186438 0.043192 -0.199909
v 0.189052 0.053835 -0.178876
v 0.195833 0.033937 -0.182675
v 0.203186 0.055555 -0.172474
v 0.198436 0.048389 -0.176204
v 0.207970 0.042958 -0.190100
v 0.211036 0.054557 -0.179376
v 0.655618 0.223363 -0.172261
v 0.656722 0.208307 -0.165383
v 0.665305 0.211309 -0.157606
v 0.647834 0.223121 -0.184560
v 0.661649 0.210373 -0.179742
v 0.668400 0.207802 -0.180483
v 0.663355 0.220657 -0.173489
v 0.666957 0.219312 -0.154520
v 0.647548 0.225397 -0.166575
v 0.821436 0.190244 -0.165912
v 0.760673 0.183072 -0.099227
v 0.684944 0.188586 -0.085341
v 0.571176 0.193898 -0.077332
v 0.501842 0.204076 -0.138902
v 0.520577 0.176875 -0.214616
v 0.586434 0.203638 -0.256581
v 0.669884 0.177382 -0.269083
v 0.778624 0.202959 -0.228115
v 0.920701 0.146937 -0.166650
v 0.857344 0.157802 -0.061739
v 0.696820 0.146415 0.040077
v 0.537590 0.154208 0.013434
v 0.416508 0.127292 -0.118185
v 0.410722 0.114012 -0.218850
v 0.546633 0.133994 -0.345723
v 0.705006 0.148717 -0.363203
v 0.842766 0.127386 -0.269858
v 0.897308 0.117354 -0.169075
v 0.835354 0.101757 -0.048618
v 0.692469 0.093512 0.035996
v 0.545630 0.081559 0.030925
v 0.442659 0.105232 -0.115234
v 0.413136 0.071445 -0.201465
v 0.541337 0.088201 -0.343502
v 0.686781 0.079840 -0.389237
v 0.845314 0.100406 -0.276405
v 0.810530 0.062160 -0.164997
v 0.773990 0.050438 -0.102610
v 0.701256 0.056025 -0.045842
v 0.594535 0.068402 -0.057634
v 0.508950 0.044424 -0.111094
v 0.526570 0.064323 -0.208197
v 0.589957 0.061950 -0.275728
v 0.671811 0.065961 -0.295034
v 0.765872 0.042385 -0.230916
v 0.665435 0.029456 -0.166691
v 0.650442 0.027439 -0.150599
v 0.673424 0.044276 -0.179851
v 0.662658 0.058563 -0.174129
v 0.668764 0.036269 -0.170339
v 0.674276 0.046583 -0.175593
v 0.667945 0.047150 -0.173936
v 0.675685 0.050338 -0.161169
v 0.660024 0.030276 -0.156196
v -0.483331 0.408936 -0.186944
v -0.472579 0.415941 -0.189100
v -0.488658 0.414217 -0.190092
v -0.489029 0.393352 -0.185638
v -0.480796 0.396480 -0.171329
v -0.472550 0.394014 -0.185955
v -0.485907 0.400675 -0.173051
v -0.494999 0.419779 -0.185024
v -0.474145 0.411984 -0.179097
v -0.338706 0.374991 -0.180537
v -0.355058 0.397422 -0.136361
v -0.462158 0.388504 -0.076284
v -0.555225 0.390911 -0.115226
v -0.624971 0.391151 -0.147606
v -0.636421 0.400524 -0.209620
v -0.569428 0.394544 -0.269778
v -0.460751 0.389915 -0.279430
v -0.354541 0.379498 -0.240016
v -0.232455 0.314196 -0.192053
v -0.296655 0.351315 -0.062287
v -0.454532 0.362455 -0.006995
v -0.615383 0.349412 -0.016892
v -0.719240 0.340501 -0.141729
v -0.724807 0.318637 -0.209282
v -0.634650 0.324361 -0.323292
v -0.456722 0.323314 -0.353884
v -0.286142 0.327621 -0.268227
v -0.253084 0.280723 -0.173828
v -0.293634 0.291892 -0.074279
v -0.450529 0.302171 0.013579
v -0.616223 0.294889 -0.001747
v -0.720227 0.292169 -0.119742
v -0.740841 0.295083 -0.198913
v -0.622163 0.269263 -0.321495
v -0.434938 0.281117 -0.368050
v -0.284320 0.263579 -0.267336
v -0.338103 0.248599 -0.169722
v -0.370409 0.267862 -0.116501
v -0.448001 0.271312 -0.057007
v -0.568758 0.248520 -0.075701
v -0.646856 0.247437 -0.115786
v -0.638147 0.239009 -0.190535
v -0.576179 0.233124 -0.251164
v -0.474126 0.236914 -0.266319
v -0.379427 0.258141 -0.238102
v -0.478807 0.234748 -0.169666
v -0.504713 0.230638 -0.182517
v -0.501884 0.229724 -0.179228
v -0.483640 0.229189 -0.163914
v -0.503666 0.240948 -0.158296
v -0.504792 0.233276 -0.165743
v -0.476235 0.236713 -0.164359
v -0.495205 0.253988 -0.180104
v -0.480075 0.235940 -0.177456
v -0.046746 0.409540 -0.169769
v -0.043549 0.418034 -0.156189
v -0.044526 0.427411 -0.160972
v -0.038061 0.420965 -0.153350
v -0.030079 0.437080 -0.156454
v -0.039317 0.433369 -0.157277
v -0.023586 0.429577 -0.167496
v -0.019720 0.435877 -0.165588
v -0.036220 0.429877 -0.162772
v 0.087960 0.400746 -0.137730
v 0.072912 0.402179 -0.094662
v -0.003964 0.396909 -0.066903
v -0.118505 0.397051 -0.085599
v -0.160248 0.397970 -0.128501
v -0.161903 0.403236 -0.214959
v -0.086061 0.384655 -0.258494
v -0.005456 0.401499 -0.262992
v 0.092199 0.395823 -0.210859
v 0.186739 0.326456 -0.139860
v 0.120683 0.349384 -0.025603
v -0.016208 0.346037 0.029061
v -0.139752 0.355782 0.003760
v -0.234519 0.312165 -0.121517
v -0.233427 0.312499 -0.214035
v -0.127196 0.335422 -0.334421
v 0.018790 0.340663 -0.356449
v 0.146461 0.350955 -0.258096
v 0.192643 0.292499 -0.133822
v 0.116404 0.304121 -0.006889
v -0.016313 0.281461 0.065262
v -0.162320 0.276803 0.005928
v -0.234332 0.288767 -0.133666
v -0.237104 0.271535 -0.209330
v -0.121542 0.276088 -0.338044
v 0.034498 0.271652 -0.337842
v 0.155595 0.274421 -0.240326
v 0.100704 0.255264 -0.128036
v 0.073253 0.267004 -0.086392
v -0.011897 0.238109 -0.040775
v -0.106039 0.262630 -0.073448
v -0.170271 0.231627 -0.118782
v -0.166933 0.252293 -0.217806
v -0.097891 0.238866 -0.261510
v 0.002520 0.251377 -0.272085
v 0.083719 0.238731 -0.208773
v -0.020747 0.223345 -0.158410
v -0.028290 0.243079 -0.143765
v -0.037353 0.240821 -0.145469
v -0.039179 0.220667 -0.146610
v -0.025438 0.225595 -0.139164
v -0.029570 0.221973 -0.151847
v -0.035107 0.233610 -0.141330
v -0.030755 0.222250 -0.145616
v -0.037987 0.217417 -0.155322
v 0.442623 0.436393 -0.180742
v 0.444713 0.425224 -0.186409
v 0.428752 0.409217 -0.183937
v 0.447884 0.416101 -0.192554
v 0.442463 0.412681 -0.189740
v 0.421671 0.429321 -0.201967
v 0.425913 0.432176 -0.193294
v 0.425937 0.419845 -0.193412
v 0.450475 0.409293 -0.200222
v 0.563069 0.395196 -0.164938
v 0.539594 0.408028 -0.114421
v 0.459860 0.395934 -0.107032
v 0.369301 0.391460 -0.118998
v 0.293923 0.420395 -0.162300
v 0.303903 0.386718 -0.223813
v 0.357734 0.397852 -0.285973
v 0.473456 0.384777 -0.266766
v 0.535736 0.395432 -0.245541
v 0.637242 0.331839 -0.156498
v 0.584969 0.326950 -0.062141
v 0.462159 0.353347 -0.008391
v 0.321660 0.367361 -0.023885
v 0.220614 0.334807 -0.138243
v 0.240239 0.347977 -0.255172
v 0.336455 0.343257 -0.353117
v 0.487146 0.340559 -0.372101
v 0.608522 0.338671 -0.279707
v 0.653664 0.267461 -0.168672
v 0.598415 0.281748 -0.053091
v 0.466506 0.281409 0.004184
v 0.316075 0.283734 -0.026737
v 0.221788 0.304690 -0.145493
v 0.223894 0.293034 -0.258953
v 0.332987 0.267017 -0.369589
v 0.475357 0.261672 -0.356244
v 0.612227 0.277014 -0.279516
v 0.557068 0.252933 -0.174054
v 0.540015 0.232881 -0.115099
v 0.448182 0.242154 -0.056218
v 0.354034 0.242525 -0.085650
v 0.293580 0.249778 -0.145167
v 0.291113 0.252866 -0.225582
v 0.353377 0.255287 -0.262771
v 0.470168 0.249515 -0.290221
v 0.528134 0.226102 -0.241545
v 0.434113 0.218014 -0.189717
v 0.427597 0.223738 -0.173221
v 0.418209 0.234434 -0.185960
v 0.429968 0.218427 -0.181790
v 0.418844 0.231389 -0.169425
v 0.416504 0.217015 -0.188272
v 0.429409 0.229263 -0.192384
v 0.432034 0.227135 -0.173876
v 0.432152 0.238357 -0.181399
v 0.717910 0.416633 -0.194979
v 0.722314 0.408501 -0.176355
v 0.728394 0.400672 -0.194179
v 0.708228 0.409863 -0.187153
v 0.719466 0.404109 -0.196602
v 0.729849 0.398650 -0.186544
v 0.727537 0.397363 -0.192578
v 0.727282 0.412113 -0.194386
v 0.708185 0.414523 -0.197618
v 0.874388 0.381488 -0.212802
v 0.823701 0.367068 -0.133164
v 0.739495 0.367306 -0.109263
v 0.658175 0.369860 -0.109864
v 0.580137 0.378987 -0.154412
v 0.570153 0.385689 -0.214455
v 0.642813 0.396232 -0.279262
v 0.725273 0.399072 -0.297042
v 0.836391 0.398487 -0.255139
v 0.954289 0.321209 -0.207473
v 0.901784 0.323151 -0.093686
v 0.774011 0.318920 -0.013648
v 0.618086 0.323121 -0.022918
v 0.492399 0.319073 -0.122429
v 0.494295 0.339974 -0.236325
v 0.584083 0.348254 -0.376789
v 0.736380 0.347154 -0.388984
v 0.902739 0.350314 -0.316919
v 0.948956 0.276959 -0.223176
v 0.904802 0.271338 -0.078112
v 0.775534 0.271380 -0.004555
v 0.592683 0.271106 -0.012008
v 0.481239 0.282773 -0.122780
v 0.497843 0.308639 -0.232171
v 0.576121 0.303523 -0.376805
v 0.746767 0.293662 -0.412245
v 0.885586 0.299567 -0.335169
v 0.856632 0.246639 -0.221783
v 0.828042 0.246547 -0.149383
v 0.752984 0.239850 -0.096772
v 0.633691 0.244531 -0.097538
v 0.573612 0.245506 -0.160007
v 0.584015 0.276890 -0.235229
v 0.623767 0.253981 -0.303078
v 0.721850 0.252021 -0.317443
v 0.830389 0.254772 -0.292129
v 0.725721 0.231445 -0.218389
v 0.718925 0.252988 -0.196577
v 0.704569 0.239278 -0.218445
v 0.705420 0.238566 -0.208972
v 0.710783 0.233146 -0.214881
v 0.705348 0.248319 -0.217444
v 0.711522 0.249097 -0.198913
v 0.702160 0.247259 -0.208053
v 0.705488 0.232886 -0.202830
v -0.729363 0.605810 -0.164497
v -0.721468 0.617600 -0.155233
v -0.732032 0.606620 -0.158272
v -0.731097 0.590922 -0.163795
v -0.724376 0.608086 -0.162632
v -0.726211 0.597658 -0.155742
v -0.716580 0.606440 -0.176057
v -0.711068 0.613907 -0.161556
v -0.710377 0.594523 -0.161638
v -0.585648 0.577470 -0.172241
v -0.621467 0.582957 -0.096131
v -0.709514 0.601112 -0.070793
v -0.788967 0.577094 -0.084374
v -0.863133 0.571922 -0.129310
v -0.850711 0.563024 -0.189835
v -0.793742 0.578559 -0.227477
v -0.703929 0.565602 -0.244054
v -0.625387 0.582552 -0.222410
v -0.489669 0.539960 -0.161624
v -0.531088 0.546462 -0.064604
v -0.672479 0.553841 0.005597
v -0.844993 0.551837 -0.010499
v -0.943050 0.514074 -0.096059
v -0.919653 0.526862 -0.207538
v -0.826171 0.515998 -0.314471
v -0.699202 0.531688 -0.328247
v -0.558903 0.528506 -0.273227
v -0.491361 0.510146 -0.157388
v -0.540204 0.493815 -0.035578
v -0.680871 0.487516 0.033492
v -0.818181 0.486977 0.007148
v -0.922025 0.489529 -0.095780
v -0.937030 0.474658 -0.196589
v -0.839511 0.472749 -0.316187
v -0.697783 0.473725 -0.350929
v -0.544905 0.484671 -0.272805
v -0.567685 0.440952 -0.154343
v -0.595229 0.463356 -0.100674
v -0.698672 0.466868 -0.051507
v -0.788022 0.451675 -0.069433
v -0.841125 0.435755 -0.115624
v -0.837290 0.444602 -0.187077
v -0.798188 0.444663 -0.252841
v -0.692986 0.439471 -0.261766
v -0.629009 0.454747 -0.227717
v -0.712899 0.422146 -0.150690
v -0.726117 0.429822 -0.156326
v -0.715924 0.429359 -0.158597
v -0.711057 0.447622 -0.143041
v -0.724163 0.437612 -0.148635
v -0.708450 0.424295 -0.150831
v -0.723048 0.441603 -0.148509
v -0.726757 0.447053 -0.143866
v -0.704333 0.424806 -0.141455
v -0.240884 0.618504 -0.186452
v -0.255416 0.603902 -0.190282
v -0.243564 0.613578 -0.165433
v -0.249032 0.603463 -0.194082
v -0.250219 0.602280 -0.178677
v -0.263362 0.598380 -0.172274
v -0.248858 0.607290 -0.185677
v -0.267990 0.602448 -0.173723
v -0.253633 0.590869 -0.173696
v -0.103704 0.576646 -0.169237
v -0.142958 0.591649 -0.125534
v -0.231184 0.585007 -0.089849
v -0.329097 0.585801 -0.102356
v -0.399642 0.602005 -0.169338
v -0.383822 0.595138 -0.211576
v -0.320685 0.591795 -0.266222
v -0.214671 0.584054 -0.263293
v -0.125337 0.582004 -0.237579
v -0.023194 0.503799 -0.160090
v -0.066537 0.528064 -0.065344
v -0.224578 0.510107 0.008820
v -0.405745 0.523810 -0.037655
v -0.488877 0.523667 -0.147635
v -0.480394 0.542552 -0.234258
v -0.378815 0.550835 -0.350572
v -0.197480 0.534172 -0.366711
v -0.070446 0.543867 -0.302429
v -0.019332 0.472283 -0.163461
v -0.079774 0.470425 -0.060206
v -0.231196 0.461118 0.006646
v -0.386289 0.486041 -0.025616
v -0.496486 0.498446 -0.162387
v -0.491734 0.506195 -0.244228
v -0.382028 0.498570 -0.372120
v -0.211310 0.502558 -0.396529
v -0.065941 0.481626 -0.296005
v -0.093174 0.438590 -0.187839
v -0.140512 0.441067 -0.123533
v -0.240271 0.430768 -0.078870
v -0.339656 0.455907 -0.098409
v -0.414222 0.460879 -0.170583
v -0.391740 0.468208 -0.229309
v -0.327137 0.455004 -0.280874
v -0.233726 0.439546 -0.287500
v -0.134170 0.433259 -0.264444
v -0.264425 0.438342 -0.200244
v -0.258176 0.449176 -0.203516
v -0.248540 0.426533 -0.194175
v -0.265744 0.436124 -0.178471
v -0.263693 0.425496 -0.201328
v -0.266199 0.426914 -0.195109
v -0.259404 0.423179 -0.204199
v -0.251559 0.442638 -0.198959
v -0.256711 0.443345 -0.181720
v 0.192772 0.612205 -0.175951
v 0.194041 0.613782 -0.164257
v 0.202891 0.597132 -0.177861
v 0.194877 0.601036 -0.156836
v 0.210102 0.601104 -0.158995
v 0.194979 0.591582 -0.171667
v 0.210849 0.613905 -0.179973
v 0.194983 0.606822 -0.172897
v 0.205389 0.594251 -0.175424
v 0.333988 0.576265 -0.184697
v 0.329124 0.584372 -0.123719
v 0.248688 0.593033 -0.077378
v 0.147536 0.593361 -0.070891
v 0.070261 0.597485 -0.116353
v 0.073222 0.598321 -0.200255
v 0.123816 0.599095 -0.234860
v 0.217449 0.581244 -0.269066
v 0.296140 0.594963 -0.240053
v 0.424976 0.515676 -0.178808
v 0.393967 0.509464 -0.073533
v 0.264016 0.524817 -0.000669
v 0.093785 0.530900 0.012515
v -0.006596 0.532020 -0.110060
v -0.022258 0.524023 -0.186842
v 0.075627 0.540195 -0.322117
v 0.219700 0.521557 -0.352617
v 0.366881 0.539378 -0.289013
v 0.447783 0.495216 -0.191531
v 0.379936 0.488893 -0.073569
v 0.268290 0.464209 0.028118
v 0.084547 0.480454 0.013641
v -0.008418 0.502717 -0.113760
v -0.025948 0.490617 -0.206217
v 0.074573 0.480084 -0.327149
v 0.212801 0.489964 -0.366784
v 0.352191 0.470010 -0.297224
v 0.340412 0.446923 -0.176151
v 0.308186 0.438538 -0.120211
v 0.246908 0.448253 -0.066482
v 0.129235 0.447914 -0.088764
v 0.077494 0.461339 -0.131972
v 0.073604 0.454176 -0.191674
v 0.120093 0.456062 -0.250768
v 0.207886 0.444601 -0.291670
v 0.313573 0.454015 -0.256194
v 0.189333 0.436946 -0.184353
v 0.208420 0.435901 -0.182964
v 0.194182 0.433423 -0.178115
v 0.184899 0.424528 -0.184715
v 0.210246 0.445051 -0.172153
v 0.210347 0.449150 -0.175323
v 0.190664 0.431235 -0.162477
v 0.200333 0.443150 -0.168845
v 0.207226 0.427364 -0.169089
v 0.662958 0.597117 -0.166082
v 0.653611 0.599528 -0.168489
v 0.666811 0.613056 -0.173053
v 0.656981 0.620404 -0.171934
v 0.653376 0.605808 -0.164002
v 0.677923 0.599792 -0.164975
v 0.674388 0.609059 -0.175098
v 0.675194 0.597001 -0.183921
v 0.662487 0.600883 -0.163061
v 0.820591 0.570488 -0.178199
v 0.772246 0.586302 -0.121365
v 0.690812 0.591476 -0.077345
v 0.597888 0.587366 -0.096257
v 0.532723 0.589259 -0.155058
v 0.527954 0.597135 -0.210913
v 0.606569 0.605205 -0.258509
v 0.685210 0.576919 -0.267696
v 0.773472 0.577620 -0.233922
v 0.897872 0.509470 -0.159149
v 0.838685 0.531502 -0.069831
v 0.693167 0.520604 0.011231
v 0.555830 0.555638 -0.014131
v 0.446975 0.532245 -0.137956
v 0.448914 0.534889 -0.228769
v 0.544374 0.534763 -0.344738
v 0.706276 0.525918 -0.354626
v 0.853775 0.514926 -0.277045
v 0.891317 0.481202 -0.184090
v 0.844179 0.462200 -0.067332
v 0.693351 0.477386 0.000421
v 0.548854 0.474514 -0.000848
v 0.433316 0.498858 -0.142041
v 0.436634 0.493425 -0.235451
v 0.542111 0.485857 -0.351888
v 0.709737 0.461885 -0.359983
v 0.849128 0.472017 -0.292303
v 0.814024 0.440267 -0.163055
v 0.763571 0.433136 -0.104841
v 0.672094 0.437890 -0.077820
v 0.575083 0.464950 -0.076923
v 0.522280 0.451969 -0.149099
v 0.533407 0.465119 -0.202962
v 0.574685 0.447262 -0.253643
v 0.688445 0.453680 -0.272932
v 0.756791 0.450204 -0.247455
v 0.642934 0.446594 -0.168325
v 0.643537 0.438892 -0.165989
v 0.658730 0.438248 -0.178821
v 0.652415 0.419138 -0.169296
v 0.658499 0.432931 -0.167938
v 0.666578 0.444622 -0.186683
v 0.644949 0.443128 -0.175058
v 0.662505 0.429196 -0.162213
v 0.651819 0.419125 -0.168126
v -0.487188 0.809628 -0.184102
v -0.483587 0.815122 -0.179154
v -0.483549 0.821344 -0.181840
v -0.494519 0.806453 -0.196291
v -0.482764 0.823480 -0.185428
v -0.493935 0.813605 -0.198836
v -0.474730 0.815614 -0.181622
v -0.495382 0.802851 -0.180132
v -0.480441 0.822161 -0.177827
v -0.330857 0.787439 -0.177704
v -0.362301 0.785283 -0.109360
v -0.469740 0.783915 -0.100669
v -0.549376 0.802442 -0.106218
v -0.634349 0.798641 -0.143487
v -0.637618 0.797722 -0.230817
v -0.561641 0.791908 -0.273117
v -0.461264 0.771297 -0.282538
v -0.372127 0.766045 -0.239850
v -0.242079 0.688975 -0.160680
v -0.291691 0.717839 -0.058028
v -0.439312 0.747053 0.001495
v -0.613228 0.748271 -0.003867
v -0.715999 0.749612 -0.139590
v -0.731624 0.744027 -0.225275
v -0.618946 0.718312 -0.330959
v -0.430362 0.698076 -0.358052
v -0.304006 0.699354 -0.282681
v -0.243051 0.678238 -0.172811
v -0.309621 0.684122 -0.061539
v -0.438302 0.703827 0.026846
v -0.616725 0.691375 -0.015062
v -0.723386 0.699982 -0.120096
v -0.722487 0.683018 -0.217916
v -0.621619 0.678462 -0.336663
v -0.457589 0.645210 -0.349499
v -0.281184 0.648227 -0.268351
v -0.327167 0.638055 -0.177910
v -0.377330 0.643061 -0.107466
v -0.466346 0.658087 -0.075052
v -0.578420 0.656025 -0.064997
v -0.650063 0.664709 -0.128484
v -0.633932 0.659316 -0.196407
v -0.584320 0.628182 -0.265337
v -0.471656 0.632653 -0.261134
v -0.380252 0.633156 -0.247657
v -0.492069 0.620226 -0.167799
v -0.484553 0.637446 -0.158911
v -0.484877 0.628712 -0.178616
v -0.507128 0.619812 -0.167647
v -0.503921 0.612358 -0.177489
v -0.489416 0.611701 -0.172802
v -0.499066 0.627882 -0.171446
v -0.484261 0.635232 -0.173229
v -0.508269 0.612421 -0.171448
v -0.033978 0.815708 -0.167158
v -0.023761 0.807621 -0.165670
v -0.021169 0.810001 -0.156197
v -0.036918 0.825903 -0.166126
v -0.023958 0.819683 -0.170871
v -0.027490 0.801484 -0.151171
v -0.021543 0.815437 -0.167027
v -0.043954 0.807572 -0.173191
v -0.028640 0.819541 -0.172777
v 0.123053 0.782202 -0.170365
v 0.087369 0.791119 -0.103417
v -0.008079 0.770405 -0.062425
v -0.090585 0.787822 -0.073137
v -0.183415 0.789904 -0.129090
v -0.174904 0.788338 -0.197506
v -0.108601 0.808058 -0.252467
v -0.021728 0.807157 -0.264989
v 0.090720 0.788237 -0.228912
v 0.230720 0.727944 -0.191129
v 0.153541 0.725709 -0.060124
v 0.025297 0.726625 0.026931
v -0.129313 0.704062 0.009078
v -0.266613 0.722990 -0.099017
v -0.262511 0.724783 -0.198808
v -0.166267 0.745539 -0.329666
v 0.006652 0.741035 -0.377758
v 0.175309 0.744975 -0.281235
v 0.215990 0.683492 -0.190476
v 0.153649 0.678274 -0.062276
v 0.038199 0.650659 0.015882
v -0.140075 0.649316 0.014752
v -0.268499 0.676756 -0.104367
v -0.262057 0.684479 -0.197442
v -0.182573 0.689093 -0.336386
v -0.011334 0.688063 -0.379324
v 0.150200 0.697564 -0.288614
v 0.120168 0.638079 -0.190836
v 0.087168 0.633120 -0.114628
v 0.013865 0.634177 -0.066793
v -0.102026 0.634876 -0.087712
v -0.158760 0.634003 -0.115830
v -0.176924 0.632639 -0.206903
v -0.110925 0.635808 -0.278100
v -0.011856 0.649874 -0.290209
v 0.096768 0.637437 -0.255296
v -0.027694 0.634479 -0.178063
v -0.017381 0.618248 -0.173055
v -0.016367 0.625263 -0.168915
v -0.038984 0.618382 -0.164239
v -0.029546 0.611475 -0.166340
v -0.019468 0.610647 -0.190350
v -0.039988 0.629300 -0.184474
v -0.031691 0.634185 -0.176712
v -0.025983 0.627338 -0.178629
v 0.393638 0.209970 0.176637
v 0.387944 0.205724 0.171579
v 0.385842 0.210263 0.180392
v 0.403527 0.210404 0.176347
v 0.392890 0.202845 0.189836
v 0.402942 0.214180 0.181770
v 0.381007 0.196728 0.184533
v 0.382520 0.209514 0.180742
v 0.399927 0.204369 0.178037
v 0.404242 0.182362 0.045621
v 0.468076 0.185607 0.072595
v 0.491132 0.182232 0.158343
v 0.462681 0.195679 0.268302
v 0.417759 0.188484 0.315769
v 0.361301 0.173626 0.308873
v 0.313288 0.189663 0.245824
v 0.297121 0.171479 0.159345
v 0.342180 0.178175 0.073309
v 0.408906 0.114658 -0.045332
v 0.530383 0.126687 0.009303
v 0.577922 0.133122 0.155563
v 0.542649 0.128285 0.311274
v 0.420025 0.114338 0.402204
v 0.328264 0.116836 0.407308
v 0.221723 0.115923 0.303710
v 0.219046 0.113691 0.115433
v 0.310276 0.113213 -0.017035
v 0.416270 0.078120 -0.059070
v 0.519116 0.070250 0.018725
v 0.586529 0.063067 0.148335
v 0.558364 0.070891 0.298490
v 0.424891 0.072745 0.391484
v 0.322993 0.077619 0.412245
v 0.222554 0.059750 0.290739
v 0.215584 0.061396 0.133029
v 0.312295 0.070722 -0.005251
v 0.412914 0.036293 0.042331
v 0.466089 0.031592 0.082410
v 0.489527 0.040889 0.161516
v 0.482173 0.027215 0.250268
v 0.419393 0.037179 0.328230
v 0.359781 0.014932 0.326371
v 0.308725 0.023239 0.255914
v 0.291982 0.017070 0.157832
v 0.348778 0.025297 0.072354
v 0.390960 0.015771 0.188518
v 0.401111 0.013462 0.187446
v 0.403843 0.006124 0.184249
v 0.402559 0.001899 0.195868
v 0.388064 0.000000 0.183341
v 0.400046 0.022300 0.191749
v 0.407667 0.021257 0.195650
v 0.407143 0.005976 0.186537
v 0.405981 0.009841 0.184232
v 0.710724 0.803579 -0.198284
v 0.719856 0.814632 -0.210058
v 0.715110 0.805037 -0.220195
v 0.703259 0.796726 -0.197001
v 0.718222 0.800124 -0.205307
v 0.696771 0.809512 -0.203741
v 0.717612 0.801390 -0.208947
v 0.710724 0.810312 -0.199835
v 0.704277 0.792319 -0.195295
v 0.851648 0.807007 -0.181407
v 0.810924 0.802466 -0.134610
v 0.727272 0.789345 -0.105047
v 0.639353 0.780171 -0.124139
v 0.584653 0.764923 -0.197632
v 0.577246 0.768256 -0.240150
v 0.646088 0.777817 -0.294018
v 0.736878 0.781604 -0.298036
v 0.820602 0.800329 -0.247761
v 0.939219 0.725880 -0.176942
v 0.870545 0.744477 -0.089351
v 0.734332 0.734826 -0.026915
v 0.576904 0.726817 -0.055411
v 0.500655 0.718085 -0.175275
v 0.505384 0.699393 -0.286050
v 0.628073 0.724891 -0.383540
v 0.777021 0.738857 -0.381675
v 0.898414 0.743835 -0.300134
v 0.931644 0.695346 -0.188372
v 0.865570 0.700695 -0.075346
v 0.733301 0.675666 -0.014194
v 0.595763 0.676826 -0.049470
v 0.503712 0.680340 -0.177737
v 0.515440 0.665890 -0.279497
v 0.616240 0.667742 -0.367323
v 0.780962 0.685697 -0.392940
v 0.901053 0.699005 -0.302145
v 0.865457 0.656261 -0.196533
v 0.804593 0.640234 -0.127179
v 0.730445 0.657438 -0.097112
v 0.632375 0.649129 -0.119516
v 0.588596 0.642535 -0.174858
v 0.599771 0.625377 -0.247601
v 0.667964 0.639953 -0.294836
v 0.752169 0.632295 -0.292005
v 0.829125 0.647096 -0.264038
v 0.709495 0.622409 -0.201645
v 0.727836 0.627375 -0.215200
v 0.720984 0.637742 -0.208307
v 0.713232 0.631280 -0.215122
v 0.728950 0.629283 -0.191035
v 0.716465 0.614010 -0.197336
v 0.725810 0.635864 -0.195026
v 0.718962 0.630205 -0.195723
v 0.716238 0.627263 -0.200902
v -0.732760 1.000921 -0.198295
v -0.719964 1.018397 -0.187748
v -0.726692 1.005106 -0.191747
v -0.732916 1.018747 -0.178907
v -0.727047 1.015566 -0.197852
v -0.713348 1.015475 -0.191207
v -0.717719 1.018780 -0.197914
v -0.731268 1.011876 -0.185834
v -0.724392 1.023360 -0.191328
v -0.586926 1.007172 -0.188921
v -0.606383 0.986163 -0.129529
v -0.710021 1.002095 -0.113692
v -0.812027 0.984292 -0.111988
v -0.857581 0.970087 -0.173994
v -0.853372 0.990695 -0.226014
v -0.785451 0.973638 -0.279699
v -0.694785 0.989495 -0.283838
v -0.610025 0.985834 -0.252352
v -0.474954 0.925434 -0.170103
v -0.543787 0.951853 -0.083715
v -0.684156 0.950367 -0.013555
v -0.850803 0.936514 -0.045724
v -0.954289 0.910703 -0.135717
v -0.942468 0.911845 -0.243736
v -0.832654 0.912873 -0.339570
v -0.674358 0.913406 -0.352797
v -0.542560 0.921319 -0.292901
v -0.476249 0.899534 -0.168550
v -0.533228 0.877164 -0.077467
v -0.679538 0.893413 -0.012620
v -0.846438 0.867704 -0.030677
v -0.946394 0.875960 -0.134199
v -0.941730 0.866297 -0.232666
v -0.833202 0.862439 -0.330456
v -0.658656 0.858018 -0.342565
v -0.542933 0.882400 -0.273741
v -0.566964 0.844483 -0.164645
v -0.600602 0.834162 -0.116998
v -0.691002 0.847409 -0.082754
v -0.802627 0.839927 -0.099399
v -0.842453 0.822816 -0.139689
v -0.846169 0.815550 -0.211815
v -0.777851 0.834697 -0.261969
v -0.678878 0.818297 -0.274054
v -0.596235 0.832033 -0.227070
v -0.726026 0.824027 -0.175854
v -0.703369 0.824153 -0.188181
v -0.721311 0.819780 -0.184548
v -0.724237 0.813271 -0.168621
v -0.713371 0.824004 -0.178644
v -0.706546 0.807339 -0.182981
v -0.712266 0.812164 -0.166705
v -0.708127 0.815065 -0.185287
v -0.711495 0.813123 -0.182484
v -0.245866 1.001378 -0.177850
v -0.241485 0.997560 -0.194464
v -0.242836 0.991945 -0.175335
v -0.247446 0.992860 -0.195510
v -0.242802 1.005723 -0.196875
v -0.250858 0.999233 -0.175762
v -0.253647 0.997611 -0.198388
v -0.245432 0.995571 -0.187532
v -0.262595 1.000286 -0.197952
v -0.117547 0.960083 -0.176176
v -0.147902 0.962683 -0.131984
v -0.244980 0.963521 -0.111445
v -0.344982 0.974031 -0.123461
v -0.406309 0.989141 -0.160382
v -0.394229 0.987728 -0.219091
v -0.333468 0.994429 -0.257849
v -0.216715 0.986536 -0.283013
v -0.134928 0.985035 -0.239612
v -0.010178 0.896239 -0.177708
v -0.067416 0.908078 -0.091840
v -0.227111 0.922913 -0.021523
v -0.408349 0.926268 -0.046786
v -0.495890 0.921069 -0.174954
v -0.476251 0.948513 -0.261814
v -0.368509 0.957900 -0.358752
v -0.194936 0.941213 -0.350621
v -0.075118 0.920870 -0.291894
v -0.016219 0.851861 -0.193449
v -0.069409 0.857254 -0.089165
v -0.226003 0.850887 -0.011831
v -0.393185 0.869387 -0.043003
v -0.489885 0.897296 -0.166238
v -0.488254 0.887623 -0.253458
v -0.352944 0.897207 -0.355194
v -0.201901 0.874175 -0.380261
v -0.062171 0.870667 -0.303103
v -0.116631 0.826387 -0.189103
v -0.152422 0.810408 -0.138353
v -0.253423 0.823261 -0.112563
v -0.343610 0.838364 -0.125960
v -0.417316 0.852981 -0.167113
v -0.402304 0.836732 -0.254387
v -0.331813 0.853712 -0.283444
v -0.228994 0.842308 -0.298193
v -0.153428 0.819900 -0.247747
v -0.254068 0.813839 -0.195720
v -0.268016 0.815421 -0.203716
v -0.269292 0.826978 -0.199788
v -0.274985 0.820656 -0.205267
v -0.253632 0.817800 -0.213371
v -0.268053 0.833561 -0.205547
v -0.270804 0.827910 -0.207061
v -0.276135 0.815190 -0.215405
v -0.274502 0.831805 -0.213749
v 0.659700 1.010104 -0.185475
v 0.652552 1.000749 -0.174042
v 0.658148 0.992354 -0.186892
v 0.651942 1.011554 -0.173914
v 0.648411 0.991094 -0.171802
v 0.658331 0.987004 -0.193062
v 0.649412 1.000542 -0.190250
v 0.655728 1.001564 -0.188180
v 0.645776 0.996274 -0.189118
v 0.815635 0.991635 -0.178364
v 0.773238 1.002689 -0.130915
v 0.672201 0.984557 -0.101698
v 0.572738 0.992231 -0.094110
v 0.519275 0.979931 -0.148728
v 0.511996 0.976689 -0.199379
v 0.579700 0.967478 -0.263202
v 0.671541 0.966565 -0.267265
v 0.766677 0.993214 -0.237490
v 0.904506 0.939418 -0.185411
v 0.866367 0.958125 -0.092855
v 0.714030 0.938825 -0.012957
v 0.537473 0.917331 -0.026821
v 0.432723 0.901285 -0.122058
v 0.435425 0.899323 -0.198286
v 0.531198 0.916350 -0.316699
v 0.686889 0.905056 -0.347427
v 0.849399 0.940627 -0.289113
v 0.913393 0.910929 -0.175551
v 0.856994 0.887022 -0.090535
v 0.709464 0.902149 -0.000282
v 0.535173 0.872982 -0.019540
v 0.431956 0.863640 -0.126943
v 0.428742 0.865636 -0.218558
v 0.535691 0.853006 -0.330407
v 0.693758 0.873547 -0.347659
v 0.851387 0.883505 -0.281136
v 0.813145 0.852820 -0.175524
v 0.782941 0.848940 -0.102534
v 0.691664 0.848648 -0.072574
v 0.599419 0.850540 -0.078863
v 0.517759 0.820279 -0.141515
v 0.517316 0.823560 -0.212086
v 0.594307 0.823524 -0.255449
v 0.687311 0.833663 -0.269780
v 0.787259 0.833712 -0.236074
v 0.675145 0.814076 -0.176791
v 0.666180 0.815446 -0.163022
v 0.673130 0.822589 -0.165726
v 0.654737 0.834443 -0.163818
v 0.679641 0.814509 -0.168309
v 0.664936 0.815541 -0.161756
v 0.662952 0.835385 -0.166881
v 0.657998 0.814299 -0.176112
v 0.670106 0.829797 -0.182328
vt 0.000000 0.000000
vt 0.166667 0.000000
vt 0.333333 0.000000
vt 0.500000 0.000000
vt 0.666667 0.000000
vt 0.833333 0.000000
vt 1.000000 0.000000
vt 1.166667 0.000000
vt 1.333333 0.000000
vt 0.000000 0.200000
vt 0.166667 0.200000
vt 0.333333 0.200000
vt 0.500000 0.200000
vt 0.666667 0.200000
vt 0.833333 0.200000
vt 1.000000 0.200000
vt 1.166667 0.200000
vt 1.333333 0.200000
vt 0.000000 0.400000
vt 0.166667 0.400000
vt 0.333333 0.400000
vt 0.500000 0.400000
vt 0.666667 0.400000
vt 0.833333 0.400000
vt 1.000000 0.400000
vt 1.166667 0.400000
vt 1.333333 0.400000
vt 0.000000 0.600000
vt 0.166667 0.600000
vt 0.333333 0.600000
vt 0.500000 0.600000
vt 0.666667 0.600000
vt 0.833333 0.600000
vt 1.000000 0.600000
vt 1.166667 0.600000
vt 1.333333 0.600000
vt 0.000000 0.800000
vt 0.166667 0.800000
vt 0.333333 0.800000
vt 0.500000 0.800000
vt 0.666667 0.800000
vt 0.833333 0.800000
vt 1.000000 0.800000
vt 1.166667 0.800000
vt 1.333333 0.800000
vt 0.000000 1.000000
vt 0.166667 1.000000
vt 0.333333 1.000000
vt 0.500000 1.000000
vt 0.666667 1.000000
vt 0.833333 1.000000
vt 1.000000 1.000000
vt 1.166667 1.000000
vt 1.333333 1.000000
vt 0.000000 0.000000
vt 0.166667 0.000000
vt 0.333333 0.000000
vt 0.500000 0.000000
vt 0.666667 0.000000
vt 0.833333 0.000000
vt 1.000000 0.000000
vt 1.166667 0.000000
vt 1.333333 0.000000
vt 0.000000 0.200000
vt 0.166667 0.200000
vt 0.333333 0.200000
vt 0.500000 0.200000
vt 0.666667 0.200000
vt 0.833333 0.200000
vt 1.000000 0.200000
vt 1.166667 0.200000
vt 1.333333 0.200000
vt 0.000000 0.400000
vt 0.166667 0.400000
vt 0.333333 0.400000
vt 0.500000 0.400000
vt 0.666667 0.400000
vt 0.833333 0.400000
vt 1.000000 0.400000
vt 1.166667 0.400000
vt 1.333333 0.400000
vt 0.000000 0.600000
vt 0.166667 0.600000
vt 0.333333 0.600000
vt 0.500000 0.600000
vt 0.666667 0.600000
vt 0.833333 0.600000
vt 1.000000 0.600000
vt 1.166667 0.600000
vt 1.333333 0.600000
vt 0.000000 0.800000
vt 0.166667 0.800000
vt 0.333333 0.800000
vt 0.500000 0.800000
vt 0.666667 0.800000
vt 0.833333 0.800000
vt 1.000000 0.800000
vt 1.166667 0.800000
vt 1.333333 0.800000
vt 0.000000 1.000000
vt 0.166667 1.000000
vt 0.333333 1.000000
vt 0.500000 1.000000
vt 0.666667 1.000000
vt 0.833333 1.000000
vt 1.000000 1.000000
vt 1.166667 1.000000
vt 1.333333 1.000000
vt 0.000000 0.000000
vt 0.166667 0.000000
vt 0.333333 0.000000
vt 0.500000 0.000000
vt 0.666667 0.000000
vt 0.833333 0.000000
vt 1.000000 0.000000
vt 1.166667 0.000000
vt 1.333333 0.000000
vt 0.000000 0.200000
vt 0.166667 0.200000
vt 0.333333 0.200000
vt 0.500000 0.200000
vt 0.666667 0.200000
vt 0.833333 0.200000
vt 1.000000 0.200000
vt 1.166667 0.200000
vt 1.333333 0.200000
vt 0.000000 0.400000
vt 0.166667 0.400000
vt 0.333333 0.400000
vt 0.500000 0.400000
vt 0.666667 0.400000
vt 0.833333 0.400000
vt 1.000000 0.400000
vt 1.166667 0.400000
vt 1.333333 0.400000
vt 0.000000 0.600000
vt 0.166667 0.600000
vt 0.333333 0.600000
vt 0.500000 0.600000
vt 0.666667 0.600000
vt 0.833333 0.600000
vt 1.000000 0.600000
vt 1.166667 0.600000
vt 1.333333 0.600000
vt 0.000000 0.800000
vt 0.166667 0.800000
vt 0.333333 0.800000
vt 0.500000 0.800000
vt 0.666667 0.800000
vt 0.833333 0.800000
vt 1.000000 0.800000
vt 1.166667 0.800000
vt 1.333333 0.800000
vt 0.000000 1.000000
vt 0.166667 1.000000
vt 0.333333 1.000000
vt 0.500000 1.000000
vt 0.666667 1.000000
vt 0.833333 1.000000
vt 1.000000 1.000000
vt 1.166667 1.000000
vt 1.333333 1.000000
vt 0.000000 0.000000
vt 0.166667 0.000000
vt 0.333333 0.000000
vt 0.500000 0.000000
vt 0.666667 0.000000
vt 0.833333 0.000000
vt 1.000000 0.000000
vt 1.166667 0.000000
vt 1.333333 0.000000
vt 0.000000 0.200000
vt 0.166667 0.200000
vt 0.333333 0.200000
vt 0.500000 0.200000
vt 0.666667 0.200000
vt 0.833333 0.200000
vt 1.000000 0.200000
vt 1.166667 0.200000
vt 1.333333 0.200000
vt 0.000000 0.400000
vt 0.166667 0.400000
vt 0.333333 0.400000
vt 0.500000 0.400000
vt 0.666667 0.400000
vt 0.833333 0.400000
vt 1.000000 0.400000
vt 1.166667 0.400000
vt 1.333333 0.400000
vt 0.000000 0.600000
vt 0.166667 0.600000
vt 0.333333 0.600000
vt 0.500000 0.600000
vt 0.666667 0.600000
vt 0.833333 0.600000
vt 1.000000 0.600000
vt 1.166667 0.600000
vt 1.333333 0.600000
vt 0.000000 0.800000
vt 0.166667 0.800000
vt 0.333333 0.800000
vt 0.500000 0.800000
vt 0.666667 0.800000
vt 0.833333 0.800000
vt 1.000000 0.800000
vt 1.166667 0.800000
vt 1.333333 0.800000
vt 0.000000 1.000000
vt 0.166667 1.000000
vt 0.333333 1.000000
vt 0.500000 1.000000
vt 0.666667 1.000000
vt 0.833333 1.000000
vt 1.000000 1.000000
vt 1.166667 1.000000
vt 1.333333 1.000000
vt 0.000000 0.000000
vt 0.166667 0.000000
vt 0.333333 0.000000
vt 0.500000 0.000000
vt 0.666667 0.000000
vt 0.833333 0.000000
vt 1.000000 0.000000
vt 1.166667 0.000000
vt 1.333333 0.000000
vt 0.000000 0.200000
vt 0.166667 0.200000
vt 0.333333 0.200000
vt 0.500000 0.200000
vt 0.666667 0.200000
vt 0.833333 0.200000
vt 1.000000 0.200000
vt 1.166667 0.200000
vt 1.333333 0.200000
vt 0.000000 0.400000
vt 0.166667 0.400000
vt 0.333333 0.400000
vt 0.500000 0.400000
vt 0.666667 0.400000
vt 0.833333 0.400000
vt 1.000000 0.400000
vt 1.166667 0.400000
vt 1.333333 0.400000
vt 0.000000 0.600000
vt 0.166667 0.600000
vt 0.333333 0.600000
vt 0.500000 0.600000
vt 0.666667 0.600000
vt 0.833333 0.600000
vt 1.000000 0.600000
vt 1.166667 0.600000
vt 1.333333 0.600000
vt 0.000000 0.800000
vt 0.166667 0.800000
vt 0.333333 0.800000
vt 0.500000 0.800000
vt 0.666667 0.800000
vt 0.833333 0.800000
vt 1.000000 0.800000
vt 1.166667 0.800000
vt 1.333333 0.800000
vt 0.000000 1.000000
vt 0.166667 1.000000
vt 0.333333 1.000000
vt 0.500000 1.000000
vt 0.666667 1.000000
vt 0.833333 1.000000
vt 1.000000 1.000000
vt 1.166667 1.000000
vt 1.333333 1.000000
vt 0.000000 0.000000
vt 0.166667 0.000000
vt 0.333333 0.000000
vt 0.500000 0.000000
vt 0.666667 0.000000
vt 0.833333 0.000000
vt 1.000000 0.000000
vt 1.166667 0.000000
vt 1.333333 0.000000
vt 0.000000 0.200000
vt 0.166667 0.200000
vt 0.333333 0.200000
vt 0.500000 0.200000
vt 0.666667 0.200000
vt 0.833333 0.200000
vt 1.000000 0.200000
vt 1.166667 0.200000
vt 1.333333 0.200000
vt 0.000000 0.400000
vt 0.166667 0.400000
vt 0.333333 0.400000
vt 0.500000 0.400000
vt 0.666667 0.400000
vt 0.833333 0.400000
vt 1.000000 0.400000
vt 1.166667 0.400000
vt 1.333333 0.400000
vt 0.000000 0.600000
vt 0.166667 0.600000
vt 0.333333 0.600000
vt 0.500000 0.600000
vt 0.666667 0.600000
vt 0.833333 0.600000
vt 1.000000 0.600000
vt 1.166667 0.600000
vt 1.333333 0.600000
vt 0.000000 0.800000
vt 0.166667 0.800000
vt 0.333333 0.800000
vt 0.500000 0.800000
vt 0.666667 0.800000
vt 0.833333 0.800000
vt 1.000000 0.800000
vt 1.166667 0.800000
vt 1.333333 0.800000
vt 0.000000 1.000000
vt 0.166667 1.000000
vt 0.333333 1.000000
vt 0.500000 1.000000
vt 0.666667 1.000000
vt 0.833333 1.000000
vt 1.000000 1.000000
vt 1.166667 1.000000
vt 1.333333 1.000000
vt 0.000000 0.000000
vt 0.166667 0.000000
vt 0.333333 0.000000
vt 0.500000 0.000000
vt 0.666667 0.000000
vt 0.833333 0.000000
vt 1.000000 0.000000
vt 1.166667 0.000000
vt 1.333333 0.000000
vt 0.000000 0.200000
vt 0.166667 0.200000
vt 0.333333 0.200000
vt 0.500000 0.200000
vt 0.666667 0.200000
vt 0.833333 0.200000
vt 1.000000 0.200000
vt 1.166667 0.200000
vt 1.333333 0.200000
vt 0.000000 0.400000
vt 0.166667 0.400000
vt 0.333333 0.400000
vt 0.500000 0.400000
vt 0.666667 0.400000
vt 0.833333 0.400000
vt 1.000000 0.400000
vt 1.166667 0.400000
vt 1.333333 0.400000
vt 0.000000 0.600000
vt 0.166667 0.600000
vt 0.333333 0.600000
vt 0.500000 0.600000
vt 0.666667 0.600000
vt 0.833333 0.600000
vt 1.000000 0.600000
vt 1.166667 0.600000
vt 1.333333 0.600000
vt 0.000000 0.800000
vt 0.166667 0.800000
vt 0.333333 0.800000
vt 0.500000 0.800000
vt 0.666667 0.800000
vt 0.833333 0.800000
vt 1.000000 0.800000
vt 1.166667 0.800000
vt 1.333333 0.800000
vt 0.000000 1.000000
vt 0.166667 1.000000
vt 0.333333 1.000000
vt 0.500000 1.000000
vt 0.666667 1.000000
vt 0.833333 1.000000
vt 1.000000 1.000000
vt 1.166667 1.000000
vt 1.333333 1.000000
vt 0.000000 0.000000
vt 0.166667 0.000000
vt 0.333333 0.000000
vt 0.500000 0.000000
vt 0.666667 0.000000
vt 0.833333 0.000000
vt 1.000000 0.000000
vt 1.166667 0.000000
vt 1.333333 0.000000
vt 0.000000 0.200000
vt 0.166667 0.200000
vt 0.333333 0.200000
vt 0.500000 0.200000
vt 0.666667 0.200000
vt 0.833333 0.200000
vt 1.000000 0.200000
vt 1.166667 0.200000
vt 1.333333 0.200000
vt 0.000000 0.400000
vt 0.166667 0.400000
vt 0.333333 0.400000
vt 0.500000 0.400000
vt 0.666667 0.400000
vt 0.833333 0.400000
vt 1.000000 0.400000
vt 1.166667 0.400000
vt 1.333333 0.400000
vt 0.000000 0.600000
vt 0.166667 0.600000
vt 0.333333 0.600000
vt 0.500000 0.600000
vt 0.666667 0.600000
vt 0.833333 0.600000
vt 1.000000 0.600000
vt 1.166667 0.600000
vt 1.333333 0.600000
vt 0.000000 0.800000
vt 0.166667 0.800000
vt 0.333333 0.800000
vt 0.500000 0.800000
vt 0.666667 0.800000
vt 0.833333 0.800000
vt 1.000000 0.800000
vt 1.166667 0.800000
vt 1.333333 0.800000
vt 0.000000 1.000000
vt 0.166667 1.000000
vt 0.333333 1.000000
vt 0.500000 1.000000
vt 0.666667 1.000000
vt 0.833333 1.000000
vt 1.000000 1.000000
vt 1.166667 1.000000
vt 1.333333 1.000000
vt 0.000000 0.000000
vt 0.166667 0.000000
vt 0.333333 0.000000
vt 0.500000 0.000000
vt 0.666667 0.000000
vt 0.833333 0.000000
vt 1.000000 0.000000
vt 1.166667 0.000000
vt 1.333333 0.000000
vt 0.000000 0.200000
vt 0.166667 0.200000
vt 0.333333 0.200000
vt 0.500000 0.200000
vt 0.666667 0.200000
vt 0.833333 0.200000
vt 1.000000 0.200000
vt 1.166667 0.200000
vt 1.333333 0.200000
vt 0.000000 0.400000
vt 0.166667 0.400000
vt 0.333333 0.400000
vt 0.500000 0.400000
vt 0.666667 0.400000
vt 0.833333 0.400000
vt 1.000000 0.400000
vt 1.166667 0.400000
vt 1.333333 0.400000
vt 0.000000 0.600000
vt 0.166667 0.600000
vt 0.333333 0.600000
vt 0.500000 0.600000
vt 0.666667 0.600000
vt 0.833333 0.600000
vt 1.000000 0.600000
vt 1.166667 0.600000
vt 1.333333 0.600000
vt 0.000000 0.800000
vt 0.166667 0.800000
vt 0.333333 0.800000
vt 0.500000 0.800000
vt 0.666667 0.800000
vt 0.833333 0.800000
vt 1.000000 0.800000
vt 1.166667 0.800000
vt 1.333333 0.800000
vt 0.000000 1.000000
vt 0.166667 1.000000
vt 0.333333 1.000000
vt 0.500000 1.000000
vt 0.666667 1.000000
vt 0.833333 1.000000
vt 1.000000 1.000000
vt 1.166667 1.000000
vt 1.333333 1.000000
vt 0.000000 0.000000
vt 0.166667 0.000000
vt 0.333333 0.000000
vt 0.500000 0.000000
vt 0.666667 0.000000
vt 0.833333 0.000000
vt 1.000000 0.000000
vt 1.166667 0.000000
vt 1.333333 0.000000
vt 0.000000 0.200000
vt 0.166667 0.200000
vt 0.333333 0.200000
vt 0.500000 0.200000
vt 0.666667 0.200000
vt 0.833333 0.200000
vt 1.000000 0.200000
vt 1.166667 0.200000
vt 1.333333 0.200000
vt 0.000000 0.400000
vt 0.166667 0.400000
vt 0.333333 0.400000
vt 0.500000 0.400000
vt 0.666667 0.400000
vt 0.833333 0.400000
vt 1.000000 0.400000
vt 1.166667 0.400000
vt 1.333333 0.400000
vt 0.000000 0.600000
vt 0.166667 0.600000
vt 0.333333 0.600000
vt 0.500000 0.600000
vt 0.666667 0.600000
vt 0.833333 0.600000
vt 1.000000 0.600000
vt 1.166667 0.600000
vt 1.333333 0.600000
vt 0.000000 0.800000
vt 0.166667 0.800000
vt 0.333333 0.800000
vt 0.500000 0.800000
vt 0.666667 0.800000
vt 0.833333 0.800000
vt 1.000000 0.800000
vt 1.166667 0.800000
vt 1.333333 0.800000
vt 0.000000 1.000000
vt 0.166667 1.000000
vt 0.333333 1.000000
vt 0.500000 1.000000
vt 0.666667 1.000000
vt 0.833333 1.000000
vt 1.000000 1.000000
vt 1.166667 1.000000
vt 1.333333 1.000000
vt 0.000000 0.000000
vt 0.166667 0.000000
vt 0.333333 0.000000
vt 0.500000 0.000000
vt 0.666667 0.000000
vt 0.833333 0.000000
vt 1.000000 0.000000
vt 1.166667 0.000000
vt 1.333333 0.000000
vt 0.000000 0.200000
vt 0.166667 0.200000
vt 0.333333 0.200000
vt 0.500000 0.200000
vt 0.666667 0.200000
vt 0.833333 0.200000
vt 1.000000 0.200000
vt 1.166667 0.200000
vt 1.333333 0.200000
vt 0.000000 0.400000
vt 0.166667 0.400000
vt 0.333333 0.400000
vt 0.500000 0.400000
vt 0.666667 0.400000
vt 0.833333 0.400000
vt 1.000000 0.400000
vt 1.166667 0.400000
vt 1.333333 0.400000
vt 0.000000 0.600000
vt 0.166667 0.600000
vt 0.333333 0.600000
vt 0.500000 0.600000
vt 0.666667 0.600000
vt 0.833333 0.600000
vt 1.000000 0.600000
vt 1.166667 0.600000
vt 1.333333 0.600000
vt 0.000000 0.800000
vt 0.166667 0.800000
vt 0.333333 0.800000
vt 0.500000 0.800000
vt 0.666667 0.800000
vt 0.833333 0.800000
vt 1.000000 0.800000
vt 1.166667 0.800000
vt 1.333333 0.800000
vt 0.000000 1.000000
vt 0.166667 1.000000
vt 0.333333 1.000000
vt 0.500000 1.000000
vt 0.666667 1.000000
vt 0.833333 1.000000
vt 1.000000 1.000000
vt 1.166667 1.000000
vt 1.333333 1.000000
vt 0.000000 0.000000
vt 0.166667 0.000000
vt 0.333333 0.000000
vt 0.500000 0.000000
vt 0.666667 0.000000
vt 0.833333 0.000000
vt 1.000000 0.000000
vt 1.166667 0.000000
vt 1.333333 0.000000
vt 0.000000 0.200000
vt 0.166667 0.200000
vt 0.333333 0.200000
vt 0.500000 0.200000
vt 0.666667 0.200000
vt 0.833333 0.200000
vt 1.000000 0.200000
vt 1.166667 0.200000
vt 1.333333 0.200000
vt 0.000000 0.400000
vt 0.166667 0.400000
vt 0.333333 0.400000
vt 0.500000 0.400000
vt 0.666667 0.400000
vt 0.833333 0.400000
vt 1.000000 0.400000
vt 1.166667 0.400000
vt 1.333333 0.400000
vt 0.000000 0.600000
vt 0.166667 0.600000
vt 0.333333 0.600000
vt 0.500000 0.600000
vt 0.666667 0.600000
vt 0.833333 0.600000
vt 1.000000 0.600000
vt 1.166667 0.600000
vt 1.333333 0.600000
vt 0.000000 0.800000
vt 0.166667 0.800000
vt 0.333333 0.800000
vt 0.500000 0.800000
vt 0.666667 0.800000
vt 0.833333 0.800000
vt 1.000000 0.800000
vt 1.166667 0.800000
vt 1.333333 0.800000
vt 0.000000 1.000000
vt 0.166667 1.000000
vt 0.333333 1.000000
vt 0.500000 1.000000
vt 0.666667 1.000000
vt 0.833333 1.000000
vt 1.000000 1.000000
vt 1.166667 1.000000
vt 1.333333 1.000000
vt 0.000000 0.000000
vt 0.166667 0.000000
vt 0.333333 0.000000
vt 0.500000 0.000000
vt 0.666667 0.000000
vt 0.833333 0.000000
vt 1.000000 0.000000
vt 1.166667 0.000000
vt 1.333333 0.000000
vt 0.000000 0.200000
vt 0.166667 0.200000
vt 0.333333 0.200000
vt 0.500000 0.200000
vt 0.666667 0.200000
vt 0.833333 0.200000
vt 1.000000 0.200000
vt 1.166667 0.200000
vt 1.333333 0.200000
vt 0.000000 0.400000
vt 0.166667 0.400000
vt 0.333333 0.400000
vt 0.500000 0.400000
vt 0.666667 0.400000
vt 0.833333 0.400000
vt 1.000000 0.400000
vt 1.166667 0.400000
vt 1.333333 0.400000
vt 0.000000 0.600000
vt 0.166667 0.600000
vt 0.333333 0.600000
vt 0.500000 0.600000
vt 0.666667 0.600000
vt 0.833333 0.600000
vt 1.000000 0.600000
vt 1.166667 0.600000
vt 1.333333 0.600000
vt 0.000000 0.800000
vt 0.166667 0.800000
vt 0.333333 0.800000
vt 0.500000 0.800000
vt 0.666667 0.800000
vt 0.833333 0.800000
vt 1.000000 0.800000
vt 1.166667 0.800000
vt 1.333333 0.800000
vt 0.000000 1.000000
vt 0.166667 1.000000
vt 0.333333 1.000000
vt 0.500000 1.000000
vt 0.666667 1.000000
vt 0.833333 1.000000
vt 1.000000 1.000000
vt 1.166667 1.000000
vt 1.333333 1.000000
vt 0.000000 0.000000
vt 0.166667 0.000000
vt 0.333333 0.000000
vt 0.500000 0.000000
vt 0.666667 0.000000
vt 0.833333 0.000000
vt 1.000000 0.000000
vt 1.166667 0.000000
vt 1.333333 0.000000
vt 0.000000 0.200000
vt 0.166667 0.200000
vt 0.333333 0.200000
vt 0.500000 0.200000
vt 0.666667 0.200000
vt 0.833333 0.200000
vt 1.000000 0.200000
vt 1.166667 0.200000
vt 1.333333 0.200000
vt 0.000000 0.400000
vt 0.166667 0.400000
vt 0.333333 0.400000
vt 0.500000 0.400000
vt 0.666667 0.400000
vt 0.833333 0.400000
vt 1.000000 0.400000
vt 1.166667 0.400000
vt 1.333333 0.400000
vt 0.000000 0.600000
vt 0.166667 0.600000
vt 0.333333 0.600000
vt 0.500000 0.600000
vt 0.666667 0.600000
vt 0.833333 0.600000
vt 1.000000 0.600000
vt 1.166667 0.600000
vt 1.333333 0.600000
vt 0.000000 0.800000
vt 0.166667 0.800000
vt 0.333333 0.800000
vt 0.500000 0.800000
vt 0.666667 0.800000
vt 0.833333 0.800000
vt 1.000000 0.800000
vt 1.166667 0.800000
vt 1.333333 0.800000
vt 0.000000 1.000000
vt 0.166667 1.000000
vt 0.333333 1.000000
vt 0.500000 1.000000
vt 0.666667 1.000000
vt 0.833333 1.000000
vt 1.000000 1.000000
vt 1.166667 1.000000
vt 1.333333 1.000000
vt 0.000000 0.000000
vt 0.166667 0.000000
vt 0.333333 0.000000
vt 0.500000 0.000000
vt 0.666667 0.000000
vt 0.833333 0.000000
vt 1.000000 0.000000
vt 1.166667 0.000000
vt 1.333333 0.000000
vt 0.000000 0.200000
vt 0.166667 0.200000
vt 0.333333 0.200000
vt 0.500000 0.200000
vt 0.666667 0.200000
vt 0.833333 0.200000
vt 1.000000 0.200000
vt 1.166667 0.200000
vt 1.333333 0.200000
vt 0.000000 0.400000
vt 0.166667 0.400000
vt 0.333333 0.400000
vt 0.500000 0.400000
vt 0.666667 0.400000
vt 0.833333 0.400000
vt 1.000000 0.400000
vt 1.166667 0.400000
vt 1.333333 0.400000
vt 0.000000 0.600000
vt 0.166667 0.600000
vt 0.333333 0.600000
vt 0.500000 0.600000
vt 0.666667 0.600000
vt 0.833333 0.600000
vt 1.000000 0.600000
vt 1.166667 0.600000
vt 1.333333 0.600000
vt 0.000000 0.800000
vt 0.166667 0.800000
vt 0.333333 0.800000
vt 0.500000 0.800000
vt 0.666667 0.800000
vt 0.833333 0.800000
vt 1.000000 0.800000
vt 1.166667 0.800000
vt 1.333333 0.800000
vt 0.000000 1.000000
vt 0.166667 1.000000
vt 0.333333 1.000000
vt 0.500000 1.000000
vt 0.666667 1.000000
vt 0.833333 1.000000
vt 1.000000 1.000000
vt 1.166667 1.000000
vt 1.333333 1.000000
vt 0.000000 0.000000
vt 0.166667 0.000000
vt 0.333333 0.000000
vt 0.500000 0.000000
vt 0.666667 0.000000
vt 0.833333 0.000000
vt 1.000000 0.000000
vt 1.166667 0.000000
vt 1.333333 0.000000
vt 0.000000 0.200000
vt 0.166667 0.200000
vt 0.333333 0.200000
vt 0.500000 0.200000
vt 0.666667 0.200000
vt 0.833333 0.200000
vt 1.000000 0.200000
vt 1.166667 0.200000
vt 1.333333 0.200000
vt 0.000000 0.400000
vt 0.166667 0.400000
vt 0.333333 0.400000
vt 0.500000 0.400000
vt 0.666667 0.400000
vt 0.833333 0.400000
vt 1.000000 0.400000
vt 1.166667 0.400000
vt 1.333333 0.400000
vt 0.000000 0.600000
vt 0.166667 0.600000
vt 0.333333 0.600000
vt 0.500000 0.600000
vt 0.666667 0.600000
vt 0.833333 0.600000
vt 1.000000 0.600000
vt 1.166667 0.600000
vt 1.333333 0.600000
vt 0.000000 0.800000
vt 0.166667 0.800000
vt 0.333333 0.800000
vt 0.500000 0.800000
vt 0.666667 0.800000
vt 0.833333 0.800000
vt 1.000000 0.800000
vt 1.166667 0.800000
vt 1.333333 0.800000
vt 0.000000 1.000000
vt 0.166667 1.000000
vt 0.333333 1.000000
vt 0.500000 1.000000
vt 0.666667 1.000000
vt 0.833333 1.000000
vt 1.000000 1.000000
vt 1.166667 1.000000
vt 1.333333 1.000000
vt 0.000000 0.000000
vt 0.166667 0.000000
vt 0.333333 0.000000
vt 0.500000 0.000000
vt 0.666667 0.000000
vt 0.833333 0.000000
vt 1.000000 0.000000
vt 1.166667 0.000000
vt 1.333333 0.000000
vt 0.000000 0.200000
vt 0.166667 0.200000
vt 0.333333 0.200000
vt 0.500000 0.200000
vt 0.666667 0.200000
vt 0.833333 0.200000
vt 1.000000 0.200000
vt 1.166667 0.200000
vt 1.333333 0.200000
vt 0.000000 0.400000
vt 0.166667 0.400000
vt 0.333333 0.400000
vt 0.500000 0.400000
vt 0.666667 0.400000
vt 0.833333 0.400000
vt 1.000000 0.400000
vt 1.166667 0.400000
vt 1.333333 0.400000
vt 0.000000 0.600000
vt 0.166667 0.600000
vt 0.333333 0.600000
vt 0.500000 0.600000
vt 0.666667 0.600000
vt 0.833333 0.600000
vt 1.000000 0.600000
vt 1.166667 0.600000
vt 1.333333 0.600000
vt 0.000000 0.800000
vt 0.166667 0.800000
vt 0.333333 0.800000
vt 0.500000 0.800000
vt 0.666667 0.800000
vt 0.833333 0.800000
vt 1.000000 0.800000
vt 1.166667 0.800000
vt 1.333333 0.800000
vt 0.000000 1.000000
vt 0.166667 1.000000
vt 0.333333 1.000000
vt 0.500000 1.000000
vt 0.666667 1.000000
vt 0.833333 1.000000
vt 1.000000 1.000000
vt 1.166667 1.000000
vt 1.333333 1.000000
vt 0.000000 0.000000
vt 0.166667 0.000000
vt 0.333333 0.000000
vt 0.500000 0.000000
vt 0.666667 0.000000
vt 0.833333 0.000000
vt 1.000000 0.000000
vt 1.166667 0.000000
vt 1.333333 0.000000
vt 0.000000 0.200000
vt 0.166667 0.200000
vt 0.333333 0.200000
vt 0.500000 0.200000
vt 0.666667 0.200000
vt 0.833333 0.200000
vt 1.000000 0.200000
vt 1.166667 0.200000
vt 1.333333 0.200000
vt 0.000000 0.400000
vt 0.166667 0.400000
vt 0.333333 0.400000
vt 0.500000 0.400000
vt 0.666667 0.400000
vt 0.833333 0.400000
vt 1.000000 0.400000
vt 1.166667 0.400000
vt 1.333333 0.400000
vt 0.000000 0.600000
vt 0.166667 0.600000
vt 0.333333 0.600000
vt 0.500000 0.600000
vt 0.666667 0.600000
vt 0.833333 0.600000
vt 1.000000 0.600000
vt 1.166667 0.600000
vt 1.333333 0.600000
vt 0.000000 0.800000
vt 0.166667 0.800000
vt 0.333333 0.800000
vt 0.500000 0.800000
vt 0.666667 0.800000
vt 0.833333 0.800000
vt 1.000000 0.800000
vt 1.166667 0.800000
vt 1.333333 0.800000
vt 0.000000 1.000000
vt 0.166667 1.000000
vt 0.333333 1.000000
vt 0.500000 1.000000
vt 0.666667 1.000000
vt 0.833333 1.000000
vt 1.000000 1.000000
vt 1.166667 1.000000
vt 1.333333 1.000000
vt 0.000000 0.000000
vt 0.166667 0.000000
vt 0.333333 0.000000
vt 0.500000 0.000000
vt 0.666667 0.000000
vt 0.833333 0.000000
vt 1.000000 0.000000
vt 1.166667 0.000000
vt 1.333333 0.000000
vt 0.000000 0.200000
vt 0.166667 0.200000
vt 0.333333 0.200000
vt 0.500000 0.200000
vt 0.666667 0.200000
vt 0.833333 0.200000
vt 1.000000 0.200000
vt 1.166667 0.200000
vt 1.333333 0.200000
vt 0.000000 0.400000
vt 0.166667 0.400000
vt 0.333333 0.400000
vt 0.500000 0.400000
vt 0.666667 0.400000
vt 0.833333 0.400000
vt 1.000000 0.400000
vt 1.166667 0.400000
vt 1.333333 0.400000
vt 0.000000 0.600000
vt 0.166667 0.600000
vt 0.333333 0.600000
vt 0.500000 0.600000
vt 0.666667 0.600000
vt 0.833333 0.600000
vt 1.000000 0.600000
vt 1.166667 0.600000
vt 1.333333 0.600000
vt 0.000000 0.800000
vt 0.166667 0.800000
vt 0.333333 0.800000
vt 0.500000 0.800000
vt 0.666667 0.800000
vt 0.833333 0.800000
vt 1.000000 0.800000
vt 1.166667 0.800000
vt 1.333333 0.800000
vt 0.000000 1.000000
vt 0.166667 1.000000
vt 0.333333 1.000000
vt 0.500000 1.000000
vt 0.666667 1.000000
vt 0.833333 1.000000
vt 1.000000 1.000000
vt 1.166667 1.000000
vt 1.333333 1.000000
vn -0.075544 0.996626 -0.032099
vn -0.075544 0.996626 -0.032099
vn -0.075544 0.996626 -0.032099
vn -0.075544 0.996626 -0.032099
vn -0.075544 0.996626 -0.032099
vn -0.075544 0.996626 -0.032099
vn -0.075544 0.996626 -0.032099
vn -0.075544 0.996626 -0.032099
vn -0.075544 0.996626 -0.032099
vn 0.317928 0.948114 0.001573
vn 0.202206 0.966895 0.155648
vn -0.003115 0.963901 0.266244
vn -0.157357 0.925563 0.344343
vn -0.370445 0.865856 0.336251
vn -0.316308 0.937828 -0.142924
vn -0.161432 0.914695 -0.370503
vn -0.066108 0.950856 -0.302495
vn 0.105527 0.909891 -0.401200
vn 0.725596 0.668125 -0.164681
vn 0.728904 0.542041 0.418198
vn 0.212689 0.662966 0.717802
vn -0.422155 0.628003 0.653757
vn -0.720969 0.544388 0.428772
vn -0.872593 0.445629 -0.199988
vn -0.562636 0.529286 -0.635057
vn 0.010014 0.653687 -0.756699
vn 0.454441 0.645876 -0.613455
vn 0.642545 -0.754306 -0.134754
vn 0.594316 -0.641895 0.484520
vn 0.293056 -0.551076 0.781303
vn -0.210704 -0.607416 0.765930
vn -0.595459 -0.714763 0.366800
vn -0.749255 -0.618954 -0.235613
vn -0.416443 -0.756354 -0.504483
vn 0.085045 -0.646234 -0.758386
vn 0.501124 -0.643634 -0.578455
vn 0.262843 -0.960523 -0.091153
vn 0.207045 -0.965774 0.156247
vn 0.089584 -0.918879 0.384235
vn 0.002739 -0.955741 0.294195
vn -0.029227 -0.987547 0.154584
vn -0.177578 -0.976926 -0.118668
vn 0.001871 -0.998792 -0.049102
vn 0.102660 -0.979938 -0.170830
vn 0.206954 -0.969450 -0.131670
vn 0.075544 -0.996626 0.032099
vn 0.075544 -0.996626 0.032099
vn 0.075544 -0.996626 0.032099
vn 0.075544 -0.996626 0.032099
vn 0.075544 -0.996626 0.032099
vn 0.075544 -0.996626 0.032099
vn 0.075544 -0.996626 0.032099
vn 0.075544 -0.996626 0.032099
vn 0.075544 -0.996626 0.032099
vn 0.082756 0.996147 0.029033
vn 0.082756 0.996147 0.029033
vn 0.082756 0.996147 0.029033
vn 0.082756 0.996147 0.029033
vn 0.082756 0.996147 0.029033
vn 0.082756 0.996147 0.029033
vn 0.082756 0.996147 0.029033
vn 0.082756 0.996147 0.029033
vn 0.082756 0.996147 0.029033
vn 0.410890 0.898194 0.156259
vn 0.290816 0.912904 0.286413
vn 0.234349 0.929445 0.284978
vn -0.047805 0.901122 0.430921
vn -0.254561 0.958039 0.131757
vn -0.249369 0.962048 -0.110810
vn -0.064161 0.942597 -0.327709
vn 0.116738 0.967060 -0.226203
vn 0.275826 0.916474 -0.289820
vn 0.752853 0.648347 -0.113398
vn 0.600507 0.583039 0.547227
vn 0.192584 0.667753 0.719040
vn -0.312070 0.641528 0.700753
vn -0.667013 0.566553 0.483851
vn -0.507429 0.806807 -0.302618
vn -0.442177 0.618112 -0.649936
vn 0.155125 0.734720 -0.660396
vn 0.621116 0.542913 -0.565208
vn 0.740769 -0.664711 -0.097062
vn 0.463833 -0.777430 0.424809
vn 0.243118 -0.540565 0.805408
vn -0.364964 -0.686786 0.628591
vn -0.664781 -0.671532 0.327278
vn -0.658654 -0.597278 -0.457639
vn -0.404411 -0.706111 -0.581257
vn -0.056509 -0.728248 -0.682980
vn 0.383423 -0.783371 -0.489199
vn 0.118690 -0.967546 -0.223086
vn 0.193580 -0.973070 0.125150
vn -0.097898 -0.955106 0.279622
vn -0.276750 -0.934748 0.222837
vn -0.227140 -0.954221 0.194600
vn -0.331411 -0.941733 -0.057498
vn -0.140130 -0.938891 -0.314401
vn 0.067397 -0.956766 -0.282941
vn -0.015516 -0.968098 -0.250091
vn -0.082756 -0.996147 -0.029033
vn -0.082756 -0.996147 -0.029033
vn -0.082756 -0.996147 -0.029033
vn -0.082756 -0.996147 -0.029033
vn -0.082756 -0.996147 -0.029033
vn -0.082756 -0.996147 -0.029033
vn -0.082756 -0.996147 -0.029033
vn -0.082756 -0.996147 -0.029033
vn -0.082756 -0.996147 -0.029033
vn -0.020716 0.996272 0.083744
vn -0.020716 0.996272 0.083744
vn -0.020716 0.996272 0.083744
vn -0.020716 0.996272 0.083744
vn -0.020716 0.996272 0.083744
vn -0.020716 0.996272 0.083744
vn -0.020716 0.996272 0.083744
vn -0.020716 0.996272 0.083744
vn -0.020716 0.996272 0.083744
vn 0.248297 0.968639 -0.009304
vn 0.202473 0.894868 0.397764
vn 0.041228 0.895046 0.444065
vn -0.089453 0.917595 0.387322
vn -0.310233 0.899807 0.306762
vn -0.322678 0.944341 0.064021
vn -0.198367 0.961680 -0.189264
vn 0.063269 0.960590 -0.270672
vn 0.098358 0.984786 -0.143253
vn 0.735733 0.677200 -0.009833
vn 0.575449 0.548580 0.606563
vn 0.191308 0.667107 0.719979
vn -0.308530 0.642779 0.701174
vn -0.662991 0.575574 0.478703
vn -0.687311 0.698747 -0.198385
vn -0.510977 0.711264 -0.482706
vn 0.037576 0.700078 -0.713077
vn 0.544092 0.541339 -0.641027
vn 0.629099 -0.761353 -0.156765
vn 0.666888 -0.672227 0.321514
vn 0.279106 -0.817092 0.504441
vn -0.277867 -0.714084 0.642553
vn -0.471098 -0.868564 0.153828
vn -0.501613 -0.818152 -0.281091
vn -0.393552 -0.736400 -0.550302
vn 0.100994 -0.662342 -0.742363
vn 0.507046 -0.572996 -0.643879
vn 0.237690 -0.971148 -0.019380
vn 0.184275 -0.964172 0.190828
vn 0.126256 -0.991011 0.044228
vn 0.047725 -0.998641 0.020924
vn -0.185352 -0.982202 -0.030398
vn -0.155366 -0.972235 -0.174987
vn -0.077625 -0.965113 -0.250062
vn -0.039724 -0.955131 -0.293509
vn 0.023880 -0.953361 -0.300887
vn 0.020716 -0.996272 -0.083744
vn 0.020716 -0.996272 -0.083744
vn 0.020716 -0.996272 -0.083744
vn 0.020716 -0.996272 -0.083744
vn 0.020716 -0.996272 -0.083744
vn 0.020716 -0.996272 -0.083744
vn 0.020716 -0.996272 -0.083744
vn 0.020716 -0.996272 -0.083744
vn 0.020716 -0.996272 -0.083744
vn -0.025106 0.999438 -0.022217
vn -0.025106 0.999438 -0.022217
vn -0.025106 0.999438 -0.022217
vn -0.025106 0.999438 -0.022217
vn -0.025106 0.999438 -0.022217
vn -0.025106 0.999438 -0.022217
vn -0.025106 0.999438 -0.022217
vn -0.025106 0.999438 -0.022217
vn -0.025106 0.999438 -0.022217
vn 0.268744 0.945604 0.183331
vn 0.124107 0.965220 0.230106
vn 0.088717 0.950475 0.297870
vn -0.014016 0.946734 0.321711
vn -0.320799 0.947147 0.000794
vn -0.304123 0.926389 -0.222064
vn -0.137771 0.919120 -0.369105
vn 0.049555 0.948810 -0.311934
vn 0.215591 0.878555 -0.426218
vn 0.681392 0.715886 -0.152356
vn 0.460023 0.733709 0.500049
vn 0.133675 0.784085 0.606087
vn -0.394025 0.682654 0.615409
vn -0.773525 0.541855 0.328714
vn -0.674103 0.641229 -0.366619
vn -0.396213 0.646039 -0.652417
vn 0.172593 0.776461 -0.606069
vn 0.532118 0.618365 -0.578338
vn 0.609847 -0.791899 0.031361
vn 0.578914 -0.641197 0.503711
vn 0.240926 -0.662423 0.709331
vn -0.380507 -0.726469 0.572239
vn -0.631268 -0.670891 0.389109
vn -0.384683 -0.917852 -0.097813
vn -0.356812 -0.752448 -0.553630
vn 0.185862 -0.668070 -0.720512
vn 0.567525 -0.706840 -0.422247
vn 0.354558 -0.934333 0.036209
vn 0.269303 -0.942386 0.198455
vn -0.040888 -0.973353 0.225635
vn 0.018521 -0.992374 0.121861
vn -0.256984 -0.955941 0.141900
vn -0.079619 -0.986343 -0.144178
vn -0.090549 -0.981282 -0.169958
vn -0.076408 -0.988358 -0.131566
vn 0.201614 -0.948890 -0.242816
vn 0.025106 -0.999438 0.022217
vn 0.025106 -0.999438 0.022217
vn 0.025106 -0.999438 0.022217
vn 0.025106 -0.999438 0.022217
vn 0.025106 -0.999438 0.022217
vn 0.025106 -0.999438 0.022217
vn 0.025106 -0.999438 0.022217
vn 0.025106 -0.999438 0.022217
vn 0.025106 -0.999438 0.022217
vn 0.018751 0.996644 -0.079686
vn 0.018751 0.996644 -0.079686
vn 0.018751 0.996644 -0.079686
vn 0.018751 0.996644 -0.079686
vn 0.018751 0.996644 -0.079686
vn 0.018751 0.996644 -0.079686
vn 0.018751 0.996644 -0.079686
vn 0.018751 0.996644 -0.079686
vn 0.018751 0.996644 -0.079686
vn 0.346018 0.924796 -0.158188
vn 0.238220 0.958293 0.157881
vn -0.002526 0.962159 0.272476
vn -0.071957 0.977041 0.200530
vn -0.190013 0.946768 0.259855
vn -0.276463 0.955897 -0.099145
vn -0.093604 0.922016 -0.375666
vn 0.126294 0.873410 -0.470324
vn 0.303150 0.923576 -0.234752
vn 0.741058 0.670290 -0.039293
vn 0.570452 0.637024 0.518445
vn 0.093029 0.723985 0.683514
vn -0.323017 0.800955 0.504114
vn -0.657775 0.706510 0.261102
vn -0.678094 0.633728 -0.372260
vn -0.420016 0.491680 -0.762783
vn 0.113582 0.643521 -0.756954
vn 0.525142 0.483218 -0.700519
vn 0.544028 -0.826022 0.147383
vn 0.429285 -0.727282 0.535514
vn 0.190498 -0.461723 0.866327
vn -0.341483 -0.586095 0.734767
vn -0.753597 -0.453483 0.475862
vn -0.632846 -0.741339 -0.223433
vn -0.365277 -0.710032 -0.602019
vn 0.098369 -0.718078 -0.688976
vn 0.449633 -0.786918 -0.422600
vn 0.200297 -0.977688 0.063306
vn 0.117724 -0.944983 0.305202
vn 0.155393 -0.937644 0.310930
vn 0.000229 -0.926761 0.375651
vn -0.192528 -0.961523 0.195975
vn -0.249525 -0.967965 -0.027930
vn -0.074997 -0.988002 -0.135010
vn 0.132034 -0.986187 -0.100013
vn 0.118510 -0.991845 -0.046899
vn -0.018751 -0.996644 0.079686
vn -0.018751 -0.996644 0.079686
vn -0.018751 -0.996644 0.079686
vn -0.018751 -0.996644 0.079686
vn -0.018751 -0.996644 0.079686
vn -0.018751 -0.996644 0.079686
vn -0.018751 -0.996644 0.079686
vn -0.018751 -0.996644 0.079686
vn -0.018751 -0.996644 0.079686
vn -0.032475 0.997807 -0.057676
vn -0.032475 0.997807 -0.057676
vn -0.032475 0.997807 -0.057676
vn -0.032475 0.997807 -0.057676
vn -0.032475 0.997807 -0.057676
vn -0.032475 0.997807 -0.057676
vn -0.032475 0.997807 -0.057676
vn -0.032475 0.997807 -0.057676
vn -0.032475 0.997807 -0.057676
vn 0.334790 0.942284 0.004032
vn 0.174334 0.944794 0.277436
vn -0.005944 0.918928 0.394381
vn -0.117622 0.941893 0.314646
vn -0.484951 0.850568 0.203365
vn -0.427493 0.841568 -0.330172
vn -0.121833 0.894961 -0.429186
vn 0.060200 0.898009 -0.435840
vn 0.292121 0.932532 -0.212247
vn 0.714787 0.694286 0.083945
vn 0.501291 0.689861 0.522301
vn 0.092723 0.745575 0.659939
vn -0.504127 0.631832 0.588765
vn -0.808410 0.537033 0.240975
vn -0.816037 0.450478 -0.362150
vn -0.437081 0.620162 -0.651429
vn 0.198742 0.534636 -0.821380
vn 0.703381 0.491855 -0.513160
vn 0.640712 -0.740782 0.201818
vn 0.524251 -0.680046 0.512541
vn 0.091292 -0.538412 0.837722
vn -0.525322 -0.647599 0.551954
vn -0.755690 -0.593437 0.277064
vn -0.646976 -0.694886 -0.313936
vn -0.331743 -0.630539 -0.701689
vn 0.237097 -0.689685 -0.684192
vn 0.672114 -0.578759 -0.461844
vn 0.274386 -0.931530 0.238670
vn 0.261050 -0.953700 0.149360
vn 0.037359 -0.981909 0.185632
vn -0.096070 -0.956762 0.274550
vn -0.279957 -0.941912 0.185541
vn -0.191285 -0.970580 -0.146233
vn -0.064122 -0.980901 -0.183636
vn 0.065346 -0.971580 -0.227512
vn 0.227547 -0.965177 -0.129053
vn 0.032475 -0.997807 0.057676
vn 0.032475 -0.997807 0.057676
vn 0.032475 -0.997807 0.057676
vn 0.032475 -0.997807 0.057676
vn 0.032475 -0.997807 0.057676
vn 0.032475 -0.997807 0.057676
vn 0.032475 -0.997807 0.057676
vn 0.032475 -0.997807 0.057676
vn 0.032475 -0.997807 0.057676
vn 0.036084 0.997337 -0.063373
vn 0.036084 0.997337 -0.063373
vn 0.036084 0.997337 -0.063373
vn 0.036084 0.997337 -0.063373
vn 0.036084 0.997337 -0.063373
vn 0.036084 0.997337 -0.063373
vn 0.036084 0.997337 -0.063373
vn 0.036084 0.997337 -0.063373
vn 0.036084 0.997337 -0.063373
vn 0.480417 0.871563 -0.097867
vn 0.241555 0.875078 0.419391
vn -0.100267 0.942429 0.319021
vn 0.038982 0.951806 0.304214
vn -0.298020 0.943749 0.143254
vn -0.307189 0.895607 -0.321750
vn -0.101206 0.892364 -0.439823
vn 0.097811 0.921667 -0.375450
vn 0.250918 0.915497 -0.314492
vn 0.811546 0.572109 0.118675
vn 0.574727 0.558293 0.598329
vn 0.206658 0.687775 0.695887
vn -0.377920 0.702854 0.602639
vn -0.807954 0.538468 0.239297
vn -0.654890 0.681673 -0.326254
vn -0.343589 0.551010 -0.760483
vn 0.222071 0.575506 -0.787068
vn 0.683973 0.571786 -0.453036
vn 0.693887 -0.717798 0.057336
vn 0.521461 -0.594035 0.612536
vn 0.082273 -0.402495 0.911718
vn -0.489330 -0.485384 0.724540
vn -0.721991 -0.640812 0.260940
vn -0.796034 -0.521411 -0.307344
vn -0.330297 -0.706429 -0.625988
vn 0.248801 -0.672906 -0.696632
vn 0.587581 -0.602657 -0.539957
vn 0.216689 -0.975718 0.031954
vn 0.235796 -0.963097 0.129785
vn -0.011879 -0.970038 0.242662
vn -0.194125 -0.946919 0.256243
vn -0.338574 -0.937274 0.082981
vn -0.297340 -0.934653 -0.194970
vn -0.078559 -0.982881 -0.166655
vn -0.135362 -0.967118 -0.215315
vn 0.161065 -0.982687 -0.091566
vn -0.036084 -0.997337 0.063373
vn -0.036084 -0.997337 0.063373
vn -0.036084 -0.997337 0.063373
vn -0.036084 -0.997337 0.063373
vn -0.036084 -0.997337 0.063373
vn -0.036084 -0.997337 0.063373
vn -0.036084 -0.997337 0.063373
vn -0.036084 -0.997337 0.063373
vn -0.036084 -0.997337 0.063373
vn 0.057585 0.993086 0.102294
vn 0.057585 0.993086 0.102294
vn 0.057585 0.993086 0.102294
vn 0.057585 0.993086 0.102294
vn 0.057585 0.993086 0.102294
vn 0.057585 0.993086 0.102294
vn 0.057585 0.993086 0.102294
vn 0.057585 0.993086 0.102294
vn 0.057585 0.993086 0.102294
vn 0.372814 0.888467 0.267648
vn 0.226963 0.880451 0.416285
vn 0.071248 0.915278 0.396473
vn -0.059179 0.895744 0.440613
vn -0.232858 0.913288 0.334188
vn -0.243977 0.969713 0.011467
vn -0.157745 0.977813 -0.137834
vn 0.028244 0.948564 -0.315324
vn 0.211277 0.961960 -0.173191
vn 0.815317 0.574347 0.073376
vn 0.510825 0.710822 0.483518
vn 0.158740 0.754611 0.636682
vn -0.234550 0.758285 0.608268
vn -0.574857 0.719197 0.390251
vn -0.698276 0.694863 -0.171976
vn -0.345784 0.786744 -0.511338
vn 0.118843 0.743485 -0.658108
vn 0.515866 0.679073 -0.522247
vn 0.613719 -0.778518 -0.131373
vn 0.509402 -0.769881 0.384440
vn 0.141042 -0.734882 0.663367
vn -0.293214 -0.688262 0.663567
vn -0.628308 -0.765227 0.140203
vn -0.551528 -0.789093 -0.270461
vn -0.466825 -0.658262 -0.590563
vn 0.098264 -0.607665 -0.788091
vn 0.536526 -0.568178 -0.623950
vn 0.198396 -0.978681 -0.053125
vn 0.086893 -0.996056 0.017946
vn 0.045849 -0.990004 0.133376
vn -0.073947 -0.989869 0.121205
vn -0.259509 -0.956784 -0.131226
vn -0.266178 -0.952226 -0.149716
vn -0.240647 -0.964151 -0.111814
vn 0.015305 -0.975741 -0.218393
vn 0.153609 -0.950554 -0.269910
vn -0.057585 -0.993086 -0.102294
vn -0.057585 -0.993086 -0.102294
vn -0.057585 -0.993086 -0.102294
vn -0.057585 -0.993086 -0.102294
vn -0.057585 -0.993086 -0.102294
vn -0.057585 -0.993086 -0.102294
vn -0.057585 -0.993086 -0.102294
vn -0.057585 -0.993086 -0.102294
vn -0.057585 -0.993086 -0.102294
vn -0.044181 0.994965 -0.089956
vn -0.044181 0.994965 -0.089956
vn -0.044181 0.994965 -0.089956
vn -0.044181 0.994965 -0.089956
vn -0.044181 0.994965 -0.089956
vn -0.044181 0.994965 -0.089956
vn -0.044181 0.994965 -0.089956
vn -0.044181 0.994965 -0.089956
vn -0.044181 0.994965 -0.089956
vn 0.265020 0.964176 -0.011318
vn 0.290387 0.947518 0.133735
vn -0.011492 0.950559 0.310332
vn -0.217584 0.972226 0.086221
vn -0.369272 0.924673 0.092833
vn -0.303797 0.940671 -0.151144
vn -0.176730 0.882176 -0.436500
vn -0.007940 0.896585 -0.442800
vn 0.130672 0.920836 -0.367404
vn 0.590017 0.793896 -0.146999
vn 0.477823 0.748234 0.460252
vn 0.134645 0.688323 0.712799
vn -0.333614 0.722790 0.605208
vn -0.754201 0.623236 0.206780
vn -0.657771 0.668993 -0.346100
vn -0.360991 0.685890 -0.631855
vn 0.064560 0.758560 -0.648397
vn 0.444992 0.671149 -0.592909
vn 0.785723 -0.618524 0.008272
vn 0.573241 -0.655692 0.491388
vn 0.138313 -0.572339 0.808268
vn -0.374990 -0.619218 0.689893
vn -0.526259 -0.773251 0.353743
vn -0.668281 -0.717748 -0.195545
vn -0.397225 -0.684210 -0.611612
vn 0.142071 -0.572549 -0.807468
vn 0.519197 -0.748274 -0.412940
vn 0.368030 -0.929159 -0.034896
vn 0.092026 -0.931477 0.351968
vn 0.101931 -0.957118 0.271174
vn 0.072323 -0.950951 0.300769
vn -0.213928 -0.965626 0.147650
vn -0.190056 -0.974075 -0.122704
vn -0.095754 -0.988492 -0.117110
vn 0.076378 -0.990207 -0.116861
vn 0.189324 -0.959716 -0.207610
vn 0.044181 -0.994965 0.089956
vn 0.044181 -0.994965 0.089956
vn 0.044181 -0.994965 0.089956
vn 0.044181 -0.994965 0.089956
vn 0.044181 -0.994965 0.089956
vn 0.044181 -0.994965 0.089956
vn 0.044181 -0.994965 0.089956
vn 0.044181 -0.994965 0.089956
vn 0.044181 -0.994965 0.089956
vn 0.035025 0.997629 0.059242
vn 0.035025 0.997629 0.059242
vn 0.035025 0.997629 0.059242
vn 0.035025 0.997629 0.059242
vn 0.035025 0.997629 0.059242
vn 0.035025 0.997629 0.059242
vn 0.035025 0.997629 0.059242
vn 0.035025 0.997629 0.059242
vn 0.035025 0.997629 0.059242
vn 0.466428 0.884555 -0.002790
vn 0.215837 0.944645 0.247105
vn 0.036123 0.860998 0.507324
vn -0.087093 0.920310 0.381372
vn -0.279291 0.934701 0.219844
vn -0.175740 0.953788 -0.243730
vn -0.030055 0.952681 -0.302482
vn 0.091854 0.948832 -0.302126
vn 0.166900 0.978665 -0.119830
vn 0.776538 0.629396 0.029149
vn 0.525364 0.599321 0.603992
vn 0.056602 0.613498 0.787665
vn -0.343040 0.688332 0.639158
vn -0.680819 0.658242 0.321253
vn -0.582875 0.784668 -0.211074
vn -0.238718 0.793298 -0.560082
vn 0.099975 0.849919 -0.517342
vn 0.634950 0.633275 -0.442495
vn 0.680635 -0.732605 0.005126
vn 0.451791 -0.728551 0.514877
vn 0.037321 -0.744333 0.666765
vn -0.400947 -0.795983 0.453488
vn -0.589815 -0.779030 0.212673
vn -0.596685 -0.733247 -0.326062
vn -0.361815 -0.668038 -0.650242
vn 0.140542 -0.666615 -0.732033
vn 0.609379 -0.547902 -0.573115
vn 0.127989 -0.989922 0.060613
vn 0.084424 -0.995523 0.042508
vn -0.051356 -0.983441 0.173800
vn -0.234944 -0.963368 0.129321
vn -0.294724 -0.955186 0.027506
vn -0.291138 -0.939629 -0.179823
vn -0.256269 -0.937871 -0.233934
vn -0.081035 -0.949103 -0.304362
vn 0.103786 -0.982322 -0.155798
vn -0.035025 -0.997629 -0.059242
vn -0.035025 -0.997629 -0.059242
vn -0.035025 -0.997629 -0.059242
vn -0.035025 -0.997629 -0.059242
vn -0.035025 -0.997629 -0.059242
vn -0.035025 -0.997629 -0.059242
vn -0.035025 -0.997629 -0.059242
vn -0.035025 -0.997629 -0.059242
vn -0.035025 -0.997629 -0.059242
vn 0.017296 0.999734 0.015242
vn 0.017296 0.999734 0.015242
vn 0.017296 0.999734 0.015242
vn 0.017296 0.999734 0.015242
vn 0.017296 0.999734 0.015242
vn 0.017296 0.999734 0.015242
vn 0.017296 0.999734 0.015242
vn 0.017296 0.999734 0.015242
vn 0.017296 0.999734 0.015242
vn 0.383487 0.923217 -0.024685
vn 0.393419 0.903207 0.171579
vn 0.142590 0.932641 0.331436
vn -0.054105 0.933555 0.354328
vn -0.260130 0.947536 0.185763
vn -0.287460 0.950621 -0.116990
vn -0.081120 0.914260 -0.396923
vn 0.008790 0.903909 -0.427635
vn 0.186034 0.961930 -0.200207
vn 0.581258 0.812747 0.039766
vn 0.609808 0.597828 0.520323
vn 0.254333 0.635617 0.728907
vn -0.263530 0.668030 0.695908
vn -0.703536 0.594739 0.389003
vn -0.705773 0.663583 -0.248077
vn -0.420936 0.658195 -0.624173
vn 0.079611 0.726557 -0.682479
vn 0.553295 0.538838 -0.635231
vn 0.630550 -0.776044 -0.012700
vn 0.505993 -0.808945 0.299297
vn 0.229235 -0.663446 0.712243
vn -0.368956 -0.778075 0.508400
vn -0.581797 -0.771756 0.256721
vn -0.587479 -0.796321 -0.144019
vn -0.396223 -0.706606 -0.586273
vn 0.061151 -0.625447 -0.777867
vn 0.501351 -0.565019 -0.655287
vn 0.216095 -0.971034 -0.101960
vn 0.188640 -0.966767 0.172558
vn -0.024301 -0.987436 0.156138
vn -0.150904 -0.968762 0.196796
vn -0.237076 -0.969024 0.069198
vn -0.170611 -0.985185 -0.017419
vn -0.185867 -0.969997 -0.156715
vn -0.016774 -0.972780 -0.231121
vn 0.151238 -0.976447 -0.153875
vn -0.017296 -0.999734 -0.015242
vn -0.017296 -0.999734 -0.015242
vn -0.017296 -0.999734 -0.015242
vn -0.017296 -0.999734 -0.015242
vn -0.017296 -0.999734 -0.015242
vn -0.017296 -0.999734 -0.015242
vn -0.017296 -0.999734 -0.015242
vn -0.017296 -0.999734 -0.015242
vn -0.017296 -0.999734 -0.015242
vn 0.071102 0.997450 -0.006201
vn 0.071102 0.997450 -0.006201
vn 0.071102 0.997450 -0.006201
vn 0.071102 0.997450 -0.006201
vn 0.071102 0.997450 -0.006201
vn 0.071102 0.997450 -0.006201
vn 0.071102 0.997450 -0.006201
vn 0.071102 0.997450 -0.006201
vn 0.071102 0.997450 -0.006201
vn 0.350514 0.934069 -0.068232
vn 0.269961 0.951204 0.149439
vn 0.068755 0.895617 0.439480
vn -0.155027 0.944870 0.288423
vn -0.295216 0.919814 0.258435
vn -0.262463 0.964164 -0.038735
vn -0.021357 0.921704 -0.387307
vn 0.202296 0.916602 -0.344844
vn 0.239388 0.924810 -0.295667
vn 0.784088 0.620604 0.007457
vn 0.539969 0.578972 0.610921
vn 0.206097 0.554262 0.806423
vn -0.351620 0.688779 0.633993
vn -0.634495 0.733005 0.245196
vn -0.675886 0.668538 -0.310217
vn -0.301446 0.683192 -0.665116
vn 0.203311 0.638711 -0.742100
vn 0.557429 0.670228 -0.489966
vn 0.636962 -0.770645 -0.019616
vn 0.542782 -0.617207 0.569600
vn 0.117827 -0.741339 0.660706
vn -0.429400 -0.573956 0.697274
vn -0.682735 -0.678187 0.271912
vn -0.570865 -0.782864 -0.247461
vn -0.351246 -0.730886 -0.585176
vn 0.091751 -0.755828 -0.648310
vn 0.438402 -0.822547 -0.362242
vn 0.129220 -0.983847 -0.123887
vn 0.070937 -0.993374 0.090418
vn -0.127811 -0.963536 0.235081
vn -0.186279 -0.961593 0.201593
vn -0.270530 -0.958666 0.088165
vn -0.196275 -0.979044 -0.054308
vn -0.141620 -0.977880 -0.153929
vn 0.021322 -0.987196 -0.158080
vn 0.107308 -0.964722 -0.240410
vn -0.071102 -0.997450 0.006201
vn -0.071102 -0.997450 0.006201
vn -0.071102 -0.997450 0.006201
vn -0.071102 -0.997450 0.006201
vn -0.071102 -0.997450 0.006201
vn -0.071102 -0.997450 0.006201
vn -0.071102 -0.997450 0.006201
vn -0.071102 -0.997450 0.006201
vn -0.071102 -0.997450 0.006201
vn 0.073160 0.992052 -0.102377
vn 0.073160 0.992052 -0.102377
vn 0.073160 0.992052 -0.102377
vn 0.073160 0.992052 -0.102377
vn 0.073160 0.992052 -0.102377
vn 0.073160 0.992052 -0.102377
vn 0.073160 0.992052 -0.102377
vn 0.073160 0.992052 -0.102377
vn 0.073160 0.992052 -0.102377
vn 0.448225 0.878874 -0.163323
vn 0.199889 0.893888 0.401258
vn 0.091300 0.930403 0.354986
vn 0.008905 0.955629 0.294438
vn -0.270358 0.950122 0.155485
vn -0.255867 0.947308 -0.192718
vn -0.027305 0.849390 -0.527059
vn 0.197119 0.874585 -0.442996
vn 0.287211 0.826300 -0.484497
vn 0.777931 0.621314 -0.093766
vn 0.613888 0.575240 0.540592
vn 0.164171 0.853065 0.495306
vn -0.315163 0.708940 0.630933
vn -0.657226 0.673385 0.338536
vn -0.739209 0.495656 -0.455955
vn -0.256209 0.571944 -0.779254
vn 0.161394 0.466544 -0.869649
vn 0.596745 0.591734 -0.541983
vn 0.469542 -0.856766 0.213264
vn 0.397073 -0.777336 0.487936
vn 0.096246 -0.665834 0.739866
vn -0.358014 -0.605890 0.710439
vn -0.745478 -0.525273 0.410305
vn -0.605017 -0.768583 -0.207929
vn -0.414633 -0.634335 -0.652456
vn 0.035892 -0.835327 -0.548580
vn 0.471815 -0.770355 -0.428886
vn 0.227642 -0.971646 0.063901
vn 0.085816 -0.949728 0.301084
vn 0.011429 -0.939974 0.341054
vn -0.132752 -0.930605 0.341104
vn -0.340735 -0.932394 0.120587
vn -0.309321 -0.945285 0.103710
vn -0.213762 -0.967157 -0.137523
vn 0.028850 -0.998223 -0.052140
vn 0.105139 -0.987378 -0.118454
vn -0.073160 -0.992052 0.102377
vn -0.073160 -0.992052 0.102377
vn -0.073160 -0.992052 0.102377
vn -0.073160 -0.992052 0.102377
vn -0.073160 -0.992052 0.102377
vn -0.073160 -0.992052 0.102377
vn -0.073160 -0.992052 0.102377
vn -0.073160 -0.992052 0.102377
vn -0.073160 -0.992052 0.102377
vn -0.014417 0.996710 0.079763
vn -0.014417 0.996710 0.079763
vn -0.014417 0.996710 0.079763
vn -0.014417 0.996710 0.079763
vn -0.014417 0.996710 0.079763
vn -0.014417 0.996710 0.079763
vn -0.014417 0.996710 0.079763
vn -0.014417 0.996710 0.079763
vn -0.014417 0.996710 0.079763
vn 0.313589 0.949464 -0.013434
vn 0.209882 0.911172 0.354564
vn 0.051630 0.913772 0.402932
vn -0.107437 0.841905 0.528823
vn -0.306957 0.927821 0.211959
vn -0.302072 0.952313 -0.043045
vn -0.213522 0.952038 -0.219161
vn 0.127539 0.952044 -0.278110
vn 0.265408 0.951573 -0.155136
vn 0.734982 0.665442 0.130339
vn 0.601019 0.560673 0.569580
vn 0.151131 0.581272 0.799552
vn -0.326918 0.586861 0.740756
vn -0.650020 0.592715 0.475565
vn -0.739539 0.620414 -0.261091
vn -0.432254 0.683611 -0.588075
vn 0.102256 0.693544 -0.713120
vn 0.492088 0.680380 -0.543077
vn 0.628851 -0.773848 -0.075533
vn 0.606368 -0.678639 0.414447
vn 0.244106 -0.705124 0.665742
vn -0.269045 -0.817813 0.508720
vn -0.600704 -0.769217 0.217854
vn -0.712390 -0.635548 -0.297621
vn -0.481333 -0.559742 -0.674543
vn 0.118883 -0.700215 -0.703965
vn 0.529734 -0.543882 -0.650826
vn 0.196342 -0.980393 -0.016694
vn 0.229037 -0.959140 0.166110
vn 0.009764 -0.991027 0.133308
vn -0.040951 -0.988190 0.147657
vn -0.222011 -0.962228 0.157570
vn -0.287289 -0.953092 -0.095290
vn -0.060542 -0.946870 -0.315866
vn 0.035418 -0.966686 -0.253502
vn 0.164903 -0.929666 -0.329437
vn 0.014417 -0.996710 -0.079763
vn 0.014417 -0.996710 -0.079763
vn 0.014417 -0.996710 -0.079763
vn 0.014417 -0.996710 -0.079763
vn 0.014417 -0.996710 -0.079763
vn 0.014417 -0.996710 -0.079763
vn 0.014417 -0.996710 -0.079763
vn 0.014417 -0.996710 -0.079763
vn 0.014417 -0.996710 -0.079763
vn -0.040915 0.999141 -0.006648
vn -0.040915 0.999141 -0.006648
vn -0.040915 0.999141 -0.006648
vn -0.040915 0.999141 -0.006648
vn -0.040915 0.999141 -0.006648
vn -0.040915 0.999141 -0.006648
vn -0.040915 0.999141 -0.006648
vn -0.040915 0.999141 -0.006648
vn -0.040915 0.999141 -0.006648
vn -0.056332 0.916002 -0.397199
vn 0.277444 0.936882 -0.212784
vn 0.368216 0.928977 -0.037659
vn 0.393054 0.907665 0.147150
vn -0.044418 0.920107 0.389140
vn -0.209352 0.921105 0.328234
vn -0.361361 0.921570 0.141872
vn -0.460183 0.877423 -0.135501
vn -0.360552 0.897566 -0.253726
vn 0.040594 0.710367 -0.702660
vn 0.618869 0.540142 -0.570306
vn 0.778749 0.626361 -0.034945
vn 0.647103 0.607585 0.460541
vn 0.322314 0.532066 0.782956
vn -0.288107 0.752552 0.592165
vn -0.742554 0.612397 0.271262
vn -0.759538 0.613943 -0.214886
vn -0.521973 0.593246 -0.612865
vn 0.075566 -0.741690 -0.666473
vn 0.515323 -0.713441 -0.474809
vn 0.715247 -0.691859 -0.098757
vn 0.626616 -0.641795 0.442099
vn 0.312004 -0.658835 0.684536
vn -0.305563 -0.648357 0.697327
vn -0.622689 -0.729908 0.281944
vn -0.720186 -0.650039 -0.242449
vn -0.441941 -0.727356 -0.525016
vn 0.072280 -0.968914 -0.236605
vn 0.266724 -0.954320 -0.134656
vn 0.287745 -0.956267 -0.052508
vn 0.334787 -0.934616 0.120043
vn 0.264440 -0.924019 0.276152
vn -0.030045 -0.971931 0.233341
vn -0.174696 -0.982924 0.057811
vn -0.259836 -0.963291 -0.067498
vn -0.096502 -0.960528 -0.260908
vn 0.040915 -0.999141 0.006648
vn 0.040915 -0.999141 0.006648
vn 0.040915 -0.999141 0.006648
vn 0.040915 -0.999141 0.006648
vn 0.040915 -0.999141 0.006648
vn 0.040915 -0.999141 0.006648
vn 0.040915 -0.999141 0.006648
vn 0.040915 -0.999141 0.006648
vn 0.040915 -0.999141 0.006648
vn -0.067423 0.997517 -0.020334
vn -0.067423 0.997517 -0.020334
vn -0.067423 0.997517 -0.020334
vn -0.067423 0.997517 -0.020334
vn -0.067423 0.997517 -0.020334
vn -0.067423 0.997517 -0.020334
vn -0.067423 0.997517 -0.020334
vn -0.067423 0.997517 -0.020334
vn -0.067423 0.997517 -0.020334
vn 0.321126 0.946988 0.009576
vn 0.111059 0.913191 0.392106
vn -0.099840 0.931984 0.348480
vn -0.291178 0.935128 0.201868
vn -0.341036 0.936068 0.086430
vn -0.439027 0.883821 -0.161601
vn -0.190436 0.931334 -0.310405
vn -0.021018 0.927884 -0.372276
vn 0.082292 0.953864 -0.288741
vn 0.811476 0.574777 0.105540
vn 0.481187 0.619529 0.620196
vn 0.052412 0.625151 0.778742
vn -0.443914 0.640216 0.626948
vn -0.700110 0.701406 0.133699
vn -0.702143 0.581749 -0.410565
vn -0.343807 0.583302 -0.735904
vn 0.154306 0.729887 -0.665924
vn 0.586705 0.691786 -0.420961
vn 0.666658 -0.737233 0.109793
vn 0.571615 -0.574306 0.586028
vn 0.129381 -0.669765 0.731215
vn -0.402486 -0.736266 0.543982
vn -0.630781 -0.732830 0.255100
vn -0.528147 -0.808447 -0.259757
vn -0.210917 -0.751670 -0.624905
vn 0.235943 -0.657307 -0.715737
vn 0.642086 -0.625360 -0.443453
vn 0.311490 -0.950214 0.008189
vn 0.204563 -0.935261 0.288860
vn -0.041986 -0.980075 0.194140
vn -0.031854 -0.969274 0.243911
vn -0.202412 -0.952358 0.228128
vn -0.204246 -0.972237 -0.114187
vn -0.007071 -0.984082 -0.177576
vn 0.089365 -0.965740 -0.243640
vn 0.301364 -0.945908 -0.120153
vn 0.067423 -0.997517 0.020334
vn 0.067423 -0.997517 0.020334
vn 0.067423 -0.997517 0.020334
vn 0.067423 -0.997517 0.020334
vn 0.067423 -0.997517 0.020334
vn 0.067423 -0.997517 0.020334
vn 0.067423 -0.997517 0.020334
vn 0.067423 -0.997517 0.020334
vn 0.067423 -0.997517 0.020334
vn -0.053459 0.996786 -0.059666
vn -0.053459 0.996786 -0.059666
vn -0.053459 0.996786 -0.059666
vn -0.053459 0.996786 -0.059666
vn -0.053459 0.996786 -0.059666
vn -0.053459 0.996786 -0.059666
vn -0.053459 0.996786 -0.059666
vn -0.053459 0.996786 -0.059666
vn -0.053459 0.996786 -0.059666
vn 0.282094 0.959324 -0.010935
vn 0.160159 0.932066 0.324964
vn 0.016041 0.956858 0.290112
vn -0.312445 0.906714 0.283282
vn -0.369570 0.910572 0.185139
vn -0.360897 0.907298 -0.215788
vn -0.174094 0.851197 -0.495132
vn 0.018390 0.863940 -0.503259
vn 0.242277 0.866387 -0.436664
vn 0.703069 0.704243 -0.098673
vn 0.513924 0.625384 0.587178
vn 0.055132 0.688216 0.723408
vn -0.400980 0.600713 0.691635
vn -0.662424 0.716909 0.217338
vn -0.726073 0.538575 -0.427498
vn -0.327709 0.505156 -0.798389
vn 0.130757 0.434067 -0.891341
vn 0.567245 0.502819 -0.652231
vn 0.657873 -0.751292 -0.052572
vn 0.548515 -0.461901 0.696978
vn 0.139016 -0.558754 0.817599
vn -0.307817 -0.574850 0.758153
vn -0.586593 -0.759190 0.282026
vn -0.619832 -0.721869 -0.307755
vn -0.252393 -0.765036 -0.592467
vn 0.190301 -0.631419 -0.751728
vn 0.581494 -0.679464 -0.447430
vn 0.288431 -0.957032 0.029951
vn 0.139308 -0.959390 0.245285
vn 0.007900 -0.919908 0.392055
vn 0.009764 -0.927171 0.374512
vn -0.160637 -0.949876 0.268200
vn -0.198728 -0.959795 -0.198243
vn -0.074217 -0.967385 -0.242194
vn 0.034473 -0.966803 -0.253188
vn 0.326608 -0.938807 -0.109400
vn 0.053459 -0.996786 0.059666
vn 0.053459 -0.996786 0.059666
vn 0.053459 -0.996786 0.059666
vn 0.053459 -0.996786 0.059666
vn 0.053459 -0.996786 0.059666
vn 0.053459 -0.996786 0.059666
vn 0.053459 -0.996786 0.059666
vn 0.053459 -0.996786 0.059666
vn 0.053459 -0.996786 0.059666
vn 0.065681 0.994151 0.085730
vn 0.065681 0.994151 0.085730
vn 0.065681 0.994151 0.085730
vn 0.065681 0.994151 0.085730
vn 0.065681 0.994151 0.085730
vn 0.065681 0.994151 0.085730
vn 0.065681 0.994151 0.085730
vn 0.065681 0.994151 0.085730
vn 0.065681 0.994151 0.085730
vn 0.396142 0.888334 0.232237
vn 0.224804 0.890633 0.395267
vn 0.069960 0.912745 0.402495
vn 0.015681 0.906138 0.422692
vn -0.283085 0.918135 0.277290
vn -0.187083 0.978509 -0.086720
vn -0.064136 0.978434 -0.196351
vn 0.072195 0.952708 -0.295187
vn 0.348637 0.932664 -0.092685
vn 0.731119 0.682074 0.015465
vn 0.507031 0.620473 0.598274
vn 0.132340 0.669077 0.731316
vn -0.372640 0.667395 0.644766
vn -0.716613 0.633485 0.291826
vn -0.640678 0.705660 -0.302613
vn -0.194106 0.713242 -0.673505
vn 0.245699 0.652679 -0.716688
vn 0.600122 0.644668 -0.473558
vn 0.550818 -0.833947 -0.033648
vn 0.480899 -0.681341 0.551825
vn 0.077855 -0.683564 0.725727
vn -0.423409 -0.758297 0.495692
vn -0.650225 -0.723768 0.231012
vn -0.702144 -0.498288 -0.508628
vn -0.339962 -0.626618 -0.701267
vn 0.109307 -0.494667 -0.862181
vn 0.503493 -0.642880 -0.577235
vn 0.158068 -0.983606 -0.086799
vn 0.113047 -0.980294 0.162001
vn -0.133078 -0.978883 0.155169
vn -0.218916 -0.966921 0.130916
vn -0.289581 -0.946202 0.144373
vn -0.203463 -0.966637 -0.155613
vn -0.069282 -0.917806 -0.390938
vn -0.099730 -0.921763 -0.374709
vn 0.082336 -0.970536 -0.226452
vn -0.065681 -0.994151 -0.085730
vn -0.065681 -0.994151 -0.085730
vn -0.065681 -0.994151 -0.085730
vn -0.065681 -0.994151 -0.085730
vn -0.065681 -0.994151 -0.085730
vn -0.065681 -0.994151 -0.085730
vn -0.065681 -0.994151 -0.085730
vn -0.065681 -0.994151 -0.085730
vn -0.065681 -0.994151 -0.085730
vn -0.077037 0.994230 -0.074640
vn -0.077037 0.994230 -0.074640
vn -0.077037 0.994230 -0.074640
vn -0.077037 0.994230 -0.074640
vn -0.077037 0.994230 -0.074640
vn -0.077037 0.994230 -0.074640
vn -0.077037 0.994230 -0.074640
vn -0.077037 0.994230 -0.074640
vn -0.077037 0.994230 -0.074640
vn 0.275989 0.955737 -0.101966
vn 0.092290 0.960816 0.261372
vn 0.003912 0.956108 0.292988
vn -0.161971 0.883366 0.439806
vn -0.368349 0.926597 0.075742
vn -0.345728 0.895609 -0.279923
vn -0.138271 0.879133 -0.456077
vn -0.044971 0.850421 -0.524178
vn 0.069433 0.925066 -0.373406
vn 0.633917 0.763576 -0.122884
vn 0.537389 0.597056 0.595599
vn 0.028439 0.780863 0.624054
vn -0.361611 0.573554 0.735032
vn -0.712180 0.602300 0.360603
vn -0.729781 0.602804 -0.322563
vn -0.427268 0.574251 -0.698339
vn 0.015381 0.655924 -0.754670
vn 0.417222 0.595326 -0.686667
vn 0.687532 -0.726122 -0.006826
vn 0.577309 -0.498437 0.646742
vn 0.200160 -0.574387 0.793735
vn -0.206632 -0.713388 0.669613
vn -0.603252 -0.717103 0.349072
vn -0.673508 -0.671830 -0.308271
vn -0.312212 -0.661914 -0.681464
vn 0.174086 -0.724416 -0.667020
vn 0.552228 -0.605337 -0.573247
vn 0.373484 -0.920227 0.117012
vn 0.251459 -0.932590 0.258928
vn 0.046873 -0.904200 0.424529
vn 0.041201 -0.956267 0.289578
vn -0.141666 -0.949602 0.279620
vn -0.172199 -0.974561 -0.143452
vn 0.017948 -0.992500 -0.120919
vn 0.081163 -0.947195 -0.310218
vn 0.227992 -0.967689 -0.107696
vn 0.077037 -0.994230 0.074640
vn 0.077037 -0.994230 0.074640
vn 0.077037 -0.994230 0.074640
vn 0.077037 -0.994230 0.074640
vn 0.077037 -0.994230 0.074640
vn 0.077037 -0.994230 0.074640
vn 0.077037 -0.994230 0.074640
vn 0.077037 -0.994230 0.074640
vn 0.077037 -0.994230 0.074640
f 1/1/1 2/2/2 11/11/11
f 1/1/1 11/11/11 10/10/10
f 2/2/2 3/3/3 12/12/12
f 2/2/2 12/12/12 11/11/11
f 3/3/3 4/4/4 13/13/13
f 3/3/3 13/13/13 12/12/12
f 4/4/4 5/5/5 14/14/14
f 4/4/4 14/14/14 13/13/13
f 5/5/5 6/6/6 15/15/15
f 5/5/5 15/15/15 14/14/14
f 6/6/6 7/7/7 16/16/16
f 6/6/6 16/16/16 15/15/15
f 7/7/7 8/8/8 17/17/17
f 7/7/7 17/17/17 16/16/16
f 8/8/8 9/9/9 18/18/18
f 8/8/8 18/18/18 17/17/17
f 9/9/9 1/1/1 10/10/10
f 9/9/9 10/10/10 18/18/18
f 10/10/10 11/11/11 20/20/20
f 10/10/10 20/20/20 19/19/19
f 11/11/11 12/12/12 21/21/21
f 11/11/11 21/21/21 20/20/20
f 12/12/12 13/13/13 22/22/22
f 12/12/12 22/22/22 21/21/21
f 13/13/13 14/14/14 23/23/23
f 13/13/13 23/23/23 22/22/22
f 14/14/14 15/15/15 24/24/24
f 14/14/14 24/24/24 23/23/23
f 15/15/15 16/16/16 25/25/25
f 15/15/15 25/25/25 24/24/24
f 16/16/16 17/17/17 26/26/26
f 16/16/16 26/26/26 25/25/25
f 17/17/17 18/18/18 27/27/27
f 17/17/17 27/27/27 26/26/26
f 18/18/18 10/10/10 19/19/19
f 18/18/18 19/19/19 27/27/27
f 19/19/19 20/20/20 29/29/29
f 19/19/19 29/29/29 28/28/28
f 20/20/20 21/21/21 30/30/30
f 20/20/20 30/30/30 29/29/29
f 21/21/21 22/22/22 31/31/31
f 21/21/21 31/31/31 30/30/30
f 22/22/22 23/23/23 32/32/32
f 22/22/22 32/32/32 31/31/31
f 23/23/23 24/24/24 33/33/33
f 23/23/23 33/33/33 32/32/32
f 24/24/24 25/25/25 34/34/34
f 24/24/24 34/34/34 33/33/33
f 25/25/25 26/26/26 35/35/35
f 25/25/25 35/35/35 34/34/34
f 26/26/26 27/27/27 36/36/36
f 26/26/26 36/36/36 35/35/35
f 27/27/27 19/19/19 28/28/28
f 27/27/27 28/28/28 36/36/36
f 28/28/28 29/29/29 38/38/38
f 28/28/28 38/38/38 37/37/37
f 29/29/29 30/30/30 39/39/39
f 29/29/29 39/39/39 38/38/38
f 30/30/30 31/31/31 40/40/40
f 30/30/30 40/40/40 39/39/39
f 31/31/31 32/32/32 41/41/41
f 31/31/31 41/41/41 40/40/40
f 32/32/32 33/33/33 42/42/42
f 32/32/32 42/42/42 41/41/41
f 33/33/33 34/34/34 43/43/43
f 33/33/33 43/43/43 42/42/42
f 34/34/34 35/35/35 44/44/44
f 34/34/34 44/44/44 43/43/43
f 35/35/35 36/36/36 45/45/45
f 35/35/35 45/45/45 44/44/44
f 36/36/36 28/28/28 37/37/37
f 36/36/36 37/37/37 45/45/45
f 37/37/37 38/38/38 47/47/47
f 37/37/37 47/47/47 46/46/46
f 38/38/38 39/39/39 48/48/48
f 38/38/38 48/48/48 47/47/47
f 39/39/39 40/40/40 49/49/49
f 39/39/39 49/49/49 48/48/48
f 40/40/40 41/41/41 50/50/50
f 40/40/40 50/50/50 49/49/49
f 41/41/41 42/42/42 51/51/51
f 41/41/41 51/51/51 50/50/50
f 42/42/42 43/43/43 52/52/52
f 42/42/42 52/52/52 51/51/51
f 43/43/43 44/44/44 53/53/53
f 43/43/43 53/53/53 52/52/52
f 44/44/44 45/45/45 54/54/54
f 44/44/44 54/54/54 53/53/53
f 45/45/45 37/37/37 46/46/46
f 45/45/45 46/46/46 54/54/54
f 55/55/55 56/56/56 65/65/65
f 55/55/55 65/65/65 64/64/64
f 56/56/56 57/57/57 66/66/66
f 56/56/56 66/66/66 65/65/65
f 57/57/57 58/58/58 67/67/67
f 57/57/57 67/67/67 66/66/66
f 58/58/58 59/59/59 68/68/68
f 58/58/58 68/68/68 67/67/67
f 59/59/59 60/60/60 69/69/69
f 59/59/59 69/69/69 68/68/68
f 60/60/60 61/61/61 70/70/70
f 60/60/60 70/70/70 69/69/69
f 61/61/61 62/62/62 71/71/71
f 61/61/61 71/71/71 70/70/70
f 62/62/62 63/63/63 72/72/72
f 62/62/62 72/72/72 71/71/71
f 63/63/63 55/55/55 64/64/64
f 63/63/63 64/64/64 72/72/72
f 64/64/64 65/65/65 74/74/74
f 64/64/64 74/74/74 73/73/73
f 65/65/65 66/66/66 75/75/75
f 65/65/65 75/75/75 74/74/74
f 66/66/66 67/67/67 76/76/76
f 66/66/66 76/76/76 75/75/75
f 67/67/67 68/68/68 77/77/77
f 67/67/67 77/77/77 76/76/76
f 68/68/68 69/69/69 78/78/78
f 68/68/68 78/78/78 77/77/77
f 69/69/69 70/70/70 79/79/79
f 69/69/69 79/79/79 78/78/78
f 70/70/70 71/71/71 80/80/80
f 70/70/70 80/80/80 79/79/79
f 71/71/71 72/72/72 81/81/81
f 71/71/71 81/81/81 80/80/80
f 72/72/72 64/64/64 73/73/73
f 72/72/72 73/73/73 81/81/81
f 73/73/73 74/74/74 83/83/83
f 73/73/73 83/83/83 82/82/82
f 74/74/74 75/75/75 84/84/84
f 74/74/74 84/84/84 83/83/83
f 75/75/75 76/76/76 85/85/85
f 75/75/75 85/85/85 84/84/84
f 76/76/76 77/77/77 86/86/86
f 76/76/76 86/86/86 85/85/85
f 77/77/77 78/78/78 87/87/87
f 77/77/77 87/87/87 86/86/86
f 78/78/78 79/79/79 88/88/88
f 78/78/78 88/88/88 87/87/87
f 79/79/79 80/80/80 89/89/89
f 79/79/79 89/89/89 88/88/88
f 80/80/80 81/81/81 90/90/90
f 80/80/80 90/90/90 89/89/89
f 81/81/81 73/73/73 82/82/82
f 81/81/81 82/82/82 90/90/90
f 82/82/82 83/83/83 92/92/92
f 82/82/82 92/92/92 91/91/91
f 83/83/83 84/84/84 93/93/93
f 83/83/83 93/93/93 92/92/92
f 84/84/84 85/85/85 94/94/94
f 84/84/84 94/94/94 93/93/93
f 85/85/85 86/86/86 95/95/95
f 85/85/85 95/95/95 94/94/94
f 86/86/86 87/87/87 96/96/96
f 86/86/86 96/96/96 95/95/95
f 87/87/87 88/88/88 97/97/97
f 87/87/87 97/97/97 96/96/96
f 88/88/88 89/89/89 98/98/98
f 88/88/88 98/98/98 97/97/97
f 89/89/89 90/90/90 99/99/99
f 89/89/89 99/99/99 98/98/98
f 90/90/90 82/82/82 91/91/91
f 90/90/90 91/91/91 99/99/99
f 91/91/91 92/92/92 101/101/101
f 91/91/91 101/101/101 100/100/100
f 92/92/92 93/93/93 102/102/102
f 92/92/92 102/102/102 101/101/101
f 93/93/93 94/94/94 103/103/103
f 93/93/93 103/103/103 102/102/102
f 94/94/94 95/95/95 104/104/104
f 94/94/94 104/104/104 103/103/103
f 95/95/95 96/96/96 105/105/105
f 95/95/95 105/105/105 104/104/104
f 96/96/96 97/97/97 106/106/106
f 96/96/96 106/106/106 105/105/105
f 97/97/97 98/98/98 107/107/107
f 97/97/97 107/107/107 106/106/106
f 98/98/98 99/99/99 108/108/108
f 98/98/98 108/108/108 107/107/107
f 99/99/99 91/91/91 100/100/100
f 99/99/99 100/100/100 108/108/108
f 109/109/109 110/110/110 119/119/119
f 109/109/109 119/119/119 118/118/118
f 110/110/110 111/111/111 120/120/120
f 110/110/110 120/120/120 119/119/119
f 111/111/111 112/112/112 121/121/121
f 111/111/111 121/121/121 120/120/120
f 112/112/112 113/113/113 122/122/122
f 112/112/112 122/122/122 121/121/121
f 113/113/113 114/114/114 123/123/123
f 113/113/113 123/123/123 122/122/122
f 114/114/114 115/115/115 124/124/124
f 114/114/114 124/124/124 123/123/123
f 115/115/115 116/116/116 125/125/125
f 115/115/115 125/125/125 124/124/124
f 116/116/116 117/117/117 126/126/126
f 116/116/116 126/126/126 125/125/125
f 117/117/117 109/109/109 118/118/118
f 117/117/117 118/118/118 126/126/126
f 118/118/118 119/119/119 128/128/128
f 118/118/118 128/128/128 127/127/127
f 119/119/119 120/120/120 129/129/129
f 119/119/119 129/129/129 128/128/128
f 120/120/120 121/121/121 130/130/130
f 120/120/120 130/130/130 129/129/129
f 121/121/121 122/122/122 131/131/131
f 121/121/121 131/131/131 130/130/130
f 122/122/122 123/123/123 132/132/132
f 122/122/122 132/132/132 131/131/131
f 123/123/123 124/124/124 133/133/133
f 123/123/123 133/133/133 132/132/132
f 124/124/124 125/125/125 134/134/134
f 124/124/124 134/134/134 133/133/133
f 125/125/125 126/126/126 135/135/135
f 125/125/125 135/135/135 134/134/134
f 126/126/126 118/118/118 127/127/127
f 126/126/126 127/127/127 135/135/135
f 127/127/127 128/128/128 137/137/137
f 127/127/127 137/137/137 136/136/136
f 128/128/128 129/129/129 138/138/138
f 128/128/128 138/138/138 137/137/137
f 129/129/129 130/130/130 139/139/139
f 129/129/129 139/139/139 138/138/138
f 130/130/130 131/131/131 140/140/140
f 130/130/130 140/140/140 139/139/139
f 131/131/131 132/132/132 141/141/141
f 131/131/131 141/141/141 140/140/140
f 132/132/132 133/133/133 142/142/142
f 132/132/132 142/142/142 141/141/141
f 133/133/133 134/134/134 143/143/143
f 133/133/133 143/143/143 142/142/142
f 134/134/134 135/135/135 144/144/144
f 134/134/134 144/144/144 143/143/143
f 135/135/135 127/127/127 136/136/136
f 135/135/135 136/136/136 144/144/144
f 136/136/136 137/137/137 146/146/146
f 136/136/136 146/146/146 145/145/145
f 137/137/137 138/138/138 147/147/147
f 137/137/137 147/147/147 146/146/146
f 138/138/138 139/139/139 148/148/148
f 138/138/138 148/148/148 147/147/147
f 139/139/139 140/140/140 149/149/149
f 139/139/139 149/149/149 148/148/148
f 140/140/140 141/141/141 150/150/150
f 140/140/140 150/150/150 149/149/149
f 141/141/141 142/142/142 151/151/151
f 141/141/141 151/151/151 150/150/150
f 142/142/142 143/143/143 152/152/152
f 142/142/142 152/152/152 151/151/151
f 143/143/143 144/144/144 153/153/153
f 143/143/143 153/153/153 152/152/152
f 144/144/144 136/136/136 145/145/145
f 144/144/144 145/145/145 153/153/153
f 145/145/145 146/146/146 155/155/155
f 145/145/145 155/155/155 154/154/154
f 146/146/146 147/147/147 156/156/156
f 146/146/146 156/156/156 155/155/155
f 147/147/147 148/148/148 157/157/157
f 147/147/147 157/157/157 156/156/156
f 148/148/148 149/149/149 158/158/158
f 148/148/148 158/158/158 157/157/157
f 149/149/149 150/150/150 159/159/159
f 149/149/149 159/159/159 158/158/158
f 150/150/150 151/151/151 160/160/160
f 150/150/150 160/160/160 159/159/159
f 151/151/151 152/152/152 161/161/161
f 151/151/151 161/161/161 160/160/160
f 152/152/152 153/153/153 162/162/162
f 152/152/152 162/162/162 161/161/161
f 153/153/153 145/145/145 154/154/154
f 153/153/153 154/154/154 162/162/162
f 163/163/163 164/164/164 173/173/173
f 163/163/163 173/173/173 172/172/172
f 164/164/164 165/165/165 174/174/174
f 164/164/164 174/174/174 173/173/173
f 165/165/165 166/166/166 175/175/175
f 165/165/165 175/175/175 174/174/174
f 166/166/166 167/167/167 176/176/176
f 166/166/166 176/176/176 175/175/175
f 167/167/167 168/168/168 177/177/177
f 167/167/167 177/177/177 176/176/176
f 168/168/168 169/169/169 178/178/178
f 168/168/168 178/178/178 177/177/177
f 169/169/169 170/170/170 179/179/179
f 169/169/169 179/179/179 178/178/178
f 170/170/170 171/171/171 180/180/180
f 170/170/170 180/180/180 179/179/179
f 171/171/171 163/163/163 172/172/172
f 171/171/171 172/172/172 180/180/180
f 172/172/172 173/173/173 182/182/182
f 172/172/172 182/182/182 181/181/181
f 173/173/173 174/174/174 183/183/183
f 173/173/173 183/183/183 182/182/182
f 174/174/174 175/175/175 184/184/184
f 174/174/174 184/184/184 183/183/183
f 175/175/175 176/176/176 185/185/185
f 175/175/175 185/185/185 184/184/184
f 176/176/176 177/177/177 186/186/186
f 176/176/176 186/186/186 185/185/185
f 177/177/177 178/178/178 187/187/187
f 177/177/177 187/187/187 186/186/186
f 178/178/178 179/179/179 188/188/188
f 178/178/178 188/188/188 187/187/187
f 179/179/179 180/180/180 189/189/189
f 179/179/179 189/189/189 188/188/188
f 180/180/180 172/172/172 181/181/181
f 180/180/180 181/181/181 189/189/189
f 181/181/181 182/182/182 191/191/191
f 181/181/181 191/191/191 190/190/190
f 182/182/182 183/183/183 192/192/192
f 182/182/182 192/192/192 191/191/191
f 183/183/183 184/184/184 193/193/193
f 183/183/183 193/193/193 192/192/192
f 184/184/184 185/185/185 194/194/194
f 184/184/184 194/194/194 193/193/193
f 185/185/185 186/186/186 195/195/195
f 185/185/185 195/195/195 194/194/194
f 186/186/186 187/187/187 196/196/196
f 186/186/186 196/196/196 195/195/195
f 187/187/187 188/188/188 197/197/197
f 187/187/187 197/197/197 196/196/196
f 188/188/188 189/189/189 198/198/198
f 188/188/188 198/198/198 197/197/197
f 189/189/189 181/181/181 190/190/190
f 189/189/189 190/190/190 198/198/198
f 190/190/190 191/191/191 200/200/200
f 190/190/190 200/200/200 199/199/199
f 191/191/191 192/192/192 201/201/201
f 191/191/191 201/201/201 200/200/200
f 192/192/192 193/193/193 202/202/202
f 192/192/192 202/202/202 201/201/201
f 193/193/193 194/194/194 203/203/203
f 193/193/193 203/203/203 202/202/202
f 194/194/194 195/195/195 204/204/204
f 194/194/194 204/204/204 203/203/203
f 195/195/195 196/196/196 205/205/205
f 195/195/195 205/205/205 204/204/204
f 196/196/196 197/197/197 206/206/206
f 196/196/196 206/206/206 205/205/205
f 197/197/197 198/198/198 207/207/207
f 197/197/197 207/207/207 206/206/206
f 198/198/198 190/190/190 199/199/199
f 198/198/198 199/199/199 207/207/207
f 199/199/199 200/200/200 209/209/209
f 199/199/199 209/209/209 208/208/208
f 200/200/200 201/201/201 210/210/210
f 200/200/200 210/210/210 209/209/209
f 201/201/201 202/202/202 211/211/211
f 201/201/201 211/211/211 210/210/210
f 202/202/202 203/203/203 212/212/212
f 202/202/202 212/212/212 211/211/211
f 203/203/203 204/204/204 213/213/213
f 203/203/203 213/213/213 212/212/212
f 204/204/204 205/205/205 214/214/214
f 204/204/204 214/214/214 213/213/213
f 205/205/205 206/206/206 215/215/215
f 205/205/205 215/215/215 214/214/214
f 206/206/206 207/207/207 216/216/216
f 206/206/206 216/216/216 215/215/215
f 207/207/207 199/199/199 208/208/208
f 207/207/207 208/208/208 216/216/216
f 217/217/217 218/218/218 227/227/227
f 217/217/217 227/227/227 226/226/226
f 218/218/218 219/219/219 228/228/228
f 218/218/218 228/228/228 227/227/227
f 219/219/219 220/220/220 229/229/229
f 219/219/219 229/229/229 228/228/228
f 220/220/220 221/221/221 230/230/230
f 220/220/220 230/230/230 229/229/229
f 221/221/221 222/222/222 231/231/231
f 221/221/221 231/231/231 230/230/230
f 222/222/222 223/223/223 232/232/232
f 222/222/222 232/232/232 231/231/231
f 223/223/223 224/224/224 233/233/233
f 223/223/223 233/233/233 232/232/232
f 224/224/224 225/225/225 234/234/234
f 224/224/224 234/234/234 233/233/233
f 225/225/225 217/217/217 226/226/226
f 225/225/225 226/226/226 234/234/234
f 226/226/226 227/227/227 236/236/236
f 226/226/226 236/236/236 235/235/235
f 227/227/227 228/228/228 237/237/237
f 227/227/227 237/237/237 236/236/236
f 228/228/228 229/229/229 238/238/238
f 228/228/228 238/238/238 237/237/237
f 229/229/229 230/230/230 239/239/239
f 229/229/229 239/239/239 238/238/238
f 230/230/230 231/231/231 240/240/240
f 230/230/230 240/240/240 239/239/239
f 231/231/231 232/232/232 241/241/241
f 231/231/231 241/241/241 240/240/240
f 232/232/232 233/233/233 242/242/242
f 232/232/232 242/242/242 241/241/241
f 233/233/233 234/234/234 243/243/243
f 233/233/233 243/243/243 242/242/242
f 234/234/234 226/226/226 235/235/235
f 234/234/234 235/235/235 243/243/243
f 235/235/235 236/236/236 245/245/245
f 235/235/235 245/245/245 244/244/244
f 236/236/236 237/237/237 246/246/246
f 236/236/236 246/246/246 245/245/245
f 237/237/237 238/238/238 247/247/247
f 237/237/237 247/247/247 246/246/246
f 238/238/238 239/239/239 248/248/248
f 238/238/238 248/248/248 247/247/247
f 239/239/239 240/240/240 249/249/249
f 239/239/239 249/249/249 248/248/248
f 240/240/240 241/241/241 250/250/250
f 240/240/240 250/250/250 249/249/249
f 241/241/241 242/242/242 251/251/251
f 241/241/241 251/251/251 250/250/250
f 242/242/242 243/243/243 252/252/252
f 242/242/242 252/252/252 251/251/251
f 243/243/243 235/235/235 244/244/244
f 243/243/243 244/244/244 252/252/252
f 244/244/244 245/245/245 254/254/254
f 244/244/244 254/254/254 253/253/253
f 245/245/245 246/246/246 255/255/255
f 245/245/245 255/255/255 254/254/254
f 246/246/246 247/247/247 256/256/256
f 246/246/246 256/256/256 255/255/255
f 247/247/247 248/248/248 257/257/257
f 247/247/247 257/257/257 256/256/256
f 248/248/248 249/249/249 258/258/258
f 248/248/248 258/258/258 257/257/257
f 249/249/249 250/250/250 259/259/259
f 249/249/249 259/259/259 258/258/258
f 250/250/250 251/251/251 260/260/260
f 250/250/250 260/260/260 259/259/259
f 251/251/251 252/252/252 261/261/261
f 251/251/251 261/261/261 260/260/260
f 252/252/252 244/244/244 253/253/253
f 252/252/252 253/253/253 261/261/261
f 253/253/253 254/254/254 263/263/263
f 253/253/253 263/263/263 262/262/262
f 254/254/254 255/255/255 264/264/264
f 254/254/254 264/264/264 263/263/263
f 255/255/255 256/256/256 265/265/265
f 255/255/255 265/265/265 264/264/264
f 256/256/256 257/257/257 266/266/266
f 256/256/256 266/266/266 265/265/265
f 257/257/257 258/258/258 267/267/267
f 257/257/257 267/267/267 266/266/266
f 258/258/258 259/259/259 268/268/268
f 258/258/258 268/268/268 267/267/267
f 259/259/259 260/260/260 269/269/269
f 259/259/259 269/269/269 268/268/268
f 260/260/260 261/261/261 270/270/270
f 260/260/260 270/270/270 269/269/269
f 261/261/261 253/253/253 262/262/262
f 261/261/261 262/262/262 270/270/270
f 271/271/271 272/272/272 281/281/281
f 271/271/271 281/281/281 280/280/280
f 272/272/272 273/273/273 282/282/282
f 272/272/272 282/282/282 281/281/281
f 273/273/273 274/274/274 283/283/283
f 273/273/273 283/283/283 282/282/282
f 274/274/274 275/275/275 284/284/284
f 274/274/274 284/284/284 283/283/283
f 275/275/275 276/276/276 285/285/285
f 275/275/275 285/285/285 284/284/284
f 276/276/276 277/277/277 286/286/286
f 276/276/276 286/286/286 285/285/285
f 277/277/277 278/278/278 287/287/287
f 277/277/277 287/287/287 286/286/286
f 278/278/278 279/279/279 288/288/288
f 278/278/278 288/288/288 287/287/287
f 279/279/279 271/271/271 280/280/280
f 279/279/279 280/280/280 288/288/288
f 280/280/280 281/281/281 290/290/290
f 280/280/280 290/290/290 289/289/289
f 281/281/281 282/282/282 291/291/291
f 281/281/281 291/291/291 290/290/290
f 282/282/282 283/283/283 292/292/292
f 282/282/282 292/292/292 291/291/291
f 283/283/283 284/284/284 293/293/293
f 283/283/283 293/293/293 292/292/292
f 284/284/284 285/285/285 294/294/294
f 284/284/284 294/294/294 293/293/293
f 285/285/285 286/286/286 295/295/295
f 285/285/285 295/295/295 294/294/294
f 286/286/286 287/287/287 296/296/296
f 286/286/286 296/296/296 295/295/295
f 287/287/287 288/288/288 297/297/297
f 287/287/287 297/297/297 296/296/296
f 288/288/288 280/280/280 289/289/289
f 288/288/288 289/289/289 297/297/297
f 289/289/289 290/290/290 299/299/299
f 289/289/289 299/299/299 298/298/298
f 290/290/290 291/291/291 300/300/300
f 290/290/290 300/300/300 299/299/299
f 291/291/291 292/292/292 301/301/301
f 291/291/291 301/301/301 300/300/300
f 292/292/292 293/293/293 302/302/302
f 292/292/292 302/302/302 301/301/301
f 293/293/293 294/294/294 303/303/303
f 293/293/293 303/303/303 302/302/302
f 294/294/294 295/295/295 304/304/304
f 294/294/294 304/304/304 303/303/303
f 295/295/295 296/296/296 305/305/305
f 295/295/295 305/305/305 304/304/304
f 296/296/296 297/297/297 306/306/306
f 296/296/296 306/306/306 305/305/305
f 297/297/297 289/289/289 298/298/298
f 297/297/297 298/298/298 306/306/306
f 298/298/298 299/299/299 308/308/308
f 298/298/298 308/308/308 307/307/307
f 299/299/299 300/300/300 309/309/309
f 299/299/299 309/309/309 308/308/308
f 300/300/300 301/301/301 310/310/310
f 300/300/300 310/310/310 309/309/309
f 301/301/301 302/302/302 311/311/311
f 301/301/301 311/311/311 310/310/310
f 302/302/302 303/303/303 312/312/312
f 302/302/302 312/312/312 311/311/311
f 303/303/303 304/304/304 313/313/313
f 303/303/303 313/313/313 312/312/312
f 304/304/304 305/305/305 314/314/314
f 304/304/304 314/314/314 313/313/313
f 305/305/305 306/306/306 315/315/315
f 305/305/305 315/315/315 314/314/314
f 306/306/306 298/298/298 307/307/307
f 306/306/306 307/307/307 315/315/315
f 307/307/307 308/308/308 317/317/317
f 307/307/307 317/317/317 316/316/316
f 308/308/308 309/309/309 318/318/318
f 308/308/308 318/318/318 317/317/317
f 309/309/309 310/310/310 319/319/319
f 309/309/309 319/319/319 318/318/318
f 310/310/310 311/311/311 320/320/320
f 310/310/310 320/320/320 319/319/319
f 311/311/311 312/312/312 321/321/321
f 311/311/311 321/321/321 320/320/320
f 312/312/312 313/313/313 322/322/322
f 312/312/312 322/322/322 321/321/321
f 313/313/313 314/314/314 323/323/323
f 313/313/313 323/323/323 322/322/322
f 314/314/314 315/315/315 324/324/324
f 314/314/314 324/324/324 323/323/323
f 315/315/315 307/307/307 316/316/316
f 315/315/315 316/316/316 324/324/324
f 325/325/325 326/326/326 335/335/335
f 325/325/325 335/335/335 334/334/334
f 326/326/326 327/327/327 336/336/336
f 326/326/326 336/336/336 335/335/335
f 327/327/327 328/328/328 337/337/337
f 327/327/327 337/337/337 336/336/336
f 328/328/328 329/329/329 338/338/338
f 328/328/328 338/338/338 337/337/337
f 329/329/329 330/330/330 339/339/339
f 329/329/329 339/339/339 338/338/338
f 330/330/330 331/331/331 340/340/340
f 330/330/330 340/340/340 339/339/339
f 331/331/331 332/332/332 341/341/341
f 331/331/331 341/341/341 340/340/340
f 332/332/332 333/333/333 342/342/342
f 332/332/332 342/342/342 341/341/341
f 333/333/333 325/325/325 334/334/334
f 333/333/333 334/334/334 342/342/342
f 334/334/334 335/335/335 344/344/344
f 334/334/334 344/344/344 343/343/343
f 335/335/335 336/336/336 345/345/345
f 335/335/335 345/345/345 344/344/344
f 336/336/336 337/337/337 346/346/346
f 336/336/336 346/346/346 345/345/345
f 337/337/337 338/338/338 347/347/347
f 337/337/337 347/347/347 346/346/346
f 338/338/338 339/339/339 348/348/348
f 338/338/338 348/348/348 347/347/347
f 339/339/339 340/340/340 349/349/349
f 339/339/339 349/349/349 348/348/348
f 340/340/340 341/341/341 350/350/350
f 340/340/340 350/350/350 349/349/349
f 341/341/341 342/342/342 351/351/351
f 341/341/341 351/351/351 350/350/350
f 342/342/342 334/334/334 343/343/343
f 342/342/342 343/343/343 351/351/351
f 343/343/343 344/344/344 353/353/353
f 343/343/343 353/353/353 352/352/352
f 344/344/344 345/345/345 354/354/354
f 344/344/344 354/354/354 353/353/353
f 345/345/345 346/346/346 355/355/355
f 345/345/345 355/355/355 354/354/354
f 346/346/346 347/347/347 356/356/356
f 346/346/346 356/356/356 355/355/355
f 347/347/347 348/348/348 357/357/357
f 347/347/347 357/357/357 356/356/356
f 348/348/348 349/349/349 358/358/358
f 348/348/348 358/358/358 357/357/357
f 349/349/349 350/350/350 359/359/359
f 349/349/349 359/359/359 358/358/358
f 350/350/350 351/351/351 360/360/360
f 350/350/350 360/360/360 359/359/359
f 351/351/351 343/343/343 352/352/352
f 351/351/351 352/352/352 360/360/360
f 352/352/352 353/353/353 362/362/362
f 352/352/352 362/362/362 361/361/361
f 353/353/353 354/354/354 363/363/363
f 353/353/353 363/363/363 362/362/362
f 354/354/354 355/355/355 364/364/364
f 354/354/354 364/364/364 363/363/363
f 355/355/355 356/356/356 365/365/365
f 355/355/355 365/365/365 364/364/364
f 356/356/356 357/357/357 366/366/366
f 356/356/356 366/366/366 365/365/365
f 357/357/357 358/358/358 367/367/367
f 357/357/357 367/367/367 366/366/366
f 358/358/358 359/359/359 368/368/368
f 358/358/358 368/368/368 367/367/367
f 359/359/359 360/360/360 369/369/369
f 359/359/359 369/369/369 368/368/368
f 360/360/360 352/352/352 361/361/361
f 360/360/360 361/361/361 369/369/369
f 361/361/361 362/362/362 371/371/371
f 361/361/361 371/371/371 370/370/370
f 362/362/362 363/363/363 372/372/372
f 362/362/362 372/372/372 371/371/371
f 363/363/363 364/364/364 373/373/373
f 363/363/363 373/373/373 372/372/372
f 364/364/364 365/365/365 374/374/374
f 364/364/364 374/374/374 373/373/373
f 365/365/365 366/366/366 375/375/375
f 365/365/365 375/375/375 374/374/374
f 366/366/366 367/367/367 376/376/376
f 366/366/366 376/376/376 375/375/375
f 367/367/367 368/368/368 377/377/377
f 367/367/367 377/377/377 376/376/376
f 368/368/368 369/369/369 378/378/378
f 368/368/368 378/378/378 377/377/377
f 369/369/369 361/361/361 370/370/370
f 369/369/369 370/370/370 378/378/378
f 379/379/379 380/380/380 389/389/389
f 379/379/379 389/389/389 388/388/388
f 380/380/380 381/381/381 390/390/390
f 380/380/380 390/390/390 389/389/389
f 381/381/381 382/382/382 391/391/391
f 381/381/381 391/391/391 390/390/390
f 382/382/382 383/383/383 392/392/392
f 382/382/382 392/392/392 391/391/391
f 383/383/383 384/384/384 393/393/393
f 383/383/383 393/393/393 392/392/392
f 384/384/384 385/385/385 394/394/394
f 384/384/384 394/394/394 393/393/393
f 385/385/385 386/386/386 395/395/395
f 385/385/385 395/395/395 394/394/394
f 386/386/386 387/387/387 396/396/396
f 386/386/386 396/396/396 395/395/395
f 387/387/387 379/379/379 388/388/388
f 387/387/387 388/388/388 396/396/396
f 388/388/388 389/389/389 398/398/398
f 388/388/388 398/398/398 397/397/397
f 389/389/389 390/390/390 399/399/399
f 389/389/389 399/399/399 398/398/398
f 390/390/390 391/391/391 400/400/400
f 390/390/390 400/400/400 399/399/399
f 391/391/391 392/392/392 401/401/401
f 391/391/391 401/401/401 400/400/400
f 392/392/392 393/393/393 402/402/402
f 392/392/392 402/402/402 401/401/401
f 393/393/393 394/394/394 403/403/403
f 393/393/393 403/403/403 402/402/402
f 394/394/394 395/395/395 404/404/404
f 394/394/394 404/404/404 403/403/403
f 395/395/395 396/396/396 405/405/405
f 395/395/395 405/405/405 404/404/404
f 396/396/396 388/388/388 397/397/397
f 396/396/396 397/397/397 405/405/405
f 397/397/397 398/398/398 407/407/407
f 397/397/397 407/407/407 406/406/406
f 398/398/398 399/399/399 408/408/408
f 398/398/398 408/408/408 407/407/407
f 399/399/399 400/400/400 409/409/409
f 399/399/399 409/409/409 408/408/408
f 400/400/400 401/401/401 410/410/410
f 400/400/400 410/410/410 409/409/409
f 401/401/401 402/402/402 411/411/411
f 401/401/401 411/411/411 410/410/410
f 402/402/402 403/403/403 412/412/412
f 402/402/402 412/412/412 411/411/411
f 403/403/403 404/404/404 413/413/413
f 403/403/403 413/413/413 412/412/412
f 404/404/404 405/405/405 414/414/414
f 404/404/404 414/414/414 413/413/413
f 405/405/405 397/397/397 406/406/406
f 405/405/405 406/406/406 414/414/414
f 406/406/406 407/407/407 416/416/416
f 406/406/406 416/416/416 415/415/415
f 407/407/407 408/408/408 417/417/417
f 407/407/407 417/417/417 416/416/416
f 408/408/408 409/409/409 418/418/418
f 408/408/408 418/418/418 417/417/417
f 409/409/409 410/410/410 419/419/419
f 409/409/409 419/419/419 418/418/418
f 410/410/410 411/411/411 420/420/420
f 410/410/410 420/420/420 419/419/419
f 411/411/411 412/412/412 421/421/421
f 411/411/411 421/421/421 420/420/420
f 412/412/412 413/413/413 422/422/422
f 412/412/412 422/422/422 421/421/421
f 413/413/413 414/414/414 423/423/423
f 413/413/413 423/423/423 422/422/422
f 414/414/414 406/406/406 415/415/415
f 414/414/414 415/415/415 423/423/423
f 415/415/415 416/416/416 425/425/425
f 415/415/415 425/425/425 424/424/424
f 416/416/416 417/417/417 426/426/426
f 416/416/416 426/426/426 425/425/425
f 417/417/417 418/418/418 427/427/427
f 417/417/417 427/427/427 426/426/426
f 418/418/418 419/419/419 428/428/428
f 418/418/418 428/428/428 427/427/427
f 419/419/419 420/420/420 429/429/429
f 419/419/419 429/429/429 428/428/428
f 420/420/420 421/421/421 430/430/430
f 420/420/420 430/430/430 429/429/429
f 421/421/421 422/422/422 431/431/431
f 421/421/421 431/431/431 430/430/430
f 422/422/422 423/423/423 432/432/432
f 422/422/422 432/432/432 431/431/431
f 423/423/423 415/415/415 424/424/424
f 423/423/423 424/424/424 432/432/432
f 433/433/433 434/434/434 443/443/443
f 433/433/433 443/443/443 442/442/442
f 434/434/434 435/435/435 444/444/444
f 434/434/434 444/444/444 443/443/443
f 435/435/435 436/436/436 445/445/445
f 435/435/435 445/445/445 444/444/444
f 436/436/436 437/437/437 446/446/446
f 436/436/436 446/446/446 445/445/445
f 437/437/437 438/438/438 447/447/447
f 437/437/437 447/447/447 446/446/446
f 438/438/438 439/439/439 448/448/448
f 438/438/438 448/448/448 447/447/447
f 439/439/439 440/440/440 449/449/449
f 439/439/439 449/449/449 448/448/448
f 440/440/440 441/441/441 450/450/450
f 440/440/440 450/450/450 449/449/449
f 441/441/441 433/433/433 442/442/442
f 441/441/441 442/442/442 450/450/450
f 442/442/442 443/443/443 452/452/452
f 442/442/442 452/452/452 451/451/451
f 443/443/443 444/444/444 453/453/453
f 443/443/443 453/453/453 452/452/452
f 444/444/444 445/445/445 454/454/454
f 444/444/444 454/454/454 453/453/453
f 445/445/445 446/446/446 455/455/455
f 445/445/445 455/455/455 454/454/454
f 446/446/446 447/447/447 456/456/456
f 446/446/446 456/456/456 455/455/455
f 447/447/447 448/448/448 457/457/457
f 447/447/447 457/457/457 456/456/456
f 448/448/448 449/449/449 458/458/458
f 448/448/448 458/458/458 457/457/457
f 449/449/449 450/450/450 459/459/459
f 449/449/449 459/459/459 458/458/458
f 450/450/450 442/442/442 451/451/451
f 450/450/450 451/451/451 459/459/459
f 451/451/451 452/452/452 461/461/461
f 451/451/451 461/461/461 460/460/460
f 452/452/452 453/453/453 462/462/462
f 452/452/452 462/462/462 461/461/461
f 453/453/453 454/454/454 463/463/463
f 453/453/453 463/463/463 462/462/462
f 454/454/454 455/455/455 464/464/464
f 454/454/454 464/464/464 463/463/463
f 455/455/455 456/456/456 465/465/465
f 455/455/455 465/465/465 464/464/464
f 456/456/456 457/457/457 466/466/466
f 456/456/456 466/466/466 465/465/465
f 457/457/457 458/458/458 467/467/467
f 457/457/457 467/467/467 466/466/466
f 458/458/458 459/459/459 468/468/468
f 458/458/458 468/468/468 467/467/467
f 459/459/459 451/451/451 460/460/460
f 459/459/459 460/460/460 468/468/468
f 460/460/460 461/461/461 470/470/470
f 460/460/460 470/470/470 469/469/469
f 461/461/461 462/462/462 471/471/471
f 461/461/461 471/471/471 470/470/470
f 462/462/462 463/463/463 472/472/472
f 462/462/462 472/472/472 471/471/471
f 463/463/463 464/464/464 473/473/473
f 463/463/463 473/473/473 472/472/472
f 464/464/464 465/465/465 474/474/474
f 464/464/464 474/474/474 473/473/473
f 465/465/465 466/466/466 475/475/475
f 465/465/465 475/475/475 474/474/474
f 466/466/466 467/467/467 476/476/476
f 466/466/466 476/476/476 475/475/475
f 467/467/467 468/468/468 477/477/477
f 467/467/467 477/477/477 476/476/476
f 468/468/468 460/460/460 469/469/469
f 468/468/468 469/469/469 477/477/477
f 469/469/469 470/470/470 479/479/479
f 469/469/469 479/479/479 478/478/478
f 470/470/470 471/471/471 480/480/480
f 470/470/470 480/480/480 479/479/479
f 471/471/471 472/472/472 481/481/481
f 471/471/471 481/481/481 480/480/480
f 472/472/472 473/473/473 482/482/482
f 472/472/472 482/482/482 481/481/481
f 473/473/473 474/474/474 483/483/483
f 473/473/473 483/483/483 482/482/482
f 474/474/474 475/475/475 484/484/484
f 474/474/474 484/484/484 483/483/483
f 475/475/475 476/476/476 485/485/485
f 475/475/475 485/485/485 484/484/484
f 476/476/476 477/477/477 486/486/486
f 476/476/476 486/486/486 485/485/485
f 477/477/477 469/469/469 478/478/478
f 477/477/477 478/478/478 486/486/486
f 487/487/487 488/488/488 497/497/497
f 487/487/487 497/497/497 496/496/496
f 488/488/488 489/489/489 498/498/498
f 488/488/488 498/498/498 497/497/497
f 489/489/489 490/490/490 499/499/499
f 489/489/489 499/499/499 498/498/498
f 490/490/490 491/491/491 500/500/500
f 490/490/490 500/500/500 499/499/499
f 491/491/491 492/492/492 501/501/501
f 491/491/491 501/501/501 500/500/500
f 492/492/492 493/493/493 502/502/502
f 492/492/492 502/502/502 501/501/501
f 493/493/493 494/494/494 503/503/503
f 493/493/493 503/503/503 502/502/502
f 494/494/494 495/495/495 504/504/504
f 494/494/494 504/504/504 503/503/503
f 495/495/495 487/487/487 496/496/496
f 495/495/495 496/496/496 504/504/504
f 496/496/496 497/497/497 506/506/506
f 496/496/496 506/506/506 505/505/505
f 497/497/497 498/498/498 507/507/507
f 497/497/497 507/507/507 506/506/506
f 498/498/498 499/499/499 508/508/508
f 498/498/498 508/508/508 507/507/507
f 499/499/499 500/500/500 509/509/509
f 499/499/499 509/509/509 508/508/508
f 500/500/500 501/501/501 510/510/510
f 500/500/500 510/510/510 509/509/509
f 501/501/501 502/502/502 511/511/511
f 501/501/501 511/511/511 510/510/510
f 502/502/502 503/503/503 512/512/512
f 502/502/502 512/512/512 511/511/511
f 503/503/503 504/504/504 513/513/513
f 503/503/503 513/513/513 512/512/512
f 504/504/504 496/496/496 505/505/505
f 504/504/504 505/505/505 513/513/513
f 505/505/505 506/506/506 515/515/515
f 505/505/505 515/515/515 514/514/514
f 506/506/506 507/507/507 516/516/516
f 506/506/506 516/516/516 515/515/515
f 507/507/507 508/508/508 517/517/517
f 507/507/507 517/517/517 516/516/516
f 508/508/508 509/509/509 518/518/518
f 508/508/508 518/518/518 517/517/517
f 509/509/509 510/510/510 519/519/519
f 509/509/509 519/519/519 518/518/518
f 510/510/510 511/511/511 520/520/520
f 510/510/510 520/520/520 519/519/519
f 511/511/511 512/512/512 521/521/521
f 511/511/511 521/521/521 520/520/520
f 512/512/512 513/513/513 522/522/522
f 512/512/512 522/522/522 521/521/521
f 513/513/513 505/505/505 514/514/514
f 513/513/513 514/514/514 522/522/522
f 514/514/514 515/515/515 524/524/524
f 514/514/514 524/524/524 523/523/523
f 515/515/515 516/516/516 525/525/525
f 515/515/515 525/525/525 524/524/524
f 516/516/516 517/517/517 526/526/526
f 516/516/516 526/526/526 525/525/525
f 517/517/517 518/518/518 527/527/527
f 517/517/517 527/527/527 526/526/526
f 518/518/518 519/519/519 528/528/528
f 518/518/518 528/528/528 527/527/527
f 519/519/519 520/520/520 529/529/529
f 519/519/519 529/529/529 528/528/528
f 520/520/520 521/521/521 530/530/530
f 520/520/520 530/530/530 529/529/529
f 521/521/521 522/522/522 531/531/531
f 521/521/521 531/531/531 530/530/530
f 522/522/522 514/514/514 523/523/523
f 522/522/522 523/523/523 531/531/531
f 523/523/523 524/524/524 533/533/533
f 523/523/523 533/533/533 532/532/532
f 524/524/524 525/525/525 534/534/534
f 524/524/524 534/534/534 533/533/533
f 525/525/525 526/526/526 535/535/535
f 525/525/525 535/535/535 534/534/534
f 526/526/526 527/527/527 536/536/536
f 526/526/526 536/536/536 535/535/535
f 527/527/527 528/528/528 537/537/537
f 527/527/527 537/537/537 536/536/536
f 528/528/528 529/529/529 538/538/538
f 528/528/528 538/538/538 537/537/537
f 529/529/529 530/530/530 539/539/539
f 529/529/529 539/539/539 538/538/538
f 530/530/530 531/531/531 540/540/540
f 530/530/530 540/540/540 539/539/539
f 531/531/531 523/523/523 532/532/532
f 531/531/531 532/532/532 540/540/540
f 541/541/541 542/542/542 551/551/551
f 541/541/541 551/551/551 550/550/550
f 542/542/542 543/543/543 552/552/552
f 542/542/542 552/552/552 551/551/551
f 543/543/543 544/544/544 553/553/553
f 543/543/543 553/553/553 552/552/552
f 544/544/544 545/545/545 554/554/554
f 544/544/544 554/554/554 553/553/553
f 545/545/545 546/546/546 555/555/555
f 545/545/545 555/555/555 554/554/554
f 546/546/546 547/547/547 556/556/556
f 546/546/546 556/556/556 555/555/555
f 547/547/547 548/548/548 557/557/557
f 547/547/547 557/557/557 556/556/556
f 548/548/548 549/549/549 558/558/558
f 548/548/548 558/558/558 557/557/557
f 549/549/549 541/541/541 550/550/550
f 549/549/549 550/550/550 558/558/558
f 550/550/550 551/551/551 560/560/560
f 550/550/550 560/560/560 559/559/559
f 551/551/551 552/552/552 561/561/561
f 551/551/551 561/561/561 560/560/560
f 552/552/552 553/553/553 562/562/562
f 552/552/552 562/562/562 561/561/561
f 553/553/553 554/554/554 563/563/563
f 553/553/553 563/563/563 562/562/562
f 554/554/554 555/555/555 564/564/564
f 554/554/554 564/564/564 563/563/563
f 555/555/555 556/556/556 565/565/565
f 555/555/555 565/565/565 564/564/564
f 556/556/556 557/557/557 566/566/566
f 556/556/556 566/566/566 565/565/565
f 557/557/557 558/558/558 567/567/567
f 557/557/557 567/567/567 566/566/566
f 558/558/558 550/550/550 559/559/559
f 558/558/558 559/559/559 567/567/567
f 559/559/559 560/560/560 569/569/569
f 559/559/559 569/569/569 568/568/568
f 560/560/560 561/561/561 570/570/570
f 560/560/560 570/570/570 569/569/569
f 561/561/561 562/562/562 571/571/571
f 561/561/561 571/571/571 570/570/570
f 562/562/562 563/563/563 572/572/572
f 562/562/562 572/572/572 571/571/571
f 563/563/563 564/564/564 573/573/573
f 563/563/563 573/573/573 572/572/572
f 564/564/564 565/565/565 574/574/574
f 564/564/564 574/574/574 573/573/573
f 565/565/565 566/566/566 575/575/575
f 565/565/565 575/575/575 574/574/574
f 566/566/566 567/567/567 576/576/576
f 566/566/566 576/576/576 575/575/575
f 567/567/567 559/559/559 568/568/568
f 567/567/567 568/568/568 576/576/576
f 568/568/568 569/569/569 578/578/578
f 568/568/568 578/578/578 577/577/577
f 569/569/569 570/570/570 579/579/579
f 569/569/569 579/579/579 578/578/578
f 570/570/570 571/571/571 580/580/580
f 570/570/570 580/580/580 579/579/579
f 571/571/571 572/572/572 581/581/581
f 571/571/571 581/581/581 580/580/580
f 572/572/572 573/573/573 582/582/582
f 572/572/572 582/582/582 581/581/581
f 573/573/573 574/574/574 583/583/583
f 573/573/573 583/583/583 582/582/582
f 574/574/574 575/575/575 584/584/584
f 574/574/574 584/584/584 583/583/583
f 575/575/575 576/576/576 585/585/585
f 575/575/575 585/585/585 584/584/584
f 576/576/576 568/568/568 577/577/577
f 576/576/576 577/577/577 585/585/585
f 577/577/577 578/578/578 587/587/587
f 577/577/577 587/587/587 586/586/586
f 578/578/578 579/579/579 588/588/588
f 578/578/578 588/588/588 587/587/587
f 579/579/579 580/580/580 589/589/589
f 579/579/579 589/589/589 588/588/588
f 580/580/580 581/581/581 590/590/590
f 580/580/580 590/590/590 589/589/589
f 581/581/581 582/582/582 591/591/591
f 581/581/581 591/591/591 590/590/590
f 582/582/582 583/583/583 592/592/592
f 582/582/582 592/592/592 591/591/591
f 583/583/583 584/584/584 593/593/593
f 583/583/583 593/593/593 592/592/592
f 584/584/584 585/585/585 594/594/594
f 584/584/584 594/594/594 593/593/593
f 585/585/585 577/577/577 586/586/586
f 585/585/585 586/586/586 594/594/594
f 595/595/595 596/596/596 605/605/605
f 595/595/595 605/605/605 604/604/604
f 596/596/596 597/597/597 606/606/606
f 596/596/596 606/606/606 605/605/605
f 597/597/597 598/598/598 607/607/607
f 597/597/597 607/607/607 606/606/606
f 598/598/598 599/599/599 608/608/608
f 598/598/598 608/608/608 607/607/607
f 599/599/599 600/600/600 609/609/609
f 599/599/599 609/609/609 608/608/608
f 600/600/600 601/601/601 610/610/610
f 600/600/600 610/610/610 609/609/609
f 601/601/601 602/602/602 611/611/611
f 601/601/601 611/611/611 610/610/610
f 602/602/602 603/603/603 612/612/612
f 602/602/602 612/612/612 611/611/611
f 603/603/603 595/595/595 604/604/604
f 603/603/603 604/604/604 612/612/612
f 604/604/604 605/605/605 614/614/614
f 604/604/604 614/614/614 613/613/613
f 605/605/605 606/606/606 615/615/615
f 605/605/605 615/615/615 614/614/614
f 606/606/606 607/607/607 616/616/616
f 606/606/606 616/616/616 615/615/615
f 607/607/607 608/608/608 617/617/617
f 607/607/607 617/617/617 616/616/616
f 608/608/608 609/609/609 618/618/618
f 608/608/608 618/618/618 617/617/617
f 609/609/609 610/610/610 619/619/619
f 609/609/609 619/619/619 618/618/618
f 610/610/610 611/611/611 620/620/620
f 610/610/610 620/620/620 619/619/619
f 611/611/611 612/612/612 621/621/621
f 611/611/611 621/621/621 620/620/620
f 612/612/612 604/604/604 613/613/613
f 612/612/612 613/613/613 621/621/621
f 613/613/613 614/614/614 623/623/623
f 613/613/613 623/623/623 622/622/622
f 614/614/614 615/615/615 624/624/624
f 614/614/614 624/624/624 623/623/623
f 615/615/615 616/616/616 625/625/625
f 615/615/615 625/625/625 624/624/624
f 616/616/616 617/617/617 626/626/626
f 616/616/616 626/626/626 625/625/625
f 617/617/617 618/618/618 627/627/627
f 617/617/617 627/627/627 626/626/626
f 618/618/618 619/619/619 628/628/628
f 618/618/618 628/628/628 627/627/627
f 619/619/619 620/620/620 629/629/629
f 619/619/619 629/629/629 628/628/628
f 620/620/620 621/621/621 630/630/630
f 620/620/620 630/630/630 629/629/629
f 621/621/621 613/613/613 622/622/622
f 621/621/621 622/622/622 630/630/630
f 622/622/622 623/623/623 632/632/632
f 622/622/622 632/632/632 631/631/631
f 623/623/623 624/624/624 633/633/633
f 623/623/623 633/633/633 632/632/632
f 624/624/624 625/625/625 634/634/634
f 624/624/624 634/634/634 633/633/633
f 625/625/625 626/626/626 635/635/635
f 625/625/625 635/635/635 634/634/634
f 626/626/626 627/627/627 636/636/636
f 626/626/626 636/636/636 635/635/635
f 627/627/627 628/628/628 637/637/637
f 627/627/627 637/637/637 636/636/636
f 628/628/628 629/629/629 638/638/638
f 628/628/628 638/638/638 637/637/637
f 629/629/629 630/630/630 639/639/639
f 629/629/629 639/639/639 638/638/638
f 630/630/630 622/622/622 631/631/631
f 630/630/630 631/631/631 639/639/639
f 631/631/631 632/632/632 641/641/641
f 631/631/631 641/641/641 640/640/640
f 632/632/632 633/633/633 642/642/642
f 632/632/632 642/642/642 641/641/641
f 633/633/633 634/634/634 643/643/643
f 633/633/633 643/643/643 642/642/642
f 634/634/634 635/635/635 644/644/644
f 634/634/634 644/644/644 643/643/643
f 635/635/635 636/636/636 645/645/645
f 635/635/635 645/645/645 644/644/644
f 636/636/636 637/637/637 646/646/646
f 636/636/636 646/646/646 645/645/645
f 637/637/637 638/638/638 647/647/647
f 637/637/637 647/647/647 646/646/646
f 638/638/638 639/639/639 648/648/648
f 638/638/638 648/648/648 647/647/647
f 639/639/639 631/631/631 640/640/640
f 639/639/639 640/640/640 648/648/648
f 649/649/649 650/650/650 659/659/659
f 649/649/649 659/659/659 658/658/658
f 650/650/650 651/651/651 660/660/660
f 650/650/650 660/660/660 659/659/659
f 651/651/651 652/652/652 661/661/661
f 651/651/651 661/661/661 660/660/660
f 652/652/652 653/653/653 662/662/662
f 652/652/652 662/662/662 661/661/661
f 653/653/653 654/654/654 663/663/663
f 653/653/653 663/663/663 662/662/662
f 654/654/654 655/655/655 664/664/664
f 654/654/654 664/664/664 663/663/663
f 655/655/655 656/656/656 665/665/665
f 655/655/655 665/665/665 664/664/664
f 656/656/656 657/657/657 666/666/666
f 656/656/656 666/666/666 665/665/665
f 657/657/657 649/649/649 658/658/658
f 657/657/657 658/658/658 666/666/666
f 658/658/658 659/659/659 668/668/668
f 658/658/658 668/668/668 667/667/667
f 659/659/659 660/660/660 669/669/669
f 659/659/659 669/669/669 668/668/668
f 660/660/660 661/661/661 670/670/670
f 660/660/660 670/670/670 669/669/669
f 661/661/661 662/662/662 671/671/671
f 661/661/661 671/671/671 670/670/670
f 662/662/662 663/663/663 672/672/672
f 662/662/662 672/672/672 671/671/671
f 663/663/663 664/664/664 673/673/673
f 663/663/663 673/673/673 672/672/672
f 664/664/664 665/665/665 674/674/674
f 664/664/664 674/674/674 673/673/673
f 665/665/665 666/666/666 675/675/675
f 665/665/665 675/675/675 674/674/674
f 666/666/666 658/658/658 667/667/667
f 666/666/666 667/667/667 675/675/675
f 667/667/667 668/668/668 677/677/677
f 667/667/667 677/677/677 676/676/676
f 668/668/668 669/669/669 678/678/678
f 668/668/668 678/678/678 677/677/677
f 669/669/669 670/670/670 679/679/679
f 669/669/669 679/679/679 678/678/678
f 670/670/670 671/671/671 680/680/680
f 670/670/670 680/680/680 679/679/679
f 671/671/671 672/672/672 681/681/681
f 671/671/671 681/681/681 680/680/680
f 672/672/672 673/673/673 682/682/682
f 672/672/672 682/682/682 681/681/681
f 673/673/673 674/674/674 683/683/683
f 673/673/673 683/683/683 682/682/682
f 674/674/674 675/675/675 684/684/684
f 674/674/674 684/684/684 683/683/683
f 675/675/675 667/667/667 676/676/676
f 675/675/675 676/676/676 684/684/684
f 676/676/676 677/677/677 686/686/686
f 676/676/676 686/686/686 685/685/685
f 677/677/677 678/678/678 687/687/687
f 677/677/677 687/687/687 686/686/686
f 678/678/678 679/679/679 688/688/688
f 678/678/678 688/688/688 687/687/687
f 679/679/679 680/680/680 689/689/689
f 679/679/679 689/689/689 688/688/688
f 680/680/680 681/681/681 690/690/690
f 680/680/680 690/690/690 689/689/689
f 681/681/681 682/682/682 691/691/691
f 681/681/681 691/691/691 690/690/690
f 682/682/682 683/683/683 692/692/692
f 682/682/682 692/692/692 691/691/691
f 683/683/683 684/684/684 693/693/693
f 683/683/683 693/693/693 692/692/692
f 684/684/684 676/676/676 685/685/685
f 684/684/684 685/685/685 693/693/693
f 685/685/685 686/686/686 695/695/695
f 685/685/685 695/695/695 694/694/694
f 686/686/686 687/687/687 696/696/696
f 686/686/686 696/696/696 695/695/695
f 687/687/687 688/688/688 697/697/697
f 687/687/687 697/697/697 696/696/696
f 688/688/688 689/689/689 698/698/698
f 688/688/688 698/698/698 697/697/697
f 689/689/689 690/690/690 699/699/699
f 689/689/689 699/699/699 698/698/698
f 690/690/690 691/691/691 700/700/700
f 690/690/690 700/700/700 699/699/699
f 691/691/691 692/692/692 701/701/701
f 691/691/691 701/701/701 700/700/700
f 692/692/692 693/693/693 702/702/702
f 692/692/692 702/702/702 701/701/701
f 693/693/693 685/685/685 694/694/694
f 693/693/693 694/694/694 702/702/702
f 703/703/703 704/704/704 713/713/713
f 703/703/703 713/713/713 712/712/712
f 704/704/704 705/705/705 714/714/714
f 704/704/704 714/714/714 713/713/713
f 705/705/705 706/706/706 715/715/715
f 705/705/705 715/715/715 714/714/714
f 706/706/706 707/707/707 716/716/716
f 706/706/706 716/716/716 715/715/715
f 707/707/707 708/708/708 717/717/717
f 707/707/707 717/717/717 716/716/716
f 708/708/708 709/709/709 718/718/718
f 708/708/708 718/718/718 717/717/717
f 709/709/709 710/710/710 719/719/719
f 709/709/709 719/719/719 718/718/718
f 710/710/710 711/711/711 720/720/720
f 710/710/710 720/720/720 719/719/719
f 711/711/711 703/703/703 712/712/712
f 711/711/711 712/712/712 720/720/720
f 712/712/712 713/713/713 722/722/722
f 712/712/712 722/722/722 721/721/721
f 713/713/713 714/714/714 723/723/723
f 713/713/713 723/723/723 722/722/722
f 714/714/714 715/715/715 724/724/724
f 714/714/714 724/724/724 723/723/723
f 715/715/715 716/716/716 725/725/725
f 715/715/715 725/725/725 724/724/724
f 716/716/716 717/717/717 726/726/726
f 716/716/716 726/726/726 725/725/725
f 717/717/717 718/718/718 727/727/727
f 717/717/717 727/727/727 726/726/726
f 718/718/718 719/719/719 728/728/728
f 718/718/718 728/728/728 727/727/727
f 719/719/719 720/720/720 729/729/729
f 719/719/719 729/729/729 728/728/728
f 720/720/720 712/712/712 721/721/721
f 720/720/720 721/721/721 729/729/729
f 721/721/721 722/722/722 731/731/731
f 721/721/721 731/731/731 730/730/730
f 722/722/722 723/723/723 732/732/732
f 722/722/722 732/732/732 731/731/731
f 723/723/723 724/724/724 733/733/733
f 723/723/723 733/733/733 732/732/732
f 724/724/724 725/725/725 734/734/734
f 724/724/724 734/734/734 733/733/733
f 725/725/725 726/726/726 735/735/735
f 725/725/725 735/735/735 734/734/734
f 726/726/726 727/727/727 736/736/736
f 726/726/726 736/736/736 735/735/735
f 727/727/727 728/728/728 737/737/737
f 727/727/727 737/737/737 736/736/736
f 728/728/728 729/729/729 738/738/738
f 728/728/728 738/738/738 737/737/737
f 729/729/729 721/721/721 730/730/730
f 729/729/729 730/730/730 738/738/738
f 730/730/730 731/731/731 740/740/740
f 730/730/730 740/740/740 739/739/739
f 731/731/731 732/732/732 741/741/741
f 731/731/731 741/741/741 740/740/740
f 732/732/732 733/733/733 742/742/742
f 732/732/732 742/742/742 741/741/741
f 733/733/733 734/734/734 743/743/743
f 733/733/733 743/743/743 742/742/742
f 734/734/734 735/735/735 744/744/744
f 734/734/734 744/744/744 743/743/743
f 735/735/735 736/736/736 745/745/745
f 735/735/735 745/745/745 744/744/744
f 736/736/736 737/737/737 746/746/746
f 736/736/736 746/746/746 745/745/745
f 737/737/737 738/738/738 747/747/747
f 737/737/737 747/747/747 746/746/746
f 738/738/738 730/730/730 739/739/739
f 738/738/738 739/739/739 747/747/747
f 739/739/739 740/740/740 749/749/749
f 739/739/739 749/749/749 748/748/748
f 740/740/740 741/741/741 750/750/750
f 740/740/740 750/750/750 749/749/749
f 741/741/741 742/742/742 751/751/751
f 741/741/741 751/751/751 750/750/750
f 742/742/742 743/743/743 752/752/752
f 742/742/742 752/752/752 751/751/751
f 743/743/743 744/744/744 753/753/753
f 743/743/743 753/753/753 752/752/752
f 744/744/744 745/745/745 754/754/754
f 744/744/744 754/754/754 753/753/753
f 745/745/745 746/746/746 755/755/755
f 745/745/745 755/755/755 754/754/754
f 746/746/746 747/747/747 756/756/756
f 746/746/746 756/756/756 755/755/755
f 747/747/747 739/739/739 748/748/748
f 747/747/747 748/748/748 756/756/756
f 757/757/757 758/758/758 767/767/767
f 757/757/757 767/767/767 766/766/766
f 758/758/758 759/759/759 768/768/768
f 758/758/758 768/768/768 767/767/767
f 759/759/759 760/760/760 769/769/769
f 759/759/759 769/769/769 768/768/768
f 760/760/760 761/761/761 770/770/770
f 760/760/760 770/770/770 769/769/769
f 761/761/761 762/762/762 771/771/771
f 761/761/761 771/771/771 770/770/770
f 762/762/762 763/763/763 772/772/772
f 762/762/762 772/772/772 771/771/771
f 763/763/763 764/764/764 773/773/773
f 763/763/763 773/773/773 772/772/772
f 764/764/764 765/765/765 774/774/774
f 764/764/764 774/774/774 773/773/773
f 765/765/765 757/757/757 766/766/766
f 765/765/765 766/766/766 774/774/774
f 766/766/766 767/767/767 776/776/776
f 766/766/766 776/776/776 775/775/775
f 767/767/767 768/768/768 777/777/777
f 767/767/767 777/777/777 776/776/776
f 768/768/768 769/769/769 778/778/778
f 768/768/768 778/778/778 777/777/777
f 769/769/769 770/770/770 779/779/779
f 769/769/769 779/779/779 778/778/778
f 770/770/770 771/771/771 780/780/780
f 770/770/770 780/780/780 779/779/779
f 771/771/771 772/772/772 781/781/781
f 771/771/771 781/781/781 780/780/780
f 772/772/772 773/773/773 782/782/782
f 772/772/772 782/782/782 781/781/781
f 773/773/773 774/774/774 783/783/783
f 773/773/773 783/783/783 782/782/782
f 774/774/774 766/766/766 775/775/775
f 774/774/774 775/775/775 783/783/783
f 775/775/775 776/776/776 785/785/785
f 775/775/775 785/785/785 784/784/784
f 776/776/776 777/777/777 786/786/786
f 776/776/776 786/786/786 785/785/785
f 777/777/777 778/778/778 787/787/787
f 777/777/777 787/787/787 786/786/786
f 778/778/778 779/779/779 788/788/788
f 778/778/778 788/788/788 787/787/787
f 779/779/779 780/780/780 789/789/789
f 779/779/779 789/789/789 788/788/788
f 780/780/780 781/781/781 790/790/790
f 780/780/780 790/790/790 789/789/789
f 781/781/781 782/782/782 791/791/791
f 781/781/781 791/791/791 790/790/790
f 782/782/782 783/783/783 792/792/792
f 782/782/782 792/792/792 791/791/791
f 783/783/783 775/775/775 784/784/784
f 783/783/783 784/784/784 792/792/792
f 784/784/784 785/785/785 794/794/794
f 784/784/784 794/794/794 793/793/793
f 785/785/785 786/786/786 795/795/795
f 785/785/785 795/795/795 794/794/794
f 786/786/786 787/787/787 796/796/796
f 786/786/786 796/796/796 795/795/795
f 787/787/787 788/788/788 797/797/797
f 787/787/787 797/797/797 796/796/796
f 788/788/788 789/789/789 798/798/798
f 788/788/788 798/798/798 797/797/797
f 789/789/789 790/790/790 799/799/799
f 789/789/789 799/799/799 798/798/798
f 790/790/790 791/791/791 800/800/800
f 790/790/790 800/800/800 799/799/799
f 791/791/791 792/792/792 801/801/801
f 791/791/791 801/801/801 800/800/800
f 792/792/792 784/784/784 793/793/793
f 792/792/792 793/793/793 801/801/801
f 793/793/793 794/794/794 803/803/803
f 793/793/793 803/803/803 802/802/802
f 794/794/794 795/795/795 804/804/804
f 794/794/794 804/804/804 803/803/803
f 795/795/795 796/796/796 805/805/805
f 795/795/795 805/805/805 804/804/804
f 796/796/796 797/797/797 806/806/806
f 796/796/796 806/806/806 805/805/805
f 797/797/797 798/798/798 807/807/807
f 797/797/797 807/807/807 806/806/806
f 798/798/798 799/799/799 808/808/808
f 798/798/798 808/808/808 807/807/807
f 799/799/799 800/800/800 809/809/809
f 799/799/799 809/809/809 808/808/808
f 800/800/800 801/801/801 810/810/810
f 800/800/800 810/810/810 809/809/809
f 801/801/801 793/793/793 802/802/802
f 801/801/801 802/802/802 810/810/810
f 811/811/811 812/812/812 821/821/821
f 811/811/811 821/821/821 820/820/820
f 812/812/812 813/813/813 822/822/822
f 812/812/812 822/822/822 821/821/821
f 813/813/813 814/814/814 823/823/823
f 813/813/813 823/823/823 822/822/822
f 814/814/814 815/815/815 824/824/824
f 814/814/814 824/824/824 823/823/823
f 815/815/815 816/816/816 825/825/825
f 815/815/815 825/825/825 824/824/824
f 816/816/816 817/817/817 826/826/826
f 816/816/816 826/826/826 825/825/825
f 817/817/817 818/818/818 827/827/827
f 817/817/817 827/827/827 826/826/826
f 818/818/818 819/819/819 828/828/828
f 818/818/818 828/828/828 827/827/827
f 819/819/819 811/811/811 820/820/820
f 819/819/819 820/820/820 828/828/828
f 820/820/820 821/821/821 830/830/830
f 820/820/820 830/830/830 829/829/829
f 821/821/821 822/822/822 831/831/831
f 821/821/821 831/831/831 830/830/830
f 822/822/822 823/823/823 832/832/832
f 822/822/822 832/832/832 831/831/831
f 823/823/823 824/824/824 833/833/833
f 823/823/823 833/833/833 832/832/832
f 824/824/824 825/825/825 834/834/834
f 824/824/824 834/834/834 833/833/833
f 825/825/825 826/826/826 835/835/835
f 825/825/825 835/835/835 834/834/834
f 826/826/826 827/827/827 836/836/836
f 826/826/826 836/836/836 835/835/835
f 827/827/827 828/828/828 837/837/837
f 827/827/827 837/837/837 836/836/836
f 828/828/828 820/820/820 829/829/829
f 828/828/828 829/829/829 837/837/837
f 829/829/829 830/830/830 839/839/839
f 829/829/829 839/839/839 838/838/838
f 830/830/830 831/831/831 840/840/840
f 830/830/830 840/840/840 839/839/839
f 831/831/831 832/832/832 841/841/841
f 831/831/831 841/841/841 840/840/840
f 832/832/832 833/833/833 842/842/842
f 832/832/832 842/842/842 841/841/841
f 833/833/833 834/834/834 843/843/843
f 833/833/833 843/843/843 842/842/842
f 834/834/834 835/835/835 844/844/844
f 834/834/834 844/844/844 843/843/843
f 835/835/835 836/836/836 845/845/845
f 835/835/835 845/845/845 844/844/844
f 836/836/836 837/837/837 846/846/846
f 836/836/836 846/846/846 845/845/845
f 837/837/837 829/829/829 838/838/838
f 837/837/837 838/838/838 846/846/846
f 838/838/838 839/839/839 848/848/848
f 838/838/838 848/848/848 847/847/847
f 839/839/839 840/840/840 849/849/849
f 839/839/839 849/849/849 848/848/848
f 840/840/840 841/841/841 850/850/850
f 840/840/840 850/850/850 849/849/849
f 841/841/841 842/842/842 851/851/851
f 841/841/841 851/851/851 850/850/850
f 842/842/842 843/843/843 852/852/852
f 842/842/842 852/852/852 851/851/851
f 843/843/843 844/844/844 853/853/853
f 843/843/843 853/853/853 852/852/852
f 844/844/844 845/845/845 854/854/854
f 844/844/844 854/854/854 853/853/853
f 845/845/845 846/846/846 855/855/855
f 845/845/845 855/855/855 854/854/854
f 846/846/846 838/838/838 847/847/847
f 846/846/846 847/847/847 855/855/855
f 847/847/847 848/848/848 857/857/857
f 847/847/847 857/857/857 856/856/856
f 848/848/848 849/849/849 858/858/858
f 848/848/848 858/858/858 857/857/857
f 849/849/849 850/850/850 859/859/859
f 849/849/849 859/859/859 858/858/858
f 850/850/850 851/851/851 860/860/860
f 850/850/850 860/860/860 859/859/859
f 851/851/851 852/852/852 861/861/861
f 851/851/851 861/861/861 860/860/860
f 852/852/852 853/853/853 862/862/862
f 852/852/852 862/862/862 861/861/861
f 853/853/853 854/854/854 863/863/863
f 853/853/853 863/863/863 862/862/862
f 854/854/854 855/855/855 864/864/864
f 854/854/854 864/864/864 863/863/863
f 855/855/855 847/847/847 856/856/856
f 855/855/855 856/856/856 864/864/864
f 865/865/865 866/866/866 875/875/875
f 865/865/865 875/875/875 874/874/874
f 866/866/866 867/867/867 876/876/876
f 866/866/866 876/876/876 875/875/875
f 867/867/867 868/868/868 877/877/877
f 867/867/867 877/877/877 876/876/876
f 868/868/868 869/869/869 878/878/878
f 868/868/868 878/878/878 877/877/877
f 869/869/869 870/870/870 879/879/879
f 869/869/869 879/879/879 878/878/878
f 870/870/870 871/871/871 880/880/880
f 870/870/870 880/880/880 879/879/879
f 871/871/871 872/872/872 881/881/881
f 871/871/871 881/881/881 880/880/880
f 872/872/872 873/873/873 882/882/882
f 872/872/872 882/882/882 881/881/881
f 873/873/873 865/865/865 874/874/874
f 873/873/873 874/874/874 882/882/882
f 874/874/874 875/875/875 884/884/884
f 874/874/874 884/884/884 883/883/883
f 875/875/875 876/876/876 885/885/885
f 875/875/875 885/885/885 884/884/884
f 876/876/876 877/877/877 886/886/886
f 876/876/876 886/886/886 885/885/885
f 877/877/877 878/878/878 887/887/887
f 877/877/877 887/887/887 886/886/886
f 878/878/878 879/879/879 888/888/888
f 878/878/878 888/888/888 887/887/887
f 879/879/879 880/880/880 889/889/889
f 879/879/879 889/889/889 888/888/888
f 880/880/880 881/881/881 890/890/890
f 880/880/880 890/890/890 889/889/889
f 881/881/881 882/882/882 891/891/891
f 881/881/881 891/891/891 890/890/890
f 882/882/882 874/874/874 883/883/883
f 882/882/882 883/883/883 891/891/891
f 883/883/883 884/884/884 893/893/893
f 883/883/883 893/893/893 892/892/892
f 884/884/884 885/885/885 894/894/894
f 884/884/884 894/894/894 893/893/893
f 885/885/885 886/886/886 895/895/895
f 885/885/885 895/895/895 894/894/894
f 886/886/886 887/887/887 896/896/896
f 886/886/886 896/896/896 895/895/895
f 887/887/887 888/888/888 897/897/897
f 887/887/887 897/897/897 896/896/896
f 888/888/888 889/889/889 898/898/898
f 888/888/888 898/898/898 897/897/897
f 889/889/889 890/890/890 899/899/899
f 889/889/889 899/899/899 898/898/898
f 890/890/890 891/891/891 900/900/900
f 890/890/890 900/900/900 899/899/899
f 891/891/891 883/883/883 892/892/892
f 891/891/891 892/892/892 900/900/900
f 892/892/892 893/893/893 902/902/902
f 892/892/892 902/902/902 901/901/901
f 893/893/893 894/894/894 903/903/903
f 893/893/893 903/903/903 902/902/902
f 894/894/894 895/895/895 904/904/904
f 894/894/894 904/904/904 903/903/903
f 895/895/895 896/896/896 905/905/905
f 895/895/895 905/905/905 904/904/904
f 896/896/896 897/897/897 906/906/906
f 896/896/896 906/906/906 905/905/905
f 897/897/897 898/898/898 907/907/907
f 897/897/897 907/907/907 906/906/906
f 898/898/898 899/899/899 908/908/908
f 898/898/898 908/908/908 907/907/907
f 899/899/899 900/900/900 909/909/909
f 899/899/899 909/909/909 908/908/908
f 900/900/900 892/892/892 901/901/901
f 900/900/900 901/901/901 909/909/909
f 901/901/901 902/902/902 911/911/911
f 901/901/901 911/911/911 910/910/910
f 902/902/902 903/903/903 912/912/912
f 902/902/902 912/912/912 911/911/911
f 903/903/903 904/904/904 913/913/913
f 903/903/903 913/913/913 912/912/912
f 904/904/904 905/905/905 914/914/914
f 904/904/904 914/914/914 913/913/913
f 905/905/905 906/906/906 915/915/915
f 905/905/905 915/915/915 914/914/914
f 906/906/906 907/907/907 916/916/916
f 906/906/906 916/916/916 915/915/915
f 907/907/907 908/908/908 917/917/917
f 907/907/907 917/917/917 916/916/916
f 908/908/908 909/909/909 918/918/918
f 908/908/908 918/918/918 917/917/917
f 909/909/909 901/901/901 910/910/910
f 909/909/909 910/910/910 918/918/918
f 919/919/919 920/920/920 929/929/929
f 919/919/919 929/929/929 928/928/928
f 920/920/920 921/921/921 930/930/930
f 920/920/920 930/930/930 929/929/929
f 921/921/921 922/922/922 931/931/931
f 921/921/921 931/931/931 930/930/930
f 922/922/922 923/923/923 932/932/932
f 922/922/922 932/932/932 931/931/931
f 923/923/923 924/924/924 933/933/933
f 923/923/923 933/933/933 932/932/932
f 924/924/924 925/925/925 934/934/934
f 924/924/924 934/934/934 933/933/933
f 925/925/925 926/926/926 935/935/935
f 925/925/925 935/935/935 934/934/934
f 926/926/926 927/927/927 936/936/936
f 926/926/926 936/936/936 935/935/935
f 927/927/927 919/919/919 928/928/928
f 927/927/927 928/928/928 936/936/936
f 928/928/928 929/929/929 938/938/938
f 928/928/928 938/938/938 937/937/937
f 929/929/929 930/930/930 939/939/939
f 929/929/929 939/939/939 938/938/938
f 930/930/930 931/931/931 940/940/940
f 930/930/930 940/940/940 939/939/939
f 931/931/931 932/932/932 941/941/941
f 931/931/931 941/941/941 940/940/940
f 932/932/932 933/933/933 942/942/942
f 932/932/932 942/942/942 941/941/941
f 933/933/933 934/934/934 943/943/943
f 933/933/933 943/943/943 942/942/942
f 934/934/934 935/935/935 944/944/944
f 934/934/934 944/944/944 943/943/943
f 935/935/935 936/936/936 945/945/945
f 935/935/935 945/945/945 944/944/944
f 936/936/936 928/928/928 937/937/937
f 936/936/936 937/937/937 945/945/945
f 937/937/937 938/938/938 947/947/947
f 937/937/937 947/947/947 946/946/946
f 938/938/938 939/939/939 948/948/948
f 938/938/938 948/948/948 947/947/947
f 939/939/939 940/940/940 949/949/949
f 939/939/939 949/949/949 948/948/948
f 940/940/940 941/941/941 950/950/950
f 940/940/940 950/950/950 949/949/949
f 941/941/941 942/942/942 951/951/951
f 941/941/941 951/951/951 950/950/950
f 942/942/942 943/943/943 952/952/952
f 942/942/942 952/952/952 951/951/951
f 943/943/943 944/944/944 953/953/953
f 943/943/943 953/953/953 952/952/952
f 944/944/944 945/945/945 954/954/954
f 944/944/944 954/954/954 953/953/953
f 945/945/945 937/937/937 946/946/946
f 945/945/945 946/946/946 954/954/954
f 946/946/946 947/947/947 956/956/956
f 946/946/946 956/956/956 955/955/955
f 947/947/947 948/948/948 957/957/957
f 947/947/947 957/957/957 956/956/956
f 948/948/948 949/949/949 958/958/958
f 948/948/948 958/958/958 957/957/957
f 949/949/949 950/950/950 959/959/959
f 949/949/949 959/959/959 958/958/958
f 950/950/950 951/951/951 960/960/960
f 950/950/950 960/960/960 959/959/959
f 951/951/951 952/952/952 961/961/961
f 951/951/951 961/961/961 960/960/960
f 952/952/952 953/953/953 962/962/962
f 952/952/952 962/962/962 961/961/961
f 953/953/953 954/954/954 963/963/963
f 953/953/953 963/963/963 962/962/962
f 954/954/954 946/946/946 955/955/955
f 954/954/954 955/955/955 963/963/963
f 955/955/955 956/956/956 965/965/965
f 955/955/955 965/965/965 964/964/964
f 956/956/956 957/957/957 966/966/966
f 956/956/956 966/966/966 965/965/965
f 957/957/957 958/958/958 967/967/967
f 957/957/957 967/967/967 966/966/966
f 958/958/958 959/959/959 968/968/968
f 958/958/958 968/968/968 967/967/967
f 959/959/959 960/960/960 969/969/969
f 959/959/959 969/969/969 968/968/968
f 960/960/960 961/961/961 970/970/970
f 960/960/960 970/970/970 969/969/969
f 961/961/961 962/962/962 971/971/971
f 961/961/961 971/971/971 970/970/970
f 962/962/962 963/963/963 972/972/972
f 962/962/962 972/972/972 971/971/971
f 963/963/963 955/955/955 964/964/964
f 963/963/963 964/964/964 972/972/972
f 973/973/973 974/974/974 983/983/983
f 973/973/973 983/983/983 982/982/982
f 974/974/974 975/975/975 984/984/984
f 974/974/974 984/984/984 983/983/983
f 975/975/975 976/976/976 985/985/985
f 975/975/975 985/985/985 984/984/984
f 976/976/976 977/977/977 986/986/986
f 976/976/976 986/986/986 985/985/985
f 977/977/977 978/978/978 987/987/987
f 977/977/977 987/987/987 986/986/986
f 978/978/978 979/979/979 988/988/988
f 978/978/978 988/988/988 987/987/987
f 979/979/979 980/980/980 989/989/989
f 979/979/979 989/989/989 988/988/988
f 980/980/980 981/981/981 990/990/990
f 980/980/980 990/990/990 989/989/989
f 981/981/981 973/973/973 982/982/982
f 981/981/981 982/982/982 990/990/990
f 982/982/982 983/983/983 992/992/992
f 982/982/982 992/992/992 991/991/991
f 983/983/983 984/984/984 993/993/993
f 983/983/983 993/993/993 992/992/992
f 984/984/984 985/985/985 994/994/994
f 984/984/984 994/994/994 993/993/993
f 985/985/985 986/986/986 995/995/995
f 985/985/985 995/995/995 994/994/994
f 986/986/986 987/987/987 996/996/996
f 986/986/986 996/996/996 995/995/995
f 987/987/987 988/988/988 997/997/997
f 987/987/987 997/997/997 996/996/996
f 988/988/988 989/989/989 998/998/998
f 988/988/988 998/998/998 997/997/997
f 989/989/989 990/990/990 999/999/999
f 989/989/989 999/999/999 998/998/998
f 990/990/990 982/982/982 991/991/991
f 990/990/990 991/991/991 999/999/999
f 991/991/991 992/992/992 1001/1001/1001
f 991/991/991 1001/1001/1001 1000/1000/1000
f 992/992/992 993/993/993 1002/1002/1002
f 992/992/992 1002/1002/1002 1001/1001/1001
f 993/993/993 994/994/994 1003/1003/1003
f 993/993/993 1003/1003/1003 1002/1002/1002
f 994/994/994 995/995/995 1004/1004/1004
f 994/994/994 1004/1004/1004 1003/1003/1003
f 995/995/995 996/996/996 1005/1005/1005
f 995/995/995 1005/1005/1005 1004/1004/1004
f 996/996/996 997/997/997 1006/1006/1006
f 996/996/996 1006/1006/1006 1005/1005/1005
f 997/997/997 998/998/998 1007/1007/1007
f 997/997/997 1007/1007/1007 1006/1006/1006
f 998/998/998 999/999/999 1008/1008/1008
f 998/998/998 1008/1008/1008 1007/1007/1007
f 999/999/999 991/991/991 1000/1000/1000
f 999/999/999 1000/1000/1000 1008/1008/1008
f 1000/1000/1000 1001/1001/1001 1010/1010/1010
f 1000/1000/1000 1010/1010/1010 1009/1009/1009
f 1001/1001/1001 1002/1002/1002 1011/1011/1011
f 1001/1001/1001 1011/1011/1011 1010/1010/1010
f 1002/1002/1002 1003/1003/1003 1012/1012/1012
f 1002/1002/1002 1012/1012/1012 1011/1011/1011
f 1003/1003/1003 1004/1004/1004 1013/1013/1013
f 1003/1003/1003 1013/1013/1013 1012/1012/1012
f 1004/1004/1004 1005/1005/1005 1014/1014/1014
f 1004/1004/1004 1014/1014/1014 1013/1013/1013
f 1005/1005/1005 1006/1006/1006 1015/1015/1015
f 1005/1005/1005 1015/1015/1015 1014/1014/1014
f 1006/1006/1006 1007/1007/1007 1016/1016/1016
f 1006/1006/1006 1016/1016/1016 1015/1015/1015
f 1007/1007/1007 1008/1008/1008 1017/1017/1017
f 1007/1007/1007 1017/1017/1017 1016/1016/1016
f 1008/1008/1008 1000/1000/1000 1009/1009/1009
f 1008/1008/1008 1009/1009/1009 1017/1017/1017
f 1009/1009/1009 1010/1010/1010 1019/1019/1019
f 1009/1009/1009 1019/1019/1019 1018/1018/1018
f 1010/1010/1010 1011/1011/1011 1020/1020/1020
f 1010/1010/1010 1020/1020/1020 1019/1019/1019
f 1011/1011/1011 1012/1012/1012 1021/1021/1021
f 1011/1011/1011 1021/1021/1021 1020/1020/1020
f 1012/1012/1012 1013/1013/1013 1022/1022/1022
f 1012/1012/1012 1022/1022/1022 1021/1021/1021
f 1013/1013/1013 1014/1014/1014 1023/1023/1023
f 1013/1013/1013 1023/1023/1023 1022/1022/1022
f 1014/1014/1014 1015/1015/1015 1024/1024/1024
f 1014/1014/1014 1024/1024/1024 1023/1023/1023
f 1015/1015/1015 1016/1016/1016 1025/1025/1025
f 1015/1015/1015 1025/1025/1025 1024/1024/1024
f 1016/1016/1016 1017/1017/1017 1026/1026/1026
f 1016/1016/1016 1026/1026/1026 1025/1025/1025
f 1017/1017/1017 1009/1009/1009 1018/1018/1018
f 1017/1017/1017 1018/1018/1018 1026/1026/1026
