# sat_dish_03
mtllib props.mtl
o sat_dish_03
usemtl MetalGrey
v 0.017961 0.023911 0.468135
v 0.117695 0.019743 0.428119
v 0.110515 0.046277 0.418144
v 0.096335 0.070970 0.411492
v 0.076208 0.091992 0.408655
v 0.051626 0.107783 0.409845
v 0.024411 0.117173 0.414973
v -0.003417 0.119464 0.423659
v -0.029794 0.114487 0.435258
v -0.052765 0.102612 0.448911
v -0.070625 0.084718 0.463604
v -0.082051 0.062133 0.478248
v -0.086194 0.036532 0.491757
v -0.082748 0.009813 0.503129
v -0.071967 -0.016041 0.511521
v -0.054652 -0.039113 0.516310
v -0.032087 -0.057693 0.517141
v -0.005945 -0.070402 0.513952
v 0.021834 -0.076297 0.506980
v 0.049192 -0.074942 0.496743
v 0.074098 -0.066436 0.483998
v 0.094706 -0.051412 0.469692
v 0.109486 -0.030982 0.454886
v 0.117344 -0.006662 0.440677
v 0.213786 0.010686 0.377719
v 0.199426 0.063753 0.357769
v 0.171066 0.113140 0.344465
v 0.130811 0.155184 0.338792
v 0.081646 0.186766 0.341172
v 0.027218 0.205545 0.351428
v -0.028438 0.210128 0.368799
v -0.081193 0.200174 0.391997
v -0.127134 0.176423 0.419302
v -0.162855 0.140635 0.448688
v -0.185706 0.095465 0.477977
v -0.193993 0.044263 0.504995
v -0.187100 -0.009174 0.527739
v -0.165539 -0.060882 0.544523
v -0.130910 -0.107027 0.554101
v -0.085779 -0.144187 0.555763
v -0.033496 -0.169604 0.549385
v 0.022064 -0.181395 0.535442
v 0.076779 -0.178684 0.514966
v 0.126591 -0.161673 0.489477
v 0.167806 -0.131624 0.460865
v 0.197368 -0.090764 0.431252
v 0.213083 -0.042125 0.402834
v 0.306233 -0.003260 0.316935
v 0.284692 0.076340 0.287011
v 0.242153 0.150420 0.267054
v 0.181771 0.213486 0.258545
v 0.108023 0.260859 0.262114
v 0.026380 0.289028 0.277498
v -0.057103 0.295902 0.303555
v -0.136235 0.280972 0.338352
v -0.205148 0.245345 0.379310
v -0.258729 0.191663 0.423389
v -0.293006 0.123908 0.467322
v -0.305435 0.047104 0.507849
v -0.295096 -0.033051 0.541966
v -0.262755 -0.110613 0.567141
v -0.210810 -0.179831 0.581507
v -0.143115 -0.235570 0.584000
v -0.064689 -0.273696 0.574435
v 0.018650 -0.291382 0.553520
v 0.100722 -0.287316 0.522806
v 0.175441 -0.261800 0.484573
v 0.237263 -0.216725 0.441655
v 0.281605 -0.155436 0.397235
v 0.305178 -0.082477 0.354608
v 0.395036 -0.022097 0.245767
v 0.366315 0.084037 0.205868
v 0.309597 0.182811 0.179259
v 0.229087 0.266898 0.167913
v 0.130757 0.330063 0.172673
v 0.021900 0.367621 0.193185
v -0.089412 0.376786 0.227927
v -0.194921 0.356879 0.274324
v -0.286805 0.309376 0.328934
v -0.358246 0.237801 0.387706
v -0.403948 0.147461 0.446283
v -0.420521 0.045056 0.500319
v -0.406736 -0.061817 0.545808
v -0.363614 -0.165234 0.579375
v -0.294355 -0.257524 0.598531
v -0.204094 -0.331842 0.601854
v -0.099527 -0.382677 0.589100
v 0.011593 -0.406259 0.561213
v 0.121022 -0.400837 0.520262
v 0.220647 -0.366816 0.469284
v 0.303077 -0.306717 0.412060
v 0.362200 -0.224998 0.352834
v 0.393630 -0.127719 0.295998
v 0.480196 -0.045823 0.164216
v 0.444295 0.086845 0.114342
v 0.373397 0.210311 0.081080
v 0.272759 0.315421 0.066898
v 0.149847 0.394377 0.072848
v 0.013775 0.441324 0.098487
v -0.125364 0.452781 0.141916
v -0.257251 0.427897 0.199911
v -0.372105 0.368519 0.268174
v -0.461407 0.279049 0.341639
v -0.518535 0.166124 0.414860
v -0.539251 0.038119 0.482406
v -0.522019 -0.095473 0.539267
v -0.468117 -0.224745 0.581225
v -0.381543 -0.340107 0.605170
v -0.268717 -0.433005 0.609325
v -0.138008 -0.496549 0.593382
v 0.000891 -0.526025 0.558523
v 0.137679 -0.519249 0.507334
v 0.262209 -0.476721 0.443612
v 0.365247 -0.401598 0.372082
v 0.439150 -0.299449 0.298049
v 0.478438 -0.177851 0.227004
v 0.015541 0.020662 0.461237
v 0.115275 0.016495 0.421221
v 0.108095 0.043028 0.411246
v 0.093915 0.067722 0.404593
v 0.073787 0.088744 0.401757
v 0.049205 0.104535 0.402947
v 0.021991 0.113924 0.408075
v -0.005837 0.116216 0.416760
v -0.032215 0.111239 0.428360
v -0.055185 0.099363 0.442012
v -0.073046 0.081469 0.456705
v -0.084471 0.058884 0.471349
v -0.088615 0.033283 0.484859
v -0.085168 0.006565 0.496231
v -0.074388 -0.019289 0.504622
v -0.057073 -0.042362 0.509411
v -0.034508 -0.060941 0.510242
v -0.008366 -0.073650 0.507054
v 0.019414 -0.079546 0.500082
v 0.046771 -0.078190 0.489844
v 0.071677 -0.069685 0.477100
v 0.092285 -0.054660 0.462794
v 0.107066 -0.034230 0.447987
v 0.114923 -0.009911 0.433778
v 0.211365 0.007438 0.370821
v 0.197005 0.060505 0.350871
v 0.168646 0.109892 0.337566
v 0.128391 0.151935 0.331894
v 0.079226 0.183518 0.334273
v 0.024797 0.202297 0.344529
v -0.030859 0.206879 0.361900
v -0.083614 0.196926 0.385099
v -0.129555 0.173175 0.412404
v -0.165276 0.137387 0.441790
v -0.188127 0.092217 0.471078
v -0.196413 0.041014 0.498097
v -0.189521 -0.012422 0.520841
v -0.167960 -0.064131 0.537624
v -0.133330 -0.110276 0.547202
v -0.088200 -0.147435 0.548864
v -0.035916 -0.172852 0.542487
v 0.019644 -0.184643 0.528543
v 0.074358 -0.181932 0.508068
v 0.124171 -0.164922 0.482579
v 0.165386 -0.134872 0.453967
v 0.194947 -0.094013 0.424354
v 0.210662 -0.045373 0.395936
v 0.303812 -0.006509 0.310037
v 0.282272 0.073092 0.280112
v 0.239733 0.147172 0.260155
v 0.179350 0.210237 0.251646
v 0.105603 0.257611 0.255216
v 0.023960 0.285779 0.270600
v -0.059524 0.292653 0.296657
v -0.138656 0.277723 0.331454
v -0.207568 0.242096 0.372411
v -0.261150 0.188414 0.416491
v -0.295426 0.120659 0.460423
v -0.307856 0.043856 0.500951
v -0.297517 -0.036299 0.535067
v -0.265176 -0.113862 0.560242
v -0.213231 -0.183079 0.574609
v -0.145536 -0.238818 0.577102
v -0.067110 -0.276944 0.567536
v 0.016230 -0.294630 0.546621
v 0.098302 -0.290564 0.515908
v 0.173020 -0.265048 0.477674
v 0.234843 -0.219974 0.434756
v 0.279185 -0.158684 0.390336
v 0.302757 -0.085726 0.347709
v 0.392616 -0.025345 0.238869
v 0.363895 0.080789 0.198970
v 0.307176 0.179562 0.172361
v 0.226666 0.263650 0.161015
v 0.128336 0.326815 0.165775
v 0.019479 0.364372 0.186286
v -0.091832 0.373538 0.221029
v -0.197342 0.353631 0.267425
v -0.289225 0.306128 0.322035
v -0.360667 0.234552 0.380808
v -0.406369 0.144212 0.439385
v -0.422942 0.041808 0.493421
v -0.409156 -0.065066 0.538910
v -0.366035 -0.168483 0.572476
v -0.296775 -0.260773 0.591632
v -0.206515 -0.335091 0.594956
v -0.101947 -0.385926 0.582202
v 0.009172 -0.409507 0.554315
v 0.118602 -0.404086 0.513364
v 0.218226 -0.370064 0.462386
v 0.300656 -0.309965 0.405162
v 0.359779 -0.228246 0.345935
v 0.391209 -0.130968 0.289099
v 0.477776 -0.049071 0.157317
v 0.441874 0.083596 0.107443
v 0.370976 0.207063 0.074182
v 0.270339 0.312172 0.060000
v 0.147426 0.391128 0.065949
v 0.011354 0.438076 0.091589
v -0.127785 0.449533 0.135017
v -0.259672 0.424649 0.193013
v -0.374526 0.365270 0.261275
v -0.463828 0.275801 0.334741
v -0.520956 0.162876 0.407962
v -0.541672 0.034870 0.475507
v -0.524440 -0.098722 0.532368
v -0.470538 -0.227993 0.574327
v -0.383964 -0.343355 0.598271
v -0.271138 -0.436253 0.602426
v -0.140428 -0.499797 0.586483
v -0.001529 -0.529274 0.551625
v 0.135258 -0.522497 0.500436
v 0.259788 -0.479970 0.436714
v 0.362826 -0.404846 0.365183
v 0.436729 -0.302697 0.291150
v 0.476017 -0.181099 0.220105
v 0.525742 0.015298 0.294014
v 0.489840 0.147965 0.244140
v 0.504644 0.151857 0.237113
v 0.541672 0.015028 0.288552
v 0.541672 0.015028 0.288552
v 0.504644 0.151857 0.237113
v 0.493626 0.143461 0.225400
v 0.530203 0.008297 0.276213
v 0.530203 0.008297 0.276213
v 0.493626 0.143461 0.225400
v 0.487420 0.144717 0.237241
v 0.523321 0.012050 0.287116
v 0.489840 0.147965 0.244140
v 0.418942 0.271432 0.210879
v 0.431521 0.279197 0.202808
v 0.504644 0.151857 0.237113
v 0.504644 0.151857 0.237113
v 0.431521 0.279197 0.202808
v 0.421393 0.269252 0.191513
v 0.493626 0.143461 0.225400
v 0.493626 0.143461 0.225400
v 0.421393 0.269252 0.191513
v 0.416521 0.268184 0.203980
v 0.487420 0.144717 0.237241
v 0.418942 0.271432 0.210879
v 0.318304 0.376541 0.196697
v 0.327727 0.387604 0.188181
v 0.431521 0.279197 0.202808
v 0.431521 0.279197 0.202808
v 0.327727 0.387604 0.188181
v 0.318862 0.376340 0.177064
v 0.421393 0.269252 0.191513
v 0.421393 0.269252 0.191513
v 0.318862 0.376340 0.177064
v 0.315884 0.373293 0.189798
v 0.416521 0.268184 0.203980
v 0.318304 0.376541 0.196697
v 0.195392 0.455498 0.202646
v 0.200958 0.469037 0.194317
v 0.327727 0.387604 0.188181
v 0.327727 0.387604 0.188181
v 0.200958 0.469037 0.194317
v 0.193636 0.456782 0.183125
v 0.318862 0.376340 0.177064
v 0.318862 0.376340 0.177064
v 0.193636 0.456782 0.183125
v 0.192971 0.452249 0.195748
v 0.315884 0.373293 0.189798
v 0.195392 0.455498 0.202646
v 0.059320 0.502445 0.228286
v 0.060618 0.517457 0.220761
v 0.200958 0.469037 0.194317
v 0.200958 0.469037 0.194317
v 0.060618 0.517457 0.220761
v 0.055003 0.504613 0.209247
v 0.193636 0.456782 0.183125
v 0.193636 0.456782 0.183125
v 0.055003 0.504613 0.209247
v 0.056900 0.499196 0.221387
v 0.192971 0.452249 0.195748
v 0.059320 0.502445 0.228286
v -0.079819 0.513902 0.271714
v -0.082886 0.529274 0.265552
v 0.060618 0.517457 0.220761
v 0.060618 0.517457 0.220761
v -0.082886 0.529274 0.265552
v -0.086755 0.516286 0.253493
v 0.055003 0.504613 0.209247
v 0.055003 0.504613 0.209247
v -0.086755 0.516286 0.253493
v -0.082239 0.510653 0.264815
v 0.056900 0.499196 0.221387
v -0.079819 0.513902 0.271714
v -0.211706 0.489018 0.329710
v -0.218911 0.503609 0.325367
v -0.082886 0.529274 0.265552
v -0.082886 0.529274 0.265552
v -0.218911 0.503609 0.325367
v -0.221125 0.490934 0.312580
v -0.086755 0.516286 0.253493
v -0.086755 0.516286 0.253493
v -0.221125 0.490934 0.312580
v -0.214127 0.485770 0.322811
v -0.082239 0.510653 0.264815
v -0.211706 0.489018 0.329710
v -0.326560 0.429639 0.397972
v -0.337368 0.442368 0.395771
v -0.218911 0.503609 0.325367
v -0.218911 0.503609 0.325367
v -0.337368 0.442368 0.395771
v -0.338141 0.430437 0.382127
v -0.221125 0.490934 0.312580
v -0.221125 0.490934 0.312580
v -0.338141 0.430437 0.382127
v -0.328980 0.426391 0.391073
v -0.214127 0.485770 0.322811
v -0.326560 0.429639 0.397972
v -0.415862 0.340170 0.471438
v -0.429472 0.350091 0.471541
v -0.337368 0.442368 0.395771
v -0.337368 0.442368 0.395771
v -0.429472 0.350091 0.471541
v -0.429124 0.339284 0.456976
v -0.338141 0.430437 0.382127
v -0.338141 0.430437 0.382127
v -0.429124 0.339284 0.456976
v -0.418283 0.336921 0.464539
v -0.328980 0.426391 0.391073
v -0.415862 0.340170 0.471438
v -0.472990 0.227245 0.544659
v -0.488392 0.233624 0.547059
v -0.429472 0.350091 0.471541
v -0.429472 0.350091 0.471541
v -0.488392 0.233624 0.547059
v -0.487327 0.224233 0.531575
v -0.429124 0.339284 0.456976
v -0.429124 0.339284 0.456976
v -0.487327 0.224233 0.531575
v -0.475410 0.223996 0.537760
v -0.418283 0.336921 0.464539
v -0.472990 0.227245 0.544659
v -0.493706 0.099239 0.612204
v -0.509758 0.101603 0.616724
v -0.488392 0.233624 0.547059
v -0.488392 0.233624 0.547059
v -0.509758 0.101603 0.616724
v -0.508433 0.093818 0.600392
v -0.487327 0.224233 0.531575
v -0.487327 0.224233 0.531575
v -0.508433 0.093818 0.600392
v -0.496126 0.095991 0.605306
v -0.475410 0.223996 0.537760
v -0.493706 0.099239 0.612204
v -0.476474 -0.034353 0.669065
v -0.491985 -0.036181 0.675368
v -0.509758 0.101603 0.616724
v -0.509758 0.101603 0.616724
v -0.491985 -0.036181 0.675368
v -0.490877 -0.042289 0.658323
v -0.508433 0.093818 0.600392
v -0.508433 0.093818 0.600392
v -0.490877 -0.042289 0.658323
v -0.478894 -0.037601 0.662166
v -0.496126 0.095991 0.605306
v -0.476474 -0.034353 0.669065
v -0.422572 -0.163624 0.711023
v -0.436392 -0.169507 0.718643
v -0.491985 -0.036181 0.675368
v -0.491985 -0.036181 0.675368
v -0.436392 -0.169507 0.718643
v -0.435960 -0.173993 0.701072
v -0.490877 -0.042289 0.658323
v -0.490877 -0.042289 0.658323
v -0.435960 -0.173993 0.701072
v -0.424992 -0.166872 0.704125
v -0.478894 -0.037601 0.662166
v -0.422572 -0.163624 0.711023
v -0.335998 -0.278986 0.734968
v -0.347102 -0.288489 0.743339
v -0.436392 -0.169507 0.718643
v -0.436392 -0.169507 0.718643
v -0.347102 -0.288489 0.743339
v -0.347756 -0.291527 0.725467
v -0.435960 -0.173993 0.701072
v -0.435960 -0.173993 0.701072
v -0.347756 -0.291527 0.725467
v -0.338418 -0.282235 0.728070
v -0.424992 -0.166872 0.704125
v -0.335998 -0.278986 0.734968
v -0.223172 -0.371884 0.739123
v -0.230737 -0.384301 0.747624
v -0.347102 -0.288489 0.743339
v -0.347102 -0.288489 0.743339
v -0.230737 -0.384301 0.747624
v -0.232807 -0.386173 0.729700
v -0.347756 -0.291527 0.725467
v -0.347756 -0.291527 0.725467
v -0.232807 -0.386173 0.729700
v -0.225592 -0.375133 0.732224
v -0.338418 -0.282235 0.728070
v -0.223172 -0.371884 0.739123
v -0.092462 -0.435428 0.723180
v -0.095927 -0.449838 0.731181
v -0.230737 -0.384301 0.747624
v -0.230737 -0.384301 0.747624
v -0.095927 -0.449838 0.731181
v -0.099637 -0.450913 0.713457
v -0.232807 -0.386173 0.729700
v -0.232807 -0.386173 0.729700
v -0.099637 -0.450913 0.713457
v -0.094883 -0.438676 0.716281
v -0.225592 -0.375133 0.732224
v -0.092462 -0.435428 0.723180
v 0.046437 -0.464905 0.688321
v 0.047330 -0.480240 0.695229
v -0.095927 -0.449838 0.731181
v -0.095927 -0.449838 0.731181
v 0.047330 -0.480240 0.695229
v 0.041876 -0.480945 0.677942
v -0.099637 -0.450913 0.713457
v -0.099637 -0.450913 0.713457
v 0.041876 -0.480945 0.677942
v 0.044016 -0.468153 0.681423
v -0.094883 -0.438676 0.716281
v 0.046437 -0.464905 0.688321
v 0.183224 -0.458128 0.637133
v 0.188408 -0.473250 0.642434
v 0.047330 -0.480240 0.695229
v 0.047330 -0.480240 0.695229
v 0.188408 -0.473250 0.642434
v 0.181238 -0.474040 0.625790
v 0.041876 -0.480945 0.677942
v 0.041876 -0.480945 0.677942
v 0.181238 -0.474040 0.625790
v 0.180803 -0.461376 0.630234
v 0.044016 -0.468153 0.681423
v 0.183224 -0.458128 0.637133
v 0.307754 -0.415601 0.573410
v 0.316846 -0.429389 0.576713
v 0.188408 -0.473250 0.642434
v 0.188408 -0.473250 0.642434
v 0.316846 -0.429389 0.576713
v 0.308113 -0.430713 0.560868
v 0.181238 -0.474040 0.625790
v 0.181238 -0.474040 0.625790
v 0.308113 -0.430713 0.560868
v 0.305334 -0.418849 0.566512
v 0.180803 -0.461376 0.630234
v 0.307754 -0.415601 0.573410
v 0.410792 -0.340477 0.501880
v 0.423116 -0.351909 0.502939
v 0.316846 -0.429389 0.576713
v 0.316846 -0.429389 0.576713
v 0.423116 -0.351909 0.502939
v 0.413090 -0.354175 0.487991
v 0.308113 -0.430713 0.560868
v 0.308113 -0.430713 0.560868
v 0.413090 -0.354175 0.487991
v 0.408371 -0.343725 0.494981
v 0.305334 -0.418849 0.566512
v 0.410792 -0.340477 0.501880
v 0.484695 -0.238328 0.427847
v 0.499338 -0.246555 0.426583
v 0.423116 -0.351909 0.502939
v 0.423116 -0.351909 0.502939
v 0.499338 -0.246555 0.426583
v 0.488385 -0.250103 0.412565
v 0.413090 -0.354175 0.487991
v 0.413090 -0.354175 0.487991
v 0.488385 -0.250103 0.412565
v 0.482275 -0.241577 0.420948
v 0.408371 -0.343725 0.494981
v 0.484695 -0.238328 0.427847
v 0.523983 -0.116730 0.356802
v 0.539858 -0.121143 0.353309
v 0.499338 -0.246555 0.426583
v 0.499338 -0.246555 0.426583
v 0.539858 -0.121143 0.353309
v 0.528412 -0.126217 0.340183
v 0.488385 -0.250103 0.412565
v 0.488385 -0.250103 0.412565
v 0.528412 -0.126217 0.340183
v 0.521563 -0.119979 0.349904
v 0.482275 -0.241577 0.420948
v 0.523983 -0.116730 0.356802
v 0.525742 0.015298 0.294014
v 0.541672 0.015028 0.288552
v 0.539858 -0.121143 0.353309
v 0.539858 -0.121143 0.353309
v 0.541672 0.015028 0.288552
v 0.530203 0.008297 0.276213
v 0.528412 -0.126217 0.340183
v 0.528412 -0.126217 0.340183
v 0.530203 0.008297 0.276213
v 0.523321 0.012050 0.287116
v 0.521563 -0.119979 0.349904
v 0.061637 -0.403466 0.616644
v 0.055828 -0.402987 0.621745
v 0.055342 -0.402060 0.629420
v 0.060462 -0.401227 0.635171
v 0.068190 -0.400977 0.635631
v 0.073998 -0.401457 0.630530
v 0.074485 -0.402384 0.622855
v 0.069365 -0.403217 0.617103
v 0.061352 -0.403575 0.615818
v 0.055038 -0.403054 0.621363
v 0.054509 -0.402045 0.629705
v 0.060075 -0.401141 0.635957
v 0.068475 -0.400869 0.636457
v 0.074788 -0.401390 0.630911
v 0.075317 -0.402398 0.622570
v 0.069752 -0.403303 0.616318
v 0.052991 -0.069518 0.574913
v 0.046678 -0.068997 0.580458
v 0.046149 -0.067989 0.588799
v 0.051714 -0.067084 0.595051
v 0.060114 -0.066813 0.595551
v 0.066428 -0.067334 0.590006
v 0.066957 -0.068342 0.581664
v 0.061391 -0.069247 0.575412
v 0.053276 -0.069410 0.575738
v 0.047468 -0.068931 0.580840
v 0.046981 -0.068003 0.588514
v 0.052101 -0.067171 0.594266
v 0.059829 -0.066921 0.594726
v 0.065638 -0.067400 0.589624
v 0.066124 -0.068328 0.581950
v 0.061004 -0.069160 0.576198
v 0.064913 -0.402222 0.626137
v 0.056553 -0.068166 0.585232
v 0.053304 -0.070151 0.575856
v 0.047478 -0.069104 0.580851
v 0.046968 -0.067507 0.588413
v 0.052073 -0.066296 0.594112
v 0.059801 -0.066180 0.594608
v 0.065627 -0.067227 0.589612
v 0.066137 -0.068824 0.582050
v 0.061032 -0.070036 0.576352
v 0.053021 -0.070324 0.575040
v 0.046689 -0.069186 0.580470
v 0.046135 -0.067450 0.588690
v 0.051683 -0.066133 0.594884
v 0.060084 -0.066007 0.595423
v 0.066416 -0.067145 0.589993
v 0.066970 -0.068881 0.581774
v 0.061422 -0.070198 0.575580
v 0.052830 0.064426 0.546567
v 0.046498 0.065565 0.551997
v 0.045944 0.067301 0.560217
v 0.051492 0.068617 0.566410
v 0.059893 0.068743 0.566950
v 0.066225 0.067605 0.561520
v 0.066779 0.065869 0.553301
v 0.061231 0.064552 0.547107
v 0.053112 0.064599 0.547382
v 0.047287 0.065646 0.552378
v 0.046777 0.067243 0.559940
v 0.051882 0.068455 0.565638
v 0.059610 0.068571 0.566135
v 0.065436 0.067523 0.561139
v 0.065946 0.065926 0.553577
v 0.060841 0.064715 0.547879
v 0.056553 -0.068166 0.585232
v 0.056361 0.066585 0.556759
v 0.030257 0.067027 0.565710
v 0.037154 0.052120 0.570309
v 0.051388 0.042737 0.569733
v 0.067522 0.042464 0.564201
v 0.079392 0.051403 0.555826
v 0.082466 0.066142 0.547807
v 0.075568 0.081049 0.543208
v 0.061334 0.090432 0.543784
v 0.045201 0.090706 0.549316
v 0.033330 0.081766 0.557691
v 0.027987 0.067066 0.566488
v 0.035484 0.050862 0.571488
v 0.050956 0.040664 0.570861
v 0.068492 0.040366 0.564848
v 0.081395 0.050083 0.555745
v 0.084736 0.066103 0.547029
v 0.077238 0.082307 0.542029
v 0.061767 0.092506 0.542656
v 0.044230 0.092803 0.548669
v 0.031328 0.083086 0.557772
v 0.043116 0.087368 0.609604
v 0.050613 0.071165 0.614603
v 0.066085 0.060966 0.613977
v 0.083621 0.060669 0.607963
v 0.096524 0.070386 0.598860
v 0.099864 0.086406 0.590144
v 0.092367 0.102610 0.585145
v 0.076896 0.112808 0.585771
v 0.059359 0.113106 0.591785
v 0.046457 0.103388 0.600888
v 0.045386 0.087330 0.608825
v 0.052283 0.072422 0.613425
v 0.066517 0.063040 0.612848
v 0.082651 0.062766 0.607316
v 0.094521 0.071706 0.598941
v 0.097595 0.086444 0.590923
v 0.090697 0.101352 0.586323
v 0.076463 0.110734 0.586899
v 0.060330 0.111008 0.592432
v 0.048459 0.102068 0.600807
v 0.056361 0.066585 0.556759
v 0.071490 0.086887 0.599874
v 0.059368 0.077449 0.663657
v 0.119900 0.076423 0.642900
v 0.114714 0.116626 0.625788
v 0.054182 0.117652 0.646545
v 0.103258 0.054090 0.595473
v 0.042726 0.055116 0.616230
v 0.037541 0.095320 0.599118
v 0.098072 0.094293 0.578361
v 0.038095 0.099279 0.600538
v 0.098627 0.098252 0.579782
v 0.113453 0.118149 0.622035
v 0.052921 0.119175 0.642791
v 0.058814 0.073490 0.662236
v 0.119346 0.072463 0.641480
v 0.104520 0.052567 0.599227
v 0.043988 0.053593 0.619983
v 0.107003 0.055260 0.597087
v 0.121830 0.075156 0.639340
v 0.116644 0.115359 0.622228
v 0.101818 0.095463 0.579975
v 0.055623 0.076279 0.662043
v 0.040797 0.056383 0.619790
v 0.035611 0.096586 0.602678
v 0.050437 0.116482 0.644931
v 0.052921 0.119175 0.642791
v 0.113453 0.118149 0.622035
v 0.114714 0.116626 0.625788
v 0.054182 0.117652 0.646545
v 0.038095 0.099279 0.600538
v 0.098627 0.098252 0.579782
v 0.098072 0.094293 0.578361
v 0.037541 0.095320 0.599118
v 0.058814 0.073490 0.662236
v 0.119346 0.072463 0.641480
v 0.119900 0.076423 0.642900
v 0.059368 0.077449 0.663657
v 0.043988 0.053593 0.619983
v 0.104520 0.052567 0.599227
v 0.103258 0.054090 0.595473
v 0.042726 0.055116 0.616230
v 0.121830 0.075156 0.639340
v 0.116644 0.115359 0.622228
v 0.114714 0.116626 0.625788
v 0.119900 0.076423 0.642900
v 0.107003 0.055260 0.597087
v 0.101818 0.095463 0.579975
v 0.098072 0.094293 0.578361
v 0.103258 0.054090 0.595473
v 0.055623 0.076279 0.662043
v 0.050437 0.116482 0.644931
v 0.054182 0.117652 0.646545
v 0.059368 0.077449 0.663657
v 0.040797 0.056383 0.619790
v 0.035611 0.096586 0.602678
v 0.037541 0.095320 0.599118
v 0.042726 0.055116 0.616230
v 0.101818 0.095463 0.579975
v 0.116644 0.115359 0.622228
v 0.113453 0.118149 0.622035
v 0.098627 0.098252 0.579782
v 0.107003 0.055260 0.597087
v 0.121830 0.075156 0.639340
v 0.119346 0.072463 0.641480
v 0.104520 0.052567 0.599227
v 0.035611 0.096586 0.602678
v 0.050437 0.116482 0.644931
v 0.052921 0.119175 0.642791
v 0.038095 0.099279 0.600538
v 0.040797 0.056383 0.619790
v 0.055623 0.076279 0.662043
v 0.058814 0.073490 0.662236
v 0.043988 0.053593 0.619983
v 0.042726 0.055116 0.616230
v 0.043988 0.053593 0.619983
v 0.040797 0.056383 0.619790
v 0.059368 0.077449 0.663657
v 0.058814 0.073490 0.662236
v 0.055623 0.076279 0.662043
v 0.037541 0.095320 0.599118
v 0.038095 0.099279 0.600538
v 0.035611 0.096586 0.602678
v 0.054182 0.117652 0.646545
v 0.052921 0.119175 0.642791
v 0.050437 0.116482 0.644931
v 0.103258 0.054090 0.595473
v 0.104520 0.052567 0.599227
v 0.107003 0.055260 0.597087
v 0.119900 0.076423 0.642900
v 0.119346 0.072463 0.641480
v 0.121830 0.075156 0.639340
v 0.098072 0.094293 0.578361
v 0.098627 0.098252 0.579782
v 0.101818 0.095463 0.579975
v 0.114714 0.116626 0.625788
v 0.113453 0.118149 0.622035
v 0.116644 0.115359 0.622228
v -0.049039 -0.073089 0.024000
v 0.084961 -0.073089 0.024000
v 0.084961 0.120911 0.024000
v -0.049039 0.120911 0.024000
v 0.084961 -0.073089 0.000000
v -0.049039 -0.073089 0.000000
v -0.049039 0.120911 0.000000
v 0.084961 0.120911 0.000000
v -0.049039 0.123911 0.003000
v 0.084961 0.123911 0.003000
v 0.084961 0.123911 0.021000
v -0.049039 0.123911 0.021000
v -0.049039 -0.076089 0.021000
v 0.084961 -0.076089 0.021000
v 0.084961 -0.076089 0.003000
v -0.049039 -0.076089 0.003000
v 0.087961 -0.073089 0.003000
v 0.087961 -0.073089 0.021000
v 0.087961 0.120911 0.021000
v 0.087961 0.120911 0.003000
v -0.052039 -0.073089 0.021000
v -0.052039 -0.073089 0.003000
v -0.052039 0.120911 0.003000
v -0.052039 0.120911 0.021000
v -0.049039 0.123911 0.021000
v 0.084961 0.123911 0.021000
v 0.084961 0.120911 0.024000
v -0.049039 0.120911 0.024000
v -0.049039 0.123911 0.003000
v 0.084961 0.123911 0.003000
v 0.084961 0.120911 0.000000
v -0.049039 0.120911 0.000000
v -0.049039 -0.076089 0.021000
v 0.084961 -0.076089 0.021000
v 0.084961 -0.073089 0.024000
v -0.049039 -0.073089 0.024000
v -0.049039 -0.076089 0.003000
v 0.084961 -0.076089 0.003000
v 0.084961 -0.073089 0.000000
v -0.049039 -0.073089 0.000000
v 0.087961 -0.073089 0.021000
v 0.087961 0.120911 0.021000
v 0.084961 0.120911 0.024000
v 0.084961 -0.073089 0.024000
v 0.087961 -0.073089 0.003000
v 0.087961 0.120911 0.003000
v 0.084961 0.120911 0.000000
v 0.084961 -0.073089 0.000000
v -0.052039 -0.073089 0.021000
v -0.052039 0.120911 0.021000
v -0.049039 0.120911 0.024000
v -0.049039 -0.073089 0.024000
v -0.052039 -0.073089 0.003000
v -0.052039 0.120911 0.003000
v -0.049039 0.120911 0.000000
v -0.049039 -0.073089 0.000000
v 0.087961 0.120911 0.003000
v 0.087961 0.120911 0.021000
v 0.084961 0.123911 0.021000
v 0.084961 0.123911 0.003000
v 0.087961 -0.073089 0.003000
v 0.087961 -0.073089 0.021000
v 0.084961 -0.076089 0.021000
v 0.084961 -0.076089 0.003000
v -0.052039 0.120911 0.003000
v -0.052039 0.120911 0.021000
v -0.049039 0.123911 0.021000
v -0.049039 0.123911 0.003000
v -0.052039 -0.073089 0.003000
v -0.052039 -0.073089 0.021000
v -0.049039 -0.076089 0.021000
v -0.049039 -0.076089 0.003000
v -0.049039 -0.073089 0.000000
v -0.049039 -0.076089 0.003000
v -0.052039 -0.073089 0.003000
v -0.049039 -0.073089 0.024000
v -0.049039 -0.076089 0.021000
v -0.052039 -0.073089 0.021000
v -0.049039 0.120911 0.000000
v -0.049039 0.123911 0.003000
v -0.052039 0.120911 0.003000
v -0.049039 0.120911 0.024000
v -0.049039 0.123911 0.021000
v -0.052039 0.120911 0.021000
v 0.084961 -0.073089 0.000000
v 0.084961 -0.076089 0.003000
v 0.087961 -0.073089 0.003000
v 0.084961 -0.073089 0.024000
v 0.084961 -0.076089 0.021000
v 0.087961 -0.073089 0.021000
v 0.084961 0.120911 0.000000
v 0.084961 0.123911 0.003000
v 0.087961 0.120911 0.003000
v 0.084961 0.120911 0.024000
v 0.084961 0.123911 0.021000
v 0.087961 0.120911 0.021000
v 0.001401 0.023911 0.020000
v 0.006251 0.012360 0.021925
v 0.017961 0.007576 0.022722
v 0.029671 0.012360 0.021925
v 0.034521 0.023911 0.020000
v 0.029671 0.035461 0.018075
v 0.017961 0.040245 0.017278
v 0.006251 0.035461 0.018075
v -0.000039 0.023911 0.020000
v 0.005233 0.011356 0.022092
v 0.017961 0.006156 0.022959
v 0.030689 0.011356 0.022092
v 0.035961 0.023911 0.020000
v 0.030689 0.036466 0.017908
v 0.017961 0.041666 0.017041
v 0.005233 0.036466 0.017908
v -0.000039 0.043911 0.140000
v 0.005233 0.031356 0.142092
v 0.017961 0.026156 0.142959
v 0.030689 0.031356 0.142092
v 0.035961 0.043911 0.140000
v 0.030689 0.056466 0.137908
v 0.017961 0.061666 0.137041
v 0.005233 0.056466 0.137908
v 0.001401 0.043911 0.140000
v 0.006251 0.032360 0.141925
v 0.017961 0.027576 0.142722
v 0.029671 0.032360 0.141925
v 0.034521 0.043911 0.140000
v 0.029671 0.055461 0.138075
v 0.017961 0.060245 0.137278
v 0.006251 0.055461 0.138075
v 0.017961 0.023911 0.020000
v 0.017961 0.043911 0.140000
v -0.019039 0.016911 0.165000
v 0.054961 0.016911 0.165000
v 0.054961 0.070911 0.165000
v -0.019039 0.070911 0.165000
v 0.054961 0.016911 0.115000
v -0.019039 0.016911 0.115000
v -0.019039 0.070911 0.115000
v 0.054961 0.070911 0.115000
v -0.019039 0.073911 0.118000
v 0.054961 0.073911 0.118000
v 0.054961 0.073911 0.162000
v -0.019039 0.073911 0.162000
v -0.019039 0.013911 0.162000
v 0.054961 0.013911 0.162000
v 0.054961 0.013911 0.118000
v -0.019039 0.013911 0.118000
v 0.057961 0.016911 0.118000
v 0.057961 0.016911 0.162000
v 0.057961 0.070911 0.162000
v 0.057961 0.070911 0.118000
v -0.022039 0.016911 0.162000
v -0.022039 0.016911 0.118000
v -0.022039 0.070911 0.118000
v -0.022039 0.070911 0.162000
v -0.019039 0.073911 0.162000
v 0.054961 0.073911 0.162000
v 0.054961 0.070911 0.165000
v -0.019039 0.070911 0.165000
v -0.019039 0.073911 0.118000
v 0.054961 0.073911 0.118000
v 0.054961 0.070911 0.115000
v -0.019039 0.070911 0.115000
v -0.019039 0.013911 0.162000
v 0.054961 0.013911 0.162000
v 0.054961 0.016911 0.165000
v -0.019039 0.016911 0.165000
v -0.019039 0.013911 0.118000
v 0.054961 0.013911 0.118000
v 0.054961 0.016911 0.115000
v -0.019039 0.016911 0.115000
v 0.057961 0.016911 0.162000
v 0.057961 0.070911 0.162000
v 0.054961 0.070911 0.165000
v 0.054961 0.016911 0.165000
v 0.057961 0.016911 0.118000
v 0.057961 0.070911 0.118000
v 0.054961 0.070911 0.115000
v 0.054961 0.016911 0.115000
v -0.022039 0.016911 0.162000
v -0.022039 0.070911 0.162000
v -0.019039 0.070911 0.165000
v -0.019039 0.016911 0.165000
v -0.022039 0.016911 0.118000
v -0.022039 0.070911 0.118000
v -0.019039 0.070911 0.115000
v -0.019039 0.016911 0.115000
v 0.057961 0.070911 0.118000
v 0.057961 0.070911 0.162000
v 0.054961 0.073911 0.162000
v 0.054961 0.073911 0.118000
v 0.057961 0.016911 0.118000
v 0.057961 0.016911 0.162000
v 0.054961 0.013911 0.162000
v 0.054961 0.013911 0.118000
v -0.022039 0.070911 0.118000
v -0.022039 0.070911 0.162000
v -0.019039 0.073911 0.162000
v -0.019039 0.073911 0.118000
v -0.022039 0.016911 0.118000
v -0.022039 0.016911 0.162000
v -0.019039 0.013911 0.162000
v -0.019039 0.013911 0.118000
v -0.019039 0.016911 0.115000
v -0.019039 0.013911 0.118000
v -0.022039 0.016911 0.118000
v -0.019039 0.016911 0.165000
v -0.019039 0.013911 0.162000
v -0.022039 0.016911 0.162000
v -0.019039 0.070911 0.115000
v -0.019039 0.073911 0.118000
v -0.022039 0.070911 0.118000
v -0.019039 0.070911 0.165000
v -0.019039 0.073911 0.162000
v -0.022039 0.070911 0.162000
v 0.054961 0.016911 0.115000
v 0.054961 0.013911 0.118000
v 0.057961 0.016911 0.118000
v 0.054961 0.016911 0.165000
v 0.054961 0.013911 0.162000
v 0.057961 0.016911 0.162000
v 0.054961 0.070911 0.115000
v 0.054961 0.073911 0.118000
v 0.057961 0.070911 0.118000
v 0.054961 0.070911 0.165000
v 0.054961 0.073911 0.162000
v 0.057961 0.070911 0.162000
v 0.111099 0.474932 0.132500
v 0.157099 0.474932 0.132500
v 0.157099 0.510932 0.132500
v 0.111099 0.510932 0.132500
v 0.157099 0.474932 0.107500
v 0.111099 0.474932 0.107500
v 0.111099 0.510932 0.107500
v 0.157099 0.510932 0.107500
v 0.111099 0.512932 0.109500
v 0.157099 0.512932 0.109500
v 0.157099 0.512932 0.130500
v 0.111099 0.512932 0.130500
v 0.111099 0.472932 0.130500
v 0.157099 0.472932 0.130500
v 0.157099 0.472932 0.109500
v 0.111099 0.472932 0.109500
v 0.159099 0.474932 0.109500
v 0.159099 0.474932 0.130500
v 0.159099 0.510932 0.130500
v 0.159099 0.510932 0.109500
v 0.109099 0.474932 0.130500
v 0.109099 0.474932 0.109500
v 0.109099 0.510932 0.109500
v 0.109099 0.510932 0.130500
v 0.111099 0.512932 0.130500
v 0.157099 0.512932 0.130500
v 0.157099 0.510932 0.132500
v 0.111099 0.510932 0.132500
v 0.111099 0.512932 0.109500
v 0.157099 0.512932 0.109500
v 0.157099 0.510932 0.107500
v 0.111099 0.510932 0.107500
v 0.111099 0.472932 0.130500
v 0.157099 0.472932 0.130500
v 0.157099 0.474932 0.132500
v 0.111099 0.474932 0.132500
v 0.111099 0.472932 0.109500
v 0.157099 0.472932 0.109500
v 0.157099 0.474932 0.107500
v 0.111099 0.474932 0.107500
v 0.159099 0.474932 0.130500
v 0.159099 0.510932 0.130500
v 0.157099 0.510932 0.132500
v 0.157099 0.474932 0.132500
v 0.159099 0.474932 0.109500
v 0.159099 0.510932 0.109500
v 0.157099 0.510932 0.107500
v 0.157099 0.474932 0.107500
v 0.109099 0.474932 0.130500
v 0.109099 0.510932 0.130500
v 0.111099 0.510932 0.132500
v 0.111099 0.474932 0.132500
v 0.109099 0.474932 0.109500
v 0.109099 0.510932 0.109500
v 0.111099 0.510932 0.107500
v 0.111099 0.474932 0.107500
v 0.159099 0.510932 0.109500
v 0.159099 0.510932 0.130500
v 0.157099 0.512932 0.130500
v 0.157099 0.512932 0.109500
v 0.159099 0.474932 0.109500
v 0.159099 0.474932 0.130500
v 0.157099 0.472932 0.130500
v 0.157099 0.472932 0.109500
v 0.109099 0.510932 0.109500
v 0.109099 0.510932 0.130500
v 0.111099 0.512932 0.130500
v 0.111099 0.512932 0.109500
v 0.109099 0.474932 0.109500
v 0.109099 0.474932 0.130500
v 0.111099 0.472932 0.130500
v 0.111099 0.472932 0.109500
v 0.111099 0.474932 0.107500
v 0.111099 0.472932 0.109500
v 0.109099 0.474932 0.109500
v 0.111099 0.474932 0.132500
v 0.111099 0.472932 0.130500
v 0.109099 0.474932 0.130500
v 0.111099 0.510932 0.107500
v 0.111099 0.512932 0.109500
v 0.109099 0.510932 0.109500
v 0.111099 0.510932 0.132500
v 0.111099 0.512932 0.130500
v 0.109099 0.510932 0.130500
v 0.157099 0.474932 0.107500
v 0.157099 0.472932 0.109500
v 0.159099 0.474932 0.109500
v 0.157099 0.474932 0.132500
v 0.157099 0.472932 0.130500
v 0.159099 0.474932 0.130500
v 0.157099 0.510932 0.107500
v 0.157099 0.512932 0.109500
v 0.159099 0.510932 0.109500
v 0.157099 0.510932 0.132500
v 0.157099 0.512932 0.130500
v 0.159099 0.510932 0.130500
vt 0.500000 0.000000
vt 0.000000 0.200000
vt 0.043478 0.200000
vt 0.086957 0.200000
vt 0.130435 0.200000
vt 0.173913 0.200000
vt 0.217391 0.200000
vt 0.260870 0.200000
vt 0.304348 0.200000
vt 0.347826 0.200000
vt 0.391304 0.200000
vt 0.434783 0.200000
vt 0.478261 0.200000
vt 0.521739 0.200000
vt 0.565217 0.200000
vt 0.608696 0.200000
vt 0.652174 0.200000
vt 0.695652 0.200000
vt 0.739130 0.200000
vt 0.782609 0.200000
vt 0.826087 0.200000
vt 0.869565 0.200000
vt 0.913043 0.200000
vt 0.956522 0.200000
vt 0.000000 0.400000
vt 0.043478 0.400000
vt 0.086957 0.400000
vt 0.130435 0.400000
vt 0.173913 0.400000
vt 0.217391 0.400000
vt 0.260870 0.400000
vt 0.304348 0.400000
vt 0.347826 0.400000
vt 0.391304 0.400000
vt 0.434783 0.400000
vt 0.478261 0.400000
vt 0.521739 0.400000
vt 0.565217 0.400000
vt 0.608696 0.400000
vt 0.652174 0.400000
vt 0.695652 0.400000
vt 0.739130 0.400000
vt 0.782609 0.400000
vt 0.826087 0.400000
vt 0.869565 0.400000
vt 0.913043 0.400000
vt 0.956522 0.400000
vt 0.000000 0.600000
vt 0.043478 0.600000
vt 0.086957 0.600000
vt 0.130435 0.600000
vt 0.173913 0.600000
vt 0.217391 0.600000
vt 0.260870 0.600000
vt 0.304348 0.600000
vt 0.347826 0.600000
vt 0.391304 0.600000
vt 0.434783 0.600000
vt 0.478261 0.600000
vt 0.521739 0.600000
vt 0.565217 0.600000
vt 0.608696 0.600000
vt 0.652174 0.600000
vt 0.695652 0.600000
vt 0.739130 0.600000
vt 0.782609 0.600000
vt 0.826087 0.600000
vt 0.869565 0.600000
vt 0.913043 0.600000
vt 0.956522 0.600000
vt 0.000000 0.800000
vt 0.043478 0.800000
vt 0.086957 0.800000
vt 0.130435 0.800000
vt 0.173913 0.800000
vt 0.217391 0.800000
vt 0.260870 0.800000
vt 0.304348 0.800000
vt 0.347826 0.800000
vt 0.391304 0.800000
vt 0.434783 0.800000
vt 0.478261 0.800000
vt 0.521739 0.800000
vt 0.565217 0.800000
vt 0.608696 0.800000
vt 0.652174 0.800000
vt 0.695652 0.800000
vt 0.739130 0.800000
vt 0.782609 0.800000
vt 0.826087 0.800000
vt 0.869565 0.800000
vt 0.913043 0.800000
vt 0.956522 0.800000
vt 0.000000 1.000000
vt 0.043478 1.000000
vt 0.086957 1.000000
vt 0.130435 1.000000
vt 0.173913 1.000000
vt 0.217391 1.000000
vt 0.260870 1.000000
vt 0.304348 1.000000
vt 0.347826 1.000000
vt 0.391304 1.000000
vt 0.434783 1.000000
vt 0.478261 1.000000
vt 0.521739 1.000000
vt 0.565217 1.000000
vt 0.608696 1.000000
vt 0.652174 1.000000
vt 0.695652 1.000000
vt 0.739130 1.000000
vt 0.782609 1.000000
vt 0.826087 1.000000
vt 0.869565 1.000000
vt 0.913043 1.000000
vt 0.956522 1.000000
vt 0.500000 0.000000
vt 0.000000 0.200000
vt 0.043478 0.200000
vt 0.086957 0.200000
vt 0.130435 0.200000
vt 0.173913 0.200000
vt 0.217391 0.200000
vt 0.260870 0.200000
vt 0.304348 0.200000
vt 0.347826 0.200000
vt 0.391304 0.200000
vt 0.434783 0.200000
vt 0.478261 0.200000
vt 0.521739 0.200000
vt 0.565217 0.200000
vt 0.608696 0.200000
vt 0.652174 0.200000
vt 0.695652 0.200000
vt 0.739130 0.200000
vt 0.782609 0.200000
vt 0.826087 0.200000
vt 0.869565 0.200000
vt 0.913043 0.200000
vt 0.956522 0.200000
vt 0.000000 0.400000
vt 0.043478 0.400000
vt 0.086957 0.400000
vt 0.130435 0.400000
vt 0.173913 0.400000
vt 0.217391 0.400000
vt 0.260870 0.400000
vt 0.304348 0.400000
vt 0.347826 0.400000
vt 0.391304 0.400000
vt 0.434783 0.400000
vt 0.478261 0.400000
vt 0.521739 0.400000
vt 0.565217 0.400000
vt 0.608696 0.400000
vt 0.652174 0.400000
vt 0.695652 0.400000
vt 0.739130 0.400000
vt 0.782609 0.400000
vt 0.826087 0.400000
vt 0.869565 0.400000
vt 0.913043 0.400000
vt 0.956522 0.400000
vt 0.000000 0.600000
vt 0.043478 0.600000
vt 0.086957 0.600000
vt 0.130435 0.600000
vt 0.173913 0.600000
vt 0.217391 0.600000
vt 0.260870 0.600000
vt 0.304348 0.600000
vt 0.347826 0.600000
vt 0.391304 0.600000
vt 0.434783 0.600000
vt 0.478261 0.600000
vt 0.521739 0.600000
vt 0.565217 0.600000
vt 0.608696 0.600000
vt 0.652174 0.600000
vt 0.695652 0.600000
vt 0.739130 0.600000
vt 0.782609 0.600000
vt 0.826087 0.600000
vt 0.869565 0.600000
vt 0.913043 0.600000
vt 0.956522 0.600000
vt 0.000000 0.800000
vt 0.043478 0.800000
vt 0.086957 0.800000
vt 0.130435 0.800000
vt 0.173913 0.800000
vt 0.217391 0.800000
vt 0.260870 0.800000
vt 0.304348 0.800000
vt 0.347826 0.800000
vt 0.391304 0.800000
vt 0.434783 0.800000
vt 0.478261 0.800000
vt 0.521739 0.800000
vt 0.565217 0.800000
vt 0.608696 0.800000
vt 0.652174 0.800000
vt 0.695652 0.800000
vt 0.739130 0.800000
vt 0.782609 0.800000
vt 0.826087 0.800000
vt 0.869565 0.800000
vt 0.913043 0.800000
vt 0.956522 0.800000
vt 0.000000 1.000000
vt 0.043478 1.000000
vt 0.086957 1.000000
vt 0.130435 1.000000
vt 0.173913 1.000000
vt 0.217391 1.000000
vt 0.260870 1.000000
vt 0.304348 1.000000
vt 0.347826 1.000000
vt 0.391304 1.000000
vt 0.434783 1.000000
vt 0.478261 1.000000
vt 0.521739 1.000000
vt 0.565217 1.000000
vt 0.608696 1.000000
vt 0.652174 1.000000
vt 0.695652 1.000000
vt 0.739130 1.000000
vt 0.782609 1.000000
vt 0.826087 1.000000
vt 0.869565 1.000000
vt 0.913043 1.000000
vt 0.956522 1.000000
vt 0.000000 0.000000
vt 0.043478 0.000000
vt 0.043478 1.000000
vt 0.000000 1.000000
vt 0.000000 0.000000
vt 0.043478 0.000000
vt 0.043478 1.000000
vt 0.000000 1.000000
vt 0.000000 0.000000
vt 0.043478 0.000000
vt 0.043478 1.000000
vt 0.000000 1.000000
vt 0.043478 0.000000
vt 0.086957 0.000000
vt 0.086957 1.000000
vt 0.043478 1.000000
vt 0.043478 0.000000
vt 0.086957 0.000000
vt 0.086957 1.000000
vt 0.043478 1.000000
vt 0.043478 0.000000
vt 0.086957 0.000000
vt 0.086957 1.000000
vt 0.043478 1.000000
vt 0.086957 0.000000
vt 0.130435 0.000000
vt 0.130435 1.000000
vt 0.086957 1.000000
vt 0.086957 0.000000
vt 0.130435 0.000000
vt 0.130435 1.000000
vt 0.086957 1.000000
vt 0.086957 0.000000
vt 0.130435 0.000000
vt 0.130435 1.000000
vt 0.086957 1.000000
vt 0.130435 0.000000
vt 0.173913 0.000000
vt 0.173913 1.000000
vt 0.130435 1.000000
vt 0.130435 0.000000
vt 0.173913 0.000000
vt 0.173913 1.000000
vt 0.130435 1.000000
vt 0.130435 0.000000
vt 0.173913 0.000000
vt 0.173913 1.000000
vt 0.130435 1.000000
vt 0.173913 0.000000
vt 0.217391 0.000000
vt 0.217391 1.000000
vt 0.173913 1.000000
vt 0.173913 0.000000
vt 0.217391 0.000000
vt 0.217391 1.000000
vt 0.173913 1.000000
vt 0.173913 0.000000
vt 0.217391 0.000000
vt 0.217391 1.000000
vt 0.173913 1.000000
vt 0.217391 0.000000
vt 0.260870 0.000000
vt 0.260870 1.000000
vt 0.217391 1.000000
vt 0.217391 0.000000
vt 0.260870 0.000000
vt 0.260870 1.000000
vt 0.217391 1.000000
vt 0.217391 0.000000
vt 0.260870 0.000000
vt 0.260870 1.000000
vt 0.217391 1.000000
vt 0.260870 0.000000
vt 0.304348 0.000000
vt 0.304348 1.000000
vt 0.260870 1.000000
vt 0.260870 0.000000
vt 0.304348 0.000000
vt 0.304348 1.000000
vt 0.260870 1.000000
vt 0.260870 0.000000
vt 0.304348 0.000000
vt 0.304348 1.000000
vt 0.260870 1.000000
vt 0.304348 0.000000
vt 0.347826 0.000000
vt 0.347826 1.000000
vt 0.304348 1.000000
vt 0.304348 0.000000
vt 0.347826 0.000000
vt 0.347826 1.000000
vt 0.304348 1.000000
vt 0.304348 0.000000
vt 0.347826 0.000000
vt 0.347826 1.000000
vt 0.304348 1.000000
vt 0.347826 0.000000
vt 0.391304 0.000000
vt 0.391304 1.000000
vt 0.347826 1.000000
vt 0.347826 0.000000
vt 0.391304 0.000000
vt 0.391304 1.000000
vt 0.347826 1.000000
vt 0.347826 0.000000
vt 0.391304 0.000000
vt 0.391304 1.000000
vt 0.347826 1.000000
vt 0.391304 0.000000
vt 0.434783 0.000000
vt 0.434783 1.000000
vt 0.391304 1.000000
vt 0.391304 0.000000
vt 0.434783 0.000000
vt 0.434783 1.000000
vt 0.391304 1.000000
vt 0.391304 0.000000
vt 0.434783 0.000000
vt 0.434783 1.000000
vt 0.391304 1.000000
vt 0.434783 0.000000
vt 0.478261 0.000000
vt 0.478261 1.000000
vt 0.434783 1.000000
vt 0.434783 0.000000
vt 0.478261 0.000000
vt 0.478261 1.000000
vt 0.434783 1.000000
vt 0.434783 0.000000
vt 0.478261 0.000000
vt 0.478261 1.000000
vt 0.434783 1.000000
vt 0.478261 0.000000
vt 0.521739 0.000000
vt 0.521739 1.000000
vt 0.478261 1.000000
vt 0.478261 0.000000
vt 0.521739 0.000000
vt 0.521739 1.000000
vt 0.478261 1.000000
vt 0.478261 0.000000
vt 0.521739 0.000000
vt 0.521739 1.000000
vt 0.478261 1.000000
vt 0.521739 0.000000
vt 0.565217 0.000000
vt 0.565217 1.000000
vt 0.521739 1.000000
vt 0.521739 0.000000
vt 0.565217 0.000000
vt 0.565217 1.000000
vt 0.521739 1.000000
vt 0.521739 0.000000
vt 0.565217 0.000000
vt 0.565217 1.000000
vt 0.521739 1.000000
vt 0.565217 0.000000
vt 0.608696 0.000000
vt 0.608696 1.000000
vt 0.565217 1.000000
vt 0.565217 0.000000
vt 0.608696 0.000000
vt 0.608696 1.000000
vt 0.565217 1.000000
vt 0.565217 0.000000
vt 0.608696 0.000000
vt 0.608696 1.000000
vt 0.565217 1.000000
vt 0.608696 0.000000
vt 0.652174 0.000000
vt 0.652174 1.000000
vt 0.608696 1.000000
vt 0.608696 0.000000
vt 0.652174 0.000000
vt 0.652174 1.000000
vt 0.608696 1.000000
vt 0.608696 0.000000
vt 0.652174 0.000000
vt 0.652174 1.000000
vt 0.608696 1.000000
vt 0.652174 0.000000
vt 0.695652 0.000000
vt 0.695652 1.000000
vt 0.652174 1.000000
vt 0.652174 0.000000
vt 0.695652 0.000000
vt 0.695652 1.000000
vt 0.652174 1.000000
vt 0.652174 0.000000
vt 0.695652 0.000000
vt 0.695652 1.000000
vt 0.652174 1.000000
vt 0.695652 0.000000
vt 0.739130 0.000000
vt 0.739130 1.000000
vt 0.695652 1.000000
vt 0.695652 0.000000
vt 0.739130 0.000000
vt 0.739130 1.000000
vt 0.695652 1.000000
vt 0.695652 0.000000
vt 0.739130 0.000000
vt 0.739130 1.000000
vt 0.695652 1.000000
vt 0.739130 0.000000
vt 0.782609 0.000000
vt 0.782609 1.000000
vt 0.739130 1.000000
vt 0.739130 0.000000
vt 0.782609 0.000000
vt 0.782609 1.000000
vt 0.739130 1.000000
vt 0.739130 0.000000
vt 0.782609 0.000000
vt 0.782609 1.000000
vt 0.739130 1.000000
vt 0.782609 0.000000
vt 0.826087 0.000000
vt 0.826087 1.000000
vt 0.782609 1.000000
vt 0.782609 0.000000
vt 0.826087 0.000000
vt 0.826087 1.000000
vt 0.782609 1.000000
vt 0.782609 0.000000
vt 0.826087 0.000000
vt 0.826087 1.000000
vt 0.782609 1.000000
vt 0.826087 0.000000
vt 0.869565 0.000000
vt 0.869565 1.000000
vt 0.826087 1.000000
vt 0.826087 0.000000
vt 0.869565 0.000000
vt 0.869565 1.000000
vt 0.826087 1.000000
vt 0.826087 0.000000
vt 0.869565 0.000000
vt 0.869565 1.000000
vt 0.826087 1.000000
vt 0.869565 0.000000
vt 0.913043 0.000000
vt 0.913043 1.000000
vt 0.869565 1.000000
vt 0.869565 0.000000
vt 0.913043 0.000000
vt 0.913043 1.000000
vt 0.869565 1.000000
vt 0.869565 0.000000
vt 0.913043 0.000000
vt 0.913043 1.000000
vt 0.869565 1.000000
vt 0.913043 0.000000
vt 0.956522 0.000000
vt 0.956522 1.000000
vt 0.913043 1.000000
vt 0.913043 0.000000
vt 0.956522 0.000000
vt 0.956522 1.000000
vt 0.913043 1.000000
vt 0.913043 0.000000
vt 0.956522 0.000000
vt 0.956522 1.000000
vt 0.913043 1.000000
vt 0.956522 0.000000
vt 1.000000 0.000000
vt 1.000000 1.000000
vt 0.956522 1.000000
vt 0.956522 0.000000
vt 1.000000 0.000000
vt 1.000000 1.000000
vt 0.956522 1.000000
vt 0.956522 0.000000
vt 1.000000 0.000000
vt 1.000000 1.000000
vt 0.956522 1.000000
vt 0.000000 0.000000
vt 0.125000 0.000000
vt 0.250000 0.000000
vt 0.375000 0.000000
vt 0.500000 0.000000
vt 0.625000 0.000000
vt 0.750000 0.000000
vt 0.875000 0.000000
vt 0.000000 0.000000
vt 0.125000 0.000000
vt 0.250000 0.000000
vt 0.375000 0.000000
vt 0.500000 0.000000
vt 0.625000 0.000000
vt 0.750000 0.000000
vt 0.875000 0.000000
vt 0.000000 0.336655
vt 0.125000 0.336655
vt 0.250000 0.336655
vt 0.375000 0.336655
vt 0.500000 0.336655
vt 0.625000 0.336655
vt 0.750000 0.336655
vt 0.875000 0.336655
vt 0.000000 0.336655
vt 0.125000 0.336655
vt 0.250000 0.336655
vt 0.375000 0.336655
vt 0.500000 0.336655
vt 0.625000 0.336655
vt 0.750000 0.336655
vt 0.875000 0.336655
vt 0.500000 0.500000
vt 0.500000 0.500000
vt 0.000000 0.000000
vt 0.125000 0.000000
vt 0.250000 0.000000
vt 0.375000 0.000000
vt 0.500000 0.000000
vt 0.625000 0.000000
vt 0.750000 0.000000
vt 0.875000 0.000000
vt 0.000000 0.000000
vt 0.125000 0.000000
vt 0.250000 0.000000
vt 0.375000 0.000000
vt 0.500000 0.000000
vt 0.625000 0.000000
vt 0.750000 0.000000
vt 0.875000 0.000000
vt 0.000000 0.137726
vt 0.125000 0.137726
vt 0.250000 0.137726
vt 0.375000 0.137726
vt 0.500000 0.137726
vt 0.625000 0.137726
vt 0.750000 0.137726
vt 0.875000 0.137726
vt 0.000000 0.137726
vt 0.125000 0.137726
vt 0.250000 0.137726
vt 0.375000 0.137726
vt 0.500000 0.137726
vt 0.625000 0.137726
vt 0.750000 0.137726
vt 0.875000 0.137726
vt 0.500000 0.500000
vt 0.500000 0.500000
vt 0.000000 0.000000
vt 0.100000 0.000000
vt 0.200000 0.000000
vt 0.300000 0.000000
vt 0.400000 0.000000
vt 0.500000 0.000000
vt 0.600000 0.000000
vt 0.700000 0.000000
vt 0.800000 0.000000
vt 0.900000 0.000000
vt 0.000000 0.000000
vt 0.100000 0.000000
vt 0.200000 0.000000
vt 0.300000 0.000000
vt 0.400000 0.000000
vt 0.500000 0.000000
vt 0.600000 0.000000
vt 0.700000 0.000000
vt 0.800000 0.000000
vt 0.900000 0.000000
vt 0.000000 0.050000
vt 0.100000 0.050000
vt 0.200000 0.050000
vt 0.300000 0.050000
vt 0.400000 0.050000
vt 0.500000 0.050000
vt 0.600000 0.050000
vt 0.700000 0.050000
vt 0.800000 0.050000
vt 0.900000 0.050000
vt 0.000000 0.050000
vt 0.100000 0.050000
vt 0.200000 0.050000
vt 0.300000 0.050000
vt 0.400000 0.050000
vt 0.500000 0.050000
vt 0.600000 0.050000
vt 0.700000 0.050000
vt 0.800000 0.050000
vt 0.900000 0.050000
vt 0.500000 0.500000
vt 0.500000 0.500000
vt -0.032000 -0.022000
vt 0.032000 -0.022000
vt 0.032000 0.022000
vt -0.032000 0.022000
vt 0.032000 -0.022000
vt -0.032000 -0.022000
vt -0.032000 0.022000
vt 0.032000 0.022000
vt -0.032000 -0.024500
vt 0.032000 -0.024500
vt 0.032000 0.024500
vt -0.032000 0.024500
vt -0.032000 0.024500
vt 0.032000 0.024500
vt 0.032000 -0.024500
vt -0.032000 -0.024500
vt -0.024500 -0.022000
vt 0.024500 -0.022000
vt 0.024500 0.022000
vt -0.024500 0.022000
vt 0.024500 -0.022000
vt -0.024500 -0.022000
vt -0.024500 0.022000
vt 0.024500 0.022000
vt -0.032000 0.025000
vt 0.032000 0.025000
vt 0.032000 0.022000
vt -0.032000 0.022000
vt -0.032000 0.025000
vt 0.032000 0.025000
vt 0.032000 0.022000
vt -0.032000 0.022000
vt -0.032000 -0.025000
vt 0.032000 -0.025000
vt 0.032000 -0.022000
vt -0.032000 -0.022000
vt -0.032000 -0.025000
vt 0.032000 -0.025000
vt 0.032000 -0.022000
vt -0.032000 -0.022000
vt 0.035000 -0.022000
vt 0.035000 0.022000
vt 0.032000 0.022000
vt 0.032000 -0.022000
vt 0.035000 -0.022000
vt 0.035000 0.022000
vt 0.032000 0.022000
vt 0.032000 -0.022000
vt -0.035000 -0.022000
vt -0.035000 0.022000
vt -0.032000 0.022000
vt -0.032000 -0.022000
vt -0.035000 -0.022000
vt -0.035000 0.022000
vt -0.032000 0.022000
vt -0.032000 -0.022000
vt 0.035000 0.022000
vt 0.035000 0.022000
vt 0.032000 0.025000
vt 0.032000 0.025000
vt 0.035000 -0.022000
vt 0.035000 -0.022000
vt 0.032000 -0.025000
vt 0.032000 -0.025000
vt -0.035000 0.022000
vt -0.035000 0.022000
vt -0.032000 0.025000
vt -0.032000 0.025000
vt -0.035000 -0.022000
vt -0.035000 -0.022000
vt -0.032000 -0.025000
vt -0.032000 -0.025000
vt -0.032000 -0.022000
vt -0.032000 -0.025000
vt -0.035000 -0.022000
vt -0.032000 -0.022000
vt -0.032000 -0.025000
vt -0.035000 -0.022000
vt -0.032000 0.022000
vt -0.032000 0.025000
vt -0.035000 0.022000
vt -0.032000 0.022000
vt -0.032000 0.025000
vt -0.035000 0.022000
vt 0.032000 -0.022000
vt 0.032000 -0.025000
vt 0.035000 -0.022000
vt 0.032000 -0.022000
vt 0.032000 -0.025000
vt 0.035000 -0.022000
vt 0.032000 0.022000
vt 0.032000 0.025000
vt 0.035000 0.022000
vt 0.032000 0.022000
vt 0.032000 0.025000
vt 0.035000 0.022000
vt -0.067000 -0.097000
vt 0.067000 -0.097000
vt 0.067000 0.097000
vt -0.067000 0.097000
vt 0.067000 -0.097000
vt -0.067000 -0.097000
vt -0.067000 0.097000
vt 0.067000 0.097000
vt -0.067000 -0.009000
vt 0.067000 -0.009000
vt 0.067000 0.009000
vt -0.067000 0.009000
vt -0.067000 0.009000
vt 0.067000 0.009000
vt 0.067000 -0.009000
vt -0.067000 -0.009000
vt -0.009000 -0.097000
vt 0.009000 -0.097000
vt 0.009000 0.097000
vt -0.009000 0.097000
vt 0.009000 -0.097000
vt -0.009000 -0.097000
vt -0.009000 0.097000
vt 0.009000 0.097000
vt -0.067000 0.100000
vt 0.067000 0.100000
vt 0.067000 0.097000
vt -0.067000 0.097000
vt -0.067000 0.100000
vt 0.067000 0.100000
vt 0.067000 0.097000
vt -0.067000 0.097000
vt -0.067000 -0.100000
vt 0.067000 -0.100000
vt 0.067000 -0.097000
vt -0.067000 -0.097000
vt -0.067000 -0.100000
vt 0.067000 -0.100000
vt 0.067000 -0.097000
vt -0.067000 -0.097000
vt 0.070000 -0.097000
vt 0.070000 0.097000
vt 0.067000 0.097000
vt 0.067000 -0.097000
vt 0.070000 -0.097000
vt 0.070000 0.097000
vt 0.067000 0.097000
vt 0.067000 -0.097000
vt -0.070000 -0.097000
vt -0.070000 0.097000
vt -0.067000 0.097000
vt -0.067000 -0.097000
vt -0.070000 -0.097000
vt -0.070000 0.097000
vt -0.067000 0.097000
vt -0.067000 -0.097000
vt 0.070000 0.097000
vt 0.070000 0.097000
vt 0.067000 0.100000
vt 0.067000 0.100000
vt 0.070000 -0.097000
vt 0.070000 -0.097000
vt 0.067000 -0.100000
vt 0.067000 -0.100000
vt -0.070000 0.097000
vt -0.070000 0.097000
vt -0.067000 0.100000
vt -0.067000 0.100000
vt -0.070000 -0.097000
vt -0.070000 -0.097000
vt -0.067000 -0.100000
vt -0.067000 -0.100000
vt -0.067000 -0.097000
vt -0.067000 -0.100000
vt -0.070000 -0.097000
vt -0.067000 -0.097000
vt -0.067000 -0.100000
vt -0.070000 -0.097000
vt -0.067000 0.097000
vt -0.067000 0.100000
vt -0.070000 0.097000
vt -0.067000 0.097000
vt -0.067000 0.100000
vt -0.070000 0.097000
vt 0.067000 -0.097000
vt 0.067000 -0.100000
vt 0.070000 -0.097000
vt 0.067000 -0.097000
vt 0.067000 -0.100000
vt 0.070000 -0.097000
vt 0.067000 0.097000
vt 0.067000 0.100000
vt 0.070000 0.097000
vt 0.067000 0.097000
vt 0.067000 0.100000
vt 0.070000 0.097000
vt 0.000000 0.000000
vt 0.125000 0.000000
vt 0.250000 0.000000
vt 0.375000 0.000000
vt 0.500000 0.000000
vt 0.625000 0.000000
vt 0.750000 0.000000
vt 0.875000 0.000000
vt 0.000000 0.000000
vt 0.125000 0.000000
vt 0.250000 0.000000
vt 0.375000 0.000000
vt 0.500000 0.000000
vt 0.625000 0.000000
vt 0.750000 0.000000
vt 0.875000 0.000000
vt 0.000000 0.121655
vt 0.125000 0.121655
vt 0.250000 0.121655
vt 0.375000 0.121655
vt 0.500000 0.121655
vt 0.625000 0.121655
vt 0.750000 0.121655
vt 0.875000 0.121655
vt 0.000000 0.121655
vt 0.125000 0.121655
vt 0.250000 0.121655
vt 0.375000 0.121655
vt 0.500000 0.121655
vt 0.625000 0.121655
vt 0.750000 0.121655
vt 0.875000 0.121655
vt 0.500000 0.500000
vt 0.500000 0.500000
vt -0.037000 -0.027000
vt 0.037000 -0.027000
vt 0.037000 0.027000
vt -0.037000 0.027000
vt 0.037000 -0.027000
vt -0.037000 -0.027000
vt -0.037000 0.027000
vt 0.037000 0.027000
vt -0.037000 -0.022000
vt 0.037000 -0.022000
vt 0.037000 0.022000
vt -0.037000 0.022000
vt -0.037000 0.022000
vt 0.037000 0.022000
vt 0.037000 -0.022000
vt -0.037000 -0.022000
vt -0.022000 -0.027000
vt 0.022000 -0.027000
vt 0.022000 0.027000
vt -0.022000 0.027000
vt 0.022000 -0.027000
vt -0.022000 -0.027000
vt -0.022000 0.027000
vt 0.022000 0.027000
vt -0.037000 0.030000
vt 0.037000 0.030000
vt 0.037000 0.027000
vt -0.037000 0.027000
vt -0.037000 0.030000
vt 0.037000 0.030000
vt 0.037000 0.027000
vt -0.037000 0.027000
vt -0.037000 -0.030000
vt 0.037000 -0.030000
vt 0.037000 -0.027000
vt -0.037000 -0.027000
vt -0.037000 -0.030000
vt 0.037000 -0.030000
vt 0.037000 -0.027000
vt -0.037000 -0.027000
vt 0.040000 -0.027000
vt 0.040000 0.027000
vt 0.037000 0.027000
vt 0.037000 -0.027000
vt 0.040000 -0.027000
vt 0.040000 0.027000
vt 0.037000 0.027000
vt 0.037000 -0.027000
vt -0.040000 -0.027000
vt -0.040000 0.027000
vt -0.037000 0.027000
vt -0.037000 -0.027000
vt -0.040000 -0.027000
vt -0.040000 0.027000
vt -0.037000 0.027000
vt -0.037000 -0.027000
vt 0.040000 0.027000
vt 0.040000 0.027000
vt 0.037000 0.030000
vt 0.037000 0.030000
vt 0.040000 -0.027000
vt 0.040000 -0.027000
vt 0.037000 -0.030000
vt 0.037000 -0.030000
vt -0.040000 0.027000
vt -0.040000 0.027000
vt -0.037000 0.030000
vt -0.037000 0.030000
vt -0.040000 -0.027000
vt -0.040000 -0.027000
vt -0.037000 -0.030000
vt -0.037000 -0.030000
vt -0.037000 -0.027000
vt -0.037000 -0.030000
vt -0.040000 -0.027000
vt -0.037000 -0.027000
vt -0.037000 -0.030000
vt -0.040000 -0.027000
vt -0.037000 0.027000
vt -0.037000 0.030000
vt -0.040000 0.027000
vt -0.037000 0.027000
vt -0.037000 0.030000
vt -0.040000 0.027000
vt 0.037000 -0.027000
vt 0.037000 -0.030000
vt 0.040000 -0.027000
vt 0.037000 -0.027000
vt 0.037000 -0.030000
vt 0.040000 -0.027000
vt 0.037000 0.027000
vt 0.037000 0.030000
vt 0.040000 0.027000
vt 0.037000 0.027000
vt 0.037000 0.030000
vt 0.040000 0.027000
vt -0.023000 -0.018000
vt 0.023000 -0.018000
vt 0.023000 0.018000
vt -0.023000 0.018000
vt 0.023000 -0.018000
vt -0.023000 -0.018000
vt -0.023000 0.018000
vt 0.023000 0.018000
vt -0.023000 -0.010500
vt 0.023000 -0.010500
vt 0.023000 0.010500
vt -0.023000 0.010500
vt -0.023000 0.010500
vt 0.023000 0.010500
vt 0.023000 -0.010500
vt -0.023000 -0.010500
vt -0.010500 -0.018000
vt 0.010500 -0.018000
vt 0.010500 0.018000
vt -0.010500 0.018000
vt 0.010500 -0.018000
vt -0.010500 -0.018000
vt -0.010500 0.018000
vt 0.010500 0.018000
vt -0.023000 0.020000
vt 0.023000 0.020000
vt 0.023000 0.018000
vt -0.023000 0.018000
vt -0.023000 0.020000
vt 0.023000 0.020000
vt 0.023000 0.018000
vt -0.023000 0.018000
vt -0.023000 -0.020000
vt 0.023000 -0.020000
vt 0.023000 -0.018000
vt -0.023000 -0.018000
vt -0.023000 -0.020000
vt 0.023000 -0.020000
vt 0.023000 -0.018000
vt -0.023000 -0.018000
vt 0.025000 -0.018000
vt 0.025000 0.018000
vt 0.023000 0.018000
vt 0.023000 -0.018000
vt 0.025000 -0.018000
vt 0.025000 0.018000
vt 0.023000 0.018000
vt 0.023000 -0.018000
vt -0.025000 -0.018000
vt -0.025000 0.018000
vt -0.023000 0.018000
vt -0.023000 -0.018000
vt -0.025000 -0.018000
vt -0.025000 0.018000
vt -0.023000 0.018000
vt -0.023000 -0.018000
vt 0.025000 0.018000
vt 0.025000 0.018000
vt 0.023000 0.020000
vt 0.023000 0.020000
vt 0.025000 -0.018000
vt 0.025000 -0.018000
vt 0.023000 -0.020000
vt 0.023000 -0.020000
vt -0.025000 0.018000
vt -0.025000 0.018000
vt -0.023000 0.020000
vt -0.023000 0.020000
vt -0.025000 -0.018000
vt -0.025000 -0.018000
vt -0.023000 -0.020000
vt -0.023000 -0.020000
vt -0.023000 -0.018000
vt -0.023000 -0.020000
vt -0.025000 -0.018000
vt -0.023000 -0.018000
vt -0.023000 -0.020000
vt -0.025000 -0.018000
vt -0.023000 0.018000
vt -0.023000 0.020000
vt -0.025000 0.018000
vt -0.023000 0.018000
vt -0.023000 0.020000
vt -0.025000 0.018000
vt 0.023000 -0.018000
vt 0.023000 -0.020000
vt 0.025000 -0.018000
vt 0.023000 -0.018000
vt 0.023000 -0.020000
vt 0.025000 -0.018000
vt 0.023000 0.018000
vt 0.023000 0.020000
vt 0.025000 0.018000
vt 0.023000 0.018000
vt 0.023000 0.020000
vt 0.025000 0.018000
vn 0.302577 0.406051 0.862305
vn 0.195281 0.405309 0.893079
vn 0.202734 0.377768 0.903432
vn 0.217452 0.352138 0.910337
vn 0.238343 0.330318 0.913281
vn 0.263859 0.313927 0.912046
vn 0.292106 0.304181 0.906724
vn 0.320990 0.301803 0.897708
vn 0.348369 0.306969 0.885669
vn 0.372211 0.319295 0.871498
vn 0.390750 0.337868 0.856247
vn 0.402609 0.361311 0.841047
vn 0.406910 0.387883 0.827025
vn 0.403332 0.415616 0.815222
vn 0.392143 0.442452 0.806511
vn 0.374171 0.466400 0.801541
vn 0.350749 0.485685 0.800678
vn 0.323615 0.498876 0.803988
vn 0.294781 0.504995 0.811224
vn 0.266385 0.503588 0.821851
vn 0.240533 0.494760 0.835079
vn 0.219144 0.479165 0.849928
vn 0.203802 0.457959 0.865296
vn 0.195646 0.432717 0.880045
vn 0.088241 0.399717 0.912381
vn 0.102877 0.345635 0.932713
vn 0.131779 0.295303 0.946272
vn 0.172804 0.252454 0.952053
vn 0.222910 0.220267 0.949628
vn 0.278381 0.201129 0.939176
vn 0.335102 0.196458 0.921472
vn 0.388867 0.206602 0.897830
vn 0.435688 0.230808 0.870002
vn 0.472092 0.267281 0.840053
vn 0.495381 0.313316 0.810204
vn 0.503826 0.365498 0.782669
vn 0.496801 0.419958 0.759489
vn 0.474828 0.472656 0.742385
vn 0.439535 0.519685 0.732623
vn 0.393541 0.557555 0.730930
vn 0.340256 0.583459 0.737429
vn 0.283633 0.595475 0.751639
vn 0.227871 0.592713 0.772507
vn 0.177105 0.575376 0.798483
vn 0.135101 0.544752 0.827643
vn 0.104974 0.503110 0.857823
vn 0.088958 0.453540 0.886785
vn -0.014822 0.389968 0.920709
vn 0.006502 0.311169 0.950332
vn 0.048613 0.237834 0.970088
vn 0.108388 0.175403 0.978512
vn 0.181393 0.128506 0.974978
vn 0.262215 0.100621 0.959749
vn 0.344858 0.093816 0.933955
vn 0.423194 0.108596 0.899507
vn 0.491413 0.143865 0.858962
vn 0.544455 0.197007 0.815326
vn 0.578387 0.264080 0.771836
vn 0.590691 0.340110 0.731716
vn 0.580456 0.419459 0.697943
vn 0.548441 0.496241 0.673021
vn 0.497019 0.564762 0.658799
vn 0.430005 0.619940 0.656331
vn 0.352368 0.657682 0.665801
vn 0.269867 0.675190 0.686505
vn 0.188621 0.671165 0.716910
vn 0.114655 0.645906 0.754758
vn 0.053454 0.601285 0.797245
vn 0.009558 0.540612 0.841217
vn -0.013777 0.468388 0.883415
vn -0.111048 0.377047 0.919513
vn -0.083678 0.275904 0.957536
vn -0.029627 0.181776 0.982893
vn 0.047097 0.101644 0.993705
vn 0.140802 0.041450 0.989170
vn 0.244540 0.005658 0.969623
vn 0.350616 -0.003076 0.936514
vn 0.451164 0.015894 0.892300
vn 0.538726 0.061163 0.840258
vn 0.606807 0.129373 0.784250
vn 0.650360 0.215464 0.728428
vn 0.666154 0.313052 0.676933
vn 0.653016 0.414899 0.633584
vn 0.611923 0.513452 0.601595
vn 0.545921 0.601402 0.583341
vn 0.459905 0.672225 0.580173
vn 0.360255 0.720669 0.592327
vn 0.254362 0.743141 0.618903
vn 0.150079 0.737975 0.657928
vn 0.055140 0.705553 0.706508
vn -0.023413 0.648281 0.761041
vn -0.079755 0.570405 0.817482
vn -0.109707 0.477702 0.871645
vn -0.198678 0.362015 0.910754
vn -0.165971 0.241154 0.956190
vn -0.101382 0.128674 0.986491
vn -0.009700 0.032919 0.999411
vn 0.102275 -0.039012 0.993991
vn 0.226238 -0.081781 0.970633
vn 0.352995 -0.092218 0.931069
vn 0.473146 -0.069549 0.878235
vn 0.577779 -0.015454 0.816047
vn 0.659134 0.066053 0.749119
vn 0.711178 0.168929 0.682414
vn 0.730051 0.285544 0.620879
vn 0.714352 0.407248 0.569078
vn 0.665247 0.525015 0.530853
vn 0.586377 0.630112 0.509039
vn 0.483591 0.714743 0.505254
vn 0.364513 0.772632 0.519779
vn 0.237975 0.799485 0.551535
vn 0.113360 0.793312 0.598169
vn -0.000089 0.754569 0.656221
vn -0.093957 0.686131 0.721385
vn -0.161284 0.593072 0.788830
vn -0.197076 0.482295 0.853553
vn -0.302577 -0.406051 -0.862305
vn -0.195281 -0.405309 -0.893079
vn -0.202734 -0.377768 -0.903432
vn -0.217452 -0.352138 -0.910337
vn -0.238343 -0.330318 -0.913281
vn -0.263859 -0.313927 -0.912046
vn -0.292106 -0.304181 -0.906724
vn -0.320990 -0.301803 -0.897708
vn -0.348369 -0.306969 -0.885669
vn -0.372211 -0.319295 -0.871498
vn -0.390750 -0.337868 -0.856247
vn -0.402609 -0.361311 -0.841047
vn -0.406910 -0.387883 -0.827025
vn -0.403332 -0.415616 -0.815222
vn -0.392143 -0.442452 -0.806511
vn -0.374171 -0.466400 -0.801541
vn -0.350749 -0.485685 -0.800678
vn -0.323615 -0.498876 -0.803988
vn -0.294781 -0.504995 -0.811224
vn -0.266385 -0.503588 -0.821851
vn -0.240533 -0.494760 -0.835079
vn -0.219144 -0.479165 -0.849928
vn -0.203802 -0.457959 -0.865296
vn -0.195646 -0.432717 -0.880045
vn -0.088241 -0.399717 -0.912381
vn -0.102877 -0.345635 -0.932713
vn -0.131779 -0.295303 -0.946272
vn -0.172804 -0.252454 -0.952053
vn -0.222910 -0.220267 -0.949628
vn -0.278381 -0.201129 -0.939176
vn -0.335102 -0.196458 -0.921472
vn -0.388867 -0.206602 -0.897830
vn -0.435688 -0.230808 -0.870002
vn -0.472092 -0.267281 -0.840053
vn -0.495381 -0.313316 -0.810204
vn -0.503826 -0.365498 -0.782669
vn -0.496801 -0.419958 -0.759489
vn -0.474828 -0.472656 -0.742385
vn -0.439535 -0.519685 -0.732623
vn -0.393541 -0.557555 -0.730930
vn -0.340256 -0.583459 -0.737429
vn -0.283633 -0.595475 -0.751639
vn -0.227871 -0.592713 -0.772507
vn -0.177105 -0.575376 -0.798483
vn -0.135101 -0.544752 -0.827643
vn -0.104974 -0.503110 -0.857823
vn -0.088958 -0.453540 -0.886785
vn 0.014822 -0.389968 -0.920709
vn -0.006502 -0.311169 -0.950332
vn -0.048613 -0.237834 -0.970088
vn -0.108388 -0.175403 -0.978512
vn -0.181393 -0.128506 -0.974978
vn -0.262215 -0.100621 -0.959749
vn -0.344858 -0.093816 -0.933955
vn -0.423194 -0.108596 -0.899507
vn -0.491413 -0.143865 -0.858962
vn -0.544455 -0.197007 -0.815326
vn -0.578387 -0.264080 -0.771836
vn -0.590691 -0.340110 -0.731716
vn -0.580456 -0.419459 -0.697943
vn -0.548441 -0.496241 -0.673021
vn -0.497019 -0.564762 -0.658799
vn -0.430005 -0.619940 -0.656331
vn -0.352368 -0.657682 -0.665801
vn -0.269867 -0.675190 -0.686505
vn -0.188621 -0.671165 -0.716910
vn -0.114655 -0.645906 -0.754758
vn -0.053454 -0.601285 -0.797245
vn -0.009558 -0.540612 -0.841217
vn 0.013777 -0.468388 -0.883415
vn 0.111048 -0.377047 -0.919513
vn 0.083678 -0.275904 -0.957536
vn 0.029627 -0.181776 -0.982893
vn -0.047097 -0.101644 -0.993705
vn -0.140802 -0.041450 -0.989170
vn -0.244540 -0.005658 -0.969623
vn -0.350616 0.003076 -0.936514
vn -0.451164 -0.015894 -0.892300
vn -0.538726 -0.061163 -0.840258
vn -0.606807 -0.129373 -0.784250
vn -0.650360 -0.215464 -0.728428
vn -0.666154 -0.313052 -0.676933
vn -0.653016 -0.414899 -0.633584
vn -0.611923 -0.513452 -0.601595
vn -0.545921 -0.601402 -0.583341
vn -0.459905 -0.672225 -0.580173
vn -0.360255 -0.720669 -0.592327
vn -0.254362 -0.743141 -0.618903
vn -0.150079 -0.737975 -0.657928
vn -0.055140 -0.705553 -0.706508
vn 0.023413 -0.648281 -0.761041
vn 0.079755 -0.570405 -0.817482
vn 0.109707 -0.477702 -0.871645
vn 0.198678 -0.362015 -0.910754
vn 0.165971 -0.241154 -0.956190
vn 0.101382 -0.128674 -0.986491
vn 0.009700 -0.032919 -0.999411
vn -0.102275 0.039012 -0.993991
vn -0.226238 0.081781 -0.970633
vn -0.352995 0.092218 -0.931069
vn -0.473146 0.069549 -0.878235
vn -0.577779 0.015454 -0.816047
vn -0.659134 -0.066053 -0.749119
vn -0.711178 -0.168929 -0.682414
vn -0.730051 -0.285544 -0.620879
vn -0.714352 -0.407248 -0.569078
vn -0.665247 -0.525015 -0.530853
vn -0.586377 -0.630112 -0.509039
vn -0.483591 -0.714743 -0.505254
vn -0.364513 -0.772632 -0.519779
vn -0.237975 -0.799485 -0.551535
vn -0.113360 -0.793312 -0.598169
vn 0.000089 -0.754569 -0.656221
vn 0.093957 -0.686131 -0.721385
vn 0.161284 -0.593072 -0.788830
vn 0.197076 -0.482295 -0.853553
vn 0.969057 0.220625 -0.110693
vn 0.969057 0.220625 -0.110693
vn 0.969057 0.220625 -0.110693
vn 0.969057 0.220625 -0.110693
vn 0.969057 0.220625 -0.110693
vn 0.969057 0.220625 -0.110693
vn 0.969057 0.220625 -0.110693
vn 0.969057 0.220625 -0.110693
vn 0.969057 0.220625 -0.110693
vn 0.969057 0.220625 -0.110693
vn 0.969057 0.220625 -0.110693
vn 0.969057 0.220625 -0.110693
vn 0.872892 0.451255 -0.185551
vn 0.872892 0.451255 -0.185551
vn 0.872892 0.451255 -0.185551
vn 0.872892 0.451255 -0.185551
vn 0.872892 0.451255 -0.185551
vn 0.872892 0.451255 -0.185551
vn 0.872892 0.451255 -0.185551
vn 0.872892 0.451255 -0.185551
vn 0.872892 0.451255 -0.185551
vn 0.872892 0.451255 -0.185551
vn 0.872892 0.451255 -0.185551
vn 0.872892 0.451255 -0.185551
vn 0.718436 0.657071 -0.228270
vn 0.718436 0.657071 -0.228270
vn 0.718436 0.657071 -0.228270
vn 0.718436 0.657071 -0.228270
vn 0.718436 0.657071 -0.228270
vn 0.718436 0.657071 -0.228270
vn 0.718436 0.657071 -0.228270
vn 0.718436 0.657071 -0.228270
vn 0.718436 0.657071 -0.228270
vn 0.718436 0.657071 -0.228270
vn 0.718436 0.657071 -0.228270
vn 0.718436 0.657071 -0.228270
vn 0.517146 0.822808 -0.235683
vn 0.517146 0.822808 -0.235683
vn 0.517146 0.822808 -0.235683
vn 0.517146 0.822808 -0.235683
vn 0.517146 0.822808 -0.235683
vn 0.517146 0.822808 -0.235683
vn 0.517146 0.822808 -0.235683
vn 0.517146 0.822808 -0.235683
vn 0.517146 0.822808 -0.235683
vn 0.517146 0.822808 -0.235683
vn 0.517146 0.822808 -0.235683
vn 0.517146 0.822808 -0.235683
vn 0.283949 0.936176 -0.207239
vn 0.283949 0.936176 -0.207239
vn 0.283949 0.936176 -0.207239
vn 0.283949 0.936176 -0.207239
vn 0.283949 0.936176 -0.207239
vn 0.283949 0.936176 -0.207239
vn 0.283949 0.936176 -0.207239
vn 0.283949 0.936176 -0.207239
vn 0.283949 0.936176 -0.207239
vn 0.283949 0.936176 -0.207239
vn 0.283949 0.936176 -0.207239
vn 0.283949 0.936176 -0.207239
vn 0.036142 0.988764 -0.145049
vn 0.036142 0.988764 -0.145049
vn 0.036142 0.988764 -0.145049
vn 0.036142 0.988764 -0.145049
vn 0.036142 0.988764 -0.145049
vn 0.036142 0.988764 -0.145049
vn 0.036142 0.988764 -0.145049
vn 0.036142 0.988764 -0.145049
vn 0.036142 0.988764 -0.145049
vn 0.036142 0.988764 -0.145049
vn 0.036142 0.988764 -0.145049
vn 0.036142 0.988764 -0.145049
vn -0.207897 0.976674 -0.053724
vn -0.207897 0.976674 -0.053724
vn -0.207897 0.976674 -0.053724
vn -0.207897 0.976674 -0.053724
vn -0.207897 0.976674 -0.053724
vn -0.207897 0.976674 -0.053724
vn -0.207897 0.976674 -0.053724
vn -0.207897 0.976674 -0.053724
vn -0.207897 0.976674 -0.053724
vn -0.207897 0.976674 -0.053724
vn -0.207897 0.976674 -0.053724
vn -0.207897 0.976674 -0.053724
vn -0.430070 0.900802 0.059962
vn -0.430070 0.900802 0.059962
vn -0.430070 0.900802 0.059962
vn -0.430070 0.900802 0.059962
vn -0.430070 0.900802 0.059962
vn -0.430070 0.900802 0.059962
vn -0.430070 0.900802 0.059962
vn -0.430070 0.900802 0.059962
vn -0.430070 0.900802 0.059962
vn -0.430070 0.900802 0.059962
vn -0.430070 0.900802 0.059962
vn -0.430070 0.900802 0.059962
vn -0.613898 0.766775 0.187578
vn -0.613898 0.766775 0.187578
vn -0.613898 0.766775 0.187578
vn -0.613898 0.766775 0.187578
vn -0.613898 0.766775 0.187578
vn -0.613898 0.766775 0.187578
vn -0.613898 0.766775 0.187578
vn -0.613898 0.766775 0.187578
vn -0.613898 0.766775 0.187578
vn -0.613898 0.766775 0.187578
vn -0.613898 0.766775 0.187578
vn -0.613898 0.766775 0.187578
vn -0.745747 0.584534 0.319659
vn -0.745747 0.584534 0.319659
vn -0.745747 0.584534 0.319659
vn -0.745747 0.584534 0.319659
vn -0.745747 0.584534 0.319659
vn -0.745747 0.584534 0.319659
vn -0.745747 0.584534 0.319659
vn -0.745747 0.584534 0.319659
vn -0.745747 0.584534 0.319659
vn -0.745747 0.584534 0.319659
vn -0.745747 0.584534 0.319659
vn -0.745747 0.584534 0.319659
vn -0.815840 0.367593 0.446409
vn -0.815840 0.367593 0.446409
vn -0.815840 0.367593 0.446409
vn -0.815840 0.367593 0.446409
vn -0.815840 0.367593 0.446409
vn -0.815840 0.367593 0.446409
vn -0.815840 0.367593 0.446409
vn -0.815840 0.367593 0.446409
vn -0.815840 0.367593 0.446409
vn -0.815840 0.367593 0.446409
vn -0.815840 0.367593 0.446409
vn -0.815840 0.367593 0.446409
vn -0.818977 0.132044 0.558428
vn -0.818977 0.132044 0.558428
vn -0.818977 0.132044 0.558428
vn -0.818977 0.132044 0.558428
vn -0.818977 0.132044 0.558428
vn -0.818977 0.132044 0.558428
vn -0.818977 0.132044 0.558428
vn -0.818977 0.132044 0.558428
vn -0.818977 0.132044 0.558428
vn -0.818977 0.132044 0.558428
vn -0.818977 0.132044 0.558428
vn -0.818977 0.132044 0.558428
vn -0.754926 -0.104646 0.647407
vn -0.754926 -0.104646 0.647407
vn -0.754926 -0.104646 0.647407
vn -0.754926 -0.104646 0.647407
vn -0.754926 -0.104646 0.647407
vn -0.754926 -0.104646 0.647407
vn -0.754926 -0.104646 0.647407
vn -0.754926 -0.104646 0.647407
vn -0.754926 -0.104646 0.647407
vn -0.754926 -0.104646 0.647407
vn -0.754926 -0.104646 0.647407
vn -0.754926 -0.104646 0.647407
vn -0.628437 -0.324920 0.706748
vn -0.628437 -0.324920 0.706748
vn -0.628437 -0.324920 0.706748
vn -0.628437 -0.324920 0.706748
vn -0.628437 -0.324920 0.706748
vn -0.628437 -0.324920 0.706748
vn -0.628437 -0.324920 0.706748
vn -0.628437 -0.324920 0.706748
vn -0.628437 -0.324920 0.706748
vn -0.628437 -0.324920 0.706748
vn -0.628437 -0.324920 0.706748
vn -0.628437 -0.324920 0.706748
vn -0.448892 -0.512444 0.732050
vn -0.448892 -0.512444 0.732050
vn -0.448892 -0.512444 0.732050
vn -0.448892 -0.512444 0.732050
vn -0.448892 -0.512444 0.732050
vn -0.448892 -0.512444 0.732050
vn -0.448892 -0.512444 0.732050
vn -0.448892 -0.512444 0.732050
vn -0.448892 -0.512444 0.732050
vn -0.448892 -0.512444 0.732050
vn -0.448892 -0.512444 0.732050
vn -0.448892 -0.512444 0.732050
vn -0.229606 -0.653308 0.721436
vn -0.229606 -0.653308 0.721436
vn -0.229606 -0.653308 0.721436
vn -0.229606 -0.653308 0.721436
vn -0.229606 -0.653308 0.721436
vn -0.229606 -0.653308 0.721436
vn -0.229606 -0.653308 0.721436
vn -0.229606 -0.653308 0.721436
vn -0.229606 -0.653308 0.721436
vn -0.229606 -0.653308 0.721436
vn -0.229606 -0.653308 0.721436
vn -0.229606 -0.653308 0.721436
vn 0.013157 -0.737066 0.675693
vn 0.013157 -0.737066 0.675693
vn 0.013157 -0.737066 0.675693
vn 0.013157 -0.737066 0.675693
vn 0.013157 -0.737066 0.675693
vn 0.013157 -0.737066 0.675693
vn 0.013157 -0.737066 0.675693
vn 0.013157 -0.737066 0.675693
vn 0.013157 -0.737066 0.675693
vn 0.013157 -0.737066 0.675693
vn 0.013157 -0.737066 0.675693
vn 0.013157 -0.737066 0.675693
vn 0.261392 -0.757506 0.598213
vn 0.261392 -0.757506 0.598213
vn 0.261392 -0.757506 0.598213
vn 0.261392 -0.757506 0.598213
vn 0.261392 -0.757506 0.598213
vn 0.261392 -0.757506 0.598213
vn 0.261392 -0.757506 0.598213
vn 0.261392 -0.757506 0.598213
vn 0.261392 -0.757506 0.598213
vn 0.261392 -0.757506 0.598213
vn 0.261392 -0.757506 0.598213
vn 0.261392 -0.757506 0.598213
vn 0.496690 -0.713111 0.494744
vn 0.496690 -0.713111 0.494744
vn 0.496690 -0.713111 0.494744
vn 0.496690 -0.713111 0.494744
vn 0.496690 -0.713111 0.494744
vn 0.496690 -0.713111 0.494744
vn 0.496690 -0.713111 0.494744
vn 0.496690 -0.713111 0.494744
vn 0.496690 -0.713111 0.494744
vn 0.496690 -0.713111 0.494744
vn 0.496690 -0.713111 0.494744
vn 0.496690 -0.713111 0.494744
vn 0.701598 -0.607175 0.372959
vn 0.701598 -0.607175 0.372959
vn 0.701598 -0.607175 0.372959
vn 0.701598 -0.607175 0.372959
vn 0.701598 -0.607175 0.372959
vn 0.701598 -0.607175 0.372959
vn 0.701598 -0.607175 0.372959
vn 0.701598 -0.607175 0.372959
vn 0.701598 -0.607175 0.372959
vn 0.701598 -0.607175 0.372959
vn 0.701598 -0.607175 0.372959
vn 0.701598 -0.607175 0.372959
vn 0.860921 -0.447554 0.241890
vn 0.860921 -0.447554 0.241890
vn 0.860921 -0.447554 0.241890
vn 0.860921 -0.447554 0.241890
vn 0.860921 -0.447554 0.241890
vn 0.860921 -0.447554 0.241890
vn 0.860921 -0.447554 0.241890
vn 0.860921 -0.447554 0.241890
vn 0.860921 -0.447554 0.241890
vn 0.860921 -0.447554 0.241890
vn 0.860921 -0.447554 0.241890
vn 0.860921 -0.447554 0.241890
vn 0.962841 -0.246087 0.111258
vn 0.962841 -0.246087 0.111258
vn 0.962841 -0.246087 0.111258
vn 0.962841 -0.246087 0.111258
vn 0.962841 -0.246087 0.111258
vn 0.962841 -0.246087 0.111258
vn 0.962841 -0.246087 0.111258
vn 0.962841 -0.246087 0.111258
vn 0.962841 -0.246087 0.111258
vn 0.962841 -0.246087 0.111258
vn 0.962841 -0.246087 0.111258
vn 0.962841 -0.246087 0.111258
vn 0.999800 -0.017715 -0.009249
vn 0.999800 -0.017715 -0.009249
vn 0.999800 -0.017715 -0.009249
vn 0.999800 -0.017715 -0.009249
vn 0.999800 -0.017715 -0.009249
vn 0.999800 -0.017715 -0.009249
vn 0.999800 -0.017715 -0.009249
vn 0.999800 -0.017715 -0.009249
vn 0.999800 -0.017715 -0.009249
vn 0.999800 -0.017715 -0.009249
vn 0.999800 -0.017715 -0.009249
vn 0.999800 -0.017715 -0.009249
vn -0.323770 -0.122976 -0.938110
vn -0.897728 -0.075613 -0.434012
vn -0.945810 0.016042 0.324324
vn -0.439849 0.098301 0.892676
vn 0.323770 0.122976 0.938110
vn 0.897728 0.075613 0.434012
vn 0.945810 -0.016042 -0.324324
vn 0.439849 -0.098301 -0.892676
vn -0.323770 -0.122976 -0.938110
vn -0.897728 -0.075613 -0.434012
vn -0.945810 0.016042 0.324324
vn -0.439849 0.098301 0.892676
vn 0.323770 0.122976 0.938110
vn 0.897728 0.075613 0.434012
vn 0.945810 -0.016042 -0.324324
vn 0.439849 -0.098301 -0.892676
vn -0.323770 -0.122976 -0.938110
vn -0.897728 -0.075613 -0.434012
vn -0.945810 0.016042 0.324324
vn -0.439849 0.098301 0.892676
vn 0.323770 0.122976 0.938110
vn 0.897728 0.075613 0.434012
vn 0.945810 -0.016042 -0.324324
vn 0.439849 -0.098301 -0.892676
vn -0.323770 -0.122976 -0.938110
vn -0.897728 -0.075613 -0.434012
vn -0.945810 0.016042 0.324324
vn -0.439849 0.098301 0.892676
vn 0.323770 0.122976 0.938110
vn 0.897728 0.075613 0.434012
vn 0.945810 -0.016042 -0.324324
vn 0.439849 -0.098301 -0.892676
vn 0.024835 -0.992280 0.121506
vn -0.024835 0.992280 -0.121506
vn -0.321036 -0.196232 -0.926514
vn -0.896683 -0.092736 -0.432850
vn -0.947066 0.065084 0.314373
vn -0.442670 0.184778 0.877440
vn 0.321036 0.196232 0.926514
vn 0.896683 0.092736 0.432850
vn 0.947066 -0.065084 -0.314373
vn 0.442670 -0.184778 -0.877440
vn -0.321036 -0.196232 -0.926514
vn -0.896683 -0.092736 -0.432850
vn -0.947066 0.065084 0.314373
vn -0.442670 0.184778 0.877440
vn 0.321036 0.196232 0.926514
vn 0.896683 0.092736 0.432850
vn 0.947066 -0.065084 -0.314373
vn 0.442670 -0.184778 -0.877440
vn -0.321036 -0.196232 -0.926514
vn -0.896683 -0.092736 -0.432850
vn -0.947066 0.065084 0.314373
vn -0.442670 0.184778 0.877440
vn 0.321036 0.196232 0.926514
vn 0.896683 0.092736 0.432850
vn 0.947066 -0.065084 -0.314373
vn 0.442670 -0.184778 -0.877440
vn -0.321036 -0.196232 -0.926514
vn -0.896683 -0.092736 -0.432850
vn -0.947066 0.065084 0.314373
vn -0.442670 0.184778 0.877440
vn 0.321036 0.196232 0.926514
vn 0.896683 0.092736 0.432850
vn 0.947066 -0.065084 -0.314373
vn 0.442670 -0.184778 -0.877440
vn 0.001389 -0.978395 0.206739
vn -0.001389 0.978395 -0.206739
vn -0.945810 0.016042 0.324324
vn -0.695901 -0.524087 0.490974
vn -0.180181 -0.864032 0.470088
vn 0.404362 -0.873947 0.269645
vn 0.834452 -0.550044 -0.033794
vn 0.945810 -0.016042 -0.324324
vn 0.695901 0.524087 -0.490974
vn 0.180181 0.864032 -0.470088
vn -0.404362 0.873947 -0.269645
vn -0.834452 0.550044 0.033794
vn -0.945810 0.016042 0.324324
vn -0.695901 -0.524087 0.490974
vn -0.180181 -0.864032 0.470088
vn 0.404362 -0.873947 0.269645
vn 0.834452 -0.550044 -0.033794
vn 0.945810 -0.016042 -0.324324
vn 0.695901 0.524087 -0.490974
vn 0.180181 0.864032 -0.470088
vn -0.404362 0.873947 -0.269645
vn -0.834452 0.550044 0.033794
vn -0.945810 0.016042 0.324324
vn -0.695901 -0.524087 0.490974
vn -0.180181 -0.864032 0.470088
vn 0.404362 -0.873947 0.269645
vn 0.834452 -0.550044 -0.033794
vn 0.945810 -0.016042 -0.324324
vn 0.695901 0.524087 -0.490974
vn 0.180181 0.864032 -0.470088
vn -0.404362 0.873947 -0.269645
vn -0.834452 0.550044 0.033794
vn -0.945810 0.016042 0.324324
vn -0.695901 -0.524087 0.490974
vn -0.180181 -0.864032 0.470088
vn 0.404362 -0.873947 0.269645
vn 0.834452 -0.550044 -0.033794
vn 0.945810 -0.016042 -0.324324
vn 0.695901 0.524087 -0.490974
vn 0.180181 0.864032 -0.470088
vn -0.404362 0.873947 -0.269645
vn -0.834452 0.550044 0.033794
vn -0.302577 -0.406051 -0.862305
vn 0.302577 0.406051 0.862305
vn 0.302577 0.406051 0.862305
vn 0.302577 0.406051 0.862305
vn 0.302577 0.406051 0.862305
vn 0.302577 0.406051 0.862305
vn -0.302577 -0.406051 -0.862305
vn -0.302577 -0.406051 -0.862305
vn -0.302577 -0.406051 -0.862305
vn -0.302577 -0.406051 -0.862305
vn -0.117859 0.913710 -0.388901
vn -0.117859 0.913710 -0.388901
vn -0.117859 0.913710 -0.388901
vn -0.117859 0.913710 -0.388901
vn 0.117859 -0.913710 0.388901
vn 0.117859 -0.913710 0.388901
vn 0.117859 -0.913710 0.388901
vn 0.117859 -0.913710 0.388901
vn 0.945810 -0.016042 -0.324324
vn 0.945810 -0.016042 -0.324324
vn 0.945810 -0.016042 -0.324324
vn 0.945810 -0.016042 -0.324324
vn -0.945810 0.016042 0.324324
vn -0.945810 0.016042 0.324324
vn -0.945810 0.016042 0.324324
vn -0.945810 0.016042 0.324324
vn 0.130616 0.933212 0.334747
vn 0.130616 0.933212 0.334747
vn 0.130616 0.933212 0.334747
vn 0.130616 0.933212 0.334747
vn -0.297293 0.358969 -0.884736
vn -0.297293 0.358969 -0.884736
vn -0.297293 0.358969 -0.884736
vn -0.297293 0.358969 -0.884736
vn 0.297293 -0.358969 0.884736
vn 0.297293 -0.358969 0.884736
vn 0.297293 -0.358969 0.884736
vn 0.297293 -0.358969 0.884736
vn -0.130616 -0.933212 -0.334747
vn -0.130616 -0.933212 -0.334747
vn -0.130616 -0.933212 -0.334747
vn -0.130616 -0.933212 -0.334747
vn 0.882743 0.275778 0.380410
vn 0.882743 0.275778 0.380410
vn 0.882743 0.275778 0.380410
vn 0.882743 0.275778 0.380410
vn 0.454834 -0.298465 -0.839074
vn 0.454834 -0.298465 -0.839074
vn 0.454834 -0.298465 -0.839074
vn 0.454834 -0.298465 -0.839074
vn -0.454834 0.298465 0.839074
vn -0.454834 0.298465 0.839074
vn -0.454834 0.298465 0.839074
vn -0.454834 0.298465 0.839074
vn -0.882743 -0.275778 -0.380410
vn -0.882743 -0.275778 -0.380410
vn -0.882743 -0.275778 -0.380410
vn -0.882743 -0.275778 -0.380410
vn 0.585450 0.634747 -0.504326
vn 0.585450 0.634747 -0.504326
vn 0.585450 0.634747 -0.504326
vn 0.585450 0.634747 -0.504326
vn 0.752127 -0.657434 0.045663
vn 0.752127 -0.657434 0.045663
vn 0.752127 -0.657434 0.045663
vn 0.752127 -0.657434 0.045663
vn -0.752127 0.657434 -0.045663
vn -0.752127 0.657434 -0.045663
vn -0.752127 0.657434 -0.045663
vn -0.752127 0.657434 -0.045663
vn -0.585450 -0.634747 0.504326
vn -0.585450 -0.634747 0.504326
vn -0.585450 -0.634747 0.504326
vn -0.585450 -0.634747 0.504326
vn -0.652711 -0.752702 -0.086072
vn -0.652711 -0.752702 -0.086072
vn -0.652711 -0.752702 -0.086072
vn -0.303325 -0.283835 0.909633
vn -0.303325 -0.283835 0.909633
vn -0.303325 -0.283835 0.909633
vn -0.788802 0.302359 -0.535135
vn -0.788802 0.302359 -0.535135
vn -0.788802 0.302359 -0.535135
vn -0.439416 0.771226 0.460569
vn -0.439416 0.771226 0.460569
vn -0.439416 0.771226 0.460569
vn 0.439416 -0.771226 -0.460569
vn 0.439416 -0.771226 -0.460569
vn 0.439416 -0.771226 -0.460569
vn 0.788802 -0.302359 0.535135
vn 0.788802 -0.302359 0.535135
vn 0.788802 -0.302359 0.535135
vn 0.303325 0.283835 -0.909633
vn 0.303325 0.283835 -0.909633
vn 0.303325 0.283835 -0.909633
vn 0.652711 0.752702 0.086072
vn 0.652711 0.752702 0.086072
vn 0.652711 0.752702 0.086072
vn 0.000000 0.000000 1.000000
vn 0.000000 0.000000 1.000000
vn 0.000000 0.000000 1.000000
vn 0.000000 0.000000 1.000000
vn 0.000000 0.000000 -1.000000
vn 0.000000 0.000000 -1.000000
vn 0.000000 0.000000 -1.000000
vn 0.000000 0.000000 -1.000000
vn 0.000000 1.000000 0.000000
vn 0.000000 1.000000 0.000000
vn 0.000000 1.000000 0.000000
vn 0.000000 1.000000 0.000000
vn 0.000000 -1.000000 0.000000
vn 0.000000 -1.000000 0.000000
vn 0.000000 -1.000000 0.000000
vn 0.000000 -1.000000 0.000000
vn 1.000000 0.000000 0.000000
vn 1.000000 0.000000 0.000000
vn 1.000000 0.000000 0.000000
vn 1.000000 0.000000 0.000000
vn -1.000000 0.000000 0.000000
vn -1.000000 0.000000 0.000000
vn -1.000000 0.000000 0.000000
vn -1.000000 0.000000 0.000000
vn 0.000000 0.707107 0.707107
vn 0.000000 0.707107 0.707107
vn 0.000000 0.707107 0.707107
vn 0.000000 0.707107 0.707107
vn 0.000000 0.707107 -0.707107
vn 0.000000 0.707107 -0.707107
vn 0.000000 0.707107 -0.707107
vn 0.000000 0.707107 -0.707107
vn 0.000000 -0.707107 0.707107
vn 0.000000 -0.707107 0.707107
vn 0.000000 -0.707107 0.707107
vn 0.000000 -0.707107 0.707107
vn 0.000000 -0.707107 -0.707107
vn 0.000000 -0.707107 -0.707107
vn 0.000000 -0.707107 -0.707107
vn 0.000000 -0.707107 -0.707107
vn 0.707107 0.000000 0.707107
vn 0.707107 0.000000 0.707107
vn 0.707107 0.000000 0.707107
vn 0.707107 0.000000 0.707107
vn 0.707107 0.000000 -0.707107
vn 0.707107 0.000000 -0.707107
vn 0.707107 0.000000 -0.707107
vn 0.707107 0.000000 -0.707107
vn -0.707107 0.000000 0.707107
vn -0.707107 0.000000 0.707107
vn -0.707107 0.000000 0.707107
vn -0.707107 0.000000 0.707107
vn -0.707107 0.000000 -0.707107
vn -0.707107 0.000000 -0.707107
vn -0.707107 0.000000 -0.707107
vn -0.707107 0.000000 -0.707107
vn 0.707107 0.707107 0.000000
vn 0.707107 0.707107 0.000000
vn 0.707107 0.707107 0.000000
vn 0.707107 0.707107 0.000000
vn 0.707107 -0.707107 0.000000
vn 0.707107 -0.707107 0.000000
vn 0.707107 -0.707107 0.000000
vn 0.707107 -0.707107 0.000000
vn -0.707107 0.707107 0.000000
vn -0.707107 0.707107 0.000000
vn -0.707107 0.707107 0.000000
vn -0.707107 0.707107 0.000000
vn -0.707107 -0.707107 0.000000
vn -0.707107 -0.707107 0.000000
vn -0.707107 -0.707107 0.000000
vn -0.707107 -0.707107 0.000000
vn -0.577350 -0.577350 -0.577350
vn -0.577350 -0.577350 -0.577350
vn -0.577350 -0.577350 -0.577350
vn -0.577350 -0.577350 0.577350
vn -0.577350 -0.577350 0.577350
vn -0.577350 -0.577350 0.577350
vn -0.577350 0.577350 -0.577350
vn -0.577350 0.577350 -0.577350
vn -0.577350 0.577350 -0.577350
vn -0.577350 0.577350 0.577350
vn -0.577350 0.577350 0.577350
vn -0.577350 0.577350 0.577350
vn 0.577350 -0.577350 -0.577350
vn 0.577350 -0.577350 -0.577350
vn 0.577350 -0.577350 -0.577350
vn 0.577350 -0.577350 0.577350
vn 0.577350 -0.577350 0.577350
vn 0.577350 -0.577350 0.577350
vn 0.577350 0.577350 -0.577350
vn 0.577350 0.577350 -0.577350
vn 0.577350 0.577350 -0.577350
vn 0.577350 0.577350 0.577350
vn 0.577350 0.577350 0.577350
vn 0.577350 0.577350 0.577350
vn -1.000000 0.000000 0.000000
vn -0.707107 -0.697486 0.116248
vn -0.000000 -0.986394 0.164399
vn 0.707107 -0.697486 0.116248
vn 1.000000 -0.000000 0.000000
vn 0.707107 0.697486 -0.116248
vn 0.000000 0.986394 -0.164399
vn -0.707107 0.697486 -0.116248
vn -1.000000 0.000000 0.000000
vn -0.707107 -0.697486 0.116248
vn -0.000000 -0.986394 0.164399
vn 0.707107 -0.697486 0.116248
vn 1.000000 -0.000000 0.000000
vn 0.707107 0.697486 -0.116248
vn 0.000000 0.986394 -0.164399
vn -0.707107 0.697486 -0.116248
vn -1.000000 0.000000 0.000000
vn -0.707107 -0.697486 0.116248
vn -0.000000 -0.986394 0.164399
vn 0.707107 -0.697486 0.116248
vn 1.000000 -0.000000 0.000000
vn 0.707107 0.697486 -0.116248
vn 0.000000 0.986394 -0.164399
vn -0.707107 0.697486 -0.116248
vn -1.000000 0.000000 0.000000
vn -0.707107 -0.697486 0.116248
vn -0.000000 -0.986394 0.164399
vn 0.707107 -0.697486 0.116248
vn 1.000000 -0.000000 0.000000
vn 0.707107 0.697486 -0.116248
vn 0.000000 0.986394 -0.164399
vn -0.707107 0.697486 -0.116248
vn -0.000000 -0.164399 -0.986394
vn 0.000000 0.164399 0.986394
vn 0.000000 0.000000 1.000000
vn 0.000000 0.000000 1.000000
vn 0.000000 0.000000 1.000000
vn 0.000000 0.000000 1.000000
vn 0.000000 0.000000 -1.000000
vn 0.000000 0.000000 -1.000000
vn 0.000000 0.000000 -1.000000
vn 0.000000 0.000000 -1.000000
vn 0.000000 1.000000 0.000000
vn 0.000000 1.000000 0.000000
vn 0.000000 1.000000 0.000000
vn 0.000000 1.000000 0.000000
vn 0.000000 -1.000000 0.000000
vn 0.000000 -1.000000 0.000000
vn 0.000000 -1.000000 0.000000
vn 0.000000 -1.000000 0.000000
vn 1.000000 0.000000 0.000000
vn 1.000000 0.000000 0.000000
vn 1.000000 0.000000 0.000000
vn 1.000000 0.000000 0.000000
vn -1.000000 0.000000 0.000000
vn -1.000000 0.000000 0.000000
vn -1.000000 0.000000 0.000000
vn -1.000000 0.000000 0.000000
vn 0.000000 0.707107 0.707107
vn 0.000000 0.707107 0.707107
vn 0.000000 0.707107 0.707107
vn 0.000000 0.707107 0.707107
vn 0.000000 0.707107 -0.707107
vn 0.000000 0.707107 -0.707107
vn 0.000000 0.707107 -0.707107
vn 0.000000 0.707107 -0.707107
vn 0.000000 -0.707107 0.707107
vn 0.000000 -0.707107 0.707107
vn 0.000000 -0.707107 0.707107
vn 0.000000 -0.707107 0.707107
vn 0.000000 -0.707107 -0.707107
vn 0.000000 -0.707107 -0.707107
vn 0.000000 -0.707107 -0.707107
vn 0.000000 -0.707107 -0.707107
vn 0.707107 0.000000 0.707107
vn 0.707107 0.000000 0.707107
vn 0.707107 0.000000 0.707107
vn 0.707107 0.000000 0.707107
vn 0.707107 0.000000 -0.707107
vn 0.707107 0.000000 -0.707107
vn 0.707107 0.000000 -0.707107
vn 0.707107 0.000000 -0.707107
vn -0.707107 0.000000 0.707107
vn -0.707107 0.000000 0.707107
vn -0.707107 0.000000 0.707107
vn -0.707107 0.000000 0.707107
vn -0.707107 0.000000 -0.707107
vn -0.707107 0.000000 -0.707107
vn -0.707107 0.000000 -0.707107
vn -0.707107 0.000000 -0.707107
vn 0.707107 0.707107 0.000000
vn 0.707107 0.707107 0.000000
vn 0.707107 0.707107 0.000000
vn 0.707107 0.707107 0.000000
vn 0.707107 -0.707107 0.000000
vn 0.707107 -0.707107 0.000000
vn 0.707107 -0.707107 0.000000
vn 0.707107 -0.707107 0.000000
vn -0.707107 0.707107 0.000000
vn -0.707107 0.707107 0.000000
vn -0.707107 0.707107 0.000000
vn -0.707107 0.707107 0.000000
vn -0.707107 -0.707107 0.000000
vn -0.707107 -0.707107 0.000000
vn -0.707107 -0.707107 0.000000
vn -0.707107 -0.707107 0.000000
vn -0.577350 -0.577350 -0.577350
vn -0.577350 -0.577350 -0.577350
vn -0.577350 -0.577350 -0.577350
vn -0.577350 -0.577350 0.577350
vn -0.577350 -0.577350 0.577350
vn -0.577350 -0.577350 0.577350
vn -0.577350 0.577350 -0.577350
vn -0.577350 0.577350 -0.577350
vn -0.577350 0.577350 -0.577350
vn -0.577350 0.577350 0.577350
vn -0.577350 0.577350 0.577350
vn -0.577350 0.577350 0.577350
vn 0.577350 -0.577350 -0.577350
vn 0.577350 -0.577350 -0.577350
vn 0.577350 -0.577350 -0.577350
vn 0.577350 -0.577350 0.577350
vn 0.577350 -0.577350 0.577350
vn 0.577350 -0.577350 0.577350
vn 0.577350 0.577350 -0.577350
vn 0.577350 0.577350 -0.577350
vn 0.577350 0.577350 -0.577350
vn 0.577350 0.577350 0.577350
vn 0.577350 0.577350 0.577350
vn 0.577350 0.577350 0.577350
vn 0.000000 0.000000 1.000000
vn 0.000000 0.000000 1.000000
vn 0.000000 0.000000 1.000000
vn 0.000000 0.000000 1.000000
vn 0.000000 0.000000 -1.000000
vn 0.000000 0.000000 -1.000000
vn 0.000000 0.000000 -1.000000
vn 0.000000 0.000000 -1.000000
vn 0.000000 1.000000 0.000000
vn 0.000000 1.000000 0.000000
vn 0.000000 1.000000 0.000000
vn 0.000000 1.000000 0.000000
vn 0.000000 -1.000000 0.000000
vn 0.000000 -1.000000 0.000000
vn 0.000000 -1.000000 0.000000
vn 0.000000 -1.000000 0.000000
vn 1.000000 0.000000 0.000000
vn 1.000000 0.000000 0.000000
vn 1.000000 0.000000 0.000000
vn 1.000000 0.000000 0.000000
vn -1.000000 0.000000 0.000000
vn -1.000000 0.000000 0.000000
vn -1.000000 0.000000 0.000000
vn -1.000000 0.000000 0.000000
vn 0.000000 0.707107 0.707107
vn 0.000000 0.707107 0.707107
vn 0.000000 0.707107 0.707107
vn 0.000000 0.707107 0.707107
vn 0.000000 0.707107 -0.707107
vn 0.000000 0.707107 -0.707107
vn 0.000000 0.707107 -0.707107
vn 0.000000 0.707107 -0.707107
vn 0.000000 -0.707107 0.707107
vn 0.000000 -0.707107 0.707107
vn 0.000000 -0.707107 0.707107
vn 0.000000 -0.707107 0.707107
vn 0.000000 -0.707107 -0.707107
vn 0.000000 -0.707107 -0.707107
vn 0.000000 -0.707107 -0.707107
vn 0.000000 -0.707107 -0.707107
vn 0.707107 0.000000 0.707107
vn 0.707107 0.000000 0.707107
vn 0.707107 0.000000 0.707107
vn 0.707107 0.000000 0.707107
vn 0.707107 0.000000 -0.707107
vn 0.707107 0.000000 -0.707107
vn 0.707107 0.000000 -0.707107
vn 0.707107 0.000000 -0.707107
vn -0.707107 0.000000 0.707107
vn -0.707107 0.000000 0.707107
vn -0.707107 0.000000 0.707107
vn -0.707107 0.000000 0.707107
vn -0.707107 0.000000 -0.707107
vn -0.707107 0.000000 -0.707107
vn -0.707107 0.000000 -0.707107
vn -0.707107 0.000000 -0.707107
vn 0.707107 0.707107 0.000000
vn 0.707107 0.707107 0.000000
vn 0.707107 0.707107 0.000000
vn 0.707107 0.707107 0.000000
vn 0.707107 -0.707107 0.000000
vn 0.707107 -0.707107 0.000000
vn 0.707107 -0.707107 0.000000
vn 0.707107 -0.707107 0.000000
vn -0.707107 0.707107 0.000000
vn -0.707107 0.707107 0.000000
vn -0.707107 0.707107 0.000000
vn -0.707107 0.707107 0.000000
vn -0.707107 -0.707107 0.000000
vn -0.707107 -0.707107 0.000000
vn -0.707107 -0.707107 0.000000
vn -0.707107 -0.707107 0.000000
vn -0.577350 -0.577350 -0.577350
vn -0.577350 -0.577350 -0.577350
vn -0.577350 -0.577350 -0.577350
vn -0.577350 -0.577350 0.577350
vn -0.577350 -0.577350 0.577350
vn -0.577350 -0.577350 0.577350
vn -0.577350 0.577350 -0.577350
vn -0.577350 0.577350 -0.577350
vn -0.577350 0.577350 -0.577350
vn -0.577350 0.577350 0.577350
vn -0.577350 0.577350 0.577350
vn -0.577350 0.577350 0.577350
vn 0.577350 -0.577350 -0.577350
vn 0.577350 -0.577350 -0.577350
vn 0.577350 -0.577350 -0.577350
vn 0.577350 -0.577350 0.577350
vn 0.577350 -0.577350 0.577350
vn 0.577350 -0.577350 0.577350
vn 0.577350 0.577350 -0.577350
vn 0.577350 0.577350 -0.577350
vn 0.577350 0.577350 -0.577350
vn 0.577350 0.577350 0.577350
vn 0.577350 0.577350 0.577350
vn 0.577350 0.577350 0.577350
f 1/1/1 2/2/2 3/3/3
f 1/1/1 3/3/3 4/4/4
f 1/1/1 4/4/4 5/5/5
f 1/1/1 5/5/5 6/6/6
f 1/1/1 6/6/6 7/7/7
f 1/1/1 7/7/7 8/8/8
f 1/1/1 8/8/8 9/9/9
f 1/1/1 9/9/9 10/10/10
f 1/1/1 10/10/10 11/11/11
f 1/1/1 11/11/11 12/12/12
f 1/1/1 12/12/12 13/13/13
f 1/1/1 13/13/13 14/14/14
f 1/1/1 14/14/14 15/15/15
f 1/1/1 15/15/15 16/16/16
f 1/1/1 16/16/16 17/17/17
f 1/1/1 17/17/17 18/18/18
f 1/1/1 18/18/18 19/19/19
f 1/1/1 19/19/19 20/20/20
f 1/1/1 20/20/20 21/21/21
f 1/1/1 21/21/21 22/22/22
f 1/1/1 22/22/22 23/23/23
f 1/1/1 23/23/23 24/24/24
f 1/1/1 24/24/24 2/2/2
f 2/2/2 3/3/3 26/26/26
f 2/2/2 26/26/26 25/25/25
f 3/3/3 4/4/4 27/27/27
f 3/3/3 27/27/27 26/26/26
f 4/4/4 5/5/5 28/28/28
f 4/4/4 28/28/28 27/27/27
f 5/5/5 6/6/6 29/29/29
f 5/5/5 29/29/29 28/28/28
f 6/6/6 7/7/7 30/30/30
f 6/6/6 30/30/30 29/29/29
f 7/7/7 8/8/8 31/31/31
f 7/7/7 31/31/31 30/30/30
f 8/8/8 9/9/9 32/32/32
f 8/8/8 32/32/32 31/31/31
f 9/9/9 10/10/10 33/33/33
f 9/9/9 33/33/33 32/32/32
f 10/10/10 11/11/11 34/34/34
f 10/10/10 34/34/34 33/33/33
f 11/11/11 12/12/12 35/35/35
f 11/11/11 35/35/35 34/34/34
f 12/12/12 13/13/13 36/36/36
f 12/12/12 36/36/36 35/35/35
f 13/13/13 14/14/14 37/37/37
f 13/13/13 37/37/37 36/36/36
f 14/14/14 15/15/15 38/38/38
f 14/14/14 38/38/38 37/37/37
f 15/15/15 16/16/16 39/39/39
f 15/15/15 39/39/39 38/38/38
f 16/16/16 17/17/17 40/40/40
f 16/16/16 40/40/40 39/39/39
f 17/17/17 18/18/18 41/41/41
f 17/17/17 41/41/41 40/40/40
f 18/18/18 19/19/19 42/42/42
f 18/18/18 42/42/42 41/41/41
f 19/19/19 20/20/20 43/43/43
f 19/19/19 43/43/43 42/42/42
f 20/20/20 21/21/21 44/44/44
f 20/20/20 44/44/44 43/43/43
f 21/21/21 22/22/22 45/45/45
f 21/21/21 45/45/45 44/44/44
f 22/22/22 23/23/23 46/46/46
f 22/22/22 46/46/46 45/45/45
f 23/23/23 24/24/24 47/47/47
f 23/23/23 47/47/47 46/46/46
f 24/24/24 2/2/2 25/25/25
f 24/24/24 25/25/25 47/47/47
f 25/25/25 26/26/26 49/49/49
f 25/25/25 49/49/49 48/48/48
f 26/26/26 27/27/27 50/50/50
f 26/26/26 50/50/50 49/49/49
f 27/27/27 28/28/28 51/51/51
f 27/27/27 51/51/51 50/50/50
f 28/28/28 29/29/29 52/52/52
f 28/28/28 52/52/52 51/51/51
f 29/29/29 30/30/30 53/53/53
f 29/29/29 53/53/53 52/52/52
f 30/30/30 31/31/31 54/54/54
f 30/30/30 54/54/54 53/53/53
f 31/31/31 32/32/32 55/55/55
f 31/31/31 55/55/55 54/54/54
f 32/32/32 33/33/33 56/56/56
f 32/32/32 56/56/56 55/55/55
f 33/33/33 34/34/34 57/57/57
f 33/33/33 57/57/57 56/56/56
f 34/34/34 35/35/35 58/58/58
f 34/34/34 58/58/58 57/57/57
f 35/35/35 36/36/36 59/59/59
f 35/35/35 59/59/59 58/58/58
f 36/36/36 37/37/37 60/60/60
f 36/36/36 60/60/60 59/59/59
f 37/37/37 38/38/38 61/61/61
f 37/37/37 61/61/61 60/60/60
f 38/38/38 39/39/39 62/62/62
f 38/38/38 62/62/62 61/61/61
f 39/39/39 40/40/40 63/63/63
f 39/39/39 63/63/63 62/62/62
f 40/40/40 41/41/41 64/64/64
f 40/40/40 64/64/64 63/63/63
f 41/41/41 42/42/42 65/65/65
f 41/41/41 65/65/65 64/64/64
f 42/42/42 43/43/43 66/66/66
f 42/42/42 66/66/66 65/65/65
f 43/43/43 44/44/44 67/67/67
f 43/43/43 67/67/67 66/66/66
f 44/44/44 45/45/45 68/68/68
f 44/44/44 68/68/68 67/67/67
f 45/45/45 46/46/46 69/69/69
f 45/45/45 69/69/69 68/68/68
f 46/46/46 47/47/47 70/70/70
f 46/46/46 70/70/70 69/69/69
f 47/47/47 25/25/25 48/48/48
f 47/47/47 48/48/48 70/70/70
f 48/48/48 49/49/49 72/72/72
f 48/48/48 72/72/72 71/71/71
f 49/49/49 50/50/50 73/73/73
f 49/49/49 73/73/73 72/72/72
f 50/50/50 51/51/51 74/74/74
f 50/50/50 74/74/74 73/73/73
f 51/51/51 52/52/52 75/75/75
f 51/51/51 75/75/75 74/74/74
f 52/52/52 53/53/53 76/76/76
f 52/52/52 76/76/76 75/75/75
f 53/53/53 54/54/54 77/77/77
f 53/53/53 77/77/77 76/76/76
f 54/54/54 55/55/55 78/78/78
f 54/54/54 78/78/78 77/77/77
f 55/55/55 56/56/56 79/79/79
f 55/55/55 79/79/79 78/78/78
f 56/56/56 57/57/57 80/80/80
f 56/56/56 80/80/80 79/79/79
f 57/57/57 58/58/58 81/81/81
f 57/57/57 81/81/81 80/80/80
f 58/58/58 59/59/59 82/82/82
f 58/58/58 82/82/82 81/81/81
f 59/59/59 60/60/60 83/83/83
f 59/59/59 83/83/83 82/82/82
f 60/60/60 61/61/61 84/84/84
f 60/60/60 84/84/84 83/83/83
f 61/61/61 62/62/62 85/85/85
f 61/61/61 85/85/85 84/84/84
f 62/62/62 63/63/63 86/86/86
f 62/62/62 86/86/86 85/85/85
f 63/63/63 64/64/64 87/87/87
f 63/63/63 87/87/87 86/86/86
f 64/64/64 65/65/65 88/88/88
f 64/64/64 88/88/88 87/87/87
f 65/65/65 66/66/66 89/89/89
f 65/65/65 89/89/89 88/88/88
f 66/66/66 67/67/67 90/90/90
f 66/66/66 90/90/90 89/89/89
f 67/67/67 68/68/68 91/91/91
f 67/67/67 91/91/91 90/90/90
f 68/68/68 69/69/69 92/92/92
f 68/68/68 92/92/92 91/91/91
f 69/69/69 70/70/70 93/93/93
f 69/69/69 93/93/93 92/92/92
f 70/70/70 48/48/48 71/71/71
f 70/70/70 71/71/71 93/93/93
f 71/71/71 72/72/72 95/95/95
f 71/71/71 95/95/95 94/94/94
f 72/72/72 73/73/73 96/96/96
f 72/72/72 96/96/96 95/95/95
f 73/73/73 74/74/74 97/97/97
f 73/73/73 97/97/97 96/96/96
f 74/74/74 75/75/75 98/98/98
f 74/74/74 98/98/98 97/97/97
f 75/75/75 76/76/76 99/99/99
f 75/75/75 99/99/99 98/98/98
f 76/76/76 77/77/77 100/100/100
f 76/76/76 100/100/100 99/99/99
f 77/77/77 78/78/78 101/101/101
f 77/77/77 101/101/101 100/100/100
f 78/78/78 79/79/79 102/102/102
f 78/78/78 102/102/102 101/101/101
f 79/79/79 80/80/80 103/103/103
f 79/79/79 103/103/103 102/102/102
f 80/80/80 81/81/81 104/104/104
f 80/80/80 104/104/104 103/103/103
f 81/81/81 82/82/82 105/105/105
f 81/81/81 105/105/105 104/104/104
f 82/82/82 83/83/83 106/106/106
f 82/82/82 106/106/106 105/105/105
f 83/83/83 84/84/84 107/107/107
f 83/83/83 107/107/107 106/106/106
f 84/84/84 85/85/85 108/108/108
f 84/84/84 108/108/108 107/107/107
f 85/85/85 86/86/86 109/109/109
f 85/85/85 109/109/109 108/108/108
f 86/86/86 87/87/87 110/110/110
f 86/86/86 110/110/110 109/109/109
f 87/87/87 88/88/88 111/111/111
f 87/87/87 111/111/111 110/110/110
f 88/88/88 89/89/89 112/112/112
f 88/88/88 112/112/112 111/111/111
f 89/89/89 90/90/90 113/113/113
f 89/89/89 113/113/113 112/112/112
f 90/90/90 91/91/91 114/114/114
f 90/90/90 114/114/114 113/113/113
f 91/91/91 92/92/92 115/115/115
f 91/91/91 115/115/115 114/114/114
f 92/92/92 93/93/93 116/116/116
f 92/92/92 116/116/116 115/115/115
f 93/93/93 71/71/71 94/94/94
f 93/93/93 94/94/94 116/116/116
f 117/117/117 119/119/119 118/118/118
f 117/117/117 120/120/120 119/119/119
f 117/117/117 121/121/121 120/120/120
f 117/117/117 122/122/122 121/121/121
f 117/117/117 123/123/123 122/122/122
f 117/117/117 124/124/124 123/123/123
f 117/117/117 125/125/125 124/124/124
f 117/117/117 126/126/126 125/125/125
f 117/117/117 127/127/127 126/126/126
f 117/117/117 128/128/128 127/127/127
f 117/117/117 129/129/129 128/128/128
f 117/117/117 130/130/130 129/129/129
f 117/117/117 131/131/131 130/130/130
f 117/117/117 132/132/132 131/131/131
f 117/117/117 133/133/133 132/132/132
f 117/117/117 134/134/134 133/133/133
f 117/117/117 135/135/135 134/134/134
f 117/117/117 136/136/136 135/135/135
f 117/117/117 137/137/137 136/136/136
f 117/117/117 138/138/138 137/137/137
f 117/117/117 139/139/139 138/138/138
f 117/117/117 140/140/140 139/139/139
f 117/117/117 118/118/118 140/140/140
f 118/118/118 141/141/141 142/142/142
f 118/118/118 142/142/142 119/119/119
f 119/119/119 142/142/142 143/143/143
f 119/119/119 143/143/143 120/120/120
f 120/120/120 143/143/143 144/144/144
f 120/120/120 144/144/144 121/121/121
f 121/121/121 144/144/144 145/145/145
f 121/121/121 145/145/145 122/122/122
f 122/122/122 145/145/145 146/146/146
f 122/122/122 146/146/146 123/123/123
f 123/123/123 146/146/146 147/147/147
f 123/123/123 147/147/147 124/124/124
f 124/124/124 147/147/147 148/148/148
f 124/124/124 148/148/148 125/125/125
f 125/125/125 148/148/148 149/149/149
f 125/125/125 149/149/149 126/126/126
f 126/126/126 149/149/149 150/150/150
f 126/126/126 150/150/150 127/127/127
f 127/127/127 150/150/150 151/151/151
f 127/127/127 151/151/151 128/128/128
f 128/128/128 151/151/151 152/152/152
f 128/128/128 152/152/152 129/129/129
f 129/129/129 152/152/152 153/153/153
f 129/129/129 153/153/153 130/130/130
f 130/130/130 153/153/153 154/154/154
f 130/130/130 154/154/154 131/131/131
f 131/131/131 154/154/154 155/155/155
f 131/131/131 155/155/155 132/132/132
f 132/132/132 155/155/155 156/156/156
f 132/132/132 156/156/156 133/133/133
f 133/133/133 156/156/156 157/157/157
f 133/133/133 157/157/157 134/134/134
f 134/134/134 157/157/157 158/158/158
f 134/134/134 158/158/158 135/135/135
f 135/135/135 158/158/158 159/159/159
f 135/135/135 159/159/159 136/136/136
f 136/136/136 159/159/159 160/160/160
f 136/136/136 160/160/160 137/137/137
f 137/137/137 160/160/160 161/161/161
f 137/137/137 161/161/161 138/138/138
f 138/138/138 161/161/161 162/162/162
f 138/138/138 162/162/162 139/139/139
f 139/139/139 162/162/162 163/163/163
f 139/139/139 163/163/163 140/140/140
f 140/140/140 163/163/163 141/141/141
f 140/140/140 141/141/141 118/118/118
f 141/141/141 164/164/164 165/165/165
f 141/141/141 165/165/165 142/142/142
f 142/142/142 165/165/165 166/166/166
f 142/142/142 166/166/166 143/143/143
f 143/143/143 166/166/166 167/167/167
f 143/143/143 167/167/167 144/144/144
f 144/144/144 167/167/167 168/168/168
f 144/144/144 168/168/168 145/145/145
f 145/145/145 168/168/168 169/169/169
f 145/145/145 169/169/169 146/146/146
f 146/146/146 169/169/169 170/170/170
f 146/146/146 170/170/170 147/147/147
f 147/147/147 170/170/170 171/171/171
f 147/147/147 171/171/171 148/148/148
f 148/148/148 171/171/171 172/172/172
f 148/148/148 172/172/172 149/149/149
f 149/149/149 172/172/172 173/173/173
f 149/149/149 173/173/173 150/150/150
f 150/150/150 173/173/173 174/174/174
f 150/150/150 174/174/174 151/151/151
f 151/151/151 174/174/174 175/175/175
f 151/151/151 175/175/175 152/152/152
f 152/152/152 175/175/175 176/176/176
f 152/152/152 176/176/176 153/153/153
f 153/153/153 176/176/176 177/177/177
f 153/153/153 177/177/177 154/154/154
f 154/154/154 177/177/177 178/178/178
f 154/154/154 178/178/178 155/155/155
f 155/155/155 178/178/178 179/179/179
f 155/155/155 179/179/179 156/156/156
f 156/156/156 179/179/179 180/180/180
f 156/156/156 180/180/180 157/157/157
f 157/157/157 180/180/180 181/181/181
f 157/157/157 181/181/181 158/158/158
f 158/158/158 181/181/181 182/182/182
f 158/158/158 182/182/182 159/159/159
f 159/159/159 182/182/182 183/183/183
f 159/159/159 183/183/183 160/160/160
f 160/160/160 183/183/183 184/184/184
f 160/160/160 184/184/184 161/161/161
f 161/161/161 184/184/184 185/185/185
f 161/161/161 185/185/185 162/162/162
f 162/162/162 185/185/185 186/186/186
f 162/162/162 186/186/186 163/163/163
f 163/163/163 186/186/186 164/164/164
f 163/163/163 164/164/164 141/141/141
f 164/164/164 187/187/187 188/188/188
f 164/164/164 188/188/188 165/165/165
f 165/165/165 188/188/188 189/189/189
f 165/165/165 189/189/189 166/166/166
f 166/166/166 189/189/189 190/190/190
f 166/166/166 190/190/190 167/167/167
f 167/167/167 190/190/190 191/191/191
f 167/167/167 191/191/191 168/168/168
f 168/168/168 191/191/191 192/192/192
f 168/168/168 192/192/192 169/169/169
f 169/169/169 192/192/192 193/193/193
f 169/169/169 193/193/193 170/170/170
f 170/170/170 193/193/193 194/194/194
f 170/170/170 194/194/194 171/171/171
f 171/171/171 194/194/194 195/195/195
f 171/171/171 195/195/195 172/172/172
f 172/172/172 195/195/195 196/196/196
f 172/172/172 196/196/196 173/173/173
f 173/173/173 196/196/196 197/197/197
f 173/173/173 197/197/197 174/174/174
f 174/174/174 197/197/197 198/198/198
f 174/174/174 198/198/198 175/175/175
f 175/175/175 198/198/198 199/199/199
f 175/175/175 199/199/199 176/176/176
f 176/176/176 199/199/199 200/200/200
f 176/176/176 200/200/200 177/177/177
f 177/177/177 200/200/200 201/201/201
f 177/177/177 201/201/201 178/178/178
f 178/178/178 201/201/201 202/202/202
f 178/178/178 202/202/202 179/179/179
f 179/179/179 202/202/202 203/203/203
f 179/179/179 203/203/203 180/180/180
f 180/180/180 203/203/203 204/204/204
f 180/180/180 204/204/204 181/181/181
f 181/181/181 204/204/204 205/205/205
f 181/181/181 205/205/205 182/182/182
f 182/182/182 205/205/205 206/206/206
f 182/182/182 206/206/206 183/183/183
f 183/183/183 206/206/206 207/207/207
f 183/183/183 207/207/207 184/184/184
f 184/184/184 207/207/207 208/208/208
f 184/184/184 208/208/208 185/185/185
f 185/185/185 208/208/208 209/209/209
f 185/185/185 209/209/209 186/186/186
f 186/186/186 209/209/209 187/187/187
f 186/186/186 187/187/187 164/164/164
f 187/187/187 210/210/210 211/211/211
f 187/187/187 211/211/211 188/188/188
f 188/188/188 211/211/211 212/212/212
f 188/188/188 212/212/212 189/189/189
f 189/189/189 212/212/212 213/213/213
f 189/189/189 213/213/213 190/190/190
f 190/190/190 213/213/213 214/214/214
f 190/190/190 214/214/214 191/191/191
f 191/191/191 214/214/214 215/215/215
f 191/191/191 215/215/215 192/192/192
f 192/192/192 215/215/215 216/216/216
f 192/192/192 216/216/216 193/193/193
f 193/193/193 216/216/216 217/217/217
f 193/193/193 217/217/217 194/194/194
f 194/194/194 217/217/217 218/218/218
f 194/194/194 218/218/218 195/195/195
f 195/195/195 218/218/218 219/219/219
f 195/195/195 219/219/219 196/196/196
f 196/196/196 219/219/219 220/220/220
f 196/196/196 220/220/220 197/197/197
f 197/197/197 220/220/220 221/221/221
f 197/197/197 221/221/221 198/198/198
f 198/198/198 221/221/221 222/222/222
f 198/198/198 222/222/222 199/199/199
f 199/199/199 222/222/222 223/223/223
f 199/199/199 223/223/223 200/200/200
f 200/200/200 223/223/223 224/224/224
f 200/200/200 224/224/224 201/201/201
f 201/201/201 224/224/224 225/225/225
f 201/201/201 225/225/225 202/202/202
f 202/202/202 225/225/225 226/226/226
f 202/202/202 226/226/226 203/203/203
f 203/203/203 226/226/226 227/227/227
f 203/203/203 227/227/227 204/204/204
f 204/204/204 227/227/227 228/228/228
f 204/204/204 228/228/228 205/205/205
f 205/205/205 228/228/228 229/229/229
f 205/205/205 229/229/229 206/206/206
f 206/206/206 229/229/229 230/230/230
f 206/206/206 230/230/230 207/207/207
f 207/207/207 230/230/230 231/231/231
f 207/207/207 231/231/231 208/208/208
f 208/208/208 231/231/231 232/232/232
f 208/208/208 232/232/232 209/209/209
f 209/209/209 232/232/232 210/210/210
f 209/209/209 210/210/210 187/187/187
f 233/233/233 234/234/234 235/235/235
f 233/233/233 235/235/235 236/236/236
f 237/237/237 238/238/238 239/239/239
f 237/237/237 239/239/239 240/240/240
f 241/241/241 242/242/242 243/243/243
f 241/241/241 243/243/243 244/244/244
f 245/245/245 246/246/246 247/247/247
f 245/245/245 247/247/247 248/248/248
f 249/249/249 250/250/250 251/251/251
f 249/249/249 251/251/251 252/252/252
f 253/253/253 254/254/254 255/255/255
f 253/253/253 255/255/255 256/256/256
f 257/257/257 258/258/258 259/259/259
f 257/257/257 259/259/259 260/260/260
f 261/261/261 262/262/262 263/263/263
f 261/261/261 263/263/263 264/264/264
f 265/265/265 266/266/266 267/267/267
f 265/265/265 267/267/267 268/268/268
f 269/269/269 270/270/270 271/271/271
f 269/269/269 271/271/271 272/272/272
f 273/273/273 274/274/274 275/275/275
f 273/273/273 275/275/275 276/276/276
f 277/277/277 278/278/278 279/279/279
f 277/277/277 279/279/279 280/280/280
f 281/281/281 282/282/282 283/283/283
f 281/281/281 283/283/283 284/284/284
f 285/285/285 286/286/286 287/287/287
f 285/285/285 287/287/287 288/288/288
f 289/289/289 290/290/290 291/291/291
f 289/289/289 291/291/291 292/292/292
f 293/293/293 294/294/294 295/295/295
f 293/293/293 295/295/295 296/296/296
f 297/297/297 298/298/298 299/299/299
f 297/297/297 299/299/299 300/300/300
f 301/301/301 302/302/302 303/303/303
f 301/301/301 303/303/303 304/304/304
f 305/305/305 306/306/306 307/307/307
f 305/305/305 307/307/307 308/308/308
f 309/309/309 310/310/310 311/311/311
f 309/309/309 311/311/311 312/312/312
f 313/313/313 314/314/314 315/315/315
f 313/313/313 315/315/315 316/316/316
f 317/317/317 318/318/318 319/319/319
f 317/317/317 319/319/319 320/320/320
f 321/321/321 322/322/322 323/323/323
f 321/321/321 323/323/323 324/324/324
f 325/325/325 326/326/326 327/327/327
f 325/325/325 327/327/327 328/328/328
f 329/329/329 330/330/330 331/331/331
f 329/329/329 331/331/331 332/332/332
f 333/333/333 334/334/334 335/335/335
f 333/333/333 335/335/335 336/336/336
f 337/337/337 338/338/338 339/339/339
f 337/337/337 339/339/339 340/340/340
f 341/341/341 342/342/342 343/343/343
f 341/341/341 343/343/343 344/344/344
f 345/345/345 346/346/346 347/347/347
f 345/345/345 347/347/347 348/348/348
f 349/349/349 350/350/350 351/351/351
f 349/349/349 351/351/351 352/352/352
f 353/353/353 354/354/354 355/355/355
f 353/353/353 355/355/355 356/356/356
f 357/357/357 358/358/358 359/359/359
f 357/357/357 359/359/359 360/360/360
f 361/361/361 362/362/362 363/363/363
f 361/361/361 363/363/363 364/364/364
f 365/365/365 366/366/366 367/367/367
f 365/365/365 367/367/367 368/368/368
f 369/369/369 370/370/370 371/371/371
f 369/369/369 371/371/371 372/372/372
f 373/373/373 374/374/374 375/375/375
f 373/373/373 375/375/375 376/376/376
f 377/377/377 378/378/378 379/379/379
f 377/377/377 379/379/379 380/380/380
f 381/381/381 382/382/382 383/383/383
f 381/381/381 383/383/383 384/384/384
f 385/385/385 386/386/386 387/387/387
f 385/385/385 387/387/387 388/388/388
f 389/389/389 390/390/390 391/391/391
f 389/389/389 391/391/391 392/392/392
f 393/393/393 394/394/394 395/395/395
f 393/393/393 395/395/395 396/396/396
f 397/397/397 398/398/398 399/399/399
f 397/397/397 399/399/399 400/400/400
f 401/401/401 402/402/402 403/403/403
f 401/401/401 403/403/403 404/404/404
f 405/405/405 406/406/406 407/407/407
f 405/405/405 407/407/407 408/408/408
f 409/409/409 410/410/410 411/411/411
f 409/409/409 411/411/411 412/412/412
f 413/413/413 414/414/414 415/415/415
f 413/413/413 415/415/415 416/416/416
f 417/417/417 418/418/418 419/419/419
f 417/417/417 419/419/419 420/420/420
f 421/421/421 422/422/422 423/423/423
f 421/421/421 423/423/423 424/424/424
f 425/425/425 426/426/426 427/427/427
f 425/425/425 427/427/427 428/428/428
f 429/429/429 430/430/430 431/431/431
f 429/429/429 431/431/431 432/432/432
f 433/433/433 434/434/434 435/435/435
f 433/433/433 435/435/435 436/436/436
f 437/437/437 438/438/438 439/439/439
f 437/437/437 439/439/439 440/440/440
f 441/441/441 442/442/442 443/443/443
f 441/441/441 443/443/443 444/444/444
f 445/445/445 446/446/446 447/447/447
f 445/445/445 447/447/447 448/448/448
f 449/449/449 450/450/450 451/451/451
f 449/449/449 451/451/451 452/452/452
f 453/453/453 454/454/454 455/455/455
f 453/453/453 455/455/455 456/456/456
f 457/457/457 458/458/458 459/459/459
f 457/457/457 459/459/459 460/460/460
f 461/461/461 462/462/462 463/463/463
f 461/461/461 463/463/463 464/464/464
f 465/465/465 466/466/466 467/467/467
f 465/465/465 467/467/467 468/468/468
f 469/469/469 470/470/470 471/471/471
f 469/469/469 471/471/471 472/472/472
f 473/473/473 474/474/474 475/475/475
f 473/473/473 475/475/475 476/476/476
f 477/477/477 478/478/478 479/479/479
f 477/477/477 479/479/479 480/480/480
f 481/481/481 482/482/482 483/483/483
f 481/481/481 483/483/483 484/484/484
f 485/485/485 486/486/486 487/487/487
f 485/485/485 487/487/487 488/488/488
f 489/489/489 490/490/490 491/491/491
f 489/489/489 491/491/491 492/492/492
f 493/493/493 494/494/494 495/495/495
f 493/493/493 495/495/495 496/496/496
f 497/497/497 498/498/498 499/499/499
f 497/497/497 499/499/499 500/500/500
f 501/501/501 502/502/502 503/503/503
f 501/501/501 503/503/503 504/504/504
f 505/505/505 506/506/506 507/507/507
f 505/505/505 507/507/507 508/508/508
f 509/509/509 517/517/517 518/518/518
f 509/509/509 518/518/518 510/510/510
f 510/510/510 518/518/518 519/519/519
f 510/510/510 519/519/519 511/511/511
f 511/511/511 519/519/519 520/520/520
f 511/511/511 520/520/520 512/512/512
f 512/512/512 520/520/520 521/521/521
f 512/512/512 521/521/521 513/513/513
f 513/513/513 521/521/521 522/522/522
f 513/513/513 522/522/522 514/514/514
f 514/514/514 522/522/522 523/523/523
f 514/514/514 523/523/523 515/515/515
f 515/515/515 523/523/523 524/524/524
f 515/515/515 524/524/524 516/516/516
f 516/516/516 524/524/524 517/517/517
f 516/516/516 517/517/517 509/509/509
f 517/517/517 525/525/525 526/526/526
f 517/517/517 526/526/526 518/518/518
f 518/518/518 526/526/526 527/527/527
f 518/518/518 527/527/527 519/519/519
f 519/519/519 527/527/527 528/528/528
f 519/519/519 528/528/528 520/520/520
f 520/520/520 528/528/528 529/529/529
f 520/520/520 529/529/529 521/521/521
f 521/521/521 529/529/529 530/530/530
f 521/521/521 530/530/530 522/522/522
f 522/522/522 530/530/530 531/531/531
f 522/522/522 531/531/531 523/523/523
f 523/523/523 531/531/531 532/532/532
f 523/523/523 532/532/532 524/524/524
f 524/524/524 532/532/532 525/525/525
f 524/524/524 525/525/525 517/517/517
f 525/525/525 533/533/533 534/534/534
f 525/525/525 534/534/534 526/526/526
f 526/526/526 534/534/534 535/535/535
f 526/526/526 535/535/535 527/527/527
f 527/527/527 535/535/535 536/536/536
f 527/527/527 536/536/536 528/528/528
f 528/528/528 536/536/536 537/537/537
f 528/528/528 537/537/537 529/529/529
f 529/529/529 537/537/537 538/538/538
f 529/529/529 538/538/538 530/530/530
f 530/530/530 538/538/538 539/539/539
f 530/530/530 539/539/539 531/531/531
f 531/531/531 539/539/539 540/540/540
f 531/531/531 540/540/540 532/532/532
f 532/532/532 540/540/540 533/533/533
f 532/532/532 533/533/533 525/525/525
f 541/541/541 510/510/510 509/509/509
f 541/541/541 511/511/511 510/510/510
f 541/541/541 512/512/512 511/511/511
f 541/541/541 513/513/513 512/512/512
f 541/541/541 514/514/514 513/513/513
f 541/541/541 515/515/515 514/514/514
f 541/541/541 516/516/516 515/515/515
f 541/541/541 509/509/509 516/516/516
f 542/542/542 533/533/533 534/534/534
f 542/542/542 534/534/534 535/535/535
f 542/542/542 535/535/535 536/536/536
f 542/542/542 536/536/536 537/537/537
f 542/542/542 537/537/537 538/538/538
f 542/542/542 538/538/538 539/539/539
f 542/542/542 539/539/539 540/540/540
f 542/542/542 540/540/540 533/533/533
f 543/543/543 551/551/551 552/552/552
f 543/543/543 552/552/552 544/544/544
f 544/544/544 552/552/552 553/553/553
f 544/544/544 553/553/553 545/545/545
f 545/545/545 553/553/553 554/554/554
f 545/545/545 554/554/554 546/546/546
f 546/546/546 554/554/554 555/555/555
f 546/546/546 555/555/555 547/547/547
f 547/547/547 555/555/555 556/556/556
f 547/547/547 556/556/556 548/548/548
f 548/548/548 556/556/556 557/557/557
f 548/548/548 557/557/557 549/549/549
f 549/549/549 557/557/557 558/558/558
f 549/549/549 558/558/558 550/550/550
f 550/550/550 558/558/558 551/551/551
f 550/550/550 551/551/551 543/543/543
f 551/551/551 559/559/559 560/560/560
f 551/551/551 560/560/560 552/552/552
f 552/552/552 560/560/560 561/561/561
f 552/552/552 561/561/561 553/553/553
f 553/553/553 561/561/561 562/562/562
f 553/553/553 562/562/562 554/554/554
f 554/554/554 562/562/562 563/563/563
f 554/554/554 563/563/563 555/555/555
f 555/555/555 563/563/563 564/564/564
f 555/555/555 564/564/564 556/556/556
f 556/556/556 564/564/564 565/565/565
f 556/556/556 565/565/565 557/557/557
f 557/557/557 565/565/565 566/566/566
f 557/557/557 566/566/566 558/558/558
f 558/558/558 566/566/566 559/559/559
f 558/558/558 559/559/559 551/551/551
f 559/559/559 567/567/567 568/568/568
f 559/559/559 568/568/568 560/560/560
f 560/560/560 568/568/568 569/569/569
f 560/560/560 569/569/569 561/561/561
f 561/561/561 569/569/569 570/570/570
f 561/561/561 570/570/570 562/562/562
f 562/562/562 570/570/570 571/571/571
f 562/562/562 571/571/571 563/563/563
f 563/563/563 571/571/571 572/572/572
f 563/563/563 572/572/572 564/564/564
f 564/564/564 572/572/572 573/573/573
f 564/564/564 573/573/573 565/565/565
f 565/565/565 573/573/573 574/574/574
f 565/565/565 574/574/574 566/566/566
f 566/566/566 574/574/574 567/567/567
f 566/566/566 567/567/567 559/559/559
f 575/575/575 544/544/544 543/543/543
f 575/575/575 545/545/545 544/544/544
f 575/575/575 546/546/546 545/545/545
f 575/575/575 547/547/547 546/546/546
f 575/575/575 548/548/548 547/547/547
f 575/575/575 549/549/549 548/548/548
f 575/575/575 550/550/550 549/549/549
f 575/575/575 543/543/543 550/550/550
f 576/576/576 567/567/567 568/568/568
f 576/576/576 568/568/568 569/569/569
f 576/576/576 569/569/569 570/570/570
f 576/576/576 570/570/570 571/571/571
f 576/576/576 571/571/571 572/572/572
f 576/576/576 572/572/572 573/573/573
f 576/576/576 573/573/573 574/574/574
f 576/576/576 574/574/574 567/567/567
f 577/577/577 587/587/587 588/588/588
f 577/577/577 588/588/588 578/578/578
f 578/578/578 588/588/588 589/589/589
f 578/578/578 589/589/589 579/579/579
f 579/579/579 589/589/589 590/590/590
f 579/579/579 590/590/590 580/580/580
f 580/580/580 590/590/590 591/591/591
f 580/580/580 591/591/591 581/581/581
f 581/581/581 591/591/591 592/592/592
f 581/581/581 592/592/592 582/582/582
f 582/582/582 592/592/592 593/593/593
f 582/582/582 593/593/593 583/583/583
f 583/583/583 593/593/593 594/594/594
f 583/583/583 594/594/594 584/584/584
f 584/584/584 594/594/594 595/595/595
f 584/584/584 595/595/595 585/585/585
f 585/585/585 595/595/595 596/596/596
f 585/585/585 596/596/596 586/586/586
f 586/586/586 596/596/596 587/587/587
f 586/586/586 587/587/587 577/577/577
f 587/587/587 597/597/597 598/598/598
f 587/587/587 598/598/598 588/588/588
f 588/588/588 598/598/598 599/599/599
f 588/588/588 599/599/599 589/589/589
f 589/589/589 599/599/599 600/600/600
f 589/589/589 600/600/600 590/590/590
f 590/590/590 600/600/600 601/601/601
f 590/590/590 601/601/601 591/591/591
f 591/591/591 601/601/601 602/602/602
f 591/591/591 602/602/602 592/592/592
f 592/592/592 602/602/602 603/603/603
f 592/592/592 603/603/603 593/593/593
f 593/593/593 603/603/603 604/604/604
f 593/593/593 604/604/604 594/594/594
f 594/594/594 604/604/604 605/605/605
f 594/594/594 605/605/605 595/595/595
f 595/595/595 605/605/605 606/606/606
f 595/595/595 606/606/606 596/596/596
f 596/596/596 606/606/606 597/597/597
f 596/596/596 597/597/597 587/587/587
f 597/597/597 607/607/607 608/608/608
f 597/597/597 608/608/608 598/598/598
f 598/598/598 608/608/608 609/609/609
f 598/598/598 609/609/609 599/599/599
f 599/599/599 609/609/609 610/610/610
f 599/599/599 610/610/610 600/600/600
f 600/600/600 610/610/610 611/611/611
f 600/600/600 611/611/611 601/601/601
f 601/601/601 611/611/611 612/612/612
f 601/601/601 612/612/612 602/602/602
f 602/602/602 612/612/612 613/613/613
f 602/602/602 613/613/613 603/603/603
f 603/603/603 613/613/613 614/614/614
f 603/603/603 614/614/614 604/604/604
f 604/604/604 614/614/614 615/615/615
f 604/604/604 615/615/615 605/605/605
f 605/605/605 615/615/615 616/616/616
f 605/605/605 616/616/616 606/606/606
f 606/606/606 616/616/616 607/607/607
f 606/606/606 607/607/607 597/597/597
f 617/617/617 578/578/578 577/577/577
f 617/617/617 579/579/579 578/578/578
f 617/617/617 580/580/580 579/579/579
f 617/617/617 581/581/581 580/580/580
f 617/617/617 582/582/582 581/581/581
f 617/617/617 583/583/583 582/582/582
f 617/617/617 584/584/584 583/583/583
f 617/617/617 585/585/585 584/584/584
f 617/617/617 586/586/586 585/585/585
f 617/617/617 577/577/577 586/586/586
f 618/618/618 607/607/607 608/608/608
f 618/618/618 608/608/608 609/609/609
f 618/618/618 609/609/609 610/610/610
f 618/618/618 610/610/610 611/611/611
f 618/618/618 611/611/611 612/612/612
f 618/618/618 612/612/612 613/613/613
f 618/618/618 613/613/613 614/614/614
f 618/618/618 614/614/614 615/615/615
f 618/618/618 615/615/615 616/616/616
f 618/618/618 616/616/616 607/607/607
f 619/619/619 620/620/620 621/621/621
f 619/619/619 621/621/621 622/622/622
f 623/623/623 624/624/624 625/625/625
f 623/623/623 625/625/625 626/626/626
f 627/627/627 628/628/628 629/629/629
f 627/627/627 629/629/629 630/630/630
f 631/631/631 632/632/632 633/633/633
f 631/631/631 633/633/633 634/634/634
f 635/635/635 636/636/636 637/637/637
f 635/635/635 637/637/637 638/638/638
f 639/639/639 640/640/640 641/641/641
f 639/639/639 641/641/641 642/642/642
f 643/643/643 644/644/644 645/645/645
f 643/643/643 645/645/645 646/646/646
f 647/647/647 648/648/648 649/649/649
f 647/647/647 649/649/649 650/650/650
f 651/651/651 652/652/652 653/653/653
f 651/651/651 653/653/653 654/654/654
f 655/655/655 656/656/656 657/657/657
f 655/655/655 657/657/657 658/658/658
f 659/659/659 660/660/660 661/661/661
f 659/659/659 661/661/661 662/662/662
f 663/663/663 664/664/664 665/665/665
f 663/663/663 665/665/665 666/666/666
f 667/667/667 668/668/668 669/669/669
f 667/667/667 669/669/669 670/670/670
f 671/671/671 672/672/672 673/673/673
f 671/671/671 673/673/673 674/674/674
f 675/675/675 676/676/676 677/677/677
f 675/675/675 677/677/677 678/678/678
f 679/679/679 680/680/680 681/681/681
f 679/679/679 681/681/681 682/682/682
f 683/683/683 684/684/684 685/685/685
f 683/683/683 685/685/685 686/686/686
f 687/687/687 688/688/688 689/689/689
f 687/687/687 689/689/689 690/690/690
f 691/691/691 693/693/693 692/692/692
f 694/694/694 695/695/695 696/696/696
f 697/697/697 698/698/698 699/699/699
f 700/700/700 702/702/702 701/701/701
f 703/703/703 704/704/704 705/705/705
f 706/706/706 708/708/708 707/707/707
f 709/709/709 711/711/711 710/710/710
f 712/712/712 713/713/713 714/714/714
f 715/715/715 716/716/716 717/717/717
f 715/715/715 717/717/717 718/718/718
f 719/719/719 720/720/720 721/721/721
f 719/719/719 721/721/721 722/722/722
f 723/723/723 724/724/724 725/725/725
f 723/723/723 725/725/725 726/726/726
f 727/727/727 728/728/728 729/729/729
f 727/727/727 729/729/729 730/730/730
f 731/731/731 732/732/732 733/733/733
f 731/731/731 733/733/733 734/734/734
f 735/735/735 736/736/736 737/737/737
f 735/735/735 737/737/737 738/738/738
f 739/739/739 740/740/740 741/741/741
f 739/739/739 741/741/741 742/742/742
f 743/743/743 744/744/744 745/745/745
f 743/743/743 745/745/745 746/746/746
f 747/747/747 748/748/748 749/749/749
f 747/747/747 749/749/749 750/750/750
f 751/751/751 752/752/752 753/753/753
f 751/751/751 753/753/753 754/754/754
f 755/755/755 756/756/756 757/757/757
f 755/755/755 757/757/757 758/758/758
f 759/759/759 760/760/760 761/761/761
f 759/759/759 761/761/761 762/762/762
f 763/763/763 764/764/764 765/765/765
f 763/763/763 765/765/765 766/766/766
f 767/767/767 768/768/768 769/769/769
f 767/767/767 769/769/769 770/770/770
f 771/771/771 772/772/772 773/773/773
f 771/771/771 773/773/773 774/774/774
f 775/775/775 776/776/776 777/777/777
f 775/775/775 777/777/777 778/778/778
f 779/779/779 780/780/780 781/781/781
f 779/779/779 781/781/781 782/782/782
f 783/783/783 784/784/784 785/785/785
f 783/783/783 785/785/785 786/786/786
f 787/787/787 789/789/789 788/788/788
f 790/790/790 791/791/791 792/792/792
f 793/793/793 794/794/794 795/795/795
f 796/796/796 798/798/798 797/797/797
f 799/799/799 800/800/800 801/801/801
f 802/802/802 804/804/804 803/803/803
f 805/805/805 807/807/807 806/806/806
f 808/808/808 809/809/809 810/810/810
f 811/811/811 819/819/819 820/820/820
f 811/811/811 820/820/820 812/812/812
f 812/812/812 820/820/820 821/821/821
f 812/812/812 821/821/821 813/813/813
f 813/813/813 821/821/821 822/822/822
f 813/813/813 822/822/822 814/814/814
f 814/814/814 822/822/822 823/823/823
f 814/814/814 823/823/823 815/815/815
f 815/815/815 823/823/823 824/824/824
f 815/815/815 824/824/824 816/816/816
f 816/816/816 824/824/824 825/825/825
f 816/816/816 825/825/825 817/817/817
f 817/817/817 825/825/825 826/826/826
f 817/817/817 826/826/826 818/818/818
f 818/818/818 826/826/826 819/819/819
f 818/818/818 819/819/819 811/811/811
f 819/819/819 827/827/827 828/828/828
f 819/819/819 828/828/828 820/820/820
f 820/820/820 828/828/828 829/829/829
f 820/820/820 829/829/829 821/821/821
f 821/821/821 829/829/829 830/830/830
f 821/821/821 830/830/830 822/822/822
f 822/822/822 830/830/830 831/831/831
f 822/822/822 831/831/831 823/823/823
f 823/823/823 831/831/831 832/832/832
f 823/823/823 832/832/832 824/824/824
f 824/824/824 832/832/832 833/833/833
f 824/824/824 833/833/833 825/825/825
f 825/825/825 833/833/833 834/834/834
f 825/825/825 834/834/834 826/826/826
f 826/826/826 834/834/834 827/827/827
f 826/826/826 827/827/827 819/819/819
f 827/827/827 835/835/835 836/836/836
f 827/827/827 836/836/836 828/828/828
f 828/828/828 836/836/836 837/837/837
f 828/828/828 837/837/837 829/829/829
f 829/829/829 837/837/837 838/838/838
f 829/829/829 838/838/838 830/830/830
f 830/830/830 838/838/838 839/839/839
f 830/830/830 839/839/839 831/831/831
f 831/831/831 839/839/839 840/840/840
f 831/831/831 840/840/840 832/832/832
f 832/832/832 840/840/840 841/841/841
f 832/832/832 841/841/841 833/833/833
f 833/833/833 841/841/841 842/842/842
f 833/833/833 842/842/842 834/834/834
f 834/834/834 842/842/842 835/835/835
f 834/834/834 835/835/835 827/827/827
f 843/843/843 812/812/812 811/811/811
f 843/843/843 813/813/813 812/812/812
f 843/843/843 814/814/814 813/813/813
f 843/843/843 815/815/815 814/814/814
f 843/843/843 816/816/816 815/815/815
f 843/843/843 817/817/817 816/816/816
f 843/843/843 818/818/818 817/817/817
f 843/843/843 811/811/811 818/818/818
f 844/844/844 835/835/835 836/836/836
f 844/844/844 836/836/836 837/837/837
f 844/844/844 837/837/837 838/838/838
f 844/844/844 838/838/838 839/839/839
f 844/844/844 839/839/839 840/840/840
f 844/844/844 840/840/840 841/841/841
f 844/844/844 841/841/841 842/842/842
f 844/844/844 842/842/842 835/835/835
f 845/845/845 846/846/846 847/847/847
f 845/845/845 847/847/847 848/848/848
f 849/849/849 850/850/850 851/851/851
f 849/849/849 851/851/851 852/852/852
f 853/853/853 854/854/854 855/855/855
f 853/853/853 855/855/855 856/856/856
f 857/857/857 858/858/858 859/859/859
f 857/857/857 859/859/859 860/860/860
f 861/861/861 862/862/862 863/863/863
f 861/861/861 863/863/863 864/864/864
f 865/865/865 866/866/866 867/867/867
f 865/865/865 867/867/867 868/868/868
f 869/869/869 870/870/870 871/871/871
f 869/869/869 871/871/871 872/872/872
f 873/873/873 874/874/874 875/875/875
f 873/873/873 875/875/875 876/876/876
f 877/877/877 878/878/878 879/879/879
f 877/877/877 879/879/879 880/880/880
f 881/881/881 882/882/882 883/883/883
f 881/881/881 883/883/883 884/884/884
f 885/885/885 886/886/886 887/887/887
f 885/885/885 887/887/887 888/888/888
f 889/889/889 890/890/890 891/891/891
f 889/889/889 891/891/891 892/892/892
f 893/893/893 894/894/894 895/895/895
f 893/893/893 895/895/895 896/896/896
f 897/897/897 898/898/898 899/899/899
f 897/897/897 899/899/899 900/900/900
f 901/901/901 902/902/902 903/903/903
f 901/901/901 903/903/903 904/904/904
f 905/905/905 906/906/906 907/907/907
f 905/905/905 907/907/907 908/908/908
f 909/909/909 910/910/910 911/911/911
f 909/909/909 911/911/911 912/912/912
f 913/913/913 914/914/914 915/915/915
f 913/913/913 915/915/915 916/916/916
f 917/917/917 919/919/919 918/918/918
f 920/920/920 921/921/921 922/922/922
f 923/923/923 924/924/924 925/925/925
f 926/926/926 928/928/928 927/927/927
f 929/929/929 930/930/930 931/931/931
f 932/932/932 934/934/934 933/933/933
f 935/935/935 937/937/937 936/936/936
f 938/938/938 939/939/939 940/940/940
f 941/941/941 942/942/942 943/943/943
f 941/941/941 943/943/943 944/944/944
f 945/945/945 946/946/946 947/947/947
f 945/945/945 947/947/947 948/948/948
f 949/949/949 950/950/950 951/951/951
f 949/949/949 951/951/951 952/952/952
f 953/953/953 954/954/954 955/955/955
f 953/953/953 955/955/955 956/956/956
f 957/957/957 958/958/958 959/959/959
f 957/957/957 959/959/959 960/960/960
f 961/961/961 962/962/962 963/963/963
f 961/961/961 963/963/963 964/964/964
f 965/965/965 966/966/966 967/967/967
f 965/965/965 967/967/967 968/968/968
f 969/969/969 970/970/970 971/971/971
f 969/969/969 971/971/971 972/972/972
f 973/973/973 974/974/974 975/975/975
f 973/973/973 975/975/975 976/976/976
f 977/977/977 978/978/978 979/979/979
f 977/977/977 979/979/979 980/980/980
f 981/981/981 982/982/982 983/983/983
f 981/981/981 983/983/983 984/984/984
f 985/985/985 986/986/986 987/987/987
f 985/985/985 987/987/987 988/988/988
f 989/989/989 990/990/990 991/991/991
f 989/989/989 991/991/991 992/992/992
f 993/993/993 994/994/994 995/995/995
f 993/993/993 995/995/995 996/996/996
f 997/997/997 998/998/998 999/999/999
f 997/997/997 999/999/999 1000/1000/1000
f 1001/1001/1001 1002/1002/1002 1003/1003/1003
f 1001/1001/1001 1003/1003/1003 1004/1004/1004
f 1005/1005/1005 1006/1006/1006 1007/1007/1007
f 1005/1005/1005 1007/1007/1007 1008/1008/1008
f 1009/1009/1009 1010/1010/1010 1011/1011/1011
f 1009/1009/1009 1011/1011/1011 1012/1012/1012
f 1013/1013/1013 1015/1015/1015 1014/1014/1014
f 1016/1016/1016 1017/1017/1017 1018/1018/1018
f 1019/1019/1019 1020/1020/1020 1021/1021/1021
f 1022/1022/1022 1024/1024/1024 1023/1023/1023
f 1025/1025/1025 1026/1026/1026 1027/1027/1027
f 1028/1028/1028 1030/1030/1030 1029/1029/1029
f 1031/1031/1031 1033/1033/1033 1032/1032/1032
f 1034/1034/1034 1035/1035/1035 1036/1036/1036
