# sat_dish_00
mtllib props.mtl
o sat_dish_00
usemtl MetalGrey
v 0.000000 0.014033 0.344859
v 0.095675 0.017780 0.328910
v 0.088158 0.045520 0.319191
v 0.071970 0.070029 0.311591
v 0.048698 0.088908 0.306855
v 0.020617 0.100309 0.305446
v -0.009522 0.103116 0.307501
v -0.038770 0.097054 0.312820
v -0.064263 0.082716 0.320882
v -0.083507 0.061507 0.330898
v -0.094617 0.035501 0.341887
v -0.096506 0.007246 0.352774
v -0.088989 -0.020494 0.362493
v -0.072802 -0.045003 0.370092
v -0.049529 -0.063882 0.374829
v -0.021448 -0.075283 0.376238
v 0.008691 -0.078090 0.374183
v 0.037939 -0.072028 0.368864
v 0.063432 -0.057691 0.360802
v 0.082676 -0.036481 0.350786
v 0.093786 -0.010476 0.339797
v 0.190518 0.018487 0.304926
v 0.175484 0.073967 0.285488
v 0.143110 0.122985 0.270289
v 0.096564 0.160743 0.260817
v 0.040404 0.183545 0.257998
v -0.019875 0.189159 0.262109
v -0.078370 0.177035 0.272747
v -0.129357 0.148360 0.288871
v -0.167844 0.105941 0.308902
v -0.190065 0.053930 0.330881
v -0.193842 -0.002581 0.352654
v -0.178808 -0.058062 0.372092
v -0.146434 -0.107080 0.387291
v -0.099888 -0.144838 0.396764
v -0.043728 -0.167640 0.399583
v 0.016551 -0.173253 0.395472
v 0.075046 -0.161129 0.384834
v 0.126033 -0.132454 0.368710
v 0.164520 -0.090035 0.348678
v 0.186740 -0.038025 0.326700
v 0.284531 0.016153 0.272908
v 0.261980 0.099374 0.243751
v 0.213418 0.172901 0.220953
v 0.143600 0.229538 0.206744
v 0.059359 0.263741 0.202516
v -0.031059 0.272161 0.208682
v -0.118802 0.253975 0.224639
v -0.195282 0.210963 0.248825
v -0.253013 0.147334 0.278872
v -0.286343 0.069318 0.311840
v -0.292010 -0.015449 0.344500
v -0.269459 -0.098669 0.373657
v -0.220898 -0.172196 0.396455
v -0.151079 -0.228833 0.410664
v -0.066838 -0.263036 0.414893
v 0.023579 -0.271457 0.408726
v 0.111323 -0.253271 0.392769
v 0.187803 -0.210258 0.368584
v 0.245534 -0.146630 0.338536
v 0.278864 -0.068614 0.305569
v 0.377712 0.010780 0.232855
v 0.347644 0.121740 0.193980
v 0.282896 0.219777 0.163582
v 0.189804 0.295293 0.144637
v 0.077483 0.340897 0.138999
v -0.043074 0.352124 0.147220
v -0.160065 0.327876 0.168496
v -0.262039 0.270526 0.200744
v -0.339013 0.185688 0.240807
v -0.383453 0.081666 0.284764
v -0.391009 -0.031356 0.328312
v -0.360941 -0.142317 0.367187
v -0.296192 -0.240353 0.397585
v -0.203101 -0.315869 0.416530
v -0.090780 -0.361473 0.422168
v 0.029777 -0.372700 0.413947
v 0.146768 -0.348452 0.392671
v 0.248742 -0.291102 0.360423
v 0.325716 -0.206264 0.320360
v 0.370157 -0.102243 0.276403
v 0.470063 0.002367 0.184768
v 0.432478 0.141067 0.136174
v 0.351542 0.263613 0.098176
v 0.235178 0.358008 0.074495
v 0.094776 0.415012 0.067448
v -0.055920 0.429047 0.077724
v -0.202159 0.398736 0.104319
v -0.329626 0.327049 0.144629
v -0.425844 0.221001 0.194708
v -0.481394 0.090975 0.249654
v -0.490839 -0.050304 0.304089
v -0.453254 -0.189004 0.352683
v -0.372318 -0.311550 0.390681
v -0.255954 -0.405945 0.414362
v -0.115552 -0.462949 0.421409
v 0.035144 -0.476984 0.411132
v 0.181383 -0.446673 0.384537
v 0.308850 -0.374986 0.344227
v 0.405068 -0.268939 0.294149
v 0.460618 -0.138912 0.239203
v -0.000770 0.011215 0.337412
v 0.094904 0.014962 0.321462
v 0.087387 0.042702 0.311743
v 0.071200 0.067211 0.304144
v 0.047927 0.086090 0.299408
v 0.019847 0.097491 0.297998
v -0.010292 0.100298 0.300054
v -0.039540 0.094236 0.305373
v -0.065033 0.079898 0.313435
v -0.084277 0.058689 0.323450
v -0.095387 0.032683 0.334440
v -0.097276 0.004428 0.345326
v -0.089759 -0.023312 0.355045
v -0.073572 -0.047821 0.362645
v -0.050299 -0.066701 0.367381
v -0.022219 -0.078101 0.368791
v 0.007921 -0.080908 0.366735
v 0.037168 -0.074846 0.361416
v 0.062662 -0.060509 0.353354
v 0.081905 -0.039299 0.343338
v 0.093015 -0.013294 0.332349
v 0.189748 0.015669 0.297479
v 0.174714 0.071149 0.278041
v 0.142340 0.120167 0.262842
v 0.095794 0.157925 0.253369
v 0.039633 0.180727 0.250550
v -0.020645 0.186341 0.254661
v -0.079141 0.174217 0.265299
v -0.130128 0.145542 0.281423
v -0.168615 0.103123 0.301455
v -0.190835 0.051112 0.323433
v -0.194613 -0.005399 0.345207
v -0.179579 -0.060880 0.364645
v -0.147204 -0.109898 0.379844
v -0.100659 -0.147656 0.389316
v -0.044498 -0.170458 0.392135
v 0.015780 -0.176071 0.388024
v 0.074276 -0.163947 0.377386
v 0.125263 -0.135272 0.361262
v 0.163750 -0.092853 0.341231
v 0.185970 -0.040843 0.319252
v 0.283761 0.013335 0.265461
v 0.261210 0.096556 0.236304
v 0.212648 0.170083 0.213505
v 0.142830 0.226720 0.199296
v 0.058589 0.260923 0.195068
v -0.031829 0.269343 0.201234
v -0.119573 0.251157 0.217191
v -0.196053 0.208145 0.241377
v -0.253784 0.144516 0.271424
v -0.287114 0.066500 0.304392
v -0.292781 -0.018267 0.337053
v -0.270230 -0.101487 0.366209
v -0.221668 -0.175014 0.389008
v -0.151850 -0.231651 0.403217
v -0.067609 -0.265854 0.407445
v 0.022809 -0.274275 0.401279
v 0.110552 -0.256089 0.385322
v 0.187033 -0.213076 0.361136
v 0.244764 -0.149448 0.331089
v 0.278094 -0.071432 0.298121
v 0.376942 0.007962 0.225408
v 0.346874 0.118922 0.186532
v 0.282125 0.216959 0.156134
v 0.189034 0.292475 0.137189
v 0.076713 0.338079 0.131551
v -0.043844 0.349306 0.139773
v -0.160835 0.325058 0.161049
v -0.262809 0.267708 0.193297
v -0.339783 0.182870 0.233360
v -0.384224 0.078848 0.277317
v -0.391779 -0.034174 0.320864
v -0.361711 -0.145135 0.359740
v -0.296963 -0.243171 0.390138
v -0.203871 -0.318687 0.409083
v -0.091550 -0.364291 0.414721
v 0.029007 -0.375518 0.406499
v 0.145998 -0.351270 0.385223
v 0.247972 -0.293920 0.352975
v 0.324946 -0.209082 0.312912
v 0.369386 -0.105061 0.268955
v 0.469293 -0.000451 0.177321
v 0.431708 0.138249 0.128726
v 0.350772 0.260795 0.090729
v 0.234408 0.355190 0.067047
v 0.094006 0.412194 0.060000
v -0.056690 0.426229 0.070277
v -0.202929 0.395918 0.096872
v -0.330396 0.324231 0.137182
v -0.426614 0.218183 0.187261
v -0.482164 0.088157 0.242207
v -0.491609 -0.053122 0.296641
v -0.454024 -0.191822 0.345235
v -0.373088 -0.314368 0.383233
v -0.256724 -0.408763 0.406915
v -0.116323 -0.465767 0.413962
v 0.034373 -0.479802 0.403685
v 0.180612 -0.449491 0.377090
v 0.308080 -0.377804 0.336780
v 0.404298 -0.271757 0.286701
v 0.459848 -0.141730 0.231755
v 0.480451 0.040368 0.285199
v 0.442866 0.179068 0.236605
v 0.455334 0.183715 0.233557
v 0.493977 0.041109 0.283519
v 0.493977 0.041109 0.283519
v 0.455334 0.183715 0.233557
v 0.449032 0.177048 0.222069
v 0.487252 0.036005 0.271484
v 0.487252 0.036005 0.271484
v 0.449032 0.177048 0.222069
v 0.442096 0.176250 0.229157
v 0.479681 0.037550 0.277752
v 0.442866 0.179068 0.236605
v 0.361930 0.301614 0.198607
v 0.372120 0.309710 0.194489
v 0.455334 0.183715 0.233557
v 0.455334 0.183715 0.233557
v 0.372120 0.309710 0.194489
v 0.366729 0.301663 0.183429
v 0.449032 0.177048 0.222069
v 0.449032 0.177048 0.222069
v 0.366729 0.301663 0.183429
v 0.361160 0.298796 0.191159
v 0.442096 0.176250 0.229157
v 0.361930 0.301614 0.198607
v 0.245566 0.396009 0.174925
v 0.252479 0.406763 0.170141
v 0.372120 0.309710 0.194489
v 0.372120 0.309710 0.194489
v 0.252479 0.406763 0.170141
v 0.248400 0.397653 0.159347
v 0.366729 0.301663 0.183429
v 0.366729 0.301663 0.183429
v 0.248400 0.397653 0.159347
v 0.244796 0.393191 0.167478
v 0.361160 0.298796 0.191159
v 0.245566 0.396009 0.174925
v 0.105164 0.453014 0.167878
v 0.108125 0.465372 0.162896
v 0.252479 0.406763 0.170141
v 0.252479 0.406763 0.170141
v 0.108125 0.465372 0.162896
v 0.105626 0.455621 0.152181
v 0.248400 0.397653 0.159347
v 0.248400 0.397653 0.159347
v 0.105626 0.455621 0.152181
v 0.104394 0.450196 0.160431
v 0.244796 0.393191 0.167478
v 0.105164 0.453014 0.167878
v -0.045532 0.467048 0.178155
v -0.046814 0.479802 0.173462
v 0.108125 0.465372 0.162896
v 0.108125 0.465372 0.162896
v -0.046814 0.479802 0.173462
v -0.047615 0.469892 0.162632
v 0.105626 0.455621 0.152181
v 0.105626 0.455621 0.152181
v -0.047615 0.469892 0.162632
v -0.046302 0.464230 0.170708
v 0.104394 0.450196 0.160431
v -0.045532 0.467048 0.178155
v -0.191771 0.436738 0.204750
v -0.197170 0.448638 0.200806
v -0.046814 0.479802 0.173462
v -0.046814 0.479802 0.173462
v -0.197170 0.448638 0.200806
v -0.196325 0.439070 0.189676
v -0.047615 0.469892 0.162632
v -0.047615 0.469892 0.162632
v -0.196325 0.439070 0.189676
v -0.192541 0.433920 0.197303
v -0.046302 0.464230 0.170708
v -0.191771 0.436738 0.204750
v -0.319238 0.365050 0.245060
v -0.328226 0.374932 0.242250
v -0.197170 0.448638 0.200806
v -0.197170 0.448638 0.200806
v -0.328226 0.374932 0.242250
v -0.325945 0.366171 0.230667
v -0.196325 0.439070 0.189676
v -0.196325 0.439070 0.189676
v -0.325945 0.366171 0.230667
v -0.320008 0.362232 0.237613
v -0.192541 0.433920 0.197303
v -0.319238 0.365050 0.245060
v -0.415456 0.259003 0.295139
v -0.427152 0.265899 0.293739
v -0.328226 0.374932 0.242250
v -0.328226 0.374932 0.242250
v -0.427152 0.265899 0.293739
v -0.423788 0.258332 0.281592
v -0.325945 0.366171 0.230667
v -0.325945 0.366171 0.230667
v -0.423788 0.258332 0.281592
v -0.416226 0.256185 0.287692
v -0.320008 0.362232 0.237613
v -0.415456 0.259003 0.295139
v -0.471006 0.128976 0.350085
v -0.484266 0.132212 0.350232
v -0.427152 0.265899 0.293739
v -0.427152 0.265899 0.293739
v -0.484266 0.132212 0.350232
v -0.480277 0.126109 0.337466
v -0.423788 0.258332 0.281592
v -0.423788 0.258332 0.281592
v -0.480277 0.126109 0.337466
v -0.471776 0.126158 0.342637
v -0.416226 0.256185 0.287692
v -0.471006 0.128976 0.350085
v -0.480451 -0.012302 0.404519
v -0.493977 -0.013044 0.406199
v -0.484266 0.132212 0.350232
v -0.484266 0.132212 0.350232
v -0.493977 -0.013044 0.406199
v -0.489881 -0.017555 0.392820
v -0.480277 0.126109 0.337466
v -0.480277 0.126109 0.337466
v -0.489881 -0.017555 0.392820
v -0.481221 -0.015120 0.397072
v -0.471776 0.126158 0.342637
v -0.480451 -0.012302 0.404519
v -0.442866 -0.151003 0.453114
v -0.455334 -0.155649 0.456161
v -0.493977 -0.013044 0.406199
v -0.493977 -0.013044 0.406199
v -0.455334 -0.155649 0.456161
v -0.451661 -0.158599 0.442235
v -0.489881 -0.017555 0.392820
v -0.489881 -0.017555 0.392820
v -0.451661 -0.158599 0.442235
v -0.443636 -0.153821 0.445666
v -0.481221 -0.015120 0.397072
v -0.442866 -0.151003 0.453114
v -0.361930 -0.273548 0.491111
v -0.372120 -0.281645 0.495229
v -0.455334 -0.155649 0.456161
v -0.455334 -0.155649 0.456161
v -0.372120 -0.281645 0.495229
v -0.369358 -0.283214 0.480874
v -0.451661 -0.158599 0.442235
v -0.451661 -0.158599 0.442235
v -0.369358 -0.283214 0.480874
v -0.362700 -0.276366 0.483664
v -0.443636 -0.153821 0.445666
v -0.361930 -0.273548 0.491111
v -0.245566 -0.367943 0.514793
v -0.252479 -0.378697 0.519577
v -0.372120 -0.281645 0.495229
v -0.372120 -0.281645 0.495229
v -0.252479 -0.378697 0.519577
v -0.251028 -0.379204 0.504956
v -0.369358 -0.283214 0.480874
v -0.369358 -0.283214 0.480874
v -0.251028 -0.379204 0.504956
v -0.246336 -0.370761 0.507345
v -0.362700 -0.276366 0.483664
v -0.245566 -0.367943 0.514793
v -0.105164 -0.424948 0.521840
v -0.108125 -0.437307 0.526823
v -0.252479 -0.378697 0.519577
v -0.252479 -0.378697 0.519577
v -0.108125 -0.437307 0.526823
v -0.108255 -0.437172 0.512122
v -0.251028 -0.379204 0.504956
v -0.251028 -0.379204 0.504956
v -0.108255 -0.437172 0.512122
v -0.105935 -0.427766 0.514393
v -0.246336 -0.370761 0.507345
v -0.105164 -0.424948 0.521840
v 0.045532 -0.438982 0.511563
v 0.046814 -0.451736 0.516256
v -0.108125 -0.437307 0.526823
v -0.108125 -0.437307 0.526823
v 0.046814 -0.451736 0.516256
v 0.044987 -0.451443 0.501672
v -0.108255 -0.437172 0.512122
v -0.108255 -0.437172 0.512122
v 0.044987 -0.451443 0.501672
v 0.044761 -0.441800 0.504116
v -0.105935 -0.427766 0.514393
v 0.045532 -0.438982 0.511563
v 0.191771 -0.408672 0.484968
v 0.197170 -0.420573 0.488913
v 0.046814 -0.451736 0.516256
v 0.046814 -0.451736 0.516256
v 0.197170 -0.420573 0.488913
v 0.193696 -0.420621 0.474627
v 0.044987 -0.451443 0.501672
v 0.044987 -0.451443 0.501672
v 0.193696 -0.420621 0.474627
v 0.191001 -0.411490 0.477521
v 0.044761 -0.441800 0.504116
v 0.191771 -0.408672 0.484968
v 0.319238 -0.336985 0.444658
v 0.328226 -0.346867 0.447468
v 0.197170 -0.420573 0.488913
v 0.197170 -0.420573 0.488913
v 0.328226 -0.346867 0.447468
v 0.323316 -0.347722 0.433636
v 0.193696 -0.420621 0.474627
v 0.193696 -0.420621 0.474627
v 0.323316 -0.347722 0.433636
v 0.318468 -0.339803 0.437211
v 0.191001 -0.411490 0.477521
v 0.319238 -0.336985 0.444658
v 0.415456 -0.230937 0.394579
v 0.427152 -0.237834 0.395979
v 0.328226 -0.346867 0.447468
v 0.328226 -0.346867 0.447468
v 0.427152 -0.237834 0.395979
v 0.421159 -0.239883 0.382712
v 0.323316 -0.347722 0.433636
v 0.323316 -0.347722 0.433636
v 0.421159 -0.239883 0.382712
v 0.414686 -0.233755 0.387132
v 0.318468 -0.339803 0.437211
v 0.415456 -0.230937 0.394579
v 0.471006 -0.100910 0.339633
v 0.484266 -0.104146 0.339486
v 0.427152 -0.237834 0.395979
v 0.427152 -0.237834 0.395979
v 0.484266 -0.104146 0.339486
v 0.477648 -0.107660 0.326838
v 0.421159 -0.239883 0.382712
v 0.421159 -0.239883 0.382712
v 0.477648 -0.107660 0.326838
v 0.470236 -0.103728 0.332186
v 0.414686 -0.233755 0.387132
v 0.471006 -0.100910 0.339633
v 0.480451 0.040368 0.285199
v 0.493977 0.041109 0.283519
v 0.484266 -0.104146 0.339486
v 0.484266 -0.104146 0.339486
v 0.493977 0.041109 0.283519
v 0.487252 0.036005 0.271484
v 0.477648 -0.107660 0.326838
v 0.477648 -0.107660 0.326838
v 0.487252 0.036005 0.271484
v 0.479681 0.037550 0.277752
v 0.470236 -0.103728 0.332186
v 0.035974 -0.377980 0.461519
v 0.029226 -0.378003 0.465321
v 0.027116 -0.377280 0.472738
v 0.030880 -0.376235 0.479426
v 0.038314 -0.375480 0.481467
v 0.045062 -0.375458 0.477665
v 0.047172 -0.376181 0.470248
v 0.043407 -0.377225 0.463560
v 0.035872 -0.378089 0.460651
v 0.028537 -0.378113 0.464784
v 0.026244 -0.377328 0.472846
v 0.030336 -0.376192 0.480116
v 0.038416 -0.375372 0.482334
v 0.045751 -0.375347 0.478202
v 0.048044 -0.376133 0.470139
v 0.043952 -0.377268 0.462870
v 0.015305 -0.081579 0.425909
v 0.007970 -0.081603 0.430042
v 0.005677 -0.080818 0.438104
v 0.009769 -0.079682 0.445374
v 0.017849 -0.078862 0.447592
v 0.025184 -0.078837 0.443459
v 0.027477 -0.079623 0.435397
v 0.023385 -0.080758 0.428127
v 0.015407 -0.081470 0.426776
v 0.008659 -0.081493 0.430578
v 0.006549 -0.080770 0.437996
v 0.010313 -0.079725 0.444684
v 0.017747 -0.078970 0.446725
v 0.024495 -0.078948 0.442923
v 0.026605 -0.079671 0.435505
v 0.022841 -0.080715 0.428817
v 0.037144 -0.376730 0.471493
v 0.016577 -0.080220 0.436750
v 0.015451 -0.082073 0.426865
v 0.008742 -0.082391 0.430724
v 0.006623 -0.081437 0.438112
v 0.010335 -0.079771 0.444703
v 0.017703 -0.078368 0.446636
v 0.024412 -0.078050 0.442777
v 0.026531 -0.079003 0.435389
v 0.022819 -0.080670 0.428798
v 0.015353 -0.082234 0.426006
v 0.008061 -0.082579 0.430200
v 0.005758 -0.081543 0.438231
v 0.009792 -0.079732 0.445395
v 0.017801 -0.078207 0.447495
v 0.025093 -0.077861 0.443301
v 0.027396 -0.078898 0.435270
v 0.023362 -0.080709 0.428106
v -0.002180 0.038169 0.405438
v -0.009472 0.037824 0.409631
v -0.011776 0.038860 0.417663
v -0.007742 0.040671 0.424827
v 0.000267 0.042196 0.426927
v 0.007559 0.042542 0.422733
v 0.009863 0.041505 0.414702
v 0.005828 0.039694 0.407538
v -0.002083 0.038330 0.406297
v -0.008791 0.038012 0.410156
v -0.010910 0.038966 0.417544
v -0.007199 0.040632 0.424135
v 0.000169 0.042035 0.426067
v 0.006878 0.042353 0.422209
v 0.008997 0.041400 0.414821
v 0.005286 0.039733 0.408230
v 0.016577 -0.080220 0.436750
v -0.000957 0.040183 0.416182
v -0.028306 0.038684 0.419578
v -0.021559 0.023812 0.424508
v -0.006943 0.015194 0.426257
v 0.009960 0.016121 0.424158
v 0.022693 0.026238 0.419013
v 0.026393 0.041682 0.412786
v 0.019646 0.056553 0.407857
v 0.005030 0.065171 0.406108
v -0.011873 0.064245 0.408207
v -0.024606 0.054127 0.413352
v -0.030684 0.038553 0.419874
v -0.023351 0.022389 0.425232
v -0.007464 0.013021 0.427133
v 0.010909 0.014028 0.424851
v 0.024749 0.025025 0.419259
v 0.028771 0.041812 0.412491
v 0.021437 0.057977 0.407133
v 0.005550 0.067344 0.405232
v -0.012822 0.066337 0.407513
v -0.026663 0.055340 0.413106
v -0.025869 0.056166 0.466421
v -0.018536 0.040002 0.471778
v -0.002649 0.030634 0.473680
v 0.015724 0.031641 0.471398
v 0.029564 0.042638 0.465806
v 0.033585 0.059425 0.459038
v 0.026252 0.075589 0.453680
v 0.010365 0.084957 0.451779
v -0.008008 0.083950 0.454060
v -0.021848 0.072953 0.459653
v -0.023491 0.056296 0.466125
v -0.016745 0.041425 0.471055
v -0.002128 0.032807 0.472804
v 0.014774 0.033733 0.470705
v 0.027507 0.043851 0.465560
v 0.031207 0.059294 0.459333
v 0.024460 0.074166 0.454404
v 0.009844 0.082784 0.452655
v -0.007058 0.081857 0.454754
v -0.019791 0.071740 0.459899
v -0.000957 0.040183 0.416182
v 0.003858 0.057795 0.462729
v -0.020272 0.042891 0.521889
v 0.043146 0.046367 0.514014
v 0.039014 0.087477 0.498886
v -0.024404 0.084001 0.506761
v 0.037850 0.026993 0.462812
v -0.025568 0.023517 0.470687
v -0.029700 0.064627 0.455559
v 0.033718 0.068103 0.447684
v -0.029693 0.068487 0.457320
v 0.033725 0.071963 0.449445
v 0.038444 0.089224 0.495061
v -0.024975 0.085747 0.502936
v -0.020280 0.039031 0.520127
v 0.043139 0.042507 0.512252
v 0.038421 0.025247 0.466636
v -0.024998 0.021771 0.474511
v 0.041112 0.028213 0.465236
v 0.045830 0.045473 0.510852
v 0.041698 0.086584 0.495724
v 0.036980 0.069323 0.450108
v -0.023534 0.041671 0.519465
v -0.028252 0.024411 0.473849
v -0.032384 0.065521 0.458721
v -0.027666 0.082781 0.504337
v -0.024975 0.085747 0.502936
v 0.038444 0.089224 0.495061
v 0.039014 0.087477 0.498886
v -0.024404 0.084001 0.506761
v -0.029693 0.068487 0.457320
v 0.033725 0.071963 0.449445
v 0.033718 0.068103 0.447684
v -0.029700 0.064627 0.455559
v -0.020280 0.039031 0.520127
v 0.043139 0.042507 0.512252
v 0.043146 0.046367 0.514014
v -0.020272 0.042891 0.521889
v -0.024998 0.021771 0.474511
v 0.038421 0.025247 0.466636
v 0.037850 0.026993 0.462812
v -0.025568 0.023517 0.470687
v 0.045830 0.045473 0.510852
v 0.041698 0.086584 0.495724
v 0.039014 0.087477 0.498886
v 0.043146 0.046367 0.514014
v 0.041112 0.028213 0.465236
v 0.036980 0.069323 0.450108
v 0.033718 0.068103 0.447684
v 0.037850 0.026993 0.462812
v -0.023534 0.041671 0.519465
v -0.027666 0.082781 0.504337
v -0.024404 0.084001 0.506761
v -0.020272 0.042891 0.521889
v -0.028252 0.024411 0.473849
v -0.032384 0.065521 0.458721
v -0.029700 0.064627 0.455559
v -0.025568 0.023517 0.470687
v 0.036980 0.069323 0.450108
v 0.041698 0.086584 0.495724
v 0.038444 0.089224 0.495061
v 0.033725 0.071963 0.449445
v 0.041112 0.028213 0.465236
v 0.045830 0.045473 0.510852
v 0.043139 0.042507 0.512252
v 0.038421 0.025247 0.466636
v -0.032384 0.065521 0.458721
v -0.027666 0.082781 0.504337
v -0.024975 0.085747 0.502936
v -0.029693 0.068487 0.457320
v -0.028252 0.024411 0.473849
v -0.023534 0.041671 0.519465
v -0.020280 0.039031 0.520127
v -0.024998 0.021771 0.474511
v -0.025568 0.023517 0.470687
v -0.024998 0.021771 0.474511
v -0.028252 0.024411 0.473849
v -0.020272 0.042891 0.521889
v -0.020280 0.039031 0.520127
v -0.023534 0.041671 0.519465
v -0.029700 0.064627 0.455559
v -0.029693 0.068487 0.457320
v -0.032384 0.065521 0.458721
v -0.024404 0.084001 0.506761
v -0.024975 0.085747 0.502936
v -0.027666 0.082781 0.504337
v 0.037850 0.026993 0.462812
v 0.038421 0.025247 0.466636
v 0.041112 0.028213 0.465236
v 0.043146 0.046367 0.514014
v 0.043139 0.042507 0.512252
v 0.045830 0.045473 0.510852
v 0.033718 0.068103 0.447684
v 0.033725 0.071963 0.449445
v 0.036980 0.069323 0.450108
v 0.039014 0.087477 0.498886
v 0.038444 0.089224 0.495061
v 0.041698 0.086584 0.495724
v -0.067000 -0.082967 0.024000
v 0.067000 -0.082967 0.024000
v 0.067000 0.111033 0.024000
v -0.067000 0.111033 0.024000
v 0.067000 -0.082967 0.000000
v -0.067000 -0.082967 0.000000
v -0.067000 0.111033 0.000000
v 0.067000 0.111033 0.000000
v -0.067000 0.114033 0.003000
v 0.067000 0.114033 0.003000
v 0.067000 0.114033 0.021000
v -0.067000 0.114033 0.021000
v -0.067000 -0.085967 0.021000
v 0.067000 -0.085967 0.021000
v 0.067000 -0.085967 0.003000
v -0.067000 -0.085967 0.003000
v 0.070000 -0.082967 0.003000
v 0.070000 -0.082967 0.021000
v 0.070000 0.111033 0.021000
v 0.070000 0.111033 0.003000
v -0.070000 -0.082967 0.021000
v -0.070000 -0.082967 0.003000
v -0.070000 0.111033 0.003000
v -0.070000 0.111033 0.021000
v -0.067000 0.114033 0.021000
v 0.067000 0.114033 0.021000
v 0.067000 0.111033 0.024000
v -0.067000 0.111033 0.024000
v -0.067000 0.114033 0.003000
v 0.067000 0.114033 0.003000
v 0.067000 0.111033 0.000000
v -0.067000 0.111033 0.000000
v -0.067000 -0.085967 0.021000
v 0.067000 -0.085967 0.021000
v 0.067000 -0.082967 0.024000
v -0.067000 -0.082967 0.024000
v -0.067000 -0.085967 0.003000
v 0.067000 -0.085967 0.003000
v 0.067000 -0.082967 0.000000
v -0.067000 -0.082967 0.000000
v 0.070000 -0.082967 0.021000
v 0.070000 0.111033 0.021000
v 0.067000 0.111033 0.024000
v 0.067000 -0.082967 0.024000
v 0.070000 -0.082967 0.003000
v 0.070000 0.111033 0.003000
v 0.067000 0.111033 0.000000
v 0.067000 -0.082967 0.000000
v -0.070000 -0.082967 0.021000
v -0.070000 0.111033 0.021000
v -0.067000 0.111033 0.024000
v -0.067000 -0.082967 0.024000
v -0.070000 -0.082967 0.003000
v -0.070000 0.111033 0.003000
v -0.067000 0.111033 0.000000
v -0.067000 -0.082967 0.000000
v 0.070000 0.111033 0.003000
v 0.070000 0.111033 0.021000
v 0.067000 0.114033 0.021000
v 0.067000 0.114033 0.003000
v 0.070000 -0.082967 0.003000
v 0.070000 -0.082967 0.021000
v 0.067000 -0.085967 0.021000
v 0.067000 -0.085967 0.003000
v -0.070000 0.111033 0.003000
v -0.070000 0.111033 0.021000
v -0.067000 0.114033 0.021000
v -0.067000 0.114033 0.003000
v -0.070000 -0.082967 0.003000
v -0.070000 -0.082967 0.021000
v -0.067000 -0.085967 0.021000
v -0.067000 -0.085967 0.003000
v -0.067000 -0.082967 0.000000
v -0.067000 -0.085967 0.003000
v -0.070000 -0.082967 0.003000
v -0.067000 -0.082967 0.024000
v -0.067000 -0.085967 0.021000
v -0.070000 -0.082967 0.021000
v -0.067000 0.111033 0.000000
v -0.067000 0.114033 0.003000
v -0.070000 0.111033 0.003000
v -0.067000 0.111033 0.024000
v -0.067000 0.114033 0.021000
v -0.070000 0.111033 0.021000
v 0.067000 -0.082967 0.000000
v 0.067000 -0.085967 0.003000
v 0.070000 -0.082967 0.003000
v 0.067000 -0.082967 0.024000
v 0.067000 -0.085967 0.021000
v 0.070000 -0.082967 0.021000
v 0.067000 0.111033 0.000000
v 0.067000 0.114033 0.003000
v 0.070000 0.111033 0.003000
v 0.067000 0.111033 0.024000
v 0.067000 0.114033 0.021000
v 0.070000 0.111033 0.021000
v -0.016560 0.014033 0.020000
v -0.011710 0.002482 0.021925
v -0.000000 -0.002302 0.022722
v 0.011710 0.002482 0.021925
v 0.016560 0.014033 0.020000
v 0.011710 0.025583 0.018075
v 0.000000 0.030368 0.017278
v -0.011710 0.025583 0.018075
v -0.018000 0.014033 0.020000
v -0.012728 0.001478 0.022092
v -0.000000 -0.003722 0.022959
v 0.012728 0.001478 0.022092
v 0.018000 0.014033 0.020000
v 0.012728 0.026588 0.017908
v 0.000000 0.031788 0.017041
v -0.012728 0.026588 0.017908
v -0.018000 0.034033 0.140000
v -0.012728 0.021478 0.142092
v -0.000000 0.016278 0.142959
v 0.012728 0.021478 0.142092
v 0.018000 0.034033 0.140000
v 0.012728 0.046588 0.137908
v 0.000000 0.051788 0.137041
v -0.012728 0.046588 0.137908
v -0.016560 0.034033 0.140000
v -0.011710 0.022482 0.141925
v -0.000000 0.017698 0.142722
v 0.011710 0.022482 0.141925
v 0.016560 0.034033 0.140000
v 0.011710 0.045583 0.138075
v 0.000000 0.050368 0.137278
v -0.011710 0.045583 0.138075
v 0.000000 0.014033 0.020000
v 0.000000 0.034033 0.140000
v -0.037000 0.007033 0.165000
v 0.037000 0.007033 0.165000
v 0.037000 0.061033 0.165000
v -0.037000 0.061033 0.165000
v 0.037000 0.007033 0.115000
v -0.037000 0.007033 0.115000
v -0.037000 0.061033 0.115000
v 0.037000 0.061033 0.115000
v -0.037000 0.064033 0.118000
v 0.037000 0.064033 0.118000
v 0.037000 0.064033 0.162000
v -0.037000 0.064033 0.162000
v -0.037000 0.004033 0.162000
v 0.037000 0.004033 0.162000
v 0.037000 0.004033 0.118000
v -0.037000 0.004033 0.118000
v 0.040000 0.007033 0.118000
v 0.040000 0.007033 0.162000
v 0.040000 0.061033 0.162000
v 0.040000 0.061033 0.118000
v -0.040000 0.007033 0.162000
v -0.040000 0.007033 0.118000
v -0.040000 0.061033 0.118000
v -0.040000 0.061033 0.162000
v -0.037000 0.064033 0.162000
v 0.037000 0.064033 0.162000
v 0.037000 0.061033 0.165000
v -0.037000 0.061033 0.165000
v -0.037000 0.064033 0.118000
v 0.037000 0.064033 0.118000
v 0.037000 0.061033 0.115000
v -0.037000 0.061033 0.115000
v -0.037000 0.004033 0.162000
v 0.037000 0.004033 0.162000
v 0.037000 0.007033 0.165000
v -0.037000 0.007033 0.165000
v -0.037000 0.004033 0.118000
v 0.037000 0.004033 0.118000
v 0.037000 0.007033 0.115000
v -0.037000 0.007033 0.115000
v 0.040000 0.007033 0.162000
v 0.040000 0.061033 0.162000
v 0.037000 0.061033 0.165000
v 0.037000 0.007033 0.165000
v 0.040000 0.007033 0.118000
v 0.040000 0.061033 0.118000
v 0.037000 0.061033 0.115000
v 0.037000 0.007033 0.115000
v -0.040000 0.007033 0.162000
v -0.040000 0.061033 0.162000
v -0.037000 0.061033 0.165000
v -0.037000 0.007033 0.165000
v -0.040000 0.007033 0.118000
v -0.040000 0.061033 0.118000
v -0.037000 0.061033 0.115000
v -0.037000 0.007033 0.115000
v 0.040000 0.061033 0.118000
v 0.040000 0.061033 0.162000
v 0.037000 0.064033 0.162000
v 0.037000 0.064033 0.118000
v 0.040000 0.007033 0.118000
v 0.040000 0.007033 0.162000
v 0.037000 0.004033 0.162000
v 0.037000 0.004033 0.118000
v -0.040000 0.061033 0.118000
v -0.040000 0.061033 0.162000
v -0.037000 0.064033 0.162000
v -0.037000 0.064033 0.118000
v -0.040000 0.007033 0.118000
v -0.040000 0.007033 0.162000
v -0.037000 0.004033 0.162000
v -0.037000 0.004033 0.118000
v -0.037000 0.007033 0.115000
v -0.037000 0.004033 0.118000
v -0.040000 0.007033 0.118000
v -0.037000 0.007033 0.165000
v -0.037000 0.004033 0.162000
v -0.040000 0.007033 0.162000
v -0.037000 0.061033 0.115000
v -0.037000 0.064033 0.118000
v -0.040000 0.061033 0.118000
v -0.037000 0.061033 0.165000
v -0.037000 0.064033 0.162000
v -0.040000 0.061033 0.162000
v 0.037000 0.007033 0.115000
v 0.037000 0.004033 0.118000
v 0.040000 0.007033 0.118000
v 0.037000 0.007033 0.165000
v 0.037000 0.004033 0.162000
v 0.040000 0.007033 0.162000
v 0.037000 0.061033 0.115000
v 0.037000 0.064033 0.118000
v 0.040000 0.061033 0.118000
v 0.037000 0.061033 0.165000
v 0.037000 0.064033 0.162000
v 0.040000 0.061033 0.162000
v 0.000000 0.011768 0.047964
v -0.006899 0.014781 0.044517
v -0.006899 0.017045 0.036553
v -0.000000 0.016298 0.032036
v 0.006899 0.013285 0.035483
v 0.006899 0.011020 0.043447
v 0.000000 0.011571 0.048657
v -0.007499 0.014846 0.044910
v -0.007499 0.017307 0.036253
v -0.000000 0.016495 0.031343
v 0.007499 0.013220 0.035090
v 0.007499 0.010758 0.043747
v -0.020717 -0.058761 0.028657
v -0.028216 -0.055487 0.024910
v -0.028216 -0.053025 0.016253
v -0.020717 -0.053838 0.011343
v -0.013218 -0.057112 0.015090
v -0.013218 -0.059574 0.023747
v -0.020717 -0.058564 0.027964
v -0.027616 -0.055552 0.024517
v -0.027616 -0.053287 0.016553
v -0.020717 -0.054035 0.012036
v -0.013818 -0.057047 0.015483
v -0.013818 -0.059312 0.023447
v 0.000000 0.014033 0.040000
v -0.020717 -0.056299 0.020000
v 0.001041 0.014033 0.048214
v -0.004255 0.008718 0.044712
v -0.005296 0.008718 0.036498
v -0.001041 0.014033 0.031786
v 0.004255 0.019348 0.035288
v 0.005296 0.019348 0.043502
v 0.001132 0.014033 0.048929
v -0.004625 0.008255 0.045122
v -0.005756 0.008255 0.036193
v -0.001132 0.014033 0.031071
v 0.004625 0.019810 0.034878
v 0.005756 0.019810 0.043807
v 0.158941 -0.130017 0.028929
v 0.153185 -0.135795 0.025122
v 0.152054 -0.135795 0.016193
v 0.156678 -0.130017 0.011071
v 0.162434 -0.124240 0.014878
v 0.163566 -0.124240 0.023807
v 0.158851 -0.130017 0.028214
v 0.153555 -0.135332 0.024712
v 0.152514 -0.135332 0.016498
v 0.156769 -0.130017 0.011786
v 0.162064 -0.124702 0.015288
v 0.163105 -0.124702 0.023502
v 0.000000 0.014033 0.040000
v 0.157810 -0.130017 0.020000
v 0.001149 0.014033 0.031800
v 0.005702 0.009072 0.036618
v 0.004553 0.009072 0.044818
v -0.001149 0.014033 0.048200
v -0.005702 0.018994 0.043382
v -0.004553 0.018994 0.035182
v 0.001249 0.014033 0.031087
v 0.006198 0.008641 0.036324
v 0.004949 0.008641 0.045237
v -0.001249 0.014033 0.048913
v -0.006198 0.019425 0.043676
v -0.004949 0.019425 0.034763
v -0.141510 -0.136421 0.011087
v -0.136561 -0.141814 0.016324
v -0.137810 -0.141814 0.025237
v -0.144008 -0.136421 0.028913
v -0.148957 -0.131029 0.023676
v -0.147708 -0.131029 0.014763
v -0.141610 -0.136421 0.011800
v -0.137057 -0.141382 0.016618
v -0.138206 -0.141382 0.024818
v -0.143908 -0.136421 0.028200
v -0.148461 -0.131460 0.023382
v -0.147312 -0.131460 0.015182
v 0.000000 0.014033 0.040000
v -0.142759 -0.136421 0.020000
vt 0.500000 0.000000
vt 0.000000 0.200000
vt 0.050000 0.200000
vt 0.100000 0.200000
vt 0.150000 0.200000
vt 0.200000 0.200000
vt 0.250000 0.200000
vt 0.300000 0.200000
vt 0.350000 0.200000
vt 0.400000 0.200000
vt 0.450000 0.200000
vt 0.500000 0.200000
vt 0.550000 0.200000
vt 0.600000 0.200000
vt 0.650000 0.200000
vt 0.700000 0.200000
vt 0.750000 0.200000
vt 0.800000 0.200000
vt 0.850000 0.200000
vt 0.900000 0.200000
vt 0.950000 0.200000
vt 0.000000 0.400000
vt 0.050000 0.400000
vt 0.100000 0.400000
vt 0.150000 0.400000
vt 0.200000 0.400000
vt 0.250000 0.400000
vt 0.300000 0.400000
vt 0.350000 0.400000
vt 0.400000 0.400000
vt 0.450000 0.400000
vt 0.500000 0.400000
vt 0.550000 0.400000
vt 0.600000 0.400000
vt 0.650000 0.400000
vt 0.700000 0.400000
vt 0.750000 0.400000
vt 0.800000 0.400000
vt 0.850000 0.400000
vt 0.900000 0.400000
vt 0.950000 0.400000
vt 0.000000 0.600000
vt 0.050000 0.600000
vt 0.100000 0.600000
vt 0.150000 0.600000
vt 0.200000 0.600000
vt 0.250000 0.600000
vt 0.300000 0.600000
vt 0.350000 0.600000
vt 0.400000 0.600000
vt 0.450000 0.600000
vt 0.500000 0.600000
vt 0.550000 0.600000
vt 0.600000 0.600000
vt 0.650000 0.600000
vt 0.700000 0.600000
vt 0.750000 0.600000
vt 0.800000 0.600000
vt 0.850000 0.600000
vt 0.900000 0.600000
vt 0.950000 0.600000
vt 0.000000 0.800000
vt 0.050000 0.800000
vt 0.100000 0.800000
vt 0.150000 0.800000
vt 0.200000 0.800000
vt 0.250000 0.800000
vt 0.300000 0.800000
vt 0.350000 0.800000
vt 0.400000 0.800000
vt 0.450000 0.800000
vt 0.500000 0.800000
vt 0.550000 0.800000
vt 0.600000 0.800000
vt 0.650000 0.800000
vt 0.700000 0.800000
vt 0.750000 0.800000
vt 0.800000 0.800000
vt 0.850000 0.800000
vt 0.900000 0.800000
vt 0.950000 0.800000
vt 0.000000 1.000000
vt 0.050000 1.000000
vt 0.100000 1.000000
vt 0.150000 1.000000
vt 0.200000 1.000000
vt 0.250000 1.000000
vt 0.300000 1.000000
vt 0.350000 1.000000
vt 0.400000 1.000000
vt 0.450000 1.000000
vt 0.500000 1.000000
vt 0.550000 1.000000
vt 0.600000 1.000000
vt 0.650000 1.000000
vt 0.700000 1.000000
vt 0.750000 1.000000
vt 0.800000 1.000000
vt 0.850000 1.000000
vt 0.900000 1.000000
vt 0.950000 1.000000
vt 0.500000 0.000000
vt 0.000000 0.200000
vt 0.050000 0.200000
vt 0.100000 0.200000
vt 0.150000 0.200000
vt 0.200000 0.200000
vt 0.250000 0.200000
vt 0.300000 0.200000
vt 0.350000 0.200000
vt 0.400000 0.200000
vt 0.450000 0.200000
vt 0.500000 0.200000
vt 0.550000 0.200000
vt 0.600000 0.200000
vt 0.650000 0.200000
vt 0.700000 0.200000
vt 0.750000 0.200000
vt 0.800000 0.200000
vt 0.850000 0.200000
vt 0.900000 0.200000
vt 0.950000 0.200000
vt 0.000000 0.400000
vt 0.050000 0.400000
vt 0.100000 0.400000
vt 0.150000 0.400000
vt 0.200000 0.400000
vt 0.250000 0.400000
vt 0.300000 0.400000
vt 0.350000 0.400000
vt 0.400000 0.400000
vt 0.450000 0.400000
vt 0.500000 0.400000
vt 0.550000 0.400000
vt 0.600000 0.400000
vt 0.650000 0.400000
vt 0.700000 0.400000
vt 0.750000 0.400000
vt 0.800000 0.400000
vt 0.850000 0.400000
vt 0.900000 0.400000
vt 0.950000 0.400000
vt 0.000000 0.600000
vt 0.050000 0.600000
vt 0.100000 0.600000
vt 0.150000 0.600000
vt 0.200000 0.600000
vt 0.250000 0.600000
vt 0.300000 0.600000
vt 0.350000 0.600000
vt 0.400000 0.600000
vt 0.450000 0.600000
vt 0.500000 0.600000
vt 0.550000 0.600000
vt 0.600000 0.600000
vt 0.650000 0.600000
vt 0.700000 0.600000
vt 0.750000 0.600000
vt 0.800000 0.600000
vt 0.850000 0.600000
vt 0.900000 0.600000
vt 0.950000 0.600000
vt 0.000000 0.800000
vt 0.050000 0.800000
vt 0.100000 0.800000
vt 0.150000 0.800000
vt 0.200000 0.800000
vt 0.250000 0.800000
vt 0.300000 0.800000
vt 0.350000 0.800000
vt 0.400000 0.800000
vt 0.450000 0.800000
vt 0.500000 0.800000
vt 0.550000 0.800000
vt 0.600000 0.800000
vt 0.650000 0.800000
vt 0.700000 0.800000
vt 0.750000 0.800000
vt 0.800000 0.800000
vt 0.850000 0.800000
vt 0.900000 0.800000
vt 0.950000 0.800000
vt 0.000000 1.000000
vt 0.050000 1.000000
vt 0.100000 1.000000
vt 0.150000 1.000000
vt 0.200000 1.000000
vt 0.250000 1.000000
vt 0.300000 1.000000
vt 0.350000 1.000000
vt 0.400000 1.000000
vt 0.450000 1.000000
vt 0.500000 1.000000
vt 0.550000 1.000000
vt 0.600000 1.000000
vt 0.650000 1.000000
vt 0.700000 1.000000
vt 0.750000 1.000000
vt 0.800000 1.000000
vt 0.850000 1.000000
vt 0.900000 1.000000
vt 0.950000 1.000000
vt 0.000000 0.000000
vt 0.050000 0.000000
vt 0.050000 1.000000
vt 0.000000 1.000000
vt 0.000000 0.000000
vt 0.050000 0.000000
vt 0.050000 1.000000
vt 0.000000 1.000000
vt 0.000000 0.000000
vt 0.050000 0.000000
vt 0.050000 1.000000
vt 0.000000 1.000000
vt 0.050000 0.000000
vt 0.100000 0.000000
vt 0.100000 1.000000
vt 0.050000 1.000000
vt 0.050000 0.000000
vt 0.100000 0.000000
vt 0.100000 1.000000
vt 0.050000 1.000000
vt 0.050000 0.000000
vt 0.100000 0.000000
vt 0.100000 1.000000
vt 0.050000 1.000000
vt 0.100000 0.000000
vt 0.150000 0.000000
vt 0.150000 1.000000
vt 0.100000 1.000000
vt 0.100000 0.000000
vt 0.150000 0.000000
vt 0.150000 1.000000
vt 0.100000 1.000000
vt 0.100000 0.000000
vt 0.150000 0.000000
vt 0.150000 1.000000
vt 0.100000 1.000000
vt 0.150000 0.000000
vt 0.200000 0.000000
vt 0.200000 1.000000
vt 0.150000 1.000000
vt 0.150000 0.000000
vt 0.200000 0.000000
vt 0.200000 1.000000
vt 0.150000 1.000000
vt 0.150000 0.000000
vt 0.200000 0.000000
vt 0.200000 1.000000
vt 0.150000 1.000000
vt 0.200000 0.000000
vt 0.250000 0.000000
vt 0.250000 1.000000
vt 0.200000 1.000000
vt 0.200000 0.000000
vt 0.250000 0.000000
vt 0.250000 1.000000
vt 0.200000 1.000000
vt 0.200000 0.000000
vt 0.250000 0.000000
vt 0.250000 1.000000
vt 0.200000 1.000000
vt 0.250000 0.000000
vt 0.300000 0.000000
vt 0.300000 1.000000
vt 0.250000 1.000000
vt 0.250000 0.000000
vt 0.300000 0.000000
vt 0.300000 1.000000
vt 0.250000 1.000000
vt 0.250000 0.000000
vt 0.300000 0.000000
vt 0.300000 1.000000
vt 0.250000 1.000000
vt 0.300000 0.000000
vt 0.350000 0.000000
vt 0.350000 1.000000
vt 0.300000 1.000000
vt 0.300000 0.000000
vt 0.350000 0.000000
vt 0.350000 1.000000
vt 0.300000 1.000000
vt 0.300000 0.000000
vt 0.350000 0.000000
vt 0.350000 1.000000
vt 0.300000 1.000000
vt 0.350000 0.000000
vt 0.400000 0.000000
vt 0.400000 1.000000
vt 0.350000 1.000000
vt 0.350000 0.000000
vt 0.400000 0.000000
vt 0.400000 1.000000
vt 0.350000 1.000000
vt 0.350000 0.000000
vt 0.400000 0.000000
vt 0.400000 1.000000
vt 0.350000 1.000000
vt 0.400000 0.000000
vt 0.450000 0.000000
vt 0.450000 1.000000
vt 0.400000 1.000000
vt 0.400000 0.000000
vt 0.450000 0.000000
vt 0.450000 1.000000
vt 0.400000 1.000000
vt 0.400000 0.000000
vt 0.450000 0.000000
vt 0.450000 1.000000
vt 0.400000 1.000000
vt 0.450000 0.000000
vt 0.500000 0.000000
vt 0.500000 1.000000
vt 0.450000 1.000000
vt 0.450000 0.000000
vt 0.500000 0.000000
vt 0.500000 1.000000
vt 0.450000 1.000000
vt 0.450000 0.000000
vt 0.500000 0.000000
vt 0.500000 1.000000
vt 0.450000 1.000000
vt 0.500000 0.000000
vt 0.550000 0.000000
vt 0.550000 1.000000
vt 0.500000 1.000000
vt 0.500000 0.000000
vt 0.550000 0.000000
vt 0.550000 1.000000
vt 0.500000 1.000000
vt 0.500000 0.000000
vt 0.550000 0.000000
vt 0.550000 1.000000
vt 0.500000 1.000000
vt 0.550000 0.000000
vt 0.600000 0.000000
vt 0.600000 1.000000
vt 0.550000 1.000000
vt 0.550000 0.000000
vt 0.600000 0.000000
vt 0.600000 1.000000
vt 0.550000 1.000000
vt 0.550000 0.000000
vt 0.600000 0.000000
vt 0.600000 1.000000
vt 0.550000 1.000000
vt 0.600000 0.000000
vt 0.650000 0.000000
vt 0.650000 1.000000
vt 0.600000 1.000000
vt 0.600000 0.000000
vt 0.650000 0.000000
vt 0.650000 1.000000
vt 0.600000 1.000000
vt 0.600000 0.000000
vt 0.650000 0.000000
vt 0.650000 1.000000
vt 0.600000 1.000000
vt 0.650000 0.000000
vt 0.700000 0.000000
vt 0.700000 1.000000
vt 0.650000 1.000000
vt 0.650000 0.000000
vt 0.700000 0.000000
vt 0.700000 1.000000
vt 0.650000 1.000000
vt 0.650000 0.000000
vt 0.700000 0.000000
vt 0.700000 1.000000
vt 0.650000 1.000000
vt 0.700000 0.000000
vt 0.750000 0.000000
vt 0.750000 1.000000
vt 0.700000 1.000000
vt 0.700000 0.000000
vt 0.750000 0.000000
vt 0.750000 1.000000
vt 0.700000 1.000000
vt 0.700000 0.000000
vt 0.750000 0.000000
vt 0.750000 1.000000
vt 0.700000 1.000000
vt 0.750000 0.000000
vt 0.800000 0.000000
vt 0.800000 1.000000
vt 0.750000 1.000000
vt 0.750000 0.000000
vt 0.800000 0.000000
vt 0.800000 1.000000
vt 0.750000 1.000000
vt 0.750000 0.000000
vt 0.800000 0.000000
vt 0.800000 1.000000
vt 0.750000 1.000000
vt 0.800000 0.000000
vt 0.850000 0.000000
vt 0.850000 1.000000
vt 0.800000 1.000000
vt 0.800000 0.000000
vt 0.850000 0.000000
vt 0.850000 1.000000
vt 0.800000 1.000000
vt 0.800000 0.000000
vt 0.850000 0.000000
vt 0.850000 1.000000
vt 0.800000 1.000000
vt 0.850000 0.000000
vt 0.900000 0.000000
vt 0.900000 1.000000
vt 0.850000 1.000000
vt 0.850000 0.000000
vt 0.900000 0.000000
vt 0.900000 1.000000
vt 0.850000 1.000000
vt 0.850000 0.000000
vt 0.900000 0.000000
vt 0.900000 1.000000
vt 0.850000 1.000000
vt 0.900000 0.000000
vt 0.950000 0.000000
vt 0.950000 1.000000
vt 0.900000 1.000000
vt 0.900000 0.000000
vt 0.950000 0.000000
vt 0.950000 1.000000
vt 0.900000 1.000000
vt 0.900000 0.000000
vt 0.950000 0.000000
vt 0.950000 1.000000
vt 0.900000 1.000000
vt 0.950000 0.000000
vt 1.000000 0.000000
vt 1.000000 1.000000
vt 0.950000 1.000000
vt 0.950000 0.000000
vt 1.000000 0.000000
vt 1.000000 1.000000
vt 0.950000 1.000000
vt 0.950000 0.000000
vt 1.000000 0.000000
vt 1.000000 1.000000
vt 0.950000 1.000000
vt 0.000000 0.000000
vt 0.125000 0.000000
vt 0.250000 0.000000
vt 0.375000 0.000000
vt 0.500000 0.000000
vt 0.625000 0.000000
vt 0.750000 0.000000
vt 0.875000 0.000000
vt 0.000000 0.000000
vt 0.125000 0.000000
vt 0.250000 0.000000
vt 0.375000 0.000000
vt 0.500000 0.000000
vt 0.625000 0.000000
vt 0.750000 0.000000
vt 0.875000 0.000000
vt 0.000000 0.299246
vt 0.125000 0.299246
vt 0.250000 0.299246
vt 0.375000 0.299246
vt 0.500000 0.299246
vt 0.625000 0.299246
vt 0.750000 0.299246
vt 0.875000 0.299246
vt 0.000000 0.299246
vt 0.125000 0.299246
vt 0.250000 0.299246
vt 0.375000 0.299246
vt 0.500000 0.299246
vt 0.625000 0.299246
vt 0.750000 0.299246
vt 0.875000 0.299246
vt 0.500000 0.500000
vt 0.500000 0.500000
vt 0.000000 0.000000
vt 0.125000 0.000000
vt 0.250000 0.000000
vt 0.375000 0.000000
vt 0.500000 0.000000
vt 0.625000 0.000000
vt 0.750000 0.000000
vt 0.875000 0.000000
vt 0.000000 0.000000
vt 0.125000 0.000000
vt 0.250000 0.000000
vt 0.375000 0.000000
vt 0.500000 0.000000
vt 0.625000 0.000000
vt 0.750000 0.000000
vt 0.875000 0.000000
vt 0.000000 0.123399
vt 0.125000 0.123399
vt 0.250000 0.123399
vt 0.375000 0.123399
vt 0.500000 0.123399
vt 0.625000 0.123399
vt 0.750000 0.123399
vt 0.875000 0.123399
vt 0.000000 0.123399
vt 0.125000 0.123399
vt 0.250000 0.123399
vt 0.375000 0.123399
vt 0.500000 0.123399
vt 0.625000 0.123399
vt 0.750000 0.123399
vt 0.875000 0.123399
vt 0.500000 0.500000
vt 0.500000 0.500000
vt 0.000000 0.000000
vt 0.100000 0.000000
vt 0.200000 0.000000
vt 0.300000 0.000000
vt 0.400000 0.000000
vt 0.500000 0.000000
vt 0.600000 0.000000
vt 0.700000 0.000000
vt 0.800000 0.000000
vt 0.900000 0.000000
vt 0.000000 0.000000
vt 0.100000 0.000000
vt 0.200000 0.000000
vt 0.300000 0.000000
vt 0.400000 0.000000
vt 0.500000 0.000000
vt 0.600000 0.000000
vt 0.700000 0.000000
vt 0.800000 0.000000
vt 0.900000 0.000000
vt 0.000000 0.050000
vt 0.100000 0.050000
vt 0.200000 0.050000
vt 0.300000 0.050000
vt 0.400000 0.050000
vt 0.500000 0.050000
vt 0.600000 0.050000
vt 0.700000 0.050000
vt 0.800000 0.050000
vt 0.900000 0.050000
vt 0.000000 0.050000
vt 0.100000 0.050000
vt 0.200000 0.050000
vt 0.300000 0.050000
vt 0.400000 0.050000
vt 0.500000 0.050000
vt 0.600000 0.050000
vt 0.700000 0.050000
vt 0.800000 0.050000
vt 0.900000 0.050000
vt 0.500000 0.500000
vt 0.500000 0.500000
vt -0.032000 -0.022000
vt 0.032000 -0.022000
vt 0.032000 0.022000
vt -0.032000 0.022000
vt 0.032000 -0.022000
vt -0.032000 -0.022000
vt -0.032000 0.022000
vt 0.032000 0.022000
vt -0.032000 -0.024500
vt 0.032000 -0.024500
vt 0.032000 0.024500
vt -0.032000 0.024500
vt -0.032000 0.024500
vt 0.032000 0.024500
vt 0.032000 -0.024500
vt -0.032000 -0.024500
vt -0.024500 -0.022000
vt 0.024500 -0.022000
vt 0.024500 0.022000
vt -0.024500 0.022000
vt 0.024500 -0.022000
vt -0.024500 -0.022000
vt -0.024500 0.022000
vt 0.024500 0.022000
vt -0.032000 0.025000
vt 0.032000 0.025000
vt 0.032000 0.022000
vt -0.032000 0.022000
vt -0.032000 0.025000
vt 0.032000 0.025000
vt 0.032000 0.022000
vt -0.032000 0.022000
vt -0.032000 -0.025000
vt 0.032000 -0.025000
vt 0.032000 -0.022000
vt -0.032000 -0.022000
vt -0.032000 -0.025000
vt 0.032000 -0.025000
vt 0.032000 -0.022000
vt -0.032000 -0.022000
vt 0.035000 -0.022000
vt 0.035000 0.022000
vt 0.032000 0.022000
vt 0.032000 -0.022000
vt 0.035000 -0.022000
vt 0.035000 0.022000
vt 0.032000 0.022000
vt 0.032000 -0.022000
vt -0.035000 -0.022000
vt -0.035000 0.022000
vt -0.032000 0.022000
vt -0.032000 -0.022000
vt -0.035000 -0.022000
vt -0.035000 0.022000
vt -0.032000 0.022000
vt -0.032000 -0.022000
vt 0.035000 0.022000
vt 0.035000 0.022000
vt 0.032000 0.025000
vt 0.032000 0.025000
vt 0.035000 -0.022000
vt 0.035000 -0.022000
vt 0.032000 -0.025000
vt 0.032000 -0.025000
vt -0.035000 0.022000
vt -0.035000 0.022000
vt -0.032000 0.025000
vt -0.032000 0.025000
vt -0.035000 -0.022000
vt -0.035000 -0.022000
vt -0.032000 -0.025000
vt -0.032000 -0.025000
vt -0.032000 -0.022000
vt -0.032000 -0.025000
vt -0.035000 -0.022000
vt -0.032000 -0.022000
vt -0.032000 -0.025000
vt -0.035000 -0.022000
vt -0.032000 0.022000
vt -0.032000 0.025000
vt -0.035000 0.022000
vt -0.032000 0.022000
vt -0.032000 0.025000
vt -0.035000 0.022000
vt 0.032000 -0.022000
vt 0.032000 -0.025000
vt 0.035000 -0.022000
vt 0.032000 -0.022000
vt 0.032000 -0.025000
vt 0.035000 -0.022000
vt 0.032000 0.022000
vt 0.032000 0.025000
vt 0.035000 0.022000
vt 0.032000 0.022000
vt 0.032000 0.025000
vt 0.035000 0.022000
vt -0.067000 -0.097000
vt 0.067000 -0.097000
vt 0.067000 0.097000
vt -0.067000 0.097000
vt 0.067000 -0.097000
vt -0.067000 -0.097000
vt -0.067000 0.097000
vt 0.067000 0.097000
vt -0.067000 -0.009000
vt 0.067000 -0.009000
vt 0.067000 0.009000
vt -0.067000 0.009000
vt -0.067000 0.009000
vt 0.067000 0.009000
vt 0.067000 -0.009000
vt -0.067000 -0.009000
vt -0.009000 -0.097000
vt 0.009000 -0.097000
vt 0.009000 0.097000
vt -0.009000 0.097000
vt 0.009000 -0.097000
vt -0.009000 -0.097000
vt -0.009000 0.097000
vt 0.009000 0.097000
vt -0.067000 0.100000
vt 0.067000 0.100000
vt 0.067000 0.097000
vt -0.067000 0.097000
vt -0.067000 0.100000
vt 0.067000 0.100000
vt 0.067000 0.097000
vt -0.067000 0.097000
vt -0.067000 -0.100000
vt 0.067000 -0.100000
vt 0.067000 -0.097000
vt -0.067000 -0.097000
vt -0.067000 -0.100000
vt 0.067000 -0.100000
vt 0.067000 -0.097000
vt -0.067000 -0.097000
vt 0.070000 -0.097000
vt 0.070000 0.097000
vt 0.067000 0.097000
vt 0.067000 -0.097000
vt 0.070000 -0.097000
vt 0.070000 0.097000
vt 0.067000 0.097000
vt 0.067000 -0.097000
vt -0.070000 -0.097000
vt -0.070000 0.097000
vt -0.067000 0.097000
vt -0.067000 -0.097000
vt -0.070000 -0.097000
vt -0.070000 0.097000
vt -0.067000 0.097000
vt -0.067000 -0.097000
vt 0.070000 0.097000
vt 0.070000 0.097000
vt 0.067000 0.100000
vt 0.067000 0.100000
vt 0.070000 -0.097000
vt 0.070000 -0.097000
vt 0.067000 -0.100000
vt 0.067000 -0.100000
vt -0.070000 0.097000
vt -0.070000 0.097000
vt -0.067000 0.100000
vt -0.067000 0.100000
vt -0.070000 -0.097000
vt -0.070000 -0.097000
vt -0.067000 -0.100000
vt -0.067000 -0.100000
vt -0.067000 -0.097000
vt -0.067000 -0.100000
vt -0.070000 -0.097000
vt -0.067000 -0.097000
vt -0.067000 -0.100000
vt -0.070000 -0.097000
vt -0.067000 0.097000
vt -0.067000 0.100000
vt -0.070000 0.097000
vt -0.067000 0.097000
vt -0.067000 0.100000
vt -0.070000 0.097000
vt 0.067000 -0.097000
vt 0.067000 -0.100000
vt 0.070000 -0.097000
vt 0.067000 -0.097000
vt 0.067000 -0.100000
vt 0.070000 -0.097000
vt 0.067000 0.097000
vt 0.067000 0.100000
vt 0.070000 0.097000
vt 0.067000 0.097000
vt 0.067000 0.100000
vt 0.070000 0.097000
vt 0.000000 0.000000
vt 0.125000 0.000000
vt 0.250000 0.000000
vt 0.375000 0.000000
vt 0.500000 0.000000
vt 0.625000 0.000000
vt 0.750000 0.000000
vt 0.875000 0.000000
vt 0.000000 0.000000
vt 0.125000 0.000000
vt 0.250000 0.000000
vt 0.375000 0.000000
vt 0.500000 0.000000
vt 0.625000 0.000000
vt 0.750000 0.000000
vt 0.875000 0.000000
vt 0.000000 0.121655
vt 0.125000 0.121655
vt 0.250000 0.121655
vt 0.375000 0.121655
vt 0.500000 0.121655
vt 0.625000 0.121655
vt 0.750000 0.121655
vt 0.875000 0.121655
vt 0.000000 0.121655
vt 0.125000 0.121655
vt 0.250000 0.121655
vt 0.375000 0.121655
vt 0.500000 0.121655
vt 0.625000 0.121655
vt 0.750000 0.121655
vt 0.875000 0.121655
vt 0.500000 0.500000
vt 0.500000 0.500000
vt -0.037000 -0.027000
vt 0.037000 -0.027000
vt 0.037000 0.027000
vt -0.037000 0.027000
vt 0.037000 -0.027000
vt -0.037000 -0.027000
vt -0.037000 0.027000
vt 0.037000 0.027000
vt -0.037000 -0.022000
vt 0.037000 -0.022000
vt 0.037000 0.022000
vt -0.037000 0.022000
vt -0.037000 0.022000
vt 0.037000 0.022000
vt 0.037000 -0.022000
vt -0.037000 -0.022000
vt -0.022000 -0.027000
vt 0.022000 -0.027000
vt 0.022000 0.027000
vt -0.022000 0.027000
vt 0.022000 -0.027000
vt -0.022000 -0.027000
vt -0.022000 0.027000
vt 0.022000 0.027000
vt -0.037000 0.030000
vt 0.037000 0.030000
vt 0.037000 0.027000
vt -0.037000 0.027000
vt -0.037000 0.030000
vt 0.037000 0.030000
vt 0.037000 0.027000
vt -0.037000 0.027000
vt -0.037000 -0.030000
vt 0.037000 -0.030000
vt 0.037000 -0.027000
vt -0.037000 -0.027000
vt -0.037000 -0.030000
vt 0.037000 -0.030000
vt 0.037000 -0.027000
vt -0.037000 -0.027000
vt 0.040000 -0.027000
vt 0.040000 0.027000
vt 0.037000 0.027000
vt 0.037000 -0.027000
vt 0.040000 -0.027000
vt 0.040000 0.027000
vt 0.037000 0.027000
vt 0.037000 -0.027000
vt -0.040000 -0.027000
vt -0.040000 0.027000
vt -0.037000 0.027000
vt -0.037000 -0.027000
vt -0.040000 -0.027000
vt -0.040000 0.027000
vt -0.037000 0.027000
vt -0.037000 -0.027000
vt 0.040000 0.027000
vt 0.040000 0.027000
vt 0.037000 0.030000
vt 0.037000 0.030000
vt 0.040000 -0.027000
vt 0.040000 -0.027000
vt 0.037000 -0.030000
vt 0.037000 -0.030000
vt -0.040000 0.027000
vt -0.040000 0.027000
vt -0.037000 0.030000
vt -0.037000 0.030000
vt -0.040000 -0.027000
vt -0.040000 -0.027000
vt -0.037000 -0.030000
vt -0.037000 -0.030000
vt -0.037000 -0.027000
vt -0.037000 -0.030000
vt -0.040000 -0.027000
vt -0.037000 -0.027000
vt -0.037000 -0.030000
vt -0.040000 -0.027000
vt -0.037000 0.027000
vt -0.037000 0.030000
vt -0.040000 0.027000
vt -0.037000 0.027000
vt -0.037000 0.030000
vt -0.040000 0.027000
vt 0.037000 -0.027000
vt 0.037000 -0.030000
vt 0.040000 -0.027000
vt 0.037000 -0.027000
vt 0.037000 -0.030000
vt 0.040000 -0.027000
vt 0.037000 0.027000
vt 0.037000 0.030000
vt 0.040000 0.027000
vt 0.037000 0.027000
vt 0.037000 0.030000
vt 0.040000 0.027000
vt 0.000000 0.000000
vt 0.166667 0.000000
vt 0.333333 0.000000
vt 0.500000 0.000000
vt 0.666667 0.000000
vt 0.833333 0.000000
vt 0.000000 0.000000
vt 0.166667 0.000000
vt 0.333333 0.000000
vt 0.500000 0.000000
vt 0.666667 0.000000
vt 0.833333 0.000000
vt 0.000000 0.075999
vt 0.166667 0.075999
vt 0.333333 0.075999
vt 0.500000 0.075999
vt 0.666667 0.075999
vt 0.833333 0.075999
vt 0.000000 0.075999
vt 0.166667 0.075999
vt 0.333333 0.075999
vt 0.500000 0.075999
vt 0.666667 0.075999
vt 0.833333 0.075999
vt 0.500000 0.500000
vt 0.500000 0.500000
vt 0.000000 0.000000
vt 0.166667 0.000000
vt 0.333333 0.000000
vt 0.500000 0.000000
vt 0.666667 0.000000
vt 0.833333 0.000000
vt 0.000000 0.000000
vt 0.166667 0.000000
vt 0.333333 0.000000
vt 0.500000 0.000000
vt 0.666667 0.000000
vt 0.833333 0.000000
vt 0.000000 0.214603
vt 0.166667 0.214603
vt 0.333333 0.214603
vt 0.500000 0.214603
vt 0.666667 0.214603
vt 0.833333 0.214603
vt 0.000000 0.214603
vt 0.166667 0.214603
vt 0.333333 0.214603
vt 0.500000 0.214603
vt 0.666667 0.214603
vt 0.833333 0.214603
vt 0.500000 0.500000
vt 0.500000 0.500000
vt 0.000000 0.000000
vt 0.166667 0.000000
vt 0.333333 0.000000
vt 0.500000 0.000000
vt 0.666667 0.000000
vt 0.833333 0.000000
vt 0.000000 0.000000
vt 0.166667 0.000000
vt 0.333333 0.000000
vt 0.500000 0.000000
vt 0.666667 0.000000
vt 0.833333 0.000000
vt 0.000000 0.208367
vt 0.166667 0.208367
vt 0.333333 0.208367
vt 0.500000 0.208367
vt 0.666667 0.208367
vt 0.833333 0.208367
vt 0.000000 0.208367
vt 0.166667 0.208367
vt 0.333333 0.208367
vt 0.500000 0.208367
vt 0.666667 0.208367
vt 0.833333 0.208367
vt 0.500000 0.500000
vt 0.500000 0.500000
vn 0.096291 0.352252 0.930938
vn 0.008068 0.346050 0.938181
vn 0.014940 0.320691 0.947066
vn 0.029738 0.298285 0.954014
vn 0.051014 0.281026 0.958343
vn 0.076684 0.270603 0.959632
vn 0.104237 0.268037 0.957753
vn 0.130975 0.273579 0.952890
vn 0.154281 0.286686 0.945520
vn 0.171873 0.306075 0.936364
vn 0.182030 0.329849 0.926318
vn 0.183757 0.355680 0.916365
vn 0.176885 0.381040 0.907480
vn 0.162087 0.403446 0.900533
vn 0.140811 0.420705 0.896203
vn 0.115140 0.431127 0.894914
vn 0.087587 0.433693 0.896793
vn 0.060849 0.428152 0.901656
vn 0.037544 0.415044 0.909026
vn 0.019951 0.395655 0.918183
vn 0.009795 0.371881 0.928229
vn -0.078853 0.337282 0.938095
vn -0.065268 0.287151 0.955659
vn -0.036015 0.242858 0.969393
vn 0.006044 0.208740 0.977953
vn 0.056791 0.188136 0.980500
vn 0.111258 0.183063 0.976785
vn 0.164115 0.194019 0.967173
vn 0.210186 0.219929 0.952603
vn 0.244963 0.258259 0.934503
vn 0.265041 0.305256 0.914643
vn 0.268455 0.356319 0.894968
vn 0.254870 0.406451 0.877404
vn 0.225617 0.450744 0.863671
vn 0.183558 0.484862 0.855111
vn 0.132812 0.505466 0.852564
vn 0.078344 0.510538 0.856278
vn 0.025488 0.499583 0.865891
vn -0.020584 0.473672 0.880461
vn -0.055361 0.435343 0.898561
vn -0.075439 0.388346 0.918421
vn -0.162588 0.326318 0.931172
vn -0.142591 0.252524 0.957026
vn -0.099530 0.187324 0.977243
vn -0.037619 0.137102 0.989842
vn 0.037080 0.106773 0.993592
vn 0.117257 0.099307 0.988124
vn 0.195063 0.115433 0.973974
vn 0.262881 0.153574 0.952528
vn 0.314073 0.209995 0.925884
vn 0.343628 0.279175 0.896650
vn 0.348653 0.354341 0.867689
vn 0.328656 0.428136 0.841834
vn 0.285595 0.493335 0.821618
vn 0.223684 0.543558 0.809018
vn 0.148984 0.573887 0.805269
vn 0.068807 0.581353 0.810737
vn -0.008998 0.565227 0.824886
vn -0.076816 0.527086 0.846333
vn -0.128008 0.470664 0.872977
vn -0.157563 0.401485 0.902211
vn -0.241621 0.313634 0.918288
vn -0.215623 0.217693 0.951902
vn -0.159638 0.132926 0.978185
vn -0.079147 0.067631 0.994566
vn 0.017971 0.028200 0.999441
vn 0.122209 0.018493 0.992332
vn 0.223365 0.039459 0.973936
vn 0.311536 0.089046 0.946053
vn 0.378092 0.162401 0.911412
vn 0.416516 0.252342 0.873406
vn 0.423050 0.350067 0.835753
vn 0.397051 0.446008 0.802139
vn 0.341067 0.530775 0.775855
vn 0.260576 0.596069 0.759475
vn 0.163458 0.635500 0.754600
vn 0.059219 0.645208 0.761709
vn -0.041936 0.624242 0.780105
vn -0.130107 0.574654 0.807988
vn -0.196663 0.501300 0.842628
vn -0.235088 0.411358 0.880635
vn -0.314896 0.299743 0.900553
vn -0.283380 0.183439 0.941300
vn -0.215513 0.080682 0.973162
vn -0.117939 0.001529 0.993020
vn -0.000209 -0.046271 0.998929
vn 0.126153 -0.058039 0.990311
vn 0.248778 -0.032623 0.968011
vn 0.355663 0.027489 0.934210
vn 0.436344 0.116412 0.892218
vn 0.482924 0.225443 0.846144
vn 0.490844 0.343908 0.800500
vn 0.459328 0.460212 0.759752
vn 0.391461 0.562969 0.727890
vn 0.293887 0.642122 0.708033
vn 0.176157 0.689921 0.702123
vn 0.049794 0.701689 0.710741
vn -0.072830 0.676274 0.733041
vn -0.179715 0.616162 0.766842
vn -0.260396 0.527239 0.808835
vn -0.306976 0.418208 0.854908
vn -0.096291 -0.352252 -0.930938
vn -0.008068 -0.346050 -0.938181
vn -0.014940 -0.320691 -0.947066
vn -0.029738 -0.298285 -0.954014
vn -0.051014 -0.281026 -0.958343
vn -0.076684 -0.270603 -0.959632
vn -0.104237 -0.268037 -0.957753
vn -0.130975 -0.273579 -0.952890
vn -0.154281 -0.286686 -0.945520
vn -0.171873 -0.306075 -0.936364
vn -0.182030 -0.329849 -0.926318
vn -0.183757 -0.355680 -0.916365
vn -0.176885 -0.381040 -0.907480
vn -0.162087 -0.403446 -0.900533
vn -0.140811 -0.420705 -0.896203
vn -0.115140 -0.431127 -0.894914
vn -0.087587 -0.433693 -0.896793
vn -0.060849 -0.428152 -0.901656
vn -0.037544 -0.415044 -0.909026
vn -0.019951 -0.395655 -0.918183
vn -0.009795 -0.371881 -0.928229
vn 0.078853 -0.337282 -0.938095
vn 0.065268 -0.287151 -0.955659
vn 0.036015 -0.242858 -0.969393
vn -0.006044 -0.208740 -0.977953
vn -0.056791 -0.188136 -0.980500
vn -0.111258 -0.183063 -0.976785
vn -0.164115 -0.194019 -0.967173
vn -0.210186 -0.219929 -0.952603
vn -0.244963 -0.258259 -0.934503
vn -0.265041 -0.305256 -0.914643
vn -0.268455 -0.356319 -0.894968
vn -0.254870 -0.406451 -0.877404
vn -0.225617 -0.450744 -0.863671
vn -0.183558 -0.484862 -0.855111
vn -0.132812 -0.505466 -0.852564
vn -0.078344 -0.510538 -0.856278
vn -0.025488 -0.499583 -0.865891
vn 0.020584 -0.473672 -0.880461
vn 0.055361 -0.435343 -0.898561
vn 0.075439 -0.388346 -0.918421
vn 0.162588 -0.326318 -0.931172
vn 0.142591 -0.252524 -0.957026
vn 0.099530 -0.187324 -0.977243
vn 0.037619 -0.137102 -0.989842
vn -0.037080 -0.106773 -0.993592
vn -0.117257 -0.099307 -0.988124
vn -0.195063 -0.115433 -0.973974
vn -0.262881 -0.153574 -0.952528
vn -0.314073 -0.209995 -0.925884
vn -0.343628 -0.279175 -0.896650
vn -0.348653 -0.354341 -0.867689
vn -0.328656 -0.428136 -0.841834
vn -0.285595 -0.493335 -0.821618
vn -0.223684 -0.543558 -0.809018
vn -0.148984 -0.573887 -0.805269
vn -0.068807 -0.581353 -0.810737
vn 0.008998 -0.565227 -0.824886
vn 0.076816 -0.527086 -0.846333
vn 0.128008 -0.470664 -0.872977
vn 0.157563 -0.401485 -0.902211
vn 0.241621 -0.313634 -0.918288
vn 0.215623 -0.217693 -0.951902
vn 0.159638 -0.132926 -0.978185
vn 0.079147 -0.067631 -0.994566
vn -0.017971 -0.028200 -0.999441
vn -0.122209 -0.018493 -0.992332
vn -0.223365 -0.039459 -0.973936
vn -0.311536 -0.089046 -0.946053
vn -0.378092 -0.162401 -0.911412
vn -0.416516 -0.252342 -0.873406
vn -0.423050 -0.350067 -0.835753
vn -0.397051 -0.446008 -0.802139
vn -0.341067 -0.530775 -0.775855
vn -0.260576 -0.596069 -0.759475
vn -0.163458 -0.635500 -0.754600
vn -0.059219 -0.645208 -0.761709
vn 0.041936 -0.624242 -0.780105
vn 0.130107 -0.574654 -0.807988
vn 0.196663 -0.501300 -0.842628
vn 0.235088 -0.411358 -0.880635
vn 0.314896 -0.299743 -0.900553
vn 0.283380 -0.183439 -0.941300
vn 0.215513 -0.080682 -0.973162
vn 0.117939 -0.001529 -0.993020
vn 0.000209 0.046271 -0.998929
vn -0.126153 0.058039 -0.990311
vn -0.248778 0.032623 -0.968011
vn -0.355663 -0.027489 -0.934210
vn -0.436344 -0.116412 -0.892218
vn -0.482924 -0.225443 -0.846144
vn -0.490844 -0.343908 -0.800500
vn -0.459328 -0.460212 -0.759752
vn -0.391461 -0.562969 -0.727890
vn -0.293887 -0.642122 -0.708033
vn -0.176157 -0.689921 -0.702123
vn -0.049794 -0.701689 -0.710741
vn 0.072830 -0.676274 -0.733041
vn 0.179715 -0.616162 -0.766842
vn 0.260396 -0.527239 -0.808835
vn 0.306976 -0.418208 -0.854908
vn 0.951036 0.292600 0.099580
vn 0.951036 0.292600 0.099580
vn 0.951036 0.292600 0.099580
vn 0.951036 0.292600 0.099580
vn 0.951036 0.292600 0.099580
vn 0.951036 0.292600 0.099580
vn 0.951036 0.292600 0.099580
vn 0.951036 0.292600 0.099580
vn 0.951036 0.292600 0.099580
vn 0.951036 0.292600 0.099580
vn 0.951036 0.292600 0.099580
vn 0.951036 0.292600 0.099580
vn 0.832509 0.553860 0.012983
vn 0.832509 0.553860 0.012983
vn 0.832509 0.553860 0.012983
vn 0.832509 0.553860 0.012983
vn 0.832509 0.553860 0.012983
vn 0.832509 0.553860 0.012983
vn 0.832509 0.553860 0.012983
vn 0.832509 0.553860 0.012983
vn 0.832509 0.553860 0.012983
vn 0.832509 0.553860 0.012983
vn 0.832509 0.553860 0.012983
vn 0.832509 0.553860 0.012983
vn 0.635198 0.770812 -0.048700
vn 0.635198 0.770812 -0.048700
vn 0.635198 0.770812 -0.048700
vn 0.635198 0.770812 -0.048700
vn 0.635198 0.770812 -0.048700
vn 0.635198 0.770812 -0.048700
vn 0.635198 0.770812 -0.048700
vn 0.635198 0.770812 -0.048700
vn 0.635198 0.770812 -0.048700
vn 0.635198 0.770812 -0.048700
vn 0.635198 0.770812 -0.048700
vn 0.635198 0.770812 -0.048700
vn 0.378418 0.922220 -0.079430
vn 0.378418 0.922220 -0.079430
vn 0.378418 0.922220 -0.079430
vn 0.378418 0.922220 -0.079430
vn 0.378418 0.922220 -0.079430
vn 0.378418 0.922220 -0.079430
vn 0.378418 0.922220 -0.079430
vn 0.378418 0.922220 -0.079430
vn 0.378418 0.922220 -0.079430
vn 0.378418 0.922220 -0.079430
vn 0.378418 0.922220 -0.079430
vn 0.378418 0.922220 -0.079430
vn 0.087305 0.993263 -0.076200
vn 0.087305 0.993263 -0.076200
vn 0.087305 0.993263 -0.076200
vn 0.087305 0.993263 -0.076200
vn 0.087305 0.993263 -0.076200
vn 0.087305 0.993263 -0.076200
vn 0.087305 0.993263 -0.076200
vn 0.087305 0.993263 -0.076200
vn 0.087305 0.993263 -0.076200
vn 0.087305 0.993263 -0.076200
vn 0.087305 0.993263 -0.076200
vn 0.087305 0.993263 -0.076200
vn -0.209646 0.976986 -0.039326
vn -0.209646 0.976986 -0.039326
vn -0.209646 0.976986 -0.039326
vn -0.209646 0.976986 -0.039326
vn -0.209646 0.976986 -0.039326
vn -0.209646 0.976986 -0.039326
vn -0.209646 0.976986 -0.039326
vn -0.209646 0.976986 -0.039326
vn -0.209646 0.976986 -0.039326
vn -0.209646 0.976986 -0.039326
vn -0.209646 0.976986 -0.039326
vn -0.209646 0.976986 -0.039326
vn -0.483367 0.874983 0.027582
vn -0.483367 0.874983 0.027582
vn -0.483367 0.874983 0.027582
vn -0.483367 0.874983 0.027582
vn -0.483367 0.874983 0.027582
vn -0.483367 0.874983 0.027582
vn -0.483367 0.874983 0.027582
vn -0.483367 0.874983 0.027582
vn -0.483367 0.874983 0.027582
vn -0.483367 0.874983 0.027582
vn -0.483367 0.874983 0.027582
vn -0.483367 0.874983 0.027582
vn -0.707064 0.697239 0.117976
vn -0.707064 0.697239 0.117976
vn -0.707064 0.697239 0.117976
vn -0.707064 0.697239 0.117976
vn -0.707064 0.697239 0.117976
vn -0.707064 0.697239 0.117976
vn -0.707064 0.697239 0.117976
vn -0.707064 0.697239 0.117976
vn -0.707064 0.697239 0.117976
vn -0.707064 0.697239 0.117976
vn -0.707064 0.697239 0.117976
vn -0.707064 0.697239 0.117976
vn -0.858841 0.461151 0.223006
vn -0.858841 0.461151 0.223006
vn -0.858841 0.461151 0.223006
vn -0.858841 0.461151 0.223006
vn -0.858841 0.461151 0.223006
vn -0.858841 0.461151 0.223006
vn -0.858841 0.461151 0.223006
vn -0.858841 0.461151 0.223006
vn -0.858841 0.461151 0.223006
vn -0.858841 0.461151 0.223006
vn -0.858841 0.461151 0.223006
vn -0.858841 0.461151 0.223006
vn -0.923839 0.189832 0.332393
vn -0.923839 0.189832 0.332393
vn -0.923839 0.189832 0.332393
vn -0.923839 0.189832 0.332393
vn -0.923839 0.189832 0.332393
vn -0.923839 0.189832 0.332393
vn -0.923839 0.189832 0.332393
vn -0.923839 0.189832 0.332393
vn -0.923839 0.189832 0.332393
vn -0.923839 0.189832 0.332393
vn -0.923839 0.189832 0.332393
vn -0.923839 0.189832 0.332393
vn -0.895698 -0.090162 0.435427
vn -0.895698 -0.090162 0.435427
vn -0.895698 -0.090162 0.435427
vn -0.895698 -0.090162 0.435427
vn -0.895698 -0.090162 0.435427
vn -0.895698 -0.090162 0.435427
vn -0.895698 -0.090162 0.435427
vn -0.895698 -0.090162 0.435427
vn -0.895698 -0.090162 0.435427
vn -0.895698 -0.090162 0.435427
vn -0.895698 -0.090162 0.435427
vn -0.895698 -0.090162 0.435427
vn -0.777170 -0.351422 0.522024
vn -0.777170 -0.351422 0.522024
vn -0.777170 -0.351422 0.522024
vn -0.777170 -0.351422 0.522024
vn -0.777170 -0.351422 0.522024
vn -0.777170 -0.351422 0.522024
vn -0.777170 -0.351422 0.522024
vn -0.777170 -0.351422 0.522024
vn -0.777170 -0.351422 0.522024
vn -0.777170 -0.351422 0.522024
vn -0.777170 -0.351422 0.522024
vn -0.777170 -0.351422 0.522024
vn -0.579860 -0.568375 0.583706
vn -0.579860 -0.568375 0.583706
vn -0.579860 -0.568375 0.583706
vn -0.579860 -0.568375 0.583706
vn -0.579860 -0.568375 0.583706
vn -0.579860 -0.568375 0.583706
vn -0.579860 -0.568375 0.583706
vn -0.579860 -0.568375 0.583706
vn -0.579860 -0.568375 0.583706
vn -0.579860 -0.568375 0.583706
vn -0.579860 -0.568375 0.583706
vn -0.579860 -0.568375 0.583706
vn -0.323080 -0.719783 0.614437
vn -0.323080 -0.719783 0.614437
vn -0.323080 -0.719783 0.614437
vn -0.323080 -0.719783 0.614437
vn -0.323080 -0.719783 0.614437
vn -0.323080 -0.719783 0.614437
vn -0.323080 -0.719783 0.614437
vn -0.323080 -0.719783 0.614437
vn -0.323080 -0.719783 0.614437
vn -0.323080 -0.719783 0.614437
vn -0.323080 -0.719783 0.614437
vn -0.323080 -0.719783 0.614437
vn -0.031967 -0.790825 0.611207
vn -0.031967 -0.790825 0.611207
vn -0.031967 -0.790825 0.611207
vn -0.031967 -0.790825 0.611207
vn -0.031967 -0.790825 0.611207
vn -0.031967 -0.790825 0.611207
vn -0.031967 -0.790825 0.611207
vn -0.031967 -0.790825 0.611207
vn -0.031967 -0.790825 0.611207
vn -0.031967 -0.790825 0.611207
vn -0.031967 -0.790825 0.611207
vn -0.031967 -0.790825 0.611207
vn 0.264985 -0.774548 0.574333
vn 0.264985 -0.774548 0.574333
vn 0.264985 -0.774548 0.574333
vn 0.264985 -0.774548 0.574333
vn 0.264985 -0.774548 0.574333
vn 0.264985 -0.774548 0.574333
vn 0.264985 -0.774548 0.574333
vn 0.264985 -0.774548 0.574333
vn 0.264985 -0.774548 0.574333
vn 0.264985 -0.774548 0.574333
vn 0.264985 -0.774548 0.574333
vn 0.264985 -0.774548 0.574333
vn 0.538706 -0.672545 0.507424
vn 0.538706 -0.672545 0.507424
vn 0.538706 -0.672545 0.507424
vn 0.538706 -0.672545 0.507424
vn 0.538706 -0.672545 0.507424
vn 0.538706 -0.672545 0.507424
vn 0.538706 -0.672545 0.507424
vn 0.538706 -0.672545 0.507424
vn 0.538706 -0.672545 0.507424
vn 0.538706 -0.672545 0.507424
vn 0.538706 -0.672545 0.507424
vn 0.538706 -0.672545 0.507424
vn 0.762403 -0.494801 0.417030
vn 0.762403 -0.494801 0.417030
vn 0.762403 -0.494801 0.417030
vn 0.762403 -0.494801 0.417030
vn 0.762403 -0.494801 0.417030
vn 0.762403 -0.494801 0.417030
vn 0.762403 -0.494801 0.417030
vn 0.762403 -0.494801 0.417030
vn 0.762403 -0.494801 0.417030
vn 0.762403 -0.494801 0.417030
vn 0.762403 -0.494801 0.417030
vn 0.762403 -0.494801 0.417030
vn 0.914179 -0.258714 0.312000
vn 0.914179 -0.258714 0.312000
vn 0.914179 -0.258714 0.312000
vn 0.914179 -0.258714 0.312000
vn 0.914179 -0.258714 0.312000
vn 0.914179 -0.258714 0.312000
vn 0.914179 -0.258714 0.312000
vn 0.914179 -0.258714 0.312000
vn 0.914179 -0.258714 0.312000
vn 0.914179 -0.258714 0.312000
vn 0.914179 -0.258714 0.312000
vn 0.914179 -0.258714 0.312000
vn 0.979178 0.012606 0.202614
vn 0.979178 0.012606 0.202614
vn 0.979178 0.012606 0.202614
vn 0.979178 0.012606 0.202614
vn 0.979178 0.012606 0.202614
vn 0.979178 0.012606 0.202614
vn 0.979178 0.012606 0.202614
vn 0.979178 0.012606 0.202614
vn 0.979178 0.012606 0.202614
vn 0.979178 0.012606 0.202614
vn 0.979178 0.012606 0.202614
vn 0.979178 0.012606 0.202614
vn -0.115616 -0.123502 -0.985586
vn -0.782434 -0.125736 -0.609907
vn -0.990913 -0.054315 0.123047
vn -0.618929 0.048922 0.783922
vn 0.115616 0.123502 0.985586
vn 0.782434 0.125736 0.609907
vn 0.990913 0.054315 -0.123047
vn 0.618929 -0.048922 -0.783922
vn -0.115616 -0.123502 -0.985586
vn -0.782434 -0.125736 -0.609907
vn -0.990913 -0.054315 0.123047
vn -0.618929 0.048922 0.783922
vn 0.115616 0.123502 0.985586
vn 0.782434 0.125736 0.609907
vn 0.990913 0.054315 -0.123047
vn 0.618929 -0.048922 -0.783922
vn -0.115616 -0.123502 -0.985586
vn -0.782434 -0.125736 -0.609907
vn -0.990913 -0.054315 0.123047
vn -0.618929 0.048922 0.783922
vn 0.115616 0.123502 0.985586
vn 0.782434 0.125736 0.609907
vn 0.990913 0.054315 -0.123047
vn 0.618929 -0.048922 -0.783922
vn -0.115616 -0.123502 -0.985586
vn -0.782434 -0.125736 -0.609907
vn -0.990913 -0.054315 0.123047
vn -0.618929 0.048922 0.783922
vn 0.115616 0.123502 0.985586
vn 0.782434 0.125736 0.609907
vn 0.990913 0.054315 -0.123047
vn 0.618929 -0.048922 -0.783922
vn 0.068729 -0.990857 0.116100
vn -0.068729 0.990857 -0.116100
vn -0.111258 -0.183063 -0.976785
vn -0.774169 -0.214472 -0.595538
vn -0.983581 -0.120245 0.134568
vn -0.616826 0.044419 0.785845
vn 0.111258 0.183063 0.976785
vn 0.774169 0.214472 0.595538
vn 0.983581 0.120245 -0.134568
vn 0.616826 -0.044419 -0.785845
vn -0.111258 -0.183063 -0.976785
vn -0.774169 -0.214472 -0.595538
vn -0.983581 -0.120245 0.134568
vn -0.616826 0.044419 0.785845
vn 0.111258 0.183063 0.976785
vn 0.774169 0.214472 0.595538
vn 0.983581 0.120245 -0.134568
vn 0.616826 -0.044419 -0.785845
vn -0.111258 -0.183063 -0.976785
vn -0.774169 -0.214472 -0.595538
vn -0.983581 -0.120245 0.134568
vn -0.616826 0.044419 0.785845
vn 0.111258 0.183063 0.976785
vn 0.774169 0.214472 0.595538
vn 0.983581 0.120245 -0.134568
vn 0.616826 -0.044419 -0.785845
vn -0.111258 -0.183063 -0.976785
vn -0.774169 -0.214472 -0.595538
vn -0.983581 -0.120245 0.134568
vn -0.616826 0.044419 0.785845
vn 0.111258 0.183063 0.976785
vn 0.774169 0.214472 0.595538
vn 0.983581 0.120245 -0.134568
vn 0.616826 -0.044419 -0.785845
vn 0.142088 -0.975720 0.166680
vn -0.142088 0.975720 -0.166680
vn -0.990913 -0.054315 0.123047
vn -0.746468 -0.593126 0.301640
vn -0.216897 -0.905383 0.365017
vn 0.395521 -0.871814 0.288970
vn 0.856863 -0.505242 0.102546
vn 0.990913 0.054315 -0.123047
vn 0.746468 0.593126 -0.301640
vn 0.216897 0.905383 -0.365017
vn -0.395521 0.871814 -0.288970
vn -0.856863 0.505242 -0.102546
vn -0.990913 -0.054315 0.123047
vn -0.746468 -0.593126 0.301640
vn -0.216897 -0.905383 0.365017
vn 0.395521 -0.871814 0.288970
vn 0.856863 -0.505242 0.102546
vn 0.990913 0.054315 -0.123047
vn 0.746468 0.593126 -0.301640
vn 0.216897 0.905383 -0.365017
vn -0.395521 0.871814 -0.288970
vn -0.856863 0.505242 -0.102546
vn -0.990913 -0.054315 0.123047
vn -0.746468 -0.593126 0.301640
vn -0.216897 -0.905383 0.365017
vn 0.395521 -0.871814 0.288970
vn 0.856863 -0.505242 0.102546
vn 0.990913 0.054315 -0.123047
vn 0.746468 0.593126 -0.301640
vn 0.216897 0.905383 -0.365017
vn -0.395521 0.871814 -0.288970
vn -0.856863 0.505242 -0.102546
vn -0.990913 -0.054315 0.123047
vn -0.746468 -0.593126 0.301640
vn -0.216897 -0.905383 0.365017
vn 0.395521 -0.871814 0.288970
vn 0.856863 -0.505242 0.102546
vn 0.990913 0.054315 -0.123047
vn 0.746468 0.593126 -0.301640
vn 0.216897 0.905383 -0.365017
vn -0.395521 0.871814 -0.288970
vn -0.856863 0.505242 -0.102546
vn -0.096291 -0.352252 -0.930938
vn 0.096291 0.352252 0.930938
vn 0.096291 0.352252 0.930938
vn 0.096291 0.352252 0.930938
vn 0.096291 0.352252 0.930938
vn 0.096291 0.352252 0.930938
vn -0.096291 -0.352252 -0.930938
vn -0.096291 -0.352252 -0.930938
vn -0.096291 -0.352252 -0.930938
vn -0.096291 -0.352252 -0.930938
vn -0.093908 0.934328 -0.343821
vn -0.093908 0.934328 -0.343821
vn -0.093908 0.934328 -0.343821
vn -0.093908 0.934328 -0.343821
vn 0.093908 -0.934328 0.343821
vn 0.093908 -0.934328 0.343821
vn 0.093908 -0.934328 0.343821
vn 0.093908 -0.934328 0.343821
vn 0.990913 0.054315 -0.123047
vn 0.990913 0.054315 -0.123047
vn 0.990913 0.054315 -0.123047
vn 0.990913 0.054315 -0.123047
vn -0.990913 -0.054315 0.123047
vn -0.990913 -0.054315 0.123047
vn -0.990913 -0.054315 0.123047
vn -0.990913 -0.054315 0.123047
vn 0.001685 0.909749 0.415155
vn 0.001685 0.909749 0.415155
vn 0.001685 0.909749 0.415155
vn 0.001685 0.909749 0.415155
vn -0.134491 0.411590 -0.901391
vn -0.134491 0.411590 -0.901391
vn -0.134491 0.411590 -0.901391
vn -0.134491 0.411590 -0.901391
vn 0.134491 -0.411590 0.901391
vn 0.134491 -0.411590 0.901391
vn 0.134491 -0.411590 0.901391
vn 0.134491 -0.411590 0.901391
vn -0.001685 -0.909749 -0.415155
vn -0.001685 -0.909749 -0.415155
vn -0.001685 -0.909749 -0.415155
vn -0.001685 -0.909749 -0.415155
vn 0.768770 0.287487 0.571266
vn 0.768770 0.287487 0.571266
vn 0.768770 0.287487 0.571266
vn 0.768770 0.287487 0.571266
vn 0.632593 -0.210673 -0.745280
vn 0.632593 -0.210673 -0.745280
vn 0.632593 -0.210673 -0.745280
vn 0.632593 -0.210673 -0.745280
vn -0.632593 0.210673 0.745280
vn -0.632593 0.210673 0.745280
vn -0.632593 0.210673 0.745280
vn -0.632593 0.210673 0.745280
vn -0.768770 -0.287487 -0.571266
vn -0.768770 -0.287487 -0.571266
vn -0.768770 -0.287487 -0.571266
vn -0.768770 -0.287487 -0.571266
vn 0.634279 0.699076 -0.330126
vn 0.634279 0.699076 -0.330126
vn 0.634279 0.699076 -0.330126
vn 0.634279 0.699076 -0.330126
vn 0.767084 -0.622263 0.156111
vn 0.767084 -0.622263 0.156111
vn 0.767084 -0.622263 0.156111
vn 0.767084 -0.622263 0.156111
vn -0.767084 0.622263 -0.156111
vn -0.767084 0.622263 -0.156111
vn -0.767084 0.622263 -0.156111
vn -0.767084 0.622263 -0.156111
vn -0.634279 -0.699076 0.330126
vn -0.634279 -0.699076 0.330126
vn -0.634279 -0.699076 0.330126
vn -0.634279 -0.699076 0.330126
vn -0.573480 -0.774166 -0.267931
vn -0.573480 -0.774166 -0.267931
vn -0.573480 -0.774166 -0.267931
vn -0.462293 -0.367421 0.807024
vn -0.462293 -0.367421 0.807024
vn -0.462293 -0.367421 0.807024
vn -0.681916 0.304703 -0.664942
vn -0.681916 0.304703 -0.664942
vn -0.681916 0.304703 -0.664942
vn -0.570728 0.711448 0.410013
vn -0.570728 0.711448 0.410013
vn -0.570728 0.711448 0.410013
vn 0.570728 -0.711448 -0.410013
vn 0.570728 -0.711448 -0.410013
vn 0.570728 -0.711448 -0.410013
vn 0.681916 -0.304703 0.664942
vn 0.681916 -0.304703 0.664942
vn 0.681916 -0.304703 0.664942
vn 0.462293 0.367421 -0.807024
vn 0.462293 0.367421 -0.807024
vn 0.462293 0.367421 -0.807024
vn 0.573480 0.774166 0.267931
vn 0.573480 0.774166 0.267931
vn 0.573480 0.774166 0.267931
vn 0.000000 0.000000 1.000000
vn 0.000000 0.000000 1.000000
vn 0.000000 0.000000 1.000000
vn 0.000000 0.000000 1.000000
vn 0.000000 0.000000 -1.000000
vn 0.000000 0.000000 -1.000000
vn 0.000000 0.000000 -1.000000
vn 0.000000 0.000000 -1.000000
vn 0.000000 1.000000 0.000000
vn 0.000000 1.000000 0.000000
vn 0.000000 1.000000 0.000000
vn 0.000000 1.000000 0.000000
vn 0.000000 -1.000000 0.000000
vn 0.000000 -1.000000 0.000000
vn 0.000000 -1.000000 0.000000
vn 0.000000 -1.000000 0.000000
vn 1.000000 0.000000 0.000000
vn 1.000000 0.000000 0.000000
vn 1.000000 0.000000 0.000000
vn 1.000000 0.000000 0.000000
vn -1.000000 0.000000 0.000000
vn -1.000000 0.000000 0.000000
vn -1.000000 0.000000 0.000000
vn -1.000000 0.000000 0.000000
vn 0.000000 0.707107 0.707107
vn 0.000000 0.707107 0.707107
vn 0.000000 0.707107 0.707107
vn 0.000000 0.707107 0.707107
vn 0.000000 0.707107 -0.707107
vn 0.000000 0.707107 -0.707107
vn 0.000000 0.707107 -0.707107
vn 0.000000 0.707107 -0.707107
vn 0.000000 -0.707107 0.707107
vn 0.000000 -0.707107 0.707107
vn 0.000000 -0.707107 0.707107
vn 0.000000 -0.707107 0.707107
vn 0.000000 -0.707107 -0.707107
vn 0.000000 -0.707107 -0.707107
vn 0.000000 -0.707107 -0.707107
vn 0.000000 -0.707107 -0.707107
vn 0.707107 0.000000 0.707107
vn 0.707107 0.000000 0.707107
vn 0.707107 0.000000 0.707107
vn 0.707107 0.000000 0.707107
vn 0.707107 0.000000 -0.707107
vn 0.707107 0.000000 -0.707107
vn 0.707107 0.000000 -0.707107
vn 0.707107 0.000000 -0.707107
vn -0.707107 0.000000 0.707107
vn -0.707107 0.000000 0.707107
vn -0.707107 0.000000 0.707107
vn -0.707107 0.000000 0.707107
vn -0.707107 0.000000 -0.707107
vn -0.707107 0.000000 -0.707107
vn -0.707107 0.000000 -0.707107
vn -0.707107 0.000000 -0.707107
vn 0.707107 0.707107 0.000000
vn 0.707107 0.707107 0.000000
vn 0.707107 0.707107 0.000000
vn 0.707107 0.707107 0.000000
vn 0.707107 -0.707107 0.000000
vn 0.707107 -0.707107 0.000000
vn 0.707107 -0.707107 0.000000
vn 0.707107 -0.707107 0.000000
vn -0.707107 0.707107 0.000000
vn -0.707107 0.707107 0.000000
vn -0.707107 0.707107 0.000000
vn -0.707107 0.707107 0.000000
vn -0.707107 -0.707107 0.000000
vn -0.707107 -0.707107 0.000000
vn -0.707107 -0.707107 0.000000
vn -0.707107 -0.707107 0.000000
vn -0.577350 -0.577350 -0.577350
vn -0.577350 -0.577350 -0.577350
vn -0.577350 -0.577350 -0.577350
vn -0.577350 -0.577350 0.577350
vn -0.577350 -0.577350 0.577350
vn -0.577350 -0.577350 0.577350
vn -0.577350 0.577350 -0.577350
vn -0.577350 0.577350 -0.577350
vn -0.577350 0.577350 -0.577350
vn -0.577350 0.577350 0.577350
vn -0.577350 0.577350 0.577350
vn -0.577350 0.577350 0.577350
vn 0.577350 -0.577350 -0.577350
vn 0.577350 -0.577350 -0.577350
vn 0.577350 -0.577350 -0.577350
vn 0.577350 -0.577350 0.577350
vn 0.577350 -0.577350 0.577350
vn 0.577350 -0.577350 0.577350
vn 0.577350 0.577350 -0.577350
vn 0.577350 0.577350 -0.577350
vn 0.577350 0.577350 -0.577350
vn 0.577350 0.577350 0.577350
vn 0.577350 0.577350 0.577350
vn 0.577350 0.577350 0.577350
vn -1.000000 0.000000 0.000000
vn -0.707107 -0.697486 0.116248
vn -0.000000 -0.986394 0.164399
vn 0.707107 -0.697486 0.116248
vn 1.000000 -0.000000 0.000000
vn 0.707107 0.697486 -0.116248
vn 0.000000 0.986394 -0.164399
vn -0.707107 0.697486 -0.116248
vn -1.000000 0.000000 0.000000
vn -0.707107 -0.697486 0.116248
vn -0.000000 -0.986394 0.164399
vn 0.707107 -0.697486 0.116248
vn 1.000000 -0.000000 0.000000
vn 0.707107 0.697486 -0.116248
vn 0.000000 0.986394 -0.164399
vn -0.707107 0.697486 -0.116248
vn -1.000000 0.000000 0.000000
vn -0.707107 -0.697486 0.116248
vn -0.000000 -0.986394 0.164399
vn 0.707107 -0.697486 0.116248
vn 1.000000 -0.000000 0.000000
vn 0.707107 0.697486 -0.116248
vn 0.000000 0.986394 -0.164399
vn -0.707107 0.697486 -0.116248
vn -1.000000 0.000000 0.000000
vn -0.707107 -0.697486 0.116248
vn -0.000000 -0.986394 0.164399
vn 0.707107 -0.697486 0.116248
vn 1.000000 -0.000000 0.000000
vn 0.707107 0.697486 -0.116248
vn 0.000000 0.986394 -0.164399
vn -0.707107 0.697486 -0.116248
vn -0.000000 -0.164399 -0.986394
vn 0.000000 0.164399 0.986394
vn 0.000000 0.000000 1.000000
vn 0.000000 0.000000 1.000000
vn 0.000000 0.000000 1.000000
vn 0.000000 0.000000 1.000000
vn 0.000000 0.000000 -1.000000
vn 0.000000 0.000000 -1.000000
vn 0.000000 0.000000 -1.000000
vn 0.000000 0.000000 -1.000000
vn 0.000000 1.000000 0.000000
vn 0.000000 1.000000 0.000000
vn 0.000000 1.000000 0.000000
vn 0.000000 1.000000 0.000000
vn 0.000000 -1.000000 0.000000
vn 0.000000 -1.000000 0.000000
vn 0.000000 -1.000000 0.000000
vn 0.000000 -1.000000 0.000000
vn 1.000000 0.000000 0.000000
vn 1.000000 0.000000 0.000000
vn 1.000000 0.000000 0.000000
vn 1.000000 0.000000 0.000000
vn -1.000000 0.000000 0.000000
vn -1.000000 0.000000 0.000000
vn -1.000000 0.000000 0.000000
vn -1.000000 0.000000 0.000000
vn 0.000000 0.707107 0.707107
vn 0.000000 0.707107 0.707107
vn 0.000000 0.707107 0.707107
vn 0.000000 0.707107 0.707107
vn 0.000000 0.707107 -0.707107
vn 0.000000 0.707107 -0.707107
vn 0.000000 0.707107 -0.707107
vn 0.000000 0.707107 -0.707107
vn 0.000000 -0.707107 0.707107
vn 0.000000 -0.707107 0.707107
vn 0.000000 -0.707107 0.707107
vn 0.000000 -0.707107 0.707107
vn 0.000000 -0.707107 -0.707107
vn 0.000000 -0.707107 -0.707107
vn 0.000000 -0.707107 -0.707107
vn 0.000000 -0.707107 -0.707107
vn 0.707107 0.000000 0.707107
vn 0.707107 0.000000 0.707107
vn 0.707107 0.000000 0.707107
vn 0.707107 0.000000 0.707107
vn 0.707107 0.000000 -0.707107
vn 0.707107 0.000000 -0.707107
vn 0.707107 0.000000 -0.707107
vn 0.707107 0.000000 -0.707107
vn -0.707107 0.000000 0.707107
vn -0.707107 0.000000 0.707107
vn -0.707107 0.000000 0.707107
vn -0.707107 0.000000 0.707107
vn -0.707107 0.000000 -0.707107
vn -0.707107 0.000000 -0.707107
vn -0.707107 0.000000 -0.707107
vn -0.707107 0.000000 -0.707107
vn 0.707107 0.707107 0.000000
vn 0.707107 0.707107 0.000000
vn 0.707107 0.707107 0.000000
vn 0.707107 0.707107 0.000000
vn 0.707107 -0.707107 0.000000
vn 0.707107 -0.707107 0.000000
vn 0.707107 -0.707107 0.000000
vn 0.707107 -0.707107 0.000000
vn -0.707107 0.707107 0.000000
vn -0.707107 0.707107 0.000000
vn -0.707107 0.707107 0.000000
vn -0.707107 0.707107 0.000000
vn -0.707107 -0.707107 0.000000
vn -0.707107 -0.707107 0.000000
vn -0.707107 -0.707107 0.000000
vn -0.707107 -0.707107 0.000000
vn -0.577350 -0.577350 -0.577350
vn -0.577350 -0.577350 -0.577350
vn -0.577350 -0.577350 -0.577350
vn -0.577350 -0.577350 0.577350
vn -0.577350 -0.577350 0.577350
vn -0.577350 -0.577350 0.577350
vn -0.577350 0.577350 -0.577350
vn -0.577350 0.577350 -0.577350
vn -0.577350 0.577350 -0.577350
vn -0.577350 0.577350 0.577350
vn -0.577350 0.577350 0.577350
vn -0.577350 0.577350 0.577350
vn 0.577350 -0.577350 -0.577350
vn 0.577350 -0.577350 -0.577350
vn 0.577350 -0.577350 -0.577350
vn 0.577350 -0.577350 0.577350
vn 0.577350 -0.577350 0.577350
vn 0.577350 -0.577350 0.577350
vn 0.577350 0.577350 -0.577350
vn 0.577350 0.577350 -0.577350
vn 0.577350 0.577350 -0.577350
vn 0.577350 0.577350 0.577350
vn 0.577350 0.577350 0.577350
vn 0.577350 0.577350 0.577350
vn 0.000000 -0.273521 0.961866
vn -0.833229 0.090310 0.545504
vn -0.833229 0.363830 -0.416362
vn -0.000000 0.273521 -0.961866
vn 0.833229 -0.090310 -0.545504
vn 0.833229 -0.363830 0.416362
vn 0.000000 -0.273521 0.961866
vn -0.833229 0.090310 0.545504
vn -0.833229 0.363830 -0.416362
vn -0.000000 0.273521 -0.961866
vn 0.833229 -0.090310 -0.545504
vn 0.833229 -0.363830 0.416362
vn 0.000000 -0.273521 0.961866
vn -0.833229 0.090310 0.545504
vn -0.833229 0.363830 -0.416362
vn -0.000000 0.273521 -0.961866
vn 0.833229 -0.090310 -0.545504
vn 0.833229 -0.363830 0.416362
vn 0.000000 -0.273521 0.961866
vn -0.833229 0.090310 0.545504
vn -0.833229 0.363830 -0.416362
vn -0.000000 0.273521 -0.961866
vn 0.833229 -0.090310 -0.545504
vn 0.833229 -0.363830 0.416362
vn 0.272593 0.925440 0.263162
vn -0.272593 -0.925440 -0.263162
vn 0.125729 -0.000000 0.992065
vn -0.513834 -0.641932 0.569120
vn -0.639563 -0.641932 -0.422944
vn -0.125729 -0.000000 -0.992065
vn 0.513834 0.641932 -0.569120
vn 0.639563 0.641932 0.422944
vn 0.125729 -0.000000 0.992065
vn -0.513834 -0.641932 0.569120
vn -0.639563 -0.641932 -0.422944
vn -0.125729 -0.000000 -0.992065
vn 0.513834 0.641932 -0.569120
vn 0.639563 0.641932 0.422944
vn 0.125729 -0.000000 0.992065
vn -0.513834 -0.641932 0.569120
vn -0.639563 -0.641932 -0.422944
vn -0.125729 -0.000000 -0.992065
vn 0.513834 0.641932 -0.569120
vn 0.639563 0.641932 0.422944
vn 0.125729 -0.000000 0.992065
vn -0.513834 -0.641932 0.569120
vn -0.639563 -0.641932 -0.422944
vn -0.125729 -0.000000 -0.992065
vn 0.513834 0.641932 -0.569120
vn 0.639563 0.641932 0.422944
vn -0.735358 0.671241 0.093195
vn 0.735358 -0.671241 -0.093195
vn 0.138741 0.000000 -0.990329
vn 0.688649 -0.599138 -0.408406
vn 0.549908 -0.599138 0.581923
vn -0.138741 -0.000000 0.990329
vn -0.688649 0.599138 0.408406
vn -0.549908 0.599138 -0.581923
vn 0.138741 0.000000 -0.990329
vn 0.688649 -0.599138 -0.408406
vn 0.549908 -0.599138 0.581923
vn -0.138741 -0.000000 0.990329
vn -0.688649 0.599138 0.408406
vn -0.549908 0.599138 -0.581923
vn 0.138741 0.000000 -0.990329
vn 0.688649 -0.599138 -0.408406
vn 0.549908 -0.599138 0.581923
vn -0.138741 -0.000000 0.990329
vn -0.688649 0.599138 0.408406
vn -0.549908 0.599138 -0.581923
vn 0.138741 0.000000 -0.990329
vn 0.688649 -0.599138 -0.408406
vn 0.549908 -0.599138 0.581923
vn -0.138741 -0.000000 0.990329
vn -0.688649 0.599138 0.408406
vn -0.549908 0.599138 -0.581923
vn 0.685135 0.722065 0.095985
vn -0.685135 -0.722065 -0.095985
f 1/1/1 2/2/2 3/3/3
f 1/1/1 3/3/3 4/4/4
f 1/1/1 4/4/4 5/5/5
f 1/1/1 5/5/5 6/6/6
f 1/1/1 6/6/6 7/7/7
f 1/1/1 7/7/7 8/8/8
f 1/1/1 8/8/8 9/9/9
f 1/1/1 9/9/9 10/10/10
f 1/1/1 10/10/10 11/11/11
f 1/1/1 11/11/11 12/12/12
f 1/1/1 12/12/12 13/13/13
f 1/1/1 13/13/13 14/14/14
f 1/1/1 14/14/14 15/15/15
f 1/1/1 15/15/15 16/16/16
f 1/1/1 16/16/16 17/17/17
f 1/1/1 17/17/17 18/18/18
f 1/1/1 18/18/18 19/19/19
f 1/1/1 19/19/19 20/20/20
f 1/1/1 20/20/20 21/21/21
f 1/1/1 21/21/21 2/2/2
f 2/2/2 3/3/3 23/23/23
f 2/2/2 23/23/23 22/22/22
f 3/3/3 4/4/4 24/24/24
f 3/3/3 24/24/24 23/23/23
f 4/4/4 5/5/5 25/25/25
f 4/4/4 25/25/25 24/24/24
f 5/5/5 6/6/6 26/26/26
f 5/5/5 26/26/26 25/25/25
f 6/6/6 7/7/7 27/27/27
f 6/6/6 27/27/27 26/26/26
f 7/7/7 8/8/8 28/28/28
f 7/7/7 28/28/28 27/27/27
f 8/8/8 9/9/9 29/29/29
f 8/8/8 29/29/29 28/28/28
f 9/9/9 10/10/10 30/30/30
f 9/9/9 30/30/30 29/29/29
f 10/10/10 11/11/11 31/31/31
f 10/10/10 31/31/31 30/30/30
f 11/11/11 12/12/12 32/32/32
f 11/11/11 32/32/32 31/31/31
f 12/12/12 13/13/13 33/33/33
f 12/12/12 33/33/33 32/32/32
f 13/13/13 14/14/14 34/34/34
f 13/13/13 34/34/34 33/33/33
f 14/14/14 15/15/15 35/35/35
f 14/14/14 35/35/35 34/34/34
f 15/15/15 16/16/16 36/36/36
f 15/15/15 36/36/36 35/35/35
f 16/16/16 17/17/17 37/37/37
f 16/16/16 37/37/37 36/36/36
f 17/17/17 18/18/18 38/38/38
f 17/17/17 38/38/38 37/37/37
f 18/18/18 19/19/19 39/39/39
f 18/18/18 39/39/39 38/38/38
f 19/19/19 20/20/20 40/40/40
f 19/19/19 40/40/40 39/39/39
f 20/20/20 21/21/21 41/41/41
f 20/20/20 41/41/41 40/40/40
f 21/21/21 2/2/2 22/22/22
f 21/21/21 22/22/22 41/41/41
f 22/22/22 23/23/23 43/43/43
f 22/22/22 43/43/43 42/42/42
f 23/23/23 24/24/24 44/44/44
f 23/23/23 44/44/44 43/43/43
f 24/24/24 25/25/25 45/45/45
f 24/24/24 45/45/45 44/44/44
f 25/25/25 26/26/26 46/46/46
f 25/25/25 46/46/46 45/45/45
f 26/26/26 27/27/27 47/47/47
f 26/26/26 47/47/47 46/46/46
f 27/27/27 28/28/28 48/48/48
f 27/27/27 48/48/48 47/47/47
f 28/28/28 29/29/29 49/49/49
f 28/28/28 49/49/49 48/48/48
f 29/29/29 30/30/30 50/50/50
f 29/29/29 50/50/50 49/49/49
f 30/30/30 31/31/31 51/51/51
f 30/30/30 51/51/51 50/50/50
f 31/31/31 32/32/32 52/52/52
f 31/31/31 52/52/52 51/51/51
f 32/32/32 33/33/33 53/53/53
f 32/32/32 53/53/53 52/52/52
f 33/33/33 34/34/34 54/54/54
f 33/33/33 54/54/54 53/53/53
f 34/34/34 35/35/35 55/55/55
f 34/34/34 55/55/55 54/54/54
f 35/35/35 36/36/36 56/56/56
f 35/35/35 56/56/56 55/55/55
f 36/36/36 37/37/37 57/57/57
f 36/36/36 57/57/57 56/56/56
f 37/37/37 38/38/38 58/58/58
f 37/37/37 58/58/58 57/57/57
f 38/38/38 39/39/39 59/59/59
f 38/38/38 59/59/59 58/58/58
f 39/39/39 40/40/40 60/60/60
f 39/39/39 60/60/60 59/59/59
f 40/40/40 41/41/41 61/61/61
f 40/40/40 61/61/61 60/60/60
f 41/41/41 22/22/22 42/42/42
f 41/41/41 42/42/42 61/61/61
f 42/42/42 43/43/43 63/63/63
f 42/42/42 63/63/63 62/62/62
f 43/43/43 44/44/44 64/64/64
f 43/43/43 64/64/64 63/63/63
f 44/44/44 45/45/45 65/65/65
f 44/44/44 65/65/65 64/64/64
f 45/45/45 46/46/46 66/66/66
f 45/45/45 66/66/66 65/65/65
f 46/46/46 47/47/47 67/67/67
f 46/46/46 67/67/67 66/66/66
f 47/47/47 48/48/48 68/68/68
f 47/47/47 68/68/68 67/67/67
f 48/48/48 49/49/49 69/69/69
f 48/48/48 69/69/69 68/68/68
f 49/49/49 50/50/50 70/70/70
f 49/49/49 70/70/70 69/69/69
f 50/50/50 51/51/51 71/71/71
f 50/50/50 71/71/71 70/70/70
f 51/51/51 52/52/52 72/72/72
f 51/51/51 72/72/72 71/71/71
f 52/52/52 53/53/53 73/73/73
f 52/52/52 73/73/73 72/72/72
f 53/53/53 54/54/54 74/74/74
f 53/53/53 74/74/74 73/73/73
f 54/54/54 55/55/55 75/75/75
f 54/54/54 75/75/75 74/74/74
f 55/55/55 56/56/56 76/76/76
f 55/55/55 76/76/76 75/75/75
f 56/56/56 57/57/57 77/77/77
f 56/56/56 77/77/77 76/76/76
f 57/57/57 58/58/58 78/78/78
f 57/57/57 78/78/78 77/77/77
f 58/58/58 59/59/59 79/79/79
f 58/58/58 79/79/79 78/78/78
f 59/59/59 60/60/60 80/80/80
f 59/59/59 80/80/80 79/79/79
f 60/60/60 61/61/61 81/81/81
f 60/60/60 81/81/81 80/80/80
f 61/61/61 42/42/42 62/62/62
f 61/61/61 62/62/62 81/81/81
f 62/62/62 63/63/63 83/83/83
f 62/62/62 83/83/83 82/82/82
f 63/63/63 64/64/64 84/84/84
f 63/63/63 84/84/84 83/83/83
f 64/64/64 65/65/65 85/85/85
f 64/64/64 85/85/85 84/84/84
f 65/65/65 66/66/66 86/86/86
f 65/65/65 86/86/86 85/85/85
f 66/66/66 67/67/67 87/87/87
f 66/66/66 87/87/87 86/86/86
f 67/67/67 68/68/68 88/88/88
f 67/67/67 88/88/88 87/87/87
f 68/68/68 69/69/69 89/89/89
f 68/68/68 89/89/89 88/88/88
f 69/69/69 70/70/70 90/90/90
f 69/69/69 90/90/90 89/89/89
f 70/70/70 71/71/71 91/91/91
f 70/70/70 91/91/91 90/90/90
f 71/71/71 72/72/72 92/92/92
f 71/71/71 92/92/92 91/91/91
f 72/72/72 73/73/73 93/93/93
f 72/72/72 93/93/93 92/92/92
f 73/73/73 74/74/74 94/94/94
f 73/73/73 94/94/94 93/93/93
f 74/74/74 75/75/75 95/95/95
f 74/74/74 95/95/95 94/94/94
f 75/75/75 76/76/76 96/96/96
f 75/75/75 96/96/96 95/95/95
f 76/76/76 77/77/77 97/97/97
f 76/76/76 97/97/97 96/96/96
f 77/77/77 78/78/78 98/98/98
f 77/77/77 98/98/98 97/97/97
f 78/78/78 79/79/79 99/99/99
f 78/78/78 99/99/99 98/98/98
f 79/79/79 80/80/80 100/100/100
f 79/79/79 100/100/100 99/99/99
f 80/80/80 81/81/81 101/101/101
f 80/80/80 101/101/101 100/100/100
f 81/81/81 62/62/62 82/82/82
f 81/81/81 82/82/82 101/101/101
f 102/102/102 104/104/104 103/103/103
f 102/102/102 105/105/105 104/104/104
f 102/102/102 106/106/106 105/105/105
f 102/102/102 107/107/107 106/106/106
f 102/102/102 108/108/108 107/107/107
f 102/102/102 109/109/109 108/108/108
f 102/102/102 110/110/110 109/109/109
f 102/102/102 111/111/111 110/110/110
f 102/102/102 112/112/112 111/111/111
f 102/102/102 113/113/113 112/112/112
f 102/102/102 114/114/114 113/113/113
f 102/102/102 115/115/115 114/114/114
f 102/102/102 116/116/116 115/115/115
f 102/102/102 117/117/117 116/116/116
f 102/102/102 118/118/118 117/117/117
f 102/102/102 119/119/119 118/118/118
f 102/102/102 120/120/120 119/119/119
f 102/102/102 121/121/121 120/120/120
f 102/102/102 122/122/122 121/121/121
f 102/102/102 103/103/103 122/122/122
f 103/103/103 123/123/123 124/124/124
f 103/103/103 124/124/124 104/104/104
f 104/104/104 124/124/124 125/125/125
f 104/104/104 125/125/125 105/105/105
f 105/105/105 125/125/125 126/126/126
f 105/105/105 126/126/126 106/106/106
f 106/106/106 126/126/126 127/127/127
f 106/106/106 127/127/127 107/107/107
f 107/107/107 127/127/127 128/128/128
f 107/107/107 128/128/128 108/108/108
f 108/108/108 128/128/128 129/129/129
f 108/108/108 129/129/129 109/109/109
f 109/109/109 129/129/129 130/130/130
f 109/109/109 130/130/130 110/110/110
f 110/110/110 130/130/130 131/131/131
f 110/110/110 131/131/131 111/111/111
f 111/111/111 131/131/131 132/132/132
f 111/111/111 132/132/132 112/112/112
f 112/112/112 132/132/132 133/133/133
f 112/112/112 133/133/133 113/113/113
f 113/113/113 133/133/133 134/134/134
f 113/113/113 134/134/134 114/114/114
f 114/114/114 134/134/134 135/135/135
f 114/114/114 135/135/135 115/115/115
f 115/115/115 135/135/135 136/136/136
f 115/115/115 136/136/136 116/116/116
f 116/116/116 136/136/136 137/137/137
f 116/116/116 137/137/137 117/117/117
f 117/117/117 137/137/137 138/138/138
f 117/117/117 138/138/138 118/118/118
f 118/118/118 138/138/138 139/139/139
f 118/118/118 139/139/139 119/119/119
f 119/119/119 139/139/139 140/140/140
f 119/119/119 140/140/140 120/120/120
f 120/120/120 140/140/140 141/141/141
f 120/120/120 141/141/141 121/121/121
f 121/121/121 141/141/141 142/142/142
f 121/121/121 142/142/142 122/122/122
f 122/122/122 142/142/142 123/123/123
f 122/122/122 123/123/123 103/103/103
f 123/123/123 143/143/143 144/144/144
f 123/123/123 144/144/144 124/124/124
f 124/124/124 144/144/144 145/145/145
f 124/124/124 145/145/145 125/125/125
f 125/125/125 145/145/145 146/146/146
f 125/125/125 146/146/146 126/126/126
f 126/126/126 146/146/146 147/147/147
f 126/126/126 147/147/147 127/127/127
f 127/127/127 147/147/147 148/148/148
f 127/127/127 148/148/148 128/128/128
f 128/128/128 148/148/148 149/149/149
f 128/128/128 149/149/149 129/129/129
f 129/129/129 149/149/149 150/150/150
f 129/129/129 150/150/150 130/130/130
f 130/130/130 150/150/150 151/151/151
f 130/130/130 151/151/151 131/131/131
f 131/131/131 151/151/151 152/152/152
f 131/131/131 152/152/152 132/132/132
f 132/132/132 152/152/152 153/153/153
f 132/132/132 153/153/153 133/133/133
f 133/133/133 153/153/153 154/154/154
f 133/133/133 154/154/154 134/134/134
f 134/134/134 154/154/154 155/155/155
f 134/134/134 155/155/155 135/135/135
f 135/135/135 155/155/155 156/156/156
f 135/135/135 156/156/156 136/136/136
f 136/136/136 156/156/156 157/157/157
f 136/136/136 157/157/157 137/137/137
f 137/137/137 157/157/157 158/158/158
f 137/137/137 158/158/158 138/138/138
f 138/138/138 158/158/158 159/159/159
f 138/138/138 159/159/159 139/139/139
f 139/139/139 159/159/159 160/160/160
f 139/139/139 160/160/160 140/140/140
f 140/140/140 160/160/160 161/161/161
f 140/140/140 161/161/161 141/141/141
f 141/141/141 161/161/161 162/162/162
f 141/141/141 162/162/162 142/142/142
f 142/142/142 162/162/162 143/143/143
f 142/142/142 143/143/143 123/123/123
f 143/143/143 163/163/163 164/164/164
f 143/143/143 164/164/164 144/144/144
f 144/144/144 164/164/164 165/165/165
f 144/144/144 165/165/165 145/145/145
f 145/145/145 165/165/165 166/166/166
f 145/145/145 166/166/166 146/146/146
f 146/146/146 166/166/166 167/167/167
f 146/146/146 167/167/167 147/147/147
f 147/147/147 167/167/167 168/168/168
f 147/147/147 168/168/168 148/148/148
f 148/148/148 168/168/168 169/169/169
f 148/148/148 169/169/169 149/149/149
f 149/149/149 169/169/169 170/170/170
f 149/149/149 170/170/170 150/150/150
f 150/150/150 170/170/170 171/171/171
f 150/150/150 171/171/171 151/151/151
f 151/151/151 171/171/171 172/172/172
f 151/151/151 172/172/172 152/152/152
f 152/152/152 172/172/172 173/173/173
f 152/152/152 173/173/173 153/153/153
f 153/153/153 173/173/173 174/174/174
f 153/153/153 174/174/174 154/154/154
f 154/154/154 174/174/174 175/175/175
f 154/154/154 175/175/175 155/155/155
f 155/155/155 175/175/175 176/176/176
f 155/155/155 176/176/176 156/156/156
f 156/156/156 176/176/176 177/177/177
f 156/156/156 177/177/177 157/157/157
f 157/157/157 177/177/177 178/178/178
f 157/157/157 178/178/178 158/158/158
f 158/158/158 178/178/178 179/179/179
f 158/158/158 179/179/179 159/159/159
f 159/159/159 179/179/179 180/180/180
f 159/159/159 180/180/180 160/160/160
f 160/160/160 180/180/180 181/181/181
f 160/160/160 181/181/181 161/161/161
f 161/161/161 181/181/181 182/182/182
f 161/161/161 182/182/182 162/162/162
f 162/162/162 182/182/182 163/163/163
f 162/162/162 163/163/163 143/143/143
f 163/163/163 183/183/183 184/184/184
f 163/163/163 184/184/184 164/164/164
f 164/164/164 184/184/184 185/185/185
f 164/164/164 185/185/185 165/165/165
f 165/165/165 185/185/185 186/186/186
f 165/165/165 186/186/186 166/166/166
f 166/166/166 186/186/186 187/187/187
f 166/166/166 187/187/187 167/167/167
f 167/167/167 187/187/187 188/188/188
f 167/167/167 188/188/188 168/168/168
f 168/168/168 188/188/188 189/189/189
f 168/168/168 189/189/189 169/169/169
f 169/169/169 189/189/189 190/190/190
f 169/169/169 190/190/190 170/170/170
f 170/170/170 190/190/190 191/191/191
f 170/170/170 191/191/191 171/171/171
f 171/171/171 191/191/191 192/192/192
f 171/171/171 192/192/192 172/172/172
f 172/172/172 192/192/192 193/193/193
f 172/172/172 193/193/193 173/173/173
f 173/173/173 193/193/193 194/194/194
f 173/173/173 194/194/194 174/174/174
f 174/174/174 194/194/194 195/195/195
f 174/174/174 195/195/195 175/175/175
f 175/175/175 195/195/195 196/196/196
f 175/175/175 196/196/196 176/176/176
f 176/176/176 196/196/196 197/197/197
f 176/176/176 197/197/197 177/177/177
f 177/177/177 197/197/197 198/198/198
f 177/177/177 198/198/198 178/178/178
f 178/178/178 198/198/198 199/199/199
f 178/178/178 199/199/199 179/179/179
f 179/179/179 199/199/199 200/200/200
f 179/179/179 200/200/200 180/180/180
f 180/180/180 200/200/200 201/201/201
f 180/180/180 201/201/201 181/181/181
f 181/181/181 201/201/201 202/202/202
f 181/181/181 202/202/202 182/182/182
f 182/182/182 202/202/202 183/183/183
f 182/182/182 183/183/183 163/163/163
f 203/203/203 204/204/204 205/205/205
f 203/203/203 205/205/205 206/206/206
f 207/207/207 208/208/208 209/209/209
f 207/207/207 209/209/209 210/210/210
f 211/211/211 212/212/212 213/213/213
f 211/211/211 213/213/213 214/214/214
f 215/215/215 216/216/216 217/217/217
f 215/215/215 217/217/217 218/218/218
f 219/219/219 220/220/220 221/221/221
f 219/219/219 221/221/221 222/222/222
f 223/223/223 224/224/224 225/225/225
f 223/223/223 225/225/225 226/226/226
f 227/227/227 228/228/228 229/229/229
f 227/227/227 229/229/229 230/230/230
f 231/231/231 232/232/232 233/233/233
f 231/231/231 233/233/233 234/234/234
f 235/235/235 236/236/236 237/237/237
f 235/235/235 237/237/237 238/238/238
f 239/239/239 240/240/240 241/241/241
f 239/239/239 241/241/241 242/242/242
f 243/243/243 244/244/244 245/245/245
f 243/243/243 245/245/245 246/246/246
f 247/247/247 248/248/248 249/249/249
f 247/247/247 249/249/249 250/250/250
f 251/251/251 252/252/252 253/253/253
f 251/251/251 253/253/253 254/254/254
f 255/255/255 256/256/256 257/257/257
f 255/255/255 257/257/257 258/258/258
f 259/259/259 260/260/260 261/261/261
f 259/259/259 261/261/261 262/262/262
f 263/263/263 264/264/264 265/265/265
f 263/263/263 265/265/265 266/266/266
f 267/267/267 268/268/268 269/269/269
f 267/267/267 269/269/269 270/270/270
f 271/271/271 272/272/272 273/273/273
f 271/271/271 273/273/273 274/274/274
f 275/275/275 276/276/276 277/277/277
f 275/275/275 277/277/277 278/278/278
f 279/279/279 280/280/280 281/281/281
f 279/279/279 281/281/281 282/282/282
f 283/283/283 284/284/284 285/285/285
f 283/283/283 285/285/285 286/286/286
f 287/287/287 288/288/288 289/289/289
f 287/287/287 289/289/289 290/290/290
f 291/291/291 292/292/292 293/293/293
f 291/291/291 293/293/293 294/294/294
f 295/295/295 296/296/296 297/297/297
f 295/295/295 297/297/297 298/298/298
f 299/299/299 300/300/300 301/301/301
f 299/299/299 301/301/301 302/302/302
f 303/303/303 304/304/304 305/305/305
f 303/303/303 305/305/305 306/306/306
f 307/307/307 308/308/308 309/309/309
f 307/307/307 309/309/309 310/310/310
f 311/311/311 312/312/312 313/313/313
f 311/311/311 313/313/313 314/314/314
f 315/315/315 316/316/316 317/317/317
f 315/315/315 317/317/317 318/318/318
f 319/319/319 320/320/320 321/321/321
f 319/319/319 321/321/321 322/322/322
f 323/323/323 324/324/324 325/325/325
f 323/323/323 325/325/325 326/326/326
f 327/327/327 328/328/328 329/329/329
f 327/327/327 329/329/329 330/330/330
f 331/331/331 332/332/332 333/333/333
f 331/331/331 333/333/333 334/334/334
f 335/335/335 336/336/336 337/337/337
f 335/335/335 337/337/337 338/338/338
f 339/339/339 340/340/340 341/341/341
f 339/339/339 341/341/341 342/342/342
f 343/343/343 344/344/344 345/345/345
f 343/343/343 345/345/345 346/346/346
f 347/347/347 348/348/348 349/349/349
f 347/347/347 349/349/349 350/350/350
f 351/351/351 352/352/352 353/353/353
f 351/351/351 353/353/353 354/354/354
f 355/355/355 356/356/356 357/357/357
f 355/355/355 357/357/357 358/358/358
f 359/359/359 360/360/360 361/361/361
f 359/359/359 361/361/361 362/362/362
f 363/363/363 364/364/364 365/365/365
f 363/363/363 365/365/365 366/366/366
f 367/367/367 368/368/368 369/369/369
f 367/367/367 369/369/369 370/370/370
f 371/371/371 372/372/372 373/373/373
f 371/371/371 373/373/373 374/374/374
f 375/375/375 376/376/376 377/377/377
f 375/375/375 377/377/377 378/378/378
f 379/379/379 380/380/380 381/381/381
f 379/379/379 381/381/381 382/382/382
f 383/383/383 384/384/384 385/385/385
f 383/383/383 385/385/385 386/386/386
f 387/387/387 388/388/388 389/389/389
f 387/387/387 389/389/389 390/390/390
f 391/391/391 392/392/392 393/393/393
f 391/391/391 393/393/393 394/394/394
f 395/395/395 396/396/396 397/397/397
f 395/395/395 397/397/397 398/398/398
f 399/399/399 400/400/400 401/401/401
f 399/399/399 401/401/401 402/402/402
f 403/403/403 404/404/404 405/405/405
f 403/403/403 405/405/405 406/406/406
f 407/407/407 408/408/408 409/409/409
f 407/407/407 409/409/409 410/410/410
f 411/411/411 412/412/412 413/413/413
f 411/411/411 413/413/413 414/414/414
f 415/415/415 416/416/416 417/417/417
f 415/415/415 417/417/417 418/418/418
f 419/419/419 420/420/420 421/421/421
f 419/419/419 421/421/421 422/422/422
f 423/423/423 424/424/424 425/425/425
f 423/423/423 425/425/425 426/426/426
f 427/427/427 428/428/428 429/429/429
f 427/427/427 429/429/429 430/430/430
f 431/431/431 432/432/432 433/433/433
f 431/431/431 433/433/433 434/434/434
f 435/435/435 436/436/436 437/437/437
f 435/435/435 437/437/437 438/438/438
f 439/439/439 440/440/440 441/441/441
f 439/439/439 441/441/441 442/442/442
f 443/443/443 451/451/451 452/452/452
f 443/443/443 452/452/452 444/444/444
f 444/444/444 452/452/452 453/453/453
f 444/444/444 453/453/453 445/445/445
f 445/445/445 453/453/453 454/454/454
f 445/445/445 454/454/454 446/446/446
f 446/446/446 454/454/454 455/455/455
f 446/446/446 455/455/455 447/447/447
f 447/447/447 455/455/455 456/456/456
f 447/447/447 456/456/456 448/448/448
f 448/448/448 456/456/456 457/457/457
f 448/448/448 457/457/457 449/449/449
f 449/449/449 457/457/457 458/458/458
f 449/449/449 458/458/458 450/450/450
f 450/450/450 458/458/458 451/451/451
f 450/450/450 451/451/451 443/443/443
f 451/451/451 459/459/459 460/460/460
f 451/451/451 460/460/460 452/452/452
f 452/452/452 460/460/460 461/461/461
f 452/452/452 461/461/461 453/453/453
f 453/453/453 461/461/461 462/462/462
f 453/453/453 462/462/462 454/454/454
f 454/454/454 462/462/462 463/463/463
f 454/454/454 463/463/463 455/455/455
f 455/455/455 463/463/463 464/464/464
f 455/455/455 464/464/464 456/456/456
f 456/456/456 464/464/464 465/465/465
f 456/456/456 465/465/465 457/457/457
f 457/457/457 465/465/465 466/466/466
f 457/457/457 466/466/466 458/458/458
f 458/458/458 466/466/466 459/459/459
f 458/458/458 459/459/459 451/451/451
f 459/459/459 467/467/467 468/468/468
f 459/459/459 468/468/468 460/460/460
f 460/460/460 468/468/468 469/469/469
f 460/460/460 469/469/469 461/461/461
f 461/461/461 469/469/469 470/470/470
f 461/461/461 470/470/470 462/462/462
f 462/462/462 470/470/470 471/471/471
f 462/462/462 471/471/471 463/463/463
f 463/463/463 471/471/471 472/472/472
f 463/463/463 472/472/472 464/464/464
f 464/464/464 472/472/472 473/473/473
f 464/464/464 473/473/473 465/465/465
f 465/465/465 473/473/473 474/474/474
f 465/465/465 474/474/474 466/466/466
f 466/466/466 474/474/474 467/467/467
f 466/466/466 467/467/467 459/459/459
f 475/475/475 444/444/444 443/443/443
f 475/475/475 445/445/445 444/444/444
f 475/475/475 446/446/446 445/445/445
f 475/475/475 447/447/447 446/446/446
f 475/475/475 448/448/448 447/447/447
f 475/475/475 449/449/449 448/448/448
f 475/475/475 450/450/450 449/449/449
f 475/475/475 443/443/443 450/450/450
f 476/476/476 467/467/467 468/468/468
f 476/476/476 468/468/468 469/469/469
f 476/476/476 469/469/469 470/470/470
f 476/476/476 470/470/470 471/471/471
f 476/476/476 471/471/471 472/472/472
f 476/476/476 472/472/472 473/473/473
f 476/476/476 473/473/473 474/474/474
f 476/476/476 474/474/474 467/467/467
f 477/477/477 485/485/485 486/486/486
f 477/477/477 486/486/486 478/478/478
f 478/478/478 486/486/486 487/487/487
f 478/478/478 487/487/487 479/479/479
f 479/479/479 487/487/487 488/488/488
f 479/479/479 488/488/488 480/480/480
f 480/480/480 488/488/488 489/489/489
f 480/480/480 489/489/489 481/481/481
f 481/481/481 489/489/489 490/490/490
f 481/481/481 490/490/490 482/482/482
f 482/482/482 490/490/490 491/491/491
f 482/482/482 491/491/491 483/483/483
f 483/483/483 491/491/491 492/492/492
f 483/483/483 492/492/492 484/484/484
f 484/484/484 492/492/492 485/485/485
f 484/484/484 485/485/485 477/477/477
f 485/485/485 493/493/493 494/494/494
f 485/485/485 494/494/494 486/486/486
f 486/486/486 494/494/494 495/495/495
f 486/486/486 495/495/495 487/487/487
f 487/487/487 495/495/495 496/496/496
f 487/487/487 496/496/496 488/488/488
f 488/488/488 496/496/496 497/497/497
f 488/488/488 497/497/497 489/489/489
f 489/489/489 497/497/497 498/498/498
f 489/489/489 498/498/498 490/490/490
f 490/490/490 498/498/498 499/499/499
f 490/490/490 499/499/499 491/491/491
f 491/491/491 499/499/499 500/500/500
f 491/491/491 500/500/500 492/492/492
f 492/492/492 500/500/500 493/493/493
f 492/492/492 493/493/493 485/485/485
f 493/493/493 501/501/501 502/502/502
f 493/493/493 502/502/502 494/494/494
f 494/494/494 502/502/502 503/503/503
f 494/494/494 503/503/503 495/495/495
f 495/495/495 503/503/503 504/504/504
f 495/495/495 504/504/504 496/496/496
f 496/496/496 504/504/504 505/505/505
f 496/496/496 505/505/505 497/497/497
f 497/497/497 505/505/505 506/506/506
f 497/497/497 506/506/506 498/498/498
f 498/498/498 506/506/506 507/507/507
f 498/498/498 507/507/507 499/499/499
f 499/499/499 507/507/507 508/508/508
f 499/499/499 508/508/508 500/500/500
f 500/500/500 508/508/508 501/501/501
f 500/500/500 501/501/501 493/493/493
f 509/509/509 478/478/478 477/477/477
f 509/509/509 479/479/479 478/478/478
f 509/509/509 480/480/480 479/479/479
f 509/509/509 481/481/481 480/480/480
f 509/509/509 482/482/482 481/481/481
f 509/509/509 483/483/483 482/482/482
f 509/509/509 484/484/484 483/483/483
f 509/509/509 477/477/477 484/484/484
f 510/510/510 501/501/501 502/502/502
f 510/510/510 502/502/502 503/503/503
f 510/510/510 503/503/503 504/504/504
f 510/510/510 504/504/504 505/505/505
f 510/510/510 505/505/505 506/506/506
f 510/510/510 506/506/506 507/507/507
f 510/510/510 507/507/507 508/508/508
f 510/510/510 508/508/508 501/501/501
f 511/511/511 521/521/521 522/522/522
f 511/511/511 522/522/522 512/512/512
f 512/512/512 522/522/522 523/523/523
f 512/512/512 523/523/523 513/513/513
f 513/513/513 523/523/523 524/524/524
f 513/513/513 524/524/524 514/514/514
f 514/514/514 524/524/524 525/525/525
f 514/514/514 525/525/525 515/515/515
f 515/515/515 525/525/525 526/526/526
f 515/515/515 526/526/526 516/516/516
f 516/516/516 526/526/526 527/527/527
f 516/516/516 527/527/527 517/517/517
f 517/517/517 527/527/527 528/528/528
f 517/517/517 528/528/528 518/518/518
f 518/518/518 528/528/528 529/529/529
f 518/518/518 529/529/529 519/519/519
f 519/519/519 529/529/529 530/530/530
f 519/519/519 530/530/530 520/520/520
f 520/520/520 530/530/530 521/521/521
f 520/520/520 521/521/521 511/511/511
f 521/521/521 531/531/531 532/532/532
f 521/521/521 532/532/532 522/522/522
f 522/522/522 532/532/532 533/533/533
f 522/522/522 533/533/533 523/523/523
f 523/523/523 533/533/533 534/534/534
f 523/523/523 534/534/534 524/524/524
f 524/524/524 534/534/534 535/535/535
f 524/524/524 535/535/535 525/525/525
f 525/525/525 535/535/535 536/536/536
f 525/525/525 536/536/536 526/526/526
f 526/526/526 536/536/536 537/537/537
f 526/526/526 537/537/537 527/527/527
f 527/527/527 537/537/537 538/538/538
f 527/527/527 538/538/538 528/528/528
f 528/528/528 538/538/538 539/539/539
f 528/528/528 539/539/539 529/529/529
f 529/529/529 539/539/539 540/540/540
f 529/529/529 540/540/540 530/530/530
f 530/530/530 540/540/540 531/531/531
f 530/530/530 531/531/531 521/521/521
f 531/531/531 541/541/541 542/542/542
f 531/531/531 542/542/542 532/532/532
f 532/532/532 542/542/542 543/543/543
f 532/532/532 543/543/543 533/533/533
f 533/533/533 543/543/543 544/544/544
f 533/533/533 544/544/544 534/534/534
f 534/534/534 544/544/544 545/545/545
f 534/534/534 545/545/545 535/535/535
f 535/535/535 545/545/545 546/546/546
f 535/535/535 546/546/546 536/536/536
f 536/536/536 546/546/546 547/547/547
f 536/536/536 547/547/547 537/537/537
f 537/537/537 547/547/547 548/548/548
f 537/537/537 548/548/548 538/538/538
f 538/538/538 548/548/548 549/549/549
f 538/538/538 549/549/549 539/539/539
f 539/539/539 549/549/549 550/550/550
f 539/539/539 550/550/550 540/540/540
f 540/540/540 550/550/550 541/541/541
f 540/540/540 541/541/541 531/531/531
f 551/551/551 512/512/512 511/511/511
f 551/551/551 513/513/513 512/512/512
f 551/551/551 514/514/514 513/513/513
f 551/551/551 515/515/515 514/514/514
f 551/551/551 516/516/516 515/515/515
f 551/551/551 517/517/517 516/516/516
f 551/551/551 518/518/518 517/517/517
f 551/551/551 519/519/519 518/518/518
f 551/551/551 520/520/520 519/519/519
f 551/551/551 511/511/511 520/520/520
f 552/552/552 541/541/541 542/542/542
f 552/552/552 542/542/542 543/543/543
f 552/552/552 543/543/543 544/544/544
f 552/552/552 544/544/544 545/545/545
f 552/552/552 545/545/545 546/546/546
f 552/552/552 546/546/546 547/547/547
f 552/552/552 547/547/547 548/548/548
f 552/552/552 548/548/548 549/549/549
f 552/552/552 549/549/549 550/550/550
f 552/552/552 550/550/550 541/541/541
f 553/553/553 554/554/554 555/555/555
f 553/553/553 555/555/555 556/556/556
f 557/557/557 558/558/558 559/559/559
f 557/557/557 559/559/559 560/560/560
f 561/561/561 562/562/562 563/563/563
f 561/561/561 563/563/563 564/564/564
f 565/565/565 566/566/566 567/567/567
f 565/565/565 567/567/567 568/568/568
f 569/569/569 570/570/570 571/571/571
f 569/569/569 571/571/571 572/572/572
f 573/573/573 574/574/574 575/575/575
f 573/573/573 575/575/575 576/576/576
f 577/577/577 578/578/578 579/579/579
f 577/577/577 579/579/579 580/580/580
f 581/581/581 582/582/582 583/583/583
f 581/581/581 583/583/583 584/584/584
f 585/585/585 586/586/586 587/587/587
f 585/585/585 587/587/587 588/588/588
f 589/589/589 590/590/590 591/591/591
f 589/589/589 591/591/591 592/592/592
f 593/593/593 594/594/594 595/595/595
f 593/593/593 595/595/595 596/596/596
f 597/597/597 598/598/598 599/599/599
f 597/597/597 599/599/599 600/600/600
f 601/601/601 602/602/602 603/603/603
f 601/601/601 603/603/603 604/604/604
f 605/605/605 606/606/606 607/607/607
f 605/605/605 607/607/607 608/608/608
f 609/609/609 610/610/610 611/611/611
f 609/609/609 611/611/611 612/612/612
f 613/613/613 614/614/614 615/615/615
f 613/613/613 615/615/615 616/616/616
f 617/617/617 618/618/618 619/619/619
f 617/617/617 619/619/619 620/620/620
f 621/621/621 622/622/622 623/623/623
f 621/621/621 623/623/623 624/624/624
f 625/625/625 627/627/627 626/626/626
f 628/628/628 629/629/629 630/630/630
f 631/631/631 632/632/632 633/633/633
f 634/634/634 636/636/636 635/635/635
f 637/637/637 638/638/638 639/639/639
f 640/640/640 642/642/642 641/641/641
f 643/643/643 645/645/645 644/644/644
f 646/646/646 647/647/647 648/648/648
f 649/649/649 650/650/650 651/651/651
f 649/649/649 651/651/651 652/652/652
f 653/653/653 654/654/654 655/655/655
f 653/653/653 655/655/655 656/656/656
f 657/657/657 658/658/658 659/659/659
f 657/657/657 659/659/659 660/660/660
f 661/661/661 662/662/662 663/663/663
f 661/661/661 663/663/663 664/664/664
f 665/665/665 666/666/666 667/667/667
f 665/665/665 667/667/667 668/668/668
f 669/669/669 670/670/670 671/671/671
f 669/669/669 671/671/671 672/672/672
f 673/673/673 674/674/674 675/675/675
f 673/673/673 675/675/675 676/676/676
f 677/677/677 678/678/678 679/679/679
f 677/677/677 679/679/679 680/680/680
f 681/681/681 682/682/682 683/683/683
f 681/681/681 683/683/683 684/684/684
f 685/685/685 686/686/686 687/687/687
f 685/685/685 687/687/687 688/688/688
f 689/689/689 690/690/690 691/691/691
f 689/689/689 691/691/691 692/692/692
f 693/693/693 694/694/694 695/695/695
f 693/693/693 695/695/695 696/696/696
f 697/697/697 698/698/698 699/699/699
f 697/697/697 699/699/699 700/700/700
f 701/701/701 702/702/702 703/703/703
f 701/701/701 703/703/703 704/704/704
f 705/705/705 706/706/706 707/707/707
f 705/705/705 707/707/707 708/708/708
f 709/709/709 710/710/710 711/711/711
f 709/709/709 711/711/711 712/712/712
f 713/713/713 714/714/714 715/715/715
f 713/713/713 715/715/715 716/716/716
f 717/717/717 718/718/718 719/719/719
f 717/717/717 719/719/719 720/720/720
f 721/721/721 723/723/723 722/722/722
f 724/724/724 725/725/725 726/726/726
f 727/727/727 728/728/728 729/729/729
f 730/730/730 732/732/732 731/731/731
f 733/733/733 734/734/734 735/735/735
f 736/736/736 738/738/738 737/737/737
f 739/739/739 741/741/741 740/740/740
f 742/742/742 743/743/743 744/744/744
f 745/745/745 753/753/753 754/754/754
f 745/745/745 754/754/754 746/746/746
f 746/746/746 754/754/754 755/755/755
f 746/746/746 755/755/755 747/747/747
f 747/747/747 755/755/755 756/756/756
f 747/747/747 756/756/756 748/748/748
f 748/748/748 756/756/756 757/757/757
f 748/748/748 757/757/757 749/749/749
f 749/749/749 757/757/757 758/758/758
f 749/749/749 758/758/758 750/750/750
f 750/750/750 758/758/758 759/759/759
f 750/750/750 759/759/759 751/751/751
f 751/751/751 759/759/759 760/760/760
f 751/751/751 760/760/760 752/752/752
f 752/752/752 760/760/760 753/753/753
f 752/752/752 753/753/753 745/745/745
f 753/753/753 761/761/761 762/762/762
f 753/753/753 762/762/762 754/754/754
f 754/754/754 762/762/762 763/763/763
f 754/754/754 763/763/763 755/755/755
f 755/755/755 763/763/763 764/764/764
f 755/755/755 764/764/764 756/756/756
f 756/756/756 764/764/764 765/765/765
f 756/756/756 765/765/765 757/757/757
f 757/757/757 765/765/765 766/766/766
f 757/757/757 766/766/766 758/758/758
f 758/758/758 766/766/766 767/767/767
f 758/758/758 767/767/767 759/759/759
f 759/759/759 767/767/767 768/768/768
f 759/759/759 768/768/768 760/760/760
f 760/760/760 768/768/768 761/761/761
f 760/760/760 761/761/761 753/753/753
f 761/761/761 769/769/769 770/770/770
f 761/761/761 770/770/770 762/762/762
f 762/762/762 770/770/770 771/771/771
f 762/762/762 771/771/771 763/763/763
f 763/763/763 771/771/771 772/772/772
f 763/763/763 772/772/772 764/764/764
f 764/764/764 772/772/772 773/773/773
f 764/764/764 773/773/773 765/765/765
f 765/765/765 773/773/773 774/774/774
f 765/765/765 774/774/774 766/766/766
f 766/766/766 774/774/774 775/775/775
f 766/766/766 775/775/775 767/767/767
f 767/767/767 775/775/775 776/776/776
f 767/767/767 776/776/776 768/768/768
f 768/768/768 776/776/776 769/769/769
f 768/768/768 769/769/769 761/761/761
f 777/777/777 746/746/746 745/745/745
f 777/777/777 747/747/747 746/746/746
f 777/777/777 748/748/748 747/747/747
f 777/777/777 749/749/749 748/748/748
f 777/777/777 750/750/750 749/749/749
f 777/777/777 751/751/751 750/750/750
f 777/777/777 752/752/752 751/751/751
f 777/777/777 745/745/745 752/752/752
f 778/778/778 769/769/769 770/770/770
f 778/778/778 770/770/770 771/771/771
f 778/778/778 771/771/771 772/772/772
f 778/778/778 772/772/772 773/773/773
f 778/778/778 773/773/773 774/774/774
f 778/778/778 774/774/774 775/775/775
f 778/778/778 775/775/775 776/776/776
f 778/778/778 776/776/776 769/769/769
f 779/779/779 780/780/780 781/781/781
f 779/779/779 781/781/781 782/782/782
f 783/783/783 784/784/784 785/785/785
f 783/783/783 785/785/785 786/786/786
f 787/787/787 788/788/788 789/789/789
f 787/787/787 789/789/789 790/790/790
f 791/791/791 792/792/792 793/793/793
f 791/791/791 793/793/793 794/794/794
f 795/795/795 796/796/796 797/797/797
f 795/795/795 797/797/797 798/798/798
f 799/799/799 800/800/800 801/801/801
f 799/799/799 801/801/801 802/802/802
f 803/803/803 804/804/804 805/805/805
f 803/803/803 805/805/805 806/806/806
f 807/807/807 808/808/808 809/809/809
f 807/807/807 809/809/809 810/810/810
f 811/811/811 812/812/812 813/813/813
f 811/811/811 813/813/813 814/814/814
f 815/815/815 816/816/816 817/817/817
f 815/815/815 817/817/817 818/818/818
f 819/819/819 820/820/820 821/821/821
f 819/819/819 821/821/821 822/822/822
f 823/823/823 824/824/824 825/825/825
f 823/823/823 825/825/825 826/826/826
f 827/827/827 828/828/828 829/829/829
f 827/827/827 829/829/829 830/830/830
f 831/831/831 832/832/832 833/833/833
f 831/831/831 833/833/833 834/834/834
f 835/835/835 836/836/836 837/837/837
f 835/835/835 837/837/837 838/838/838
f 839/839/839 840/840/840 841/841/841
f 839/839/839 841/841/841 842/842/842
f 843/843/843 844/844/844 845/845/845
f 843/843/843 845/845/845 846/846/846
f 847/847/847 848/848/848 849/849/849
f 847/847/847 849/849/849 850/850/850
f 851/851/851 853/853/853 852/852/852
f 854/854/854 855/855/855 856/856/856
f 857/857/857 858/858/858 859/859/859
f 860/860/860 862/862/862 861/861/861
f 863/863/863 864/864/864 865/865/865
f 866/866/866 868/868/868 867/867/867
f 869/869/869 871/871/871 870/870/870
f 872/872/872 873/873/873 874/874/874
f 875/875/875 881/881/881 882/882/882
f 875/875/875 882/882/882 876/876/876
f 876/876/876 882/882/882 883/883/883
f 876/876/876 883/883/883 877/877/877
f 877/877/877 883/883/883 884/884/884
f 877/877/877 884/884/884 878/878/878
f 878/878/878 884/884/884 885/885/885
f 878/878/878 885/885/885 879/879/879
f 879/879/879 885/885/885 886/886/886
f 879/879/879 886/886/886 880/880/880
f 880/880/880 886/886/886 881/881/881
f 880/880/880 881/881/881 875/875/875
f 881/881/881 887/887/887 888/888/888
f 881/881/881 888/888/888 882/882/882
f 882/882/882 888/888/888 889/889/889
f 882/882/882 889/889/889 883/883/883
f 883/883/883 889/889/889 890/890/890
f 883/883/883 890/890/890 884/884/884
f 884/884/884 890/890/890 891/891/891
f 884/884/884 891/891/891 885/885/885
f 885/885/885 891/891/891 892/892/892
f 885/885/885 892/892/892 886/886/886
f 886/886/886 892/892/892 887/887/887
f 886/886/886 887/887/887 881/881/881
f 887/887/887 893/893/893 894/894/894
f 887/887/887 894/894/894 888/888/888
f 888/888/888 894/894/894 895/895/895
f 888/888/888 895/895/895 889/889/889
f 889/889/889 895/895/895 896/896/896
f 889/889/889 896/896/896 890/890/890
f 890/890/890 896/896/896 897/897/897
f 890/890/890 897/897/897 891/891/891
f 891/891/891 897/897/897 898/898/898
f 891/891/891 898/898/898 892/892/892
f 892/892/892 898/898/898 893/893/893
f 892/892/892 893/893/893 887/887/887
f 899/899/899 876/876/876 875/875/875
f 899/899/899 877/877/877 876/876/876
f 899/899/899 878/878/878 877/877/877
f 899/899/899 879/879/879 878/878/878
f 899/899/899 880/880/880 879/879/879
f 899/899/899 875/875/875 880/880/880
f 900/900/900 893/893/893 894/894/894
f 900/900/900 894/894/894 895/895/895
f 900/900/900 895/895/895 896/896/896
f 900/900/900 896/896/896 897/897/897
f 900/900/900 897/897/897 898/898/898
f 900/900/900 898/898/898 893/893/893
f 901/901/901 907/907/907 908/908/908
f 901/901/901 908/908/908 902/902/902
f 902/902/902 908/908/908 909/909/909
f 902/902/902 909/909/909 903/903/903
f 903/903/903 909/909/909 910/910/910
f 903/903/903 910/910/910 904/904/904
f 904/904/904 910/910/910 911/911/911
f 904/904/904 911/911/911 905/905/905
f 905/905/905 911/911/911 912/912/912
f 905/905/905 912/912/912 906/906/906
f 906/906/906 912/912/912 907/907/907
f 906/906/906 907/907/907 901/901/901
f 907/907/907 913/913/913 914/914/914
f 907/907/907 914/914/914 908/908/908
f 908/908/908 914/914/914 915/915/915
f 908/908/908 915/915/915 909/909/909
f 909/909/909 915/915/915 916/916/916
f 909/909/909 916/916/916 910/910/910
f 910/910/910 916/916/916 917/917/917
f 910/910/910 917/917/917 911/911/911
f 911/911/911 917/917/917 918/918/918
f 911/911/911 918/918/918 912/912/912
f 912/912/912 918/918/918 913/913/913
f 912/912/912 913/913/913 907/907/907
f 913/913/913 919/919/919 920/920/920
f 913/913/913 920/920/920 914/914/914
f 914/914/914 920/920/920 921/921/921
f 914/914/914 921/921/921 915/915/915
f 915/915/915 921/921/921 922/922/922
f 915/915/915 922/922/922 916/916/916
f 916/916/916 922/922/922 923/923/923
f 916/916/916 923/923/923 917/917/917
f 917/917/917 923/923/923 924/924/924
f 917/917/917 924/924/924 918/918/918
f 918/918/918 924/924/924 919/919/919
f 918/918/918 919/919/919 913/913/913
f 925/925/925 902/902/902 901/901/901
f 925/925/925 903/903/903 902/902/902
f 925/925/925 904/904/904 903/903/903
f 925/925/925 905/905/905 904/904/904
f 925/925/925 906/906/906 905/905/905
f 925/925/925 901/901/901 906/906/906
f 926/926/926 919/919/919 920/920/920
f 926/926/926 920/920/920 921/921/921
f 926/926/926 921/921/921 922/922/922
f 926/926/926 922/922/922 923/923/923
f 926/926/926 923/923/923 924/924/924
f 926/926/926 924/924/924 919/919/919
f 927/927/927 933/933/933 934/934/934
f 927/927/927 934/934/934 928/928/928
f 928/928/928 934/934/934 935/935/935
f 928/928/928 935/935/935 929/929/929
f 929/929/929 935/935/935 936/936/936
f 929/929/929 936/936/936 930/930/930
f 930/930/930 936/936/936 937/937/937
f 930/930/930 937/937/937 931/931/931
f 931/931/931 937/937/937 938/938/938
f 931/931/931 938/938/938 932/932/932
f 932/932/932 938/938/938 933/933/933
f 932/932/932 933/933/933 927/927/927
f 933/933/933 939/939/939 940/940/940
f 933/933/933 940/940/940 934/934/934
f 934/934/934 940/940/940 941/941/941
f 934/934/934 941/941/941 935/935/935
f 935/935/935 941/941/941 942/942/942
f 935/935/935 942/942/942 936/936/936
f 936/936/936 942/942/942 943/943/943
f 936/936/936 943/943/943 937/937/937
f 937/937/937 943/943/943 944/944/944
f 937/937/937 944/944/944 938/938/938
f 938/938/938 944/944/944 939/939/939
f 938/938/938 939/939/939 933/933/933
f 939/939/939 945/945/945 946/946/946
f 939/939/939 946/946/946 940/940/940
f 940/940/940 946/946/946 947/947/947
f 940/940/940 947/947/947 941/941/941
f 941/941/941 947/947/947 948/948/948
f 941/941/941 948/948/948 942/942/942
f 942/942/942 948/948/948 949/949/949
f 942/942/942 949/949/949 943/943/943
f 943/943/943 949/949/949 950/950/950
f 943/943/943 950/950/950 944/944/944
f 944/944/944 950/950/950 945/945/945
f 944/944/944 945/945/945 939/939/939
f 951/951/951 928/928/928 927/927/927
f 951/951/951 929/929/929 928/928/928
f 951/951/951 930/930/930 929/929/929
f 951/951/951 931/931/931 930/930/930
f 951/951/951 932/932/932 931/931/931
f 951/951/951 927/927/927 932/932/932
f 952/952/952 945/945/945 946/946/946
f 952/952/952 946/946/946 947/947/947
f 952/952/952 947/947/947 948/948/948
f 952/952/952 948/948/948 949/949/949
f 952/952/952 949/949/949 950/950/950
f 952/952/952 950/950/950 945/945/945
