# window_ac_02
mtllib props.mtl
o window_ac_02
usemtl MetalWhite
v -0.349971 -0.170467 0.516755
v 0.321500 -0.166779 0.536872
v 0.319008 0.287109 0.536872
v -0.352463 0.283421 0.516755
v 0.336982 -0.166694 0.020117
v -0.334489 -0.170382 0.000000
v -0.336982 0.283506 0.000000
v 0.334489 0.287194 0.020117
v -0.337159 0.288505 0.004998
v 0.334312 0.292193 0.025115
v 0.319130 0.292110 0.531874
v -0.352341 0.288422 0.511757
v -0.349793 -0.175466 0.511757
v 0.321678 -0.171778 0.531874
v 0.336859 -0.171695 0.025115
v -0.334611 -0.175382 0.004998
v 0.341830 -0.166668 0.025265
v 0.326648 -0.166751 0.532024
v 0.324155 0.287137 0.532024
v 0.339337 0.287220 0.025265
v -0.354818 -0.170493 0.511607
v -0.339637 -0.170410 0.004848
v -0.342129 0.283478 0.004848
v -0.357311 0.283395 0.511607
v -0.352341 0.288422 0.511757
v 0.319130 0.292110 0.531874
v 0.319008 0.287109 0.536872
v -0.352463 0.283421 0.516755
v -0.337159 0.288505 0.004998
v 0.334312 0.292193 0.025115
v 0.334489 0.287194 0.020117
v -0.336982 0.283506 0.000000
v -0.349793 -0.175466 0.511757
v 0.321678 -0.171778 0.531874
v 0.321500 -0.166779 0.536872
v -0.349971 -0.170467 0.516755
v -0.334611 -0.175382 0.004998
v 0.336859 -0.171695 0.025115
v 0.336982 -0.166694 0.020117
v -0.334489 -0.170382 0.000000
v 0.326648 -0.166751 0.532024
v 0.324155 0.287137 0.532024
v 0.319008 0.287109 0.536872
v 0.321500 -0.166779 0.536872
v 0.341830 -0.166668 0.025265
v 0.339337 0.287220 0.025265
v 0.334489 0.287194 0.020117
v 0.336982 -0.166694 0.020117
v -0.354818 -0.170493 0.511607
v -0.357311 0.283395 0.511607
v -0.352463 0.283421 0.516755
v -0.349971 -0.170467 0.516755
v -0.339637 -0.170410 0.004848
v -0.342129 0.283478 0.004848
v -0.336982 0.283506 0.000000
v -0.334489 -0.170382 0.000000
v 0.339337 0.287220 0.025265
v 0.324155 0.287137 0.532024
v 0.319130 0.292110 0.531874
v 0.334312 0.292193 0.025115
v 0.341830 -0.166668 0.025265
v 0.326648 -0.166751 0.532024
v 0.321678 -0.171778 0.531874
v 0.336859 -0.171695 0.025115
v -0.342129 0.283478 0.004848
v -0.357311 0.283395 0.511607
v -0.352341 0.288422 0.511757
v -0.337159 0.288505 0.004998
v -0.339637 -0.170410 0.004848
v -0.354818 -0.170493 0.511607
v -0.349793 -0.175466 0.511757
v -0.334611 -0.175382 0.004998
v -0.334489 -0.170382 0.000000
v -0.334611 -0.175382 0.004998
v -0.339637 -0.170410 0.004848
v -0.349971 -0.170467 0.516755
v -0.349793 -0.175466 0.511757
v -0.354818 -0.170493 0.511607
v -0.336982 0.283506 0.000000
v -0.337159 0.288505 0.004998
v -0.342129 0.283478 0.004848
v -0.352463 0.283421 0.516755
v -0.352341 0.288422 0.511757
v -0.357311 0.283395 0.511607
v 0.336982 -0.166694 0.020117
v 0.336859 -0.171695 0.025115
v 0.341830 -0.166668 0.025265
v 0.321500 -0.166779 0.536872
v 0.321678 -0.171778 0.531874
v 0.326648 -0.166751 0.532024
v 0.334489 0.287194 0.020117
v 0.334312 0.292193 0.025115
v 0.339337 0.287220 0.025265
v 0.319008 0.287109 0.536872
v 0.319130 0.292110 0.531874
v 0.324155 0.287137 0.532024
v -0.327954 0.227332 0.519481
v 0.294997 0.230753 0.538144
v 0.294920 0.244753 0.538144
v -0.328031 0.241332 0.519481
v 0.295595 0.230756 0.518153
v -0.327355 0.227335 0.499490
v -0.327432 0.241335 0.499490
v 0.295519 0.244756 0.518153
v -0.327503 0.243335 0.501489
v 0.295448 0.246756 0.520152
v 0.294969 0.246753 0.536145
v -0.327982 0.243332 0.517482
v -0.327883 0.225332 0.517482
v 0.295067 0.228753 0.536145
v 0.295547 0.228756 0.520152
v -0.327404 0.225335 0.501489
v 0.297535 0.230767 0.520212
v 0.297056 0.230764 0.536205
v 0.296979 0.244764 0.536205
v 0.297458 0.244767 0.520212
v -0.329893 0.227321 0.517422
v -0.329414 0.227324 0.501429
v -0.329491 0.241324 0.501429
v -0.329970 0.241321 0.517422
v -0.327982 0.243332 0.517482
v 0.294969 0.246753 0.536145
v 0.294920 0.244753 0.538144
v -0.328031 0.241332 0.519481
v -0.327503 0.243335 0.501489
v 0.295448 0.246756 0.520152
v 0.295519 0.244756 0.518153
v -0.327432 0.241335 0.499490
v -0.327883 0.225332 0.517482
v 0.295067 0.228753 0.536145
v 0.294997 0.230753 0.538144
v -0.327954 0.227332 0.519481
v -0.327404 0.225335 0.501489
v 0.295547 0.228756 0.520152
v 0.295595 0.230756 0.518153
v -0.327355 0.227335 0.499490
v 0.297056 0.230764 0.536205
v 0.296979 0.244764 0.536205
v 0.294920 0.244753 0.538144
v 0.294997 0.230753 0.538144
v 0.297535 0.230767 0.520212
v 0.297458 0.244767 0.520212
v 0.295519 0.244756 0.518153
v 0.295595 0.230756 0.518153
v -0.329893 0.227321 0.517422
v -0.329970 0.241321 0.517422
v -0.328031 0.241332 0.519481
v -0.327954 0.227332 0.519481
v -0.329414 0.227324 0.501429
v -0.329491 0.241324 0.501429
v -0.327432 0.241335 0.499490
v -0.327355 0.227335 0.499490
v 0.297458 0.244767 0.520212
v 0.296979 0.244764 0.536205
v 0.294969 0.246753 0.536145
v 0.295448 0.246756 0.520152
v 0.297535 0.230767 0.520212
v 0.297056 0.230764 0.536205
v 0.295067 0.228753 0.536145
v 0.295547 0.228756 0.520152
v -0.329491 0.241324 0.501429
v -0.329970 0.241321 0.517422
v -0.327982 0.243332 0.517482
v -0.327503 0.243335 0.501489
v -0.329414 0.227324 0.501429
v -0.329893 0.227321 0.517422
v -0.327883 0.225332 0.517482
v -0.327404 0.225335 0.501489
v -0.327355 0.227335 0.499490
v -0.327404 0.225335 0.501489
v -0.329414 0.227324 0.501429
v -0.327954 0.227332 0.519481
v -0.327883 0.225332 0.517482
v -0.329893 0.227321 0.517422
v -0.327432 0.241335 0.499490
v -0.327503 0.243335 0.501489
v -0.329491 0.241324 0.501429
v -0.328031 0.241332 0.519481
v -0.327982 0.243332 0.517482
v -0.329970 0.241321 0.517422
v 0.295595 0.230756 0.518153
v 0.295547 0.228756 0.520152
v 0.297535 0.230767 0.520212
v 0.294997 0.230753 0.538144
v 0.295067 0.228753 0.536145
v 0.297056 0.230764 0.536205
v 0.295519 0.244756 0.518153
v 0.295448 0.246756 0.520152
v 0.297458 0.244767 0.520212
v 0.294920 0.244753 0.538144
v 0.294969 0.246753 0.536145
v 0.296979 0.244764 0.536205
v -0.326002 -0.128111 0.519481
v 0.296949 -0.124690 0.538144
v 0.296872 -0.110690 0.538144
v -0.326079 -0.114112 0.519481
v 0.297547 -0.124687 0.518153
v -0.325403 -0.128108 0.499490
v -0.325480 -0.114108 0.499490
v 0.297471 -0.110687 0.518153
v -0.325551 -0.112109 0.501489
v 0.297400 -0.108688 0.520152
v 0.296921 -0.108690 0.536145
v -0.326030 -0.112111 0.517482
v -0.325931 -0.130111 0.517482
v 0.297019 -0.126690 0.536145
v 0.297499 -0.126687 0.520152
v -0.325452 -0.130108 0.501489
v 0.299487 -0.124676 0.520212
v 0.299008 -0.124679 0.536205
v 0.298931 -0.110679 0.536205
v 0.299410 -0.110677 0.520212
v -0.327941 -0.128122 0.517422
v -0.327462 -0.128119 0.501429
v -0.327539 -0.114120 0.501429
v -0.328018 -0.114122 0.517422
v -0.326030 -0.112111 0.517482
v 0.296921 -0.108690 0.536145
v 0.296872 -0.110690 0.538144
v -0.326079 -0.114112 0.519481
v -0.325551 -0.112109 0.501489
v 0.297400 -0.108688 0.520152
v 0.297471 -0.110687 0.518153
v -0.325480 -0.114108 0.499490
v -0.325931 -0.130111 0.517482
v 0.297019 -0.126690 0.536145
v 0.296949 -0.124690 0.538144
v -0.326002 -0.128111 0.519481
v -0.325452 -0.130108 0.501489
v 0.297499 -0.126687 0.520152
v 0.297547 -0.124687 0.518153
v -0.325403 -0.128108 0.499490
v 0.299008 -0.124679 0.536205
v 0.298931 -0.110679 0.536205
v 0.296872 -0.110690 0.538144
v 0.296949 -0.124690 0.538144
v 0.299487 -0.124676 0.520212
v 0.299410 -0.110677 0.520212
v 0.297471 -0.110687 0.518153
v 0.297547 -0.124687 0.518153
v -0.327941 -0.128122 0.517422
v -0.328018 -0.114122 0.517422
v -0.326079 -0.114112 0.519481
v -0.326002 -0.128111 0.519481
v -0.327462 -0.128119 0.501429
v -0.327539 -0.114120 0.501429
v -0.325480 -0.114108 0.499490
v -0.325403 -0.128108 0.499490
v 0.299410 -0.110677 0.520212
v 0.298931 -0.110679 0.536205
v 0.296921 -0.108690 0.536145
v 0.297400 -0.108688 0.520152
v 0.299487 -0.124676 0.520212
v 0.299008 -0.124679 0.536205
v 0.297019 -0.126690 0.536145
v 0.297499 -0.126687 0.520152
v -0.327539 -0.114120 0.501429
v -0.328018 -0.114122 0.517422
v -0.326030 -0.112111 0.517482
v -0.325551 -0.112109 0.501489
v -0.327462 -0.128119 0.501429
v -0.327941 -0.128122 0.517422
v -0.325931 -0.130111 0.517482
v -0.325452 -0.130108 0.501489
v -0.325403 -0.128108 0.499490
v -0.325452 -0.130108 0.501489
v -0.327462 -0.128119 0.501429
v -0.326002 -0.128111 0.519481
v -0.325931 -0.130111 0.517482
v -0.327941 -0.128122 0.517422
v -0.325480 -0.114108 0.499490
v -0.325551 -0.112109 0.501489
v -0.327539 -0.114120 0.501429
v -0.326079 -0.114112 0.519481
v -0.326030 -0.112111 0.517482
v -0.328018 -0.114122 0.517422
v 0.297547 -0.124687 0.518153
v 0.297499 -0.126687 0.520152
v 0.299487 -0.124676 0.520212
v 0.296949 -0.124690 0.538144
v 0.297019 -0.126690 0.536145
v 0.299008 -0.124679 0.536205
v 0.297471 -0.110687 0.518153
v 0.297400 -0.108688 0.520152
v 0.299410 -0.110677 0.520212
v 0.296872 -0.110690 0.538144
v 0.296921 -0.108690 0.536145
v 0.298931 -0.110679 0.536205
v 0.269215 -0.120843 0.537314
v 0.283208 -0.120766 0.537733
v 0.281223 0.240677 0.537733
v 0.267230 0.240601 0.537314
v 0.283807 -0.120762 0.517742
v 0.269814 -0.120839 0.517323
v 0.267829 0.240604 0.517323
v 0.281822 0.240681 0.517742
v 0.267758 0.242604 0.519322
v 0.281751 0.242680 0.519741
v 0.281272 0.242678 0.535734
v 0.267279 0.242601 0.535315
v 0.269286 -0.122842 0.535315
v 0.283279 -0.122765 0.535734
v 0.283758 -0.122763 0.519741
v 0.269765 -0.122840 0.519322
v 0.285746 -0.120752 0.519801
v 0.285267 -0.120754 0.535794
v 0.283282 0.240689 0.535794
v 0.283761 0.240691 0.519801
v 0.267276 -0.120853 0.535255
v 0.267755 -0.120851 0.519262
v 0.265770 0.240593 0.519262
v 0.265291 0.240590 0.535255
v 0.267279 0.242601 0.535315
v 0.281272 0.242678 0.535734
v 0.281223 0.240677 0.537733
v 0.267230 0.240601 0.537314
v 0.267758 0.242604 0.519322
v 0.281751 0.242680 0.519741
v 0.281822 0.240681 0.517742
v 0.267829 0.240604 0.517323
v 0.269286 -0.122842 0.535315
v 0.283279 -0.122765 0.535734
v 0.283208 -0.120766 0.537733
v 0.269215 -0.120843 0.537314
v 0.269765 -0.122840 0.519322
v 0.283758 -0.122763 0.519741
v 0.283807 -0.120762 0.517742
v 0.269814 -0.120839 0.517323
v 0.285267 -0.120754 0.535794
v 0.283282 0.240689 0.535794
v 0.281223 0.240677 0.537733
v 0.283208 -0.120766 0.537733
v 0.285746 -0.120752 0.519801
v 0.283761 0.240691 0.519801
v 0.281822 0.240681 0.517742
v 0.283807 -0.120762 0.517742
v 0.267276 -0.120853 0.535255
v 0.265291 0.240590 0.535255
v 0.267230 0.240601 0.537314
v 0.269215 -0.120843 0.537314
v 0.267755 -0.120851 0.519262
v 0.265770 0.240593 0.519262
v 0.267829 0.240604 0.517323
v 0.269814 -0.120839 0.517323
v 0.283761 0.240691 0.519801
v 0.283282 0.240689 0.535794
v 0.281272 0.242678 0.535734
v 0.281751 0.242680 0.519741
v 0.285746 -0.120752 0.519801
v 0.285267 -0.120754 0.535794
v 0.283279 -0.122765 0.535734
v 0.283758 -0.122763 0.519741
v 0.265770 0.240593 0.519262
v 0.265291 0.240590 0.535255
v 0.267279 0.242601 0.535315
v 0.267758 0.242604 0.519322
v 0.267755 -0.120851 0.519262
v 0.267276 -0.120853 0.535255
v 0.269286 -0.122842 0.535315
v 0.269765 -0.122840 0.519322
v 0.269814 -0.120839 0.517323
v 0.269765 -0.122840 0.519322
v 0.267755 -0.120851 0.519262
v 0.269215 -0.120843 0.537314
v 0.269286 -0.122842 0.535315
v 0.267276 -0.120853 0.535255
v 0.267829 0.240604 0.517323
v 0.267758 0.242604 0.519322
v 0.265770 0.240593 0.519262
v 0.267230 0.240601 0.537314
v 0.267279 0.242601 0.535315
v 0.265291 0.240590 0.535255
v 0.283807 -0.120762 0.517742
v 0.283758 -0.122763 0.519741
v 0.285746 -0.120752 0.519801
v 0.283208 -0.120766 0.537733
v 0.283279 -0.122765 0.535734
v 0.285267 -0.120754 0.535794
v 0.281822 0.240681 0.517742
v 0.281751 0.242680 0.519741
v 0.283761 0.240691 0.519801
v 0.281223 0.240677 0.537733
v 0.281272 0.242678 0.535734
v 0.283282 0.240689 0.535794
v -0.312306 -0.124036 0.519892
v -0.298312 -0.123959 0.520311
v -0.300297 0.237484 0.520311
v -0.314291 0.237407 0.519892
v -0.297713 -0.123956 0.500320
v -0.311707 -0.124033 0.499901
v -0.313692 0.237410 0.499901
v -0.299698 0.237487 0.500320
v -0.313763 0.239410 0.501900
v -0.299769 0.239487 0.502319
v -0.300248 0.239484 0.518312
v -0.314242 0.239407 0.517893
v -0.312235 -0.126036 0.517893
v -0.298241 -0.125959 0.518312
v -0.297762 -0.125956 0.502319
v -0.311756 -0.126033 0.501900
v -0.295774 -0.123945 0.502379
v -0.296253 -0.123948 0.518372
v -0.298238 0.237495 0.518372
v -0.297759 0.237498 0.502379
v -0.314245 -0.124047 0.517833
v -0.313766 -0.124044 0.501840
v -0.315751 0.237399 0.501840
v -0.316230 0.237396 0.517833
v -0.314242 0.239407 0.517893
v -0.300248 0.239484 0.518312
v -0.300297 0.237484 0.520311
v -0.314291 0.237407 0.519892
v -0.313763 0.239410 0.501900
v -0.299769 0.239487 0.502319
v -0.299698 0.237487 0.500320
v -0.313692 0.237410 0.499901
v -0.312235 -0.126036 0.517893
v -0.298241 -0.125959 0.518312
v -0.298312 -0.123959 0.520311
v -0.312306 -0.124036 0.519892
v -0.311756 -0.126033 0.501900
v -0.297762 -0.125956 0.502319
v -0.297713 -0.123956 0.500320
v -0.311707 -0.124033 0.499901
v -0.296253 -0.123948 0.518372
v -0.298238 0.237495 0.518372
v -0.300297 0.237484 0.520311
v -0.298312 -0.123959 0.520311
v -0.295774 -0.123945 0.502379
v -0.297759 0.237498 0.502379
v -0.299698 0.237487 0.500320
v -0.297713 -0.123956 0.500320
v -0.314245 -0.124047 0.517833
v -0.316230 0.237396 0.517833
v -0.314291 0.237407 0.519892
v -0.312306 -0.124036 0.519892
v -0.313766 -0.124044 0.501840
v -0.315751 0.237399 0.501840
v -0.313692 0.237410 0.499901
v -0.311707 -0.124033 0.499901
v -0.297759 0.237498 0.502379
v -0.298238 0.237495 0.518372
v -0.300248 0.239484 0.518312
v -0.299769 0.239487 0.502319
v -0.295774 -0.123945 0.502379
v -0.296253 -0.123948 0.518372
v -0.298241 -0.125959 0.518312
v -0.297762 -0.125956 0.502319
v -0.315751 0.237399 0.501840
v -0.316230 0.237396 0.517833
v -0.314242 0.239407 0.517893
v -0.313763 0.239410 0.501900
v -0.313766 -0.124044 0.501840
v -0.314245 -0.124047 0.517833
v -0.312235 -0.126036 0.517893
v -0.311756 -0.126033 0.501900
v -0.311707 -0.124033 0.499901
v -0.311756 -0.126033 0.501900
v -0.313766 -0.124044 0.501840
v -0.312306 -0.124036 0.519892
v -0.312235 -0.126036 0.517893
v -0.314245 -0.124047 0.517833
v -0.313692 0.237410 0.499901
v -0.313763 0.239410 0.501900
v -0.315751 0.237399 0.501840
v -0.314291 0.237407 0.519892
v -0.314242 0.239407 0.517893
v -0.316230 0.237396 0.517833
v -0.297713 -0.123956 0.500320
v -0.297762 -0.125956 0.502319
v -0.295774 -0.123945 0.502379
v -0.298312 -0.123959 0.520311
v -0.298241 -0.125959 0.518312
v -0.296253 -0.123948 0.518372
v -0.299698 0.237487 0.500320
v -0.299769 0.239487 0.502319
v -0.297759 0.237498 0.502379
v -0.300297 0.237484 0.520311
v -0.300248 0.239484 0.518312
v -0.298238 0.237495 0.518372
v -0.272053 -0.095660 0.484086
v 0.244862 -0.092821 0.499572
v 0.243186 0.212314 0.499572
v -0.273728 0.209475 0.484086
v 0.246060 -0.092815 0.459590
v -0.270855 -0.095653 0.444104
v -0.272531 0.209482 0.444104
v 0.244384 0.212320 0.459590
v -0.272602 0.211481 0.446103
v 0.244313 0.214320 0.461589
v 0.243235 0.214314 0.497573
v -0.273680 0.211475 0.482087
v -0.271982 -0.097660 0.482087
v 0.244933 -0.094821 0.497573
v 0.246011 -0.094815 0.461589
v -0.270904 -0.097654 0.446103
v 0.247999 -0.092804 0.461649
v 0.246921 -0.092810 0.497633
v 0.245245 0.212325 0.497633
v 0.246323 0.212331 0.461649
v -0.273992 -0.095671 0.482027
v -0.272914 -0.095665 0.446043
v -0.274590 0.209470 0.446043
v -0.275668 0.209464 0.482027
v -0.273680 0.211475 0.482087
v 0.243235 0.214314 0.497573
v 0.243186 0.212314 0.499572
v -0.273728 0.209475 0.484086
v -0.272602 0.211481 0.446103
v 0.244313 0.214320 0.461589
v 0.244384 0.212320 0.459590
v -0.272531 0.209482 0.444104
v -0.271982 -0.097660 0.482087
v 0.244933 -0.094821 0.497573
v 0.244862 -0.092821 0.499572
v -0.272053 -0.095660 0.484086
v -0.270904 -0.097654 0.446103
v 0.246011 -0.094815 0.461589
v 0.246060 -0.092815 0.459590
v -0.270855 -0.095653 0.444104
v 0.246921 -0.092810 0.497633
v 0.245245 0.212325 0.497633
v 0.243186 0.212314 0.499572
v 0.244862 -0.092821 0.499572
v 0.247999 -0.092804 0.461649
v 0.246323 0.212331 0.461649
v 0.244384 0.212320 0.459590
v 0.246060 -0.092815 0.459590
v -0.273992 -0.095671 0.482027
v -0.275668 0.209464 0.482027
v -0.273728 0.209475 0.484086
v -0.272053 -0.095660 0.484086
v -0.272914 -0.095665 0.446043
v -0.274590 0.209470 0.446043
v -0.272531 0.209482 0.444104
v -0.270855 -0.095653 0.444104
v 0.246323 0.212331 0.461649
v 0.245245 0.212325 0.497633
v 0.243235 0.214314 0.497573
v 0.244313 0.214320 0.461589
v 0.247999 -0.092804 0.461649
v 0.246921 -0.092810 0.497633
v 0.244933 -0.094821 0.497573
v 0.246011 -0.094815 0.461589
v -0.274590 0.209470 0.446043
v -0.275668 0.209464 0.482027
v -0.273680 0.211475 0.482087
v -0.272602 0.211481 0.446103
v -0.272914 -0.095665 0.446043
v -0.273992 -0.095671 0.482027
v -0.271982 -0.097660 0.482087
v -0.270904 -0.097654 0.446103
v -0.270855 -0.095653 0.444104
v -0.270904 -0.097654 0.446103
v -0.272914 -0.095665 0.446043
v -0.272053 -0.095660 0.484086
v -0.271982 -0.097660 0.482087
v -0.273992 -0.095671 0.482027
v -0.272531 0.209482 0.444104
v -0.272602 0.211481 0.446103
v -0.274590 0.209470 0.446043
v -0.273728 0.209475 0.484086
v -0.273680 0.211475 0.482087
v -0.275668 0.209464 0.482027
v 0.246060 -0.092815 0.459590
v 0.246011 -0.094815 0.461589
v 0.247999 -0.092804 0.461649
v 0.244862 -0.092821 0.499572
v 0.244933 -0.094821 0.497573
v 0.246921 -0.092810 0.497633
v 0.244384 0.212320 0.459590
v 0.244313 0.214320 0.461589
v 0.246323 0.212331 0.461649
v 0.243186 0.212314 0.499572
v 0.243235 0.214314 0.497573
v 0.245245 0.212325 0.497633
v -0.262624 -0.095910 0.504914
v 0.235023 -0.092385 0.519824
v 0.234857 -0.084137 0.523421
v -0.262790 -0.087662 0.508512
v 0.235811 -0.079582 0.490507
v -0.261836 -0.083107 0.475597
v -0.262003 -0.074859 0.479195
v 0.235644 -0.071334 0.494104
v -0.262046 -0.074342 0.480511
v 0.235601 -0.070818 0.495420
v 0.234863 -0.082821 0.522905
v -0.262784 -0.086345 0.507995
v -0.262581 -0.096426 0.503598
v 0.235066 -0.092902 0.518508
v 0.235804 -0.080899 0.491023
v -0.261843 -0.084423 0.476114
v 0.236785 -0.079975 0.491453
v 0.236047 -0.091978 0.518937
v 0.235881 -0.083730 0.522535
v 0.236619 -0.071727 0.495051
v -0.263599 -0.095517 0.503968
v -0.262861 -0.083514 0.476484
v -0.263027 -0.075266 0.480081
v -0.263765 -0.087269 0.507565
v -0.262784 -0.086345 0.507995
v 0.234863 -0.082821 0.522905
v 0.234857 -0.084137 0.523421
v -0.262790 -0.087662 0.508512
v -0.262046 -0.074342 0.480511
v 0.235601 -0.070818 0.495420
v 0.235644 -0.071334 0.494104
v -0.262003 -0.074859 0.479195
v -0.262581 -0.096426 0.503598
v 0.235066 -0.092902 0.518508
v 0.235023 -0.092385 0.519824
v -0.262624 -0.095910 0.504914
v -0.261843 -0.084423 0.476114
v 0.235804 -0.080899 0.491023
v 0.235811 -0.079582 0.490507
v -0.261836 -0.083107 0.475597
v 0.236047 -0.091978 0.518937
v 0.235881 -0.083730 0.522535
v 0.234857 -0.084137 0.523421
v 0.235023 -0.092385 0.519824
v 0.236785 -0.079975 0.491453
v 0.236619 -0.071727 0.495051
v 0.235644 -0.071334 0.494104
v 0.235811 -0.079582 0.490507
v -0.263599 -0.095517 0.503968
v -0.263765 -0.087269 0.507565
v -0.262790 -0.087662 0.508512
v -0.262624 -0.095910 0.504914
v -0.262861 -0.083514 0.476484
v -0.263027 -0.075266 0.480081
v -0.262003 -0.074859 0.479195
v -0.261836 -0.083107 0.475597
v 0.236619 -0.071727 0.495051
v 0.235881 -0.083730 0.522535
v 0.234863 -0.082821 0.522905
v 0.235601 -0.070818 0.495420
v 0.236785 -0.079975 0.491453
v 0.236047 -0.091978 0.518937
v 0.235066 -0.092902 0.518508
v 0.235804 -0.080899 0.491023
v -0.263027 -0.075266 0.480081
v -0.263765 -0.087269 0.507565
v -0.262784 -0.086345 0.507995
v -0.262046 -0.074342 0.480511
v -0.262861 -0.083514 0.476484
v -0.263599 -0.095517 0.503968
v -0.262581 -0.096426 0.503598
v -0.261843 -0.084423 0.476114
v -0.261836 -0.083107 0.475597
v -0.261843 -0.084423 0.476114
v -0.262861 -0.083514 0.476484
v -0.262624 -0.095910 0.504914
v -0.262581 -0.096426 0.503598
v -0.263599 -0.095517 0.503968
v -0.262003 -0.074859 0.479195
v -0.262046 -0.074342 0.480511
v -0.263027 -0.075266 0.480081
v -0.262790 -0.087662 0.508512
v -0.262784 -0.086345 0.507995
v -0.263765 -0.087269 0.507565
v 0.235811 -0.079582 0.490507
v 0.235804 -0.080899 0.491023
v 0.236785 -0.079975 0.491453
v 0.235023 -0.092385 0.519824
v 0.235066 -0.092902 0.518508
v 0.236047 -0.091978 0.518937
v 0.235644 -0.071334 0.494104
v 0.235601 -0.070818 0.495420
v 0.236619 -0.071727 0.495051
v 0.234857 -0.084137 0.523421
v 0.234863 -0.082821 0.522905
v 0.235881 -0.083730 0.522535
v -0.264555 -0.068511 0.501102
v 0.232910 -0.054593 0.516008
v 0.232584 -0.046088 0.518931
v -0.264881 -0.060005 0.504026
v 0.233525 -0.044172 0.485758
v -0.263940 -0.058090 0.470853
v -0.264266 -0.049584 0.473776
v 0.233199 -0.035667 0.488682
v -0.264321 -0.048965 0.475046
v 0.233144 -0.035047 0.489952
v 0.232567 -0.044817 0.518311
v -0.264898 -0.058734 0.503405
v -0.264500 -0.069130 0.499832
v 0.232965 -0.055213 0.514738
v 0.233542 -0.045443 0.486379
v -0.263923 -0.059360 0.471473
v 0.234505 -0.044470 0.486734
v 0.233928 -0.054240 0.515092
v 0.233603 -0.045734 0.518016
v 0.234179 -0.035964 0.489657
v -0.265535 -0.068213 0.500127
v -0.264959 -0.058443 0.471768
v -0.265284 -0.049938 0.474691
v -0.265861 -0.059707 0.503050
v -0.264898 -0.058734 0.503405
v 0.232567 -0.044817 0.518311
v 0.232584 -0.046088 0.518931
v -0.264881 -0.060005 0.504026
v -0.264321 -0.048965 0.475046
v 0.233144 -0.035047 0.489952
v 0.233199 -0.035667 0.488682
v -0.264266 -0.049584 0.473776
v -0.264500 -0.069130 0.499832
v 0.232965 -0.055213 0.514738
v 0.232910 -0.054593 0.516008
v -0.264555 -0.068511 0.501102
v -0.263923 -0.059360 0.471473
v 0.233542 -0.045443 0.486379
v 0.233525 -0.044172 0.485758
v -0.263940 -0.058090 0.470853
v 0.233928 -0.054240 0.515092
v 0.233603 -0.045734 0.518016
v 0.232584 -0.046088 0.518931
v 0.232910 -0.054593 0.516008
v 0.234505 -0.044470 0.486734
v 0.234179 -0.035964 0.489657
v 0.233199 -0.035667 0.488682
v 0.233525 -0.044172 0.485758
v -0.265535 -0.068213 0.500127
v -0.265861 -0.059707 0.503050
v -0.264881 -0.060005 0.504026
v -0.264555 -0.068511 0.501102
v -0.264959 -0.058443 0.471768
v -0.265284 -0.049938 0.474691
v -0.264266 -0.049584 0.473776
v -0.263940 -0.058090 0.470853
v 0.234179 -0.035964 0.489657
v 0.233603 -0.045734 0.518016
v 0.232567 -0.044817 0.518311
v 0.233144 -0.035047 0.489952
v 0.234505 -0.044470 0.486734
v 0.233928 -0.054240 0.515092
v 0.232965 -0.055213 0.514738
v 0.233542 -0.045443 0.486379
v -0.265284 -0.049938 0.474691
v -0.265861 -0.059707 0.503050
v -0.264898 -0.058734 0.503405
v -0.264321 -0.048965 0.475046
v -0.264959 -0.058443 0.471768
v -0.265535 -0.068213 0.500127
v -0.264500 -0.069130 0.499832
v -0.263923 -0.059360 0.471473
v -0.263940 -0.058090 0.470853
v -0.263923 -0.059360 0.471473
v -0.264959 -0.058443 0.471768
v -0.264555 -0.068511 0.501102
v -0.264500 -0.069130 0.499832
v -0.265535 -0.068213 0.500127
v -0.264266 -0.049584 0.473776
v -0.264321 -0.048965 0.475046
v -0.265284 -0.049938 0.474691
v -0.264881 -0.060005 0.504026
v -0.264898 -0.058734 0.503405
v -0.265861 -0.059707 0.503050
v 0.233525 -0.044172 0.485758
v 0.233542 -0.045443 0.486379
v 0.234505 -0.044470 0.486734
v 0.232910 -0.054593 0.516008
v 0.232965 -0.055213 0.514738
v 0.233928 -0.054240 0.515092
v 0.233199 -0.035667 0.488682
v 0.233144 -0.035047 0.489952
v 0.234179 -0.035964 0.489657
v 0.232584 -0.046088 0.518931
v 0.232567 -0.044817 0.518311
v 0.233603 -0.045734 0.518016
v -0.260191 -0.026801 0.502041
v 0.237391 -0.035592 0.516947
v 0.237425 -0.027390 0.520650
v -0.260157 -0.018599 0.505745
v 0.238497 -0.022435 0.487798
v -0.259085 -0.013644 0.472892
v -0.259051 -0.005441 0.476596
v 0.238531 -0.014232 0.491501
v -0.259082 -0.004941 0.477918
v 0.238500 -0.013732 0.492824
v 0.237463 -0.026067 0.520151
v -0.260119 -0.017276 0.505246
v -0.260160 -0.027301 0.500719
v 0.237422 -0.036092 0.515624
v 0.238458 -0.023758 0.488297
v -0.259124 -0.014966 0.473392
v 0.239461 -0.022864 0.488739
v 0.238425 -0.035199 0.516066
v 0.238459 -0.026996 0.519770
v 0.239495 -0.014661 0.492442
v -0.261156 -0.026372 0.501100
v -0.260119 -0.014037 0.473773
v -0.260085 -0.005835 0.477477
v -0.261122 -0.018170 0.504804
v -0.260119 -0.017276 0.505246
v 0.237463 -0.026067 0.520151
v 0.237425 -0.027390 0.520650
v -0.260157 -0.018599 0.505745
v -0.259082 -0.004941 0.477918
v 0.238500 -0.013732 0.492824
v 0.238531 -0.014232 0.491501
v -0.259051 -0.005441 0.476596
v -0.260160 -0.027301 0.500719
v 0.237422 -0.036092 0.515624
v 0.237391 -0.035592 0.516947
v -0.260191 -0.026801 0.502041
v -0.259124 -0.014966 0.473392
v 0.238458 -0.023758 0.488297
v 0.238497 -0.022435 0.487798
v -0.259085 -0.013644 0.472892
v 0.238425 -0.035199 0.516066
v 0.238459 -0.026996 0.519770
v 0.237425 -0.027390 0.520650
v 0.237391 -0.035592 0.516947
v 0.239461 -0.022864 0.488739
v 0.239495 -0.014661 0.492442
v 0.238531 -0.014232 0.491501
v 0.238497 -0.022435 0.487798
v -0.261156 -0.026372 0.501100
v -0.261122 -0.018170 0.504804
v -0.260157 -0.018599 0.505745
v -0.260191 -0.026801 0.502041
v -0.260119 -0.014037 0.473773
v -0.260085 -0.005835 0.477477
v -0.259051 -0.005441 0.476596
v -0.259085 -0.013644 0.472892
v 0.239495 -0.014661 0.492442
v 0.238459 -0.026996 0.519770
v 0.237463 -0.026067 0.520151
v 0.238500 -0.013732 0.492824
v 0.239461 -0.022864 0.488739
v 0.238425 -0.035199 0.516066
v 0.237422 -0.036092 0.515624
v 0.238458 -0.023758 0.488297
v -0.260085 -0.005835 0.477477
v -0.261122 -0.018170 0.504804
v -0.260119 -0.017276 0.505246
v -0.259082 -0.004941 0.477918
v -0.260119 -0.014037 0.473773
v -0.261156 -0.026372 0.501100
v -0.260160 -0.027301 0.500719
v -0.259124 -0.014966 0.473392
v -0.259085 -0.013644 0.472892
v -0.259124 -0.014966 0.473392
v -0.260119 -0.014037 0.473773
v -0.260191 -0.026801 0.502041
v -0.260160 -0.027301 0.500719
v -0.261156 -0.026372 0.501100
v -0.259051 -0.005441 0.476596
v -0.259082 -0.004941 0.477918
v -0.260085 -0.005835 0.477477
v -0.260157 -0.018599 0.505745
v -0.260119 -0.017276 0.505246
v -0.261122 -0.018170 0.504804
v 0.238497 -0.022435 0.487798
v 0.238458 -0.023758 0.488297
v 0.239461 -0.022864 0.488739
v 0.237391 -0.035592 0.516947
v 0.237422 -0.036092 0.515624
v 0.238425 -0.035199 0.516066
v 0.238531 -0.014232 0.491501
v 0.238500 -0.013732 0.492824
v 0.239495 -0.014661 0.492442
v 0.237425 -0.027390 0.520650
v 0.237463 -0.026067 0.520151
v 0.238459 -0.026996 0.519770
v -0.258969 -0.000830 0.500751
v 0.238685 0.001538 0.515661
v 0.238535 0.009742 0.519358
v -0.259119 0.007374 0.504449
v 0.239496 0.014694 0.486502
v -0.258158 0.012327 0.471592
v -0.258308 0.020531 0.475290
v 0.239346 0.022898 0.490199
v -0.258350 0.021031 0.476612
v 0.239304 0.023399 0.491521
v 0.238544 0.011064 0.518858
v -0.259110 0.008697 0.503948
v -0.258927 -0.001331 0.499429
v 0.238727 0.001037 0.514339
v 0.239487 0.013372 0.487002
v -0.258166 0.011004 0.472093
v 0.240470 0.014288 0.487443
v 0.239710 0.001954 0.514779
v 0.239560 0.010158 0.518477
v 0.240320 0.022492 0.491141
v -0.259943 -0.000424 0.499810
v -0.259183 0.011911 0.472474
v -0.259332 0.020115 0.476171
v -0.260093 0.007780 0.503508
v -0.259110 0.008697 0.503948
v 0.238544 0.011064 0.518858
v 0.238535 0.009742 0.519358
v -0.259119 0.007374 0.504449
v -0.258350 0.021031 0.476612
v 0.239304 0.023399 0.491521
v 0.239346 0.022898 0.490199
v -0.258308 0.020531 0.475290
v -0.258927 -0.001331 0.499429
v 0.238727 0.001037 0.514339
v 0.238685 0.001538 0.515661
v -0.258969 -0.000830 0.500751
v -0.258166 0.011004 0.472093
v 0.239487 0.013372 0.487002
v 0.239496 0.014694 0.486502
v -0.258158 0.012327 0.471592
v 0.239710 0.001954 0.514779
v 0.239560 0.010158 0.518477
v 0.238535 0.009742 0.519358
v 0.238685 0.001538 0.515661
v 0.240470 0.014288 0.487443
v 0.240320 0.022492 0.491141
v 0.239346 0.022898 0.490199
v 0.239496 0.014694 0.486502
v -0.259943 -0.000424 0.499810
v -0.260093 0.007780 0.503508
v -0.259119 0.007374 0.504449
v -0.258969 -0.000830 0.500751
v -0.259183 0.011911 0.472474
v -0.259332 0.020115 0.476171
v -0.258308 0.020531 0.475290
v -0.258158 0.012327 0.471592
v 0.240320 0.022492 0.491141
v 0.239560 0.010158 0.518477
v 0.238544 0.011064 0.518858
v 0.239304 0.023399 0.491521
v 0.240470 0.014288 0.487443
v 0.239710 0.001954 0.514779
v 0.238727 0.001037 0.514339
v 0.239487 0.013372 0.487002
v -0.259332 0.020115 0.476171
v -0.260093 0.007780 0.503508
v -0.259110 0.008697 0.503948
v -0.258350 0.021031 0.476612
v -0.259183 0.011911 0.472474
v -0.259943 -0.000424 0.499810
v -0.258927 -0.001331 0.499429
v -0.258166 0.011004 0.472093
v -0.258158 0.012327 0.471592
v -0.258166 0.011004 0.472093
v -0.259183 0.011911 0.472474
v -0.258969 -0.000830 0.500751
v -0.258927 -0.001331 0.499429
v -0.259943 -0.000424 0.499810
v -0.258308 0.020531 0.475290
v -0.258350 0.021031 0.476612
v -0.259332 0.020115 0.476171
v -0.259119 0.007374 0.504449
v -0.259110 0.008697 0.503948
v -0.260093 0.007780 0.503508
v 0.239496 0.014694 0.486502
v 0.239487 0.013372 0.487002
v 0.240470 0.014288 0.487443
v 0.238685 0.001538 0.515661
v 0.238727 0.001037 0.514339
v 0.239710 0.001954 0.514779
v 0.239346 0.022898 0.490199
v 0.239304 0.023399 0.491521
v 0.240320 0.022492 0.491141
v 0.238535 0.009742 0.519358
v 0.238544 0.011064 0.518858
v 0.239560 0.010158 0.518477
v -0.261315 0.036481 0.505628
v 0.236296 0.029527 0.520535
v 0.236325 0.038013 0.523530
v -0.261286 0.044968 0.508623
v 0.237348 0.040168 0.490374
v -0.260263 0.047122 0.475467
v -0.260234 0.055609 0.478463
v 0.237377 0.048655 0.493369
v -0.260264 0.056219 0.479738
v 0.237347 0.049265 0.494645
v 0.236361 0.039289 0.522920
v -0.261250 0.046243 0.508014
v -0.261286 0.035870 0.504353
v 0.236325 0.028916 0.519259
v 0.237312 0.038892 0.490984
v -0.260299 0.045846 0.476077
v 0.238314 0.039821 0.491347
v 0.237328 0.029845 0.519622
v 0.237357 0.038332 0.522617
v 0.238343 0.048308 0.494342
v -0.262282 0.036827 0.504656
v -0.261295 0.046803 0.476380
v -0.261267 0.055290 0.479375
v -0.262253 0.045314 0.507651
v -0.261250 0.046243 0.508014
v 0.236361 0.039289 0.522920
v 0.236325 0.038013 0.523530
v -0.261286 0.044968 0.508623
v -0.260264 0.056219 0.479738
v 0.237347 0.049265 0.494645
v 0.237377 0.048655 0.493369
v -0.260234 0.055609 0.478463
v -0.261286 0.035870 0.504353
v 0.236325 0.028916 0.519259
v 0.236296 0.029527 0.520535
v -0.261315 0.036481 0.505628
v -0.260299 0.045846 0.476077
v 0.237312 0.038892 0.490984
v 0.237348 0.040168 0.490374
v -0.260263 0.047122 0.475467
v 0.237328 0.029845 0.519622
v 0.237357 0.038332 0.522617
v 0.236325 0.038013 0.523530
v 0.236296 0.029527 0.520535
v 0.238314 0.039821 0.491347
v 0.238343 0.048308 0.494342
v 0.237377 0.048655 0.493369
v 0.237348 0.040168 0.490374
v -0.262282 0.036827 0.504656
v -0.262253 0.045314 0.507651
v -0.261286 0.044968 0.508623
v -0.261315 0.036481 0.505628
v -0.261295 0.046803 0.476380
v -0.261267 0.055290 0.479375
v -0.260234 0.055609 0.478463
v -0.260263 0.047122 0.475467
v 0.238343 0.048308 0.494342
v 0.237357 0.038332 0.522617
v 0.236361 0.039289 0.522920
v 0.237347 0.049265 0.494645
v 0.238314 0.039821 0.491347
v 0.237328 0.029845 0.519622
v 0.236325 0.028916 0.519259
v 0.237312 0.038892 0.490984
v -0.261267 0.055290 0.479375
v -0.262253 0.045314 0.507651
v -0.261250 0.046243 0.508014
v -0.260264 0.056219 0.479738
v -0.261295 0.046803 0.476380
v -0.262282 0.036827 0.504656
v -0.261286 0.035870 0.504353
v -0.260299 0.045846 0.476077
v -0.260263 0.047122 0.475467
v -0.260299 0.045846 0.476077
v -0.261295 0.046803 0.476380
v -0.261315 0.036481 0.505628
v -0.261286 0.035870 0.504353
v -0.262282 0.036827 0.504656
v -0.260234 0.055609 0.478463
v -0.260264 0.056219 0.479738
v -0.261267 0.055290 0.479375
v -0.261286 0.044968 0.508623
v -0.261250 0.046243 0.508014
v -0.262253 0.045314 0.507651
v 0.237348 0.040168 0.490374
v 0.237312 0.038892 0.490984
v 0.238314 0.039821 0.491347
v 0.236296 0.029527 0.520535
v 0.236325 0.028916 0.519259
v 0.237328 0.029845 0.519622
v 0.237377 0.048655 0.493369
v 0.237347 0.049265 0.494645
v 0.238343 0.048308 0.494342
v 0.236325 0.038013 0.523530
v 0.236361 0.039289 0.522920
v 0.237357 0.038332 0.522617
v -0.263053 0.057750 0.502154
v 0.234451 0.070190 0.517061
v 0.234142 0.078541 0.520405
v -0.263362 0.066100 0.505498
v 0.235043 0.082102 0.487367
v -0.262461 0.069661 0.472460
v -0.262770 0.078012 0.475803
v 0.234734 0.090452 0.490710
v -0.262823 0.078567 0.477103
v 0.234681 0.091008 0.492010
v 0.234126 0.079841 0.519848
v -0.263378 0.067400 0.504941
v -0.263000 0.057194 0.500855
v 0.234504 0.069635 0.515762
v 0.235059 0.080802 0.487923
v -0.262445 0.068361 0.473016
v 0.236024 0.081755 0.488325
v 0.235469 0.070588 0.516163
v 0.235160 0.078938 0.519507
v 0.235715 0.090105 0.491668
v -0.264034 0.058097 0.501197
v -0.263479 0.069264 0.473358
v -0.263788 0.077614 0.476701
v -0.264343 0.066447 0.504540
v -0.263378 0.067400 0.504941
v 0.234126 0.079841 0.519848
v 0.234142 0.078541 0.520405
v -0.263362 0.066100 0.505498
v -0.262823 0.078567 0.477103
v 0.234681 0.091008 0.492010
v 0.234734 0.090452 0.490710
v -0.262770 0.078012 0.475803
v -0.263000 0.057194 0.500855
v 0.234504 0.069635 0.515762
v 0.234451 0.070190 0.517061
v -0.263053 0.057750 0.502154
v -0.262445 0.068361 0.473016
v 0.235059 0.080802 0.487923
v 0.235043 0.082102 0.487367
v -0.262461 0.069661 0.472460
v 0.235469 0.070588 0.516163
v 0.235160 0.078938 0.519507
v 0.234142 0.078541 0.520405
v 0.234451 0.070190 0.517061
v 0.236024 0.081755 0.488325
v 0.235715 0.090105 0.491668
v 0.234734 0.090452 0.490710
v 0.235043 0.082102 0.487367
v -0.264034 0.058097 0.501197
v -0.264343 0.066447 0.504540
v -0.263362 0.066100 0.505498
v -0.263053 0.057750 0.502154
v -0.263479 0.069264 0.473358
v -0.263788 0.077614 0.476701
v -0.262770 0.078012 0.475803
v -0.262461 0.069661 0.472460
v 0.235715 0.090105 0.491668
v 0.235160 0.078938 0.519507
v 0.234126 0.079841 0.519848
v 0.234681 0.091008 0.492010
v 0.236024 0.081755 0.488325
v 0.235469 0.070588 0.516163
v 0.234504 0.069635 0.515762
v 0.235059 0.080802 0.487923
v -0.263788 0.077614 0.476701
v -0.264343 0.066447 0.504540
v -0.263378 0.067400 0.504941
v -0.262823 0.078567 0.477103
v -0.263479 0.069264 0.473358
v -0.264034 0.058097 0.501197
v -0.263000 0.057194 0.500855
v -0.262445 0.068361 0.473016
v -0.262461 0.069661 0.472460
v -0.262445 0.068361 0.473016
v -0.263479 0.069264 0.473358
v -0.263053 0.057750 0.502154
v -0.263000 0.057194 0.500855
v -0.264034 0.058097 0.501197
v -0.262770 0.078012 0.475803
v -0.262823 0.078567 0.477103
v -0.263788 0.077614 0.476701
v -0.263362 0.066100 0.505498
v -0.263378 0.067400 0.504941
v -0.264343 0.066447 0.504540
v 0.235043 0.082102 0.487367
v 0.235059 0.080802 0.487923
v 0.236024 0.081755 0.488325
v 0.234451 0.070190 0.517061
v 0.234504 0.069635 0.515762
v 0.235469 0.070588 0.516163
v 0.234734 0.090452 0.490710
v 0.234681 0.091008 0.492010
v 0.235715 0.090105 0.491668
v 0.234142 0.078541 0.520405
v 0.234126 0.079841 0.519848
v 0.235160 0.078938 0.519507
v -0.266772 0.091203 0.503750
v 0.230811 0.099929 0.518658
v 0.230565 0.108299 0.521958
v -0.267018 0.099572 0.507050
v 0.231496 0.111681 0.488902
v -0.266086 0.102954 0.473994
v -0.266332 0.111324 0.477293
v 0.231251 0.120050 0.492202
v -0.266381 0.111886 0.478590
v 0.231202 0.120613 0.493498
v 0.230560 0.109596 0.521395
v -0.267023 0.100870 0.506486
v -0.266723 0.090640 0.502453
v 0.230860 0.099367 0.517362
v 0.231502 0.110383 0.489465
v -0.266081 0.101657 0.474557
v 0.232474 0.111331 0.489862
v 0.231832 0.100314 0.517758
v 0.231586 0.108684 0.521058
v 0.232229 0.119701 0.493162
v -0.267750 0.091552 0.502790
v -0.267107 0.102569 0.474894
v -0.267353 0.110939 0.478193
v -0.267996 0.099922 0.506090
v -0.267023 0.100870 0.506486
v 0.230560 0.109596 0.521395
v 0.230565 0.108299 0.521958
v -0.267018 0.099572 0.507050
v -0.266381 0.111886 0.478590
v 0.231202 0.120613 0.493498
v 0.231251 0.120050 0.492202
v -0.266332 0.111324 0.477293
v -0.266723 0.090640 0.502453
v 0.230860 0.099367 0.517362
v 0.230811 0.099929 0.518658
v -0.266772 0.091203 0.503750
v -0.266081 0.101657 0.474557
v 0.231502 0.110383 0.489465
v 0.231496 0.111681 0.488902
v -0.266086 0.102954 0.473994
v 0.231832 0.100314 0.517758
v 0.231586 0.108684 0.521058
v 0.230565 0.108299 0.521958
v 0.230811 0.099929 0.518658
v 0.232474 0.111331 0.489862
v 0.232229 0.119701 0.493162
v 0.231251 0.120050 0.492202
v 0.231496 0.111681 0.488902
v -0.267750 0.091552 0.502790
v -0.267996 0.099922 0.506090
v -0.267018 0.099572 0.507050
v -0.266772 0.091203 0.503750
v -0.267107 0.102569 0.474894
v -0.267353 0.110939 0.478193
v -0.266332 0.111324 0.477293
v -0.266086 0.102954 0.473994
v 0.232229 0.119701 0.493162
v 0.231586 0.108684 0.521058
v 0.230560 0.109596 0.521395
v 0.231202 0.120613 0.493498
v 0.232474 0.111331 0.489862
v 0.231832 0.100314 0.517758
v 0.230860 0.099367 0.517362
v 0.231502 0.110383 0.489465
v -0.267353 0.110939 0.478193
v -0.267996 0.099922 0.506090
v -0.267023 0.100870 0.506486
v -0.266381 0.111886 0.478590
v -0.267107 0.102569 0.474894
v -0.267750 0.091552 0.502790
v -0.266723 0.090640 0.502453
v -0.266081 0.101657 0.474557
v -0.266086 0.102954 0.473994
v -0.266081 0.101657 0.474557
v -0.267107 0.102569 0.474894
v -0.266772 0.091203 0.503750
v -0.266723 0.090640 0.502453
v -0.267750 0.091552 0.502790
v -0.266332 0.111324 0.477293
v -0.266381 0.111886 0.478590
v -0.267353 0.110939 0.478193
v -0.267018 0.099572 0.507050
v -0.267023 0.100870 0.506486
v -0.267996 0.099922 0.506090
v 0.231496 0.111681 0.488902
v 0.231502 0.110383 0.489465
v 0.232474 0.111331 0.489862
v 0.230811 0.099929 0.518658
v 0.230860 0.099367 0.517362
v 0.231832 0.100314 0.517758
v 0.231251 0.120050 0.492202
v 0.231202 0.120613 0.493498
v 0.232229 0.119701 0.493162
v 0.230565 0.108299 0.521958
v 0.230560 0.109596 0.521395
v 0.231586 0.108684 0.521058
v -0.266098 0.124105 0.506742
v 0.231518 0.130745 0.521651
v 0.231312 0.139190 0.524757
v -0.266303 0.132550 0.509848
v 0.232269 0.141802 0.491632
v -0.265346 0.135162 0.476723
v -0.265551 0.143607 0.479828
v 0.232064 0.150247 0.494737
v -0.265598 0.144200 0.481111
v 0.232017 0.150840 0.496020
v 0.231312 0.140474 0.524164
v -0.266303 0.133834 0.509254
v -0.266051 0.123512 0.505459
v 0.231564 0.130152 0.520368
v 0.232269 0.140518 0.492225
v -0.265346 0.133878 0.477316
v 0.233245 0.141470 0.492600
v 0.232541 0.131104 0.520743
v 0.232335 0.139549 0.523848
v 0.233040 0.149915 0.495705
v -0.267074 0.124437 0.505774
v -0.266369 0.134803 0.477631
v -0.266574 0.143248 0.480736
v -0.267279 0.132882 0.508879
v -0.266303 0.133834 0.509254
v 0.231312 0.140474 0.524164
v 0.231312 0.139190 0.524757
v -0.266303 0.132550 0.509848
v -0.265598 0.144200 0.481111
v 0.232017 0.150840 0.496020
v 0.232064 0.150247 0.494737
v -0.265551 0.143607 0.479828
v -0.266051 0.123512 0.505459
v 0.231564 0.130152 0.520368
v 0.231518 0.130745 0.521651
v -0.266098 0.124105 0.506742
v -0.265346 0.133878 0.477316
v 0.232269 0.140518 0.492225
v 0.232269 0.141802 0.491632
v -0.265346 0.135162 0.476723
v 0.232541 0.131104 0.520743
v 0.232335 0.139549 0.523848
v 0.231312 0.139190 0.524757
v 0.231518 0.130745 0.521651
v 0.233245 0.141470 0.492600
v 0.233040 0.149915 0.495705
v 0.232064 0.150247 0.494737
v 0.232269 0.141802 0.491632
v -0.267074 0.124437 0.505774
v -0.267279 0.132882 0.508879
v -0.266303 0.132550 0.509848
v -0.266098 0.124105 0.506742
v -0.266369 0.134803 0.477631
v -0.266574 0.143248 0.480736
v -0.265551 0.143607 0.479828
v -0.265346 0.135162 0.476723
v 0.233040 0.149915 0.495705
v 0.232335 0.139549 0.523848
v 0.231312 0.140474 0.524164
v 0.232017 0.150840 0.496020
v 0.233245 0.141470 0.492600
v 0.232541 0.131104 0.520743
v 0.231564 0.130152 0.520368
v 0.232269 0.140518 0.492225
v -0.266574 0.143248 0.480736
v -0.267279 0.132882 0.508879
v -0.266303 0.133834 0.509254
v -0.265598 0.144200 0.481111
v -0.266369 0.134803 0.477631
v -0.267074 0.124437 0.505774
v -0.266051 0.123512 0.505459
v -0.265346 0.133878 0.477316
v -0.265346 0.135162 0.476723
v -0.265346 0.133878 0.477316
v -0.266369 0.134803 0.477631
v -0.266098 0.124105 0.506742
v -0.266051 0.123512 0.505459
v -0.267074 0.124437 0.505774
v -0.265551 0.143607 0.479828
v -0.265598 0.144200 0.481111
v -0.266574 0.143248 0.480736
v -0.266303 0.132550 0.509848
v -0.266303 0.133834 0.509254
v -0.267279 0.132882 0.508879
v 0.232269 0.141802 0.491632
v 0.232269 0.140518 0.492225
v 0.233245 0.141470 0.492600
v 0.231518 0.130745 0.521651
v 0.231564 0.130152 0.520368
v 0.232541 0.131104 0.520743
v 0.232064 0.150247 0.494737
v 0.232017 0.150840 0.496020
v 0.233040 0.149915 0.495705
v 0.231312 0.139190 0.524757
v 0.231312 0.140474 0.524164
v 0.232335 0.139549 0.523848
v -0.264281 0.160872 0.501309
v 0.233359 0.156428 0.516217
v 0.233334 0.164794 0.519537
v -0.264306 0.169238 0.504629
v 0.234355 0.168227 0.486489
v -0.263285 0.172671 0.471581
v -0.263310 0.181037 0.474900
v 0.234330 0.176593 0.489808
v -0.263344 0.181598 0.476198
v 0.234296 0.177154 0.491106
v 0.233362 0.166092 0.518977
v -0.264277 0.170536 0.504069
v -0.264247 0.160311 0.500011
v 0.233393 0.155867 0.514919
v 0.234326 0.166929 0.487049
v -0.263313 0.171373 0.472141
v 0.235323 0.167850 0.487448
v 0.234389 0.156788 0.515318
v 0.234365 0.165153 0.518638
v 0.235298 0.176215 0.490767
v -0.265249 0.161250 0.500350
v -0.264316 0.172312 0.472480
v -0.264340 0.180677 0.475799
v -0.265274 0.169615 0.503670
v -0.264277 0.170536 0.504069
v 0.233362 0.166092 0.518977
v 0.233334 0.164794 0.519537
v -0.264306 0.169238 0.504629
v -0.263344 0.181598 0.476198
v 0.234296 0.177154 0.491106
v 0.234330 0.176593 0.489808
v -0.263310 0.181037 0.474900
v -0.264247 0.160311 0.500011
v 0.233393 0.155867 0.514919
v 0.233359 0.156428 0.516217
v -0.264281 0.160872 0.501309
v -0.263313 0.171373 0.472141
v 0.234326 0.166929 0.487049
v 0.234355 0.168227 0.486489
v -0.263285 0.172671 0.471581
v 0.234389 0.156788 0.515318
v 0.234365 0.165153 0.518638
v 0.233334 0.164794 0.519537
v 0.233359 0.156428 0.516217
v 0.235323 0.167850 0.487448
v 0.235298 0.176215 0.490767
v 0.234330 0.176593 0.489808
v 0.234355 0.168227 0.486489
v -0.265249 0.161250 0.500350
v -0.265274 0.169615 0.503670
v -0.264306 0.169238 0.504629
v -0.264281 0.160872 0.501309
v -0.264316 0.172312 0.472480
v -0.264340 0.180677 0.475799
v -0.263310 0.181037 0.474900
v -0.263285 0.172671 0.471581
v 0.235298 0.176215 0.490767
v 0.234365 0.165153 0.518638
v 0.233362 0.166092 0.518977
v 0.234296 0.177154 0.491106
v 0.235323 0.167850 0.487448
v 0.234389 0.156788 0.515318
v 0.233393 0.155867 0.514919
v 0.234326 0.166929 0.487049
v -0.264340 0.180677 0.475799
v -0.265274 0.169615 0.503670
v -0.264277 0.170536 0.504069
v -0.263344 0.181598 0.476198
v -0.264316 0.172312 0.472480
v -0.265249 0.161250 0.500350
v -0.264247 0.160311 0.500011
v -0.263313 0.171373 0.472141
v -0.263285 0.172671 0.471581
v -0.263313 0.171373 0.472141
v -0.264316 0.172312 0.472480
v -0.264281 0.160872 0.501309
v -0.264247 0.160311 0.500011
v -0.265249 0.161250 0.500350
v -0.263310 0.181037 0.474900
v -0.263344 0.181598 0.476198
v -0.264340 0.180677 0.475799
v -0.264306 0.169238 0.504629
v -0.264277 0.170536 0.504069
v -0.265274 0.169615 0.503670
v 0.234355 0.168227 0.486489
v 0.234326 0.166929 0.487049
v 0.235323 0.167850 0.487448
v 0.233359 0.156428 0.516217
v 0.233393 0.155867 0.514919
v 0.234389 0.156788 0.515318
v 0.234330 0.176593 0.489808
v 0.234296 0.177154 0.491106
v 0.235298 0.176215 0.490767
v 0.233334 0.164794 0.519537
v 0.233362 0.166092 0.518977
v 0.234365 0.165153 0.518638
v -0.263770 0.192618 0.502090
v 0.233868 0.188057 0.516998
v 0.233848 0.196457 0.520229
v -0.263790 0.201017 0.505321
v 0.234868 0.199544 0.487147
v -0.262771 0.204105 0.472239
v -0.262791 0.212504 0.475471
v 0.234848 0.207944 0.490379
v -0.262824 0.213079 0.476763
v 0.234814 0.208518 0.491671
v 0.233877 0.197749 0.519656
v -0.263761 0.202310 0.504748
v -0.263737 0.192043 0.500798
v 0.233902 0.187483 0.515706
v 0.234839 0.198252 0.487721
v -0.262800 0.202812 0.472813
v 0.235836 0.199176 0.488110
v 0.234899 0.188407 0.516095
v 0.234879 0.196806 0.519326
v 0.235816 0.207576 0.491342
v -0.264739 0.192986 0.501127
v -0.263802 0.203755 0.473142
v -0.263822 0.212155 0.476374
v -0.264759 0.201385 0.504359
v -0.263761 0.202310 0.504748
v 0.233877 0.197749 0.519656
v 0.233848 0.196457 0.520229
v -0.263790 0.201017 0.505321
v -0.262824 0.213079 0.476763
v 0.234814 0.208518 0.491671
v 0.234848 0.207944 0.490379
v -0.262791 0.212504 0.475471
v -0.263737 0.192043 0.500798
v 0.233902 0.187483 0.515706
v 0.233868 0.188057 0.516998
v -0.263770 0.192618 0.502090
v -0.262800 0.202812 0.472813
v 0.234839 0.198252 0.487721
v 0.234868 0.199544 0.487147
v -0.262771 0.204105 0.472239
v 0.234899 0.188407 0.516095
v 0.234879 0.196806 0.519326
v 0.233848 0.196457 0.520229
v 0.233868 0.188057 0.516998
v 0.235836 0.199176 0.488110
v 0.235816 0.207576 0.491342
v 0.234848 0.207944 0.490379
v 0.234868 0.199544 0.487147
v -0.264739 0.192986 0.501127
v -0.264759 0.201385 0.504359
v -0.263790 0.201017 0.505321
v -0.263770 0.192618 0.502090
v -0.263802 0.203755 0.473142
v -0.263822 0.212155 0.476374
v -0.262791 0.212504 0.475471
v -0.262771 0.204105 0.472239
v 0.235816 0.207576 0.491342
v 0.234879 0.196806 0.519326
v 0.233877 0.197749 0.519656
v 0.234814 0.208518 0.491671
v 0.235836 0.199176 0.488110
v 0.234899 0.188407 0.516095
v 0.233902 0.187483 0.515706
v 0.234839 0.198252 0.487721
v -0.263822 0.212155 0.476374
v -0.264759 0.201385 0.504359
v -0.263761 0.202310 0.504748
v -0.262824 0.213079 0.476763
v -0.263802 0.203755 0.473142
v -0.264739 0.192986 0.501127
v -0.263737 0.192043 0.500798
v -0.262800 0.202812 0.472813
v -0.262771 0.204105 0.472239
v -0.262800 0.202812 0.472813
v -0.263802 0.203755 0.473142
v -0.263770 0.192618 0.502090
v -0.263737 0.192043 0.500798
v -0.264739 0.192986 0.501127
v -0.262791 0.212504 0.475471
v -0.262824 0.213079 0.476763
v -0.263822 0.212155 0.476374
v -0.263790 0.201017 0.505321
v -0.263761 0.202310 0.504748
v -0.264759 0.201385 0.504359
v 0.234868 0.199544 0.487147
v 0.234839 0.198252 0.487721
v 0.235836 0.199176 0.488110
v 0.233868 0.188057 0.516998
v 0.233902 0.187483 0.515706
v 0.234899 0.188407 0.516095
v 0.234848 0.207944 0.490379
v 0.234814 0.208518 0.491671
v 0.235816 0.207576 0.491342
v 0.233848 0.196457 0.520229
v 0.233877 0.197749 0.519656
v 0.234879 0.196806 0.519326
v -0.077285 0.072982 0.454933
v -0.068560 0.041106 0.455189
v -0.045073 0.017865 0.455889
v -0.013117 0.009487 0.456845
v 0.018745 0.018215 0.457801
v 0.041975 0.041713 0.458501
v 0.050350 0.073683 0.458757
v 0.041624 0.105559 0.458501
v 0.018137 0.128800 0.457801
v -0.013818 0.137178 0.456845
v -0.045680 0.128449 0.455889
v -0.068910 0.104952 0.455189
v -0.082834 0.072951 0.454767
v -0.073350 0.038304 0.455045
v -0.047821 0.013042 0.455806
v -0.013086 0.003935 0.456845
v 0.021546 0.013423 0.457884
v 0.046796 0.038963 0.458645
v 0.055899 0.073713 0.458923
v 0.046415 0.108361 0.458645
v 0.020886 0.133623 0.457884
v -0.013849 0.142730 0.456845
v -0.048481 0.133242 0.455806
v -0.073731 0.107701 0.455045
v -0.083882 0.072946 0.489751
v -0.074398 0.038298 0.490029
v -0.048869 0.013036 0.490790
v -0.014135 0.003929 0.491829
v 0.020498 0.013417 0.492868
v 0.045748 0.038958 0.493629
v 0.054851 0.073708 0.493907
v 0.045367 0.108355 0.493629
v 0.019838 0.133617 0.492868
v -0.014897 0.142724 0.491829
v -0.049529 0.133236 0.490790
v -0.074779 0.107695 0.490029
v -0.078333 0.072976 0.489917
v -0.069608 0.041100 0.490173
v -0.046121 0.017859 0.490873
v -0.014165 0.009481 0.491829
v 0.017697 0.018210 0.492785
v 0.040927 0.041707 0.493485
v 0.049302 0.073677 0.493741
v 0.040576 0.105553 0.493485
v 0.017089 0.128794 0.492785
v -0.014866 0.137172 0.491829
v -0.046728 0.128443 0.490873
v -0.069958 0.104946 0.490173
v -0.013468 0.073332 0.456845
v -0.014516 0.073327 0.491829
v -0.350292 -0.079010 0.299528
v -0.338546 -0.081440 0.299880
v -0.335712 -0.067730 0.299967
v -0.347458 -0.065300 0.299616
v -0.333592 -0.081413 0.134518
v -0.345338 -0.078983 0.134167
v -0.342504 -0.065273 0.134254
v -0.330758 -0.067703 0.134606
v -0.342331 -0.064294 0.135260
v -0.330585 -0.066724 0.135611
v -0.335479 -0.066751 0.298974
v -0.347225 -0.064321 0.298622
v -0.350464 -0.079989 0.298523
v -0.338718 -0.082419 0.298874
v -0.333824 -0.082393 0.135512
v -0.345570 -0.079962 0.135160
v -0.332643 -0.081616 0.135547
v -0.337537 -0.081643 0.298910
v -0.334703 -0.067933 0.298997
v -0.329809 -0.067906 0.135634
v -0.351241 -0.078807 0.298500
v -0.346347 -0.078780 0.135137
v -0.343512 -0.065070 0.135224
v -0.348407 -0.065097 0.298587
v -0.347225 -0.064321 0.298622
v -0.335479 -0.066751 0.298974
v -0.335712 -0.067730 0.299967
v -0.347458 -0.065300 0.299616
v -0.342331 -0.064294 0.135260
v -0.330585 -0.066724 0.135611
v -0.330758 -0.067703 0.134606
v -0.342504 -0.065273 0.134254
v -0.350464 -0.079989 0.298523
v -0.338718 -0.082419 0.298874
v -0.338546 -0.081440 0.299880
v -0.350292 -0.079010 0.299528
v -0.345570 -0.079962 0.135160
v -0.333824 -0.082393 0.135512
v -0.333592 -0.081413 0.134518
v -0.345338 -0.078983 0.134167
v -0.337537 -0.081643 0.298910
v -0.334703 -0.067933 0.298997
v -0.335712 -0.067730 0.299967
v -0.338546 -0.081440 0.299880
v -0.332643 -0.081616 0.135547
v -0.329809 -0.067906 0.135634
v -0.330758 -0.067703 0.134606
v -0.333592 -0.081413 0.134518
v -0.351241 -0.078807 0.298500
v -0.348407 -0.065097 0.298587
v -0.347458 -0.065300 0.299616
v -0.350292 -0.079010 0.299528
v -0.346347 -0.078780 0.135137
v -0.343512 -0.065070 0.135224
v -0.342504 -0.065273 0.134254
v -0.345338 -0.078983 0.134167
v -0.329809 -0.067906 0.135634
v -0.334703 -0.067933 0.298997
v -0.335479 -0.066751 0.298974
v -0.330585 -0.066724 0.135611
v -0.332643 -0.081616 0.135547
v -0.337537 -0.081643 0.298910
v -0.338718 -0.082419 0.298874
v -0.333824 -0.082393 0.135512
v -0.343512 -0.065070 0.135224
v -0.348407 -0.065097 0.298587
v -0.347225 -0.064321 0.298622
v -0.342331 -0.064294 0.135260
v -0.346347 -0.078780 0.135137
v -0.351241 -0.078807 0.298500
v -0.350464 -0.079989 0.298523
v -0.345570 -0.079962 0.135160
v -0.345338 -0.078983 0.134167
v -0.345570 -0.079962 0.135160
v -0.346347 -0.078780 0.135137
v -0.350292 -0.079010 0.299528
v -0.350464 -0.079989 0.298523
v -0.351241 -0.078807 0.298500
v -0.342504 -0.065273 0.134254
v -0.342331 -0.064294 0.135260
v -0.343512 -0.065070 0.135224
v -0.347458 -0.065300 0.299616
v -0.347225 -0.064321 0.298622
v -0.348407 -0.065097 0.298587
v -0.333592 -0.081413 0.134518
v -0.333824 -0.082393 0.135512
v -0.332643 -0.081616 0.135547
v -0.338546 -0.081440 0.299880
v -0.338718 -0.082419 0.298874
v -0.337537 -0.081643 0.298910
v -0.330758 -0.067703 0.134606
v -0.330585 -0.066724 0.135611
v -0.329809 -0.067906 0.135634
v -0.335712 -0.067730 0.299967
v -0.335479 -0.066751 0.298974
v -0.334703 -0.067933 0.298997
v -0.350572 -0.027982 0.299528
v -0.338826 -0.030413 0.299880
v -0.335992 -0.016703 0.299967
v -0.347738 -0.014272 0.299616
v -0.333872 -0.030385 0.134518
v -0.345618 -0.027955 0.134167
v -0.342784 -0.014245 0.134254
v -0.331038 -0.016676 0.134606
v -0.342611 -0.013266 0.135260
v -0.330865 -0.015696 0.135611
v -0.335760 -0.015723 0.298974
v -0.347506 -0.013293 0.298622
v -0.350745 -0.028961 0.298523
v -0.338999 -0.031392 0.298874
v -0.334104 -0.031365 0.135512
v -0.345850 -0.028934 0.135160
v -0.332923 -0.030588 0.135547
v -0.337817 -0.030615 0.298910
v -0.334983 -0.016905 0.298997
v -0.330089 -0.016878 0.135634
v -0.351521 -0.027779 0.298500
v -0.346627 -0.027753 0.135137
v -0.343793 -0.014043 0.135224
v -0.348687 -0.014070 0.298587
v -0.347506 -0.013293 0.298622
v -0.335760 -0.015723 0.298974
v -0.335992 -0.016703 0.299967
v -0.347738 -0.014272 0.299616
v -0.342611 -0.013266 0.135260
v -0.330865 -0.015696 0.135611
v -0.331038 -0.016676 0.134606
v -0.342784 -0.014245 0.134254
v -0.350745 -0.028961 0.298523
v -0.338999 -0.031392 0.298874
v -0.338826 -0.030413 0.299880
v -0.350572 -0.027982 0.299528
v -0.345850 -0.028934 0.135160
v -0.334104 -0.031365 0.135512
v -0.333872 -0.030385 0.134518
v -0.345618 -0.027955 0.134167
v -0.337817 -0.030615 0.298910
v -0.334983 -0.016905 0.298997
v -0.335992 -0.016703 0.299967
v -0.338826 -0.030413 0.299880
v -0.332923 -0.030588 0.135547
v -0.330089 -0.016878 0.135634
v -0.331038 -0.016676 0.134606
v -0.333872 -0.030385 0.134518
v -0.351521 -0.027779 0.298500
v -0.348687 -0.014070 0.298587
v -0.347738 -0.014272 0.299616
v -0.350572 -0.027982 0.299528
v -0.346627 -0.027753 0.135137
v -0.343793 -0.014043 0.135224
v -0.342784 -0.014245 0.134254
v -0.345618 -0.027955 0.134167
v -0.330089 -0.016878 0.135634
v -0.334983 -0.016905 0.298997
v -0.335760 -0.015723 0.298974
v -0.330865 -0.015696 0.135611
v -0.332923 -0.030588 0.135547
v -0.337817 -0.030615 0.298910
v -0.338999 -0.031392 0.298874
v -0.334104 -0.031365 0.135512
v -0.343793 -0.014043 0.135224
v -0.348687 -0.014070 0.298587
v -0.347506 -0.013293 0.298622
v -0.342611 -0.013266 0.135260
v -0.346627 -0.027753 0.135137
v -0.351521 -0.027779 0.298500
v -0.350745 -0.028961 0.298523
v -0.345850 -0.028934 0.135160
v -0.345618 -0.027955 0.134167
v -0.345850 -0.028934 0.135160
v -0.346627 -0.027753 0.135137
v -0.350572 -0.027982 0.299528
v -0.350745 -0.028961 0.298523
v -0.351521 -0.027779 0.298500
v -0.342784 -0.014245 0.134254
v -0.342611 -0.013266 0.135260
v -0.343793 -0.014043 0.135224
v -0.347738 -0.014272 0.299616
v -0.347506 -0.013293 0.298622
v -0.348687 -0.014070 0.298587
v -0.333872 -0.030385 0.134518
v -0.334104 -0.031365 0.135512
v -0.332923 -0.030588 0.135547
v -0.338826 -0.030413 0.299880
v -0.338999 -0.031392 0.298874
v -0.337817 -0.030615 0.298910
v -0.331038 -0.016676 0.134606
v -0.330865 -0.015696 0.135611
v -0.330089 -0.016878 0.135634
v -0.335992 -0.016703 0.299967
v -0.335760 -0.015723 0.298974
v -0.334983 -0.016905 0.298997
v -0.350852 0.023046 0.299528
v -0.339106 0.020615 0.299880
v -0.336272 0.034325 0.299967
v -0.348018 0.036755 0.299616
v -0.334152 0.020642 0.134518
v -0.345898 0.023073 0.134167
v -0.343064 0.036783 0.134254
v -0.331318 0.034352 0.134606
v -0.342892 0.037762 0.135260
v -0.331146 0.035331 0.135611
v -0.336040 0.035304 0.298974
v -0.347786 0.037735 0.298622
v -0.351025 0.022066 0.298523
v -0.339279 0.019636 0.298874
v -0.334385 0.019663 0.135512
v -0.346131 0.022093 0.135160
v -0.333203 0.020440 0.135547
v -0.338098 0.020413 0.298910
v -0.335263 0.034123 0.298997
v -0.330369 0.034149 0.135634
v -0.351801 0.023248 0.298500
v -0.346907 0.023275 0.135137
v -0.344073 0.036985 0.135224
v -0.348967 0.036958 0.298587
v -0.347786 0.037735 0.298622
v -0.336040 0.035304 0.298974
v -0.336272 0.034325 0.299967
v -0.348018 0.036755 0.299616
v -0.342892 0.037762 0.135260
v -0.331146 0.035331 0.135611
v -0.331318 0.034352 0.134606
v -0.343064 0.036783 0.134254
v -0.351025 0.022066 0.298523
v -0.339279 0.019636 0.298874
v -0.339106 0.020615 0.299880
v -0.350852 0.023046 0.299528
v -0.346131 0.022093 0.135160
v -0.334385 0.019663 0.135512
v -0.334152 0.020642 0.134518
v -0.345898 0.023073 0.134167
v -0.338098 0.020413 0.298910
v -0.335263 0.034123 0.298997
v -0.336272 0.034325 0.299967
v -0.339106 0.020615 0.299880
v -0.333203 0.020440 0.135547
v -0.330369 0.034149 0.135634
v -0.331318 0.034352 0.134606
v -0.334152 0.020642 0.134518
v -0.351801 0.023248 0.298500
v -0.348967 0.036958 0.298587
v -0.348018 0.036755 0.299616
v -0.350852 0.023046 0.299528
v -0.346907 0.023275 0.135137
v -0.344073 0.036985 0.135224
v -0.343064 0.036783 0.134254
v -0.345898 0.023073 0.134167
v -0.330369 0.034149 0.135634
v -0.335263 0.034123 0.298997
v -0.336040 0.035304 0.298974
v -0.331146 0.035331 0.135611
v -0.333203 0.020440 0.135547
v -0.338098 0.020413 0.298910
v -0.339279 0.019636 0.298874
v -0.334385 0.019663 0.135512
v -0.344073 0.036985 0.135224
v -0.348967 0.036958 0.298587
v -0.347786 0.037735 0.298622
v -0.342892 0.037762 0.135260
v -0.346907 0.023275 0.135137
v -0.351801 0.023248 0.298500
v -0.351025 0.022066 0.298523
v -0.346131 0.022093 0.135160
v -0.345898 0.023073 0.134167
v -0.346131 0.022093 0.135160
v -0.346907 0.023275 0.135137
v -0.350852 0.023046 0.299528
v -0.351025 0.022066 0.298523
v -0.351801 0.023248 0.298500
v -0.343064 0.036783 0.134254
v -0.342892 0.037762 0.135260
v -0.344073 0.036985 0.135224
v -0.348018 0.036755 0.299616
v -0.347786 0.037735 0.298622
v -0.348967 0.036958 0.298587
v -0.334152 0.020642 0.134518
v -0.334385 0.019663 0.135512
v -0.333203 0.020440 0.135547
v -0.339106 0.020615 0.299880
v -0.339279 0.019636 0.298874
v -0.338098 0.020413 0.298910
v -0.331318 0.034352 0.134606
v -0.331146 0.035331 0.135611
v -0.330369 0.034149 0.135634
v -0.336272 0.034325 0.299967
v -0.336040 0.035304 0.298974
v -0.335263 0.034123 0.298997
v -0.351133 0.074073 0.299528
v -0.339387 0.071643 0.299880
v -0.336552 0.085353 0.299967
v -0.348298 0.087783 0.299616
v -0.334433 0.071670 0.134518
v -0.346179 0.074100 0.134167
v -0.343344 0.087810 0.134254
v -0.331598 0.085380 0.134606
v -0.343172 0.088789 0.135260
v -0.331426 0.086359 0.135611
v -0.336320 0.086332 0.298974
v -0.348066 0.088762 0.298622
v -0.351305 0.073094 0.298523
v -0.339559 0.070664 0.298874
v -0.334665 0.070691 0.135512
v -0.346411 0.073121 0.135160
v -0.333484 0.071467 0.135547
v -0.338378 0.071440 0.298910
v -0.335544 0.085150 0.298997
v -0.330649 0.085177 0.135634
v -0.352081 0.074276 0.298500
v -0.347187 0.074303 0.135137
v -0.344353 0.088013 0.135224
v -0.349247 0.087986 0.298587
v -0.348066 0.088762 0.298622
v -0.336320 0.086332 0.298974
v -0.336552 0.085353 0.299967
v -0.348298 0.087783 0.299616
v -0.343172 0.088789 0.135260
v -0.331426 0.086359 0.135611
v -0.331598 0.085380 0.134606
v -0.343344 0.087810 0.134254
v -0.351305 0.073094 0.298523
v -0.339559 0.070664 0.298874
v -0.339387 0.071643 0.299880
v -0.351133 0.074073 0.299528
v -0.346411 0.073121 0.135160
v -0.334665 0.070691 0.135512
v -0.334433 0.071670 0.134518
v -0.346179 0.074100 0.134167
v -0.338378 0.071440 0.298910
v -0.335544 0.085150 0.298997
v -0.336552 0.085353 0.299967
v -0.339387 0.071643 0.299880
v -0.333484 0.071467 0.135547
v -0.330649 0.085177 0.135634
v -0.331598 0.085380 0.134606
v -0.334433 0.071670 0.134518
v -0.352081 0.074276 0.298500
v -0.349247 0.087986 0.298587
v -0.348298 0.087783 0.299616
v -0.351133 0.074073 0.299528
v -0.347187 0.074303 0.135137
v -0.344353 0.088013 0.135224
v -0.343344 0.087810 0.134254
v -0.346179 0.074100 0.134167
v -0.330649 0.085177 0.135634
v -0.335544 0.085150 0.298997
v -0.336320 0.086332 0.298974
v -0.331426 0.086359 0.135611
v -0.333484 0.071467 0.135547
v -0.338378 0.071440 0.298910
v -0.339559 0.070664 0.298874
v -0.334665 0.070691 0.135512
v -0.344353 0.088013 0.135224
v -0.349247 0.087986 0.298587
v -0.348066 0.088762 0.298622
v -0.343172 0.088789 0.135260
v -0.347187 0.074303 0.135137
v -0.352081 0.074276 0.298500
v -0.351305 0.073094 0.298523
v -0.346411 0.073121 0.135160
v -0.346179 0.074100 0.134167
v -0.346411 0.073121 0.135160
v -0.347187 0.074303 0.135137
v -0.351133 0.074073 0.299528
v -0.351305 0.073094 0.298523
v -0.352081 0.074276 0.298500
v -0.343344 0.087810 0.134254
v -0.343172 0.088789 0.135260
v -0.344353 0.088013 0.135224
v -0.348298 0.087783 0.299616
v -0.348066 0.088762 0.298622
v -0.349247 0.087986 0.298587
v -0.334433 0.071670 0.134518
v -0.334665 0.070691 0.135512
v -0.333484 0.071467 0.135547
v -0.339387 0.071643 0.299880
v -0.339559 0.070664 0.298874
v -0.338378 0.071440 0.298910
v -0.331598 0.085380 0.134606
v -0.331426 0.086359 0.135611
v -0.330649 0.085177 0.135634
v -0.336552 0.085353 0.299967
v -0.336320 0.086332 0.298974
v -0.335544 0.085150 0.298997
v -0.351413 0.125101 0.299528
v -0.339667 0.122670 0.299880
v -0.336833 0.136380 0.299967
v -0.348579 0.138811 0.299616
v -0.334713 0.122698 0.134518
v -0.346459 0.125128 0.134167
v -0.343625 0.138838 0.134254
v -0.331879 0.136407 0.134606
v -0.343452 0.139817 0.135260
v -0.331706 0.137387 0.135611
v -0.336600 0.137360 0.298974
v -0.348346 0.139790 0.298622
v -0.351585 0.124122 0.298523
v -0.339839 0.121691 0.298874
v -0.334945 0.121718 0.135512
v -0.346691 0.124149 0.135160
v -0.333764 0.122495 0.135547
v -0.338658 0.122468 0.298910
v -0.335824 0.136178 0.298997
v -0.330930 0.136205 0.135634
v -0.352362 0.125304 0.298500
v -0.347468 0.125330 0.135137
v -0.344633 0.139040 0.135224
v -0.349527 0.139013 0.298587
v -0.348346 0.139790 0.298622
v -0.336600 0.137360 0.298974
v -0.336833 0.136380 0.299967
v -0.348579 0.138811 0.299616
v -0.343452 0.139817 0.135260
v -0.331706 0.137387 0.135611
v -0.331879 0.136407 0.134606
v -0.343625 0.138838 0.134254
v -0.351585 0.124122 0.298523
v -0.339839 0.121691 0.298874
v -0.339667 0.122670 0.299880
v -0.351413 0.125101 0.299528
v -0.346691 0.124149 0.135160
v -0.334945 0.121718 0.135512
v -0.334713 0.122698 0.134518
v -0.346459 0.125128 0.134167
v -0.338658 0.122468 0.298910
v -0.335824 0.136178 0.298997
v -0.336833 0.136380 0.299967
v -0.339667 0.122670 0.299880
v -0.333764 0.122495 0.135547
v -0.330930 0.136205 0.135634
v -0.331879 0.136407 0.134606
v -0.334713 0.122698 0.134518
v -0.352362 0.125304 0.298500
v -0.349527 0.139013 0.298587
v -0.348579 0.138811 0.299616
v -0.351413 0.125101 0.299528
v -0.347468 0.125330 0.135137
v -0.344633 0.139040 0.135224
v -0.343625 0.138838 0.134254
v -0.346459 0.125128 0.134167
v -0.330930 0.136205 0.135634
v -0.335824 0.136178 0.298997
v -0.336600 0.137360 0.298974
v -0.331706 0.137387 0.135611
v -0.333764 0.122495 0.135547
v -0.338658 0.122468 0.298910
v -0.339839 0.121691 0.298874
v -0.334945 0.121718 0.135512
v -0.344633 0.139040 0.135224
v -0.349527 0.139013 0.298587
v -0.348346 0.139790 0.298622
v -0.343452 0.139817 0.135260
v -0.347468 0.125330 0.135137
v -0.352362 0.125304 0.298500
v -0.351585 0.124122 0.298523
v -0.346691 0.124149 0.135160
v -0.346459 0.125128 0.134167
v -0.346691 0.124149 0.135160
v -0.347468 0.125330 0.135137
v -0.351413 0.125101 0.299528
v -0.351585 0.124122 0.298523
v -0.352362 0.125304 0.298500
v -0.343625 0.138838 0.134254
v -0.343452 0.139817 0.135260
v -0.344633 0.139040 0.135224
v -0.348579 0.138811 0.299616
v -0.348346 0.139790 0.298622
v -0.349527 0.139013 0.298587
v -0.334713 0.122698 0.134518
v -0.334945 0.121718 0.135512
v -0.333764 0.122495 0.135547
v -0.339667 0.122670 0.299880
v -0.339839 0.121691 0.298874
v -0.338658 0.122468 0.298910
v -0.331879 0.136407 0.134606
v -0.331706 0.137387 0.135611
v -0.330930 0.136205 0.135634
v -0.336833 0.136380 0.299967
v -0.336600 0.137360 0.298974
v -0.335824 0.136178 0.298997
v 0.322103 -0.077812 0.319673
v 0.333822 -0.075253 0.320024
v 0.330837 -0.061575 0.319937
v 0.319118 -0.064134 0.319586
v 0.338776 -0.075226 0.154663
v 0.327057 -0.077785 0.154311
v 0.324072 -0.064107 0.154224
v 0.335791 -0.061548 0.154576
v 0.323829 -0.063130 0.155217
v 0.335548 -0.060571 0.155569
v 0.330654 -0.060598 0.318931
v 0.318935 -0.063157 0.318580
v 0.322346 -0.078789 0.318679
v 0.334065 -0.076230 0.319031
v 0.338959 -0.076203 0.155669
v 0.327240 -0.078762 0.155317
v 0.339722 -0.075013 0.155692
v 0.334828 -0.075039 0.319054
v 0.331844 -0.061362 0.318967
v 0.336738 -0.061335 0.155604
v 0.321156 -0.078025 0.318644
v 0.326051 -0.077998 0.155282
v 0.323066 -0.064321 0.155194
v 0.318172 -0.064347 0.318557
v 0.318935 -0.063157 0.318580
v 0.330654 -0.060598 0.318931
v 0.330837 -0.061575 0.319937
v 0.319118 -0.064134 0.319586
v 0.323829 -0.063130 0.155217
v 0.335548 -0.060571 0.155569
v 0.335791 -0.061548 0.154576
v 0.324072 -0.064107 0.154224
v 0.322346 -0.078789 0.318679
v 0.334065 -0.076230 0.319031
v 0.333822 -0.075253 0.320024
v 0.322103 -0.077812 0.319673
v 0.327240 -0.078762 0.155317
v 0.338959 -0.076203 0.155669
v 0.338776 -0.075226 0.154663
v 0.327057 -0.077785 0.154311
v 0.334828 -0.075039 0.319054
v 0.331844 -0.061362 0.318967
v 0.330837 -0.061575 0.319937
v 0.333822 -0.075253 0.320024
v 0.339722 -0.075013 0.155692
v 0.336738 -0.061335 0.155604
v 0.335791 -0.061548 0.154576
v 0.338776 -0.075226 0.154663
v 0.321156 -0.078025 0.318644
v 0.318172 -0.064347 0.318557
v 0.319118 -0.064134 0.319586
v 0.322103 -0.077812 0.319673
v 0.326051 -0.077998 0.155282
v 0.323066 -0.064321 0.155194
v 0.324072 -0.064107 0.154224
v 0.327057 -0.077785 0.154311
v 0.336738 -0.061335 0.155604
v 0.331844 -0.061362 0.318967
v 0.330654 -0.060598 0.318931
v 0.335548 -0.060571 0.155569
v 0.339722 -0.075013 0.155692
v 0.334828 -0.075039 0.319054
v 0.334065 -0.076230 0.319031
v 0.338959 -0.076203 0.155669
v 0.323066 -0.064321 0.155194
v 0.318172 -0.064347 0.318557
v 0.318935 -0.063157 0.318580
v 0.323829 -0.063130 0.155217
v 0.326051 -0.077998 0.155282
v 0.321156 -0.078025 0.318644
v 0.322346 -0.078789 0.318679
v 0.327240 -0.078762 0.155317
v 0.327057 -0.077785 0.154311
v 0.327240 -0.078762 0.155317
v 0.326051 -0.077998 0.155282
v 0.322103 -0.077812 0.319673
v 0.322346 -0.078789 0.318679
v 0.321156 -0.078025 0.318644
v 0.324072 -0.064107 0.154224
v 0.323829 -0.063130 0.155217
v 0.323066 -0.064321 0.155194
v 0.319118 -0.064134 0.319586
v 0.318935 -0.063157 0.318580
v 0.318172 -0.064347 0.318557
v 0.338776 -0.075226 0.154663
v 0.338959 -0.076203 0.155669
v 0.339722 -0.075013 0.155692
v 0.333822 -0.075253 0.320024
v 0.334065 -0.076230 0.319031
v 0.334828 -0.075039 0.319054
v 0.335791 -0.061548 0.154576
v 0.335548 -0.060571 0.155569
v 0.336738 -0.061335 0.155604
v 0.330837 -0.061575 0.319937
v 0.330654 -0.060598 0.318931
v 0.331844 -0.061362 0.318967
v 0.321823 -0.026785 0.319673
v 0.333541 -0.024225 0.320024
v 0.330557 -0.010547 0.319937
v 0.318838 -0.013107 0.319586
v 0.338495 -0.024198 0.154663
v 0.326777 -0.026757 0.154311
v 0.323792 -0.013079 0.154224
v 0.335511 -0.010520 0.154576
v 0.323549 -0.012103 0.155217
v 0.335268 -0.009543 0.155569
v 0.330374 -0.009570 0.318931
v 0.318655 -0.012130 0.318580
v 0.322066 -0.027761 0.318679
v 0.333785 -0.025202 0.319031
v 0.338679 -0.025175 0.155669
v 0.326960 -0.027734 0.155317
v 0.339442 -0.023985 0.155692
v 0.334548 -0.024012 0.319054
v 0.331563 -0.010334 0.318967
v 0.336457 -0.010307 0.155604
v 0.320876 -0.026998 0.318644
v 0.325770 -0.026971 0.155282
v 0.322786 -0.013293 0.155194
v 0.317892 -0.013320 0.318557
v 0.318655 -0.012130 0.318580
v 0.330374 -0.009570 0.318931
v 0.330557 -0.010547 0.319937
v 0.318838 -0.013107 0.319586
v 0.323549 -0.012103 0.155217
v 0.335268 -0.009543 0.155569
v 0.335511 -0.010520 0.154576
v 0.323792 -0.013079 0.154224
v 0.322066 -0.027761 0.318679
v 0.333785 -0.025202 0.319031
v 0.333541 -0.024225 0.320024
v 0.321823 -0.026785 0.319673
v 0.326960 -0.027734 0.155317
v 0.338679 -0.025175 0.155669
v 0.338495 -0.024198 0.154663
v 0.326777 -0.026757 0.154311
v 0.334548 -0.024012 0.319054
v 0.331563 -0.010334 0.318967
v 0.330557 -0.010547 0.319937
v 0.333541 -0.024225 0.320024
v 0.339442 -0.023985 0.155692
v 0.336457 -0.010307 0.155604
v 0.335511 -0.010520 0.154576
v 0.338495 -0.024198 0.154663
v 0.320876 -0.026998 0.318644
v 0.317892 -0.013320 0.318557
v 0.318838 -0.013107 0.319586
v 0.321823 -0.026785 0.319673
v 0.325770 -0.026971 0.155282
v 0.322786 -0.013293 0.155194
v 0.323792 -0.013079 0.154224
v 0.326777 -0.026757 0.154311
v 0.336457 -0.010307 0.155604
v 0.331563 -0.010334 0.318967
v 0.330374 -0.009570 0.318931
v 0.335268 -0.009543 0.155569
v 0.339442 -0.023985 0.155692
v 0.334548 -0.024012 0.319054
v 0.333785 -0.025202 0.319031
v 0.338679 -0.025175 0.155669
v 0.322786 -0.013293 0.155194
v 0.317892 -0.013320 0.318557
v 0.318655 -0.012130 0.318580
v 0.323549 -0.012103 0.155217
v 0.325770 -0.026971 0.155282
v 0.320876 -0.026998 0.318644
v 0.322066 -0.027761 0.318679
v 0.326960 -0.027734 0.155317
v 0.326777 -0.026757 0.154311
v 0.326960 -0.027734 0.155317
v 0.325770 -0.026971 0.155282
v 0.321823 -0.026785 0.319673
v 0.322066 -0.027761 0.318679
v 0.320876 -0.026998 0.318644
v 0.323792 -0.013079 0.154224
v 0.323549 -0.012103 0.155217
v 0.322786 -0.013293 0.155194
v 0.318838 -0.013107 0.319586
v 0.318655 -0.012130 0.318580
v 0.317892 -0.013320 0.318557
v 0.338495 -0.024198 0.154663
v 0.338679 -0.025175 0.155669
v 0.339442 -0.023985 0.155692
v 0.333541 -0.024225 0.320024
v 0.333785 -0.025202 0.319031
v 0.334548 -0.024012 0.319054
v 0.335511 -0.010520 0.154576
v 0.335268 -0.009543 0.155569
v 0.336457 -0.010307 0.155604
v 0.330557 -0.010547 0.319937
v 0.330374 -0.009570 0.318931
v 0.331563 -0.010334 0.318967
v 0.321543 0.024243 0.319673
v 0.333261 0.026802 0.320024
v 0.330277 0.040480 0.319937
v 0.318558 0.037921 0.319586
v 0.338215 0.026830 0.154663
v 0.326497 0.024270 0.154311
v 0.323512 0.037948 0.154224
v 0.335231 0.040508 0.154576
v 0.323269 0.038925 0.155217
v 0.334987 0.041484 0.155569
v 0.330093 0.041458 0.318931
v 0.318375 0.038898 0.318580
v 0.321786 0.023266 0.318679
v 0.333504 0.025826 0.319031
v 0.338398 0.025853 0.155669
v 0.326680 0.023293 0.155317
v 0.339162 0.027043 0.155692
v 0.334268 0.027016 0.319054
v 0.331283 0.040694 0.318967
v 0.336177 0.040721 0.155604
v 0.320596 0.024030 0.318644
v 0.325490 0.024057 0.155282
v 0.322505 0.037735 0.155194
v 0.317611 0.037708 0.318557
v 0.318375 0.038898 0.318580
v 0.330093 0.041458 0.318931
v 0.330277 0.040480 0.319937
v 0.318558 0.037921 0.319586
v 0.323269 0.038925 0.155217
v 0.334987 0.041484 0.155569
v 0.335231 0.040508 0.154576
v 0.323512 0.037948 0.154224
v 0.321786 0.023266 0.318679
v 0.333504 0.025826 0.319031
v 0.333261 0.026802 0.320024
v 0.321543 0.024243 0.319673
v 0.326680 0.023293 0.155317
v 0.338398 0.025853 0.155669
v 0.338215 0.026830 0.154663
v 0.326497 0.024270 0.154311
v 0.334268 0.027016 0.319054
v 0.331283 0.040694 0.318967
v 0.330277 0.040480 0.319937
v 0.333261 0.026802 0.320024
v 0.339162 0.027043 0.155692
v 0.336177 0.040721 0.155604
v 0.335231 0.040508 0.154576
v 0.338215 0.026830 0.154663
v 0.320596 0.024030 0.318644
v 0.317611 0.037708 0.318557
v 0.318558 0.037921 0.319586
v 0.321543 0.024243 0.319673
v 0.325490 0.024057 0.155282
v 0.322505 0.037735 0.155194
v 0.323512 0.037948 0.154224
v 0.326497 0.024270 0.154311
v 0.336177 0.040721 0.155604
v 0.331283 0.040694 0.318967
v 0.330093 0.041458 0.318931
v 0.334987 0.041484 0.155569
v 0.339162 0.027043 0.155692
v 0.334268 0.027016 0.319054
v 0.333504 0.025826 0.319031
v 0.338398 0.025853 0.155669
v 0.322505 0.037735 0.155194
v 0.317611 0.037708 0.318557
v 0.318375 0.038898 0.318580
v 0.323269 0.038925 0.155217
v 0.325490 0.024057 0.155282
v 0.320596 0.024030 0.318644
v 0.321786 0.023266 0.318679
v 0.326680 0.023293 0.155317
v 0.326497 0.024270 0.154311
v 0.326680 0.023293 0.155317
v 0.325490 0.024057 0.155282
v 0.321543 0.024243 0.319673
v 0.321786 0.023266 0.318679
v 0.320596 0.024030 0.318644
v 0.323512 0.037948 0.154224
v 0.323269 0.038925 0.155217
v 0.322505 0.037735 0.155194
v 0.318558 0.037921 0.319586
v 0.318375 0.038898 0.318580
v 0.317611 0.037708 0.318557
v 0.338215 0.026830 0.154663
v 0.338398 0.025853 0.155669
v 0.339162 0.027043 0.155692
v 0.333261 0.026802 0.320024
v 0.333504 0.025826 0.319031
v 0.334268 0.027016 0.319054
v 0.335231 0.040508 0.154576
v 0.334987 0.041484 0.155569
v 0.336177 0.040721 0.155604
v 0.330277 0.040480 0.319937
v 0.330093 0.041458 0.318931
v 0.331283 0.040694 0.318967
v 0.321262 0.075271 0.319673
v 0.332981 0.077830 0.320024
v 0.329996 0.091508 0.319937
v 0.318278 0.088949 0.319586
v 0.337935 0.077857 0.154663
v 0.326216 0.075298 0.154311
v 0.323232 0.088976 0.154224
v 0.334950 0.091535 0.154576
v 0.322989 0.089953 0.155217
v 0.334707 0.092512 0.155569
v 0.329813 0.092485 0.318931
v 0.318094 0.089926 0.318580
v 0.321505 0.074294 0.318679
v 0.333224 0.076853 0.319031
v 0.338118 0.076880 0.155669
v 0.326400 0.074321 0.155317
v 0.338882 0.078070 0.155692
v 0.333987 0.078044 0.319054
v 0.331003 0.091721 0.318967
v 0.335897 0.091748 0.155604
v 0.320316 0.075058 0.318644
v 0.325210 0.075085 0.155282
v 0.322225 0.088762 0.155194
v 0.317331 0.088736 0.318557
v 0.318094 0.089926 0.318580
v 0.329813 0.092485 0.318931
v 0.329996 0.091508 0.319937
v 0.318278 0.088949 0.319586
v 0.322989 0.089953 0.155217
v 0.334707 0.092512 0.155569
v 0.334950 0.091535 0.154576
v 0.323232 0.088976 0.154224
v 0.321505 0.074294 0.318679
v 0.333224 0.076853 0.319031
v 0.332981 0.077830 0.320024
v 0.321262 0.075271 0.319673
v 0.326400 0.074321 0.155317
v 0.338118 0.076880 0.155669
v 0.337935 0.077857 0.154663
v 0.326216 0.075298 0.154311
v 0.333987 0.078044 0.319054
v 0.331003 0.091721 0.318967
v 0.329996 0.091508 0.319937
v 0.332981 0.077830 0.320024
v 0.338882 0.078070 0.155692
v 0.335897 0.091748 0.155604
v 0.334950 0.091535 0.154576
v 0.337935 0.077857 0.154663
v 0.320316 0.075058 0.318644
v 0.317331 0.088736 0.318557
v 0.318278 0.088949 0.319586
v 0.321262 0.075271 0.319673
v 0.325210 0.075085 0.155282
v 0.322225 0.088762 0.155194
v 0.323232 0.088976 0.154224
v 0.326216 0.075298 0.154311
v 0.335897 0.091748 0.155604
v 0.331003 0.091721 0.318967
v 0.329813 0.092485 0.318931
v 0.334707 0.092512 0.155569
v 0.338882 0.078070 0.155692
v 0.333987 0.078044 0.319054
v 0.333224 0.076853 0.319031
v 0.338118 0.076880 0.155669
v 0.322225 0.088762 0.155194
v 0.317331 0.088736 0.318557
v 0.318094 0.089926 0.318580
v 0.322989 0.089953 0.155217
v 0.325210 0.075085 0.155282
v 0.320316 0.075058 0.318644
v 0.321505 0.074294 0.318679
v 0.326400 0.074321 0.155317
v 0.326216 0.075298 0.154311
v 0.326400 0.074321 0.155317
v 0.325210 0.075085 0.155282
v 0.321262 0.075271 0.319673
v 0.321505 0.074294 0.318679
v 0.320316 0.075058 0.318644
v 0.323232 0.088976 0.154224
v 0.322989 0.089953 0.155217
v 0.322225 0.088762 0.155194
v 0.318278 0.088949 0.319586
v 0.318094 0.089926 0.318580
v 0.317331 0.088736 0.318557
v 0.337935 0.077857 0.154663
v 0.338118 0.076880 0.155669
v 0.338882 0.078070 0.155692
v 0.332981 0.077830 0.320024
v 0.333224 0.076853 0.319031
v 0.333987 0.078044 0.319054
v 0.334950 0.091535 0.154576
v 0.334707 0.092512 0.155569
v 0.335897 0.091748 0.155604
v 0.329996 0.091508 0.319937
v 0.329813 0.092485 0.318931
v 0.331003 0.091721 0.318967
v 0.320982 0.126298 0.319673
v 0.332701 0.128858 0.320024
v 0.329716 0.142536 0.319937
v 0.317997 0.139976 0.319586
v 0.337655 0.128885 0.154663
v 0.325936 0.126326 0.154311
v 0.322952 0.140004 0.154224
v 0.334670 0.142563 0.154576
v 0.322708 0.140980 0.155217
v 0.334427 0.143540 0.155569
v 0.329533 0.143513 0.318931
v 0.317814 0.140954 0.318580
v 0.321225 0.125322 0.318679
v 0.332944 0.127881 0.319031
v 0.337838 0.127908 0.155669
v 0.326119 0.125349 0.155317
v 0.338601 0.129098 0.155692
v 0.333707 0.129071 0.319054
v 0.330723 0.142749 0.318967
v 0.335617 0.142776 0.155604
v 0.320035 0.126085 0.318644
v 0.324930 0.126112 0.155282
v 0.321945 0.139790 0.155194
v 0.317051 0.139763 0.318557
v 0.317814 0.140954 0.318580
v 0.329533 0.143513 0.318931
v 0.329716 0.142536 0.319937
v 0.317997 0.139976 0.319586
v 0.322708 0.140980 0.155217
v 0.334427 0.143540 0.155569
v 0.334670 0.142563 0.154576
v 0.322952 0.140004 0.154224
v 0.321225 0.125322 0.318679
v 0.332944 0.127881 0.319031
v 0.332701 0.128858 0.320024
v 0.320982 0.126298 0.319673
v 0.326119 0.125349 0.155317
v 0.337838 0.127908 0.155669
v 0.337655 0.128885 0.154663
v 0.325936 0.126326 0.154311
v 0.333707 0.129071 0.319054
v 0.330723 0.142749 0.318967
v 0.329716 0.142536 0.319937
v 0.332701 0.128858 0.320024
v 0.338601 0.129098 0.155692
v 0.335617 0.142776 0.155604
v 0.334670 0.142563 0.154576
v 0.337655 0.128885 0.154663
v 0.320035 0.126085 0.318644
v 0.317051 0.139763 0.318557
v 0.317997 0.139976 0.319586
v 0.320982 0.126298 0.319673
v 0.324930 0.126112 0.155282
v 0.321945 0.139790 0.155194
v 0.322952 0.140004 0.154224
v 0.325936 0.126326 0.154311
v 0.335617 0.142776 0.155604
v 0.330723 0.142749 0.318967
v 0.329533 0.143513 0.318931
v 0.334427 0.143540 0.155569
v 0.338601 0.129098 0.155692
v 0.333707 0.129071 0.319054
v 0.332944 0.127881 0.319031
v 0.337838 0.127908 0.155669
v 0.321945 0.139790 0.155194
v 0.317051 0.139763 0.318557
v 0.317814 0.140954 0.318580
v 0.322708 0.140980 0.155217
v 0.324930 0.126112 0.155282
v 0.320035 0.126085 0.318644
v 0.321225 0.125322 0.318679
v 0.326119 0.125349 0.155317
v 0.325936 0.126326 0.154311
v 0.326119 0.125349 0.155317
v 0.324930 0.126112 0.155282
v 0.320982 0.126298 0.319673
v 0.321225 0.125322 0.318679
v 0.320035 0.126085 0.318644
v 0.322952 0.140004 0.154224
v 0.322708 0.140980 0.155217
v 0.321945 0.139790 0.155194
v 0.317997 0.139976 0.319586
v 0.317814 0.140954 0.318580
v 0.317051 0.139763 0.318557
v 0.337655 0.128885 0.154663
v 0.337838 0.127908 0.155669
v 0.338601 0.129098 0.155692
v 0.332701 0.128858 0.320024
v 0.332944 0.127881 0.319031
v 0.333707 0.129071 0.319054
v 0.334670 0.142563 0.154576
v 0.334427 0.143540 0.155569
v 0.335617 0.142776 0.155604
v 0.329716 0.142536 0.319937
v 0.329533 0.143513 0.318931
v 0.330723 0.142749 0.318967
v -0.309557 -0.173245 0.434190
v 0.286135 -0.169974 0.452037
v 0.286069 -0.157974 0.452037
v -0.309623 -0.161245 0.434190
v 0.287932 -0.169964 0.392064
v -0.307760 -0.173235 0.374217
v -0.307826 -0.161235 0.374217
v 0.287866 -0.157964 0.392064
v -0.307897 -0.159236 0.376217
v 0.287795 -0.155964 0.394063
v 0.286118 -0.155973 0.450038
v -0.309574 -0.159245 0.432191
v -0.309486 -0.175245 0.432191
v 0.286206 -0.171973 0.450038
v 0.287883 -0.171964 0.394063
v -0.307809 -0.175235 0.376217
v 0.289871 -0.169953 0.394123
v 0.288194 -0.169962 0.450098
v 0.288128 -0.157962 0.450098
v 0.289805 -0.157953 0.394123
v -0.311496 -0.173256 0.432132
v -0.309819 -0.173246 0.376157
v -0.309885 -0.161246 0.376157
v -0.311562 -0.161256 0.432132
v -0.309574 -0.159245 0.432191
v 0.286118 -0.155973 0.450038
v 0.286069 -0.157974 0.452037
v -0.309623 -0.161245 0.434190
v -0.307897 -0.159236 0.376217
v 0.287795 -0.155964 0.394063
v 0.287866 -0.157964 0.392064
v -0.307826 -0.161235 0.374217
v -0.309486 -0.175245 0.432191
v 0.286206 -0.171973 0.450038
v 0.286135 -0.169974 0.452037
v -0.309557 -0.173245 0.434190
v -0.307809 -0.175235 0.376217
v 0.287883 -0.171964 0.394063
v 0.287932 -0.169964 0.392064
v -0.307760 -0.173235 0.374217
v 0.288194 -0.169962 0.450098
v 0.288128 -0.157962 0.450098
v 0.286069 -0.157974 0.452037
v 0.286135 -0.169974 0.452037
v 0.289871 -0.169953 0.394123
v 0.289805 -0.157953 0.394123
v 0.287866 -0.157964 0.392064
v 0.287932 -0.169964 0.392064
v -0.311496 -0.173256 0.432132
v -0.311562 -0.161256 0.432132
v -0.309623 -0.161245 0.434190
v -0.309557 -0.173245 0.434190
v -0.309819 -0.173246 0.376157
v -0.309885 -0.161246 0.376157
v -0.307826 -0.161235 0.374217
v -0.307760 -0.173235 0.374217
v 0.289805 -0.157953 0.394123
v 0.288128 -0.157962 0.450098
v 0.286118 -0.155973 0.450038
v 0.287795 -0.155964 0.394063
v 0.289871 -0.169953 0.394123
v 0.288194 -0.169962 0.450098
v 0.286206 -0.171973 0.450038
v 0.287883 -0.171964 0.394063
v -0.309885 -0.161246 0.376157
v -0.311562 -0.161256 0.432132
v -0.309574 -0.159245 0.432191
v -0.307897 -0.159236 0.376217
v -0.309819 -0.173246 0.376157
v -0.311496 -0.173256 0.432132
v -0.309486 -0.175245 0.432191
v -0.307809 -0.175235 0.376217
v -0.307760 -0.173235 0.374217
v -0.307809 -0.175235 0.376217
v -0.309819 -0.173246 0.376157
v -0.309557 -0.173245 0.434190
v -0.309486 -0.175245 0.432191
v -0.311496 -0.173256 0.432132
v -0.307826 -0.161235 0.374217
v -0.307897 -0.159236 0.376217
v -0.309885 -0.161246 0.376157
v -0.309623 -0.161245 0.434190
v -0.309574 -0.159245 0.432191
v -0.311562 -0.161256 0.432132
v 0.287932 -0.169964 0.392064
v 0.287883 -0.171964 0.394063
v 0.289871 -0.169953 0.394123
v 0.286135 -0.169974 0.452037
v 0.286206 -0.171973 0.450038
v 0.288194 -0.169962 0.450098
v 0.287866 -0.157964 0.392064
v 0.287795 -0.155964 0.394063
v 0.289805 -0.157953 0.394123
v 0.286069 -0.157974 0.452037
v 0.286118 -0.155973 0.450038
v 0.288128 -0.157962 0.450098
v -0.250333 -0.184920 0.475179
v 0.224695 -0.182311 0.489411
v 0.224651 -0.174311 0.489411
v -0.250377 -0.176920 0.475179
v 0.225743 -0.182305 0.454427
v -0.249285 -0.184914 0.440195
v -0.249328 -0.176914 0.440195
v 0.225699 -0.174305 0.454427
v -0.249364 -0.175914 0.441194
v 0.225663 -0.173306 0.455426
v 0.224675 -0.173311 0.488411
v -0.250352 -0.175920 0.474180
v -0.250297 -0.185920 0.474180
v 0.224730 -0.183311 0.488411
v 0.225718 -0.183305 0.455426
v -0.249309 -0.185914 0.441194
v 0.226712 -0.182300 0.455456
v 0.225724 -0.182305 0.488441
v 0.225680 -0.174306 0.488441
v 0.226668 -0.174300 0.455456
v -0.251302 -0.184925 0.474150
v -0.250314 -0.184920 0.441164
v -0.250358 -0.176920 0.441164
v -0.251346 -0.176925 0.474150
v -0.250352 -0.175920 0.474180
v 0.224675 -0.173311 0.488411
v 0.224651 -0.174311 0.489411
v -0.250377 -0.176920 0.475179
v -0.249364 -0.175914 0.441194
v 0.225663 -0.173306 0.455426
v 0.225699 -0.174305 0.454427
v -0.249328 -0.176914 0.440195
v -0.250297 -0.185920 0.474180
v 0.224730 -0.183311 0.488411
v 0.224695 -0.182311 0.489411
v -0.250333 -0.184920 0.475179
v -0.249309 -0.185914 0.441194
v 0.225718 -0.183305 0.455426
v 0.225743 -0.182305 0.454427
v -0.249285 -0.184914 0.440195
v 0.225724 -0.182305 0.488441
v 0.225680 -0.174306 0.488441
v 0.224651 -0.174311 0.489411
v 0.224695 -0.182311 0.489411
v 0.226712 -0.182300 0.455456
v 0.226668 -0.174300 0.455456
v 0.225699 -0.174305 0.454427
v 0.225743 -0.182305 0.454427
v -0.251302 -0.184925 0.474150
v -0.251346 -0.176925 0.474150
v -0.250377 -0.176920 0.475179
v -0.250333 -0.184920 0.475179
v -0.250314 -0.184920 0.441164
v -0.250358 -0.176920 0.441164
v -0.249328 -0.176914 0.440195
v -0.249285 -0.184914 0.440195
v 0.226668 -0.174300 0.455456
v 0.225680 -0.174306 0.488441
v 0.224675 -0.173311 0.488411
v 0.225663 -0.173306 0.455426
v 0.226712 -0.182300 0.455456
v 0.225724 -0.182305 0.488441
v 0.224730 -0.183311 0.488411
v 0.225718 -0.183305 0.455426
v -0.250358 -0.176920 0.441164
v -0.251346 -0.176925 0.474150
v -0.250352 -0.175920 0.474180
v -0.249364 -0.175914 0.441194
v -0.250314 -0.184920 0.441164
v -0.251302 -0.184925 0.474150
v -0.250297 -0.185920 0.474180
v -0.249309 -0.185914 0.441194
v -0.249285 -0.184914 0.440195
v -0.249309 -0.185914 0.441194
v -0.250314 -0.184920 0.441164
v -0.250333 -0.184920 0.475179
v -0.250297 -0.185920 0.474180
v -0.251302 -0.184925 0.474150
v -0.249328 -0.176914 0.440195
v -0.249364 -0.175914 0.441194
v -0.250358 -0.176920 0.441164
v -0.250377 -0.176920 0.475179
v -0.250352 -0.175920 0.474180
v -0.251346 -0.176925 0.474150
v 0.225743 -0.182305 0.454427
v 0.225718 -0.183305 0.455426
v 0.226712 -0.182300 0.455456
v 0.224695 -0.182311 0.489411
v 0.224730 -0.183311 0.488411
v 0.225724 -0.182305 0.488441
v 0.225699 -0.174305 0.454427
v 0.225663 -0.173306 0.455426
v 0.226668 -0.174300 0.455456
v 0.224651 -0.174311 0.489411
v 0.224675 -0.173311 0.488411
v 0.225680 -0.174306 0.488441
v -0.241871 -0.191873 0.326033
v -0.210885 -0.191703 0.326961
v -0.210940 -0.181703 0.326961
v -0.241926 -0.181874 0.326033
v -0.202370 -0.191657 0.042746
v -0.233356 -0.191827 0.041818
v -0.233411 -0.181827 0.041818
v -0.202425 -0.181657 0.042746
v -0.233482 -0.179827 0.043817
v -0.202496 -0.179657 0.044745
v -0.210891 -0.179703 0.324962
v -0.241877 -0.179873 0.324034
v -0.241800 -0.193873 0.324034
v -0.210814 -0.193703 0.324962
v -0.202419 -0.193657 0.044745
v -0.233405 -0.193827 0.043817
v -0.200431 -0.191646 0.044805
v -0.208826 -0.191692 0.325022
v -0.208881 -0.181692 0.325022
v -0.200486 -0.181646 0.044805
v -0.243810 -0.191884 0.323974
v -0.235415 -0.191838 0.043757
v -0.235470 -0.181838 0.043757
v -0.243865 -0.181884 0.323974
v -0.241877 -0.179873 0.324034
v -0.210891 -0.179703 0.324962
v -0.210940 -0.181703 0.326961
v -0.241926 -0.181874 0.326033
v -0.233482 -0.179827 0.043817
v -0.202496 -0.179657 0.044745
v -0.202425 -0.181657 0.042746
v -0.233411 -0.181827 0.041818
v -0.241800 -0.193873 0.324034
v -0.210814 -0.193703 0.324962
v -0.210885 -0.191703 0.326961
v -0.241871 -0.191873 0.326033
v -0.233405 -0.193827 0.043817
v -0.202419 -0.193657 0.044745
v -0.202370 -0.191657 0.042746
v -0.233356 -0.191827 0.041818
v -0.208826 -0.191692 0.325022
v -0.208881 -0.181692 0.325022
v -0.210940 -0.181703 0.326961
v -0.210885 -0.191703 0.326961
v -0.200431 -0.191646 0.044805
v -0.200486 -0.181646 0.044805
v -0.202425 -0.181657 0.042746
v -0.202370 -0.191657 0.042746
v -0.243810 -0.191884 0.323974
v -0.243865 -0.181884 0.323974
v -0.241926 -0.181874 0.326033
v -0.241871 -0.191873 0.326033
v -0.235415 -0.191838 0.043757
v -0.235470 -0.181838 0.043757
v -0.233411 -0.181827 0.041818
v -0.233356 -0.191827 0.041818
v -0.200486 -0.181646 0.044805
v -0.208881 -0.181692 0.325022
v -0.210891 -0.179703 0.324962
v -0.202496 -0.179657 0.044745
v -0.200431 -0.191646 0.044805
v -0.208826 -0.191692 0.325022
v -0.210814 -0.193703 0.324962
v -0.202419 -0.193657 0.044745
v -0.235470 -0.181838 0.043757
v -0.243865 -0.181884 0.323974
v -0.241877 -0.179873 0.324034
v -0.233482 -0.179827 0.043817
v -0.235415 -0.191838 0.043757
v -0.243810 -0.191884 0.323974
v -0.241800 -0.193873 0.324034
v -0.233405 -0.193827 0.043817
v -0.233356 -0.191827 0.041818
v -0.233405 -0.193827 0.043817
v -0.235415 -0.191838 0.043757
v -0.241871 -0.191873 0.326033
v -0.241800 -0.193873 0.324034
v -0.243810 -0.191884 0.323974
v -0.233411 -0.181827 0.041818
v -0.233482 -0.179827 0.043817
v -0.235470 -0.181838 0.043757
v -0.241926 -0.181874 0.326033
v -0.241877 -0.179873 0.324034
v -0.243865 -0.181884 0.323974
v -0.202370 -0.191657 0.042746
v -0.202419 -0.193657 0.044745
v -0.200431 -0.191646 0.044805
v -0.210885 -0.191703 0.326961
v -0.210814 -0.193703 0.324962
v -0.208826 -0.191692 0.325022
v -0.202425 -0.181657 0.042746
v -0.202496 -0.179657 0.044745
v -0.200486 -0.181646 0.044805
v -0.210940 -0.181703 0.326961
v -0.210891 -0.179703 0.324962
v -0.208881 -0.181692 0.325022
v -0.235342 -0.182837 0.022977
v -0.199359 -0.182640 0.024055
v -0.199886 -0.086641 0.024055
v -0.235869 -0.086839 0.022977
v -0.198880 -0.182637 0.008062
v -0.234863 -0.182835 0.006984
v -0.235390 -0.086836 0.006984
v -0.199407 -0.086639 0.008062
v -0.235461 -0.084837 0.008984
v -0.199478 -0.084639 0.010062
v -0.199837 -0.084641 0.022056
v -0.235820 -0.084839 0.020978
v -0.235271 -0.184837 0.020978
v -0.199288 -0.184639 0.022056
v -0.198929 -0.184638 0.010062
v -0.234912 -0.184835 0.008984
v -0.196940 -0.182627 0.010121
v -0.197300 -0.182629 0.022116
v -0.197827 -0.086630 0.022116
v -0.197468 -0.086628 0.010121
v -0.237281 -0.182848 0.020918
v -0.236922 -0.182846 0.008924
v -0.237449 -0.086848 0.008924
v -0.237808 -0.086850 0.020918
v -0.235820 -0.084839 0.020978
v -0.199837 -0.084641 0.022056
v -0.199886 -0.086641 0.024055
v -0.235869 -0.086839 0.022977
v -0.235461 -0.084837 0.008984
v -0.199478 -0.084639 0.010062
v -0.199407 -0.086639 0.008062
v -0.235390 -0.086836 0.006984
v -0.235271 -0.184837 0.020978
v -0.199288 -0.184639 0.022056
v -0.199359 -0.182640 0.024055
v -0.235342 -0.182837 0.022977
v -0.234912 -0.184835 0.008984
v -0.198929 -0.184638 0.010062
v -0.198880 -0.182637 0.008062
v -0.234863 -0.182835 0.006984
v -0.197300 -0.182629 0.022116
v -0.197827 -0.086630 0.022116
v -0.199886 -0.086641 0.024055
v -0.199359 -0.182640 0.024055
v -0.196940 -0.182627 0.010121
v -0.197468 -0.086628 0.010121
v -0.199407 -0.086639 0.008062
v -0.198880 -0.182637 0.008062
v -0.237281 -0.182848 0.020918
v -0.237808 -0.086850 0.020918
v -0.235869 -0.086839 0.022977
v -0.235342 -0.182837 0.022977
v -0.236922 -0.182846 0.008924
v -0.237449 -0.086848 0.008924
v -0.235390 -0.086836 0.006984
v -0.234863 -0.182835 0.006984
v -0.197468 -0.086628 0.010121
v -0.197827 -0.086630 0.022116
v -0.199837 -0.084641 0.022056
v -0.199478 -0.084639 0.010062
v -0.196940 -0.182627 0.010121
v -0.197300 -0.182629 0.022116
v -0.199288 -0.184639 0.022056
v -0.198929 -0.184638 0.010062
v -0.237449 -0.086848 0.008924
v -0.237808 -0.086850 0.020918
v -0.235820 -0.084839 0.020978
v -0.235461 -0.084837 0.008984
v -0.236922 -0.182846 0.008924
v -0.237281 -0.182848 0.020918
v -0.235271 -0.184837 0.020978
v -0.234912 -0.184835 0.008984
v -0.234863 -0.182835 0.006984
v -0.234912 -0.184835 0.008984
v -0.236922 -0.182846 0.008924
v -0.235342 -0.182837 0.022977
v -0.235271 -0.184837 0.020978
v -0.237281 -0.182848 0.020918
v -0.235390 -0.086836 0.006984
v -0.235461 -0.084837 0.008984
v -0.237449 -0.086848 0.008924
v -0.235869 -0.086839 0.022977
v -0.235820 -0.084839 0.020978
v -0.237808 -0.086850 0.020918
v -0.198880 -0.182637 0.008062
v -0.198929 -0.184638 0.010062
v -0.196940 -0.182627 0.010121
v -0.199359 -0.182640 0.024055
v -0.199288 -0.184639 0.022056
v -0.197300 -0.182629 0.022116
v -0.199407 -0.086639 0.008062
v -0.199478 -0.084639 0.010062
v -0.197468 -0.086628 0.010121
v -0.199886 -0.086641 0.024055
v -0.199837 -0.084641 0.022056
v -0.197827 -0.086630 0.022116
v -0.226269 -0.174788 0.043259
v -0.222025 -0.181550 0.041066
v -0.213748 -0.181504 0.041314
v -0.209717 -0.174697 0.043755
v -0.213962 -0.167934 0.045949
v -0.222238 -0.167980 0.045701
v -0.226989 -0.174791 0.043238
v -0.222375 -0.182142 0.040853
v -0.213379 -0.182092 0.041123
v -0.208997 -0.174693 0.043777
v -0.213611 -0.167342 0.046161
v -0.222607 -0.167392 0.045892
v -0.236024 -0.284843 0.364984
v -0.231410 -0.292193 0.362600
v -0.222414 -0.292144 0.362869
v -0.218032 -0.284744 0.365523
v -0.222646 -0.277394 0.367908
v -0.231642 -0.277443 0.367638
v -0.235304 -0.284839 0.365006
v -0.231060 -0.291601 0.362812
v -0.222784 -0.291556 0.363060
v -0.218752 -0.284748 0.365502
v -0.222997 -0.277986 0.367695
v -0.231273 -0.278031 0.367447
v -0.217993 -0.174742 0.043507
v -0.227028 -0.284793 0.365254
v -0.223022 -0.154769 0.023351
v -0.219180 -0.159998 0.023465
v -0.213023 -0.157959 0.023650
v -0.213058 -0.151470 0.023650
v -0.219238 -0.149499 0.023465
v -0.223501 -0.154772 0.023337
v -0.219326 -0.160456 0.023461
v -0.212633 -0.158239 0.023662
v -0.212672 -0.151186 0.023662
v -0.219389 -0.149043 0.023461
v -0.223951 -0.154774 0.038330
v -0.219775 -0.160458 0.038454
v -0.213082 -0.158242 0.038655
v -0.213121 -0.151188 0.038655
v -0.219838 -0.149045 0.038454
v -0.223471 -0.154772 0.038344
v -0.219630 -0.160001 0.038458
v -0.213472 -0.157962 0.038643
v -0.213507 -0.151472 0.038643
v -0.219687 -0.149501 0.038458
v -0.217504 -0.154739 0.023516
v -0.217953 -0.154742 0.038510
v 0.194268 -0.189478 0.339099
v 0.225253 -0.189308 0.340028
v 0.225198 -0.179308 0.340028
v 0.194213 -0.179478 0.339099
v 0.233768 -0.189261 0.055813
v 0.202782 -0.189432 0.054884
v 0.202727 -0.179432 0.054884
v 0.233713 -0.179262 0.055813
v 0.202657 -0.177432 0.056883
v 0.233642 -0.177262 0.057812
v 0.225247 -0.177308 0.338029
v 0.194262 -0.177478 0.337100
v 0.194339 -0.191478 0.337100
v 0.225324 -0.191308 0.338029
v 0.233719 -0.191262 0.057812
v 0.202733 -0.191432 0.056883
v 0.235707 -0.189251 0.057872
v 0.227312 -0.189297 0.338089
v 0.227257 -0.179297 0.338089
v 0.235652 -0.179251 0.057872
v 0.192328 -0.189489 0.337040
v 0.200723 -0.189443 0.056824
v 0.200669 -0.179443 0.056824
v 0.192274 -0.179489 0.337040
v 0.194262 -0.177478 0.337100
v 0.225247 -0.177308 0.338029
v 0.225198 -0.179308 0.340028
v 0.194213 -0.179478 0.339099
v 0.202657 -0.177432 0.056883
v 0.233642 -0.177262 0.057812
v 0.233713 -0.179262 0.055813
v 0.202727 -0.179432 0.054884
v 0.194339 -0.191478 0.337100
v 0.225324 -0.191308 0.338029
v 0.225253 -0.189308 0.340028
v 0.194268 -0.189478 0.339099
v 0.202733 -0.191432 0.056883
v 0.233719 -0.191262 0.057812
v 0.233768 -0.189261 0.055813
v 0.202782 -0.189432 0.054884
v 0.227312 -0.189297 0.338089
v 0.227257 -0.179297 0.338089
v 0.225198 -0.179308 0.340028
v 0.225253 -0.189308 0.340028
v 0.235707 -0.189251 0.057872
v 0.235652 -0.179251 0.057872
v 0.233713 -0.179262 0.055813
v 0.233768 -0.189261 0.055813
v 0.192328 -0.189489 0.337040
v 0.192274 -0.179489 0.337040
v 0.194213 -0.179478 0.339099
v 0.194268 -0.189478 0.339099
v 0.200723 -0.189443 0.056824
v 0.200669 -0.179443 0.056824
v 0.202727 -0.179432 0.054884
v 0.202782 -0.189432 0.054884
v 0.235652 -0.179251 0.057872
v 0.227257 -0.179297 0.338089
v 0.225247 -0.177308 0.338029
v 0.233642 -0.177262 0.057812
v 0.235707 -0.189251 0.057872
v 0.227312 -0.189297 0.338089
v 0.225324 -0.191308 0.338029
v 0.233719 -0.191262 0.057812
v 0.200669 -0.179443 0.056824
v 0.192274 -0.179489 0.337040
v 0.194262 -0.177478 0.337100
v 0.202657 -0.177432 0.056883
v 0.200723 -0.189443 0.056824
v 0.192328 -0.189489 0.337040
v 0.194339 -0.191478 0.337100
v 0.202733 -0.191432 0.056883
v 0.202782 -0.189432 0.054884
v 0.202733 -0.191432 0.056883
v 0.200723 -0.189443 0.056824
v 0.194268 -0.189478 0.339099
v 0.194339 -0.191478 0.337100
v 0.192328 -0.189489 0.337040
v 0.202727 -0.179432 0.054884
v 0.202657 -0.177432 0.056883
v 0.200669 -0.179443 0.056824
v 0.194213 -0.179478 0.339099
v 0.194262 -0.177478 0.337100
v 0.192274 -0.179489 0.337040
v 0.233768 -0.189261 0.055813
v 0.233719 -0.191262 0.057812
v 0.235707 -0.189251 0.057872
v 0.225253 -0.189308 0.340028
v 0.225324 -0.191308 0.338029
v 0.227312 -0.189297 0.338089
v 0.233713 -0.179262 0.055813
v 0.233642 -0.177262 0.057812
v 0.235652 -0.179251 0.057872
v 0.225198 -0.179308 0.340028
v 0.225247 -0.177308 0.338029
v 0.227257 -0.179297 0.338089
v 0.200796 -0.180442 0.036044
v 0.236780 -0.180245 0.037122
v 0.236252 -0.084246 0.037122
v 0.200269 -0.084444 0.036044
v 0.237259 -0.180242 0.021129
v 0.201275 -0.180440 0.020051
v 0.200748 -0.084441 0.020051
v 0.236732 -0.084244 0.021129
v 0.200677 -0.082441 0.022050
v 0.236661 -0.082244 0.023128
v 0.236301 -0.082246 0.035123
v 0.200318 -0.082443 0.034045
v 0.200867 -0.182442 0.034045
v 0.236851 -0.182244 0.035123
v 0.237210 -0.182242 0.023128
v 0.201227 -0.182440 0.022050
v 0.239198 -0.180231 0.023188
v 0.238839 -0.180233 0.035183
v 0.238311 -0.084235 0.035183
v 0.238671 -0.084233 0.023188
v 0.198857 -0.180453 0.033985
v 0.199216 -0.180451 0.021990
v 0.198689 -0.084452 0.021990
v 0.198330 -0.084454 0.033985
v 0.200318 -0.082443 0.034045
v 0.236301 -0.082246 0.035123
v 0.236252 -0.084246 0.037122
v 0.200269 -0.084444 0.036044
v 0.200677 -0.082441 0.022050
v 0.236661 -0.082244 0.023128
v 0.236732 -0.084244 0.021129
v 0.200748 -0.084441 0.020051
v 0.200867 -0.182442 0.034045
v 0.236851 -0.182244 0.035123
v 0.236780 -0.180245 0.037122
v 0.200796 -0.180442 0.036044
v 0.201227 -0.182440 0.022050
v 0.237210 -0.182242 0.023128
v 0.237259 -0.180242 0.021129
v 0.201275 -0.180440 0.020051
v 0.238839 -0.180233 0.035183
v 0.238311 -0.084235 0.035183
v 0.236252 -0.084246 0.037122
v 0.236780 -0.180245 0.037122
v 0.239198 -0.180231 0.023188
v 0.238671 -0.084233 0.023188
v 0.236732 -0.084244 0.021129
v 0.237259 -0.180242 0.021129
v 0.198857 -0.180453 0.033985
v 0.198330 -0.084454 0.033985
v 0.200269 -0.084444 0.036044
v 0.200796 -0.180442 0.036044
v 0.199216 -0.180451 0.021990
v 0.198689 -0.084452 0.021990
v 0.200748 -0.084441 0.020051
v 0.201275 -0.180440 0.020051
v 0.238671 -0.084233 0.023188
v 0.238311 -0.084235 0.035183
v 0.236301 -0.082246 0.035123
v 0.236661 -0.082244 0.023128
v 0.239198 -0.180231 0.023188
v 0.238839 -0.180233 0.035183
v 0.236851 -0.182244 0.035123
v 0.237210 -0.182242 0.023128
v 0.198689 -0.084452 0.021990
v 0.198330 -0.084454 0.033985
v 0.200318 -0.082443 0.034045
v 0.200677 -0.082441 0.022050
v 0.199216 -0.180451 0.021990
v 0.198857 -0.180453 0.033985
v 0.200867 -0.182442 0.034045
v 0.201227 -0.182440 0.022050
v 0.201275 -0.180440 0.020051
v 0.201227 -0.182440 0.022050
v 0.199216 -0.180451 0.021990
v 0.200796 -0.180442 0.036044
v 0.200867 -0.182442 0.034045
v 0.198857 -0.180453 0.033985
v 0.200748 -0.084441 0.020051
v 0.200677 -0.082441 0.022050
v 0.198689 -0.084452 0.021990
v 0.200269 -0.084444 0.036044
v 0.200318 -0.082443 0.034045
v 0.198330 -0.084454 0.033985
v 0.237259 -0.180242 0.021129
v 0.237210 -0.182242 0.023128
v 0.239198 -0.180231 0.023188
v 0.236780 -0.180245 0.037122
v 0.236851 -0.182244 0.035123
v 0.238839 -0.180233 0.035183
v 0.236732 -0.084244 0.021129
v 0.236661 -0.082244 0.023128
v 0.238671 -0.084233 0.023188
v 0.236252 -0.084246 0.037122
v 0.236301 -0.082246 0.035123
v 0.238311 -0.084235 0.035183
v 0.209869 -0.172392 0.056326
v 0.214114 -0.179155 0.054132
v 0.222390 -0.179109 0.054380
v 0.226421 -0.172301 0.056822
v 0.222177 -0.165539 0.059016
v 0.213900 -0.165585 0.058768
v 0.209149 -0.172396 0.056304
v 0.213763 -0.179747 0.053920
v 0.222759 -0.179697 0.054189
v 0.227141 -0.172298 0.056843
v 0.222527 -0.164947 0.059228
v 0.213531 -0.164997 0.058958
v 0.200114 -0.282448 0.378051
v 0.204728 -0.289798 0.375666
v 0.213724 -0.289748 0.375936
v 0.218106 -0.282349 0.378590
v 0.213492 -0.274999 0.380974
v 0.204496 -0.275048 0.380705
v 0.200834 -0.282444 0.378072
v 0.205079 -0.289206 0.375879
v 0.213355 -0.289160 0.376126
v 0.217386 -0.282353 0.378568
v 0.213141 -0.275591 0.380762
v 0.204865 -0.275636 0.380514
v 0.218145 -0.172347 0.056574
v 0.209110 -0.282398 0.378320
v 0.213117 -0.152374 0.036418
v 0.216958 -0.157603 0.036532
v 0.223116 -0.155564 0.036717
v 0.223080 -0.149075 0.036717
v 0.216900 -0.147104 0.036532
v 0.212637 -0.152377 0.036403
v 0.216812 -0.158060 0.036527
v 0.223505 -0.155844 0.036728
v 0.223467 -0.148791 0.036728
v 0.216750 -0.146648 0.036527
v 0.212188 -0.152379 0.051396
v 0.216363 -0.158063 0.051521
v 0.223056 -0.155846 0.051722
v 0.223018 -0.148793 0.051722
v 0.216300 -0.146650 0.051521
v 0.212668 -0.152377 0.051411
v 0.216509 -0.157606 0.051525
v 0.222667 -0.155566 0.051710
v 0.222631 -0.149077 0.051710
v 0.216451 -0.147106 0.051525
v 0.218634 -0.152344 0.036583
v 0.218185 -0.152346 0.051576
v 0.307205 0.091678 0.198595
v 0.323198 0.091766 0.199074
v 0.322780 0.167765 0.199074
v 0.306788 0.167677 0.198595
v 0.326192 0.091782 0.099119
v 0.310200 0.091694 0.098639
v 0.309782 0.167693 0.098639
v 0.325775 0.167781 0.099119
v 0.309711 0.169693 0.100639
v 0.325704 0.169781 0.101118
v 0.322829 0.169765 0.197075
v 0.306837 0.169677 0.196596
v 0.307276 0.089678 0.196596
v 0.323268 0.089766 0.197075
v 0.326143 0.089782 0.101118
v 0.310151 0.089694 0.100639
v 0.328131 0.091793 0.101178
v 0.325257 0.091777 0.197135
v 0.324839 0.167776 0.197135
v 0.327714 0.167792 0.101178
v 0.305266 0.091667 0.196536
v 0.308141 0.091683 0.100579
v 0.307723 0.167682 0.100579
v 0.304848 0.167666 0.196536
v 0.306837 0.169677 0.196596
v 0.322829 0.169765 0.197075
v 0.322780 0.167765 0.199074
v 0.306788 0.167677 0.198595
v 0.309711 0.169693 0.100639
v 0.325704 0.169781 0.101118
v 0.325775 0.167781 0.099119
v 0.309782 0.167693 0.098639
v 0.307276 0.089678 0.196596
v 0.323268 0.089766 0.197075
v 0.323198 0.091766 0.199074
v 0.307205 0.091678 0.198595
v 0.310151 0.089694 0.100639
v 0.326143 0.089782 0.101118
v 0.326192 0.091782 0.099119
v 0.310200 0.091694 0.098639
v 0.325257 0.091777 0.197135
v 0.324839 0.167776 0.197135
v 0.322780 0.167765 0.199074
v 0.323198 0.091766 0.199074
v 0.328131 0.091793 0.101178
v 0.327714 0.167792 0.101178
v 0.325775 0.167781 0.099119
v 0.326192 0.091782 0.099119
v 0.305266 0.091667 0.196536
v 0.304848 0.167666 0.196536
v 0.306788 0.167677 0.198595
v 0.307205 0.091678 0.198595
v 0.308141 0.091683 0.100579
v 0.307723 0.167682 0.100579
v 0.309782 0.167693 0.098639
v 0.310200 0.091694 0.098639
v 0.327714 0.167792 0.101178
v 0.324839 0.167776 0.197135
v 0.322829 0.169765 0.197075
v 0.325704 0.169781 0.101118
v 0.328131 0.091793 0.101178
v 0.325257 0.091777 0.197135
v 0.323268 0.089766 0.197075
v 0.326143 0.089782 0.101118
v 0.307723 0.167682 0.100579
v 0.304848 0.167666 0.196536
v 0.306837 0.169677 0.196596
v 0.309711 0.169693 0.100639
v 0.308141 0.091683 0.100579
v 0.305266 0.091667 0.196536
v 0.307276 0.089678 0.196596
v 0.310151 0.089694 0.100639
v 0.310200 0.091694 0.098639
v 0.310151 0.089694 0.100639
v 0.308141 0.091683 0.100579
v 0.307205 0.091678 0.198595
v 0.307276 0.089678 0.196596
v 0.305266 0.091667 0.196536
v 0.309782 0.167693 0.098639
v 0.309711 0.169693 0.100639
v 0.307723 0.167682 0.100579
v 0.306788 0.167677 0.198595
v 0.306837 0.169677 0.196596
v 0.304848 0.167666 0.196536
v 0.326192 0.091782 0.099119
v 0.326143 0.089782 0.101118
v 0.328131 0.091793 0.101178
v 0.323198 0.091766 0.199074
v 0.323268 0.089766 0.197075
v 0.325257 0.091777 0.197135
v 0.325775 0.167781 0.099119
v 0.325704 0.169781 0.101118
v 0.327714 0.167792 0.101178
v 0.322780 0.167765 0.199074
v 0.322829 0.169765 0.197075
v 0.324839 0.167776 0.197135
v -0.337123 -0.137811 0.500779
v -0.263157 -0.137405 0.502995
v -0.263509 -0.073406 0.502995
v -0.337474 -0.073812 0.500779
v -0.261660 -0.137397 0.453017
v -0.335626 -0.137803 0.450801
v -0.335977 -0.073804 0.450801
v -0.262011 -0.073398 0.453017
v -0.336083 -0.070805 0.453800
v -0.262118 -0.070399 0.456016
v -0.263435 -0.070406 0.499996
v -0.337401 -0.070812 0.497780
v -0.337016 -0.140811 0.497780
v -0.263051 -0.140405 0.499996
v -0.261733 -0.140397 0.456016
v -0.335699 -0.140804 0.453800
v -0.258751 -0.137381 0.456106
v -0.260069 -0.137388 0.500086
v -0.260420 -0.073389 0.500086
v -0.259103 -0.073382 0.456106
v -0.340032 -0.137827 0.497690
v -0.338714 -0.137820 0.453710
v -0.339065 -0.073821 0.453710
v -0.340383 -0.073828 0.497690
v -0.337401 -0.070812 0.497780
v -0.263435 -0.070406 0.499996
v -0.263509 -0.073406 0.502995
v -0.337474 -0.073812 0.500779
v -0.336083 -0.070805 0.453800
v -0.262118 -0.070399 0.456016
v -0.262011 -0.073398 0.453017
v -0.335977 -0.073804 0.450801
v -0.337016 -0.140811 0.497780
v -0.263051 -0.140405 0.499996
v -0.263157 -0.137405 0.502995
v -0.337123 -0.137811 0.500779
v -0.335699 -0.140804 0.453800
v -0.261733 -0.140397 0.456016
v -0.261660 -0.137397 0.453017
v -0.335626 -0.137803 0.450801
v -0.260069 -0.137388 0.500086
v -0.260420 -0.073389 0.500086
v -0.263509 -0.073406 0.502995
v -0.263157 -0.137405 0.502995
v -0.258751 -0.137381 0.456106
v -0.259103 -0.073382 0.456106
v -0.262011 -0.073398 0.453017
v -0.261660 -0.137397 0.453017
v -0.340032 -0.137827 0.497690
v -0.340383 -0.073828 0.497690
v -0.337474 -0.073812 0.500779
v -0.337123 -0.137811 0.500779
v -0.338714 -0.137820 0.453710
v -0.339065 -0.073821 0.453710
v -0.335977 -0.073804 0.450801
v -0.335626 -0.137803 0.450801
v -0.259103 -0.073382 0.456106
v -0.260420 -0.073389 0.500086
v -0.263435 -0.070406 0.499996
v -0.262118 -0.070399 0.456016
v -0.258751 -0.137381 0.456106
v -0.260069 -0.137388 0.500086
v -0.263051 -0.140405 0.499996
v -0.261733 -0.140397 0.456016
v -0.339065 -0.073821 0.453710
v -0.340383 -0.073828 0.497690
v -0.337401 -0.070812 0.497780
v -0.336083 -0.070805 0.453800
v -0.338714 -0.137820 0.453710
v -0.340032 -0.137827 0.497690
v -0.337016 -0.140811 0.497780
v -0.335699 -0.140804 0.453800
v -0.335626 -0.137803 0.450801
v -0.335699 -0.140804 0.453800
v -0.338714 -0.137820 0.453710
v -0.337123 -0.137811 0.500779
v -0.337016 -0.140811 0.497780
v -0.340032 -0.137827 0.497690
v -0.335977 -0.073804 0.450801
v -0.336083 -0.070805 0.453800
v -0.339065 -0.073821 0.453710
v -0.337474 -0.073812 0.500779
v -0.337401 -0.070812 0.497780
v -0.340383 -0.073828 0.497690
v -0.261660 -0.137397 0.453017
v -0.261733 -0.140397 0.456016
v -0.258751 -0.137381 0.456106
v -0.263157 -0.137405 0.502995
v -0.263051 -0.140405 0.499996
v -0.260069 -0.137388 0.500086
v -0.262011 -0.073398 0.453017
v -0.262118 -0.070399 0.456016
v -0.259103 -0.073382 0.456106
v -0.263509 -0.073406 0.502995
v -0.263435 -0.070406 0.499996
v -0.260420 -0.073389 0.500086
vt -0.403069 -0.272337
vt 0.403069 -0.272337
vt 0.403069 0.272337
vt -0.403069 0.272337
vt 0.403069 -0.272337
vt -0.403069 -0.272337
vt -0.403069 0.272337
vt 0.403069 0.272337
vt -0.403069 -0.304192
vt 0.403069 -0.304192
vt 0.403069 0.304192
vt -0.403069 0.304192
vt -0.403069 0.304192
vt 0.403069 0.304192
vt 0.403069 -0.304192
vt -0.403069 -0.304192
vt -0.304192 -0.272337
vt 0.304192 -0.272337
vt 0.304192 0.272337
vt -0.304192 0.272337
vt 0.304192 -0.272337
vt -0.304192 -0.272337
vt -0.304192 0.272337
vt 0.304192 0.272337
vt -0.403069 0.278337
vt 0.403069 0.278337
vt 0.403069 0.272337
vt -0.403069 0.272337
vt -0.403069 0.278337
vt 0.403069 0.278337
vt 0.403069 0.272337
vt -0.403069 0.272337
vt -0.403069 -0.278337
vt 0.403069 -0.278337
vt 0.403069 -0.272337
vt -0.403069 -0.272337
vt -0.403069 -0.278337
vt 0.403069 -0.278337
vt 0.403069 -0.272337
vt -0.403069 -0.272337
vt 0.409069 -0.272337
vt 0.409069 0.272337
vt 0.403069 0.272337
vt 0.403069 -0.272337
vt 0.409069 -0.272337
vt 0.409069 0.272337
vt 0.403069 0.272337
vt 0.403069 -0.272337
vt -0.409069 -0.272337
vt -0.409069 0.272337
vt -0.403069 0.272337
vt -0.403069 -0.272337
vt -0.409069 -0.272337
vt -0.409069 0.272337
vt -0.403069 0.272337
vt -0.403069 -0.272337
vt 0.409069 0.272337
vt 0.409069 0.272337
vt 0.403069 0.278337
vt 0.403069 0.278337
vt 0.409069 -0.272337
vt 0.409069 -0.272337
vt 0.403069 -0.278337
vt 0.403069 -0.278337
vt -0.409069 0.272337
vt -0.409069 0.272337
vt -0.403069 0.278337
vt -0.403069 0.278337
vt -0.409069 -0.272337
vt -0.409069 -0.272337
vt -0.403069 -0.278337
vt -0.403069 -0.278337
vt -0.403069 -0.272337
vt -0.403069 -0.278337
vt -0.409069 -0.272337
vt -0.403069 -0.272337
vt -0.403069 -0.278337
vt -0.409069 -0.272337
vt -0.403069 0.272337
vt -0.403069 0.278337
vt -0.409069 0.272337
vt -0.403069 0.272337
vt -0.403069 0.278337
vt -0.409069 0.272337
vt 0.403069 -0.272337
vt 0.403069 -0.278337
vt 0.409069 -0.272337
vt 0.403069 -0.272337
vt 0.403069 -0.278337
vt 0.409069 -0.272337
vt 0.403069 0.272337
vt 0.403069 0.278337
vt 0.409069 0.272337
vt 0.403069 0.272337
vt 0.403069 0.278337
vt 0.409069 0.272337
vt -0.311620 -0.007000
vt 0.311620 -0.007000
vt 0.311620 0.007000
vt -0.311620 0.007000
vt 0.311620 -0.007000
vt -0.311620 -0.007000
vt -0.311620 0.007000
vt 0.311620 0.007000
vt -0.311620 -0.008000
vt 0.311620 -0.008000
vt 0.311620 0.008000
vt -0.311620 0.008000
vt -0.311620 0.008000
vt 0.311620 0.008000
vt 0.311620 -0.008000
vt -0.311620 -0.008000
vt -0.008000 -0.007000
vt 0.008000 -0.007000
vt 0.008000 0.007000
vt -0.008000 0.007000
vt 0.008000 -0.007000
vt -0.008000 -0.007000
vt -0.008000 0.007000
vt 0.008000 0.007000
vt -0.311620 0.009000
vt 0.311620 0.009000
vt 0.311620 0.007000
vt -0.311620 0.007000
vt -0.311620 0.009000
vt 0.311620 0.009000
vt 0.311620 0.007000
vt -0.311620 0.007000
vt -0.311620 -0.009000
vt 0.311620 -0.009000
vt 0.311620 -0.007000
vt -0.311620 -0.007000
vt -0.311620 -0.009000
vt 0.311620 -0.009000
vt 0.311620 -0.007000
vt -0.311620 -0.007000
vt 0.313620 -0.007000
vt 0.313620 0.007000
vt 0.311620 0.007000
vt 0.311620 -0.007000
vt 0.313620 -0.007000
vt 0.313620 0.007000
vt 0.311620 0.007000
vt 0.311620 -0.007000
vt -0.313620 -0.007000
vt -0.313620 0.007000
vt -0.311620 0.007000
vt -0.311620 -0.007000
vt -0.313620 -0.007000
vt -0.313620 0.007000
vt -0.311620 0.007000
vt -0.311620 -0.007000
vt 0.313620 0.007000
vt 0.313620 0.007000
vt 0.311620 0.009000
vt 0.311620 0.009000
vt 0.313620 -0.007000
vt 0.313620 -0.007000
vt 0.311620 -0.009000
vt 0.311620 -0.009000
vt -0.313620 0.007000
vt -0.313620 0.007000
vt -0.311620 0.009000
vt -0.311620 0.009000
vt -0.313620 -0.007000
vt -0.313620 -0.007000
vt -0.311620 -0.009000
vt -0.311620 -0.009000
vt -0.311620 -0.007000
vt -0.311620 -0.009000
vt -0.313620 -0.007000
vt -0.311620 -0.007000
vt -0.311620 -0.009000
vt -0.313620 -0.007000
vt -0.311620 0.007000
vt -0.311620 0.009000
vt -0.313620 0.007000
vt -0.311620 0.007000
vt -0.311620 0.009000
vt -0.313620 0.007000
vt 0.311620 -0.007000
vt 0.311620 -0.009000
vt 0.313620 -0.007000
vt 0.311620 -0.007000
vt 0.311620 -0.009000
vt 0.313620 -0.007000
vt 0.311620 0.007000
vt 0.311620 0.009000
vt 0.313620 0.007000
vt 0.311620 0.007000
vt 0.311620 0.009000
vt 0.313620 0.007000
vt -0.311620 -0.007000
vt 0.311620 -0.007000
vt 0.311620 0.007000
vt -0.311620 0.007000
vt 0.311620 -0.007000
vt -0.311620 -0.007000
vt -0.311620 0.007000
vt 0.311620 0.007000
vt -0.311620 -0.008000
vt 0.311620 -0.008000
vt 0.311620 0.008000
vt -0.311620 0.008000
vt -0.311620 0.008000
vt 0.311620 0.008000
vt 0.311620 -0.008000
vt -0.311620 -0.008000
vt -0.008000 -0.007000
vt 0.008000 -0.007000
vt 0.008000 0.007000
vt -0.008000 0.007000
vt 0.008000 -0.007000
vt -0.008000 -0.007000
vt -0.008000 0.007000
vt 0.008000 0.007000
vt -0.311620 0.009000
vt 0.311620 0.009000
vt 0.311620 0.007000
vt -0.311620 0.007000
vt -0.311620 0.009000
vt 0.311620 0.009000
vt 0.311620 0.007000
vt -0.311620 0.007000
vt -0.311620 -0.009000
vt 0.311620 -0.009000
vt 0.311620 -0.007000
vt -0.311620 -0.007000
vt -0.311620 -0.009000
vt 0.311620 -0.009000
vt 0.311620 -0.007000
vt -0.311620 -0.007000
vt 0.313620 -0.007000
vt 0.313620 0.007000
vt 0.311620 0.007000
vt 0.311620 -0.007000
vt 0.313620 -0.007000
vt 0.313620 0.007000
vt 0.311620 0.007000
vt 0.311620 -0.007000
vt -0.313620 -0.007000
vt -0.313620 0.007000
vt -0.311620 0.007000
vt -0.311620 -0.007000
vt -0.313620 -0.007000
vt -0.313620 0.007000
vt -0.311620 0.007000
vt -0.311620 -0.007000
vt 0.313620 0.007000
vt 0.313620 0.007000
vt 0.311620 0.009000
vt 0.311620 0.009000
vt 0.313620 -0.007000
vt 0.313620 -0.007000
vt 0.311620 -0.009000
vt 0.311620 -0.009000
vt -0.313620 0.007000
vt -0.313620 0.007000
vt -0.311620 0.009000
vt -0.311620 0.009000
vt -0.313620 -0.007000
vt -0.313620 -0.007000
vt -0.311620 -0.009000
vt -0.311620 -0.009000
vt -0.311620 -0.007000
vt -0.311620 -0.009000
vt -0.313620 -0.007000
vt -0.311620 -0.007000
vt -0.311620 -0.009000
vt -0.313620 -0.007000
vt -0.311620 0.007000
vt -0.311620 0.009000
vt -0.313620 0.007000
vt -0.311620 0.007000
vt -0.311620 0.009000
vt -0.313620 0.007000
vt 0.311620 -0.007000
vt 0.311620 -0.009000
vt 0.313620 -0.007000
vt 0.311620 -0.007000
vt 0.311620 -0.009000
vt 0.313620 -0.007000
vt 0.311620 0.007000
vt 0.311620 0.009000
vt 0.313620 0.007000
vt 0.311620 0.007000
vt 0.311620 0.009000
vt 0.313620 0.007000
vt -0.007000 -0.180724
vt 0.007000 -0.180724
vt 0.007000 0.180724
vt -0.007000 0.180724
vt 0.007000 -0.180724
vt -0.007000 -0.180724
vt -0.007000 0.180724
vt 0.007000 0.180724
vt -0.007000 -0.008000
vt 0.007000 -0.008000
vt 0.007000 0.008000
vt -0.007000 0.008000
vt -0.007000 0.008000
vt 0.007000 0.008000
vt 0.007000 -0.008000
vt -0.007000 -0.008000
vt -0.008000 -0.180724
vt 0.008000 -0.180724
vt 0.008000 0.180724
vt -0.008000 0.180724
vt 0.008000 -0.180724
vt -0.008000 -0.180724
vt -0.008000 0.180724
vt 0.008000 0.180724
vt -0.007000 0.182724
vt 0.007000 0.182724
vt 0.007000 0.180724
vt -0.007000 0.180724
vt -0.007000 0.182724
vt 0.007000 0.182724
vt 0.007000 0.180724
vt -0.007000 0.180724
vt -0.007000 -0.182724
vt 0.007000 -0.182724
vt 0.007000 -0.180724
vt -0.007000 -0.180724
vt -0.007000 -0.182724
vt 0.007000 -0.182724
vt 0.007000 -0.180724
vt -0.007000 -0.180724
vt 0.009000 -0.180724
vt 0.009000 0.180724
vt 0.007000 0.180724
vt 0.007000 -0.180724
vt 0.009000 -0.180724
vt 0.009000 0.180724
vt 0.007000 0.180724
vt 0.007000 -0.180724
vt -0.009000 -0.180724
vt -0.009000 0.180724
vt -0.007000 0.180724
vt -0.007000 -0.180724
vt -0.009000 -0.180724
vt -0.009000 0.180724
vt -0.007000 0.180724
vt -0.007000 -0.180724
vt 0.009000 0.180724
vt 0.009000 0.180724
vt 0.007000 0.182724
vt 0.007000 0.182724
vt 0.009000 -0.180724
vt 0.009000 -0.180724
vt 0.007000 -0.182724
vt 0.007000 -0.182724
vt -0.009000 0.180724
vt -0.009000 0.180724
vt -0.007000 0.182724
vt -0.007000 0.182724
vt -0.009000 -0.180724
vt -0.009000 -0.180724
vt -0.007000 -0.182724
vt -0.007000 -0.182724
vt -0.007000 -0.180724
vt -0.007000 -0.182724
vt -0.009000 -0.180724
vt -0.007000 -0.180724
vt -0.007000 -0.182724
vt -0.009000 -0.180724
vt -0.007000 0.180724
vt -0.007000 0.182724
vt -0.009000 0.180724
vt -0.007000 0.180724
vt -0.007000 0.182724
vt -0.009000 0.180724
vt 0.007000 -0.180724
vt 0.007000 -0.182724
vt 0.009000 -0.180724
vt 0.007000 -0.180724
vt 0.007000 -0.182724
vt 0.009000 -0.180724
vt 0.007000 0.180724
vt 0.007000 0.182724
vt 0.009000 0.180724
vt 0.007000 0.180724
vt 0.007000 0.182724
vt 0.009000 0.180724
vt -0.007000 -0.180724
vt 0.007000 -0.180724
vt 0.007000 0.180724
vt -0.007000 0.180724
vt 0.007000 -0.180724
vt -0.007000 -0.180724
vt -0.007000 0.180724
vt 0.007000 0.180724
vt -0.007000 -0.008000
vt 0.007000 -0.008000
vt 0.007000 0.008000
vt -0.007000 0.008000
vt -0.007000 0.008000
vt 0.007000 0.008000
vt 0.007000 -0.008000
vt -0.007000 -0.008000
vt -0.008000 -0.180724
vt 0.008000 -0.180724
vt 0.008000 0.180724
vt -0.008000 0.180724
vt 0.008000 -0.180724
vt -0.008000 -0.180724
vt -0.008000 0.180724
vt 0.008000 0.180724
vt -0.007000 0.182724
vt 0.007000 0.182724
vt 0.007000 0.180724
vt -0.007000 0.180724
vt -0.007000 0.182724
vt 0.007000 0.182724
vt 0.007000 0.180724
vt -0.007000 0.180724
vt -0.007000 -0.182724
vt 0.007000 -0.182724
vt 0.007000 -0.180724
vt -0.007000 -0.180724
vt -0.007000 -0.182724
vt 0.007000 -0.182724
vt 0.007000 -0.180724
vt -0.007000 -0.180724
vt 0.009000 -0.180724
vt 0.009000 0.180724
vt 0.007000 0.180724
vt 0.007000 -0.180724
vt 0.009000 -0.180724
vt 0.009000 0.180724
vt 0.007000 0.180724
vt 0.007000 -0.180724
vt -0.009000 -0.180724
vt -0.009000 0.180724
vt -0.007000 0.180724
vt -0.007000 -0.180724
vt -0.009000 -0.180724
vt -0.009000 0.180724
vt -0.007000 0.180724
vt -0.007000 -0.180724
vt 0.009000 0.180724
vt 0.009000 0.180724
vt 0.007000 0.182724
vt 0.007000 0.182724
vt 0.009000 -0.180724
vt 0.009000 -0.180724
vt 0.007000 -0.182724
vt 0.007000 -0.182724
vt -0.009000 0.180724
vt -0.009000 0.180724
vt -0.007000 0.182724
vt -0.007000 0.182724
vt -0.009000 -0.180724
vt -0.009000 -0.180724
vt -0.007000 -0.182724
vt -0.007000 -0.182724
vt -0.007000 -0.180724
vt -0.007000 -0.182724
vt -0.009000 -0.180724
vt -0.007000 -0.180724
vt -0.007000 -0.182724
vt -0.009000 -0.180724
vt -0.007000 0.180724
vt -0.007000 0.182724
vt -0.009000 0.180724
vt -0.007000 0.180724
vt -0.007000 0.182724
vt -0.009000 0.180724
vt 0.007000 -0.180724
vt 0.007000 -0.182724
vt 0.009000 -0.180724
vt 0.007000 -0.180724
vt 0.007000 -0.182724
vt 0.009000 -0.180724
vt 0.007000 0.180724
vt 0.007000 0.182724
vt 0.009000 0.180724
vt 0.007000 0.180724
vt 0.007000 0.182724
vt 0.009000 0.180724
vt -0.258577 -0.152570
vt 0.258577 -0.152570
vt 0.258577 0.152570
vt -0.258577 0.152570
vt 0.258577 -0.152570
vt -0.258577 -0.152570
vt -0.258577 0.152570
vt 0.258577 0.152570
vt -0.258577 -0.018000
vt 0.258577 -0.018000
vt 0.258577 0.018000
vt -0.258577 0.018000
vt -0.258577 0.018000
vt 0.258577 0.018000
vt 0.258577 -0.018000
vt -0.258577 -0.018000
vt -0.018000 -0.152570
vt 0.018000 -0.152570
vt 0.018000 0.152570
vt -0.018000 0.152570
vt 0.018000 -0.152570
vt -0.018000 -0.152570
vt -0.018000 0.152570
vt 0.018000 0.152570
vt -0.258577 0.154570
vt 0.258577 0.154570
vt 0.258577 0.152570
vt -0.258577 0.152570
vt -0.258577 0.154570
vt 0.258577 0.154570
vt 0.258577 0.152570
vt -0.258577 0.152570
vt -0.258577 -0.154570
vt 0.258577 -0.154570
vt 0.258577 -0.152570
vt -0.258577 -0.152570
vt -0.258577 -0.154570
vt 0.258577 -0.154570
vt 0.258577 -0.152570
vt -0.258577 -0.152570
vt 0.260577 -0.152570
vt 0.260577 0.152570
vt 0.258577 0.152570
vt 0.258577 -0.152570
vt 0.260577 -0.152570
vt 0.260577 0.152570
vt 0.258577 0.152570
vt 0.258577 -0.152570
vt -0.260577 -0.152570
vt -0.260577 0.152570
vt -0.258577 0.152570
vt -0.258577 -0.152570
vt -0.260577 -0.152570
vt -0.260577 0.152570
vt -0.258577 0.152570
vt -0.258577 -0.152570
vt 0.260577 0.152570
vt 0.260577 0.152570
vt 0.258577 0.154570
vt 0.258577 0.154570
vt 0.260577 -0.152570
vt 0.260577 -0.152570
vt 0.258577 -0.154570
vt 0.258577 -0.154570
vt -0.260577 0.152570
vt -0.260577 0.152570
vt -0.258577 0.154570
vt -0.258577 0.154570
vt -0.260577 -0.152570
vt -0.260577 -0.152570
vt -0.258577 -0.154570
vt -0.258577 -0.154570
vt -0.258577 -0.152570
vt -0.258577 -0.154570
vt -0.260577 -0.152570
vt -0.258577 -0.152570
vt -0.258577 -0.154570
vt -0.260577 -0.152570
vt -0.258577 0.152570
vt -0.258577 0.154570
vt -0.260577 0.152570
vt -0.258577 0.152570
vt -0.258577 0.154570
vt -0.260577 0.152570
vt 0.258577 -0.152570
vt 0.258577 -0.154570
vt 0.260577 -0.152570
vt 0.258577 -0.152570
vt 0.258577 -0.154570
vt 0.260577 -0.152570
vt 0.258577 0.152570
vt 0.258577 0.154570
vt 0.260577 0.152570
vt 0.258577 0.152570
vt 0.258577 0.154570
vt 0.260577 0.152570
vt -0.248941 -0.004500
vt 0.248941 -0.004500
vt 0.248941 0.004500
vt -0.248941 0.004500
vt 0.248941 -0.004500
vt -0.248941 -0.004500
vt -0.248941 0.004500
vt 0.248941 0.004500
vt -0.248941 -0.015000
vt 0.248941 -0.015000
vt 0.248941 0.015000
vt -0.248941 0.015000
vt -0.248941 0.015000
vt 0.248941 0.015000
vt 0.248941 -0.015000
vt -0.248941 -0.015000
vt -0.015000 -0.004500
vt 0.015000 -0.004500
vt 0.015000 0.004500
vt -0.015000 0.004500
vt 0.015000 -0.004500
vt -0.015000 -0.004500
vt -0.015000 0.004500
vt 0.015000 0.004500
vt -0.248941 0.005500
vt 0.248941 0.005500
vt 0.248941 0.004500
vt -0.248941 0.004500
vt -0.248941 0.005500
vt 0.248941 0.005500
vt 0.248941 0.004500
vt -0.248941 0.004500
vt -0.248941 -0.005500
vt 0.248941 -0.005500
vt 0.248941 -0.004500
vt -0.248941 -0.004500
vt -0.248941 -0.005500
vt 0.248941 -0.005500
vt 0.248941 -0.004500
vt -0.248941 -0.004500
vt 0.249941 -0.004500
vt 0.249941 0.004500
vt 0.248941 0.004500
vt 0.248941 -0.004500
vt 0.249941 -0.004500
vt 0.249941 0.004500
vt 0.248941 0.004500
vt 0.248941 -0.004500
vt -0.249941 -0.004500
vt -0.249941 0.004500
vt -0.248941 0.004500
vt -0.248941 -0.004500
vt -0.249941 -0.004500
vt -0.249941 0.004500
vt -0.248941 0.004500
vt -0.248941 -0.004500
vt 0.249941 0.004500
vt 0.249941 0.004500
vt 0.248941 0.005500
vt 0.248941 0.005500
vt 0.249941 -0.004500
vt 0.249941 -0.004500
vt 0.248941 -0.005500
vt 0.248941 -0.005500
vt -0.249941 0.004500
vt -0.249941 0.004500
vt -0.248941 0.005500
vt -0.248941 0.005500
vt -0.249941 -0.004500
vt -0.249941 -0.004500
vt -0.248941 -0.005500
vt -0.248941 -0.005500
vt -0.248941 -0.004500
vt -0.248941 -0.005500
vt -0.249941 -0.004500
vt -0.248941 -0.004500
vt -0.248941 -0.005500
vt -0.249941 -0.004500
vt -0.248941 0.004500
vt -0.248941 0.005500
vt -0.249941 0.004500
vt -0.248941 0.004500
vt -0.248941 0.005500
vt -0.249941 0.004500
vt 0.248941 -0.004500
vt 0.248941 -0.005500
vt 0.249941 -0.004500
vt 0.248941 -0.004500
vt 0.248941 -0.005500
vt 0.249941 -0.004500
vt 0.248941 0.004500
vt 0.248941 0.005500
vt 0.249941 0.004500
vt 0.248941 0.004500
vt 0.248941 0.005500
vt 0.249941 0.004500
vt -0.248941 -0.004500
vt 0.248941 -0.004500
vt 0.248941 0.004500
vt -0.248941 0.004500
vt 0.248941 -0.004500
vt -0.248941 -0.004500
vt -0.248941 0.004500
vt 0.248941 0.004500
vt -0.248941 -0.015000
vt 0.248941 -0.015000
vt 0.248941 0.015000
vt -0.248941 0.015000
vt -0.248941 0.015000
vt 0.248941 0.015000
vt 0.248941 -0.015000
vt -0.248941 -0.015000
vt -0.015000 -0.004500
vt 0.015000 -0.004500
vt 0.015000 0.004500
vt -0.015000 0.004500
vt 0.015000 -0.004500
vt -0.015000 -0.004500
vt -0.015000 0.004500
vt 0.015000 0.004500
vt -0.248941 0.005500
vt 0.248941 0.005500
vt 0.248941 0.004500
vt -0.248941 0.004500
vt -0.248941 0.005500
vt 0.248941 0.005500
vt 0.248941 0.004500
vt -0.248941 0.004500
vt -0.248941 -0.005500
vt 0.248941 -0.005500
vt 0.248941 -0.004500
vt -0.248941 -0.004500
vt -0.248941 -0.005500
vt 0.248941 -0.005500
vt 0.248941 -0.004500
vt -0.248941 -0.004500
vt 0.249941 -0.004500
vt 0.249941 0.004500
vt 0.248941 0.004500
vt 0.248941 -0.004500
vt 0.249941 -0.004500
vt 0.249941 0.004500
vt 0.248941 0.004500
vt 0.248941 -0.004500
vt -0.249941 -0.004500
vt -0.249941 0.004500
vt -0.248941 0.004500
vt -0.248941 -0.004500
vt -0.249941 -0.004500
vt -0.249941 0.004500
vt -0.248941 0.004500
vt -0.248941 -0.004500
vt 0.249941 0.004500
vt 0.249941 0.004500
vt 0.248941 0.005500
vt 0.248941 0.005500
vt 0.249941 -0.004500
vt 0.249941 -0.004500
vt 0.248941 -0.005500
vt 0.248941 -0.005500
vt -0.249941 0.004500
vt -0.249941 0.004500
vt -0.248941 0.005500
vt -0.248941 0.005500
vt -0.249941 -0.004500
vt -0.249941 -0.004500
vt -0.248941 -0.005500
vt -0.248941 -0.005500
vt -0.248941 -0.004500
vt -0.248941 -0.005500
vt -0.249941 -0.004500
vt -0.248941 -0.004500
vt -0.248941 -0.005500
vt -0.249941 -0.004500
vt -0.248941 0.004500
vt -0.248941 0.005500
vt -0.249941 0.004500
vt -0.248941 0.004500
vt -0.248941 0.005500
vt -0.249941 0.004500
vt 0.248941 -0.004500
vt 0.248941 -0.005500
vt 0.249941 -0.004500
vt 0.248941 -0.004500
vt 0.248941 -0.005500
vt 0.249941 -0.004500
vt 0.248941 0.004500
vt 0.248941 0.005500
vt 0.249941 0.004500
vt 0.248941 0.004500
vt 0.248941 0.005500
vt 0.249941 0.004500
vt -0.248941 -0.004500
vt 0.248941 -0.004500
vt 0.248941 0.004500
vt -0.248941 0.004500
vt 0.248941 -0.004500
vt -0.248941 -0.004500
vt -0.248941 0.004500
vt 0.248941 0.004500
vt -0.248941 -0.015000
vt 0.248941 -0.015000
vt 0.248941 0.015000
vt -0.248941 0.015000
vt -0.248941 0.015000
vt 0.248941 0.015000
vt 0.248941 -0.015000
vt -0.248941 -0.015000
vt -0.015000 -0.004500
vt 0.015000 -0.004500
vt 0.015000 0.004500
vt -0.015000 0.004500
vt 0.015000 -0.004500
vt -0.015000 -0.004500
vt -0.015000 0.004500
vt 0.015000 0.004500
vt -0.248941 0.005500
vt 0.248941 0.005500
vt 0.248941 0.004500
vt -0.248941 0.004500
vt -0.248941 0.005500
vt 0.248941 0.005500
vt 0.248941 0.004500
vt -0.248941 0.004500
vt -0.248941 -0.005500
vt 0.248941 -0.005500
vt 0.248941 -0.004500
vt -0.248941 -0.004500
vt -0.248941 -0.005500
vt 0.248941 -0.005500
vt 0.248941 -0.004500
vt -0.248941 -0.004500
vt 0.249941 -0.004500
vt 0.249941 0.004500
vt 0.248941 0.004500
vt 0.248941 -0.004500
vt 0.249941 -0.004500
vt 0.249941 0.004500
vt 0.248941 0.004500
vt 0.248941 -0.004500
vt -0.249941 -0.004500
vt -0.249941 0.004500
vt -0.248941 0.004500
vt -0.248941 -0.004500
vt -0.249941 -0.004500
vt -0.249941 0.004500
vt -0.248941 0.004500
vt -0.248941 -0.004500
vt 0.249941 0.004500
vt 0.249941 0.004500
vt 0.248941 0.005500
vt 0.248941 0.005500
vt 0.249941 -0.004500
vt 0.249941 -0.004500
vt 0.248941 -0.005500
vt 0.248941 -0.005500
vt -0.249941 0.004500
vt -0.249941 0.004500
vt -0.248941 0.005500
vt -0.248941 0.005500
vt -0.249941 -0.004500
vt -0.249941 -0.004500
vt -0.248941 -0.005500
vt -0.248941 -0.005500
vt -0.248941 -0.004500
vt -0.248941 -0.005500
vt -0.249941 -0.004500
vt -0.248941 -0.004500
vt -0.248941 -0.005500
vt -0.249941 -0.004500
vt -0.248941 0.004500
vt -0.248941 0.005500
vt -0.249941 0.004500
vt -0.248941 0.004500
vt -0.248941 0.005500
vt -0.249941 0.004500
vt 0.248941 -0.004500
vt 0.248941 -0.005500
vt 0.249941 -0.004500
vt 0.248941 -0.004500
vt 0.248941 -0.005500
vt 0.249941 -0.004500
vt 0.248941 0.004500
vt 0.248941 0.005500
vt 0.249941 0.004500
vt 0.248941 0.004500
vt 0.248941 0.005500
vt 0.249941 0.004500
vt -0.248941 -0.004500
vt 0.248941 -0.004500
vt 0.248941 0.004500
vt -0.248941 0.004500
vt 0.248941 -0.004500
vt -0.248941 -0.004500
vt -0.248941 0.004500
vt 0.248941 0.004500
vt -0.248941 -0.015000
vt 0.248941 -0.015000
vt 0.248941 0.015000
vt -0.248941 0.015000
vt -0.248941 0.015000
vt 0.248941 0.015000
vt 0.248941 -0.015000
vt -0.248941 -0.015000
vt -0.015000 -0.004500
vt 0.015000 -0.004500
vt 0.015000 0.004500
vt -0.015000 0.004500
vt 0.015000 -0.004500
vt -0.015000 -0.004500
vt -0.015000 0.004500
vt 0.015000 0.004500
vt -0.248941 0.005500
vt 0.248941 0.005500
vt 0.248941 0.004500
vt -0.248941 0.004500
vt -0.248941 0.005500
vt 0.248941 0.005500
vt 0.248941 0.004500
vt -0.248941 0.004500
vt -0.248941 -0.005500
vt 0.248941 -0.005500
vt 0.248941 -0.004500
vt -0.248941 -0.004500
vt -0.248941 -0.005500
vt 0.248941 -0.005500
vt 0.248941 -0.004500
vt -0.248941 -0.004500
vt 0.249941 -0.004500
vt 0.249941 0.004500
vt 0.248941 0.004500
vt 0.248941 -0.004500
vt 0.249941 -0.004500
vt 0.249941 0.004500
vt 0.248941 0.004500
vt 0.248941 -0.004500
vt -0.249941 -0.004500
vt -0.249941 0.004500
vt -0.248941 0.004500
vt -0.248941 -0.004500
vt -0.249941 -0.004500
vt -0.249941 0.004500
vt -0.248941 0.004500
vt -0.248941 -0.004500
vt 0.249941 0.004500
vt 0.249941 0.004500
vt 0.248941 0.005500
vt 0.248941 0.005500
vt 0.249941 -0.004500
vt 0.249941 -0.004500
vt 0.248941 -0.005500
vt 0.248941 -0.005500
vt -0.249941 0.004500
vt -0.249941 0.004500
vt -0.248941 0.005500
vt -0.248941 0.005500
vt -0.249941 -0.004500
vt -0.249941 -0.004500
vt -0.248941 -0.005500
vt -0.248941 -0.005500
vt -0.248941 -0.004500
vt -0.248941 -0.005500
vt -0.249941 -0.004500
vt -0.248941 -0.004500
vt -0.248941 -0.005500
vt -0.249941 -0.004500
vt -0.248941 0.004500
vt -0.248941 0.005500
vt -0.249941 0.004500
vt -0.248941 0.004500
vt -0.248941 0.005500
vt -0.249941 0.004500
vt 0.248941 -0.004500
vt 0.248941 -0.005500
vt 0.249941 -0.004500
vt 0.248941 -0.004500
vt 0.248941 -0.005500
vt 0.249941 -0.004500
vt 0.248941 0.004500
vt 0.248941 0.005500
vt 0.249941 0.004500
vt 0.248941 0.004500
vt 0.248941 0.005500
vt 0.249941 0.004500
vt -0.248941 -0.004500
vt 0.248941 -0.004500
vt 0.248941 0.004500
vt -0.248941 0.004500
vt 0.248941 -0.004500
vt -0.248941 -0.004500
vt -0.248941 0.004500
vt 0.248941 0.004500
vt -0.248941 -0.015000
vt 0.248941 -0.015000
vt 0.248941 0.015000
vt -0.248941 0.015000
vt -0.248941 0.015000
vt 0.248941 0.015000
vt 0.248941 -0.015000
vt -0.248941 -0.015000
vt -0.015000 -0.004500
vt 0.015000 -0.004500
vt 0.015000 0.004500
vt -0.015000 0.004500
vt 0.015000 -0.004500
vt -0.015000 -0.004500
vt -0.015000 0.004500
vt 0.015000 0.004500
vt -0.248941 0.005500
vt 0.248941 0.005500
vt 0.248941 0.004500
vt -0.248941 0.004500
vt -0.248941 0.005500
vt 0.248941 0.005500
vt 0.248941 0.004500
vt -0.248941 0.004500
vt -0.248941 -0.005500
vt 0.248941 -0.005500
vt 0.248941 -0.004500
vt -0.248941 -0.004500
vt -0.248941 -0.005500
vt 0.248941 -0.005500
vt 0.248941 -0.004500
vt -0.248941 -0.004500
vt 0.249941 -0.004500
vt 0.249941 0.004500
vt 0.248941 0.004500
vt 0.248941 -0.004500
vt 0.249941 -0.004500
vt 0.249941 0.004500
vt 0.248941 0.004500
vt 0.248941 -0.004500
vt -0.249941 -0.004500
vt -0.249941 0.004500
vt -0.248941 0.004500
vt -0.248941 -0.004500
vt -0.249941 -0.004500
vt -0.249941 0.004500
vt -0.248941 0.004500
vt -0.248941 -0.004500
vt 0.249941 0.004500
vt 0.249941 0.004500
vt 0.248941 0.005500
vt 0.248941 0.005500
vt 0.249941 -0.004500
vt 0.249941 -0.004500
vt 0.248941 -0.005500
vt 0.248941 -0.005500
vt -0.249941 0.004500
vt -0.249941 0.004500
vt -0.248941 0.005500
vt -0.248941 0.005500
vt -0.249941 -0.004500
vt -0.249941 -0.004500
vt -0.248941 -0.005500
vt -0.248941 -0.005500
vt -0.248941 -0.004500
vt -0.248941 -0.005500
vt -0.249941 -0.004500
vt -0.248941 -0.004500
vt -0.248941 -0.005500
vt -0.249941 -0.004500
vt -0.248941 0.004500
vt -0.248941 0.005500
vt -0.249941 0.004500
vt -0.248941 0.004500
vt -0.248941 0.005500
vt -0.249941 0.004500
vt 0.248941 -0.004500
vt 0.248941 -0.005500
vt 0.249941 -0.004500
vt 0.248941 -0.004500
vt 0.248941 -0.005500
vt 0.249941 -0.004500
vt 0.248941 0.004500
vt 0.248941 0.005500
vt 0.249941 0.004500
vt 0.248941 0.004500
vt 0.248941 0.005500
vt 0.249941 0.004500
vt -0.248941 -0.004500
vt 0.248941 -0.004500
vt 0.248941 0.004500
vt -0.248941 0.004500
vt 0.248941 -0.004500
vt -0.248941 -0.004500
vt -0.248941 0.004500
vt 0.248941 0.004500
vt -0.248941 -0.015000
vt 0.248941 -0.015000
vt 0.248941 0.015000
vt -0.248941 0.015000
vt -0.248941 0.015000
vt 0.248941 0.015000
vt 0.248941 -0.015000
vt -0.248941 -0.015000
vt -0.015000 -0.004500
vt 0.015000 -0.004500
vt 0.015000 0.004500
vt -0.015000 0.004500
vt 0.015000 -0.004500
vt -0.015000 -0.004500
vt -0.015000 0.004500
vt 0.015000 0.004500
vt -0.248941 0.005500
vt 0.248941 0.005500
vt 0.248941 0.004500
vt -0.248941 0.004500
vt -0.248941 0.005500
vt 0.248941 0.005500
vt 0.248941 0.004500
vt -0.248941 0.004500
vt -0.248941 -0.005500
vt 0.248941 -0.005500
vt 0.248941 -0.004500
vt -0.248941 -0.004500
vt -0.248941 -0.005500
vt 0.248941 -0.005500
vt 0.248941 -0.004500
vt -0.248941 -0.004500
vt 0.249941 -0.004500
vt 0.249941 0.004500
vt 0.248941 0.004500
vt 0.248941 -0.004500
vt 0.249941 -0.004500
vt 0.249941 0.004500
vt 0.248941 0.004500
vt 0.248941 -0.004500
vt -0.249941 -0.004500
vt -0.249941 0.004500
vt -0.248941 0.004500
vt -0.248941 -0.004500
vt -0.249941 -0.004500
vt -0.249941 0.004500
vt -0.248941 0.004500
vt -0.248941 -0.004500
vt 0.249941 0.004500
vt 0.249941 0.004500
vt 0.248941 0.005500
vt 0.248941 0.005500
vt 0.249941 -0.004500
vt 0.249941 -0.004500
vt 0.248941 -0.005500
vt 0.248941 -0.005500
vt -0.249941 0.004500
vt -0.249941 0.004500
vt -0.248941 0.005500
vt -0.248941 0.005500
vt -0.249941 -0.004500
vt -0.249941 -0.004500
vt -0.248941 -0.005500
vt -0.248941 -0.005500
vt -0.248941 -0.004500
vt -0.248941 -0.005500
vt -0.249941 -0.004500
vt -0.248941 -0.004500
vt -0.248941 -0.005500
vt -0.249941 -0.004500
vt -0.248941 0.004500
vt -0.248941 0.005500
vt -0.249941 0.004500
vt -0.248941 0.004500
vt -0.248941 0.005500
vt -0.249941 0.004500
vt 0.248941 -0.004500
vt 0.248941 -0.005500
vt 0.249941 -0.004500
vt 0.248941 -0.004500
vt 0.248941 -0.005500
vt 0.249941 -0.004500
vt 0.248941 0.004500
vt 0.248941 0.005500
vt 0.249941 0.004500
vt 0.248941 0.004500
vt 0.248941 0.005500
vt 0.249941 0.004500
vt -0.248941 -0.004500
vt 0.248941 -0.004500
vt 0.248941 0.004500
vt -0.248941 0.004500
vt 0.248941 -0.004500
vt -0.248941 -0.004500
vt -0.248941 0.004500
vt 0.248941 0.004500
vt -0.248941 -0.015000
vt 0.248941 -0.015000
vt 0.248941 0.015000
vt -0.248941 0.015000
vt -0.248941 0.015000
vt 0.248941 0.015000
vt 0.248941 -0.015000
vt -0.248941 -0.015000
vt -0.015000 -0.004500
vt 0.015000 -0.004500
vt 0.015000 0.004500
vt -0.015000 0.004500
vt 0.015000 -0.004500
vt -0.015000 -0.004500
vt -0.015000 0.004500
vt 0.015000 0.004500
vt -0.248941 0.005500
vt 0.248941 0.005500
vt 0.248941 0.004500
vt -0.248941 0.004500
vt -0.248941 0.005500
vt 0.248941 0.005500
vt 0.248941 0.004500
vt -0.248941 0.004500
vt -0.248941 -0.005500
vt 0.248941 -0.005500
vt 0.248941 -0.004500
vt -0.248941 -0.004500
vt -0.248941 -0.005500
vt 0.248941 -0.005500
vt 0.248941 -0.004500
vt -0.248941 -0.004500
vt 0.249941 -0.004500
vt 0.249941 0.004500
vt 0.248941 0.004500
vt 0.248941 -0.004500
vt 0.249941 -0.004500
vt 0.249941 0.004500
vt 0.248941 0.004500
vt 0.248941 -0.004500
vt -0.249941 -0.004500
vt -0.249941 0.004500
vt -0.248941 0.004500
vt -0.248941 -0.004500
vt -0.249941 -0.004500
vt -0.249941 0.004500
vt -0.248941 0.004500
vt -0.248941 -0.004500
vt 0.249941 0.004500
vt 0.249941 0.004500
vt 0.248941 0.005500
vt 0.248941 0.005500
vt 0.249941 -0.004500
vt 0.249941 -0.004500
vt 0.248941 -0.005500
vt 0.248941 -0.005500
vt -0.249941 0.004500
vt -0.249941 0.004500
vt -0.248941 0.005500
vt -0.248941 0.005500
vt -0.249941 -0.004500
vt -0.249941 -0.004500
vt -0.248941 -0.005500
vt -0.248941 -0.005500
vt -0.248941 -0.004500
vt -0.248941 -0.005500
vt -0.249941 -0.004500
vt -0.248941 -0.004500
vt -0.248941 -0.005500
vt -0.249941 -0.004500
vt -0.248941 0.004500
vt -0.248941 0.005500
vt -0.249941 0.004500
vt -0.248941 0.004500
vt -0.248941 0.005500
vt -0.249941 0.004500
vt 0.248941 -0.004500
vt 0.248941 -0.005500
vt 0.249941 -0.004500
vt 0.248941 -0.004500
vt 0.248941 -0.005500
vt 0.249941 -0.004500
vt 0.248941 0.004500
vt 0.248941 0.005500
vt 0.249941 0.004500
vt 0.248941 0.004500
vt 0.248941 0.005500
vt 0.249941 0.004500
vt -0.248941 -0.004500
vt 0.248941 -0.004500
vt 0.248941 0.004500
vt -0.248941 0.004500
vt 0.248941 -0.004500
vt -0.248941 -0.004500
vt -0.248941 0.004500
vt 0.248941 0.004500
vt -0.248941 -0.015000
vt 0.248941 -0.015000
vt 0.248941 0.015000
vt -0.248941 0.015000
vt -0.248941 0.015000
vt 0.248941 0.015000
vt 0.248941 -0.015000
vt -0.248941 -0.015000
vt -0.015000 -0.004500
vt 0.015000 -0.004500
vt 0.015000 0.004500
vt -0.015000 0.004500
vt 0.015000 -0.004500
vt -0.015000 -0.004500
vt -0.015000 0.004500
vt 0.015000 0.004500
vt -0.248941 0.005500
vt 0.248941 0.005500
vt 0.248941 0.004500
vt -0.248941 0.004500
vt -0.248941 0.005500
vt 0.248941 0.005500
vt 0.248941 0.004500
vt -0.248941 0.004500
vt -0.248941 -0.005500
vt 0.248941 -0.005500
vt 0.248941 -0.004500
vt -0.248941 -0.004500
vt -0.248941 -0.005500
vt 0.248941 -0.005500
vt 0.248941 -0.004500
vt -0.248941 -0.004500
vt 0.249941 -0.004500
vt 0.249941 0.004500
vt 0.248941 0.004500
vt 0.248941 -0.004500
vt 0.249941 -0.004500
vt 0.249941 0.004500
vt 0.248941 0.004500
vt 0.248941 -0.004500
vt -0.249941 -0.004500
vt -0.249941 0.004500
vt -0.248941 0.004500
vt -0.248941 -0.004500
vt -0.249941 -0.004500
vt -0.249941 0.004500
vt -0.248941 0.004500
vt -0.248941 -0.004500
vt 0.249941 0.004500
vt 0.249941 0.004500
vt 0.248941 0.005500
vt 0.248941 0.005500
vt 0.249941 -0.004500
vt 0.249941 -0.004500
vt 0.248941 -0.005500
vt 0.248941 -0.005500
vt -0.249941 0.004500
vt -0.249941 0.004500
vt -0.248941 0.005500
vt -0.248941 0.005500
vt -0.249941 -0.004500
vt -0.249941 -0.004500
vt -0.248941 -0.005500
vt -0.248941 -0.005500
vt -0.248941 -0.004500
vt -0.248941 -0.005500
vt -0.249941 -0.004500
vt -0.248941 -0.004500
vt -0.248941 -0.005500
vt -0.249941 -0.004500
vt -0.248941 0.004500
vt -0.248941 0.005500
vt -0.249941 0.004500
vt -0.248941 0.004500
vt -0.248941 0.005500
vt -0.249941 0.004500
vt 0.248941 -0.004500
vt 0.248941 -0.005500
vt 0.249941 -0.004500
vt 0.248941 -0.004500
vt 0.248941 -0.005500
vt 0.249941 -0.004500
vt 0.248941 0.004500
vt 0.248941 0.005500
vt 0.249941 0.004500
vt 0.248941 0.004500
vt 0.248941 0.005500
vt 0.249941 0.004500
vt -0.248941 -0.004500
vt 0.248941 -0.004500
vt 0.248941 0.004500
vt -0.248941 0.004500
vt 0.248941 -0.004500
vt -0.248941 -0.004500
vt -0.248941 0.004500
vt 0.248941 0.004500
vt -0.248941 -0.015000
vt 0.248941 -0.015000
vt 0.248941 0.015000
vt -0.248941 0.015000
vt -0.248941 0.015000
vt 0.248941 0.015000
vt 0.248941 -0.015000
vt -0.248941 -0.015000
vt -0.015000 -0.004500
vt 0.015000 -0.004500
vt 0.015000 0.004500
vt -0.015000 0.004500
vt 0.015000 -0.004500
vt -0.015000 -0.004500
vt -0.015000 0.004500
vt 0.015000 0.004500
vt -0.248941 0.005500
vt 0.248941 0.005500
vt 0.248941 0.004500
vt -0.248941 0.004500
vt -0.248941 0.005500
vt 0.248941 0.005500
vt 0.248941 0.004500
vt -0.248941 0.004500
vt -0.248941 -0.005500
vt 0.248941 -0.005500
vt 0.248941 -0.004500
vt -0.248941 -0.004500
vt -0.248941 -0.005500
vt 0.248941 -0.005500
vt 0.248941 -0.004500
vt -0.248941 -0.004500
vt 0.249941 -0.004500
vt 0.249941 0.004500
vt 0.248941 0.004500
vt 0.248941 -0.004500
vt 0.249941 -0.004500
vt 0.249941 0.004500
vt 0.248941 0.004500
vt 0.248941 -0.004500
vt -0.249941 -0.004500
vt -0.249941 0.004500
vt -0.248941 0.004500
vt -0.248941 -0.004500
vt -0.249941 -0.004500
vt -0.249941 0.004500
vt -0.248941 0.004500
vt -0.248941 -0.004500
vt 0.249941 0.004500
vt 0.249941 0.004500
vt 0.248941 0.005500
vt 0.248941 0.005500
vt 0.249941 -0.004500
vt 0.249941 -0.004500
vt 0.248941 -0.005500
vt 0.248941 -0.005500
vt -0.249941 0.004500
vt -0.249941 0.004500
vt -0.248941 0.005500
vt -0.248941 0.005500
vt -0.249941 -0.004500
vt -0.249941 -0.004500
vt -0.248941 -0.005500
vt -0.248941 -0.005500
vt -0.248941 -0.004500
vt -0.248941 -0.005500
vt -0.249941 -0.004500
vt -0.248941 -0.004500
vt -0.248941 -0.005500
vt -0.249941 -0.004500
vt -0.248941 0.004500
vt -0.248941 0.005500
vt -0.249941 0.004500
vt -0.248941 0.004500
vt -0.248941 0.005500
vt -0.249941 0.004500
vt 0.248941 -0.004500
vt 0.248941 -0.005500
vt 0.249941 -0.004500
vt 0.248941 -0.004500
vt 0.248941 -0.005500
vt 0.249941 -0.004500
vt 0.248941 0.004500
vt 0.248941 0.005500
vt 0.249941 0.004500
vt 0.248941 0.004500
vt 0.248941 0.005500
vt 0.249941 0.004500
vt -0.248941 -0.004500
vt 0.248941 -0.004500
vt 0.248941 0.004500
vt -0.248941 0.004500
vt 0.248941 -0.004500
vt -0.248941 -0.004500
vt -0.248941 0.004500
vt 0.248941 0.004500
vt -0.248941 -0.015000
vt 0.248941 -0.015000
vt 0.248941 0.015000
vt -0.248941 0.015000
vt -0.248941 0.015000
vt 0.248941 0.015000
vt 0.248941 -0.015000
vt -0.248941 -0.015000
vt -0.015000 -0.004500
vt 0.015000 -0.004500
vt 0.015000 0.004500
vt -0.015000 0.004500
vt 0.015000 -0.004500
vt -0.015000 -0.004500
vt -0.015000 0.004500
vt 0.015000 0.004500
vt -0.248941 0.005500
vt 0.248941 0.005500
vt 0.248941 0.004500
vt -0.248941 0.004500
vt -0.248941 0.005500
vt 0.248941 0.005500
vt 0.248941 0.004500
vt -0.248941 0.004500
vt -0.248941 -0.005500
vt 0.248941 -0.005500
vt 0.248941 -0.004500
vt -0.248941 -0.004500
vt -0.248941 -0.005500
vt 0.248941 -0.005500
vt 0.248941 -0.004500
vt -0.248941 -0.004500
vt 0.249941 -0.004500
vt 0.249941 0.004500
vt 0.248941 0.004500
vt 0.248941 -0.004500
vt 0.249941 -0.004500
vt 0.249941 0.004500
vt 0.248941 0.004500
vt 0.248941 -0.004500
vt -0.249941 -0.004500
vt -0.249941 0.004500
vt -0.248941 0.004500
vt -0.248941 -0.004500
vt -0.249941 -0.004500
vt -0.249941 0.004500
vt -0.248941 0.004500
vt -0.248941 -0.004500
vt 0.249941 0.004500
vt 0.249941 0.004500
vt 0.248941 0.005500
vt 0.248941 0.005500
vt 0.249941 -0.004500
vt 0.249941 -0.004500
vt 0.248941 -0.005500
vt 0.248941 -0.005500
vt -0.249941 0.004500
vt -0.249941 0.004500
vt -0.248941 0.005500
vt -0.248941 0.005500
vt -0.249941 -0.004500
vt -0.249941 -0.004500
vt -0.248941 -0.005500
vt -0.248941 -0.005500
vt -0.248941 -0.004500
vt -0.248941 -0.005500
vt -0.249941 -0.004500
vt -0.248941 -0.004500
vt -0.248941 -0.005500
vt -0.249941 -0.004500
vt -0.248941 0.004500
vt -0.248941 0.005500
vt -0.249941 0.004500
vt -0.248941 0.004500
vt -0.248941 0.005500
vt -0.249941 0.004500
vt 0.248941 -0.004500
vt 0.248941 -0.005500
vt 0.249941 -0.004500
vt 0.248941 -0.004500
vt 0.248941 -0.005500
vt 0.249941 -0.004500
vt 0.248941 0.004500
vt 0.248941 0.005500
vt 0.249941 0.004500
vt 0.248941 0.004500
vt 0.248941 0.005500
vt 0.249941 0.004500
vt 0.000000 0.000000
vt 0.083333 0.000000
vt 0.166667 0.000000
vt 0.250000 0.000000
vt 0.333333 0.000000
vt 0.416667 0.000000
vt 0.500000 0.000000
vt 0.583333 0.000000
vt 0.666667 0.000000
vt 0.750000 0.000000
vt 0.833333 0.000000
vt 0.916667 0.000000
vt 0.000000 0.000000
vt 0.083333 0.000000
vt 0.166667 0.000000
vt 0.250000 0.000000
vt 0.333333 0.000000
vt 0.416667 0.000000
vt 0.500000 0.000000
vt 0.583333 0.000000
vt 0.666667 0.000000
vt 0.750000 0.000000
vt 0.833333 0.000000
vt 0.916667 0.000000
vt 0.000000 0.035000
vt 0.083333 0.035000
vt 0.166667 0.035000
vt 0.250000 0.035000
vt 0.333333 0.035000
vt 0.416667 0.035000
vt 0.500000 0.035000
vt 0.583333 0.035000
vt 0.666667 0.035000
vt 0.750000 0.035000
vt 0.833333 0.035000
vt 0.916667 0.035000
vt 0.000000 0.035000
vt 0.083333 0.035000
vt 0.166667 0.035000
vt 0.250000 0.035000
vt 0.333333 0.035000
vt 0.416667 0.035000
vt 0.500000 0.035000
vt 0.583333 0.035000
vt 0.666667 0.035000
vt 0.750000 0.035000
vt 0.833333 0.035000
vt 0.916667 0.035000
vt 0.500000 0.500000
vt 0.500000 0.500000
vt -0.006000 -0.007000
vt 0.006000 -0.007000
vt 0.006000 0.007000
vt -0.006000 0.007000
vt 0.006000 -0.007000
vt -0.006000 -0.007000
vt -0.006000 0.007000
vt 0.006000 0.007000
vt -0.006000 -0.081718
vt 0.006000 -0.081718
vt 0.006000 0.081718
vt -0.006000 0.081718
vt -0.006000 0.081718
vt 0.006000 0.081718
vt 0.006000 -0.081718
vt -0.006000 -0.081718
vt -0.081718 -0.007000
vt 0.081718 -0.007000
vt 0.081718 0.007000
vt -0.081718 0.007000
vt 0.081718 -0.007000
vt -0.081718 -0.007000
vt -0.081718 0.007000
vt 0.081718 0.007000
vt -0.006000 0.008000
vt 0.006000 0.008000
vt 0.006000 0.007000
vt -0.006000 0.007000
vt -0.006000 0.008000
vt 0.006000 0.008000
vt 0.006000 0.007000
vt -0.006000 0.007000
vt -0.006000 -0.008000
vt 0.006000 -0.008000
vt 0.006000 -0.007000
vt -0.006000 -0.007000
vt -0.006000 -0.008000
vt 0.006000 -0.008000
vt 0.006000 -0.007000
vt -0.006000 -0.007000
vt 0.007000 -0.007000
vt 0.007000 0.007000
vt 0.006000 0.007000
vt 0.006000 -0.007000
vt 0.007000 -0.007000
vt 0.007000 0.007000
vt 0.006000 0.007000
vt 0.006000 -0.007000
vt -0.007000 -0.007000
vt -0.007000 0.007000
vt -0.006000 0.007000
vt -0.006000 -0.007000
vt -0.007000 -0.007000
vt -0.007000 0.007000
vt -0.006000 0.007000
vt -0.006000 -0.007000
vt 0.007000 0.007000
vt 0.007000 0.007000
vt 0.006000 0.008000
vt 0.006000 0.008000
vt 0.007000 -0.007000
vt 0.007000 -0.007000
vt 0.006000 -0.008000
vt 0.006000 -0.008000
vt -0.007000 0.007000
vt -0.007000 0.007000
vt -0.006000 0.008000
vt -0.006000 0.008000
vt -0.007000 -0.007000
vt -0.007000 -0.007000
vt -0.006000 -0.008000
vt -0.006000 -0.008000
vt -0.006000 -0.007000
vt -0.006000 -0.008000
vt -0.007000 -0.007000
vt -0.006000 -0.007000
vt -0.006000 -0.008000
vt -0.007000 -0.007000
vt -0.006000 0.007000
vt -0.006000 0.008000
vt -0.007000 0.007000
vt -0.006000 0.007000
vt -0.006000 0.008000
vt -0.007000 0.007000
vt 0.006000 -0.007000
vt 0.006000 -0.008000
vt 0.007000 -0.007000
vt 0.006000 -0.007000
vt 0.006000 -0.008000
vt 0.007000 -0.007000
vt 0.006000 0.007000
vt 0.006000 0.008000
vt 0.007000 0.007000
vt 0.006000 0.007000
vt 0.006000 0.008000
vt 0.007000 0.007000
vt -0.006000 -0.007000
vt 0.006000 -0.007000
vt 0.006000 0.007000
vt -0.006000 0.007000
vt 0.006000 -0.007000
vt -0.006000 -0.007000
vt -0.006000 0.007000
vt 0.006000 0.007000
vt -0.006000 -0.081718
vt 0.006000 -0.081718
vt 0.006000 0.081718
vt -0.006000 0.081718
vt -0.006000 0.081718
vt 0.006000 0.081718
vt 0.006000 -0.081718
vt -0.006000 -0.081718
vt -0.081718 -0.007000
vt 0.081718 -0.007000
vt 0.081718 0.007000
vt -0.081718 0.007000
vt 0.081718 -0.007000
vt -0.081718 -0.007000
vt -0.081718 0.007000
vt 0.081718 0.007000
vt -0.006000 0.008000
vt 0.006000 0.008000
vt 0.006000 0.007000
vt -0.006000 0.007000
vt -0.006000 0.008000
vt 0.006000 0.008000
vt 0.006000 0.007000
vt -0.006000 0.007000
vt -0.006000 -0.008000
vt 0.006000 -0.008000
vt 0.006000 -0.007000
vt -0.006000 -0.007000
vt -0.006000 -0.008000
vt 0.006000 -0.008000
vt 0.006000 -0.007000
vt -0.006000 -0.007000
vt 0.007000 -0.007000
vt 0.007000 0.007000
vt 0.006000 0.007000
vt 0.006000 -0.007000
vt 0.007000 -0.007000
vt 0.007000 0.007000
vt 0.006000 0.007000
vt 0.006000 -0.007000
vt -0.007000 -0.007000
vt -0.007000 0.007000
vt -0.006000 0.007000
vt -0.006000 -0.007000
vt -0.007000 -0.007000
vt -0.007000 0.007000
vt -0.006000 0.007000
vt -0.006000 -0.007000
vt 0.007000 0.007000
vt 0.007000 0.007000
vt 0.006000 0.008000
vt 0.006000 0.008000
vt 0.007000 -0.007000
vt 0.007000 -0.007000
vt 0.006000 -0.008000
vt 0.006000 -0.008000
vt -0.007000 0.007000
vt -0.007000 0.007000
vt -0.006000 0.008000
vt -0.006000 0.008000
vt -0.007000 -0.007000
vt -0.007000 -0.007000
vt -0.006000 -0.008000
vt -0.006000 -0.008000
vt -0.006000 -0.007000
vt -0.006000 -0.008000
vt -0.007000 -0.007000
vt -0.006000 -0.007000
vt -0.006000 -0.008000
vt -0.007000 -0.007000
vt -0.006000 0.007000
vt -0.006000 0.008000
vt -0.007000 0.007000
vt -0.006000 0.007000
vt -0.006000 0.008000
vt -0.007000 0.007000
vt 0.006000 -0.007000
vt 0.006000 -0.008000
vt 0.007000 -0.007000
vt 0.006000 -0.007000
vt 0.006000 -0.008000
vt 0.007000 -0.007000
vt 0.006000 0.007000
vt 0.006000 0.008000
vt 0.007000 0.007000
vt 0.006000 0.007000
vt 0.006000 0.008000
vt 0.007000 0.007000
vt -0.006000 -0.007000
vt 0.006000 -0.007000
vt 0.006000 0.007000
vt -0.006000 0.007000
vt 0.006000 -0.007000
vt -0.006000 -0.007000
vt -0.006000 0.007000
vt 0.006000 0.007000
vt -0.006000 -0.081718
vt 0.006000 -0.081718
vt 0.006000 0.081718
vt -0.006000 0.081718
vt -0.006000 0.081718
vt 0.006000 0.081718
vt 0.006000 -0.081718
vt -0.006000 -0.081718
vt -0.081718 -0.007000
vt 0.081718 -0.007000
vt 0.081718 0.007000
vt -0.081718 0.007000
vt 0.081718 -0.007000
vt -0.081718 -0.007000
vt -0.081718 0.007000
vt 0.081718 0.007000
vt -0.006000 0.008000
vt 0.006000 0.008000
vt 0.006000 0.007000
vt -0.006000 0.007000
vt -0.006000 0.008000
vt 0.006000 0.008000
vt 0.006000 0.007000
vt -0.006000 0.007000
vt -0.006000 -0.008000
vt 0.006000 -0.008000
vt 0.006000 -0.007000
vt -0.006000 -0.007000
vt -0.006000 -0.008000
vt 0.006000 -0.008000
vt 0.006000 -0.007000
vt -0.006000 -0.007000
vt 0.007000 -0.007000
vt 0.007000 0.007000
vt 0.006000 0.007000
vt 0.006000 -0.007000
vt 0.007000 -0.007000
vt 0.007000 0.007000
vt 0.006000 0.007000
vt 0.006000 -0.007000
vt -0.007000 -0.007000
vt -0.007000 0.007000
vt -0.006000 0.007000
vt -0.006000 -0.007000
vt -0.007000 -0.007000
vt -0.007000 0.007000
vt -0.006000 0.007000
vt -0.006000 -0.007000
vt 0.007000 0.007000
vt 0.007000 0.007000
vt 0.006000 0.008000
vt 0.006000 0.008000
vt 0.007000 -0.007000
vt 0.007000 -0.007000
vt 0.006000 -0.008000
vt 0.006000 -0.008000
vt -0.007000 0.007000
vt -0.007000 0.007000
vt -0.006000 0.008000
vt -0.006000 0.008000
vt -0.007000 -0.007000
vt -0.007000 -0.007000
vt -0.006000 -0.008000
vt -0.006000 -0.008000
vt -0.006000 -0.007000
vt -0.006000 -0.008000
vt -0.007000 -0.007000
vt -0.006000 -0.007000
vt -0.006000 -0.008000
vt -0.007000 -0.007000
vt -0.006000 0.007000
vt -0.006000 0.008000
vt -0.007000 0.007000
vt -0.006000 0.007000
vt -0.006000 0.008000
vt -0.007000 0.007000
vt 0.006000 -0.007000
vt 0.006000 -0.008000
vt 0.007000 -0.007000
vt 0.006000 -0.007000
vt 0.006000 -0.008000
vt 0.007000 -0.007000
vt 0.006000 0.007000
vt 0.006000 0.008000
vt 0.007000 0.007000
vt 0.006000 0.007000
vt 0.006000 0.008000
vt 0.007000 0.007000
vt -0.006000 -0.007000
vt 0.006000 -0.007000
vt 0.006000 0.007000
vt -0.006000 0.007000
vt 0.006000 -0.007000
vt -0.006000 -0.007000
vt -0.006000 0.007000
vt 0.006000 0.007000
vt -0.006000 -0.081718
vt 0.006000 -0.081718
vt 0.006000 0.081718
vt -0.006000 0.081718
vt -0.006000 0.081718
vt 0.006000 0.081718
vt 0.006000 -0.081718
vt -0.006000 -0.081718
vt -0.081718 -0.007000
vt 0.081718 -0.007000
vt 0.081718 0.007000
vt -0.081718 0.007000
vt 0.081718 -0.007000
vt -0.081718 -0.007000
vt -0.081718 0.007000
vt 0.081718 0.007000
vt -0.006000 0.008000
vt 0.006000 0.008000
vt 0.006000 0.007000
vt -0.006000 0.007000
vt -0.006000 0.008000
vt 0.006000 0.008000
vt 0.006000 0.007000
vt -0.006000 0.007000
vt -0.006000 -0.008000
vt 0.006000 -0.008000
vt 0.006000 -0.007000
vt -0.006000 -0.007000
vt -0.006000 -0.008000
vt 0.006000 -0.008000
vt 0.006000 -0.007000
vt -0.006000 -0.007000
vt 0.007000 -0.007000
vt 0.007000 0.007000
vt 0.006000 0.007000
vt 0.006000 -0.007000
vt 0.007000 -0.007000
vt 0.007000 0.007000
vt 0.006000 0.007000
vt 0.006000 -0.007000
vt -0.007000 -0.007000
vt -0.007000 0.007000
vt -0.006000 0.007000
vt -0.006000 -0.007000
vt -0.007000 -0.007000
vt -0.007000 0.007000
vt -0.006000 0.007000
vt -0.006000 -0.007000
vt 0.007000 0.007000
vt 0.007000 0.007000
vt 0.006000 0.008000
vt 0.006000 0.008000
vt 0.007000 -0.007000
vt 0.007000 -0.007000
vt 0.006000 -0.008000
vt 0.006000 -0.008000
vt -0.007000 0.007000
vt -0.007000 0.007000
vt -0.006000 0.008000
vt -0.006000 0.008000
vt -0.007000 -0.007000
vt -0.007000 -0.007000
vt -0.006000 -0.008000
vt -0.006000 -0.008000
vt -0.006000 -0.007000
vt -0.006000 -0.008000
vt -0.007000 -0.007000
vt -0.006000 -0.007000
vt -0.006000 -0.008000
vt -0.007000 -0.007000
vt -0.006000 0.007000
vt -0.006000 0.008000
vt -0.007000 0.007000
vt -0.006000 0.007000
vt -0.006000 0.008000
vt -0.007000 0.007000
vt 0.006000 -0.007000
vt 0.006000 -0.008000
vt 0.007000 -0.007000
vt 0.006000 -0.007000
vt 0.006000 -0.008000
vt 0.007000 -0.007000
vt 0.006000 0.007000
vt 0.006000 0.008000
vt 0.007000 0.007000
vt 0.006000 0.007000
vt 0.006000 0.008000
vt 0.007000 0.007000
vt -0.006000 -0.007000
vt 0.006000 -0.007000
vt 0.006000 0.007000
vt -0.006000 0.007000
vt 0.006000 -0.007000
vt -0.006000 -0.007000
vt -0.006000 0.007000
vt 0.006000 0.007000
vt -0.006000 -0.081718
vt 0.006000 -0.081718
vt 0.006000 0.081718
vt -0.006000 0.081718
vt -0.006000 0.081718
vt 0.006000 0.081718
vt 0.006000 -0.081718
vt -0.006000 -0.081718
vt -0.081718 -0.007000
vt 0.081718 -0.007000
vt 0.081718 0.007000
vt -0.081718 0.007000
vt 0.081718 -0.007000
vt -0.081718 -0.007000
vt -0.081718 0.007000
vt 0.081718 0.007000
vt -0.006000 0.008000
vt 0.006000 0.008000
vt 0.006000 0.007000
vt -0.006000 0.007000
vt -0.006000 0.008000
vt 0.006000 0.008000
vt 0.006000 0.007000
vt -0.006000 0.007000
vt -0.006000 -0.008000
vt 0.006000 -0.008000
vt 0.006000 -0.007000
vt -0.006000 -0.007000
vt -0.006000 -0.008000
vt 0.006000 -0.008000
vt 0.006000 -0.007000
vt -0.006000 -0.007000
vt 0.007000 -0.007000
vt 0.007000 0.007000
vt 0.006000 0.007000
vt 0.006000 -0.007000
vt 0.007000 -0.007000
vt 0.007000 0.007000
vt 0.006000 0.007000
vt 0.006000 -0.007000
vt -0.007000 -0.007000
vt -0.007000 0.007000
vt -0.006000 0.007000
vt -0.006000 -0.007000
vt -0.007000 -0.007000
vt -0.007000 0.007000
vt -0.006000 0.007000
vt -0.006000 -0.007000
vt 0.007000 0.007000
vt 0.007000 0.007000
vt 0.006000 0.008000
vt 0.006000 0.008000
vt 0.007000 -0.007000
vt 0.007000 -0.007000
vt 0.006000 -0.008000
vt 0.006000 -0.008000
vt -0.007000 0.007000
vt -0.007000 0.007000
vt -0.006000 0.008000
vt -0.006000 0.008000
vt -0.007000 -0.007000
vt -0.007000 -0.007000
vt -0.006000 -0.008000
vt -0.006000 -0.008000
vt -0.006000 -0.007000
vt -0.006000 -0.008000
vt -0.007000 -0.007000
vt -0.006000 -0.007000
vt -0.006000 -0.008000
vt -0.007000 -0.007000
vt -0.006000 0.007000
vt -0.006000 0.008000
vt -0.007000 0.007000
vt -0.006000 0.007000
vt -0.006000 0.008000
vt -0.007000 0.007000
vt 0.006000 -0.007000
vt 0.006000 -0.008000
vt 0.007000 -0.007000
vt 0.006000 -0.007000
vt 0.006000 -0.008000
vt 0.007000 -0.007000
vt 0.006000 0.007000
vt 0.006000 0.008000
vt 0.007000 0.007000
vt 0.006000 0.007000
vt 0.006000 0.008000
vt 0.007000 0.007000
vt -0.006000 -0.007000
vt 0.006000 -0.007000
vt 0.006000 0.007000
vt -0.006000 0.007000
vt 0.006000 -0.007000
vt -0.006000 -0.007000
vt -0.006000 0.007000
vt 0.006000 0.007000
vt -0.006000 -0.081718
vt 0.006000 -0.081718
vt 0.006000 0.081718
vt -0.006000 0.081718
vt -0.006000 0.081718
vt 0.006000 0.081718
vt 0.006000 -0.081718
vt -0.006000 -0.081718
vt -0.081718 -0.007000
vt 0.081718 -0.007000
vt 0.081718 0.007000
vt -0.081718 0.007000
vt 0.081718 -0.007000
vt -0.081718 -0.007000
vt -0.081718 0.007000
vt 0.081718 0.007000
vt -0.006000 0.008000
vt 0.006000 0.008000
vt 0.006000 0.007000
vt -0.006000 0.007000
vt -0.006000 0.008000
vt 0.006000 0.008000
vt 0.006000 0.007000
vt -0.006000 0.007000
vt -0.006000 -0.008000
vt 0.006000 -0.008000
vt 0.006000 -0.007000
vt -0.006000 -0.007000
vt -0.006000 -0.008000
vt 0.006000 -0.008000
vt 0.006000 -0.007000
vt -0.006000 -0.007000
vt 0.007000 -0.007000
vt 0.007000 0.007000
vt 0.006000 0.007000
vt 0.006000 -0.007000
vt 0.007000 -0.007000
vt 0.007000 0.007000
vt 0.006000 0.007000
vt 0.006000 -0.007000
vt -0.007000 -0.007000
vt -0.007000 0.007000
vt -0.006000 0.007000
vt -0.006000 -0.007000
vt -0.007000 -0.007000
vt -0.007000 0.007000
vt -0.006000 0.007000
vt -0.006000 -0.007000
vt 0.007000 0.007000
vt 0.007000 0.007000
vt 0.006000 0.008000
vt 0.006000 0.008000
vt 0.007000 -0.007000
vt 0.007000 -0.007000
vt 0.006000 -0.008000
vt 0.006000 -0.008000
vt -0.007000 0.007000
vt -0.007000 0.007000
vt -0.006000 0.008000
vt -0.006000 0.008000
vt -0.007000 -0.007000
vt -0.007000 -0.007000
vt -0.006000 -0.008000
vt -0.006000 -0.008000
vt -0.006000 -0.007000
vt -0.006000 -0.008000
vt -0.007000 -0.007000
vt -0.006000 -0.007000
vt -0.006000 -0.008000
vt -0.007000 -0.007000
vt -0.006000 0.007000
vt -0.006000 0.008000
vt -0.007000 0.007000
vt -0.006000 0.007000
vt -0.006000 0.008000
vt -0.007000 0.007000
vt 0.006000 -0.007000
vt 0.006000 -0.008000
vt 0.007000 -0.007000
vt 0.006000 -0.007000
vt 0.006000 -0.008000
vt 0.007000 -0.007000
vt 0.006000 0.007000
vt 0.006000 0.008000
vt 0.007000 0.007000
vt 0.006000 0.007000
vt 0.006000 0.008000
vt 0.007000 0.007000
vt -0.006000 -0.007000
vt 0.006000 -0.007000
vt 0.006000 0.007000
vt -0.006000 0.007000
vt 0.006000 -0.007000
vt -0.006000 -0.007000
vt -0.006000 0.007000
vt 0.006000 0.007000
vt -0.006000 -0.081718
vt 0.006000 -0.081718
vt 0.006000 0.081718
vt -0.006000 0.081718
vt -0.006000 0.081718
vt 0.006000 0.081718
vt 0.006000 -0.081718
vt -0.006000 -0.081718
vt -0.081718 -0.007000
vt 0.081718 -0.007000
vt 0.081718 0.007000
vt -0.081718 0.007000
vt 0.081718 -0.007000
vt -0.081718 -0.007000
vt -0.081718 0.007000
vt 0.081718 0.007000
vt -0.006000 0.008000
vt 0.006000 0.008000
vt 0.006000 0.007000
vt -0.006000 0.007000
vt -0.006000 0.008000
vt 0.006000 0.008000
vt 0.006000 0.007000
vt -0.006000 0.007000
vt -0.006000 -0.008000
vt 0.006000 -0.008000
vt 0.006000 -0.007000
vt -0.006000 -0.007000
vt -0.006000 -0.008000
vt 0.006000 -0.008000
vt 0.006000 -0.007000
vt -0.006000 -0.007000
vt 0.007000 -0.007000
vt 0.007000 0.007000
vt 0.006000 0.007000
vt 0.006000 -0.007000
vt 0.007000 -0.007000
vt 0.007000 0.007000
vt 0.006000 0.007000
vt 0.006000 -0.007000
vt -0.007000 -0.007000
vt -0.007000 0.007000
vt -0.006000 0.007000
vt -0.006000 -0.007000
vt -0.007000 -0.007000
vt -0.007000 0.007000
vt -0.006000 0.007000
vt -0.006000 -0.007000
vt 0.007000 0.007000
vt 0.007000 0.007000
vt 0.006000 0.008000
vt 0.006000 0.008000
vt 0.007000 -0.007000
vt 0.007000 -0.007000
vt 0.006000 -0.008000
vt 0.006000 -0.008000
vt -0.007000 0.007000
vt -0.007000 0.007000
vt -0.006000 0.008000
vt -0.006000 0.008000
vt -0.007000 -0.007000
vt -0.007000 -0.007000
vt -0.006000 -0.008000
vt -0.006000 -0.008000
vt -0.006000 -0.007000
vt -0.006000 -0.008000
vt -0.007000 -0.007000
vt -0.006000 -0.007000
vt -0.006000 -0.008000
vt -0.007000 -0.007000
vt -0.006000 0.007000
vt -0.006000 0.008000
vt -0.007000 0.007000
vt -0.006000 0.007000
vt -0.006000 0.008000
vt -0.007000 0.007000
vt 0.006000 -0.007000
vt 0.006000 -0.008000
vt 0.007000 -0.007000
vt 0.006000 -0.007000
vt 0.006000 -0.008000
vt 0.007000 -0.007000
vt 0.006000 0.007000
vt 0.006000 0.008000
vt 0.007000 0.007000
vt 0.006000 0.007000
vt 0.006000 0.008000
vt 0.007000 0.007000
vt -0.006000 -0.007000
vt 0.006000 -0.007000
vt 0.006000 0.007000
vt -0.006000 0.007000
vt 0.006000 -0.007000
vt -0.006000 -0.007000
vt -0.006000 0.007000
vt 0.006000 0.007000
vt -0.006000 -0.081718
vt 0.006000 -0.081718
vt 0.006000 0.081718
vt -0.006000 0.081718
vt -0.006000 0.081718
vt 0.006000 0.081718
vt 0.006000 -0.081718
vt -0.006000 -0.081718
vt -0.081718 -0.007000
vt 0.081718 -0.007000
vt 0.081718 0.007000
vt -0.081718 0.007000
vt 0.081718 -0.007000
vt -0.081718 -0.007000
vt -0.081718 0.007000
vt 0.081718 0.007000
vt -0.006000 0.008000
vt 0.006000 0.008000
vt 0.006000 0.007000
vt -0.006000 0.007000
vt -0.006000 0.008000
vt 0.006000 0.008000
vt 0.006000 0.007000
vt -0.006000 0.007000
vt -0.006000 -0.008000
vt 0.006000 -0.008000
vt 0.006000 -0.007000
vt -0.006000 -0.007000
vt -0.006000 -0.008000
vt 0.006000 -0.008000
vt 0.006000 -0.007000
vt -0.006000 -0.007000
vt 0.007000 -0.007000
vt 0.007000 0.007000
vt 0.006000 0.007000
vt 0.006000 -0.007000
vt 0.007000 -0.007000
vt 0.007000 0.007000
vt 0.006000 0.007000
vt 0.006000 -0.007000
vt -0.007000 -0.007000
vt -0.007000 0.007000
vt -0.006000 0.007000
vt -0.006000 -0.007000
vt -0.007000 -0.007000
vt -0.007000 0.007000
vt -0.006000 0.007000
vt -0.006000 -0.007000
vt 0.007000 0.007000
vt 0.007000 0.007000
vt 0.006000 0.008000
vt 0.006000 0.008000
vt 0.007000 -0.007000
vt 0.007000 -0.007000
vt 0.006000 -0.008000
vt 0.006000 -0.008000
vt -0.007000 0.007000
vt -0.007000 0.007000
vt -0.006000 0.008000
vt -0.006000 0.008000
vt -0.007000 -0.007000
vt -0.007000 -0.007000
vt -0.006000 -0.008000
vt -0.006000 -0.008000
vt -0.006000 -0.007000
vt -0.006000 -0.008000
vt -0.007000 -0.007000
vt -0.006000 -0.007000
vt -0.006000 -0.008000
vt -0.007000 -0.007000
vt -0.006000 0.007000
vt -0.006000 0.008000
vt -0.007000 0.007000
vt -0.006000 0.007000
vt -0.006000 0.008000
vt -0.007000 0.007000
vt 0.006000 -0.007000
vt 0.006000 -0.008000
vt 0.007000 -0.007000
vt 0.006000 -0.007000
vt 0.006000 -0.008000
vt 0.007000 -0.007000
vt 0.006000 0.007000
vt 0.006000 0.008000
vt 0.007000 0.007000
vt 0.006000 0.007000
vt 0.006000 0.008000
vt 0.007000 0.007000
vt -0.006000 -0.007000
vt 0.006000 -0.007000
vt 0.006000 0.007000
vt -0.006000 0.007000
vt 0.006000 -0.007000
vt -0.006000 -0.007000
vt -0.006000 0.007000
vt 0.006000 0.007000
vt -0.006000 -0.081718
vt 0.006000 -0.081718
vt 0.006000 0.081718
vt -0.006000 0.081718
vt -0.006000 0.081718
vt 0.006000 0.081718
vt 0.006000 -0.081718
vt -0.006000 -0.081718
vt -0.081718 -0.007000
vt 0.081718 -0.007000
vt 0.081718 0.007000
vt -0.081718 0.007000
vt 0.081718 -0.007000
vt -0.081718 -0.007000
vt -0.081718 0.007000
vt 0.081718 0.007000
vt -0.006000 0.008000
vt 0.006000 0.008000
vt 0.006000 0.007000
vt -0.006000 0.007000
vt -0.006000 0.008000
vt 0.006000 0.008000
vt 0.006000 0.007000
vt -0.006000 0.007000
vt -0.006000 -0.008000
vt 0.006000 -0.008000
vt 0.006000 -0.007000
vt -0.006000 -0.007000
vt -0.006000 -0.008000
vt 0.006000 -0.008000
vt 0.006000 -0.007000
vt -0.006000 -0.007000
vt 0.007000 -0.007000
vt 0.007000 0.007000
vt 0.006000 0.007000
vt 0.006000 -0.007000
vt 0.007000 -0.007000
vt 0.007000 0.007000
vt 0.006000 0.007000
vt 0.006000 -0.007000
vt -0.007000 -0.007000
vt -0.007000 0.007000
vt -0.006000 0.007000
vt -0.006000 -0.007000
vt -0.007000 -0.007000
vt -0.007000 0.007000
vt -0.006000 0.007000
vt -0.006000 -0.007000
vt 0.007000 0.007000
vt 0.007000 0.007000
vt 0.006000 0.008000
vt 0.006000 0.008000
vt 0.007000 -0.007000
vt 0.007000 -0.007000
vt 0.006000 -0.008000
vt 0.006000 -0.008000
vt -0.007000 0.007000
vt -0.007000 0.007000
vt -0.006000 0.008000
vt -0.006000 0.008000
vt -0.007000 -0.007000
vt -0.007000 -0.007000
vt -0.006000 -0.008000
vt -0.006000 -0.008000
vt -0.006000 -0.007000
vt -0.006000 -0.008000
vt -0.007000 -0.007000
vt -0.006000 -0.007000
vt -0.006000 -0.008000
vt -0.007000 -0.007000
vt -0.006000 0.007000
vt -0.006000 0.008000
vt -0.007000 0.007000
vt -0.006000 0.007000
vt -0.006000 0.008000
vt -0.007000 0.007000
vt 0.006000 -0.007000
vt 0.006000 -0.008000
vt 0.007000 -0.007000
vt 0.006000 -0.007000
vt 0.006000 -0.008000
vt 0.007000 -0.007000
vt 0.006000 0.007000
vt 0.006000 0.008000
vt 0.007000 0.007000
vt 0.006000 0.007000
vt 0.006000 0.008000
vt 0.007000 0.007000
vt -0.006000 -0.007000
vt 0.006000 -0.007000
vt 0.006000 0.007000
vt -0.006000 0.007000
vt 0.006000 -0.007000
vt -0.006000 -0.007000
vt -0.006000 0.007000
vt 0.006000 0.007000
vt -0.006000 -0.081718
vt 0.006000 -0.081718
vt 0.006000 0.081718
vt -0.006000 0.081718
vt -0.006000 0.081718
vt 0.006000 0.081718
vt 0.006000 -0.081718
vt -0.006000 -0.081718
vt -0.081718 -0.007000
vt 0.081718 -0.007000
vt 0.081718 0.007000
vt -0.081718 0.007000
vt 0.081718 -0.007000
vt -0.081718 -0.007000
vt -0.081718 0.007000
vt 0.081718 0.007000
vt -0.006000 0.008000
vt 0.006000 0.008000
vt 0.006000 0.007000
vt -0.006000 0.007000
vt -0.006000 0.008000
vt 0.006000 0.008000
vt 0.006000 0.007000
vt -0.006000 0.007000
vt -0.006000 -0.008000
vt 0.006000 -0.008000
vt 0.006000 -0.007000
vt -0.006000 -0.007000
vt -0.006000 -0.008000
vt 0.006000 -0.008000
vt 0.006000 -0.007000
vt -0.006000 -0.007000
vt 0.007000 -0.007000
vt 0.007000 0.007000
vt 0.006000 0.007000
vt 0.006000 -0.007000
vt 0.007000 -0.007000
vt 0.007000 0.007000
vt 0.006000 0.007000
vt 0.006000 -0.007000
vt -0.007000 -0.007000
vt -0.007000 0.007000
vt -0.006000 0.007000
vt -0.006000 -0.007000
vt -0.007000 -0.007000
vt -0.007000 0.007000
vt -0.006000 0.007000
vt -0.006000 -0.007000
vt 0.007000 0.007000
vt 0.007000 0.007000
vt 0.006000 0.008000
vt 0.006000 0.008000
vt 0.007000 -0.007000
vt 0.007000 -0.007000
vt 0.006000 -0.008000
vt 0.006000 -0.008000
vt -0.007000 0.007000
vt -0.007000 0.007000
vt -0.006000 0.008000
vt -0.006000 0.008000
vt -0.007000 -0.007000
vt -0.007000 -0.007000
vt -0.006000 -0.008000
vt -0.006000 -0.008000
vt -0.006000 -0.007000
vt -0.006000 -0.008000
vt -0.007000 -0.007000
vt -0.006000 -0.007000
vt -0.006000 -0.008000
vt -0.007000 -0.007000
vt -0.006000 0.007000
vt -0.006000 0.008000
vt -0.007000 0.007000
vt -0.006000 0.007000
vt -0.006000 0.008000
vt -0.007000 0.007000
vt 0.006000 -0.007000
vt 0.006000 -0.008000
vt 0.007000 -0.007000
vt 0.006000 -0.007000
vt 0.006000 -0.008000
vt 0.007000 -0.007000
vt 0.006000 0.007000
vt 0.006000 0.008000
vt 0.007000 0.007000
vt 0.006000 0.007000
vt 0.006000 0.008000
vt 0.007000 0.007000
vt -0.297984 -0.006000
vt 0.297984 -0.006000
vt 0.297984 0.006000
vt -0.297984 0.006000
vt 0.297984 -0.006000
vt -0.297984 -0.006000
vt -0.297984 0.006000
vt 0.297984 0.006000
vt -0.297984 -0.028000
vt 0.297984 -0.028000
vt 0.297984 0.028000
vt -0.297984 0.028000
vt -0.297984 0.028000
vt 0.297984 0.028000
vt 0.297984 -0.028000
vt -0.297984 -0.028000
vt -0.028000 -0.006000
vt 0.028000 -0.006000
vt 0.028000 0.006000
vt -0.028000 0.006000
vt 0.028000 -0.006000
vt -0.028000 -0.006000
vt -0.028000 0.006000
vt 0.028000 0.006000
vt -0.297984 0.008000
vt 0.297984 0.008000
vt 0.297984 0.006000
vt -0.297984 0.006000
vt -0.297984 0.008000
vt 0.297984 0.008000
vt 0.297984 0.006000
vt -0.297984 0.006000
vt -0.297984 -0.008000
vt 0.297984 -0.008000
vt 0.297984 -0.006000
vt -0.297984 -0.006000
vt -0.297984 -0.008000
vt 0.297984 -0.008000
vt 0.297984 -0.006000
vt -0.297984 -0.006000
vt 0.299984 -0.006000
vt 0.299984 0.006000
vt 0.297984 0.006000
vt 0.297984 -0.006000
vt 0.299984 -0.006000
vt 0.299984 0.006000
vt 0.297984 0.006000
vt 0.297984 -0.006000
vt -0.299984 -0.006000
vt -0.299984 0.006000
vt -0.297984 0.006000
vt -0.297984 -0.006000
vt -0.299984 -0.006000
vt -0.299984 0.006000
vt -0.297984 0.006000
vt -0.297984 -0.006000
vt 0.299984 0.006000
vt 0.299984 0.006000
vt 0.297984 0.008000
vt 0.297984 0.008000
vt 0.299984 -0.006000
vt 0.299984 -0.006000
vt 0.297984 -0.008000
vt 0.297984 -0.008000
vt -0.299984 0.006000
vt -0.299984 0.006000
vt -0.297984 0.008000
vt -0.297984 0.008000
vt -0.299984 -0.006000
vt -0.299984 -0.006000
vt -0.297984 -0.008000
vt -0.297984 -0.008000
vt -0.297984 -0.006000
vt -0.297984 -0.008000
vt -0.299984 -0.006000
vt -0.297984 -0.006000
vt -0.297984 -0.008000
vt -0.299984 -0.006000
vt -0.297984 0.006000
vt -0.297984 0.008000
vt -0.299984 0.006000
vt -0.297984 0.006000
vt -0.297984 0.008000
vt -0.299984 0.006000
vt 0.297984 -0.006000
vt 0.297984 -0.008000
vt 0.299984 -0.006000
vt 0.297984 -0.006000
vt 0.297984 -0.008000
vt 0.299984 -0.006000
vt 0.297984 0.006000
vt 0.297984 0.008000
vt 0.299984 0.006000
vt 0.297984 0.006000
vt 0.297984 0.008000
vt 0.299984 0.006000
vt -0.237624 -0.004000
vt 0.237624 -0.004000
vt 0.237624 0.004000
vt -0.237624 0.004000
vt 0.237624 -0.004000
vt -0.237624 -0.004000
vt -0.237624 0.004000
vt 0.237624 0.004000
vt -0.237624 -0.016500
vt 0.237624 -0.016500
vt 0.237624 0.016500
vt -0.237624 0.016500
vt -0.237624 0.016500
vt 0.237624 0.016500
vt 0.237624 -0.016500
vt -0.237624 -0.016500
vt -0.016500 -0.004000
vt 0.016500 -0.004000
vt 0.016500 0.004000
vt -0.016500 0.004000
vt 0.016500 -0.004000
vt -0.016500 -0.004000
vt -0.016500 0.004000
vt 0.016500 0.004000
vt -0.237624 0.005000
vt 0.237624 0.005000
vt 0.237624 0.004000
vt -0.237624 0.004000
vt -0.237624 0.005000
vt 0.237624 0.005000
vt 0.237624 0.004000
vt -0.237624 0.004000
vt -0.237624 -0.005000
vt 0.237624 -0.005000
vt 0.237624 -0.004000
vt -0.237624 -0.004000
vt -0.237624 -0.005000
vt 0.237624 -0.005000
vt 0.237624 -0.004000
vt -0.237624 -0.004000
vt 0.238624 -0.004000
vt 0.238624 0.004000
vt 0.237624 0.004000
vt 0.237624 -0.004000
vt 0.238624 -0.004000
vt 0.238624 0.004000
vt 0.237624 0.004000
vt 0.237624 -0.004000
vt -0.238624 -0.004000
vt -0.238624 0.004000
vt -0.237624 0.004000
vt -0.237624 -0.004000
vt -0.238624 -0.004000
vt -0.238624 0.004000
vt -0.237624 0.004000
vt -0.237624 -0.004000
vt 0.238624 0.004000
vt 0.238624 0.004000
vt 0.237624 0.005000
vt 0.237624 0.005000
vt 0.238624 -0.004000
vt 0.238624 -0.004000
vt 0.237624 -0.005000
vt 0.237624 -0.005000
vt -0.238624 0.004000
vt -0.238624 0.004000
vt -0.237624 0.005000
vt -0.237624 0.005000
vt -0.238624 -0.004000
vt -0.238624 -0.004000
vt -0.237624 -0.005000
vt -0.237624 -0.005000
vt -0.237624 -0.004000
vt -0.237624 -0.005000
vt -0.238624 -0.004000
vt -0.237624 -0.004000
vt -0.237624 -0.005000
vt -0.238624 -0.004000
vt -0.237624 0.004000
vt -0.237624 0.005000
vt -0.238624 0.004000
vt -0.237624 0.004000
vt -0.237624 0.005000
vt -0.238624 0.004000
vt 0.237624 -0.004000
vt 0.237624 -0.005000
vt 0.238624 -0.004000
vt 0.237624 -0.004000
vt 0.237624 -0.005000
vt 0.238624 -0.004000
vt 0.237624 0.004000
vt 0.237624 0.005000
vt 0.238624 0.004000
vt 0.237624 0.004000
vt 0.237624 0.005000
vt 0.238624 0.004000
vt -0.015500 -0.005000
vt 0.015500 -0.005000
vt 0.015500 0.005000
vt -0.015500 0.005000
vt 0.015500 -0.005000
vt -0.015500 -0.005000
vt -0.015500 0.005000
vt 0.015500 0.005000
vt -0.015500 -0.140171
vt 0.015500 -0.140171
vt 0.015500 0.140171
vt -0.015500 0.140171
vt -0.015500 0.140171
vt 0.015500 0.140171
vt 0.015500 -0.140171
vt -0.015500 -0.140171
vt -0.140171 -0.005000
vt 0.140171 -0.005000
vt 0.140171 0.005000
vt -0.140171 0.005000
vt 0.140171 -0.005000
vt -0.140171 -0.005000
vt -0.140171 0.005000
vt 0.140171 0.005000
vt -0.015500 0.007000
vt 0.015500 0.007000
vt 0.015500 0.005000
vt -0.015500 0.005000
vt -0.015500 0.007000
vt 0.015500 0.007000
vt 0.015500 0.005000
vt -0.015500 0.005000
vt -0.015500 -0.007000
vt 0.015500 -0.007000
vt 0.015500 -0.005000
vt -0.015500 -0.005000
vt -0.015500 -0.007000
vt 0.015500 -0.007000
vt 0.015500 -0.005000
vt -0.015500 -0.005000
vt 0.017500 -0.005000
vt 0.017500 0.005000
vt 0.015500 0.005000
vt 0.015500 -0.005000
vt 0.017500 -0.005000
vt 0.017500 0.005000
vt 0.015500 0.005000
vt 0.015500 -0.005000
vt -0.017500 -0.005000
vt -0.017500 0.005000
vt -0.015500 0.005000
vt -0.015500 -0.005000
vt -0.017500 -0.005000
vt -0.017500 0.005000
vt -0.015500 0.005000
vt -0.015500 -0.005000
vt 0.017500 0.005000
vt 0.017500 0.005000
vt 0.015500 0.007000
vt 0.015500 0.007000
vt 0.017500 -0.005000
vt 0.017500 -0.005000
vt 0.015500 -0.007000
vt 0.015500 -0.007000
vt -0.017500 0.005000
vt -0.017500 0.005000
vt -0.015500 0.007000
vt -0.015500 0.007000
vt -0.017500 -0.005000
vt -0.017500 -0.005000
vt -0.015500 -0.007000
vt -0.015500 -0.007000
vt -0.015500 -0.005000
vt -0.015500 -0.007000
vt -0.017500 -0.005000
vt -0.015500 -0.005000
vt -0.015500 -0.007000
vt -0.017500 -0.005000
vt -0.015500 0.005000
vt -0.015500 0.007000
vt -0.017500 0.005000
vt -0.015500 0.005000
vt -0.015500 0.007000
vt -0.017500 0.005000
vt 0.015500 -0.005000
vt 0.015500 -0.007000
vt 0.017500 -0.005000
vt 0.015500 -0.005000
vt 0.015500 -0.007000
vt 0.017500 -0.005000
vt 0.015500 0.005000
vt 0.015500 0.007000
vt 0.017500 0.005000
vt 0.015500 0.005000
vt 0.015500 0.007000
vt 0.017500 0.005000
vt -0.018000 -0.048000
vt 0.018000 -0.048000
vt 0.018000 0.048000
vt -0.018000 0.048000
vt 0.018000 -0.048000
vt -0.018000 -0.048000
vt -0.018000 0.048000
vt 0.018000 0.048000
vt -0.018000 -0.006000
vt 0.018000 -0.006000
vt 0.018000 0.006000
vt -0.018000 0.006000
vt -0.018000 0.006000
vt 0.018000 0.006000
vt 0.018000 -0.006000
vt -0.018000 -0.006000
vt -0.006000 -0.048000
vt 0.006000 -0.048000
vt 0.006000 0.048000
vt -0.006000 0.048000
vt 0.006000 -0.048000
vt -0.006000 -0.048000
vt -0.006000 0.048000
vt 0.006000 0.048000
vt -0.018000 0.050000
vt 0.018000 0.050000
vt 0.018000 0.048000
vt -0.018000 0.048000
vt -0.018000 0.050000
vt 0.018000 0.050000
vt 0.018000 0.048000
vt -0.018000 0.048000
vt -0.018000 -0.050000
vt 0.018000 -0.050000
vt 0.018000 -0.048000
vt -0.018000 -0.048000
vt -0.018000 -0.050000
vt 0.018000 -0.050000
vt 0.018000 -0.048000
vt -0.018000 -0.048000
vt 0.020000 -0.048000
vt 0.020000 0.048000
vt 0.018000 0.048000
vt 0.018000 -0.048000
vt 0.020000 -0.048000
vt 0.020000 0.048000
vt 0.018000 0.048000
vt 0.018000 -0.048000
vt -0.020000 -0.048000
vt -0.020000 0.048000
vt -0.018000 0.048000
vt -0.018000 -0.048000
vt -0.020000 -0.048000
vt -0.020000 0.048000
vt -0.018000 0.048000
vt -0.018000 -0.048000
vt 0.020000 0.048000
vt 0.020000 0.048000
vt 0.018000 0.050000
vt 0.018000 0.050000
vt 0.020000 -0.048000
vt 0.020000 -0.048000
vt 0.018000 -0.050000
vt 0.018000 -0.050000
vt -0.020000 0.048000
vt -0.020000 0.048000
vt -0.018000 0.050000
vt -0.018000 0.050000
vt -0.020000 -0.048000
vt -0.020000 -0.048000
vt -0.018000 -0.050000
vt -0.018000 -0.050000
vt -0.018000 -0.048000
vt -0.018000 -0.050000
vt -0.020000 -0.048000
vt -0.018000 -0.048000
vt -0.018000 -0.050000
vt -0.020000 -0.048000
vt -0.018000 0.048000
vt -0.018000 0.050000
vt -0.020000 0.048000
vt -0.018000 0.048000
vt -0.018000 0.050000
vt -0.020000 0.048000
vt 0.018000 -0.048000
vt 0.018000 -0.050000
vt 0.020000 -0.048000
vt 0.018000 -0.048000
vt 0.018000 -0.050000
vt 0.020000 -0.048000
vt 0.018000 0.048000
vt 0.018000 0.050000
vt 0.020000 0.048000
vt 0.018000 0.048000
vt 0.018000 0.050000
vt 0.020000 0.048000
vt 0.000000 0.000000
vt 0.166667 0.000000
vt 0.333333 0.000000
vt 0.500000 0.000000
vt 0.666667 0.000000
vt 0.833333 0.000000
vt 0.000000 0.000000
vt 0.166667 0.000000
vt 0.333333 0.000000
vt 0.500000 0.000000
vt 0.666667 0.000000
vt 0.833333 0.000000
vt 0.000000 0.340167
vt 0.166667 0.340167
vt 0.333333 0.340167
vt 0.500000 0.340167
vt 0.666667 0.340167
vt 0.833333 0.340167
vt 0.000000 0.340167
vt 0.166667 0.340167
vt 0.333333 0.340167
vt 0.500000 0.340167
vt 0.666667 0.340167
vt 0.833333 0.340167
vt 0.500000 0.500000
vt 0.500000 0.500000
vt 0.000000 0.000000
vt 0.200000 0.000000
vt 0.400000 0.000000
vt 0.600000 0.000000
vt 0.800000 0.000000
vt 0.000000 0.000000
vt 0.200000 0.000000
vt 0.400000 0.000000
vt 0.600000 0.000000
vt 0.800000 0.000000
vt 0.000000 0.015000
vt 0.200000 0.015000
vt 0.400000 0.015000
vt 0.600000 0.015000
vt 0.800000 0.015000
vt 0.000000 0.015000
vt 0.200000 0.015000
vt 0.400000 0.015000
vt 0.600000 0.015000
vt 0.800000 0.015000
vt 0.500000 0.500000
vt 0.500000 0.500000
vt -0.015500 -0.005000
vt 0.015500 -0.005000
vt 0.015500 0.005000
vt -0.015500 0.005000
vt 0.015500 -0.005000
vt -0.015500 -0.005000
vt -0.015500 0.005000
vt 0.015500 0.005000
vt -0.015500 -0.140171
vt 0.015500 -0.140171
vt 0.015500 0.140171
vt -0.015500 0.140171
vt -0.015500 0.140171
vt 0.015500 0.140171
vt 0.015500 -0.140171
vt -0.015500 -0.140171
vt -0.140171 -0.005000
vt 0.140171 -0.005000
vt 0.140171 0.005000
vt -0.140171 0.005000
vt 0.140171 -0.005000
vt -0.140171 -0.005000
vt -0.140171 0.005000
vt 0.140171 0.005000
vt -0.015500 0.007000
vt 0.015500 0.007000
vt 0.015500 0.005000
vt -0.015500 0.005000
vt -0.015500 0.007000
vt 0.015500 0.007000
vt 0.015500 0.005000
vt -0.015500 0.005000
vt -0.015500 -0.007000
vt 0.015500 -0.007000
vt 0.015500 -0.005000
vt -0.015500 -0.005000
vt -0.015500 -0.007000
vt 0.015500 -0.007000
vt 0.015500 -0.005000
vt -0.015500 -0.005000
vt 0.017500 -0.005000
vt 0.017500 0.005000
vt 0.015500 0.005000
vt 0.015500 -0.005000
vt 0.017500 -0.005000
vt 0.017500 0.005000
vt 0.015500 0.005000
vt 0.015500 -0.005000
vt -0.017500 -0.005000
vt -0.017500 0.005000
vt -0.015500 0.005000
vt -0.015500 -0.005000
vt -0.017500 -0.005000
vt -0.017500 0.005000
vt -0.015500 0.005000
vt -0.015500 -0.005000
vt 0.017500 0.005000
vt 0.017500 0.005000
vt 0.015500 0.007000
vt 0.015500 0.007000
vt 0.017500 -0.005000
vt 0.017500 -0.005000
vt 0.015500 -0.007000
vt 0.015500 -0.007000
vt -0.017500 0.005000
vt -0.017500 0.005000
vt -0.015500 0.007000
vt -0.015500 0.007000
vt -0.017500 -0.005000
vt -0.017500 -0.005000
vt -0.015500 -0.007000
vt -0.015500 -0.007000
vt -0.015500 -0.005000
vt -0.015500 -0.007000
vt -0.017500 -0.005000
vt -0.015500 -0.005000
vt -0.015500 -0.007000
vt -0.017500 -0.005000
vt -0.015500 0.005000
vt -0.015500 0.007000
vt -0.017500 0.005000
vt -0.015500 0.005000
vt -0.015500 0.007000
vt -0.017500 0.005000
vt 0.015500 -0.005000
vt 0.015500 -0.007000
vt 0.017500 -0.005000
vt 0.015500 -0.005000
vt 0.015500 -0.007000
vt 0.017500 -0.005000
vt 0.015500 0.005000
vt 0.015500 0.007000
vt 0.017500 0.005000
vt 0.015500 0.005000
vt 0.015500 0.007000
vt 0.017500 0.005000
vt -0.018000 -0.048000
vt 0.018000 -0.048000
vt 0.018000 0.048000
vt -0.018000 0.048000
vt 0.018000 -0.048000
vt -0.018000 -0.048000
vt -0.018000 0.048000
vt 0.018000 0.048000
vt -0.018000 -0.006000
vt 0.018000 -0.006000
vt 0.018000 0.006000
vt -0.018000 0.006000
vt -0.018000 0.006000
vt 0.018000 0.006000
vt 0.018000 -0.006000
vt -0.018000 -0.006000
vt -0.006000 -0.048000
vt 0.006000 -0.048000
vt 0.006000 0.048000
vt -0.006000 0.048000
vt 0.006000 -0.048000
vt -0.006000 -0.048000
vt -0.006000 0.048000
vt 0.006000 0.048000
vt -0.018000 0.050000
vt 0.018000 0.050000
vt 0.018000 0.048000
vt -0.018000 0.048000
vt -0.018000 0.050000
vt 0.018000 0.050000
vt 0.018000 0.048000
vt -0.018000 0.048000
vt -0.018000 -0.050000
vt 0.018000 -0.050000
vt 0.018000 -0.048000
vt -0.018000 -0.048000
vt -0.018000 -0.050000
vt 0.018000 -0.050000
vt 0.018000 -0.048000
vt -0.018000 -0.048000
vt 0.020000 -0.048000
vt 0.020000 0.048000
vt 0.018000 0.048000
vt 0.018000 -0.048000
vt 0.020000 -0.048000
vt 0.020000 0.048000
vt 0.018000 0.048000
vt 0.018000 -0.048000
vt -0.020000 -0.048000
vt -0.020000 0.048000
vt -0.018000 0.048000
vt -0.018000 -0.048000
vt -0.020000 -0.048000
vt -0.020000 0.048000
vt -0.018000 0.048000
vt -0.018000 -0.048000
vt 0.020000 0.048000
vt 0.020000 0.048000
vt 0.018000 0.050000
vt 0.018000 0.050000
vt 0.020000 -0.048000
vt 0.020000 -0.048000
vt 0.018000 -0.050000
vt 0.018000 -0.050000
vt -0.020000 0.048000
vt -0.020000 0.048000
vt -0.018000 0.050000
vt -0.018000 0.050000
vt -0.020000 -0.048000
vt -0.020000 -0.048000
vt -0.018000 -0.050000
vt -0.018000 -0.050000
vt -0.018000 -0.048000
vt -0.018000 -0.050000
vt -0.020000 -0.048000
vt -0.018000 -0.048000
vt -0.018000 -0.050000
vt -0.020000 -0.048000
vt -0.018000 0.048000
vt -0.018000 0.050000
vt -0.020000 0.048000
vt -0.018000 0.048000
vt -0.018000 0.050000
vt -0.020000 0.048000
vt 0.018000 -0.048000
vt 0.018000 -0.050000
vt 0.020000 -0.048000
vt 0.018000 -0.048000
vt 0.018000 -0.050000
vt 0.020000 -0.048000
vt 0.018000 0.048000
vt 0.018000 0.050000
vt 0.020000 0.048000
vt 0.018000 0.048000
vt 0.018000 0.050000
vt 0.020000 0.048000
vt 0.000000 0.000000
vt 0.166667 0.000000
vt 0.333333 0.000000
vt 0.500000 0.000000
vt 0.666667 0.000000
vt 0.833333 0.000000
vt 0.000000 0.000000
vt 0.166667 0.000000
vt 0.333333 0.000000
vt 0.500000 0.000000
vt 0.666667 0.000000
vt 0.833333 0.000000
vt 0.000000 0.340167
vt 0.166667 0.340167
vt 0.333333 0.340167
vt 0.500000 0.340167
vt 0.666667 0.340167
vt 0.833333 0.340167
vt 0.000000 0.340167
vt 0.166667 0.340167
vt 0.333333 0.340167
vt 0.500000 0.340167
vt 0.666667 0.340167
vt 0.833333 0.340167
vt 0.500000 0.500000
vt 0.500000 0.500000
vt 0.000000 0.000000
vt 0.200000 0.000000
vt 0.400000 0.000000
vt 0.600000 0.000000
vt 0.800000 0.000000
vt 0.000000 0.000000
vt 0.200000 0.000000
vt 0.400000 0.000000
vt 0.600000 0.000000
vt 0.800000 0.000000
vt 0.000000 0.015000
vt 0.200000 0.015000
vt 0.400000 0.015000
vt 0.600000 0.015000
vt 0.800000 0.015000
vt 0.000000 0.015000
vt 0.200000 0.015000
vt 0.400000 0.015000
vt 0.600000 0.015000
vt 0.800000 0.015000
vt 0.500000 0.500000
vt 0.500000 0.500000
vt -0.008000 -0.038000
vt 0.008000 -0.038000
vt 0.008000 0.038000
vt -0.008000 0.038000
vt 0.008000 -0.038000
vt -0.008000 -0.038000
vt -0.008000 0.038000
vt 0.008000 0.038000
vt -0.008000 -0.048000
vt 0.008000 -0.048000
vt 0.008000 0.048000
vt -0.008000 0.048000
vt -0.008000 0.048000
vt 0.008000 0.048000
vt 0.008000 -0.048000
vt -0.008000 -0.048000
vt -0.048000 -0.038000
vt 0.048000 -0.038000
vt 0.048000 0.038000
vt -0.048000 0.038000
vt 0.048000 -0.038000
vt -0.048000 -0.038000
vt -0.048000 0.038000
vt 0.048000 0.038000
vt -0.008000 0.040000
vt 0.008000 0.040000
vt 0.008000 0.038000
vt -0.008000 0.038000
vt -0.008000 0.040000
vt 0.008000 0.040000
vt 0.008000 0.038000
vt -0.008000 0.038000
vt -0.008000 -0.040000
vt 0.008000 -0.040000
vt 0.008000 -0.038000
vt -0.008000 -0.038000
vt -0.008000 -0.040000
vt 0.008000 -0.040000
vt 0.008000 -0.038000
vt -0.008000 -0.038000
vt 0.010000 -0.038000
vt 0.010000 0.038000
vt 0.008000 0.038000
vt 0.008000 -0.038000
vt 0.010000 -0.038000
vt 0.010000 0.038000
vt 0.008000 0.038000
vt 0.008000 -0.038000
vt -0.010000 -0.038000
vt -0.010000 0.038000
vt -0.008000 0.038000
vt -0.008000 -0.038000
vt -0.010000 -0.038000
vt -0.010000 0.038000
vt -0.008000 0.038000
vt -0.008000 -0.038000
vt 0.010000 0.038000
vt 0.010000 0.038000
vt 0.008000 0.040000
vt 0.008000 0.040000
vt 0.010000 -0.038000
vt 0.010000 -0.038000
vt 0.008000 -0.040000
vt 0.008000 -0.040000
vt -0.010000 0.038000
vt -0.010000 0.038000
vt -0.008000 0.040000
vt -0.008000 0.040000
vt -0.010000 -0.038000
vt -0.010000 -0.038000
vt -0.008000 -0.040000
vt -0.008000 -0.040000
vt -0.008000 -0.038000
vt -0.008000 -0.040000
vt -0.010000 -0.038000
vt -0.008000 -0.038000
vt -0.008000 -0.040000
vt -0.010000 -0.038000
vt -0.008000 0.038000
vt -0.008000 0.040000
vt -0.010000 0.038000
vt -0.008000 0.038000
vt -0.008000 0.040000
vt -0.010000 0.038000
vt 0.008000 -0.038000
vt 0.008000 -0.040000
vt 0.010000 -0.038000
vt 0.008000 -0.038000
vt 0.008000 -0.040000
vt 0.010000 -0.038000
vt 0.008000 0.038000
vt 0.008000 0.040000
vt 0.010000 0.038000
vt 0.008000 0.038000
vt 0.008000 0.040000
vt 0.010000 0.038000
vt -0.037000 -0.032000
vt 0.037000 -0.032000
vt 0.037000 0.032000
vt -0.037000 0.032000
vt 0.037000 -0.032000
vt -0.037000 -0.032000
vt -0.037000 0.032000
vt 0.037000 0.032000
vt -0.037000 -0.022000
vt 0.037000 -0.022000
vt 0.037000 0.022000
vt -0.037000 0.022000
vt -0.037000 0.022000
vt 0.037000 0.022000
vt 0.037000 -0.022000
vt -0.037000 -0.022000
vt -0.022000 -0.032000
vt 0.022000 -0.032000
vt 0.022000 0.032000
vt -0.022000 0.032000
vt 0.022000 -0.032000
vt -0.022000 -0.032000
vt -0.022000 0.032000
vt 0.022000 0.032000
vt -0.037000 0.035000
vt 0.037000 0.035000
vt 0.037000 0.032000
vt -0.037000 0.032000
vt -0.037000 0.035000
vt 0.037000 0.035000
vt 0.037000 0.032000
vt -0.037000 0.032000
vt -0.037000 -0.035000
vt 0.037000 -0.035000
vt 0.037000 -0.032000
vt -0.037000 -0.032000
vt -0.037000 -0.035000
vt 0.037000 -0.035000
vt 0.037000 -0.032000
vt -0.037000 -0.032000
vt 0.040000 -0.032000
vt 0.040000 0.032000
vt 0.037000 0.032000
vt 0.037000 -0.032000
vt 0.040000 -0.032000
vt 0.040000 0.032000
vt 0.037000 0.032000
vt 0.037000 -0.032000
vt -0.040000 -0.032000
vt -0.040000 0.032000
vt -0.037000 0.032000
vt -0.037000 -0.032000
vt -0.040000 -0.032000
vt -0.040000 0.032000
vt -0.037000 0.032000
vt -0.037000 -0.032000
vt 0.040000 0.032000
vt 0.040000 0.032000
vt 0.037000 0.035000
vt 0.037000 0.035000
vt 0.040000 -0.032000
vt 0.040000 -0.032000
vt 0.037000 -0.035000
vt 0.037000 -0.035000
vt -0.040000 0.032000
vt -0.040000 0.032000
vt -0.037000 0.035000
vt -0.037000 0.035000
vt -0.040000 -0.032000
vt -0.040000 -0.032000
vt -0.037000 -0.035000
vt -0.037000 -0.035000
vt -0.037000 -0.032000
vt -0.037000 -0.035000
vt -0.040000 -0.032000
vt -0.037000 -0.032000
vt -0.037000 -0.035000
vt -0.040000 -0.032000
vt -0.037000 0.032000
vt -0.037000 0.035000
vt -0.040000 0.032000
vt -0.037000 0.032000
vt -0.037000 0.035000
vt -0.040000 0.032000
vt 0.037000 -0.032000
vt 0.037000 -0.035000
vt 0.040000 -0.032000
vt 0.037000 -0.032000
vt 0.037000 -0.035000
vt 0.040000 -0.032000
vt 0.037000 0.032000
vt 0.037000 0.035000
vt 0.040000 0.032000
vt 0.037000 0.032000
vt 0.037000 0.035000
vt 0.040000 0.032000
vn -0.029945 -0.000164 0.999552
vn -0.029945 -0.000164 0.999552
vn -0.029945 -0.000164 0.999552
vn -0.029945 -0.000164 0.999552
vn 0.029945 0.000164 -0.999552
vn 0.029945 0.000164 -0.999552
vn 0.029945 0.000164 -0.999552
vn 0.029945 0.000164 -0.999552
vn -0.005492 0.999985 0.000000
vn -0.005492 0.999985 0.000000
vn -0.005492 0.999985 0.000000
vn -0.005492 0.999985 0.000000
vn 0.005492 -0.999985 0.000000
vn 0.005492 -0.999985 0.000000
vn 0.005492 -0.999985 0.000000
vn 0.005492 -0.999985 0.000000
vn 0.999536 0.005489 0.029946
vn 0.999536 0.005489 0.029946
vn 0.999536 0.005489 0.029946
vn 0.999536 0.005489 0.029946
vn -0.999536 -0.005489 -0.029946
vn -0.999536 -0.005489 -0.029946
vn -0.999536 -0.005489 -0.029946
vn -0.999536 -0.005489 -0.029946
vn -0.025058 0.706980 0.706790
vn -0.025058 0.706980 0.706790
vn -0.025058 0.706980 0.706790
vn -0.025058 0.706980 0.706790
vn 0.017291 0.707212 -0.706790
vn 0.017291 0.707212 -0.706790
vn 0.017291 0.707212 -0.706790
vn 0.017291 0.707212 -0.706790
vn -0.017291 -0.707212 0.706790
vn -0.017291 -0.707212 0.706790
vn -0.017291 -0.707212 0.706790
vn -0.017291 -0.707212 0.706790
vn 0.025058 -0.706980 -0.706790
vn 0.025058 -0.706980 -0.706790
vn 0.025058 -0.706980 -0.706790
vn 0.025058 -0.706980 -0.706790
vn 0.685604 0.003765 0.727965
vn 0.685604 0.003765 0.727965
vn 0.685604 0.003765 0.727965
vn 0.685604 0.003765 0.727965
vn 0.727954 0.003998 -0.685615
vn 0.727954 0.003998 -0.685615
vn 0.727954 0.003998 -0.685615
vn 0.727954 0.003998 -0.685615
vn -0.727954 -0.003998 0.685615
vn -0.727954 -0.003998 0.685615
vn -0.727954 -0.003998 0.685615
vn -0.727954 -0.003998 0.685615
vn -0.685604 -0.003765 -0.727965
vn -0.685604 -0.003765 -0.727965
vn -0.685604 -0.003765 -0.727965
vn -0.685604 -0.003765 -0.727965
vn 0.702896 0.710978 0.021175
vn 0.702896 0.710978 0.021175
vn 0.702896 0.710978 0.021175
vn 0.702896 0.710978 0.021175
vn 0.710662 -0.703215 0.021175
vn 0.710662 -0.703215 0.021175
vn 0.710662 -0.703215 0.021175
vn 0.710662 -0.703215 0.021175
vn -0.710662 0.703215 -0.021175
vn -0.710662 0.703215 -0.021175
vn -0.710662 0.703215 -0.021175
vn -0.710662 0.703215 -0.021175
vn -0.702896 -0.710978 -0.021175
vn -0.702896 -0.710978 -0.021175
vn -0.702896 -0.710978 -0.021175
vn -0.702896 -0.710978 -0.021175
vn -0.556623 -0.580416 -0.594381
vn -0.556623 -0.580416 -0.594381
vn -0.556623 -0.580416 -0.594381
vn -0.591201 -0.580606 0.559802
vn -0.591201 -0.580606 0.559802
vn -0.591201 -0.580606 0.559802
vn -0.562964 0.574267 -0.594381
vn -0.562964 0.574267 -0.594381
vn -0.562964 0.574267 -0.594381
vn -0.597542 0.574077 0.559802
vn -0.597542 0.574077 0.559802
vn -0.597542 0.574077 0.559802
vn 0.597542 -0.574077 -0.559802
vn 0.597542 -0.574077 -0.559802
vn 0.597542 -0.574077 -0.559802
vn 0.562964 -0.574267 0.594381
vn 0.562964 -0.574267 0.594381
vn 0.562964 -0.574267 0.594381
vn 0.591201 0.580606 -0.559802
vn 0.591201 0.580606 -0.559802
vn 0.591201 0.580606 -0.559802
vn 0.556623 0.580416 0.594381
vn 0.556623 0.580416 0.594381
vn 0.556623 0.580416 0.594381
vn -0.029945 -0.000164 0.999552
vn -0.029945 -0.000164 0.999552
vn -0.029945 -0.000164 0.999552
vn -0.029945 -0.000164 0.999552
vn 0.029945 0.000164 -0.999552
vn 0.029945 0.000164 -0.999552
vn 0.029945 0.000164 -0.999552
vn 0.029945 0.000164 -0.999552
vn -0.005492 0.999985 0.000000
vn -0.005492 0.999985 0.000000
vn -0.005492 0.999985 0.000000
vn -0.005492 0.999985 0.000000
vn 0.005492 -0.999985 0.000000
vn 0.005492 -0.999985 0.000000
vn 0.005492 -0.999985 0.000000
vn 0.005492 -0.999985 0.000000
vn 0.999536 0.005489 0.029946
vn 0.999536 0.005489 0.029946
vn 0.999536 0.005489 0.029946
vn 0.999536 0.005489 0.029946
vn -0.999536 -0.005489 -0.029946
vn -0.999536 -0.005489 -0.029946
vn -0.999536 -0.005489 -0.029946
vn -0.999536 -0.005489 -0.029946
vn -0.025058 0.706980 0.706790
vn -0.025058 0.706980 0.706790
vn -0.025058 0.706980 0.706790
vn -0.025058 0.706980 0.706790
vn 0.017291 0.707212 -0.706790
vn 0.017291 0.707212 -0.706790
vn 0.017291 0.707212 -0.706790
vn 0.017291 0.707212 -0.706790
vn -0.017291 -0.707212 0.706790
vn -0.017291 -0.707212 0.706790
vn -0.017291 -0.707212 0.706790
vn -0.017291 -0.707212 0.706790
vn 0.025058 -0.706980 -0.706790
vn 0.025058 -0.706980 -0.706790
vn 0.025058 -0.706980 -0.706790
vn 0.025058 -0.706980 -0.706790
vn 0.685604 0.003765 0.727965
vn 0.685604 0.003765 0.727965
vn 0.685604 0.003765 0.727965
vn 0.685604 0.003765 0.727965
vn 0.727954 0.003998 -0.685615
vn 0.727954 0.003998 -0.685615
vn 0.727954 0.003998 -0.685615
vn 0.727954 0.003998 -0.685615
vn -0.727954 -0.003998 0.685615
vn -0.727954 -0.003998 0.685615
vn -0.727954 -0.003998 0.685615
vn -0.727954 -0.003998 0.685615
vn -0.685604 -0.003765 -0.727965
vn -0.685604 -0.003765 -0.727965
vn -0.685604 -0.003765 -0.727965
vn -0.685604 -0.003765 -0.727965
vn 0.702896 0.710978 0.021175
vn 0.702896 0.710978 0.021175
vn 0.702896 0.710978 0.021175
vn 0.702896 0.710978 0.021175
vn 0.710662 -0.703215 0.021175
vn 0.710662 -0.703215 0.021175
vn 0.710662 -0.703215 0.021175
vn 0.710662 -0.703215 0.021175
vn -0.710662 0.703215 -0.021175
vn -0.710662 0.703215 -0.021175
vn -0.710662 0.703215 -0.021175
vn -0.710662 0.703215 -0.021175
vn -0.702896 -0.710978 -0.021175
vn -0.702896 -0.710978 -0.021175
vn -0.702896 -0.710978 -0.021175
vn -0.702896 -0.710978 -0.021175
vn -0.556623 -0.580416 -0.594381
vn -0.556623 -0.580416 -0.594381
vn -0.556623 -0.580416 -0.594381
vn -0.591201 -0.580606 0.559802
vn -0.591201 -0.580606 0.559802
vn -0.591201 -0.580606 0.559802
vn -0.562964 0.574267 -0.594381
vn -0.562964 0.574267 -0.594381
vn -0.562964 0.574267 -0.594381
vn -0.597542 0.574077 0.559802
vn -0.597542 0.574077 0.559802
vn -0.597542 0.574077 0.559802
vn 0.597542 -0.574077 -0.559802
vn 0.597542 -0.574077 -0.559802
vn 0.597542 -0.574077 -0.559802
vn 0.562964 -0.574267 0.594381
vn 0.562964 -0.574267 0.594381
vn 0.562964 -0.574267 0.594381
vn 0.591201 0.580606 -0.559802
vn 0.591201 0.580606 -0.559802
vn 0.591201 0.580606 -0.559802
vn 0.556623 0.580416 0.594381
vn 0.556623 0.580416 0.594381
vn 0.556623 0.580416 0.594381
vn -0.029945 -0.000164 0.999552
vn -0.029945 -0.000164 0.999552
vn -0.029945 -0.000164 0.999552
vn -0.029945 -0.000164 0.999552
vn 0.029945 0.000164 -0.999552
vn 0.029945 0.000164 -0.999552
vn 0.029945 0.000164 -0.999552
vn 0.029945 0.000164 -0.999552
vn -0.005492 0.999985 0.000000
vn -0.005492 0.999985 0.000000
vn -0.005492 0.999985 0.000000
vn -0.005492 0.999985 0.000000
vn 0.005492 -0.999985 0.000000
vn 0.005492 -0.999985 0.000000
vn 0.005492 -0.999985 0.000000
vn 0.005492 -0.999985 0.000000
vn 0.999536 0.005489 0.029946
vn 0.999536 0.005489 0.029946
vn 0.999536 0.005489 0.029946
vn 0.999536 0.005489 0.029946
vn -0.999536 -0.005489 -0.029946
vn -0.999536 -0.005489 -0.029946
vn -0.999536 -0.005489 -0.029946
vn -0.999536 -0.005489 -0.029946
vn -0.025058 0.706980 0.706790
vn -0.025058 0.706980 0.706790
vn -0.025058 0.706980 0.706790
vn -0.025058 0.706980 0.706790
vn 0.017291 0.707212 -0.706790
vn 0.017291 0.707212 -0.706790
vn 0.017291 0.707212 -0.706790
vn 0.017291 0.707212 -0.706790
vn -0.017291 -0.707212 0.706790
vn -0.017291 -0.707212 0.706790
vn -0.017291 -0.707212 0.706790
vn -0.017291 -0.707212 0.706790
vn 0.025058 -0.706980 -0.706790
vn 0.025058 -0.706980 -0.706790
vn 0.025058 -0.706980 -0.706790
vn 0.025058 -0.706980 -0.706790
vn 0.685604 0.003765 0.727965
vn 0.685604 0.003765 0.727965
vn 0.685604 0.003765 0.727965
vn 0.685604 0.003765 0.727965
vn 0.727954 0.003998 -0.685615
vn 0.727954 0.003998 -0.685615
vn 0.727954 0.003998 -0.685615
vn 0.727954 0.003998 -0.685615
vn -0.727954 -0.003998 0.685615
vn -0.727954 -0.003998 0.685615
vn -0.727954 -0.003998 0.685615
vn -0.727954 -0.003998 0.685615
vn -0.685604 -0.003765 -0.727965
vn -0.685604 -0.003765 -0.727965
vn -0.685604 -0.003765 -0.727965
vn -0.685604 -0.003765 -0.727965
vn 0.702896 0.710978 0.021175
vn 0.702896 0.710978 0.021175
vn 0.702896 0.710978 0.021175
vn 0.702896 0.710978 0.021175
vn 0.710662 -0.703215 0.021175
vn 0.710662 -0.703215 0.021175
vn 0.710662 -0.703215 0.021175
vn 0.710662 -0.703215 0.021175
vn -0.710662 0.703215 -0.021175
vn -0.710662 0.703215 -0.021175
vn -0.710662 0.703215 -0.021175
vn -0.710662 0.703215 -0.021175
vn -0.702896 -0.710978 -0.021175
vn -0.702896 -0.710978 -0.021175
vn -0.702896 -0.710978 -0.021175
vn -0.702896 -0.710978 -0.021175
vn -0.556623 -0.580416 -0.594381
vn -0.556623 -0.580416 -0.594381
vn -0.556623 -0.580416 -0.594381
vn -0.591201 -0.580606 0.559802
vn -0.591201 -0.580606 0.559802
vn -0.591201 -0.580606 0.559802
vn -0.562964 0.574267 -0.594381
vn -0.562964 0.574267 -0.594381
vn -0.562964 0.574267 -0.594381
vn -0.597542 0.574077 0.559802
vn -0.597542 0.574077 0.559802
vn -0.597542 0.574077 0.559802
vn 0.597542 -0.574077 -0.559802
vn 0.597542 -0.574077 -0.559802
vn 0.597542 -0.574077 -0.559802
vn 0.562964 -0.574267 0.594381
vn 0.562964 -0.574267 0.594381
vn 0.562964 -0.574267 0.594381
vn 0.591201 0.580606 -0.559802
vn 0.591201 0.580606 -0.559802
vn 0.591201 0.580606 -0.559802
vn 0.556623 0.580416 0.594381
vn 0.556623 0.580416 0.594381
vn 0.556623 0.580416 0.594381
vn -0.029945 -0.000164 0.999552
vn -0.029945 -0.000164 0.999552
vn -0.029945 -0.000164 0.999552
vn -0.029945 -0.000164 0.999552
vn 0.029945 0.000164 -0.999552
vn 0.029945 0.000164 -0.999552
vn 0.029945 0.000164 -0.999552
vn 0.029945 0.000164 -0.999552
vn -0.005492 0.999985 0.000000
vn -0.005492 0.999985 0.000000
vn -0.005492 0.999985 0.000000
vn -0.005492 0.999985 0.000000
vn 0.005492 -0.999985 0.000000
vn 0.005492 -0.999985 0.000000
vn 0.005492 -0.999985 0.000000
vn 0.005492 -0.999985 0.000000
vn 0.999536 0.005489 0.029946
vn 0.999536 0.005489 0.029946
vn 0.999536 0.005489 0.029946
vn 0.999536 0.005489 0.029946
vn -0.999536 -0.005489 -0.029946
vn -0.999536 -0.005489 -0.029946
vn -0.999536 -0.005489 -0.029946
vn -0.999536 -0.005489 -0.029946
vn -0.025058 0.706980 0.706790
vn -0.025058 0.706980 0.706790
vn -0.025058 0.706980 0.706790
vn -0.025058 0.706980 0.706790
vn 0.017291 0.707212 -0.706790
vn 0.017291 0.707212 -0.706790
vn 0.017291 0.707212 -0.706790
vn 0.017291 0.707212 -0.706790
vn -0.017291 -0.707212 0.706790
vn -0.017291 -0.707212 0.706790
vn -0.017291 -0.707212 0.706790
vn -0.017291 -0.707212 0.706790
vn 0.025058 -0.706980 -0.706790
vn 0.025058 -0.706980 -0.706790
vn 0.025058 -0.706980 -0.706790
vn 0.025058 -0.706980 -0.706790
vn 0.685604 0.003765 0.727965
vn 0.685604 0.003765 0.727965
vn 0.685604 0.003765 0.727965
vn 0.685604 0.003765 0.727965
vn 0.727954 0.003998 -0.685615
vn 0.727954 0.003998 -0.685615
vn 0.727954 0.003998 -0.685615
vn 0.727954 0.003998 -0.685615
vn -0.727954 -0.003998 0.685615
vn -0.727954 -0.003998 0.685615
vn -0.727954 -0.003998 0.685615
vn -0.727954 -0.003998 0.685615
vn -0.685604 -0.003765 -0.727965
vn -0.685604 -0.003765 -0.727965
vn -0.685604 -0.003765 -0.727965
vn -0.685604 -0.003765 -0.727965
vn 0.702896 0.710978 0.021175
vn 0.702896 0.710978 0.021175
vn 0.702896 0.710978 0.021175
vn 0.702896 0.710978 0.021175
vn 0.710662 -0.703215 0.021175
vn 0.710662 -0.703215 0.021175
vn 0.710662 -0.703215 0.021175
vn 0.710662 -0.703215 0.021175
vn -0.710662 0.703215 -0.021175
vn -0.710662 0.703215 -0.021175
vn -0.710662 0.703215 -0.021175
vn -0.710662 0.703215 -0.021175
vn -0.702896 -0.710978 -0.021175
vn -0.702896 -0.710978 -0.021175
vn -0.702896 -0.710978 -0.021175
vn -0.702896 -0.710978 -0.021175
vn -0.556623 -0.580416 -0.594381
vn -0.556623 -0.580416 -0.594381
vn -0.556623 -0.580416 -0.594381
vn -0.591201 -0.580606 0.559802
vn -0.591201 -0.580606 0.559802
vn -0.591201 -0.580606 0.559802
vn -0.562964 0.574267 -0.594381
vn -0.562964 0.574267 -0.594381
vn -0.562964 0.574267 -0.594381
vn -0.597542 0.574077 0.559802
vn -0.597542 0.574077 0.559802
vn -0.597542 0.574077 0.559802
vn 0.597542 -0.574077 -0.559802
vn 0.597542 -0.574077 -0.559802
vn 0.597542 -0.574077 -0.559802
vn 0.562964 -0.574267 0.594381
vn 0.562964 -0.574267 0.594381
vn 0.562964 -0.574267 0.594381
vn 0.591201 0.580606 -0.559802
vn 0.591201 0.580606 -0.559802
vn 0.591201 0.580606 -0.559802
vn 0.556623 0.580416 0.594381
vn 0.556623 0.580416 0.594381
vn 0.556623 0.580416 0.594381
vn -0.029945 -0.000164 0.999552
vn -0.029945 -0.000164 0.999552
vn -0.029945 -0.000164 0.999552
vn -0.029945 -0.000164 0.999552
vn 0.029945 0.000164 -0.999552
vn 0.029945 0.000164 -0.999552
vn 0.029945 0.000164 -0.999552
vn 0.029945 0.000164 -0.999552
vn -0.005492 0.999985 0.000000
vn -0.005492 0.999985 0.000000
vn -0.005492 0.999985 0.000000
vn -0.005492 0.999985 0.000000
vn 0.005492 -0.999985 0.000000
vn 0.005492 -0.999985 0.000000
vn 0.005492 -0.999985 0.000000
vn 0.005492 -0.999985 0.000000
vn 0.999536 0.005489 0.029946
vn 0.999536 0.005489 0.029946
vn 0.999536 0.005489 0.029946
vn 0.999536 0.005489 0.029946
vn -0.999536 -0.005489 -0.029946
vn -0.999536 -0.005489 -0.029946
vn -0.999536 -0.005489 -0.029946
vn -0.999536 -0.005489 -0.029946
vn -0.025058 0.706980 0.706790
vn -0.025058 0.706980 0.706790
vn -0.025058 0.706980 0.706790
vn -0.025058 0.706980 0.706790
vn 0.017291 0.707212 -0.706790
vn 0.017291 0.707212 -0.706790
vn 0.017291 0.707212 -0.706790
vn 0.017291 0.707212 -0.706790
vn -0.017291 -0.707212 0.706790
vn -0.017291 -0.707212 0.706790
vn -0.017291 -0.707212 0.706790
vn -0.017291 -0.707212 0.706790
vn 0.025058 -0.706980 -0.706790
vn 0.025058 -0.706980 -0.706790
vn 0.025058 -0.706980 -0.706790
vn 0.025058 -0.706980 -0.706790
vn 0.685604 0.003765 0.727965
vn 0.685604 0.003765 0.727965
vn 0.685604 0.003765 0.727965
vn 0.685604 0.003765 0.727965
vn 0.727954 0.003998 -0.685615
vn 0.727954 0.003998 -0.685615
vn 0.727954 0.003998 -0.685615
vn 0.727954 0.003998 -0.685615
vn -0.727954 -0.003998 0.685615
vn -0.727954 -0.003998 0.685615
vn -0.727954 -0.003998 0.685615
vn -0.727954 -0.003998 0.685615
vn -0.685604 -0.003765 -0.727965
vn -0.685604 -0.003765 -0.727965
vn -0.685604 -0.003765 -0.727965
vn -0.685604 -0.003765 -0.727965
vn 0.702896 0.710978 0.021175
vn 0.702896 0.710978 0.021175
vn 0.702896 0.710978 0.021175
vn 0.702896 0.710978 0.021175
vn 0.710662 -0.703215 0.021175
vn 0.710662 -0.703215 0.021175
vn 0.710662 -0.703215 0.021175
vn 0.710662 -0.703215 0.021175
vn -0.710662 0.703215 -0.021175
vn -0.710662 0.703215 -0.021175
vn -0.710662 0.703215 -0.021175
vn -0.710662 0.703215 -0.021175
vn -0.702896 -0.710978 -0.021175
vn -0.702896 -0.710978 -0.021175
vn -0.702896 -0.710978 -0.021175
vn -0.702896 -0.710978 -0.021175
vn -0.556623 -0.580416 -0.594381
vn -0.556623 -0.580416 -0.594381
vn -0.556623 -0.580416 -0.594381
vn -0.591201 -0.580606 0.559802
vn -0.591201 -0.580606 0.559802
vn -0.591201 -0.580606 0.559802
vn -0.562964 0.574267 -0.594381
vn -0.562964 0.574267 -0.594381
vn -0.562964 0.574267 -0.594381
vn -0.597542 0.574077 0.559802
vn -0.597542 0.574077 0.559802
vn -0.597542 0.574077 0.559802
vn 0.597542 -0.574077 -0.559802
vn 0.597542 -0.574077 -0.559802
vn 0.597542 -0.574077 -0.559802
vn 0.562964 -0.574267 0.594381
vn 0.562964 -0.574267 0.594381
vn 0.562964 -0.574267 0.594381
vn 0.591201 0.580606 -0.559802
vn 0.591201 0.580606 -0.559802
vn 0.591201 0.580606 -0.559802
vn 0.556623 0.580416 0.594381
vn 0.556623 0.580416 0.594381
vn 0.556623 0.580416 0.594381
vn -0.029945 -0.000164 0.999552
vn -0.029945 -0.000164 0.999552
vn -0.029945 -0.000164 0.999552
vn -0.029945 -0.000164 0.999552
vn 0.029945 0.000164 -0.999552
vn 0.029945 0.000164 -0.999552
vn 0.029945 0.000164 -0.999552
vn 0.029945 0.000164 -0.999552
vn -0.005492 0.999985 0.000000
vn -0.005492 0.999985 0.000000
vn -0.005492 0.999985 0.000000
vn -0.005492 0.999985 0.000000
vn 0.005492 -0.999985 0.000000
vn 0.005492 -0.999985 0.000000
vn 0.005492 -0.999985 0.000000
vn 0.005492 -0.999985 0.000000
vn 0.999536 0.005489 0.029946
vn 0.999536 0.005489 0.029946
vn 0.999536 0.005489 0.029946
vn 0.999536 0.005489 0.029946
vn -0.999536 -0.005489 -0.029946
vn -0.999536 -0.005489 -0.029946
vn -0.999536 -0.005489 -0.029946
vn -0.999536 -0.005489 -0.029946
vn -0.025058 0.706980 0.706790
vn -0.025058 0.706980 0.706790
vn -0.025058 0.706980 0.706790
vn -0.025058 0.706980 0.706790
vn 0.017291 0.707212 -0.706790
vn 0.017291 0.707212 -0.706790
vn 0.017291 0.707212 -0.706790
vn 0.017291 0.707212 -0.706790
vn -0.017291 -0.707212 0.706790
vn -0.017291 -0.707212 0.706790
vn -0.017291 -0.707212 0.706790
vn -0.017291 -0.707212 0.706790
vn 0.025058 -0.706980 -0.706790
vn 0.025058 -0.706980 -0.706790
vn 0.025058 -0.706980 -0.706790
vn 0.025058 -0.706980 -0.706790
vn 0.685604 0.003765 0.727965
vn 0.685604 0.003765 0.727965
vn 0.685604 0.003765 0.727965
vn 0.685604 0.003765 0.727965
vn 0.727954 0.003998 -0.685615
vn 0.727954 0.003998 -0.685615
vn 0.727954 0.003998 -0.685615
vn 0.727954 0.003998 -0.685615
vn -0.727954 -0.003998 0.685615
vn -0.727954 -0.003998 0.685615
vn -0.727954 -0.003998 0.685615
vn -0.727954 -0.003998 0.685615
vn -0.685604 -0.003765 -0.727965
vn -0.685604 -0.003765 -0.727965
vn -0.685604 -0.003765 -0.727965
vn -0.685604 -0.003765 -0.727965
vn 0.702896 0.710978 0.021175
vn 0.702896 0.710978 0.021175
vn 0.702896 0.710978 0.021175
vn 0.702896 0.710978 0.021175
vn 0.710662 -0.703215 0.021175
vn 0.710662 -0.703215 0.021175
vn 0.710662 -0.703215 0.021175
vn 0.710662 -0.703215 0.021175
vn -0.710662 0.703215 -0.021175
vn -0.710662 0.703215 -0.021175
vn -0.710662 0.703215 -0.021175
vn -0.710662 0.703215 -0.021175
vn -0.702896 -0.710978 -0.021175
vn -0.702896 -0.710978 -0.021175
vn -0.702896 -0.710978 -0.021175
vn -0.702896 -0.710978 -0.021175
vn -0.556623 -0.580416 -0.594381
vn -0.556623 -0.580416 -0.594381
vn -0.556623 -0.580416 -0.594381
vn -0.591201 -0.580606 0.559802
vn -0.591201 -0.580606 0.559802
vn -0.591201 -0.580606 0.559802
vn -0.562964 0.574267 -0.594381
vn -0.562964 0.574267 -0.594381
vn -0.562964 0.574267 -0.594381
vn -0.597542 0.574077 0.559802
vn -0.597542 0.574077 0.559802
vn -0.597542 0.574077 0.559802
vn 0.597542 -0.574077 -0.559802
vn 0.597542 -0.574077 -0.559802
vn 0.597542 -0.574077 -0.559802
vn 0.562964 -0.574267 0.594381
vn 0.562964 -0.574267 0.594381
vn 0.562964 -0.574267 0.594381
vn 0.591201 0.580606 -0.559802
vn 0.591201 0.580606 -0.559802
vn 0.591201 0.580606 -0.559802
vn 0.556623 0.580416 0.594381
vn 0.556623 0.580416 0.594381
vn 0.556623 0.580416 0.594381
vn -0.024614 -0.400091 0.916145
vn -0.024614 -0.400091 0.916145
vn -0.024614 -0.400091 0.916145
vn -0.024614 -0.400091 0.916145
vn 0.024614 0.400091 -0.916145
vn 0.024614 0.400091 -0.916145
vn 0.024614 0.400091 -0.916145
vn 0.024614 0.400091 -0.916145
vn -0.018466 0.916448 0.399727
vn -0.018466 0.916448 0.399727
vn -0.018466 0.916448 0.399727
vn -0.018466 0.916448 0.399727
vn 0.018466 -0.916448 -0.399727
vn 0.018466 -0.916448 -0.399727
vn 0.018466 -0.916448 -0.399727
vn 0.018466 -0.916448 -0.399727
vn 0.999526 0.007078 0.029946
vn 0.999526 0.007078 0.029946
vn 0.999526 0.007078 0.029946
vn 0.999526 0.007078 0.029946
vn -0.999526 -0.007078 -0.029946
vn -0.999526 -0.007078 -0.029946
vn -0.999526 -0.007078 -0.029946
vn -0.999526 -0.007078 -0.029946
vn -0.030462 0.365120 0.930462
vn -0.030462 0.365120 0.930462
vn -0.030462 0.365120 0.930462
vn -0.030462 0.365120 0.930462
vn 0.004348 0.930934 -0.365162
vn 0.004348 0.930934 -0.365162
vn 0.004348 0.930934 -0.365162
vn 0.004348 0.930934 -0.365162
vn -0.004348 -0.930934 0.365162
vn -0.004348 -0.930934 0.365162
vn -0.004348 -0.930934 0.365162
vn -0.004348 -0.930934 0.365162
vn 0.030462 -0.365120 -0.930462
vn 0.030462 -0.365120 -0.930462
vn 0.030462 -0.365120 -0.930462
vn 0.030462 -0.365120 -0.930462
vn 0.689367 -0.277902 0.668987
vn 0.689367 -0.277902 0.668987
vn 0.689367 -0.277902 0.668987
vn 0.689367 -0.277902 0.668987
vn 0.724177 0.287912 -0.626637
vn 0.724177 0.287912 -0.626637
vn 0.724177 0.287912 -0.626637
vn 0.724177 0.287912 -0.626637
vn -0.724177 -0.287912 0.626637
vn -0.724177 -0.287912 0.626637
vn -0.724177 -0.287912 0.626637
vn -0.724177 -0.287912 0.626637
vn -0.689367 0.277902 -0.668987
vn -0.689367 0.277902 -0.668987
vn -0.689367 0.277902 -0.668987
vn -0.689367 0.277902 -0.668987
vn 0.693715 0.653032 0.303825
vn 0.693715 0.653032 0.303825
vn 0.693715 0.653032 0.303825
vn 0.693715 0.653032 0.303825
vn 0.719829 -0.643021 -0.261475
vn 0.719829 -0.643021 -0.261475
vn 0.719829 -0.643021 -0.261475
vn 0.719829 -0.643021 -0.261475
vn -0.719829 0.643021 0.261475
vn -0.719829 0.643021 0.261475
vn -0.719829 0.643021 0.261475
vn -0.719829 0.643021 0.261475
vn -0.693715 -0.653032 -0.303825
vn -0.693715 -0.653032 -0.303825
vn -0.693715 -0.653032 -0.303825
vn -0.693715 -0.653032 -0.303825
vn -0.552204 -0.302206 -0.777008
vn -0.552204 -0.302206 -0.777008
vn -0.552204 -0.302206 -0.777008
vn -0.580627 -0.764191 0.280865
vn -0.580627 -0.764191 0.280865
vn -0.580627 -0.764191 0.280865
vn -0.573527 0.756017 -0.315443
vn -0.573527 0.756017 -0.315443
vn -0.573527 0.756017 -0.315443
vn -0.601949 0.294032 0.742430
vn -0.601949 0.294032 0.742430
vn -0.601949 0.294032 0.742430
vn 0.601949 -0.294032 -0.742430
vn 0.601949 -0.294032 -0.742430
vn 0.601949 -0.294032 -0.742430
vn 0.573527 -0.756017 0.315443
vn 0.573527 -0.756017 0.315443
vn 0.573527 -0.756017 0.315443
vn 0.580627 0.764191 -0.280865
vn 0.580627 0.764191 -0.280865
vn 0.580627 0.764191 -0.280865
vn 0.552204 0.302206 0.777008
vn 0.552204 0.302206 0.777008
vn 0.552204 0.302206 0.777008
vn -0.019214 -0.325653 0.945294
vn -0.019214 -0.325653 0.945294
vn -0.019214 -0.325653 0.945294
vn -0.019214 -0.325653 0.945294
vn 0.019214 0.325653 -0.945294
vn 0.019214 0.325653 -0.945294
vn 0.019214 0.325653 -0.945294
vn 0.019214 0.325653 -0.945294
vn -0.036173 0.945076 0.324843
vn -0.036173 0.945076 0.324843
vn -0.036173 0.945076 0.324843
vn -0.036173 0.945076 0.324843
vn 0.036173 -0.945076 -0.324843
vn 0.036173 -0.945076 -0.324843
vn 0.036173 -0.945076 -0.324843
vn 0.036173 -0.945076 -0.324843
vn 0.999161 0.027953 0.029938
vn 0.999161 0.027953 0.029938
vn 0.999161 0.027953 0.029938
vn 0.999161 0.027953 0.029938
vn -0.999161 -0.027953 -0.029938
vn -0.999161 -0.027953 -0.029938
vn -0.999161 -0.027953 -0.029938
vn -0.999161 -0.027953 -0.029938
vn -0.039165 0.437998 0.898122
vn -0.039165 0.437998 0.898122
vn -0.039165 0.437998 0.898122
vn -0.039165 0.437998 0.898122
vn -0.011992 0.898541 -0.438725
vn -0.011992 0.898541 -0.438725
vn -0.011992 0.898541 -0.438725
vn -0.011992 0.898541 -0.438725
vn 0.011992 -0.898541 0.438725
vn 0.011992 -0.898541 0.438725
vn 0.011992 -0.898541 0.438725
vn 0.011992 -0.898541 0.438725
vn 0.039165 -0.437998 -0.898122
vn 0.039165 -0.437998 -0.898122
vn 0.039165 -0.437998 -0.898122
vn 0.039165 -0.437998 -0.898122
vn 0.692927 -0.210506 0.689593
vn 0.692927 -0.210506 0.689593
vn 0.692927 -0.210506 0.689593
vn 0.692927 -0.210506 0.689593
vn 0.720099 0.250037 -0.647254
vn 0.720099 0.250037 -0.647254
vn 0.720099 0.250037 -0.647254
vn 0.720099 0.250037 -0.647254
vn -0.720099 -0.250037 0.647254
vn -0.720099 -0.250037 0.647254
vn -0.720099 -0.250037 0.647254
vn -0.720099 -0.250037 0.647254
vn -0.692927 0.210506 -0.689593
vn -0.692927 0.210506 -0.689593
vn -0.692927 0.210506 -0.689593
vn -0.692927 0.210506 -0.689593
vn 0.680935 0.688035 0.250868
vn 0.680935 0.688035 0.250868
vn 0.680935 0.688035 0.250868
vn 0.680935 0.688035 0.250868
vn 0.732092 -0.648504 -0.208529
vn 0.732092 -0.648504 -0.208529
vn 0.732092 -0.648504 -0.208529
vn 0.732092 -0.648504 -0.208529
vn -0.732092 0.648504 0.208529
vn -0.732092 0.648504 0.208529
vn -0.732092 0.648504 0.208529
vn -0.732092 0.648504 0.208529
vn -0.680935 -0.688035 -0.250868
vn -0.680935 -0.688035 -0.250868
vn -0.680935 -0.688035 -0.250868
vn -0.680935 -0.688035 -0.250868
vn -0.544888 -0.373763 -0.750599
vn -0.544888 -0.373763 -0.750599
vn -0.544888 -0.373763 -0.750599
vn -0.567074 -0.749794 0.340933
vn -0.567074 -0.749794 0.340933
vn -0.567074 -0.749794 0.340933
vn -0.586657 0.717517 -0.375503
vn -0.586657 0.717517 -0.375503
vn -0.586657 0.717517 -0.375503
vn -0.608843 0.341485 0.716029
vn -0.608843 0.341485 0.716029
vn -0.608843 0.341485 0.716029
vn 0.608843 -0.341485 -0.716029
vn 0.608843 -0.341485 -0.716029
vn 0.608843 -0.341485 -0.716029
vn 0.586657 -0.717517 0.375503
vn 0.586657 -0.717517 0.375503
vn 0.586657 -0.717517 0.375503
vn 0.567074 0.749794 -0.340933
vn 0.567074 0.749794 -0.340933
vn 0.567074 0.749794 -0.340933
vn 0.544888 0.373763 0.750599
vn 0.544888 0.373763 0.750599
vn 0.544888 0.373763 0.750599
vn -0.034551 -0.411160 0.910908
vn -0.034551 -0.411160 0.910908
vn -0.034551 -0.411160 0.910908
vn -0.034551 -0.411160 0.910908
vn 0.034551 0.411160 -0.910908
vn 0.034551 0.411160 -0.910908
vn 0.034551 0.411160 -0.910908
vn 0.034551 0.411160 -0.910908
vn 0.003775 0.911392 0.411522
vn 0.003775 0.911392 0.411522
vn 0.003775 0.911392 0.411522
vn 0.003775 0.911392 0.411522
vn -0.003775 -0.911392 -0.411522
vn -0.003775 -0.911392 -0.411522
vn -0.003775 -0.911392 -0.411522
vn -0.003775 -0.911392 -0.411522
vn 0.999396 -0.017657 0.029938
vn 0.999396 -0.017657 0.029938
vn 0.999396 -0.017657 0.029938
vn 0.999396 -0.017657 0.029938
vn -0.999396 0.017657 -0.029938
vn -0.999396 0.017657 -0.029938
vn -0.999396 0.017657 -0.029938
vn -0.999396 0.017657 -0.029938
vn -0.021762 0.353718 0.935099
vn -0.021762 0.353718 0.935099
vn -0.021762 0.353718 0.935099
vn -0.021762 0.353718 0.935099
vn 0.027100 0.935186 -0.353120
vn 0.027100 0.935186 -0.353120
vn 0.027100 0.935186 -0.353120
vn 0.027100 0.935186 -0.353120
vn -0.027100 -0.935186 0.353120
vn -0.027100 -0.935186 0.353120
vn -0.027100 -0.935186 0.353120
vn -0.027100 -0.935186 0.353120
vn 0.021762 -0.353718 -0.935099
vn 0.021762 -0.353718 -0.935099
vn 0.021762 -0.353718 -0.935099
vn 0.021762 -0.353718 -0.935099
vn 0.682248 -0.303219 0.665279
vn 0.682248 -0.303219 0.665279
vn 0.682248 -0.303219 0.665279
vn 0.682248 -0.303219 0.665279
vn 0.731111 0.278249 -0.622940
vn 0.731111 0.278249 -0.622940
vn 0.731111 0.278249 -0.622940
vn 0.731111 0.278249 -0.622940
vn -0.731111 -0.278249 0.622940
vn -0.731111 -0.278249 0.622940
vn -0.731111 -0.278249 0.622940
vn -0.731111 -0.278249 0.622940
vn -0.682248 0.303219 -0.665279
vn -0.682248 0.303219 -0.665279
vn -0.682248 0.303219 -0.665279
vn -0.682248 0.303219 -0.665279
vn 0.709349 0.631966 0.312159
vn 0.709349 0.631966 0.312159
vn 0.709349 0.631966 0.312159
vn 0.709349 0.631966 0.312159
vn 0.704011 -0.656937 -0.269821
vn 0.704011 -0.656937 -0.269821
vn 0.704011 -0.656937 -0.269821
vn 0.704011 -0.656937 -0.269821
vn -0.704011 0.656937 0.269821
vn -0.704011 0.656937 0.269821
vn -0.704011 0.656937 0.269821
vn -0.704011 0.656937 0.269821
vn -0.709349 -0.631966 -0.312159
vn -0.709349 -0.631966 -0.312159
vn -0.709349 -0.631966 -0.312159
vn -0.709349 -0.631966 -0.312159
vn -0.559232 -0.278615 -0.780790
vn -0.559232 -0.278615 -0.780790
vn -0.559232 -0.278615 -0.780790
vn -0.599129 -0.753382 0.271036
vn -0.599129 -0.753382 0.271036
vn -0.599129 -0.753382 0.271036
vn -0.554874 0.773770 -0.305606
vn -0.554874 0.773770 -0.305606
vn -0.554874 0.773770 -0.305606
vn -0.594770 0.299003 0.746221
vn -0.594770 0.299003 0.746221
vn -0.594770 0.299003 0.746221
vn 0.594770 -0.299003 -0.746221
vn 0.594770 -0.299003 -0.746221
vn 0.594770 -0.299003 -0.746221
vn 0.554874 -0.773770 0.305606
vn 0.554874 -0.773770 0.305606
vn 0.554874 -0.773770 0.305606
vn 0.599129 0.753382 -0.271036
vn 0.599129 0.753382 -0.271036
vn 0.599129 0.753382 -0.271036
vn 0.559232 0.278615 0.780790
vn 0.559232 0.278615 0.780790
vn 0.559232 0.278615 0.780790
vn -0.025343 -0.411151 0.911215
vn -0.025343 -0.411151 0.911215
vn -0.025343 -0.411151 0.911215
vn -0.025343 -0.411151 0.911215
vn 0.025343 0.411151 -0.911215
vn 0.025343 0.411151 -0.911215
vn 0.025343 0.411151 -0.911215
vn 0.025343 0.411151 -0.911215
vn -0.016646 0.911555 0.410842
vn -0.016646 0.911555 0.410842
vn -0.016646 0.911555 0.410842
vn -0.016646 0.911555 0.410842
vn 0.016646 -0.911555 -0.410842
vn 0.016646 -0.911555 -0.410842
vn 0.016646 -0.911555 -0.410842
vn 0.016646 -0.911555 -0.410842
vn 0.999540 0.004756 0.029946
vn 0.999540 0.004756 0.029946
vn 0.999540 0.004756 0.029946
vn 0.999540 0.004756 0.029946
vn -0.999540 -0.004756 -0.029946
vn -0.999540 -0.004756 -0.029946
vn -0.999540 -0.004756 -0.029946
vn -0.999540 -0.004756 -0.029946
vn -0.029691 0.353838 0.934835
vn -0.029691 0.353838 0.934835
vn -0.029691 0.353838 0.934835
vn -0.029691 0.353838 0.934835
vn 0.006150 0.935294 -0.353817
vn 0.006150 0.935294 -0.353817
vn 0.006150 0.935294 -0.353817
vn 0.006150 0.935294 -0.353817
vn -0.006150 -0.935294 0.353817
vn -0.006150 -0.935294 0.353817
vn -0.006150 -0.935294 0.353817
vn -0.006150 -0.935294 0.353817
vn 0.029691 -0.353838 -0.934835
vn 0.029691 -0.353838 -0.934835
vn 0.029691 -0.353838 -0.934835
vn 0.029691 -0.353838 -0.934835
vn 0.688861 -0.287365 0.665501
vn 0.688861 -0.287365 0.665501
vn 0.688861 -0.287365 0.665501
vn 0.688861 -0.287365 0.665501
vn 0.724702 0.294091 -0.623151
vn 0.724702 0.294091 -0.623151
vn 0.724702 0.294091 -0.623151
vn 0.724702 0.294091 -0.623151
vn -0.724702 -0.294091 0.623151
vn -0.724702 -0.294091 0.623151
vn -0.724702 -0.294091 0.623151
vn -0.724702 -0.294091 0.623151
vn -0.688861 0.287365 -0.665501
vn -0.688861 0.287365 -0.665501
vn -0.688861 0.287365 -0.665501
vn -0.688861 0.287365 -0.665501
vn 0.695011 0.647929 0.311684
vn 0.695011 0.647929 0.311684
vn 0.695011 0.647929 0.311684
vn 0.695011 0.647929 0.311684
vn 0.718552 -0.641204 -0.269334
vn 0.718552 -0.641204 -0.269334
vn 0.718552 -0.641204 -0.269334
vn 0.718552 -0.641204 -0.269334
vn -0.718552 0.641204 0.269334
vn -0.718552 0.641204 0.269334
vn -0.718552 0.641204 0.269334
vn -0.718552 0.641204 0.269334
vn -0.695011 -0.647929 -0.311684
vn -0.695011 -0.647929 -0.311684
vn -0.695011 -0.647929 -0.311684
vn -0.695011 -0.647929 -0.311684
vn -0.552842 -0.291654 -0.780579
vn -0.552842 -0.291654 -0.780579
vn -0.552842 -0.291654 -0.780579
vn -0.582106 -0.766410 0.271601
vn -0.582106 -0.766410 0.271601
vn -0.582106 -0.766410 0.271601
vn -0.572063 0.760919 -0.306180
vn -0.572063 0.760919 -0.306180
vn -0.572063 0.760919 -0.306180
vn -0.601327 0.286162 0.746000
vn -0.601327 0.286162 0.746000
vn -0.601327 0.286162 0.746000
vn 0.601327 -0.286162 -0.746000
vn 0.601327 -0.286162 -0.746000
vn 0.601327 -0.286162 -0.746000
vn 0.572063 -0.760919 0.306180
vn 0.572063 -0.760919 0.306180
vn 0.572063 -0.760919 0.306180
vn 0.582106 0.766410 -0.271601
vn 0.582106 0.766410 -0.271601
vn 0.582106 0.766410 -0.271601
vn 0.552842 0.291654 0.780579
vn 0.552842 0.291654 0.780579
vn 0.552842 0.291654 0.780579
vn -0.032882 -0.332535 0.942517
vn -0.032882 -0.332535 0.942517
vn -0.032882 -0.332535 0.942517
vn -0.032882 -0.332535 0.942517
vn 0.032882 0.332535 -0.942517
vn 0.032882 0.332535 -0.942517
vn 0.032882 0.332535 -0.942517
vn 0.032882 0.332535 -0.942517
vn 0.003209 0.942987 0.332813
vn 0.003209 0.942987 0.332813
vn 0.003209 0.942987 0.332813
vn 0.003209 0.942987 0.332813
vn -0.003209 -0.942987 -0.332813
vn -0.003209 -0.942987 -0.332813
vn -0.003209 -0.942987 -0.332813
vn -0.003209 -0.942987 -0.332813
vn 0.999454 -0.013968 0.029940
vn 0.999454 -0.013968 0.029940
vn 0.999454 -0.013968 0.029940
vn 0.999454 -0.013968 0.029940
vn -0.999454 0.013968 -0.029940
vn -0.999454 0.013968 -0.029940
vn -0.999454 0.013968 -0.029940
vn -0.999454 0.013968 -0.029940
vn -0.020982 0.431655 0.901795
vn -0.020982 0.431655 0.901795
vn -0.020982 0.431655 0.901795
vn -0.020982 0.431655 0.901795
vn 0.025520 0.901931 -0.431126
vn 0.025520 0.901931 -0.431126
vn 0.025520 0.901931 -0.431126
vn 0.025520 0.901931 -0.431126
vn -0.025520 -0.901931 0.431126
vn -0.025520 -0.901931 0.431126
vn -0.025520 -0.901931 0.431126
vn -0.025520 -0.901931 0.431126
vn 0.020982 -0.431655 -0.901795
vn 0.020982 -0.431655 -0.901795
vn 0.020982 -0.431655 -0.901795
vn 0.020982 -0.431655 -0.901795
vn 0.683470 -0.245015 0.687631
vn 0.683470 -0.245015 0.687631
vn 0.683470 -0.245015 0.687631
vn 0.683470 -0.245015 0.687631
vn 0.729972 0.225261 -0.645290
vn 0.729972 0.225261 -0.645290
vn 0.729972 0.225261 -0.645290
vn 0.729972 0.225261 -0.645290
vn -0.729972 -0.225261 0.645290
vn -0.729972 -0.225261 0.645290
vn -0.729972 -0.225261 0.645290
vn -0.729972 -0.225261 0.645290
vn -0.683470 0.245015 -0.687631
vn -0.683470 0.245015 -0.687631
vn -0.683470 0.245015 -0.687631
vn -0.683470 0.245015 -0.687631
vn 0.708990 0.656916 0.256505
vn 0.708990 0.656916 0.256505
vn 0.708990 0.656916 0.256505
vn 0.708990 0.656916 0.256505
vn 0.704452 -0.676669 -0.214163
vn 0.704452 -0.676669 -0.214163
vn 0.704452 -0.676669 -0.214163
vn 0.704452 -0.676669 -0.214163
vn -0.704452 0.676669 0.214163
vn -0.704452 0.676669 0.214163
vn -0.704452 0.676669 0.214163
vn -0.704452 0.676669 0.214163
vn -0.708990 -0.656916 -0.256505
vn -0.708990 -0.656916 -0.256505
vn -0.708990 -0.656916 -0.256505
vn -0.708990 -0.656916 -0.256505
vn -0.559903 -0.344380 -0.753598
vn -0.559903 -0.344380 -0.753598
vn -0.559903 -0.344380 -0.753598
vn -0.597872 -0.728359 0.334727
vn -0.597872 -0.728359 0.334727
vn -0.597872 -0.728359 0.334727
vn -0.556198 0.744488 -0.369299
vn -0.556198 0.744488 -0.369299
vn -0.556198 0.744488 -0.369299
vn -0.594167 0.360509 0.719026
vn -0.594167 0.360509 0.719026
vn -0.594167 0.360509 0.719026
vn 0.594167 -0.360509 -0.719026
vn 0.594167 -0.360509 -0.719026
vn 0.594167 -0.360509 -0.719026
vn 0.556198 -0.744488 0.369299
vn 0.556198 -0.744488 0.369299
vn 0.556198 -0.744488 0.369299
vn 0.597872 0.728359 -0.334727
vn 0.597872 0.728359 -0.334727
vn 0.597872 0.728359 -0.334727
vn 0.559903 0.344380 0.753598
vn 0.559903 0.344380 0.753598
vn 0.559903 0.344380 0.753598
vn -0.018496 -0.372242 0.927951
vn -0.018496 -0.372242 0.927951
vn -0.018496 -0.372242 0.927951
vn -0.018496 -0.372242 0.927951
vn 0.018496 0.372242 -0.927951
vn 0.018496 0.372242 -0.927951
vn 0.018496 0.372242 -0.927951
vn 0.018496 0.372242 -0.927951
vn -0.034332 0.927799 0.371497
vn -0.034332 0.927799 0.371497
vn -0.034332 0.927799 0.371497
vn -0.034332 0.927799 0.371497
vn 0.034332 -0.927799 -0.371497
vn 0.034332 -0.927799 -0.371497
vn 0.034332 -0.927799 -0.371497
vn 0.034332 -0.927799 -0.371497
vn 0.999239 0.024987 0.029940
vn 0.999239 0.024987 0.029940
vn 0.999239 0.024987 0.029940
vn 0.999239 0.024987 0.029940
vn -0.999239 -0.024987 -0.029940
vn -0.999239 -0.024987 -0.029940
vn -0.999239 -0.024987 -0.029940
vn -0.999239 -0.024987 -0.029940
vn -0.037355 0.392839 0.918848
vn -0.037355 0.392839 0.918848
vn -0.037355 0.392839 0.918848
vn -0.037355 0.392839 0.918848
vn -0.011198 0.919268 -0.393473
vn -0.011198 0.919268 -0.393473
vn -0.011198 0.919268 -0.393473
vn -0.011198 0.919268 -0.393473
vn 0.011198 -0.919268 0.393473
vn 0.011198 -0.919268 0.393473
vn 0.011198 -0.919268 0.393473
vn 0.011198 -0.919268 0.393473
vn 0.037355 -0.392839 -0.918848
vn 0.037355 -0.392839 -0.918848
vn 0.037355 -0.392839 -0.918848
vn 0.037355 -0.392839 -0.918848
vn 0.693490 -0.245546 0.677332
vn 0.693490 -0.245546 0.677332
vn 0.693490 -0.245546 0.677332
vn 0.693490 -0.245546 0.677332
vn 0.719647 0.280883 -0.634990
vn 0.719647 0.280883 -0.634990
vn 0.719647 0.280883 -0.634990
vn 0.719647 0.280883 -0.634990
vn -0.719647 -0.280883 0.634990
vn -0.719647 -0.280883 0.634990
vn -0.719647 -0.280883 0.634990
vn -0.719647 -0.280883 0.634990
vn -0.693490 0.245546 -0.677332
vn -0.693490 0.245546 -0.677332
vn -0.693490 0.245546 -0.677332
vn -0.693490 0.245546 -0.677332
vn 0.682293 0.673722 0.283859
vn 0.682293 0.673722 0.283859
vn 0.682293 0.673722 0.283859
vn 0.682293 0.673722 0.283859
vn 0.730845 -0.638385 -0.241517
vn 0.730845 -0.638385 -0.241517
vn 0.730845 -0.638385 -0.241517
vn 0.730845 -0.638385 -0.241517
vn -0.730845 0.638385 0.241517
vn -0.730845 0.638385 0.241517
vn -0.730845 0.638385 0.241517
vn -0.730845 0.638385 0.241517
vn -0.682293 -0.673722 -0.283859
vn -0.682293 -0.673722 -0.283859
vn -0.682293 -0.673722 -0.283859
vn -0.682293 -0.673722 -0.283859
vn -0.546411 -0.335178 -0.767523
vn -0.546411 -0.335178 -0.767523
vn -0.546411 -0.335178 -0.767523
vn -0.567768 -0.765005 0.303983
vn -0.567768 -0.765005 0.303983
vn -0.567768 -0.765005 0.303983
vn -0.586054 0.736153 -0.338555
vn -0.586054 0.736153 -0.338555
vn -0.586054 0.736153 -0.338555
vn -0.607411 0.306325 0.732951
vn -0.607411 0.306325 0.732951
vn -0.607411 0.306325 0.732951
vn 0.607411 -0.306325 -0.732951
vn 0.607411 -0.306325 -0.732951
vn 0.607411 -0.306325 -0.732951
vn 0.586054 -0.736153 0.338555
vn 0.586054 -0.736153 0.338555
vn 0.586054 -0.736153 0.338555
vn 0.567768 0.765005 -0.303983
vn 0.567768 0.765005 -0.303983
vn 0.567768 0.765005 -0.303983
vn 0.546411 0.335178 0.767523
vn 0.546411 0.335178 0.767523
vn 0.546411 0.335178 0.767523
vn -0.021420 -0.367228 0.929884
vn -0.021420 -0.367228 0.929884
vn -0.021420 -0.367228 0.929884
vn -0.021420 -0.367228 0.929884
vn 0.021420 0.367228 -0.929884
vn 0.021420 0.367228 -0.929884
vn 0.021420 0.367228 -0.929884
vn 0.021420 0.367228 -0.929884
vn -0.027295 0.929966 0.366632
vn -0.027295 0.929966 0.366632
vn -0.027295 0.929966 0.366632
vn -0.027295 0.929966 0.366632
vn 0.027295 -0.929966 -0.366632
vn 0.027295 -0.929966 -0.366632
vn 0.027295 -0.929966 -0.366632
vn 0.027295 -0.929966 -0.366632
vn 0.999398 0.017527 0.029944
vn 0.999398 0.017527 0.029944
vn 0.999398 0.017527 0.029944
vn 0.999398 0.017527 0.029944
vn -0.999398 -0.017527 -0.029944
vn -0.999398 -0.017527 -0.029944
vn -0.999398 -0.017527 -0.029944
vn -0.999398 -0.017527 -0.029944
vn -0.034447 0.397915 0.916775
vn -0.034447 0.397915 0.916775
vn -0.034447 0.397915 0.916775
vn -0.034447 0.397915 0.916775
vn -0.004154 0.917255 -0.398280
vn -0.004154 0.917255 -0.398280
vn -0.004154 0.917255 -0.398280
vn -0.004154 0.917255 -0.398280
vn 0.004154 -0.917255 0.398280
vn 0.004154 -0.917255 0.398280
vn 0.004154 -0.917255 0.398280
vn 0.004154 -0.917255 0.398280
vn 0.034447 -0.397915 -0.916775
vn 0.034447 -0.397915 -0.916775
vn 0.034447 -0.397915 -0.916775
vn 0.034447 -0.397915 -0.916775
vn 0.691534 -0.247276 0.678701
vn 0.691534 -0.247276 0.678701
vn 0.691534 -0.247276 0.678701
vn 0.691534 -0.247276 0.678701
vn 0.721828 0.272063 -0.636354
vn 0.721828 0.272063 -0.636354
vn 0.721828 0.272063 -0.636354
vn 0.721828 0.272063 -0.636354
vn -0.721828 -0.272063 0.636354
vn -0.721828 -0.272063 0.636354
vn -0.721828 -0.272063 0.636354
vn -0.721828 -0.272063 0.636354
vn -0.691534 0.247276 -0.678701
vn -0.691534 0.247276 -0.678701
vn -0.691534 0.247276 -0.678701
vn -0.691534 0.247276 -0.678701
vn 0.687381 0.669979 0.280421
vn 0.687381 0.669979 0.280421
vn 0.687381 0.669979 0.280421
vn 0.687381 0.669979 0.280421
vn 0.725981 -0.645191 -0.238074
vn 0.725981 -0.645191 -0.238074
vn 0.725981 -0.645191 -0.238074
vn 0.725981 -0.645191 -0.238074
vn -0.725981 0.645191 0.238074
vn -0.725981 0.645191 0.238074
vn -0.725981 0.645191 0.238074
vn -0.725981 0.645191 0.238074
vn -0.687381 -0.669979 -0.280421
vn -0.687381 -0.669979 -0.280421
vn -0.687381 -0.669979 -0.280421
vn -0.687381 -0.669979 -0.280421
vn -0.548877 -0.335016 -0.765832
vn -0.548877 -0.335016 -0.765832
vn -0.548877 -0.335016 -0.765832
vn -0.573611 -0.759055 0.307906
vn -0.573611 -0.759055 0.307906
vn -0.573611 -0.759055 0.307906
vn -0.580394 0.738816 -0.342482
vn -0.580394 0.738816 -0.342482
vn -0.580394 0.738816 -0.342482
vn -0.605128 0.314777 0.731256
vn -0.605128 0.314777 0.731256
vn -0.605128 0.314777 0.731256
vn 0.605128 -0.314777 -0.731256
vn 0.605128 -0.314777 -0.731256
vn 0.605128 -0.314777 -0.731256
vn 0.580394 -0.738816 0.342482
vn 0.580394 -0.738816 0.342482
vn 0.580394 -0.738816 0.342482
vn 0.573611 0.759055 -0.307906
vn 0.573611 0.759055 -0.307906
vn 0.573611 0.759055 -0.307906
vn 0.548877 0.335016 0.765832
vn 0.548877 0.335016 0.765832
vn 0.548877 0.335016 0.765832
vn -0.023496 -0.345535 0.938112
vn -0.023496 -0.345535 0.938112
vn -0.023496 -0.345535 0.938112
vn -0.023496 -0.345535 0.938112
vn 0.023496 0.345535 -0.938112
vn 0.023496 0.345535 -0.938112
vn 0.023496 0.345535 -0.938112
vn 0.023496 0.345535 -0.938112
vn -0.022858 0.938311 0.345036
vn -0.022858 0.938311 0.345036
vn -0.022858 0.938311 0.345036
vn -0.022858 0.938311 0.345036
vn 0.022858 -0.938311 -0.345036
vn 0.022858 -0.938311 -0.345036
vn 0.022858 -0.938311 -0.345036
vn 0.022858 -0.938311 -0.345036
vn 0.999463 0.013336 0.029945
vn 0.999463 0.013336 0.029945
vn 0.999463 0.013336 0.029945
vn 0.999463 0.013336 0.029945
vn -0.999463 -0.013336 -0.029945
vn -0.999463 -0.013336 -0.029945
vn -0.999463 -0.013336 -0.029945
vn -0.999463 -0.013336 -0.029945
vn -0.032777 0.419156 0.907322
vn -0.032777 0.419156 0.907322
vn -0.032777 0.419156 0.907322
vn -0.032777 0.419156 0.907322
vn 0.000451 0.907816 -0.419368
vn 0.000451 0.907816 -0.419368
vn 0.000451 0.907816 -0.419368
vn 0.000451 0.907816 -0.419368
vn -0.000451 -0.907816 0.419368
vn -0.000451 -0.907816 0.419368
vn -0.000451 -0.907816 0.419368
vn -0.000451 -0.907816 0.419368
vn 0.032777 -0.419156 -0.907322
vn 0.032777 -0.419156 -0.907322
vn 0.032777 -0.419156 -0.907322
vn 0.032777 -0.419156 -0.907322
vn 0.690112 -0.234900 0.684519
vn 0.690112 -0.234900 0.684519
vn 0.690112 -0.234900 0.684519
vn 0.690112 -0.234900 0.684519
vn 0.723341 0.253760 -0.642171
vn 0.723341 0.253760 -0.642171
vn 0.723341 0.253760 -0.642171
vn 0.723341 0.253760 -0.642171
vn -0.723341 -0.253760 0.642171
vn -0.723341 -0.253760 0.642171
vn -0.723341 -0.253760 0.642171
vn -0.723341 -0.253760 0.642171
vn -0.690112 0.234900 -0.684519
vn -0.690112 0.234900 -0.684519
vn -0.690112 0.234900 -0.684519
vn -0.690112 0.234900 -0.684519
vn 0.690564 0.672916 0.265151
vn 0.690564 0.672916 0.265151
vn 0.690564 0.672916 0.265151
vn 0.690564 0.672916 0.265151
vn 0.722890 -0.654056 -0.222803
vn 0.722890 -0.654056 -0.222803
vn 0.722890 -0.654056 -0.222803
vn 0.722890 -0.654056 -0.222803
vn -0.722890 0.654056 0.222803
vn -0.722890 0.654056 0.222803
vn -0.722890 0.654056 0.222803
vn -0.722890 0.654056 0.222803
vn -0.690564 -0.672916 -0.265151
vn -0.690564 -0.672916 -0.265151
vn -0.690564 -0.672916 -0.265151
vn -0.690564 -0.672916 -0.265151
vn -0.550277 -0.349939 -0.758114
vn -0.550277 -0.349939 -0.758114
vn -0.550277 -0.349939 -0.758114
vn -0.577408 -0.748929 0.325124
vn -0.577408 -0.748929 0.325124
vn -0.577408 -0.748929 0.325124
vn -0.576672 0.733529 -0.359701
vn -0.576672 0.733529 -0.359701
vn -0.576672 0.733529 -0.359701
vn -0.603803 0.334540 0.723537
vn -0.603803 0.334540 0.723537
vn -0.603803 0.334540 0.723537
vn 0.603803 -0.334540 -0.723537
vn 0.603803 -0.334540 -0.723537
vn 0.603803 -0.334540 -0.723537
vn 0.576672 -0.733529 0.359701
vn 0.576672 -0.733529 0.359701
vn 0.576672 -0.733529 0.359701
vn 0.577408 0.748929 -0.325124
vn 0.577408 0.748929 -0.325124
vn 0.577408 0.748929 -0.325124
vn 0.550277 0.349939 0.758114
vn 0.550277 0.349939 0.758114
vn 0.550277 0.349939 0.758114
vn -0.031124 -0.368727 0.929017
vn -0.031124 -0.368727 0.929017
vn -0.031124 -0.368727 0.929017
vn -0.031124 -0.368727 0.929017
vn 0.031124 0.368727 -0.929017
vn 0.031124 0.368727 -0.929017
vn 0.031124 0.368727 -0.929017
vn 0.031124 0.368727 -0.929017
vn -0.002749 0.929495 0.368825
vn -0.002749 0.929495 0.368825
vn -0.002749 0.929495 0.368825
vn -0.002749 0.929495 0.368825
vn 0.002749 -0.929495 -0.368825
vn 0.002749 -0.929495 -0.368825
vn 0.002749 -0.929495 -0.368825
vn 0.002749 -0.929495 -0.368825
vn 0.999512 -0.008926 0.029943
vn 0.999512 -0.008926 0.029943
vn 0.999512 -0.008926 0.029943
vn 0.999512 -0.008926 0.029943
vn -0.999512 0.008926 -0.029943
vn -0.999512 0.008926 -0.029943
vn -0.999512 0.008926 -0.029943
vn -0.999512 0.008926 -0.029943
vn -0.023951 0.396523 0.917712
vn -0.023951 0.396523 0.917712
vn -0.023951 0.396523 0.917712
vn -0.023951 0.396523 0.917712
vn 0.020064 0.917981 -0.396116
vn 0.020064 0.917981 -0.396116
vn 0.020064 0.917981 -0.396116
vn 0.020064 0.917981 -0.396116
vn -0.020064 -0.917981 0.396116
vn -0.020064 -0.917981 0.396116
vn -0.020064 -0.917981 0.396116
vn -0.020064 -0.917981 0.396116
vn 0.023951 -0.396523 -0.917712
vn 0.023951 -0.396523 -0.917712
vn 0.023951 -0.396523 -0.917712
vn 0.023951 -0.396523 -0.917712
vn 0.684754 -0.267041 0.678087
vn 0.684754 -0.267041 0.678087
vn 0.684754 -0.267041 0.678087
vn 0.684754 -0.267041 0.678087
vn 0.728769 0.254418 -0.635741
vn 0.728769 0.254418 -0.635741
vn 0.728769 0.254418 -0.635741
vn 0.728769 0.254418 -0.635741
vn -0.728769 -0.254418 0.635741
vn -0.728769 -0.254418 0.635741
vn -0.728769 -0.254418 0.635741
vn -0.728769 -0.254418 0.635741
vn -0.684754 0.267041 -0.678087
vn -0.684754 0.267041 -0.678087
vn -0.684754 0.267041 -0.678087
vn -0.684754 0.267041 -0.678087
vn 0.704818 0.650941 0.281971
vn 0.704818 0.650941 0.281971
vn 0.704818 0.650941 0.281971
vn 0.704818 0.650941 0.281971
vn 0.708705 -0.663563 -0.239626
vn 0.708705 -0.663563 -0.239626
vn 0.708705 -0.663563 -0.239626
vn 0.708705 -0.663563 -0.239626
vn -0.708705 0.663563 0.239626
vn -0.708705 0.663563 0.239626
vn -0.708705 0.663563 0.239626
vn -0.708705 0.663563 0.239626
vn -0.704818 -0.650941 -0.281971
vn -0.704818 -0.650941 -0.281971
vn -0.704818 -0.650941 -0.281971
vn -0.704818 -0.650941 -0.281971
vn -0.557512 -0.318606 -0.766596
vn -0.557512 -0.318606 -0.766596
vn -0.557512 -0.318606 -0.766596
vn -0.593451 -0.744376 0.306140
vn -0.593451 -0.744376 0.306140
vn -0.593451 -0.744376 0.306140
vn -0.560686 0.754682 -0.340714
vn -0.560686 0.754682 -0.340714
vn -0.560686 0.754682 -0.340714
vn -0.596625 0.328913 0.732022
vn -0.596625 0.328913 0.732022
vn -0.596625 0.328913 0.732022
vn 0.596625 -0.328913 -0.732022
vn 0.596625 -0.328913 -0.732022
vn 0.596625 -0.328913 -0.732022
vn 0.560686 -0.754682 0.340714
vn 0.560686 -0.754682 0.340714
vn 0.560686 -0.754682 0.340714
vn 0.593451 0.744376 -0.306140
vn 0.593451 0.744376 -0.306140
vn 0.593451 0.744376 -0.306140
vn 0.557512 0.318606 0.766596
vn 0.557512 0.318606 0.766596
vn 0.557512 0.318606 0.766596
vn -0.031235 -0.358971 0.932826
vn -0.031235 -0.358971 0.932826
vn -0.031235 -0.358971 0.932826
vn -0.031235 -0.358971 0.932826
vn 0.031235 0.358971 -0.932826
vn 0.031235 0.358971 -0.932826
vn 0.031235 0.358971 -0.932826
vn 0.031235 0.358971 -0.932826
vn -0.002204 0.933304 0.359081
vn -0.002204 0.933304 0.359081
vn -0.002204 0.933304 0.359081
vn -0.002204 0.933304 0.359081
vn 0.002204 -0.933304 -0.359081
vn 0.002204 -0.933304 -0.359081
vn 0.002204 -0.933304 -0.359081
vn 0.002204 -0.933304 -0.359081
vn 0.999510 -0.009160 0.029943
vn 0.999510 -0.009160 0.029943
vn 0.999510 -0.009160 0.029943
vn 0.999510 -0.009160 0.029943
vn -0.999510 0.009160 -0.029943
vn -0.999510 0.009160 -0.029943
vn -0.999510 0.009160 -0.029943
vn -0.999510 0.009160 -0.029943
vn -0.023645 0.406115 0.913516
vn -0.023645 0.406115 0.913516
vn -0.023645 0.406115 0.913516
vn -0.023645 0.406115 0.913516
vn 0.020528 0.913776 -0.405699
vn 0.020528 0.913776 -0.405699
vn 0.020528 0.913776 -0.405699
vn 0.020528 0.913776 -0.405699
vn -0.020528 -0.913776 0.405699
vn -0.020528 -0.913776 0.405699
vn -0.020528 -0.913776 0.405699
vn -0.020528 -0.913776 0.405699
vn 0.023645 -0.406115 -0.913516
vn 0.023645 -0.406115 -0.913516
vn 0.023645 -0.406115 -0.913516
vn 0.023645 -0.406115 -0.913516
vn 0.684674 -0.260308 0.680780
vn 0.684674 -0.260308 0.680780
vn 0.684674 -0.260308 0.680780
vn 0.684674 -0.260308 0.680780
vn 0.728846 0.247354 -0.638435
vn 0.728846 0.247354 -0.638435
vn 0.728846 0.247354 -0.638435
vn 0.728846 0.247354 -0.638435
vn -0.728846 -0.247354 0.638435
vn -0.728846 -0.247354 0.638435
vn -0.728846 -0.247354 0.638435
vn -0.728846 -0.247354 0.638435
vn -0.684674 0.260308 -0.680780
vn -0.684674 0.260308 -0.680780
vn -0.684674 0.260308 -0.680780
vn -0.684674 0.260308 -0.680780
vn 0.705202 0.653468 0.275081
vn 0.705202 0.653468 0.275081
vn 0.705202 0.653468 0.275081
vn 0.705202 0.653468 0.275081
vn 0.708318 -0.666423 -0.232736
vn 0.708318 -0.666423 -0.232736
vn 0.708318 -0.666423 -0.232736
vn 0.708318 -0.666423 -0.232736
vn -0.708318 0.666423 0.232736
vn -0.708318 0.666423 0.232736
vn -0.708318 0.666423 0.232736
vn -0.708318 0.666423 0.232736
vn -0.705202 -0.653468 -0.275081
vn -0.705202 -0.653468 -0.275081
vn -0.705202 -0.653468 -0.275081
vn -0.705202 -0.653468 -0.275081
vn -0.557761 -0.326303 -0.763170
vn -0.557761 -0.326303 -0.763170
vn -0.557761 -0.326303 -0.763170
vn -0.593828 -0.740807 0.313964
vn -0.593828 -0.740807 0.313964
vn -0.593828 -0.740807 0.313964
vn -0.560306 0.751384 -0.348539
vn -0.560306 0.751384 -0.348539
vn -0.560306 0.751384 -0.348539
vn -0.596373 0.336880 0.728595
vn -0.596373 0.336880 0.728595
vn -0.596373 0.336880 0.728595
vn 0.596373 -0.336880 -0.728595
vn 0.596373 -0.336880 -0.728595
vn 0.596373 -0.336880 -0.728595
vn 0.560306 -0.751384 0.348539
vn 0.560306 -0.751384 0.348539
vn 0.560306 -0.751384 0.348539
vn 0.593828 0.740807 -0.313964
vn 0.593828 0.740807 -0.313964
vn 0.593828 0.740807 -0.313964
vn 0.557761 0.326303 0.763170
vn 0.557761 0.326303 0.763170
vn 0.557761 0.326303 0.763170
vn -0.999536 -0.005489 -0.029946
vn -0.862878 -0.504746 -0.025934
vn -0.495012 -0.868757 -0.014973
vn 0.005492 -0.999985 -0.000000
vn 0.504524 -0.863268 0.014973
vn 0.868370 -0.495239 0.025934
vn 0.999536 0.005489 0.029946
vn 0.862878 0.504746 0.025934
vn 0.495012 0.868757 0.014973
vn -0.005492 0.999985 0.000000
vn -0.504524 0.863268 -0.014973
vn -0.868370 0.495239 -0.025934
vn -0.999536 -0.005489 -0.029946
vn -0.862878 -0.504746 -0.025934
vn -0.495012 -0.868757 -0.014973
vn 0.005492 -0.999985 -0.000000
vn 0.504524 -0.863268 0.014973
vn 0.868370 -0.495239 0.025934
vn 0.999536 0.005489 0.029946
vn 0.862878 0.504746 0.025934
vn 0.495012 0.868757 0.014973
vn -0.005492 0.999985 0.000000
vn -0.504524 0.863268 -0.014973
vn -0.868370 0.495239 -0.025934
vn -0.999536 -0.005489 -0.029946
vn -0.862878 -0.504746 -0.025934
vn -0.495012 -0.868757 -0.014973
vn 0.005492 -0.999985 -0.000000
vn 0.504524 -0.863268 0.014973
vn 0.868370 -0.495239 0.025934
vn 0.999536 0.005489 0.029946
vn 0.862878 0.504746 0.025934
vn 0.495012 0.868757 0.014973
vn -0.005492 0.999985 0.000000
vn -0.504524 0.863268 -0.014973
vn -0.868370 0.495239 -0.025934
vn -0.999536 -0.005489 -0.029946
vn -0.862878 -0.504746 -0.025934
vn -0.495012 -0.868757 -0.014973
vn 0.005492 -0.999985 -0.000000
vn 0.504524 -0.863268 0.014973
vn 0.868370 -0.495239 0.025934
vn 0.999536 0.005489 0.029946
vn 0.862878 0.504746 0.025934
vn 0.495012 0.868757 0.014973
vn -0.005492 0.999985 0.000000
vn -0.504524 0.863268 -0.014973
vn -0.868370 0.495239 -0.025934
vn 0.029945 0.000164 -0.999552
vn -0.029945 -0.000164 0.999552
vn -0.029945 -0.000164 0.999552
vn -0.029945 -0.000164 0.999552
vn -0.029945 -0.000164 0.999552
vn -0.029945 -0.000164 0.999552
vn 0.029945 0.000164 -0.999552
vn 0.029945 0.000164 -0.999552
vn 0.029945 0.000164 -0.999552
vn 0.029945 0.000164 -0.999552
vn 0.202444 0.979274 0.006226
vn 0.202444 0.979274 0.006226
vn 0.202444 0.979274 0.006226
vn 0.202444 0.979274 0.006226
vn -0.202444 -0.979274 -0.006226
vn -0.202444 -0.979274 -0.006226
vn -0.202444 -0.979274 -0.006226
vn -0.202444 -0.979274 -0.006226
vn 0.978836 -0.202539 0.029291
vn 0.978836 -0.202539 0.029291
vn 0.978836 -0.202539 0.029291
vn 0.978836 -0.202539 0.029291
vn -0.978836 0.202539 -0.029291
vn -0.978836 0.202539 -0.029291
vn -0.978836 0.202539 -0.029291
vn -0.978836 0.202539 -0.029291
vn 0.121975 0.692335 0.711192
vn 0.121975 0.692335 0.711192
vn 0.121975 0.692335 0.711192
vn 0.121975 0.692335 0.711192
vn 0.164324 0.692568 -0.702387
vn 0.164324 0.692568 -0.702387
vn 0.164324 0.692568 -0.702387
vn 0.164324 0.692568 -0.702387
vn -0.164324 -0.692568 0.702387
vn -0.164324 -0.692568 0.702387
vn -0.164324 -0.692568 0.702387
vn -0.164324 -0.692568 0.702387
vn -0.121975 -0.692335 -0.711192
vn -0.121975 -0.692335 -0.711192
vn -0.121975 -0.692335 -0.711192
vn -0.121975 -0.692335 -0.711192
vn 0.670967 -0.143333 0.727502
vn 0.670967 -0.143333 0.727502
vn 0.670967 -0.143333 0.727502
vn 0.670967 -0.143333 0.727502
vn 0.713316 -0.143101 -0.686077
vn 0.713316 -0.143101 -0.686077
vn 0.713316 -0.143101 -0.686077
vn 0.713316 -0.143101 -0.686077
vn -0.713316 0.143101 0.686077
vn -0.713316 0.143101 0.686077
vn -0.713316 0.143101 0.686077
vn -0.713316 0.143101 0.686077
vn -0.670967 0.143333 -0.727502
vn -0.670967 0.143333 -0.727502
vn -0.670967 0.143333 -0.727502
vn -0.670967 0.143333 -0.727502
vn 0.835291 0.549234 0.025115
vn 0.835291 0.549234 0.025115
vn 0.835291 0.549234 0.025115
vn 0.835291 0.549234 0.025115
vn 0.548992 -0.835668 0.016310
vn 0.548992 -0.835668 0.016310
vn 0.548992 -0.835668 0.016310
vn 0.548992 -0.835668 0.016310
vn -0.548992 0.835668 -0.016310
vn -0.548992 0.835668 -0.016310
vn -0.548992 0.835668 -0.016310
vn -0.548992 0.835668 -0.016310
vn -0.835291 -0.549234 -0.025115
vn -0.835291 -0.549234 -0.025115
vn -0.835291 -0.549234 -0.025115
vn -0.835291 -0.549234 -0.025115
vn -0.664723 -0.448353 -0.597597
vn -0.664723 -0.448353 -0.597597
vn -0.664723 -0.448353 -0.597597
vn -0.699301 -0.448543 0.556585
vn -0.699301 -0.448543 0.556585
vn -0.699301 -0.448543 0.556585
vn -0.430961 0.682415 -0.590408
vn -0.430961 0.682415 -0.590408
vn -0.430961 0.682415 -0.590408
vn -0.465539 0.682225 0.563775
vn -0.465539 0.682225 0.563775
vn -0.465539 0.682225 0.563775
vn 0.465539 -0.682225 -0.563775
vn 0.465539 -0.682225 -0.563775
vn 0.465539 -0.682225 -0.563775
vn 0.430961 -0.682415 0.590408
vn 0.430961 -0.682415 0.590408
vn 0.430961 -0.682415 0.590408
vn 0.699301 0.448543 -0.556585
vn 0.699301 0.448543 -0.556585
vn 0.699301 0.448543 -0.556585
vn 0.664723 0.448353 0.597597
vn 0.664723 0.448353 0.597597
vn 0.664723 0.448353 0.597597
vn -0.029945 -0.000164 0.999552
vn -0.029945 -0.000164 0.999552
vn -0.029945 -0.000164 0.999552
vn -0.029945 -0.000164 0.999552
vn 0.029945 0.000164 -0.999552
vn 0.029945 0.000164 -0.999552
vn 0.029945 0.000164 -0.999552
vn 0.029945 0.000164 -0.999552
vn 0.202444 0.979274 0.006226
vn 0.202444 0.979274 0.006226
vn 0.202444 0.979274 0.006226
vn 0.202444 0.979274 0.006226
vn -0.202444 -0.979274 -0.006226
vn -0.202444 -0.979274 -0.006226
vn -0.202444 -0.979274 -0.006226
vn -0.202444 -0.979274 -0.006226
vn 0.978836 -0.202539 0.029291
vn 0.978836 -0.202539 0.029291
vn 0.978836 -0.202539 0.029291
vn 0.978836 -0.202539 0.029291
vn -0.978836 0.202539 -0.029291
vn -0.978836 0.202539 -0.029291
vn -0.978836 0.202539 -0.029291
vn -0.978836 0.202539 -0.029291
vn 0.121975 0.692335 0.711192
vn 0.121975 0.692335 0.711192
vn 0.121975 0.692335 0.711192
vn 0.121975 0.692335 0.711192
vn 0.164324 0.692568 -0.702387
vn 0.164324 0.692568 -0.702387
vn 0.164324 0.692568 -0.702387
vn 0.164324 0.692568 -0.702387
vn -0.164324 -0.692568 0.702387
vn -0.164324 -0.692568 0.702387
vn -0.164324 -0.692568 0.702387
vn -0.164324 -0.692568 0.702387
vn -0.121975 -0.692335 -0.711192
vn -0.121975 -0.692335 -0.711192
vn -0.121975 -0.692335 -0.711192
vn -0.121975 -0.692335 -0.711192
vn 0.670967 -0.143333 0.727502
vn 0.670967 -0.143333 0.727502
vn 0.670967 -0.143333 0.727502
vn 0.670967 -0.143333 0.727502
vn 0.713316 -0.143101 -0.686077
vn 0.713316 -0.143101 -0.686077
vn 0.713316 -0.143101 -0.686077
vn 0.713316 -0.143101 -0.686077
vn -0.713316 0.143101 0.686077
vn -0.713316 0.143101 0.686077
vn -0.713316 0.143101 0.686077
vn -0.713316 0.143101 0.686077
vn -0.670967 0.143333 -0.727502
vn -0.670967 0.143333 -0.727502
vn -0.670967 0.143333 -0.727502
vn -0.670967 0.143333 -0.727502
vn 0.835291 0.549234 0.025115
vn 0.835291 0.549234 0.025115
vn 0.835291 0.549234 0.025115
vn 0.835291 0.549234 0.025115
vn 0.548992 -0.835668 0.016310
vn 0.548992 -0.835668 0.016310
vn 0.548992 -0.835668 0.016310
vn 0.548992 -0.835668 0.016310
vn -0.548992 0.835668 -0.016310
vn -0.548992 0.835668 -0.016310
vn -0.548992 0.835668 -0.016310
vn -0.548992 0.835668 -0.016310
vn -0.835291 -0.549234 -0.025115
vn -0.835291 -0.549234 -0.025115
vn -0.835291 -0.549234 -0.025115
vn -0.835291 -0.549234 -0.025115
vn -0.664723 -0.448353 -0.597597
vn -0.664723 -0.448353 -0.597597
vn -0.664723 -0.448353 -0.597597
vn -0.699301 -0.448543 0.556585
vn -0.699301 -0.448543 0.556585
vn -0.699301 -0.448543 0.556585
vn -0.430961 0.682415 -0.590408
vn -0.430961 0.682415 -0.590408
vn -0.430961 0.682415 -0.590408
vn -0.465539 0.682225 0.563775
vn -0.465539 0.682225 0.563775
vn -0.465539 0.682225 0.563775
vn 0.465539 -0.682225 -0.563775
vn 0.465539 -0.682225 -0.563775
vn 0.465539 -0.682225 -0.563775
vn 0.430961 -0.682415 0.590408
vn 0.430961 -0.682415 0.590408
vn 0.430961 -0.682415 0.590408
vn 0.699301 0.448543 -0.556585
vn 0.699301 0.448543 -0.556585
vn 0.699301 0.448543 -0.556585
vn 0.664723 0.448353 0.597597
vn 0.664723 0.448353 0.597597
vn 0.664723 0.448353 0.597597
vn -0.029945 -0.000164 0.999552
vn -0.029945 -0.000164 0.999552
vn -0.029945 -0.000164 0.999552
vn -0.029945 -0.000164 0.999552
vn 0.029945 0.000164 -0.999552
vn 0.029945 0.000164 -0.999552
vn 0.029945 0.000164 -0.999552
vn 0.029945 0.000164 -0.999552
vn 0.202444 0.979274 0.006226
vn 0.202444 0.979274 0.006226
vn 0.202444 0.979274 0.006226
vn 0.202444 0.979274 0.006226
vn -0.202444 -0.979274 -0.006226
vn -0.202444 -0.979274 -0.006226
vn -0.202444 -0.979274 -0.006226
vn -0.202444 -0.979274 -0.006226
vn 0.978836 -0.202539 0.029291
vn 0.978836 -0.202539 0.029291
vn 0.978836 -0.202539 0.029291
vn 0.978836 -0.202539 0.029291
vn -0.978836 0.202539 -0.029291
vn -0.978836 0.202539 -0.029291
vn -0.978836 0.202539 -0.029291
vn -0.978836 0.202539 -0.029291
vn 0.121975 0.692335 0.711192
vn 0.121975 0.692335 0.711192
vn 0.121975 0.692335 0.711192
vn 0.121975 0.692335 0.711192
vn 0.164324 0.692568 -0.702387
vn 0.164324 0.692568 -0.702387
vn 0.164324 0.692568 -0.702387
vn 0.164324 0.692568 -0.702387
vn -0.164324 -0.692568 0.702387
vn -0.164324 -0.692568 0.702387
vn -0.164324 -0.692568 0.702387
vn -0.164324 -0.692568 0.702387
vn -0.121975 -0.692335 -0.711192
vn -0.121975 -0.692335 -0.711192
vn -0.121975 -0.692335 -0.711192
vn -0.121975 -0.692335 -0.711192
vn 0.670967 -0.143333 0.727502
vn 0.670967 -0.143333 0.727502
vn 0.670967 -0.143333 0.727502
vn 0.670967 -0.143333 0.727502
vn 0.713316 -0.143101 -0.686077
vn 0.713316 -0.143101 -0.686077
vn 0.713316 -0.143101 -0.686077
vn 0.713316 -0.143101 -0.686077
vn -0.713316 0.143101 0.686077
vn -0.713316 0.143101 0.686077
vn -0.713316 0.143101 0.686077
vn -0.713316 0.143101 0.686077
vn -0.670967 0.143333 -0.727502
vn -0.670967 0.143333 -0.727502
vn -0.670967 0.143333 -0.727502
vn -0.670967 0.143333 -0.727502
vn 0.835291 0.549234 0.025115
vn 0.835291 0.549234 0.025115
vn 0.835291 0.549234 0.025115
vn 0.835291 0.549234 0.025115
vn 0.548992 -0.835668 0.016310
vn 0.548992 -0.835668 0.016310
vn 0.548992 -0.835668 0.016310
vn 0.548992 -0.835668 0.016310
vn -0.548992 0.835668 -0.016310
vn -0.548992 0.835668 -0.016310
vn -0.548992 0.835668 -0.016310
vn -0.548992 0.835668 -0.016310
vn -0.835291 -0.549234 -0.025115
vn -0.835291 -0.549234 -0.025115
vn -0.835291 -0.549234 -0.025115
vn -0.835291 -0.549234 -0.025115
vn -0.664723 -0.448353 -0.597597
vn -0.664723 -0.448353 -0.597597
vn -0.664723 -0.448353 -0.597597
vn -0.699301 -0.448543 0.556585
vn -0.699301 -0.448543 0.556585
vn -0.699301 -0.448543 0.556585
vn -0.430961 0.682415 -0.590408
vn -0.430961 0.682415 -0.590408
vn -0.430961 0.682415 -0.590408
vn -0.465539 0.682225 0.563775
vn -0.465539 0.682225 0.563775
vn -0.465539 0.682225 0.563775
vn 0.465539 -0.682225 -0.563775
vn 0.465539 -0.682225 -0.563775
vn 0.465539 -0.682225 -0.563775
vn 0.430961 -0.682415 0.590408
vn 0.430961 -0.682415 0.590408
vn 0.430961 -0.682415 0.590408
vn 0.699301 0.448543 -0.556585
vn 0.699301 0.448543 -0.556585
vn 0.699301 0.448543 -0.556585
vn 0.664723 0.448353 0.597597
vn 0.664723 0.448353 0.597597
vn 0.664723 0.448353 0.597597
vn -0.029945 -0.000164 0.999552
vn -0.029945 -0.000164 0.999552
vn -0.029945 -0.000164 0.999552
vn -0.029945 -0.000164 0.999552
vn 0.029945 0.000164 -0.999552
vn 0.029945 0.000164 -0.999552
vn 0.029945 0.000164 -0.999552
vn 0.029945 0.000164 -0.999552
vn 0.202444 0.979274 0.006226
vn 0.202444 0.979274 0.006226
vn 0.202444 0.979274 0.006226
vn 0.202444 0.979274 0.006226
vn -0.202444 -0.979274 -0.006226
vn -0.202444 -0.979274 -0.006226
vn -0.202444 -0.979274 -0.006226
vn -0.202444 -0.979274 -0.006226
vn 0.978836 -0.202539 0.029291
vn 0.978836 -0.202539 0.029291
vn 0.978836 -0.202539 0.029291
vn 0.978836 -0.202539 0.029291
vn -0.978836 0.202539 -0.029291
vn -0.978836 0.202539 -0.029291
vn -0.978836 0.202539 -0.029291
vn -0.978836 0.202539 -0.029291
vn 0.121975 0.692335 0.711192
vn 0.121975 0.692335 0.711192
vn 0.121975 0.692335 0.711192
vn 0.121975 0.692335 0.711192
vn 0.164324 0.692568 -0.702387
vn 0.164324 0.692568 -0.702387
vn 0.164324 0.692568 -0.702387
vn 0.164324 0.692568 -0.702387
vn -0.164324 -0.692568 0.702387
vn -0.164324 -0.692568 0.702387
vn -0.164324 -0.692568 0.702387
vn -0.164324 -0.692568 0.702387
vn -0.121975 -0.692335 -0.711192
vn -0.121975 -0.692335 -0.711192
vn -0.121975 -0.692335 -0.711192
vn -0.121975 -0.692335 -0.711192
vn 0.670967 -0.143333 0.727502
vn 0.670967 -0.143333 0.727502
vn 0.670967 -0.143333 0.727502
vn 0.670967 -0.143333 0.727502
vn 0.713316 -0.143101 -0.686077
vn 0.713316 -0.143101 -0.686077
vn 0.713316 -0.143101 -0.686077
vn 0.713316 -0.143101 -0.686077
vn -0.713316 0.143101 0.686077
vn -0.713316 0.143101 0.686077
vn -0.713316 0.143101 0.686077
vn -0.713316 0.143101 0.686077
vn -0.670967 0.143333 -0.727502
vn -0.670967 0.143333 -0.727502
vn -0.670967 0.143333 -0.727502
vn -0.670967 0.143333 -0.727502
vn 0.835291 0.549234 0.025115
vn 0.835291 0.549234 0.025115
vn 0.835291 0.549234 0.025115
vn 0.835291 0.549234 0.025115
vn 0.548992 -0.835668 0.016310
vn 0.548992 -0.835668 0.016310
vn 0.548992 -0.835668 0.016310
vn 0.548992 -0.835668 0.016310
vn -0.548992 0.835668 -0.016310
vn -0.548992 0.835668 -0.016310
vn -0.548992 0.835668 -0.016310
vn -0.548992 0.835668 -0.016310
vn -0.835291 -0.549234 -0.025115
vn -0.835291 -0.549234 -0.025115
vn -0.835291 -0.549234 -0.025115
vn -0.835291 -0.549234 -0.025115
vn -0.664723 -0.448353 -0.597597
vn -0.664723 -0.448353 -0.597597
vn -0.664723 -0.448353 -0.597597
vn -0.699301 -0.448543 0.556585
vn -0.699301 -0.448543 0.556585
vn -0.699301 -0.448543 0.556585
vn -0.430961 0.682415 -0.590408
vn -0.430961 0.682415 -0.590408
vn -0.430961 0.682415 -0.590408
vn -0.465539 0.682225 0.563775
vn -0.465539 0.682225 0.563775
vn -0.465539 0.682225 0.563775
vn 0.465539 -0.682225 -0.563775
vn 0.465539 -0.682225 -0.563775
vn 0.465539 -0.682225 -0.563775
vn 0.430961 -0.682415 0.590408
vn 0.430961 -0.682415 0.590408
vn 0.430961 -0.682415 0.590408
vn 0.699301 0.448543 -0.556585
vn 0.699301 0.448543 -0.556585
vn 0.699301 0.448543 -0.556585
vn 0.664723 0.448353 0.597597
vn 0.664723 0.448353 0.597597
vn 0.664723 0.448353 0.597597
vn -0.029945 -0.000164 0.999552
vn -0.029945 -0.000164 0.999552
vn -0.029945 -0.000164 0.999552
vn -0.029945 -0.000164 0.999552
vn 0.029945 0.000164 -0.999552
vn 0.029945 0.000164 -0.999552
vn 0.029945 0.000164 -0.999552
vn 0.029945 0.000164 -0.999552
vn 0.202444 0.979274 0.006226
vn 0.202444 0.979274 0.006226
vn 0.202444 0.979274 0.006226
vn 0.202444 0.979274 0.006226
vn -0.202444 -0.979274 -0.006226
vn -0.202444 -0.979274 -0.006226
vn -0.202444 -0.979274 -0.006226
vn -0.202444 -0.979274 -0.006226
vn 0.978836 -0.202539 0.029291
vn 0.978836 -0.202539 0.029291
vn 0.978836 -0.202539 0.029291
vn 0.978836 -0.202539 0.029291
vn -0.978836 0.202539 -0.029291
vn -0.978836 0.202539 -0.029291
vn -0.978836 0.202539 -0.029291
vn -0.978836 0.202539 -0.029291
vn 0.121975 0.692335 0.711192
vn 0.121975 0.692335 0.711192
vn 0.121975 0.692335 0.711192
vn 0.121975 0.692335 0.711192
vn 0.164324 0.692568 -0.702387
vn 0.164324 0.692568 -0.702387
vn 0.164324 0.692568 -0.702387
vn 0.164324 0.692568 -0.702387
vn -0.164324 -0.692568 0.702387
vn -0.164324 -0.692568 0.702387
vn -0.164324 -0.692568 0.702387
vn -0.164324 -0.692568 0.702387
vn -0.121975 -0.692335 -0.711192
vn -0.121975 -0.692335 -0.711192
vn -0.121975 -0.692335 -0.711192
vn -0.121975 -0.692335 -0.711192
vn 0.670967 -0.143333 0.727502
vn 0.670967 -0.143333 0.727502
vn 0.670967 -0.143333 0.727502
vn 0.670967 -0.143333 0.727502
vn 0.713316 -0.143101 -0.686077
vn 0.713316 -0.143101 -0.686077
vn 0.713316 -0.143101 -0.686077
vn 0.713316 -0.143101 -0.686077
vn -0.713316 0.143101 0.686077
vn -0.713316 0.143101 0.686077
vn -0.713316 0.143101 0.686077
vn -0.713316 0.143101 0.686077
vn -0.670967 0.143333 -0.727502
vn -0.670967 0.143333 -0.727502
vn -0.670967 0.143333 -0.727502
vn -0.670967 0.143333 -0.727502
vn 0.835291 0.549234 0.025115
vn 0.835291 0.549234 0.025115
vn 0.835291 0.549234 0.025115
vn 0.835291 0.549234 0.025115
vn 0.548992 -0.835668 0.016310
vn 0.548992 -0.835668 0.016310
vn 0.548992 -0.835668 0.016310
vn 0.548992 -0.835668 0.016310
vn -0.548992 0.835668 -0.016310
vn -0.548992 0.835668 -0.016310
vn -0.548992 0.835668 -0.016310
vn -0.548992 0.835668 -0.016310
vn -0.835291 -0.549234 -0.025115
vn -0.835291 -0.549234 -0.025115
vn -0.835291 -0.549234 -0.025115
vn -0.835291 -0.549234 -0.025115
vn -0.664723 -0.448353 -0.597597
vn -0.664723 -0.448353 -0.597597
vn -0.664723 -0.448353 -0.597597
vn -0.699301 -0.448543 0.556585
vn -0.699301 -0.448543 0.556585
vn -0.699301 -0.448543 0.556585
vn -0.430961 0.682415 -0.590408
vn -0.430961 0.682415 -0.590408
vn -0.430961 0.682415 -0.590408
vn -0.465539 0.682225 0.563775
vn -0.465539 0.682225 0.563775
vn -0.465539 0.682225 0.563775
vn 0.465539 -0.682225 -0.563775
vn 0.465539 -0.682225 -0.563775
vn 0.465539 -0.682225 -0.563775
vn 0.430961 -0.682415 0.590408
vn 0.430961 -0.682415 0.590408
vn 0.430961 -0.682415 0.590408
vn 0.699301 0.448543 -0.556585
vn 0.699301 0.448543 -0.556585
vn 0.699301 0.448543 -0.556585
vn 0.664723 0.448353 0.597597
vn 0.664723 0.448353 0.597597
vn 0.664723 0.448353 0.597597
vn -0.029945 -0.000164 0.999552
vn -0.029945 -0.000164 0.999552
vn -0.029945 -0.000164 0.999552
vn -0.029945 -0.000164 0.999552
vn 0.029945 0.000164 -0.999552
vn 0.029945 0.000164 -0.999552
vn 0.029945 0.000164 -0.999552
vn 0.029945 0.000164 -0.999552
vn -0.213187 0.976992 -0.006226
vn -0.213187 0.976992 -0.006226
vn -0.213187 0.976992 -0.006226
vn -0.213187 0.976992 -0.006226
vn 0.213187 -0.976992 0.006226
vn 0.213187 -0.976992 0.006226
vn 0.213187 -0.976992 0.006226
vn 0.213187 -0.976992 0.006226
vn 0.976552 0.213278 0.029291
vn 0.976552 0.213278 0.029291
vn 0.976552 0.213278 0.029291
vn 0.976552 0.213278 0.029291
vn -0.976552 -0.213278 -0.029291
vn -0.976552 -0.213278 -0.029291
vn -0.976552 -0.213278 -0.029291
vn -0.976552 -0.213278 -0.029291
vn -0.171921 0.690721 0.702387
vn -0.171921 0.690721 0.702387
vn -0.171921 0.690721 0.702387
vn -0.171921 0.690721 0.702387
vn -0.129571 0.690954 -0.711192
vn -0.129571 0.690954 -0.711192
vn -0.129571 0.690954 -0.711192
vn -0.129571 0.690954 -0.711192
vn 0.129571 -0.690954 0.711192
vn 0.129571 -0.690954 0.711192
vn 0.129571 -0.690954 0.711192
vn 0.129571 -0.690954 0.711192
vn 0.171921 -0.690721 -0.702387
vn 0.171921 -0.690721 -0.702387
vn 0.171921 -0.690721 -0.702387
vn 0.171921 -0.690721 -0.702387
vn 0.669352 0.150694 0.727502
vn 0.669352 0.150694 0.727502
vn 0.669352 0.150694 0.727502
vn 0.669352 0.150694 0.727502
vn 0.711701 0.150926 -0.686077
vn 0.711701 0.150926 -0.686077
vn 0.711701 0.150926 -0.686077
vn 0.711701 0.150926 -0.686077
vn -0.711701 -0.150926 0.686077
vn -0.711701 -0.150926 0.686077
vn -0.711701 -0.150926 0.686077
vn -0.711701 -0.150926 0.686077
vn -0.669352 -0.150694 -0.727502
vn -0.669352 -0.150694 -0.727502
vn -0.669352 -0.150694 -0.727502
vn -0.669352 -0.150694 -0.727502
vn 0.539781 0.841648 0.016310
vn 0.539781 0.841648 0.016310
vn 0.539781 0.841648 0.016310
vn 0.539781 0.841648 0.016310
vn 0.841273 -0.540027 0.025115
vn 0.841273 -0.540027 0.025115
vn 0.841273 -0.540027 0.025115
vn 0.841273 -0.540027 0.025115
vn -0.841273 0.540027 -0.025115
vn -0.841273 0.540027 -0.025115
vn -0.841273 0.540027 -0.025115
vn -0.841273 0.540027 -0.025115
vn -0.539781 -0.841648 -0.016310
vn -0.539781 -0.841648 -0.016310
vn -0.539781 -0.841648 -0.016310
vn -0.539781 -0.841648 -0.016310
vn -0.423440 -0.687107 -0.590408
vn -0.423440 -0.687107 -0.590408
vn -0.423440 -0.687107 -0.590408
vn -0.458018 -0.687297 0.563775
vn -0.458018 -0.687297 0.563775
vn -0.458018 -0.687297 0.563775
vn -0.669607 0.441025 -0.597597
vn -0.669607 0.441025 -0.597597
vn -0.669607 0.441025 -0.597597
vn -0.704185 0.440835 0.556585
vn -0.704185 0.440835 0.556585
vn -0.704185 0.440835 0.556585
vn 0.704185 -0.440835 -0.556585
vn 0.704185 -0.440835 -0.556585
vn 0.704185 -0.440835 -0.556585
vn 0.669607 -0.441025 0.597597
vn 0.669607 -0.441025 0.597597
vn 0.669607 -0.441025 0.597597
vn 0.458018 0.687297 -0.563775
vn 0.458018 0.687297 -0.563775
vn 0.458018 0.687297 -0.563775
vn 0.423440 0.687107 0.590408
vn 0.423440 0.687107 0.590408
vn 0.423440 0.687107 0.590408
vn -0.029945 -0.000164 0.999552
vn -0.029945 -0.000164 0.999552
vn -0.029945 -0.000164 0.999552
vn -0.029945 -0.000164 0.999552
vn 0.029945 0.000164 -0.999552
vn 0.029945 0.000164 -0.999552
vn 0.029945 0.000164 -0.999552
vn 0.029945 0.000164 -0.999552
vn -0.213187 0.976992 -0.006226
vn -0.213187 0.976992 -0.006226
vn -0.213187 0.976992 -0.006226
vn -0.213187 0.976992 -0.006226
vn 0.213187 -0.976992 0.006226
vn 0.213187 -0.976992 0.006226
vn 0.213187 -0.976992 0.006226
vn 0.213187 -0.976992 0.006226
vn 0.976552 0.213278 0.029291
vn 0.976552 0.213278 0.029291
vn 0.976552 0.213278 0.029291
vn 0.976552 0.213278 0.029291
vn -0.976552 -0.213278 -0.029291
vn -0.976552 -0.213278 -0.029291
vn -0.976552 -0.213278 -0.029291
vn -0.976552 -0.213278 -0.029291
vn -0.171921 0.690721 0.702387
vn -0.171921 0.690721 0.702387
vn -0.171921 0.690721 0.702387
vn -0.171921 0.690721 0.702387
vn -0.129571 0.690954 -0.711192
vn -0.129571 0.690954 -0.711192
vn -0.129571 0.690954 -0.711192
vn -0.129571 0.690954 -0.711192
vn 0.129571 -0.690954 0.711192
vn 0.129571 -0.690954 0.711192
vn 0.129571 -0.690954 0.711192
vn 0.129571 -0.690954 0.711192
vn 0.171921 -0.690721 -0.702387
vn 0.171921 -0.690721 -0.702387
vn 0.171921 -0.690721 -0.702387
vn 0.171921 -0.690721 -0.702387
vn 0.669352 0.150694 0.727502
vn 0.669352 0.150694 0.727502
vn 0.669352 0.150694 0.727502
vn 0.669352 0.150694 0.727502
vn 0.711701 0.150926 -0.686077
vn 0.711701 0.150926 -0.686077
vn 0.711701 0.150926 -0.686077
vn 0.711701 0.150926 -0.686077
vn -0.711701 -0.150926 0.686077
vn -0.711701 -0.150926 0.686077
vn -0.711701 -0.150926 0.686077
vn -0.711701 -0.150926 0.686077
vn -0.669352 -0.150694 -0.727502
vn -0.669352 -0.150694 -0.727502
vn -0.669352 -0.150694 -0.727502
vn -0.669352 -0.150694 -0.727502
vn 0.539781 0.841648 0.016310
vn 0.539781 0.841648 0.016310
vn 0.539781 0.841648 0.016310
vn 0.539781 0.841648 0.016310
vn 0.841273 -0.540027 0.025115
vn 0.841273 -0.540027 0.025115
vn 0.841273 -0.540027 0.025115
vn 0.841273 -0.540027 0.025115
vn -0.841273 0.540027 -0.025115
vn -0.841273 0.540027 -0.025115
vn -0.841273 0.540027 -0.025115
vn -0.841273 0.540027 -0.025115
vn -0.539781 -0.841648 -0.016310
vn -0.539781 -0.841648 -0.016310
vn -0.539781 -0.841648 -0.016310
vn -0.539781 -0.841648 -0.016310
vn -0.423440 -0.687107 -0.590408
vn -0.423440 -0.687107 -0.590408
vn -0.423440 -0.687107 -0.590408
vn -0.458018 -0.687297 0.563775
vn -0.458018 -0.687297 0.563775
vn -0.458018 -0.687297 0.563775
vn -0.669607 0.441025 -0.597597
vn -0.669607 0.441025 -0.597597
vn -0.669607 0.441025 -0.597597
vn -0.704185 0.440835 0.556585
vn -0.704185 0.440835 0.556585
vn -0.704185 0.440835 0.556585
vn 0.704185 -0.440835 -0.556585
vn 0.704185 -0.440835 -0.556585
vn 0.704185 -0.440835 -0.556585
vn 0.669607 -0.441025 0.597597
vn 0.669607 -0.441025 0.597597
vn 0.669607 -0.441025 0.597597
vn 0.458018 0.687297 -0.563775
vn 0.458018 0.687297 -0.563775
vn 0.458018 0.687297 -0.563775
vn 0.423440 0.687107 0.590408
vn 0.423440 0.687107 0.590408
vn 0.423440 0.687107 0.590408
vn -0.029945 -0.000164 0.999552
vn -0.029945 -0.000164 0.999552
vn -0.029945 -0.000164 0.999552
vn -0.029945 -0.000164 0.999552
vn 0.029945 0.000164 -0.999552
vn 0.029945 0.000164 -0.999552
vn 0.029945 0.000164 -0.999552
vn 0.029945 0.000164 -0.999552
vn -0.213187 0.976992 -0.006226
vn -0.213187 0.976992 -0.006226
vn -0.213187 0.976992 -0.006226
vn -0.213187 0.976992 -0.006226
vn 0.213187 -0.976992 0.006226
vn 0.213187 -0.976992 0.006226
vn 0.213187 -0.976992 0.006226
vn 0.213187 -0.976992 0.006226
vn 0.976552 0.213278 0.029291
vn 0.976552 0.213278 0.029291
vn 0.976552 0.213278 0.029291
vn 0.976552 0.213278 0.029291
vn -0.976552 -0.213278 -0.029291
vn -0.976552 -0.213278 -0.029291
vn -0.976552 -0.213278 -0.029291
vn -0.976552 -0.213278 -0.029291
vn -0.171921 0.690721 0.702387
vn -0.171921 0.690721 0.702387
vn -0.171921 0.690721 0.702387
vn -0.171921 0.690721 0.702387
vn -0.129571 0.690954 -0.711192
vn -0.129571 0.690954 -0.711192
vn -0.129571 0.690954 -0.711192
vn -0.129571 0.690954 -0.711192
vn 0.129571 -0.690954 0.711192
vn 0.129571 -0.690954 0.711192
vn 0.129571 -0.690954 0.711192
vn 0.129571 -0.690954 0.711192
vn 0.171921 -0.690721 -0.702387
vn 0.171921 -0.690721 -0.702387
vn 0.171921 -0.690721 -0.702387
vn 0.171921 -0.690721 -0.702387
vn 0.669352 0.150694 0.727502
vn 0.669352 0.150694 0.727502
vn 0.669352 0.150694 0.727502
vn 0.669352 0.150694 0.727502
vn 0.711701 0.150926 -0.686077
vn 0.711701 0.150926 -0.686077
vn 0.711701 0.150926 -0.686077
vn 0.711701 0.150926 -0.686077
vn -0.711701 -0.150926 0.686077
vn -0.711701 -0.150926 0.686077
vn -0.711701 -0.150926 0.686077
vn -0.711701 -0.150926 0.686077
vn -0.669352 -0.150694 -0.727502
vn -0.669352 -0.150694 -0.727502
vn -0.669352 -0.150694 -0.727502
vn -0.669352 -0.150694 -0.727502
vn 0.539781 0.841648 0.016310
vn 0.539781 0.841648 0.016310
vn 0.539781 0.841648 0.016310
vn 0.539781 0.841648 0.016310
vn 0.841273 -0.540027 0.025115
vn 0.841273 -0.540027 0.025115
vn 0.841273 -0.540027 0.025115
vn 0.841273 -0.540027 0.025115
vn -0.841273 0.540027 -0.025115
vn -0.841273 0.540027 -0.025115
vn -0.841273 0.540027 -0.025115
vn -0.841273 0.540027 -0.025115
vn -0.539781 -0.841648 -0.016310
vn -0.539781 -0.841648 -0.016310
vn -0.539781 -0.841648 -0.016310
vn -0.539781 -0.841648 -0.016310
vn -0.423440 -0.687107 -0.590408
vn -0.423440 -0.687107 -0.590408
vn -0.423440 -0.687107 -0.590408
vn -0.458018 -0.687297 0.563775
vn -0.458018 -0.687297 0.563775
vn -0.458018 -0.687297 0.563775
vn -0.669607 0.441025 -0.597597
vn -0.669607 0.441025 -0.597597
vn -0.669607 0.441025 -0.597597
vn -0.704185 0.440835 0.556585
vn -0.704185 0.440835 0.556585
vn -0.704185 0.440835 0.556585
vn 0.704185 -0.440835 -0.556585
vn 0.704185 -0.440835 -0.556585
vn 0.704185 -0.440835 -0.556585
vn 0.669607 -0.441025 0.597597
vn 0.669607 -0.441025 0.597597
vn 0.669607 -0.441025 0.597597
vn 0.458018 0.687297 -0.563775
vn 0.458018 0.687297 -0.563775
vn 0.458018 0.687297 -0.563775
vn 0.423440 0.687107 0.590408
vn 0.423440 0.687107 0.590408
vn 0.423440 0.687107 0.590408
vn -0.029945 -0.000164 0.999552
vn -0.029945 -0.000164 0.999552
vn -0.029945 -0.000164 0.999552
vn -0.029945 -0.000164 0.999552
vn 0.029945 0.000164 -0.999552
vn 0.029945 0.000164 -0.999552
vn 0.029945 0.000164 -0.999552
vn 0.029945 0.000164 -0.999552
vn -0.213187 0.976992 -0.006226
vn -0.213187 0.976992 -0.006226
vn -0.213187 0.976992 -0.006226
vn -0.213187 0.976992 -0.006226
vn 0.213187 -0.976992 0.006226
vn 0.213187 -0.976992 0.006226
vn 0.213187 -0.976992 0.006226
vn 0.213187 -0.976992 0.006226
vn 0.976552 0.213278 0.029291
vn 0.976552 0.213278 0.029291
vn 0.976552 0.213278 0.029291
vn 0.976552 0.213278 0.029291
vn -0.976552 -0.213278 -0.029291
vn -0.976552 -0.213278 -0.029291
vn -0.976552 -0.213278 -0.029291
vn -0.976552 -0.213278 -0.029291
vn -0.171921 0.690721 0.702387
vn -0.171921 0.690721 0.702387
vn -0.171921 0.690721 0.702387
vn -0.171921 0.690721 0.702387
vn -0.129571 0.690954 -0.711192
vn -0.129571 0.690954 -0.711192
vn -0.129571 0.690954 -0.711192
vn -0.129571 0.690954 -0.711192
vn 0.129571 -0.690954 0.711192
vn 0.129571 -0.690954 0.711192
vn 0.129571 -0.690954 0.711192
vn 0.129571 -0.690954 0.711192
vn 0.171921 -0.690721 -0.702387
vn 0.171921 -0.690721 -0.702387
vn 0.171921 -0.690721 -0.702387
vn 0.171921 -0.690721 -0.702387
vn 0.669352 0.150694 0.727502
vn 0.669352 0.150694 0.727502
vn 0.669352 0.150694 0.727502
vn 0.669352 0.150694 0.727502
vn 0.711701 0.150926 -0.686077
vn 0.711701 0.150926 -0.686077
vn 0.711701 0.150926 -0.686077
vn 0.711701 0.150926 -0.686077
vn -0.711701 -0.150926 0.686077
vn -0.711701 -0.150926 0.686077
vn -0.711701 -0.150926 0.686077
vn -0.711701 -0.150926 0.686077
vn -0.669352 -0.150694 -0.727502
vn -0.669352 -0.150694 -0.727502
vn -0.669352 -0.150694 -0.727502
vn -0.669352 -0.150694 -0.727502
vn 0.539781 0.841648 0.016310
vn 0.539781 0.841648 0.016310
vn 0.539781 0.841648 0.016310
vn 0.539781 0.841648 0.016310
vn 0.841273 -0.540027 0.025115
vn 0.841273 -0.540027 0.025115
vn 0.841273 -0.540027 0.025115
vn 0.841273 -0.540027 0.025115
vn -0.841273 0.540027 -0.025115
vn -0.841273 0.540027 -0.025115
vn -0.841273 0.540027 -0.025115
vn -0.841273 0.540027 -0.025115
vn -0.539781 -0.841648 -0.016310
vn -0.539781 -0.841648 -0.016310
vn -0.539781 -0.841648 -0.016310
vn -0.539781 -0.841648 -0.016310
vn -0.423440 -0.687107 -0.590408
vn -0.423440 -0.687107 -0.590408
vn -0.423440 -0.687107 -0.590408
vn -0.458018 -0.687297 0.563775
vn -0.458018 -0.687297 0.563775
vn -0.458018 -0.687297 0.563775
vn -0.669607 0.441025 -0.597597
vn -0.669607 0.441025 -0.597597
vn -0.669607 0.441025 -0.597597
vn -0.704185 0.440835 0.556585
vn -0.704185 0.440835 0.556585
vn -0.704185 0.440835 0.556585
vn 0.704185 -0.440835 -0.556585
vn 0.704185 -0.440835 -0.556585
vn 0.704185 -0.440835 -0.556585
vn 0.669607 -0.441025 0.597597
vn 0.669607 -0.441025 0.597597
vn 0.669607 -0.441025 0.597597
vn 0.458018 0.687297 -0.563775
vn 0.458018 0.687297 -0.563775
vn 0.458018 0.687297 -0.563775
vn 0.423440 0.687107 0.590408
vn 0.423440 0.687107 0.590408
vn 0.423440 0.687107 0.590408
vn -0.029945 -0.000164 0.999552
vn -0.029945 -0.000164 0.999552
vn -0.029945 -0.000164 0.999552
vn -0.029945 -0.000164 0.999552
vn 0.029945 0.000164 -0.999552
vn 0.029945 0.000164 -0.999552
vn 0.029945 0.000164 -0.999552
vn 0.029945 0.000164 -0.999552
vn -0.213187 0.976992 -0.006226
vn -0.213187 0.976992 -0.006226
vn -0.213187 0.976992 -0.006226
vn -0.213187 0.976992 -0.006226
vn 0.213187 -0.976992 0.006226
vn 0.213187 -0.976992 0.006226
vn 0.213187 -0.976992 0.006226
vn 0.213187 -0.976992 0.006226
vn 0.976552 0.213278 0.029291
vn 0.976552 0.213278 0.029291
vn 0.976552 0.213278 0.029291
vn 0.976552 0.213278 0.029291
vn -0.976552 -0.213278 -0.029291
vn -0.976552 -0.213278 -0.029291
vn -0.976552 -0.213278 -0.029291
vn -0.976552 -0.213278 -0.029291
vn -0.171921 0.690721 0.702387
vn -0.171921 0.690721 0.702387
vn -0.171921 0.690721 0.702387
vn -0.171921 0.690721 0.702387
vn -0.129571 0.690954 -0.711192
vn -0.129571 0.690954 -0.711192
vn -0.129571 0.690954 -0.711192
vn -0.129571 0.690954 -0.711192
vn 0.129571 -0.690954 0.711192
vn 0.129571 -0.690954 0.711192
vn 0.129571 -0.690954 0.711192
vn 0.129571 -0.690954 0.711192
vn 0.171921 -0.690721 -0.702387
vn 0.171921 -0.690721 -0.702387
vn 0.171921 -0.690721 -0.702387
vn 0.171921 -0.690721 -0.702387
vn 0.669352 0.150694 0.727502
vn 0.669352 0.150694 0.727502
vn 0.669352 0.150694 0.727502
vn 0.669352 0.150694 0.727502
vn 0.711701 0.150926 -0.686077
vn 0.711701 0.150926 -0.686077
vn 0.711701 0.150926 -0.686077
vn 0.711701 0.150926 -0.686077
vn -0.711701 -0.150926 0.686077
vn -0.711701 -0.150926 0.686077
vn -0.711701 -0.150926 0.686077
vn -0.711701 -0.150926 0.686077
vn -0.669352 -0.150694 -0.727502
vn -0.669352 -0.150694 -0.727502
vn -0.669352 -0.150694 -0.727502
vn -0.669352 -0.150694 -0.727502
vn 0.539781 0.841648 0.016310
vn 0.539781 0.841648 0.016310
vn 0.539781 0.841648 0.016310
vn 0.539781 0.841648 0.016310
vn 0.841273 -0.540027 0.025115
vn 0.841273 -0.540027 0.025115
vn 0.841273 -0.540027 0.025115
vn 0.841273 -0.540027 0.025115
vn -0.841273 0.540027 -0.025115
vn -0.841273 0.540027 -0.025115
vn -0.841273 0.540027 -0.025115
vn -0.841273 0.540027 -0.025115
vn -0.539781 -0.841648 -0.016310
vn -0.539781 -0.841648 -0.016310
vn -0.539781 -0.841648 -0.016310
vn -0.539781 -0.841648 -0.016310
vn -0.423440 -0.687107 -0.590408
vn -0.423440 -0.687107 -0.590408
vn -0.423440 -0.687107 -0.590408
vn -0.458018 -0.687297 0.563775
vn -0.458018 -0.687297 0.563775
vn -0.458018 -0.687297 0.563775
vn -0.669607 0.441025 -0.597597
vn -0.669607 0.441025 -0.597597
vn -0.669607 0.441025 -0.597597
vn -0.704185 0.440835 0.556585
vn -0.704185 0.440835 0.556585
vn -0.704185 0.440835 0.556585
vn 0.704185 -0.440835 -0.556585
vn 0.704185 -0.440835 -0.556585
vn 0.704185 -0.440835 -0.556585
vn 0.669607 -0.441025 0.597597
vn 0.669607 -0.441025 0.597597
vn 0.669607 -0.441025 0.597597
vn 0.458018 0.687297 -0.563775
vn 0.458018 0.687297 -0.563775
vn 0.458018 0.687297 -0.563775
vn 0.423440 0.687107 0.590408
vn 0.423440 0.687107 0.590408
vn 0.423440 0.687107 0.590408
vn -0.029945 -0.000164 0.999552
vn -0.029945 -0.000164 0.999552
vn -0.029945 -0.000164 0.999552
vn -0.029945 -0.000164 0.999552
vn 0.029945 0.000164 -0.999552
vn 0.029945 0.000164 -0.999552
vn 0.029945 0.000164 -0.999552
vn 0.029945 0.000164 -0.999552
vn -0.005492 0.999985 0.000000
vn -0.005492 0.999985 0.000000
vn -0.005492 0.999985 0.000000
vn -0.005492 0.999985 0.000000
vn 0.005492 -0.999985 0.000000
vn 0.005492 -0.999985 0.000000
vn 0.005492 -0.999985 0.000000
vn 0.005492 -0.999985 0.000000
vn 0.999536 0.005489 0.029946
vn 0.999536 0.005489 0.029946
vn 0.999536 0.005489 0.029946
vn 0.999536 0.005489 0.029946
vn -0.999536 -0.005489 -0.029946
vn -0.999536 -0.005489 -0.029946
vn -0.999536 -0.005489 -0.029946
vn -0.999536 -0.005489 -0.029946
vn -0.025058 0.706980 0.706790
vn -0.025058 0.706980 0.706790
vn -0.025058 0.706980 0.706790
vn -0.025058 0.706980 0.706790
vn 0.017291 0.707212 -0.706790
vn 0.017291 0.707212 -0.706790
vn 0.017291 0.707212 -0.706790
vn 0.017291 0.707212 -0.706790
vn -0.017291 -0.707212 0.706790
vn -0.017291 -0.707212 0.706790
vn -0.017291 -0.707212 0.706790
vn -0.017291 -0.707212 0.706790
vn 0.025058 -0.706980 -0.706790
vn 0.025058 -0.706980 -0.706790
vn 0.025058 -0.706980 -0.706790
vn 0.025058 -0.706980 -0.706790
vn 0.685604 0.003765 0.727965
vn 0.685604 0.003765 0.727965
vn 0.685604 0.003765 0.727965
vn 0.685604 0.003765 0.727965
vn 0.727954 0.003998 -0.685615
vn 0.727954 0.003998 -0.685615
vn 0.727954 0.003998 -0.685615
vn 0.727954 0.003998 -0.685615
vn -0.727954 -0.003998 0.685615
vn -0.727954 -0.003998 0.685615
vn -0.727954 -0.003998 0.685615
vn -0.727954 -0.003998 0.685615
vn -0.685604 -0.003765 -0.727965
vn -0.685604 -0.003765 -0.727965
vn -0.685604 -0.003765 -0.727965
vn -0.685604 -0.003765 -0.727965
vn 0.702896 0.710978 0.021175
vn 0.702896 0.710978 0.021175
vn 0.702896 0.710978 0.021175
vn 0.702896 0.710978 0.021175
vn 0.710662 -0.703215 0.021175
vn 0.710662 -0.703215 0.021175
vn 0.710662 -0.703215 0.021175
vn 0.710662 -0.703215 0.021175
vn -0.710662 0.703215 -0.021175
vn -0.710662 0.703215 -0.021175
vn -0.710662 0.703215 -0.021175
vn -0.710662 0.703215 -0.021175
vn -0.702896 -0.710978 -0.021175
vn -0.702896 -0.710978 -0.021175
vn -0.702896 -0.710978 -0.021175
vn -0.702896 -0.710978 -0.021175
vn -0.556623 -0.580416 -0.594381
vn -0.556623 -0.580416 -0.594381
vn -0.556623 -0.580416 -0.594381
vn -0.591201 -0.580606 0.559802
vn -0.591201 -0.580606 0.559802
vn -0.591201 -0.580606 0.559802
vn -0.562964 0.574267 -0.594381
vn -0.562964 0.574267 -0.594381
vn -0.562964 0.574267 -0.594381
vn -0.597542 0.574077 0.559802
vn -0.597542 0.574077 0.559802
vn -0.597542 0.574077 0.559802
vn 0.597542 -0.574077 -0.559802
vn 0.597542 -0.574077 -0.559802
vn 0.597542 -0.574077 -0.559802
vn 0.562964 -0.574267 0.594381
vn 0.562964 -0.574267 0.594381
vn 0.562964 -0.574267 0.594381
vn 0.591201 0.580606 -0.559802
vn 0.591201 0.580606 -0.559802
vn 0.591201 0.580606 -0.559802
vn 0.556623 0.580416 0.594381
vn 0.556623 0.580416 0.594381
vn 0.556623 0.580416 0.594381
vn -0.029945 -0.000164 0.999552
vn -0.029945 -0.000164 0.999552
vn -0.029945 -0.000164 0.999552
vn -0.029945 -0.000164 0.999552
vn 0.029945 0.000164 -0.999552
vn 0.029945 0.000164 -0.999552
vn 0.029945 0.000164 -0.999552
vn 0.029945 0.000164 -0.999552
vn -0.005492 0.999985 0.000000
vn -0.005492 0.999985 0.000000
vn -0.005492 0.999985 0.000000
vn -0.005492 0.999985 0.000000
vn 0.005492 -0.999985 0.000000
vn 0.005492 -0.999985 0.000000
vn 0.005492 -0.999985 0.000000
vn 0.005492 -0.999985 0.000000
vn 0.999536 0.005489 0.029946
vn 0.999536 0.005489 0.029946
vn 0.999536 0.005489 0.029946
vn 0.999536 0.005489 0.029946
vn -0.999536 -0.005489 -0.029946
vn -0.999536 -0.005489 -0.029946
vn -0.999536 -0.005489 -0.029946
vn -0.999536 -0.005489 -0.029946
vn -0.025058 0.706980 0.706790
vn -0.025058 0.706980 0.706790
vn -0.025058 0.706980 0.706790
vn -0.025058 0.706980 0.706790
vn 0.017291 0.707212 -0.706790
vn 0.017291 0.707212 -0.706790
vn 0.017291 0.707212 -0.706790
vn 0.017291 0.707212 -0.706790
vn -0.017291 -0.707212 0.706790
vn -0.017291 -0.707212 0.706790
vn -0.017291 -0.707212 0.706790
vn -0.017291 -0.707212 0.706790
vn 0.025058 -0.706980 -0.706790
vn 0.025058 -0.706980 -0.706790
vn 0.025058 -0.706980 -0.706790
vn 0.025058 -0.706980 -0.706790
vn 0.685604 0.003765 0.727965
vn 0.685604 0.003765 0.727965
vn 0.685604 0.003765 0.727965
vn 0.685604 0.003765 0.727965
vn 0.727954 0.003998 -0.685615
vn 0.727954 0.003998 -0.685615
vn 0.727954 0.003998 -0.685615
vn 0.727954 0.003998 -0.685615
vn -0.727954 -0.003998 0.685615
vn -0.727954 -0.003998 0.685615
vn -0.727954 -0.003998 0.685615
vn -0.727954 -0.003998 0.685615
vn -0.685604 -0.003765 -0.727965
vn -0.685604 -0.003765 -0.727965
vn -0.685604 -0.003765 -0.727965
vn -0.685604 -0.003765 -0.727965
vn 0.702896 0.710978 0.021175
vn 0.702896 0.710978 0.021175
vn 0.702896 0.710978 0.021175
vn 0.702896 0.710978 0.021175
vn 0.710662 -0.703215 0.021175
vn 0.710662 -0.703215 0.021175
vn 0.710662 -0.703215 0.021175
vn 0.710662 -0.703215 0.021175
vn -0.710662 0.703215 -0.021175
vn -0.710662 0.703215 -0.021175
vn -0.710662 0.703215 -0.021175
vn -0.710662 0.703215 -0.021175
vn -0.702896 -0.710978 -0.021175
vn -0.702896 -0.710978 -0.021175
vn -0.702896 -0.710978 -0.021175
vn -0.702896 -0.710978 -0.021175
vn -0.556623 -0.580416 -0.594381
vn -0.556623 -0.580416 -0.594381
vn -0.556623 -0.580416 -0.594381
vn -0.591201 -0.580606 0.559802
vn -0.591201 -0.580606 0.559802
vn -0.591201 -0.580606 0.559802
vn -0.562964 0.574267 -0.594381
vn -0.562964 0.574267 -0.594381
vn -0.562964 0.574267 -0.594381
vn -0.597542 0.574077 0.559802
vn -0.597542 0.574077 0.559802
vn -0.597542 0.574077 0.559802
vn 0.597542 -0.574077 -0.559802
vn 0.597542 -0.574077 -0.559802
vn 0.597542 -0.574077 -0.559802
vn 0.562964 -0.574267 0.594381
vn 0.562964 -0.574267 0.594381
vn 0.562964 -0.574267 0.594381
vn 0.591201 0.580606 -0.559802
vn 0.591201 0.580606 -0.559802
vn 0.591201 0.580606 -0.559802
vn 0.556623 0.580416 0.594381
vn 0.556623 0.580416 0.594381
vn 0.556623 0.580416 0.594381
vn -0.029945 -0.000164 0.999552
vn -0.029945 -0.000164 0.999552
vn -0.029945 -0.000164 0.999552
vn -0.029945 -0.000164 0.999552
vn 0.029945 0.000164 -0.999552
vn 0.029945 0.000164 -0.999552
vn 0.029945 0.000164 -0.999552
vn 0.029945 0.000164 -0.999552
vn -0.005492 0.999985 0.000000
vn -0.005492 0.999985 0.000000
vn -0.005492 0.999985 0.000000
vn -0.005492 0.999985 0.000000
vn 0.005492 -0.999985 0.000000
vn 0.005492 -0.999985 0.000000
vn 0.005492 -0.999985 0.000000
vn 0.005492 -0.999985 0.000000
vn 0.999536 0.005489 0.029946
vn 0.999536 0.005489 0.029946
vn 0.999536 0.005489 0.029946
vn 0.999536 0.005489 0.029946
vn -0.999536 -0.005489 -0.029946
vn -0.999536 -0.005489 -0.029946
vn -0.999536 -0.005489 -0.029946
vn -0.999536 -0.005489 -0.029946
vn -0.025058 0.706980 0.706790
vn -0.025058 0.706980 0.706790
vn -0.025058 0.706980 0.706790
vn -0.025058 0.706980 0.706790
vn 0.017291 0.707212 -0.706790
vn 0.017291 0.707212 -0.706790
vn 0.017291 0.707212 -0.706790
vn 0.017291 0.707212 -0.706790
vn -0.017291 -0.707212 0.706790
vn -0.017291 -0.707212 0.706790
vn -0.017291 -0.707212 0.706790
vn -0.017291 -0.707212 0.706790
vn 0.025058 -0.706980 -0.706790
vn 0.025058 -0.706980 -0.706790
vn 0.025058 -0.706980 -0.706790
vn 0.025058 -0.706980 -0.706790
vn 0.685604 0.003765 0.727965
vn 0.685604 0.003765 0.727965
vn 0.685604 0.003765 0.727965
vn 0.685604 0.003765 0.727965
vn 0.727954 0.003998 -0.685615
vn 0.727954 0.003998 -0.685615
vn 0.727954 0.003998 -0.685615
vn 0.727954 0.003998 -0.685615
vn -0.727954 -0.003998 0.685615
vn -0.727954 -0.003998 0.685615
vn -0.727954 -0.003998 0.685615
vn -0.727954 -0.003998 0.685615
vn -0.685604 -0.003765 -0.727965
vn -0.685604 -0.003765 -0.727965
vn -0.685604 -0.003765 -0.727965
vn -0.685604 -0.003765 -0.727965
vn 0.702896 0.710978 0.021175
vn 0.702896 0.710978 0.021175
vn 0.702896 0.710978 0.021175
vn 0.702896 0.710978 0.021175
vn 0.710662 -0.703215 0.021175
vn 0.710662 -0.703215 0.021175
vn 0.710662 -0.703215 0.021175
vn 0.710662 -0.703215 0.021175
vn -0.710662 0.703215 -0.021175
vn -0.710662 0.703215 -0.021175
vn -0.710662 0.703215 -0.021175
vn -0.710662 0.703215 -0.021175
vn -0.702896 -0.710978 -0.021175
vn -0.702896 -0.710978 -0.021175
vn -0.702896 -0.710978 -0.021175
vn -0.702896 -0.710978 -0.021175
vn -0.556623 -0.580416 -0.594381
vn -0.556623 -0.580416 -0.594381
vn -0.556623 -0.580416 -0.594381
vn -0.591201 -0.580606 0.559802
vn -0.591201 -0.580606 0.559802
vn -0.591201 -0.580606 0.559802
vn -0.562964 0.574267 -0.594381
vn -0.562964 0.574267 -0.594381
vn -0.562964 0.574267 -0.594381
vn -0.597542 0.574077 0.559802
vn -0.597542 0.574077 0.559802
vn -0.597542 0.574077 0.559802
vn 0.597542 -0.574077 -0.559802
vn 0.597542 -0.574077 -0.559802
vn 0.597542 -0.574077 -0.559802
vn 0.562964 -0.574267 0.594381
vn 0.562964 -0.574267 0.594381
vn 0.562964 -0.574267 0.594381
vn 0.591201 0.580606 -0.559802
vn 0.591201 0.580606 -0.559802
vn 0.591201 0.580606 -0.559802
vn 0.556623 0.580416 0.594381
vn 0.556623 0.580416 0.594381
vn 0.556623 0.580416 0.594381
vn -0.029945 -0.000164 0.999552
vn -0.029945 -0.000164 0.999552
vn -0.029945 -0.000164 0.999552
vn -0.029945 -0.000164 0.999552
vn 0.029945 0.000164 -0.999552
vn 0.029945 0.000164 -0.999552
vn 0.029945 0.000164 -0.999552
vn 0.029945 0.000164 -0.999552
vn -0.005492 0.999985 0.000000
vn -0.005492 0.999985 0.000000
vn -0.005492 0.999985 0.000000
vn -0.005492 0.999985 0.000000
vn 0.005492 -0.999985 0.000000
vn 0.005492 -0.999985 0.000000
vn 0.005492 -0.999985 0.000000
vn 0.005492 -0.999985 0.000000
vn 0.999536 0.005489 0.029946
vn 0.999536 0.005489 0.029946
vn 0.999536 0.005489 0.029946
vn 0.999536 0.005489 0.029946
vn -0.999536 -0.005489 -0.029946
vn -0.999536 -0.005489 -0.029946
vn -0.999536 -0.005489 -0.029946
vn -0.999536 -0.005489 -0.029946
vn -0.025058 0.706980 0.706790
vn -0.025058 0.706980 0.706790
vn -0.025058 0.706980 0.706790
vn -0.025058 0.706980 0.706790
vn 0.017291 0.707212 -0.706790
vn 0.017291 0.707212 -0.706790
vn 0.017291 0.707212 -0.706790
vn 0.017291 0.707212 -0.706790
vn -0.017291 -0.707212 0.706790
vn -0.017291 -0.707212 0.706790
vn -0.017291 -0.707212 0.706790
vn -0.017291 -0.707212 0.706790
vn 0.025058 -0.706980 -0.706790
vn 0.025058 -0.706980 -0.706790
vn 0.025058 -0.706980 -0.706790
vn 0.025058 -0.706980 -0.706790
vn 0.685604 0.003765 0.727965
vn 0.685604 0.003765 0.727965
vn 0.685604 0.003765 0.727965
vn 0.685604 0.003765 0.727965
vn 0.727954 0.003998 -0.685615
vn 0.727954 0.003998 -0.685615
vn 0.727954 0.003998 -0.685615
vn 0.727954 0.003998 -0.685615
vn -0.727954 -0.003998 0.685615
vn -0.727954 -0.003998 0.685615
vn -0.727954 -0.003998 0.685615
vn -0.727954 -0.003998 0.685615
vn -0.685604 -0.003765 -0.727965
vn -0.685604 -0.003765 -0.727965
vn -0.685604 -0.003765 -0.727965
vn -0.685604 -0.003765 -0.727965
vn 0.702896 0.710978 0.021175
vn 0.702896 0.710978 0.021175
vn 0.702896 0.710978 0.021175
vn 0.702896 0.710978 0.021175
vn 0.710662 -0.703215 0.021175
vn 0.710662 -0.703215 0.021175
vn 0.710662 -0.703215 0.021175
vn 0.710662 -0.703215 0.021175
vn -0.710662 0.703215 -0.021175
vn -0.710662 0.703215 -0.021175
vn -0.710662 0.703215 -0.021175
vn -0.710662 0.703215 -0.021175
vn -0.702896 -0.710978 -0.021175
vn -0.702896 -0.710978 -0.021175
vn -0.702896 -0.710978 -0.021175
vn -0.702896 -0.710978 -0.021175
vn -0.556623 -0.580416 -0.594381
vn -0.556623 -0.580416 -0.594381
vn -0.556623 -0.580416 -0.594381
vn -0.591201 -0.580606 0.559802
vn -0.591201 -0.580606 0.559802
vn -0.591201 -0.580606 0.559802
vn -0.562964 0.574267 -0.594381
vn -0.562964 0.574267 -0.594381
vn -0.562964 0.574267 -0.594381
vn -0.597542 0.574077 0.559802
vn -0.597542 0.574077 0.559802
vn -0.597542 0.574077 0.559802
vn 0.597542 -0.574077 -0.559802
vn 0.597542 -0.574077 -0.559802
vn 0.597542 -0.574077 -0.559802
vn 0.562964 -0.574267 0.594381
vn 0.562964 -0.574267 0.594381
vn 0.562964 -0.574267 0.594381
vn 0.591201 0.580606 -0.559802
vn 0.591201 0.580606 -0.559802
vn 0.591201 0.580606 -0.559802
vn 0.556623 0.580416 0.594381
vn 0.556623 0.580416 0.594381
vn 0.556623 0.580416 0.594381
vn -0.999536 -0.005489 -0.029946
vn -0.486882 -0.822182 -0.294894
vn 0.512655 -0.816693 -0.264949
vn 0.999536 0.005489 0.029946
vn 0.486882 0.822182 0.294894
vn -0.512655 0.816693 0.264949
vn -0.999536 -0.005489 -0.029946
vn -0.486882 -0.822182 -0.294894
vn 0.512655 -0.816693 -0.264949
vn 0.999536 0.005489 0.029946
vn 0.486882 0.822182 0.294894
vn -0.512655 0.816693 0.264949
vn -0.999536 -0.005489 -0.029946
vn -0.486882 -0.822182 -0.294894
vn 0.512655 -0.816693 -0.264949
vn 0.999536 0.005489 0.029946
vn 0.486882 0.822182 0.294894
vn -0.512655 0.816693 0.264949
vn -0.999536 -0.005489 -0.029946
vn -0.486882 -0.822182 -0.294894
vn 0.512655 -0.816693 -0.264949
vn 0.999536 0.005489 0.029946
vn 0.486882 0.822182 0.294894
vn -0.512655 0.816693 0.264949
vn 0.026561 0.323521 -0.945848
vn -0.026561 -0.323521 0.945848
vn -0.999536 -0.005489 -0.029946
vn -0.303651 -0.952738 -0.009254
vn 0.811870 -0.583336 0.024227
vn 0.805414 0.592217 0.024227
vn -0.314097 0.949346 -0.009254
vn -0.999536 -0.005489 -0.029946
vn -0.303651 -0.952738 -0.009254
vn 0.811870 -0.583336 0.024227
vn 0.805414 0.592217 0.024227
vn -0.314097 0.949346 -0.009254
vn -0.999536 -0.005489 -0.029946
vn -0.303651 -0.952738 -0.009254
vn 0.811870 -0.583336 0.024227
vn 0.805414 0.592217 0.024227
vn -0.314097 0.949346 -0.009254
vn -0.999536 -0.005489 -0.029946
vn -0.303651 -0.952738 -0.009254
vn 0.811870 -0.583336 0.024227
vn 0.805414 0.592217 0.024227
vn -0.314097 0.949346 -0.009254
vn 0.029945 0.000164 -0.999552
vn -0.029945 -0.000164 0.999552
vn -0.029945 -0.000164 0.999552
vn -0.029945 -0.000164 0.999552
vn -0.029945 -0.000164 0.999552
vn -0.029945 -0.000164 0.999552
vn 0.029945 0.000164 -0.999552
vn 0.029945 0.000164 -0.999552
vn 0.029945 0.000164 -0.999552
vn 0.029945 0.000164 -0.999552
vn -0.005492 0.999985 0.000000
vn -0.005492 0.999985 0.000000
vn -0.005492 0.999985 0.000000
vn -0.005492 0.999985 0.000000
vn 0.005492 -0.999985 0.000000
vn 0.005492 -0.999985 0.000000
vn 0.005492 -0.999985 0.000000
vn 0.005492 -0.999985 0.000000
vn 0.999536 0.005489 0.029946
vn 0.999536 0.005489 0.029946
vn 0.999536 0.005489 0.029946
vn 0.999536 0.005489 0.029946
vn -0.999536 -0.005489 -0.029946
vn -0.999536 -0.005489 -0.029946
vn -0.999536 -0.005489 -0.029946
vn -0.999536 -0.005489 -0.029946
vn -0.025058 0.706980 0.706790
vn -0.025058 0.706980 0.706790
vn -0.025058 0.706980 0.706790
vn -0.025058 0.706980 0.706790
vn 0.017291 0.707212 -0.706790
vn 0.017291 0.707212 -0.706790
vn 0.017291 0.707212 -0.706790
vn 0.017291 0.707212 -0.706790
vn -0.017291 -0.707212 0.706790
vn -0.017291 -0.707212 0.706790
vn -0.017291 -0.707212 0.706790
vn -0.017291 -0.707212 0.706790
vn 0.025058 -0.706980 -0.706790
vn 0.025058 -0.706980 -0.706790
vn 0.025058 -0.706980 -0.706790
vn 0.025058 -0.706980 -0.706790
vn 0.685604 0.003765 0.727965
vn 0.685604 0.003765 0.727965
vn 0.685604 0.003765 0.727965
vn 0.685604 0.003765 0.727965
vn 0.727954 0.003998 -0.685615
vn 0.727954 0.003998 -0.685615
vn 0.727954 0.003998 -0.685615
vn 0.727954 0.003998 -0.685615
vn -0.727954 -0.003998 0.685615
vn -0.727954 -0.003998 0.685615
vn -0.727954 -0.003998 0.685615
vn -0.727954 -0.003998 0.685615
vn -0.685604 -0.003765 -0.727965
vn -0.685604 -0.003765 -0.727965
vn -0.685604 -0.003765 -0.727965
vn -0.685604 -0.003765 -0.727965
vn 0.702896 0.710978 0.021175
vn 0.702896 0.710978 0.021175
vn 0.702896 0.710978 0.021175
vn 0.702896 0.710978 0.021175
vn 0.710662 -0.703215 0.021175
vn 0.710662 -0.703215 0.021175
vn 0.710662 -0.703215 0.021175
vn 0.710662 -0.703215 0.021175
vn -0.710662 0.703215 -0.021175
vn -0.710662 0.703215 -0.021175
vn -0.710662 0.703215 -0.021175
vn -0.710662 0.703215 -0.021175
vn -0.702896 -0.710978 -0.021175
vn -0.702896 -0.710978 -0.021175
vn -0.702896 -0.710978 -0.021175
vn -0.702896 -0.710978 -0.021175
vn -0.556623 -0.580416 -0.594381
vn -0.556623 -0.580416 -0.594381
vn -0.556623 -0.580416 -0.594381
vn -0.591201 -0.580606 0.559802
vn -0.591201 -0.580606 0.559802
vn -0.591201 -0.580606 0.559802
vn -0.562964 0.574267 -0.594381
vn -0.562964 0.574267 -0.594381
vn -0.562964 0.574267 -0.594381
vn -0.597542 0.574077 0.559802
vn -0.597542 0.574077 0.559802
vn -0.597542 0.574077 0.559802
vn 0.597542 -0.574077 -0.559802
vn 0.597542 -0.574077 -0.559802
vn 0.597542 -0.574077 -0.559802
vn 0.562964 -0.574267 0.594381
vn 0.562964 -0.574267 0.594381
vn 0.562964 -0.574267 0.594381
vn 0.591201 0.580606 -0.559802
vn 0.591201 0.580606 -0.559802
vn 0.591201 0.580606 -0.559802
vn 0.556623 0.580416 0.594381
vn 0.556623 0.580416 0.594381
vn 0.556623 0.580416 0.594381
vn -0.029945 -0.000164 0.999552
vn -0.029945 -0.000164 0.999552
vn -0.029945 -0.000164 0.999552
vn -0.029945 -0.000164 0.999552
vn 0.029945 0.000164 -0.999552
vn 0.029945 0.000164 -0.999552
vn 0.029945 0.000164 -0.999552
vn 0.029945 0.000164 -0.999552
vn -0.005492 0.999985 0.000000
vn -0.005492 0.999985 0.000000
vn -0.005492 0.999985 0.000000
vn -0.005492 0.999985 0.000000
vn 0.005492 -0.999985 0.000000
vn 0.005492 -0.999985 0.000000
vn 0.005492 -0.999985 0.000000
vn 0.005492 -0.999985 0.000000
vn 0.999536 0.005489 0.029946
vn 0.999536 0.005489 0.029946
vn 0.999536 0.005489 0.029946
vn 0.999536 0.005489 0.029946
vn -0.999536 -0.005489 -0.029946
vn -0.999536 -0.005489 -0.029946
vn -0.999536 -0.005489 -0.029946
vn -0.999536 -0.005489 -0.029946
vn -0.025058 0.706980 0.706790
vn -0.025058 0.706980 0.706790
vn -0.025058 0.706980 0.706790
vn -0.025058 0.706980 0.706790
vn 0.017291 0.707212 -0.706790
vn 0.017291 0.707212 -0.706790
vn 0.017291 0.707212 -0.706790
vn 0.017291 0.707212 -0.706790
vn -0.017291 -0.707212 0.706790
vn -0.017291 -0.707212 0.706790
vn -0.017291 -0.707212 0.706790
vn -0.017291 -0.707212 0.706790
vn 0.025058 -0.706980 -0.706790
vn 0.025058 -0.706980 -0.706790
vn 0.025058 -0.706980 -0.706790
vn 0.025058 -0.706980 -0.706790
vn 0.685604 0.003765 0.727965
vn 0.685604 0.003765 0.727965
vn 0.685604 0.003765 0.727965
vn 0.685604 0.003765 0.727965
vn 0.727954 0.003998 -0.685615
vn 0.727954 0.003998 -0.685615
vn 0.727954 0.003998 -0.685615
vn 0.727954 0.003998 -0.685615
vn -0.727954 -0.003998 0.685615
vn -0.727954 -0.003998 0.685615
vn -0.727954 -0.003998 0.685615
vn -0.727954 -0.003998 0.685615
vn -0.685604 -0.003765 -0.727965
vn -0.685604 -0.003765 -0.727965
vn -0.685604 -0.003765 -0.727965
vn -0.685604 -0.003765 -0.727965
vn 0.702896 0.710978 0.021175
vn 0.702896 0.710978 0.021175
vn 0.702896 0.710978 0.021175
vn 0.702896 0.710978 0.021175
vn 0.710662 -0.703215 0.021175
vn 0.710662 -0.703215 0.021175
vn 0.710662 -0.703215 0.021175
vn 0.710662 -0.703215 0.021175
vn -0.710662 0.703215 -0.021175
vn -0.710662 0.703215 -0.021175
vn -0.710662 0.703215 -0.021175
vn -0.710662 0.703215 -0.021175
vn -0.702896 -0.710978 -0.021175
vn -0.702896 -0.710978 -0.021175
vn -0.702896 -0.710978 -0.021175
vn -0.702896 -0.710978 -0.021175
vn -0.556623 -0.580416 -0.594381
vn -0.556623 -0.580416 -0.594381
vn -0.556623 -0.580416 -0.594381
vn -0.591201 -0.580606 0.559802
vn -0.591201 -0.580606 0.559802
vn -0.591201 -0.580606 0.559802
vn -0.562964 0.574267 -0.594381
vn -0.562964 0.574267 -0.594381
vn -0.562964 0.574267 -0.594381
vn -0.597542 0.574077 0.559802
vn -0.597542 0.574077 0.559802
vn -0.597542 0.574077 0.559802
vn 0.597542 -0.574077 -0.559802
vn 0.597542 -0.574077 -0.559802
vn 0.597542 -0.574077 -0.559802
vn 0.562964 -0.574267 0.594381
vn 0.562964 -0.574267 0.594381
vn 0.562964 -0.574267 0.594381
vn 0.591201 0.580606 -0.559802
vn 0.591201 0.580606 -0.559802
vn 0.591201 0.580606 -0.559802
vn 0.556623 0.580416 0.594381
vn 0.556623 0.580416 0.594381
vn 0.556623 0.580416 0.594381
vn -0.999536 -0.005489 -0.029946
vn -0.486882 -0.822182 -0.294894
vn 0.512655 -0.816693 -0.264949
vn 0.999536 0.005489 0.029946
vn 0.486882 0.822182 0.294894
vn -0.512655 0.816693 0.264949
vn -0.999536 -0.005489 -0.029946
vn -0.486882 -0.822182 -0.294894
vn 0.512655 -0.816693 -0.264949
vn 0.999536 0.005489 0.029946
vn 0.486882 0.822182 0.294894
vn -0.512655 0.816693 0.264949
vn -0.999536 -0.005489 -0.029946
vn -0.486882 -0.822182 -0.294894
vn 0.512655 -0.816693 -0.264949
vn 0.999536 0.005489 0.029946
vn 0.486882 0.822182 0.294894
vn -0.512655 0.816693 0.264949
vn -0.999536 -0.005489 -0.029946
vn -0.486882 -0.822182 -0.294894
vn 0.512655 -0.816693 -0.264949
vn 0.999536 0.005489 0.029946
vn 0.486882 0.822182 0.294894
vn -0.512655 0.816693 0.264949
vn 0.026561 0.323521 -0.945848
vn -0.026561 -0.323521 0.945848
vn -0.999536 -0.005489 -0.029946
vn -0.303651 -0.952738 -0.009254
vn 0.811870 -0.583336 0.024227
vn 0.805414 0.592217 0.024227
vn -0.314097 0.949346 -0.009254
vn -0.999536 -0.005489 -0.029946
vn -0.303651 -0.952738 -0.009254
vn 0.811870 -0.583336 0.024227
vn 0.805414 0.592217 0.024227
vn -0.314097 0.949346 -0.009254
vn -0.999536 -0.005489 -0.029946
vn -0.303651 -0.952738 -0.009254
vn 0.811870 -0.583336 0.024227
vn 0.805414 0.592217 0.024227
vn -0.314097 0.949346 -0.009254
vn -0.999536 -0.005489 -0.029946
vn -0.303651 -0.952738 -0.009254
vn 0.811870 -0.583336 0.024227
vn 0.805414 0.592217 0.024227
vn -0.314097 0.949346 -0.009254
vn 0.029945 0.000164 -0.999552
vn -0.029945 -0.000164 0.999552
vn -0.029945 -0.000164 0.999552
vn -0.029945 -0.000164 0.999552
vn -0.029945 -0.000164 0.999552
vn -0.029945 -0.000164 0.999552
vn 0.029945 0.000164 -0.999552
vn 0.029945 0.000164 -0.999552
vn 0.029945 0.000164 -0.999552
vn 0.029945 0.000164 -0.999552
vn -0.005492 0.999985 0.000000
vn -0.005492 0.999985 0.000000
vn -0.005492 0.999985 0.000000
vn -0.005492 0.999985 0.000000
vn 0.005492 -0.999985 0.000000
vn 0.005492 -0.999985 0.000000
vn 0.005492 -0.999985 0.000000
vn 0.005492 -0.999985 0.000000
vn 0.999536 0.005489 0.029946
vn 0.999536 0.005489 0.029946
vn 0.999536 0.005489 0.029946
vn 0.999536 0.005489 0.029946
vn -0.999536 -0.005489 -0.029946
vn -0.999536 -0.005489 -0.029946
vn -0.999536 -0.005489 -0.029946
vn -0.999536 -0.005489 -0.029946
vn -0.025058 0.706980 0.706790
vn -0.025058 0.706980 0.706790
vn -0.025058 0.706980 0.706790
vn -0.025058 0.706980 0.706790
vn 0.017291 0.707212 -0.706790
vn 0.017291 0.707212 -0.706790
vn 0.017291 0.707212 -0.706790
vn 0.017291 0.707212 -0.706790
vn -0.017291 -0.707212 0.706790
vn -0.017291 -0.707212 0.706790
vn -0.017291 -0.707212 0.706790
vn -0.017291 -0.707212 0.706790
vn 0.025058 -0.706980 -0.706790
vn 0.025058 -0.706980 -0.706790
vn 0.025058 -0.706980 -0.706790
vn 0.025058 -0.706980 -0.706790
vn 0.685604 0.003765 0.727965
vn 0.685604 0.003765 0.727965
vn 0.685604 0.003765 0.727965
vn 0.685604 0.003765 0.727965
vn 0.727954 0.003998 -0.685615
vn 0.727954 0.003998 -0.685615
vn 0.727954 0.003998 -0.685615
vn 0.727954 0.003998 -0.685615
vn -0.727954 -0.003998 0.685615
vn -0.727954 -0.003998 0.685615
vn -0.727954 -0.003998 0.685615
vn -0.727954 -0.003998 0.685615
vn -0.685604 -0.003765 -0.727965
vn -0.685604 -0.003765 -0.727965
vn -0.685604 -0.003765 -0.727965
vn -0.685604 -0.003765 -0.727965
vn 0.702896 0.710978 0.021175
vn 0.702896 0.710978 0.021175
vn 0.702896 0.710978 0.021175
vn 0.702896 0.710978 0.021175
vn 0.710662 -0.703215 0.021175
vn 0.710662 -0.703215 0.021175
vn 0.710662 -0.703215 0.021175
vn 0.710662 -0.703215 0.021175
vn -0.710662 0.703215 -0.021175
vn -0.710662 0.703215 -0.021175
vn -0.710662 0.703215 -0.021175
vn -0.710662 0.703215 -0.021175
vn -0.702896 -0.710978 -0.021175
vn -0.702896 -0.710978 -0.021175
vn -0.702896 -0.710978 -0.021175
vn -0.702896 -0.710978 -0.021175
vn -0.556623 -0.580416 -0.594381
vn -0.556623 -0.580416 -0.594381
vn -0.556623 -0.580416 -0.594381
vn -0.591201 -0.580606 0.559802
vn -0.591201 -0.580606 0.559802
vn -0.591201 -0.580606 0.559802
vn -0.562964 0.574267 -0.594381
vn -0.562964 0.574267 -0.594381
vn -0.562964 0.574267 -0.594381
vn -0.597542 0.574077 0.559802
vn -0.597542 0.574077 0.559802
vn -0.597542 0.574077 0.559802
vn 0.597542 -0.574077 -0.559802
vn 0.597542 -0.574077 -0.559802
vn 0.597542 -0.574077 -0.559802
vn 0.562964 -0.574267 0.594381
vn 0.562964 -0.574267 0.594381
vn 0.562964 -0.574267 0.594381
vn 0.591201 0.580606 -0.559802
vn 0.591201 0.580606 -0.559802
vn 0.591201 0.580606 -0.559802
vn 0.556623 0.580416 0.594381
vn 0.556623 0.580416 0.594381
vn 0.556623 0.580416 0.594381
vn -0.029945 -0.000164 0.999552
vn -0.029945 -0.000164 0.999552
vn -0.029945 -0.000164 0.999552
vn -0.029945 -0.000164 0.999552
vn 0.029945 0.000164 -0.999552
vn 0.029945 0.000164 -0.999552
vn 0.029945 0.000164 -0.999552
vn 0.029945 0.000164 -0.999552
vn -0.005492 0.999985 0.000000
vn -0.005492 0.999985 0.000000
vn -0.005492 0.999985 0.000000
vn -0.005492 0.999985 0.000000
vn 0.005492 -0.999985 0.000000
vn 0.005492 -0.999985 0.000000
vn 0.005492 -0.999985 0.000000
vn 0.005492 -0.999985 0.000000
vn 0.999536 0.005489 0.029946
vn 0.999536 0.005489 0.029946
vn 0.999536 0.005489 0.029946
vn 0.999536 0.005489 0.029946
vn -0.999536 -0.005489 -0.029946
vn -0.999536 -0.005489 -0.029946
vn -0.999536 -0.005489 -0.029946
vn -0.999536 -0.005489 -0.029946
vn -0.025058 0.706980 0.706790
vn -0.025058 0.706980 0.706790
vn -0.025058 0.706980 0.706790
vn -0.025058 0.706980 0.706790
vn 0.017291 0.707212 -0.706790
vn 0.017291 0.707212 -0.706790
vn 0.017291 0.707212 -0.706790
vn 0.017291 0.707212 -0.706790
vn -0.017291 -0.707212 0.706790
vn -0.017291 -0.707212 0.706790
vn -0.017291 -0.707212 0.706790
vn -0.017291 -0.707212 0.706790
vn 0.025058 -0.706980 -0.706790
vn 0.025058 -0.706980 -0.706790
vn 0.025058 -0.706980 -0.706790
vn 0.025058 -0.706980 -0.706790
vn 0.685604 0.003765 0.727965
vn 0.685604 0.003765 0.727965
vn 0.685604 0.003765 0.727965
vn 0.685604 0.003765 0.727965
vn 0.727954 0.003998 -0.685615
vn 0.727954 0.003998 -0.685615
vn 0.727954 0.003998 -0.685615
vn 0.727954 0.003998 -0.685615
vn -0.727954 -0.003998 0.685615
vn -0.727954 -0.003998 0.685615
vn -0.727954 -0.003998 0.685615
vn -0.727954 -0.003998 0.685615
vn -0.685604 -0.003765 -0.727965
vn -0.685604 -0.003765 -0.727965
vn -0.685604 -0.003765 -0.727965
vn -0.685604 -0.003765 -0.727965
vn 0.702896 0.710978 0.021175
vn 0.702896 0.710978 0.021175
vn 0.702896 0.710978 0.021175
vn 0.702896 0.710978 0.021175
vn 0.710662 -0.703215 0.021175
vn 0.710662 -0.703215 0.021175
vn 0.710662 -0.703215 0.021175
vn 0.710662 -0.703215 0.021175
vn -0.710662 0.703215 -0.021175
vn -0.710662 0.703215 -0.021175
vn -0.710662 0.703215 -0.021175
vn -0.710662 0.703215 -0.021175
vn -0.702896 -0.710978 -0.021175
vn -0.702896 -0.710978 -0.021175
vn -0.702896 -0.710978 -0.021175
vn -0.702896 -0.710978 -0.021175
vn -0.556623 -0.580416 -0.594381
vn -0.556623 -0.580416 -0.594381
vn -0.556623 -0.580416 -0.594381
vn -0.591201 -0.580606 0.559802
vn -0.591201 -0.580606 0.559802
vn -0.591201 -0.580606 0.559802
vn -0.562964 0.574267 -0.594381
vn -0.562964 0.574267 -0.594381
vn -0.562964 0.574267 -0.594381
vn -0.597542 0.574077 0.559802
vn -0.597542 0.574077 0.559802
vn -0.597542 0.574077 0.559802
vn 0.597542 -0.574077 -0.559802
vn 0.597542 -0.574077 -0.559802
vn 0.597542 -0.574077 -0.559802
vn 0.562964 -0.574267 0.594381
vn 0.562964 -0.574267 0.594381
vn 0.562964 -0.574267 0.594381
vn 0.591201 0.580606 -0.559802
vn 0.591201 0.580606 -0.559802
vn 0.591201 0.580606 -0.559802
vn 0.556623 0.580416 0.594381
vn 0.556623 0.580416 0.594381
vn 0.556623 0.580416 0.594381
f 1/1/1 2/2/2 3/3/3
f 1/1/1 3/3/3 4/4/4
f 5/5/5 6/6/6 7/7/7
f 5/5/5 7/7/7 8/8/8
f 9/9/9 10/10/10 11/11/11
f 9/9/9 11/11/11 12/12/12
f 13/13/13 14/14/14 15/15/15
f 13/13/13 15/15/15 16/16/16
f 17/17/17 18/18/18 19/19/19
f 17/17/17 19/19/19 20/20/20
f 21/21/21 22/22/22 23/23/23
f 21/21/21 23/23/23 24/24/24
f 25/25/25 26/26/26 27/27/27
f 25/25/25 27/27/27 28/28/28
f 29/29/29 30/30/30 31/31/31
f 29/29/29 31/31/31 32/32/32
f 33/33/33 34/34/34 35/35/35
f 33/33/33 35/35/35 36/36/36
f 37/37/37 38/38/38 39/39/39
f 37/37/37 39/39/39 40/40/40
f 41/41/41 42/42/42 43/43/43
f 41/41/41 43/43/43 44/44/44
f 45/45/45 46/46/46 47/47/47
f 45/45/45 47/47/47 48/48/48
f 49/49/49 50/50/50 51/51/51
f 49/49/49 51/51/51 52/52/52
f 53/53/53 54/54/54 55/55/55
f 53/53/53 55/55/55 56/56/56
f 57/57/57 58/58/58 59/59/59
f 57/57/57 59/59/59 60/60/60
f 61/61/61 62/62/62 63/63/63
f 61/61/61 63/63/63 64/64/64
f 65/65/65 66/66/66 67/67/67
f 65/65/65 67/67/67 68/68/68
f 69/69/69 70/70/70 71/71/71
f 69/69/69 71/71/71 72/72/72
f 73/73/73 75/75/75 74/74/74
f 76/76/76 77/77/77 78/78/78
f 79/79/79 80/80/80 81/81/81
f 82/82/82 84/84/84 83/83/83
f 85/85/85 86/86/86 87/87/87
f 88/88/88 90/90/90 89/89/89
f 91/91/91 93/93/93 92/92/92
f 94/94/94 95/95/95 96/96/96
f 97/97/97 98/98/98 99/99/99
f 97/97/97 99/99/99 100/100/100
f 101/101/101 102/102/102 103/103/103
f 101/101/101 103/103/103 104/104/104
f 105/105/105 106/106/106 107/107/107
f 105/105/105 107/107/107 108/108/108
f 109/109/109 110/110/110 111/111/111
f 109/109/109 111/111/111 112/112/112
f 113/113/113 114/114/114 115/115/115
f 113/113/113 115/115/115 116/116/116
f 117/117/117 118/118/118 119/119/119
f 117/117/117 119/119/119 120/120/120
f 121/121/121 122/122/122 123/123/123
f 121/121/121 123/123/123 124/124/124
f 125/125/125 126/126/126 127/127/127
f 125/125/125 127/127/127 128/128/128
f 129/129/129 130/130/130 131/131/131
f 129/129/129 131/131/131 132/132/132
f 133/133/133 134/134/134 135/135/135
f 133/133/133 135/135/135 136/136/136
f 137/137/137 138/138/138 139/139/139
f 137/137/137 139/139/139 140/140/140
f 141/141/141 142/142/142 143/143/143
f 141/141/141 143/143/143 144/144/144
f 145/145/145 146/146/146 147/147/147
f 145/145/145 147/147/147 148/148/148
f 149/149/149 150/150/150 151/151/151
f 149/149/149 151/151/151 152/152/152
f 153/153/153 154/154/154 155/155/155
f 153/153/153 155/155/155 156/156/156
f 157/157/157 158/158/158 159/159/159
f 157/157/157 159/159/159 160/160/160
f 161/161/161 162/162/162 163/163/163
f 161/161/161 163/163/163 164/164/164
f 165/165/165 166/166/166 167/167/167
f 165/165/165 167/167/167 168/168/168
f 169/169/169 171/171/171 170/170/170
f 172/172/172 173/173/173 174/174/174
f 175/175/175 176/176/176 177/177/177
f 178/178/178 180/180/180 179/179/179
f 181/181/181 182/182/182 183/183/183
f 184/184/184 186/186/186 185/185/185
f 187/187/187 189/189/189 188/188/188
f 190/190/190 191/191/191 192/192/192
f 193/193/193 194/194/194 195/195/195
f 193/193/193 195/195/195 196/196/196
f 197/197/197 198/198/198 199/199/199
f 197/197/197 199/199/199 200/200/200
f 201/201/201 202/202/202 203/203/203
f 201/201/201 203/203/203 204/204/204
f 205/205/205 206/206/206 207/207/207
f 205/205/205 207/207/207 208/208/208
f 209/209/209 210/210/210 211/211/211
f 209/209/209 211/211/211 212/212/212
f 213/213/213 214/214/214 215/215/215
f 213/213/213 215/215/215 216/216/216
f 217/217/217 218/218/218 219/219/219
f 217/217/217 219/219/219 220/220/220
f 221/221/221 222/222/222 223/223/223
f 221/221/221 223/223/223 224/224/224
f 225/225/225 226/226/226 227/227/227
f 225/225/225 227/227/227 228/228/228
f 229/229/229 230/230/230 231/231/231
f 229/229/229 231/231/231 232/232/232
f 233/233/233 234/234/234 235/235/235
f 233/233/233 235/235/235 236/236/236
f 237/237/237 238/238/238 239/239/239
f 237/237/237 239/239/239 240/240/240
f 241/241/241 242/242/242 243/243/243
f 241/241/241 243/243/243 244/244/244
f 245/245/245 246/246/246 247/247/247
f 245/245/245 247/247/247 248/248/248
f 249/249/249 250/250/250 251/251/251
f 249/249/249 251/251/251 252/252/252
f 253/253/253 254/254/254 255/255/255
f 253/253/253 255/255/255 256/256/256
f 257/257/257 258/258/258 259/259/259
f 257/257/257 259/259/259 260/260/260
f 261/261/261 262/262/262 263/263/263
f 261/261/261 263/263/263 264/264/264
f 265/265/265 267/267/267 266/266/266
f 268/268/268 269/269/269 270/270/270
f 271/271/271 272/272/272 273/273/273
f 274/274/274 276/276/276 275/275/275
f 277/277/277 278/278/278 279/279/279
f 280/280/280 282/282/282 281/281/281
f 283/283/283 285/285/285 284/284/284
f 286/286/286 287/287/287 288/288/288
f 289/289/289 290/290/290 291/291/291
f 289/289/289 291/291/291 292/292/292
f 293/293/293 294/294/294 295/295/295
f 293/293/293 295/295/295 296/296/296
f 297/297/297 298/298/298 299/299/299
f 297/297/297 299/299/299 300/300/300
f 301/301/301 302/302/302 303/303/303
f 301/301/301 303/303/303 304/304/304
f 305/305/305 306/306/306 307/307/307
f 305/305/305 307/307/307 308/308/308
f 309/309/309 310/310/310 311/311/311
f 309/309/309 311/311/311 312/312/312
f 313/313/313 314/314/314 315/315/315
f 313/313/313 315/315/315 316/316/316
f 317/317/317 318/318/318 319/319/319
f 317/317/317 319/319/319 320/320/320
f 321/321/321 322/322/322 323/323/323
f 321/321/321 323/323/323 324/324/324
f 325/325/325 326/326/326 327/327/327
f 325/325/325 327/327/327 328/328/328
f 329/329/329 330/330/330 331/331/331
f 329/329/329 331/331/331 332/332/332
f 333/333/333 334/334/334 335/335/335
f 333/333/333 335/335/335 336/336/336
f 337/337/337 338/338/338 339/339/339
f 337/337/337 339/339/339 340/340/340
f 341/341/341 342/342/342 343/343/343
f 341/341/341 343/343/343 344/344/344
f 345/345/345 346/346/346 347/347/347
f 345/345/345 347/347/347 348/348/348
f 349/349/349 350/350/350 351/351/351
f 349/349/349 351/351/351 352/352/352
f 353/353/353 354/354/354 355/355/355
f 353/353/353 355/355/355 356/356/356
f 357/357/357 358/358/358 359/359/359
f 357/357/357 359/359/359 360/360/360
f 361/361/361 363/363/363 362/362/362
f 364/364/364 365/365/365 366/366/366
f 367/367/367 368/368/368 369/369/369
f 370/370/370 372/372/372 371/371/371
f 373/373/373 374/374/374 375/375/375
f 376/376/376 378/378/378 377/377/377
f 379/379/379 381/381/381 380/380/380
f 382/382/382 383/383/383 384/384/384
f 385/385/385 386/386/386 387/387/387
f 385/385/385 387/387/387 388/388/388
f 389/389/389 390/390/390 391/391/391
f 389/389/389 391/391/391 392/392/392
f 393/393/393 394/394/394 395/395/395
f 393/393/393 395/395/395 396/396/396
f 397/397/397 398/398/398 399/399/399
f 397/397/397 399/399/399 400/400/400
f 401/401/401 402/402/402 403/403/403
f 401/401/401 403/403/403 404/404/404
f 405/405/405 406/406/406 407/407/407
f 405/405/405 407/407/407 408/408/408
f 409/409/409 410/410/410 411/411/411
f 409/409/409 411/411/411 412/412/412
f 413/413/413 414/414/414 415/415/415
f 413/413/413 415/415/415 416/416/416
f 417/417/417 418/418/418 419/419/419
f 417/417/417 419/419/419 420/420/420
f 421/421/421 422/422/422 423/423/423
f 421/421/421 423/423/423 424/424/424
f 425/425/425 426/426/426 427/427/427
f 425/425/425 427/427/427 428/428/428
f 429/429/429 430/430/430 431/431/431
f 429/429/429 431/431/431 432/432/432
f 433/433/433 434/434/434 435/435/435
f 433/433/433 435/435/435 436/436/436
f 437/437/437 438/438/438 439/439/439
f 437/437/437 439/439/439 440/440/440
f 441/441/441 442/442/442 443/443/443
f 441/441/441 443/443/443 444/444/444
f 445/445/445 446/446/446 447/447/447
f 445/445/445 447/447/447 448/448/448
f 449/449/449 450/450/450 451/451/451
f 449/449/449 451/451/451 452/452/452
f 453/453/453 454/454/454 455/455/455
f 453/453/453 455/455/455 456/456/456
f 457/457/457 459/459/459 458/458/458
f 460/460/460 461/461/461 462/462/462
f 463/463/463 464/464/464 465/465/465
f 466/466/466 468/468/468 467/467/467
f 469/469/469 470/470/470 471/471/471
f 472/472/472 474/474/474 473/473/473
f 475/475/475 477/477/477 476/476/476
f 478/478/478 479/479/479 480/480/480
f 481/481/481 482/482/482 483/483/483
f 481/481/481 483/483/483 484/484/484
f 485/485/485 486/486/486 487/487/487
f 485/485/485 487/487/487 488/488/488
f 489/489/489 490/490/490 491/491/491
f 489/489/489 491/491/491 492/492/492
f 493/493/493 494/494/494 495/495/495
f 493/493/493 495/495/495 496/496/496
f 497/497/497 498/498/498 499/499/499
f 497/497/497 499/499/499 500/500/500
f 501/501/501 502/502/502 503/503/503
f 501/501/501 503/503/503 504/504/504
f 505/505/505 506/506/506 507/507/507
f 505/505/505 507/507/507 508/508/508
f 509/509/509 510/510/510 511/511/511
f 509/509/509 511/511/511 512/512/512
f 513/513/513 514/514/514 515/515/515
f 513/513/513 515/515/515 516/516/516
f 517/517/517 518/518/518 519/519/519
f 517/517/517 519/519/519 520/520/520
f 521/521/521 522/522/522 523/523/523
f 521/521/521 523/523/523 524/524/524
f 525/525/525 526/526/526 527/527/527
f 525/525/525 527/527/527 528/528/528
f 529/529/529 530/530/530 531/531/531
f 529/529/529 531/531/531 532/532/532
f 533/533/533 534/534/534 535/535/535
f 533/533/533 535/535/535 536/536/536
f 537/537/537 538/538/538 539/539/539
f 537/537/537 539/539/539 540/540/540
f 541/541/541 542/542/542 543/543/543
f 541/541/541 543/543/543 544/544/544
f 545/545/545 546/546/546 547/547/547
f 545/545/545 547/547/547 548/548/548
f 549/549/549 550/550/550 551/551/551
f 549/549/549 551/551/551 552/552/552
f 553/553/553 555/555/555 554/554/554
f 556/556/556 557/557/557 558/558/558
f 559/559/559 560/560/560 561/561/561
f 562/562/562 564/564/564 563/563/563
f 565/565/565 566/566/566 567/567/567
f 568/568/568 570/570/570 569/569/569
f 571/571/571 573/573/573 572/572/572
f 574/574/574 575/575/575 576/576/576
f 577/577/577 578/578/578 579/579/579
f 577/577/577 579/579/579 580/580/580
f 581/581/581 582/582/582 583/583/583
f 581/581/581 583/583/583 584/584/584
f 585/585/585 586/586/586 587/587/587
f 585/585/585 587/587/587 588/588/588
f 589/589/589 590/590/590 591/591/591
f 589/589/589 591/591/591 592/592/592
f 593/593/593 594/594/594 595/595/595
f 593/593/593 595/595/595 596/596/596
f 597/597/597 598/598/598 599/599/599
f 597/597/597 599/599/599 600/600/600
f 601/601/601 602/602/602 603/603/603
f 601/601/601 603/603/603 604/604/604
f 605/605/605 606/606/606 607/607/607
f 605/605/605 607/607/607 608/608/608
f 609/609/609 610/610/610 611/611/611
f 609/609/609 611/611/611 612/612/612
f 613/613/613 614/614/614 615/615/615
f 613/613/613 615/615/615 616/616/616
f 617/617/617 618/618/618 619/619/619
f 617/617/617 619/619/619 620/620/620
f 621/621/621 622/622/622 623/623/623
f 621/621/621 623/623/623 624/624/624
f 625/625/625 626/626/626 627/627/627
f 625/625/625 627/627/627 628/628/628
f 629/629/629 630/630/630 631/631/631
f 629/629/629 631/631/631 632/632/632
f 633/633/633 634/634/634 635/635/635
f 633/633/633 635/635/635 636/636/636
f 637/637/637 638/638/638 639/639/639
f 637/637/637 639/639/639 640/640/640
f 641/641/641 642/642/642 643/643/643
f 641/641/641 643/643/643 644/644/644
f 645/645/645 646/646/646 647/647/647
f 645/645/645 647/647/647 648/648/648
f 649/649/649 651/651/651 650/650/650
f 652/652/652 653/653/653 654/654/654
f 655/655/655 656/656/656 657/657/657
f 658/658/658 660/660/660 659/659/659
f 661/661/661 662/662/662 663/663/663
f 664/664/664 666/666/666 665/665/665
f 667/667/667 669/669/669 668/668/668
f 670/670/670 671/671/671 672/672/672
f 673/673/673 674/674/674 675/675/675
f 673/673/673 675/675/675 676/676/676
f 677/677/677 678/678/678 679/679/679
f 677/677/677 679/679/679 680/680/680
f 681/681/681 682/682/682 683/683/683
f 681/681/681 683/683/683 684/684/684
f 685/685/685 686/686/686 687/687/687
f 685/685/685 687/687/687 688/688/688
f 689/689/689 690/690/690 691/691/691
f 689/689/689 691/691/691 692/692/692
f 693/693/693 694/694/694 695/695/695
f 693/693/693 695/695/695 696/696/696
f 697/697/697 698/698/698 699/699/699
f 697/697/697 699/699/699 700/700/700
f 701/701/701 702/702/702 703/703/703
f 701/701/701 703/703/703 704/704/704
f 705/705/705 706/706/706 707/707/707
f 705/705/705 707/707/707 708/708/708
f 709/709/709 710/710/710 711/711/711
f 709/709/709 711/711/711 712/712/712
f 713/713/713 714/714/714 715/715/715
f 713/713/713 715/715/715 716/716/716
f 717/717/717 718/718/718 719/719/719
f 717/717/717 719/719/719 720/720/720
f 721/721/721 722/722/722 723/723/723
f 721/721/721 723/723/723 724/724/724
f 725/725/725 726/726/726 727/727/727
f 725/725/725 727/727/727 728/728/728
f 729/729/729 730/730/730 731/731/731
f 729/729/729 731/731/731 732/732/732
f 733/733/733 734/734/734 735/735/735
f 733/733/733 735/735/735 736/736/736
f 737/737/737 738/738/738 739/739/739
f 737/737/737 739/739/739 740/740/740
f 741/741/741 742/742/742 743/743/743
f 741/741/741 743/743/743 744/744/744
f 745/745/745 747/747/747 746/746/746
f 748/748/748 749/749/749 750/750/750
f 751/751/751 752/752/752 753/753/753
f 754/754/754 756/756/756 755/755/755
f 757/757/757 758/758/758 759/759/759
f 760/760/760 762/762/762 761/761/761
f 763/763/763 765/765/765 764/764/764
f 766/766/766 767/767/767 768/768/768
f 769/769/769 770/770/770 771/771/771
f 769/769/769 771/771/771 772/772/772
f 773/773/773 774/774/774 775/775/775
f 773/773/773 775/775/775 776/776/776
f 777/777/777 778/778/778 779/779/779
f 777/777/777 779/779/779 780/780/780
f 781/781/781 782/782/782 783/783/783
f 781/781/781 783/783/783 784/784/784
f 785/785/785 786/786/786 787/787/787
f 785/785/785 787/787/787 788/788/788
f 789/789/789 790/790/790 791/791/791
f 789/789/789 791/791/791 792/792/792
f 793/793/793 794/794/794 795/795/795
f 793/793/793 795/795/795 796/796/796
f 797/797/797 798/798/798 799/799/799
f 797/797/797 799/799/799 800/800/800
f 801/801/801 802/802/802 803/803/803
f 801/801/801 803/803/803 804/804/804
f 805/805/805 806/806/806 807/807/807
f 805/805/805 807/807/807 808/808/808
f 809/809/809 810/810/810 811/811/811
f 809/809/809 811/811/811 812/812/812
f 813/813/813 814/814/814 815/815/815
f 813/813/813 815/815/815 816/816/816
f 817/817/817 818/818/818 819/819/819
f 817/817/817 819/819/819 820/820/820
f 821/821/821 822/822/822 823/823/823
f 821/821/821 823/823/823 824/824/824
f 825/825/825 826/826/826 827/827/827
f 825/825/825 827/827/827 828/828/828
f 829/829/829 830/830/830 831/831/831
f 829/829/829 831/831/831 832/832/832
f 833/833/833 834/834/834 835/835/835
f 833/833/833 835/835/835 836/836/836
f 837/837/837 838/838/838 839/839/839
f 837/837/837 839/839/839 840/840/840
f 841/841/841 843/843/843 842/842/842
f 844/844/844 845/845/845 846/846/846
f 847/847/847 848/848/848 849/849/849
f 850/850/850 852/852/852 851/851/851
f 853/853/853 854/854/854 855/855/855
f 856/856/856 858/858/858 857/857/857
f 859/859/859 861/861/861 860/860/860
f 862/862/862 863/863/863 864/864/864
f 865/865/865 866/866/866 867/867/867
f 865/865/865 867/867/867 868/868/868
f 869/869/869 870/870/870 871/871/871
f 869/869/869 871/871/871 872/872/872
f 873/873/873 874/874/874 875/875/875
f 873/873/873 875/875/875 876/876/876
f 877/877/877 878/878/878 879/879/879
f 877/877/877 879/879/879 880/880/880
f 881/881/881 882/882/882 883/883/883
f 881/881/881 883/883/883 884/884/884
f 885/885/885 886/886/886 887/887/887
f 885/885/885 887/887/887 888/888/888
f 889/889/889 890/890/890 891/891/891
f 889/889/889 891/891/891 892/892/892
f 893/893/893 894/894/894 895/895/895
f 893/893/893 895/895/895 896/896/896
f 897/897/897 898/898/898 899/899/899
f 897/897/897 899/899/899 900/900/900
f 901/901/901 902/902/902 903/903/903
f 901/901/901 903/903/903 904/904/904
f 905/905/905 906/906/906 907/907/907
f 905/905/905 907/907/907 908/908/908
f 909/909/909 910/910/910 911/911/911
f 909/909/909 911/911/911 912/912/912
f 913/913/913 914/914/914 915/915/915
f 913/913/913 915/915/915 916/916/916
f 917/917/917 918/918/918 919/919/919
f 917/917/917 919/919/919 920/920/920
f 921/921/921 922/922/922 923/923/923
f 921/921/921 923/923/923 924/924/924
f 925/925/925 926/926/926 927/927/927
f 925/925/925 927/927/927 928/928/928
f 929/929/929 930/930/930 931/931/931
f 929/929/929 931/931/931 932/932/932
f 933/933/933 934/934/934 935/935/935
f 933/933/933 935/935/935 936/936/936
f 937/937/937 939/939/939 938/938/938
f 940/940/940 941/941/941 942/942/942
f 943/943/943 944/944/944 945/945/945
f 946/946/946 948/948/948 947/947/947
f 949/949/949 950/950/950 951/951/951
f 952/952/952 954/954/954 953/953/953
f 955/955/955 957/957/957 956/956/956
f 958/958/958 959/959/959 960/960/960
f 961/961/961 962/962/962 963/963/963
f 961/961/961 963/963/963 964/964/964
f 965/965/965 966/966/966 967/967/967
f 965/965/965 967/967/967 968/968/968
f 969/969/969 970/970/970 971/971/971
f 969/969/969 971/971/971 972/972/972
f 973/973/973 974/974/974 975/975/975
f 973/973/973 975/975/975 976/976/976
f 977/977/977 978/978/978 979/979/979
f 977/977/977 979/979/979 980/980/980
f 981/981/981 982/982/982 983/983/983
f 981/981/981 983/983/983 984/984/984
f 985/985/985 986/986/986 987/987/987
f 985/985/985 987/987/987 988/988/988
f 989/989/989 990/990/990 991/991/991
f 989/989/989 991/991/991 992/992/992
f 993/993/993 994/994/994 995/995/995
f 993/993/993 995/995/995 996/996/996
f 997/997/997 998/998/998 999/999/999
f 997/997/997 999/999/999 1000/1000/1000
f 1001/1001/1001 1002/1002/1002 1003/1003/1003
f 1001/1001/1001 1003/1003/1003 1004/1004/1004
f 1005/1005/1005 1006/1006/1006 1007/1007/1007
f 1005/1005/1005 1007/1007/1007 1008/1008/1008
f 1009/1009/1009 1010/1010/1010 1011/1011/1011
f 1009/1009/1009 1011/1011/1011 1012/1012/1012
f 1013/1013/1013 1014/1014/1014 1015/1015/1015
f 1013/1013/1013 1015/1015/1015 1016/1016/1016
f 1017/1017/1017 1018/1018/1018 1019/1019/1019
f 1017/1017/1017 1019/1019/1019 1020/1020/1020
f 1021/1021/1021 1022/1022/1022 1023/1023/1023
f 1021/1021/1021 1023/1023/1023 1024/1024/1024
f 1025/1025/1025 1026/1026/1026 1027/1027/1027
f 1025/1025/1025 1027/1027/1027 1028/1028/1028
f 1029/1029/1029 1030/1030/1030 1031/1031/1031
f 1029/1029/1029 1031/1031/1031 1032/1032/1032
f 1033/1033/1033 1035/1035/1035 1034/1034/1034
f 1036/1036/1036 1037/1037/1037 1038/1038/1038
f 1039/1039/1039 1040/1040/1040 1041/1041/1041
f 1042/1042/1042 1044/1044/1044 1043/1043/1043
f 1045/1045/1045 1046/1046/1046 1047/1047/1047
f 1048/1048/1048 1050/1050/1050 1049/1049/1049
f 1051/1051/1051 1053/1053/1053 1052/1052/1052
f 1054/1054/1054 1055/1055/1055 1056/1056/1056
f 1057/1057/1057 1058/1058/1058 1059/1059/1059
f 1057/1057/1057 1059/1059/1059 1060/1060/1060
f 1061/1061/1061 1062/1062/1062 1063/1063/1063
f 1061/1061/1061 1063/1063/1063 1064/1064/1064
f 1065/1065/1065 1066/1066/1066 1067/1067/1067
f 1065/1065/1065 1067/1067/1067 1068/1068/1068
f 1069/1069/1069 1070/1070/1070 1071/1071/1071
f 1069/1069/1069 1071/1071/1071 1072/1072/1072
f 1073/1073/1073 1074/1074/1074 1075/1075/1075
f 1073/1073/1073 1075/1075/1075 1076/1076/1076
f 1077/1077/1077 1078/1078/1078 1079/1079/1079
f 1077/1077/1077 1079/1079/1079 1080/1080/1080
f 1081/1081/1081 1082/1082/1082 1083/1083/1083
f 1081/1081/1081 1083/1083/1083 1084/1084/1084
f 1085/1085/1085 1086/1086/1086 1087/1087/1087
f 1085/1085/1085 1087/1087/1087 1088/1088/1088
f 1089/1089/1089 1090/1090/1090 1091/1091/1091
f 1089/1089/1089 1091/1091/1091 1092/1092/1092
f 1093/1093/1093 1094/1094/1094 1095/1095/1095
f 1093/1093/1093 1095/1095/1095 1096/1096/1096
f 1097/1097/1097 1098/1098/1098 1099/1099/1099
f 1097/1097/1097 1099/1099/1099 1100/1100/1100
f 1101/1101/1101 1102/1102/1102 1103/1103/1103
f 1101/1101/1101 1103/1103/1103 1104/1104/1104
f 1105/1105/1105 1106/1106/1106 1107/1107/1107
f 1105/1105/1105 1107/1107/1107 1108/1108/1108
f 1109/1109/1109 1110/1110/1110 1111/1111/1111
f 1109/1109/1109 1111/1111/1111 1112/1112/1112
f 1113/1113/1113 1114/1114/1114 1115/1115/1115
f 1113/1113/1113 1115/1115/1115 1116/1116/1116
f 1117/1117/1117 1118/1118/1118 1119/1119/1119
f 1117/1117/1117 1119/1119/1119 1120/1120/1120
f 1121/1121/1121 1122/1122/1122 1123/1123/1123
f 1121/1121/1121 1123/1123/1123 1124/1124/1124
f 1125/1125/1125 1126/1126/1126 1127/1127/1127
f 1125/1125/1125 1127/1127/1127 1128/1128/1128
f 1129/1129/1129 1131/1131/1131 1130/1130/1130
f 1132/1132/1132 1133/1133/1133 1134/1134/1134
f 1135/1135/1135 1136/1136/1136 1137/1137/1137
f 1138/1138/1138 1140/1140/1140 1139/1139/1139
f 1141/1141/1141 1142/1142/1142 1143/1143/1143
f 1144/1144/1144 1146/1146/1146 1145/1145/1145
f 1147/1147/1147 1149/1149/1149 1148/1148/1148
f 1150/1150/1150 1151/1151/1151 1152/1152/1152
f 1153/1153/1153 1154/1154/1154 1155/1155/1155
f 1153/1153/1153 1155/1155/1155 1156/1156/1156
f 1157/1157/1157 1158/1158/1158 1159/1159/1159
f 1157/1157/1157 1159/1159/1159 1160/1160/1160
f 1161/1161/1161 1162/1162/1162 1163/1163/1163
f 1161/1161/1161 1163/1163/1163 1164/1164/1164
f 1165/1165/1165 1166/1166/1166 1167/1167/1167
f 1165/1165/1165 1167/1167/1167 1168/1168/1168
f 1169/1169/1169 1170/1170/1170 1171/1171/1171
f 1169/1169/1169 1171/1171/1171 1172/1172/1172
f 1173/1173/1173 1174/1174/1174 1175/1175/1175
f 1173/1173/1173 1175/1175/1175 1176/1176/1176
f 1177/1177/1177 1178/1178/1178 1179/1179/1179
f 1177/1177/1177 1179/1179/1179 1180/1180/1180
f 1181/1181/1181 1182/1182/1182 1183/1183/1183
f 1181/1181/1181 1183/1183/1183 1184/1184/1184
f 1185/1185/1185 1186/1186/1186 1187/1187/1187
f 1185/1185/1185 1187/1187/1187 1188/1188/1188
f 1189/1189/1189 1190/1190/1190 1191/1191/1191
f 1189/1189/1189 1191/1191/1191 1192/1192/1192
f 1193/1193/1193 1194/1194/1194 1195/1195/1195
f 1193/1193/1193 1195/1195/1195 1196/1196/1196
f 1197/1197/1197 1198/1198/1198 1199/1199/1199
f 1197/1197/1197 1199/1199/1199 1200/1200/1200
f 1201/1201/1201 1202/1202/1202 1203/1203/1203
f 1201/1201/1201 1203/1203/1203 1204/1204/1204
f 1205/1205/1205 1206/1206/1206 1207/1207/1207
f 1205/1205/1205 1207/1207/1207 1208/1208/1208
f 1209/1209/1209 1210/1210/1210 1211/1211/1211
f 1209/1209/1209 1211/1211/1211 1212/1212/1212
f 1213/1213/1213 1214/1214/1214 1215/1215/1215
f 1213/1213/1213 1215/1215/1215 1216/1216/1216
f 1217/1217/1217 1218/1218/1218 1219/1219/1219
f 1217/1217/1217 1219/1219/1219 1220/1220/1220
f 1221/1221/1221 1222/1222/1222 1223/1223/1223
f 1221/1221/1221 1223/1223/1223 1224/1224/1224
f 1225/1225/1225 1227/1227/1227 1226/1226/1226
f 1228/1228/1228 1229/1229/1229 1230/1230/1230
f 1231/1231/1231 1232/1232/1232 1233/1233/1233
f 1234/1234/1234 1236/1236/1236 1235/1235/1235
f 1237/1237/1237 1238/1238/1238 1239/1239/1239
f 1240/1240/1240 1242/1242/1242 1241/1241/1241
f 1243/1243/1243 1245/1245/1245 1244/1244/1244
f 1246/1246/1246 1247/1247/1247 1248/1248/1248
f 1249/1249/1249 1250/1250/1250 1251/1251/1251
f 1249/1249/1249 1251/1251/1251 1252/1252/1252
f 1253/1253/1253 1254/1254/1254 1255/1255/1255
f 1253/1253/1253 1255/1255/1255 1256/1256/1256
f 1257/1257/1257 1258/1258/1258 1259/1259/1259
f 1257/1257/1257 1259/1259/1259 1260/1260/1260
f 1261/1261/1261 1262/1262/1262 1263/1263/1263
f 1261/1261/1261 1263/1263/1263 1264/1264/1264
f 1265/1265/1265 1266/1266/1266 1267/1267/1267
f 1265/1265/1265 1267/1267/1267 1268/1268/1268
f 1269/1269/1269 1270/1270/1270 1271/1271/1271
f 1269/1269/1269 1271/1271/1271 1272/1272/1272
f 1273/1273/1273 1274/1274/1274 1275/1275/1275
f 1273/1273/1273 1275/1275/1275 1276/1276/1276
f 1277/1277/1277 1278/1278/1278 1279/1279/1279
f 1277/1277/1277 1279/1279/1279 1280/1280/1280
f 1281/1281/1281 1282/1282/1282 1283/1283/1283
f 1281/1281/1281 1283/1283/1283 1284/1284/1284
f 1285/1285/1285 1286/1286/1286 1287/1287/1287
f 1285/1285/1285 1287/1287/1287 1288/1288/1288
f 1289/1289/1289 1290/1290/1290 1291/1291/1291
f 1289/1289/1289 1291/1291/1291 1292/1292/1292
f 1293/1293/1293 1294/1294/1294 1295/1295/1295
f 1293/1293/1293 1295/1295/1295 1296/1296/1296
f 1297/1297/1297 1298/1298/1298 1299/1299/1299
f 1297/1297/1297 1299/1299/1299 1300/1300/1300
f 1301/1301/1301 1302/1302/1302 1303/1303/1303
f 1301/1301/1301 1303/1303/1303 1304/1304/1304
f 1305/1305/1305 1306/1306/1306 1307/1307/1307
f 1305/1305/1305 1307/1307/1307 1308/1308/1308
f 1309/1309/1309 1310/1310/1310 1311/1311/1311
f 1309/1309/1309 1311/1311/1311 1312/1312/1312
f 1313/1313/1313 1314/1314/1314 1315/1315/1315
f 1313/1313/1313 1315/1315/1315 1316/1316/1316
f 1317/1317/1317 1318/1318/1318 1319/1319/1319
f 1317/1317/1317 1319/1319/1319 1320/1320/1320
f 1321/1321/1321 1323/1323/1323 1322/1322/1322
f 1324/1324/1324 1325/1325/1325 1326/1326/1326
f 1327/1327/1327 1328/1328/1328 1329/1329/1329
f 1330/1330/1330 1332/1332/1332 1331/1331/1331
f 1333/1333/1333 1334/1334/1334 1335/1335/1335
f 1336/1336/1336 1338/1338/1338 1337/1337/1337
f 1339/1339/1339 1341/1341/1341 1340/1340/1340
f 1342/1342/1342 1343/1343/1343 1344/1344/1344
f 1345/1345/1345 1346/1346/1346 1347/1347/1347
f 1345/1345/1345 1347/1347/1347 1348/1348/1348
f 1349/1349/1349 1350/1350/1350 1351/1351/1351
f 1349/1349/1349 1351/1351/1351 1352/1352/1352
f 1353/1353/1353 1354/1354/1354 1355/1355/1355
f 1353/1353/1353 1355/1355/1355 1356/1356/1356
f 1357/1357/1357 1358/1358/1358 1359/1359/1359
f 1357/1357/1357 1359/1359/1359 1360/1360/1360
f 1361/1361/1361 1362/1362/1362 1363/1363/1363
f 1361/1361/1361 1363/1363/1363 1364/1364/1364
f 1365/1365/1365 1366/1366/1366 1367/1367/1367
f 1365/1365/1365 1367/1367/1367 1368/1368/1368
f 1369/1369/1369 1370/1370/1370 1371/1371/1371
f 1369/1369/1369 1371/1371/1371 1372/1372/1372
f 1373/1373/1373 1374/1374/1374 1375/1375/1375
f 1373/1373/1373 1375/1375/1375 1376/1376/1376
f 1377/1377/1377 1378/1378/1378 1379/1379/1379
f 1377/1377/1377 1379/1379/1379 1380/1380/1380
f 1381/1381/1381 1382/1382/1382 1383/1383/1383
f 1381/1381/1381 1383/1383/1383 1384/1384/1384
f 1385/1385/1385 1386/1386/1386 1387/1387/1387
f 1385/1385/1385 1387/1387/1387 1388/1388/1388
f 1389/1389/1389 1390/1390/1390 1391/1391/1391
f 1389/1389/1389 1391/1391/1391 1392/1392/1392
f 1393/1393/1393 1394/1394/1394 1395/1395/1395
f 1393/1393/1393 1395/1395/1395 1396/1396/1396
f 1397/1397/1397 1398/1398/1398 1399/1399/1399
f 1397/1397/1397 1399/1399/1399 1400/1400/1400
f 1401/1401/1401 1402/1402/1402 1403/1403/1403
f 1401/1401/1401 1403/1403/1403 1404/1404/1404
f 1405/1405/1405 1406/1406/1406 1407/1407/1407
f 1405/1405/1405 1407/1407/1407 1408/1408/1408
f 1409/1409/1409 1410/1410/1410 1411/1411/1411
f 1409/1409/1409 1411/1411/1411 1412/1412/1412
f 1413/1413/1413 1414/1414/1414 1415/1415/1415
f 1413/1413/1413 1415/1415/1415 1416/1416/1416
f 1417/1417/1417 1419/1419/1419 1418/1418/1418
f 1420/1420/1420 1421/1421/1421 1422/1422/1422
f 1423/1423/1423 1424/1424/1424 1425/1425/1425
f 1426/1426/1426 1428/1428/1428 1427/1427/1427
f 1429/1429/1429 1430/1430/1430 1431/1431/1431
f 1432/1432/1432 1434/1434/1434 1433/1433/1433
f 1435/1435/1435 1437/1437/1437 1436/1436/1436
f 1438/1438/1438 1439/1439/1439 1440/1440/1440
f 1441/1441/1441 1442/1442/1442 1443/1443/1443
f 1441/1441/1441 1443/1443/1443 1444/1444/1444
f 1445/1445/1445 1446/1446/1446 1447/1447/1447
f 1445/1445/1445 1447/1447/1447 1448/1448/1448
f 1449/1449/1449 1450/1450/1450 1451/1451/1451
f 1449/1449/1449 1451/1451/1451 1452/1452/1452
f 1453/1453/1453 1454/1454/1454 1455/1455/1455
f 1453/1453/1453 1455/1455/1455 1456/1456/1456
f 1457/1457/1457 1458/1458/1458 1459/1459/1459
f 1457/1457/1457 1459/1459/1459 1460/1460/1460
f 1461/1461/1461 1462/1462/1462 1463/1463/1463
f 1461/1461/1461 1463/1463/1463 1464/1464/1464
f 1465/1465/1465 1466/1466/1466 1467/1467/1467
f 1465/1465/1465 1467/1467/1467 1468/1468/1468
f 1469/1469/1469 1470/1470/1470 1471/1471/1471
f 1469/1469/1469 1471/1471/1471 1472/1472/1472
f 1473/1473/1473 1474/1474/1474 1475/1475/1475
f 1473/1473/1473 1475/1475/1475 1476/1476/1476
f 1477/1477/1477 1478/1478/1478 1479/1479/1479
f 1477/1477/1477 1479/1479/1479 1480/1480/1480
f 1481/1481/1481 1482/1482/1482 1483/1483/1483
f 1481/1481/1481 1483/1483/1483 1484/1484/1484
f 1485/1485/1485 1486/1486/1486 1487/1487/1487
f 1485/1485/1485 1487/1487/1487 1488/1488/1488
f 1489/1489/1489 1490/1490/1490 1491/1491/1491
f 1489/1489/1489 1491/1491/1491 1492/1492/1492
f 1493/1493/1493 1494/1494/1494 1495/1495/1495
f 1493/1493/1493 1495/1495/1495 1496/1496/1496
f 1497/1497/1497 1498/1498/1498 1499/1499/1499
f 1497/1497/1497 1499/1499/1499 1500/1500/1500
f 1501/1501/1501 1502/1502/1502 1503/1503/1503
f 1501/1501/1501 1503/1503/1503 1504/1504/1504
f 1505/1505/1505 1506/1506/1506 1507/1507/1507
f 1505/1505/1505 1507/1507/1507 1508/1508/1508
f 1509/1509/1509 1510/1510/1510 1511/1511/1511
f 1509/1509/1509 1511/1511/1511 1512/1512/1512
f 1513/1513/1513 1515/1515/1515 1514/1514/1514
f 1516/1516/1516 1517/1517/1517 1518/1518/1518
f 1519/1519/1519 1520/1520/1520 1521/1521/1521
f 1522/1522/1522 1524/1524/1524 1523/1523/1523
f 1525/1525/1525 1526/1526/1526 1527/1527/1527
f 1528/1528/1528 1530/1530/1530 1529/1529/1529
f 1531/1531/1531 1533/1533/1533 1532/1532/1532
f 1534/1534/1534 1535/1535/1535 1536/1536/1536
f 1537/1537/1537 1549/1549/1549 1550/1550/1550
f 1537/1537/1537 1550/1550/1550 1538/1538/1538
f 1538/1538/1538 1550/1550/1550 1551/1551/1551
f 1538/1538/1538 1551/1551/1551 1539/1539/1539
f 1539/1539/1539 1551/1551/1551 1552/1552/1552
f 1539/1539/1539 1552/1552/1552 1540/1540/1540
f 1540/1540/1540 1552/1552/1552 1553/1553/1553
f 1540/1540/1540 1553/1553/1553 1541/1541/1541
f 1541/1541/1541 1553/1553/1553 1554/1554/1554
f 1541/1541/1541 1554/1554/1554 1542/1542/1542
f 1542/1542/1542 1554/1554/1554 1555/1555/1555
f 1542/1542/1542 1555/1555/1555 1543/1543/1543
f 1543/1543/1543 1555/1555/1555 1556/1556/1556
f 1543/1543/1543 1556/1556/1556 1544/1544/1544
f 1544/1544/1544 1556/1556/1556 1557/1557/1557
f 1544/1544/1544 1557/1557/1557 1545/1545/1545
f 1545/1545/1545 1557/1557/1557 1558/1558/1558
f 1545/1545/1545 1558/1558/1558 1546/1546/1546
f 1546/1546/1546 1558/1558/1558 1559/1559/1559
f 1546/1546/1546 1559/1559/1559 1547/1547/1547
f 1547/1547/1547 1559/1559/1559 1560/1560/1560
f 1547/1547/1547 1560/1560/1560 1548/1548/1548
f 1548/1548/1548 1560/1560/1560 1549/1549/1549
f 1548/1548/1548 1549/1549/1549 1537/1537/1537
f 1549/1549/1549 1561/1561/1561 1562/1562/1562
f 1549/1549/1549 1562/1562/1562 1550/1550/1550
f 1550/1550/1550 1562/1562/1562 1563/1563/1563
f 1550/1550/1550 1563/1563/1563 1551/1551/1551
f 1551/1551/1551 1563/1563/1563 1564/1564/1564
f 1551/1551/1551 1564/1564/1564 1552/1552/1552
f 1552/1552/1552 1564/1564/1564 1565/1565/1565
f 1552/1552/1552 1565/1565/1565 1553/1553/1553
f 1553/1553/1553 1565/1565/1565 1566/1566/1566
f 1553/1553/1553 1566/1566/1566 1554/1554/1554
f 1554/1554/1554 1566/1566/1566 1567/1567/1567
f 1554/1554/1554 1567/1567/1567 1555/1555/1555
f 1555/1555/1555 1567/1567/1567 1568/1568/1568
f 1555/1555/1555 1568/1568/1568 1556/1556/1556
f 1556/1556/1556 1568/1568/1568 1569/1569/1569
f 1556/1556/1556 1569/1569/1569 1557/1557/1557
f 1557/1557/1557 1569/1569/1569 1570/1570/1570
f 1557/1557/1557 1570/1570/1570 1558/1558/1558
f 1558/1558/1558 1570/1570/1570 1571/1571/1571
f 1558/1558/1558 1571/1571/1571 1559/1559/1559
f 1559/1559/1559 1571/1571/1571 1572/1572/1572
f 1559/1559/1559 1572/1572/1572 1560/1560/1560
f 1560/1560/1560 1572/1572/1572 1561/1561/1561
f 1560/1560/1560 1561/1561/1561 1549/1549/1549
f 1561/1561/1561 1573/1573/1573 1574/1574/1574
f 1561/1561/1561 1574/1574/1574 1562/1562/1562
f 1562/1562/1562 1574/1574/1574 1575/1575/1575
f 1562/1562/1562 1575/1575/1575 1563/1563/1563
f 1563/1563/1563 1575/1575/1575 1576/1576/1576
f 1563/1563/1563 1576/1576/1576 1564/1564/1564
f 1564/1564/1564 1576/1576/1576 1577/1577/1577
f 1564/1564/1564 1577/1577/1577 1565/1565/1565
f 1565/1565/1565 1577/1577/1577 1578/1578/1578
f 1565/1565/1565 1578/1578/1578 1566/1566/1566
f 1566/1566/1566 1578/1578/1578 1579/1579/1579
f 1566/1566/1566 1579/1579/1579 1567/1567/1567
f 1567/1567/1567 1579/1579/1579 1580/1580/1580
f 1567/1567/1567 1580/1580/1580 1568/1568/1568
f 1568/1568/1568 1580/1580/1580 1581/1581/1581
f 1568/1568/1568 1581/1581/1581 1569/1569/1569
f 1569/1569/1569 1581/1581/1581 1582/1582/1582
f 1569/1569/1569 1582/1582/1582 1570/1570/1570
f 1570/1570/1570 1582/1582/1582 1583/1583/1583
f 1570/1570/1570 1583/1583/1583 1571/1571/1571
f 1571/1571/1571 1583/1583/1583 1584/1584/1584
f 1571/1571/1571 1584/1584/1584 1572/1572/1572
f 1572/1572/1572 1584/1584/1584 1573/1573/1573
f 1572/1572/1572 1573/1573/1573 1561/1561/1561
f 1585/1585/1585 1538/1538/1538 1537/1537/1537
f 1585/1585/1585 1539/1539/1539 1538/1538/1538
f 1585/1585/1585 1540/1540/1540 1539/1539/1539
f 1585/1585/1585 1541/1541/1541 1540/1540/1540
f 1585/1585/1585 1542/1542/1542 1541/1541/1541
f 1585/1585/1585 1543/1543/1543 1542/1542/1542
f 1585/1585/1585 1544/1544/1544 1543/1543/1543
f 1585/1585/1585 1545/1545/1545 1544/1544/1544
f 1585/1585/1585 1546/1546/1546 1545/1545/1545
f 1585/1585/1585 1547/1547/1547 1546/1546/1546
f 1585/1585/1585 1548/1548/1548 1547/1547/1547
f 1585/1585/1585 1537/1537/1537 1548/1548/1548
f 1586/1586/1586 1573/1573/1573 1574/1574/1574
f 1586/1586/1586 1574/1574/1574 1575/1575/1575
f 1586/1586/1586 1575/1575/1575 1576/1576/1576
f 1586/1586/1586 1576/1576/1576 1577/1577/1577
f 1586/1586/1586 1577/1577/1577 1578/1578/1578
f 1586/1586/1586 1578/1578/1578 1579/1579/1579
f 1586/1586/1586 1579/1579/1579 1580/1580/1580
f 1586/1586/1586 1580/1580/1580 1581/1581/1581
f 1586/1586/1586 1581/1581/1581 1582/1582/1582
f 1586/1586/1586 1582/1582/1582 1583/1583/1583
f 1586/1586/1586 1583/1583/1583 1584/1584/1584
f 1586/1586/1586 1584/1584/1584 1573/1573/1573
f 1587/1587/1587 1588/1588/1588 1589/1589/1589
f 1587/1587/1587 1589/1589/1589 1590/1590/1590
f 1591/1591/1591 1592/1592/1592 1593/1593/1593
f 1591/1591/1591 1593/1593/1593 1594/1594/1594
f 1595/1595/1595 1596/1596/1596 1597/1597/1597
f 1595/1595/1595 1597/1597/1597 1598/1598/1598
f 1599/1599/1599 1600/1600/1600 1601/1601/1601
f 1599/1599/1599 1601/1601/1601 1602/1602/1602
f 1603/1603/1603 1604/1604/1604 1605/1605/1605
f 1603/1603/1603 1605/1605/1605 1606/1606/1606
f 1607/1607/1607 1608/1608/1608 1609/1609/1609
f 1607/1607/1607 1609/1609/1609 1610/1610/1610
f 1611/1611/1611 1612/1612/1612 1613/1613/1613
f 1611/1611/1611 1613/1613/1613 1614/1614/1614
f 1615/1615/1615 1616/1616/1616 1617/1617/1617
f 1615/1615/1615 1617/1617/1617 1618/1618/1618
f 1619/1619/1619 1620/1620/1620 1621/1621/1621
f 1619/1619/1619 1621/1621/1621 1622/1622/1622
f 1623/1623/1623 1624/1624/1624 1625/1625/1625
f 1623/1623/1623 1625/1625/1625 1626/1626/1626
f 1627/1627/1627 1628/1628/1628 1629/1629/1629
f 1627/1627/1627 1629/1629/1629 1630/1630/1630
f 1631/1631/1631 1632/1632/1632 1633/1633/1633
f 1631/1631/1631 1633/1633/1633 1634/1634/1634
f 1635/1635/1635 1636/1636/1636 1637/1637/1637
f 1635/1635/1635 1637/1637/1637 1638/1638/1638
f 1639/1639/1639 1640/1640/1640 1641/1641/1641
f 1639/1639/1639 1641/1641/1641 1642/1642/1642
f 1643/1643/1643 1644/1644/1644 1645/1645/1645
f 1643/1643/1643 1645/1645/1645 1646/1646/1646
f 1647/1647/1647 1648/1648/1648 1649/1649/1649
f 1647/1647/1647 1649/1649/1649 1650/1650/1650
f 1651/1651/1651 1652/1652/1652 1653/1653/1653
f 1651/1651/1651 1653/1653/1653 1654/1654/1654
f 1655/1655/1655 1656/1656/1656 1657/1657/1657
f 1655/1655/1655 1657/1657/1657 1658/1658/1658
f 1659/1659/1659 1661/1661/1661 1660/1660/1660
f 1662/1662/1662 1663/1663/1663 1664/1664/1664
f 1665/1665/1665 1666/1666/1666 1667/1667/1667
f 1668/1668/1668 1670/1670/1670 1669/1669/1669
f 1671/1671/1671 1672/1672/1672 1673/1673/1673
f 1674/1674/1674 1676/1676/1676 1675/1675/1675
f 1677/1677/1677 1679/1679/1679 1678/1678/1678
f 1680/1680/1680 1681/1681/1681 1682/1682/1682
f 1683/1683/1683 1684/1684/1684 1685/1685/1685
f 1683/1683/1683 1685/1685/1685 1686/1686/1686
f 1687/1687/1687 1688/1688/1688 1689/1689/1689
f 1687/1687/1687 1689/1689/1689 1690/1690/1690
f 1691/1691/1691 1692/1692/1692 1693/1693/1693
f 1691/1691/1691 1693/1693/1693 1694/1694/1694
f 1695/1695/1695 1696/1696/1696 1697/1697/1697
f 1695/1695/1695 1697/1697/1697 1698/1698/1698
f 1699/1699/1699 1700/1700/1700 1701/1701/1701
f 1699/1699/1699 1701/1701/1701 1702/1702/1702
f 1703/1703/1703 1704/1704/1704 1705/1705/1705
f 1703/1703/1703 1705/1705/1705 1706/1706/1706
f 1707/1707/1707 1708/1708/1708 1709/1709/1709
f 1707/1707/1707 1709/1709/1709 1710/1710/1710
f 1711/1711/1711 1712/1712/1712 1713/1713/1713
f 1711/1711/1711 1713/1713/1713 1714/1714/1714
f 1715/1715/1715 1716/1716/1716 1717/1717/1717
f 1715/1715/1715 1717/1717/1717 1718/1718/1718
f 1719/1719/1719 1720/1720/1720 1721/1721/1721
f 1719/1719/1719 1721/1721/1721 1722/1722/1722
f 1723/1723/1723 1724/1724/1724 1725/1725/1725
f 1723/1723/1723 1725/1725/1725 1726/1726/1726
f 1727/1727/1727 1728/1728/1728 1729/1729/1729
f 1727/1727/1727 1729/1729/1729 1730/1730/1730
f 1731/1731/1731 1732/1732/1732 1733/1733/1733
f 1731/1731/1731 1733/1733/1733 1734/1734/1734
f 1735/1735/1735 1736/1736/1736 1737/1737/1737
f 1735/1735/1735 1737/1737/1737 1738/1738/1738
f 1739/1739/1739 1740/1740/1740 1741/1741/1741
f 1739/1739/1739 1741/1741/1741 1742/1742/1742
f 1743/1743/1743 1744/1744/1744 1745/1745/1745
f 1743/1743/1743 1745/1745/1745 1746/1746/1746
f 1747/1747/1747 1748/1748/1748 1749/1749/1749
f 1747/1747/1747 1749/1749/1749 1750/1750/1750
f 1751/1751/1751 1752/1752/1752 1753/1753/1753
f 1751/1751/1751 1753/1753/1753 1754/1754/1754
f 1755/1755/1755 1757/1757/1757 1756/1756/1756
f 1758/1758/1758 1759/1759/1759 1760/1760/1760
f 1761/1761/1761 1762/1762/1762 1763/1763/1763
f 1764/1764/1764 1766/1766/1766 1765/1765/1765
f 1767/1767/1767 1768/1768/1768 1769/1769/1769
f 1770/1770/1770 1772/1772/1772 1771/1771/1771
f 1773/1773/1773 1775/1775/1775 1774/1774/1774
f 1776/1776/1776 1777/1777/1777 1778/1778/1778
f 1779/1779/1779 1780/1780/1780 1781/1781/1781
f 1779/1779/1779 1781/1781/1781 1782/1782/1782
f 1783/1783/1783 1784/1784/1784 1785/1785/1785
f 1783/1783/1783 1785/1785/1785 1786/1786/1786
f 1787/1787/1787 1788/1788/1788 1789/1789/1789
f 1787/1787/1787 1789/1789/1789 1790/1790/1790
f 1791/1791/1791 1792/1792/1792 1793/1793/1793
f 1791/1791/1791 1793/1793/1793 1794/1794/1794
f 1795/1795/1795 1796/1796/1796 1797/1797/1797
f 1795/1795/1795 1797/1797/1797 1798/1798/1798
f 1799/1799/1799 1800/1800/1800 1801/1801/1801
f 1799/1799/1799 1801/1801/1801 1802/1802/1802
f 1803/1803/1803 1804/1804/1804 1805/1805/1805
f 1803/1803/1803 1805/1805/1805 1806/1806/1806
f 1807/1807/1807 1808/1808/1808 1809/1809/1809
f 1807/1807/1807 1809/1809/1809 1810/1810/1810
f 1811/1811/1811 1812/1812/1812 1813/1813/1813
f 1811/1811/1811 1813/1813/1813 1814/1814/1814
f 1815/1815/1815 1816/1816/1816 1817/1817/1817
f 1815/1815/1815 1817/1817/1817 1818/1818/1818
f 1819/1819/1819 1820/1820/1820 1821/1821/1821
f 1819/1819/1819 1821/1821/1821 1822/1822/1822
f 1823/1823/1823 1824/1824/1824 1825/1825/1825
f 1823/1823/1823 1825/1825/1825 1826/1826/1826
f 1827/1827/1827 1828/1828/1828 1829/1829/1829
f 1827/1827/1827 1829/1829/1829 1830/1830/1830
f 1831/1831/1831 1832/1832/1832 1833/1833/1833
f 1831/1831/1831 1833/1833/1833 1834/1834/1834
f 1835/1835/1835 1836/1836/1836 1837/1837/1837
f 1835/1835/1835 1837/1837/1837 1838/1838/1838
f 1839/1839/1839 1840/1840/1840 1841/1841/1841
f 1839/1839/1839 1841/1841/1841 1842/1842/1842
f 1843/1843/1843 1844/1844/1844 1845/1845/1845
f 1843/1843/1843 1845/1845/1845 1846/1846/1846
f 1847/1847/1847 1848/1848/1848 1849/1849/1849
f 1847/1847/1847 1849/1849/1849 1850/1850/1850
f 1851/1851/1851 1853/1853/1853 1852/1852/1852
f 1854/1854/1854 1855/1855/1855 1856/1856/1856
f 1857/1857/1857 1858/1858/1858 1859/1859/1859
f 1860/1860/1860 1862/1862/1862 1861/1861/1861
f 1863/1863/1863 1864/1864/1864 1865/1865/1865
f 1866/1866/1866 1868/1868/1868 1867/1867/1867
f 1869/1869/1869 1871/1871/1871 1870/1870/1870
f 1872/1872/1872 1873/1873/1873 1874/1874/1874
f 1875/1875/1875 1876/1876/1876 1877/1877/1877
f 1875/1875/1875 1877/1877/1877 1878/1878/1878
f 1879/1879/1879 1880/1880/1880 1881/1881/1881
f 1879/1879/1879 1881/1881/1881 1882/1882/1882
f 1883/1883/1883 1884/1884/1884 1885/1885/1885
f 1883/1883/1883 1885/1885/1885 1886/1886/1886
f 1887/1887/1887 1888/1888/1888 1889/1889/1889
f 1887/1887/1887 1889/1889/1889 1890/1890/1890
f 1891/1891/1891 1892/1892/1892 1893/1893/1893
f 1891/1891/1891 1893/1893/1893 1894/1894/1894
f 1895/1895/1895 1896/1896/1896 1897/1897/1897
f 1895/1895/1895 1897/1897/1897 1898/1898/1898
f 1899/1899/1899 1900/1900/1900 1901/1901/1901
f 1899/1899/1899 1901/1901/1901 1902/1902/1902
f 1903/1903/1903 1904/1904/1904 1905/1905/1905
f 1903/1903/1903 1905/1905/1905 1906/1906/1906
f 1907/1907/1907 1908/1908/1908 1909/1909/1909
f 1907/1907/1907 1909/1909/1909 1910/1910/1910
f 1911/1911/1911 1912/1912/1912 1913/1913/1913
f 1911/1911/1911 1913/1913/1913 1914/1914/1914
f 1915/1915/1915 1916/1916/1916 1917/1917/1917
f 1915/1915/1915 1917/1917/1917 1918/1918/1918
f 1919/1919/1919 1920/1920/1920 1921/1921/1921
f 1919/1919/1919 1921/1921/1921 1922/1922/1922
f 1923/1923/1923 1924/1924/1924 1925/1925/1925
f 1923/1923/1923 1925/1925/1925 1926/1926/1926
f 1927/1927/1927 1928/1928/1928 1929/1929/1929
f 1927/1927/1927 1929/1929/1929 1930/1930/1930
f 1931/1931/1931 1932/1932/1932 1933/1933/1933
f 1931/1931/1931 1933/1933/1933 1934/1934/1934
f 1935/1935/1935 1936/1936/1936 1937/1937/1937
f 1935/1935/1935 1937/1937/1937 1938/1938/1938
f 1939/1939/1939 1940/1940/1940 1941/1941/1941
f 1939/1939/1939 1941/1941/1941 1942/1942/1942
f 1943/1943/1943 1944/1944/1944 1945/1945/1945
f 1943/1943/1943 1945/1945/1945 1946/1946/1946
f 1947/1947/1947 1949/1949/1949 1948/1948/1948
f 1950/1950/1950 1951/1951/1951 1952/1952/1952
f 1953/1953/1953 1954/1954/1954 1955/1955/1955
f 1956/1956/1956 1958/1958/1958 1957/1957/1957
f 1959/1959/1959 1960/1960/1960 1961/1961/1961
f 1962/1962/1962 1964/1964/1964 1963/1963/1963
f 1965/1965/1965 1967/1967/1967 1966/1966/1966
f 1968/1968/1968 1969/1969/1969 1970/1970/1970
f 1971/1971/1971 1972/1972/1972 1973/1973/1973
f 1971/1971/1971 1973/1973/1973 1974/1974/1974
f 1975/1975/1975 1976/1976/1976 1977/1977/1977
f 1975/1975/1975 1977/1977/1977 1978/1978/1978
f 1979/1979/1979 1980/1980/1980 1981/1981/1981
f 1979/1979/1979 1981/1981/1981 1982/1982/1982
f 1983/1983/1983 1984/1984/1984 1985/1985/1985
f 1983/1983/1983 1985/1985/1985 1986/1986/1986
f 1987/1987/1987 1988/1988/1988 1989/1989/1989
f 1987/1987/1987 1989/1989/1989 1990/1990/1990
f 1991/1991/1991 1992/1992/1992 1993/1993/1993
f 1991/1991/1991 1993/1993/1993 1994/1994/1994
f 1995/1995/1995 1996/1996/1996 1997/1997/1997
f 1995/1995/1995 1997/1997/1997 1998/1998/1998
f 1999/1999/1999 2000/2000/2000 2001/2001/2001
f 1999/1999/1999 2001/2001/2001 2002/2002/2002
f 2003/2003/2003 2004/2004/2004 2005/2005/2005
f 2003/2003/2003 2005/2005/2005 2006/2006/2006
f 2007/2007/2007 2008/2008/2008 2009/2009/2009
f 2007/2007/2007 2009/2009/2009 2010/2010/2010
f 2011/2011/2011 2012/2012/2012 2013/2013/2013
f 2011/2011/2011 2013/2013/2013 2014/2014/2014
f 2015/2015/2015 2016/2016/2016 2017/2017/2017
f 2015/2015/2015 2017/2017/2017 2018/2018/2018
f 2019/2019/2019 2020/2020/2020 2021/2021/2021
f 2019/2019/2019 2021/2021/2021 2022/2022/2022
f 2023/2023/2023 2024/2024/2024 2025/2025/2025
f 2023/2023/2023 2025/2025/2025 2026/2026/2026
f 2027/2027/2027 2028/2028/2028 2029/2029/2029
f 2027/2027/2027 2029/2029/2029 2030/2030/2030
f 2031/2031/2031 2032/2032/2032 2033/2033/2033
f 2031/2031/2031 2033/2033/2033 2034/2034/2034
f 2035/2035/2035 2036/2036/2036 2037/2037/2037
f 2035/2035/2035 2037/2037/2037 2038/2038/2038
f 2039/2039/2039 2040/2040/2040 2041/2041/2041
f 2039/2039/2039 2041/2041/2041 2042/2042/2042
f 2043/2043/2043 2045/2045/2045 2044/2044/2044
f 2046/2046/2046 2047/2047/2047 2048/2048/2048
f 2049/2049/2049 2050/2050/2050 2051/2051/2051
f 2052/2052/2052 2054/2054/2054 2053/2053/2053
f 2055/2055/2055 2056/2056/2056 2057/2057/2057
f 2058/2058/2058 2060/2060/2060 2059/2059/2059
f 2061/2061/2061 2063/2063/2063 2062/2062/2062
f 2064/2064/2064 2065/2065/2065 2066/2066/2066
f 2067/2067/2067 2068/2068/2068 2069/2069/2069
f 2067/2067/2067 2069/2069/2069 2070/2070/2070
f 2071/2071/2071 2072/2072/2072 2073/2073/2073
f 2071/2071/2071 2073/2073/2073 2074/2074/2074
f 2075/2075/2075 2076/2076/2076 2077/2077/2077
f 2075/2075/2075 2077/2077/2077 2078/2078/2078
f 2079/2079/2079 2080/2080/2080 2081/2081/2081
f 2079/2079/2079 2081/2081/2081 2082/2082/2082
f 2083/2083/2083 2084/2084/2084 2085/2085/2085
f 2083/2083/2083 2085/2085/2085 2086/2086/2086
f 2087/2087/2087 2088/2088/2088 2089/2089/2089
f 2087/2087/2087 2089/2089/2089 2090/2090/2090
f 2091/2091/2091 2092/2092/2092 2093/2093/2093
f 2091/2091/2091 2093/2093/2093 2094/2094/2094
f 2095/2095/2095 2096/2096/2096 2097/2097/2097
f 2095/2095/2095 2097/2097/2097 2098/2098/2098
f 2099/2099/2099 2100/2100/2100 2101/2101/2101
f 2099/2099/2099 2101/2101/2101 2102/2102/2102
f 2103/2103/2103 2104/2104/2104 2105/2105/2105
f 2103/2103/2103 2105/2105/2105 2106/2106/2106
f 2107/2107/2107 2108/2108/2108 2109/2109/2109
f 2107/2107/2107 2109/2109/2109 2110/2110/2110
f 2111/2111/2111 2112/2112/2112 2113/2113/2113
f 2111/2111/2111 2113/2113/2113 2114/2114/2114
f 2115/2115/2115 2116/2116/2116 2117/2117/2117
f 2115/2115/2115 2117/2117/2117 2118/2118/2118
f 2119/2119/2119 2120/2120/2120 2121/2121/2121
f 2119/2119/2119 2121/2121/2121 2122/2122/2122
f 2123/2123/2123 2124/2124/2124 2125/2125/2125
f 2123/2123/2123 2125/2125/2125 2126/2126/2126
f 2127/2127/2127 2128/2128/2128 2129/2129/2129
f 2127/2127/2127 2129/2129/2129 2130/2130/2130
f 2131/2131/2131 2132/2132/2132 2133/2133/2133
f 2131/2131/2131 2133/2133/2133 2134/2134/2134
f 2135/2135/2135 2136/2136/2136 2137/2137/2137
f 2135/2135/2135 2137/2137/2137 2138/2138/2138
f 2139/2139/2139 2141/2141/2141 2140/2140/2140
f 2142/2142/2142 2143/2143/2143 2144/2144/2144
f 2145/2145/2145 2146/2146/2146 2147/2147/2147
f 2148/2148/2148 2150/2150/2150 2149/2149/2149
f 2151/2151/2151 2152/2152/2152 2153/2153/2153
f 2154/2154/2154 2156/2156/2156 2155/2155/2155
f 2157/2157/2157 2159/2159/2159 2158/2158/2158
f 2160/2160/2160 2161/2161/2161 2162/2162/2162
f 2163/2163/2163 2164/2164/2164 2165/2165/2165
f 2163/2163/2163 2165/2165/2165 2166/2166/2166
f 2167/2167/2167 2168/2168/2168 2169/2169/2169
f 2167/2167/2167 2169/2169/2169 2170/2170/2170
f 2171/2171/2171 2172/2172/2172 2173/2173/2173
f 2171/2171/2171 2173/2173/2173 2174/2174/2174
f 2175/2175/2175 2176/2176/2176 2177/2177/2177
f 2175/2175/2175 2177/2177/2177 2178/2178/2178
f 2179/2179/2179 2180/2180/2180 2181/2181/2181
f 2179/2179/2179 2181/2181/2181 2182/2182/2182
f 2183/2183/2183 2184/2184/2184 2185/2185/2185
f 2183/2183/2183 2185/2185/2185 2186/2186/2186
f 2187/2187/2187 2188/2188/2188 2189/2189/2189
f 2187/2187/2187 2189/2189/2189 2190/2190/2190
f 2191/2191/2191 2192/2192/2192 2193/2193/2193
f 2191/2191/2191 2193/2193/2193 2194/2194/2194
f 2195/2195/2195 2196/2196/2196 2197/2197/2197
f 2195/2195/2195 2197/2197/2197 2198/2198/2198
f 2199/2199/2199 2200/2200/2200 2201/2201/2201
f 2199/2199/2199 2201/2201/2201 2202/2202/2202
f 2203/2203/2203 2204/2204/2204 2205/2205/2205
f 2203/2203/2203 2205/2205/2205 2206/2206/2206
f 2207/2207/2207 2208/2208/2208 2209/2209/2209
f 2207/2207/2207 2209/2209/2209 2210/2210/2210
f 2211/2211/2211 2212/2212/2212 2213/2213/2213
f 2211/2211/2211 2213/2213/2213 2214/2214/2214
f 2215/2215/2215 2216/2216/2216 2217/2217/2217
f 2215/2215/2215 2217/2217/2217 2218/2218/2218
f 2219/2219/2219 2220/2220/2220 2221/2221/2221
f 2219/2219/2219 2221/2221/2221 2222/2222/2222
f 2223/2223/2223 2224/2224/2224 2225/2225/2225
f 2223/2223/2223 2225/2225/2225 2226/2226/2226
f 2227/2227/2227 2228/2228/2228 2229/2229/2229
f 2227/2227/2227 2229/2229/2229 2230/2230/2230
f 2231/2231/2231 2232/2232/2232 2233/2233/2233
f 2231/2231/2231 2233/2233/2233 2234/2234/2234
f 2235/2235/2235 2237/2237/2237 2236/2236/2236
f 2238/2238/2238 2239/2239/2239 2240/2240/2240
f 2241/2241/2241 2242/2242/2242 2243/2243/2243
f 2244/2244/2244 2246/2246/2246 2245/2245/2245
f 2247/2247/2247 2248/2248/2248 2249/2249/2249
f 2250/2250/2250 2252/2252/2252 2251/2251/2251
f 2253/2253/2253 2255/2255/2255 2254/2254/2254
f 2256/2256/2256 2257/2257/2257 2258/2258/2258
f 2259/2259/2259 2260/2260/2260 2261/2261/2261
f 2259/2259/2259 2261/2261/2261 2262/2262/2262
f 2263/2263/2263 2264/2264/2264 2265/2265/2265
f 2263/2263/2263 2265/2265/2265 2266/2266/2266
f 2267/2267/2267 2268/2268/2268 2269/2269/2269
f 2267/2267/2267 2269/2269/2269 2270/2270/2270
f 2271/2271/2271 2272/2272/2272 2273/2273/2273
f 2271/2271/2271 2273/2273/2273 2274/2274/2274
f 2275/2275/2275 2276/2276/2276 2277/2277/2277
f 2275/2275/2275 2277/2277/2277 2278/2278/2278
f 2279/2279/2279 2280/2280/2280 2281/2281/2281
f 2279/2279/2279 2281/2281/2281 2282/2282/2282
f 2283/2283/2283 2284/2284/2284 2285/2285/2285
f 2283/2283/2283 2285/2285/2285 2286/2286/2286
f 2287/2287/2287 2288/2288/2288 2289/2289/2289
f 2287/2287/2287 2289/2289/2289 2290/2290/2290
f 2291/2291/2291 2292/2292/2292 2293/2293/2293
f 2291/2291/2291 2293/2293/2293 2294/2294/2294
f 2295/2295/2295 2296/2296/2296 2297/2297/2297
f 2295/2295/2295 2297/2297/2297 2298/2298/2298
f 2299/2299/2299 2300/2300/2300 2301/2301/2301
f 2299/2299/2299 2301/2301/2301 2302/2302/2302
f 2303/2303/2303 2304/2304/2304 2305/2305/2305
f 2303/2303/2303 2305/2305/2305 2306/2306/2306
f 2307/2307/2307 2308/2308/2308 2309/2309/2309
f 2307/2307/2307 2309/2309/2309 2310/2310/2310
f 2311/2311/2311 2312/2312/2312 2313/2313/2313
f 2311/2311/2311 2313/2313/2313 2314/2314/2314
f 2315/2315/2315 2316/2316/2316 2317/2317/2317
f 2315/2315/2315 2317/2317/2317 2318/2318/2318
f 2319/2319/2319 2320/2320/2320 2321/2321/2321
f 2319/2319/2319 2321/2321/2321 2322/2322/2322
f 2323/2323/2323 2324/2324/2324 2325/2325/2325
f 2323/2323/2323 2325/2325/2325 2326/2326/2326
f 2327/2327/2327 2328/2328/2328 2329/2329/2329
f 2327/2327/2327 2329/2329/2329 2330/2330/2330
f 2331/2331/2331 2333/2333/2333 2332/2332/2332
f 2334/2334/2334 2335/2335/2335 2336/2336/2336
f 2337/2337/2337 2338/2338/2338 2339/2339/2339
f 2340/2340/2340 2342/2342/2342 2341/2341/2341
f 2343/2343/2343 2344/2344/2344 2345/2345/2345
f 2346/2346/2346 2348/2348/2348 2347/2347/2347
f 2349/2349/2349 2351/2351/2351 2350/2350/2350
f 2352/2352/2352 2353/2353/2353 2354/2354/2354
f 2355/2355/2355 2356/2356/2356 2357/2357/2357
f 2355/2355/2355 2357/2357/2357 2358/2358/2358
f 2359/2359/2359 2360/2360/2360 2361/2361/2361
f 2359/2359/2359 2361/2361/2361 2362/2362/2362
f 2363/2363/2363 2364/2364/2364 2365/2365/2365
f 2363/2363/2363 2365/2365/2365 2366/2366/2366
f 2367/2367/2367 2368/2368/2368 2369/2369/2369
f 2367/2367/2367 2369/2369/2369 2370/2370/2370
f 2371/2371/2371 2372/2372/2372 2373/2373/2373
f 2371/2371/2371 2373/2373/2373 2374/2374/2374
f 2375/2375/2375 2376/2376/2376 2377/2377/2377
f 2375/2375/2375 2377/2377/2377 2378/2378/2378
f 2379/2379/2379 2380/2380/2380 2381/2381/2381
f 2379/2379/2379 2381/2381/2381 2382/2382/2382
f 2383/2383/2383 2384/2384/2384 2385/2385/2385
f 2383/2383/2383 2385/2385/2385 2386/2386/2386
f 2387/2387/2387 2388/2388/2388 2389/2389/2389
f 2387/2387/2387 2389/2389/2389 2390/2390/2390
f 2391/2391/2391 2392/2392/2392 2393/2393/2393
f 2391/2391/2391 2393/2393/2393 2394/2394/2394
f 2395/2395/2395 2396/2396/2396 2397/2397/2397
f 2395/2395/2395 2397/2397/2397 2398/2398/2398
f 2399/2399/2399 2400/2400/2400 2401/2401/2401
f 2399/2399/2399 2401/2401/2401 2402/2402/2402
f 2403/2403/2403 2404/2404/2404 2405/2405/2405
f 2403/2403/2403 2405/2405/2405 2406/2406/2406
f 2407/2407/2407 2408/2408/2408 2409/2409/2409
f 2407/2407/2407 2409/2409/2409 2410/2410/2410
f 2411/2411/2411 2412/2412/2412 2413/2413/2413
f 2411/2411/2411 2413/2413/2413 2414/2414/2414
f 2415/2415/2415 2416/2416/2416 2417/2417/2417
f 2415/2415/2415 2417/2417/2417 2418/2418/2418
f 2419/2419/2419 2420/2420/2420 2421/2421/2421
f 2419/2419/2419 2421/2421/2421 2422/2422/2422
f 2423/2423/2423 2424/2424/2424 2425/2425/2425
f 2423/2423/2423 2425/2425/2425 2426/2426/2426
f 2427/2427/2427 2429/2429/2429 2428/2428/2428
f 2430/2430/2430 2431/2431/2431 2432/2432/2432
f 2433/2433/2433 2434/2434/2434 2435/2435/2435
f 2436/2436/2436 2438/2438/2438 2437/2437/2437
f 2439/2439/2439 2440/2440/2440 2441/2441/2441
f 2442/2442/2442 2444/2444/2444 2443/2443/2443
f 2445/2445/2445 2447/2447/2447 2446/2446/2446
f 2448/2448/2448 2449/2449/2449 2450/2450/2450
f 2451/2451/2451 2452/2452/2452 2453/2453/2453
f 2451/2451/2451 2453/2453/2453 2454/2454/2454
f 2455/2455/2455 2456/2456/2456 2457/2457/2457
f 2455/2455/2455 2457/2457/2457 2458/2458/2458
f 2459/2459/2459 2460/2460/2460 2461/2461/2461
f 2459/2459/2459 2461/2461/2461 2462/2462/2462
f 2463/2463/2463 2464/2464/2464 2465/2465/2465
f 2463/2463/2463 2465/2465/2465 2466/2466/2466
f 2467/2467/2467 2468/2468/2468 2469/2469/2469
f 2467/2467/2467 2469/2469/2469 2470/2470/2470
f 2471/2471/2471 2472/2472/2472 2473/2473/2473
f 2471/2471/2471 2473/2473/2473 2474/2474/2474
f 2475/2475/2475 2476/2476/2476 2477/2477/2477
f 2475/2475/2475 2477/2477/2477 2478/2478/2478
f 2479/2479/2479 2480/2480/2480 2481/2481/2481
f 2479/2479/2479 2481/2481/2481 2482/2482/2482
f 2483/2483/2483 2484/2484/2484 2485/2485/2485
f 2483/2483/2483 2485/2485/2485 2486/2486/2486
f 2487/2487/2487 2488/2488/2488 2489/2489/2489
f 2487/2487/2487 2489/2489/2489 2490/2490/2490
f 2491/2491/2491 2492/2492/2492 2493/2493/2493
f 2491/2491/2491 2493/2493/2493 2494/2494/2494
f 2495/2495/2495 2496/2496/2496 2497/2497/2497
f 2495/2495/2495 2497/2497/2497 2498/2498/2498
f 2499/2499/2499 2500/2500/2500 2501/2501/2501
f 2499/2499/2499 2501/2501/2501 2502/2502/2502
f 2503/2503/2503 2504/2504/2504 2505/2505/2505
f 2503/2503/2503 2505/2505/2505 2506/2506/2506
f 2507/2507/2507 2508/2508/2508 2509/2509/2509
f 2507/2507/2507 2509/2509/2509 2510/2510/2510
f 2511/2511/2511 2512/2512/2512 2513/2513/2513
f 2511/2511/2511 2513/2513/2513 2514/2514/2514
f 2515/2515/2515 2516/2516/2516 2517/2517/2517
f 2515/2515/2515 2517/2517/2517 2518/2518/2518
f 2519/2519/2519 2520/2520/2520 2521/2521/2521
f 2519/2519/2519 2521/2521/2521 2522/2522/2522
f 2523/2523/2523 2525/2525/2525 2524/2524/2524
f 2526/2526/2526 2527/2527/2527 2528/2528/2528
f 2529/2529/2529 2530/2530/2530 2531/2531/2531
f 2532/2532/2532 2534/2534/2534 2533/2533/2533
f 2535/2535/2535 2536/2536/2536 2537/2537/2537
f 2538/2538/2538 2540/2540/2540 2539/2539/2539
f 2541/2541/2541 2543/2543/2543 2542/2542/2542
f 2544/2544/2544 2545/2545/2545 2546/2546/2546
f 2547/2547/2547 2548/2548/2548 2549/2549/2549
f 2547/2547/2547 2549/2549/2549 2550/2550/2550
f 2551/2551/2551 2552/2552/2552 2553/2553/2553
f 2551/2551/2551 2553/2553/2553 2554/2554/2554
f 2555/2555/2555 2556/2556/2556 2557/2557/2557
f 2555/2555/2555 2557/2557/2557 2558/2558/2558
f 2559/2559/2559 2560/2560/2560 2561/2561/2561
f 2559/2559/2559 2561/2561/2561 2562/2562/2562
f 2563/2563/2563 2564/2564/2564 2565/2565/2565
f 2563/2563/2563 2565/2565/2565 2566/2566/2566
f 2567/2567/2567 2568/2568/2568 2569/2569/2569
f 2567/2567/2567 2569/2569/2569 2570/2570/2570
f 2571/2571/2571 2572/2572/2572 2573/2573/2573
f 2571/2571/2571 2573/2573/2573 2574/2574/2574
f 2575/2575/2575 2576/2576/2576 2577/2577/2577
f 2575/2575/2575 2577/2577/2577 2578/2578/2578
f 2579/2579/2579 2580/2580/2580 2581/2581/2581
f 2579/2579/2579 2581/2581/2581 2582/2582/2582
f 2583/2583/2583 2584/2584/2584 2585/2585/2585
f 2583/2583/2583 2585/2585/2585 2586/2586/2586
f 2587/2587/2587 2588/2588/2588 2589/2589/2589
f 2587/2587/2587 2589/2589/2589 2590/2590/2590
f 2591/2591/2591 2592/2592/2592 2593/2593/2593
f 2591/2591/2591 2593/2593/2593 2594/2594/2594
f 2595/2595/2595 2596/2596/2596 2597/2597/2597
f 2595/2595/2595 2597/2597/2597 2598/2598/2598
f 2599/2599/2599 2600/2600/2600 2601/2601/2601
f 2599/2599/2599 2601/2601/2601 2602/2602/2602
f 2603/2603/2603 2604/2604/2604 2605/2605/2605
f 2603/2603/2603 2605/2605/2605 2606/2606/2606
f 2607/2607/2607 2608/2608/2608 2609/2609/2609
f 2607/2607/2607 2609/2609/2609 2610/2610/2610
f 2611/2611/2611 2612/2612/2612 2613/2613/2613
f 2611/2611/2611 2613/2613/2613 2614/2614/2614
f 2615/2615/2615 2616/2616/2616 2617/2617/2617
f 2615/2615/2615 2617/2617/2617 2618/2618/2618
f 2619/2619/2619 2621/2621/2621 2620/2620/2620
f 2622/2622/2622 2623/2623/2623 2624/2624/2624
f 2625/2625/2625 2626/2626/2626 2627/2627/2627
f 2628/2628/2628 2630/2630/2630 2629/2629/2629
f 2631/2631/2631 2632/2632/2632 2633/2633/2633
f 2634/2634/2634 2636/2636/2636 2635/2635/2635
f 2637/2637/2637 2639/2639/2639 2638/2638/2638
f 2640/2640/2640 2641/2641/2641 2642/2642/2642
f 2643/2643/2643 2644/2644/2644 2645/2645/2645
f 2643/2643/2643 2645/2645/2645 2646/2646/2646
f 2647/2647/2647 2648/2648/2648 2649/2649/2649
f 2647/2647/2647 2649/2649/2649 2650/2650/2650
f 2651/2651/2651 2652/2652/2652 2653/2653/2653
f 2651/2651/2651 2653/2653/2653 2654/2654/2654
f 2655/2655/2655 2656/2656/2656 2657/2657/2657
f 2655/2655/2655 2657/2657/2657 2658/2658/2658
f 2659/2659/2659 2660/2660/2660 2661/2661/2661
f 2659/2659/2659 2661/2661/2661 2662/2662/2662
f 2663/2663/2663 2664/2664/2664 2665/2665/2665
f 2663/2663/2663 2665/2665/2665 2666/2666/2666
f 2667/2667/2667 2668/2668/2668 2669/2669/2669
f 2667/2667/2667 2669/2669/2669 2670/2670/2670
f 2671/2671/2671 2672/2672/2672 2673/2673/2673
f 2671/2671/2671 2673/2673/2673 2674/2674/2674
f 2675/2675/2675 2676/2676/2676 2677/2677/2677
f 2675/2675/2675 2677/2677/2677 2678/2678/2678
f 2679/2679/2679 2680/2680/2680 2681/2681/2681
f 2679/2679/2679 2681/2681/2681 2682/2682/2682
f 2683/2683/2683 2684/2684/2684 2685/2685/2685
f 2683/2683/2683 2685/2685/2685 2686/2686/2686
f 2687/2687/2687 2688/2688/2688 2689/2689/2689
f 2687/2687/2687 2689/2689/2689 2690/2690/2690
f 2691/2691/2691 2692/2692/2692 2693/2693/2693
f 2691/2691/2691 2693/2693/2693 2694/2694/2694
f 2695/2695/2695 2696/2696/2696 2697/2697/2697
f 2695/2695/2695 2697/2697/2697 2698/2698/2698
f 2699/2699/2699 2700/2700/2700 2701/2701/2701
f 2699/2699/2699 2701/2701/2701 2702/2702/2702
f 2703/2703/2703 2704/2704/2704 2705/2705/2705
f 2703/2703/2703 2705/2705/2705 2706/2706/2706
f 2707/2707/2707 2708/2708/2708 2709/2709/2709
f 2707/2707/2707 2709/2709/2709 2710/2710/2710
f 2711/2711/2711 2712/2712/2712 2713/2713/2713
f 2711/2711/2711 2713/2713/2713 2714/2714/2714
f 2715/2715/2715 2717/2717/2717 2716/2716/2716
f 2718/2718/2718 2719/2719/2719 2720/2720/2720
f 2721/2721/2721 2722/2722/2722 2723/2723/2723
f 2724/2724/2724 2726/2726/2726 2725/2725/2725
f 2727/2727/2727 2728/2728/2728 2729/2729/2729
f 2730/2730/2730 2732/2732/2732 2731/2731/2731
f 2733/2733/2733 2735/2735/2735 2734/2734/2734
f 2736/2736/2736 2737/2737/2737 2738/2738/2738
f 2739/2739/2739 2740/2740/2740 2741/2741/2741
f 2739/2739/2739 2741/2741/2741 2742/2742/2742
f 2743/2743/2743 2744/2744/2744 2745/2745/2745
f 2743/2743/2743 2745/2745/2745 2746/2746/2746
f 2747/2747/2747 2748/2748/2748 2749/2749/2749
f 2747/2747/2747 2749/2749/2749 2750/2750/2750
f 2751/2751/2751 2752/2752/2752 2753/2753/2753
f 2751/2751/2751 2753/2753/2753 2754/2754/2754
f 2755/2755/2755 2756/2756/2756 2757/2757/2757
f 2755/2755/2755 2757/2757/2757 2758/2758/2758
f 2759/2759/2759 2760/2760/2760 2761/2761/2761
f 2759/2759/2759 2761/2761/2761 2762/2762/2762
f 2763/2763/2763 2764/2764/2764 2765/2765/2765
f 2763/2763/2763 2765/2765/2765 2766/2766/2766
f 2767/2767/2767 2768/2768/2768 2769/2769/2769
f 2767/2767/2767 2769/2769/2769 2770/2770/2770
f 2771/2771/2771 2772/2772/2772 2773/2773/2773
f 2771/2771/2771 2773/2773/2773 2774/2774/2774
f 2775/2775/2775 2776/2776/2776 2777/2777/2777
f 2775/2775/2775 2777/2777/2777 2778/2778/2778
f 2779/2779/2779 2780/2780/2780 2781/2781/2781
f 2779/2779/2779 2781/2781/2781 2782/2782/2782
f 2783/2783/2783 2784/2784/2784 2785/2785/2785
f 2783/2783/2783 2785/2785/2785 2786/2786/2786
f 2787/2787/2787 2788/2788/2788 2789/2789/2789
f 2787/2787/2787 2789/2789/2789 2790/2790/2790
f 2791/2791/2791 2792/2792/2792 2793/2793/2793
f 2791/2791/2791 2793/2793/2793 2794/2794/2794
f 2795/2795/2795 2796/2796/2796 2797/2797/2797
f 2795/2795/2795 2797/2797/2797 2798/2798/2798
f 2799/2799/2799 2800/2800/2800 2801/2801/2801
f 2799/2799/2799 2801/2801/2801 2802/2802/2802
f 2803/2803/2803 2804/2804/2804 2805/2805/2805
f 2803/2803/2803 2805/2805/2805 2806/2806/2806
f 2807/2807/2807 2808/2808/2808 2809/2809/2809
f 2807/2807/2807 2809/2809/2809 2810/2810/2810
f 2811/2811/2811 2813/2813/2813 2812/2812/2812
f 2814/2814/2814 2815/2815/2815 2816/2816/2816
f 2817/2817/2817 2818/2818/2818 2819/2819/2819
f 2820/2820/2820 2822/2822/2822 2821/2821/2821
f 2823/2823/2823 2824/2824/2824 2825/2825/2825
f 2826/2826/2826 2828/2828/2828 2827/2827/2827
f 2829/2829/2829 2831/2831/2831 2830/2830/2830
f 2832/2832/2832 2833/2833/2833 2834/2834/2834
f 2835/2835/2835 2836/2836/2836 2837/2837/2837
f 2835/2835/2835 2837/2837/2837 2838/2838/2838
f 2839/2839/2839 2840/2840/2840 2841/2841/2841
f 2839/2839/2839 2841/2841/2841 2842/2842/2842
f 2843/2843/2843 2844/2844/2844 2845/2845/2845
f 2843/2843/2843 2845/2845/2845 2846/2846/2846
f 2847/2847/2847 2848/2848/2848 2849/2849/2849
f 2847/2847/2847 2849/2849/2849 2850/2850/2850
f 2851/2851/2851 2852/2852/2852 2853/2853/2853
f 2851/2851/2851 2853/2853/2853 2854/2854/2854
f 2855/2855/2855 2856/2856/2856 2857/2857/2857
f 2855/2855/2855 2857/2857/2857 2858/2858/2858
f 2859/2859/2859 2860/2860/2860 2861/2861/2861
f 2859/2859/2859 2861/2861/2861 2862/2862/2862
f 2863/2863/2863 2864/2864/2864 2865/2865/2865
f 2863/2863/2863 2865/2865/2865 2866/2866/2866
f 2867/2867/2867 2868/2868/2868 2869/2869/2869
f 2867/2867/2867 2869/2869/2869 2870/2870/2870
f 2871/2871/2871 2872/2872/2872 2873/2873/2873
f 2871/2871/2871 2873/2873/2873 2874/2874/2874
f 2875/2875/2875 2876/2876/2876 2877/2877/2877
f 2875/2875/2875 2877/2877/2877 2878/2878/2878
f 2879/2879/2879 2880/2880/2880 2881/2881/2881
f 2879/2879/2879 2881/2881/2881 2882/2882/2882
f 2883/2883/2883 2884/2884/2884 2885/2885/2885
f 2883/2883/2883 2885/2885/2885 2886/2886/2886
f 2887/2887/2887 2888/2888/2888 2889/2889/2889
f 2887/2887/2887 2889/2889/2889 2890/2890/2890
f 2891/2891/2891 2892/2892/2892 2893/2893/2893
f 2891/2891/2891 2893/2893/2893 2894/2894/2894
f 2895/2895/2895 2896/2896/2896 2897/2897/2897
f 2895/2895/2895 2897/2897/2897 2898/2898/2898
f 2899/2899/2899 2900/2900/2900 2901/2901/2901
f 2899/2899/2899 2901/2901/2901 2902/2902/2902
f 2903/2903/2903 2904/2904/2904 2905/2905/2905
f 2903/2903/2903 2905/2905/2905 2906/2906/2906
f 2907/2907/2907 2909/2909/2909 2908/2908/2908
f 2910/2910/2910 2911/2911/2911 2912/2912/2912
f 2913/2913/2913 2914/2914/2914 2915/2915/2915
f 2916/2916/2916 2918/2918/2918 2917/2917/2917
f 2919/2919/2919 2920/2920/2920 2921/2921/2921
f 2922/2922/2922 2924/2924/2924 2923/2923/2923
f 2925/2925/2925 2927/2927/2927 2926/2926/2926
f 2928/2928/2928 2929/2929/2929 2930/2930/2930
f 2931/2931/2931 2937/2937/2937 2938/2938/2938
f 2931/2931/2931 2938/2938/2938 2932/2932/2932
f 2932/2932/2932 2938/2938/2938 2939/2939/2939
f 2932/2932/2932 2939/2939/2939 2933/2933/2933
f 2933/2933/2933 2939/2939/2939 2940/2940/2940
f 2933/2933/2933 2940/2940/2940 2934/2934/2934
f 2934/2934/2934 2940/2940/2940 2941/2941/2941
f 2934/2934/2934 2941/2941/2941 2935/2935/2935
f 2935/2935/2935 2941/2941/2941 2942/2942/2942
f 2935/2935/2935 2942/2942/2942 2936/2936/2936
f 2936/2936/2936 2942/2942/2942 2937/2937/2937
f 2936/2936/2936 2937/2937/2937 2931/2931/2931
f 2937/2937/2937 2943/2943/2943 2944/2944/2944
f 2937/2937/2937 2944/2944/2944 2938/2938/2938
f 2938/2938/2938 2944/2944/2944 2945/2945/2945
f 2938/2938/2938 2945/2945/2945 2939/2939/2939
f 2939/2939/2939 2945/2945/2945 2946/2946/2946
f 2939/2939/2939 2946/2946/2946 2940/2940/2940
f 2940/2940/2940 2946/2946/2946 2947/2947/2947
f 2940/2940/2940 2947/2947/2947 2941/2941/2941
f 2941/2941/2941 2947/2947/2947 2948/2948/2948
f 2941/2941/2941 2948/2948/2948 2942/2942/2942
f 2942/2942/2942 2948/2948/2948 2943/2943/2943
f 2942/2942/2942 2943/2943/2943 2937/2937/2937
f 2943/2943/2943 2949/2949/2949 2950/2950/2950
f 2943/2943/2943 2950/2950/2950 2944/2944/2944
f 2944/2944/2944 2950/2950/2950 2951/2951/2951
f 2944/2944/2944 2951/2951/2951 2945/2945/2945
f 2945/2945/2945 2951/2951/2951 2952/2952/2952
f 2945/2945/2945 2952/2952/2952 2946/2946/2946
f 2946/2946/2946 2952/2952/2952 2953/2953/2953
f 2946/2946/2946 2953/2953/2953 2947/2947/2947
f 2947/2947/2947 2953/2953/2953 2954/2954/2954
f 2947/2947/2947 2954/2954/2954 2948/2948/2948
f 2948/2948/2948 2954/2954/2954 2949/2949/2949
f 2948/2948/2948 2949/2949/2949 2943/2943/2943
f 2955/2955/2955 2932/2932/2932 2931/2931/2931
f 2955/2955/2955 2933/2933/2933 2932/2932/2932
f 2955/2955/2955 2934/2934/2934 2933/2933/2933
f 2955/2955/2955 2935/2935/2935 2934/2934/2934
f 2955/2955/2955 2936/2936/2936 2935/2935/2935
f 2955/2955/2955 2931/2931/2931 2936/2936/2936
f 2956/2956/2956 2949/2949/2949 2950/2950/2950
f 2956/2956/2956 2950/2950/2950 2951/2951/2951
f 2956/2956/2956 2951/2951/2951 2952/2952/2952
f 2956/2956/2956 2952/2952/2952 2953/2953/2953
f 2956/2956/2956 2953/2953/2953 2954/2954/2954
f 2956/2956/2956 2954/2954/2954 2949/2949/2949
f 2957/2957/2957 2962/2962/2962 2963/2963/2963
f 2957/2957/2957 2963/2963/2963 2958/2958/2958
f 2958/2958/2958 2963/2963/2963 2964/2964/2964
f 2958/2958/2958 2964/2964/2964 2959/2959/2959
f 2959/2959/2959 2964/2964/2964 2965/2965/2965
f 2959/2959/2959 2965/2965/2965 2960/2960/2960
f 2960/2960/2960 2965/2965/2965 2966/2966/2966
f 2960/2960/2960 2966/2966/2966 2961/2961/2961
f 2961/2961/2961 2966/2966/2966 2962/2962/2962
f 2961/2961/2961 2962/2962/2962 2957/2957/2957
f 2962/2962/2962 2967/2967/2967 2968/2968/2968
f 2962/2962/2962 2968/2968/2968 2963/2963/2963
f 2963/2963/2963 2968/2968/2968 2969/2969/2969
f 2963/2963/2963 2969/2969/2969 2964/2964/2964
f 2964/2964/2964 2969/2969/2969 2970/2970/2970
f 2964/2964/2964 2970/2970/2970 2965/2965/2965
f 2965/2965/2965 2970/2970/2970 2971/2971/2971
f 2965/2965/2965 2971/2971/2971 2966/2966/2966
f 2966/2966/2966 2971/2971/2971 2967/2967/2967
f 2966/2966/2966 2967/2967/2967 2962/2962/2962
f 2967/2967/2967 2972/2972/2972 2973/2973/2973
f 2967/2967/2967 2973/2973/2973 2968/2968/2968
f 2968/2968/2968 2973/2973/2973 2974/2974/2974
f 2968/2968/2968 2974/2974/2974 2969/2969/2969
f 2969/2969/2969 2974/2974/2974 2975/2975/2975
f 2969/2969/2969 2975/2975/2975 2970/2970/2970
f 2970/2970/2970 2975/2975/2975 2976/2976/2976
f 2970/2970/2970 2976/2976/2976 2971/2971/2971
f 2971/2971/2971 2976/2976/2976 2972/2972/2972
f 2971/2971/2971 2972/2972/2972 2967/2967/2967
f 2977/2977/2977 2958/2958/2958 2957/2957/2957
f 2977/2977/2977 2959/2959/2959 2958/2958/2958
f 2977/2977/2977 2960/2960/2960 2959/2959/2959
f 2977/2977/2977 2961/2961/2961 2960/2960/2960
f 2977/2977/2977 2957/2957/2957 2961/2961/2961
f 2978/2978/2978 2972/2972/2972 2973/2973/2973
f 2978/2978/2978 2973/2973/2973 2974/2974/2974
f 2978/2978/2978 2974/2974/2974 2975/2975/2975
f 2978/2978/2978 2975/2975/2975 2976/2976/2976
f 2978/2978/2978 2976/2976/2976 2972/2972/2972
f 2979/2979/2979 2980/2980/2980 2981/2981/2981
f 2979/2979/2979 2981/2981/2981 2982/2982/2982
f 2983/2983/2983 2984/2984/2984 2985/2985/2985
f 2983/2983/2983 2985/2985/2985 2986/2986/2986
f 2987/2987/2987 2988/2988/2988 2989/2989/2989
f 2987/2987/2987 2989/2989/2989 2990/2990/2990
f 2991/2991/2991 2992/2992/2992 2993/2993/2993
f 2991/2991/2991 2993/2993/2993 2994/2994/2994
f 2995/2995/2995 2996/2996/2996 2997/2997/2997
f 2995/2995/2995 2997/2997/2997 2998/2998/2998
f 2999/2999/2999 3000/3000/3000 3001/3001/3001
f 2999/2999/2999 3001/3001/3001 3002/3002/3002
f 3003/3003/3003 3004/3004/3004 3005/3005/3005
f 3003/3003/3003 3005/3005/3005 3006/3006/3006
f 3007/3007/3007 3008/3008/3008 3009/3009/3009
f 3007/3007/3007 3009/3009/3009 3010/3010/3010
f 3011/3011/3011 3012/3012/3012 3013/3013/3013
f 3011/3011/3011 3013/3013/3013 3014/3014/3014
f 3015/3015/3015 3016/3016/3016 3017/3017/3017
f 3015/3015/3015 3017/3017/3017 3018/3018/3018
f 3019/3019/3019 3020/3020/3020 3021/3021/3021
f 3019/3019/3019 3021/3021/3021 3022/3022/3022
f 3023/3023/3023 3024/3024/3024 3025/3025/3025
f 3023/3023/3023 3025/3025/3025 3026/3026/3026
f 3027/3027/3027 3028/3028/3028 3029/3029/3029
f 3027/3027/3027 3029/3029/3029 3030/3030/3030
f 3031/3031/3031 3032/3032/3032 3033/3033/3033
f 3031/3031/3031 3033/3033/3033 3034/3034/3034
f 3035/3035/3035 3036/3036/3036 3037/3037/3037
f 3035/3035/3035 3037/3037/3037 3038/3038/3038
f 3039/3039/3039 3040/3040/3040 3041/3041/3041
f 3039/3039/3039 3041/3041/3041 3042/3042/3042
f 3043/3043/3043 3044/3044/3044 3045/3045/3045
f 3043/3043/3043 3045/3045/3045 3046/3046/3046
f 3047/3047/3047 3048/3048/3048 3049/3049/3049
f 3047/3047/3047 3049/3049/3049 3050/3050/3050
f 3051/3051/3051 3053/3053/3053 3052/3052/3052
f 3054/3054/3054 3055/3055/3055 3056/3056/3056
f 3057/3057/3057 3058/3058/3058 3059/3059/3059
f 3060/3060/3060 3062/3062/3062 3061/3061/3061
f 3063/3063/3063 3064/3064/3064 3065/3065/3065
f 3066/3066/3066 3068/3068/3068 3067/3067/3067
f 3069/3069/3069 3071/3071/3071 3070/3070/3070
f 3072/3072/3072 3073/3073/3073 3074/3074/3074
f 3075/3075/3075 3076/3076/3076 3077/3077/3077
f 3075/3075/3075 3077/3077/3077 3078/3078/3078
f 3079/3079/3079 3080/3080/3080 3081/3081/3081
f 3079/3079/3079 3081/3081/3081 3082/3082/3082
f 3083/3083/3083 3084/3084/3084 3085/3085/3085
f 3083/3083/3083 3085/3085/3085 3086/3086/3086
f 3087/3087/3087 3088/3088/3088 3089/3089/3089
f 3087/3087/3087 3089/3089/3089 3090/3090/3090
f 3091/3091/3091 3092/3092/3092 3093/3093/3093
f 3091/3091/3091 3093/3093/3093 3094/3094/3094
f 3095/3095/3095 3096/3096/3096 3097/3097/3097
f 3095/3095/3095 3097/3097/3097 3098/3098/3098
f 3099/3099/3099 3100/3100/3100 3101/3101/3101
f 3099/3099/3099 3101/3101/3101 3102/3102/3102
f 3103/3103/3103 3104/3104/3104 3105/3105/3105
f 3103/3103/3103 3105/3105/3105 3106/3106/3106
f 3107/3107/3107 3108/3108/3108 3109/3109/3109
f 3107/3107/3107 3109/3109/3109 3110/3110/3110
f 3111/3111/3111 3112/3112/3112 3113/3113/3113
f 3111/3111/3111 3113/3113/3113 3114/3114/3114
f 3115/3115/3115 3116/3116/3116 3117/3117/3117
f 3115/3115/3115 3117/3117/3117 3118/3118/3118
f 3119/3119/3119 3120/3120/3120 3121/3121/3121
f 3119/3119/3119 3121/3121/3121 3122/3122/3122
f 3123/3123/3123 3124/3124/3124 3125/3125/3125
f 3123/3123/3123 3125/3125/3125 3126/3126/3126
f 3127/3127/3127 3128/3128/3128 3129/3129/3129
f 3127/3127/3127 3129/3129/3129 3130/3130/3130
f 3131/3131/3131 3132/3132/3132 3133/3133/3133
f 3131/3131/3131 3133/3133/3133 3134/3134/3134
f 3135/3135/3135 3136/3136/3136 3137/3137/3137
f 3135/3135/3135 3137/3137/3137 3138/3138/3138
f 3139/3139/3139 3140/3140/3140 3141/3141/3141
f 3139/3139/3139 3141/3141/3141 3142/3142/3142
f 3143/3143/3143 3144/3144/3144 3145/3145/3145
f 3143/3143/3143 3145/3145/3145 3146/3146/3146
f 3147/3147/3147 3149/3149/3149 3148/3148/3148
f 3150/3150/3150 3151/3151/3151 3152/3152/3152
f 3153/3153/3153 3154/3154/3154 3155/3155/3155
f 3156/3156/3156 3158/3158/3158 3157/3157/3157
f 3159/3159/3159 3160/3160/3160 3161/3161/3161
f 3162/3162/3162 3164/3164/3164 3163/3163/3163
f 3165/3165/3165 3167/3167/3167 3166/3166/3166
f 3168/3168/3168 3169/3169/3169 3170/3170/3170
f 3171/3171/3171 3177/3177/3177 3178/3178/3178
f 3171/3171/3171 3178/3178/3178 3172/3172/3172
f 3172/3172/3172 3178/3178/3178 3179/3179/3179
f 3172/3172/3172 3179/3179/3179 3173/3173/3173
f 3173/3173/3173 3179/3179/3179 3180/3180/3180
f 3173/3173/3173 3180/3180/3180 3174/3174/3174
f 3174/3174/3174 3180/3180/3180 3181/3181/3181
f 3174/3174/3174 3181/3181/3181 3175/3175/3175
f 3175/3175/3175 3181/3181/3181 3182/3182/3182
f 3175/3175/3175 3182/3182/3182 3176/3176/3176
f 3176/3176/3176 3182/3182/3182 3177/3177/3177
f 3176/3176/3176 3177/3177/3177 3171/3171/3171
f 3177/3177/3177 3183/3183/3183 3184/3184/3184
f 3177/3177/3177 3184/3184/3184 3178/3178/3178
f 3178/3178/3178 3184/3184/3184 3185/3185/3185
f 3178/3178/3178 3185/3185/3185 3179/3179/3179
f 3179/3179/3179 3185/3185/3185 3186/3186/3186
f 3179/3179/3179 3186/3186/3186 3180/3180/3180
f 3180/3180/3180 3186/3186/3186 3187/3187/3187
f 3180/3180/3180 3187/3187/3187 3181/3181/3181
f 3181/3181/3181 3187/3187/3187 3188/3188/3188
f 3181/3181/3181 3188/3188/3188 3182/3182/3182
f 3182/3182/3182 3188/3188/3188 3183/3183/3183
f 3182/3182/3182 3183/3183/3183 3177/3177/3177
f 3183/3183/3183 3189/3189/3189 3190/3190/3190
f 3183/3183/3183 3190/3190/3190 3184/3184/3184
f 3184/3184/3184 3190/3190/3190 3191/3191/3191
f 3184/3184/3184 3191/3191/3191 3185/3185/3185
f 3185/3185/3185 3191/3191/3191 3192/3192/3192
f 3185/3185/3185 3192/3192/3192 3186/3186/3186
f 3186/3186/3186 3192/3192/3192 3193/3193/3193
f 3186/3186/3186 3193/3193/3193 3187/3187/3187
f 3187/3187/3187 3193/3193/3193 3194/3194/3194
f 3187/3187/3187 3194/3194/3194 3188/3188/3188
f 3188/3188/3188 3194/3194/3194 3189/3189/3189
f 3188/3188/3188 3189/3189/3189 3183/3183/3183
f 3195/3195/3195 3172/3172/3172 3171/3171/3171
f 3195/3195/3195 3173/3173/3173 3172/3172/3172
f 3195/3195/3195 3174/3174/3174 3173/3173/3173
f 3195/3195/3195 3175/3175/3175 3174/3174/3174
f 3195/3195/3195 3176/3176/3176 3175/3175/3175
f 3195/3195/3195 3171/3171/3171 3176/3176/3176
f 3196/3196/3196 3189/3189/3189 3190/3190/3190
f 3196/3196/3196 3190/3190/3190 3191/3191/3191
f 3196/3196/3196 3191/3191/3191 3192/3192/3192
f 3196/3196/3196 3192/3192/3192 3193/3193/3193
f 3196/3196/3196 3193/3193/3193 3194/3194/3194
f 3196/3196/3196 3194/3194/3194 3189/3189/3189
f 3197/3197/3197 3202/3202/3202 3203/3203/3203
f 3197/3197/3197 3203/3203/3203 3198/3198/3198
f 3198/3198/3198 3203/3203/3203 3204/3204/3204
f 3198/3198/3198 3204/3204/3204 3199/3199/3199
f 3199/3199/3199 3204/3204/3204 3205/3205/3205
f 3199/3199/3199 3205/3205/3205 3200/3200/3200
f 3200/3200/3200 3205/3205/3205 3206/3206/3206
f 3200/3200/3200 3206/3206/3206 3201/3201/3201
f 3201/3201/3201 3206/3206/3206 3202/3202/3202
f 3201/3201/3201 3202/3202/3202 3197/3197/3197
f 3202/3202/3202 3207/3207/3207 3208/3208/3208
f 3202/3202/3202 3208/3208/3208 3203/3203/3203
f 3203/3203/3203 3208/3208/3208 3209/3209/3209
f 3203/3203/3203 3209/3209/3209 3204/3204/3204
f 3204/3204/3204 3209/3209/3209 3210/3210/3210
f 3204/3204/3204 3210/3210/3210 3205/3205/3205
f 3205/3205/3205 3210/3210/3210 3211/3211/3211
f 3205/3205/3205 3211/3211/3211 3206/3206/3206
f 3206/3206/3206 3211/3211/3211 3207/3207/3207
f 3206/3206/3206 3207/3207/3207 3202/3202/3202
f 3207/3207/3207 3212/3212/3212 3213/3213/3213
f 3207/3207/3207 3213/3213/3213 3208/3208/3208
f 3208/3208/3208 3213/3213/3213 3214/3214/3214
f 3208/3208/3208 3214/3214/3214 3209/3209/3209
f 3209/3209/3209 3214/3214/3214 3215/3215/3215
f 3209/3209/3209 3215/3215/3215 3210/3210/3210
f 3210/3210/3210 3215/3215/3215 3216/3216/3216
f 3210/3210/3210 3216/3216/3216 3211/3211/3211
f 3211/3211/3211 3216/3216/3216 3212/3212/3212
f 3211/3211/3211 3212/3212/3212 3207/3207/3207
f 3217/3217/3217 3198/3198/3198 3197/3197/3197
f 3217/3217/3217 3199/3199/3199 3198/3198/3198
f 3217/3217/3217 3200/3200/3200 3199/3199/3199
f 3217/3217/3217 3201/3201/3201 3200/3200/3200
f 3217/3217/3217 3197/3197/3197 3201/3201/3201
f 3218/3218/3218 3212/3212/3212 3213/3213/3213
f 3218/3218/3218 3213/3213/3213 3214/3214/3214
f 3218/3218/3218 3214/3214/3214 3215/3215/3215
f 3218/3218/3218 3215/3215/3215 3216/3216/3216
f 3218/3218/3218 3216/3216/3216 3212/3212/3212
f 3219/3219/3219 3220/3220/3220 3221/3221/3221
f 3219/3219/3219 3221/3221/3221 3222/3222/3222
f 3223/3223/3223 3224/3224/3224 3225/3225/3225
f 3223/3223/3223 3225/3225/3225 3226/3226/3226
f 3227/3227/3227 3228/3228/3228 3229/3229/3229
f 3227/3227/3227 3229/3229/3229 3230/3230/3230
f 3231/3231/3231 3232/3232/3232 3233/3233/3233
f 3231/3231/3231 3233/3233/3233 3234/3234/3234
f 3235/3235/3235 3236/3236/3236 3237/3237/3237
f 3235/3235/3235 3237/3237/3237 3238/3238/3238
f 3239/3239/3239 3240/3240/3240 3241/3241/3241
f 3239/3239/3239 3241/3241/3241 3242/3242/3242
f 3243/3243/3243 3244/3244/3244 3245/3245/3245
f 3243/3243/3243 3245/3245/3245 3246/3246/3246
f 3247/3247/3247 3248/3248/3248 3249/3249/3249
f 3247/3247/3247 3249/3249/3249 3250/3250/3250
f 3251/3251/3251 3252/3252/3252 3253/3253/3253
f 3251/3251/3251 3253/3253/3253 3254/3254/3254
f 3255/3255/3255 3256/3256/3256 3257/3257/3257
f 3255/3255/3255 3257/3257/3257 3258/3258/3258
f 3259/3259/3259 3260/3260/3260 3261/3261/3261
f 3259/3259/3259 3261/3261/3261 3262/3262/3262
f 3263/3263/3263 3264/3264/3264 3265/3265/3265
f 3263/3263/3263 3265/3265/3265 3266/3266/3266
f 3267/3267/3267 3268/3268/3268 3269/3269/3269
f 3267/3267/3267 3269/3269/3269 3270/3270/3270
f 3271/3271/3271 3272/3272/3272 3273/3273/3273
f 3271/3271/3271 3273/3273/3273 3274/3274/3274
f 3275/3275/3275 3276/3276/3276 3277/3277/3277
f 3275/3275/3275 3277/3277/3277 3278/3278/3278
f 3279/3279/3279 3280/3280/3280 3281/3281/3281
f 3279/3279/3279 3281/3281/3281 3282/3282/3282
f 3283/3283/3283 3284/3284/3284 3285/3285/3285
f 3283/3283/3283 3285/3285/3285 3286/3286/3286
f 3287/3287/3287 3288/3288/3288 3289/3289/3289
f 3287/3287/3287 3289/3289/3289 3290/3290/3290
f 3291/3291/3291 3293/3293/3293 3292/3292/3292
f 3294/3294/3294 3295/3295/3295 3296/3296/3296
f 3297/3297/3297 3298/3298/3298 3299/3299/3299
f 3300/3300/3300 3302/3302/3302 3301/3301/3301
f 3303/3303/3303 3304/3304/3304 3305/3305/3305
f 3306/3306/3306 3308/3308/3308 3307/3307/3307
f 3309/3309/3309 3311/3311/3311 3310/3310/3310
f 3312/3312/3312 3313/3313/3313 3314/3314/3314
f 3315/3315/3315 3316/3316/3316 3317/3317/3317
f 3315/3315/3315 3317/3317/3317 3318/3318/3318
f 3319/3319/3319 3320/3320/3320 3321/3321/3321
f 3319/3319/3319 3321/3321/3321 3322/3322/3322
f 3323/3323/3323 3324/3324/3324 3325/3325/3325
f 3323/3323/3323 3325/3325/3325 3326/3326/3326
f 3327/3327/3327 3328/3328/3328 3329/3329/3329
f 3327/3327/3327 3329/3329/3329 3330/3330/3330
f 3331/3331/3331 3332/3332/3332 3333/3333/3333
f 3331/3331/3331 3333/3333/3333 3334/3334/3334
f 3335/3335/3335 3336/3336/3336 3337/3337/3337
f 3335/3335/3335 3337/3337/3337 3338/3338/3338
f 3339/3339/3339 3340/3340/3340 3341/3341/3341
f 3339/3339/3339 3341/3341/3341 3342/3342/3342
f 3343/3343/3343 3344/3344/3344 3345/3345/3345
f 3343/3343/3343 3345/3345/3345 3346/3346/3346
f 3347/3347/3347 3348/3348/3348 3349/3349/3349
f 3347/3347/3347 3349/3349/3349 3350/3350/3350
f 3351/3351/3351 3352/3352/3352 3353/3353/3353
f 3351/3351/3351 3353/3353/3353 3354/3354/3354
f 3355/3355/3355 3356/3356/3356 3357/3357/3357
f 3355/3355/3355 3357/3357/3357 3358/3358/3358
f 3359/3359/3359 3360/3360/3360 3361/3361/3361
f 3359/3359/3359 3361/3361/3361 3362/3362/3362
f 3363/3363/3363 3364/3364/3364 3365/3365/3365
f 3363/3363/3363 3365/3365/3365 3366/3366/3366
f 3367/3367/3367 3368/3368/3368 3369/3369/3369
f 3367/3367/3367 3369/3369/3369 3370/3370/3370
f 3371/3371/3371 3372/3372/3372 3373/3373/3373
f 3371/3371/3371 3373/3373/3373 3374/3374/3374
f 3375/3375/3375 3376/3376/3376 3377/3377/3377
f 3375/3375/3375 3377/3377/3377 3378/3378/3378
f 3379/3379/3379 3380/3380/3380 3381/3381/3381
f 3379/3379/3379 3381/3381/3381 3382/3382/3382
f 3383/3383/3383 3384/3384/3384 3385/3385/3385
f 3383/3383/3383 3385/3385/3385 3386/3386/3386
f 3387/3387/3387 3389/3389/3389 3388/3388/3388
f 3390/3390/3390 3391/3391/3391 3392/3392/3392
f 3393/3393/3393 3394/3394/3394 3395/3395/3395
f 3396/3396/3396 3398/3398/3398 3397/3397/3397
f 3399/3399/3399 3400/3400/3400 3401/3401/3401
f 3402/3402/3402 3404/3404/3404 3403/3403/3403
f 3405/3405/3405 3407/3407/3407 3406/3406/3406
f 3408/3408/3408 3409/3409/3409 3410/3410/3410
