# window_ac_00
mtllib props.mtl
o window_ac_00
usemtl MetalWhite
v -0.360360 -0.164880 0.564202
v 0.385477 -0.170670 0.544600
v 0.388985 0.281169 0.544600
v -0.356852 0.286958 0.564202
v 0.371165 -0.170559 0.000000
v -0.374672 -0.164769 0.019602
v -0.371165 0.287070 0.019602
v 0.374672 0.281280 0.000000
v -0.370994 0.292068 0.024601
v 0.374842 0.286279 0.004998
v 0.388892 0.286169 0.539601
v -0.356945 0.291959 0.559204
v -0.360530 -0.169879 0.559204
v 0.385307 -0.175669 0.539601
v 0.371257 -0.175560 0.004998
v -0.374580 -0.169770 0.024601
v 0.376294 -0.170598 0.004867
v 0.390344 -0.170708 0.539470
v 0.393851 0.281131 0.539470
v 0.379802 0.281240 0.004867
v -0.365489 -0.164840 0.559335
v -0.379539 -0.164731 0.024732
v -0.376031 0.287107 0.024732
v -0.361982 0.286998 0.559335
v -0.356945 0.291959 0.559204
v 0.388892 0.286169 0.539601
v 0.388985 0.281169 0.544600
v -0.356852 0.286958 0.564202
v -0.370994 0.292068 0.024601
v 0.374842 0.286279 0.004998
v 0.374672 0.281280 0.000000
v -0.371165 0.287070 0.019602
v -0.360530 -0.169879 0.559204
v 0.385307 -0.175669 0.539601
v 0.385477 -0.170670 0.544600
v -0.360360 -0.164880 0.564202
v -0.374580 -0.169770 0.024601
v 0.371257 -0.175560 0.004998
v 0.371165 -0.170559 0.000000
v -0.374672 -0.164769 0.019602
v 0.390344 -0.170708 0.539470
v 0.393851 0.281131 0.539470
v 0.388985 0.281169 0.544600
v 0.385477 -0.170670 0.544600
v 0.376294 -0.170598 0.004867
v 0.379802 0.281240 0.004867
v 0.374672 0.281280 0.000000
v 0.371165 -0.170559 0.000000
v -0.365489 -0.164840 0.559335
v -0.361982 0.286998 0.559335
v -0.356852 0.286958 0.564202
v -0.360360 -0.164880 0.564202
v -0.379539 -0.164731 0.024732
v -0.376031 0.287107 0.024732
v -0.371165 0.287070 0.019602
v -0.374672 -0.164769 0.019602
v 0.379802 0.281240 0.004867
v 0.393851 0.281131 0.539470
v 0.388892 0.286169 0.539601
v 0.374842 0.286279 0.004998
v 0.376294 -0.170598 0.004867
v 0.390344 -0.170708 0.539470
v 0.385307 -0.175669 0.539601
v 0.371257 -0.175560 0.004998
v -0.376031 0.287107 0.024732
v -0.361982 0.286998 0.559335
v -0.356945 0.291959 0.559204
v -0.370994 0.292068 0.024601
v -0.379539 -0.164731 0.024732
v -0.365489 -0.164840 0.559335
v -0.360530 -0.169879 0.559204
v -0.374580 -0.169770 0.024601
v -0.374672 -0.164769 0.019602
v -0.374580 -0.169770 0.024601
v -0.379539 -0.164731 0.024732
v -0.360360 -0.164880 0.564202
v -0.360530 -0.169879 0.559204
v -0.365489 -0.164840 0.559335
v -0.371165 0.287070 0.019602
v -0.370994 0.292068 0.024601
v -0.376031 0.287107 0.024732
v -0.356852 0.286958 0.564202
v -0.356945 0.291959 0.559204
v -0.361982 0.286998 0.559335
v 0.371165 -0.170559 0.000000
v 0.371257 -0.175560 0.004998
v 0.376294 -0.170598 0.004867
v 0.385477 -0.170670 0.544600
v 0.385307 -0.175669 0.539601
v 0.390344 -0.170708 0.539470
v 0.374672 0.281280 0.000000
v 0.374842 0.286279 0.004998
v 0.379802 0.281240 0.004867
v 0.388985 0.281169 0.544600
v 0.388892 0.286169 0.539601
v 0.393851 0.281131 0.539470
v -0.329999 0.230852 0.565486
v 0.361369 0.225485 0.547315
v 0.361477 0.239485 0.547315
v -0.329890 0.244852 0.565486
v 0.360843 0.225489 0.527322
v -0.330524 0.230856 0.545492
v -0.330416 0.244856 0.545492
v 0.360952 0.239489 0.527322
v -0.330348 0.246855 0.547492
v 0.361020 0.241488 0.529321
v 0.361440 0.241485 0.545315
v -0.329927 0.246852 0.563486
v -0.330067 0.228852 0.563486
v 0.361301 0.223485 0.545315
v 0.360880 0.223489 0.529321
v -0.330487 0.228856 0.547492
v 0.362895 0.225473 0.529268
v 0.363315 0.225470 0.545263
v 0.363424 0.239469 0.545263
v 0.363004 0.239473 0.529268
v -0.332051 0.230868 0.563539
v -0.332471 0.230871 0.547544
v -0.332362 0.244871 0.547544
v -0.331942 0.244868 0.563539
v -0.329927 0.246852 0.563486
v 0.361440 0.241485 0.545315
v 0.361477 0.239485 0.547315
v -0.329890 0.244852 0.565486
v -0.330348 0.246855 0.547492
v 0.361020 0.241488 0.529321
v 0.360952 0.239489 0.527322
v -0.330416 0.244856 0.545492
v -0.330067 0.228852 0.563486
v 0.361301 0.223485 0.545315
v 0.361369 0.225485 0.547315
v -0.329999 0.230852 0.565486
v -0.330487 0.228856 0.547492
v 0.360880 0.223489 0.529321
v 0.360843 0.225489 0.527322
v -0.330524 0.230856 0.545492
v 0.363315 0.225470 0.545263
v 0.363424 0.239469 0.545263
v 0.361477 0.239485 0.547315
v 0.361369 0.225485 0.547315
v 0.362895 0.225473 0.529268
v 0.363004 0.239473 0.529268
v 0.360952 0.239489 0.527322
v 0.360843 0.225489 0.527322
v -0.332051 0.230868 0.563539
v -0.331942 0.244868 0.563539
v -0.329890 0.244852 0.565486
v -0.329999 0.230852 0.565486
v -0.332471 0.230871 0.547544
v -0.332362 0.244871 0.547544
v -0.330416 0.244856 0.545492
v -0.330524 0.230856 0.545492
v 0.363004 0.239473 0.529268
v 0.363424 0.239469 0.545263
v 0.361440 0.241485 0.545315
v 0.361020 0.241488 0.529321
v 0.362895 0.225473 0.529268
v 0.363315 0.225470 0.545263
v 0.361301 0.223485 0.545315
v 0.360880 0.223489 0.529321
v -0.332362 0.244871 0.547544
v -0.331942 0.244868 0.563539
v -0.329927 0.246852 0.563486
v -0.330348 0.246855 0.547492
v -0.332471 0.230871 0.547544
v -0.332051 0.230868 0.563539
v -0.330067 0.228852 0.563486
v -0.330487 0.228856 0.547492
v -0.330524 0.230856 0.545492
v -0.330487 0.228856 0.547492
v -0.332471 0.230871 0.547544
v -0.329999 0.230852 0.565486
v -0.330067 0.228852 0.563486
v -0.332051 0.230868 0.563539
v -0.330416 0.244856 0.545492
v -0.330348 0.246855 0.547492
v -0.332362 0.244871 0.547544
v -0.329890 0.244852 0.565486
v -0.329927 0.246852 0.563486
v -0.331942 0.244868 0.563539
v 0.360843 0.225489 0.527322
v 0.360880 0.223489 0.529321
v 0.362895 0.225473 0.529268
v 0.361369 0.225485 0.547315
v 0.361301 0.223485 0.545315
v 0.363315 0.225470 0.545263
v 0.360952 0.239489 0.527322
v 0.361020 0.241488 0.529321
v 0.363004 0.239473 0.529268
v 0.361477 0.239485 0.547315
v 0.361440 0.241485 0.545315
v 0.363424 0.239469 0.545263
v -0.332747 -0.123197 0.565486
v 0.358620 -0.128564 0.547315
v 0.358729 -0.114564 0.547315
v -0.332639 -0.109197 0.565486
v 0.358095 -0.128560 0.527322
v -0.333273 -0.123193 0.545492
v -0.333164 -0.109193 0.545492
v 0.358204 -0.114560 0.527322
v -0.333096 -0.107193 0.547492
v 0.358272 -0.112561 0.529321
v 0.358692 -0.112564 0.545315
v -0.332676 -0.107197 0.563486
v -0.332816 -0.125196 0.563486
v 0.358552 -0.130563 0.545315
v 0.358132 -0.130560 0.529321
v -0.333236 -0.125193 0.547492
v 0.360147 -0.128576 0.529268
v 0.360567 -0.128579 0.545263
v 0.360676 -0.114579 0.545263
v 0.360255 -0.114576 0.529268
v -0.334799 -0.123181 0.563539
v -0.335220 -0.123177 0.547544
v -0.335111 -0.109178 0.547544
v -0.334691 -0.109181 0.563539
v -0.332676 -0.107197 0.563486
v 0.358692 -0.112564 0.545315
v 0.358729 -0.114564 0.547315
v -0.332639 -0.109197 0.565486
v -0.333096 -0.107193 0.547492
v 0.358272 -0.112561 0.529321
v 0.358204 -0.114560 0.527322
v -0.333164 -0.109193 0.545492
v -0.332816 -0.125196 0.563486
v 0.358552 -0.130563 0.545315
v 0.358620 -0.128564 0.547315
v -0.332747 -0.123197 0.565486
v -0.333236 -0.125193 0.547492
v 0.358132 -0.130560 0.529321
v 0.358095 -0.128560 0.527322
v -0.333273 -0.123193 0.545492
v 0.360567 -0.128579 0.545263
v 0.360676 -0.114579 0.545263
v 0.358729 -0.114564 0.547315
v 0.358620 -0.128564 0.547315
v 0.360147 -0.128576 0.529268
v 0.360255 -0.114576 0.529268
v 0.358204 -0.114560 0.527322
v 0.358095 -0.128560 0.527322
v -0.334799 -0.123181 0.563539
v -0.334691 -0.109181 0.563539
v -0.332639 -0.109197 0.565486
v -0.332747 -0.123197 0.565486
v -0.335220 -0.123177 0.547544
v -0.335111 -0.109178 0.547544
v -0.333164 -0.109193 0.545492
v -0.333273 -0.123193 0.545492
v 0.360255 -0.114576 0.529268
v 0.360676 -0.114579 0.545263
v 0.358692 -0.112564 0.545315
v 0.358272 -0.112561 0.529321
v 0.360147 -0.128576 0.529268
v 0.360567 -0.128579 0.545263
v 0.358552 -0.130563 0.545315
v 0.358132 -0.130560 0.529321
v -0.335111 -0.109178 0.547544
v -0.334691 -0.109181 0.563539
v -0.332676 -0.107197 0.563486
v -0.333096 -0.107193 0.547492
v -0.335220 -0.123177 0.547544
v -0.334799 -0.123181 0.563539
v -0.332816 -0.125196 0.563486
v -0.333236 -0.125193 0.547492
v -0.333273 -0.123193 0.545492
v -0.333236 -0.125193 0.547492
v -0.335220 -0.123177 0.547544
v -0.332747 -0.123197 0.565486
v -0.332816 -0.125196 0.563486
v -0.334799 -0.123181 0.563539
v -0.333164 -0.109193 0.545492
v -0.333096 -0.107193 0.547492
v -0.335111 -0.109178 0.547544
v -0.332639 -0.109197 0.565486
v -0.332676 -0.107197 0.563486
v -0.334691 -0.109181 0.563539
v 0.358095 -0.128560 0.527322
v 0.358132 -0.130560 0.529321
v 0.360147 -0.128576 0.529268
v 0.358620 -0.128564 0.547315
v 0.358552 -0.130563 0.545315
v 0.360567 -0.128579 0.545263
v 0.358204 -0.114560 0.527322
v 0.358272 -0.112561 0.529321
v 0.360255 -0.114576 0.529268
v 0.358729 -0.114564 0.547315
v 0.358692 -0.112564 0.545315
v 0.360676 -0.114579 0.545263
v 0.325736 -0.124308 0.548180
v 0.339730 -0.124417 0.547812
v 0.342525 0.235632 0.547812
v 0.328531 0.235740 0.548180
v 0.339205 -0.124413 0.527819
v 0.325210 -0.124304 0.528187
v 0.328005 0.235744 0.528187
v 0.342000 0.235636 0.527819
v 0.328073 0.237744 0.530186
v 0.342068 0.237635 0.529818
v 0.342488 0.237632 0.545813
v 0.328494 0.237741 0.546181
v 0.325667 -0.126308 0.546181
v 0.339662 -0.126416 0.545813
v 0.339242 -0.126413 0.529818
v 0.325247 -0.126305 0.530186
v 0.341257 -0.124429 0.529766
v 0.341677 -0.124432 0.545760
v 0.344472 0.235616 0.545760
v 0.344052 0.235620 0.529766
v 0.323684 -0.124292 0.546233
v 0.323263 -0.124289 0.530239
v 0.326058 0.235759 0.530239
v 0.326479 0.235756 0.546233
v 0.328494 0.237741 0.546181
v 0.342488 0.237632 0.545813
v 0.342525 0.235632 0.547812
v 0.328531 0.235740 0.548180
v 0.328073 0.237744 0.530186
v 0.342068 0.237635 0.529818
v 0.342000 0.235636 0.527819
v 0.328005 0.235744 0.528187
v 0.325667 -0.126308 0.546181
v 0.339662 -0.126416 0.545813
v 0.339730 -0.124417 0.547812
v 0.325736 -0.124308 0.548180
v 0.325247 -0.126305 0.530186
v 0.339242 -0.126413 0.529818
v 0.339205 -0.124413 0.527819
v 0.325210 -0.124304 0.528187
v 0.341677 -0.124432 0.545760
v 0.344472 0.235616 0.545760
v 0.342525 0.235632 0.547812
v 0.339730 -0.124417 0.547812
v 0.341257 -0.124429 0.529766
v 0.344052 0.235620 0.529766
v 0.342000 0.235636 0.527819
v 0.339205 -0.124413 0.527819
v 0.323684 -0.124292 0.546233
v 0.326479 0.235756 0.546233
v 0.328531 0.235740 0.548180
v 0.325736 -0.124308 0.548180
v 0.323263 -0.124289 0.530239
v 0.326058 0.235759 0.530239
v 0.328005 0.235744 0.528187
v 0.325210 -0.124304 0.528187
v 0.344052 0.235620 0.529766
v 0.344472 0.235616 0.545760
v 0.342488 0.237632 0.545813
v 0.342068 0.237635 0.529818
v 0.341257 -0.124429 0.529766
v 0.341677 -0.124432 0.545760
v 0.339662 -0.126416 0.545813
v 0.339242 -0.126413 0.529818
v 0.326058 0.235759 0.530239
v 0.326479 0.235756 0.546233
v 0.328494 0.237741 0.546181
v 0.328073 0.237744 0.530186
v 0.323263 -0.124289 0.530239
v 0.323684 -0.124292 0.546233
v 0.325667 -0.126308 0.546181
v 0.325247 -0.126305 0.530186
v 0.325210 -0.124304 0.528187
v 0.325247 -0.126305 0.530186
v 0.323263 -0.124289 0.530239
v 0.325736 -0.124308 0.548180
v 0.325667 -0.126308 0.546181
v 0.323684 -0.124292 0.546233
v 0.328005 0.235744 0.528187
v 0.328073 0.237744 0.530186
v 0.326058 0.235759 0.530239
v 0.328531 0.235740 0.548180
v 0.328494 0.237741 0.546181
v 0.326479 0.235756 0.546233
v 0.339205 -0.124413 0.527819
v 0.339242 -0.126413 0.529818
v 0.341257 -0.124429 0.529766
v 0.339730 -0.124417 0.547812
v 0.339662 -0.126416 0.545813
v 0.341677 -0.124432 0.545760
v 0.342000 0.235636 0.527819
v 0.342068 0.237635 0.529818
v 0.344052 0.235620 0.529766
v 0.342525 0.235632 0.547812
v 0.342488 0.237632 0.545813
v 0.344472 0.235616 0.545760
v -0.313795 -0.119344 0.564988
v -0.299801 -0.119452 0.564620
v -0.297006 0.240596 0.564620
v -0.311000 0.240705 0.564988
v -0.300326 -0.119448 0.544627
v -0.314321 -0.119340 0.544995
v -0.311526 0.240709 0.544995
v -0.297531 0.240600 0.544627
v -0.311458 0.242708 0.546994
v -0.297463 0.242600 0.546627
v -0.297043 0.242597 0.562621
v -0.311037 0.242705 0.562989
v -0.313863 -0.121343 0.562989
v -0.299869 -0.121452 0.562621
v -0.300289 -0.121449 0.546627
v -0.314284 -0.121340 0.546994
v -0.298274 -0.119464 0.546574
v -0.297854 -0.119467 0.562569
v -0.295059 0.240581 0.562569
v -0.295479 0.240584 0.546574
v -0.315847 -0.119328 0.563041
v -0.316267 -0.119324 0.547047
v -0.313472 0.240724 0.547047
v -0.313052 0.240721 0.563041
v -0.311037 0.242705 0.562989
v -0.297043 0.242597 0.562621
v -0.297006 0.240596 0.564620
v -0.311000 0.240705 0.564988
v -0.311458 0.242708 0.546994
v -0.297463 0.242600 0.546627
v -0.297531 0.240600 0.544627
v -0.311526 0.240709 0.544995
v -0.313863 -0.121343 0.562989
v -0.299869 -0.121452 0.562621
v -0.299801 -0.119452 0.564620
v -0.313795 -0.119344 0.564988
v -0.314284 -0.121340 0.546994
v -0.300289 -0.121449 0.546627
v -0.300326 -0.119448 0.544627
v -0.314321 -0.119340 0.544995
v -0.297854 -0.119467 0.562569
v -0.295059 0.240581 0.562569
v -0.297006 0.240596 0.564620
v -0.299801 -0.119452 0.564620
v -0.298274 -0.119464 0.546574
v -0.295479 0.240584 0.546574
v -0.297531 0.240600 0.544627
v -0.300326 -0.119448 0.544627
v -0.315847 -0.119328 0.563041
v -0.313052 0.240721 0.563041
v -0.311000 0.240705 0.564988
v -0.313795 -0.119344 0.564988
v -0.316267 -0.119324 0.547047
v -0.313472 0.240724 0.547047
v -0.311526 0.240709 0.544995
v -0.314321 -0.119340 0.544995
v -0.295479 0.240584 0.546574
v -0.295059 0.240581 0.562569
v -0.297043 0.242597 0.562621
v -0.297463 0.242600 0.546627
v -0.298274 -0.119464 0.546574
v -0.297854 -0.119467 0.562569
v -0.299869 -0.121452 0.562621
v -0.300289 -0.121449 0.546627
v -0.313472 0.240724 0.547047
v -0.313052 0.240721 0.563041
v -0.311037 0.242705 0.562989
v -0.311458 0.242708 0.546994
v -0.316267 -0.119324 0.547047
v -0.315847 -0.119328 0.563041
v -0.313863 -0.121343 0.562989
v -0.314284 -0.121340 0.546994
v -0.314321 -0.119340 0.544995
v -0.314284 -0.121340 0.546994
v -0.316267 -0.119324 0.547047
v -0.313795 -0.119344 0.564988
v -0.313863 -0.121343 0.562989
v -0.315847 -0.119328 0.563041
v -0.311526 0.240709 0.544995
v -0.311458 0.242708 0.546994
v -0.313472 0.240724 0.547047
v -0.311000 0.240705 0.564988
v -0.311037 0.242705 0.562989
v -0.313052 0.240721 0.563041
v -0.300326 -0.119448 0.544627
v -0.300289 -0.121449 0.546627
v -0.298274 -0.119464 0.546574
v -0.299801 -0.119452 0.564620
v -0.299869 -0.121452 0.562621
v -0.297854 -0.119467 0.562569
v -0.297531 0.240600 0.544627
v -0.297463 0.242600 0.546627
v -0.295479 0.240584 0.546574
v -0.297006 0.240596 0.564620
v -0.297043 0.242597 0.562621
v -0.295059 0.240581 0.562569
v -0.274666 -0.091506 0.526953
v 0.299094 -0.095960 0.511873
v 0.301452 0.207809 0.511873
v -0.272308 0.212263 0.526953
v 0.298043 -0.095952 0.471887
v -0.275717 -0.091498 0.486967
v -0.273359 0.212271 0.486967
v 0.300401 0.207817 0.471887
v -0.273291 0.214271 0.488966
v 0.300469 0.209817 0.473886
v 0.301415 0.209809 0.509874
v -0.272345 0.214263 0.524953
v -0.274734 -0.093506 0.524953
v 0.299026 -0.097960 0.509874
v 0.298080 -0.097952 0.473886
v -0.275680 -0.093498 0.488966
v 0.300095 -0.095968 0.473834
v 0.301041 -0.095975 0.509821
v 0.303399 0.207794 0.509821
v 0.302453 0.207801 0.473834
v -0.276718 -0.091490 0.525006
v -0.277664 -0.091483 0.489018
v -0.275306 0.212286 0.489018
v -0.274360 0.212279 0.525006
v -0.272345 0.214263 0.524953
v 0.301415 0.209809 0.509874
v 0.301452 0.207809 0.511873
v -0.272308 0.212263 0.526953
v -0.273291 0.214271 0.488966
v 0.300469 0.209817 0.473886
v 0.300401 0.207817 0.471887
v -0.273359 0.212271 0.486967
v -0.274734 -0.093506 0.524953
v 0.299026 -0.097960 0.509874
v 0.299094 -0.095960 0.511873
v -0.274666 -0.091506 0.526953
v -0.275680 -0.093498 0.488966
v 0.298080 -0.097952 0.473886
v 0.298043 -0.095952 0.471887
v -0.275717 -0.091498 0.486967
v 0.301041 -0.095975 0.509821
v 0.303399 0.207794 0.509821
v 0.301452 0.207809 0.511873
v 0.299094 -0.095960 0.511873
v 0.300095 -0.095968 0.473834
v 0.302453 0.207801 0.473834
v 0.300401 0.207817 0.471887
v 0.298043 -0.095952 0.471887
v -0.276718 -0.091490 0.525006
v -0.274360 0.212279 0.525006
v -0.272308 0.212263 0.526953
v -0.274666 -0.091506 0.526953
v -0.277664 -0.091483 0.489018
v -0.275306 0.212286 0.489018
v -0.273359 0.212271 0.486967
v -0.275717 -0.091498 0.486967
v 0.302453 0.207801 0.473834
v 0.303399 0.207794 0.509821
v 0.301415 0.209809 0.509874
v 0.300469 0.209817 0.473886
v 0.300095 -0.095968 0.473834
v 0.301041 -0.095975 0.509821
v 0.299026 -0.097960 0.509874
v 0.298080 -0.097952 0.473886
v -0.275306 0.212286 0.489018
v -0.274360 0.212279 0.525006
v -0.272345 0.214263 0.524953
v -0.273291 0.214271 0.488966
v -0.277664 -0.091483 0.489018
v -0.276718 -0.091490 0.525006
v -0.274734 -0.093506 0.524953
v -0.275680 -0.093498 0.488966
v -0.275717 -0.091498 0.486967
v -0.275680 -0.093498 0.488966
v -0.277664 -0.091483 0.489018
v -0.274666 -0.091506 0.526953
v -0.274734 -0.093506 0.524953
v -0.276718 -0.091490 0.525006
v -0.273359 0.212271 0.486967
v -0.273291 0.214271 0.488966
v -0.275306 0.212286 0.489018
v -0.272308 0.212263 0.526953
v -0.272345 0.214263 0.524953
v -0.274360 0.212279 0.525006
v 0.298043 -0.095952 0.471887
v 0.298080 -0.097952 0.473886
v 0.300095 -0.095968 0.473834
v 0.299094 -0.095960 0.511873
v 0.299026 -0.097960 0.509874
v 0.301041 -0.095975 0.509821
v 0.300401 0.207817 0.471887
v 0.300469 0.209817 0.473886
v 0.302453 0.207801 0.473834
v 0.301452 0.207809 0.511873
v 0.301415 0.209809 0.509874
v 0.303399 0.207794 0.509821
v -0.268004 -0.084468 0.544081
v 0.284093 -0.094846 0.529569
v 0.284341 -0.086578 0.533115
v -0.267755 -0.076200 0.547627
v 0.283557 -0.082222 0.500170
v -0.268539 -0.071844 0.514681
v -0.268291 -0.063576 0.518227
v 0.283806 -0.073954 0.503715
v -0.268246 -0.063052 0.519540
v 0.283850 -0.073429 0.505028
v 0.284352 -0.085264 0.532590
v -0.267744 -0.074887 0.547102
v -0.268048 -0.084993 0.542768
v 0.284048 -0.095370 0.528257
v 0.283546 -0.083535 0.500694
v -0.268550 -0.073158 0.515206
v 0.284573 -0.082635 0.501062
v 0.285075 -0.094470 0.528624
v 0.285324 -0.086202 0.532170
v 0.284822 -0.074367 0.504608
v -0.269020 -0.084055 0.543188
v -0.269522 -0.072220 0.515626
v -0.269273 -0.063952 0.519172
v -0.268771 -0.075787 0.546734
v -0.267744 -0.074887 0.547102
v 0.284352 -0.085264 0.532590
v 0.284341 -0.086578 0.533115
v -0.267755 -0.076200 0.547627
v -0.268246 -0.063052 0.519540
v 0.283850 -0.073429 0.505028
v 0.283806 -0.073954 0.503715
v -0.268291 -0.063576 0.518227
v -0.268048 -0.084993 0.542768
v 0.284048 -0.095370 0.528257
v 0.284093 -0.094846 0.529569
v -0.268004 -0.084468 0.544081
v -0.268550 -0.073158 0.515206
v 0.283546 -0.083535 0.500694
v 0.283557 -0.082222 0.500170
v -0.268539 -0.071844 0.514681
v 0.285075 -0.094470 0.528624
v 0.285324 -0.086202 0.532170
v 0.284341 -0.086578 0.533115
v 0.284093 -0.094846 0.529569
v 0.284573 -0.082635 0.501062
v 0.284822 -0.074367 0.504608
v 0.283806 -0.073954 0.503715
v 0.283557 -0.082222 0.500170
v -0.269020 -0.084055 0.543188
v -0.268771 -0.075787 0.546734
v -0.267755 -0.076200 0.547627
v -0.268004 -0.084468 0.544081
v -0.269522 -0.072220 0.515626
v -0.269273 -0.063952 0.519172
v -0.268291 -0.063576 0.518227
v -0.268539 -0.071844 0.514681
v 0.284822 -0.074367 0.504608
v 0.285324 -0.086202 0.532170
v 0.284352 -0.085264 0.532590
v 0.283850 -0.073429 0.505028
v 0.284573 -0.082635 0.501062
v 0.285075 -0.094470 0.528624
v 0.284048 -0.095370 0.528257
v 0.283546 -0.083535 0.500694
v -0.269273 -0.063952 0.519172
v -0.268771 -0.075787 0.546734
v -0.267744 -0.074887 0.547102
v -0.268246 -0.063052 0.519540
v -0.269522 -0.072220 0.515626
v -0.269020 -0.084055 0.543188
v -0.268048 -0.084993 0.542768
v -0.268550 -0.073158 0.515206
v -0.268539 -0.071844 0.514681
v -0.268550 -0.073158 0.515206
v -0.269522 -0.072220 0.515626
v -0.268004 -0.084468 0.544081
v -0.268048 -0.084993 0.542768
v -0.269020 -0.084055 0.543188
v -0.268291 -0.063576 0.518227
v -0.268246 -0.063052 0.519540
v -0.269273 -0.063952 0.519172
v -0.267755 -0.076200 0.547627
v -0.267744 -0.074887 0.547102
v -0.268771 -0.075787 0.546734
v 0.283557 -0.082222 0.500170
v 0.283546 -0.083535 0.500694
v 0.284573 -0.082635 0.501062
v 0.284093 -0.094846 0.529569
v 0.284048 -0.095370 0.528257
v 0.285075 -0.094470 0.528624
v 0.283806 -0.073954 0.503715
v 0.283850 -0.073429 0.505028
v 0.284822 -0.074367 0.504608
v 0.284341 -0.086578 0.533115
v 0.284352 -0.085264 0.532590
v 0.285324 -0.086202 0.532170
v -0.265819 -0.044194 0.543926
v 0.286271 -0.054902 0.529414
v 0.286514 -0.046419 0.532412
v -0.265576 -0.035711 0.546923
v 0.285685 -0.044227 0.499253
v -0.266405 -0.033519 0.513764
v -0.266162 -0.025037 0.516762
v 0.285929 -0.035744 0.502250
v -0.266116 -0.024428 0.518037
v 0.285974 -0.035135 0.503526
v 0.286523 -0.045143 0.531802
v -0.265567 -0.034435 0.546314
v -0.265865 -0.044803 0.542650
v 0.286226 -0.055511 0.528138
v 0.285677 -0.045503 0.499862
v -0.266414 -0.034795 0.514374
v 0.286703 -0.044580 0.500169
v 0.287252 -0.054587 0.528445
v 0.287496 -0.046105 0.531443
v 0.286946 -0.036097 0.503166
v -0.266837 -0.043841 0.543009
v -0.267386 -0.033834 0.514733
v -0.267143 -0.025351 0.517731
v -0.266594 -0.035358 0.546007
v -0.265567 -0.034435 0.546314
v 0.286523 -0.045143 0.531802
v 0.286514 -0.046419 0.532412
v -0.265576 -0.035711 0.546923
v -0.266116 -0.024428 0.518037
v 0.285974 -0.035135 0.503526
v 0.285929 -0.035744 0.502250
v -0.266162 -0.025037 0.516762
v -0.265865 -0.044803 0.542650
v 0.286226 -0.055511 0.528138
v 0.286271 -0.054902 0.529414
v -0.265819 -0.044194 0.543926
v -0.266414 -0.034795 0.514374
v 0.285677 -0.045503 0.499862
v 0.285685 -0.044227 0.499253
v -0.266405 -0.033519 0.513764
v 0.287252 -0.054587 0.528445
v 0.287496 -0.046105 0.531443
v 0.286514 -0.046419 0.532412
v 0.286271 -0.054902 0.529414
v 0.286703 -0.044580 0.500169
v 0.286946 -0.036097 0.503166
v 0.285929 -0.035744 0.502250
v 0.285685 -0.044227 0.499253
v -0.266837 -0.043841 0.543009
v -0.266594 -0.035358 0.546007
v -0.265576 -0.035711 0.546923
v -0.265819 -0.044194 0.543926
v -0.267386 -0.033834 0.514733
v -0.267143 -0.025351 0.517731
v -0.266162 -0.025037 0.516762
v -0.266405 -0.033519 0.513764
v 0.286946 -0.036097 0.503166
v 0.287496 -0.046105 0.531443
v 0.286523 -0.045143 0.531802
v 0.285974 -0.035135 0.503526
v 0.286703 -0.044580 0.500169
v 0.287252 -0.054587 0.528445
v 0.286226 -0.055511 0.528138
v 0.285677 -0.045503 0.499862
v -0.267143 -0.025351 0.517731
v -0.266594 -0.035358 0.546007
v -0.265567 -0.034435 0.546314
v -0.266116 -0.024428 0.518037
v -0.267386 -0.033834 0.514733
v -0.266837 -0.043841 0.543009
v -0.265865 -0.044803 0.542650
v -0.266414 -0.034795 0.514374
v -0.266405 -0.033519 0.513764
v -0.266414 -0.034795 0.514374
v -0.267386 -0.033834 0.514733
v -0.265819 -0.044194 0.543926
v -0.265865 -0.044803 0.542650
v -0.266837 -0.043841 0.543009
v -0.266162 -0.025037 0.516762
v -0.266116 -0.024428 0.518037
v -0.267143 -0.025351 0.517731
v -0.265576 -0.035711 0.546923
v -0.265567 -0.034435 0.546314
v -0.266594 -0.035358 0.546007
v 0.285685 -0.044227 0.499253
v 0.285677 -0.045503 0.499862
v 0.286703 -0.044580 0.500169
v 0.286271 -0.054902 0.529414
v 0.286226 -0.055511 0.528138
v 0.287252 -0.054587 0.528445
v 0.285929 -0.035744 0.502250
v 0.285974 -0.035135 0.503526
v 0.286946 -0.036097 0.503166
v 0.286514 -0.046419 0.532412
v 0.286523 -0.045143 0.531802
v 0.287496 -0.046105 0.531443
v -0.264198 -0.004732 0.544926
v 0.287850 -0.017419 0.530415
v 0.288132 -0.009126 0.533901
v -0.263916 0.003561 0.548411
v 0.287360 -0.005008 0.500924
v -0.264688 0.007679 0.515435
v -0.264406 0.015972 0.518920
v 0.287642 0.003285 0.504409
v -0.264360 0.016506 0.520229
v 0.287689 0.003818 0.505718
v 0.288148 -0.007817 0.533366
v -0.263900 0.004871 0.547877
v -0.264245 -0.005265 0.543617
v 0.287803 -0.017952 0.529107
v 0.287344 -0.006318 0.501458
v -0.264704 0.006370 0.515969
v 0.288375 -0.005419 0.501819
v 0.288834 -0.017054 0.529468
v 0.289116 -0.008761 0.532953
v 0.288657 0.002874 0.505305
v -0.265213 -0.004321 0.544031
v -0.265673 0.007314 0.516383
v -0.265390 0.015607 0.519868
v -0.264931 0.003972 0.547516
v -0.263900 0.004871 0.547877
v 0.288148 -0.007817 0.533366
v 0.288132 -0.009126 0.533901
v -0.263916 0.003561 0.548411
v -0.264360 0.016506 0.520229
v 0.287689 0.003818 0.505718
v 0.287642 0.003285 0.504409
v -0.264406 0.015972 0.518920
v -0.264245 -0.005265 0.543617
v 0.287803 -0.017952 0.529107
v 0.287850 -0.017419 0.530415
v -0.264198 -0.004732 0.544926
v -0.264704 0.006370 0.515969
v 0.287344 -0.006318 0.501458
v 0.287360 -0.005008 0.500924
v -0.264688 0.007679 0.515435
v 0.288834 -0.017054 0.529468
v 0.289116 -0.008761 0.532953
v 0.288132 -0.009126 0.533901
v 0.287850 -0.017419 0.530415
v 0.288375 -0.005419 0.501819
v 0.288657 0.002874 0.505305
v 0.287642 0.003285 0.504409
v 0.287360 -0.005008 0.500924
v -0.265213 -0.004321 0.544031
v -0.264931 0.003972 0.547516
v -0.263916 0.003561 0.548411
v -0.264198 -0.004732 0.544926
v -0.265673 0.007314 0.516383
v -0.265390 0.015607 0.519868
v -0.264406 0.015972 0.518920
v -0.264688 0.007679 0.515435
v 0.288657 0.002874 0.505305
v 0.289116 -0.008761 0.532953
v 0.288148 -0.007817 0.533366
v 0.287689 0.003818 0.505718
v 0.288375 -0.005419 0.501819
v 0.288834 -0.017054 0.529468
v 0.287803 -0.017952 0.529107
v 0.287344 -0.006318 0.501458
v -0.265390 0.015607 0.519868
v -0.264931 0.003972 0.547516
v -0.263900 0.004871 0.547877
v -0.264360 0.016506 0.520229
v -0.265673 0.007314 0.516383
v -0.265213 -0.004321 0.544031
v -0.264245 -0.005265 0.543617
v -0.264704 0.006370 0.515969
v -0.264688 0.007679 0.515435
v -0.264704 0.006370 0.515969
v -0.265673 0.007314 0.516383
v -0.264198 -0.004732 0.544926
v -0.264245 -0.005265 0.543617
v -0.265213 -0.004321 0.544031
v -0.264406 0.015972 0.518920
v -0.264360 0.016506 0.520229
v -0.265390 0.015607 0.519868
v -0.263916 0.003561 0.548411
v -0.263900 0.004871 0.547877
v -0.264931 0.003972 0.547516
v 0.287360 -0.005008 0.500924
v 0.287344 -0.006318 0.501458
v 0.288375 -0.005419 0.501819
v 0.287850 -0.017419 0.530415
v 0.287803 -0.017952 0.529107
v 0.288834 -0.017054 0.529468
v 0.287642 0.003285 0.504409
v 0.287689 0.003818 0.505718
v 0.288657 0.002874 0.505305
v 0.288132 -0.009126 0.533901
v 0.288148 -0.007817 0.533366
v 0.289116 -0.008761 0.532953
v -0.257978 0.029208 0.546827
v 0.294215 0.028078 0.532315
v 0.294315 0.036502 0.535482
v -0.257878 0.037632 0.549994
v 0.293451 0.039344 0.502374
v -0.258742 0.040474 0.516886
v -0.258642 0.048898 0.520053
v 0.293551 0.047768 0.505541
v -0.258607 0.049482 0.521340
v 0.293586 0.048352 0.506828
v 0.294302 0.037790 0.534898
v -0.257891 0.038920 0.549411
v -0.258013 0.028624 0.545540
v 0.294180 0.027494 0.531028
v 0.293463 0.038056 0.502957
v -0.258729 0.039186 0.517470
v 0.294474 0.038990 0.503283
v 0.295190 0.028428 0.531353
v 0.295291 0.036852 0.534520
v 0.294575 0.047414 0.506450
v -0.259002 0.029562 0.545918
v -0.259718 0.040124 0.517848
v -0.259617 0.048548 0.521015
v -0.258901 0.037986 0.549085
v -0.257891 0.038920 0.549411
v 0.294302 0.037790 0.534898
v 0.294315 0.036502 0.535482
v -0.257878 0.037632 0.549994
v -0.258607 0.049482 0.521340
v 0.293586 0.048352 0.506828
v 0.293551 0.047768 0.505541
v -0.258642 0.048898 0.520053
v -0.258013 0.028624 0.545540
v 0.294180 0.027494 0.531028
v 0.294215 0.028078 0.532315
v -0.257978 0.029208 0.546827
v -0.258729 0.039186 0.517470
v 0.293463 0.038056 0.502957
v 0.293451 0.039344 0.502374
v -0.258742 0.040474 0.516886
v 0.295190 0.028428 0.531353
v 0.295291 0.036852 0.534520
v 0.294315 0.036502 0.535482
v 0.294215 0.028078 0.532315
v 0.294474 0.038990 0.503283
v 0.294575 0.047414 0.506450
v 0.293551 0.047768 0.505541
v 0.293451 0.039344 0.502374
v -0.259002 0.029562 0.545918
v -0.258901 0.037986 0.549085
v -0.257878 0.037632 0.549994
v -0.257978 0.029208 0.546827
v -0.259718 0.040124 0.517848
v -0.259617 0.048548 0.521015
v -0.258642 0.048898 0.520053
v -0.258742 0.040474 0.516886
v 0.294575 0.047414 0.506450
v 0.295291 0.036852 0.534520
v 0.294302 0.037790 0.534898
v 0.293586 0.048352 0.506828
v 0.294474 0.038990 0.503283
v 0.295190 0.028428 0.531353
v 0.294180 0.027494 0.531028
v 0.293463 0.038056 0.502957
v -0.259617 0.048548 0.521015
v -0.258901 0.037986 0.549085
v -0.257891 0.038920 0.549411
v -0.258607 0.049482 0.521340
v -0.259718 0.040124 0.517848
v -0.259002 0.029562 0.545918
v -0.258013 0.028624 0.545540
v -0.258729 0.039186 0.517470
v -0.258742 0.040474 0.516886
v -0.258729 0.039186 0.517470
v -0.259718 0.040124 0.517848
v -0.257978 0.029208 0.546827
v -0.258013 0.028624 0.545540
v -0.259002 0.029562 0.545918
v -0.258642 0.048898 0.520053
v -0.258607 0.049482 0.521340
v -0.259617 0.048548 0.521015
v -0.257878 0.037632 0.549994
v -0.257891 0.038920 0.549411
v -0.258901 0.037986 0.549085
v 0.293451 0.039344 0.502374
v 0.293463 0.038056 0.502957
v 0.294474 0.038990 0.503283
v 0.294215 0.028078 0.532315
v 0.294180 0.027494 0.531028
v 0.295190 0.028428 0.531353
v 0.293551 0.047768 0.505541
v 0.293586 0.048352 0.506828
v 0.294575 0.047414 0.506450
v 0.294315 0.036502 0.535482
v 0.294302 0.037790 0.534898
v 0.295291 0.036852 0.534520
v -0.259912 0.071938 0.544076
v 0.292228 0.064166 0.529564
v 0.292428 0.072620 0.532644
v -0.259712 0.080393 0.547156
v 0.291592 0.075129 0.499508
v -0.260547 0.082902 0.514020
v -0.260347 0.091356 0.517099
v 0.291792 0.083584 0.502587
v -0.260305 0.091953 0.518381
v 0.291834 0.084180 0.503869
v 0.292430 0.073902 0.532047
v -0.259709 0.081675 0.546559
v -0.259954 0.071342 0.542795
v 0.292186 0.063569 0.528283
v 0.291590 0.073847 0.500105
v -0.260550 0.081620 0.514617
v 0.292612 0.074773 0.500421
v 0.293208 0.064494 0.528599
v 0.293407 0.072948 0.531678
v 0.292812 0.083227 0.503500
v -0.260931 0.072295 0.543163
v -0.261527 0.082574 0.514985
v -0.261327 0.091028 0.518065
v -0.260731 0.080749 0.546243
v -0.259709 0.081675 0.546559
v 0.292430 0.073902 0.532047
v 0.292428 0.072620 0.532644
v -0.259712 0.080393 0.547156
v -0.260305 0.091953 0.518381
v 0.291834 0.084180 0.503869
v 0.291792 0.083584 0.502587
v -0.260347 0.091356 0.517099
v -0.259954 0.071342 0.542795
v 0.292186 0.063569 0.528283
v 0.292228 0.064166 0.529564
v -0.259912 0.071938 0.544076
v -0.260550 0.081620 0.514617
v 0.291590 0.073847 0.500105
v 0.291592 0.075129 0.499508
v -0.260547 0.082902 0.514020
v 0.293208 0.064494 0.528599
v 0.293407 0.072948 0.531678
v 0.292428 0.072620 0.532644
v 0.292228 0.064166 0.529564
v 0.292612 0.074773 0.500421
v 0.292812 0.083227 0.503500
v 0.291792 0.083584 0.502587
v 0.291592 0.075129 0.499508
v -0.260931 0.072295 0.543163
v -0.260731 0.080749 0.546243
v -0.259712 0.080393 0.547156
v -0.259912 0.071938 0.544076
v -0.261527 0.082574 0.514985
v -0.261327 0.091028 0.518065
v -0.260347 0.091356 0.517099
v -0.260547 0.082902 0.514020
v 0.292812 0.083227 0.503500
v 0.293407 0.072948 0.531678
v 0.292430 0.073902 0.532047
v 0.291834 0.084180 0.503869
v 0.292612 0.074773 0.500421
v 0.293208 0.064494 0.528599
v 0.292186 0.063569 0.528283
v 0.291590 0.073847 0.500105
v -0.261327 0.091028 0.518065
v -0.260731 0.080749 0.546243
v -0.259709 0.081675 0.546559
v -0.260305 0.091953 0.518381
v -0.261527 0.082574 0.514985
v -0.260931 0.072295 0.543163
v -0.259954 0.071342 0.542795
v -0.260550 0.081620 0.514617
v -0.260547 0.082902 0.514020
v -0.260550 0.081620 0.514617
v -0.261527 0.082574 0.514985
v -0.259912 0.071938 0.544076
v -0.259954 0.071342 0.542795
v -0.260931 0.072295 0.543163
v -0.260347 0.091356 0.517099
v -0.260305 0.091953 0.518381
v -0.261327 0.091028 0.518065
v -0.259712 0.080393 0.547156
v -0.259709 0.081675 0.546559
v -0.260731 0.080749 0.546243
v 0.291592 0.075129 0.499508
v 0.291590 0.073847 0.500105
v 0.292612 0.074773 0.500421
v 0.292228 0.064166 0.529564
v 0.292186 0.063569 0.528283
v 0.293208 0.064494 0.528599
v 0.291792 0.083584 0.502587
v 0.291834 0.084180 0.503869
v 0.292812 0.083227 0.503500
v 0.292428 0.072620 0.532644
v 0.292430 0.073902 0.532047
v 0.293407 0.072948 0.531678
v -0.260329 0.105668 0.545575
v 0.291865 0.106721 0.531064
v 0.291949 0.114881 0.534859
v -0.260244 0.113828 0.549371
v 0.291077 0.120219 0.502060
v -0.261116 0.119166 0.516572
v -0.261032 0.127326 0.520368
v 0.291161 0.128379 0.505856
v -0.260998 0.127811 0.521696
v 0.291195 0.128864 0.507184
v 0.291933 0.116210 0.534374
v -0.260260 0.115157 0.548886
v -0.260362 0.105183 0.544247
v 0.291831 0.106236 0.529736
v 0.291092 0.118891 0.502545
v -0.261101 0.117838 0.517057
v 0.292101 0.119799 0.502941
v 0.292840 0.107145 0.530131
v 0.292924 0.115305 0.533926
v 0.292185 0.127959 0.506736
v -0.261353 0.106088 0.544695
v -0.262091 0.118742 0.517505
v -0.262007 0.126902 0.521300
v -0.261269 0.114248 0.548491
v -0.260260 0.115157 0.548886
v 0.291933 0.116210 0.534374
v 0.291949 0.114881 0.534859
v -0.260244 0.113828 0.549371
v -0.260998 0.127811 0.521696
v 0.291195 0.128864 0.507184
v 0.291161 0.128379 0.505856
v -0.261032 0.127326 0.520368
v -0.260362 0.105183 0.544247
v 0.291831 0.106236 0.529736
v 0.291865 0.106721 0.531064
v -0.260329 0.105668 0.545575
v -0.261101 0.117838 0.517057
v 0.291092 0.118891 0.502545
v 0.291077 0.120219 0.502060
v -0.261116 0.119166 0.516572
v 0.292840 0.107145 0.530131
v 0.292924 0.115305 0.533926
v 0.291949 0.114881 0.534859
v 0.291865 0.106721 0.531064
v 0.292101 0.119799 0.502941
v 0.292185 0.127959 0.506736
v 0.291161 0.128379 0.505856
v 0.291077 0.120219 0.502060
v -0.261353 0.106088 0.544695
v -0.261269 0.114248 0.548491
v -0.260244 0.113828 0.549371
v -0.260329 0.105668 0.545575
v -0.262091 0.118742 0.517505
v -0.262007 0.126902 0.521300
v -0.261032 0.127326 0.520368
v -0.261116 0.119166 0.516572
v 0.292185 0.127959 0.506736
v 0.292924 0.115305 0.533926
v 0.291933 0.116210 0.534374
v 0.291195 0.128864 0.507184
v 0.292101 0.119799 0.502941
v 0.292840 0.107145 0.530131
v 0.291831 0.106236 0.529736
v 0.291092 0.118891 0.502545
v -0.262007 0.126902 0.521300
v -0.261269 0.114248 0.548491
v -0.260260 0.115157 0.548886
v -0.260998 0.127811 0.521696
v -0.262091 0.118742 0.517505
v -0.261353 0.106088 0.544695
v -0.260362 0.105183 0.544247
v -0.261101 0.117838 0.517057
v -0.261116 0.119166 0.516572
v -0.261101 0.117838 0.517057
v -0.262091 0.118742 0.517505
v -0.260329 0.105668 0.545575
v -0.260362 0.105183 0.544247
v -0.261353 0.106088 0.544695
v -0.261032 0.127326 0.520368
v -0.260998 0.127811 0.521696
v -0.262007 0.126902 0.521300
v -0.260244 0.113828 0.549371
v -0.260260 0.115157 0.548886
v -0.261269 0.114248 0.548491
v 0.291077 0.120219 0.502060
v 0.291092 0.118891 0.502545
v 0.292101 0.119799 0.502941
v 0.291865 0.106721 0.531064
v 0.291831 0.106236 0.529736
v 0.292840 0.107145 0.530131
v 0.291161 0.128379 0.505856
v 0.291195 0.128864 0.507184
v 0.292185 0.127959 0.506736
v 0.291949 0.114881 0.534859
v 0.291933 0.116210 0.534374
v 0.292924 0.115305 0.533926
v -0.258932 0.154549 0.543746
v 0.292975 0.136733 0.529237
v 0.293336 0.144946 0.532900
v -0.258570 0.162763 0.547408
v 0.292628 0.149777 0.500019
v -0.259279 0.167593 0.514527
v -0.258917 0.175807 0.518189
v 0.292989 0.157990 0.503681
v -0.258866 0.176311 0.519509
v 0.293040 0.158495 0.505001
v 0.293366 0.146266 0.532393
v -0.258541 0.164083 0.546902
v -0.258983 0.154044 0.542425
v 0.292924 0.136228 0.527917
v 0.292599 0.148457 0.500525
v -0.259308 0.166273 0.515033
v 0.293638 0.149337 0.500905
v 0.293963 0.137108 0.528298
v 0.294325 0.145322 0.531960
v 0.293999 0.157550 0.504568
v -0.259942 0.154989 0.542859
v -0.260267 0.167218 0.515466
v -0.259906 0.175431 0.519128
v -0.259580 0.163203 0.546521
v -0.258541 0.164083 0.546902
v 0.293366 0.146266 0.532393
v 0.293336 0.144946 0.532900
v -0.258570 0.162763 0.547408
v -0.258866 0.176311 0.519509
v 0.293040 0.158495 0.505001
v 0.292989 0.157990 0.503681
v -0.258917 0.175807 0.518189
v -0.258983 0.154044 0.542425
v 0.292924 0.136228 0.527917
v 0.292975 0.136733 0.529237
v -0.258932 0.154549 0.543746
v -0.259308 0.166273 0.515033
v 0.292599 0.148457 0.500525
v 0.292628 0.149777 0.500019
v -0.259279 0.167593 0.514527
v 0.293963 0.137108 0.528298
v 0.294325 0.145322 0.531960
v 0.293336 0.144946 0.532900
v 0.292975 0.136733 0.529237
v 0.293638 0.149337 0.500905
v 0.293999 0.157550 0.504568
v 0.292989 0.157990 0.503681
v 0.292628 0.149777 0.500019
v -0.259942 0.154989 0.542859
v -0.259580 0.163203 0.546521
v -0.258570 0.162763 0.547408
v -0.258932 0.154549 0.543746
v -0.260267 0.167218 0.515466
v -0.259906 0.175431 0.519128
v -0.258917 0.175807 0.518189
v -0.259279 0.167593 0.514527
v 0.293999 0.157550 0.504568
v 0.294325 0.145322 0.531960
v 0.293366 0.146266 0.532393
v 0.293040 0.158495 0.505001
v 0.293638 0.149337 0.500905
v 0.293963 0.137108 0.528298
v 0.292924 0.136228 0.527917
v 0.292599 0.148457 0.500525
v -0.259906 0.175431 0.519128
v -0.259580 0.163203 0.546521
v -0.258541 0.164083 0.546902
v -0.258866 0.176311 0.519509
v -0.260267 0.167218 0.515466
v -0.259942 0.154989 0.542859
v -0.258983 0.154044 0.542425
v -0.259308 0.166273 0.515033
v -0.259279 0.167593 0.514527
v -0.259308 0.166273 0.515033
v -0.260267 0.167218 0.515466
v -0.258932 0.154549 0.543746
v -0.258983 0.154044 0.542425
v -0.259942 0.154989 0.542859
v -0.258917 0.175807 0.518189
v -0.258866 0.176311 0.519509
v -0.259906 0.175431 0.519128
v -0.258570 0.162763 0.547408
v -0.258541 0.164083 0.546902
v -0.259580 0.163203 0.546521
v 0.292628 0.149777 0.500019
v 0.292599 0.148457 0.500525
v 0.293638 0.149337 0.500905
v 0.292975 0.136733 0.529237
v 0.292924 0.136228 0.527917
v 0.293963 0.137108 0.528298
v 0.292989 0.157990 0.503681
v 0.293040 0.158495 0.505001
v 0.293999 0.157550 0.504568
v 0.293336 0.144946 0.532900
v 0.293366 0.146266 0.532393
v 0.294325 0.145322 0.531960
v -0.263311 0.181392 0.544325
v 0.288817 0.189916 0.529817
v 0.288772 0.198322 0.533030
v -0.263356 0.189799 0.547539
v 0.287856 0.201332 0.499938
v -0.264272 0.192809 0.514446
v -0.264318 0.201215 0.517660
v 0.287811 0.209739 0.503152
v -0.264293 0.201793 0.518951
v 0.287836 0.210316 0.504442
v 0.288737 0.199613 0.532454
v -0.263391 0.191090 0.546962
v -0.263336 0.180815 0.543034
v 0.288792 0.189338 0.528526
v 0.287891 0.200041 0.500515
v -0.264237 0.191518 0.515023
v 0.288886 0.200991 0.500845
v 0.289787 0.190288 0.528857
v 0.289742 0.198694 0.532070
v 0.288840 0.209397 0.504059
v -0.264341 0.181734 0.543418
v -0.265242 0.192437 0.515406
v -0.265287 0.200843 0.518620
v -0.264386 0.190140 0.546631
v -0.263391 0.191090 0.546962
v 0.288737 0.199613 0.532454
v 0.288772 0.198322 0.533030
v -0.263356 0.189799 0.547539
v -0.264293 0.201793 0.518951
v 0.287836 0.210316 0.504442
v 0.287811 0.209739 0.503152
v -0.264318 0.201215 0.517660
v -0.263336 0.180815 0.543034
v 0.288792 0.189338 0.528526
v 0.288817 0.189916 0.529817
v -0.263311 0.181392 0.544325
v -0.264237 0.191518 0.515023
v 0.287891 0.200041 0.500515
v 0.287856 0.201332 0.499938
v -0.264272 0.192809 0.514446
v 0.289787 0.190288 0.528857
v 0.289742 0.198694 0.532070
v 0.288772 0.198322 0.533030
v 0.288817 0.189916 0.529817
v 0.288886 0.200991 0.500845
v 0.288840 0.209397 0.504059
v 0.287811 0.209739 0.503152
v 0.287856 0.201332 0.499938
v -0.264341 0.181734 0.543418
v -0.264386 0.190140 0.546631
v -0.263356 0.189799 0.547539
v -0.263311 0.181392 0.544325
v -0.265242 0.192437 0.515406
v -0.265287 0.200843 0.518620
v -0.264318 0.201215 0.517660
v -0.264272 0.192809 0.514446
v 0.288840 0.209397 0.504059
v 0.289742 0.198694 0.532070
v 0.288737 0.199613 0.532454
v 0.287836 0.210316 0.504442
v 0.288886 0.200991 0.500845
v 0.289787 0.190288 0.528857
v 0.288792 0.189338 0.528526
v 0.287891 0.200041 0.500515
v -0.265287 0.200843 0.518620
v -0.264386 0.190140 0.546631
v -0.263391 0.191090 0.546962
v -0.264293 0.201793 0.518951
v -0.265242 0.192437 0.515406
v -0.264341 0.181734 0.543418
v -0.263336 0.180815 0.543034
v -0.264237 0.191518 0.515023
v -0.264272 0.192809 0.514446
v -0.264237 0.191518 0.515023
v -0.265242 0.192437 0.515406
v -0.263311 0.181392 0.544325
v -0.263336 0.180815 0.543034
v -0.264341 0.181734 0.543418
v -0.264318 0.201215 0.517660
v -0.264293 0.201793 0.518951
v -0.265287 0.200843 0.518620
v -0.263356 0.189799 0.547539
v -0.263391 0.191090 0.546962
v -0.264386 0.190140 0.546631
v 0.287856 0.201332 0.499938
v 0.287891 0.200041 0.500515
v 0.288886 0.200991 0.500845
v 0.288817 0.189916 0.529817
v 0.288792 0.189338 0.528526
v 0.289787 0.190288 0.528857
v 0.287811 0.209739 0.503152
v 0.287836 0.210316 0.504442
v 0.288840 0.209397 0.504059
v 0.288772 0.198322 0.533030
v 0.288737 0.199613 0.532454
v 0.289742 0.198694 0.532070
v -0.050952 0.073651 0.486095
v -0.042686 0.041804 0.485871
v -0.019608 0.018357 0.485260
v 0.012096 0.009594 0.484425
v 0.043933 0.017864 0.483590
v 0.067372 0.040949 0.482979
v 0.076132 0.072665 0.482755
v 0.067865 0.104513 0.482979
v 0.044788 0.127959 0.483590
v 0.013083 0.136722 0.484425
v -0.018754 0.128453 0.485260
v -0.042192 0.105367 0.485871
v -0.056477 0.073694 0.486240
v -0.047492 0.039077 0.485997
v -0.022408 0.013592 0.485333
v 0.012054 0.004067 0.484425
v 0.046659 0.013056 0.483517
v 0.072136 0.038148 0.482853
v 0.081657 0.072622 0.482610
v 0.072672 0.107239 0.482853
v 0.047588 0.132725 0.483517
v 0.013126 0.142249 0.484425
v -0.021479 0.133261 0.485333
v -0.046956 0.108168 0.485997
v -0.055558 0.073687 0.521228
v -0.046573 0.039070 0.520985
v -0.021489 0.013585 0.520321
v 0.012973 0.004060 0.519413
v 0.047578 0.013048 0.518505
v 0.073055 0.038141 0.517841
v 0.082577 0.072615 0.517598
v 0.073591 0.107232 0.517841
v 0.048507 0.132717 0.518505
v 0.014046 0.142242 0.519413
v -0.020560 0.133254 0.520321
v -0.046036 0.108161 0.520985
v -0.050032 0.073644 0.521083
v -0.041766 0.041796 0.520859
v -0.018689 0.018350 0.520248
v 0.013016 0.009587 0.519413
v 0.044853 0.017857 0.518578
v 0.068291 0.040942 0.517967
v 0.077051 0.072658 0.517743
v 0.068785 0.104506 0.517967
v 0.045708 0.127952 0.518578
v 0.014003 0.136715 0.519413
v -0.017834 0.128445 0.520248
v -0.041273 0.105360 0.520859
v 0.012590 0.073158 0.484425
v 0.013509 0.073151 0.519413
v -0.371986 -0.073779 0.335636
v -0.360272 -0.076365 0.335328
v -0.357256 -0.062694 0.335251
v -0.368970 -0.060108 0.335560
v -0.364852 -0.076329 0.161056
v -0.376566 -0.073743 0.161364
v -0.373550 -0.060072 0.161288
v -0.361836 -0.062658 0.160979
v -0.373309 -0.059096 0.162282
v -0.361595 -0.061682 0.161974
v -0.357067 -0.061717 0.334246
v -0.368781 -0.059131 0.334555
v -0.372228 -0.074755 0.334642
v -0.360514 -0.077341 0.334334
v -0.365041 -0.077306 0.162061
v -0.376755 -0.074720 0.162369
v -0.363850 -0.076545 0.162030
v -0.359322 -0.076580 0.334303
v -0.356306 -0.062909 0.334226
v -0.360834 -0.062874 0.161953
v -0.372989 -0.073563 0.334662
v -0.377516 -0.073528 0.162390
v -0.374500 -0.059857 0.162313
v -0.369973 -0.059892 0.334586
v -0.368781 -0.059131 0.334555
v -0.357067 -0.061717 0.334246
v -0.357256 -0.062694 0.335251
v -0.368970 -0.060108 0.335560
v -0.373309 -0.059096 0.162282
v -0.361595 -0.061682 0.161974
v -0.361836 -0.062658 0.160979
v -0.373550 -0.060072 0.161288
v -0.372228 -0.074755 0.334642
v -0.360514 -0.077341 0.334334
v -0.360272 -0.076365 0.335328
v -0.371986 -0.073779 0.335636
v -0.376755 -0.074720 0.162369
v -0.365041 -0.077306 0.162061
v -0.364852 -0.076329 0.161056
v -0.376566 -0.073743 0.161364
v -0.359322 -0.076580 0.334303
v -0.356306 -0.062909 0.334226
v -0.357256 -0.062694 0.335251
v -0.360272 -0.076365 0.335328
v -0.363850 -0.076545 0.162030
v -0.360834 -0.062874 0.161953
v -0.361836 -0.062658 0.160979
v -0.364852 -0.076329 0.161056
v -0.372989 -0.073563 0.334662
v -0.369973 -0.059892 0.334586
v -0.368970 -0.060108 0.335560
v -0.371986 -0.073779 0.335636
v -0.377516 -0.073528 0.162390
v -0.374500 -0.059857 0.162313
v -0.373550 -0.060072 0.161288
v -0.376566 -0.073743 0.161364
v -0.360834 -0.062874 0.161953
v -0.356306 -0.062909 0.334226
v -0.357067 -0.061717 0.334246
v -0.361595 -0.061682 0.161974
v -0.363850 -0.076545 0.162030
v -0.359322 -0.076580 0.334303
v -0.360514 -0.077341 0.334334
v -0.365041 -0.077306 0.162061
v -0.374500 -0.059857 0.162313
v -0.369973 -0.059892 0.334586
v -0.368781 -0.059131 0.334555
v -0.373309 -0.059096 0.162282
v -0.377516 -0.073528 0.162390
v -0.372989 -0.073563 0.334662
v -0.372228 -0.074755 0.334642
v -0.376755 -0.074720 0.162369
v -0.376566 -0.073743 0.161364
v -0.376755 -0.074720 0.162369
v -0.377516 -0.073528 0.162390
v -0.371986 -0.073779 0.335636
v -0.372228 -0.074755 0.334642
v -0.372989 -0.073563 0.334662
v -0.373550 -0.060072 0.161288
v -0.373309 -0.059096 0.162282
v -0.374500 -0.059857 0.162313
v -0.368970 -0.060108 0.335560
v -0.368781 -0.059131 0.334555
v -0.369973 -0.059892 0.334586
v -0.364852 -0.076329 0.161056
v -0.365041 -0.077306 0.162061
v -0.363850 -0.076545 0.162030
v -0.360272 -0.076365 0.335328
v -0.360514 -0.077341 0.334334
v -0.359322 -0.076580 0.334303
v -0.361836 -0.062658 0.160979
v -0.361595 -0.061682 0.161974
v -0.360834 -0.062874 0.161953
v -0.357256 -0.062694 0.335251
v -0.357067 -0.061717 0.334246
v -0.356306 -0.062909 0.334226
v -0.371592 -0.022977 0.335636
v -0.359878 -0.025563 0.335328
v -0.356862 -0.011892 0.335251
v -0.368576 -0.009306 0.335560
v -0.364458 -0.025527 0.161056
v -0.376172 -0.022941 0.161364
v -0.373156 -0.009270 0.161288
v -0.361442 -0.011856 0.160979
v -0.372914 -0.008294 0.162282
v -0.361200 -0.010880 0.161974
v -0.356673 -0.010915 0.334246
v -0.368387 -0.008329 0.334555
v -0.371834 -0.023953 0.334642
v -0.360120 -0.026539 0.334334
v -0.364647 -0.026504 0.162061
v -0.376361 -0.023918 0.162369
v -0.363455 -0.025743 0.162030
v -0.358928 -0.025778 0.334303
v -0.355912 -0.012107 0.334226
v -0.360440 -0.012072 0.161953
v -0.372594 -0.022761 0.334662
v -0.377122 -0.022726 0.162390
v -0.374106 -0.009055 0.162313
v -0.369578 -0.009090 0.334586
v -0.368387 -0.008329 0.334555
v -0.356673 -0.010915 0.334246
v -0.356862 -0.011892 0.335251
v -0.368576 -0.009306 0.335560
v -0.372914 -0.008294 0.162282
v -0.361200 -0.010880 0.161974
v -0.361442 -0.011856 0.160979
v -0.373156 -0.009270 0.161288
v -0.371834 -0.023953 0.334642
v -0.360120 -0.026539 0.334334
v -0.359878 -0.025563 0.335328
v -0.371592 -0.022977 0.335636
v -0.376361 -0.023918 0.162369
v -0.364647 -0.026504 0.162061
v -0.364458 -0.025527 0.161056
v -0.376172 -0.022941 0.161364
v -0.358928 -0.025778 0.334303
v -0.355912 -0.012107 0.334226
v -0.356862 -0.011892 0.335251
v -0.359878 -0.025563 0.335328
v -0.363455 -0.025743 0.162030
v -0.360440 -0.012072 0.161953
v -0.361442 -0.011856 0.160979
v -0.364458 -0.025527 0.161056
v -0.372594 -0.022761 0.334662
v -0.369578 -0.009090 0.334586
v -0.368576 -0.009306 0.335560
v -0.371592 -0.022977 0.335636
v -0.377122 -0.022726 0.162390
v -0.374106 -0.009055 0.162313
v -0.373156 -0.009270 0.161288
v -0.376172 -0.022941 0.161364
v -0.360440 -0.012072 0.161953
v -0.355912 -0.012107 0.334226
v -0.356673 -0.010915 0.334246
v -0.361200 -0.010880 0.161974
v -0.363455 -0.025743 0.162030
v -0.358928 -0.025778 0.334303
v -0.360120 -0.026539 0.334334
v -0.364647 -0.026504 0.162061
v -0.374106 -0.009055 0.162313
v -0.369578 -0.009090 0.334586
v -0.368387 -0.008329 0.334555
v -0.372914 -0.008294 0.162282
v -0.377122 -0.022726 0.162390
v -0.372594 -0.022761 0.334662
v -0.371834 -0.023953 0.334642
v -0.376361 -0.023918 0.162369
v -0.376172 -0.022941 0.161364
v -0.376361 -0.023918 0.162369
v -0.377122 -0.022726 0.162390
v -0.371592 -0.022977 0.335636
v -0.371834 -0.023953 0.334642
v -0.372594 -0.022761 0.334662
v -0.373156 -0.009270 0.161288
v -0.372914 -0.008294 0.162282
v -0.374106 -0.009055 0.162313
v -0.368576 -0.009306 0.335560
v -0.368387 -0.008329 0.334555
v -0.369578 -0.009090 0.334586
v -0.364458 -0.025527 0.161056
v -0.364647 -0.026504 0.162061
v -0.363455 -0.025743 0.162030
v -0.359878 -0.025563 0.335328
v -0.360120 -0.026539 0.334334
v -0.358928 -0.025778 0.334303
v -0.361442 -0.011856 0.160979
v -0.361200 -0.010880 0.161974
v -0.360440 -0.012072 0.161953
v -0.356862 -0.011892 0.335251
v -0.356673 -0.010915 0.334246
v -0.355912 -0.012107 0.334226
v -0.371198 0.027825 0.335636
v -0.359484 0.025239 0.335328
v -0.356468 0.038910 0.335251
v -0.368182 0.041496 0.335560
v -0.364064 0.025275 0.161056
v -0.375778 0.027861 0.161364
v -0.372762 0.041532 0.161288
v -0.361048 0.038946 0.160979
v -0.372520 0.042508 0.162282
v -0.360806 0.039922 0.161974
v -0.356278 0.039887 0.334246
v -0.367992 0.042473 0.334555
v -0.371439 0.026849 0.334642
v -0.359725 0.024263 0.334334
v -0.364253 0.024298 0.162061
v -0.375967 0.026884 0.162369
v -0.363061 0.025059 0.162030
v -0.358534 0.025024 0.334303
v -0.355518 0.038695 0.334226
v -0.360045 0.038730 0.161953
v -0.372200 0.028041 0.334662
v -0.376727 0.028076 0.162390
v -0.373711 0.041747 0.162313
v -0.369184 0.041712 0.334586
v -0.367992 0.042473 0.334555
v -0.356278 0.039887 0.334246
v -0.356468 0.038910 0.335251
v -0.368182 0.041496 0.335560
v -0.372520 0.042508 0.162282
v -0.360806 0.039922 0.161974
v -0.361048 0.038946 0.160979
v -0.372762 0.041532 0.161288
v -0.371439 0.026849 0.334642
v -0.359725 0.024263 0.334334
v -0.359484 0.025239 0.335328
v -0.371198 0.027825 0.335636
v -0.375967 0.026884 0.162369
v -0.364253 0.024298 0.162061
v -0.364064 0.025275 0.161056
v -0.375778 0.027861 0.161364
v -0.358534 0.025024 0.334303
v -0.355518 0.038695 0.334226
v -0.356468 0.038910 0.335251
v -0.359484 0.025239 0.335328
v -0.363061 0.025059 0.162030
v -0.360045 0.038730 0.161953
v -0.361048 0.038946 0.160979
v -0.364064 0.025275 0.161056
v -0.372200 0.028041 0.334662
v -0.369184 0.041712 0.334586
v -0.368182 0.041496 0.335560
v -0.371198 0.027825 0.335636
v -0.376727 0.028076 0.162390
v -0.373711 0.041747 0.162313
v -0.372762 0.041532 0.161288
v -0.375778 0.027861 0.161364
v -0.360045 0.038730 0.161953
v -0.355518 0.038695 0.334226
v -0.356278 0.039887 0.334246
v -0.360806 0.039922 0.161974
v -0.363061 0.025059 0.162030
v -0.358534 0.025024 0.334303
v -0.359725 0.024263 0.334334
v -0.364253 0.024298 0.162061
v -0.373711 0.041747 0.162313
v -0.369184 0.041712 0.334586
v -0.367992 0.042473 0.334555
v -0.372520 0.042508 0.162282
v -0.376727 0.028076 0.162390
v -0.372200 0.028041 0.334662
v -0.371439 0.026849 0.334642
v -0.375967 0.026884 0.162369
v -0.375778 0.027861 0.161364
v -0.375967 0.026884 0.162369
v -0.376727 0.028076 0.162390
v -0.371198 0.027825 0.335636
v -0.371439 0.026849 0.334642
v -0.372200 0.028041 0.334662
v -0.372762 0.041532 0.161288
v -0.372520 0.042508 0.162282
v -0.373711 0.041747 0.162313
v -0.368182 0.041496 0.335560
v -0.367992 0.042473 0.334555
v -0.369184 0.041712 0.334586
v -0.364064 0.025275 0.161056
v -0.364253 0.024298 0.162061
v -0.363061 0.025059 0.162030
v -0.359484 0.025239 0.335328
v -0.359725 0.024263 0.334334
v -0.358534 0.025024 0.334303
v -0.361048 0.038946 0.160979
v -0.360806 0.039922 0.161974
v -0.360045 0.038730 0.161953
v -0.356468 0.038910 0.335251
v -0.356278 0.039887 0.334246
v -0.355518 0.038695 0.334226
v -0.370803 0.078628 0.335636
v -0.359089 0.076042 0.335328
v -0.356073 0.089713 0.335251
v -0.367787 0.092299 0.335560
v -0.363669 0.076077 0.161056
v -0.375383 0.078663 0.161364
v -0.372367 0.092334 0.161288
v -0.360653 0.089748 0.160979
v -0.372126 0.093310 0.162282
v -0.360412 0.090724 0.161974
v -0.355884 0.090689 0.334246
v -0.367598 0.093275 0.334555
v -0.371045 0.077651 0.334642
v -0.359331 0.075065 0.334334
v -0.363858 0.075100 0.162061
v -0.375572 0.077686 0.162369
v -0.362667 0.075861 0.162030
v -0.358139 0.075826 0.334303
v -0.355123 0.089497 0.334226
v -0.359651 0.089532 0.161953
v -0.371806 0.078843 0.334662
v -0.376333 0.078878 0.162390
v -0.373317 0.092549 0.162313
v -0.368790 0.092514 0.334586
v -0.367598 0.093275 0.334555
v -0.355884 0.090689 0.334246
v -0.356073 0.089713 0.335251
v -0.367787 0.092299 0.335560
v -0.372126 0.093310 0.162282
v -0.360412 0.090724 0.161974
v -0.360653 0.089748 0.160979
v -0.372367 0.092334 0.161288
v -0.371045 0.077651 0.334642
v -0.359331 0.075065 0.334334
v -0.359089 0.076042 0.335328
v -0.370803 0.078628 0.335636
v -0.375572 0.077686 0.162369
v -0.363858 0.075100 0.162061
v -0.363669 0.076077 0.161056
v -0.375383 0.078663 0.161364
v -0.358139 0.075826 0.334303
v -0.355123 0.089497 0.334226
v -0.356073 0.089713 0.335251
v -0.359089 0.076042 0.335328
v -0.362667 0.075861 0.162030
v -0.359651 0.089532 0.161953
v -0.360653 0.089748 0.160979
v -0.363669 0.076077 0.161056
v -0.371806 0.078843 0.334662
v -0.368790 0.092514 0.334586
v -0.367787 0.092299 0.335560
v -0.370803 0.078628 0.335636
v -0.376333 0.078878 0.162390
v -0.373317 0.092549 0.162313
v -0.372367 0.092334 0.161288
v -0.375383 0.078663 0.161364
v -0.359651 0.089532 0.161953
v -0.355123 0.089497 0.334226
v -0.355884 0.090689 0.334246
v -0.360412 0.090724 0.161974
v -0.362667 0.075861 0.162030
v -0.358139 0.075826 0.334303
v -0.359331 0.075065 0.334334
v -0.363858 0.075100 0.162061
v -0.373317 0.092549 0.162313
v -0.368790 0.092514 0.334586
v -0.367598 0.093275 0.334555
v -0.372126 0.093310 0.162282
v -0.376333 0.078878 0.162390
v -0.371806 0.078843 0.334662
v -0.371045 0.077651 0.334642
v -0.375572 0.077686 0.162369
v -0.375383 0.078663 0.161364
v -0.375572 0.077686 0.162369
v -0.376333 0.078878 0.162390
v -0.370803 0.078628 0.335636
v -0.371045 0.077651 0.334642
v -0.371806 0.078843 0.334662
v -0.372367 0.092334 0.161288
v -0.372126 0.093310 0.162282
v -0.373317 0.092549 0.162313
v -0.367787 0.092299 0.335560
v -0.367598 0.093275 0.334555
v -0.368790 0.092514 0.334586
v -0.363669 0.076077 0.161056
v -0.363858 0.075100 0.162061
v -0.362667 0.075861 0.162030
v -0.359089 0.076042 0.335328
v -0.359331 0.075065 0.334334
v -0.358139 0.075826 0.334303
v -0.360653 0.089748 0.160979
v -0.360412 0.090724 0.161974
v -0.359651 0.089532 0.161953
v -0.356073 0.089713 0.335251
v -0.355884 0.090689 0.334246
v -0.355123 0.089497 0.334226
v -0.370409 0.129430 0.335636
v -0.358695 0.126844 0.335328
v -0.355679 0.140515 0.335251
v -0.367393 0.143101 0.335560
v -0.363275 0.126879 0.161056
v -0.374989 0.129465 0.161364
v -0.371973 0.143136 0.161288
v -0.360259 0.140550 0.160979
v -0.371731 0.144113 0.162282
v -0.360017 0.141527 0.161974
v -0.355490 0.141492 0.334246
v -0.367204 0.144077 0.334555
v -0.370651 0.128453 0.334642
v -0.358937 0.125867 0.334334
v -0.363464 0.125903 0.162061
v -0.375178 0.128489 0.162369
v -0.362272 0.126664 0.162030
v -0.357745 0.126628 0.334303
v -0.354729 0.140300 0.334226
v -0.359256 0.140335 0.161953
v -0.371411 0.129645 0.334662
v -0.375939 0.129681 0.162390
v -0.372923 0.143352 0.162313
v -0.368395 0.143316 0.334586
v -0.367204 0.144077 0.334555
v -0.355490 0.141492 0.334246
v -0.355679 0.140515 0.335251
v -0.367393 0.143101 0.335560
v -0.371731 0.144113 0.162282
v -0.360017 0.141527 0.161974
v -0.360259 0.140550 0.160979
v -0.371973 0.143136 0.161288
v -0.370651 0.128453 0.334642
v -0.358937 0.125867 0.334334
v -0.358695 0.126844 0.335328
v -0.370409 0.129430 0.335636
v -0.375178 0.128489 0.162369
v -0.363464 0.125903 0.162061
v -0.363275 0.126879 0.161056
v -0.374989 0.129465 0.161364
v -0.357745 0.126628 0.334303
v -0.354729 0.140300 0.334226
v -0.355679 0.140515 0.335251
v -0.358695 0.126844 0.335328
v -0.362272 0.126664 0.162030
v -0.359256 0.140335 0.161953
v -0.360259 0.140550 0.160979
v -0.363275 0.126879 0.161056
v -0.371411 0.129645 0.334662
v -0.368395 0.143316 0.334586
v -0.367393 0.143101 0.335560
v -0.370409 0.129430 0.335636
v -0.375939 0.129681 0.162390
v -0.372923 0.143352 0.162313
v -0.371973 0.143136 0.161288
v -0.374989 0.129465 0.161364
v -0.359256 0.140335 0.161953
v -0.354729 0.140300 0.334226
v -0.355490 0.141492 0.334246
v -0.360017 0.141527 0.161974
v -0.362272 0.126664 0.162030
v -0.357745 0.126628 0.334303
v -0.358937 0.125867 0.334334
v -0.363464 0.125903 0.162061
v -0.372923 0.143352 0.162313
v -0.368395 0.143316 0.334586
v -0.367204 0.144077 0.334555
v -0.371731 0.144113 0.162282
v -0.375939 0.129681 0.162390
v -0.371411 0.129645 0.334662
v -0.370651 0.128453 0.334642
v -0.375178 0.128489 0.162369
v -0.374989 0.129465 0.161364
v -0.375178 0.128489 0.162369
v -0.375939 0.129681 0.162390
v -0.370409 0.129430 0.335636
v -0.370651 0.128453 0.334642
v -0.371411 0.129645 0.334662
v -0.371973 0.143136 0.161288
v -0.371731 0.144113 0.162282
v -0.372923 0.143352 0.162313
v -0.367393 0.143101 0.335560
v -0.367204 0.144077 0.334555
v -0.368395 0.143316 0.334586
v -0.363275 0.126879 0.161056
v -0.363464 0.125903 0.162061
v -0.362272 0.126664 0.162030
v -0.358695 0.126844 0.335328
v -0.358937 0.125867 0.334334
v -0.357745 0.126628 0.334303
v -0.360259 0.140550 0.160979
v -0.360017 0.141527 0.161974
v -0.359256 0.140335 0.161953
v -0.355679 0.140515 0.335251
v -0.355490 0.141492 0.334246
v -0.354729 0.140300 0.334226
v 0.374741 -0.082071 0.316010
v 0.386494 -0.079667 0.315702
v 0.383691 -0.065951 0.315778
v 0.371938 -0.068355 0.316087
v 0.381914 -0.079631 0.141430
v 0.370161 -0.082035 0.141738
v 0.367358 -0.068319 0.141815
v 0.379111 -0.065915 0.141506
v 0.367184 -0.067340 0.142820
v 0.378937 -0.064936 0.142511
v 0.383464 -0.064971 0.314784
v 0.371711 -0.067375 0.315092
v 0.374915 -0.083050 0.315005
v 0.386668 -0.080647 0.314697
v 0.382141 -0.080611 0.142424
v 0.370388 -0.083015 0.142732
v 0.382920 -0.079431 0.142404
v 0.387447 -0.079467 0.314676
v 0.384644 -0.065750 0.314753
v 0.380116 -0.065715 0.142480
v 0.373736 -0.082271 0.315036
v 0.369208 -0.082236 0.142764
v 0.366405 -0.068520 0.142840
v 0.370932 -0.068555 0.315113
v 0.371711 -0.067375 0.315092
v 0.383464 -0.064971 0.314784
v 0.383691 -0.065951 0.315778
v 0.371938 -0.068355 0.316087
v 0.367184 -0.067340 0.142820
v 0.378937 -0.064936 0.142511
v 0.379111 -0.065915 0.141506
v 0.367358 -0.068319 0.141815
v 0.374915 -0.083050 0.315005
v 0.386668 -0.080647 0.314697
v 0.386494 -0.079667 0.315702
v 0.374741 -0.082071 0.316010
v 0.370388 -0.083015 0.142732
v 0.382141 -0.080611 0.142424
v 0.381914 -0.079631 0.141430
v 0.370161 -0.082035 0.141738
v 0.387447 -0.079467 0.314676
v 0.384644 -0.065750 0.314753
v 0.383691 -0.065951 0.315778
v 0.386494 -0.079667 0.315702
v 0.382920 -0.079431 0.142404
v 0.380116 -0.065715 0.142480
v 0.379111 -0.065915 0.141506
v 0.381914 -0.079631 0.141430
v 0.373736 -0.082271 0.315036
v 0.370932 -0.068555 0.315113
v 0.371938 -0.068355 0.316087
v 0.374741 -0.082071 0.316010
v 0.369208 -0.082236 0.142764
v 0.366405 -0.068520 0.142840
v 0.367358 -0.068319 0.141815
v 0.370161 -0.082035 0.141738
v 0.380116 -0.065715 0.142480
v 0.384644 -0.065750 0.314753
v 0.383464 -0.064971 0.314784
v 0.378937 -0.064936 0.142511
v 0.382920 -0.079431 0.142404
v 0.387447 -0.079467 0.314676
v 0.386668 -0.080647 0.314697
v 0.382141 -0.080611 0.142424
v 0.366405 -0.068520 0.142840
v 0.370932 -0.068555 0.315113
v 0.371711 -0.067375 0.315092
v 0.367184 -0.067340 0.142820
v 0.369208 -0.082236 0.142764
v 0.373736 -0.082271 0.315036
v 0.374915 -0.083050 0.315005
v 0.370388 -0.083015 0.142732
v 0.370161 -0.082035 0.141738
v 0.370388 -0.083015 0.142732
v 0.369208 -0.082236 0.142764
v 0.374741 -0.082071 0.316010
v 0.374915 -0.083050 0.315005
v 0.373736 -0.082271 0.315036
v 0.367358 -0.068319 0.141815
v 0.367184 -0.067340 0.142820
v 0.366405 -0.068520 0.142840
v 0.371938 -0.068355 0.316087
v 0.371711 -0.067375 0.315092
v 0.370932 -0.068555 0.315113
v 0.381914 -0.079631 0.141430
v 0.382141 -0.080611 0.142424
v 0.382920 -0.079431 0.142404
v 0.386494 -0.079667 0.315702
v 0.386668 -0.080647 0.314697
v 0.387447 -0.079467 0.314676
v 0.379111 -0.065915 0.141506
v 0.378937 -0.064936 0.142511
v 0.380116 -0.065715 0.142480
v 0.383691 -0.065951 0.315778
v 0.383464 -0.064971 0.314784
v 0.384644 -0.065750 0.314753
v 0.375136 -0.031269 0.316010
v 0.386888 -0.028865 0.315702
v 0.384085 -0.015149 0.315778
v 0.372332 -0.017552 0.316087
v 0.382308 -0.028829 0.141430
v 0.370556 -0.031233 0.141738
v 0.367752 -0.017517 0.141815
v 0.379505 -0.015113 0.141506
v 0.367578 -0.016537 0.142820
v 0.379331 -0.014134 0.142511
v 0.383859 -0.014169 0.314784
v 0.372106 -0.016572 0.315092
v 0.375310 -0.032248 0.315005
v 0.387062 -0.029844 0.314697
v 0.382535 -0.029809 0.142424
v 0.370782 -0.032213 0.142732
v 0.383314 -0.028629 0.142404
v 0.387842 -0.028664 0.314676
v 0.385038 -0.014948 0.314753
v 0.380511 -0.014913 0.142480
v 0.374130 -0.031469 0.315036
v 0.369603 -0.031434 0.142764
v 0.366799 -0.017717 0.142840
v 0.371327 -0.017753 0.315113
v 0.372106 -0.016572 0.315092
v 0.383859 -0.014169 0.314784
v 0.384085 -0.015149 0.315778
v 0.372332 -0.017552 0.316087
v 0.367578 -0.016537 0.142820
v 0.379331 -0.014134 0.142511
v 0.379505 -0.015113 0.141506
v 0.367752 -0.017517 0.141815
v 0.375310 -0.032248 0.315005
v 0.387062 -0.029844 0.314697
v 0.386888 -0.028865 0.315702
v 0.375136 -0.031269 0.316010
v 0.370782 -0.032213 0.142732
v 0.382535 -0.029809 0.142424
v 0.382308 -0.028829 0.141430
v 0.370556 -0.031233 0.141738
v 0.387842 -0.028664 0.314676
v 0.385038 -0.014948 0.314753
v 0.384085 -0.015149 0.315778
v 0.386888 -0.028865 0.315702
v 0.383314 -0.028629 0.142404
v 0.380511 -0.014913 0.142480
v 0.379505 -0.015113 0.141506
v 0.382308 -0.028829 0.141430
v 0.374130 -0.031469 0.315036
v 0.371327 -0.017753 0.315113
v 0.372332 -0.017552 0.316087
v 0.375136 -0.031269 0.316010
v 0.369603 -0.031434 0.142764
v 0.366799 -0.017717 0.142840
v 0.367752 -0.017517 0.141815
v 0.370556 -0.031233 0.141738
v 0.380511 -0.014913 0.142480
v 0.385038 -0.014948 0.314753
v 0.383859 -0.014169 0.314784
v 0.379331 -0.014134 0.142511
v 0.383314 -0.028629 0.142404
v 0.387842 -0.028664 0.314676
v 0.387062 -0.029844 0.314697
v 0.382535 -0.029809 0.142424
v 0.366799 -0.017717 0.142840
v 0.371327 -0.017753 0.315113
v 0.372106 -0.016572 0.315092
v 0.367578 -0.016537 0.142820
v 0.369603 -0.031434 0.142764
v 0.374130 -0.031469 0.315036
v 0.375310 -0.032248 0.315005
v 0.370782 -0.032213 0.142732
v 0.370556 -0.031233 0.141738
v 0.370782 -0.032213 0.142732
v 0.369603 -0.031434 0.142764
v 0.375136 -0.031269 0.316010
v 0.375310 -0.032248 0.315005
v 0.374130 -0.031469 0.315036
v 0.367752 -0.017517 0.141815
v 0.367578 -0.016537 0.142820
v 0.366799 -0.017717 0.142840
v 0.372332 -0.017552 0.316087
v 0.372106 -0.016572 0.315092
v 0.371327 -0.017753 0.315113
v 0.382308 -0.028829 0.141430
v 0.382535 -0.029809 0.142424
v 0.383314 -0.028629 0.142404
v 0.386888 -0.028865 0.315702
v 0.387062 -0.029844 0.314697
v 0.387842 -0.028664 0.314676
v 0.379505 -0.015113 0.141506
v 0.379331 -0.014134 0.142511
v 0.380511 -0.014913 0.142480
v 0.384085 -0.015149 0.315778
v 0.383859 -0.014169 0.314784
v 0.385038 -0.014948 0.314753
v 0.375530 0.019534 0.316010
v 0.387283 0.021937 0.315702
v 0.384479 0.035654 0.315778
v 0.372727 0.033250 0.316087
v 0.382703 0.021973 0.141430
v 0.370950 0.019569 0.141738
v 0.368147 0.033285 0.141815
v 0.379899 0.035689 0.141506
v 0.367973 0.034265 0.142820
v 0.379726 0.036669 0.142511
v 0.384253 0.036633 0.314784
v 0.372500 0.034230 0.315092
v 0.375704 0.018554 0.315005
v 0.387457 0.020958 0.314697
v 0.382929 0.020993 0.142424
v 0.371177 0.018589 0.142732
v 0.383709 0.022173 0.142404
v 0.388236 0.022138 0.314676
v 0.385433 0.035854 0.314753
v 0.380905 0.035889 0.142480
v 0.374524 0.019333 0.315036
v 0.369997 0.019369 0.142764
v 0.367194 0.033085 0.142840
v 0.371721 0.033050 0.315113
v 0.372500 0.034230 0.315092
v 0.384253 0.036633 0.314784
v 0.384479 0.035654 0.315778
v 0.372727 0.033250 0.316087
v 0.367973 0.034265 0.142820
v 0.379726 0.036669 0.142511
v 0.379899 0.035689 0.141506
v 0.368147 0.033285 0.141815
v 0.375704 0.018554 0.315005
v 0.387457 0.020958 0.314697
v 0.387283 0.021937 0.315702
v 0.375530 0.019534 0.316010
v 0.371177 0.018589 0.142732
v 0.382929 0.020993 0.142424
v 0.382703 0.021973 0.141430
v 0.370950 0.019569 0.141738
v 0.388236 0.022138 0.314676
v 0.385433 0.035854 0.314753
v 0.384479 0.035654 0.315778
v 0.387283 0.021937 0.315702
v 0.383709 0.022173 0.142404
v 0.380905 0.035889 0.142480
v 0.379899 0.035689 0.141506
v 0.382703 0.021973 0.141430
v 0.374524 0.019333 0.315036
v 0.371721 0.033050 0.315113
v 0.372727 0.033250 0.316087
v 0.375530 0.019534 0.316010
v 0.369997 0.019369 0.142764
v 0.367194 0.033085 0.142840
v 0.368147 0.033285 0.141815
v 0.370950 0.019569 0.141738
v 0.380905 0.035889 0.142480
v 0.385433 0.035854 0.314753
v 0.384253 0.036633 0.314784
v 0.379726 0.036669 0.142511
v 0.383709 0.022173 0.142404
v 0.388236 0.022138 0.314676
v 0.387457 0.020958 0.314697
v 0.382929 0.020993 0.142424
v 0.367194 0.033085 0.142840
v 0.371721 0.033050 0.315113
v 0.372500 0.034230 0.315092
v 0.367973 0.034265 0.142820
v 0.369997 0.019369 0.142764
v 0.374524 0.019333 0.315036
v 0.375704 0.018554 0.315005
v 0.371177 0.018589 0.142732
v 0.370950 0.019569 0.141738
v 0.371177 0.018589 0.142732
v 0.369997 0.019369 0.142764
v 0.375530 0.019534 0.316010
v 0.375704 0.018554 0.315005
v 0.374524 0.019333 0.315036
v 0.368147 0.033285 0.141815
v 0.367973 0.034265 0.142820
v 0.367194 0.033085 0.142840
v 0.372727 0.033250 0.316087
v 0.372500 0.034230 0.315092
v 0.371721 0.033050 0.315113
v 0.382703 0.021973 0.141430
v 0.382929 0.020993 0.142424
v 0.383709 0.022173 0.142404
v 0.387283 0.021937 0.315702
v 0.387457 0.020958 0.314697
v 0.388236 0.022138 0.314676
v 0.379899 0.035689 0.141506
v 0.379726 0.036669 0.142511
v 0.380905 0.035889 0.142480
v 0.384479 0.035654 0.315778
v 0.384253 0.036633 0.314784
v 0.385433 0.035854 0.314753
v 0.375924 0.070336 0.316010
v 0.387677 0.072740 0.315702
v 0.384874 0.086456 0.315778
v 0.373121 0.084052 0.316087
v 0.383097 0.072775 0.141430
v 0.371345 0.070371 0.141738
v 0.368541 0.084088 0.141815
v 0.380294 0.086491 0.141506
v 0.368367 0.085067 0.142820
v 0.380120 0.087471 0.142511
v 0.384647 0.087436 0.314784
v 0.372895 0.085032 0.315092
v 0.376098 0.069356 0.315005
v 0.387851 0.071760 0.314697
v 0.383324 0.071795 0.142424
v 0.371571 0.069391 0.142732
v 0.384103 0.072975 0.142404
v 0.388630 0.072940 0.314676
v 0.385827 0.086656 0.314753
v 0.381300 0.086691 0.142480
v 0.374919 0.070136 0.315036
v 0.370391 0.070171 0.142764
v 0.367588 0.083887 0.142840
v 0.372115 0.083852 0.315113
v 0.372895 0.085032 0.315092
v 0.384647 0.087436 0.314784
v 0.384874 0.086456 0.315778
v 0.373121 0.084052 0.316087
v 0.368367 0.085067 0.142820
v 0.380120 0.087471 0.142511
v 0.380294 0.086491 0.141506
v 0.368541 0.084088 0.141815
v 0.376098 0.069356 0.315005
v 0.387851 0.071760 0.314697
v 0.387677 0.072740 0.315702
v 0.375924 0.070336 0.316010
v 0.371571 0.069391 0.142732
v 0.383324 0.071795 0.142424
v 0.383097 0.072775 0.141430
v 0.371345 0.070371 0.141738
v 0.388630 0.072940 0.314676
v 0.385827 0.086656 0.314753
v 0.384874 0.086456 0.315778
v 0.387677 0.072740 0.315702
v 0.384103 0.072975 0.142404
v 0.381300 0.086691 0.142480
v 0.380294 0.086491 0.141506
v 0.383097 0.072775 0.141430
v 0.374919 0.070136 0.315036
v 0.372115 0.083852 0.315113
v 0.373121 0.084052 0.316087
v 0.375924 0.070336 0.316010
v 0.370391 0.070171 0.142764
v 0.367588 0.083887 0.142840
v 0.368541 0.084088 0.141815
v 0.371345 0.070371 0.141738
v 0.381300 0.086691 0.142480
v 0.385827 0.086656 0.314753
v 0.384647 0.087436 0.314784
v 0.380120 0.087471 0.142511
v 0.384103 0.072975 0.142404
v 0.388630 0.072940 0.314676
v 0.387851 0.071760 0.314697
v 0.383324 0.071795 0.142424
v 0.367588 0.083887 0.142840
v 0.372115 0.083852 0.315113
v 0.372895 0.085032 0.315092
v 0.368367 0.085067 0.142820
v 0.370391 0.070171 0.142764
v 0.374919 0.070136 0.315036
v 0.376098 0.069356 0.315005
v 0.371571 0.069391 0.142732
v 0.371345 0.070371 0.141738
v 0.371571 0.069391 0.142732
v 0.370391 0.070171 0.142764
v 0.375924 0.070336 0.316010
v 0.376098 0.069356 0.315005
v 0.374919 0.070136 0.315036
v 0.368541 0.084088 0.141815
v 0.368367 0.085067 0.142820
v 0.367588 0.083887 0.142840
v 0.373121 0.084052 0.316087
v 0.372895 0.085032 0.315092
v 0.372115 0.083852 0.315113
v 0.383097 0.072775 0.141430
v 0.383324 0.071795 0.142424
v 0.384103 0.072975 0.142404
v 0.387677 0.072740 0.315702
v 0.387851 0.071760 0.314697
v 0.388630 0.072940 0.314676
v 0.380294 0.086491 0.141506
v 0.380120 0.087471 0.142511
v 0.381300 0.086691 0.142480
v 0.384874 0.086456 0.315778
v 0.384647 0.087436 0.314784
v 0.385827 0.086656 0.314753
v 0.376319 0.121138 0.316010
v 0.388072 0.123542 0.315702
v 0.385268 0.137258 0.315778
v 0.373515 0.134854 0.316087
v 0.383492 0.123577 0.141430
v 0.371739 0.121173 0.141738
v 0.368936 0.134890 0.141815
v 0.380688 0.137293 0.141506
v 0.368762 0.135869 0.142820
v 0.380514 0.138273 0.142511
v 0.385042 0.138238 0.314784
v 0.373289 0.135834 0.315092
v 0.376493 0.120158 0.315005
v 0.388246 0.122562 0.314697
v 0.383718 0.122597 0.142424
v 0.371965 0.120194 0.142732
v 0.384497 0.123777 0.142404
v 0.389025 0.123742 0.314676
v 0.386221 0.137458 0.314753
v 0.381694 0.137494 0.142480
v 0.375313 0.120938 0.315036
v 0.370786 0.120973 0.142764
v 0.367982 0.134689 0.142840
v 0.372510 0.134654 0.315113
v 0.373289 0.135834 0.315092
v 0.385042 0.138238 0.314784
v 0.385268 0.137258 0.315778
v 0.373515 0.134854 0.316087
v 0.368762 0.135869 0.142820
v 0.380514 0.138273 0.142511
v 0.380688 0.137293 0.141506
v 0.368936 0.134890 0.141815
v 0.376493 0.120158 0.315005
v 0.388246 0.122562 0.314697
v 0.388072 0.123542 0.315702
v 0.376319 0.121138 0.316010
v 0.371965 0.120194 0.142732
v 0.383718 0.122597 0.142424
v 0.383492 0.123577 0.141430
v 0.371739 0.121173 0.141738
v 0.389025 0.123742 0.314676
v 0.386221 0.137458 0.314753
v 0.385268 0.137258 0.315778
v 0.388072 0.123542 0.315702
v 0.384497 0.123777 0.142404
v 0.381694 0.137494 0.142480
v 0.380688 0.137293 0.141506
v 0.383492 0.123577 0.141430
v 0.375313 0.120938 0.315036
v 0.372510 0.134654 0.315113
v 0.373515 0.134854 0.316087
v 0.376319 0.121138 0.316010
v 0.370786 0.120973 0.142764
v 0.367982 0.134689 0.142840
v 0.368936 0.134890 0.141815
v 0.371739 0.121173 0.141738
v 0.381694 0.137494 0.142480
v 0.386221 0.137458 0.314753
v 0.385042 0.138238 0.314784
v 0.380514 0.138273 0.142511
v 0.384497 0.123777 0.142404
v 0.389025 0.123742 0.314676
v 0.388246 0.122562 0.314697
v 0.383718 0.122597 0.142424
v 0.367982 0.134689 0.142840
v 0.372510 0.134654 0.315113
v 0.373289 0.135834 0.315092
v 0.368762 0.135869 0.142820
v 0.370786 0.120973 0.142764
v 0.375313 0.120938 0.315036
v 0.376493 0.120158 0.315005
v 0.371965 0.120194 0.142732
v 0.371739 0.121173 0.141738
v 0.371965 0.120194 0.142732
v 0.370786 0.120973 0.142764
v 0.376319 0.121138 0.316010
v 0.376493 0.120158 0.315005
v 0.375313 0.120938 0.315036
v 0.368936 0.134890 0.141815
v 0.368762 0.135869 0.142820
v 0.367982 0.134689 0.142840
v 0.373515 0.134854 0.316087
v 0.373289 0.135834 0.315092
v 0.372510 0.134654 0.315113
v 0.383492 0.123577 0.141430
v 0.383718 0.122597 0.142424
v 0.384497 0.123777 0.142404
v 0.388072 0.123542 0.315702
v 0.388246 0.122562 0.314697
v 0.389025 0.123742 0.314676
v 0.380688 0.137293 0.141506
v 0.380514 0.138273 0.142511
v 0.381694 0.137494 0.142480
v 0.385268 0.137258 0.315778
v 0.385042 0.138238 0.314784
v 0.386221 0.137458 0.314753
v -0.320392 -0.168190 0.473267
v 0.340742 -0.173323 0.455891
v 0.340835 -0.161323 0.455891
v -0.320299 -0.156191 0.473267
v 0.339166 -0.173310 0.395911
v -0.321969 -0.168178 0.413287
v -0.321876 -0.156178 0.413287
v 0.339259 -0.161311 0.395911
v -0.321808 -0.154179 0.415287
v 0.339327 -0.159311 0.397911
v 0.340798 -0.159323 0.453891
v -0.320336 -0.154190 0.471267
v -0.320461 -0.170190 0.471267
v 0.340674 -0.175322 0.453891
v 0.339203 -0.175311 0.397911
v -0.321932 -0.170178 0.415287
v 0.341217 -0.173326 0.397858
v 0.342689 -0.173338 0.453839
v 0.342782 -0.161338 0.453839
v 0.341311 -0.161327 0.397858
v -0.322444 -0.168174 0.471320
v -0.323915 -0.168163 0.415339
v -0.323822 -0.156163 0.415339
v -0.322351 -0.156175 0.471320
v -0.320336 -0.154190 0.471267
v 0.340798 -0.159323 0.453891
v 0.340835 -0.161323 0.455891
v -0.320299 -0.156191 0.473267
v -0.321808 -0.154179 0.415287
v 0.339327 -0.159311 0.397911
v 0.339259 -0.161311 0.395911
v -0.321876 -0.156178 0.413287
v -0.320461 -0.170190 0.471267
v 0.340674 -0.175322 0.453891
v 0.340742 -0.173323 0.455891
v -0.320392 -0.168190 0.473267
v -0.321932 -0.170178 0.415287
v 0.339203 -0.175311 0.397911
v 0.339166 -0.173310 0.395911
v -0.321969 -0.168178 0.413287
v 0.342689 -0.173338 0.453839
v 0.342782 -0.161338 0.453839
v 0.340835 -0.161323 0.455891
v 0.340742 -0.173323 0.455891
v 0.341217 -0.173326 0.397858
v 0.341311 -0.161327 0.397858
v 0.339259 -0.161311 0.395911
v 0.339166 -0.173310 0.395911
v -0.322444 -0.168174 0.471320
v -0.322351 -0.156175 0.471320
v -0.320299 -0.156191 0.473267
v -0.320392 -0.168190 0.473267
v -0.323915 -0.168163 0.415339
v -0.323822 -0.156163 0.415339
v -0.321876 -0.156178 0.413287
v -0.321969 -0.168178 0.413287
v 0.341311 -0.161327 0.397858
v 0.342782 -0.161338 0.453839
v 0.340798 -0.159323 0.453891
v 0.339327 -0.159311 0.397911
v 0.341217 -0.173326 0.397858
v 0.342689 -0.173338 0.453839
v 0.340674 -0.175322 0.453891
v 0.339203 -0.175311 0.397911
v -0.323822 -0.156163 0.415339
v -0.322351 -0.156175 0.471320
v -0.320336 -0.154190 0.471267
v -0.321808 -0.154179 0.415287
v -0.323915 -0.168163 0.415339
v -0.322444 -0.168174 0.471320
v -0.320461 -0.170190 0.471267
v -0.321932 -0.170178 0.415287
v -0.321969 -0.168178 0.413287
v -0.321932 -0.170178 0.415287
v -0.323915 -0.168163 0.415339
v -0.320392 -0.168190 0.473267
v -0.320461 -0.170190 0.471267
v -0.322444 -0.168174 0.471320
v -0.321876 -0.156178 0.413287
v -0.321808 -0.154179 0.415287
v -0.323822 -0.156163 0.415339
v -0.320299 -0.156191 0.473267
v -0.320336 -0.154190 0.471267
v -0.322351 -0.156175 0.471320
v 0.339166 -0.173310 0.395911
v 0.339203 -0.175311 0.397911
v 0.341217 -0.173326 0.397858
v 0.340742 -0.173323 0.455891
v 0.340674 -0.175322 0.453891
v 0.342689 -0.173338 0.453839
v 0.339259 -0.161311 0.395911
v 0.339327 -0.159311 0.397911
v 0.341311 -0.161327 0.397858
v 0.340835 -0.161323 0.455891
v 0.340798 -0.159323 0.453891
v 0.342782 -0.161338 0.453839
v -0.252357 -0.180719 0.513469
v 0.274726 -0.184810 0.499616
v 0.274788 -0.176811 0.499616
v -0.252295 -0.172719 0.513469
v 0.273807 -0.184803 0.464628
v -0.253277 -0.180712 0.478481
v -0.253215 -0.172712 0.478481
v 0.273869 -0.176804 0.464628
v -0.253181 -0.171712 0.479481
v 0.273903 -0.175804 0.465628
v 0.274770 -0.175811 0.498617
v -0.252314 -0.171719 0.512470
v -0.252391 -0.181719 0.512470
v 0.274692 -0.185810 0.498617
v 0.273825 -0.185804 0.465628
v -0.253258 -0.181712 0.479481
v 0.274833 -0.184811 0.465602
v 0.275700 -0.184818 0.498590
v 0.275762 -0.176818 0.498590
v 0.274895 -0.176812 0.465602
v -0.253383 -0.180711 0.512496
v -0.254250 -0.180704 0.479507
v -0.254188 -0.172704 0.479507
v -0.253321 -0.172711 0.512496
v -0.252314 -0.171719 0.512470
v 0.274770 -0.175811 0.498617
v 0.274788 -0.176811 0.499616
v -0.252295 -0.172719 0.513469
v -0.253181 -0.171712 0.479481
v 0.273903 -0.175804 0.465628
v 0.273869 -0.176804 0.464628
v -0.253215 -0.172712 0.478481
v -0.252391 -0.181719 0.512470
v 0.274692 -0.185810 0.498617
v 0.274726 -0.184810 0.499616
v -0.252357 -0.180719 0.513469
v -0.253258 -0.181712 0.479481
v 0.273825 -0.185804 0.465628
v 0.273807 -0.184803 0.464628
v -0.253277 -0.180712 0.478481
v 0.275700 -0.184818 0.498590
v 0.275762 -0.176818 0.498590
v 0.274788 -0.176811 0.499616
v 0.274726 -0.184810 0.499616
v 0.274833 -0.184811 0.465602
v 0.274895 -0.176812 0.465602
v 0.273869 -0.176804 0.464628
v 0.273807 -0.184803 0.464628
v -0.253383 -0.180711 0.512496
v -0.253321 -0.172711 0.512496
v -0.252295 -0.172719 0.513469
v -0.252357 -0.180719 0.513469
v -0.254250 -0.180704 0.479507
v -0.254188 -0.172704 0.479507
v -0.253215 -0.172712 0.478481
v -0.253277 -0.180712 0.478481
v 0.274895 -0.176812 0.465602
v 0.275762 -0.176818 0.498590
v 0.274770 -0.175811 0.498617
v 0.273903 -0.175804 0.465628
v 0.274833 -0.184811 0.465602
v 0.275700 -0.184818 0.498590
v 0.274692 -0.185810 0.498617
v 0.273825 -0.185804 0.465628
v -0.254188 -0.172704 0.479507
v -0.253321 -0.172711 0.512496
v -0.252314 -0.171719 0.512470
v -0.253181 -0.171712 0.479481
v -0.254250 -0.180704 0.479507
v -0.253383 -0.180711 0.512496
v -0.252391 -0.181719 0.512470
v -0.253258 -0.181712 0.479481
v -0.253277 -0.180712 0.478481
v -0.253258 -0.181712 0.479481
v -0.254250 -0.180704 0.479507
v -0.252357 -0.180719 0.513469
v -0.252391 -0.181719 0.512470
v -0.253383 -0.180711 0.512496
v -0.253215 -0.172712 0.478481
v -0.253181 -0.171712 0.479481
v -0.254188 -0.172704 0.479507
v -0.252295 -0.172719 0.513469
v -0.252314 -0.171719 0.512470
v -0.253321 -0.172711 0.512496
v 0.273807 -0.184803 0.464628
v 0.273825 -0.185804 0.465628
v 0.274833 -0.184811 0.465602
v 0.274726 -0.184810 0.499616
v 0.274692 -0.185810 0.498617
v 0.275700 -0.184818 0.498590
v 0.273869 -0.176804 0.464628
v 0.273903 -0.175804 0.465628
v 0.274895 -0.176812 0.465602
v 0.274788 -0.176811 0.499616
v 0.274770 -0.175811 0.498617
v 0.275762 -0.176818 0.498590
v -0.250340 -0.187735 0.356940
v -0.219352 -0.187975 0.356126
v -0.219274 -0.177976 0.356126
v -0.250262 -0.177735 0.356940
v -0.227223 -0.187914 0.056596
v -0.258212 -0.187674 0.057410
v -0.258134 -0.177674 0.057410
v -0.227146 -0.177914 0.056596
v -0.258066 -0.175674 0.059409
v -0.227078 -0.175915 0.058595
v -0.219311 -0.175975 0.354126
v -0.250299 -0.175735 0.354941
v -0.250408 -0.189734 0.354941
v -0.219420 -0.189975 0.354126
v -0.227186 -0.189914 0.058595
v -0.258175 -0.189674 0.059409
v -0.225172 -0.187930 0.058542
v -0.217405 -0.187990 0.354074
v -0.217327 -0.177991 0.354074
v -0.225094 -0.177930 0.058542
v -0.252392 -0.187719 0.354993
v -0.260159 -0.187658 0.059462
v -0.260081 -0.177659 0.059462
v -0.252314 -0.177719 0.354993
v -0.250299 -0.175735 0.354941
v -0.219311 -0.175975 0.354126
v -0.219274 -0.177976 0.356126
v -0.250262 -0.177735 0.356940
v -0.258066 -0.175674 0.059409
v -0.227078 -0.175915 0.058595
v -0.227146 -0.177914 0.056596
v -0.258134 -0.177674 0.057410
v -0.250408 -0.189734 0.354941
v -0.219420 -0.189975 0.354126
v -0.219352 -0.187975 0.356126
v -0.250340 -0.187735 0.356940
v -0.258175 -0.189674 0.059409
v -0.227186 -0.189914 0.058595
v -0.227223 -0.187914 0.056596
v -0.258212 -0.187674 0.057410
v -0.217405 -0.187990 0.354074
v -0.217327 -0.177991 0.354074
v -0.219274 -0.177976 0.356126
v -0.219352 -0.187975 0.356126
v -0.225172 -0.187930 0.058542
v -0.225094 -0.177930 0.058542
v -0.227146 -0.177914 0.056596
v -0.227223 -0.187914 0.056596
v -0.252392 -0.187719 0.354993
v -0.252314 -0.177719 0.354993
v -0.250262 -0.177735 0.356940
v -0.250340 -0.187735 0.356940
v -0.260159 -0.187658 0.059462
v -0.260081 -0.177659 0.059462
v -0.258134 -0.177674 0.057410
v -0.258212 -0.187674 0.057410
v -0.225094 -0.177930 0.058542
v -0.217327 -0.177991 0.354074
v -0.219311 -0.175975 0.354126
v -0.227078 -0.175915 0.058595
v -0.225172 -0.187930 0.058542
v -0.217405 -0.187990 0.354074
v -0.219420 -0.189975 0.354126
v -0.227186 -0.189914 0.058595
v -0.260081 -0.177659 0.059462
v -0.252314 -0.177719 0.354993
v -0.250299 -0.175735 0.354941
v -0.258066 -0.175674 0.059409
v -0.260159 -0.187658 0.059462
v -0.252392 -0.187719 0.354993
v -0.250408 -0.189734 0.354941
v -0.258175 -0.189674 0.059409
v -0.258212 -0.187674 0.057410
v -0.258175 -0.189674 0.059409
v -0.260159 -0.187658 0.059462
v -0.250340 -0.187735 0.356940
v -0.250408 -0.189734 0.354941
v -0.252392 -0.187719 0.354993
v -0.258134 -0.177674 0.057410
v -0.258066 -0.175674 0.059409
v -0.260081 -0.177659 0.059462
v -0.250262 -0.177735 0.356940
v -0.250299 -0.175735 0.354941
v -0.252314 -0.177719 0.354993
v -0.227223 -0.187914 0.056596
v -0.227186 -0.189914 0.058595
v -0.225172 -0.187930 0.058542
v -0.219352 -0.187975 0.356126
v -0.219420 -0.189975 0.354126
v -0.217405 -0.187990 0.354074
v -0.227146 -0.177914 0.056596
v -0.227078 -0.175915 0.058595
v -0.225094 -0.177930 0.058542
v -0.219274 -0.177976 0.356126
v -0.219311 -0.175975 0.354126
v -0.217327 -0.177991 0.354074
v -0.261189 -0.178650 0.036624
v -0.225203 -0.178930 0.035678
v -0.224457 -0.082932 0.035678
v -0.260444 -0.082653 0.036624
v -0.225623 -0.178926 0.019684
v -0.261609 -0.178647 0.020629
v -0.260864 -0.082650 0.020629
v -0.224878 -0.082929 0.019684
v -0.260796 -0.080650 0.022629
v -0.224810 -0.080930 0.021683
v -0.224494 -0.080932 0.033679
v -0.260481 -0.080653 0.034625
v -0.261257 -0.180650 0.034625
v -0.225271 -0.180929 0.033679
v -0.225586 -0.180927 0.021683
v -0.261572 -0.180647 0.022629
v -0.223571 -0.178942 0.021630
v -0.223256 -0.178945 0.033626
v -0.222511 -0.082948 0.033626
v -0.222826 -0.082945 0.021630
v -0.263241 -0.178634 0.034677
v -0.263556 -0.178632 0.022681
v -0.262811 -0.082635 0.022681
v -0.262496 -0.082637 0.034677
v -0.260481 -0.080653 0.034625
v -0.224494 -0.080932 0.033679
v -0.224457 -0.082932 0.035678
v -0.260444 -0.082653 0.036624
v -0.260796 -0.080650 0.022629
v -0.224810 -0.080930 0.021683
v -0.224878 -0.082929 0.019684
v -0.260864 -0.082650 0.020629
v -0.261257 -0.180650 0.034625
v -0.225271 -0.180929 0.033679
v -0.225203 -0.178930 0.035678
v -0.261189 -0.178650 0.036624
v -0.261572 -0.180647 0.022629
v -0.225586 -0.180927 0.021683
v -0.225623 -0.178926 0.019684
v -0.261609 -0.178647 0.020629
v -0.223256 -0.178945 0.033626
v -0.222511 -0.082948 0.033626
v -0.224457 -0.082932 0.035678
v -0.225203 -0.178930 0.035678
v -0.223571 -0.178942 0.021630
v -0.222826 -0.082945 0.021630
v -0.224878 -0.082929 0.019684
v -0.225623 -0.178926 0.019684
v -0.263241 -0.178634 0.034677
v -0.262496 -0.082637 0.034677
v -0.260444 -0.082653 0.036624
v -0.261189 -0.178650 0.036624
v -0.263556 -0.178632 0.022681
v -0.262811 -0.082635 0.022681
v -0.260864 -0.082650 0.020629
v -0.261609 -0.178647 0.020629
v -0.222826 -0.082945 0.021630
v -0.222511 -0.082948 0.033626
v -0.224494 -0.080932 0.033679
v -0.224810 -0.080930 0.021683
v -0.223571 -0.178942 0.021630
v -0.223256 -0.178945 0.033626
v -0.225271 -0.180929 0.033679
v -0.225586 -0.180927 0.021683
v -0.262811 -0.082635 0.022681
v -0.262496 -0.082637 0.034677
v -0.260481 -0.080653 0.034625
v -0.260796 -0.080650 0.022629
v -0.263556 -0.178632 0.022681
v -0.263241 -0.178634 0.034677
v -0.261257 -0.180650 0.034625
v -0.261572 -0.180647 0.022629
v -0.261609 -0.178647 0.020629
v -0.261572 -0.180647 0.022629
v -0.263556 -0.178632 0.022681
v -0.261189 -0.178650 0.036624
v -0.261257 -0.180650 0.034625
v -0.263241 -0.178634 0.034677
v -0.260864 -0.082650 0.020629
v -0.260796 -0.080650 0.022629
v -0.262811 -0.082635 0.022681
v -0.260444 -0.082653 0.036624
v -0.260481 -0.080653 0.034625
v -0.262496 -0.082637 0.034677
v -0.225623 -0.178926 0.019684
v -0.225586 -0.180927 0.021683
v -0.223571 -0.178942 0.021630
v -0.225203 -0.178930 0.035678
v -0.225271 -0.180929 0.033679
v -0.223256 -0.178945 0.033626
v -0.224878 -0.082929 0.019684
v -0.224810 -0.080930 0.021683
v -0.222826 -0.082945 0.021630
v -0.224457 -0.082932 0.035678
v -0.224494 -0.080932 0.033679
v -0.222511 -0.082948 0.033626
v -0.250885 -0.170730 0.056362
v -0.246857 -0.177586 0.054054
v -0.238581 -0.177651 0.053837
v -0.234331 -0.170858 0.055927
v -0.238359 -0.164002 0.058234
v -0.246636 -0.163938 0.058452
v -0.251605 -0.170724 0.056381
v -0.247227 -0.178177 0.053873
v -0.238230 -0.178247 0.053636
v -0.233612 -0.170864 0.055908
v -0.237990 -0.163411 0.058416
v -0.246986 -0.163341 0.058652
v -0.243491 -0.280791 0.397614
v -0.239113 -0.288243 0.395106
v -0.230116 -0.288313 0.394870
v -0.225498 -0.280930 0.397141
v -0.229876 -0.273478 0.399649
v -0.238872 -0.273408 0.399886
v -0.242771 -0.280796 0.397595
v -0.238744 -0.287653 0.395288
v -0.230467 -0.287717 0.395070
v -0.226217 -0.280925 0.397160
v -0.230245 -0.274068 0.399468
v -0.238522 -0.274004 0.399685
v -0.242608 -0.170794 0.056144
v -0.234494 -0.280860 0.397378
v -0.248496 -0.150748 0.036296
v -0.244724 -0.156027 0.036196
v -0.238540 -0.154070 0.036034
v -0.238489 -0.147581 0.036034
v -0.244643 -0.145528 0.036196
v -0.248976 -0.150744 0.036309
v -0.244876 -0.156482 0.036200
v -0.238154 -0.154355 0.036024
v -0.238099 -0.147302 0.036024
v -0.244788 -0.145070 0.036200
v -0.248582 -0.150747 0.051303
v -0.244482 -0.156486 0.051195
v -0.237759 -0.154358 0.051018
v -0.237705 -0.147305 0.051018
v -0.244393 -0.145073 0.051195
v -0.248102 -0.150751 0.051291
v -0.244330 -0.156030 0.051191
v -0.238145 -0.154073 0.051029
v -0.238095 -0.147584 0.051029
v -0.244249 -0.145531 0.051191
v -0.242978 -0.150791 0.036151
v -0.242584 -0.150794 0.051146
v 0.233393 -0.191490 0.344226
v 0.264381 -0.191730 0.343412
v 0.264459 -0.181731 0.343412
v 0.233471 -0.181490 0.344226
v 0.256510 -0.191669 0.043882
v 0.225521 -0.191429 0.044697
v 0.225599 -0.181429 0.044697
v 0.256587 -0.181670 0.043882
v 0.225667 -0.179429 0.046696
v 0.256655 -0.179670 0.045881
v 0.264422 -0.179730 0.341413
v 0.233434 -0.179490 0.342227
v 0.233325 -0.193489 0.342227
v 0.264313 -0.193730 0.341413
v 0.256547 -0.193670 0.045881
v 0.225558 -0.193429 0.046696
v 0.258561 -0.191685 0.045829
v 0.266328 -0.191745 0.341360
v 0.266406 -0.181746 0.341360
v 0.258639 -0.181685 0.045829
v 0.231341 -0.191474 0.342280
v 0.223574 -0.191414 0.046748
v 0.223652 -0.181414 0.046748
v 0.231419 -0.181474 0.342280
v 0.233434 -0.179490 0.342227
v 0.264422 -0.179730 0.341413
v 0.264459 -0.181731 0.343412
v 0.233471 -0.181490 0.344226
v 0.225667 -0.179429 0.046696
v 0.256655 -0.179670 0.045881
v 0.256587 -0.181670 0.043882
v 0.225599 -0.181429 0.044697
v 0.233325 -0.193489 0.342227
v 0.264313 -0.193730 0.341413
v 0.264381 -0.191730 0.343412
v 0.233393 -0.191490 0.344226
v 0.225558 -0.193429 0.046696
v 0.256547 -0.193670 0.045881
v 0.256510 -0.191669 0.043882
v 0.225521 -0.191429 0.044697
v 0.266328 -0.191745 0.341360
v 0.266406 -0.181746 0.341360
v 0.264459 -0.181731 0.343412
v 0.264381 -0.191730 0.343412
v 0.258561 -0.191685 0.045829
v 0.258639 -0.181685 0.045829
v 0.256587 -0.181670 0.043882
v 0.256510 -0.191669 0.043882
v 0.231341 -0.191474 0.342280
v 0.231419 -0.181474 0.342280
v 0.233471 -0.181490 0.344226
v 0.233393 -0.191490 0.344226
v 0.223574 -0.191414 0.046748
v 0.223652 -0.181414 0.046748
v 0.225599 -0.181429 0.044697
v 0.225521 -0.191429 0.044697
v 0.258639 -0.181685 0.045829
v 0.266406 -0.181746 0.341360
v 0.264422 -0.179730 0.341413
v 0.256655 -0.179670 0.045881
v 0.258561 -0.191685 0.045829
v 0.266328 -0.191745 0.341360
v 0.264313 -0.193730 0.341413
v 0.256547 -0.193670 0.045881
v 0.223652 -0.181414 0.046748
v 0.231419 -0.181474 0.342280
v 0.233434 -0.179490 0.342227
v 0.225667 -0.179429 0.046696
v 0.223574 -0.191414 0.046748
v 0.231341 -0.191474 0.342280
v 0.233325 -0.193489 0.342227
v 0.225558 -0.193429 0.046696
v 0.225521 -0.191429 0.044697
v 0.225558 -0.193429 0.046696
v 0.223574 -0.191414 0.046748
v 0.233393 -0.191490 0.344226
v 0.233325 -0.193489 0.342227
v 0.231341 -0.191474 0.342280
v 0.225599 -0.181429 0.044697
v 0.225667 -0.179429 0.046696
v 0.223652 -0.181414 0.046748
v 0.233471 -0.181490 0.344226
v 0.233434 -0.179490 0.342227
v 0.231419 -0.181474 0.342280
v 0.256510 -0.191669 0.043882
v 0.256547 -0.193670 0.045881
v 0.258561 -0.191685 0.045829
v 0.264381 -0.191730 0.343412
v 0.264313 -0.193730 0.341413
v 0.266328 -0.191745 0.341360
v 0.256587 -0.181670 0.043882
v 0.256655 -0.179670 0.045881
v 0.258639 -0.181685 0.045829
v 0.264459 -0.181731 0.343412
v 0.264422 -0.179730 0.341413
v 0.266406 -0.181746 0.341360
v 0.222544 -0.182405 0.023910
v 0.258530 -0.182685 0.022965
v 0.259276 -0.086688 0.022965
v 0.223289 -0.086408 0.023910
v 0.258110 -0.182681 0.006970
v 0.222124 -0.182402 0.007916
v 0.222869 -0.086405 0.007916
v 0.258855 -0.086684 0.006970
v 0.222937 -0.084405 0.009915
v 0.258923 -0.084685 0.008969
v 0.259239 -0.084687 0.020965
v 0.223252 -0.084408 0.021911
v 0.222476 -0.184405 0.021911
v 0.258462 -0.184684 0.020965
v 0.258147 -0.184682 0.008969
v 0.222161 -0.184402 0.009915
v 0.260162 -0.182697 0.008917
v 0.260477 -0.182700 0.020913
v 0.261222 -0.086703 0.020913
v 0.260907 -0.086700 0.008917
v 0.220492 -0.182389 0.021964
v 0.220177 -0.182387 0.009968
v 0.220922 -0.086390 0.009968
v 0.221237 -0.086392 0.021964
v 0.223252 -0.084408 0.021911
v 0.259239 -0.084687 0.020965
v 0.259276 -0.086688 0.022965
v 0.223289 -0.086408 0.023910
v 0.222937 -0.084405 0.009915
v 0.258923 -0.084685 0.008969
v 0.258855 -0.086684 0.006970
v 0.222869 -0.086405 0.007916
v 0.222476 -0.184405 0.021911
v 0.258462 -0.184684 0.020965
v 0.258530 -0.182685 0.022965
v 0.222544 -0.182405 0.023910
v 0.222161 -0.184402 0.009915
v 0.258147 -0.184682 0.008969
v 0.258110 -0.182681 0.006970
v 0.222124 -0.182402 0.007916
v 0.260477 -0.182700 0.020913
v 0.261222 -0.086703 0.020913
v 0.259276 -0.086688 0.022965
v 0.258530 -0.182685 0.022965
v 0.260162 -0.182697 0.008917
v 0.260907 -0.086700 0.008917
v 0.258855 -0.086684 0.006970
v 0.258110 -0.182681 0.006970
v 0.220492 -0.182389 0.021964
v 0.221237 -0.086392 0.021964
v 0.223289 -0.086408 0.023910
v 0.222544 -0.182405 0.023910
v 0.220177 -0.182387 0.009968
v 0.220922 -0.086390 0.009968
v 0.222869 -0.086405 0.007916
v 0.222124 -0.182402 0.007916
v 0.260907 -0.086700 0.008917
v 0.261222 -0.086703 0.020913
v 0.259239 -0.084687 0.020965
v 0.258923 -0.084685 0.008969
v 0.260162 -0.182697 0.008917
v 0.260477 -0.182700 0.020913
v 0.258462 -0.184684 0.020965
v 0.258147 -0.184682 0.008969
v 0.220922 -0.086390 0.009968
v 0.221237 -0.086392 0.021964
v 0.223252 -0.084408 0.021911
v 0.222937 -0.084405 0.009915
v 0.220177 -0.182387 0.009968
v 0.220492 -0.182389 0.021964
v 0.222476 -0.184405 0.021911
v 0.222161 -0.184402 0.009915
v 0.222124 -0.182402 0.007916
v 0.222161 -0.184402 0.009915
v 0.220177 -0.182387 0.009968
v 0.222544 -0.182405 0.023910
v 0.222476 -0.184405 0.021911
v 0.220492 -0.182389 0.021964
v 0.222869 -0.086405 0.007916
v 0.222937 -0.084405 0.009915
v 0.220922 -0.086390 0.009968
v 0.223289 -0.086408 0.023910
v 0.223252 -0.084408 0.021911
v 0.221237 -0.086392 0.021964
v 0.258110 -0.182681 0.006970
v 0.258147 -0.184682 0.008969
v 0.260162 -0.182697 0.008917
v 0.258530 -0.182685 0.022965
v 0.258462 -0.184684 0.020965
v 0.260477 -0.182700 0.020913
v 0.258855 -0.086684 0.006970
v 0.258923 -0.084685 0.008969
v 0.260907 -0.086700 0.008917
v 0.259276 -0.086688 0.022965
v 0.259239 -0.084687 0.020965
v 0.261222 -0.086703 0.020913
v 0.232848 -0.174485 0.043648
v 0.236876 -0.181342 0.041341
v 0.245152 -0.181406 0.041123
v 0.249402 -0.174614 0.043213
v 0.245374 -0.167757 0.045520
v 0.237097 -0.167693 0.045738
v 0.232128 -0.174479 0.043667
v 0.236506 -0.181932 0.041159
v 0.245503 -0.182002 0.040923
v 0.250121 -0.174619 0.043194
v 0.245743 -0.167166 0.045702
v 0.236747 -0.167097 0.045939
v 0.240242 -0.284546 0.384901
v 0.244620 -0.291999 0.382393
v 0.253617 -0.292068 0.382156
v 0.258235 -0.284685 0.384428
v 0.253857 -0.277233 0.386936
v 0.244861 -0.277163 0.387172
v 0.240962 -0.284551 0.384882
v 0.244990 -0.291408 0.382574
v 0.253266 -0.291472 0.382357
v 0.257516 -0.284680 0.384447
v 0.253488 -0.277823 0.386754
v 0.245211 -0.277759 0.386972
v 0.241125 -0.174549 0.043431
v 0.249239 -0.284616 0.384664
v 0.235237 -0.154503 0.023582
v 0.239009 -0.159782 0.023482
v 0.245194 -0.157825 0.023320
v 0.245244 -0.151336 0.023320
v 0.239090 -0.149283 0.023482
v 0.234757 -0.154499 0.023595
v 0.238857 -0.160238 0.023486
v 0.245580 -0.158110 0.023310
v 0.245634 -0.151057 0.023310
v 0.238945 -0.148825 0.023486
v 0.235151 -0.154502 0.038590
v 0.239251 -0.160241 0.038481
v 0.245974 -0.158113 0.038305
v 0.246028 -0.151060 0.038305
v 0.239340 -0.148828 0.038481
v 0.235631 -0.154506 0.038577
v 0.239403 -0.159785 0.038477
v 0.245588 -0.157828 0.038315
v 0.245638 -0.151339 0.038315
v 0.239484 -0.149286 0.038477
v 0.240755 -0.154546 0.023437
v 0.241149 -0.154549 0.038432
v 0.355061 0.086778 0.186737
v 0.371055 0.086654 0.186317
v 0.371645 0.162651 0.186317
v 0.355651 0.162776 0.186737
v 0.368428 0.086674 0.086351
v 0.352434 0.086798 0.086771
v 0.353024 0.162796 0.086771
v 0.369018 0.162672 0.086351
v 0.353092 0.164796 0.088771
v 0.369086 0.164671 0.088350
v 0.371608 0.164652 0.184317
v 0.355614 0.164776 0.184738
v 0.354993 0.084778 0.184738
v 0.370987 0.084654 0.184317
v 0.368465 0.084674 0.088350
v 0.352471 0.084798 0.088771
v 0.370480 0.086658 0.088298
v 0.373002 0.086639 0.184265
v 0.373592 0.162636 0.184265
v 0.371070 0.162656 0.088298
v 0.353010 0.086794 0.184790
v 0.350488 0.086813 0.088823
v 0.351078 0.162811 0.088823
v 0.353600 0.162792 0.184790
v 0.355614 0.164776 0.184738
v 0.371608 0.164652 0.184317
v 0.371645 0.162651 0.186317
v 0.355651 0.162776 0.186737
v 0.353092 0.164796 0.088771
v 0.369086 0.164671 0.088350
v 0.369018 0.162672 0.086351
v 0.353024 0.162796 0.086771
v 0.354993 0.084778 0.184738
v 0.370987 0.084654 0.184317
v 0.371055 0.086654 0.186317
v 0.355061 0.086778 0.186737
v 0.352471 0.084798 0.088771
v 0.368465 0.084674 0.088350
v 0.368428 0.086674 0.086351
v 0.352434 0.086798 0.086771
v 0.373002 0.086639 0.184265
v 0.373592 0.162636 0.184265
v 0.371645 0.162651 0.186317
v 0.371055 0.086654 0.186317
v 0.370480 0.086658 0.088298
v 0.371070 0.162656 0.088298
v 0.369018 0.162672 0.086351
v 0.368428 0.086674 0.086351
v 0.353010 0.086794 0.184790
v 0.353600 0.162792 0.184790
v 0.355651 0.162776 0.186737
v 0.355061 0.086778 0.186737
v 0.350488 0.086813 0.088823
v 0.351078 0.162811 0.088823
v 0.353024 0.162796 0.086771
v 0.352434 0.086798 0.086771
v 0.371070 0.162656 0.088298
v 0.373592 0.162636 0.184265
v 0.371608 0.164652 0.184317
v 0.369086 0.164671 0.088350
v 0.370480 0.086658 0.088298
v 0.373002 0.086639 0.184265
v 0.370987 0.084654 0.184317
v 0.368465 0.084674 0.088350
v 0.351078 0.162811 0.088823
v 0.353600 0.162792 0.184790
v 0.355614 0.164776 0.184738
v 0.353092 0.164796 0.088771
v 0.350488 0.086813 0.088823
v 0.353010 0.086794 0.184790
v 0.354993 0.084778 0.184738
v 0.352471 0.084798 0.088771
v 0.352434 0.086798 0.086771
v 0.352471 0.084798 0.088771
v 0.350488 0.086813 0.088823
v 0.355061 0.086778 0.186737
v 0.354993 0.084778 0.184738
v 0.353010 0.086794 0.184790
v 0.353024 0.162796 0.086771
v 0.353092 0.164796 0.088771
v 0.351078 0.162811 0.088823
v 0.355651 0.162776 0.186737
v 0.355614 0.164776 0.184738
v 0.353600 0.162792 0.184790
v 0.368428 0.086674 0.086351
v 0.368465 0.084674 0.088350
v 0.370480 0.086658 0.088298
v 0.371055 0.086654 0.186317
v 0.370987 0.084654 0.184317
v 0.373002 0.086639 0.184265
v 0.369018 0.162672 0.086351
v 0.369086 0.164671 0.088350
v 0.371070 0.162656 0.088298
v 0.371645 0.162651 0.186317
v 0.371608 0.164652 0.184317
v 0.373592 0.162636 0.184265
vt -0.447670 -0.271111
vt 0.447670 -0.271111
vt 0.447670 0.271111
vt -0.447670 0.271111
vt 0.447670 -0.271111
vt -0.447670 -0.271111
vt -0.447670 0.271111
vt 0.447670 0.271111
vt -0.447670 -0.320873
vt 0.447670 -0.320873
vt 0.447670 0.320873
vt -0.447670 0.320873
vt -0.447670 0.320873
vt 0.447670 0.320873
vt 0.447670 -0.320873
vt -0.447670 -0.320873
vt -0.320873 -0.271111
vt 0.320873 -0.271111
vt 0.320873 0.271111
vt -0.320873 0.271111
vt 0.320873 -0.271111
vt -0.320873 -0.271111
vt -0.320873 0.271111
vt 0.320873 0.271111
vt -0.447670 0.277111
vt 0.447670 0.277111
vt 0.447670 0.271111
vt -0.447670 0.271111
vt -0.447670 0.277111
vt 0.447670 0.277111
vt 0.447670 0.271111
vt -0.447670 0.271111
vt -0.447670 -0.277111
vt 0.447670 -0.277111
vt 0.447670 -0.271111
vt -0.447670 -0.271111
vt -0.447670 -0.277111
vt 0.447670 -0.277111
vt 0.447670 -0.271111
vt -0.447670 -0.271111
vt 0.453670 -0.271111
vt 0.453670 0.271111
vt 0.447670 0.271111
vt 0.447670 -0.271111
vt 0.453670 -0.271111
vt 0.453670 0.271111
vt 0.447670 0.271111
vt 0.447670 -0.271111
vt -0.453670 -0.271111
vt -0.453670 0.271111
vt -0.447670 0.271111
vt -0.447670 -0.271111
vt -0.453670 -0.271111
vt -0.453670 0.271111
vt -0.447670 0.271111
vt -0.447670 -0.271111
vt 0.453670 0.271111
vt 0.453670 0.271111
vt 0.447670 0.277111
vt 0.447670 0.277111
vt 0.453670 -0.271111
vt 0.453670 -0.271111
vt 0.447670 -0.277111
vt 0.447670 -0.277111
vt -0.453670 0.271111
vt -0.453670 0.271111
vt -0.447670 0.277111
vt -0.447670 0.277111
vt -0.453670 -0.271111
vt -0.453670 -0.271111
vt -0.447670 -0.277111
vt -0.447670 -0.277111
vt -0.447670 -0.271111
vt -0.447670 -0.277111
vt -0.453670 -0.271111
vt -0.447670 -0.271111
vt -0.447670 -0.277111
vt -0.453670 -0.271111
vt -0.447670 0.271111
vt -0.447670 0.277111
vt -0.453670 0.271111
vt -0.447670 0.271111
vt -0.447670 0.277111
vt -0.453670 0.271111
vt 0.447670 -0.271111
vt 0.447670 -0.277111
vt 0.453670 -0.271111
vt 0.447670 -0.271111
vt 0.447670 -0.277111
vt 0.453670 -0.271111
vt 0.447670 0.271111
vt 0.447670 0.277111
vt 0.453670 0.271111
vt 0.447670 0.271111
vt 0.447670 0.277111
vt 0.453670 0.271111
vt -0.345814 -0.007000
vt 0.345814 -0.007000
vt 0.345814 0.007000
vt -0.345814 0.007000
vt 0.345814 -0.007000
vt -0.345814 -0.007000
vt -0.345814 0.007000
vt 0.345814 0.007000
vt -0.345814 -0.008000
vt 0.345814 -0.008000
vt 0.345814 0.008000
vt -0.345814 0.008000
vt -0.345814 0.008000
vt 0.345814 0.008000
vt 0.345814 -0.008000
vt -0.345814 -0.008000
vt -0.008000 -0.007000
vt 0.008000 -0.007000
vt 0.008000 0.007000
vt -0.008000 0.007000
vt 0.008000 -0.007000
vt -0.008000 -0.007000
vt -0.008000 0.007000
vt 0.008000 0.007000
vt -0.345814 0.009000
vt 0.345814 0.009000
vt 0.345814 0.007000
vt -0.345814 0.007000
vt -0.345814 0.009000
vt 0.345814 0.009000
vt 0.345814 0.007000
vt -0.345814 0.007000
vt -0.345814 -0.009000
vt 0.345814 -0.009000
vt 0.345814 -0.007000
vt -0.345814 -0.007000
vt -0.345814 -0.009000
vt 0.345814 -0.009000
vt 0.345814 -0.007000
vt -0.345814 -0.007000
vt 0.347814 -0.007000
vt 0.347814 0.007000
vt 0.345814 0.007000
vt 0.345814 -0.007000
vt 0.347814 -0.007000
vt 0.347814 0.007000
vt 0.345814 0.007000
vt 0.345814 -0.007000
vt -0.347814 -0.007000
vt -0.347814 0.007000
vt -0.345814 0.007000
vt -0.345814 -0.007000
vt -0.347814 -0.007000
vt -0.347814 0.007000
vt -0.345814 0.007000
vt -0.345814 -0.007000
vt 0.347814 0.007000
vt 0.347814 0.007000
vt 0.345814 0.009000
vt 0.345814 0.009000
vt 0.347814 -0.007000
vt 0.347814 -0.007000
vt 0.345814 -0.009000
vt 0.345814 -0.009000
vt -0.347814 0.007000
vt -0.347814 0.007000
vt -0.345814 0.009000
vt -0.345814 0.009000
vt -0.347814 -0.007000
vt -0.347814 -0.007000
vt -0.345814 -0.009000
vt -0.345814 -0.009000
vt -0.345814 -0.007000
vt -0.345814 -0.009000
vt -0.347814 -0.007000
vt -0.345814 -0.007000
vt -0.345814 -0.009000
vt -0.347814 -0.007000
vt -0.345814 0.007000
vt -0.345814 0.009000
vt -0.347814 0.007000
vt -0.345814 0.007000
vt -0.345814 0.009000
vt -0.347814 0.007000
vt 0.345814 -0.007000
vt 0.345814 -0.009000
vt 0.347814 -0.007000
vt 0.345814 -0.007000
vt 0.345814 -0.009000
vt 0.347814 -0.007000
vt 0.345814 0.007000
vt 0.345814 0.009000
vt 0.347814 0.007000
vt 0.345814 0.007000
vt 0.345814 0.009000
vt 0.347814 0.007000
vt -0.345814 -0.007000
vt 0.345814 -0.007000
vt 0.345814 0.007000
vt -0.345814 0.007000
vt 0.345814 -0.007000
vt -0.345814 -0.007000
vt -0.345814 0.007000
vt 0.345814 0.007000
vt -0.345814 -0.008000
vt 0.345814 -0.008000
vt 0.345814 0.008000
vt -0.345814 0.008000
vt -0.345814 0.008000
vt 0.345814 0.008000
vt 0.345814 -0.008000
vt -0.345814 -0.008000
vt -0.008000 -0.007000
vt 0.008000 -0.007000
vt 0.008000 0.007000
vt -0.008000 0.007000
vt 0.008000 -0.007000
vt -0.008000 -0.007000
vt -0.008000 0.007000
vt 0.008000 0.007000
vt -0.345814 0.009000
vt 0.345814 0.009000
vt 0.345814 0.007000
vt -0.345814 0.007000
vt -0.345814 0.009000
vt 0.345814 0.009000
vt 0.345814 0.007000
vt -0.345814 0.007000
vt -0.345814 -0.009000
vt 0.345814 -0.009000
vt 0.345814 -0.007000
vt -0.345814 -0.007000
vt -0.345814 -0.009000
vt 0.345814 -0.009000
vt 0.345814 -0.007000
vt -0.345814 -0.007000
vt 0.347814 -0.007000
vt 0.347814 0.007000
vt 0.345814 0.007000
vt 0.345814 -0.007000
vt 0.347814 -0.007000
vt 0.347814 0.007000
vt 0.345814 0.007000
vt 0.345814 -0.007000
vt -0.347814 -0.007000
vt -0.347814 0.007000
vt -0.345814 0.007000
vt -0.345814 -0.007000
vt -0.347814 -0.007000
vt -0.347814 0.007000
vt -0.345814 0.007000
vt -0.345814 -0.007000
vt 0.347814 0.007000
vt 0.347814 0.007000
vt 0.345814 0.009000
vt 0.345814 0.009000
vt 0.347814 -0.007000
vt 0.347814 -0.007000
vt 0.345814 -0.009000
vt 0.345814 -0.009000
vt -0.347814 0.007000
vt -0.347814 0.007000
vt -0.345814 0.009000
vt -0.345814 0.009000
vt -0.347814 -0.007000
vt -0.347814 -0.007000
vt -0.345814 -0.009000
vt -0.345814 -0.009000
vt -0.345814 -0.007000
vt -0.345814 -0.009000
vt -0.347814 -0.007000
vt -0.345814 -0.007000
vt -0.345814 -0.009000
vt -0.347814 -0.007000
vt -0.345814 0.007000
vt -0.345814 0.009000
vt -0.347814 0.007000
vt -0.345814 0.007000
vt -0.345814 0.009000
vt -0.347814 0.007000
vt 0.345814 -0.007000
vt 0.345814 -0.009000
vt 0.347814 -0.007000
vt 0.345814 -0.007000
vt 0.345814 -0.009000
vt 0.347814 -0.007000
vt 0.345814 0.007000
vt 0.345814 0.009000
vt 0.347814 0.007000
vt 0.345814 0.007000
vt 0.345814 0.009000
vt 0.347814 0.007000
vt -0.007000 -0.180030
vt 0.007000 -0.180030
vt 0.007000 0.180030
vt -0.007000 0.180030
vt 0.007000 -0.180030
vt -0.007000 -0.180030
vt -0.007000 0.180030
vt 0.007000 0.180030
vt -0.007000 -0.008000
vt 0.007000 -0.008000
vt 0.007000 0.008000
vt -0.007000 0.008000
vt -0.007000 0.008000
vt 0.007000 0.008000
vt 0.007000 -0.008000
vt -0.007000 -0.008000
vt -0.008000 -0.180030
vt 0.008000 -0.180030
vt 0.008000 0.180030
vt -0.008000 0.180030
vt 0.008000 -0.180030
vt -0.008000 -0.180030
vt -0.008000 0.180030
vt 0.008000 0.180030
vt -0.007000 0.182030
vt 0.007000 0.182030
vt 0.007000 0.180030
vt -0.007000 0.180030
vt -0.007000 0.182030
vt 0.007000 0.182030
vt 0.007000 0.180030
vt -0.007000 0.180030
vt -0.007000 -0.182030
vt 0.007000 -0.182030
vt 0.007000 -0.180030
vt -0.007000 -0.180030
vt -0.007000 -0.182030
vt 0.007000 -0.182030
vt 0.007000 -0.180030
vt -0.007000 -0.180030
vt 0.009000 -0.180030
vt 0.009000 0.180030
vt 0.007000 0.180030
vt 0.007000 -0.180030
vt 0.009000 -0.180030
vt 0.009000 0.180030
vt 0.007000 0.180030
vt 0.007000 -0.180030
vt -0.009000 -0.180030
vt -0.009000 0.180030
vt -0.007000 0.180030
vt -0.007000 -0.180030
vt -0.009000 -0.180030
vt -0.009000 0.180030
vt -0.007000 0.180030
vt -0.007000 -0.180030
vt 0.009000 0.180030
vt 0.009000 0.180030
vt 0.007000 0.182030
vt 0.007000 0.182030
vt 0.009000 -0.180030
vt 0.009000 -0.180030
vt 0.007000 -0.182030
vt 0.007000 -0.182030
vt -0.009000 0.180030
vt -0.009000 0.180030
vt -0.007000 0.182030
vt -0.007000 0.182030
vt -0.009000 -0.180030
vt -0.009000 -0.180030
vt -0.007000 -0.182030
vt -0.007000 -0.182030
vt -0.007000 -0.180030
vt -0.007000 -0.182030
vt -0.009000 -0.180030
vt -0.007000 -0.180030
vt -0.007000 -0.182030
vt -0.009000 -0.180030
vt -0.007000 0.180030
vt -0.007000 0.182030
vt -0.009000 0.180030
vt -0.007000 0.180030
vt -0.007000 0.182030
vt -0.009000 0.180030
vt 0.007000 -0.180030
vt 0.007000 -0.182030
vt 0.009000 -0.180030
vt 0.007000 -0.180030
vt 0.007000 -0.182030
vt 0.009000 -0.180030
vt 0.007000 0.180030
vt 0.007000 0.182030
vt 0.009000 0.180030
vt 0.007000 0.180030
vt 0.007000 0.182030
vt 0.009000 0.180030
vt -0.007000 -0.180030
vt 0.007000 -0.180030
vt 0.007000 0.180030
vt -0.007000 0.180030
vt 0.007000 -0.180030
vt -0.007000 -0.180030
vt -0.007000 0.180030
vt 0.007000 0.180030
vt -0.007000 -0.008000
vt 0.007000 -0.008000
vt 0.007000 0.008000
vt -0.007000 0.008000
vt -0.007000 0.008000
vt 0.007000 0.008000
vt 0.007000 -0.008000
vt -0.007000 -0.008000
vt -0.008000 -0.180030
vt 0.008000 -0.180030
vt 0.008000 0.180030
vt -0.008000 0.180030
vt 0.008000 -0.180030
vt -0.008000 -0.180030
vt -0.008000 0.180030
vt 0.008000 0.180030
vt -0.007000 0.182030
vt 0.007000 0.182030
vt 0.007000 0.180030
vt -0.007000 0.180030
vt -0.007000 0.182030
vt 0.007000 0.182030
vt 0.007000 0.180030
vt -0.007000 0.180030
vt -0.007000 -0.182030
vt 0.007000 -0.182030
vt 0.007000 -0.180030
vt -0.007000 -0.180030
vt -0.007000 -0.182030
vt 0.007000 -0.182030
vt 0.007000 -0.180030
vt -0.007000 -0.180030
vt 0.009000 -0.180030
vt 0.009000 0.180030
vt 0.007000 0.180030
vt 0.007000 -0.180030
vt 0.009000 -0.180030
vt 0.009000 0.180030
vt 0.007000 0.180030
vt 0.007000 -0.180030
vt -0.009000 -0.180030
vt -0.009000 0.180030
vt -0.007000 0.180030
vt -0.007000 -0.180030
vt -0.009000 -0.180030
vt -0.009000 0.180030
vt -0.007000 0.180030
vt -0.007000 -0.180030
vt 0.009000 0.180030
vt 0.009000 0.180030
vt 0.007000 0.182030
vt 0.007000 0.182030
vt 0.009000 -0.180030
vt 0.009000 -0.180030
vt 0.007000 -0.182030
vt 0.007000 -0.182030
vt -0.009000 0.180030
vt -0.009000 0.180030
vt -0.007000 0.182030
vt -0.007000 0.182030
vt -0.009000 -0.180030
vt -0.009000 -0.180030
vt -0.007000 -0.182030
vt -0.007000 -0.182030
vt -0.007000 -0.180030
vt -0.007000 -0.182030
vt -0.009000 -0.180030
vt -0.007000 -0.180030
vt -0.007000 -0.182030
vt -0.009000 -0.180030
vt -0.007000 0.180030
vt -0.007000 0.182030
vt -0.009000 0.180030
vt -0.007000 0.180030
vt -0.007000 0.182030
vt -0.009000 0.180030
vt 0.007000 -0.180030
vt 0.007000 -0.182030
vt 0.009000 -0.180030
vt 0.007000 -0.180030
vt 0.007000 -0.182030
vt 0.009000 -0.180030
vt 0.007000 0.180030
vt 0.007000 0.182030
vt 0.009000 0.180030
vt 0.007000 0.180030
vt 0.007000 0.182030
vt 0.009000 0.180030
vt -0.286988 -0.151889
vt 0.286988 -0.151889
vt 0.286988 0.151889
vt -0.286988 0.151889
vt 0.286988 -0.151889
vt -0.286988 -0.151889
vt -0.286988 0.151889
vt 0.286988 0.151889
vt -0.286988 -0.018000
vt 0.286988 -0.018000
vt 0.286988 0.018000
vt -0.286988 0.018000
vt -0.286988 0.018000
vt 0.286988 0.018000
vt 0.286988 -0.018000
vt -0.286988 -0.018000
vt -0.018000 -0.151889
vt 0.018000 -0.151889
vt 0.018000 0.151889
vt -0.018000 0.151889
vt 0.018000 -0.151889
vt -0.018000 -0.151889
vt -0.018000 0.151889
vt 0.018000 0.151889
vt -0.286988 0.153889
vt 0.286988 0.153889
vt 0.286988 0.151889
vt -0.286988 0.151889
vt -0.286988 0.153889
vt 0.286988 0.153889
vt 0.286988 0.151889
vt -0.286988 0.151889
vt -0.286988 -0.153889
vt 0.286988 -0.153889
vt 0.286988 -0.151889
vt -0.286988 -0.151889
vt -0.286988 -0.153889
vt 0.286988 -0.153889
vt 0.286988 -0.151889
vt -0.286988 -0.151889
vt 0.288988 -0.151889
vt 0.288988 0.151889
vt 0.286988 0.151889
vt 0.286988 -0.151889
vt 0.288988 -0.151889
vt 0.288988 0.151889
vt 0.286988 0.151889
vt 0.286988 -0.151889
vt -0.288988 -0.151889
vt -0.288988 0.151889
vt -0.286988 0.151889
vt -0.286988 -0.151889
vt -0.288988 -0.151889
vt -0.288988 0.151889
vt -0.286988 0.151889
vt -0.286988 -0.151889
vt 0.288988 0.151889
vt 0.288988 0.151889
vt 0.286988 0.153889
vt 0.286988 0.153889
vt 0.288988 -0.151889
vt 0.288988 -0.151889
vt 0.286988 -0.153889
vt 0.286988 -0.153889
vt -0.288988 0.151889
vt -0.288988 0.151889
vt -0.286988 0.153889
vt -0.286988 0.153889
vt -0.288988 -0.151889
vt -0.288988 -0.151889
vt -0.286988 -0.153889
vt -0.286988 -0.153889
vt -0.286988 -0.151889
vt -0.286988 -0.153889
vt -0.288988 -0.151889
vt -0.286988 -0.151889
vt -0.286988 -0.153889
vt -0.288988 -0.151889
vt -0.286988 0.151889
vt -0.286988 0.153889
vt -0.288988 0.151889
vt -0.286988 0.151889
vt -0.286988 0.153889
vt -0.288988 0.151889
vt 0.286988 -0.151889
vt 0.286988 -0.153889
vt 0.288988 -0.151889
vt 0.286988 -0.151889
vt 0.286988 -0.153889
vt 0.288988 -0.151889
vt 0.286988 0.151889
vt 0.286988 0.153889
vt 0.288988 0.151889
vt 0.286988 0.151889
vt 0.286988 0.153889
vt 0.288988 0.151889
vt -0.276192 -0.004500
vt 0.276192 -0.004500
vt 0.276192 0.004500
vt -0.276192 0.004500
vt 0.276192 -0.004500
vt -0.276192 -0.004500
vt -0.276192 0.004500
vt 0.276192 0.004500
vt -0.276192 -0.015000
vt 0.276192 -0.015000
vt 0.276192 0.015000
vt -0.276192 0.015000
vt -0.276192 0.015000
vt 0.276192 0.015000
vt 0.276192 -0.015000
vt -0.276192 -0.015000
vt -0.015000 -0.004500
vt 0.015000 -0.004500
vt 0.015000 0.004500
vt -0.015000 0.004500
vt 0.015000 -0.004500
vt -0.015000 -0.004500
vt -0.015000 0.004500
vt 0.015000 0.004500
vt -0.276192 0.005500
vt 0.276192 0.005500
vt 0.276192 0.004500
vt -0.276192 0.004500
vt -0.276192 0.005500
vt 0.276192 0.005500
vt 0.276192 0.004500
vt -0.276192 0.004500
vt -0.276192 -0.005500
vt 0.276192 -0.005500
vt 0.276192 -0.004500
vt -0.276192 -0.004500
vt -0.276192 -0.005500
vt 0.276192 -0.005500
vt 0.276192 -0.004500
vt -0.276192 -0.004500
vt 0.277192 -0.004500
vt 0.277192 0.004500
vt 0.276192 0.004500
vt 0.276192 -0.004500
vt 0.277192 -0.004500
vt 0.277192 0.004500
vt 0.276192 0.004500
vt 0.276192 -0.004500
vt -0.277192 -0.004500
vt -0.277192 0.004500
vt -0.276192 0.004500
vt -0.276192 -0.004500
vt -0.277192 -0.004500
vt -0.277192 0.004500
vt -0.276192 0.004500
vt -0.276192 -0.004500
vt 0.277192 0.004500
vt 0.277192 0.004500
vt 0.276192 0.005500
vt 0.276192 0.005500
vt 0.277192 -0.004500
vt 0.277192 -0.004500
vt 0.276192 -0.005500
vt 0.276192 -0.005500
vt -0.277192 0.004500
vt -0.277192 0.004500
vt -0.276192 0.005500
vt -0.276192 0.005500
vt -0.277192 -0.004500
vt -0.277192 -0.004500
vt -0.276192 -0.005500
vt -0.276192 -0.005500
vt -0.276192 -0.004500
vt -0.276192 -0.005500
vt -0.277192 -0.004500
vt -0.276192 -0.004500
vt -0.276192 -0.005500
vt -0.277192 -0.004500
vt -0.276192 0.004500
vt -0.276192 0.005500
vt -0.277192 0.004500
vt -0.276192 0.004500
vt -0.276192 0.005500
vt -0.277192 0.004500
vt 0.276192 -0.004500
vt 0.276192 -0.005500
vt 0.277192 -0.004500
vt 0.276192 -0.004500
vt 0.276192 -0.005500
vt 0.277192 -0.004500
vt 0.276192 0.004500
vt 0.276192 0.005500
vt 0.277192 0.004500
vt 0.276192 0.004500
vt 0.276192 0.005500
vt 0.277192 0.004500
vt -0.276192 -0.004500
vt 0.276192 -0.004500
vt 0.276192 0.004500
vt -0.276192 0.004500
vt 0.276192 -0.004500
vt -0.276192 -0.004500
vt -0.276192 0.004500
vt 0.276192 0.004500
vt -0.276192 -0.015000
vt 0.276192 -0.015000
vt 0.276192 0.015000
vt -0.276192 0.015000
vt -0.276192 0.015000
vt 0.276192 0.015000
vt 0.276192 -0.015000
vt -0.276192 -0.015000
vt -0.015000 -0.004500
vt 0.015000 -0.004500
vt 0.015000 0.004500
vt -0.015000 0.004500
vt 0.015000 -0.004500
vt -0.015000 -0.004500
vt -0.015000 0.004500
vt 0.015000 0.004500
vt -0.276192 0.005500
vt 0.276192 0.005500
vt 0.276192 0.004500
vt -0.276192 0.004500
vt -0.276192 0.005500
vt 0.276192 0.005500
vt 0.276192 0.004500
vt -0.276192 0.004500
vt -0.276192 -0.005500
vt 0.276192 -0.005500
vt 0.276192 -0.004500
vt -0.276192 -0.004500
vt -0.276192 -0.005500
vt 0.276192 -0.005500
vt 0.276192 -0.004500
vt -0.276192 -0.004500
vt 0.277192 -0.004500
vt 0.277192 0.004500
vt 0.276192 0.004500
vt 0.276192 -0.004500
vt 0.277192 -0.004500
vt 0.277192 0.004500
vt 0.276192 0.004500
vt 0.276192 -0.004500
vt -0.277192 -0.004500
vt -0.277192 0.004500
vt -0.276192 0.004500
vt -0.276192 -0.004500
vt -0.277192 -0.004500
vt -0.277192 0.004500
vt -0.276192 0.004500
vt -0.276192 -0.004500
vt 0.277192 0.004500
vt 0.277192 0.004500
vt 0.276192 0.005500
vt 0.276192 0.005500
vt 0.277192 -0.004500
vt 0.277192 -0.004500
vt 0.276192 -0.005500
vt 0.276192 -0.005500
vt -0.277192 0.004500
vt -0.277192 0.004500
vt -0.276192 0.005500
vt -0.276192 0.005500
vt -0.277192 -0.004500
vt -0.277192 -0.004500
vt -0.276192 -0.005500
vt -0.276192 -0.005500
vt -0.276192 -0.004500
vt -0.276192 -0.005500
vt -0.277192 -0.004500
vt -0.276192 -0.004500
vt -0.276192 -0.005500
vt -0.277192 -0.004500
vt -0.276192 0.004500
vt -0.276192 0.005500
vt -0.277192 0.004500
vt -0.276192 0.004500
vt -0.276192 0.005500
vt -0.277192 0.004500
vt 0.276192 -0.004500
vt 0.276192 -0.005500
vt 0.277192 -0.004500
vt 0.276192 -0.004500
vt 0.276192 -0.005500
vt 0.277192 -0.004500
vt 0.276192 0.004500
vt 0.276192 0.005500
vt 0.277192 0.004500
vt 0.276192 0.004500
vt 0.276192 0.005500
vt 0.277192 0.004500
vt -0.276192 -0.004500
vt 0.276192 -0.004500
vt 0.276192 0.004500
vt -0.276192 0.004500
vt 0.276192 -0.004500
vt -0.276192 -0.004500
vt -0.276192 0.004500
vt 0.276192 0.004500
vt -0.276192 -0.015000
vt 0.276192 -0.015000
vt 0.276192 0.015000
vt -0.276192 0.015000
vt -0.276192 0.015000
vt 0.276192 0.015000
vt 0.276192 -0.015000
vt -0.276192 -0.015000
vt -0.015000 -0.004500
vt 0.015000 -0.004500
vt 0.015000 0.004500
vt -0.015000 0.004500
vt 0.015000 -0.004500
vt -0.015000 -0.004500
vt -0.015000 0.004500
vt 0.015000 0.004500
vt -0.276192 0.005500
vt 0.276192 0.005500
vt 0.276192 0.004500
vt -0.276192 0.004500
vt -0.276192 0.005500
vt 0.276192 0.005500
vt 0.276192 0.004500
vt -0.276192 0.004500
vt -0.276192 -0.005500
vt 0.276192 -0.005500
vt 0.276192 -0.004500
vt -0.276192 -0.004500
vt -0.276192 -0.005500
vt 0.276192 -0.005500
vt 0.276192 -0.004500
vt -0.276192 -0.004500
vt 0.277192 -0.004500
vt 0.277192 0.004500
vt 0.276192 0.004500
vt 0.276192 -0.004500
vt 0.277192 -0.004500
vt 0.277192 0.004500
vt 0.276192 0.004500
vt 0.276192 -0.004500
vt -0.277192 -0.004500
vt -0.277192 0.004500
vt -0.276192 0.004500
vt -0.276192 -0.004500
vt -0.277192 -0.004500
vt -0.277192 0.004500
vt -0.276192 0.004500
vt -0.276192 -0.004500
vt 0.277192 0.004500
vt 0.277192 0.004500
vt 0.276192 0.005500
vt 0.276192 0.005500
vt 0.277192 -0.004500
vt 0.277192 -0.004500
vt 0.276192 -0.005500
vt 0.276192 -0.005500
vt -0.277192 0.004500
vt -0.277192 0.004500
vt -0.276192 0.005500
vt -0.276192 0.005500
vt -0.277192 -0.004500
vt -0.277192 -0.004500
vt -0.276192 -0.005500
vt -0.276192 -0.005500
vt -0.276192 -0.004500
vt -0.276192 -0.005500
vt -0.277192 -0.004500
vt -0.276192 -0.004500
vt -0.276192 -0.005500
vt -0.277192 -0.004500
vt -0.276192 0.004500
vt -0.276192 0.005500
vt -0.277192 0.004500
vt -0.276192 0.004500
vt -0.276192 0.005500
vt -0.277192 0.004500
vt 0.276192 -0.004500
vt 0.276192 -0.005500
vt 0.277192 -0.004500
vt 0.276192 -0.004500
vt 0.276192 -0.005500
vt 0.277192 -0.004500
vt 0.276192 0.004500
vt 0.276192 0.005500
vt 0.277192 0.004500
vt 0.276192 0.004500
vt 0.276192 0.005500
vt 0.277192 0.004500
vt -0.276192 -0.004500
vt 0.276192 -0.004500
vt 0.276192 0.004500
vt -0.276192 0.004500
vt 0.276192 -0.004500
vt -0.276192 -0.004500
vt -0.276192 0.004500
vt 0.276192 0.004500
vt -0.276192 -0.015000
vt 0.276192 -0.015000
vt 0.276192 0.015000
vt -0.276192 0.015000
vt -0.276192 0.015000
vt 0.276192 0.015000
vt 0.276192 -0.015000
vt -0.276192 -0.015000
vt -0.015000 -0.004500
vt 0.015000 -0.004500
vt 0.015000 0.004500
vt -0.015000 0.004500
vt 0.015000 -0.004500
vt -0.015000 -0.004500
vt -0.015000 0.004500
vt 0.015000 0.004500
vt -0.276192 0.005500
vt 0.276192 0.005500
vt 0.276192 0.004500
vt -0.276192 0.004500
vt -0.276192 0.005500
vt 0.276192 0.005500
vt 0.276192 0.004500
vt -0.276192 0.004500
vt -0.276192 -0.005500
vt 0.276192 -0.005500
vt 0.276192 -0.004500
vt -0.276192 -0.004500
vt -0.276192 -0.005500
vt 0.276192 -0.005500
vt 0.276192 -0.004500
vt -0.276192 -0.004500
vt 0.277192 -0.004500
vt 0.277192 0.004500
vt 0.276192 0.004500
vt 0.276192 -0.004500
vt 0.277192 -0.004500
vt 0.277192 0.004500
vt 0.276192 0.004500
vt 0.276192 -0.004500
vt -0.277192 -0.004500
vt -0.277192 0.004500
vt -0.276192 0.004500
vt -0.276192 -0.004500
vt -0.277192 -0.004500
vt -0.277192 0.004500
vt -0.276192 0.004500
vt -0.276192 -0.004500
vt 0.277192 0.004500
vt 0.277192 0.004500
vt 0.276192 0.005500
vt 0.276192 0.005500
vt 0.277192 -0.004500
vt 0.277192 -0.004500
vt 0.276192 -0.005500
vt 0.276192 -0.005500
vt -0.277192 0.004500
vt -0.277192 0.004500
vt -0.276192 0.005500
vt -0.276192 0.005500
vt -0.277192 -0.004500
vt -0.277192 -0.004500
vt -0.276192 -0.005500
vt -0.276192 -0.005500
vt -0.276192 -0.004500
vt -0.276192 -0.005500
vt -0.277192 -0.004500
vt -0.276192 -0.004500
vt -0.276192 -0.005500
vt -0.277192 -0.004500
vt -0.276192 0.004500
vt -0.276192 0.005500
vt -0.277192 0.004500
vt -0.276192 0.004500
vt -0.276192 0.005500
vt -0.277192 0.004500
vt 0.276192 -0.004500
vt 0.276192 -0.005500
vt 0.277192 -0.004500
vt 0.276192 -0.004500
vt 0.276192 -0.005500
vt 0.277192 -0.004500
vt 0.276192 0.004500
vt 0.276192 0.005500
vt 0.277192 0.004500
vt 0.276192 0.004500
vt 0.276192 0.005500
vt 0.277192 0.004500
vt -0.276192 -0.004500
vt 0.276192 -0.004500
vt 0.276192 0.004500
vt -0.276192 0.004500
vt 0.276192 -0.004500
vt -0.276192 -0.004500
vt -0.276192 0.004500
vt 0.276192 0.004500
vt -0.276192 -0.015000
vt 0.276192 -0.015000
vt 0.276192 0.015000
vt -0.276192 0.015000
vt -0.276192 0.015000
vt 0.276192 0.015000
vt 0.276192 -0.015000
vt -0.276192 -0.015000
vt -0.015000 -0.004500
vt 0.015000 -0.004500
vt 0.015000 0.004500
vt -0.015000 0.004500
vt 0.015000 -0.004500
vt -0.015000 -0.004500
vt -0.015000 0.004500
vt 0.015000 0.004500
vt -0.276192 0.005500
vt 0.276192 0.005500
vt 0.276192 0.004500
vt -0.276192 0.004500
vt -0.276192 0.005500
vt 0.276192 0.005500
vt 0.276192 0.004500
vt -0.276192 0.004500
vt -0.276192 -0.005500
vt 0.276192 -0.005500
vt 0.276192 -0.004500
vt -0.276192 -0.004500
vt -0.276192 -0.005500
vt 0.276192 -0.005500
vt 0.276192 -0.004500
vt -0.276192 -0.004500
vt 0.277192 -0.004500
vt 0.277192 0.004500
vt 0.276192 0.004500
vt 0.276192 -0.004500
vt 0.277192 -0.004500
vt 0.277192 0.004500
vt 0.276192 0.004500
vt 0.276192 -0.004500
vt -0.277192 -0.004500
vt -0.277192 0.004500
vt -0.276192 0.004500
vt -0.276192 -0.004500
vt -0.277192 -0.004500
vt -0.277192 0.004500
vt -0.276192 0.004500
vt -0.276192 -0.004500
vt 0.277192 0.004500
vt 0.277192 0.004500
vt 0.276192 0.005500
vt 0.276192 0.005500
vt 0.277192 -0.004500
vt 0.277192 -0.004500
vt 0.276192 -0.005500
vt 0.276192 -0.005500
vt -0.277192 0.004500
vt -0.277192 0.004500
vt -0.276192 0.005500
vt -0.276192 0.005500
vt -0.277192 -0.004500
vt -0.277192 -0.004500
vt -0.276192 -0.005500
vt -0.276192 -0.005500
vt -0.276192 -0.004500
vt -0.276192 -0.005500
vt -0.277192 -0.004500
vt -0.276192 -0.004500
vt -0.276192 -0.005500
vt -0.277192 -0.004500
vt -0.276192 0.004500
vt -0.276192 0.005500
vt -0.277192 0.004500
vt -0.276192 0.004500
vt -0.276192 0.005500
vt -0.277192 0.004500
vt 0.276192 -0.004500
vt 0.276192 -0.005500
vt 0.277192 -0.004500
vt 0.276192 -0.004500
vt 0.276192 -0.005500
vt 0.277192 -0.004500
vt 0.276192 0.004500
vt 0.276192 0.005500
vt 0.277192 0.004500
vt 0.276192 0.004500
vt 0.276192 0.005500
vt 0.277192 0.004500
vt -0.276192 -0.004500
vt 0.276192 -0.004500
vt 0.276192 0.004500
vt -0.276192 0.004500
vt 0.276192 -0.004500
vt -0.276192 -0.004500
vt -0.276192 0.004500
vt 0.276192 0.004500
vt -0.276192 -0.015000
vt 0.276192 -0.015000
vt 0.276192 0.015000
vt -0.276192 0.015000
vt -0.276192 0.015000
vt 0.276192 0.015000
vt 0.276192 -0.015000
vt -0.276192 -0.015000
vt -0.015000 -0.004500
vt 0.015000 -0.004500
vt 0.015000 0.004500
vt -0.015000 0.004500
vt 0.015000 -0.004500
vt -0.015000 -0.004500
vt -0.015000 0.004500
vt 0.015000 0.004500
vt -0.276192 0.005500
vt 0.276192 0.005500
vt 0.276192 0.004500
vt -0.276192 0.004500
vt -0.276192 0.005500
vt 0.276192 0.005500
vt 0.276192 0.004500
vt -0.276192 0.004500
vt -0.276192 -0.005500
vt 0.276192 -0.005500
vt 0.276192 -0.004500
vt -0.276192 -0.004500
vt -0.276192 -0.005500
vt 0.276192 -0.005500
vt 0.276192 -0.004500
vt -0.276192 -0.004500
vt 0.277192 -0.004500
vt 0.277192 0.004500
vt 0.276192 0.004500
vt 0.276192 -0.004500
vt 0.277192 -0.004500
vt 0.277192 0.004500
vt 0.276192 0.004500
vt 0.276192 -0.004500
vt -0.277192 -0.004500
vt -0.277192 0.004500
vt -0.276192 0.004500
vt -0.276192 -0.004500
vt -0.277192 -0.004500
vt -0.277192 0.004500
vt -0.276192 0.004500
vt -0.276192 -0.004500
vt 0.277192 0.004500
vt 0.277192 0.004500
vt 0.276192 0.005500
vt 0.276192 0.005500
vt 0.277192 -0.004500
vt 0.277192 -0.004500
vt 0.276192 -0.005500
vt 0.276192 -0.005500
vt -0.277192 0.004500
vt -0.277192 0.004500
vt -0.276192 0.005500
vt -0.276192 0.005500
vt -0.277192 -0.004500
vt -0.277192 -0.004500
vt -0.276192 -0.005500
vt -0.276192 -0.005500
vt -0.276192 -0.004500
vt -0.276192 -0.005500
vt -0.277192 -0.004500
vt -0.276192 -0.004500
vt -0.276192 -0.005500
vt -0.277192 -0.004500
vt -0.276192 0.004500
vt -0.276192 0.005500
vt -0.277192 0.004500
vt -0.276192 0.004500
vt -0.276192 0.005500
vt -0.277192 0.004500
vt 0.276192 -0.004500
vt 0.276192 -0.005500
vt 0.277192 -0.004500
vt 0.276192 -0.004500
vt 0.276192 -0.005500
vt 0.277192 -0.004500
vt 0.276192 0.004500
vt 0.276192 0.005500
vt 0.277192 0.004500
vt 0.276192 0.004500
vt 0.276192 0.005500
vt 0.277192 0.004500
vt -0.276192 -0.004500
vt 0.276192 -0.004500
vt 0.276192 0.004500
vt -0.276192 0.004500
vt 0.276192 -0.004500
vt -0.276192 -0.004500
vt -0.276192 0.004500
vt 0.276192 0.004500
vt -0.276192 -0.015000
vt 0.276192 -0.015000
vt 0.276192 0.015000
vt -0.276192 0.015000
vt -0.276192 0.015000
vt 0.276192 0.015000
vt 0.276192 -0.015000
vt -0.276192 -0.015000
vt -0.015000 -0.004500
vt 0.015000 -0.004500
vt 0.015000 0.004500
vt -0.015000 0.004500
vt 0.015000 -0.004500
vt -0.015000 -0.004500
vt -0.015000 0.004500
vt 0.015000 0.004500
vt -0.276192 0.005500
vt 0.276192 0.005500
vt 0.276192 0.004500
vt -0.276192 0.004500
vt -0.276192 0.005500
vt 0.276192 0.005500
vt 0.276192 0.004500
vt -0.276192 0.004500
vt -0.276192 -0.005500
vt 0.276192 -0.005500
vt 0.276192 -0.004500
vt -0.276192 -0.004500
vt -0.276192 -0.005500
vt 0.276192 -0.005500
vt 0.276192 -0.004500
vt -0.276192 -0.004500
vt 0.277192 -0.004500
vt 0.277192 0.004500
vt 0.276192 0.004500
vt 0.276192 -0.004500
vt 0.277192 -0.004500
vt 0.277192 0.004500
vt 0.276192 0.004500
vt 0.276192 -0.004500
vt -0.277192 -0.004500
vt -0.277192 0.004500
vt -0.276192 0.004500
vt -0.276192 -0.004500
vt -0.277192 -0.004500
vt -0.277192 0.004500
vt -0.276192 0.004500
vt -0.276192 -0.004500
vt 0.277192 0.004500
vt 0.277192 0.004500
vt 0.276192 0.005500
vt 0.276192 0.005500
vt 0.277192 -0.004500
vt 0.277192 -0.004500
vt 0.276192 -0.005500
vt 0.276192 -0.005500
vt -0.277192 0.004500
vt -0.277192 0.004500
vt -0.276192 0.005500
vt -0.276192 0.005500
vt -0.277192 -0.004500
vt -0.277192 -0.004500
vt -0.276192 -0.005500
vt -0.276192 -0.005500
vt -0.276192 -0.004500
vt -0.276192 -0.005500
vt -0.277192 -0.004500
vt -0.276192 -0.004500
vt -0.276192 -0.005500
vt -0.277192 -0.004500
vt -0.276192 0.004500
vt -0.276192 0.005500
vt -0.277192 0.004500
vt -0.276192 0.004500
vt -0.276192 0.005500
vt -0.277192 0.004500
vt 0.276192 -0.004500
vt 0.276192 -0.005500
vt 0.277192 -0.004500
vt 0.276192 -0.004500
vt 0.276192 -0.005500
vt 0.277192 -0.004500
vt 0.276192 0.004500
vt 0.276192 0.005500
vt 0.277192 0.004500
vt 0.276192 0.004500
vt 0.276192 0.005500
vt 0.277192 0.004500
vt -0.276192 -0.004500
vt 0.276192 -0.004500
vt 0.276192 0.004500
vt -0.276192 0.004500
vt 0.276192 -0.004500
vt -0.276192 -0.004500
vt -0.276192 0.004500
vt 0.276192 0.004500
vt -0.276192 -0.015000
vt 0.276192 -0.015000
vt 0.276192 0.015000
vt -0.276192 0.015000
vt -0.276192 0.015000
vt 0.276192 0.015000
vt 0.276192 -0.015000
vt -0.276192 -0.015000
vt -0.015000 -0.004500
vt 0.015000 -0.004500
vt 0.015000 0.004500
vt -0.015000 0.004500
vt 0.015000 -0.004500
vt -0.015000 -0.004500
vt -0.015000 0.004500
vt 0.015000 0.004500
vt -0.276192 0.005500
vt 0.276192 0.005500
vt 0.276192 0.004500
vt -0.276192 0.004500
vt -0.276192 0.005500
vt 0.276192 0.005500
vt 0.276192 0.004500
vt -0.276192 0.004500
vt -0.276192 -0.005500
vt 0.276192 -0.005500
vt 0.276192 -0.004500
vt -0.276192 -0.004500
vt -0.276192 -0.005500
vt 0.276192 -0.005500
vt 0.276192 -0.004500
vt -0.276192 -0.004500
vt 0.277192 -0.004500
vt 0.277192 0.004500
vt 0.276192 0.004500
vt 0.276192 -0.004500
vt 0.277192 -0.004500
vt 0.277192 0.004500
vt 0.276192 0.004500
vt 0.276192 -0.004500
vt -0.277192 -0.004500
vt -0.277192 0.004500
vt -0.276192 0.004500
vt -0.276192 -0.004500
vt -0.277192 -0.004500
vt -0.277192 0.004500
vt -0.276192 0.004500
vt -0.276192 -0.004500
vt 0.277192 0.004500
vt 0.277192 0.004500
vt 0.276192 0.005500
vt 0.276192 0.005500
vt 0.277192 -0.004500
vt 0.277192 -0.004500
vt 0.276192 -0.005500
vt 0.276192 -0.005500
vt -0.277192 0.004500
vt -0.277192 0.004500
vt -0.276192 0.005500
vt -0.276192 0.005500
vt -0.277192 -0.004500
vt -0.277192 -0.004500
vt -0.276192 -0.005500
vt -0.276192 -0.005500
vt -0.276192 -0.004500
vt -0.276192 -0.005500
vt -0.277192 -0.004500
vt -0.276192 -0.004500
vt -0.276192 -0.005500
vt -0.277192 -0.004500
vt -0.276192 0.004500
vt -0.276192 0.005500
vt -0.277192 0.004500
vt -0.276192 0.004500
vt -0.276192 0.005500
vt -0.277192 0.004500
vt 0.276192 -0.004500
vt 0.276192 -0.005500
vt 0.277192 -0.004500
vt 0.276192 -0.004500
vt 0.276192 -0.005500
vt 0.277192 -0.004500
vt 0.276192 0.004500
vt 0.276192 0.005500
vt 0.277192 0.004500
vt 0.276192 0.004500
vt 0.276192 0.005500
vt 0.277192 0.004500
vt 0.000000 0.000000
vt 0.083333 0.000000
vt 0.166667 0.000000
vt 0.250000 0.000000
vt 0.333333 0.000000
vt 0.416667 0.000000
vt 0.500000 0.000000
vt 0.583333 0.000000
vt 0.666667 0.000000
vt 0.750000 0.000000
vt 0.833333 0.000000
vt 0.916667 0.000000
vt 0.000000 0.000000
vt 0.083333 0.000000
vt 0.166667 0.000000
vt 0.250000 0.000000
vt 0.333333 0.000000
vt 0.416667 0.000000
vt 0.500000 0.000000
vt 0.583333 0.000000
vt 0.666667 0.000000
vt 0.750000 0.000000
vt 0.833333 0.000000
vt 0.916667 0.000000
vt 0.000000 0.035000
vt 0.083333 0.035000
vt 0.166667 0.035000
vt 0.250000 0.035000
vt 0.333333 0.035000
vt 0.416667 0.035000
vt 0.500000 0.035000
vt 0.583333 0.035000
vt 0.666667 0.035000
vt 0.750000 0.035000
vt 0.833333 0.035000
vt 0.916667 0.035000
vt 0.000000 0.035000
vt 0.083333 0.035000
vt 0.166667 0.035000
vt 0.250000 0.035000
vt 0.333333 0.035000
vt 0.416667 0.035000
vt 0.500000 0.035000
vt 0.583333 0.035000
vt 0.666667 0.035000
vt 0.750000 0.035000
vt 0.833333 0.035000
vt 0.916667 0.035000
vt 0.500000 0.500000
vt 0.500000 0.500000
vt -0.006000 -0.007000
vt 0.006000 -0.007000
vt 0.006000 0.007000
vt -0.006000 0.007000
vt 0.006000 -0.007000
vt -0.006000 -0.007000
vt -0.006000 0.007000
vt 0.006000 0.007000
vt -0.006000 -0.086166
vt 0.006000 -0.086166
vt 0.006000 0.086166
vt -0.006000 0.086166
vt -0.006000 0.086166
vt 0.006000 0.086166
vt 0.006000 -0.086166
vt -0.006000 -0.086166
vt -0.086166 -0.007000
vt 0.086166 -0.007000
vt 0.086166 0.007000
vt -0.086166 0.007000
vt 0.086166 -0.007000
vt -0.086166 -0.007000
vt -0.086166 0.007000
vt 0.086166 0.007000
vt -0.006000 0.008000
vt 0.006000 0.008000
vt 0.006000 0.007000
vt -0.006000 0.007000
vt -0.006000 0.008000
vt 0.006000 0.008000
vt 0.006000 0.007000
vt -0.006000 0.007000
vt -0.006000 -0.008000
vt 0.006000 -0.008000
vt 0.006000 -0.007000
vt -0.006000 -0.007000
vt -0.006000 -0.008000
vt 0.006000 -0.008000
vt 0.006000 -0.007000
vt -0.006000 -0.007000
vt 0.007000 -0.007000
vt 0.007000 0.007000
vt 0.006000 0.007000
vt 0.006000 -0.007000
vt 0.007000 -0.007000
vt 0.007000 0.007000
vt 0.006000 0.007000
vt 0.006000 -0.007000
vt -0.007000 -0.007000
vt -0.007000 0.007000
vt -0.006000 0.007000
vt -0.006000 -0.007000
vt -0.007000 -0.007000
vt -0.007000 0.007000
vt -0.006000 0.007000
vt -0.006000 -0.007000
vt 0.007000 0.007000
vt 0.007000 0.007000
vt 0.006000 0.008000
vt 0.006000 0.008000
vt 0.007000 -0.007000
vt 0.007000 -0.007000
vt 0.006000 -0.008000
vt 0.006000 -0.008000
vt -0.007000 0.007000
vt -0.007000 0.007000
vt -0.006000 0.008000
vt -0.006000 0.008000
vt -0.007000 -0.007000
vt -0.007000 -0.007000
vt -0.006000 -0.008000
vt -0.006000 -0.008000
vt -0.006000 -0.007000
vt -0.006000 -0.008000
vt -0.007000 -0.007000
vt -0.006000 -0.007000
vt -0.006000 -0.008000
vt -0.007000 -0.007000
vt -0.006000 0.007000
vt -0.006000 0.008000
vt -0.007000 0.007000
vt -0.006000 0.007000
vt -0.006000 0.008000
vt -0.007000 0.007000
vt 0.006000 -0.007000
vt 0.006000 -0.008000
vt 0.007000 -0.007000
vt 0.006000 -0.007000
vt 0.006000 -0.008000
vt 0.007000 -0.007000
vt 0.006000 0.007000
vt 0.006000 0.008000
vt 0.007000 0.007000
vt 0.006000 0.007000
vt 0.006000 0.008000
vt 0.007000 0.007000
vt -0.006000 -0.007000
vt 0.006000 -0.007000
vt 0.006000 0.007000
vt -0.006000 0.007000
vt 0.006000 -0.007000
vt -0.006000 -0.007000
vt -0.006000 0.007000
vt 0.006000 0.007000
vt -0.006000 -0.086166
vt 0.006000 -0.086166
vt 0.006000 0.086166
vt -0.006000 0.086166
vt -0.006000 0.086166
vt 0.006000 0.086166
vt 0.006000 -0.086166
vt -0.006000 -0.086166
vt -0.086166 -0.007000
vt 0.086166 -0.007000
vt 0.086166 0.007000
vt -0.086166 0.007000
vt 0.086166 -0.007000
vt -0.086166 -0.007000
vt -0.086166 0.007000
vt 0.086166 0.007000
vt -0.006000 0.008000
vt 0.006000 0.008000
vt 0.006000 0.007000
vt -0.006000 0.007000
vt -0.006000 0.008000
vt 0.006000 0.008000
vt 0.006000 0.007000
vt -0.006000 0.007000
vt -0.006000 -0.008000
vt 0.006000 -0.008000
vt 0.006000 -0.007000
vt -0.006000 -0.007000
vt -0.006000 -0.008000
vt 0.006000 -0.008000
vt 0.006000 -0.007000
vt -0.006000 -0.007000
vt 0.007000 -0.007000
vt 0.007000 0.007000
vt 0.006000 0.007000
vt 0.006000 -0.007000
vt 0.007000 -0.007000
vt 0.007000 0.007000
vt 0.006000 0.007000
vt 0.006000 -0.007000
vt -0.007000 -0.007000
vt -0.007000 0.007000
vt -0.006000 0.007000
vt -0.006000 -0.007000
vt -0.007000 -0.007000
vt -0.007000 0.007000
vt -0.006000 0.007000
vt -0.006000 -0.007000
vt 0.007000 0.007000
vt 0.007000 0.007000
vt 0.006000 0.008000
vt 0.006000 0.008000
vt 0.007000 -0.007000
vt 0.007000 -0.007000
vt 0.006000 -0.008000
vt 0.006000 -0.008000
vt -0.007000 0.007000
vt -0.007000 0.007000
vt -0.006000 0.008000
vt -0.006000 0.008000
vt -0.007000 -0.007000
vt -0.007000 -0.007000
vt -0.006000 -0.008000
vt -0.006000 -0.008000
vt -0.006000 -0.007000
vt -0.006000 -0.008000
vt -0.007000 -0.007000
vt -0.006000 -0.007000
vt -0.006000 -0.008000
vt -0.007000 -0.007000
vt -0.006000 0.007000
vt -0.006000 0.008000
vt -0.007000 0.007000
vt -0.006000 0.007000
vt -0.006000 0.008000
vt -0.007000 0.007000
vt 0.006000 -0.007000
vt 0.006000 -0.008000
vt 0.007000 -0.007000
vt 0.006000 -0.007000
vt 0.006000 -0.008000
vt 0.007000 -0.007000
vt 0.006000 0.007000
vt 0.006000 0.008000
vt 0.007000 0.007000
vt 0.006000 0.007000
vt 0.006000 0.008000
vt 0.007000 0.007000
vt -0.006000 -0.007000
vt 0.006000 -0.007000
vt 0.006000 0.007000
vt -0.006000 0.007000
vt 0.006000 -0.007000
vt -0.006000 -0.007000
vt -0.006000 0.007000
vt 0.006000 0.007000
vt -0.006000 -0.086166
vt 0.006000 -0.086166
vt 0.006000 0.086166
vt -0.006000 0.086166
vt -0.006000 0.086166
vt 0.006000 0.086166
vt 0.006000 -0.086166
vt -0.006000 -0.086166
vt -0.086166 -0.007000
vt 0.086166 -0.007000
vt 0.086166 0.007000
vt -0.086166 0.007000
vt 0.086166 -0.007000
vt -0.086166 -0.007000
vt -0.086166 0.007000
vt 0.086166 0.007000
vt -0.006000 0.008000
vt 0.006000 0.008000
vt 0.006000 0.007000
vt -0.006000 0.007000
vt -0.006000 0.008000
vt 0.006000 0.008000
vt 0.006000 0.007000
vt -0.006000 0.007000
vt -0.006000 -0.008000
vt 0.006000 -0.008000
vt 0.006000 -0.007000
vt -0.006000 -0.007000
vt -0.006000 -0.008000
vt 0.006000 -0.008000
vt 0.006000 -0.007000
vt -0.006000 -0.007000
vt 0.007000 -0.007000
vt 0.007000 0.007000
vt 0.006000 0.007000
vt 0.006000 -0.007000
vt 0.007000 -0.007000
vt 0.007000 0.007000
vt 0.006000 0.007000
vt 0.006000 -0.007000
vt -0.007000 -0.007000
vt -0.007000 0.007000
vt -0.006000 0.007000
vt -0.006000 -0.007000
vt -0.007000 -0.007000
vt -0.007000 0.007000
vt -0.006000 0.007000
vt -0.006000 -0.007000
vt 0.007000 0.007000
vt 0.007000 0.007000
vt 0.006000 0.008000
vt 0.006000 0.008000
vt 0.007000 -0.007000
vt 0.007000 -0.007000
vt 0.006000 -0.008000
vt 0.006000 -0.008000
vt -0.007000 0.007000
vt -0.007000 0.007000
vt -0.006000 0.008000
vt -0.006000 0.008000
vt -0.007000 -0.007000
vt -0.007000 -0.007000
vt -0.006000 -0.008000
vt -0.006000 -0.008000
vt -0.006000 -0.007000
vt -0.006000 -0.008000
vt -0.007000 -0.007000
vt -0.006000 -0.007000
vt -0.006000 -0.008000
vt -0.007000 -0.007000
vt -0.006000 0.007000
vt -0.006000 0.008000
vt -0.007000 0.007000
vt -0.006000 0.007000
vt -0.006000 0.008000
vt -0.007000 0.007000
vt 0.006000 -0.007000
vt 0.006000 -0.008000
vt 0.007000 -0.007000
vt 0.006000 -0.007000
vt 0.006000 -0.008000
vt 0.007000 -0.007000
vt 0.006000 0.007000
vt 0.006000 0.008000
vt 0.007000 0.007000
vt 0.006000 0.007000
vt 0.006000 0.008000
vt 0.007000 0.007000
vt -0.006000 -0.007000
vt 0.006000 -0.007000
vt 0.006000 0.007000
vt -0.006000 0.007000
vt 0.006000 -0.007000
vt -0.006000 -0.007000
vt -0.006000 0.007000
vt 0.006000 0.007000
vt -0.006000 -0.086166
vt 0.006000 -0.086166
vt 0.006000 0.086166
vt -0.006000 0.086166
vt -0.006000 0.086166
vt 0.006000 0.086166
vt 0.006000 -0.086166
vt -0.006000 -0.086166
vt -0.086166 -0.007000
vt 0.086166 -0.007000
vt 0.086166 0.007000
vt -0.086166 0.007000
vt 0.086166 -0.007000
vt -0.086166 -0.007000
vt -0.086166 0.007000
vt 0.086166 0.007000
vt -0.006000 0.008000
vt 0.006000 0.008000
vt 0.006000 0.007000
vt -0.006000 0.007000
vt -0.006000 0.008000
vt 0.006000 0.008000
vt 0.006000 0.007000
vt -0.006000 0.007000
vt -0.006000 -0.008000
vt 0.006000 -0.008000
vt 0.006000 -0.007000
vt -0.006000 -0.007000
vt -0.006000 -0.008000
vt 0.006000 -0.008000
vt 0.006000 -0.007000
vt -0.006000 -0.007000
vt 0.007000 -0.007000
vt 0.007000 0.007000
vt 0.006000 0.007000
vt 0.006000 -0.007000
vt 0.007000 -0.007000
vt 0.007000 0.007000
vt 0.006000 0.007000
vt 0.006000 -0.007000
vt -0.007000 -0.007000
vt -0.007000 0.007000
vt -0.006000 0.007000
vt -0.006000 -0.007000
vt -0.007000 -0.007000
vt -0.007000 0.007000
vt -0.006000 0.007000
vt -0.006000 -0.007000
vt 0.007000 0.007000
vt 0.007000 0.007000
vt 0.006000 0.008000
vt 0.006000 0.008000
vt 0.007000 -0.007000
vt 0.007000 -0.007000
vt 0.006000 -0.008000
vt 0.006000 -0.008000
vt -0.007000 0.007000
vt -0.007000 0.007000
vt -0.006000 0.008000
vt -0.006000 0.008000
vt -0.007000 -0.007000
vt -0.007000 -0.007000
vt -0.006000 -0.008000
vt -0.006000 -0.008000
vt -0.006000 -0.007000
vt -0.006000 -0.008000
vt -0.007000 -0.007000
vt -0.006000 -0.007000
vt -0.006000 -0.008000
vt -0.007000 -0.007000
vt -0.006000 0.007000
vt -0.006000 0.008000
vt -0.007000 0.007000
vt -0.006000 0.007000
vt -0.006000 0.008000
vt -0.007000 0.007000
vt 0.006000 -0.007000
vt 0.006000 -0.008000
vt 0.007000 -0.007000
vt 0.006000 -0.007000
vt 0.006000 -0.008000
vt 0.007000 -0.007000
vt 0.006000 0.007000
vt 0.006000 0.008000
vt 0.007000 0.007000
vt 0.006000 0.007000
vt 0.006000 0.008000
vt 0.007000 0.007000
vt -0.006000 -0.007000
vt 0.006000 -0.007000
vt 0.006000 0.007000
vt -0.006000 0.007000
vt 0.006000 -0.007000
vt -0.006000 -0.007000
vt -0.006000 0.007000
vt 0.006000 0.007000
vt -0.006000 -0.086166
vt 0.006000 -0.086166
vt 0.006000 0.086166
vt -0.006000 0.086166
vt -0.006000 0.086166
vt 0.006000 0.086166
vt 0.006000 -0.086166
vt -0.006000 -0.086166
vt -0.086166 -0.007000
vt 0.086166 -0.007000
vt 0.086166 0.007000
vt -0.086166 0.007000
vt 0.086166 -0.007000
vt -0.086166 -0.007000
vt -0.086166 0.007000
vt 0.086166 0.007000
vt -0.006000 0.008000
vt 0.006000 0.008000
vt 0.006000 0.007000
vt -0.006000 0.007000
vt -0.006000 0.008000
vt 0.006000 0.008000
vt 0.006000 0.007000
vt -0.006000 0.007000
vt -0.006000 -0.008000
vt 0.006000 -0.008000
vt 0.006000 -0.007000
vt -0.006000 -0.007000
vt -0.006000 -0.008000
vt 0.006000 -0.008000
vt 0.006000 -0.007000
vt -0.006000 -0.007000
vt 0.007000 -0.007000
vt 0.007000 0.007000
vt 0.006000 0.007000
vt 0.006000 -0.007000
vt 0.007000 -0.007000
vt 0.007000 0.007000
vt 0.006000 0.007000
vt 0.006000 -0.007000
vt -0.007000 -0.007000
vt -0.007000 0.007000
vt -0.006000 0.007000
vt -0.006000 -0.007000
vt -0.007000 -0.007000
vt -0.007000 0.007000
vt -0.006000 0.007000
vt -0.006000 -0.007000
vt 0.007000 0.007000
vt 0.007000 0.007000
vt 0.006000 0.008000
vt 0.006000 0.008000
vt 0.007000 -0.007000
vt 0.007000 -0.007000
vt 0.006000 -0.008000
vt 0.006000 -0.008000
vt -0.007000 0.007000
vt -0.007000 0.007000
vt -0.006000 0.008000
vt -0.006000 0.008000
vt -0.007000 -0.007000
vt -0.007000 -0.007000
vt -0.006000 -0.008000
vt -0.006000 -0.008000
vt -0.006000 -0.007000
vt -0.006000 -0.008000
vt -0.007000 -0.007000
vt -0.006000 -0.007000
vt -0.006000 -0.008000
vt -0.007000 -0.007000
vt -0.006000 0.007000
vt -0.006000 0.008000
vt -0.007000 0.007000
vt -0.006000 0.007000
vt -0.006000 0.008000
vt -0.007000 0.007000
vt 0.006000 -0.007000
vt 0.006000 -0.008000
vt 0.007000 -0.007000
vt 0.006000 -0.007000
vt 0.006000 -0.008000
vt 0.007000 -0.007000
vt 0.006000 0.007000
vt 0.006000 0.008000
vt 0.007000 0.007000
vt 0.006000 0.007000
vt 0.006000 0.008000
vt 0.007000 0.007000
vt -0.006000 -0.007000
vt 0.006000 -0.007000
vt 0.006000 0.007000
vt -0.006000 0.007000
vt 0.006000 -0.007000
vt -0.006000 -0.007000
vt -0.006000 0.007000
vt 0.006000 0.007000
vt -0.006000 -0.086166
vt 0.006000 -0.086166
vt 0.006000 0.086166
vt -0.006000 0.086166
vt -0.006000 0.086166
vt 0.006000 0.086166
vt 0.006000 -0.086166
vt -0.006000 -0.086166
vt -0.086166 -0.007000
vt 0.086166 -0.007000
vt 0.086166 0.007000
vt -0.086166 0.007000
vt 0.086166 -0.007000
vt -0.086166 -0.007000
vt -0.086166 0.007000
vt 0.086166 0.007000
vt -0.006000 0.008000
vt 0.006000 0.008000
vt 0.006000 0.007000
vt -0.006000 0.007000
vt -0.006000 0.008000
vt 0.006000 0.008000
vt 0.006000 0.007000
vt -0.006000 0.007000
vt -0.006000 -0.008000
vt 0.006000 -0.008000
vt 0.006000 -0.007000
vt -0.006000 -0.007000
vt -0.006000 -0.008000
vt 0.006000 -0.008000
vt 0.006000 -0.007000
vt -0.006000 -0.007000
vt 0.007000 -0.007000
vt 0.007000 0.007000
vt 0.006000 0.007000
vt 0.006000 -0.007000
vt 0.007000 -0.007000
vt 0.007000 0.007000
vt 0.006000 0.007000
vt 0.006000 -0.007000
vt -0.007000 -0.007000
vt -0.007000 0.007000
vt -0.006000 0.007000
vt -0.006000 -0.007000
vt -0.007000 -0.007000
vt -0.007000 0.007000
vt -0.006000 0.007000
vt -0.006000 -0.007000
vt 0.007000 0.007000
vt 0.007000 0.007000
vt 0.006000 0.008000
vt 0.006000 0.008000
vt 0.007000 -0.007000
vt 0.007000 -0.007000
vt 0.006000 -0.008000
vt 0.006000 -0.008000
vt -0.007000 0.007000
vt -0.007000 0.007000
vt -0.006000 0.008000
vt -0.006000 0.008000
vt -0.007000 -0.007000
vt -0.007000 -0.007000
vt -0.006000 -0.008000
vt -0.006000 -0.008000
vt -0.006000 -0.007000
vt -0.006000 -0.008000
vt -0.007000 -0.007000
vt -0.006000 -0.007000
vt -0.006000 -0.008000
vt -0.007000 -0.007000
vt -0.006000 0.007000
vt -0.006000 0.008000
vt -0.007000 0.007000
vt -0.006000 0.007000
vt -0.006000 0.008000
vt -0.007000 0.007000
vt 0.006000 -0.007000
vt 0.006000 -0.008000
vt 0.007000 -0.007000
vt 0.006000 -0.007000
vt 0.006000 -0.008000
vt 0.007000 -0.007000
vt 0.006000 0.007000
vt 0.006000 0.008000
vt 0.007000 0.007000
vt 0.006000 0.007000
vt 0.006000 0.008000
vt 0.007000 0.007000
vt -0.006000 -0.007000
vt 0.006000 -0.007000
vt 0.006000 0.007000
vt -0.006000 0.007000
vt 0.006000 -0.007000
vt -0.006000 -0.007000
vt -0.006000 0.007000
vt 0.006000 0.007000
vt -0.006000 -0.086166
vt 0.006000 -0.086166
vt 0.006000 0.086166
vt -0.006000 0.086166
vt -0.006000 0.086166
vt 0.006000 0.086166
vt 0.006000 -0.086166
vt -0.006000 -0.086166
vt -0.086166 -0.007000
vt 0.086166 -0.007000
vt 0.086166 0.007000
vt -0.086166 0.007000
vt 0.086166 -0.007000
vt -0.086166 -0.007000
vt -0.086166 0.007000
vt 0.086166 0.007000
vt -0.006000 0.008000
vt 0.006000 0.008000
vt 0.006000 0.007000
vt -0.006000 0.007000
vt -0.006000 0.008000
vt 0.006000 0.008000
vt 0.006000 0.007000
vt -0.006000 0.007000
vt -0.006000 -0.008000
vt 0.006000 -0.008000
vt 0.006000 -0.007000
vt -0.006000 -0.007000
vt -0.006000 -0.008000
vt 0.006000 -0.008000
vt 0.006000 -0.007000
vt -0.006000 -0.007000
vt 0.007000 -0.007000
vt 0.007000 0.007000
vt 0.006000 0.007000
vt 0.006000 -0.007000
vt 0.007000 -0.007000
vt 0.007000 0.007000
vt 0.006000 0.007000
vt 0.006000 -0.007000
vt -0.007000 -0.007000
vt -0.007000 0.007000
vt -0.006000 0.007000
vt -0.006000 -0.007000
vt -0.007000 -0.007000
vt -0.007000 0.007000
vt -0.006000 0.007000
vt -0.006000 -0.007000
vt 0.007000 0.007000
vt 0.007000 0.007000
vt 0.006000 0.008000
vt 0.006000 0.008000
vt 0.007000 -0.007000
vt 0.007000 -0.007000
vt 0.006000 -0.008000
vt 0.006000 -0.008000
vt -0.007000 0.007000
vt -0.007000 0.007000
vt -0.006000 0.008000
vt -0.006000 0.008000
vt -0.007000 -0.007000
vt -0.007000 -0.007000
vt -0.006000 -0.008000
vt -0.006000 -0.008000
vt -0.006000 -0.007000
vt -0.006000 -0.008000
vt -0.007000 -0.007000
vt -0.006000 -0.007000
vt -0.006000 -0.008000
vt -0.007000 -0.007000
vt -0.006000 0.007000
vt -0.006000 0.008000
vt -0.007000 0.007000
vt -0.006000 0.007000
vt -0.006000 0.008000
vt -0.007000 0.007000
vt 0.006000 -0.007000
vt 0.006000 -0.008000
vt 0.007000 -0.007000
vt 0.006000 -0.007000
vt 0.006000 -0.008000
vt 0.007000 -0.007000
vt 0.006000 0.007000
vt 0.006000 0.008000
vt 0.007000 0.007000
vt 0.006000 0.007000
vt 0.006000 0.008000
vt 0.007000 0.007000
vt -0.006000 -0.007000
vt 0.006000 -0.007000
vt 0.006000 0.007000
vt -0.006000 0.007000
vt 0.006000 -0.007000
vt -0.006000 -0.007000
vt -0.006000 0.007000
vt 0.006000 0.007000
vt -0.006000 -0.086166
vt 0.006000 -0.086166
vt 0.006000 0.086166
vt -0.006000 0.086166
vt -0.006000 0.086166
vt 0.006000 0.086166
vt 0.006000 -0.086166
vt -0.006000 -0.086166
vt -0.086166 -0.007000
vt 0.086166 -0.007000
vt 0.086166 0.007000
vt -0.086166 0.007000
vt 0.086166 -0.007000
vt -0.086166 -0.007000
vt -0.086166 0.007000
vt 0.086166 0.007000
vt -0.006000 0.008000
vt 0.006000 0.008000
vt 0.006000 0.007000
vt -0.006000 0.007000
vt -0.006000 0.008000
vt 0.006000 0.008000
vt 0.006000 0.007000
vt -0.006000 0.007000
vt -0.006000 -0.008000
vt 0.006000 -0.008000
vt 0.006000 -0.007000
vt -0.006000 -0.007000
vt -0.006000 -0.008000
vt 0.006000 -0.008000
vt 0.006000 -0.007000
vt -0.006000 -0.007000
vt 0.007000 -0.007000
vt 0.007000 0.007000
vt 0.006000 0.007000
vt 0.006000 -0.007000
vt 0.007000 -0.007000
vt 0.007000 0.007000
vt 0.006000 0.007000
vt 0.006000 -0.007000
vt -0.007000 -0.007000
vt -0.007000 0.007000
vt -0.006000 0.007000
vt -0.006000 -0.007000
vt -0.007000 -0.007000
vt -0.007000 0.007000
vt -0.006000 0.007000
vt -0.006000 -0.007000
vt 0.007000 0.007000
vt 0.007000 0.007000
vt 0.006000 0.008000
vt 0.006000 0.008000
vt 0.007000 -0.007000
vt 0.007000 -0.007000
vt 0.006000 -0.008000
vt 0.006000 -0.008000
vt -0.007000 0.007000
vt -0.007000 0.007000
vt -0.006000 0.008000
vt -0.006000 0.008000
vt -0.007000 -0.007000
vt -0.007000 -0.007000
vt -0.006000 -0.008000
vt -0.006000 -0.008000
vt -0.006000 -0.007000
vt -0.006000 -0.008000
vt -0.007000 -0.007000
vt -0.006000 -0.007000
vt -0.006000 -0.008000
vt -0.007000 -0.007000
vt -0.006000 0.007000
vt -0.006000 0.008000
vt -0.007000 0.007000
vt -0.006000 0.007000
vt -0.006000 0.008000
vt -0.007000 0.007000
vt 0.006000 -0.007000
vt 0.006000 -0.008000
vt 0.007000 -0.007000
vt 0.006000 -0.007000
vt 0.006000 -0.008000
vt 0.007000 -0.007000
vt 0.006000 0.007000
vt 0.006000 0.008000
vt 0.007000 0.007000
vt 0.006000 0.007000
vt 0.006000 0.008000
vt 0.007000 0.007000
vt -0.006000 -0.007000
vt 0.006000 -0.007000
vt 0.006000 0.007000
vt -0.006000 0.007000
vt 0.006000 -0.007000
vt -0.006000 -0.007000
vt -0.006000 0.007000
vt 0.006000 0.007000
vt -0.006000 -0.086166
vt 0.006000 -0.086166
vt 0.006000 0.086166
vt -0.006000 0.086166
vt -0.006000 0.086166
vt 0.006000 0.086166
vt 0.006000 -0.086166
vt -0.006000 -0.086166
vt -0.086166 -0.007000
vt 0.086166 -0.007000
vt 0.086166 0.007000
vt -0.086166 0.007000
vt 0.086166 -0.007000
vt -0.086166 -0.007000
vt -0.086166 0.007000
vt 0.086166 0.007000
vt -0.006000 0.008000
vt 0.006000 0.008000
vt 0.006000 0.007000
vt -0.006000 0.007000
vt -0.006000 0.008000
vt 0.006000 0.008000
vt 0.006000 0.007000
vt -0.006000 0.007000
vt -0.006000 -0.008000
vt 0.006000 -0.008000
vt 0.006000 -0.007000
vt -0.006000 -0.007000
vt -0.006000 -0.008000
vt 0.006000 -0.008000
vt 0.006000 -0.007000
vt -0.006000 -0.007000
vt 0.007000 -0.007000
vt 0.007000 0.007000
vt 0.006000 0.007000
vt 0.006000 -0.007000
vt 0.007000 -0.007000
vt 0.007000 0.007000
vt 0.006000 0.007000
vt 0.006000 -0.007000
vt -0.007000 -0.007000
vt -0.007000 0.007000
vt -0.006000 0.007000
vt -0.006000 -0.007000
vt -0.007000 -0.007000
vt -0.007000 0.007000
vt -0.006000 0.007000
vt -0.006000 -0.007000
vt 0.007000 0.007000
vt 0.007000 0.007000
vt 0.006000 0.008000
vt 0.006000 0.008000
vt 0.007000 -0.007000
vt 0.007000 -0.007000
vt 0.006000 -0.008000
vt 0.006000 -0.008000
vt -0.007000 0.007000
vt -0.007000 0.007000
vt -0.006000 0.008000
vt -0.006000 0.008000
vt -0.007000 -0.007000
vt -0.007000 -0.007000
vt -0.006000 -0.008000
vt -0.006000 -0.008000
vt -0.006000 -0.007000
vt -0.006000 -0.008000
vt -0.007000 -0.007000
vt -0.006000 -0.007000
vt -0.006000 -0.008000
vt -0.007000 -0.007000
vt -0.006000 0.007000
vt -0.006000 0.008000
vt -0.007000 0.007000
vt -0.006000 0.007000
vt -0.006000 0.008000
vt -0.007000 0.007000
vt 0.006000 -0.007000
vt 0.006000 -0.008000
vt 0.007000 -0.007000
vt 0.006000 -0.007000
vt 0.006000 -0.008000
vt 0.007000 -0.007000
vt 0.006000 0.007000
vt 0.006000 0.008000
vt 0.007000 0.007000
vt 0.006000 0.007000
vt 0.006000 0.008000
vt 0.007000 0.007000
vt -0.006000 -0.007000
vt 0.006000 -0.007000
vt 0.006000 0.007000
vt -0.006000 0.007000
vt 0.006000 -0.007000
vt -0.006000 -0.007000
vt -0.006000 0.007000
vt 0.006000 0.007000
vt -0.006000 -0.086166
vt 0.006000 -0.086166
vt 0.006000 0.086166
vt -0.006000 0.086166
vt -0.006000 0.086166
vt 0.006000 0.086166
vt 0.006000 -0.086166
vt -0.006000 -0.086166
vt -0.086166 -0.007000
vt 0.086166 -0.007000
vt 0.086166 0.007000
vt -0.086166 0.007000
vt 0.086166 -0.007000
vt -0.086166 -0.007000
vt -0.086166 0.007000
vt 0.086166 0.007000
vt -0.006000 0.008000
vt 0.006000 0.008000
vt 0.006000 0.007000
vt -0.006000 0.007000
vt -0.006000 0.008000
vt 0.006000 0.008000
vt 0.006000 0.007000
vt -0.006000 0.007000
vt -0.006000 -0.008000
vt 0.006000 -0.008000
vt 0.006000 -0.007000
vt -0.006000 -0.007000
vt -0.006000 -0.008000
vt 0.006000 -0.008000
vt 0.006000 -0.007000
vt -0.006000 -0.007000
vt 0.007000 -0.007000
vt 0.007000 0.007000
vt 0.006000 0.007000
vt 0.006000 -0.007000
vt 0.007000 -0.007000
vt 0.007000 0.007000
vt 0.006000 0.007000
vt 0.006000 -0.007000
vt -0.007000 -0.007000
vt -0.007000 0.007000
vt -0.006000 0.007000
vt -0.006000 -0.007000
vt -0.007000 -0.007000
vt -0.007000 0.007000
vt -0.006000 0.007000
vt -0.006000 -0.007000
vt 0.007000 0.007000
vt 0.007000 0.007000
vt 0.006000 0.008000
vt 0.006000 0.008000
vt 0.007000 -0.007000
vt 0.007000 -0.007000
vt 0.006000 -0.008000
vt 0.006000 -0.008000
vt -0.007000 0.007000
vt -0.007000 0.007000
vt -0.006000 0.008000
vt -0.006000 0.008000
vt -0.007000 -0.007000
vt -0.007000 -0.007000
vt -0.006000 -0.008000
vt -0.006000 -0.008000
vt -0.006000 -0.007000
vt -0.006000 -0.008000
vt -0.007000 -0.007000
vt -0.006000 -0.007000
vt -0.006000 -0.008000
vt -0.007000 -0.007000
vt -0.006000 0.007000
vt -0.006000 0.008000
vt -0.007000 0.007000
vt -0.006000 0.007000
vt -0.006000 0.008000
vt -0.007000 0.007000
vt 0.006000 -0.007000
vt 0.006000 -0.008000
vt 0.007000 -0.007000
vt 0.006000 -0.007000
vt 0.006000 -0.008000
vt 0.007000 -0.007000
vt 0.006000 0.007000
vt 0.006000 0.008000
vt 0.007000 0.007000
vt 0.006000 0.007000
vt 0.006000 0.008000
vt 0.007000 0.007000
vt -0.330691 -0.006000
vt 0.330691 -0.006000
vt 0.330691 0.006000
vt -0.330691 0.006000
vt 0.330691 -0.006000
vt -0.330691 -0.006000
vt -0.330691 0.006000
vt 0.330691 0.006000
vt -0.330691 -0.028000
vt 0.330691 -0.028000
vt 0.330691 0.028000
vt -0.330691 0.028000
vt -0.330691 0.028000
vt 0.330691 0.028000
vt 0.330691 -0.028000
vt -0.330691 -0.028000
vt -0.028000 -0.006000
vt 0.028000 -0.006000
vt 0.028000 0.006000
vt -0.028000 0.006000
vt 0.028000 -0.006000
vt -0.028000 -0.006000
vt -0.028000 0.006000
vt 0.028000 0.006000
vt -0.330691 0.008000
vt 0.330691 0.008000
vt 0.330691 0.006000
vt -0.330691 0.006000
vt -0.330691 0.008000
vt 0.330691 0.008000
vt 0.330691 0.006000
vt -0.330691 0.006000
vt -0.330691 -0.008000
vt 0.330691 -0.008000
vt 0.330691 -0.006000
vt -0.330691 -0.006000
vt -0.330691 -0.008000
vt 0.330691 -0.008000
vt 0.330691 -0.006000
vt -0.330691 -0.006000
vt 0.332691 -0.006000
vt 0.332691 0.006000
vt 0.330691 0.006000
vt 0.330691 -0.006000
vt 0.332691 -0.006000
vt 0.332691 0.006000
vt 0.330691 0.006000
vt 0.330691 -0.006000
vt -0.332691 -0.006000
vt -0.332691 0.006000
vt -0.330691 0.006000
vt -0.330691 -0.006000
vt -0.332691 -0.006000
vt -0.332691 0.006000
vt -0.330691 0.006000
vt -0.330691 -0.006000
vt 0.332691 0.006000
vt 0.332691 0.006000
vt 0.330691 0.008000
vt 0.330691 0.008000
vt 0.332691 -0.006000
vt 0.332691 -0.006000
vt 0.330691 -0.008000
vt 0.330691 -0.008000
vt -0.332691 0.006000
vt -0.332691 0.006000
vt -0.330691 0.008000
vt -0.330691 0.008000
vt -0.332691 -0.006000
vt -0.332691 -0.006000
vt -0.330691 -0.008000
vt -0.330691 -0.008000
vt -0.330691 -0.006000
vt -0.330691 -0.008000
vt -0.332691 -0.006000
vt -0.330691 -0.006000
vt -0.330691 -0.008000
vt -0.332691 -0.006000
vt -0.330691 0.006000
vt -0.330691 0.008000
vt -0.332691 0.006000
vt -0.330691 0.006000
vt -0.330691 0.008000
vt -0.332691 0.006000
vt 0.330691 -0.006000
vt 0.330691 -0.008000
vt 0.332691 -0.006000
vt 0.330691 -0.006000
vt 0.330691 -0.008000
vt 0.332691 -0.006000
vt 0.330691 0.006000
vt 0.330691 0.008000
vt 0.332691 0.006000
vt 0.330691 0.006000
vt 0.330691 0.008000
vt 0.332691 0.006000
vt -0.263641 -0.004000
vt 0.263641 -0.004000
vt 0.263641 0.004000
vt -0.263641 0.004000
vt 0.263641 -0.004000
vt -0.263641 -0.004000
vt -0.263641 0.004000
vt 0.263641 0.004000
vt -0.263641 -0.016500
vt 0.263641 -0.016500
vt 0.263641 0.016500
vt -0.263641 0.016500
vt -0.263641 0.016500
vt 0.263641 0.016500
vt 0.263641 -0.016500
vt -0.263641 -0.016500
vt -0.016500 -0.004000
vt 0.016500 -0.004000
vt 0.016500 0.004000
vt -0.016500 0.004000
vt 0.016500 -0.004000
vt -0.016500 -0.004000
vt -0.016500 0.004000
vt 0.016500 0.004000
vt -0.263641 0.005000
vt 0.263641 0.005000
vt 0.263641 0.004000
vt -0.263641 0.004000
vt -0.263641 0.005000
vt 0.263641 0.005000
vt 0.263641 0.004000
vt -0.263641 0.004000
vt -0.263641 -0.005000
vt 0.263641 -0.005000
vt 0.263641 -0.004000
vt -0.263641 -0.004000
vt -0.263641 -0.005000
vt 0.263641 -0.005000
vt 0.263641 -0.004000
vt -0.263641 -0.004000
vt 0.264641 -0.004000
vt 0.264641 0.004000
vt 0.263641 0.004000
vt 0.263641 -0.004000
vt 0.264641 -0.004000
vt 0.264641 0.004000
vt 0.263641 0.004000
vt 0.263641 -0.004000
vt -0.264641 -0.004000
vt -0.264641 0.004000
vt -0.263641 0.004000
vt -0.263641 -0.004000
vt -0.264641 -0.004000
vt -0.264641 0.004000
vt -0.263641 0.004000
vt -0.263641 -0.004000
vt 0.264641 0.004000
vt 0.264641 0.004000
vt 0.263641 0.005000
vt 0.263641 0.005000
vt 0.264641 -0.004000
vt 0.264641 -0.004000
vt 0.263641 -0.005000
vt 0.263641 -0.005000
vt -0.264641 0.004000
vt -0.264641 0.004000
vt -0.263641 0.005000
vt -0.263641 0.005000
vt -0.264641 -0.004000
vt -0.264641 -0.004000
vt -0.263641 -0.005000
vt -0.263641 -0.005000
vt -0.263641 -0.004000
vt -0.263641 -0.005000
vt -0.264641 -0.004000
vt -0.263641 -0.004000
vt -0.263641 -0.005000
vt -0.264641 -0.004000
vt -0.263641 0.004000
vt -0.263641 0.005000
vt -0.264641 0.004000
vt -0.263641 0.004000
vt -0.263641 0.005000
vt -0.264641 0.004000
vt 0.263641 -0.004000
vt 0.263641 -0.005000
vt 0.264641 -0.004000
vt 0.263641 -0.004000
vt 0.263641 -0.005000
vt 0.264641 -0.004000
vt 0.263641 0.004000
vt 0.263641 0.005000
vt 0.264641 0.004000
vt 0.263641 0.004000
vt 0.263641 0.005000
vt 0.264641 0.004000
vt -0.015500 -0.005000
vt 0.015500 -0.005000
vt 0.015500 0.005000
vt -0.015500 0.005000
vt 0.015500 -0.005000
vt -0.015500 -0.005000
vt -0.015500 0.005000
vt 0.015500 0.005000
vt -0.015500 -0.147817
vt 0.015500 -0.147817
vt 0.015500 0.147817
vt -0.015500 0.147817
vt -0.015500 0.147817
vt 0.015500 0.147817
vt 0.015500 -0.147817
vt -0.015500 -0.147817
vt -0.147817 -0.005000
vt 0.147817 -0.005000
vt 0.147817 0.005000
vt -0.147817 0.005000
vt 0.147817 -0.005000
vt -0.147817 -0.005000
vt -0.147817 0.005000
vt 0.147817 0.005000
vt -0.015500 0.007000
vt 0.015500 0.007000
vt 0.015500 0.005000
vt -0.015500 0.005000
vt -0.015500 0.007000
vt 0.015500 0.007000
vt 0.015500 0.005000
vt -0.015500 0.005000
vt -0.015500 -0.007000
vt 0.015500 -0.007000
vt 0.015500 -0.005000
vt -0.015500 -0.005000
vt -0.015500 -0.007000
vt 0.015500 -0.007000
vt 0.015500 -0.005000
vt -0.015500 -0.005000
vt 0.017500 -0.005000
vt 0.017500 0.005000
vt 0.015500 0.005000
vt 0.015500 -0.005000
vt 0.017500 -0.005000
vt 0.017500 0.005000
vt 0.015500 0.005000
vt 0.015500 -0.005000
vt -0.017500 -0.005000
vt -0.017500 0.005000
vt -0.015500 0.005000
vt -0.015500 -0.005000
vt -0.017500 -0.005000
vt -0.017500 0.005000
vt -0.015500 0.005000
vt -0.015500 -0.005000
vt 0.017500 0.005000
vt 0.017500 0.005000
vt 0.015500 0.007000
vt 0.015500 0.007000
vt 0.017500 -0.005000
vt 0.017500 -0.005000
vt 0.015500 -0.007000
vt 0.015500 -0.007000
vt -0.017500 0.005000
vt -0.017500 0.005000
vt -0.015500 0.007000
vt -0.015500 0.007000
vt -0.017500 -0.005000
vt -0.017500 -0.005000
vt -0.015500 -0.007000
vt -0.015500 -0.007000
vt -0.015500 -0.005000
vt -0.015500 -0.007000
vt -0.017500 -0.005000
vt -0.015500 -0.005000
vt -0.015500 -0.007000
vt -0.017500 -0.005000
vt -0.015500 0.005000
vt -0.015500 0.007000
vt -0.017500 0.005000
vt -0.015500 0.005000
vt -0.015500 0.007000
vt -0.017500 0.005000
vt 0.015500 -0.005000
vt 0.015500 -0.007000
vt 0.017500 -0.005000
vt 0.015500 -0.005000
vt 0.015500 -0.007000
vt 0.017500 -0.005000
vt 0.015500 0.005000
vt 0.015500 0.007000
vt 0.017500 0.005000
vt 0.015500 0.005000
vt 0.015500 0.007000
vt 0.017500 0.005000
vt -0.018000 -0.048000
vt 0.018000 -0.048000
vt 0.018000 0.048000
vt -0.018000 0.048000
vt 0.018000 -0.048000
vt -0.018000 -0.048000
vt -0.018000 0.048000
vt 0.018000 0.048000
vt -0.018000 -0.006000
vt 0.018000 -0.006000
vt 0.018000 0.006000
vt -0.018000 0.006000
vt -0.018000 0.006000
vt 0.018000 0.006000
vt 0.018000 -0.006000
vt -0.018000 -0.006000
vt -0.006000 -0.048000
vt 0.006000 -0.048000
vt 0.006000 0.048000
vt -0.006000 0.048000
vt 0.006000 -0.048000
vt -0.006000 -0.048000
vt -0.006000 0.048000
vt 0.006000 0.048000
vt -0.018000 0.050000
vt 0.018000 0.050000
vt 0.018000 0.048000
vt -0.018000 0.048000
vt -0.018000 0.050000
vt 0.018000 0.050000
vt 0.018000 0.048000
vt -0.018000 0.048000
vt -0.018000 -0.050000
vt 0.018000 -0.050000
vt 0.018000 -0.048000
vt -0.018000 -0.048000
vt -0.018000 -0.050000
vt 0.018000 -0.050000
vt 0.018000 -0.048000
vt -0.018000 -0.048000
vt 0.020000 -0.048000
vt 0.020000 0.048000
vt 0.018000 0.048000
vt 0.018000 -0.048000
vt 0.020000 -0.048000
vt 0.020000 0.048000
vt 0.018000 0.048000
vt 0.018000 -0.048000
vt -0.020000 -0.048000
vt -0.020000 0.048000
vt -0.018000 0.048000
vt -0.018000 -0.048000
vt -0.020000 -0.048000
vt -0.020000 0.048000
vt -0.018000 0.048000
vt -0.018000 -0.048000
vt 0.020000 0.048000
vt 0.020000 0.048000
vt 0.018000 0.050000
vt 0.018000 0.050000
vt 0.020000 -0.048000
vt 0.020000 -0.048000
vt 0.018000 -0.050000
vt 0.018000 -0.050000
vt -0.020000 0.048000
vt -0.020000 0.048000
vt -0.018000 0.050000
vt -0.018000 0.050000
vt -0.020000 -0.048000
vt -0.020000 -0.048000
vt -0.018000 -0.050000
vt -0.018000 -0.050000
vt -0.018000 -0.048000
vt -0.018000 -0.050000
vt -0.020000 -0.048000
vt -0.018000 -0.048000
vt -0.018000 -0.050000
vt -0.020000 -0.048000
vt -0.018000 0.048000
vt -0.018000 0.050000
vt -0.020000 0.048000
vt -0.018000 0.048000
vt -0.018000 0.050000
vt -0.020000 0.048000
vt 0.018000 -0.048000
vt 0.018000 -0.050000
vt 0.020000 -0.048000
vt 0.018000 -0.048000
vt 0.018000 -0.050000
vt 0.020000 -0.048000
vt 0.018000 0.048000
vt 0.018000 0.050000
vt 0.020000 0.048000
vt 0.018000 0.048000
vt 0.018000 0.050000
vt 0.020000 0.048000
vt 0.000000 0.000000
vt 0.166667 0.000000
vt 0.333333 0.000000
vt 0.500000 0.000000
vt 0.666667 0.000000
vt 0.833333 0.000000
vt 0.000000 0.000000
vt 0.166667 0.000000
vt 0.333333 0.000000
vt 0.500000 0.000000
vt 0.666667 0.000000
vt 0.833333 0.000000
vt 0.000000 0.358637
vt 0.166667 0.358637
vt 0.333333 0.358637
vt 0.500000 0.358637
vt 0.666667 0.358637
vt 0.833333 0.358637
vt 0.000000 0.358637
vt 0.166667 0.358637
vt 0.333333 0.358637
vt 0.500000 0.358637
vt 0.666667 0.358637
vt 0.833333 0.358637
vt 0.500000 0.500000
vt 0.500000 0.500000
vt 0.000000 0.000000
vt 0.200000 0.000000
vt 0.400000 0.000000
vt 0.600000 0.000000
vt 0.800000 0.000000
vt 0.000000 0.000000
vt 0.200000 0.000000
vt 0.400000 0.000000
vt 0.600000 0.000000
vt 0.800000 0.000000
vt 0.000000 0.015000
vt 0.200000 0.015000
vt 0.400000 0.015000
vt 0.600000 0.015000
vt 0.800000 0.015000
vt 0.000000 0.015000
vt 0.200000 0.015000
vt 0.400000 0.015000
vt 0.600000 0.015000
vt 0.800000 0.015000
vt 0.500000 0.500000
vt 0.500000 0.500000
vt -0.015500 -0.005000
vt 0.015500 -0.005000
vt 0.015500 0.005000
vt -0.015500 0.005000
vt 0.015500 -0.005000
vt -0.015500 -0.005000
vt -0.015500 0.005000
vt 0.015500 0.005000
vt -0.015500 -0.147817
vt 0.015500 -0.147817
vt 0.015500 0.147817
vt -0.015500 0.147817
vt -0.015500 0.147817
vt 0.015500 0.147817
vt 0.015500 -0.147817
vt -0.015500 -0.147817
vt -0.147817 -0.005000
vt 0.147817 -0.005000
vt 0.147817 0.005000
vt -0.147817 0.005000
vt 0.147817 -0.005000
vt -0.147817 -0.005000
vt -0.147817 0.005000
vt 0.147817 0.005000
vt -0.015500 0.007000
vt 0.015500 0.007000
vt 0.015500 0.005000
vt -0.015500 0.005000
vt -0.015500 0.007000
vt 0.015500 0.007000
vt 0.015500 0.005000
vt -0.015500 0.005000
vt -0.015500 -0.007000
vt 0.015500 -0.007000
vt 0.015500 -0.005000
vt -0.015500 -0.005000
vt -0.015500 -0.007000
vt 0.015500 -0.007000
vt 0.015500 -0.005000
vt -0.015500 -0.005000
vt 0.017500 -0.005000
vt 0.017500 0.005000
vt 0.015500 0.005000
vt 0.015500 -0.005000
vt 0.017500 -0.005000
vt 0.017500 0.005000
vt 0.015500 0.005000
vt 0.015500 -0.005000
vt -0.017500 -0.005000
vt -0.017500 0.005000
vt -0.015500 0.005000
vt -0.015500 -0.005000
vt -0.017500 -0.005000
vt -0.017500 0.005000
vt -0.015500 0.005000
vt -0.015500 -0.005000
vt 0.017500 0.005000
vt 0.017500 0.005000
vt 0.015500 0.007000
vt 0.015500 0.007000
vt 0.017500 -0.005000
vt 0.017500 -0.005000
vt 0.015500 -0.007000
vt 0.015500 -0.007000
vt -0.017500 0.005000
vt -0.017500 0.005000
vt -0.015500 0.007000
vt -0.015500 0.007000
vt -0.017500 -0.005000
vt -0.017500 -0.005000
vt -0.015500 -0.007000
vt -0.015500 -0.007000
vt -0.015500 -0.005000
vt -0.015500 -0.007000
vt -0.017500 -0.005000
vt -0.015500 -0.005000
vt -0.015500 -0.007000
vt -0.017500 -0.005000
vt -0.015500 0.005000
vt -0.015500 0.007000
vt -0.017500 0.005000
vt -0.015500 0.005000
vt -0.015500 0.007000
vt -0.017500 0.005000
vt 0.015500 -0.005000
vt 0.015500 -0.007000
vt 0.017500 -0.005000
vt 0.015500 -0.005000
vt 0.015500 -0.007000
vt 0.017500 -0.005000
vt 0.015500 0.005000
vt 0.015500 0.007000
vt 0.017500 0.005000
vt 0.015500 0.005000
vt 0.015500 0.007000
vt 0.017500 0.005000
vt -0.018000 -0.048000
vt 0.018000 -0.048000
vt 0.018000 0.048000
vt -0.018000 0.048000
vt 0.018000 -0.048000
vt -0.018000 -0.048000
vt -0.018000 0.048000
vt 0.018000 0.048000
vt -0.018000 -0.006000
vt 0.018000 -0.006000
vt 0.018000 0.006000
vt -0.018000 0.006000
vt -0.018000 0.006000
vt 0.018000 0.006000
vt 0.018000 -0.006000
vt -0.018000 -0.006000
vt -0.006000 -0.048000
vt 0.006000 -0.048000
vt 0.006000 0.048000
vt -0.006000 0.048000
vt 0.006000 -0.048000
vt -0.006000 -0.048000
vt -0.006000 0.048000
vt 0.006000 0.048000
vt -0.018000 0.050000
vt 0.018000 0.050000
vt 0.018000 0.048000
vt -0.018000 0.048000
vt -0.018000 0.050000
vt 0.018000 0.050000
vt 0.018000 0.048000
vt -0.018000 0.048000
vt -0.018000 -0.050000
vt 0.018000 -0.050000
vt 0.018000 -0.048000
vt -0.018000 -0.048000
vt -0.018000 -0.050000
vt 0.018000 -0.050000
vt 0.018000 -0.048000
vt -0.018000 -0.048000
vt 0.020000 -0.048000
vt 0.020000 0.048000
vt 0.018000 0.048000
vt 0.018000 -0.048000
vt 0.020000 -0.048000
vt 0.020000 0.048000
vt 0.018000 0.048000
vt 0.018000 -0.048000
vt -0.020000 -0.048000
vt -0.020000 0.048000
vt -0.018000 0.048000
vt -0.018000 -0.048000
vt -0.020000 -0.048000
vt -0.020000 0.048000
vt -0.018000 0.048000
vt -0.018000 -0.048000
vt 0.020000 0.048000
vt 0.020000 0.048000
vt 0.018000 0.050000
vt 0.018000 0.050000
vt 0.020000 -0.048000
vt 0.020000 -0.048000
vt 0.018000 -0.050000
vt 0.018000 -0.050000
vt -0.020000 0.048000
vt -0.020000 0.048000
vt -0.018000 0.050000
vt -0.018000 0.050000
vt -0.020000 -0.048000
vt -0.020000 -0.048000
vt -0.018000 -0.050000
vt -0.018000 -0.050000
vt -0.018000 -0.048000
vt -0.018000 -0.050000
vt -0.020000 -0.048000
vt -0.018000 -0.048000
vt -0.018000 -0.050000
vt -0.020000 -0.048000
vt -0.018000 0.048000
vt -0.018000 0.050000
vt -0.020000 0.048000
vt -0.018000 0.048000
vt -0.018000 0.050000
vt -0.020000 0.048000
vt 0.018000 -0.048000
vt 0.018000 -0.050000
vt 0.020000 -0.048000
vt 0.018000 -0.048000
vt 0.018000 -0.050000
vt 0.020000 -0.048000
vt 0.018000 0.048000
vt 0.018000 0.050000
vt 0.020000 0.048000
vt 0.018000 0.048000
vt 0.018000 0.050000
vt 0.020000 0.048000
vt 0.000000 0.000000
vt 0.166667 0.000000
vt 0.333333 0.000000
vt 0.500000 0.000000
vt 0.666667 0.000000
vt 0.833333 0.000000
vt 0.000000 0.000000
vt 0.166667 0.000000
vt 0.333333 0.000000
vt 0.500000 0.000000
vt 0.666667 0.000000
vt 0.833333 0.000000
vt 0.000000 0.358637
vt 0.166667 0.358637
vt 0.333333 0.358637
vt 0.500000 0.358637
vt 0.666667 0.358637
vt 0.833333 0.358637
vt 0.000000 0.358637
vt 0.166667 0.358637
vt 0.333333 0.358637
vt 0.500000 0.358637
vt 0.666667 0.358637
vt 0.833333 0.358637
vt 0.500000 0.500000
vt 0.500000 0.500000
vt 0.000000 0.000000
vt 0.200000 0.000000
vt 0.400000 0.000000
vt 0.600000 0.000000
vt 0.800000 0.000000
vt 0.000000 0.000000
vt 0.200000 0.000000
vt 0.400000 0.000000
vt 0.600000 0.000000
vt 0.800000 0.000000
vt 0.000000 0.015000
vt 0.200000 0.015000
vt 0.400000 0.015000
vt 0.600000 0.015000
vt 0.800000 0.015000
vt 0.000000 0.015000
vt 0.200000 0.015000
vt 0.400000 0.015000
vt 0.600000 0.015000
vt 0.800000 0.015000
vt 0.500000 0.500000
vt 0.500000 0.500000
vt -0.008000 -0.038000
vt 0.008000 -0.038000
vt 0.008000 0.038000
vt -0.008000 0.038000
vt 0.008000 -0.038000
vt -0.008000 -0.038000
vt -0.008000 0.038000
vt 0.008000 0.038000
vt -0.008000 -0.048000
vt 0.008000 -0.048000
vt 0.008000 0.048000
vt -0.008000 0.048000
vt -0.008000 0.048000
vt 0.008000 0.048000
vt 0.008000 -0.048000
vt -0.008000 -0.048000
vt -0.048000 -0.038000
vt 0.048000 -0.038000
vt 0.048000 0.038000
vt -0.048000 0.038000
vt 0.048000 -0.038000
vt -0.048000 -0.038000
vt -0.048000 0.038000
vt 0.048000 0.038000
vt -0.008000 0.040000
vt 0.008000 0.040000
vt 0.008000 0.038000
vt -0.008000 0.038000
vt -0.008000 0.040000
vt 0.008000 0.040000
vt 0.008000 0.038000
vt -0.008000 0.038000
vt -0.008000 -0.040000
vt 0.008000 -0.040000
vt 0.008000 -0.038000
vt -0.008000 -0.038000
vt -0.008000 -0.040000
vt 0.008000 -0.040000
vt 0.008000 -0.038000
vt -0.008000 -0.038000
vt 0.010000 -0.038000
vt 0.010000 0.038000
vt 0.008000 0.038000
vt 0.008000 -0.038000
vt 0.010000 -0.038000
vt 0.010000 0.038000
vt 0.008000 0.038000
vt 0.008000 -0.038000
vt -0.010000 -0.038000
vt -0.010000 0.038000
vt -0.008000 0.038000
vt -0.008000 -0.038000
vt -0.010000 -0.038000
vt -0.010000 0.038000
vt -0.008000 0.038000
vt -0.008000 -0.038000
vt 0.010000 0.038000
vt 0.010000 0.038000
vt 0.008000 0.040000
vt 0.008000 0.040000
vt 0.010000 -0.038000
vt 0.010000 -0.038000
vt 0.008000 -0.040000
vt 0.008000 -0.040000
vt -0.010000 0.038000
vt -0.010000 0.038000
vt -0.008000 0.040000
vt -0.008000 0.040000
vt -0.010000 -0.038000
vt -0.010000 -0.038000
vt -0.008000 -0.040000
vt -0.008000 -0.040000
vt -0.008000 -0.038000
vt -0.008000 -0.040000
vt -0.010000 -0.038000
vt -0.008000 -0.038000
vt -0.008000 -0.040000
vt -0.010000 -0.038000
vt -0.008000 0.038000
vt -0.008000 0.040000
vt -0.010000 0.038000
vt -0.008000 0.038000
vt -0.008000 0.040000
vt -0.010000 0.038000
vt 0.008000 -0.038000
vt 0.008000 -0.040000
vt 0.010000 -0.038000
vt 0.008000 -0.038000
vt 0.008000 -0.040000
vt 0.010000 -0.038000
vt 0.008000 0.038000
vt 0.008000 0.040000
vt 0.010000 0.038000
vt 0.008000 0.038000
vt 0.008000 0.040000
vt 0.010000 0.038000
vn 0.026272 -0.000204 0.999655
vn 0.026272 -0.000204 0.999655
vn 0.026272 -0.000204 0.999655
vn 0.026272 -0.000204 0.999655
vn -0.026272 0.000204 -0.999655
vn -0.026272 0.000204 -0.999655
vn -0.026272 0.000204 -0.999655
vn -0.026272 0.000204 -0.999655
vn 0.007763 0.999970 0.000000
vn 0.007763 0.999970 0.000000
vn 0.007763 0.999970 0.000000
vn 0.007763 0.999970 0.000000
vn -0.007763 -0.999970 0.000000
vn -0.007763 -0.999970 0.000000
vn -0.007763 -0.999970 0.000000
vn -0.007763 -0.999970 0.000000
vn 0.999625 -0.007760 -0.026272
vn 0.999625 -0.007760 -0.026272
vn 0.999625 -0.007760 -0.026272
vn 0.999625 -0.007760 -0.026272
vn -0.999625 0.007760 0.026272
vn -0.999625 0.007760 0.026272
vn -0.999625 0.007760 0.026272
vn -0.999625 0.007760 0.026272
vn 0.024066 0.706941 0.706863
vn 0.024066 0.706941 0.706863
vn 0.024066 0.706941 0.706863
vn 0.024066 0.706941 0.706863
vn -0.013088 0.707230 -0.706863
vn -0.013088 0.707230 -0.706863
vn -0.013088 0.707230 -0.706863
vn -0.013088 0.707230 -0.706863
vn 0.013088 -0.707230 0.706863
vn 0.013088 -0.707230 0.706863
vn 0.013088 -0.707230 0.706863
vn 0.013088 -0.707230 0.706863
vn -0.024066 -0.706941 -0.706863
vn -0.024066 -0.706941 -0.706863
vn -0.024066 -0.706941 -0.706863
vn -0.024066 -0.706941 -0.706863
vn 0.725418 -0.005631 0.688285
vn 0.725418 -0.005631 0.688285
vn 0.725418 -0.005631 0.688285
vn 0.725418 -0.005631 0.688285
vn 0.688265 -0.005343 -0.725440
vn 0.688265 -0.005343 -0.725440
vn 0.688265 -0.005343 -0.725440
vn 0.688265 -0.005343 -0.725440
vn -0.688265 0.005343 0.725440
vn -0.688265 0.005343 0.725440
vn -0.688265 0.005343 0.725440
vn -0.688265 0.005343 0.725440
vn -0.725418 0.005631 -0.688285
vn -0.725418 0.005631 -0.688285
vn -0.725418 0.005631 -0.688285
vn -0.725418 0.005631 -0.688285
vn 0.712330 0.701598 -0.018577
vn 0.712330 0.701598 -0.018577
vn 0.712330 0.701598 -0.018577
vn 0.712330 0.701598 -0.018577
vn 0.701352 -0.712573 -0.018577
vn 0.701352 -0.712573 -0.018577
vn 0.701352 -0.712573 -0.018577
vn 0.701352 -0.712573 -0.018577
vn -0.701352 0.712573 0.018577
vn -0.701352 0.712573 0.018577
vn -0.701352 0.712573 0.018577
vn -0.701352 0.712573 0.018577
vn -0.712330 -0.701598 0.018577
vn -0.712330 -0.701598 0.018577
vn -0.712330 -0.701598 0.018577
vn -0.712330 -0.701598 0.018577
vn -0.596783 -0.572735 -0.561983
vn -0.596783 -0.572735 -0.561983
vn -0.596783 -0.572735 -0.561983
vn -0.566447 -0.572970 0.592319
vn -0.566447 -0.572970 0.592319
vn -0.566447 -0.572970 0.592319
vn -0.587820 0.581931 -0.561983
vn -0.587820 0.581931 -0.561983
vn -0.587820 0.581931 -0.561983
vn -0.557484 0.581695 0.592319
vn -0.557484 0.581695 0.592319
vn -0.557484 0.581695 0.592319
vn 0.557484 -0.581695 -0.592319
vn 0.557484 -0.581695 -0.592319
vn 0.557484 -0.581695 -0.592319
vn 0.587820 -0.581931 0.561983
vn 0.587820 -0.581931 0.561983
vn 0.587820 -0.581931 0.561983
vn 0.566447 0.572970 -0.592319
vn 0.566447 0.572970 -0.592319
vn 0.566447 0.572970 -0.592319
vn 0.596783 0.572735 0.561983
vn 0.596783 0.572735 0.561983
vn 0.596783 0.572735 0.561983
vn 0.026272 -0.000204 0.999655
vn 0.026272 -0.000204 0.999655
vn 0.026272 -0.000204 0.999655
vn 0.026272 -0.000204 0.999655
vn -0.026272 0.000204 -0.999655
vn -0.026272 0.000204 -0.999655
vn -0.026272 0.000204 -0.999655
vn -0.026272 0.000204 -0.999655
vn 0.007763 0.999970 0.000000
vn 0.007763 0.999970 0.000000
vn 0.007763 0.999970 0.000000
vn 0.007763 0.999970 0.000000
vn -0.007763 -0.999970 0.000000
vn -0.007763 -0.999970 0.000000
vn -0.007763 -0.999970 0.000000
vn -0.007763 -0.999970 0.000000
vn 0.999625 -0.007760 -0.026272
vn 0.999625 -0.007760 -0.026272
vn 0.999625 -0.007760 -0.026272
vn 0.999625 -0.007760 -0.026272
vn -0.999625 0.007760 0.026272
vn -0.999625 0.007760 0.026272
vn -0.999625 0.007760 0.026272
vn -0.999625 0.007760 0.026272
vn 0.024066 0.706941 0.706863
vn 0.024066 0.706941 0.706863
vn 0.024066 0.706941 0.706863
vn 0.024066 0.706941 0.706863
vn -0.013088 0.707230 -0.706863
vn -0.013088 0.707230 -0.706863
vn -0.013088 0.707230 -0.706863
vn -0.013088 0.707230 -0.706863
vn 0.013088 -0.707230 0.706863
vn 0.013088 -0.707230 0.706863
vn 0.013088 -0.707230 0.706863
vn 0.013088 -0.707230 0.706863
vn -0.024066 -0.706941 -0.706863
vn -0.024066 -0.706941 -0.706863
vn -0.024066 -0.706941 -0.706863
vn -0.024066 -0.706941 -0.706863
vn 0.725418 -0.005631 0.688285
vn 0.725418 -0.005631 0.688285
vn 0.725418 -0.005631 0.688285
vn 0.725418 -0.005631 0.688285
vn 0.688265 -0.005343 -0.725440
vn 0.688265 -0.005343 -0.725440
vn 0.688265 -0.005343 -0.725440
vn 0.688265 -0.005343 -0.725440
vn -0.688265 0.005343 0.725440
vn -0.688265 0.005343 0.725440
vn -0.688265 0.005343 0.725440
vn -0.688265 0.005343 0.725440
vn -0.725418 0.005631 -0.688285
vn -0.725418 0.005631 -0.688285
vn -0.725418 0.005631 -0.688285
vn -0.725418 0.005631 -0.688285
vn 0.712330 0.701598 -0.018577
vn 0.712330 0.701598 -0.018577
vn 0.712330 0.701598 -0.018577
vn 0.712330 0.701598 -0.018577
vn 0.701352 -0.712573 -0.018577
vn 0.701352 -0.712573 -0.018577
vn 0.701352 -0.712573 -0.018577
vn 0.701352 -0.712573 -0.018577
vn -0.701352 0.712573 0.018577
vn -0.701352 0.712573 0.018577
vn -0.701352 0.712573 0.018577
vn -0.701352 0.712573 0.018577
vn -0.712330 -0.701598 0.018577
vn -0.712330 -0.701598 0.018577
vn -0.712330 -0.701598 0.018577
vn -0.712330 -0.701598 0.018577
vn -0.596783 -0.572735 -0.561983
vn -0.596783 -0.572735 -0.561983
vn -0.596783 -0.572735 -0.561983
vn -0.566447 -0.572970 0.592319
vn -0.566447 -0.572970 0.592319
vn -0.566447 -0.572970 0.592319
vn -0.587820 0.581931 -0.561983
vn -0.587820 0.581931 -0.561983
vn -0.587820 0.581931 -0.561983
vn -0.557484 0.581695 0.592319
vn -0.557484 0.581695 0.592319
vn -0.557484 0.581695 0.592319
vn 0.557484 -0.581695 -0.592319
vn 0.557484 -0.581695 -0.592319
vn 0.557484 -0.581695 -0.592319
vn 0.587820 -0.581931 0.561983
vn 0.587820 -0.581931 0.561983
vn 0.587820 -0.581931 0.561983
vn 0.566447 0.572970 -0.592319
vn 0.566447 0.572970 -0.592319
vn 0.566447 0.572970 -0.592319
vn 0.596783 0.572735 0.561983
vn 0.596783 0.572735 0.561983
vn 0.596783 0.572735 0.561983
vn 0.026272 -0.000204 0.999655
vn 0.026272 -0.000204 0.999655
vn 0.026272 -0.000204 0.999655
vn 0.026272 -0.000204 0.999655
vn -0.026272 0.000204 -0.999655
vn -0.026272 0.000204 -0.999655
vn -0.026272 0.000204 -0.999655
vn -0.026272 0.000204 -0.999655
vn 0.007763 0.999970 0.000000
vn 0.007763 0.999970 0.000000
vn 0.007763 0.999970 0.000000
vn 0.007763 0.999970 0.000000
vn -0.007763 -0.999970 0.000000
vn -0.007763 -0.999970 0.000000
vn -0.007763 -0.999970 0.000000
vn -0.007763 -0.999970 0.000000
vn 0.999625 -0.007760 -0.026272
vn 0.999625 -0.007760 -0.026272
vn 0.999625 -0.007760 -0.026272
vn 0.999625 -0.007760 -0.026272
vn -0.999625 0.007760 0.026272
vn -0.999625 0.007760 0.026272
vn -0.999625 0.007760 0.026272
vn -0.999625 0.007760 0.026272
vn 0.024066 0.706941 0.706863
vn 0.024066 0.706941 0.706863
vn 0.024066 0.706941 0.706863
vn 0.024066 0.706941 0.706863
vn -0.013088 0.707230 -0.706863
vn -0.013088 0.707230 -0.706863
vn -0.013088 0.707230 -0.706863
vn -0.013088 0.707230 -0.706863
vn 0.013088 -0.707230 0.706863
vn 0.013088 -0.707230 0.706863
vn 0.013088 -0.707230 0.706863
vn 0.013088 -0.707230 0.706863
vn -0.024066 -0.706941 -0.706863
vn -0.024066 -0.706941 -0.706863
vn -0.024066 -0.706941 -0.706863
vn -0.024066 -0.706941 -0.706863
vn 0.725418 -0.005631 0.688285
vn 0.725418 -0.005631 0.688285
vn 0.725418 -0.005631 0.688285
vn 0.725418 -0.005631 0.688285
vn 0.688265 -0.005343 -0.725440
vn 0.688265 -0.005343 -0.725440
vn 0.688265 -0.005343 -0.725440
vn 0.688265 -0.005343 -0.725440
vn -0.688265 0.005343 0.725440
vn -0.688265 0.005343 0.725440
vn -0.688265 0.005343 0.725440
vn -0.688265 0.005343 0.725440
vn -0.725418 0.005631 -0.688285
vn -0.725418 0.005631 -0.688285
vn -0.725418 0.005631 -0.688285
vn -0.725418 0.005631 -0.688285
vn 0.712330 0.701598 -0.018577
vn 0.712330 0.701598 -0.018577
vn 0.712330 0.701598 -0.018577
vn 0.712330 0.701598 -0.018577
vn 0.701352 -0.712573 -0.018577
vn 0.701352 -0.712573 -0.018577
vn 0.701352 -0.712573 -0.018577
vn 0.701352 -0.712573 -0.018577
vn -0.701352 0.712573 0.018577
vn -0.701352 0.712573 0.018577
vn -0.701352 0.712573 0.018577
vn -0.701352 0.712573 0.018577
vn -0.712330 -0.701598 0.018577
vn -0.712330 -0.701598 0.018577
vn -0.712330 -0.701598 0.018577
vn -0.712330 -0.701598 0.018577
vn -0.596783 -0.572735 -0.561983
vn -0.596783 -0.572735 -0.561983
vn -0.596783 -0.572735 -0.561983
vn -0.566447 -0.572970 0.592319
vn -0.566447 -0.572970 0.592319
vn -0.566447 -0.572970 0.592319
vn -0.587820 0.581931 -0.561983
vn -0.587820 0.581931 -0.561983
vn -0.587820 0.581931 -0.561983
vn -0.557484 0.581695 0.592319
vn -0.557484 0.581695 0.592319
vn -0.557484 0.581695 0.592319
vn 0.557484 -0.581695 -0.592319
vn 0.557484 -0.581695 -0.592319
vn 0.557484 -0.581695 -0.592319
vn 0.587820 -0.581931 0.561983
vn 0.587820 -0.581931 0.561983
vn 0.587820 -0.581931 0.561983
vn 0.566447 0.572970 -0.592319
vn 0.566447 0.572970 -0.592319
vn 0.566447 0.572970 -0.592319
vn 0.596783 0.572735 0.561983
vn 0.596783 0.572735 0.561983
vn 0.596783 0.572735 0.561983
vn 0.026272 -0.000204 0.999655
vn 0.026272 -0.000204 0.999655
vn 0.026272 -0.000204 0.999655
vn 0.026272 -0.000204 0.999655
vn -0.026272 0.000204 -0.999655
vn -0.026272 0.000204 -0.999655
vn -0.026272 0.000204 -0.999655
vn -0.026272 0.000204 -0.999655
vn 0.007763 0.999970 0.000000
vn 0.007763 0.999970 0.000000
vn 0.007763 0.999970 0.000000
vn 0.007763 0.999970 0.000000
vn -0.007763 -0.999970 0.000000
vn -0.007763 -0.999970 0.000000
vn -0.007763 -0.999970 0.000000
vn -0.007763 -0.999970 0.000000
vn 0.999625 -0.007760 -0.026272
vn 0.999625 -0.007760 -0.026272
vn 0.999625 -0.007760 -0.026272
vn 0.999625 -0.007760 -0.026272
vn -0.999625 0.007760 0.026272
vn -0.999625 0.007760 0.026272
vn -0.999625 0.007760 0.026272
vn -0.999625 0.007760 0.026272
vn 0.024066 0.706941 0.706863
vn 0.024066 0.706941 0.706863
vn 0.024066 0.706941 0.706863
vn 0.024066 0.706941 0.706863
vn -0.013088 0.707230 -0.706863
vn -0.013088 0.707230 -0.706863
vn -0.013088 0.707230 -0.706863
vn -0.013088 0.707230 -0.706863
vn 0.013088 -0.707230 0.706863
vn 0.013088 -0.707230 0.706863
vn 0.013088 -0.707230 0.706863
vn 0.013088 -0.707230 0.706863
vn -0.024066 -0.706941 -0.706863
vn -0.024066 -0.706941 -0.706863
vn -0.024066 -0.706941 -0.706863
vn -0.024066 -0.706941 -0.706863
vn 0.725418 -0.005631 0.688285
vn 0.725418 -0.005631 0.688285
vn 0.725418 -0.005631 0.688285
vn 0.725418 -0.005631 0.688285
vn 0.688265 -0.005343 -0.725440
vn 0.688265 -0.005343 -0.725440
vn 0.688265 -0.005343 -0.725440
vn 0.688265 -0.005343 -0.725440
vn -0.688265 0.005343 0.725440
vn -0.688265 0.005343 0.725440
vn -0.688265 0.005343 0.725440
vn -0.688265 0.005343 0.725440
vn -0.725418 0.005631 -0.688285
vn -0.725418 0.005631 -0.688285
vn -0.725418 0.005631 -0.688285
vn -0.725418 0.005631 -0.688285
vn 0.712330 0.701598 -0.018577
vn 0.712330 0.701598 -0.018577
vn 0.712330 0.701598 -0.018577
vn 0.712330 0.701598 -0.018577
vn 0.701352 -0.712573 -0.018577
vn 0.701352 -0.712573 -0.018577
vn 0.701352 -0.712573 -0.018577
vn 0.701352 -0.712573 -0.018577
vn -0.701352 0.712573 0.018577
vn -0.701352 0.712573 0.018577
vn -0.701352 0.712573 0.018577
vn -0.701352 0.712573 0.018577
vn -0.712330 -0.701598 0.018577
vn -0.712330 -0.701598 0.018577
vn -0.712330 -0.701598 0.018577
vn -0.712330 -0.701598 0.018577
vn -0.596783 -0.572735 -0.561983
vn -0.596783 -0.572735 -0.561983
vn -0.596783 -0.572735 -0.561983
vn -0.566447 -0.572970 0.592319
vn -0.566447 -0.572970 0.592319
vn -0.566447 -0.572970 0.592319
vn -0.587820 0.581931 -0.561983
vn -0.587820 0.581931 -0.561983
vn -0.587820 0.581931 -0.561983
vn -0.557484 0.581695 0.592319
vn -0.557484 0.581695 0.592319
vn -0.557484 0.581695 0.592319
vn 0.557484 -0.581695 -0.592319
vn 0.557484 -0.581695 -0.592319
vn 0.557484 -0.581695 -0.592319
vn 0.587820 -0.581931 0.561983
vn 0.587820 -0.581931 0.561983
vn 0.587820 -0.581931 0.561983
vn 0.566447 0.572970 -0.592319
vn 0.566447 0.572970 -0.592319
vn 0.566447 0.572970 -0.592319
vn 0.596783 0.572735 0.561983
vn 0.596783 0.572735 0.561983
vn 0.596783 0.572735 0.561983
vn 0.026272 -0.000204 0.999655
vn 0.026272 -0.000204 0.999655
vn 0.026272 -0.000204 0.999655
vn 0.026272 -0.000204 0.999655
vn -0.026272 0.000204 -0.999655
vn -0.026272 0.000204 -0.999655
vn -0.026272 0.000204 -0.999655
vn -0.026272 0.000204 -0.999655
vn 0.007763 0.999970 0.000000
vn 0.007763 0.999970 0.000000
vn 0.007763 0.999970 0.000000
vn 0.007763 0.999970 0.000000
vn -0.007763 -0.999970 0.000000
vn -0.007763 -0.999970 0.000000
vn -0.007763 -0.999970 0.000000
vn -0.007763 -0.999970 0.000000
vn 0.999625 -0.007760 -0.026272
vn 0.999625 -0.007760 -0.026272
vn 0.999625 -0.007760 -0.026272
vn 0.999625 -0.007760 -0.026272
vn -0.999625 0.007760 0.026272
vn -0.999625 0.007760 0.026272
vn -0.999625 0.007760 0.026272
vn -0.999625 0.007760 0.026272
vn 0.024066 0.706941 0.706863
vn 0.024066 0.706941 0.706863
vn 0.024066 0.706941 0.706863
vn 0.024066 0.706941 0.706863
vn -0.013088 0.707230 -0.706863
vn -0.013088 0.707230 -0.706863
vn -0.013088 0.707230 -0.706863
vn -0.013088 0.707230 -0.706863
vn 0.013088 -0.707230 0.706863
vn 0.013088 -0.707230 0.706863
vn 0.013088 -0.707230 0.706863
vn 0.013088 -0.707230 0.706863
vn -0.024066 -0.706941 -0.706863
vn -0.024066 -0.706941 -0.706863
vn -0.024066 -0.706941 -0.706863
vn -0.024066 -0.706941 -0.706863
vn 0.725418 -0.005631 0.688285
vn 0.725418 -0.005631 0.688285
vn 0.725418 -0.005631 0.688285
vn 0.725418 -0.005631 0.688285
vn 0.688265 -0.005343 -0.725440
vn 0.688265 -0.005343 -0.725440
vn 0.688265 -0.005343 -0.725440
vn 0.688265 -0.005343 -0.725440
vn -0.688265 0.005343 0.725440
vn -0.688265 0.005343 0.725440
vn -0.688265 0.005343 0.725440
vn -0.688265 0.005343 0.725440
vn -0.725418 0.005631 -0.688285
vn -0.725418 0.005631 -0.688285
vn -0.725418 0.005631 -0.688285
vn -0.725418 0.005631 -0.688285
vn 0.712330 0.701598 -0.018577
vn 0.712330 0.701598 -0.018577
vn 0.712330 0.701598 -0.018577
vn 0.712330 0.701598 -0.018577
vn 0.701352 -0.712573 -0.018577
vn 0.701352 -0.712573 -0.018577
vn 0.701352 -0.712573 -0.018577
vn 0.701352 -0.712573 -0.018577
vn -0.701352 0.712573 0.018577
vn -0.701352 0.712573 0.018577
vn -0.701352 0.712573 0.018577
vn -0.701352 0.712573 0.018577
vn -0.712330 -0.701598 0.018577
vn -0.712330 -0.701598 0.018577
vn -0.712330 -0.701598 0.018577
vn -0.712330 -0.701598 0.018577
vn -0.596783 -0.572735 -0.561983
vn -0.596783 -0.572735 -0.561983
vn -0.596783 -0.572735 -0.561983
vn -0.566447 -0.572970 0.592319
vn -0.566447 -0.572970 0.592319
vn -0.566447 -0.572970 0.592319
vn -0.587820 0.581931 -0.561983
vn -0.587820 0.581931 -0.561983
vn -0.587820 0.581931 -0.561983
vn -0.557484 0.581695 0.592319
vn -0.557484 0.581695 0.592319
vn -0.557484 0.581695 0.592319
vn 0.557484 -0.581695 -0.592319
vn 0.557484 -0.581695 -0.592319
vn 0.557484 -0.581695 -0.592319
vn 0.587820 -0.581931 0.561983
vn 0.587820 -0.581931 0.561983
vn 0.587820 -0.581931 0.561983
vn 0.566447 0.572970 -0.592319
vn 0.566447 0.572970 -0.592319
vn 0.566447 0.572970 -0.592319
vn 0.596783 0.572735 0.561983
vn 0.596783 0.572735 0.561983
vn 0.596783 0.572735 0.561983
vn 0.026272 -0.000204 0.999655
vn 0.026272 -0.000204 0.999655
vn 0.026272 -0.000204 0.999655
vn 0.026272 -0.000204 0.999655
vn -0.026272 0.000204 -0.999655
vn -0.026272 0.000204 -0.999655
vn -0.026272 0.000204 -0.999655
vn -0.026272 0.000204 -0.999655
vn 0.007763 0.999970 0.000000
vn 0.007763 0.999970 0.000000
vn 0.007763 0.999970 0.000000
vn 0.007763 0.999970 0.000000
vn -0.007763 -0.999970 0.000000
vn -0.007763 -0.999970 0.000000
vn -0.007763 -0.999970 0.000000
vn -0.007763 -0.999970 0.000000
vn 0.999625 -0.007760 -0.026272
vn 0.999625 -0.007760 -0.026272
vn 0.999625 -0.007760 -0.026272
vn 0.999625 -0.007760 -0.026272
vn -0.999625 0.007760 0.026272
vn -0.999625 0.007760 0.026272
vn -0.999625 0.007760 0.026272
vn -0.999625 0.007760 0.026272
vn 0.024066 0.706941 0.706863
vn 0.024066 0.706941 0.706863
vn 0.024066 0.706941 0.706863
vn 0.024066 0.706941 0.706863
vn -0.013088 0.707230 -0.706863
vn -0.013088 0.707230 -0.706863
vn -0.013088 0.707230 -0.706863
vn -0.013088 0.707230 -0.706863
vn 0.013088 -0.707230 0.706863
vn 0.013088 -0.707230 0.706863
vn 0.013088 -0.707230 0.706863
vn 0.013088 -0.707230 0.706863
vn -0.024066 -0.706941 -0.706863
vn -0.024066 -0.706941 -0.706863
vn -0.024066 -0.706941 -0.706863
vn -0.024066 -0.706941 -0.706863
vn 0.725418 -0.005631 0.688285
vn 0.725418 -0.005631 0.688285
vn 0.725418 -0.005631 0.688285
vn 0.725418 -0.005631 0.688285
vn 0.688265 -0.005343 -0.725440
vn 0.688265 -0.005343 -0.725440
vn 0.688265 -0.005343 -0.725440
vn 0.688265 -0.005343 -0.725440
vn -0.688265 0.005343 0.725440
vn -0.688265 0.005343 0.725440
vn -0.688265 0.005343 0.725440
vn -0.688265 0.005343 0.725440
vn -0.725418 0.005631 -0.688285
vn -0.725418 0.005631 -0.688285
vn -0.725418 0.005631 -0.688285
vn -0.725418 0.005631 -0.688285
vn 0.712330 0.701598 -0.018577
vn 0.712330 0.701598 -0.018577
vn 0.712330 0.701598 -0.018577
vn 0.712330 0.701598 -0.018577
vn 0.701352 -0.712573 -0.018577
vn 0.701352 -0.712573 -0.018577
vn 0.701352 -0.712573 -0.018577
vn 0.701352 -0.712573 -0.018577
vn -0.701352 0.712573 0.018577
vn -0.701352 0.712573 0.018577
vn -0.701352 0.712573 0.018577
vn -0.701352 0.712573 0.018577
vn -0.712330 -0.701598 0.018577
vn -0.712330 -0.701598 0.018577
vn -0.712330 -0.701598 0.018577
vn -0.712330 -0.701598 0.018577
vn -0.596783 -0.572735 -0.561983
vn -0.596783 -0.572735 -0.561983
vn -0.596783 -0.572735 -0.561983
vn -0.566447 -0.572970 0.592319
vn -0.566447 -0.572970 0.592319
vn -0.566447 -0.572970 0.592319
vn -0.587820 0.581931 -0.561983
vn -0.587820 0.581931 -0.561983
vn -0.587820 0.581931 -0.561983
vn -0.557484 0.581695 0.592319
vn -0.557484 0.581695 0.592319
vn -0.557484 0.581695 0.592319
vn 0.557484 -0.581695 -0.592319
vn 0.557484 -0.581695 -0.592319
vn 0.557484 -0.581695 -0.592319
vn 0.587820 -0.581931 0.561983
vn 0.587820 -0.581931 0.561983
vn 0.587820 -0.581931 0.561983
vn 0.566447 0.572970 -0.592319
vn 0.566447 0.572970 -0.592319
vn 0.566447 0.572970 -0.592319
vn 0.596783 0.572735 0.561983
vn 0.596783 0.572735 0.561983
vn 0.596783 0.572735 0.561983
vn 0.016734 -0.394500 0.918744
vn 0.016734 -0.394500 0.918744
vn 0.016734 -0.394500 0.918744
vn 0.016734 -0.394500 0.918744
vn -0.016734 0.394500 -0.918744
vn -0.016734 0.394500 -0.918744
vn -0.016734 0.394500 -0.918744
vn -0.016734 0.394500 -0.918744
vn 0.027624 0.918704 0.393980
vn 0.027624 0.918704 0.393980
vn 0.027624 0.918704 0.393980
vn 0.027624 0.918704 0.393980
vn -0.027624 -0.918704 -0.393980
vn -0.027624 -0.918704 -0.393980
vn -0.027624 -0.918704 -0.393980
vn -0.027624 -0.918704 -0.393980
vn 0.999478 -0.018787 -0.026271
vn 0.999478 -0.018787 -0.026271
vn 0.999478 -0.018787 -0.026271
vn 0.999478 -0.018787 -0.026271
vn -0.999478 0.018787 0.026271
vn -0.999478 0.018787 0.026271
vn -0.999478 0.018787 0.026271
vn -0.999478 0.018787 0.026271
vn 0.031365 0.370668 0.928235
vn 0.031365 0.370668 0.928235
vn 0.031365 0.370668 0.928235
vn 0.031365 0.370668 0.928235
vn 0.007701 0.928575 -0.371064
vn 0.007701 0.928575 -0.371064
vn 0.007701 0.928575 -0.371064
vn 0.007701 0.928575 -0.371064
vn -0.007701 -0.928575 0.371064
vn -0.007701 -0.928575 0.371064
vn -0.007701 -0.928575 0.371064
vn -0.007701 -0.928575 0.371064
vn -0.031365 -0.370668 -0.928235
vn -0.031365 -0.370668 -0.928235
vn -0.031365 -0.370668 -0.928235
vn -0.031365 -0.370668 -0.928235
vn 0.718570 -0.292238 0.631074
vn 0.718570 -0.292238 0.631074
vn 0.718570 -0.292238 0.631074
vn 0.718570 -0.292238 0.631074
vn 0.694905 0.265669 -0.668226
vn 0.694905 0.265669 -0.668226
vn 0.694905 0.265669 -0.668226
vn 0.694905 0.265669 -0.668226
vn -0.694905 -0.265669 0.668226
vn -0.694905 -0.265669 0.668226
vn -0.694905 -0.265669 0.668226
vn -0.694905 -0.265669 0.668226
vn -0.718570 0.292238 -0.631074
vn -0.718570 0.292238 -0.631074
vn -0.718570 0.292238 -0.631074
vn -0.718570 0.292238 -0.631074
vn 0.726271 0.636338 0.260009
vn 0.726271 0.636338 0.260009
vn 0.726271 0.636338 0.260009
vn 0.726271 0.636338 0.260009
vn 0.687205 -0.662906 -0.297162
vn 0.687205 -0.662906 -0.297162
vn 0.687205 -0.662906 -0.297162
vn 0.687205 -0.662906 -0.297162
vn -0.687205 0.662906 0.297162
vn -0.687205 0.662906 0.297162
vn -0.687205 0.662906 0.297162
vn -0.687205 0.662906 0.297162
vn -0.726271 -0.636338 -0.260009
vn -0.726271 -0.636338 -0.260009
vn -0.726271 -0.636338 -0.260009
vn -0.726271 -0.636338 -0.260009
vn -0.602659 -0.291803 -0.742734
vn -0.602659 -0.291803 -0.742734
vn -0.602659 -0.291803 -0.742734
vn -0.583337 -0.747332 0.318140
vn -0.583337 -0.747332 0.318140
vn -0.583337 -0.747332 0.318140
vn -0.570762 0.769025 -0.287805
vn -0.570762 0.769025 -0.287805
vn -0.570762 0.769025 -0.287805
vn -0.551439 0.313496 0.773069
vn -0.551439 0.313496 0.773069
vn -0.551439 0.313496 0.773069
vn 0.551439 -0.313496 -0.773069
vn 0.551439 -0.313496 -0.773069
vn 0.551439 -0.313496 -0.773069
vn 0.570762 -0.769025 0.287805
vn 0.570762 -0.769025 0.287805
vn 0.570762 -0.769025 0.287805
vn 0.583337 0.747332 -0.318140
vn 0.583337 0.747332 -0.318140
vn 0.583337 0.747332 -0.318140
vn 0.602659 0.291803 0.742734
vn 0.602659 0.291803 0.742734
vn 0.602659 0.291803 0.742734
vn 0.018305 -0.333587 0.942542
vn 0.018305 -0.333587 0.942542
vn 0.018305 -0.333587 0.942542
vn 0.018305 -0.333587 0.942542
vn -0.018305 0.333587 -0.942542
vn -0.018305 0.333587 -0.942542
vn -0.018305 0.333587 -0.942542
vn -0.018305 0.333587 -0.942542
vn 0.027034 0.942520 0.333054
vn 0.027034 0.942520 0.333054
vn 0.027034 0.942520 0.333054
vn 0.027034 0.942520 0.333054
vn -0.027034 -0.942520 -0.333054
vn -0.027034 -0.942520 -0.333054
vn -0.027034 -0.942520 -0.333054
vn -0.027034 -0.942520 -0.333054
vn 0.999467 -0.019384 -0.026271
vn 0.999467 -0.019384 -0.026271
vn 0.999467 -0.019384 -0.026271
vn 0.999467 -0.019384 -0.026271
vn -0.999467 0.019384 0.026271
vn -0.999467 0.019384 0.026271
vn -0.999467 0.019384 0.026271
vn -0.999467 0.019384 0.026271
vn 0.032059 0.430581 0.901982
vn 0.032059 0.430581 0.901982
vn 0.032059 0.430581 0.901982
vn 0.032059 0.430581 0.901982
vn 0.006173 0.902344 -0.430973
vn 0.006173 0.902344 -0.430973
vn 0.006173 0.902344 -0.430973
vn 0.006173 0.902344 -0.430973
vn -0.006173 -0.902344 0.430973
vn -0.006173 -0.902344 0.430973
vn -0.006173 -0.902344 0.430973
vn -0.006173 -0.902344 0.430973
vn -0.032059 -0.430581 -0.901982
vn -0.032059 -0.430581 -0.901982
vn -0.032059 -0.430581 -0.901982
vn -0.032059 -0.430581 -0.901982
vn 0.719673 -0.249588 0.647901
vn 0.719673 -0.249588 0.647901
vn 0.719673 -0.249588 0.647901
vn 0.719673 -0.249588 0.647901
vn 0.693787 0.222175 -0.685054
vn 0.693787 0.222175 -0.685054
vn 0.693787 0.222175 -0.685054
vn 0.693787 0.222175 -0.685054
vn -0.693787 -0.222175 0.685054
vn -0.693787 -0.222175 0.685054
vn -0.693787 -0.222175 0.685054
vn -0.693787 -0.222175 0.685054
vn -0.719673 0.249588 -0.647901
vn -0.719673 0.249588 -0.647901
vn -0.719673 0.249588 -0.647901
vn -0.719673 0.249588 -0.647901
vn 0.725846 0.652756 0.216929
vn 0.725846 0.652756 0.216929
vn 0.725846 0.652756 0.216929
vn 0.725846 0.652756 0.216929
vn 0.687614 -0.680169 -0.254081
vn 0.687614 -0.680169 -0.254081
vn 0.687614 -0.680169 -0.254081
vn 0.687614 -0.680169 -0.254081
vn -0.687614 0.680169 0.254081
vn -0.687614 0.680169 0.254081
vn -0.687614 0.680169 0.254081
vn -0.687614 0.680169 0.254081
vn -0.725846 -0.652756 -0.216929
vn -0.725846 -0.652756 -0.216929
vn -0.725846 -0.652756 -0.216929
vn -0.725846 -0.652756 -0.216929
vn -0.603219 -0.340376 -0.721298
vn -0.603219 -0.340376 -0.721298
vn -0.603219 -0.340376 -0.721298
vn -0.582082 -0.725569 0.367055
vn -0.582082 -0.725569 0.367055
vn -0.582082 -0.725569 0.367055
vn -0.572003 0.747952 -0.336720
vn -0.572003 0.747952 -0.336720
vn -0.572003 0.747952 -0.336720
vn -0.550866 0.362759 0.751633
vn -0.550866 0.362759 0.751633
vn -0.550866 0.362759 0.751633
vn 0.550866 -0.362759 -0.751633
vn 0.550866 -0.362759 -0.751633
vn 0.550866 -0.362759 -0.751633
vn 0.572003 -0.747952 0.336720
vn 0.572003 -0.747952 0.336720
vn 0.572003 -0.747952 0.336720
vn 0.582082 0.725569 -0.367055
vn 0.582082 0.725569 -0.367055
vn 0.582082 0.725569 -0.367055
vn 0.603219 0.340376 0.721298
vn 0.603219 0.340376 0.721298
vn 0.603219 0.340376 0.721298
vn 0.015312 -0.387828 0.921604
vn 0.015312 -0.387828 0.921604
vn 0.015312 -0.387828 0.921604
vn 0.015312 -0.387828 0.921604
vn -0.015312 0.387828 -0.921604
vn -0.015312 0.387828 -0.921604
vn -0.015312 0.387828 -0.921604
vn -0.015312 0.387828 -0.921604
vn 0.031356 0.921445 0.387240
vn 0.031356 0.921445 0.387240
vn 0.031356 0.921445 0.387240
vn 0.031356 0.921445 0.387240
vn -0.031356 -0.921445 -0.387240
vn -0.031356 -0.921445 -0.387240
vn -0.031356 -0.921445 -0.387240
vn -0.031356 -0.921445 -0.387240
vn 0.999391 -0.022968 -0.026269
vn 0.999391 -0.022968 -0.026269
vn 0.999391 -0.022968 -0.026269
vn 0.999391 -0.022968 -0.026269
vn -0.999391 0.022968 0.026269
vn -0.999391 0.022968 0.026269
vn -0.999391 0.022968 0.026269
vn -0.999391 0.022968 0.026269
vn 0.032999 0.377324 0.925493
vn 0.032999 0.377324 0.925493
vn 0.032999 0.377324 0.925493
vn 0.032999 0.377324 0.925493
vn 0.011345 0.925796 -0.377852
vn 0.011345 0.925796 -0.377852
vn 0.011345 0.925796 -0.377852
vn 0.011345 0.925796 -0.377852
vn -0.011345 -0.925796 0.377852
vn -0.011345 -0.925796 0.377852
vn -0.011345 -0.925796 0.377852
vn -0.011345 -0.925796 0.377852
vn -0.032999 -0.377324 -0.925493
vn -0.032999 -0.377324 -0.925493
vn -0.032999 -0.377324 -0.925493
vn -0.032999 -0.377324 -0.925493
vn 0.717503 -0.290477 0.633098
vn 0.717503 -0.290477 0.633098
vn 0.717503 -0.290477 0.633098
vn 0.717503 -0.290477 0.633098
vn 0.695849 0.257995 -0.670248
vn 0.695849 0.257995 -0.670248
vn 0.695849 0.257995 -0.670248
vn 0.695849 0.257995 -0.670248
vn -0.695849 -0.257995 0.670248
vn -0.695849 -0.257995 0.670248
vn -0.695849 -0.257995 0.670248
vn -0.695849 -0.257995 0.670248
vn -0.717503 0.290477 -0.633098
vn -0.717503 0.290477 -0.633098
vn -0.717503 0.290477 -0.633098
vn -0.717503 0.290477 -0.633098
vn 0.728848 0.635319 0.255245
vn 0.728848 0.635319 0.255245
vn 0.728848 0.635319 0.255245
vn 0.728848 0.635319 0.255245
vn 0.684504 -0.667801 -0.292396
vn 0.684504 -0.667801 -0.292396
vn 0.684504 -0.667801 -0.292396
vn 0.684504 -0.667801 -0.292396
vn -0.684504 0.667801 0.292396
vn -0.684504 0.667801 0.292396
vn -0.684504 0.667801 0.292396
vn -0.684504 0.667801 0.292396
vn -0.728848 -0.635319 -0.255245
vn -0.728848 -0.635319 -0.255245
vn -0.728848 -0.635319 -0.255245
vn -0.728848 -0.635319 -0.255245
vn -0.603942 -0.294823 -0.740495
vn -0.603942 -0.294823 -0.740495
vn -0.603942 -0.294823 -0.740495
vn -0.586262 -0.742649 0.323682
vn -0.586262 -0.742649 0.323682
vn -0.586262 -0.742649 0.323682
vn -0.567736 0.769170 -0.293349
vn -0.567736 0.769170 -0.293349
vn -0.567736 0.769170 -0.293349
vn -0.550055 0.321345 0.770829
vn -0.550055 0.321345 0.770829
vn -0.550055 0.321345 0.770829
vn 0.550055 -0.321345 -0.770829
vn 0.550055 -0.321345 -0.770829
vn 0.550055 -0.321345 -0.770829
vn 0.567736 -0.769170 0.293349
vn 0.567736 -0.769170 0.293349
vn 0.567736 -0.769170 0.293349
vn 0.586262 0.742649 -0.323682
vn 0.586262 0.742649 -0.323682
vn 0.586262 0.742649 -0.323682
vn 0.603942 0.294823 0.740495
vn 0.603942 0.294823 0.740495
vn 0.603942 0.294823 0.740495
vn 0.023870 -0.352062 0.935672
vn 0.023870 -0.352062 0.935672
vn 0.023870 -0.352062 0.935672
vn 0.023870 -0.352062 0.935672
vn -0.023870 0.352062 -0.935672
vn -0.023870 0.352062 -0.935672
vn -0.023870 0.352062 -0.935672
vn -0.023870 0.352062 -0.935672
vn 0.011164 0.935974 0.351891
vn 0.011164 0.935974 0.351891
vn 0.011164 0.935974 0.351891
vn 0.011164 0.935974 0.351891
vn -0.011164 -0.935974 -0.351891
vn -0.011164 -0.935974 -0.351891
vn -0.011164 -0.935974 -0.351891
vn -0.011164 -0.935974 -0.351891
vn 0.999653 -0.002046 -0.026272
vn 0.999653 -0.002046 -0.026272
vn 0.999653 -0.002046 -0.026272
vn 0.999653 -0.002046 -0.026272
vn -0.999653 0.002046 0.026272
vn -0.999653 0.002046 0.026272
vn -0.999653 0.002046 0.026272
vn -0.999653 0.002046 0.026272
vn 0.024773 0.412888 0.910445
vn 0.024773 0.412888 0.910445
vn 0.024773 0.412888 0.910445
vn 0.024773 0.412888 0.910445
vn -0.008985 0.910779 -0.412795
vn -0.008985 0.910779 -0.412795
vn -0.008985 0.910779 -0.412795
vn -0.008985 0.910779 -0.412795
vn 0.008985 -0.910779 0.412795
vn 0.008985 -0.910779 0.412795
vn 0.008985 -0.910779 0.412795
vn 0.008985 -0.910779 0.412795
vn -0.024773 -0.412888 -0.910445
vn -0.024773 -0.412888 -0.910445
vn -0.024773 -0.412888 -0.910445
vn -0.024773 -0.412888 -0.910445
vn 0.723740 -0.250392 0.643043
vn 0.723740 -0.250392 0.643043
vn 0.723740 -0.250392 0.643043
vn 0.723740 -0.250392 0.643043
vn 0.689983 0.247499 -0.680197
vn 0.689983 0.247499 -0.680197
vn 0.689983 0.247499 -0.680197
vn 0.689983 0.247499 -0.680197
vn -0.689983 -0.247499 0.680197
vn -0.689983 -0.247499 0.680197
vn -0.689983 -0.247499 0.680197
vn -0.689983 -0.247499 0.680197
vn -0.723740 0.250392 -0.643043
vn -0.723740 0.250392 -0.643043
vn -0.723740 0.250392 -0.643043
vn -0.723740 0.250392 -0.643043
vn 0.714755 0.660387 0.230248
vn 0.714755 0.660387 0.230248
vn 0.714755 0.660387 0.230248
vn 0.714755 0.660387 0.230248
vn 0.698967 -0.663281 -0.267402
vn 0.698967 -0.663281 -0.267402
vn 0.698967 -0.663281 -0.267402
vn 0.698967 -0.663281 -0.267402
vn -0.698967 0.663281 0.267402
vn -0.698967 0.663281 0.267402
vn -0.698967 0.663281 0.267402
vn -0.698967 0.663281 0.267402
vn -0.714755 -0.660387 -0.230248
vn -0.714755 -0.660387 -0.230248
vn -0.714755 -0.660387 -0.230248
vn -0.714755 -0.660387 -0.230248
vn -0.597376 -0.335941 -0.728207
vn -0.597376 -0.335941 -0.728207
vn -0.597376 -0.335941 -0.728207
vn -0.569814 -0.742467 0.352214
vn -0.569814 -0.742467 0.352214
vn -0.569814 -0.742467 0.352214
vn -0.584486 0.744830 -0.321878
vn -0.584486 0.744830 -0.321878
vn -0.584486 0.744830 -0.321878
vn -0.556923 0.338303 0.758543
vn -0.556923 0.338303 0.758543
vn -0.556923 0.338303 0.758543
vn 0.556923 -0.338303 -0.758543
vn 0.556923 -0.338303 -0.758543
vn 0.556923 -0.338303 -0.758543
vn 0.584486 -0.744830 0.321878
vn 0.584486 -0.744830 0.321878
vn 0.584486 -0.744830 0.321878
vn 0.569814 0.742467 -0.352214
vn 0.569814 0.742467 -0.352214
vn 0.569814 0.742467 -0.352214
vn 0.597376 0.335941 0.728207
vn 0.597376 0.335941 0.728207
vn 0.597376 0.335941 0.728207
vn 0.019864 -0.342618 0.939265
vn 0.019864 -0.342618 0.939265
vn 0.019864 -0.342618 0.939265
vn 0.019864 -0.342618 0.939265
vn -0.019864 0.342618 -0.939265
vn -0.019864 0.342618 -0.939265
vn -0.019864 0.342618 -0.939265
vn -0.019864 0.342618 -0.939265
vn 0.022218 0.939369 0.342186
vn 0.022218 0.939369 0.342186
vn 0.022218 0.939369 0.342186
vn 0.022218 0.939369 0.342186
vn -0.022218 -0.939369 -0.342186
vn -0.022218 -0.939369 -0.342186
vn -0.022218 -0.939369 -0.342186
vn -0.022218 -0.939369 -0.342186
vn 0.999556 -0.014071 -0.026272
vn 0.999556 -0.014071 -0.026272
vn 0.999556 -0.014071 -0.026272
vn 0.999556 -0.014071 -0.026272
vn -0.999556 0.014071 0.026272
vn -0.999556 0.014071 0.026272
vn -0.999556 0.014071 0.026272
vn -0.999556 0.014071 0.026272
vn 0.029756 0.421967 0.906123
vn 0.029756 0.421967 0.906123
vn 0.029756 0.421967 0.906123
vn 0.029756 0.421967 0.906123
vn 0.001664 0.906502 -0.422198
vn 0.001664 0.906502 -0.422198
vn 0.001664 0.906502 -0.422198
vn 0.001664 0.906502 -0.422198
vn -0.001664 -0.906502 0.422198
vn -0.001664 -0.906502 0.422198
vn -0.001664 -0.906502 0.422198
vn -0.001664 -0.906502 0.422198
vn -0.029756 -0.421967 -0.906123
vn -0.029756 -0.421967 -0.906123
vn -0.029756 -0.421967 -0.906123
vn -0.029756 -0.421967 -0.906123
vn 0.720839 -0.252217 0.645584
vn 0.720839 -0.252217 0.645584
vn 0.720839 -0.252217 0.645584
vn 0.720839 -0.252217 0.645584
vn 0.692747 0.232317 -0.682738
vn 0.692747 0.232317 -0.682738
vn 0.692747 0.232317 -0.682738
vn 0.692747 0.232317 -0.682738
vn -0.692747 -0.232317 0.682738
vn -0.692747 -0.232317 0.682738
vn -0.692747 -0.232317 0.682738
vn -0.692747 -0.232317 0.682738
vn -0.720839 0.252217 -0.645584
vn -0.720839 0.252217 -0.645584
vn -0.720839 0.252217 -0.645584
vn -0.720839 0.252217 -0.645584
vn 0.722503 0.654285 0.223385
vn 0.722503 0.654285 0.223385
vn 0.722503 0.654285 0.223385
vn 0.722503 0.654285 0.223385
vn 0.691082 -0.674184 -0.260539
vn 0.691082 -0.674184 -0.260539
vn 0.691082 -0.674184 -0.260539
vn 0.691082 -0.674184 -0.260539
vn -0.691082 0.674184 0.260539
vn -0.691082 0.674184 0.260539
vn -0.691082 0.674184 0.260539
vn -0.691082 0.674184 0.260539
vn -0.722503 -0.654285 -0.223385
vn -0.722503 -0.654285 -0.223385
vn -0.722503 -0.654285 -0.223385
vn -0.722503 -0.654285 -0.223385
vn -0.601390 -0.336411 -0.724678
vn -0.601390 -0.336411 -0.724678
vn -0.601390 -0.336411 -0.724678
vn -0.578453 -0.732032 0.359892
vn -0.578453 -0.732032 0.359892
vn -0.578453 -0.732032 0.359892
vn -0.575735 0.748280 -0.329555
vn -0.575735 0.748280 -0.329555
vn -0.575735 0.748280 -0.329555
vn -0.552798 0.352659 0.755014
vn -0.552798 0.352659 0.755014
vn -0.552798 0.352659 0.755014
vn 0.552798 -0.352659 -0.755014
vn 0.552798 -0.352659 -0.755014
vn 0.552798 -0.352659 -0.755014
vn 0.575735 -0.748280 0.329555
vn 0.575735 -0.748280 0.329555
vn 0.575735 -0.748280 0.329555
vn 0.578453 0.732032 -0.359892
vn 0.578453 0.732032 -0.359892
vn 0.578453 0.732032 -0.359892
vn 0.601390 0.336411 0.724678
vn 0.601390 0.336411 0.724678
vn 0.601390 0.336411 0.724678
vn 0.024624 -0.421808 0.906351
vn 0.024624 -0.421808 0.906351
vn 0.024624 -0.421808 0.906351
vn 0.024624 -0.421808 0.906351
vn -0.024624 0.421808 -0.906351
vn -0.024624 0.421808 -0.906351
vn -0.024624 0.421808 -0.906351
vn -0.024624 0.421808 -0.906351
vn 0.009354 0.906683 0.421708
vn 0.009354 0.906683 0.421708
vn 0.009354 0.906683 0.421708
vn 0.009354 0.906683 0.421708
vn -0.009354 -0.906683 -0.421708
vn -0.009354 -0.906683 -0.421708
vn -0.009354 -0.906683 -0.421708
vn -0.009354 -0.906683 -0.421708
vn 0.999653 0.001906 -0.026271
vn 0.999653 0.001906 -0.026271
vn 0.999653 0.001906 -0.026271
vn 0.999653 0.001906 -0.026271
vn -0.999653 -0.001906 0.026271
vn -0.999653 -0.001906 0.026271
vn -0.999653 -0.001906 0.026271
vn -0.999653 -0.001906 0.026271
vn 0.024025 0.342859 0.939080
vn 0.024025 0.342859 0.939080
vn 0.024025 0.342859 0.939080
vn 0.024025 0.342859 0.939080
vn -0.010797 0.939385 -0.342694
vn -0.010797 0.939385 -0.342694
vn -0.010797 0.939385 -0.342694
vn -0.010797 0.939385 -0.342694
vn 0.010797 -0.939385 0.342694
vn 0.010797 -0.939385 0.342694
vn 0.010797 -0.939385 0.342694
vn 0.010797 -0.939385 0.342694
vn -0.024025 -0.342859 -0.939080
vn -0.024025 -0.342859 -0.939080
vn -0.024025 -0.342859 -0.939080
vn -0.024025 -0.342859 -0.939080
vn 0.724273 -0.296915 0.622310
vn 0.724273 -0.296915 0.622310
vn 0.724273 -0.296915 0.622310
vn 0.724273 -0.296915 0.622310
vn 0.689450 0.299611 -0.659463
vn 0.689450 0.299611 -0.659463
vn 0.689450 0.299611 -0.659463
vn 0.689450 0.299611 -0.659463
vn -0.689450 -0.299611 0.659463
vn -0.689450 -0.299611 0.659463
vn -0.689450 -0.299611 0.659463
vn -0.689450 -0.299611 0.659463
vn -0.724273 0.296915 -0.622310
vn -0.724273 0.296915 -0.622310
vn -0.724273 0.296915 -0.622310
vn -0.724273 0.296915 -0.622310
vn 0.713475 0.642470 0.279616
vn 0.713475 0.642470 0.279616
vn 0.713475 0.642470 0.279616
vn 0.713475 0.642470 0.279616
vn 0.700247 -0.639774 -0.316769
vn 0.700247 -0.639774 -0.316769
vn 0.700247 -0.639774 -0.316769
vn 0.700247 -0.639774 -0.316769
vn -0.700247 0.639774 0.316769
vn -0.700247 0.639774 0.316769
vn -0.700247 0.639774 0.316769
vn -0.700247 0.639774 0.316769
vn -0.713475 -0.642470 -0.279616
vn -0.713475 -0.642470 -0.279616
vn -0.713475 -0.642470 -0.279616
vn -0.713475 -0.642470 -0.279616
vn -0.596767 -0.281044 -0.751588
vn -0.596767 -0.281044 -0.751588
vn -0.596767 -0.281044 -0.751588
vn -0.568334 -0.768105 0.294976
vn -0.568334 -0.768105 0.294976
vn -0.568334 -0.768105 0.294976
vn -0.585966 0.765904 -0.264641
vn -0.585966 0.765904 -0.264641
vn -0.585966 0.765904 -0.264641
vn -0.557533 0.278842 0.781923
vn -0.557533 0.278842 0.781923
vn -0.557533 0.278842 0.781923
vn 0.557533 -0.278842 -0.781923
vn 0.557533 -0.278842 -0.781923
vn 0.557533 -0.278842 -0.781923
vn 0.585966 -0.765904 0.264641
vn 0.585966 -0.765904 0.264641
vn 0.585966 -0.765904 0.264641
vn 0.568334 0.768105 -0.294976
vn 0.568334 0.768105 -0.294976
vn 0.568334 0.768105 -0.294976
vn 0.596767 0.281044 0.751588
vn 0.596767 0.281044 0.751588
vn 0.596767 0.281044 0.751588
vn 0.010844 -0.407621 0.913087
vn 0.010844 -0.407621 0.913087
vn 0.010844 -0.407621 0.913087
vn 0.010844 -0.407621 0.913087
vn -0.010844 0.407621 -0.913087
vn -0.010844 0.407621 -0.913087
vn -0.010844 0.407621 -0.913087
vn -0.010844 0.407621 -0.913087
vn 0.040156 0.912581 0.406919
vn 0.040156 0.912581 0.406919
vn 0.040156 0.912581 0.406919
vn 0.040156 0.912581 0.406919
vn -0.040156 -0.912581 -0.406919
vn -0.040156 -0.912581 -0.406919
vn -0.040156 -0.912581 -0.406919
vn -0.040156 -0.912581 -0.406919
vn 0.999135 -0.032254 -0.026265
vn 0.999135 -0.032254 -0.026265
vn 0.999135 -0.032254 -0.026265
vn 0.999135 -0.032254 -0.026265
vn -0.999135 0.032254 0.026265
vn -0.999135 0.032254 0.026265
vn -0.999135 0.032254 0.026265
vn -0.999135 0.032254 0.026265
vn 0.036063 0.357061 0.933385
vn 0.036063 0.357061 0.933385
vn 0.036063 0.357061 0.933385
vn 0.036063 0.357061 0.933385
vn 0.020727 0.933524 -0.357915
vn 0.020727 0.933524 -0.357915
vn 0.020727 0.933524 -0.357915
vn 0.020727 0.933524 -0.357915
vn -0.020727 -0.933524 0.357915
vn -0.020727 -0.933524 0.357915
vn -0.020727 -0.933524 0.357915
vn -0.020727 -0.933524 0.357915
vn -0.036063 -0.357061 -0.933385
vn -0.036063 -0.357061 -0.933385
vn -0.036063 -0.357061 -0.933385
vn -0.036063 -0.357061 -0.933385
vn 0.714163 -0.311038 0.627078
vn 0.714163 -0.311038 0.627078
vn 0.714163 -0.311038 0.627078
vn 0.714163 -0.311038 0.627078
vn 0.698827 0.265425 -0.664222
vn 0.698827 0.265425 -0.664222
vn 0.698827 0.265425 -0.664222
vn 0.698827 0.265425 -0.664222
vn -0.698827 -0.265425 0.664222
vn -0.698827 -0.265425 0.664222
vn -0.698827 -0.265425 0.664222
vn -0.698827 -0.265425 0.664222
vn -0.714163 0.311038 -0.627078
vn -0.714163 0.311038 -0.627078
vn -0.714163 0.311038 -0.627078
vn -0.714163 0.311038 -0.627078
vn 0.734890 0.622486 0.269163
vn 0.734890 0.622486 0.269163
vn 0.734890 0.622486 0.269163
vn 0.734890 0.622486 0.269163
vn 0.678100 -0.668099 -0.306307
vn 0.678100 -0.668099 -0.306307
vn 0.678100 -0.668099 -0.306307
vn 0.678100 -0.668099 -0.306307
vn -0.678100 0.668099 0.306307
vn -0.678100 0.668099 0.306307
vn -0.678100 0.668099 0.306307
vn -0.678100 0.668099 0.306307
vn -0.734890 -0.622486 -0.269163
vn -0.734890 -0.622486 -0.269163
vn -0.734890 -0.622486 -0.269163
vn -0.734890 -0.622486 -0.269163
vn -0.606296 -0.272917 -0.746942
vn -0.606296 -0.272917 -0.746942
vn -0.606296 -0.272917 -0.746942
vn -0.593774 -0.743598 0.307400
vn -0.593774 -0.743598 0.307400
vn -0.593774 -0.743598 0.307400
vn -0.559927 0.780841 -0.277072
vn -0.559927 0.780841 -0.277072
vn -0.559927 0.780841 -0.277072
vn -0.547406 0.310161 0.777269
vn -0.547406 0.310161 0.777269
vn -0.547406 0.310161 0.777269
vn 0.547406 -0.310161 -0.777269
vn 0.547406 -0.310161 -0.777269
vn 0.547406 -0.310161 -0.777269
vn 0.559927 -0.780841 0.277072
vn 0.559927 -0.780841 0.277072
vn 0.559927 -0.780841 0.277072
vn 0.593774 0.743598 -0.307400
vn 0.593774 0.743598 -0.307400
vn 0.593774 0.743598 -0.307400
vn 0.606296 0.272917 0.746942
vn 0.606296 0.272917 0.746942
vn 0.606296 0.272917 0.746942
vn 0.030043 -0.356767 0.933710
vn 0.030043 -0.356767 0.933710
vn 0.030043 -0.356767 0.933710
vn 0.030043 -0.356767 0.933710
vn -0.030043 0.356767 -0.933710
vn -0.030043 0.356767 -0.933710
vn -0.030043 0.356767 -0.933710
vn -0.030043 0.356767 -0.933710
vn -0.005037 0.934066 0.357065
vn -0.005037 0.934066 0.357065
vn -0.005037 0.934066 0.357065
vn -0.005037 0.934066 0.357065
vn 0.005037 -0.934066 -0.357065
vn 0.005037 -0.934066 -0.357065
vn 0.005037 -0.934066 -0.357065
vn 0.005037 -0.934066 -0.357065
vn 0.999536 0.015430 -0.026265
vn 0.999536 0.015430 -0.026265
vn 0.999536 0.015430 -0.026265
vn 0.999536 0.015430 -0.026265
vn -0.999536 -0.015430 0.026265
vn -0.999536 -0.015430 0.026265
vn -0.999536 -0.015430 0.026265
vn -0.999536 -0.015430 0.026265
vn 0.017682 0.408212 0.912716
vn 0.017682 0.408212 0.912716
vn 0.017682 0.408212 0.912716
vn 0.017682 0.408212 0.912716
vn -0.024805 0.912757 -0.407749
vn -0.024805 0.912757 -0.407749
vn -0.024805 0.912757 -0.407749
vn -0.024805 0.912757 -0.407749
vn 0.024805 -0.912757 0.407749
vn 0.024805 -0.912757 0.407749
vn 0.024805 -0.912757 0.407749
vn 0.024805 -0.912757 0.407749
vn -0.017682 -0.408212 -0.912716
vn -0.017682 -0.408212 -0.912716
vn -0.017682 -0.408212 -0.912716
vn -0.017682 -0.408212 -0.912716
vn 0.728022 -0.241362 0.641660
vn 0.728022 -0.241362 0.641660
vn 0.728022 -0.241362 0.641660
vn 0.728022 -0.241362 0.641660
vn 0.685535 0.263183 -0.678805
vn 0.685535 0.263183 -0.678805
vn 0.685535 0.263183 -0.678805
vn 0.685535 0.263183 -0.678805
vn -0.685535 -0.263183 0.678805
vn -0.685535 -0.263183 0.678805
vn -0.685535 -0.263183 0.678805
vn -0.685535 -0.263183 0.678805
vn -0.728022 0.241362 -0.641660
vn -0.728022 0.241362 -0.641660
vn -0.728022 0.241362 -0.641660
vn -0.728022 0.241362 -0.641660
vn 0.703217 0.671395 0.233911
vn 0.703217 0.671395 0.233911
vn 0.703217 0.671395 0.233911
vn 0.703217 0.671395 0.233911
vn 0.710340 -0.649574 -0.271056
vn 0.710340 -0.649574 -0.271056
vn 0.710340 -0.649574 -0.271056
vn 0.710340 -0.649574 -0.271056
vn -0.710340 0.649574 0.271056
vn -0.710340 0.649574 0.271056
vn -0.710340 0.649574 0.271056
vn -0.710340 0.649574 0.271056
vn -0.703217 -0.671395 -0.233911
vn -0.703217 -0.671395 -0.233911
vn -0.703217 -0.671395 -0.233911
vn -0.703217 -0.671395 -0.233911
vn -0.591520 -0.342212 -0.730065
vn -0.591520 -0.342212 -0.730065
vn -0.591520 -0.342212 -0.730065
vn -0.556829 -0.754171 0.348090
vn -0.556829 -0.754171 0.348090
vn -0.556829 -0.754171 0.348090
vn -0.597336 0.736354 -0.317762
vn -0.597336 0.736354 -0.317762
vn -0.597336 0.736354 -0.317762
vn -0.562645 0.324395 0.760394
vn -0.562645 0.324395 0.760394
vn -0.562645 0.324395 0.760394
vn 0.562645 -0.324395 -0.760394
vn 0.562645 -0.324395 -0.760394
vn 0.562645 -0.324395 -0.760394
vn 0.597336 -0.736354 0.317762
vn 0.597336 -0.736354 0.317762
vn 0.597336 -0.736354 0.317762
vn 0.556829 0.754171 -0.348090
vn 0.556829 0.754171 -0.348090
vn 0.556829 0.754171 -0.348090
vn 0.591520 0.342212 0.730065
vn 0.591520 0.342212 0.730065
vn 0.591520 0.342212 0.730065
vn -0.999625 0.007760 0.026272
vn -0.869582 -0.493265 0.022753
vn -0.506535 -0.862119 0.013136
vn -0.007763 -0.999970 0.000000
vn 0.493090 -0.869879 -0.013136
vn 0.861819 -0.506705 -0.022753
vn 0.999625 -0.007760 -0.026272
vn 0.869582 0.493265 -0.022753
vn 0.506535 0.862119 -0.013136
vn 0.007763 0.999970 -0.000000
vn -0.493090 0.869879 0.013136
vn -0.861819 0.506705 0.022753
vn -0.999625 0.007760 0.026272
vn -0.869582 -0.493265 0.022753
vn -0.506535 -0.862119 0.013136
vn -0.007763 -0.999970 0.000000
vn 0.493090 -0.869879 -0.013136
vn 0.861819 -0.506705 -0.022753
vn 0.999625 -0.007760 -0.026272
vn 0.869582 0.493265 -0.022753
vn 0.506535 0.862119 -0.013136
vn 0.007763 0.999970 -0.000000
vn -0.493090 0.869879 0.013136
vn -0.861819 0.506705 0.022753
vn -0.999625 0.007760 0.026272
vn -0.869582 -0.493265 0.022753
vn -0.506535 -0.862119 0.013136
vn -0.007763 -0.999970 0.000000
vn 0.493090 -0.869879 -0.013136
vn 0.861819 -0.506705 -0.022753
vn 0.999625 -0.007760 -0.026272
vn 0.869582 0.493265 -0.022753
vn 0.506535 0.862119 -0.013136
vn 0.007763 0.999970 -0.000000
vn -0.493090 0.869879 0.013136
vn -0.861819 0.506705 0.022753
vn -0.999625 0.007760 0.026272
vn -0.869582 -0.493265 0.022753
vn -0.506535 -0.862119 0.013136
vn -0.007763 -0.999970 0.000000
vn 0.493090 -0.869879 -0.013136
vn 0.861819 -0.506705 -0.022753
vn 0.999625 -0.007760 -0.026272
vn 0.869582 0.493265 -0.022753
vn 0.506535 0.862119 -0.013136
vn 0.007763 0.999970 -0.000000
vn -0.493090 0.869879 0.013136
vn -0.861819 0.506705 0.022753
vn -0.026272 0.000204 -0.999655
vn 0.026272 -0.000204 0.999655
vn 0.026272 -0.000204 0.999655
vn 0.026272 -0.000204 0.999655
vn 0.026272 -0.000204 0.999655
vn 0.026272 -0.000204 0.999655
vn -0.026272 0.000204 -0.999655
vn -0.026272 0.000204 -0.999655
vn -0.026272 0.000204 -0.999655
vn -0.026272 0.000204 -0.999655
vn 0.215427 0.976505 -0.005462
vn 0.215427 0.976505 -0.005462
vn 0.215427 0.976505 -0.005462
vn 0.215427 0.976505 -0.005462
vn -0.215427 -0.976505 0.005462
vn -0.215427 -0.976505 0.005462
vn -0.215427 -0.976505 0.005462
vn -0.215427 -0.976505 0.005462
vn 0.976167 -0.215496 -0.025698
vn 0.976167 -0.215496 -0.025698
vn 0.976167 -0.215496 -0.025698
vn 0.976167 -0.215496 -0.025698
vn -0.976167 0.215496 0.025698
vn -0.976167 0.215496 0.025698
vn -0.976167 0.215496 0.025698
vn -0.976167 0.215496 0.025698
vn 0.170907 0.690349 0.703000
vn 0.170907 0.690349 0.703000
vn 0.170907 0.690349 0.703000
vn 0.170907 0.690349 0.703000
vn 0.133753 0.690637 -0.710725
vn 0.133753 0.690637 -0.710725
vn 0.133753 0.690637 -0.710725
vn 0.133753 0.690637 -0.710725
vn -0.133753 -0.690637 0.710725
vn -0.133753 -0.690637 0.710725
vn -0.133753 -0.690637 0.710725
vn -0.133753 -0.690637 0.710725
vn -0.170907 -0.690349 -0.703000
vn -0.170907 -0.690349 -0.703000
vn -0.170907 -0.690349 -0.703000
vn -0.170907 -0.690349 -0.703000
vn 0.708831 -0.152523 0.688691
vn 0.708831 -0.152523 0.688691
vn 0.708831 -0.152523 0.688691
vn 0.708831 -0.152523 0.688691
vn 0.671677 -0.152234 -0.725034
vn 0.671677 -0.152234 -0.725034
vn 0.671677 -0.152234 -0.725034
vn 0.671677 -0.152234 -0.725034
vn -0.671677 0.152234 0.725034
vn -0.671677 0.152234 0.725034
vn -0.671677 0.152234 0.725034
vn -0.671677 0.152234 0.725034
vn -0.708831 0.152523 -0.688691
vn -0.708831 0.152523 -0.688691
vn -0.708831 0.152523 -0.688691
vn -0.708831 0.152523 -0.688691
vn 0.842584 0.538115 -0.022034
vn 0.842584 0.538115 -0.022034
vn 0.842584 0.538115 -0.022034
vn 0.842584 0.538115 -0.022034
vn 0.537924 -0.842872 -0.014309
vn 0.537924 -0.842872 -0.014309
vn 0.537924 -0.842872 -0.014309
vn 0.537924 -0.842872 -0.014309
vn -0.537924 0.842872 0.014309
vn -0.537924 0.842872 0.014309
vn -0.537924 0.842872 0.014309
vn -0.537924 0.842872 0.014309
vn -0.842584 -0.538115 0.022034
vn -0.842584 -0.538115 0.022034
vn -0.842584 -0.538115 0.022034
vn -0.842584 -0.538115 0.022034
vn -0.703135 -0.439251 -0.559160
vn -0.703135 -0.439251 -0.559160
vn -0.703135 -0.439251 -0.559160
vn -0.672799 -0.439486 0.595142
vn -0.672799 -0.439486 0.595142
vn -0.672799 -0.439486 0.595142
vn -0.454381 0.688320 -0.565468
vn -0.454381 0.688320 -0.565468
vn -0.454381 0.688320 -0.565468
vn -0.424045 0.688084 0.588834
vn -0.424045 0.688084 0.588834
vn -0.424045 0.688084 0.588834
vn 0.424045 -0.688084 -0.588834
vn 0.424045 -0.688084 -0.588834
vn 0.424045 -0.688084 -0.588834
vn 0.454381 -0.688320 0.565468
vn 0.454381 -0.688320 0.565468
vn 0.454381 -0.688320 0.565468
vn 0.672799 0.439486 -0.595142
vn 0.672799 0.439486 -0.595142
vn 0.672799 0.439486 -0.595142
vn 0.703135 0.439251 0.559160
vn 0.703135 0.439251 0.559160
vn 0.703135 0.439251 0.559160
vn 0.026272 -0.000204 0.999655
vn 0.026272 -0.000204 0.999655
vn 0.026272 -0.000204 0.999655
vn 0.026272 -0.000204 0.999655
vn -0.026272 0.000204 -0.999655
vn -0.026272 0.000204 -0.999655
vn -0.026272 0.000204 -0.999655
vn -0.026272 0.000204 -0.999655
vn 0.215427 0.976505 -0.005462
vn 0.215427 0.976505 -0.005462
vn 0.215427 0.976505 -0.005462
vn 0.215427 0.976505 -0.005462
vn -0.215427 -0.976505 0.005462
vn -0.215427 -0.976505 0.005462
vn -0.215427 -0.976505 0.005462
vn -0.215427 -0.976505 0.005462
vn 0.976167 -0.215496 -0.025698
vn 0.976167 -0.215496 -0.025698
vn 0.976167 -0.215496 -0.025698
vn 0.976167 -0.215496 -0.025698
vn -0.976167 0.215496 0.025698
vn -0.976167 0.215496 0.025698
vn -0.976167 0.215496 0.025698
vn -0.976167 0.215496 0.025698
vn 0.170907 0.690349 0.703000
vn 0.170907 0.690349 0.703000
vn 0.170907 0.690349 0.703000
vn 0.170907 0.690349 0.703000
vn 0.133753 0.690637 -0.710725
vn 0.133753 0.690637 -0.710725
vn 0.133753 0.690637 -0.710725
vn 0.133753 0.690637 -0.710725
vn -0.133753 -0.690637 0.710725
vn -0.133753 -0.690637 0.710725
vn -0.133753 -0.690637 0.710725
vn -0.133753 -0.690637 0.710725
vn -0.170907 -0.690349 -0.703000
vn -0.170907 -0.690349 -0.703000
vn -0.170907 -0.690349 -0.703000
vn -0.170907 -0.690349 -0.703000
vn 0.708831 -0.152523 0.688691
vn 0.708831 -0.152523 0.688691
vn 0.708831 -0.152523 0.688691
vn 0.708831 -0.152523 0.688691
vn 0.671677 -0.152234 -0.725034
vn 0.671677 -0.152234 -0.725034
vn 0.671677 -0.152234 -0.725034
vn 0.671677 -0.152234 -0.725034
vn -0.671677 0.152234 0.725034
vn -0.671677 0.152234 0.725034
vn -0.671677 0.152234 0.725034
vn -0.671677 0.152234 0.725034
vn -0.708831 0.152523 -0.688691
vn -0.708831 0.152523 -0.688691
vn -0.708831 0.152523 -0.688691
vn -0.708831 0.152523 -0.688691
vn 0.842584 0.538115 -0.022034
vn 0.842584 0.538115 -0.022034
vn 0.842584 0.538115 -0.022034
vn 0.842584 0.538115 -0.022034
vn 0.537924 -0.842872 -0.014309
vn 0.537924 -0.842872 -0.014309
vn 0.537924 -0.842872 -0.014309
vn 0.537924 -0.842872 -0.014309
vn -0.537924 0.842872 0.014309
vn -0.537924 0.842872 0.014309
vn -0.537924 0.842872 0.014309
vn -0.537924 0.842872 0.014309
vn -0.842584 -0.538115 0.022034
vn -0.842584 -0.538115 0.022034
vn -0.842584 -0.538115 0.022034
vn -0.842584 -0.538115 0.022034
vn -0.703135 -0.439251 -0.559160
vn -0.703135 -0.439251 -0.559160
vn -0.703135 -0.439251 -0.559160
vn -0.672799 -0.439486 0.595142
vn -0.672799 -0.439486 0.595142
vn -0.672799 -0.439486 0.595142
vn -0.454381 0.688320 -0.565468
vn -0.454381 0.688320 -0.565468
vn -0.454381 0.688320 -0.565468
vn -0.424045 0.688084 0.588834
vn -0.424045 0.688084 0.588834
vn -0.424045 0.688084 0.588834
vn 0.424045 -0.688084 -0.588834
vn 0.424045 -0.688084 -0.588834
vn 0.424045 -0.688084 -0.588834
vn 0.454381 -0.688320 0.565468
vn 0.454381 -0.688320 0.565468
vn 0.454381 -0.688320 0.565468
vn 0.672799 0.439486 -0.595142
vn 0.672799 0.439486 -0.595142
vn 0.672799 0.439486 -0.595142
vn 0.703135 0.439251 0.559160
vn 0.703135 0.439251 0.559160
vn 0.703135 0.439251 0.559160
vn 0.026272 -0.000204 0.999655
vn 0.026272 -0.000204 0.999655
vn 0.026272 -0.000204 0.999655
vn 0.026272 -0.000204 0.999655
vn -0.026272 0.000204 -0.999655
vn -0.026272 0.000204 -0.999655
vn -0.026272 0.000204 -0.999655
vn -0.026272 0.000204 -0.999655
vn 0.215427 0.976505 -0.005462
vn 0.215427 0.976505 -0.005462
vn 0.215427 0.976505 -0.005462
vn 0.215427 0.976505 -0.005462
vn -0.215427 -0.976505 0.005462
vn -0.215427 -0.976505 0.005462
vn -0.215427 -0.976505 0.005462
vn -0.215427 -0.976505 0.005462
vn 0.976167 -0.215496 -0.025698
vn 0.976167 -0.215496 -0.025698
vn 0.976167 -0.215496 -0.025698
vn 0.976167 -0.215496 -0.025698
vn -0.976167 0.215496 0.025698
vn -0.976167 0.215496 0.025698
vn -0.976167 0.215496 0.025698
vn -0.976167 0.215496 0.025698
vn 0.170907 0.690349 0.703000
vn 0.170907 0.690349 0.703000
vn 0.170907 0.690349 0.703000
vn 0.170907 0.690349 0.703000
vn 0.133753 0.690637 -0.710725
vn 0.133753 0.690637 -0.710725
vn 0.133753 0.690637 -0.710725
vn 0.133753 0.690637 -0.710725
vn -0.133753 -0.690637 0.710725
vn -0.133753 -0.690637 0.710725
vn -0.133753 -0.690637 0.710725
vn -0.133753 -0.690637 0.710725
vn -0.170907 -0.690349 -0.703000
vn -0.170907 -0.690349 -0.703000
vn -0.170907 -0.690349 -0.703000
vn -0.170907 -0.690349 -0.703000
vn 0.708831 -0.152523 0.688691
vn 0.708831 -0.152523 0.688691
vn 0.708831 -0.152523 0.688691
vn 0.708831 -0.152523 0.688691
vn 0.671677 -0.152234 -0.725034
vn 0.671677 -0.152234 -0.725034
vn 0.671677 -0.152234 -0.725034
vn 0.671677 -0.152234 -0.725034
vn -0.671677 0.152234 0.725034
vn -0.671677 0.152234 0.725034
vn -0.671677 0.152234 0.725034
vn -0.671677 0.152234 0.725034
vn -0.708831 0.152523 -0.688691
vn -0.708831 0.152523 -0.688691
vn -0.708831 0.152523 -0.688691
vn -0.708831 0.152523 -0.688691
vn 0.842584 0.538115 -0.022034
vn 0.842584 0.538115 -0.022034
vn 0.842584 0.538115 -0.022034
vn 0.842584 0.538115 -0.022034
vn 0.537924 -0.842872 -0.014309
vn 0.537924 -0.842872 -0.014309
vn 0.537924 -0.842872 -0.014309
vn 0.537924 -0.842872 -0.014309
vn -0.537924 0.842872 0.014309
vn -0.537924 0.842872 0.014309
vn -0.537924 0.842872 0.014309
vn -0.537924 0.842872 0.014309
vn -0.842584 -0.538115 0.022034
vn -0.842584 -0.538115 0.022034
vn -0.842584 -0.538115 0.022034
vn -0.842584 -0.538115 0.022034
vn -0.703135 -0.439251 -0.559160
vn -0.703135 -0.439251 -0.559160
vn -0.703135 -0.439251 -0.559160
vn -0.672799 -0.439486 0.595142
vn -0.672799 -0.439486 0.595142
vn -0.672799 -0.439486 0.595142
vn -0.454381 0.688320 -0.565468
vn -0.454381 0.688320 -0.565468
vn -0.454381 0.688320 -0.565468
vn -0.424045 0.688084 0.588834
vn -0.424045 0.688084 0.588834
vn -0.424045 0.688084 0.588834
vn 0.424045 -0.688084 -0.588834
vn 0.424045 -0.688084 -0.588834
vn 0.424045 -0.688084 -0.588834
vn 0.454381 -0.688320 0.565468
vn 0.454381 -0.688320 0.565468
vn 0.454381 -0.688320 0.565468
vn 0.672799 0.439486 -0.595142
vn 0.672799 0.439486 -0.595142
vn 0.672799 0.439486 -0.595142
vn 0.703135 0.439251 0.559160
vn 0.703135 0.439251 0.559160
vn 0.703135 0.439251 0.559160
vn 0.026272 -0.000204 0.999655
vn 0.026272 -0.000204 0.999655
vn 0.026272 -0.000204 0.999655
vn 0.026272 -0.000204 0.999655
vn -0.026272 0.000204 -0.999655
vn -0.026272 0.000204 -0.999655
vn -0.026272 0.000204 -0.999655
vn -0.026272 0.000204 -0.999655
vn 0.215427 0.976505 -0.005462
vn 0.215427 0.976505 -0.005462
vn 0.215427 0.976505 -0.005462
vn 0.215427 0.976505 -0.005462
vn -0.215427 -0.976505 0.005462
vn -0.215427 -0.976505 0.005462
vn -0.215427 -0.976505 0.005462
vn -0.215427 -0.976505 0.005462
vn 0.976167 -0.215496 -0.025698
vn 0.976167 -0.215496 -0.025698
vn 0.976167 -0.215496 -0.025698
vn 0.976167 -0.215496 -0.025698
vn -0.976167 0.215496 0.025698
vn -0.976167 0.215496 0.025698
vn -0.976167 0.215496 0.025698
vn -0.976167 0.215496 0.025698
vn 0.170907 0.690349 0.703000
vn 0.170907 0.690349 0.703000
vn 0.170907 0.690349 0.703000
vn 0.170907 0.690349 0.703000
vn 0.133753 0.690637 -0.710725
vn 0.133753 0.690637 -0.710725
vn 0.133753 0.690637 -0.710725
vn 0.133753 0.690637 -0.710725
vn -0.133753 -0.690637 0.710725
vn -0.133753 -0.690637 0.710725
vn -0.133753 -0.690637 0.710725
vn -0.133753 -0.690637 0.710725
vn -0.170907 -0.690349 -0.703000
vn -0.170907 -0.690349 -0.703000
vn -0.170907 -0.690349 -0.703000
vn -0.170907 -0.690349 -0.703000
vn 0.708831 -0.152523 0.688691
vn 0.708831 -0.152523 0.688691
vn 0.708831 -0.152523 0.688691
vn 0.708831 -0.152523 0.688691
vn 0.671677 -0.152234 -0.725034
vn 0.671677 -0.152234 -0.725034
vn 0.671677 -0.152234 -0.725034
vn 0.671677 -0.152234 -0.725034
vn -0.671677 0.152234 0.725034
vn -0.671677 0.152234 0.725034
vn -0.671677 0.152234 0.725034
vn -0.671677 0.152234 0.725034
vn -0.708831 0.152523 -0.688691
vn -0.708831 0.152523 -0.688691
vn -0.708831 0.152523 -0.688691
vn -0.708831 0.152523 -0.688691
vn 0.842584 0.538115 -0.022034
vn 0.842584 0.538115 -0.022034
vn 0.842584 0.538115 -0.022034
vn 0.842584 0.538115 -0.022034
vn 0.537924 -0.842872 -0.014309
vn 0.537924 -0.842872 -0.014309
vn 0.537924 -0.842872 -0.014309
vn 0.537924 -0.842872 -0.014309
vn -0.537924 0.842872 0.014309
vn -0.537924 0.842872 0.014309
vn -0.537924 0.842872 0.014309
vn -0.537924 0.842872 0.014309
vn -0.842584 -0.538115 0.022034
vn -0.842584 -0.538115 0.022034
vn -0.842584 -0.538115 0.022034
vn -0.842584 -0.538115 0.022034
vn -0.703135 -0.439251 -0.559160
vn -0.703135 -0.439251 -0.559160
vn -0.703135 -0.439251 -0.559160
vn -0.672799 -0.439486 0.595142
vn -0.672799 -0.439486 0.595142
vn -0.672799 -0.439486 0.595142
vn -0.454381 0.688320 -0.565468
vn -0.454381 0.688320 -0.565468
vn -0.454381 0.688320 -0.565468
vn -0.424045 0.688084 0.588834
vn -0.424045 0.688084 0.588834
vn -0.424045 0.688084 0.588834
vn 0.424045 -0.688084 -0.588834
vn 0.424045 -0.688084 -0.588834
vn 0.424045 -0.688084 -0.588834
vn 0.454381 -0.688320 0.565468
vn 0.454381 -0.688320 0.565468
vn 0.454381 -0.688320 0.565468
vn 0.672799 0.439486 -0.595142
vn 0.672799 0.439486 -0.595142
vn 0.672799 0.439486 -0.595142
vn 0.703135 0.439251 0.559160
vn 0.703135 0.439251 0.559160
vn 0.703135 0.439251 0.559160
vn 0.026272 -0.000204 0.999655
vn 0.026272 -0.000204 0.999655
vn 0.026272 -0.000204 0.999655
vn 0.026272 -0.000204 0.999655
vn -0.026272 0.000204 -0.999655
vn -0.026272 0.000204 -0.999655
vn -0.026272 0.000204 -0.999655
vn -0.026272 0.000204 -0.999655
vn 0.215427 0.976505 -0.005462
vn 0.215427 0.976505 -0.005462
vn 0.215427 0.976505 -0.005462
vn 0.215427 0.976505 -0.005462
vn -0.215427 -0.976505 0.005462
vn -0.215427 -0.976505 0.005462
vn -0.215427 -0.976505 0.005462
vn -0.215427 -0.976505 0.005462
vn 0.976167 -0.215496 -0.025698
vn 0.976167 -0.215496 -0.025698
vn 0.976167 -0.215496 -0.025698
vn 0.976167 -0.215496 -0.025698
vn -0.976167 0.215496 0.025698
vn -0.976167 0.215496 0.025698
vn -0.976167 0.215496 0.025698
vn -0.976167 0.215496 0.025698
vn 0.170907 0.690349 0.703000
vn 0.170907 0.690349 0.703000
vn 0.170907 0.690349 0.703000
vn 0.170907 0.690349 0.703000
vn 0.133753 0.690637 -0.710725
vn 0.133753 0.690637 -0.710725
vn 0.133753 0.690637 -0.710725
vn 0.133753 0.690637 -0.710725
vn -0.133753 -0.690637 0.710725
vn -0.133753 -0.690637 0.710725
vn -0.133753 -0.690637 0.710725
vn -0.133753 -0.690637 0.710725
vn -0.170907 -0.690349 -0.703000
vn -0.170907 -0.690349 -0.703000
vn -0.170907 -0.690349 -0.703000
vn -0.170907 -0.690349 -0.703000
vn 0.708831 -0.152523 0.688691
vn 0.708831 -0.152523 0.688691
vn 0.708831 -0.152523 0.688691
vn 0.708831 -0.152523 0.688691
vn 0.671677 -0.152234 -0.725034
vn 0.671677 -0.152234 -0.725034
vn 0.671677 -0.152234 -0.725034
vn 0.671677 -0.152234 -0.725034
vn -0.671677 0.152234 0.725034
vn -0.671677 0.152234 0.725034
vn -0.671677 0.152234 0.725034
vn -0.671677 0.152234 0.725034
vn -0.708831 0.152523 -0.688691
vn -0.708831 0.152523 -0.688691
vn -0.708831 0.152523 -0.688691
vn -0.708831 0.152523 -0.688691
vn 0.842584 0.538115 -0.022034
vn 0.842584 0.538115 -0.022034
vn 0.842584 0.538115 -0.022034
vn 0.842584 0.538115 -0.022034
vn 0.537924 -0.842872 -0.014309
vn 0.537924 -0.842872 -0.014309
vn 0.537924 -0.842872 -0.014309
vn 0.537924 -0.842872 -0.014309
vn -0.537924 0.842872 0.014309
vn -0.537924 0.842872 0.014309
vn -0.537924 0.842872 0.014309
vn -0.537924 0.842872 0.014309
vn -0.842584 -0.538115 0.022034
vn -0.842584 -0.538115 0.022034
vn -0.842584 -0.538115 0.022034
vn -0.842584 -0.538115 0.022034
vn -0.703135 -0.439251 -0.559160
vn -0.703135 -0.439251 -0.559160
vn -0.703135 -0.439251 -0.559160
vn -0.672799 -0.439486 0.595142
vn -0.672799 -0.439486 0.595142
vn -0.672799 -0.439486 0.595142
vn -0.454381 0.688320 -0.565468
vn -0.454381 0.688320 -0.565468
vn -0.454381 0.688320 -0.565468
vn -0.424045 0.688084 0.588834
vn -0.424045 0.688084 0.588834
vn -0.424045 0.688084 0.588834
vn 0.424045 -0.688084 -0.588834
vn 0.424045 -0.688084 -0.588834
vn 0.424045 -0.688084 -0.588834
vn 0.454381 -0.688320 0.565468
vn 0.454381 -0.688320 0.565468
vn 0.454381 -0.688320 0.565468
vn 0.672799 0.439486 -0.595142
vn 0.672799 0.439486 -0.595142
vn 0.672799 0.439486 -0.595142
vn 0.703135 0.439251 0.559160
vn 0.703135 0.439251 0.559160
vn 0.703135 0.439251 0.559160
vn 0.026272 -0.000204 0.999655
vn 0.026272 -0.000204 0.999655
vn 0.026272 -0.000204 0.999655
vn 0.026272 -0.000204 0.999655
vn -0.026272 0.000204 -0.999655
vn -0.026272 0.000204 -0.999655
vn -0.026272 0.000204 -0.999655
vn -0.026272 0.000204 -0.999655
vn -0.200241 0.979732 0.005462
vn -0.200241 0.979732 0.005462
vn -0.200241 0.979732 0.005462
vn -0.200241 0.979732 0.005462
vn 0.200241 -0.979732 -0.005462
vn 0.200241 -0.979732 -0.005462
vn 0.200241 -0.979732 -0.005462
vn 0.200241 -0.979732 -0.005462
vn 0.979394 0.200315 -0.025698
vn 0.979394 0.200315 -0.025698
vn 0.979394 0.200315 -0.025698
vn 0.979394 0.200315 -0.025698
vn -0.979394 -0.200315 0.025698
vn -0.979394 -0.200315 0.025698
vn -0.979394 -0.200315 0.025698
vn -0.979394 -0.200315 0.025698
vn -0.123015 0.692631 0.710725
vn -0.123015 0.692631 0.710725
vn -0.123015 0.692631 0.710725
vn -0.123015 0.692631 0.710725
vn -0.160168 0.692919 -0.703000
vn -0.160168 0.692919 -0.703000
vn -0.160168 0.692919 -0.703000
vn -0.160168 0.692919 -0.703000
vn 0.160168 -0.692919 0.703000
vn 0.160168 -0.692919 0.703000
vn 0.160168 -0.692919 0.703000
vn 0.160168 -0.692919 0.703000
vn 0.123015 -0.692631 -0.710725
vn 0.123015 -0.692631 -0.710725
vn 0.123015 -0.692631 -0.710725
vn 0.123015 -0.692631 -0.710725
vn 0.711113 0.141500 0.688691
vn 0.711113 0.141500 0.688691
vn 0.711113 0.141500 0.688691
vn 0.711113 0.141500 0.688691
vn 0.673960 0.141788 -0.725034
vn 0.673960 0.141788 -0.725034
vn 0.673960 0.141788 -0.725034
vn 0.673960 0.141788 -0.725034
vn -0.673960 -0.141788 0.725034
vn -0.673960 -0.141788 0.725034
vn -0.673960 -0.141788 0.725034
vn -0.673960 -0.141788 0.725034
vn -0.711113 -0.141500 -0.688691
vn -0.711113 -0.141500 -0.688691
vn -0.711113 -0.141500 -0.688691
vn -0.711113 -0.141500 -0.688691
vn 0.550945 0.834419 -0.014309
vn 0.550945 0.834419 -0.014309
vn 0.550945 0.834419 -0.014309
vn 0.550945 0.834419 -0.014309
vn 0.834128 -0.551131 -0.022034
vn 0.834128 -0.551131 -0.022034
vn 0.834128 -0.551131 -0.022034
vn 0.834128 -0.551131 -0.022034
vn -0.834128 0.551131 0.022034
vn -0.834128 0.551131 0.022034
vn -0.834128 0.551131 0.022034
vn -0.834128 0.551131 0.022034
vn -0.550945 -0.834419 0.014309
vn -0.550945 -0.834419 0.014309
vn -0.550945 -0.834419 0.014309
vn -0.550945 -0.834419 0.014309
vn -0.465013 -0.681182 -0.565468
vn -0.465013 -0.681182 -0.565468
vn -0.465013 -0.681182 -0.565468
vn -0.434677 -0.681418 0.588834
vn -0.434677 -0.681418 0.588834
vn -0.434677 -0.681418 0.588834
vn -0.696231 0.450114 -0.559160
vn -0.696231 0.450114 -0.559160
vn -0.696231 0.450114 -0.559160
vn -0.665895 0.449879 0.595142
vn -0.665895 0.449879 0.595142
vn -0.665895 0.449879 0.595142
vn 0.665895 -0.449879 -0.595142
vn 0.665895 -0.449879 -0.595142
vn 0.665895 -0.449879 -0.595142
vn 0.696231 -0.450114 0.559160
vn 0.696231 -0.450114 0.559160
vn 0.696231 -0.450114 0.559160
vn 0.434677 0.681418 -0.588834
vn 0.434677 0.681418 -0.588834
vn 0.434677 0.681418 -0.588834
vn 0.465013 0.681182 0.565468
vn 0.465013 0.681182 0.565468
vn 0.465013 0.681182 0.565468
vn 0.026272 -0.000204 0.999655
vn 0.026272 -0.000204 0.999655
vn 0.026272 -0.000204 0.999655
vn 0.026272 -0.000204 0.999655
vn -0.026272 0.000204 -0.999655
vn -0.026272 0.000204 -0.999655
vn -0.026272 0.000204 -0.999655
vn -0.026272 0.000204 -0.999655
vn -0.200241 0.979732 0.005462
vn -0.200241 0.979732 0.005462
vn -0.200241 0.979732 0.005462
vn -0.200241 0.979732 0.005462
vn 0.200241 -0.979732 -0.005462
vn 0.200241 -0.979732 -0.005462
vn 0.200241 -0.979732 -0.005462
vn 0.200241 -0.979732 -0.005462
vn 0.979394 0.200315 -0.025698
vn 0.979394 0.200315 -0.025698
vn 0.979394 0.200315 -0.025698
vn 0.979394 0.200315 -0.025698
vn -0.979394 -0.200315 0.025698
vn -0.979394 -0.200315 0.025698
vn -0.979394 -0.200315 0.025698
vn -0.979394 -0.200315 0.025698
vn -0.123015 0.692631 0.710725
vn -0.123015 0.692631 0.710725
vn -0.123015 0.692631 0.710725
vn -0.123015 0.692631 0.710725
vn -0.160168 0.692919 -0.703000
vn -0.160168 0.692919 -0.703000
vn -0.160168 0.692919 -0.703000
vn -0.160168 0.692919 -0.703000
vn 0.160168 -0.692919 0.703000
vn 0.160168 -0.692919 0.703000
vn 0.160168 -0.692919 0.703000
vn 0.160168 -0.692919 0.703000
vn 0.123015 -0.692631 -0.710725
vn 0.123015 -0.692631 -0.710725
vn 0.123015 -0.692631 -0.710725
vn 0.123015 -0.692631 -0.710725
vn 0.711113 0.141500 0.688691
vn 0.711113 0.141500 0.688691
vn 0.711113 0.141500 0.688691
vn 0.711113 0.141500 0.688691
vn 0.673960 0.141788 -0.725034
vn 0.673960 0.141788 -0.725034
vn 0.673960 0.141788 -0.725034
vn 0.673960 0.141788 -0.725034
vn -0.673960 -0.141788 0.725034
vn -0.673960 -0.141788 0.725034
vn -0.673960 -0.141788 0.725034
vn -0.673960 -0.141788 0.725034
vn -0.711113 -0.141500 -0.688691
vn -0.711113 -0.141500 -0.688691
vn -0.711113 -0.141500 -0.688691
vn -0.711113 -0.141500 -0.688691
vn 0.550945 0.834419 -0.014309
vn 0.550945 0.834419 -0.014309
vn 0.550945 0.834419 -0.014309
vn 0.550945 0.834419 -0.014309
vn 0.834128 -0.551131 -0.022034
vn 0.834128 -0.551131 -0.022034
vn 0.834128 -0.551131 -0.022034
vn 0.834128 -0.551131 -0.022034
vn -0.834128 0.551131 0.022034
vn -0.834128 0.551131 0.022034
vn -0.834128 0.551131 0.022034
vn -0.834128 0.551131 0.022034
vn -0.550945 -0.834419 0.014309
vn -0.550945 -0.834419 0.014309
vn -0.550945 -0.834419 0.014309
vn -0.550945 -0.834419 0.014309
vn -0.465013 -0.681182 -0.565468
vn -0.465013 -0.681182 -0.565468
vn -0.465013 -0.681182 -0.565468
vn -0.434677 -0.681418 0.588834
vn -0.434677 -0.681418 0.588834
vn -0.434677 -0.681418 0.588834
vn -0.696231 0.450114 -0.559160
vn -0.696231 0.450114 -0.559160
vn -0.696231 0.450114 -0.559160
vn -0.665895 0.449879 0.595142
vn -0.665895 0.449879 0.595142
vn -0.665895 0.449879 0.595142
vn 0.665895 -0.449879 -0.595142
vn 0.665895 -0.449879 -0.595142
vn 0.665895 -0.449879 -0.595142
vn 0.696231 -0.450114 0.559160
vn 0.696231 -0.450114 0.559160
vn 0.696231 -0.450114 0.559160
vn 0.434677 0.681418 -0.588834
vn 0.434677 0.681418 -0.588834
vn 0.434677 0.681418 -0.588834
vn 0.465013 0.681182 0.565468
vn 0.465013 0.681182 0.565468
vn 0.465013 0.681182 0.565468
vn 0.026272 -0.000204 0.999655
vn 0.026272 -0.000204 0.999655
vn 0.026272 -0.000204 0.999655
vn 0.026272 -0.000204 0.999655
vn -0.026272 0.000204 -0.999655
vn -0.026272 0.000204 -0.999655
vn -0.026272 0.000204 -0.999655
vn -0.026272 0.000204 -0.999655
vn -0.200241 0.979732 0.005462
vn -0.200241 0.979732 0.005462
vn -0.200241 0.979732 0.005462
vn -0.200241 0.979732 0.005462
vn 0.200241 -0.979732 -0.005462
vn 0.200241 -0.979732 -0.005462
vn 0.200241 -0.979732 -0.005462
vn 0.200241 -0.979732 -0.005462
vn 0.979394 0.200315 -0.025698
vn 0.979394 0.200315 -0.025698
vn 0.979394 0.200315 -0.025698
vn 0.979394 0.200315 -0.025698
vn -0.979394 -0.200315 0.025698
vn -0.979394 -0.200315 0.025698
vn -0.979394 -0.200315 0.025698
vn -0.979394 -0.200315 0.025698
vn -0.123015 0.692631 0.710725
vn -0.123015 0.692631 0.710725
vn -0.123015 0.692631 0.710725
vn -0.123015 0.692631 0.710725
vn -0.160168 0.692919 -0.703000
vn -0.160168 0.692919 -0.703000
vn -0.160168 0.692919 -0.703000
vn -0.160168 0.692919 -0.703000
vn 0.160168 -0.692919 0.703000
vn 0.160168 -0.692919 0.703000
vn 0.160168 -0.692919 0.703000
vn 0.160168 -0.692919 0.703000
vn 0.123015 -0.692631 -0.710725
vn 0.123015 -0.692631 -0.710725
vn 0.123015 -0.692631 -0.710725
vn 0.123015 -0.692631 -0.710725
vn 0.711113 0.141500 0.688691
vn 0.711113 0.141500 0.688691
vn 0.711113 0.141500 0.688691
vn 0.711113 0.141500 0.688691
vn 0.673960 0.141788 -0.725034
vn 0.673960 0.141788 -0.725034
vn 0.673960 0.141788 -0.725034
vn 0.673960 0.141788 -0.725034
vn -0.673960 -0.141788 0.725034
vn -0.673960 -0.141788 0.725034
vn -0.673960 -0.141788 0.725034
vn -0.673960 -0.141788 0.725034
vn -0.711113 -0.141500 -0.688691
vn -0.711113 -0.141500 -0.688691
vn -0.711113 -0.141500 -0.688691
vn -0.711113 -0.141500 -0.688691
vn 0.550945 0.834419 -0.014309
vn 0.550945 0.834419 -0.014309
vn 0.550945 0.834419 -0.014309
vn 0.550945 0.834419 -0.014309
vn 0.834128 -0.551131 -0.022034
vn 0.834128 -0.551131 -0.022034
vn 0.834128 -0.551131 -0.022034
vn 0.834128 -0.551131 -0.022034
vn -0.834128 0.551131 0.022034
vn -0.834128 0.551131 0.022034
vn -0.834128 0.551131 0.022034
vn -0.834128 0.551131 0.022034
vn -0.550945 -0.834419 0.014309
vn -0.550945 -0.834419 0.014309
vn -0.550945 -0.834419 0.014309
vn -0.550945 -0.834419 0.014309
vn -0.465013 -0.681182 -0.565468
vn -0.465013 -0.681182 -0.565468
vn -0.465013 -0.681182 -0.565468
vn -0.434677 -0.681418 0.588834
vn -0.434677 -0.681418 0.588834
vn -0.434677 -0.681418 0.588834
vn -0.696231 0.450114 -0.559160
vn -0.696231 0.450114 -0.559160
vn -0.696231 0.450114 -0.559160
vn -0.665895 0.449879 0.595142
vn -0.665895 0.449879 0.595142
vn -0.665895 0.449879 0.595142
vn 0.665895 -0.449879 -0.595142
vn 0.665895 -0.449879 -0.595142
vn 0.665895 -0.449879 -0.595142
vn 0.696231 -0.450114 0.559160
vn 0.696231 -0.450114 0.559160
vn 0.696231 -0.450114 0.559160
vn 0.434677 0.681418 -0.588834
vn 0.434677 0.681418 -0.588834
vn 0.434677 0.681418 -0.588834
vn 0.465013 0.681182 0.565468
vn 0.465013 0.681182 0.565468
vn 0.465013 0.681182 0.565468
vn 0.026272 -0.000204 0.999655
vn 0.026272 -0.000204 0.999655
vn 0.026272 -0.000204 0.999655
vn 0.026272 -0.000204 0.999655
vn -0.026272 0.000204 -0.999655
vn -0.026272 0.000204 -0.999655
vn -0.026272 0.000204 -0.999655
vn -0.026272 0.000204 -0.999655
vn -0.200241 0.979732 0.005462
vn -0.200241 0.979732 0.005462
vn -0.200241 0.979732 0.005462
vn -0.200241 0.979732 0.005462
vn 0.200241 -0.979732 -0.005462
vn 0.200241 -0.979732 -0.005462
vn 0.200241 -0.979732 -0.005462
vn 0.200241 -0.979732 -0.005462
vn 0.979394 0.200315 -0.025698
vn 0.979394 0.200315 -0.025698
vn 0.979394 0.200315 -0.025698
vn 0.979394 0.200315 -0.025698
vn -0.979394 -0.200315 0.025698
vn -0.979394 -0.200315 0.025698
vn -0.979394 -0.200315 0.025698
vn -0.979394 -0.200315 0.025698
vn -0.123015 0.692631 0.710725
vn -0.123015 0.692631 0.710725
vn -0.123015 0.692631 0.710725
vn -0.123015 0.692631 0.710725
vn -0.160168 0.692919 -0.703000
vn -0.160168 0.692919 -0.703000
vn -0.160168 0.692919 -0.703000
vn -0.160168 0.692919 -0.703000
vn 0.160168 -0.692919 0.703000
vn 0.160168 -0.692919 0.703000
vn 0.160168 -0.692919 0.703000
vn 0.160168 -0.692919 0.703000
vn 0.123015 -0.692631 -0.710725
vn 0.123015 -0.692631 -0.710725
vn 0.123015 -0.692631 -0.710725
vn 0.123015 -0.692631 -0.710725
vn 0.711113 0.141500 0.688691
vn 0.711113 0.141500 0.688691
vn 0.711113 0.141500 0.688691
vn 0.711113 0.141500 0.688691
vn 0.673960 0.141788 -0.725034
vn 0.673960 0.141788 -0.725034
vn 0.673960 0.141788 -0.725034
vn 0.673960 0.141788 -0.725034
vn -0.673960 -0.141788 0.725034
vn -0.673960 -0.141788 0.725034
vn -0.673960 -0.141788 0.725034
vn -0.673960 -0.141788 0.725034
vn -0.711113 -0.141500 -0.688691
vn -0.711113 -0.141500 -0.688691
vn -0.711113 -0.141500 -0.688691
vn -0.711113 -0.141500 -0.688691
vn 0.550945 0.834419 -0.014309
vn 0.550945 0.834419 -0.014309
vn 0.550945 0.834419 -0.014309
vn 0.550945 0.834419 -0.014309
vn 0.834128 -0.551131 -0.022034
vn 0.834128 -0.551131 -0.022034
vn 0.834128 -0.551131 -0.022034
vn 0.834128 -0.551131 -0.022034
vn -0.834128 0.551131 0.022034
vn -0.834128 0.551131 0.022034
vn -0.834128 0.551131 0.022034
vn -0.834128 0.551131 0.022034
vn -0.550945 -0.834419 0.014309
vn -0.550945 -0.834419 0.014309
vn -0.550945 -0.834419 0.014309
vn -0.550945 -0.834419 0.014309
vn -0.465013 -0.681182 -0.565468
vn -0.465013 -0.681182 -0.565468
vn -0.465013 -0.681182 -0.565468
vn -0.434677 -0.681418 0.588834
vn -0.434677 -0.681418 0.588834
vn -0.434677 -0.681418 0.588834
vn -0.696231 0.450114 -0.559160
vn -0.696231 0.450114 -0.559160
vn -0.696231 0.450114 -0.559160
vn -0.665895 0.449879 0.595142
vn -0.665895 0.449879 0.595142
vn -0.665895 0.449879 0.595142
vn 0.665895 -0.449879 -0.595142
vn 0.665895 -0.449879 -0.595142
vn 0.665895 -0.449879 -0.595142
vn 0.696231 -0.450114 0.559160
vn 0.696231 -0.450114 0.559160
vn 0.696231 -0.450114 0.559160
vn 0.434677 0.681418 -0.588834
vn 0.434677 0.681418 -0.588834
vn 0.434677 0.681418 -0.588834
vn 0.465013 0.681182 0.565468
vn 0.465013 0.681182 0.565468
vn 0.465013 0.681182 0.565468
vn 0.026272 -0.000204 0.999655
vn 0.026272 -0.000204 0.999655
vn 0.026272 -0.000204 0.999655
vn 0.026272 -0.000204 0.999655
vn -0.026272 0.000204 -0.999655
vn -0.026272 0.000204 -0.999655
vn -0.026272 0.000204 -0.999655
vn -0.026272 0.000204 -0.999655
vn -0.200241 0.979732 0.005462
vn -0.200241 0.979732 0.005462
vn -0.200241 0.979732 0.005462
vn -0.200241 0.979732 0.005462
vn 0.200241 -0.979732 -0.005462
vn 0.200241 -0.979732 -0.005462
vn 0.200241 -0.979732 -0.005462
vn 0.200241 -0.979732 -0.005462
vn 0.979394 0.200315 -0.025698
vn 0.979394 0.200315 -0.025698
vn 0.979394 0.200315 -0.025698
vn 0.979394 0.200315 -0.025698
vn -0.979394 -0.200315 0.025698
vn -0.979394 -0.200315 0.025698
vn -0.979394 -0.200315 0.025698
vn -0.979394 -0.200315 0.025698
vn -0.123015 0.692631 0.710725
vn -0.123015 0.692631 0.710725
vn -0.123015 0.692631 0.710725
vn -0.123015 0.692631 0.710725
vn -0.160168 0.692919 -0.703000
vn -0.160168 0.692919 -0.703000
vn -0.160168 0.692919 -0.703000
vn -0.160168 0.692919 -0.703000
vn 0.160168 -0.692919 0.703000
vn 0.160168 -0.692919 0.703000
vn 0.160168 -0.692919 0.703000
vn 0.160168 -0.692919 0.703000
vn 0.123015 -0.692631 -0.710725
vn 0.123015 -0.692631 -0.710725
vn 0.123015 -0.692631 -0.710725
vn 0.123015 -0.692631 -0.710725
vn 0.711113 0.141500 0.688691
vn 0.711113 0.141500 0.688691
vn 0.711113 0.141500 0.688691
vn 0.711113 0.141500 0.688691
vn 0.673960 0.141788 -0.725034
vn 0.673960 0.141788 -0.725034
vn 0.673960 0.141788 -0.725034
vn 0.673960 0.141788 -0.725034
vn -0.673960 -0.141788 0.725034
vn -0.673960 -0.141788 0.725034
vn -0.673960 -0.141788 0.725034
vn -0.673960 -0.141788 0.725034
vn -0.711113 -0.141500 -0.688691
vn -0.711113 -0.141500 -0.688691
vn -0.711113 -0.141500 -0.688691
vn -0.711113 -0.141500 -0.688691
vn 0.550945 0.834419 -0.014309
vn 0.550945 0.834419 -0.014309
vn 0.550945 0.834419 -0.014309
vn 0.550945 0.834419 -0.014309
vn 0.834128 -0.551131 -0.022034
vn 0.834128 -0.551131 -0.022034
vn 0.834128 -0.551131 -0.022034
vn 0.834128 -0.551131 -0.022034
vn -0.834128 0.551131 0.022034
vn -0.834128 0.551131 0.022034
vn -0.834128 0.551131 0.022034
vn -0.834128 0.551131 0.022034
vn -0.550945 -0.834419 0.014309
vn -0.550945 -0.834419 0.014309
vn -0.550945 -0.834419 0.014309
vn -0.550945 -0.834419 0.014309
vn -0.465013 -0.681182 -0.565468
vn -0.465013 -0.681182 -0.565468
vn -0.465013 -0.681182 -0.565468
vn -0.434677 -0.681418 0.588834
vn -0.434677 -0.681418 0.588834
vn -0.434677 -0.681418 0.588834
vn -0.696231 0.450114 -0.559160
vn -0.696231 0.450114 -0.559160
vn -0.696231 0.450114 -0.559160
vn -0.665895 0.449879 0.595142
vn -0.665895 0.449879 0.595142
vn -0.665895 0.449879 0.595142
vn 0.665895 -0.449879 -0.595142
vn 0.665895 -0.449879 -0.595142
vn 0.665895 -0.449879 -0.595142
vn 0.696231 -0.450114 0.559160
vn 0.696231 -0.450114 0.559160
vn 0.696231 -0.450114 0.559160
vn 0.434677 0.681418 -0.588834
vn 0.434677 0.681418 -0.588834
vn 0.434677 0.681418 -0.588834
vn 0.465013 0.681182 0.565468
vn 0.465013 0.681182 0.565468
vn 0.465013 0.681182 0.565468
vn 0.026272 -0.000204 0.999655
vn 0.026272 -0.000204 0.999655
vn 0.026272 -0.000204 0.999655
vn 0.026272 -0.000204 0.999655
vn -0.026272 0.000204 -0.999655
vn -0.026272 0.000204 -0.999655
vn -0.026272 0.000204 -0.999655
vn -0.026272 0.000204 -0.999655
vn 0.007763 0.999970 0.000000
vn 0.007763 0.999970 0.000000
vn 0.007763 0.999970 0.000000
vn 0.007763 0.999970 0.000000
vn -0.007763 -0.999970 0.000000
vn -0.007763 -0.999970 0.000000
vn -0.007763 -0.999970 0.000000
vn -0.007763 -0.999970 0.000000
vn 0.999625 -0.007760 -0.026272
vn 0.999625 -0.007760 -0.026272
vn 0.999625 -0.007760 -0.026272
vn 0.999625 -0.007760 -0.026272
vn -0.999625 0.007760 0.026272
vn -0.999625 0.007760 0.026272
vn -0.999625 0.007760 0.026272
vn -0.999625 0.007760 0.026272
vn 0.024066 0.706941 0.706863
vn 0.024066 0.706941 0.706863
vn 0.024066 0.706941 0.706863
vn 0.024066 0.706941 0.706863
vn -0.013088 0.707230 -0.706863
vn -0.013088 0.707230 -0.706863
vn -0.013088 0.707230 -0.706863
vn -0.013088 0.707230 -0.706863
vn 0.013088 -0.707230 0.706863
vn 0.013088 -0.707230 0.706863
vn 0.013088 -0.707230 0.706863
vn 0.013088 -0.707230 0.706863
vn -0.024066 -0.706941 -0.706863
vn -0.024066 -0.706941 -0.706863
vn -0.024066 -0.706941 -0.706863
vn -0.024066 -0.706941 -0.706863
vn 0.725418 -0.005631 0.688285
vn 0.725418 -0.005631 0.688285
vn 0.725418 -0.005631 0.688285
vn 0.725418 -0.005631 0.688285
vn 0.688265 -0.005343 -0.725440
vn 0.688265 -0.005343 -0.725440
vn 0.688265 -0.005343 -0.725440
vn 0.688265 -0.005343 -0.725440
vn -0.688265 0.005343 0.725440
vn -0.688265 0.005343 0.725440
vn -0.688265 0.005343 0.725440
vn -0.688265 0.005343 0.725440
vn -0.725418 0.005631 -0.688285
vn -0.725418 0.005631 -0.688285
vn -0.725418 0.005631 -0.688285
vn -0.725418 0.005631 -0.688285
vn 0.712330 0.701598 -0.018577
vn 0.712330 0.701598 -0.018577
vn 0.712330 0.701598 -0.018577
vn 0.712330 0.701598 -0.018577
vn 0.701352 -0.712573 -0.018577
vn 0.701352 -0.712573 -0.018577
vn 0.701352 -0.712573 -0.018577
vn 0.701352 -0.712573 -0.018577
vn -0.701352 0.712573 0.018577
vn -0.701352 0.712573 0.018577
vn -0.701352 0.712573 0.018577
vn -0.701352 0.712573 0.018577
vn -0.712330 -0.701598 0.018577
vn -0.712330 -0.701598 0.018577
vn -0.712330 -0.701598 0.018577
vn -0.712330 -0.701598 0.018577
vn -0.596783 -0.572735 -0.561983
vn -0.596783 -0.572735 -0.561983
vn -0.596783 -0.572735 -0.561983
vn -0.566447 -0.572970 0.592319
vn -0.566447 -0.572970 0.592319
vn -0.566447 -0.572970 0.592319
vn -0.587820 0.581931 -0.561983
vn -0.587820 0.581931 -0.561983
vn -0.587820 0.581931 -0.561983
vn -0.557484 0.581695 0.592319
vn -0.557484 0.581695 0.592319
vn -0.557484 0.581695 0.592319
vn 0.557484 -0.581695 -0.592319
vn 0.557484 -0.581695 -0.592319
vn 0.557484 -0.581695 -0.592319
vn 0.587820 -0.581931 0.561983
vn 0.587820 -0.581931 0.561983
vn 0.587820 -0.581931 0.561983
vn 0.566447 0.572970 -0.592319
vn 0.566447 0.572970 -0.592319
vn 0.566447 0.572970 -0.592319
vn 0.596783 0.572735 0.561983
vn 0.596783 0.572735 0.561983
vn 0.596783 0.572735 0.561983
vn 0.026272 -0.000204 0.999655
vn 0.026272 -0.000204 0.999655
vn 0.026272 -0.000204 0.999655
vn 0.026272 -0.000204 0.999655
vn -0.026272 0.000204 -0.999655
vn -0.026272 0.000204 -0.999655
vn -0.026272 0.000204 -0.999655
vn -0.026272 0.000204 -0.999655
vn 0.007763 0.999970 0.000000
vn 0.007763 0.999970 0.000000
vn 0.007763 0.999970 0.000000
vn 0.007763 0.999970 0.000000
vn -0.007763 -0.999970 0.000000
vn -0.007763 -0.999970 0.000000
vn -0.007763 -0.999970 0.000000
vn -0.007763 -0.999970 0.000000
vn 0.999625 -0.007760 -0.026272
vn 0.999625 -0.007760 -0.026272
vn 0.999625 -0.007760 -0.026272
vn 0.999625 -0.007760 -0.026272
vn -0.999625 0.007760 0.026272
vn -0.999625 0.007760 0.026272
vn -0.999625 0.007760 0.026272
vn -0.999625 0.007760 0.026272
vn 0.024066 0.706941 0.706863
vn 0.024066 0.706941 0.706863
vn 0.024066 0.706941 0.706863
vn 0.024066 0.706941 0.706863
vn -0.013088 0.707230 -0.706863
vn -0.013088 0.707230 -0.706863
vn -0.013088 0.707230 -0.706863
vn -0.013088 0.707230 -0.706863
vn 0.013088 -0.707230 0.706863
vn 0.013088 -0.707230 0.706863
vn 0.013088 -0.707230 0.706863
vn 0.013088 -0.707230 0.706863
vn -0.024066 -0.706941 -0.706863
vn -0.024066 -0.706941 -0.706863
vn -0.024066 -0.706941 -0.706863
vn -0.024066 -0.706941 -0.706863
vn 0.725418 -0.005631 0.688285
vn 0.725418 -0.005631 0.688285
vn 0.725418 -0.005631 0.688285
vn 0.725418 -0.005631 0.688285
vn 0.688265 -0.005343 -0.725440
vn 0.688265 -0.005343 -0.725440
vn 0.688265 -0.005343 -0.725440
vn 0.688265 -0.005343 -0.725440
vn -0.688265 0.005343 0.725440
vn -0.688265 0.005343 0.725440
vn -0.688265 0.005343 0.725440
vn -0.688265 0.005343 0.725440
vn -0.725418 0.005631 -0.688285
vn -0.725418 0.005631 -0.688285
vn -0.725418 0.005631 -0.688285
vn -0.725418 0.005631 -0.688285
vn 0.712330 0.701598 -0.018577
vn 0.712330 0.701598 -0.018577
vn 0.712330 0.701598 -0.018577
vn 0.712330 0.701598 -0.018577
vn 0.701352 -0.712573 -0.018577
vn 0.701352 -0.712573 -0.018577
vn 0.701352 -0.712573 -0.018577
vn 0.701352 -0.712573 -0.018577
vn -0.701352 0.712573 0.018577
vn -0.701352 0.712573 0.018577
vn -0.701352 0.712573 0.018577
vn -0.701352 0.712573 0.018577
vn -0.712330 -0.701598 0.018577
vn -0.712330 -0.701598 0.018577
vn -0.712330 -0.701598 0.018577
vn -0.712330 -0.701598 0.018577
vn -0.596783 -0.572735 -0.561983
vn -0.596783 -0.572735 -0.561983
vn -0.596783 -0.572735 -0.561983
vn -0.566447 -0.572970 0.592319
vn -0.566447 -0.572970 0.592319
vn -0.566447 -0.572970 0.592319
vn -0.587820 0.581931 -0.561983
vn -0.587820 0.581931 -0.561983
vn -0.587820 0.581931 -0.561983
vn -0.557484 0.581695 0.592319
vn -0.557484 0.581695 0.592319
vn -0.557484 0.581695 0.592319
vn 0.557484 -0.581695 -0.592319
vn 0.557484 -0.581695 -0.592319
vn 0.557484 -0.581695 -0.592319
vn 0.587820 -0.581931 0.561983
vn 0.587820 -0.581931 0.561983
vn 0.587820 -0.581931 0.561983
vn 0.566447 0.572970 -0.592319
vn 0.566447 0.572970 -0.592319
vn 0.566447 0.572970 -0.592319
vn 0.596783 0.572735 0.561983
vn 0.596783 0.572735 0.561983
vn 0.596783 0.572735 0.561983
vn 0.026272 -0.000204 0.999655
vn 0.026272 -0.000204 0.999655
vn 0.026272 -0.000204 0.999655
vn 0.026272 -0.000204 0.999655
vn -0.026272 0.000204 -0.999655
vn -0.026272 0.000204 -0.999655
vn -0.026272 0.000204 -0.999655
vn -0.026272 0.000204 -0.999655
vn 0.007763 0.999970 0.000000
vn 0.007763 0.999970 0.000000
vn 0.007763 0.999970 0.000000
vn 0.007763 0.999970 0.000000
vn -0.007763 -0.999970 0.000000
vn -0.007763 -0.999970 0.000000
vn -0.007763 -0.999970 0.000000
vn -0.007763 -0.999970 0.000000
vn 0.999625 -0.007760 -0.026272
vn 0.999625 -0.007760 -0.026272
vn 0.999625 -0.007760 -0.026272
vn 0.999625 -0.007760 -0.026272
vn -0.999625 0.007760 0.026272
vn -0.999625 0.007760 0.026272
vn -0.999625 0.007760 0.026272
vn -0.999625 0.007760 0.026272
vn 0.024066 0.706941 0.706863
vn 0.024066 0.706941 0.706863
vn 0.024066 0.706941 0.706863
vn 0.024066 0.706941 0.706863
vn -0.013088 0.707230 -0.706863
vn -0.013088 0.707230 -0.706863
vn -0.013088 0.707230 -0.706863
vn -0.013088 0.707230 -0.706863
vn 0.013088 -0.707230 0.706863
vn 0.013088 -0.707230 0.706863
vn 0.013088 -0.707230 0.706863
vn 0.013088 -0.707230 0.706863
vn -0.024066 -0.706941 -0.706863
vn -0.024066 -0.706941 -0.706863
vn -0.024066 -0.706941 -0.706863
vn -0.024066 -0.706941 -0.706863
vn 0.725418 -0.005631 0.688285
vn 0.725418 -0.005631 0.688285
vn 0.725418 -0.005631 0.688285
vn 0.725418 -0.005631 0.688285
vn 0.688265 -0.005343 -0.725440
vn 0.688265 -0.005343 -0.725440
vn 0.688265 -0.005343 -0.725440
vn 0.688265 -0.005343 -0.725440
vn -0.688265 0.005343 0.725440
vn -0.688265 0.005343 0.725440
vn -0.688265 0.005343 0.725440
vn -0.688265 0.005343 0.725440
vn -0.725418 0.005631 -0.688285
vn -0.725418 0.005631 -0.688285
vn -0.725418 0.005631 -0.688285
vn -0.725418 0.005631 -0.688285
vn 0.712330 0.701598 -0.018577
vn 0.712330 0.701598 -0.018577
vn 0.712330 0.701598 -0.018577
vn 0.712330 0.701598 -0.018577
vn 0.701352 -0.712573 -0.018577
vn 0.701352 -0.712573 -0.018577
vn 0.701352 -0.712573 -0.018577
vn 0.701352 -0.712573 -0.018577
vn -0.701352 0.712573 0.018577
vn -0.701352 0.712573 0.018577
vn -0.701352 0.712573 0.018577
vn -0.701352 0.712573 0.018577
vn -0.712330 -0.701598 0.018577
vn -0.712330 -0.701598 0.018577
vn -0.712330 -0.701598 0.018577
vn -0.712330 -0.701598 0.018577
vn -0.596783 -0.572735 -0.561983
vn -0.596783 -0.572735 -0.561983
vn -0.596783 -0.572735 -0.561983
vn -0.566447 -0.572970 0.592319
vn -0.566447 -0.572970 0.592319
vn -0.566447 -0.572970 0.592319
vn -0.587820 0.581931 -0.561983
vn -0.587820 0.581931 -0.561983
vn -0.587820 0.581931 -0.561983
vn -0.557484 0.581695 0.592319
vn -0.557484 0.581695 0.592319
vn -0.557484 0.581695 0.592319
vn 0.557484 -0.581695 -0.592319
vn 0.557484 -0.581695 -0.592319
vn 0.557484 -0.581695 -0.592319
vn 0.587820 -0.581931 0.561983
vn 0.587820 -0.581931 0.561983
vn 0.587820 -0.581931 0.561983
vn 0.566447 0.572970 -0.592319
vn 0.566447 0.572970 -0.592319
vn 0.566447 0.572970 -0.592319
vn 0.596783 0.572735 0.561983
vn 0.596783 0.572735 0.561983
vn 0.596783 0.572735 0.561983
vn 0.026272 -0.000204 0.999655
vn 0.026272 -0.000204 0.999655
vn 0.026272 -0.000204 0.999655
vn 0.026272 -0.000204 0.999655
vn -0.026272 0.000204 -0.999655
vn -0.026272 0.000204 -0.999655
vn -0.026272 0.000204 -0.999655
vn -0.026272 0.000204 -0.999655
vn 0.007763 0.999970 0.000000
vn 0.007763 0.999970 0.000000
vn 0.007763 0.999970 0.000000
vn 0.007763 0.999970 0.000000
vn -0.007763 -0.999970 0.000000
vn -0.007763 -0.999970 0.000000
vn -0.007763 -0.999970 0.000000
vn -0.007763 -0.999970 0.000000
vn 0.999625 -0.007760 -0.026272
vn 0.999625 -0.007760 -0.026272
vn 0.999625 -0.007760 -0.026272
vn 0.999625 -0.007760 -0.026272
vn -0.999625 0.007760 0.026272
vn -0.999625 0.007760 0.026272
vn -0.999625 0.007760 0.026272
vn -0.999625 0.007760 0.026272
vn 0.024066 0.706941 0.706863
vn 0.024066 0.706941 0.706863
vn 0.024066 0.706941 0.706863
vn 0.024066 0.706941 0.706863
vn -0.013088 0.707230 -0.706863
vn -0.013088 0.707230 -0.706863
vn -0.013088 0.707230 -0.706863
vn -0.013088 0.707230 -0.706863
vn 0.013088 -0.707230 0.706863
vn 0.013088 -0.707230 0.706863
vn 0.013088 -0.707230 0.706863
vn 0.013088 -0.707230 0.706863
vn -0.024066 -0.706941 -0.706863
vn -0.024066 -0.706941 -0.706863
vn -0.024066 -0.706941 -0.706863
vn -0.024066 -0.706941 -0.706863
vn 0.725418 -0.005631 0.688285
vn 0.725418 -0.005631 0.688285
vn 0.725418 -0.005631 0.688285
vn 0.725418 -0.005631 0.688285
vn 0.688265 -0.005343 -0.725440
vn 0.688265 -0.005343 -0.725440
vn 0.688265 -0.005343 -0.725440
vn 0.688265 -0.005343 -0.725440
vn -0.688265 0.005343 0.725440
vn -0.688265 0.005343 0.725440
vn -0.688265 0.005343 0.725440
vn -0.688265 0.005343 0.725440
vn -0.725418 0.005631 -0.688285
vn -0.725418 0.005631 -0.688285
vn -0.725418 0.005631 -0.688285
vn -0.725418 0.005631 -0.688285
vn 0.712330 0.701598 -0.018577
vn 0.712330 0.701598 -0.018577
vn 0.712330 0.701598 -0.018577
vn 0.712330 0.701598 -0.018577
vn 0.701352 -0.712573 -0.018577
vn 0.701352 -0.712573 -0.018577
vn 0.701352 -0.712573 -0.018577
vn 0.701352 -0.712573 -0.018577
vn -0.701352 0.712573 0.018577
vn -0.701352 0.712573 0.018577
vn -0.701352 0.712573 0.018577
vn -0.701352 0.712573 0.018577
vn -0.712330 -0.701598 0.018577
vn -0.712330 -0.701598 0.018577
vn -0.712330 -0.701598 0.018577
vn -0.712330 -0.701598 0.018577
vn -0.596783 -0.572735 -0.561983
vn -0.596783 -0.572735 -0.561983
vn -0.596783 -0.572735 -0.561983
vn -0.566447 -0.572970 0.592319
vn -0.566447 -0.572970 0.592319
vn -0.566447 -0.572970 0.592319
vn -0.587820 0.581931 -0.561983
vn -0.587820 0.581931 -0.561983
vn -0.587820 0.581931 -0.561983
vn -0.557484 0.581695 0.592319
vn -0.557484 0.581695 0.592319
vn -0.557484 0.581695 0.592319
vn 0.557484 -0.581695 -0.592319
vn 0.557484 -0.581695 -0.592319
vn 0.557484 -0.581695 -0.592319
vn 0.587820 -0.581931 0.561983
vn 0.587820 -0.581931 0.561983
vn 0.587820 -0.581931 0.561983
vn 0.566447 0.572970 -0.592319
vn 0.566447 0.572970 -0.592319
vn 0.566447 0.572970 -0.592319
vn 0.596783 0.572735 0.561983
vn 0.596783 0.572735 0.561983
vn 0.596783 0.572735 0.561983
vn -0.999625 0.007760 0.026272
vn -0.513189 -0.820325 -0.252396
vn 0.486435 -0.828085 -0.278669
vn 0.999625 -0.007760 -0.026272
vn 0.513189 0.820325 0.252396
vn -0.486435 0.828085 0.278669
vn -0.999625 0.007760 0.026272
vn -0.513189 -0.820325 -0.252396
vn 0.486435 -0.828085 -0.278669
vn 0.999625 -0.007760 -0.026272
vn 0.513189 0.820325 0.252396
vn -0.486435 0.828085 0.278669
vn -0.999625 0.007760 0.026272
vn -0.513189 -0.820325 -0.252396
vn 0.486435 -0.828085 -0.278669
vn 0.999625 -0.007760 -0.026272
vn 0.513189 0.820325 0.252396
vn -0.486435 0.828085 0.278669
vn -0.999625 0.007760 0.026272
vn -0.513189 -0.820325 -0.252396
vn 0.486435 -0.828085 -0.278669
vn 0.999625 -0.007760 -0.026272
vn 0.513189 0.820325 0.252396
vn -0.486435 0.828085 0.278669
vn -0.022624 0.306901 -0.951472
vn 0.022624 -0.306901 0.951472
vn -0.999625 0.007760 0.026272
vn -0.316284 -0.948630 0.008119
vn 0.804151 -0.594046 -0.021255
vn 0.813276 0.581490 -0.021255
vn -0.301518 0.953426 0.008119
vn -0.999625 0.007760 0.026272
vn -0.316284 -0.948630 0.008119
vn 0.804151 -0.594046 -0.021255
vn 0.813276 0.581490 -0.021255
vn -0.301518 0.953426 0.008119
vn -0.999625 0.007760 0.026272
vn -0.316284 -0.948630 0.008119
vn 0.804151 -0.594046 -0.021255
vn 0.813276 0.581490 -0.021255
vn -0.301518 0.953426 0.008119
vn -0.999625 0.007760 0.026272
vn -0.316284 -0.948630 0.008119
vn 0.804151 -0.594046 -0.021255
vn 0.813276 0.581490 -0.021255
vn -0.301518 0.953426 0.008119
vn -0.026272 0.000204 -0.999655
vn 0.026272 -0.000204 0.999655
vn 0.026272 -0.000204 0.999655
vn 0.026272 -0.000204 0.999655
vn 0.026272 -0.000204 0.999655
vn 0.026272 -0.000204 0.999655
vn -0.026272 0.000204 -0.999655
vn -0.026272 0.000204 -0.999655
vn -0.026272 0.000204 -0.999655
vn -0.026272 0.000204 -0.999655
vn 0.007763 0.999970 0.000000
vn 0.007763 0.999970 0.000000
vn 0.007763 0.999970 0.000000
vn 0.007763 0.999970 0.000000
vn -0.007763 -0.999970 0.000000
vn -0.007763 -0.999970 0.000000
vn -0.007763 -0.999970 0.000000
vn -0.007763 -0.999970 0.000000
vn 0.999625 -0.007760 -0.026272
vn 0.999625 -0.007760 -0.026272
vn 0.999625 -0.007760 -0.026272
vn 0.999625 -0.007760 -0.026272
vn -0.999625 0.007760 0.026272
vn -0.999625 0.007760 0.026272
vn -0.999625 0.007760 0.026272
vn -0.999625 0.007760 0.026272
vn 0.024066 0.706941 0.706863
vn 0.024066 0.706941 0.706863
vn 0.024066 0.706941 0.706863
vn 0.024066 0.706941 0.706863
vn -0.013088 0.707230 -0.706863
vn -0.013088 0.707230 -0.706863
vn -0.013088 0.707230 -0.706863
vn -0.013088 0.707230 -0.706863
vn 0.013088 -0.707230 0.706863
vn 0.013088 -0.707230 0.706863
vn 0.013088 -0.707230 0.706863
vn 0.013088 -0.707230 0.706863
vn -0.024066 -0.706941 -0.706863
vn -0.024066 -0.706941 -0.706863
vn -0.024066 -0.706941 -0.706863
vn -0.024066 -0.706941 -0.706863
vn 0.725418 -0.005631 0.688285
vn 0.725418 -0.005631 0.688285
vn 0.725418 -0.005631 0.688285
vn 0.725418 -0.005631 0.688285
vn 0.688265 -0.005343 -0.725440
vn 0.688265 -0.005343 -0.725440
vn 0.688265 -0.005343 -0.725440
vn 0.688265 -0.005343 -0.725440
vn -0.688265 0.005343 0.725440
vn -0.688265 0.005343 0.725440
vn -0.688265 0.005343 0.725440
vn -0.688265 0.005343 0.725440
vn -0.725418 0.005631 -0.688285
vn -0.725418 0.005631 -0.688285
vn -0.725418 0.005631 -0.688285
vn -0.725418 0.005631 -0.688285
vn 0.712330 0.701598 -0.018577
vn 0.712330 0.701598 -0.018577
vn 0.712330 0.701598 -0.018577
vn 0.712330 0.701598 -0.018577
vn 0.701352 -0.712573 -0.018577
vn 0.701352 -0.712573 -0.018577
vn 0.701352 -0.712573 -0.018577
vn 0.701352 -0.712573 -0.018577
vn -0.701352 0.712573 0.018577
vn -0.701352 0.712573 0.018577
vn -0.701352 0.712573 0.018577
vn -0.701352 0.712573 0.018577
vn -0.712330 -0.701598 0.018577
vn -0.712330 -0.701598 0.018577
vn -0.712330 -0.701598 0.018577
vn -0.712330 -0.701598 0.018577
vn -0.596783 -0.572735 -0.561983
vn -0.596783 -0.572735 -0.561983
vn -0.596783 -0.572735 -0.561983
vn -0.566447 -0.572970 0.592319
vn -0.566447 -0.572970 0.592319
vn -0.566447 -0.572970 0.592319
vn -0.587820 0.581931 -0.561983
vn -0.587820 0.581931 -0.561983
vn -0.587820 0.581931 -0.561983
vn -0.557484 0.581695 0.592319
vn -0.557484 0.581695 0.592319
vn -0.557484 0.581695 0.592319
vn 0.557484 -0.581695 -0.592319
vn 0.557484 -0.581695 -0.592319
vn 0.557484 -0.581695 -0.592319
vn 0.587820 -0.581931 0.561983
vn 0.587820 -0.581931 0.561983
vn 0.587820 -0.581931 0.561983
vn 0.566447 0.572970 -0.592319
vn 0.566447 0.572970 -0.592319
vn 0.566447 0.572970 -0.592319
vn 0.596783 0.572735 0.561983
vn 0.596783 0.572735 0.561983
vn 0.596783 0.572735 0.561983
vn 0.026272 -0.000204 0.999655
vn 0.026272 -0.000204 0.999655
vn 0.026272 -0.000204 0.999655
vn 0.026272 -0.000204 0.999655
vn -0.026272 0.000204 -0.999655
vn -0.026272 0.000204 -0.999655
vn -0.026272 0.000204 -0.999655
vn -0.026272 0.000204 -0.999655
vn 0.007763 0.999970 0.000000
vn 0.007763 0.999970 0.000000
vn 0.007763 0.999970 0.000000
vn 0.007763 0.999970 0.000000
vn -0.007763 -0.999970 0.000000
vn -0.007763 -0.999970 0.000000
vn -0.007763 -0.999970 0.000000
vn -0.007763 -0.999970 0.000000
vn 0.999625 -0.007760 -0.026272
vn 0.999625 -0.007760 -0.026272
vn 0.999625 -0.007760 -0.026272
vn 0.999625 -0.007760 -0.026272
vn -0.999625 0.007760 0.026272
vn -0.999625 0.007760 0.026272
vn -0.999625 0.007760 0.026272
vn -0.999625 0.007760 0.026272
vn 0.024066 0.706941 0.706863
vn 0.024066 0.706941 0.706863
vn 0.024066 0.706941 0.706863
vn 0.024066 0.706941 0.706863
vn -0.013088 0.707230 -0.706863
vn -0.013088 0.707230 -0.706863
vn -0.013088 0.707230 -0.706863
vn -0.013088 0.707230 -0.706863
vn 0.013088 -0.707230 0.706863
vn 0.013088 -0.707230 0.706863
vn 0.013088 -0.707230 0.706863
vn 0.013088 -0.707230 0.706863
vn -0.024066 -0.706941 -0.706863
vn -0.024066 -0.706941 -0.706863
vn -0.024066 -0.706941 -0.706863
vn -0.024066 -0.706941 -0.706863
vn 0.725418 -0.005631 0.688285
vn 0.725418 -0.005631 0.688285
vn 0.725418 -0.005631 0.688285
vn 0.725418 -0.005631 0.688285
vn 0.688265 -0.005343 -0.725440
vn 0.688265 -0.005343 -0.725440
vn 0.688265 -0.005343 -0.725440
vn 0.688265 -0.005343 -0.725440
vn -0.688265 0.005343 0.725440
vn -0.688265 0.005343 0.725440
vn -0.688265 0.005343 0.725440
vn -0.688265 0.005343 0.725440
vn -0.725418 0.005631 -0.688285
vn -0.725418 0.005631 -0.688285
vn -0.725418 0.005631 -0.688285
vn -0.725418 0.005631 -0.688285
vn 0.712330 0.701598 -0.018577
vn 0.712330 0.701598 -0.018577
vn 0.712330 0.701598 -0.018577
vn 0.712330 0.701598 -0.018577
vn 0.701352 -0.712573 -0.018577
vn 0.701352 -0.712573 -0.018577
vn 0.701352 -0.712573 -0.018577
vn 0.701352 -0.712573 -0.018577
vn -0.701352 0.712573 0.018577
vn -0.701352 0.712573 0.018577
vn -0.701352 0.712573 0.018577
vn -0.701352 0.712573 0.018577
vn -0.712330 -0.701598 0.018577
vn -0.712330 -0.701598 0.018577
vn -0.712330 -0.701598 0.018577
vn -0.712330 -0.701598 0.018577
vn -0.596783 -0.572735 -0.561983
vn -0.596783 -0.572735 -0.561983
vn -0.596783 -0.572735 -0.561983
vn -0.566447 -0.572970 0.592319
vn -0.566447 -0.572970 0.592319
vn -0.566447 -0.572970 0.592319
vn -0.587820 0.581931 -0.561983
vn -0.587820 0.581931 -0.561983
vn -0.587820 0.581931 -0.561983
vn -0.557484 0.581695 0.592319
vn -0.557484 0.581695 0.592319
vn -0.557484 0.581695 0.592319
vn 0.557484 -0.581695 -0.592319
vn 0.557484 -0.581695 -0.592319
vn 0.557484 -0.581695 -0.592319
vn 0.587820 -0.581931 0.561983
vn 0.587820 -0.581931 0.561983
vn 0.587820 -0.581931 0.561983
vn 0.566447 0.572970 -0.592319
vn 0.566447 0.572970 -0.592319
vn 0.566447 0.572970 -0.592319
vn 0.596783 0.572735 0.561983
vn 0.596783 0.572735 0.561983
vn 0.596783 0.572735 0.561983
vn -0.999625 0.007760 0.026272
vn -0.513189 -0.820325 -0.252396
vn 0.486435 -0.828085 -0.278669
vn 0.999625 -0.007760 -0.026272
vn 0.513189 0.820325 0.252396
vn -0.486435 0.828085 0.278669
vn -0.999625 0.007760 0.026272
vn -0.513189 -0.820325 -0.252396
vn 0.486435 -0.828085 -0.278669
vn 0.999625 -0.007760 -0.026272
vn 0.513189 0.820325 0.252396
vn -0.486435 0.828085 0.278669
vn -0.999625 0.007760 0.026272
vn -0.513189 -0.820325 -0.252396
vn 0.486435 -0.828085 -0.278669
vn 0.999625 -0.007760 -0.026272
vn 0.513189 0.820325 0.252396
vn -0.486435 0.828085 0.278669
vn -0.999625 0.007760 0.026272
vn -0.513189 -0.820325 -0.252396
vn 0.486435 -0.828085 -0.278669
vn 0.999625 -0.007760 -0.026272
vn 0.513189 0.820325 0.252396
vn -0.486435 0.828085 0.278669
vn -0.022624 0.306901 -0.951472
vn 0.022624 -0.306901 0.951472
vn -0.999625 0.007760 0.026272
vn -0.316284 -0.948630 0.008119
vn 0.804151 -0.594046 -0.021255
vn 0.813276 0.581490 -0.021255
vn -0.301518 0.953426 0.008119
vn -0.999625 0.007760 0.026272
vn -0.316284 -0.948630 0.008119
vn 0.804151 -0.594046 -0.021255
vn 0.813276 0.581490 -0.021255
vn -0.301518 0.953426 0.008119
vn -0.999625 0.007760 0.026272
vn -0.316284 -0.948630 0.008119
vn 0.804151 -0.594046 -0.021255
vn 0.813276 0.581490 -0.021255
vn -0.301518 0.953426 0.008119
vn -0.999625 0.007760 0.026272
vn -0.316284 -0.948630 0.008119
vn 0.804151 -0.594046 -0.021255
vn 0.813276 0.581490 -0.021255
vn -0.301518 0.953426 0.008119
vn -0.026272 0.000204 -0.999655
vn 0.026272 -0.000204 0.999655
vn 0.026272 -0.000204 0.999655
vn 0.026272 -0.000204 0.999655
vn 0.026272 -0.000204 0.999655
vn 0.026272 -0.000204 0.999655
vn -0.026272 0.000204 -0.999655
vn -0.026272 0.000204 -0.999655
vn -0.026272 0.000204 -0.999655
vn -0.026272 0.000204 -0.999655
vn 0.007763 0.999970 0.000000
vn 0.007763 0.999970 0.000000
vn 0.007763 0.999970 0.000000
vn 0.007763 0.999970 0.000000
vn -0.007763 -0.999970 0.000000
vn -0.007763 -0.999970 0.000000
vn -0.007763 -0.999970 0.000000
vn -0.007763 -0.999970 0.000000
vn 0.999625 -0.007760 -0.026272
vn 0.999625 -0.007760 -0.026272
vn 0.999625 -0.007760 -0.026272
vn 0.999625 -0.007760 -0.026272
vn -0.999625 0.007760 0.026272
vn -0.999625 0.007760 0.026272
vn -0.999625 0.007760 0.026272
vn -0.999625 0.007760 0.026272
vn 0.024066 0.706941 0.706863
vn 0.024066 0.706941 0.706863
vn 0.024066 0.706941 0.706863
vn 0.024066 0.706941 0.706863
vn -0.013088 0.707230 -0.706863
vn -0.013088 0.707230 -0.706863
vn -0.013088 0.707230 -0.706863
vn -0.013088 0.707230 -0.706863
vn 0.013088 -0.707230 0.706863
vn 0.013088 -0.707230 0.706863
vn 0.013088 -0.707230 0.706863
vn 0.013088 -0.707230 0.706863
vn -0.024066 -0.706941 -0.706863
vn -0.024066 -0.706941 -0.706863
vn -0.024066 -0.706941 -0.706863
vn -0.024066 -0.706941 -0.706863
vn 0.725418 -0.005631 0.688285
vn 0.725418 -0.005631 0.688285
vn 0.725418 -0.005631 0.688285
vn 0.725418 -0.005631 0.688285
vn 0.688265 -0.005343 -0.725440
vn 0.688265 -0.005343 -0.725440
vn 0.688265 -0.005343 -0.725440
vn 0.688265 -0.005343 -0.725440
vn -0.688265 0.005343 0.725440
vn -0.688265 0.005343 0.725440
vn -0.688265 0.005343 0.725440
vn -0.688265 0.005343 0.725440
vn -0.725418 0.005631 -0.688285
vn -0.725418 0.005631 -0.688285
vn -0.725418 0.005631 -0.688285
vn -0.725418 0.005631 -0.688285
vn 0.712330 0.701598 -0.018577
vn 0.712330 0.701598 -0.018577
vn 0.712330 0.701598 -0.018577
vn 0.712330 0.701598 -0.018577
vn 0.701352 -0.712573 -0.018577
vn 0.701352 -0.712573 -0.018577
vn 0.701352 -0.712573 -0.018577
vn 0.701352 -0.712573 -0.018577
vn -0.701352 0.712573 0.018577
vn -0.701352 0.712573 0.018577
vn -0.701352 0.712573 0.018577
vn -0.701352 0.712573 0.018577
vn -0.712330 -0.701598 0.018577
vn -0.712330 -0.701598 0.018577
vn -0.712330 -0.701598 0.018577
vn -0.712330 -0.701598 0.018577
vn -0.596783 -0.572735 -0.561983
vn -0.596783 -0.572735 -0.561983
vn -0.596783 -0.572735 -0.561983
vn -0.566447 -0.572970 0.592319
vn -0.566447 -0.572970 0.592319
vn -0.566447 -0.572970 0.592319
vn -0.587820 0.581931 -0.561983
vn -0.587820 0.581931 -0.561983
vn -0.587820 0.581931 -0.561983
vn -0.557484 0.581695 0.592319
vn -0.557484 0.581695 0.592319
vn -0.557484 0.581695 0.592319
vn 0.557484 -0.581695 -0.592319
vn 0.557484 -0.581695 -0.592319
vn 0.557484 -0.581695 -0.592319
vn 0.587820 -0.581931 0.561983
vn 0.587820 -0.581931 0.561983
vn 0.587820 -0.581931 0.561983
vn 0.566447 0.572970 -0.592319
vn 0.566447 0.572970 -0.592319
vn 0.566447 0.572970 -0.592319
vn 0.596783 0.572735 0.561983
vn 0.596783 0.572735 0.561983
vn 0.596783 0.572735 0.561983
f 1/1/1 2/2/2 3/3/3
f 1/1/1 3/3/3 4/4/4
f 5/5/5 6/6/6 7/7/7
f 5/5/5 7/7/7 8/8/8
f 9/9/9 10/10/10 11/11/11
f 9/9/9 11/11/11 12/12/12
f 13/13/13 14/14/14 15/15/15
f 13/13/13 15/15/15 16/16/16
f 17/17/17 18/18/18 19/19/19
f 17/17/17 19/19/19 20/20/20
f 21/21/21 22/22/22 23/23/23
f 21/21/21 23/23/23 24/24/24
f 25/25/25 26/26/26 27/27/27
f 25/25/25 27/27/27 28/28/28
f 29/29/29 30/30/30 31/31/31
f 29/29/29 31/31/31 32/32/32
f 33/33/33 34/34/34 35/35/35
f 33/33/33 35/35/35 36/36/36
f 37/37/37 38/38/38 39/39/39
f 37/37/37 39/39/39 40/40/40
f 41/41/41 42/42/42 43/43/43
f 41/41/41 43/43/43 44/44/44
f 45/45/45 46/46/46 47/47/47
f 45/45/45 47/47/47 48/48/48
f 49/49/49 50/50/50 51/51/51
f 49/49/49 51/51/51 52/52/52
f 53/53/53 54/54/54 55/55/55
f 53/53/53 55/55/55 56/56/56
f 57/57/57 58/58/58 59/59/59
f 57/57/57 59/59/59 60/60/60
f 61/61/61 62/62/62 63/63/63
f 61/61/61 63/63/63 64/64/64
f 65/65/65 66/66/66 67/67/67
f 65/65/65 67/67/67 68/68/68
f 69/69/69 70/70/70 71/71/71
f 69/69/69 71/71/71 72/72/72
f 73/73/73 75/75/75 74/74/74
f 76/76/76 77/77/77 78/78/78
f 79/79/79 80/80/80 81/81/81
f 82/82/82 84/84/84 83/83/83
f 85/85/85 86/86/86 87/87/87
f 88/88/88 90/90/90 89/89/89
f 91/91/91 93/93/93 92/92/92
f 94/94/94 95/95/95 96/96/96
f 97/97/97 98/98/98 99/99/99
f 97/97/97 99/99/99 100/100/100
f 101/101/101 102/102/102 103/103/103
f 101/101/101 103/103/103 104/104/104
f 105/105/105 106/106/106 107/107/107
f 105/105/105 107/107/107 108/108/108
f 109/109/109 110/110/110 111/111/111
f 109/109/109 111/111/111 112/112/112
f 113/113/113 114/114/114 115/115/115
f 113/113/113 115/115/115 116/116/116
f 117/117/117 118/118/118 119/119/119
f 117/117/117 119/119/119 120/120/120
f 121/121/121 122/122/122 123/123/123
f 121/121/121 123/123/123 124/124/124
f 125/125/125 126/126/126 127/127/127
f 125/125/125 127/127/127 128/128/128
f 129/129/129 130/130/130 131/131/131
f 129/129/129 131/131/131 132/132/132
f 133/133/133 134/134/134 135/135/135
f 133/133/133 135/135/135 136/136/136
f 137/137/137 138/138/138 139/139/139
f 137/137/137 139/139/139 140/140/140
f 141/141/141 142/142/142 143/143/143
f 141/141/141 143/143/143 144/144/144
f 145/145/145 146/146/146 147/147/147
f 145/145/145 147/147/147 148/148/148
f 149/149/149 150/150/150 151/151/151
f 149/149/149 151/151/151 152/152/152
f 153/153/153 154/154/154 155/155/155
f 153/153/153 155/155/155 156/156/156
f 157/157/157 158/158/158 159/159/159
f 157/157/157 159/159/159 160/160/160
f 161/161/161 162/162/162 163/163/163
f 161/161/161 163/163/163 164/164/164
f 165/165/165 166/166/166 167/167/167
f 165/165/165 167/167/167 168/168/168
f 169/169/169 171/171/171 170/170/170
f 172/172/172 173/173/173 174/174/174
f 175/175/175 176/176/176 177/177/177
f 178/178/178 180/180/180 179/179/179
f 181/181/181 182/182/182 183/183/183
f 184/184/184 186/186/186 185/185/185
f 187/187/187 189/189/189 188/188/188
f 190/190/190 191/191/191 192/192/192
f 193/193/193 194/194/194 195/195/195
f 193/193/193 195/195/195 196/196/196
f 197/197/197 198/198/198 199/199/199
f 197/197/197 199/199/199 200/200/200
f 201/201/201 202/202/202 203/203/203
f 201/201/201 203/203/203 204/204/204
f 205/205/205 206/206/206 207/207/207
f 205/205/205 207/207/207 208/208/208
f 209/209/209 210/210/210 211/211/211
f 209/209/209 211/211/211 212/212/212
f 213/213/213 214/214/214 215/215/215
f 213/213/213 215/215/215 216/216/216
f 217/217/217 218/218/218 219/219/219
f 217/217/217 219/219/219 220/220/220
f 221/221/221 222/222/222 223/223/223
f 221/221/221 223/223/223 224/224/224
f 225/225/225 226/226/226 227/227/227
f 225/225/225 227/227/227 228/228/228
f 229/229/229 230/230/230 231/231/231
f 229/229/229 231/231/231 232/232/232
f 233/233/233 234/234/234 235/235/235
f 233/233/233 235/235/235 236/236/236
f 237/237/237 238/238/238 239/239/239
f 237/237/237 239/239/239 240/240/240
f 241/241/241 242/242/242 243/243/243
f 241/241/241 243/243/243 244/244/244
f 245/245/245 246/246/246 247/247/247
f 245/245/245 247/247/247 248/248/248
f 249/249/249 250/250/250 251/251/251
f 249/249/249 251/251/251 252/252/252
f 253/253/253 254/254/254 255/255/255
f 253/253/253 255/255/255 256/256/256
f 257/257/257 258/258/258 259/259/259
f 257/257/257 259/259/259 260/260/260
f 261/261/261 262/262/262 263/263/263
f 261/261/261 263/263/263 264/264/264
f 265/265/265 267/267/267 266/266/266
f 268/268/268 269/269/269 270/270/270
f 271/271/271 272/272/272 273/273/273
f 274/274/274 276/276/276 275/275/275
f 277/277/277 278/278/278 279/279/279
f 280/280/280 282/282/282 281/281/281
f 283/283/283 285/285/285 284/284/284
f 286/286/286 287/287/287 288/288/288
f 289/289/289 290/290/290 291/291/291
f 289/289/289 291/291/291 292/292/292
f 293/293/293 294/294/294 295/295/295
f 293/293/293 295/295/295 296/296/296
f 297/297/297 298/298/298 299/299/299
f 297/297/297 299/299/299 300/300/300
f 301/301/301 302/302/302 303/303/303
f 301/301/301 303/303/303 304/304/304
f 305/305/305 306/306/306 307/307/307
f 305/305/305 307/307/307 308/308/308
f 309/309/309 310/310/310 311/311/311
f 309/309/309 311/311/311 312/312/312
f 313/313/313 314/314/314 315/315/315
f 313/313/313 315/315/315 316/316/316
f 317/317/317 318/318/318 319/319/319
f 317/317/317 319/319/319 320/320/320
f 321/321/321 322/322/322 323/323/323
f 321/321/321 323/323/323 324/324/324
f 325/325/325 326/326/326 327/327/327
f 325/325/325 327/327/327 328/328/328
f 329/329/329 330/330/330 331/331/331
f 329/329/329 331/331/331 332/332/332
f 333/333/333 334/334/334 335/335/335
f 333/333/333 335/335/335 336/336/336
f 337/337/337 338/338/338 339/339/339
f 337/337/337 339/339/339 340/340/340
f 341/341/341 342/342/342 343/343/343
f 341/341/341 343/343/343 344/344/344
f 345/345/345 346/346/346 347/347/347
f 345/345/345 347/347/347 348/348/348
f 349/349/349 350/350/350 351/351/351
f 349/349/349 351/351/351 352/352/352
f 353/353/353 354/354/354 355/355/355
f 353/353/353 355/355/355 356/356/356
f 357/357/357 358/358/358 359/359/359
f 357/357/357 359/359/359 360/360/360
f 361/361/361 363/363/363 362/362/362
f 364/364/364 365/365/365 366/366/366
f 367/367/367 368/368/368 369/369/369
f 370/370/370 372/372/372 371/371/371
f 373/373/373 374/374/374 375/375/375
f 376/376/376 378/378/378 377/377/377
f 379/379/379 381/381/381 380/380/380
f 382/382/382 383/383/383 384/384/384
f 385/385/385 386/386/386 387/387/387
f 385/385/385 387/387/387 388/388/388
f 389/389/389 390/390/390 391/391/391
f 389/389/389 391/391/391 392/392/392
f 393/393/393 394/394/394 395/395/395
f 393/393/393 395/395/395 396/396/396
f 397/397/397 398/398/398 399/399/399
f 397/397/397 399/399/399 400/400/400
f 401/401/401 402/402/402 403/403/403
f 401/401/401 403/403/403 404/404/404
f 405/405/405 406/406/406 407/407/407
f 405/405/405 407/407/407 408/408/408
f 409/409/409 410/410/410 411/411/411
f 409/409/409 411/411/411 412/412/412
f 413/413/413 414/414/414 415/415/415
f 413/413/413 415/415/415 416/416/416
f 417/417/417 418/418/418 419/419/419
f 417/417/417 419/419/419 420/420/420
f 421/421/421 422/422/422 423/423/423
f 421/421/421 423/423/423 424/424/424
f 425/425/425 426/426/426 427/427/427
f 425/425/425 427/427/427 428/428/428
f 429/429/429 430/430/430 431/431/431
f 429/429/429 431/431/431 432/432/432
f 433/433/433 434/434/434 435/435/435
f 433/433/433 435/435/435 436/436/436
f 437/437/437 438/438/438 439/439/439
f 437/437/437 439/439/439 440/440/440
f 441/441/441 442/442/442 443/443/443
f 441/441/441 443/443/443 444/444/444
f 445/445/445 446/446/446 447/447/447
f 445/445/445 447/447/447 448/448/448
f 449/449/449 450/450/450 451/451/451
f 449/449/449 451/451/451 452/452/452
f 453/453/453 454/454/454 455/455/455
f 453/453/453 455/455/455 456/456/456
f 457/457/457 459/459/459 458/458/458
f 460/460/460 461/461/461 462/462/462
f 463/463/463 464/464/464 465/465/465
f 466/466/466 468/468/468 467/467/467
f 469/469/469 470/470/470 471/471/471
f 472/472/472 474/474/474 473/473/473
f 475/475/475 477/477/477 476/476/476
f 478/478/478 479/479/479 480/480/480
f 481/481/481 482/482/482 483/483/483
f 481/481/481 483/483/483 484/484/484
f 485/485/485 486/486/486 487/487/487
f 485/485/485 487/487/487 488/488/488
f 489/489/489 490/490/490 491/491/491
f 489/489/489 491/491/491 492/492/492
f 493/493/493 494/494/494 495/495/495
f 493/493/493 495/495/495 496/496/496
f 497/497/497 498/498/498 499/499/499
f 497/497/497 499/499/499 500/500/500
f 501/501/501 502/502/502 503/503/503
f 501/501/501 503/503/503 504/504/504
f 505/505/505 506/506/506 507/507/507
f 505/505/505 507/507/507 508/508/508
f 509/509/509 510/510/510 511/511/511
f 509/509/509 511/511/511 512/512/512
f 513/513/513 514/514/514 515/515/515
f 513/513/513 515/515/515 516/516/516
f 517/517/517 518/518/518 519/519/519
f 517/517/517 519/519/519 520/520/520
f 521/521/521 522/522/522 523/523/523
f 521/521/521 523/523/523 524/524/524
f 525/525/525 526/526/526 527/527/527
f 525/525/525 527/527/527 528/528/528
f 529/529/529 530/530/530 531/531/531
f 529/529/529 531/531/531 532/532/532
f 533/533/533 534/534/534 535/535/535
f 533/533/533 535/535/535 536/536/536
f 537/537/537 538/538/538 539/539/539
f 537/537/537 539/539/539 540/540/540
f 541/541/541 542/542/542 543/543/543
f 541/541/541 543/543/543 544/544/544
f 545/545/545 546/546/546 547/547/547
f 545/545/545 547/547/547 548/548/548
f 549/549/549 550/550/550 551/551/551
f 549/549/549 551/551/551 552/552/552
f 553/553/553 555/555/555 554/554/554
f 556/556/556 557/557/557 558/558/558
f 559/559/559 560/560/560 561/561/561
f 562/562/562 564/564/564 563/563/563
f 565/565/565 566/566/566 567/567/567
f 568/568/568 570/570/570 569/569/569
f 571/571/571 573/573/573 572/572/572
f 574/574/574 575/575/575 576/576/576
f 577/577/577 578/578/578 579/579/579
f 577/577/577 579/579/579 580/580/580
f 581/581/581 582/582/582 583/583/583
f 581/581/581 583/583/583 584/584/584
f 585/585/585 586/586/586 587/587/587
f 585/585/585 587/587/587 588/588/588
f 589/589/589 590/590/590 591/591/591
f 589/589/589 591/591/591 592/592/592
f 593/593/593 594/594/594 595/595/595
f 593/593/593 595/595/595 596/596/596
f 597/597/597 598/598/598 599/599/599
f 597/597/597 599/599/599 600/600/600
f 601/601/601 602/602/602 603/603/603
f 601/601/601 603/603/603 604/604/604
f 605/605/605 606/606/606 607/607/607
f 605/605/605 607/607/607 608/608/608
f 609/609/609 610/610/610 611/611/611
f 609/609/609 611/611/611 612/612/612
f 613/613/613 614/614/614 615/615/615
f 613/613/613 615/615/615 616/616/616
f 617/617/617 618/618/618 619/619/619
f 617/617/617 619/619/619 620/620/620
f 621/621/621 622/622/622 623/623/623
f 621/621/621 623/623/623 624/624/624
f 625/625/625 626/626/626 627/627/627
f 625/625/625 627/627/627 628/628/628
f 629/629/629 630/630/630 631/631/631
f 629/629/629 631/631/631 632/632/632
f 633/633/633 634/634/634 635/635/635
f 633/633/633 635/635/635 636/636/636
f 637/637/637 638/638/638 639/639/639
f 637/637/637 639/639/639 640/640/640
f 641/641/641 642/642/642 643/643/643
f 641/641/641 643/643/643 644/644/644
f 645/645/645 646/646/646 647/647/647
f 645/645/645 647/647/647 648/648/648
f 649/649/649 651/651/651 650/650/650
f 652/652/652 653/653/653 654/654/654
f 655/655/655 656/656/656 657/657/657
f 658/658/658 660/660/660 659/659/659
f 661/661/661 662/662/662 663/663/663
f 664/664/664 666/666/666 665/665/665
f 667/667/667 669/669/669 668/668/668
f 670/670/670 671/671/671 672/672/672
f 673/673/673 674/674/674 675/675/675
f 673/673/673 675/675/675 676/676/676
f 677/677/677 678/678/678 679/679/679
f 677/677/677 679/679/679 680/680/680
f 681/681/681 682/682/682 683/683/683
f 681/681/681 683/683/683 684/684/684
f 685/685/685 686/686/686 687/687/687
f 685/685/685 687/687/687 688/688/688
f 689/689/689 690/690/690 691/691/691
f 689/689/689 691/691/691 692/692/692
f 693/693/693 694/694/694 695/695/695
f 693/693/693 695/695/695 696/696/696
f 697/697/697 698/698/698 699/699/699
f 697/697/697 699/699/699 700/700/700
f 701/701/701 702/702/702 703/703/703
f 701/701/701 703/703/703 704/704/704
f 705/705/705 706/706/706 707/707/707
f 705/705/705 707/707/707 708/708/708
f 709/709/709 710/710/710 711/711/711
f 709/709/709 711/711/711 712/712/712
f 713/713/713 714/714/714 715/715/715
f 713/713/713 715/715/715 716/716/716
f 717/717/717 718/718/718 719/719/719
f 717/717/717 719/719/719 720/720/720
f 721/721/721 722/722/722 723/723/723
f 721/721/721 723/723/723 724/724/724
f 725/725/725 726/726/726 727/727/727
f 725/725/725 727/727/727 728/728/728
f 729/729/729 730/730/730 731/731/731
f 729/729/729 731/731/731 732/732/732
f 733/733/733 734/734/734 735/735/735
f 733/733/733 735/735/735 736/736/736
f 737/737/737 738/738/738 739/739/739
f 737/737/737 739/739/739 740/740/740
f 741/741/741 742/742/742 743/743/743
f 741/741/741 743/743/743 744/744/744
f 745/745/745 747/747/747 746/746/746
f 748/748/748 749/749/749 750/750/750
f 751/751/751 752/752/752 753/753/753
f 754/754/754 756/756/756 755/755/755
f 757/757/757 758/758/758 759/759/759
f 760/760/760 762/762/762 761/761/761
f 763/763/763 765/765/765 764/764/764
f 766/766/766 767/767/767 768/768/768
f 769/769/769 770/770/770 771/771/771
f 769/769/769 771/771/771 772/772/772
f 773/773/773 774/774/774 775/775/775
f 773/773/773 775/775/775 776/776/776
f 777/777/777 778/778/778 779/779/779
f 777/777/777 779/779/779 780/780/780
f 781/781/781 782/782/782 783/783/783
f 781/781/781 783/783/783 784/784/784
f 785/785/785 786/786/786 787/787/787
f 785/785/785 787/787/787 788/788/788
f 789/789/789 790/790/790 791/791/791
f 789/789/789 791/791/791 792/792/792
f 793/793/793 794/794/794 795/795/795
f 793/793/793 795/795/795 796/796/796
f 797/797/797 798/798/798 799/799/799
f 797/797/797 799/799/799 800/800/800
f 801/801/801 802/802/802 803/803/803
f 801/801/801 803/803/803 804/804/804
f 805/805/805 806/806/806 807/807/807
f 805/805/805 807/807/807 808/808/808
f 809/809/809 810/810/810 811/811/811
f 809/809/809 811/811/811 812/812/812
f 813/813/813 814/814/814 815/815/815
f 813/813/813 815/815/815 816/816/816
f 817/817/817 818/818/818 819/819/819
f 817/817/817 819/819/819 820/820/820
f 821/821/821 822/822/822 823/823/823
f 821/821/821 823/823/823 824/824/824
f 825/825/825 826/826/826 827/827/827
f 825/825/825 827/827/827 828/828/828
f 829/829/829 830/830/830 831/831/831
f 829/829/829 831/831/831 832/832/832
f 833/833/833 834/834/834 835/835/835
f 833/833/833 835/835/835 836/836/836
f 837/837/837 838/838/838 839/839/839
f 837/837/837 839/839/839 840/840/840
f 841/841/841 843/843/843 842/842/842
f 844/844/844 845/845/845 846/846/846
f 847/847/847 848/848/848 849/849/849
f 850/850/850 852/852/852 851/851/851
f 853/853/853 854/854/854 855/855/855
f 856/856/856 858/858/858 857/857/857
f 859/859/859 861/861/861 860/860/860
f 862/862/862 863/863/863 864/864/864
f 865/865/865 866/866/866 867/867/867
f 865/865/865 867/867/867 868/868/868
f 869/869/869 870/870/870 871/871/871
f 869/869/869 871/871/871 872/872/872
f 873/873/873 874/874/874 875/875/875
f 873/873/873 875/875/875 876/876/876
f 877/877/877 878/878/878 879/879/879
f 877/877/877 879/879/879 880/880/880
f 881/881/881 882/882/882 883/883/883
f 881/881/881 883/883/883 884/884/884
f 885/885/885 886/886/886 887/887/887
f 885/885/885 887/887/887 888/888/888
f 889/889/889 890/890/890 891/891/891
f 889/889/889 891/891/891 892/892/892
f 893/893/893 894/894/894 895/895/895
f 893/893/893 895/895/895 896/896/896
f 897/897/897 898/898/898 899/899/899
f 897/897/897 899/899/899 900/900/900
f 901/901/901 902/902/902 903/903/903
f 901/901/901 903/903/903 904/904/904
f 905/905/905 906/906/906 907/907/907
f 905/905/905 907/907/907 908/908/908
f 909/909/909 910/910/910 911/911/911
f 909/909/909 911/911/911 912/912/912
f 913/913/913 914/914/914 915/915/915
f 913/913/913 915/915/915 916/916/916
f 917/917/917 918/918/918 919/919/919
f 917/917/917 919/919/919 920/920/920
f 921/921/921 922/922/922 923/923/923
f 921/921/921 923/923/923 924/924/924
f 925/925/925 926/926/926 927/927/927
f 925/925/925 927/927/927 928/928/928
f 929/929/929 930/930/930 931/931/931
f 929/929/929 931/931/931 932/932/932
f 933/933/933 934/934/934 935/935/935
f 933/933/933 935/935/935 936/936/936
f 937/937/937 939/939/939 938/938/938
f 940/940/940 941/941/941 942/942/942
f 943/943/943 944/944/944 945/945/945
f 946/946/946 948/948/948 947/947/947
f 949/949/949 950/950/950 951/951/951
f 952/952/952 954/954/954 953/953/953
f 955/955/955 957/957/957 956/956/956
f 958/958/958 959/959/959 960/960/960
f 961/961/961 962/962/962 963/963/963
f 961/961/961 963/963/963 964/964/964
f 965/965/965 966/966/966 967/967/967
f 965/965/965 967/967/967 968/968/968
f 969/969/969 970/970/970 971/971/971
f 969/969/969 971/971/971 972/972/972
f 973/973/973 974/974/974 975/975/975
f 973/973/973 975/975/975 976/976/976
f 977/977/977 978/978/978 979/979/979
f 977/977/977 979/979/979 980/980/980
f 981/981/981 982/982/982 983/983/983
f 981/981/981 983/983/983 984/984/984
f 985/985/985 986/986/986 987/987/987
f 985/985/985 987/987/987 988/988/988
f 989/989/989 990/990/990 991/991/991
f 989/989/989 991/991/991 992/992/992
f 993/993/993 994/994/994 995/995/995
f 993/993/993 995/995/995 996/996/996
f 997/997/997 998/998/998 999/999/999
f 997/997/997 999/999/999 1000/1000/1000
f 1001/1001/1001 1002/1002/1002 1003/1003/1003
f 1001/1001/1001 1003/1003/1003 1004/1004/1004
f 1005/1005/1005 1006/1006/1006 1007/1007/1007
f 1005/1005/1005 1007/1007/1007 1008/1008/1008
f 1009/1009/1009 1010/1010/1010 1011/1011/1011
f 1009/1009/1009 1011/1011/1011 1012/1012/1012
f 1013/1013/1013 1014/1014/1014 1015/1015/1015
f 1013/1013/1013 1015/1015/1015 1016/1016/1016
f 1017/1017/1017 1018/1018/1018 1019/1019/1019
f 1017/1017/1017 1019/1019/1019 1020/1020/1020
f 1021/1021/1021 1022/1022/1022 1023/1023/1023
f 1021/1021/1021 1023/1023/1023 1024/1024/1024
f 1025/1025/1025 1026/1026/1026 1027/1027/1027
f 1025/1025/1025 1027/1027/1027 1028/1028/1028
f 1029/1029/1029 1030/1030/1030 1031/1031/1031
f 1029/1029/1029 1031/1031/1031 1032/1032/1032
f 1033/1033/1033 1035/1035/1035 1034/1034/1034
f 1036/1036/1036 1037/1037/1037 1038/1038/1038
f 1039/1039/1039 1040/1040/1040 1041/1041/1041
f 1042/1042/1042 1044/1044/1044 1043/1043/1043
f 1045/1045/1045 1046/1046/1046 1047/1047/1047
f 1048/1048/1048 1050/1050/1050 1049/1049/1049
f 1051/1051/1051 1053/1053/1053 1052/1052/1052
f 1054/1054/1054 1055/1055/1055 1056/1056/1056
f 1057/1057/1057 1058/1058/1058 1059/1059/1059
f 1057/1057/1057 1059/1059/1059 1060/1060/1060
f 1061/1061/1061 1062/1062/1062 1063/1063/1063
f 1061/1061/1061 1063/1063/1063 1064/1064/1064
f 1065/1065/1065 1066/1066/1066 1067/1067/1067
f 1065/1065/1065 1067/1067/1067 1068/1068/1068
f 1069/1069/1069 1070/1070/1070 1071/1071/1071
f 1069/1069/1069 1071/1071/1071 1072/1072/1072
f 1073/1073/1073 1074/1074/1074 1075/1075/1075
f 1073/1073/1073 1075/1075/1075 1076/1076/1076
f 1077/1077/1077 1078/1078/1078 1079/1079/1079
f 1077/1077/1077 1079/1079/1079 1080/1080/1080
f 1081/1081/1081 1082/1082/1082 1083/1083/1083
f 1081/1081/1081 1083/1083/1083 1084/1084/1084
f 1085/1085/1085 1086/1086/1086 1087/1087/1087
f 1085/1085/1085 1087/1087/1087 1088/1088/1088
f 1089/1089/1089 1090/1090/1090 1091/1091/1091
f 1089/1089/1089 1091/1091/1091 1092/1092/1092
f 1093/1093/1093 1094/1094/1094 1095/1095/1095
f 1093/1093/1093 1095/1095/1095 1096/1096/1096
f 1097/1097/1097 1098/1098/1098 1099/1099/1099
f 1097/1097/1097 1099/1099/1099 1100/1100/1100
f 1101/1101/1101 1102/1102/1102 1103/1103/1103
f 1101/1101/1101 1103/1103/1103 1104/1104/1104
f 1105/1105/1105 1106/1106/1106 1107/1107/1107
f 1105/1105/1105 1107/1107/1107 1108/1108/1108
f 1109/1109/1109 1110/1110/1110 1111/1111/1111
f 1109/1109/1109 1111/1111/1111 1112/1112/1112
f 1113/1113/1113 1114/1114/1114 1115/1115/1115
f 1113/1113/1113 1115/1115/1115 1116/1116/1116
f 1117/1117/1117 1118/1118/1118 1119/1119/1119
f 1117/1117/1117 1119/1119/1119 1120/1120/1120
f 1121/1121/1121 1122/1122/1122 1123/1123/1123
f 1121/1121/1121 1123/1123/1123 1124/1124/1124
f 1125/1125/1125 1126/1126/1126 1127/1127/1127
f 1125/1125/1125 1127/1127/1127 1128/1128/1128
f 1129/1129/1129 1131/1131/1131 1130/1130/1130
f 1132/1132/1132 1133/1133/1133 1134/1134/1134
f 1135/1135/1135 1136/1136/1136 1137/1137/1137
f 1138/1138/1138 1140/1140/1140 1139/1139/1139
f 1141/1141/1141 1142/1142/1142 1143/1143/1143
f 1144/1144/1144 1146/1146/1146 1145/1145/1145
f 1147/1147/1147 1149/1149/1149 1148/1148/1148
f 1150/1150/1150 1151/1151/1151 1152/1152/1152
f 1153/1153/1153 1154/1154/1154 1155/1155/1155
f 1153/1153/1153 1155/1155/1155 1156/1156/1156
f 1157/1157/1157 1158/1158/1158 1159/1159/1159
f 1157/1157/1157 1159/1159/1159 1160/1160/1160
f 1161/1161/1161 1162/1162/1162 1163/1163/1163
f 1161/1161/1161 1163/1163/1163 1164/1164/1164
f 1165/1165/1165 1166/1166/1166 1167/1167/1167
f 1165/1165/1165 1167/1167/1167 1168/1168/1168
f 1169/1169/1169 1170/1170/1170 1171/1171/1171
f 1169/1169/1169 1171/1171/1171 1172/1172/1172
f 1173/1173/1173 1174/1174/1174 1175/1175/1175
f 1173/1173/1173 1175/1175/1175 1176/1176/1176
f 1177/1177/1177 1178/1178/1178 1179/1179/1179
f 1177/1177/1177 1179/1179/1179 1180/1180/1180
f 1181/1181/1181 1182/1182/1182 1183/1183/1183
f 1181/1181/1181 1183/1183/1183 1184/1184/1184
f 1185/1185/1185 1186/1186/1186 1187/1187/1187
f 1185/1185/1185 1187/1187/1187 1188/1188/1188
f 1189/1189/1189 1190/1190/1190 1191/1191/1191
f 1189/1189/1189 1191/1191/1191 1192/1192/1192
f 1193/1193/1193 1194/1194/1194 1195/1195/1195
f 1193/1193/1193 1195/1195/1195 1196/1196/1196
f 1197/1197/1197 1198/1198/1198 1199/1199/1199
f 1197/1197/1197 1199/1199/1199 1200/1200/1200
f 1201/1201/1201 1202/1202/1202 1203/1203/1203
f 1201/1201/1201 1203/1203/1203 1204/1204/1204
f 1205/1205/1205 1206/1206/1206 1207/1207/1207
f 1205/1205/1205 1207/1207/1207 1208/1208/1208
f 1209/1209/1209 1210/1210/1210 1211/1211/1211
f 1209/1209/1209 1211/1211/1211 1212/1212/1212
f 1213/1213/1213 1214/1214/1214 1215/1215/1215
f 1213/1213/1213 1215/1215/1215 1216/1216/1216
f 1217/1217/1217 1218/1218/1218 1219/1219/1219
f 1217/1217/1217 1219/1219/1219 1220/1220/1220
f 1221/1221/1221 1222/1222/1222 1223/1223/1223
f 1221/1221/1221 1223/1223/1223 1224/1224/1224
f 1225/1225/1225 1227/1227/1227 1226/1226/1226
f 1228/1228/1228 1229/1229/1229 1230/1230/1230
f 1231/1231/1231 1232/1232/1232 1233/1233/1233
f 1234/1234/1234 1236/1236/1236 1235/1235/1235
f 1237/1237/1237 1238/1238/1238 1239/1239/1239
f 1240/1240/1240 1242/1242/1242 1241/1241/1241
f 1243/1243/1243 1245/1245/1245 1244/1244/1244
f 1246/1246/1246 1247/1247/1247 1248/1248/1248
f 1249/1249/1249 1250/1250/1250 1251/1251/1251
f 1249/1249/1249 1251/1251/1251 1252/1252/1252
f 1253/1253/1253 1254/1254/1254 1255/1255/1255
f 1253/1253/1253 1255/1255/1255 1256/1256/1256
f 1257/1257/1257 1258/1258/1258 1259/1259/1259
f 1257/1257/1257 1259/1259/1259 1260/1260/1260
f 1261/1261/1261 1262/1262/1262 1263/1263/1263
f 1261/1261/1261 1263/1263/1263 1264/1264/1264
f 1265/1265/1265 1266/1266/1266 1267/1267/1267
f 1265/1265/1265 1267/1267/1267 1268/1268/1268
f 1269/1269/1269 1270/1270/1270 1271/1271/1271
f 1269/1269/1269 1271/1271/1271 1272/1272/1272
f 1273/1273/1273 1274/1274/1274 1275/1275/1275
f 1273/1273/1273 1275/1275/1275 1276/1276/1276
f 1277/1277/1277 1278/1278/1278 1279/1279/1279
f 1277/1277/1277 1279/1279/1279 1280/1280/1280
f 1281/1281/1281 1282/1282/1282 1283/1283/1283
f 1281/1281/1281 1283/1283/1283 1284/1284/1284
f 1285/1285/1285 1286/1286/1286 1287/1287/1287
f 1285/1285/1285 1287/1287/1287 1288/1288/1288
f 1289/1289/1289 1290/1290/1290 1291/1291/1291
f 1289/1289/1289 1291/1291/1291 1292/1292/1292
f 1293/1293/1293 1294/1294/1294 1295/1295/1295
f 1293/1293/1293 1295/1295/1295 1296/1296/1296
f 1297/1297/1297 1298/1298/1298 1299/1299/1299
f 1297/1297/1297 1299/1299/1299 1300/1300/1300
f 1301/1301/1301 1302/1302/1302 1303/1303/1303
f 1301/1301/1301 1303/1303/1303 1304/1304/1304
f 1305/1305/1305 1306/1306/1306 1307/1307/1307
f 1305/1305/1305 1307/1307/1307 1308/1308/1308
f 1309/1309/1309 1310/1310/1310 1311/1311/1311
f 1309/1309/1309 1311/1311/1311 1312/1312/1312
f 1313/1313/1313 1314/1314/1314 1315/1315/1315
f 1313/1313/1313 1315/1315/1315 1316/1316/1316
f 1317/1317/1317 1318/1318/1318 1319/1319/1319
f 1317/1317/1317 1319/1319/1319 1320/1320/1320
f 1321/1321/1321 1323/1323/1323 1322/1322/1322
f 1324/1324/1324 1325/1325/1325 1326/1326/1326
f 1327/1327/1327 1328/1328/1328 1329/1329/1329
f 1330/1330/1330 1332/1332/1332 1331/1331/1331
f 1333/1333/1333 1334/1334/1334 1335/1335/1335
f 1336/1336/1336 1338/1338/1338 1337/1337/1337
f 1339/1339/1339 1341/1341/1341 1340/1340/1340
f 1342/1342/1342 1343/1343/1343 1344/1344/1344
f 1345/1345/1345 1357/1357/1357 1358/1358/1358
f 1345/1345/1345 1358/1358/1358 1346/1346/1346
f 1346/1346/1346 1358/1358/1358 1359/1359/1359
f 1346/1346/1346 1359/1359/1359 1347/1347/1347
f 1347/1347/1347 1359/1359/1359 1360/1360/1360
f 1347/1347/1347 1360/1360/1360 1348/1348/1348
f 1348/1348/1348 1360/1360/1360 1361/1361/1361
f 1348/1348/1348 1361/1361/1361 1349/1349/1349
f 1349/1349/1349 1361/1361/1361 1362/1362/1362
f 1349/1349/1349 1362/1362/1362 1350/1350/1350
f 1350/1350/1350 1362/1362/1362 1363/1363/1363
f 1350/1350/1350 1363/1363/1363 1351/1351/1351
f 1351/1351/1351 1363/1363/1363 1364/1364/1364
f 1351/1351/1351 1364/1364/1364 1352/1352/1352
f 1352/1352/1352 1364/1364/1364 1365/1365/1365
f 1352/1352/1352 1365/1365/1365 1353/1353/1353
f 1353/1353/1353 1365/1365/1365 1366/1366/1366
f 1353/1353/1353 1366/1366/1366 1354/1354/1354
f 1354/1354/1354 1366/1366/1366 1367/1367/1367
f 1354/1354/1354 1367/1367/1367 1355/1355/1355
f 1355/1355/1355 1367/1367/1367 1368/1368/1368
f 1355/1355/1355 1368/1368/1368 1356/1356/1356
f 1356/1356/1356 1368/1368/1368 1357/1357/1357
f 1356/1356/1356 1357/1357/1357 1345/1345/1345
f 1357/1357/1357 1369/1369/1369 1370/1370/1370
f 1357/1357/1357 1370/1370/1370 1358/1358/1358
f 1358/1358/1358 1370/1370/1370 1371/1371/1371
f 1358/1358/1358 1371/1371/1371 1359/1359/1359
f 1359/1359/1359 1371/1371/1371 1372/1372/1372
f 1359/1359/1359 1372/1372/1372 1360/1360/1360
f 1360/1360/1360 1372/1372/1372 1373/1373/1373
f 1360/1360/1360 1373/1373/1373 1361/1361/1361
f 1361/1361/1361 1373/1373/1373 1374/1374/1374
f 1361/1361/1361 1374/1374/1374 1362/1362/1362
f 1362/1362/1362 1374/1374/1374 1375/1375/1375
f 1362/1362/1362 1375/1375/1375 1363/1363/1363
f 1363/1363/1363 1375/1375/1375 1376/1376/1376
f 1363/1363/1363 1376/1376/1376 1364/1364/1364
f 1364/1364/1364 1376/1376/1376 1377/1377/1377
f 1364/1364/1364 1377/1377/1377 1365/1365/1365
f 1365/1365/1365 1377/1377/1377 1378/1378/1378
f 1365/1365/1365 1378/1378/1378 1366/1366/1366
f 1366/1366/1366 1378/1378/1378 1379/1379/1379
f 1366/1366/1366 1379/1379/1379 1367/1367/1367
f 1367/1367/1367 1379/1379/1379 1380/1380/1380
f 1367/1367/1367 1380/1380/1380 1368/1368/1368
f 1368/1368/1368 1380/1380/1380 1369/1369/1369
f 1368/1368/1368 1369/1369/1369 1357/1357/1357
f 1369/1369/1369 1381/1381/1381 1382/1382/1382
f 1369/1369/1369 1382/1382/1382 1370/1370/1370
f 1370/1370/1370 1382/1382/1382 1383/1383/1383
f 1370/1370/1370 1383/1383/1383 1371/1371/1371
f 1371/1371/1371 1383/1383/1383 1384/1384/1384
f 1371/1371/1371 1384/1384/1384 1372/1372/1372
f 1372/1372/1372 1384/1384/1384 1385/1385/1385
f 1372/1372/1372 1385/1385/1385 1373/1373/1373
f 1373/1373/1373 1385/1385/1385 1386/1386/1386
f 1373/1373/1373 1386/1386/1386 1374/1374/1374
f 1374/1374/1374 1386/1386/1386 1387/1387/1387
f 1374/1374/1374 1387/1387/1387 1375/1375/1375
f 1375/1375/1375 1387/1387/1387 1388/1388/1388
f 1375/1375/1375 1388/1388/1388 1376/1376/1376
f 1376/1376/1376 1388/1388/1388 1389/1389/1389
f 1376/1376/1376 1389/1389/1389 1377/1377/1377
f 1377/1377/1377 1389/1389/1389 1390/1390/1390
f 1377/1377/1377 1390/1390/1390 1378/1378/1378
f 1378/1378/1378 1390/1390/1390 1391/1391/1391
f 1378/1378/1378 1391/1391/1391 1379/1379/1379
f 1379/1379/1379 1391/1391/1391 1392/1392/1392
f 1379/1379/1379 1392/1392/1392 1380/1380/1380
f 1380/1380/1380 1392/1392/1392 1381/1381/1381
f 1380/1380/1380 1381/1381/1381 1369/1369/1369
f 1393/1393/1393 1346/1346/1346 1345/1345/1345
f 1393/1393/1393 1347/1347/1347 1346/1346/1346
f 1393/1393/1393 1348/1348/1348 1347/1347/1347
f 1393/1393/1393 1349/1349/1349 1348/1348/1348
f 1393/1393/1393 1350/1350/1350 1349/1349/1349
f 1393/1393/1393 1351/1351/1351 1350/1350/1350
f 1393/1393/1393 1352/1352/1352 1351/1351/1351
f 1393/1393/1393 1353/1353/1353 1352/1352/1352
f 1393/1393/1393 1354/1354/1354 1353/1353/1353
f 1393/1393/1393 1355/1355/1355 1354/1354/1354
f 1393/1393/1393 1356/1356/1356 1355/1355/1355
f 1393/1393/1393 1345/1345/1345 1356/1356/1356
f 1394/1394/1394 1381/1381/1381 1382/1382/1382
f 1394/1394/1394 1382/1382/1382 1383/1383/1383
f 1394/1394/1394 1383/1383/1383 1384/1384/1384
f 1394/1394/1394 1384/1384/1384 1385/1385/1385
f 1394/1394/1394 1385/1385/1385 1386/1386/1386
f 1394/1394/1394 1386/1386/1386 1387/1387/1387
f 1394/1394/1394 1387/1387/1387 1388/1388/1388
f 1394/1394/1394 1388/1388/1388 1389/1389/1389
f 1394/1394/1394 1389/1389/1389 1390/1390/1390
f 1394/1394/1394 1390/1390/1390 1391/1391/1391
f 1394/1394/1394 1391/1391/1391 1392/1392/1392
f 1394/1394/1394 1392/1392/1392 1381/1381/1381
f 1395/1395/1395 1396/1396/1396 1397/1397/1397
f 1395/1395/1395 1397/1397/1397 1398/1398/1398
f 1399/1399/1399 1400/1400/1400 1401/1401/1401
f 1399/1399/1399 1401/1401/1401 1402/1402/1402
f 1403/1403/1403 1404/1404/1404 1405/1405/1405
f 1403/1403/1403 1405/1405/1405 1406/1406/1406
f 1407/1407/1407 1408/1408/1408 1409/1409/1409
f 1407/1407/1407 1409/1409/1409 1410/1410/1410
f 1411/1411/1411 1412/1412/1412 1413/1413/1413
f 1411/1411/1411 1413/1413/1413 1414/1414/1414
f 1415/1415/1415 1416/1416/1416 1417/1417/1417
f 1415/1415/1415 1417/1417/1417 1418/1418/1418
f 1419/1419/1419 1420/1420/1420 1421/1421/1421
f 1419/1419/1419 1421/1421/1421 1422/1422/1422
f 1423/1423/1423 1424/1424/1424 1425/1425/1425
f 1423/1423/1423 1425/1425/1425 1426/1426/1426
f 1427/1427/1427 1428/1428/1428 1429/1429/1429
f 1427/1427/1427 1429/1429/1429 1430/1430/1430
f 1431/1431/1431 1432/1432/1432 1433/1433/1433
f 1431/1431/1431 1433/1433/1433 1434/1434/1434
f 1435/1435/1435 1436/1436/1436 1437/1437/1437
f 1435/1435/1435 1437/1437/1437 1438/1438/1438
f 1439/1439/1439 1440/1440/1440 1441/1441/1441
f 1439/1439/1439 1441/1441/1441 1442/1442/1442
f 1443/1443/1443 1444/1444/1444 1445/1445/1445
f 1443/1443/1443 1445/1445/1445 1446/1446/1446
f 1447/1447/1447 1448/1448/1448 1449/1449/1449
f 1447/1447/1447 1449/1449/1449 1450/1450/1450
f 1451/1451/1451 1452/1452/1452 1453/1453/1453
f 1451/1451/1451 1453/1453/1453 1454/1454/1454
f 1455/1455/1455 1456/1456/1456 1457/1457/1457
f 1455/1455/1455 1457/1457/1457 1458/1458/1458
f 1459/1459/1459 1460/1460/1460 1461/1461/1461
f 1459/1459/1459 1461/1461/1461 1462/1462/1462
f 1463/1463/1463 1464/1464/1464 1465/1465/1465
f 1463/1463/1463 1465/1465/1465 1466/1466/1466
f 1467/1467/1467 1469/1469/1469 1468/1468/1468
f 1470/1470/1470 1471/1471/1471 1472/1472/1472
f 1473/1473/1473 1474/1474/1474 1475/1475/1475
f 1476/1476/1476 1478/1478/1478 1477/1477/1477
f 1479/1479/1479 1480/1480/1480 1481/1481/1481
f 1482/1482/1482 1484/1484/1484 1483/1483/1483
f 1485/1485/1485 1487/1487/1487 1486/1486/1486
f 1488/1488/1488 1489/1489/1489 1490/1490/1490
f 1491/1491/1491 1492/1492/1492 1493/1493/1493
f 1491/1491/1491 1493/1493/1493 1494/1494/1494
f 1495/1495/1495 1496/1496/1496 1497/1497/1497
f 1495/1495/1495 1497/1497/1497 1498/1498/1498
f 1499/1499/1499 1500/1500/1500 1501/1501/1501
f 1499/1499/1499 1501/1501/1501 1502/1502/1502
f 1503/1503/1503 1504/1504/1504 1505/1505/1505
f 1503/1503/1503 1505/1505/1505 1506/1506/1506
f 1507/1507/1507 1508/1508/1508 1509/1509/1509
f 1507/1507/1507 1509/1509/1509 1510/1510/1510
f 1511/1511/1511 1512/1512/1512 1513/1513/1513
f 1511/1511/1511 1513/1513/1513 1514/1514/1514
f 1515/1515/1515 1516/1516/1516 1517/1517/1517
f 1515/1515/1515 1517/1517/1517 1518/1518/1518
f 1519/1519/1519 1520/1520/1520 1521/1521/1521
f 1519/1519/1519 1521/1521/1521 1522/1522/1522
f 1523/1523/1523 1524/1524/1524 1525/1525/1525
f 1523/1523/1523 1525/1525/1525 1526/1526/1526
f 1527/1527/1527 1528/1528/1528 1529/1529/1529
f 1527/1527/1527 1529/1529/1529 1530/1530/1530
f 1531/1531/1531 1532/1532/1532 1533/1533/1533
f 1531/1531/1531 1533/1533/1533 1534/1534/1534
f 1535/1535/1535 1536/1536/1536 1537/1537/1537
f 1535/1535/1535 1537/1537/1537 1538/1538/1538
f 1539/1539/1539 1540/1540/1540 1541/1541/1541
f 1539/1539/1539 1541/1541/1541 1542/1542/1542
f 1543/1543/1543 1544/1544/1544 1545/1545/1545
f 1543/1543/1543 1545/1545/1545 1546/1546/1546
f 1547/1547/1547 1548/1548/1548 1549/1549/1549
f 1547/1547/1547 1549/1549/1549 1550/1550/1550
f 1551/1551/1551 1552/1552/1552 1553/1553/1553
f 1551/1551/1551 1553/1553/1553 1554/1554/1554
f 1555/1555/1555 1556/1556/1556 1557/1557/1557
f 1555/1555/1555 1557/1557/1557 1558/1558/1558
f 1559/1559/1559 1560/1560/1560 1561/1561/1561
f 1559/1559/1559 1561/1561/1561 1562/1562/1562
f 1563/1563/1563 1565/1565/1565 1564/1564/1564
f 1566/1566/1566 1567/1567/1567 1568/1568/1568
f 1569/1569/1569 1570/1570/1570 1571/1571/1571
f 1572/1572/1572 1574/1574/1574 1573/1573/1573
f 1575/1575/1575 1576/1576/1576 1577/1577/1577
f 1578/1578/1578 1580/1580/1580 1579/1579/1579
f 1581/1581/1581 1583/1583/1583 1582/1582/1582
f 1584/1584/1584 1585/1585/1585 1586/1586/1586
f 1587/1587/1587 1588/1588/1588 1589/1589/1589
f 1587/1587/1587 1589/1589/1589 1590/1590/1590
f 1591/1591/1591 1592/1592/1592 1593/1593/1593
f 1591/1591/1591 1593/1593/1593 1594/1594/1594
f 1595/1595/1595 1596/1596/1596 1597/1597/1597
f 1595/1595/1595 1597/1597/1597 1598/1598/1598
f 1599/1599/1599 1600/1600/1600 1601/1601/1601
f 1599/1599/1599 1601/1601/1601 1602/1602/1602
f 1603/1603/1603 1604/1604/1604 1605/1605/1605
f 1603/1603/1603 1605/1605/1605 1606/1606/1606
f 1607/1607/1607 1608/1608/1608 1609/1609/1609
f 1607/1607/1607 1609/1609/1609 1610/1610/1610
f 1611/1611/1611 1612/1612/1612 1613/1613/1613
f 1611/1611/1611 1613/1613/1613 1614/1614/1614
f 1615/1615/1615 1616/1616/1616 1617/1617/1617
f 1615/1615/1615 1617/1617/1617 1618/1618/1618
f 1619/1619/1619 1620/1620/1620 1621/1621/1621
f 1619/1619/1619 1621/1621/1621 1622/1622/1622
f 1623/1623/1623 1624/1624/1624 1625/1625/1625
f 1623/1623/1623 1625/1625/1625 1626/1626/1626
f 1627/1627/1627 1628/1628/1628 1629/1629/1629
f 1627/1627/1627 1629/1629/1629 1630/1630/1630
f 1631/1631/1631 1632/1632/1632 1633/1633/1633
f 1631/1631/1631 1633/1633/1633 1634/1634/1634
f 1635/1635/1635 1636/1636/1636 1637/1637/1637
f 1635/1635/1635 1637/1637/1637 1638/1638/1638
f 1639/1639/1639 1640/1640/1640 1641/1641/1641
f 1639/1639/1639 1641/1641/1641 1642/1642/1642
f 1643/1643/1643 1644/1644/1644 1645/1645/1645
f 1643/1643/1643 1645/1645/1645 1646/1646/1646
f 1647/1647/1647 1648/1648/1648 1649/1649/1649
f 1647/1647/1647 1649/1649/1649 1650/1650/1650
f 1651/1651/1651 1652/1652/1652 1653/1653/1653
f 1651/1651/1651 1653/1653/1653 1654/1654/1654
f 1655/1655/1655 1656/1656/1656 1657/1657/1657
f 1655/1655/1655 1657/1657/1657 1658/1658/1658
f 1659/1659/1659 1661/1661/1661 1660/1660/1660
f 1662/1662/1662 1663/1663/1663 1664/1664/1664
f 1665/1665/1665 1666/1666/1666 1667/1667/1667
f 1668/1668/1668 1670/1670/1670 1669/1669/1669
f 1671/1671/1671 1672/1672/1672 1673/1673/1673
f 1674/1674/1674 1676/1676/1676 1675/1675/1675
f 1677/1677/1677 1679/1679/1679 1678/1678/1678
f 1680/1680/1680 1681/1681/1681 1682/1682/1682
f 1683/1683/1683 1684/1684/1684 1685/1685/1685
f 1683/1683/1683 1685/1685/1685 1686/1686/1686
f 1687/1687/1687 1688/1688/1688 1689/1689/1689
f 1687/1687/1687 1689/1689/1689 1690/1690/1690
f 1691/1691/1691 1692/1692/1692 1693/1693/1693
f 1691/1691/1691 1693/1693/1693 1694/1694/1694
f 1695/1695/1695 1696/1696/1696 1697/1697/1697
f 1695/1695/1695 1697/1697/1697 1698/1698/1698
f 1699/1699/1699 1700/1700/1700 1701/1701/1701
f 1699/1699/1699 1701/1701/1701 1702/1702/1702
f 1703/1703/1703 1704/1704/1704 1705/1705/1705
f 1703/1703/1703 1705/1705/1705 1706/1706/1706
f 1707/1707/1707 1708/1708/1708 1709/1709/1709
f 1707/1707/1707 1709/1709/1709 1710/1710/1710
f 1711/1711/1711 1712/1712/1712 1713/1713/1713
f 1711/1711/1711 1713/1713/1713 1714/1714/1714
f 1715/1715/1715 1716/1716/1716 1717/1717/1717
f 1715/1715/1715 1717/1717/1717 1718/1718/1718
f 1719/1719/1719 1720/1720/1720 1721/1721/1721
f 1719/1719/1719 1721/1721/1721 1722/1722/1722
f 1723/1723/1723 1724/1724/1724 1725/1725/1725
f 1723/1723/1723 1725/1725/1725 1726/1726/1726
f 1727/1727/1727 1728/1728/1728 1729/1729/1729
f 1727/1727/1727 1729/1729/1729 1730/1730/1730
f 1731/1731/1731 1732/1732/1732 1733/1733/1733
f 1731/1731/1731 1733/1733/1733 1734/1734/1734
f 1735/1735/1735 1736/1736/1736 1737/1737/1737
f 1735/1735/1735 1737/1737/1737 1738/1738/1738
f 1739/1739/1739 1740/1740/1740 1741/1741/1741
f 1739/1739/1739 1741/1741/1741 1742/1742/1742
f 1743/1743/1743 1744/1744/1744 1745/1745/1745
f 1743/1743/1743 1745/1745/1745 1746/1746/1746
f 1747/1747/1747 1748/1748/1748 1749/1749/1749
f 1747/1747/1747 1749/1749/1749 1750/1750/1750
f 1751/1751/1751 1752/1752/1752 1753/1753/1753
f 1751/1751/1751 1753/1753/1753 1754/1754/1754
f 1755/1755/1755 1757/1757/1757 1756/1756/1756
f 1758/1758/1758 1759/1759/1759 1760/1760/1760
f 1761/1761/1761 1762/1762/1762 1763/1763/1763
f 1764/1764/1764 1766/1766/1766 1765/1765/1765
f 1767/1767/1767 1768/1768/1768 1769/1769/1769
f 1770/1770/1770 1772/1772/1772 1771/1771/1771
f 1773/1773/1773 1775/1775/1775 1774/1774/1774
f 1776/1776/1776 1777/1777/1777 1778/1778/1778
f 1779/1779/1779 1780/1780/1780 1781/1781/1781
f 1779/1779/1779 1781/1781/1781 1782/1782/1782
f 1783/1783/1783 1784/1784/1784 1785/1785/1785
f 1783/1783/1783 1785/1785/1785 1786/1786/1786
f 1787/1787/1787 1788/1788/1788 1789/1789/1789
f 1787/1787/1787 1789/1789/1789 1790/1790/1790
f 1791/1791/1791 1792/1792/1792 1793/1793/1793
f 1791/1791/1791 1793/1793/1793 1794/1794/1794
f 1795/1795/1795 1796/1796/1796 1797/1797/1797
f 1795/1795/1795 1797/1797/1797 1798/1798/1798
f 1799/1799/1799 1800/1800/1800 1801/1801/1801
f 1799/1799/1799 1801/1801/1801 1802/1802/1802
f 1803/1803/1803 1804/1804/1804 1805/1805/1805
f 1803/1803/1803 1805/1805/1805 1806/1806/1806
f 1807/1807/1807 1808/1808/1808 1809/1809/1809
f 1807/1807/1807 1809/1809/1809 1810/1810/1810
f 1811/1811/1811 1812/1812/1812 1813/1813/1813
f 1811/1811/1811 1813/1813/1813 1814/1814/1814
f 1815/1815/1815 1816/1816/1816 1817/1817/1817
f 1815/1815/1815 1817/1817/1817 1818/1818/1818
f 1819/1819/1819 1820/1820/1820 1821/1821/1821
f 1819/1819/1819 1821/1821/1821 1822/1822/1822
f 1823/1823/1823 1824/1824/1824 1825/1825/1825
f 1823/1823/1823 1825/1825/1825 1826/1826/1826
f 1827/1827/1827 1828/1828/1828 1829/1829/1829
f 1827/1827/1827 1829/1829/1829 1830/1830/1830
f 1831/1831/1831 1832/1832/1832 1833/1833/1833
f 1831/1831/1831 1833/1833/1833 1834/1834/1834
f 1835/1835/1835 1836/1836/1836 1837/1837/1837
f 1835/1835/1835 1837/1837/1837 1838/1838/1838
f 1839/1839/1839 1840/1840/1840 1841/1841/1841
f 1839/1839/1839 1841/1841/1841 1842/1842/1842
f 1843/1843/1843 1844/1844/1844 1845/1845/1845
f 1843/1843/1843 1845/1845/1845 1846/1846/1846
f 1847/1847/1847 1848/1848/1848 1849/1849/1849
f 1847/1847/1847 1849/1849/1849 1850/1850/1850
f 1851/1851/1851 1853/1853/1853 1852/1852/1852
f 1854/1854/1854 1855/1855/1855 1856/1856/1856
f 1857/1857/1857 1858/1858/1858 1859/1859/1859
f 1860/1860/1860 1862/1862/1862 1861/1861/1861
f 1863/1863/1863 1864/1864/1864 1865/1865/1865
f 1866/1866/1866 1868/1868/1868 1867/1867/1867
f 1869/1869/1869 1871/1871/1871 1870/1870/1870
f 1872/1872/1872 1873/1873/1873 1874/1874/1874
f 1875/1875/1875 1876/1876/1876 1877/1877/1877
f 1875/1875/1875 1877/1877/1877 1878/1878/1878
f 1879/1879/1879 1880/1880/1880 1881/1881/1881
f 1879/1879/1879 1881/1881/1881 1882/1882/1882
f 1883/1883/1883 1884/1884/1884 1885/1885/1885
f 1883/1883/1883 1885/1885/1885 1886/1886/1886
f 1887/1887/1887 1888/1888/1888 1889/1889/1889
f 1887/1887/1887 1889/1889/1889 1890/1890/1890
f 1891/1891/1891 1892/1892/1892 1893/1893/1893
f 1891/1891/1891 1893/1893/1893 1894/1894/1894
f 1895/1895/1895 1896/1896/1896 1897/1897/1897
f 1895/1895/1895 1897/1897/1897 1898/1898/1898
f 1899/1899/1899 1900/1900/1900 1901/1901/1901
f 1899/1899/1899 1901/1901/1901 1902/1902/1902
f 1903/1903/1903 1904/1904/1904 1905/1905/1905
f 1903/1903/1903 1905/1905/1905 1906/1906/1906
f 1907/1907/1907 1908/1908/1908 1909/1909/1909
f 1907/1907/1907 1909/1909/1909 1910/1910/1910
f 1911/1911/1911 1912/1912/1912 1913/1913/1913
f 1911/1911/1911 1913/1913/1913 1914/1914/1914
f 1915/1915/1915 1916/1916/1916 1917/1917/1917
f 1915/1915/1915 1917/1917/1917 1918/1918/1918
f 1919/1919/1919 1920/1920/1920 1921/1921/1921
f 1919/1919/1919 1921/1921/1921 1922/1922/1922
f 1923/1923/1923 1924/1924/1924 1925/1925/1925
f 1923/1923/1923 1925/1925/1925 1926/1926/1926
f 1927/1927/1927 1928/1928/1928 1929/1929/1929
f 1927/1927/1927 1929/1929/1929 1930/1930/1930
f 1931/1931/1931 1932/1932/1932 1933/1933/1933
f 1931/1931/1931 1933/1933/1933 1934/1934/1934
f 1935/1935/1935 1936/1936/1936 1937/1937/1937
f 1935/1935/1935 1937/1937/1937 1938/1938/1938
f 1939/1939/1939 1940/1940/1940 1941/1941/1941
f 1939/1939/1939 1941/1941/1941 1942/1942/1942
f 1943/1943/1943 1944/1944/1944 1945/1945/1945
f 1943/1943/1943 1945/1945/1945 1946/1946/1946
f 1947/1947/1947 1949/1949/1949 1948/1948/1948
f 1950/1950/1950 1951/1951/1951 1952/1952/1952
f 1953/1953/1953 1954/1954/1954 1955/1955/1955
f 1956/1956/1956 1958/1958/1958 1957/1957/1957
f 1959/1959/1959 1960/1960/1960 1961/1961/1961
f 1962/1962/1962 1964/1964/1964 1963/1963/1963
f 1965/1965/1965 1967/1967/1967 1966/1966/1966
f 1968/1968/1968 1969/1969/1969 1970/1970/1970
f 1971/1971/1971 1972/1972/1972 1973/1973/1973
f 1971/1971/1971 1973/1973/1973 1974/1974/1974
f 1975/1975/1975 1976/1976/1976 1977/1977/1977
f 1975/1975/1975 1977/1977/1977 1978/1978/1978
f 1979/1979/1979 1980/1980/1980 1981/1981/1981
f 1979/1979/1979 1981/1981/1981 1982/1982/1982
f 1983/1983/1983 1984/1984/1984 1985/1985/1985
f 1983/1983/1983 1985/1985/1985 1986/1986/1986
f 1987/1987/1987 1988/1988/1988 1989/1989/1989
f 1987/1987/1987 1989/1989/1989 1990/1990/1990
f 1991/1991/1991 1992/1992/1992 1993/1993/1993
f 1991/1991/1991 1993/1993/1993 1994/1994/1994
f 1995/1995/1995 1996/1996/1996 1997/1997/1997
f 1995/1995/1995 1997/1997/1997 1998/1998/1998
f 1999/1999/1999 2000/2000/2000 2001/2001/2001
f 1999/1999/1999 2001/2001/2001 2002/2002/2002
f 2003/2003/2003 2004/2004/2004 2005/2005/2005
f 2003/2003/2003 2005/2005/2005 2006/2006/2006
f 2007/2007/2007 2008/2008/2008 2009/2009/2009
f 2007/2007/2007 2009/2009/2009 2010/2010/2010
f 2011/2011/2011 2012/2012/2012 2013/2013/2013
f 2011/2011/2011 2013/2013/2013 2014/2014/2014
f 2015/2015/2015 2016/2016/2016 2017/2017/2017
f 2015/2015/2015 2017/2017/2017 2018/2018/2018
f 2019/2019/2019 2020/2020/2020 2021/2021/2021
f 2019/2019/2019 2021/2021/2021 2022/2022/2022
f 2023/2023/2023 2024/2024/2024 2025/2025/2025
f 2023/2023/2023 2025/2025/2025 2026/2026/2026
f 2027/2027/2027 2028/2028/2028 2029/2029/2029
f 2027/2027/2027 2029/2029/2029 2030/2030/2030
f 2031/2031/2031 2032/2032/2032 2033/2033/2033
f 2031/2031/2031 2033/2033/2033 2034/2034/2034
f 2035/2035/2035 2036/2036/2036 2037/2037/2037
f 2035/2035/2035 2037/2037/2037 2038/2038/2038
f 2039/2039/2039 2040/2040/2040 2041/2041/2041
f 2039/2039/2039 2041/2041/2041 2042/2042/2042
f 2043/2043/2043 2045/2045/2045 2044/2044/2044
f 2046/2046/2046 2047/2047/2047 2048/2048/2048
f 2049/2049/2049 2050/2050/2050 2051/2051/2051
f 2052/2052/2052 2054/2054/2054 2053/2053/2053
f 2055/2055/2055 2056/2056/2056 2057/2057/2057
f 2058/2058/2058 2060/2060/2060 2059/2059/2059
f 2061/2061/2061 2063/2063/2063 2062/2062/2062
f 2064/2064/2064 2065/2065/2065 2066/2066/2066
f 2067/2067/2067 2068/2068/2068 2069/2069/2069
f 2067/2067/2067 2069/2069/2069 2070/2070/2070
f 2071/2071/2071 2072/2072/2072 2073/2073/2073
f 2071/2071/2071 2073/2073/2073 2074/2074/2074
f 2075/2075/2075 2076/2076/2076 2077/2077/2077
f 2075/2075/2075 2077/2077/2077 2078/2078/2078
f 2079/2079/2079 2080/2080/2080 2081/2081/2081
f 2079/2079/2079 2081/2081/2081 2082/2082/2082
f 2083/2083/2083 2084/2084/2084 2085/2085/2085
f 2083/2083/2083 2085/2085/2085 2086/2086/2086
f 2087/2087/2087 2088/2088/2088 2089/2089/2089
f 2087/2087/2087 2089/2089/2089 2090/2090/2090
f 2091/2091/2091 2092/2092/2092 2093/2093/2093
f 2091/2091/2091 2093/2093/2093 2094/2094/2094
f 2095/2095/2095 2096/2096/2096 2097/2097/2097
f 2095/2095/2095 2097/2097/2097 2098/2098/2098
f 2099/2099/2099 2100/2100/2100 2101/2101/2101
f 2099/2099/2099 2101/2101/2101 2102/2102/2102
f 2103/2103/2103 2104/2104/2104 2105/2105/2105
f 2103/2103/2103 2105/2105/2105 2106/2106/2106
f 2107/2107/2107 2108/2108/2108 2109/2109/2109
f 2107/2107/2107 2109/2109/2109 2110/2110/2110
f 2111/2111/2111 2112/2112/2112 2113/2113/2113
f 2111/2111/2111 2113/2113/2113 2114/2114/2114
f 2115/2115/2115 2116/2116/2116 2117/2117/2117
f 2115/2115/2115 2117/2117/2117 2118/2118/2118
f 2119/2119/2119 2120/2120/2120 2121/2121/2121
f 2119/2119/2119 2121/2121/2121 2122/2122/2122
f 2123/2123/2123 2124/2124/2124 2125/2125/2125
f 2123/2123/2123 2125/2125/2125 2126/2126/2126
f 2127/2127/2127 2128/2128/2128 2129/2129/2129
f 2127/2127/2127 2129/2129/2129 2130/2130/2130
f 2131/2131/2131 2132/2132/2132 2133/2133/2133
f 2131/2131/2131 2133/2133/2133 2134/2134/2134
f 2135/2135/2135 2136/2136/2136 2137/2137/2137
f 2135/2135/2135 2137/2137/2137 2138/2138/2138
f 2139/2139/2139 2141/2141/2141 2140/2140/2140
f 2142/2142/2142 2143/2143/2143 2144/2144/2144
f 2145/2145/2145 2146/2146/2146 2147/2147/2147
f 2148/2148/2148 2150/2150/2150 2149/2149/2149
f 2151/2151/2151 2152/2152/2152 2153/2153/2153
f 2154/2154/2154 2156/2156/2156 2155/2155/2155
f 2157/2157/2157 2159/2159/2159 2158/2158/2158
f 2160/2160/2160 2161/2161/2161 2162/2162/2162
f 2163/2163/2163 2164/2164/2164 2165/2165/2165
f 2163/2163/2163 2165/2165/2165 2166/2166/2166
f 2167/2167/2167 2168/2168/2168 2169/2169/2169
f 2167/2167/2167 2169/2169/2169 2170/2170/2170
f 2171/2171/2171 2172/2172/2172 2173/2173/2173
f 2171/2171/2171 2173/2173/2173 2174/2174/2174
f 2175/2175/2175 2176/2176/2176 2177/2177/2177
f 2175/2175/2175 2177/2177/2177 2178/2178/2178
f 2179/2179/2179 2180/2180/2180 2181/2181/2181
f 2179/2179/2179 2181/2181/2181 2182/2182/2182
f 2183/2183/2183 2184/2184/2184 2185/2185/2185
f 2183/2183/2183 2185/2185/2185 2186/2186/2186
f 2187/2187/2187 2188/2188/2188 2189/2189/2189
f 2187/2187/2187 2189/2189/2189 2190/2190/2190
f 2191/2191/2191 2192/2192/2192 2193/2193/2193
f 2191/2191/2191 2193/2193/2193 2194/2194/2194
f 2195/2195/2195 2196/2196/2196 2197/2197/2197
f 2195/2195/2195 2197/2197/2197 2198/2198/2198
f 2199/2199/2199 2200/2200/2200 2201/2201/2201
f 2199/2199/2199 2201/2201/2201 2202/2202/2202
f 2203/2203/2203 2204/2204/2204 2205/2205/2205
f 2203/2203/2203 2205/2205/2205 2206/2206/2206
f 2207/2207/2207 2208/2208/2208 2209/2209/2209
f 2207/2207/2207 2209/2209/2209 2210/2210/2210
f 2211/2211/2211 2212/2212/2212 2213/2213/2213
f 2211/2211/2211 2213/2213/2213 2214/2214/2214
f 2215/2215/2215 2216/2216/2216 2217/2217/2217
f 2215/2215/2215 2217/2217/2217 2218/2218/2218
f 2219/2219/2219 2220/2220/2220 2221/2221/2221
f 2219/2219/2219 2221/2221/2221 2222/2222/2222
f 2223/2223/2223 2224/2224/2224 2225/2225/2225
f 2223/2223/2223 2225/2225/2225 2226/2226/2226
f 2227/2227/2227 2228/2228/2228 2229/2229/2229
f 2227/2227/2227 2229/2229/2229 2230/2230/2230
f 2231/2231/2231 2232/2232/2232 2233/2233/2233
f 2231/2231/2231 2233/2233/2233 2234/2234/2234
f 2235/2235/2235 2237/2237/2237 2236/2236/2236
f 2238/2238/2238 2239/2239/2239 2240/2240/2240
f 2241/2241/2241 2242/2242/2242 2243/2243/2243
f 2244/2244/2244 2246/2246/2246 2245/2245/2245
f 2247/2247/2247 2248/2248/2248 2249/2249/2249
f 2250/2250/2250 2252/2252/2252 2251/2251/2251
f 2253/2253/2253 2255/2255/2255 2254/2254/2254
f 2256/2256/2256 2257/2257/2257 2258/2258/2258
f 2259/2259/2259 2260/2260/2260 2261/2261/2261
f 2259/2259/2259 2261/2261/2261 2262/2262/2262
f 2263/2263/2263 2264/2264/2264 2265/2265/2265
f 2263/2263/2263 2265/2265/2265 2266/2266/2266
f 2267/2267/2267 2268/2268/2268 2269/2269/2269
f 2267/2267/2267 2269/2269/2269 2270/2270/2270
f 2271/2271/2271 2272/2272/2272 2273/2273/2273
f 2271/2271/2271 2273/2273/2273 2274/2274/2274
f 2275/2275/2275 2276/2276/2276 2277/2277/2277
f 2275/2275/2275 2277/2277/2277 2278/2278/2278
f 2279/2279/2279 2280/2280/2280 2281/2281/2281
f 2279/2279/2279 2281/2281/2281 2282/2282/2282
f 2283/2283/2283 2284/2284/2284 2285/2285/2285
f 2283/2283/2283 2285/2285/2285 2286/2286/2286
f 2287/2287/2287 2288/2288/2288 2289/2289/2289
f 2287/2287/2287 2289/2289/2289 2290/2290/2290
f 2291/2291/2291 2292/2292/2292 2293/2293/2293
f 2291/2291/2291 2293/2293/2293 2294/2294/2294
f 2295/2295/2295 2296/2296/2296 2297/2297/2297
f 2295/2295/2295 2297/2297/2297 2298/2298/2298
f 2299/2299/2299 2300/2300/2300 2301/2301/2301
f 2299/2299/2299 2301/2301/2301 2302/2302/2302
f 2303/2303/2303 2304/2304/2304 2305/2305/2305
f 2303/2303/2303 2305/2305/2305 2306/2306/2306
f 2307/2307/2307 2308/2308/2308 2309/2309/2309
f 2307/2307/2307 2309/2309/2309 2310/2310/2310
f 2311/2311/2311 2312/2312/2312 2313/2313/2313
f 2311/2311/2311 2313/2313/2313 2314/2314/2314
f 2315/2315/2315 2316/2316/2316 2317/2317/2317
f 2315/2315/2315 2317/2317/2317 2318/2318/2318
f 2319/2319/2319 2320/2320/2320 2321/2321/2321
f 2319/2319/2319 2321/2321/2321 2322/2322/2322
f 2323/2323/2323 2324/2324/2324 2325/2325/2325
f 2323/2323/2323 2325/2325/2325 2326/2326/2326
f 2327/2327/2327 2328/2328/2328 2329/2329/2329
f 2327/2327/2327 2329/2329/2329 2330/2330/2330
f 2331/2331/2331 2333/2333/2333 2332/2332/2332
f 2334/2334/2334 2335/2335/2335 2336/2336/2336
f 2337/2337/2337 2338/2338/2338 2339/2339/2339
f 2340/2340/2340 2342/2342/2342 2341/2341/2341
f 2343/2343/2343 2344/2344/2344 2345/2345/2345
f 2346/2346/2346 2348/2348/2348 2347/2347/2347
f 2349/2349/2349 2351/2351/2351 2350/2350/2350
f 2352/2352/2352 2353/2353/2353 2354/2354/2354
f 2355/2355/2355 2356/2356/2356 2357/2357/2357
f 2355/2355/2355 2357/2357/2357 2358/2358/2358
f 2359/2359/2359 2360/2360/2360 2361/2361/2361
f 2359/2359/2359 2361/2361/2361 2362/2362/2362
f 2363/2363/2363 2364/2364/2364 2365/2365/2365
f 2363/2363/2363 2365/2365/2365 2366/2366/2366
f 2367/2367/2367 2368/2368/2368 2369/2369/2369
f 2367/2367/2367 2369/2369/2369 2370/2370/2370
f 2371/2371/2371 2372/2372/2372 2373/2373/2373
f 2371/2371/2371 2373/2373/2373 2374/2374/2374
f 2375/2375/2375 2376/2376/2376 2377/2377/2377
f 2375/2375/2375 2377/2377/2377 2378/2378/2378
f 2379/2379/2379 2380/2380/2380 2381/2381/2381
f 2379/2379/2379 2381/2381/2381 2382/2382/2382
f 2383/2383/2383 2384/2384/2384 2385/2385/2385
f 2383/2383/2383 2385/2385/2385 2386/2386/2386
f 2387/2387/2387 2388/2388/2388 2389/2389/2389
f 2387/2387/2387 2389/2389/2389 2390/2390/2390
f 2391/2391/2391 2392/2392/2392 2393/2393/2393
f 2391/2391/2391 2393/2393/2393 2394/2394/2394
f 2395/2395/2395 2396/2396/2396 2397/2397/2397
f 2395/2395/2395 2397/2397/2397 2398/2398/2398
f 2399/2399/2399 2400/2400/2400 2401/2401/2401
f 2399/2399/2399 2401/2401/2401 2402/2402/2402
f 2403/2403/2403 2404/2404/2404 2405/2405/2405
f 2403/2403/2403 2405/2405/2405 2406/2406/2406
f 2407/2407/2407 2408/2408/2408 2409/2409/2409
f 2407/2407/2407 2409/2409/2409 2410/2410/2410
f 2411/2411/2411 2412/2412/2412 2413/2413/2413
f 2411/2411/2411 2413/2413/2413 2414/2414/2414
f 2415/2415/2415 2416/2416/2416 2417/2417/2417
f 2415/2415/2415 2417/2417/2417 2418/2418/2418
f 2419/2419/2419 2420/2420/2420 2421/2421/2421
f 2419/2419/2419 2421/2421/2421 2422/2422/2422
f 2423/2423/2423 2424/2424/2424 2425/2425/2425
f 2423/2423/2423 2425/2425/2425 2426/2426/2426
f 2427/2427/2427 2429/2429/2429 2428/2428/2428
f 2430/2430/2430 2431/2431/2431 2432/2432/2432
f 2433/2433/2433 2434/2434/2434 2435/2435/2435
f 2436/2436/2436 2438/2438/2438 2437/2437/2437
f 2439/2439/2439 2440/2440/2440 2441/2441/2441
f 2442/2442/2442 2444/2444/2444 2443/2443/2443
f 2445/2445/2445 2447/2447/2447 2446/2446/2446
f 2448/2448/2448 2449/2449/2449 2450/2450/2450
f 2451/2451/2451 2452/2452/2452 2453/2453/2453
f 2451/2451/2451 2453/2453/2453 2454/2454/2454
f 2455/2455/2455 2456/2456/2456 2457/2457/2457
f 2455/2455/2455 2457/2457/2457 2458/2458/2458
f 2459/2459/2459 2460/2460/2460 2461/2461/2461
f 2459/2459/2459 2461/2461/2461 2462/2462/2462
f 2463/2463/2463 2464/2464/2464 2465/2465/2465
f 2463/2463/2463 2465/2465/2465 2466/2466/2466
f 2467/2467/2467 2468/2468/2468 2469/2469/2469
f 2467/2467/2467 2469/2469/2469 2470/2470/2470
f 2471/2471/2471 2472/2472/2472 2473/2473/2473
f 2471/2471/2471 2473/2473/2473 2474/2474/2474
f 2475/2475/2475 2476/2476/2476 2477/2477/2477
f 2475/2475/2475 2477/2477/2477 2478/2478/2478
f 2479/2479/2479 2480/2480/2480 2481/2481/2481
f 2479/2479/2479 2481/2481/2481 2482/2482/2482
f 2483/2483/2483 2484/2484/2484 2485/2485/2485
f 2483/2483/2483 2485/2485/2485 2486/2486/2486
f 2487/2487/2487 2488/2488/2488 2489/2489/2489
f 2487/2487/2487 2489/2489/2489 2490/2490/2490
f 2491/2491/2491 2492/2492/2492 2493/2493/2493
f 2491/2491/2491 2493/2493/2493 2494/2494/2494
f 2495/2495/2495 2496/2496/2496 2497/2497/2497
f 2495/2495/2495 2497/2497/2497 2498/2498/2498
f 2499/2499/2499 2500/2500/2500 2501/2501/2501
f 2499/2499/2499 2501/2501/2501 2502/2502/2502
f 2503/2503/2503 2504/2504/2504 2505/2505/2505
f 2503/2503/2503 2505/2505/2505 2506/2506/2506
f 2507/2507/2507 2508/2508/2508 2509/2509/2509
f 2507/2507/2507 2509/2509/2509 2510/2510/2510
f 2511/2511/2511 2512/2512/2512 2513/2513/2513
f 2511/2511/2511 2513/2513/2513 2514/2514/2514
f 2515/2515/2515 2516/2516/2516 2517/2517/2517
f 2515/2515/2515 2517/2517/2517 2518/2518/2518
f 2519/2519/2519 2520/2520/2520 2521/2521/2521
f 2519/2519/2519 2521/2521/2521 2522/2522/2522
f 2523/2523/2523 2525/2525/2525 2524/2524/2524
f 2526/2526/2526 2527/2527/2527 2528/2528/2528
f 2529/2529/2529 2530/2530/2530 2531/2531/2531
f 2532/2532/2532 2534/2534/2534 2533/2533/2533
f 2535/2535/2535 2536/2536/2536 2537/2537/2537
f 2538/2538/2538 2540/2540/2540 2539/2539/2539
f 2541/2541/2541 2543/2543/2543 2542/2542/2542
f 2544/2544/2544 2545/2545/2545 2546/2546/2546
f 2547/2547/2547 2548/2548/2548 2549/2549/2549
f 2547/2547/2547 2549/2549/2549 2550/2550/2550
f 2551/2551/2551 2552/2552/2552 2553/2553/2553
f 2551/2551/2551 2553/2553/2553 2554/2554/2554
f 2555/2555/2555 2556/2556/2556 2557/2557/2557
f 2555/2555/2555 2557/2557/2557 2558/2558/2558
f 2559/2559/2559 2560/2560/2560 2561/2561/2561
f 2559/2559/2559 2561/2561/2561 2562/2562/2562
f 2563/2563/2563 2564/2564/2564 2565/2565/2565
f 2563/2563/2563 2565/2565/2565 2566/2566/2566
f 2567/2567/2567 2568/2568/2568 2569/2569/2569
f 2567/2567/2567 2569/2569/2569 2570/2570/2570
f 2571/2571/2571 2572/2572/2572 2573/2573/2573
f 2571/2571/2571 2573/2573/2573 2574/2574/2574
f 2575/2575/2575 2576/2576/2576 2577/2577/2577
f 2575/2575/2575 2577/2577/2577 2578/2578/2578
f 2579/2579/2579 2580/2580/2580 2581/2581/2581
f 2579/2579/2579 2581/2581/2581 2582/2582/2582
f 2583/2583/2583 2584/2584/2584 2585/2585/2585
f 2583/2583/2583 2585/2585/2585 2586/2586/2586
f 2587/2587/2587 2588/2588/2588 2589/2589/2589
f 2587/2587/2587 2589/2589/2589 2590/2590/2590
f 2591/2591/2591 2592/2592/2592 2593/2593/2593
f 2591/2591/2591 2593/2593/2593 2594/2594/2594
f 2595/2595/2595 2596/2596/2596 2597/2597/2597
f 2595/2595/2595 2597/2597/2597 2598/2598/2598
f 2599/2599/2599 2600/2600/2600 2601/2601/2601
f 2599/2599/2599 2601/2601/2601 2602/2602/2602
f 2603/2603/2603 2604/2604/2604 2605/2605/2605
f 2603/2603/2603 2605/2605/2605 2606/2606/2606
f 2607/2607/2607 2608/2608/2608 2609/2609/2609
f 2607/2607/2607 2609/2609/2609 2610/2610/2610
f 2611/2611/2611 2612/2612/2612 2613/2613/2613
f 2611/2611/2611 2613/2613/2613 2614/2614/2614
f 2615/2615/2615 2616/2616/2616 2617/2617/2617
f 2615/2615/2615 2617/2617/2617 2618/2618/2618
f 2619/2619/2619 2621/2621/2621 2620/2620/2620
f 2622/2622/2622 2623/2623/2623 2624/2624/2624
f 2625/2625/2625 2626/2626/2626 2627/2627/2627
f 2628/2628/2628 2630/2630/2630 2629/2629/2629
f 2631/2631/2631 2632/2632/2632 2633/2633/2633
f 2634/2634/2634 2636/2636/2636 2635/2635/2635
f 2637/2637/2637 2639/2639/2639 2638/2638/2638
f 2640/2640/2640 2641/2641/2641 2642/2642/2642
f 2643/2643/2643 2644/2644/2644 2645/2645/2645
f 2643/2643/2643 2645/2645/2645 2646/2646/2646
f 2647/2647/2647 2648/2648/2648 2649/2649/2649
f 2647/2647/2647 2649/2649/2649 2650/2650/2650
f 2651/2651/2651 2652/2652/2652 2653/2653/2653
f 2651/2651/2651 2653/2653/2653 2654/2654/2654
f 2655/2655/2655 2656/2656/2656 2657/2657/2657
f 2655/2655/2655 2657/2657/2657 2658/2658/2658
f 2659/2659/2659 2660/2660/2660 2661/2661/2661
f 2659/2659/2659 2661/2661/2661 2662/2662/2662
f 2663/2663/2663 2664/2664/2664 2665/2665/2665
f 2663/2663/2663 2665/2665/2665 2666/2666/2666
f 2667/2667/2667 2668/2668/2668 2669/2669/2669
f 2667/2667/2667 2669/2669/2669 2670/2670/2670
f 2671/2671/2671 2672/2672/2672 2673/2673/2673
f 2671/2671/2671 2673/2673/2673 2674/2674/2674
f 2675/2675/2675 2676/2676/2676 2677/2677/2677
f 2675/2675/2675 2677/2677/2677 2678/2678/2678
f 2679/2679/2679 2680/2680/2680 2681/2681/2681
f 2679/2679/2679 2681/2681/2681 2682/2682/2682
f 2683/2683/2683 2684/2684/2684 2685/2685/2685
f 2683/2683/2683 2685/2685/2685 2686/2686/2686
f 2687/2687/2687 2688/2688/2688 2689/2689/2689
f 2687/2687/2687 2689/2689/2689 2690/2690/2690
f 2691/2691/2691 2692/2692/2692 2693/2693/2693
f 2691/2691/2691 2693/2693/2693 2694/2694/2694
f 2695/2695/2695 2696/2696/2696 2697/2697/2697
f 2695/2695/2695 2697/2697/2697 2698/2698/2698
f 2699/2699/2699 2700/2700/2700 2701/2701/2701
f 2699/2699/2699 2701/2701/2701 2702/2702/2702
f 2703/2703/2703 2704/2704/2704 2705/2705/2705
f 2703/2703/2703 2705/2705/2705 2706/2706/2706
f 2707/2707/2707 2708/2708/2708 2709/2709/2709
f 2707/2707/2707 2709/2709/2709 2710/2710/2710
f 2711/2711/2711 2712/2712/2712 2713/2713/2713
f 2711/2711/2711 2713/2713/2713 2714/2714/2714
f 2715/2715/2715 2717/2717/2717 2716/2716/2716
f 2718/2718/2718 2719/2719/2719 2720/2720/2720
f 2721/2721/2721 2722/2722/2722 2723/2723/2723
f 2724/2724/2724 2726/2726/2726 2725/2725/2725
f 2727/2727/2727 2728/2728/2728 2729/2729/2729
f 2730/2730/2730 2732/2732/2732 2731/2731/2731
f 2733/2733/2733 2735/2735/2735 2734/2734/2734
f 2736/2736/2736 2737/2737/2737 2738/2738/2738
f 2739/2739/2739 2745/2745/2745 2746/2746/2746
f 2739/2739/2739 2746/2746/2746 2740/2740/2740
f 2740/2740/2740 2746/2746/2746 2747/2747/2747
f 2740/2740/2740 2747/2747/2747 2741/2741/2741
f 2741/2741/2741 2747/2747/2747 2748/2748/2748
f 2741/2741/2741 2748/2748/2748 2742/2742/2742
f 2742/2742/2742 2748/2748/2748 2749/2749/2749
f 2742/2742/2742 2749/2749/2749 2743/2743/2743
f 2743/2743/2743 2749/2749/2749 2750/2750/2750
f 2743/2743/2743 2750/2750/2750 2744/2744/2744
f 2744/2744/2744 2750/2750/2750 2745/2745/2745
f 2744/2744/2744 2745/2745/2745 2739/2739/2739
f 2745/2745/2745 2751/2751/2751 2752/2752/2752
f 2745/2745/2745 2752/2752/2752 2746/2746/2746
f 2746/2746/2746 2752/2752/2752 2753/2753/2753
f 2746/2746/2746 2753/2753/2753 2747/2747/2747
f 2747/2747/2747 2753/2753/2753 2754/2754/2754
f 2747/2747/2747 2754/2754/2754 2748/2748/2748
f 2748/2748/2748 2754/2754/2754 2755/2755/2755
f 2748/2748/2748 2755/2755/2755 2749/2749/2749
f 2749/2749/2749 2755/2755/2755 2756/2756/2756
f 2749/2749/2749 2756/2756/2756 2750/2750/2750
f 2750/2750/2750 2756/2756/2756 2751/2751/2751
f 2750/2750/2750 2751/2751/2751 2745/2745/2745
f 2751/2751/2751 2757/2757/2757 2758/2758/2758
f 2751/2751/2751 2758/2758/2758 2752/2752/2752
f 2752/2752/2752 2758/2758/2758 2759/2759/2759
f 2752/2752/2752 2759/2759/2759 2753/2753/2753
f 2753/2753/2753 2759/2759/2759 2760/2760/2760
f 2753/2753/2753 2760/2760/2760 2754/2754/2754
f 2754/2754/2754 2760/2760/2760 2761/2761/2761
f 2754/2754/2754 2761/2761/2761 2755/2755/2755
f 2755/2755/2755 2761/2761/2761 2762/2762/2762
f 2755/2755/2755 2762/2762/2762 2756/2756/2756
f 2756/2756/2756 2762/2762/2762 2757/2757/2757
f 2756/2756/2756 2757/2757/2757 2751/2751/2751
f 2763/2763/2763 2740/2740/2740 2739/2739/2739
f 2763/2763/2763 2741/2741/2741 2740/2740/2740
f 2763/2763/2763 2742/2742/2742 2741/2741/2741
f 2763/2763/2763 2743/2743/2743 2742/2742/2742
f 2763/2763/2763 2744/2744/2744 2743/2743/2743
f 2763/2763/2763 2739/2739/2739 2744/2744/2744
f 2764/2764/2764 2757/2757/2757 2758/2758/2758
f 2764/2764/2764 2758/2758/2758 2759/2759/2759
f 2764/2764/2764 2759/2759/2759 2760/2760/2760
f 2764/2764/2764 2760/2760/2760 2761/2761/2761
f 2764/2764/2764 2761/2761/2761 2762/2762/2762
f 2764/2764/2764 2762/2762/2762 2757/2757/2757
f 2765/2765/2765 2770/2770/2770 2771/2771/2771
f 2765/2765/2765 2771/2771/2771 2766/2766/2766
f 2766/2766/2766 2771/2771/2771 2772/2772/2772
f 2766/2766/2766 2772/2772/2772 2767/2767/2767
f 2767/2767/2767 2772/2772/2772 2773/2773/2773
f 2767/2767/2767 2773/2773/2773 2768/2768/2768
f 2768/2768/2768 2773/2773/2773 2774/2774/2774
f 2768/2768/2768 2774/2774/2774 2769/2769/2769
f 2769/2769/2769 2774/2774/2774 2770/2770/2770
f 2769/2769/2769 2770/2770/2770 2765/2765/2765
f 2770/2770/2770 2775/2775/2775 2776/2776/2776
f 2770/2770/2770 2776/2776/2776 2771/2771/2771
f 2771/2771/2771 2776/2776/2776 2777/2777/2777
f 2771/2771/2771 2777/2777/2777 2772/2772/2772
f 2772/2772/2772 2777/2777/2777 2778/2778/2778
f 2772/2772/2772 2778/2778/2778 2773/2773/2773
f 2773/2773/2773 2778/2778/2778 2779/2779/2779
f 2773/2773/2773 2779/2779/2779 2774/2774/2774
f 2774/2774/2774 2779/2779/2779 2775/2775/2775
f 2774/2774/2774 2775/2775/2775 2770/2770/2770
f 2775/2775/2775 2780/2780/2780 2781/2781/2781
f 2775/2775/2775 2781/2781/2781 2776/2776/2776
f 2776/2776/2776 2781/2781/2781 2782/2782/2782
f 2776/2776/2776 2782/2782/2782 2777/2777/2777
f 2777/2777/2777 2782/2782/2782 2783/2783/2783
f 2777/2777/2777 2783/2783/2783 2778/2778/2778
f 2778/2778/2778 2783/2783/2783 2784/2784/2784
f 2778/2778/2778 2784/2784/2784 2779/2779/2779
f 2779/2779/2779 2784/2784/2784 2780/2780/2780
f 2779/2779/2779 2780/2780/2780 2775/2775/2775
f 2785/2785/2785 2766/2766/2766 2765/2765/2765
f 2785/2785/2785 2767/2767/2767 2766/2766/2766
f 2785/2785/2785 2768/2768/2768 2767/2767/2767
f 2785/2785/2785 2769/2769/2769 2768/2768/2768
f 2785/2785/2785 2765/2765/2765 2769/2769/2769
f 2786/2786/2786 2780/2780/2780 2781/2781/2781
f 2786/2786/2786 2781/2781/2781 2782/2782/2782
f 2786/2786/2786 2782/2782/2782 2783/2783/2783
f 2786/2786/2786 2783/2783/2783 2784/2784/2784
f 2786/2786/2786 2784/2784/2784 2780/2780/2780
f 2787/2787/2787 2788/2788/2788 2789/2789/2789
f 2787/2787/2787 2789/2789/2789 2790/2790/2790
f 2791/2791/2791 2792/2792/2792 2793/2793/2793
f 2791/2791/2791 2793/2793/2793 2794/2794/2794
f 2795/2795/2795 2796/2796/2796 2797/2797/2797
f 2795/2795/2795 2797/2797/2797 2798/2798/2798
f 2799/2799/2799 2800/2800/2800 2801/2801/2801
f 2799/2799/2799 2801/2801/2801 2802/2802/2802
f 2803/2803/2803 2804/2804/2804 2805/2805/2805
f 2803/2803/2803 2805/2805/2805 2806/2806/2806
f 2807/2807/2807 2808/2808/2808 2809/2809/2809
f 2807/2807/2807 2809/2809/2809 2810/2810/2810
f 2811/2811/2811 2812/2812/2812 2813/2813/2813
f 2811/2811/2811 2813/2813/2813 2814/2814/2814
f 2815/2815/2815 2816/2816/2816 2817/2817/2817
f 2815/2815/2815 2817/2817/2817 2818/2818/2818
f 2819/2819/2819 2820/2820/2820 2821/2821/2821
f 2819/2819/2819 2821/2821/2821 2822/2822/2822
f 2823/2823/2823 2824/2824/2824 2825/2825/2825
f 2823/2823/2823 2825/2825/2825 2826/2826/2826
f 2827/2827/2827 2828/2828/2828 2829/2829/2829
f 2827/2827/2827 2829/2829/2829 2830/2830/2830
f 2831/2831/2831 2832/2832/2832 2833/2833/2833
f 2831/2831/2831 2833/2833/2833 2834/2834/2834
f 2835/2835/2835 2836/2836/2836 2837/2837/2837
f 2835/2835/2835 2837/2837/2837 2838/2838/2838
f 2839/2839/2839 2840/2840/2840 2841/2841/2841
f 2839/2839/2839 2841/2841/2841 2842/2842/2842
f 2843/2843/2843 2844/2844/2844 2845/2845/2845
f 2843/2843/2843 2845/2845/2845 2846/2846/2846
f 2847/2847/2847 2848/2848/2848 2849/2849/2849
f 2847/2847/2847 2849/2849/2849 2850/2850/2850
f 2851/2851/2851 2852/2852/2852 2853/2853/2853
f 2851/2851/2851 2853/2853/2853 2854/2854/2854
f 2855/2855/2855 2856/2856/2856 2857/2857/2857
f 2855/2855/2855 2857/2857/2857 2858/2858/2858
f 2859/2859/2859 2861/2861/2861 2860/2860/2860
f 2862/2862/2862 2863/2863/2863 2864/2864/2864
f 2865/2865/2865 2866/2866/2866 2867/2867/2867
f 2868/2868/2868 2870/2870/2870 2869/2869/2869
f 2871/2871/2871 2872/2872/2872 2873/2873/2873
f 2874/2874/2874 2876/2876/2876 2875/2875/2875
f 2877/2877/2877 2879/2879/2879 2878/2878/2878
f 2880/2880/2880 2881/2881/2881 2882/2882/2882
f 2883/2883/2883 2884/2884/2884 2885/2885/2885
f 2883/2883/2883 2885/2885/2885 2886/2886/2886
f 2887/2887/2887 2888/2888/2888 2889/2889/2889
f 2887/2887/2887 2889/2889/2889 2890/2890/2890
f 2891/2891/2891 2892/2892/2892 2893/2893/2893
f 2891/2891/2891 2893/2893/2893 2894/2894/2894
f 2895/2895/2895 2896/2896/2896 2897/2897/2897
f 2895/2895/2895 2897/2897/2897 2898/2898/2898
f 2899/2899/2899 2900/2900/2900 2901/2901/2901
f 2899/2899/2899 2901/2901/2901 2902/2902/2902
f 2903/2903/2903 2904/2904/2904 2905/2905/2905
f 2903/2903/2903 2905/2905/2905 2906/2906/2906
f 2907/2907/2907 2908/2908/2908 2909/2909/2909
f 2907/2907/2907 2909/2909/2909 2910/2910/2910
f 2911/2911/2911 2912/2912/2912 2913/2913/2913
f 2911/2911/2911 2913/2913/2913 2914/2914/2914
f 2915/2915/2915 2916/2916/2916 2917/2917/2917
f 2915/2915/2915 2917/2917/2917 2918/2918/2918
f 2919/2919/2919 2920/2920/2920 2921/2921/2921
f 2919/2919/2919 2921/2921/2921 2922/2922/2922
f 2923/2923/2923 2924/2924/2924 2925/2925/2925
f 2923/2923/2923 2925/2925/2925 2926/2926/2926
f 2927/2927/2927 2928/2928/2928 2929/2929/2929
f 2927/2927/2927 2929/2929/2929 2930/2930/2930
f 2931/2931/2931 2932/2932/2932 2933/2933/2933
f 2931/2931/2931 2933/2933/2933 2934/2934/2934
f 2935/2935/2935 2936/2936/2936 2937/2937/2937
f 2935/2935/2935 2937/2937/2937 2938/2938/2938
f 2939/2939/2939 2940/2940/2940 2941/2941/2941
f 2939/2939/2939 2941/2941/2941 2942/2942/2942
f 2943/2943/2943 2944/2944/2944 2945/2945/2945
f 2943/2943/2943 2945/2945/2945 2946/2946/2946
f 2947/2947/2947 2948/2948/2948 2949/2949/2949
f 2947/2947/2947 2949/2949/2949 2950/2950/2950
f 2951/2951/2951 2952/2952/2952 2953/2953/2953
f 2951/2951/2951 2953/2953/2953 2954/2954/2954
f 2955/2955/2955 2957/2957/2957 2956/2956/2956
f 2958/2958/2958 2959/2959/2959 2960/2960/2960
f 2961/2961/2961 2962/2962/2962 2963/2963/2963
f 2964/2964/2964 2966/2966/2966 2965/2965/2965
f 2967/2967/2967 2968/2968/2968 2969/2969/2969
f 2970/2970/2970 2972/2972/2972 2971/2971/2971
f 2973/2973/2973 2975/2975/2975 2974/2974/2974
f 2976/2976/2976 2977/2977/2977 2978/2978/2978
f 2979/2979/2979 2985/2985/2985 2986/2986/2986
f 2979/2979/2979 2986/2986/2986 2980/2980/2980
f 2980/2980/2980 2986/2986/2986 2987/2987/2987
f 2980/2980/2980 2987/2987/2987 2981/2981/2981
f 2981/2981/2981 2987/2987/2987 2988/2988/2988
f 2981/2981/2981 2988/2988/2988 2982/2982/2982
f 2982/2982/2982 2988/2988/2988 2989/2989/2989
f 2982/2982/2982 2989/2989/2989 2983/2983/2983
f 2983/2983/2983 2989/2989/2989 2990/2990/2990
f 2983/2983/2983 2990/2990/2990 2984/2984/2984
f 2984/2984/2984 2990/2990/2990 2985/2985/2985
f 2984/2984/2984 2985/2985/2985 2979/2979/2979
f 2985/2985/2985 2991/2991/2991 2992/2992/2992
f 2985/2985/2985 2992/2992/2992 2986/2986/2986
f 2986/2986/2986 2992/2992/2992 2993/2993/2993
f 2986/2986/2986 2993/2993/2993 2987/2987/2987
f 2987/2987/2987 2993/2993/2993 2994/2994/2994
f 2987/2987/2987 2994/2994/2994 2988/2988/2988
f 2988/2988/2988 2994/2994/2994 2995/2995/2995
f 2988/2988/2988 2995/2995/2995 2989/2989/2989
f 2989/2989/2989 2995/2995/2995 2996/2996/2996
f 2989/2989/2989 2996/2996/2996 2990/2990/2990
f 2990/2990/2990 2996/2996/2996 2991/2991/2991
f 2990/2990/2990 2991/2991/2991 2985/2985/2985
f 2991/2991/2991 2997/2997/2997 2998/2998/2998
f 2991/2991/2991 2998/2998/2998 2992/2992/2992
f 2992/2992/2992 2998/2998/2998 2999/2999/2999
f 2992/2992/2992 2999/2999/2999 2993/2993/2993
f 2993/2993/2993 2999/2999/2999 3000/3000/3000
f 2993/2993/2993 3000/3000/3000 2994/2994/2994
f 2994/2994/2994 3000/3000/3000 3001/3001/3001
f 2994/2994/2994 3001/3001/3001 2995/2995/2995
f 2995/2995/2995 3001/3001/3001 3002/3002/3002
f 2995/2995/2995 3002/3002/3002 2996/2996/2996
f 2996/2996/2996 3002/3002/3002 2997/2997/2997
f 2996/2996/2996 2997/2997/2997 2991/2991/2991
f 3003/3003/3003 2980/2980/2980 2979/2979/2979
f 3003/3003/3003 2981/2981/2981 2980/2980/2980
f 3003/3003/3003 2982/2982/2982 2981/2981/2981
f 3003/3003/3003 2983/2983/2983 2982/2982/2982
f 3003/3003/3003 2984/2984/2984 2983/2983/2983
f 3003/3003/3003 2979/2979/2979 2984/2984/2984
f 3004/3004/3004 2997/2997/2997 2998/2998/2998
f 3004/3004/3004 2998/2998/2998 2999/2999/2999
f 3004/3004/3004 2999/2999/2999 3000/3000/3000
f 3004/3004/3004 3000/3000/3000 3001/3001/3001
f 3004/3004/3004 3001/3001/3001 3002/3002/3002
f 3004/3004/3004 3002/3002/3002 2997/2997/2997
f 3005/3005/3005 3010/3010/3010 3011/3011/3011
f 3005/3005/3005 3011/3011/3011 3006/3006/3006
f 3006/3006/3006 3011/3011/3011 3012/3012/3012
f 3006/3006/3006 3012/3012/3012 3007/3007/3007
f 3007/3007/3007 3012/3012/3012 3013/3013/3013
f 3007/3007/3007 3013/3013/3013 3008/3008/3008
f 3008/3008/3008 3013/3013/3013 3014/3014/3014
f 3008/3008/3008 3014/3014/3014 3009/3009/3009
f 3009/3009/3009 3014/3014/3014 3010/3010/3010
f 3009/3009/3009 3010/3010/3010 3005/3005/3005
f 3010/3010/3010 3015/3015/3015 3016/3016/3016
f 3010/3010/3010 3016/3016/3016 3011/3011/3011
f 3011/3011/3011 3016/3016/3016 3017/3017/3017
f 3011/3011/3011 3017/3017/3017 3012/3012/3012
f 3012/3012/3012 3017/3017/3017 3018/3018/3018
f 3012/3012/3012 3018/3018/3018 3013/3013/3013
f 3013/3013/3013 3018/3018/3018 3019/3019/3019
f 3013/3013/3013 3019/3019/3019 3014/3014/3014
f 3014/3014/3014 3019/3019/3019 3015/3015/3015
f 3014/3014/3014 3015/3015/3015 3010/3010/3010
f 3015/3015/3015 3020/3020/3020 3021/3021/3021
f 3015/3015/3015 3021/3021/3021 3016/3016/3016
f 3016/3016/3016 3021/3021/3021 3022/3022/3022
f 3016/3016/3016 3022/3022/3022 3017/3017/3017
f 3017/3017/3017 3022/3022/3022 3023/3023/3023
f 3017/3017/3017 3023/3023/3023 3018/3018/3018
f 3018/3018/3018 3023/3023/3023 3024/3024/3024
f 3018/3018/3018 3024/3024/3024 3019/3019/3019
f 3019/3019/3019 3024/3024/3024 3020/3020/3020
f 3019/3019/3019 3020/3020/3020 3015/3015/3015
f 3025/3025/3025 3006/3006/3006 3005/3005/3005
f 3025/3025/3025 3007/3007/3007 3006/3006/3006
f 3025/3025/3025 3008/3008/3008 3007/3007/3007
f 3025/3025/3025 3009/3009/3009 3008/3008/3008
f 3025/3025/3025 3005/3005/3005 3009/3009/3009
f 3026/3026/3026 3020/3020/3020 3021/3021/3021
f 3026/3026/3026 3021/3021/3021 3022/3022/3022
f 3026/3026/3026 3022/3022/3022 3023/3023/3023
f 3026/3026/3026 3023/3023/3023 3024/3024/3024
f 3026/3026/3026 3024/3024/3024 3020/3020/3020
f 3027/3027/3027 3028/3028/3028 3029/3029/3029
f 3027/3027/3027 3029/3029/3029 3030/3030/3030
f 3031/3031/3031 3032/3032/3032 3033/3033/3033
f 3031/3031/3031 3033/3033/3033 3034/3034/3034
f 3035/3035/3035 3036/3036/3036 3037/3037/3037
f 3035/3035/3035 3037/3037/3037 3038/3038/3038
f 3039/3039/3039 3040/3040/3040 3041/3041/3041
f 3039/3039/3039 3041/3041/3041 3042/3042/3042
f 3043/3043/3043 3044/3044/3044 3045/3045/3045
f 3043/3043/3043 3045/3045/3045 3046/3046/3046
f 3047/3047/3047 3048/3048/3048 3049/3049/3049
f 3047/3047/3047 3049/3049/3049 3050/3050/3050
f 3051/3051/3051 3052/3052/3052 3053/3053/3053
f 3051/3051/3051 3053/3053/3053 3054/3054/3054
f 3055/3055/3055 3056/3056/3056 3057/3057/3057
f 3055/3055/3055 3057/3057/3057 3058/3058/3058
f 3059/3059/3059 3060/3060/3060 3061/3061/3061
f 3059/3059/3059 3061/3061/3061 3062/3062/3062
f 3063/3063/3063 3064/3064/3064 3065/3065/3065
f 3063/3063/3063 3065/3065/3065 3066/3066/3066
f 3067/3067/3067 3068/3068/3068 3069/3069/3069
f 3067/3067/3067 3069/3069/3069 3070/3070/3070
f 3071/3071/3071 3072/3072/3072 3073/3073/3073
f 3071/3071/3071 3073/3073/3073 3074/3074/3074
f 3075/3075/3075 3076/3076/3076 3077/3077/3077
f 3075/3075/3075 3077/3077/3077 3078/3078/3078
f 3079/3079/3079 3080/3080/3080 3081/3081/3081
f 3079/3079/3079 3081/3081/3081 3082/3082/3082
f 3083/3083/3083 3084/3084/3084 3085/3085/3085
f 3083/3083/3083 3085/3085/3085 3086/3086/3086
f 3087/3087/3087 3088/3088/3088 3089/3089/3089
f 3087/3087/3087 3089/3089/3089 3090/3090/3090
f 3091/3091/3091 3092/3092/3092 3093/3093/3093
f 3091/3091/3091 3093/3093/3093 3094/3094/3094
f 3095/3095/3095 3096/3096/3096 3097/3097/3097
f 3095/3095/3095 3097/3097/3097 3098/3098/3098
f 3099/3099/3099 3101/3101/3101 3100/3100/3100
f 3102/3102/3102 3103/3103/3103 3104/3104/3104
f 3105/3105/3105 3106/3106/3106 3107/3107/3107
f 3108/3108/3108 3110/3110/3110 3109/3109/3109
f 3111/3111/3111 3112/3112/3112 3113/3113/3113
f 3114/3114/3114 3116/3116/3116 3115/3115/3115
f 3117/3117/3117 3119/3119/3119 3118/3118/3118
f 3120/3120/3120 3121/3121/3121 3122/3122/3122
