# window_ac_01
mtllib props.mtl
o window_ac_01
usemtl MetalWhite
v -0.341497 -0.162557 0.571161
v 0.379878 -0.151360 0.550372
v 0.373211 0.278151 0.550372
v -0.348164 0.266954 0.571161
v 0.364021 -0.151607 0.000000
v -0.357354 -0.162803 0.020789
v -0.364021 0.266708 0.020789
v 0.357354 0.277905 0.000000
v -0.363954 0.271710 0.025787
v 0.357421 0.282907 0.004998
v 0.372990 0.283148 0.545374
v -0.348386 0.271951 0.566163
v -0.341564 -0.167559 0.566163
v 0.379811 -0.156362 0.545374
v 0.364242 -0.156604 0.004998
v -0.357133 -0.167801 0.025787
v 0.369162 -0.151527 0.004854
v 0.384731 -0.151285 0.545230
v 0.378064 0.278226 0.545230
v 0.362496 0.277985 0.004854
v -0.346639 -0.162637 0.566307
v -0.362208 -0.162879 0.025931
v -0.368874 0.266633 0.025931
v -0.353305 0.266874 0.566307
v -0.348386 0.271951 0.566163
v 0.372990 0.283148 0.545374
v 0.373211 0.278151 0.550372
v -0.348164 0.266954 0.571161
v -0.363954 0.271710 0.025787
v 0.357421 0.282907 0.004998
v 0.357354 0.277905 0.000000
v -0.364021 0.266708 0.020789
v -0.341564 -0.167559 0.566163
v 0.379811 -0.156362 0.545374
v 0.379878 -0.151360 0.550372
v -0.341497 -0.162557 0.571161
v -0.357133 -0.167801 0.025787
v 0.364242 -0.156604 0.004998
v 0.364021 -0.151607 0.000000
v -0.357354 -0.162803 0.020789
v 0.384731 -0.151285 0.545230
v 0.378064 0.278226 0.545230
v 0.373211 0.278151 0.550372
v 0.379878 -0.151360 0.550372
v 0.369162 -0.151527 0.004854
v 0.362496 0.277985 0.004854
v 0.357354 0.277905 0.000000
v 0.364021 -0.151607 0.000000
v -0.346639 -0.162637 0.566307
v -0.353305 0.266874 0.566307
v -0.348164 0.266954 0.571161
v -0.341497 -0.162557 0.571161
v -0.362208 -0.162879 0.025931
v -0.368874 0.266633 0.025931
v -0.364021 0.266708 0.020789
v -0.357354 -0.162803 0.020789
v 0.362496 0.277985 0.004854
v 0.378064 0.278226 0.545230
v 0.372990 0.283148 0.545374
v 0.357421 0.282907 0.004998
v 0.369162 -0.151527 0.004854
v 0.384731 -0.151285 0.545230
v 0.379811 -0.156362 0.545374
v 0.364242 -0.156604 0.004998
v -0.368874 0.266633 0.025931
v -0.353305 0.266874 0.566307
v -0.348386 0.271951 0.566163
v -0.363954 0.271710 0.025787
v -0.362208 -0.162879 0.025931
v -0.346639 -0.162637 0.566307
v -0.341564 -0.167559 0.566163
v -0.357133 -0.167801 0.025787
v -0.357354 -0.162803 0.020789
v -0.357133 -0.167801 0.025787
v -0.362208 -0.162879 0.025931
v -0.341497 -0.162557 0.571161
v -0.341564 -0.167559 0.566163
v -0.346639 -0.162637 0.566307
v -0.364021 0.266708 0.020789
v -0.363954 0.271710 0.025787
v -0.368874 0.266633 0.025931
v -0.348164 0.266954 0.571161
v -0.348386 0.271951 0.566163
v -0.353305 0.266874 0.566307
v 0.364021 -0.151607 0.000000
v 0.364242 -0.156604 0.004998
v 0.369162 -0.151527 0.004854
v 0.379878 -0.151360 0.550372
v 0.379811 -0.156362 0.545374
v 0.384731 -0.151285 0.545230
v 0.357354 0.277905 0.000000
v 0.357421 0.282907 0.004998
v 0.362496 0.277985 0.004854
v 0.373211 0.278151 0.550372
v 0.372990 0.283148 0.545374
v 0.378064 0.278226 0.545230
v -0.321038 0.215039 0.572403
v 0.347825 0.225421 0.553128
v 0.347607 0.239419 0.553128
v -0.321255 0.229037 0.572403
v 0.347249 0.225412 0.533136
v -0.321614 0.215030 0.552411
v -0.321831 0.229028 0.552411
v 0.347031 0.239410 0.533136
v -0.321804 0.231029 0.554411
v 0.347058 0.241411 0.535135
v 0.347519 0.241418 0.551128
v -0.321344 0.231036 0.570404
v -0.321064 0.213038 0.570404
v 0.347798 0.223420 0.551128
v 0.347337 0.223413 0.535135
v -0.321525 0.213031 0.554411
v 0.349305 0.225444 0.535077
v 0.349766 0.225451 0.551071
v 0.349549 0.239449 0.551071
v 0.349088 0.239442 0.535077
v -0.323094 0.215007 0.570462
v -0.323555 0.215000 0.554468
v -0.323772 0.228998 0.554468
v -0.323312 0.229005 0.570462
v -0.321344 0.231036 0.570404
v 0.347519 0.241418 0.551128
v 0.347607 0.239419 0.553128
v -0.321255 0.229037 0.572403
v -0.321804 0.231029 0.554411
v 0.347058 0.241411 0.535135
v 0.347031 0.239410 0.533136
v -0.321831 0.229028 0.552411
v -0.321064 0.213038 0.570404
v 0.347798 0.223420 0.551128
v 0.347825 0.225421 0.553128
v -0.321038 0.215039 0.572403
v -0.321525 0.213031 0.554411
v 0.347337 0.223413 0.535135
v 0.347249 0.225412 0.533136
v -0.321614 0.215030 0.552411
v 0.349766 0.225451 0.551071
v 0.349549 0.239449 0.551071
v 0.347607 0.239419 0.553128
v 0.347825 0.225421 0.553128
v 0.349305 0.225444 0.535077
v 0.349088 0.239442 0.535077
v 0.347031 0.239410 0.533136
v 0.347249 0.225412 0.533136
v -0.323094 0.215007 0.570462
v -0.323312 0.229005 0.570462
v -0.321255 0.229037 0.572403
v -0.321038 0.215039 0.572403
v -0.323555 0.215000 0.554468
v -0.323772 0.228998 0.554468
v -0.321831 0.229028 0.552411
v -0.321614 0.215030 0.552411
v 0.349088 0.239442 0.535077
v 0.349549 0.239449 0.551071
v 0.347519 0.241418 0.551128
v 0.347058 0.241411 0.535135
v 0.349305 0.225444 0.535077
v 0.349766 0.225451 0.551071
v 0.347798 0.223420 0.551128
v 0.347337 0.223413 0.535135
v -0.323772 0.228998 0.554468
v -0.323312 0.229005 0.570462
v -0.321344 0.231036 0.570404
v -0.321804 0.231029 0.554411
v -0.323555 0.215000 0.554468
v -0.323094 0.215007 0.570462
v -0.321064 0.213038 0.570404
v -0.321525 0.213031 0.554411
v -0.321614 0.215030 0.552411
v -0.321525 0.213031 0.554411
v -0.323555 0.215000 0.554468
v -0.321038 0.215039 0.572403
v -0.321064 0.213038 0.570404
v -0.323094 0.215007 0.570462
v -0.321831 0.229028 0.552411
v -0.321804 0.231029 0.554411
v -0.323772 0.228998 0.554468
v -0.321255 0.229037 0.572403
v -0.321344 0.231036 0.570404
v -0.323312 0.229005 0.570462
v 0.347249 0.225412 0.533136
v 0.347337 0.223413 0.535135
v 0.349305 0.225444 0.535077
v 0.347825 0.225421 0.553128
v 0.347798 0.223420 0.551128
v 0.349766 0.225451 0.551071
v 0.347031 0.239410 0.533136
v 0.347058 0.241411 0.535135
v 0.349088 0.239442 0.535077
v 0.347607 0.239419 0.553128
v 0.347519 0.241418 0.551128
v 0.349549 0.239449 0.551071
v -0.315778 -0.123823 0.572403
v 0.353084 -0.113442 0.553128
v 0.352867 -0.099443 0.553128
v -0.315995 -0.109825 0.572403
v 0.352508 -0.113451 0.533136
v -0.316354 -0.123832 0.552411
v -0.316571 -0.109834 0.552411
v 0.352291 -0.099452 0.533136
v -0.316545 -0.107833 0.554411
v 0.352317 -0.097452 0.535135
v 0.352778 -0.097444 0.551128
v -0.316084 -0.107826 0.570404
v -0.315805 -0.125824 0.570404
v 0.353058 -0.115442 0.551128
v 0.352597 -0.115449 0.535135
v -0.316265 -0.125831 0.554411
v 0.354565 -0.113419 0.535077
v 0.355025 -0.113411 0.551071
v 0.354808 -0.099413 0.551071
v 0.354347 -0.099420 0.535077
v -0.317835 -0.123855 0.570462
v -0.318295 -0.123862 0.554468
v -0.318513 -0.109864 0.554468
v -0.318052 -0.109857 0.570462
v -0.316084 -0.107826 0.570404
v 0.352778 -0.097444 0.551128
v 0.352867 -0.099443 0.553128
v -0.315995 -0.109825 0.572403
v -0.316545 -0.107833 0.554411
v 0.352317 -0.097452 0.535135
v 0.352291 -0.099452 0.533136
v -0.316571 -0.109834 0.552411
v -0.315805 -0.125824 0.570404
v 0.353058 -0.115442 0.551128
v 0.353084 -0.113442 0.553128
v -0.315778 -0.123823 0.572403
v -0.316265 -0.125831 0.554411
v 0.352597 -0.115449 0.535135
v 0.352508 -0.113451 0.533136
v -0.316354 -0.123832 0.552411
v 0.355025 -0.113411 0.551071
v 0.354808 -0.099413 0.551071
v 0.352867 -0.099443 0.553128
v 0.353084 -0.113442 0.553128
v 0.354565 -0.113419 0.535077
v 0.354347 -0.099420 0.535077
v 0.352291 -0.099452 0.533136
v 0.352508 -0.113451 0.533136
v -0.317835 -0.123855 0.570462
v -0.318052 -0.109857 0.570462
v -0.315995 -0.109825 0.572403
v -0.315778 -0.123823 0.572403
v -0.318295 -0.123862 0.554468
v -0.318513 -0.109864 0.554468
v -0.316571 -0.109834 0.552411
v -0.316354 -0.123832 0.552411
v 0.354347 -0.099420 0.535077
v 0.354808 -0.099413 0.551071
v 0.352778 -0.097444 0.551128
v 0.352317 -0.097452 0.535135
v 0.354565 -0.113419 0.535077
v 0.355025 -0.113411 0.551071
v 0.353058 -0.115442 0.551128
v 0.352597 -0.115449 0.535135
v -0.318513 -0.109864 0.554468
v -0.318052 -0.109857 0.570462
v -0.316084 -0.107826 0.570404
v -0.316545 -0.107833 0.554411
v -0.318295 -0.123862 0.554468
v -0.317835 -0.123855 0.570462
v -0.315805 -0.125824 0.570404
v -0.316265 -0.125831 0.554411
v -0.316354 -0.123832 0.552411
v -0.316265 -0.125831 0.554411
v -0.318295 -0.123862 0.554468
v -0.315778 -0.123823 0.572403
v -0.315805 -0.125824 0.570404
v -0.317835 -0.123855 0.570462
v -0.316571 -0.109834 0.552411
v -0.316545 -0.107833 0.554411
v -0.318513 -0.109864 0.554468
v -0.315995 -0.109825 0.572403
v -0.316084 -0.107826 0.570404
v -0.318052 -0.109857 0.570462
v 0.352508 -0.113451 0.533136
v 0.352597 -0.115449 0.535135
v 0.354565 -0.113419 0.535077
v 0.353084 -0.113442 0.553128
v 0.353058 -0.115442 0.551128
v 0.355025 -0.113411 0.551071
v 0.352291 -0.099452 0.533136
v 0.352317 -0.097452 0.535135
v 0.354347 -0.099420 0.535077
v 0.352867 -0.099443 0.553128
v 0.352778 -0.097444 0.551128
v 0.354808 -0.099413 0.551071
v 0.321815 -0.109926 0.554027
v 0.335808 -0.109709 0.553624
v 0.330455 0.235152 0.553624
v 0.316463 0.234935 0.554027
v 0.335232 -0.109718 0.533632
v 0.321240 -0.109935 0.534035
v 0.315887 0.234926 0.534035
v 0.329879 0.235143 0.533632
v 0.315913 0.236927 0.536034
v 0.329906 0.237144 0.535631
v 0.330367 0.237151 0.551625
v 0.316374 0.236934 0.552028
v 0.321789 -0.111927 0.552028
v 0.335781 -0.111710 0.551625
v 0.335321 -0.111717 0.535631
v 0.321328 -0.111934 0.536034
v 0.337289 -0.109686 0.535574
v 0.337749 -0.109679 0.551567
v 0.332397 0.235182 0.551567
v 0.331936 0.235175 0.535574
v 0.319759 -0.109958 0.552085
v 0.319298 -0.109966 0.536092
v 0.313945 0.234896 0.536092
v 0.314406 0.234903 0.552085
v 0.316374 0.236934 0.552028
v 0.330367 0.237151 0.551625
v 0.330455 0.235152 0.553624
v 0.316463 0.234935 0.554027
v 0.315913 0.236927 0.536034
v 0.329906 0.237144 0.535631
v 0.329879 0.235143 0.533632
v 0.315887 0.234926 0.534035
v 0.321789 -0.111927 0.552028
v 0.335781 -0.111710 0.551625
v 0.335808 -0.109709 0.553624
v 0.321815 -0.109926 0.554027
v 0.321328 -0.111934 0.536034
v 0.335321 -0.111717 0.535631
v 0.335232 -0.109718 0.533632
v 0.321240 -0.109935 0.534035
v 0.337749 -0.109679 0.551567
v 0.332397 0.235182 0.551567
v 0.330455 0.235152 0.553624
v 0.335808 -0.109709 0.553624
v 0.337289 -0.109686 0.535574
v 0.331936 0.235175 0.535574
v 0.329879 0.235143 0.533632
v 0.335232 -0.109718 0.533632
v 0.319759 -0.109958 0.552085
v 0.314406 0.234903 0.552085
v 0.316463 0.234935 0.554027
v 0.321815 -0.109926 0.554027
v 0.319298 -0.109966 0.536092
v 0.313945 0.234896 0.536092
v 0.315887 0.234926 0.534035
v 0.321240 -0.109935 0.534035
v 0.331936 0.235175 0.535574
v 0.332397 0.235182 0.551567
v 0.330367 0.237151 0.551625
v 0.329906 0.237144 0.535631
v 0.337289 -0.109686 0.535574
v 0.337749 -0.109679 0.551567
v 0.335781 -0.111710 0.551625
v 0.335321 -0.111717 0.535631
v 0.313945 0.234896 0.536092
v 0.314406 0.234903 0.552085
v 0.316374 0.236934 0.552028
v 0.315913 0.236927 0.536034
v 0.319298 -0.109966 0.536092
v 0.319759 -0.109958 0.552085
v 0.321789 -0.111927 0.552028
v 0.321328 -0.111934 0.536034
v 0.321240 -0.109935 0.534035
v 0.321328 -0.111934 0.536034
v 0.319298 -0.109966 0.536092
v 0.321815 -0.109926 0.554027
v 0.321789 -0.111927 0.552028
v 0.319759 -0.109958 0.552085
v 0.315887 0.234926 0.534035
v 0.315913 0.236927 0.536034
v 0.313945 0.234896 0.536092
v 0.316463 0.234935 0.554027
v 0.316374 0.236934 0.552028
v 0.314406 0.234903 0.552085
v 0.335232 -0.109718 0.533632
v 0.335321 -0.111717 0.535631
v 0.337289 -0.109686 0.535574
v 0.335808 -0.109709 0.553624
v 0.335781 -0.111710 0.551625
v 0.337749 -0.109679 0.551567
v 0.329879 0.235143 0.533632
v 0.329906 0.237144 0.535631
v 0.331936 0.235175 0.535574
v 0.330455 0.235152 0.553624
v 0.330367 0.237151 0.551625
v 0.332397 0.235182 0.551567
v -0.298626 -0.119557 0.571907
v -0.284634 -0.119339 0.571504
v -0.289986 0.225522 0.571504
v -0.303979 0.225305 0.571907
v -0.285210 -0.119348 0.551512
v -0.299202 -0.119566 0.551915
v -0.304555 0.225296 0.551915
v -0.290562 0.225513 0.551512
v -0.304528 0.227297 0.553914
v -0.290536 0.227514 0.553511
v -0.290075 0.227521 0.569505
v -0.304068 0.227304 0.569908
v -0.298653 -0.121557 0.569908
v -0.284660 -0.121340 0.569505
v -0.285121 -0.121347 0.553511
v -0.299113 -0.121564 0.553914
v -0.283153 -0.119316 0.553454
v -0.282692 -0.119309 0.569447
v -0.288045 0.225552 0.569447
v -0.288506 0.225545 0.553454
v -0.300683 -0.119589 0.569965
v -0.301143 -0.119596 0.553972
v -0.306496 0.225266 0.553972
v -0.306035 0.225273 0.569965
v -0.304068 0.227304 0.569908
v -0.290075 0.227521 0.569505
v -0.289986 0.225522 0.571504
v -0.303979 0.225305 0.571907
v -0.304528 0.227297 0.553914
v -0.290536 0.227514 0.553511
v -0.290562 0.225513 0.551512
v -0.304555 0.225296 0.551915
v -0.298653 -0.121557 0.569908
v -0.284660 -0.121340 0.569505
v -0.284634 -0.119339 0.571504
v -0.298626 -0.119557 0.571907
v -0.299113 -0.121564 0.553914
v -0.285121 -0.121347 0.553511
v -0.285210 -0.119348 0.551512
v -0.299202 -0.119566 0.551915
v -0.282692 -0.119309 0.569447
v -0.288045 0.225552 0.569447
v -0.289986 0.225522 0.571504
v -0.284634 -0.119339 0.571504
v -0.283153 -0.119316 0.553454
v -0.288506 0.225545 0.553454
v -0.290562 0.225513 0.551512
v -0.285210 -0.119348 0.551512
v -0.300683 -0.119589 0.569965
v -0.306035 0.225273 0.569965
v -0.303979 0.225305 0.571907
v -0.298626 -0.119557 0.571907
v -0.301143 -0.119596 0.553972
v -0.306496 0.225266 0.553972
v -0.304555 0.225296 0.551915
v -0.299202 -0.119566 0.551915
v -0.288506 0.225545 0.553454
v -0.288045 0.225552 0.569447
v -0.290075 0.227521 0.569505
v -0.290536 0.227514 0.553511
v -0.283153 -0.119316 0.553454
v -0.282692 -0.119309 0.569447
v -0.284660 -0.121340 0.569505
v -0.285121 -0.121347 0.553511
v -0.306496 0.225266 0.553972
v -0.306035 0.225273 0.569965
v -0.304068 0.227304 0.569908
v -0.304528 0.227297 0.553914
v -0.301143 -0.119596 0.553972
v -0.300683 -0.119589 0.569965
v -0.298653 -0.121557 0.569908
v -0.299113 -0.121564 0.553914
v -0.299202 -0.119566 0.551915
v -0.299113 -0.121564 0.553914
v -0.301143 -0.119596 0.553972
v -0.298626 -0.119557 0.571907
v -0.298653 -0.121557 0.569908
v -0.300683 -0.119589 0.569965
v -0.304555 0.225296 0.551915
v -0.304528 0.227297 0.553914
v -0.306496 0.225266 0.553972
v -0.303979 0.225305 0.571907
v -0.304068 0.227304 0.569908
v -0.306035 0.225273 0.569965
v -0.285210 -0.119348 0.551512
v -0.285121 -0.121347 0.553511
v -0.283153 -0.119316 0.553454
v -0.284634 -0.119339 0.571504
v -0.284660 -0.121340 0.569505
v -0.282692 -0.119309 0.569447
v -0.290562 0.225513 0.551512
v -0.290536 0.227514 0.553511
v -0.288506 0.225545 0.553454
v -0.289986 0.225522 0.571504
v -0.290075 0.227521 0.569505
v -0.288045 0.225552 0.569447
v -0.260440 -0.090972 0.533779
v 0.294622 -0.082356 0.517783
v 0.290138 0.206534 0.517783
v -0.264924 0.197919 0.533779
v 0.293470 -0.082374 0.477799
v -0.261592 -0.090989 0.493795
v -0.266076 0.197901 0.493795
v 0.288986 0.206516 0.477799
v -0.266049 0.199901 0.495794
v 0.289012 0.208517 0.479799
v 0.290049 0.208533 0.515784
v -0.265012 0.199917 0.531780
v -0.260466 -0.092972 0.531780
v 0.294595 -0.084357 0.515784
v 0.293558 -0.084373 0.479799
v -0.261503 -0.092988 0.495794
v 0.295526 -0.082342 0.479741
v 0.296563 -0.082326 0.515726
v 0.292079 0.206564 0.515726
v 0.291042 0.206548 0.479741
v -0.262496 -0.091003 0.531837
v -0.263533 -0.091020 0.495852
v -0.268017 0.197871 0.495852
v -0.266980 0.197887 0.531837
v -0.265012 0.199917 0.531780
v 0.290049 0.208533 0.515784
v 0.290138 0.206534 0.517783
v -0.264924 0.197919 0.533779
v -0.266049 0.199901 0.495794
v 0.289012 0.208517 0.479799
v 0.288986 0.206516 0.477799
v -0.266076 0.197901 0.493795
v -0.260466 -0.092972 0.531780
v 0.294595 -0.084357 0.515784
v 0.294622 -0.082356 0.517783
v -0.260440 -0.090972 0.533779
v -0.261503 -0.092988 0.495794
v 0.293558 -0.084373 0.479799
v 0.293470 -0.082374 0.477799
v -0.261592 -0.090989 0.493795
v 0.296563 -0.082326 0.515726
v 0.292079 0.206564 0.515726
v 0.290138 0.206534 0.517783
v 0.294622 -0.082356 0.517783
v 0.295526 -0.082342 0.479741
v 0.291042 0.206548 0.479741
v 0.288986 0.206516 0.477799
v 0.293470 -0.082374 0.477799
v -0.262496 -0.091003 0.531837
v -0.266980 0.197887 0.531837
v -0.264924 0.197919 0.533779
v -0.260440 -0.090972 0.533779
v -0.263533 -0.091020 0.495852
v -0.268017 0.197871 0.495852
v -0.266076 0.197901 0.493795
v -0.261592 -0.090989 0.493795
v 0.291042 0.206548 0.479741
v 0.292079 0.206564 0.515726
v 0.290049 0.208533 0.515784
v 0.289012 0.208517 0.479799
v 0.295526 -0.082342 0.479741
v 0.296563 -0.082326 0.515726
v 0.294595 -0.084357 0.515784
v 0.293558 -0.084373 0.479799
v -0.268017 0.197871 0.495852
v -0.266980 0.197887 0.531837
v -0.265012 0.199917 0.531780
v -0.266049 0.199901 0.495794
v -0.263533 -0.091020 0.495852
v -0.262496 -0.091003 0.531837
v -0.260466 -0.092972 0.531780
v -0.261503 -0.092988 0.495794
v -0.261592 -0.090989 0.493795
v -0.261503 -0.092988 0.495794
v -0.263533 -0.091020 0.495852
v -0.260440 -0.090972 0.533779
v -0.260466 -0.092972 0.531780
v -0.262496 -0.091003 0.531837
v -0.266076 0.197901 0.493795
v -0.266049 0.199901 0.495794
v -0.268017 0.197871 0.495852
v -0.264924 0.197919 0.533779
v -0.265012 0.199917 0.531780
v -0.266980 0.197887 0.531837
v 0.293470 -0.082374 0.477799
v 0.293558 -0.084373 0.479799
v 0.295526 -0.082342 0.479741
v 0.294622 -0.082356 0.517783
v 0.294595 -0.084357 0.515784
v 0.296563 -0.082326 0.515726
v 0.288986 0.206516 0.477799
v 0.289012 0.208517 0.479799
v 0.291042 0.206548 0.479741
v 0.290138 0.206534 0.517783
v 0.290049 0.208533 0.515784
v 0.292079 0.206564 0.515726
v -0.252174 -0.085744 0.553310
v 0.282130 -0.084092 0.537915
v 0.282195 -0.075666 0.541076
v -0.252109 -0.077318 0.556471
v 0.281232 -0.072852 0.507968
v -0.253071 -0.074504 0.523362
v -0.253006 -0.066078 0.526523
v 0.281297 -0.064426 0.511128
v -0.252971 -0.065493 0.527810
v 0.281332 -0.063841 0.512415
v 0.282174 -0.074378 0.540491
v -0.252129 -0.076030 0.555886
v -0.252209 -0.086329 0.552023
v 0.282094 -0.084677 0.536628
v 0.281253 -0.074140 0.508552
v -0.253050 -0.075792 0.523947
v 0.282260 -0.073200 0.508875
v 0.283101 -0.083738 0.536951
v 0.283166 -0.075311 0.540111
v 0.282325 -0.064774 0.512035
v -0.253201 -0.085396 0.552403
v -0.254043 -0.074859 0.524327
v -0.253978 -0.066432 0.527488
v -0.253136 -0.076970 0.555564
v -0.252129 -0.076030 0.555886
v 0.282174 -0.074378 0.540491
v 0.282195 -0.075666 0.541076
v -0.252109 -0.077318 0.556471
v -0.252971 -0.065493 0.527810
v 0.281332 -0.063841 0.512415
v 0.281297 -0.064426 0.511128
v -0.253006 -0.066078 0.526523
v -0.252209 -0.086329 0.552023
v 0.282094 -0.084677 0.536628
v 0.282130 -0.084092 0.537915
v -0.252174 -0.085744 0.553310
v -0.253050 -0.075792 0.523947
v 0.281253 -0.074140 0.508552
v 0.281232 -0.072852 0.507968
v -0.253071 -0.074504 0.523362
v 0.283101 -0.083738 0.536951
v 0.283166 -0.075311 0.540111
v 0.282195 -0.075666 0.541076
v 0.282130 -0.084092 0.537915
v 0.282260 -0.073200 0.508875
v 0.282325 -0.064774 0.512035
v 0.281297 -0.064426 0.511128
v 0.281232 -0.072852 0.507968
v -0.253201 -0.085396 0.552403
v -0.253136 -0.076970 0.555564
v -0.252109 -0.077318 0.556471
v -0.252174 -0.085744 0.553310
v -0.254043 -0.074859 0.524327
v -0.253978 -0.066432 0.527488
v -0.253006 -0.066078 0.526523
v -0.253071 -0.074504 0.523362
v 0.282325 -0.064774 0.512035
v 0.283166 -0.075311 0.540111
v 0.282174 -0.074378 0.540491
v 0.281332 -0.063841 0.512415
v 0.282260 -0.073200 0.508875
v 0.283101 -0.083738 0.536951
v 0.282094 -0.084677 0.536628
v 0.281253 -0.074140 0.508552
v -0.253978 -0.066432 0.527488
v -0.253136 -0.076970 0.555564
v -0.252129 -0.076030 0.555886
v -0.252971 -0.065493 0.527810
v -0.254043 -0.074859 0.524327
v -0.253201 -0.085396 0.552403
v -0.252209 -0.086329 0.552023
v -0.253050 -0.075792 0.523947
v -0.253071 -0.074504 0.523362
v -0.253050 -0.075792 0.523947
v -0.254043 -0.074859 0.524327
v -0.252174 -0.085744 0.553310
v -0.252209 -0.086329 0.552023
v -0.253201 -0.085396 0.552403
v -0.253006 -0.066078 0.526523
v -0.252971 -0.065493 0.527810
v -0.253978 -0.066432 0.527488
v -0.252109 -0.077318 0.556471
v -0.252129 -0.076030 0.555886
v -0.253136 -0.076970 0.555564
v 0.281232 -0.072852 0.507968
v 0.281253 -0.074140 0.508552
v 0.282260 -0.073200 0.508875
v 0.282130 -0.084092 0.537915
v 0.282094 -0.084677 0.536628
v 0.283101 -0.083738 0.536951
v 0.281297 -0.064426 0.511128
v 0.281332 -0.063841 0.512415
v 0.282325 -0.064774 0.512035
v 0.282195 -0.075666 0.541076
v 0.282174 -0.074378 0.540491
v 0.283166 -0.075311 0.540111
v -0.246241 -0.052272 0.551815
v 0.288064 -0.051835 0.536421
v 0.288156 -0.043519 0.539861
v -0.246149 -0.043956 0.555255
v 0.287203 -0.039598 0.506865
v -0.247103 -0.040035 0.522260
v -0.247011 -0.031719 0.525700
v 0.287295 -0.031282 0.510306
v -0.246973 -0.031178 0.527006
v 0.287332 -0.030741 0.511611
v 0.288140 -0.042212 0.539320
v -0.246166 -0.042649 0.554714
v -0.246279 -0.052813 0.550509
v 0.288027 -0.052376 0.535115
v 0.287219 -0.040905 0.507407
v -0.247086 -0.041342 0.522801
v 0.288229 -0.039980 0.507760
v 0.289037 -0.051452 0.535468
v 0.289129 -0.043136 0.538909
v 0.288321 -0.031664 0.511200
v -0.247268 -0.051890 0.550920
v -0.248076 -0.040418 0.523212
v -0.247983 -0.032102 0.526652
v -0.247176 -0.043574 0.554360
v -0.246166 -0.042649 0.554714
v 0.288140 -0.042212 0.539320
v 0.288156 -0.043519 0.539861
v -0.246149 -0.043956 0.555255
v -0.246973 -0.031178 0.527006
v 0.287332 -0.030741 0.511611
v 0.287295 -0.031282 0.510306
v -0.247011 -0.031719 0.525700
v -0.246279 -0.052813 0.550509
v 0.288027 -0.052376 0.535115
v 0.288064 -0.051835 0.536421
v -0.246241 -0.052272 0.551815
v -0.247086 -0.041342 0.522801
v 0.287219 -0.040905 0.507407
v 0.287203 -0.039598 0.506865
v -0.247103 -0.040035 0.522260
v 0.289037 -0.051452 0.535468
v 0.289129 -0.043136 0.538909
v 0.288156 -0.043519 0.539861
v 0.288064 -0.051835 0.536421
v 0.288229 -0.039980 0.507760
v 0.288321 -0.031664 0.511200
v 0.287295 -0.031282 0.510306
v 0.287203 -0.039598 0.506865
v -0.247268 -0.051890 0.550920
v -0.247176 -0.043574 0.554360
v -0.246149 -0.043956 0.555255
v -0.246241 -0.052272 0.551815
v -0.248076 -0.040418 0.523212
v -0.247983 -0.032102 0.526652
v -0.247011 -0.031719 0.525700
v -0.247103 -0.040035 0.522260
v 0.288321 -0.031664 0.511200
v 0.289129 -0.043136 0.538909
v 0.288140 -0.042212 0.539320
v 0.287332 -0.030741 0.511611
v 0.288229 -0.039980 0.507760
v 0.289037 -0.051452 0.535468
v 0.288027 -0.052376 0.535115
v 0.287219 -0.040905 0.507407
v -0.247983 -0.032102 0.526652
v -0.247176 -0.043574 0.554360
v -0.246166 -0.042649 0.554714
v -0.246973 -0.031178 0.527006
v -0.248076 -0.040418 0.523212
v -0.247268 -0.051890 0.550920
v -0.246279 -0.052813 0.550509
v -0.247086 -0.041342 0.522801
v -0.247103 -0.040035 0.522260
v -0.247086 -0.041342 0.522801
v -0.248076 -0.040418 0.523212
v -0.246241 -0.052272 0.551815
v -0.246279 -0.052813 0.550509
v -0.247268 -0.051890 0.550920
v -0.247011 -0.031719 0.525700
v -0.246973 -0.031178 0.527006
v -0.247983 -0.032102 0.526652
v -0.246149 -0.043956 0.555255
v -0.246166 -0.042649 0.554714
v -0.247176 -0.043574 0.554360
v 0.287203 -0.039598 0.506865
v 0.287219 -0.040905 0.507407
v 0.288229 -0.039980 0.507760
v 0.288064 -0.051835 0.536421
v 0.288027 -0.052376 0.535115
v 0.289037 -0.051452 0.535468
v 0.287295 -0.031282 0.510306
v 0.287332 -0.030741 0.511611
v 0.288321 -0.031664 0.511200
v 0.288156 -0.043519 0.539861
v 0.288140 -0.042212 0.539320
v 0.289129 -0.043136 0.538909
v -0.250793 -0.017270 0.549622
v 0.283495 -0.021653 0.534230
v 0.283672 -0.013494 0.538025
v -0.250616 -0.009111 0.553416
v 0.282771 -0.008150 0.505228
v -0.251517 -0.003767 0.520619
v -0.251341 0.004392 0.524414
v 0.282947 0.000009 0.509022
v -0.251299 0.004876 0.525742
v 0.282989 0.000494 0.510350
v 0.283668 -0.012165 0.537540
v -0.250619 -0.007783 0.552931
v -0.250835 -0.017755 0.548294
v 0.283453 -0.022138 0.532902
v 0.282774 -0.009479 0.505712
v -0.251514 -0.005096 0.521104
v 0.283793 -0.008580 0.506105
v 0.284472 -0.021239 0.533295
v 0.284648 -0.013080 0.537089
v 0.283969 -0.000421 0.509900
v -0.251815 -0.016840 0.548744
v -0.252494 -0.004181 0.521554
v -0.252318 0.003978 0.525349
v -0.251638 -0.008681 0.552539
v -0.250619 -0.007783 0.552931
v 0.283668 -0.012165 0.537540
v 0.283672 -0.013494 0.538025
v -0.250616 -0.009111 0.553416
v -0.251299 0.004876 0.525742
v 0.282989 0.000494 0.510350
v 0.282947 0.000009 0.509022
v -0.251341 0.004392 0.524414
v -0.250835 -0.017755 0.548294
v 0.283453 -0.022138 0.532902
v 0.283495 -0.021653 0.534230
v -0.250793 -0.017270 0.549622
v -0.251514 -0.005096 0.521104
v 0.282774 -0.009479 0.505712
v 0.282771 -0.008150 0.505228
v -0.251517 -0.003767 0.520619
v 0.284472 -0.021239 0.533295
v 0.284648 -0.013080 0.537089
v 0.283672 -0.013494 0.538025
v 0.283495 -0.021653 0.534230
v 0.283793 -0.008580 0.506105
v 0.283969 -0.000421 0.509900
v 0.282947 0.000009 0.509022
v 0.282771 -0.008150 0.505228
v -0.251815 -0.016840 0.548744
v -0.251638 -0.008681 0.552539
v -0.250616 -0.009111 0.553416
v -0.250793 -0.017270 0.549622
v -0.252494 -0.004181 0.521554
v -0.252318 0.003978 0.525349
v -0.251341 0.004392 0.524414
v -0.251517 -0.003767 0.520619
v 0.283969 -0.000421 0.509900
v 0.284648 -0.013080 0.537089
v 0.283668 -0.012165 0.537540
v 0.282989 0.000494 0.510350
v 0.283793 -0.008580 0.506105
v 0.284472 -0.021239 0.533295
v 0.283453 -0.022138 0.532902
v 0.282774 -0.009479 0.505712
v -0.252318 0.003978 0.525349
v -0.251638 -0.008681 0.552539
v -0.250619 -0.007783 0.552931
v -0.251299 0.004876 0.525742
v -0.252494 -0.004181 0.521554
v -0.251815 -0.016840 0.548744
v -0.250835 -0.017755 0.548294
v -0.251514 -0.005096 0.521104
v -0.251517 -0.003767 0.520619
v -0.251514 -0.005096 0.521104
v -0.252494 -0.004181 0.521554
v -0.250793 -0.017270 0.549622
v -0.250835 -0.017755 0.548294
v -0.251815 -0.016840 0.548744
v -0.251341 0.004392 0.524414
v -0.251299 0.004876 0.525742
v -0.252318 0.003978 0.525349
v -0.250616 -0.009111 0.553416
v -0.250619 -0.007783 0.552931
v -0.251638 -0.008681 0.552539
v 0.282771 -0.008150 0.505228
v 0.282774 -0.009479 0.505712
v 0.283793 -0.008580 0.506105
v 0.283495 -0.021653 0.534230
v 0.283453 -0.022138 0.532902
v 0.284472 -0.021239 0.533295
v 0.282947 0.000009 0.509022
v 0.282989 0.000494 0.510350
v 0.283969 -0.000421 0.509900
v 0.283672 -0.013494 0.538025
v 0.283668 -0.012165 0.537540
v 0.284648 -0.013080 0.537089
v -0.249773 0.011927 0.554740
v 0.284497 0.018040 0.539345
v 0.284487 0.026517 0.542370
v -0.249783 0.020403 0.557766
v 0.283506 0.028791 0.509221
v -0.250765 0.022677 0.524617
v -0.250774 0.031154 0.527642
v 0.283496 0.037267 0.512246
v -0.250744 0.031759 0.528920
v 0.283526 0.037873 0.513524
v 0.284455 0.027794 0.541765
v -0.249815 0.021681 0.557161
v -0.249803 0.011321 0.553463
v 0.284467 0.017435 0.538067
v 0.283538 0.027513 0.509826
v -0.250732 0.021400 0.525222
v 0.284537 0.028467 0.510133
v 0.285466 0.018388 0.538374
v 0.285456 0.026864 0.541400
v 0.284527 0.036943 0.513159
v -0.250804 0.012251 0.553828
v -0.251733 0.022330 0.525587
v -0.251743 0.030806 0.528612
v -0.250814 0.020727 0.556853
v -0.249815 0.021681 0.557161
v 0.284455 0.027794 0.541765
v 0.284487 0.026517 0.542370
v -0.249783 0.020403 0.557766
v -0.250744 0.031759 0.528920
v 0.283526 0.037873 0.513524
v 0.283496 0.037267 0.512246
v -0.250774 0.031154 0.527642
v -0.249803 0.011321 0.553463
v 0.284467 0.017435 0.538067
v 0.284497 0.018040 0.539345
v -0.249773 0.011927 0.554740
v -0.250732 0.021400 0.525222
v 0.283538 0.027513 0.509826
v 0.283506 0.028791 0.509221
v -0.250765 0.022677 0.524617
v 0.285466 0.018388 0.538374
v 0.285456 0.026864 0.541400
v 0.284487 0.026517 0.542370
v 0.284497 0.018040 0.539345
v 0.284537 0.028467 0.510133
v 0.284527 0.036943 0.513159
v 0.283496 0.037267 0.512246
v 0.283506 0.028791 0.509221
v -0.250804 0.012251 0.553828
v -0.250814 0.020727 0.556853
v -0.249783 0.020403 0.557766
v -0.249773 0.011927 0.554740
v -0.251733 0.022330 0.525587
v -0.251743 0.030806 0.528612
v -0.250774 0.031154 0.527642
v -0.250765 0.022677 0.524617
v 0.284527 0.036943 0.513159
v 0.285456 0.026864 0.541400
v 0.284455 0.027794 0.541765
v 0.283526 0.037873 0.513524
v 0.284537 0.028467 0.510133
v 0.285466 0.018388 0.538374
v 0.284467 0.017435 0.538067
v 0.283538 0.027513 0.509826
v -0.251743 0.030806 0.528612
v -0.250814 0.020727 0.556853
v -0.249815 0.021681 0.557161
v -0.250744 0.031759 0.528920
v -0.251733 0.022330 0.525587
v -0.250804 0.012251 0.553828
v -0.249803 0.011321 0.553463
v -0.250732 0.021400 0.525222
v -0.250765 0.022677 0.524617
v -0.250732 0.021400 0.525222
v -0.251733 0.022330 0.525587
v -0.249773 0.011927 0.554740
v -0.249803 0.011321 0.553463
v -0.250804 0.012251 0.553828
v -0.250774 0.031154 0.527642
v -0.250744 0.031759 0.528920
v -0.251743 0.030806 0.528612
v -0.249783 0.020403 0.557766
v -0.249815 0.021681 0.557161
v -0.250814 0.020727 0.556853
v 0.283506 0.028791 0.509221
v 0.283538 0.027513 0.509826
v 0.284537 0.028467 0.510133
v 0.284497 0.018040 0.539345
v 0.284467 0.017435 0.538067
v 0.285466 0.018388 0.538374
v 0.283496 0.037267 0.512246
v 0.283526 0.037873 0.513524
v 0.284527 0.036943 0.513159
v 0.284487 0.026517 0.542370
v 0.284455 0.027794 0.541765
v 0.285456 0.026864 0.541400
v -0.252635 0.043666 0.556080
v 0.281593 0.052773 0.540684
v 0.281534 0.061263 0.543670
v -0.252694 0.052156 0.559065
v 0.280543 0.063377 0.510510
v -0.253686 0.054270 0.525906
v -0.253744 0.062761 0.528892
v 0.280484 0.071868 0.513496
v -0.253718 0.063373 0.530167
v 0.280510 0.072479 0.514771
v 0.281495 0.062538 0.543058
v -0.252733 0.053431 0.558454
v -0.252662 0.043054 0.554805
v 0.281567 0.052161 0.539409
v 0.280582 0.062103 0.511121
v -0.253646 0.052996 0.526517
v 0.281575 0.063063 0.511424
v 0.282560 0.053122 0.539712
v 0.282501 0.061612 0.542698
v 0.281516 0.071553 0.514410
v -0.253667 0.043981 0.555166
v -0.254652 0.053922 0.526878
v -0.254711 0.062412 0.529864
v -0.253726 0.052471 0.558151
v -0.252733 0.053431 0.558454
v 0.281495 0.062538 0.543058
v 0.281534 0.061263 0.543670
v -0.252694 0.052156 0.559065
v -0.253718 0.063373 0.530167
v 0.280510 0.072479 0.514771
v 0.280484 0.071868 0.513496
v -0.253744 0.062761 0.528892
v -0.252662 0.043054 0.554805
v 0.281567 0.052161 0.539409
v 0.281593 0.052773 0.540684
v -0.252635 0.043666 0.556080
v -0.253646 0.052996 0.526517
v 0.280582 0.062103 0.511121
v 0.280543 0.063377 0.510510
v -0.253686 0.054270 0.525906
v 0.282560 0.053122 0.539712
v 0.282501 0.061612 0.542698
v 0.281534 0.061263 0.543670
v 0.281593 0.052773 0.540684
v 0.281575 0.063063 0.511424
v 0.281516 0.071553 0.514410
v 0.280484 0.071868 0.513496
v 0.280543 0.063377 0.510510
v -0.253667 0.043981 0.555166
v -0.253726 0.052471 0.558151
v -0.252694 0.052156 0.559065
v -0.252635 0.043666 0.556080
v -0.254652 0.053922 0.526878
v -0.254711 0.062412 0.529864
v -0.253744 0.062761 0.528892
v -0.253686 0.054270 0.525906
v 0.281516 0.071553 0.514410
v 0.282501 0.061612 0.542698
v 0.281495 0.062538 0.543058
v 0.280510 0.072479 0.514771
v 0.281575 0.063063 0.511424
v 0.282560 0.053122 0.539712
v 0.281567 0.052161 0.539409
v 0.280582 0.062103 0.511121
v -0.254711 0.062412 0.529864
v -0.253726 0.052471 0.558151
v -0.252733 0.053431 0.558454
v -0.253718 0.063373 0.530167
v -0.254652 0.053922 0.526878
v -0.253667 0.043981 0.555166
v -0.252662 0.043054 0.554805
v -0.253646 0.052996 0.526517
v -0.253686 0.054270 0.525906
v -0.253646 0.052996 0.526517
v -0.254652 0.053922 0.526878
v -0.252635 0.043666 0.556080
v -0.252662 0.043054 0.554805
v -0.253667 0.043981 0.555166
v -0.253744 0.062761 0.528892
v -0.253718 0.063373 0.530167
v -0.254711 0.062412 0.529864
v -0.252694 0.052156 0.559065
v -0.252733 0.053431 0.558454
v -0.253726 0.052471 0.558151
v 0.280543 0.063377 0.510510
v 0.280582 0.062103 0.511121
v 0.281575 0.063063 0.511424
v 0.281593 0.052773 0.540684
v 0.281567 0.052161 0.539409
v 0.282560 0.053122 0.539712
v 0.280484 0.071868 0.513496
v 0.280510 0.072479 0.514771
v 0.281516 0.071553 0.514410
v 0.281534 0.061263 0.543670
v 0.281495 0.062538 0.543058
v 0.282501 0.061612 0.542698
v -0.248371 0.073019 0.549065
v 0.285739 0.087488 0.533670
v 0.285627 0.095655 0.537450
v -0.248483 0.081186 0.552845
v 0.284539 0.100906 0.504644
v -0.249571 0.086437 0.520039
v -0.249683 0.094604 0.523819
v 0.284427 0.109073 0.508424
v -0.249658 0.095092 0.525146
v 0.284452 0.109561 0.509751
v 0.285577 0.096981 0.536963
v -0.248533 0.082513 0.552358
v -0.248396 0.072531 0.547738
v 0.285714 0.087000 0.532343
v 0.284589 0.099579 0.505131
v -0.249521 0.085111 0.520526
v 0.285576 0.100513 0.505522
v 0.286701 0.087934 0.532734
v 0.286588 0.096101 0.536514
v 0.285463 0.108680 0.509302
v -0.249408 0.073412 0.548187
v -0.250533 0.085991 0.520975
v -0.250645 0.094158 0.524755
v -0.249520 0.081579 0.551967
v -0.248533 0.082513 0.552358
v 0.285577 0.096981 0.536963
v 0.285627 0.095655 0.537450
v -0.248483 0.081186 0.552845
v -0.249658 0.095092 0.525146
v 0.284452 0.109561 0.509751
v 0.284427 0.109073 0.508424
v -0.249683 0.094604 0.523819
v -0.248396 0.072531 0.547738
v 0.285714 0.087000 0.532343
v 0.285739 0.087488 0.533670
v -0.248371 0.073019 0.549065
v -0.249521 0.085111 0.520526
v 0.284589 0.099579 0.505131
v 0.284539 0.100906 0.504644
v -0.249571 0.086437 0.520039
v 0.286701 0.087934 0.532734
v 0.286588 0.096101 0.536514
v 0.285627 0.095655 0.537450
v 0.285739 0.087488 0.533670
v 0.285576 0.100513 0.505522
v 0.285463 0.108680 0.509302
v 0.284427 0.109073 0.508424
v 0.284539 0.100906 0.504644
v -0.249408 0.073412 0.548187
v -0.249520 0.081579 0.551967
v -0.248483 0.081186 0.552845
v -0.248371 0.073019 0.549065
v -0.250533 0.085991 0.520975
v -0.250645 0.094158 0.524755
v -0.249683 0.094604 0.523819
v -0.249571 0.086437 0.520039
v 0.285463 0.108680 0.509302
v 0.286588 0.096101 0.536514
v 0.285577 0.096981 0.536963
v 0.284452 0.109561 0.509751
v 0.285576 0.100513 0.505522
v 0.286701 0.087934 0.532734
v 0.285714 0.087000 0.532343
v 0.284589 0.099579 0.505131
v -0.250645 0.094158 0.524755
v -0.249520 0.081579 0.551967
v -0.248533 0.082513 0.552358
v -0.249658 0.095092 0.525146
v -0.250533 0.085991 0.520975
v -0.249408 0.073412 0.548187
v -0.248396 0.072531 0.547738
v -0.249521 0.085111 0.520526
v -0.249571 0.086437 0.520039
v -0.249521 0.085111 0.520526
v -0.250533 0.085991 0.520975
v -0.248371 0.073019 0.549065
v -0.248396 0.072531 0.547738
v -0.249408 0.073412 0.548187
v -0.249683 0.094604 0.523819
v -0.249658 0.095092 0.525146
v -0.250645 0.094158 0.524755
v -0.248483 0.081186 0.552845
v -0.248533 0.082513 0.552358
v -0.249520 0.081579 0.551967
v 0.284539 0.100906 0.504644
v 0.284589 0.099579 0.505131
v 0.285576 0.100513 0.505522
v 0.285739 0.087488 0.533670
v 0.285714 0.087000 0.532343
v 0.286701 0.087934 0.532734
v 0.284427 0.109073 0.508424
v 0.284452 0.109561 0.509751
v 0.285463 0.108680 0.509302
v 0.285627 0.095655 0.537450
v 0.285577 0.096981 0.536963
v 0.286588 0.096101 0.536514
v -0.252151 0.107680 0.551013
v 0.282014 0.119916 0.535617
v 0.281927 0.128195 0.539147
v -0.252239 0.115958 0.554543
v 0.280879 0.132450 0.506196
v -0.253286 0.120213 0.521591
v -0.253374 0.128491 0.525121
v 0.280791 0.140728 0.509726
v -0.253348 0.129020 0.526433
v 0.280817 0.141256 0.511037
v 0.281881 0.129506 0.538620
v -0.252284 0.117270 0.554015
v -0.252177 0.107152 0.549701
v 0.281989 0.119388 0.534306
v 0.280925 0.131138 0.506723
v -0.253241 0.118902 0.522118
v 0.281914 0.132081 0.507086
v 0.282978 0.120331 0.534669
v 0.282890 0.128609 0.538199
v 0.281826 0.140359 0.510616
v -0.253186 0.108048 0.550122
v -0.254250 0.119798 0.522539
v -0.254338 0.128077 0.526069
v -0.253274 0.116327 0.553652
v -0.252284 0.117270 0.554015
v 0.281881 0.129506 0.538620
v 0.281927 0.128195 0.539147
v -0.252239 0.115958 0.554543
v -0.253348 0.129020 0.526433
v 0.280817 0.141256 0.511037
v 0.280791 0.140728 0.509726
v -0.253374 0.128491 0.525121
v -0.252177 0.107152 0.549701
v 0.281989 0.119388 0.534306
v 0.282014 0.119916 0.535617
v -0.252151 0.107680 0.551013
v -0.253241 0.118902 0.522118
v 0.280925 0.131138 0.506723
v 0.280879 0.132450 0.506196
v -0.253286 0.120213 0.521591
v 0.282978 0.120331 0.534669
v 0.282890 0.128609 0.538199
v 0.281927 0.128195 0.539147
v 0.282014 0.119916 0.535617
v 0.281914 0.132081 0.507086
v 0.281826 0.140359 0.510616
v 0.280791 0.140728 0.509726
v 0.280879 0.132450 0.506196
v -0.253186 0.108048 0.550122
v -0.253274 0.116327 0.553652
v -0.252239 0.115958 0.554543
v -0.252151 0.107680 0.551013
v -0.254250 0.119798 0.522539
v -0.254338 0.128077 0.526069
v -0.253374 0.128491 0.525121
v -0.253286 0.120213 0.521591
v 0.281826 0.140359 0.510616
v 0.282890 0.128609 0.538199
v 0.281881 0.129506 0.538620
v 0.280817 0.141256 0.511037
v 0.281914 0.132081 0.507086
v 0.282978 0.120331 0.534669
v 0.281989 0.119388 0.534306
v 0.280925 0.131138 0.506723
v -0.254338 0.128077 0.526069
v -0.253274 0.116327 0.553652
v -0.252284 0.117270 0.554015
v -0.253348 0.129020 0.526433
v -0.254250 0.119798 0.522539
v -0.253186 0.108048 0.550122
v -0.252177 0.107152 0.549701
v -0.253241 0.118902 0.522118
v -0.253286 0.120213 0.521591
v -0.253241 0.118902 0.522118
v -0.254250 0.119798 0.522539
v -0.252151 0.107680 0.551013
v -0.252177 0.107152 0.549701
v -0.253186 0.108048 0.550122
v -0.253374 0.128491 0.525121
v -0.253348 0.129020 0.526433
v -0.254338 0.128077 0.526069
v -0.252239 0.115958 0.554543
v -0.252284 0.117270 0.554015
v -0.253274 0.116327 0.553652
v 0.280879 0.132450 0.506196
v 0.280925 0.131138 0.506723
v 0.281914 0.132081 0.507086
v 0.282014 0.119916 0.535617
v 0.281989 0.119388 0.534306
v 0.282978 0.120331 0.534669
v 0.280791 0.140728 0.509726
v 0.280817 0.141256 0.511037
v 0.281826 0.140359 0.510616
v 0.281927 0.128195 0.539147
v 0.281881 0.129506 0.538620
v 0.282890 0.128609 0.538199
v -0.253363 0.137292 0.552755
v 0.280530 0.158281 0.537363
v 0.280285 0.166750 0.540397
v -0.253609 0.145762 0.555789
v 0.279240 0.169030 0.507250
v -0.254654 0.148041 0.522642
v -0.254899 0.156511 0.525676
v 0.278994 0.177500 0.510284
v -0.254886 0.157116 0.526954
v 0.279007 0.178105 0.511562
v 0.280217 0.168027 0.539793
v -0.253676 0.147039 0.555185
v -0.253376 0.136687 0.551477
v 0.280517 0.157676 0.536085
v 0.279307 0.167753 0.507854
v -0.254586 0.146765 0.523246
v 0.280279 0.168733 0.508163
v 0.281489 0.158656 0.536393
v 0.281243 0.167126 0.539427
v 0.280033 0.177203 0.511196
v -0.254402 0.137589 0.551843
v -0.255612 0.147666 0.523612
v -0.255858 0.156136 0.526646
v -0.254648 0.146059 0.554876
v -0.253676 0.147039 0.555185
v 0.280217 0.168027 0.539793
v 0.280285 0.166750 0.540397
v -0.253609 0.145762 0.555789
v -0.254886 0.157116 0.526954
v 0.279007 0.178105 0.511562
v 0.278994 0.177500 0.510284
v -0.254899 0.156511 0.525676
v -0.253376 0.136687 0.551477
v 0.280517 0.157676 0.536085
v 0.280530 0.158281 0.537363
v -0.253363 0.137292 0.552755
v -0.254586 0.146765 0.523246
v 0.279307 0.167753 0.507854
v 0.279240 0.169030 0.507250
v -0.254654 0.148041 0.522642
v 0.281489 0.158656 0.536393
v 0.281243 0.167126 0.539427
v 0.280285 0.166750 0.540397
v 0.280530 0.158281 0.537363
v 0.280279 0.168733 0.508163
v 0.280033 0.177203 0.511196
v 0.278994 0.177500 0.510284
v 0.279240 0.169030 0.507250
v -0.254402 0.137589 0.551843
v -0.254648 0.146059 0.554876
v -0.253609 0.145762 0.555789
v -0.253363 0.137292 0.552755
v -0.255612 0.147666 0.523612
v -0.255858 0.156136 0.526646
v -0.254899 0.156511 0.525676
v -0.254654 0.148041 0.522642
v 0.280033 0.177203 0.511196
v 0.281243 0.167126 0.539427
v 0.280217 0.168027 0.539793
v 0.279007 0.178105 0.511562
v 0.280279 0.168733 0.508163
v 0.281489 0.158656 0.536393
v 0.280517 0.157676 0.536085
v 0.279307 0.167753 0.507854
v -0.255858 0.156136 0.526646
v -0.254648 0.146059 0.554876
v -0.253676 0.147039 0.555185
v -0.254886 0.157116 0.526954
v -0.255612 0.147666 0.523612
v -0.254402 0.137589 0.551843
v -0.253376 0.136687 0.551477
v -0.254586 0.146765 0.523246
v -0.254654 0.148041 0.522642
v -0.254586 0.146765 0.523246
v -0.255612 0.147666 0.523612
v -0.253363 0.137292 0.552755
v -0.253376 0.136687 0.551477
v -0.254402 0.137589 0.551843
v -0.254899 0.156511 0.525676
v -0.254886 0.157116 0.526954
v -0.255858 0.156136 0.526646
v -0.253609 0.145762 0.555789
v -0.253676 0.147039 0.555185
v -0.254648 0.146059 0.554876
v 0.279240 0.169030 0.507250
v 0.279307 0.167753 0.507854
v 0.280279 0.168733 0.508163
v 0.280530 0.158281 0.537363
v 0.280517 0.157676 0.536085
v 0.281489 0.158656 0.536393
v 0.278994 0.177500 0.510284
v 0.279007 0.178105 0.511562
v 0.280033 0.177203 0.511196
v 0.280285 0.166750 0.540397
v 0.280217 0.168027 0.539793
v 0.281243 0.167126 0.539427
v -0.256204 0.180258 0.552286
v 0.278101 0.179556 0.536892
v 0.278218 0.187764 0.540584
v -0.256087 0.188465 0.555977
v 0.277278 0.192689 0.507722
v -0.257027 0.193390 0.523116
v -0.256910 0.201597 0.526808
v 0.277395 0.200896 0.511414
v -0.256872 0.202099 0.528130
v 0.277434 0.201398 0.512736
v 0.278205 0.189086 0.540082
v -0.256100 0.189787 0.555476
v -0.256243 0.179756 0.550964
v 0.278062 0.179055 0.535570
v 0.277291 0.191367 0.508224
v -0.257015 0.192068 0.523618
v 0.278303 0.192277 0.508605
v 0.279075 0.179966 0.535952
v 0.279192 0.188173 0.539643
v 0.278420 0.200484 0.512297
v -0.257230 0.180669 0.551403
v -0.258001 0.192981 0.524057
v -0.257884 0.201188 0.527748
v -0.257112 0.188877 0.555095
v -0.256100 0.189787 0.555476
v 0.278205 0.189086 0.540082
v 0.278218 0.187764 0.540584
v -0.256087 0.188465 0.555977
v -0.256872 0.202099 0.528130
v 0.277434 0.201398 0.512736
v 0.277395 0.200896 0.511414
v -0.256910 0.201597 0.526808
v -0.256243 0.179756 0.550964
v 0.278062 0.179055 0.535570
v 0.278101 0.179556 0.536892
v -0.256204 0.180258 0.552286
v -0.257015 0.192068 0.523618
v 0.277291 0.191367 0.508224
v 0.277278 0.192689 0.507722
v -0.257027 0.193390 0.523116
v 0.279075 0.179966 0.535952
v 0.279192 0.188173 0.539643
v 0.278218 0.187764 0.540584
v 0.278101 0.179556 0.536892
v 0.278303 0.192277 0.508605
v 0.278420 0.200484 0.512297
v 0.277395 0.200896 0.511414
v 0.277278 0.192689 0.507722
v -0.257230 0.180669 0.551403
v -0.257112 0.188877 0.555095
v -0.256087 0.188465 0.555977
v -0.256204 0.180258 0.552286
v -0.258001 0.192981 0.524057
v -0.257884 0.201188 0.527748
v -0.256910 0.201597 0.526808
v -0.257027 0.193390 0.523116
v 0.278420 0.200484 0.512297
v 0.279192 0.188173 0.539643
v 0.278205 0.189086 0.540082
v 0.277434 0.201398 0.512736
v 0.278303 0.192277 0.508605
v 0.279075 0.179966 0.535952
v 0.278062 0.179055 0.535570
v 0.277291 0.191367 0.508224
v -0.257884 0.201188 0.527748
v -0.257112 0.188877 0.555095
v -0.256100 0.189787 0.555476
v -0.256872 0.202099 0.528130
v -0.258001 0.192981 0.524057
v -0.257230 0.180669 0.551403
v -0.256243 0.179756 0.550964
v -0.257015 0.192068 0.523618
v -0.257027 0.193390 0.523116
v -0.257015 0.192068 0.523618
v -0.258001 0.192981 0.524057
v -0.256204 0.180258 0.552286
v -0.256243 0.179756 0.550964
v -0.257230 0.180669 0.551403
v -0.256910 0.201597 0.526808
v -0.256872 0.202099 0.528130
v -0.257884 0.201188 0.527748
v -0.256087 0.188465 0.555977
v -0.256100 0.189787 0.555476
v -0.257112 0.188877 0.555095
v 0.277278 0.192689 0.507722
v 0.277291 0.191367 0.508224
v 0.278303 0.192277 0.508605
v 0.278101 0.179556 0.536892
v 0.278062 0.179055 0.535570
v 0.279075 0.179966 0.535952
v 0.277395 0.200896 0.511414
v 0.277434 0.201398 0.512736
v 0.278420 0.200484 0.512297
v 0.278218 0.187764 0.540584
v 0.278205 0.189086 0.540082
v 0.279192 0.188173 0.539643
v -0.046857 0.071825 0.492538
v -0.038287 0.041706 0.492304
v -0.015811 0.019908 0.491666
v 0.014547 0.012273 0.490795
v 0.044654 0.020847 0.489924
v 0.066442 0.043331 0.489286
v 0.074074 0.073702 0.489053
v 0.065503 0.103822 0.489286
v 0.043028 0.125619 0.489924
v 0.012669 0.133254 0.490795
v -0.017438 0.124681 0.491666
v -0.039226 0.102196 0.492304
v -0.052115 0.071744 0.492689
v -0.042800 0.039005 0.492436
v -0.018370 0.015312 0.491742
v 0.014629 0.007013 0.490795
v 0.047354 0.016332 0.489848
v 0.071037 0.040772 0.489155
v 0.079332 0.073784 0.488901
v 0.070016 0.106523 0.489155
v 0.045586 0.130216 0.489848
v 0.012588 0.138515 0.490795
v -0.020137 0.129196 0.491742
v -0.043820 0.104756 0.492436
v -0.051107 0.071759 0.527675
v -0.041792 0.039021 0.527421
v -0.017362 0.015328 0.526728
v 0.015637 0.007029 0.525781
v 0.048362 0.016348 0.524834
v 0.072045 0.040788 0.524140
v 0.080340 0.073800 0.523887
v 0.071024 0.106538 0.524140
v 0.046594 0.130231 0.524834
v 0.013596 0.138530 0.525781
v -0.019129 0.129211 0.526728
v -0.042812 0.104771 0.527421
v -0.045849 0.071841 0.527523
v -0.037279 0.041721 0.527290
v -0.014803 0.019924 0.526652
v 0.015555 0.012289 0.525781
v 0.045662 0.020862 0.524909
v 0.067450 0.043347 0.524272
v 0.075082 0.073718 0.524038
v 0.066511 0.103838 0.524272
v 0.044036 0.125635 0.524909
v 0.013677 0.133270 0.525781
v -0.016430 0.124697 0.526652
v -0.038218 0.102212 0.527290
v 0.013608 0.072764 0.490795
v 0.014616 0.072779 0.525781
v -0.355814 -0.076665 0.340187
v -0.344044 -0.078977 0.339849
v -0.341347 -0.065240 0.339765
v -0.353118 -0.062927 0.340103
v -0.349118 -0.079056 0.163730
v -0.360889 -0.076744 0.164068
v -0.358192 -0.063006 0.163984
v -0.346422 -0.065319 0.163646
v -0.357970 -0.062024 0.164977
v -0.346200 -0.064337 0.164639
v -0.341184 -0.064259 0.338759
v -0.352954 -0.061946 0.339097
v -0.356036 -0.077646 0.339193
v -0.344266 -0.079959 0.338855
v -0.349282 -0.080037 0.164735
v -0.361052 -0.077724 0.165073
v -0.348109 -0.079248 0.164701
v -0.343092 -0.079170 0.338821
v -0.340395 -0.065433 0.338737
v -0.345412 -0.065511 0.164617
v -0.356824 -0.076473 0.339215
v -0.361841 -0.076550 0.165095
v -0.359144 -0.062813 0.165012
v -0.354127 -0.062735 0.339131
v -0.352954 -0.061946 0.339097
v -0.341184 -0.064259 0.338759
v -0.341347 -0.065240 0.339765
v -0.353118 -0.062927 0.340103
v -0.357970 -0.062024 0.164977
v -0.346200 -0.064337 0.164639
v -0.346422 -0.065319 0.163646
v -0.358192 -0.063006 0.163984
v -0.356036 -0.077646 0.339193
v -0.344266 -0.079959 0.338855
v -0.344044 -0.078977 0.339849
v -0.355814 -0.076665 0.340187
v -0.361052 -0.077724 0.165073
v -0.349282 -0.080037 0.164735
v -0.349118 -0.079056 0.163730
v -0.360889 -0.076744 0.164068
v -0.343092 -0.079170 0.338821
v -0.340395 -0.065433 0.338737
v -0.341347 -0.065240 0.339765
v -0.344044 -0.078977 0.339849
v -0.348109 -0.079248 0.164701
v -0.345412 -0.065511 0.164617
v -0.346422 -0.065319 0.163646
v -0.349118 -0.079056 0.163730
v -0.356824 -0.076473 0.339215
v -0.354127 -0.062735 0.339131
v -0.353118 -0.062927 0.340103
v -0.355814 -0.076665 0.340187
v -0.361841 -0.076550 0.165095
v -0.359144 -0.062813 0.165012
v -0.358192 -0.063006 0.163984
v -0.360889 -0.076744 0.164068
v -0.345412 -0.065511 0.164617
v -0.340395 -0.065433 0.338737
v -0.341184 -0.064259 0.338759
v -0.346200 -0.064337 0.164639
v -0.348109 -0.079248 0.164701
v -0.343092 -0.079170 0.338821
v -0.344266 -0.079959 0.338855
v -0.349282 -0.080037 0.164735
v -0.359144 -0.062813 0.165012
v -0.354127 -0.062735 0.339131
v -0.352954 -0.061946 0.339097
v -0.357970 -0.062024 0.164977
v -0.361841 -0.076550 0.165095
v -0.356824 -0.076473 0.339215
v -0.356036 -0.077646 0.339193
v -0.361052 -0.077724 0.165073
v -0.360889 -0.076744 0.164068
v -0.361052 -0.077724 0.165073
v -0.361841 -0.076550 0.165095
v -0.355814 -0.076665 0.340187
v -0.356036 -0.077646 0.339193
v -0.356824 -0.076473 0.339215
v -0.358192 -0.063006 0.163984
v -0.357970 -0.062024 0.164977
v -0.359144 -0.062813 0.165012
v -0.353118 -0.062927 0.340103
v -0.352954 -0.061946 0.339097
v -0.354127 -0.062735 0.339131
v -0.349118 -0.079056 0.163730
v -0.349282 -0.080037 0.164735
v -0.348109 -0.079248 0.164701
v -0.344044 -0.078977 0.339849
v -0.344266 -0.079959 0.338855
v -0.343092 -0.079170 0.338821
v -0.346422 -0.065319 0.163646
v -0.346200 -0.064337 0.164639
v -0.345412 -0.065511 0.164617
v -0.341347 -0.065240 0.339765
v -0.341184 -0.064259 0.338759
v -0.340395 -0.065433 0.338737
v -0.356565 -0.028319 0.340187
v -0.344795 -0.030631 0.339849
v -0.342098 -0.016894 0.339765
v -0.353868 -0.014581 0.340103
v -0.349869 -0.030710 0.163730
v -0.361639 -0.028397 0.164068
v -0.358942 -0.014660 0.163984
v -0.347172 -0.016972 0.163646
v -0.358721 -0.013678 0.164977
v -0.346951 -0.015991 0.164639
v -0.341934 -0.015913 0.338759
v -0.353704 -0.013600 0.339097
v -0.356786 -0.029300 0.339193
v -0.345016 -0.031613 0.338855
v -0.350033 -0.031691 0.164735
v -0.361803 -0.029378 0.165073
v -0.348859 -0.030902 0.164701
v -0.343843 -0.030824 0.338821
v -0.341146 -0.017087 0.338737
v -0.346162 -0.017165 0.164617
v -0.357574 -0.028126 0.339215
v -0.362591 -0.028204 0.165095
v -0.359894 -0.014467 0.165012
v -0.354878 -0.014389 0.339131
v -0.353704 -0.013600 0.339097
v -0.341934 -0.015913 0.338759
v -0.342098 -0.016894 0.339765
v -0.353868 -0.014581 0.340103
v -0.358721 -0.013678 0.164977
v -0.346951 -0.015991 0.164639
v -0.347172 -0.016972 0.163646
v -0.358942 -0.014660 0.163984
v -0.356786 -0.029300 0.339193
v -0.345016 -0.031613 0.338855
v -0.344795 -0.030631 0.339849
v -0.356565 -0.028319 0.340187
v -0.361803 -0.029378 0.165073
v -0.350033 -0.031691 0.164735
v -0.349869 -0.030710 0.163730
v -0.361639 -0.028397 0.164068
v -0.343843 -0.030824 0.338821
v -0.341146 -0.017087 0.338737
v -0.342098 -0.016894 0.339765
v -0.344795 -0.030631 0.339849
v -0.348859 -0.030902 0.164701
v -0.346162 -0.017165 0.164617
v -0.347172 -0.016972 0.163646
v -0.349869 -0.030710 0.163730
v -0.357574 -0.028126 0.339215
v -0.354878 -0.014389 0.339131
v -0.353868 -0.014581 0.340103
v -0.356565 -0.028319 0.340187
v -0.362591 -0.028204 0.165095
v -0.359894 -0.014467 0.165012
v -0.358942 -0.014660 0.163984
v -0.361639 -0.028397 0.164068
v -0.346162 -0.017165 0.164617
v -0.341146 -0.017087 0.338737
v -0.341934 -0.015913 0.338759
v -0.346951 -0.015991 0.164639
v -0.348859 -0.030902 0.164701
v -0.343843 -0.030824 0.338821
v -0.345016 -0.031613 0.338855
v -0.350033 -0.031691 0.164735
v -0.359894 -0.014467 0.165012
v -0.354878 -0.014389 0.339131
v -0.353704 -0.013600 0.339097
v -0.358721 -0.013678 0.164977
v -0.362591 -0.028204 0.165095
v -0.357574 -0.028126 0.339215
v -0.356786 -0.029300 0.339193
v -0.361803 -0.029378 0.165073
v -0.361639 -0.028397 0.164068
v -0.361803 -0.029378 0.165073
v -0.362591 -0.028204 0.165095
v -0.356565 -0.028319 0.340187
v -0.356786 -0.029300 0.339193
v -0.357574 -0.028126 0.339215
v -0.358942 -0.014660 0.163984
v -0.358721 -0.013678 0.164977
v -0.359894 -0.014467 0.165012
v -0.353868 -0.014581 0.340103
v -0.353704 -0.013600 0.339097
v -0.354878 -0.014389 0.339131
v -0.349869 -0.030710 0.163730
v -0.350033 -0.031691 0.164735
v -0.348859 -0.030902 0.164701
v -0.344795 -0.030631 0.339849
v -0.345016 -0.031613 0.338855
v -0.343843 -0.030824 0.338821
v -0.347172 -0.016972 0.163646
v -0.346951 -0.015991 0.164639
v -0.346162 -0.017165 0.164617
v -0.342098 -0.016894 0.339765
v -0.341934 -0.015913 0.338759
v -0.341146 -0.017087 0.338737
v -0.357315 0.020027 0.340187
v -0.345545 0.017715 0.339849
v -0.342848 0.031453 0.339765
v -0.354618 0.033765 0.340103
v -0.350619 0.017636 0.163730
v -0.362389 0.019949 0.164068
v -0.359693 0.033686 0.163984
v -0.347923 0.031374 0.163646
v -0.359471 0.034668 0.164977
v -0.347701 0.032355 0.164639
v -0.342684 0.032433 0.338759
v -0.354455 0.034746 0.339097
v -0.357537 0.019046 0.339193
v -0.345766 0.016733 0.338855
v -0.350783 0.016655 0.164735
v -0.362553 0.018968 0.165073
v -0.349610 0.017444 0.164701
v -0.344593 0.017522 0.338821
v -0.341896 0.031259 0.338737
v -0.346913 0.031181 0.164617
v -0.358325 0.020220 0.339215
v -0.363341 0.020142 0.165095
v -0.360645 0.033879 0.165012
v -0.355628 0.033957 0.339131
v -0.354455 0.034746 0.339097
v -0.342684 0.032433 0.338759
v -0.342848 0.031453 0.339765
v -0.354618 0.033765 0.340103
v -0.359471 0.034668 0.164977
v -0.347701 0.032355 0.164639
v -0.347923 0.031374 0.163646
v -0.359693 0.033686 0.163984
v -0.357537 0.019046 0.339193
v -0.345766 0.016733 0.338855
v -0.345545 0.017715 0.339849
v -0.357315 0.020027 0.340187
v -0.362553 0.018968 0.165073
v -0.350783 0.016655 0.164735
v -0.350619 0.017636 0.163730
v -0.362389 0.019949 0.164068
v -0.344593 0.017522 0.338821
v -0.341896 0.031259 0.338737
v -0.342848 0.031453 0.339765
v -0.345545 0.017715 0.339849
v -0.349610 0.017444 0.164701
v -0.346913 0.031181 0.164617
v -0.347923 0.031374 0.163646
v -0.350619 0.017636 0.163730
v -0.358325 0.020220 0.339215
v -0.355628 0.033957 0.339131
v -0.354618 0.033765 0.340103
v -0.357315 0.020027 0.340187
v -0.363341 0.020142 0.165095
v -0.360645 0.033879 0.165012
v -0.359693 0.033686 0.163984
v -0.362389 0.019949 0.164068
v -0.346913 0.031181 0.164617
v -0.341896 0.031259 0.338737
v -0.342684 0.032433 0.338759
v -0.347701 0.032355 0.164639
v -0.349610 0.017444 0.164701
v -0.344593 0.017522 0.338821
v -0.345766 0.016733 0.338855
v -0.350783 0.016655 0.164735
v -0.360645 0.033879 0.165012
v -0.355628 0.033957 0.339131
v -0.354455 0.034746 0.339097
v -0.359471 0.034668 0.164977
v -0.363341 0.020142 0.165095
v -0.358325 0.020220 0.339215
v -0.357537 0.019046 0.339193
v -0.362553 0.018968 0.165073
v -0.362389 0.019949 0.164068
v -0.362553 0.018968 0.165073
v -0.363341 0.020142 0.165095
v -0.357315 0.020027 0.340187
v -0.357537 0.019046 0.339193
v -0.358325 0.020220 0.339215
v -0.359693 0.033686 0.163984
v -0.359471 0.034668 0.164977
v -0.360645 0.033879 0.165012
v -0.354618 0.033765 0.340103
v -0.354455 0.034746 0.339097
v -0.355628 0.033957 0.339131
v -0.350619 0.017636 0.163730
v -0.350783 0.016655 0.164735
v -0.349610 0.017444 0.164701
v -0.345545 0.017715 0.339849
v -0.345766 0.016733 0.338855
v -0.344593 0.017522 0.338821
v -0.347923 0.031374 0.163646
v -0.347701 0.032355 0.164639
v -0.346913 0.031181 0.164617
v -0.342848 0.031453 0.339765
v -0.342684 0.032433 0.338759
v -0.341896 0.031259 0.338737
v -0.358066 0.068374 0.340187
v -0.346295 0.066061 0.339849
v -0.343599 0.079799 0.339765
v -0.355369 0.082111 0.340103
v -0.351370 0.065982 0.163730
v -0.363140 0.068295 0.164068
v -0.360443 0.082032 0.163984
v -0.348673 0.079720 0.163646
v -0.360222 0.083014 0.164977
v -0.348451 0.080702 0.164639
v -0.343435 0.080779 0.338759
v -0.355205 0.083092 0.339097
v -0.358287 0.067392 0.339193
v -0.346517 0.065079 0.338855
v -0.351533 0.065001 0.164735
v -0.363304 0.067314 0.165073
v -0.350360 0.065790 0.164701
v -0.345343 0.065868 0.338821
v -0.342647 0.079605 0.338737
v -0.347663 0.079528 0.164617
v -0.359075 0.068566 0.339215
v -0.364092 0.068488 0.165095
v -0.361395 0.082226 0.165012
v -0.356379 0.082303 0.339131
v -0.355205 0.083092 0.339097
v -0.343435 0.080779 0.338759
v -0.343599 0.079799 0.339765
v -0.355369 0.082111 0.340103
v -0.360222 0.083014 0.164977
v -0.348451 0.080702 0.164639
v -0.348673 0.079720 0.163646
v -0.360443 0.082032 0.163984
v -0.358287 0.067392 0.339193
v -0.346517 0.065079 0.338855
v -0.346295 0.066061 0.339849
v -0.358066 0.068374 0.340187
v -0.363304 0.067314 0.165073
v -0.351533 0.065001 0.164735
v -0.351370 0.065982 0.163730
v -0.363140 0.068295 0.164068
v -0.345343 0.065868 0.338821
v -0.342647 0.079605 0.338737
v -0.343599 0.079799 0.339765
v -0.346295 0.066061 0.339849
v -0.350360 0.065790 0.164701
v -0.347663 0.079528 0.164617
v -0.348673 0.079720 0.163646
v -0.351370 0.065982 0.163730
v -0.359075 0.068566 0.339215
v -0.356379 0.082303 0.339131
v -0.355369 0.082111 0.340103
v -0.358066 0.068374 0.340187
v -0.364092 0.068488 0.165095
v -0.361395 0.082226 0.165012
v -0.360443 0.082032 0.163984
v -0.363140 0.068295 0.164068
v -0.347663 0.079528 0.164617
v -0.342647 0.079605 0.338737
v -0.343435 0.080779 0.338759
v -0.348451 0.080702 0.164639
v -0.350360 0.065790 0.164701
v -0.345343 0.065868 0.338821
v -0.346517 0.065079 0.338855
v -0.351533 0.065001 0.164735
v -0.361395 0.082226 0.165012
v -0.356379 0.082303 0.339131
v -0.355205 0.083092 0.339097
v -0.360222 0.083014 0.164977
v -0.364092 0.068488 0.165095
v -0.359075 0.068566 0.339215
v -0.358287 0.067392 0.339193
v -0.363304 0.067314 0.165073
v -0.363140 0.068295 0.164068
v -0.363304 0.067314 0.165073
v -0.364092 0.068488 0.165095
v -0.358066 0.068374 0.340187
v -0.358287 0.067392 0.339193
v -0.359075 0.068566 0.339215
v -0.360443 0.082032 0.163984
v -0.360222 0.083014 0.164977
v -0.361395 0.082226 0.165012
v -0.355369 0.082111 0.340103
v -0.355205 0.083092 0.339097
v -0.356379 0.082303 0.339131
v -0.351370 0.065982 0.163730
v -0.351533 0.065001 0.164735
v -0.350360 0.065790 0.164701
v -0.346295 0.066061 0.339849
v -0.346517 0.065079 0.338855
v -0.345343 0.065868 0.338821
v -0.348673 0.079720 0.163646
v -0.348451 0.080702 0.164639
v -0.347663 0.079528 0.164617
v -0.343599 0.079799 0.339765
v -0.343435 0.080779 0.338759
v -0.342647 0.079605 0.338737
v -0.358816 0.116720 0.340187
v -0.347046 0.114407 0.339849
v -0.344349 0.128145 0.339765
v -0.356119 0.130457 0.340103
v -0.352120 0.114328 0.163730
v -0.363890 0.116641 0.164068
v -0.361194 0.130379 0.163984
v -0.349423 0.128066 0.163646
v -0.360972 0.131360 0.164977
v -0.349202 0.129048 0.164639
v -0.344185 0.129126 0.338759
v -0.355955 0.131438 0.339097
v -0.359037 0.115738 0.339193
v -0.347267 0.113425 0.338855
v -0.352284 0.113348 0.164735
v -0.364054 0.115660 0.165073
v -0.351110 0.114136 0.164701
v -0.346094 0.114214 0.338821
v -0.343397 0.127952 0.338737
v -0.348414 0.127874 0.164617
v -0.359826 0.116912 0.339215
v -0.364842 0.116834 0.165095
v -0.362146 0.130572 0.165012
v -0.357129 0.130650 0.339131
v -0.355955 0.131438 0.339097
v -0.344185 0.129126 0.338759
v -0.344349 0.128145 0.339765
v -0.356119 0.130457 0.340103
v -0.360972 0.131360 0.164977
v -0.349202 0.129048 0.164639
v -0.349423 0.128066 0.163646
v -0.361194 0.130379 0.163984
v -0.359037 0.115738 0.339193
v -0.347267 0.113425 0.338855
v -0.347046 0.114407 0.339849
v -0.358816 0.116720 0.340187
v -0.364054 0.115660 0.165073
v -0.352284 0.113348 0.164735
v -0.352120 0.114328 0.163730
v -0.363890 0.116641 0.164068
v -0.346094 0.114214 0.338821
v -0.343397 0.127952 0.338737
v -0.344349 0.128145 0.339765
v -0.347046 0.114407 0.339849
v -0.351110 0.114136 0.164701
v -0.348414 0.127874 0.164617
v -0.349423 0.128066 0.163646
v -0.352120 0.114328 0.163730
v -0.359826 0.116912 0.339215
v -0.357129 0.130650 0.339131
v -0.356119 0.130457 0.340103
v -0.358816 0.116720 0.340187
v -0.364842 0.116834 0.165095
v -0.362146 0.130572 0.165012
v -0.361194 0.130379 0.163984
v -0.363890 0.116641 0.164068
v -0.348414 0.127874 0.164617
v -0.343397 0.127952 0.338737
v -0.344185 0.129126 0.338759
v -0.349202 0.129048 0.164639
v -0.351110 0.114136 0.164701
v -0.346094 0.114214 0.338821
v -0.347267 0.113425 0.338855
v -0.352284 0.113348 0.164735
v -0.362146 0.130572 0.165012
v -0.357129 0.130650 0.339131
v -0.355955 0.131438 0.339097
v -0.360972 0.131360 0.164977
v -0.364842 0.116834 0.165095
v -0.359826 0.116912 0.339215
v -0.359037 0.115738 0.339193
v -0.364054 0.115660 0.165073
v -0.363890 0.116641 0.164068
v -0.364054 0.115660 0.165073
v -0.364842 0.116834 0.165095
v -0.358816 0.116720 0.340187
v -0.359037 0.115738 0.339193
v -0.359826 0.116912 0.339215
v -0.361194 0.130379 0.163984
v -0.360972 0.131360 0.164977
v -0.362146 0.130572 0.165012
v -0.356119 0.130457 0.340103
v -0.355955 0.131438 0.339097
v -0.357129 0.130650 0.339131
v -0.352120 0.114328 0.163730
v -0.352284 0.113348 0.164735
v -0.351110 0.114136 0.164701
v -0.347046 0.114407 0.339849
v -0.347267 0.113425 0.338855
v -0.346094 0.114214 0.338821
v -0.349423 0.128066 0.163646
v -0.349202 0.129048 0.164639
v -0.348414 0.127874 0.164617
v -0.344349 0.128145 0.339765
v -0.344185 0.129126 0.338759
v -0.343397 0.127952 0.338737
v 0.366510 -0.067948 0.319372
v 0.378202 -0.065272 0.319033
v 0.375081 -0.051624 0.319117
v 0.363388 -0.054301 0.319455
v 0.373128 -0.065350 0.142915
v 0.361435 -0.068027 0.143253
v 0.358314 -0.054380 0.143336
v 0.370007 -0.051703 0.142998
v 0.358120 -0.053405 0.144342
v 0.369812 -0.050728 0.144004
v 0.374829 -0.050650 0.318124
v 0.363136 -0.053327 0.318462
v 0.366704 -0.068924 0.318366
v 0.378397 -0.066247 0.318028
v 0.373380 -0.066325 0.143908
v 0.361687 -0.069002 0.144246
v 0.374131 -0.065127 0.143886
v 0.379148 -0.065049 0.318006
v 0.376026 -0.051402 0.318090
v 0.371010 -0.051480 0.143970
v 0.365507 -0.068172 0.318400
v 0.360490 -0.068250 0.144280
v 0.357368 -0.054603 0.144364
v 0.362385 -0.054525 0.318484
v 0.363136 -0.053327 0.318462
v 0.374829 -0.050650 0.318124
v 0.375081 -0.051624 0.319117
v 0.363388 -0.054301 0.319455
v 0.358120 -0.053405 0.144342
v 0.369812 -0.050728 0.144004
v 0.370007 -0.051703 0.142998
v 0.358314 -0.054380 0.143336
v 0.366704 -0.068924 0.318366
v 0.378397 -0.066247 0.318028
v 0.378202 -0.065272 0.319033
v 0.366510 -0.067948 0.319372
v 0.361687 -0.069002 0.144246
v 0.373380 -0.066325 0.143908
v 0.373128 -0.065350 0.142915
v 0.361435 -0.068027 0.143253
v 0.379148 -0.065049 0.318006
v 0.376026 -0.051402 0.318090
v 0.375081 -0.051624 0.319117
v 0.378202 -0.065272 0.319033
v 0.374131 -0.065127 0.143886
v 0.371010 -0.051480 0.143970
v 0.370007 -0.051703 0.142998
v 0.373128 -0.065350 0.142915
v 0.365507 -0.068172 0.318400
v 0.362385 -0.054525 0.318484
v 0.363388 -0.054301 0.319455
v 0.366510 -0.067948 0.319372
v 0.360490 -0.068250 0.144280
v 0.357368 -0.054603 0.144364
v 0.358314 -0.054380 0.143336
v 0.361435 -0.068027 0.143253
v 0.371010 -0.051480 0.143970
v 0.376026 -0.051402 0.318090
v 0.374829 -0.050650 0.318124
v 0.369812 -0.050728 0.144004
v 0.374131 -0.065127 0.143886
v 0.379148 -0.065049 0.318006
v 0.378397 -0.066247 0.318028
v 0.373380 -0.066325 0.143908
v 0.357368 -0.054603 0.144364
v 0.362385 -0.054525 0.318484
v 0.363136 -0.053327 0.318462
v 0.358120 -0.053405 0.144342
v 0.360490 -0.068250 0.144280
v 0.365507 -0.068172 0.318400
v 0.366704 -0.068924 0.318366
v 0.361687 -0.069002 0.144246
v 0.361435 -0.068027 0.143253
v 0.361687 -0.069002 0.144246
v 0.360490 -0.068250 0.144280
v 0.366510 -0.067948 0.319372
v 0.366704 -0.068924 0.318366
v 0.365507 -0.068172 0.318400
v 0.358314 -0.054380 0.143336
v 0.358120 -0.053405 0.144342
v 0.357368 -0.054603 0.144364
v 0.363388 -0.054301 0.319455
v 0.363136 -0.053327 0.318462
v 0.362385 -0.054525 0.318484
v 0.373128 -0.065350 0.142915
v 0.373380 -0.066325 0.143908
v 0.374131 -0.065127 0.143886
v 0.378202 -0.065272 0.319033
v 0.378397 -0.066247 0.318028
v 0.379148 -0.065049 0.318006
v 0.370007 -0.051703 0.142998
v 0.369812 -0.050728 0.144004
v 0.371010 -0.051480 0.143970
v 0.375081 -0.051624 0.319117
v 0.374829 -0.050650 0.318124
v 0.376026 -0.051402 0.318090
v 0.365759 -0.019602 0.319372
v 0.377452 -0.016926 0.319033
v 0.374330 -0.003278 0.319117
v 0.362638 -0.005955 0.319455
v 0.372378 -0.017004 0.142915
v 0.360685 -0.019681 0.143253
v 0.357563 -0.006034 0.143336
v 0.369256 -0.003357 0.142998
v 0.357369 -0.005059 0.144342
v 0.369062 -0.002382 0.144004
v 0.374079 -0.002304 0.318124
v 0.362386 -0.004981 0.318462
v 0.365953 -0.020578 0.318366
v 0.377646 -0.017901 0.318028
v 0.372630 -0.017979 0.143908
v 0.360937 -0.020655 0.144246
v 0.373381 -0.016781 0.143886
v 0.378398 -0.016703 0.318006
v 0.375276 -0.003056 0.318090
v 0.370259 -0.003134 0.143970
v 0.364756 -0.019826 0.318400
v 0.359739 -0.019904 0.144280
v 0.356618 -0.006256 0.144364
v 0.361634 -0.006179 0.318484
v 0.362386 -0.004981 0.318462
v 0.374079 -0.002304 0.318124
v 0.374330 -0.003278 0.319117
v 0.362638 -0.005955 0.319455
v 0.357369 -0.005059 0.144342
v 0.369062 -0.002382 0.144004
v 0.369256 -0.003357 0.142998
v 0.357563 -0.006034 0.143336
v 0.365953 -0.020578 0.318366
v 0.377646 -0.017901 0.318028
v 0.377452 -0.016926 0.319033
v 0.365759 -0.019602 0.319372
v 0.360937 -0.020655 0.144246
v 0.372630 -0.017979 0.143908
v 0.372378 -0.017004 0.142915
v 0.360685 -0.019681 0.143253
v 0.378398 -0.016703 0.318006
v 0.375276 -0.003056 0.318090
v 0.374330 -0.003278 0.319117
v 0.377452 -0.016926 0.319033
v 0.373381 -0.016781 0.143886
v 0.370259 -0.003134 0.143970
v 0.369256 -0.003357 0.142998
v 0.372378 -0.017004 0.142915
v 0.364756 -0.019826 0.318400
v 0.361634 -0.006179 0.318484
v 0.362638 -0.005955 0.319455
v 0.365759 -0.019602 0.319372
v 0.359739 -0.019904 0.144280
v 0.356618 -0.006256 0.144364
v 0.357563 -0.006034 0.143336
v 0.360685 -0.019681 0.143253
v 0.370259 -0.003134 0.143970
v 0.375276 -0.003056 0.318090
v 0.374079 -0.002304 0.318124
v 0.369062 -0.002382 0.144004
v 0.373381 -0.016781 0.143886
v 0.378398 -0.016703 0.318006
v 0.377646 -0.017901 0.318028
v 0.372630 -0.017979 0.143908
v 0.356618 -0.006256 0.144364
v 0.361634 -0.006179 0.318484
v 0.362386 -0.004981 0.318462
v 0.357369 -0.005059 0.144342
v 0.359739 -0.019904 0.144280
v 0.364756 -0.019826 0.318400
v 0.365953 -0.020578 0.318366
v 0.360937 -0.020655 0.144246
v 0.360685 -0.019681 0.143253
v 0.360937 -0.020655 0.144246
v 0.359739 -0.019904 0.144280
v 0.365759 -0.019602 0.319372
v 0.365953 -0.020578 0.318366
v 0.364756 -0.019826 0.318400
v 0.357563 -0.006034 0.143336
v 0.357369 -0.005059 0.144342
v 0.356618 -0.006256 0.144364
v 0.362638 -0.005955 0.319455
v 0.362386 -0.004981 0.318462
v 0.361634 -0.006179 0.318484
v 0.372378 -0.017004 0.142915
v 0.372630 -0.017979 0.143908
v 0.373381 -0.016781 0.143886
v 0.377452 -0.016926 0.319033
v 0.377646 -0.017901 0.318028
v 0.378398 -0.016703 0.318006
v 0.369256 -0.003357 0.142998
v 0.369062 -0.002382 0.144004
v 0.370259 -0.003134 0.143970
v 0.374330 -0.003278 0.319117
v 0.374079 -0.002304 0.318124
v 0.375276 -0.003056 0.318090
v 0.365009 0.028744 0.319372
v 0.376702 0.031421 0.319033
v 0.373580 0.045068 0.319117
v 0.361887 0.042391 0.319455
v 0.371627 0.031342 0.142915
v 0.359935 0.028665 0.143253
v 0.356813 0.042312 0.143336
v 0.368506 0.044989 0.142998
v 0.356619 0.043288 0.144342
v 0.368312 0.045964 0.144004
v 0.373328 0.046042 0.318124
v 0.361635 0.043365 0.318462
v 0.365203 0.027769 0.318366
v 0.376896 0.030445 0.318028
v 0.371879 0.030367 0.143908
v 0.360186 0.027691 0.144246
v 0.372631 0.031565 0.143886
v 0.377647 0.031643 0.318006
v 0.374526 0.045290 0.318090
v 0.369509 0.045213 0.143970
v 0.364006 0.028520 0.318400
v 0.358989 0.028442 0.144280
v 0.355867 0.042090 0.144364
v 0.360884 0.042168 0.318484
v 0.361635 0.043365 0.318462
v 0.373328 0.046042 0.318124
v 0.373580 0.045068 0.319117
v 0.361887 0.042391 0.319455
v 0.356619 0.043288 0.144342
v 0.368312 0.045964 0.144004
v 0.368506 0.044989 0.142998
v 0.356813 0.042312 0.143336
v 0.365203 0.027769 0.318366
v 0.376896 0.030445 0.318028
v 0.376702 0.031421 0.319033
v 0.365009 0.028744 0.319372
v 0.360186 0.027691 0.144246
v 0.371879 0.030367 0.143908
v 0.371627 0.031342 0.142915
v 0.359935 0.028665 0.143253
v 0.377647 0.031643 0.318006
v 0.374526 0.045290 0.318090
v 0.373580 0.045068 0.319117
v 0.376702 0.031421 0.319033
v 0.372631 0.031565 0.143886
v 0.369509 0.045213 0.143970
v 0.368506 0.044989 0.142998
v 0.371627 0.031342 0.142915
v 0.364006 0.028520 0.318400
v 0.360884 0.042168 0.318484
v 0.361887 0.042391 0.319455
v 0.365009 0.028744 0.319372
v 0.358989 0.028442 0.144280
v 0.355867 0.042090 0.144364
v 0.356813 0.042312 0.143336
v 0.359935 0.028665 0.143253
v 0.369509 0.045213 0.143970
v 0.374526 0.045290 0.318090
v 0.373328 0.046042 0.318124
v 0.368312 0.045964 0.144004
v 0.372631 0.031565 0.143886
v 0.377647 0.031643 0.318006
v 0.376896 0.030445 0.318028
v 0.371879 0.030367 0.143908
v 0.355867 0.042090 0.144364
v 0.360884 0.042168 0.318484
v 0.361635 0.043365 0.318462
v 0.356619 0.043288 0.144342
v 0.358989 0.028442 0.144280
v 0.364006 0.028520 0.318400
v 0.365203 0.027769 0.318366
v 0.360186 0.027691 0.144246
v 0.359935 0.028665 0.143253
v 0.360186 0.027691 0.144246
v 0.358989 0.028442 0.144280
v 0.365009 0.028744 0.319372
v 0.365203 0.027769 0.318366
v 0.364006 0.028520 0.318400
v 0.356813 0.042312 0.143336
v 0.356619 0.043288 0.144342
v 0.355867 0.042090 0.144364
v 0.361887 0.042391 0.319455
v 0.361635 0.043365 0.318462
v 0.360884 0.042168 0.318484
v 0.371627 0.031342 0.142915
v 0.371879 0.030367 0.143908
v 0.372631 0.031565 0.143886
v 0.376702 0.031421 0.319033
v 0.376896 0.030445 0.318028
v 0.377647 0.031643 0.318006
v 0.368506 0.044989 0.142998
v 0.368312 0.045964 0.144004
v 0.369509 0.045213 0.143970
v 0.373580 0.045068 0.319117
v 0.373328 0.046042 0.318124
v 0.374526 0.045290 0.318090
v 0.364258 0.077090 0.319372
v 0.375951 0.079767 0.319033
v 0.372830 0.093414 0.319117
v 0.361137 0.090737 0.319455
v 0.370877 0.079688 0.142915
v 0.359184 0.077011 0.143253
v 0.356063 0.090658 0.143336
v 0.367755 0.093335 0.142998
v 0.355868 0.091634 0.144342
v 0.367561 0.094310 0.144004
v 0.372578 0.094388 0.318124
v 0.360885 0.091712 0.318462
v 0.364453 0.076115 0.318366
v 0.376145 0.078791 0.318028
v 0.371129 0.078714 0.143908
v 0.359436 0.076037 0.144246
v 0.371880 0.079911 0.143886
v 0.376897 0.079989 0.318006
v 0.373775 0.093637 0.318090
v 0.368759 0.093559 0.143970
v 0.363255 0.076866 0.318400
v 0.358239 0.076789 0.144280
v 0.355117 0.090436 0.144364
v 0.360134 0.090514 0.318484
v 0.360885 0.091712 0.318462
v 0.372578 0.094388 0.318124
v 0.372830 0.093414 0.319117
v 0.361137 0.090737 0.319455
v 0.355868 0.091634 0.144342
v 0.367561 0.094310 0.144004
v 0.367755 0.093335 0.142998
v 0.356063 0.090658 0.143336
v 0.364453 0.076115 0.318366
v 0.376145 0.078791 0.318028
v 0.375951 0.079767 0.319033
v 0.364258 0.077090 0.319372
v 0.359436 0.076037 0.144246
v 0.371129 0.078714 0.143908
v 0.370877 0.079688 0.142915
v 0.359184 0.077011 0.143253
v 0.376897 0.079989 0.318006
v 0.373775 0.093637 0.318090
v 0.372830 0.093414 0.319117
v 0.375951 0.079767 0.319033
v 0.371880 0.079911 0.143886
v 0.368759 0.093559 0.143970
v 0.367755 0.093335 0.142998
v 0.370877 0.079688 0.142915
v 0.363255 0.076866 0.318400
v 0.360134 0.090514 0.318484
v 0.361137 0.090737 0.319455
v 0.364258 0.077090 0.319372
v 0.358239 0.076789 0.144280
v 0.355117 0.090436 0.144364
v 0.356063 0.090658 0.143336
v 0.359184 0.077011 0.143253
v 0.368759 0.093559 0.143970
v 0.373775 0.093637 0.318090
v 0.372578 0.094388 0.318124
v 0.367561 0.094310 0.144004
v 0.371880 0.079911 0.143886
v 0.376897 0.079989 0.318006
v 0.376145 0.078791 0.318028
v 0.371129 0.078714 0.143908
v 0.355117 0.090436 0.144364
v 0.360134 0.090514 0.318484
v 0.360885 0.091712 0.318462
v 0.355868 0.091634 0.144342
v 0.358239 0.076789 0.144280
v 0.363255 0.076866 0.318400
v 0.364453 0.076115 0.318366
v 0.359436 0.076037 0.144246
v 0.359184 0.077011 0.143253
v 0.359436 0.076037 0.144246
v 0.358239 0.076789 0.144280
v 0.364258 0.077090 0.319372
v 0.364453 0.076115 0.318366
v 0.363255 0.076866 0.318400
v 0.356063 0.090658 0.143336
v 0.355868 0.091634 0.144342
v 0.355117 0.090436 0.144364
v 0.361137 0.090737 0.319455
v 0.360885 0.091712 0.318462
v 0.360134 0.090514 0.318484
v 0.370877 0.079688 0.142915
v 0.371129 0.078714 0.143908
v 0.371880 0.079911 0.143886
v 0.375951 0.079767 0.319033
v 0.376145 0.078791 0.318028
v 0.376897 0.079989 0.318006
v 0.367755 0.093335 0.142998
v 0.367561 0.094310 0.144004
v 0.368759 0.093559 0.143970
v 0.372830 0.093414 0.319117
v 0.372578 0.094388 0.318124
v 0.373775 0.093637 0.318090
v 0.363508 0.125436 0.319372
v 0.375201 0.128113 0.319033
v 0.372079 0.141760 0.319117
v 0.360386 0.139083 0.319455
v 0.370127 0.128034 0.142915
v 0.358434 0.125357 0.143253
v 0.355312 0.139005 0.143336
v 0.367005 0.141681 0.142998
v 0.355118 0.139980 0.144342
v 0.366811 0.142657 0.144004
v 0.371827 0.142734 0.318124
v 0.360135 0.140058 0.318462
v 0.363702 0.124461 0.318366
v 0.375395 0.127138 0.318028
v 0.370378 0.127060 0.143908
v 0.358686 0.124383 0.144246
v 0.371130 0.128258 0.143886
v 0.376146 0.128335 0.318006
v 0.373025 0.141983 0.318090
v 0.368008 0.141905 0.143970
v 0.362505 0.125213 0.318400
v 0.357488 0.125135 0.144280
v 0.354367 0.138782 0.144364
v 0.359383 0.138860 0.318484
v 0.360135 0.140058 0.318462
v 0.371827 0.142734 0.318124
v 0.372079 0.141760 0.319117
v 0.360386 0.139083 0.319455
v 0.355118 0.139980 0.144342
v 0.366811 0.142657 0.144004
v 0.367005 0.141681 0.142998
v 0.355312 0.139005 0.143336
v 0.363702 0.124461 0.318366
v 0.375395 0.127138 0.318028
v 0.375201 0.128113 0.319033
v 0.363508 0.125436 0.319372
v 0.358686 0.124383 0.144246
v 0.370378 0.127060 0.143908
v 0.370127 0.128034 0.142915
v 0.358434 0.125357 0.143253
v 0.376146 0.128335 0.318006
v 0.373025 0.141983 0.318090
v 0.372079 0.141760 0.319117
v 0.375201 0.128113 0.319033
v 0.371130 0.128258 0.143886
v 0.368008 0.141905 0.143970
v 0.367005 0.141681 0.142998
v 0.370127 0.128034 0.142915
v 0.362505 0.125213 0.318400
v 0.359383 0.138860 0.318484
v 0.360386 0.139083 0.319455
v 0.363508 0.125436 0.319372
v 0.357488 0.125135 0.144280
v 0.354367 0.138782 0.144364
v 0.355312 0.139005 0.143336
v 0.358434 0.125357 0.143253
v 0.368008 0.141905 0.143970
v 0.373025 0.141983 0.318090
v 0.371827 0.142734 0.318124
v 0.366811 0.142657 0.144004
v 0.371130 0.128258 0.143886
v 0.376146 0.128335 0.318006
v 0.375395 0.127138 0.318028
v 0.370378 0.127060 0.143908
v 0.354367 0.138782 0.144364
v 0.359383 0.138860 0.318484
v 0.360135 0.140058 0.318462
v 0.355118 0.139980 0.144342
v 0.357488 0.125135 0.144280
v 0.362505 0.125213 0.318400
v 0.363702 0.124461 0.318366
v 0.358686 0.124383 0.144246
v 0.358434 0.125357 0.143253
v 0.358686 0.124383 0.144246
v 0.357488 0.125135 0.144280
v 0.363508 0.125436 0.319372
v 0.363702 0.124461 0.318366
v 0.362505 0.125213 0.318400
v 0.355312 0.139005 0.143336
v 0.355118 0.139980 0.144342
v 0.354367 0.138782 0.144364
v 0.360386 0.139083 0.319455
v 0.360135 0.140058 0.318462
v 0.359383 0.138860 0.318484
v 0.370127 0.128034 0.142915
v 0.370378 0.127060 0.143908
v 0.371130 0.128258 0.143886
v 0.375201 0.128113 0.319033
v 0.375395 0.127138 0.318028
v 0.376146 0.128335 0.318006
v 0.367005 0.141681 0.142998
v 0.366811 0.142657 0.144004
v 0.368008 0.141905 0.143970
v 0.372079 0.141760 0.319117
v 0.371827 0.142734 0.318124
v 0.373025 0.141983 0.318090
v -0.303191 -0.164963 0.478888
v 0.336416 -0.155035 0.460456
v 0.336230 -0.143037 0.460456
v -0.303378 -0.152965 0.478888
v 0.334688 -0.155062 0.400481
v -0.304919 -0.164990 0.418913
v -0.305106 -0.152991 0.418913
v 0.334502 -0.143064 0.400481
v -0.305079 -0.150991 0.420912
v 0.334528 -0.141063 0.402480
v 0.336141 -0.141038 0.458457
v -0.303466 -0.150966 0.476889
v -0.303218 -0.166964 0.476889
v 0.336389 -0.157036 0.458457
v 0.334777 -0.157061 0.402480
v -0.304831 -0.166989 0.420912
v 0.336745 -0.155030 0.402422
v 0.338357 -0.155005 0.458399
v 0.338171 -0.143007 0.458399
v 0.336558 -0.143032 0.402422
v -0.305248 -0.164995 0.476947
v -0.306861 -0.165020 0.420970
v -0.307047 -0.153021 0.420970
v -0.305434 -0.152996 0.476947
v -0.303466 -0.150966 0.476889
v 0.336141 -0.141038 0.458457
v 0.336230 -0.143037 0.460456
v -0.303378 -0.152965 0.478888
v -0.305079 -0.150991 0.420912
v 0.334528 -0.141063 0.402480
v 0.334502 -0.143064 0.400481
v -0.305106 -0.152991 0.418913
v -0.303218 -0.166964 0.476889
v 0.336389 -0.157036 0.458457
v 0.336416 -0.155035 0.460456
v -0.303191 -0.164963 0.478888
v -0.304831 -0.166989 0.420912
v 0.334777 -0.157061 0.402480
v 0.334688 -0.155062 0.400481
v -0.304919 -0.164990 0.418913
v 0.338357 -0.155005 0.458399
v 0.338171 -0.143007 0.458399
v 0.336230 -0.143037 0.460456
v 0.336416 -0.155035 0.460456
v 0.336745 -0.155030 0.402422
v 0.336558 -0.143032 0.402422
v 0.334502 -0.143064 0.400481
v 0.334688 -0.155062 0.400481
v -0.305248 -0.164995 0.476947
v -0.305434 -0.152996 0.476947
v -0.303378 -0.152965 0.478888
v -0.303191 -0.164963 0.478888
v -0.306861 -0.165020 0.420970
v -0.307047 -0.153021 0.420970
v -0.305106 -0.152991 0.418913
v -0.304919 -0.164990 0.418913
v 0.336558 -0.143032 0.402422
v 0.338171 -0.143007 0.458399
v 0.336141 -0.141038 0.458457
v 0.334528 -0.141063 0.402480
v 0.336745 -0.155030 0.402422
v 0.338357 -0.155005 0.458399
v 0.336389 -0.157036 0.458457
v 0.334777 -0.157061 0.402480
v -0.307047 -0.153021 0.420970
v -0.305434 -0.152996 0.476947
v -0.303466 -0.150966 0.476889
v -0.305079 -0.150991 0.420912
v -0.306861 -0.165020 0.420970
v -0.305248 -0.164995 0.476947
v -0.303218 -0.166964 0.476889
v -0.304831 -0.166989 0.420912
v -0.304919 -0.164990 0.418913
v -0.304831 -0.166989 0.420912
v -0.306861 -0.165020 0.420970
v -0.303191 -0.164963 0.478888
v -0.303218 -0.166964 0.476889
v -0.305248 -0.164995 0.476947
v -0.305106 -0.152991 0.418913
v -0.305079 -0.150991 0.420912
v -0.307047 -0.153021 0.420970
v -0.303378 -0.152965 0.478888
v -0.303466 -0.150966 0.476889
v -0.305434 -0.152996 0.476947
v 0.334688 -0.155062 0.400481
v 0.334777 -0.157061 0.402480
v 0.336745 -0.155030 0.402422
v 0.336416 -0.155035 0.460456
v 0.336389 -0.157036 0.458457
v 0.338357 -0.155005 0.458399
v 0.334502 -0.143064 0.400481
v 0.334528 -0.141063 0.402480
v 0.336558 -0.143032 0.402422
v 0.336230 -0.143037 0.460456
v 0.336141 -0.141038 0.458457
v 0.338171 -0.143007 0.458399
v -0.236956 -0.175936 0.519562
v 0.273004 -0.168021 0.504866
v 0.272880 -0.160022 0.504866
v -0.237080 -0.167937 0.519562
v 0.271996 -0.168037 0.469881
v -0.237964 -0.175952 0.484577
v -0.238088 -0.167953 0.484577
v 0.271872 -0.160038 0.469881
v -0.238075 -0.166953 0.485577
v 0.271885 -0.159037 0.470880
v 0.272836 -0.159023 0.503867
v -0.237124 -0.166938 0.518563
v -0.236969 -0.176937 0.518563
v 0.272991 -0.169021 0.503867
v 0.272041 -0.169036 0.470880
v -0.237919 -0.176952 0.485577
v 0.273024 -0.168021 0.470852
v 0.273975 -0.168006 0.503838
v 0.273851 -0.160007 0.503838
v 0.272900 -0.160022 0.470852
v -0.237984 -0.175952 0.518592
v -0.238934 -0.175967 0.485605
v -0.239059 -0.167968 0.485605
v -0.238108 -0.167953 0.518592
v -0.237124 -0.166938 0.518563
v 0.272836 -0.159023 0.503867
v 0.272880 -0.160022 0.504866
v -0.237080 -0.167937 0.519562
v -0.238075 -0.166953 0.485577
v 0.271885 -0.159037 0.470880
v 0.271872 -0.160038 0.469881
v -0.238088 -0.167953 0.484577
v -0.236969 -0.176937 0.518563
v 0.272991 -0.169021 0.503867
v 0.273004 -0.168021 0.504866
v -0.236956 -0.175936 0.519562
v -0.237919 -0.176952 0.485577
v 0.272041 -0.169036 0.470880
v 0.271996 -0.168037 0.469881
v -0.237964 -0.175952 0.484577
v 0.273975 -0.168006 0.503838
v 0.273851 -0.160007 0.503838
v 0.272880 -0.160022 0.504866
v 0.273004 -0.168021 0.504866
v 0.273024 -0.168021 0.470852
v 0.272900 -0.160022 0.470852
v 0.271872 -0.160038 0.469881
v 0.271996 -0.168037 0.469881
v -0.237984 -0.175952 0.518592
v -0.238108 -0.167953 0.518592
v -0.237080 -0.167937 0.519562
v -0.236956 -0.175936 0.519562
v -0.238934 -0.175967 0.485605
v -0.239059 -0.167968 0.485605
v -0.238088 -0.167953 0.484577
v -0.237964 -0.175952 0.484577
v 0.272900 -0.160022 0.470852
v 0.273851 -0.160007 0.503838
v 0.272836 -0.159023 0.503867
v 0.271885 -0.159037 0.470880
v 0.273024 -0.168021 0.470852
v 0.273975 -0.168006 0.503838
v 0.272991 -0.169021 0.503867
v 0.272041 -0.169036 0.470880
v -0.239059 -0.167968 0.485605
v -0.238108 -0.167953 0.518592
v -0.237124 -0.166938 0.518563
v -0.238075 -0.166953 0.485577
v -0.238934 -0.175967 0.485605
v -0.237984 -0.175952 0.518592
v -0.236969 -0.176937 0.518563
v -0.237919 -0.176952 0.485577
v -0.237964 -0.175952 0.484577
v -0.237919 -0.176952 0.485577
v -0.238934 -0.175967 0.485605
v -0.236956 -0.175936 0.519562
v -0.236969 -0.176937 0.518563
v -0.237984 -0.175952 0.518592
v -0.238088 -0.167953 0.484577
v -0.238075 -0.166953 0.485577
v -0.239059 -0.167968 0.485605
v -0.237080 -0.167937 0.519562
v -0.237124 -0.166938 0.518563
v -0.238108 -0.167953 0.518592
v 0.271996 -0.168037 0.469881
v 0.272041 -0.169036 0.470880
v 0.273024 -0.168021 0.470852
v 0.273004 -0.168021 0.504866
v 0.272991 -0.169021 0.503867
v 0.273975 -0.168006 0.503838
v 0.271872 -0.160038 0.469881
v 0.271885 -0.159037 0.470880
v 0.272900 -0.160022 0.470852
v 0.272880 -0.160022 0.504866
v 0.272836 -0.159023 0.503867
v 0.273851 -0.160007 0.503838
v -0.235945 -0.182922 0.361568
v -0.204961 -0.182441 0.360675
v -0.205116 -0.172442 0.360675
v -0.236100 -0.172923 0.361568
v -0.213683 -0.182576 0.057970
v -0.244666 -0.183057 0.058863
v -0.244821 -0.173058 0.058863
v -0.213838 -0.172577 0.057970
v -0.244795 -0.171057 0.060862
v -0.213811 -0.170577 0.059970
v -0.205205 -0.170443 0.358676
v -0.236188 -0.170924 0.359569
v -0.235971 -0.184922 0.359569
v -0.204988 -0.184441 0.358676
v -0.213594 -0.184575 0.059970
v -0.244577 -0.185056 0.060862
v -0.211626 -0.182544 0.059912
v -0.203020 -0.182411 0.358618
v -0.203175 -0.172412 0.358618
v -0.211781 -0.172545 0.059912
v -0.238001 -0.182953 0.359626
v -0.246607 -0.183087 0.060920
v -0.246763 -0.173088 0.060920
v -0.238156 -0.172955 0.359626
v -0.236188 -0.170924 0.359569
v -0.205205 -0.170443 0.358676
v -0.205116 -0.172442 0.360675
v -0.236100 -0.172923 0.361568
v -0.244795 -0.171057 0.060862
v -0.213811 -0.170577 0.059970
v -0.213838 -0.172577 0.057970
v -0.244821 -0.173058 0.058863
v -0.235971 -0.184922 0.359569
v -0.204988 -0.184441 0.358676
v -0.204961 -0.182441 0.360675
v -0.235945 -0.182922 0.361568
v -0.244577 -0.185056 0.060862
v -0.213594 -0.184575 0.059970
v -0.213683 -0.182576 0.057970
v -0.244666 -0.183057 0.058863
v -0.203020 -0.182411 0.358618
v -0.203175 -0.172412 0.358618
v -0.205116 -0.172442 0.360675
v -0.204961 -0.182441 0.360675
v -0.211626 -0.182544 0.059912
v -0.211781 -0.172545 0.059912
v -0.213838 -0.172577 0.057970
v -0.213683 -0.182576 0.057970
v -0.238001 -0.182953 0.359626
v -0.238156 -0.172955 0.359626
v -0.236100 -0.172923 0.361568
v -0.235945 -0.182922 0.361568
v -0.246607 -0.183087 0.060920
v -0.246763 -0.173088 0.060920
v -0.244821 -0.173058 0.058863
v -0.244666 -0.183057 0.058863
v -0.211781 -0.172545 0.059912
v -0.203175 -0.172412 0.358618
v -0.205205 -0.170443 0.358676
v -0.213811 -0.170577 0.059970
v -0.211626 -0.182544 0.059912
v -0.203020 -0.182411 0.358618
v -0.204988 -0.184441 0.358676
v -0.213594 -0.184575 0.059970
v -0.246763 -0.173088 0.060920
v -0.238156 -0.172955 0.359626
v -0.236188 -0.170924 0.359569
v -0.244795 -0.171057 0.060862
v -0.246607 -0.183087 0.060920
v -0.238001 -0.182953 0.359626
v -0.235971 -0.184922 0.359569
v -0.244577 -0.185056 0.060862
v -0.244666 -0.183057 0.058863
v -0.244577 -0.185056 0.060862
v -0.246607 -0.183087 0.060920
v -0.235945 -0.182922 0.361568
v -0.235971 -0.184922 0.359569
v -0.238001 -0.182953 0.359626
v -0.244821 -0.173058 0.058863
v -0.244795 -0.171057 0.060862
v -0.246763 -0.173088 0.060920
v -0.236100 -0.172923 0.361568
v -0.236188 -0.170924 0.359569
v -0.238156 -0.172955 0.359626
v -0.213683 -0.182576 0.057970
v -0.213594 -0.184575 0.059970
v -0.211626 -0.182544 0.059912
v -0.204961 -0.182441 0.360675
v -0.204988 -0.184441 0.358676
v -0.203020 -0.182411 0.358618
v -0.213838 -0.172577 0.057970
v -0.213811 -0.170577 0.059970
v -0.211781 -0.172545 0.059912
v -0.205116 -0.172442 0.360675
v -0.205205 -0.170443 0.358676
v -0.203175 -0.172412 0.358618
v -0.247918 -0.174106 0.037649
v -0.211937 -0.173548 0.036612
v -0.213427 -0.077559 0.036612
v -0.249407 -0.078118 0.037649
v -0.212398 -0.173555 0.020619
v -0.248378 -0.174113 0.021656
v -0.249868 -0.078125 0.021656
v -0.213888 -0.077567 0.020619
v -0.249842 -0.076124 0.023655
v -0.213861 -0.075566 0.022618
v -0.213515 -0.075561 0.034613
v -0.249496 -0.076119 0.035650
v -0.247944 -0.176107 0.035650
v -0.211963 -0.175549 0.034613
v -0.212309 -0.175554 0.022618
v -0.248290 -0.176112 0.023655
v -0.210341 -0.173523 0.022560
v -0.209996 -0.173518 0.034555
v -0.211485 -0.077529 0.034555
v -0.211831 -0.077535 0.022560
v -0.249974 -0.174138 0.035708
v -0.250320 -0.174144 0.023713
v -0.251810 -0.078155 0.023713
v -0.251464 -0.078150 0.035708
v -0.249496 -0.076119 0.035650
v -0.213515 -0.075561 0.034613
v -0.213427 -0.077559 0.036612
v -0.249407 -0.078118 0.037649
v -0.249842 -0.076124 0.023655
v -0.213861 -0.075566 0.022618
v -0.213888 -0.077567 0.020619
v -0.249868 -0.078125 0.021656
v -0.247944 -0.176107 0.035650
v -0.211963 -0.175549 0.034613
v -0.211937 -0.173548 0.036612
v -0.247918 -0.174106 0.037649
v -0.248290 -0.176112 0.023655
v -0.212309 -0.175554 0.022618
v -0.212398 -0.173555 0.020619
v -0.248378 -0.174113 0.021656
v -0.209996 -0.173518 0.034555
v -0.211485 -0.077529 0.034555
v -0.213427 -0.077559 0.036612
v -0.211937 -0.173548 0.036612
v -0.210341 -0.173523 0.022560
v -0.211831 -0.077535 0.022560
v -0.213888 -0.077567 0.020619
v -0.212398 -0.173555 0.020619
v -0.249974 -0.174138 0.035708
v -0.251464 -0.078150 0.035708
v -0.249407 -0.078118 0.037649
v -0.247918 -0.174106 0.037649
v -0.250320 -0.174144 0.023713
v -0.251810 -0.078155 0.023713
v -0.249868 -0.078125 0.021656
v -0.248378 -0.174113 0.021656
v -0.211831 -0.077535 0.022560
v -0.211485 -0.077529 0.034555
v -0.213515 -0.075561 0.034613
v -0.213861 -0.075566 0.022618
v -0.210341 -0.173523 0.022560
v -0.209996 -0.173518 0.034555
v -0.211963 -0.175549 0.034613
v -0.212309 -0.175554 0.022618
v -0.251810 -0.078155 0.023713
v -0.251464 -0.078150 0.035708
v -0.249496 -0.076119 0.035650
v -0.249842 -0.076124 0.023655
v -0.250320 -0.174144 0.023713
v -0.249974 -0.174138 0.035708
v -0.247944 -0.176107 0.035650
v -0.248290 -0.176112 0.023655
v -0.248378 -0.174113 0.021656
v -0.248290 -0.176112 0.023655
v -0.250320 -0.174144 0.023713
v -0.247918 -0.174106 0.037649
v -0.247944 -0.176107 0.035650
v -0.249974 -0.174138 0.035708
v -0.249868 -0.078125 0.021656
v -0.249842 -0.076124 0.023655
v -0.251810 -0.078155 0.023713
v -0.249407 -0.078118 0.037649
v -0.249496 -0.076119 0.035650
v -0.251464 -0.078150 0.035708
v -0.212398 -0.173555 0.020619
v -0.212309 -0.175554 0.022618
v -0.210341 -0.173523 0.022560
v -0.211937 -0.173548 0.036612
v -0.211963 -0.175549 0.034613
v -0.209996 -0.173518 0.034555
v -0.213888 -0.077567 0.020619
v -0.213861 -0.075566 0.022618
v -0.211831 -0.077535 0.022560
v -0.213427 -0.077559 0.036612
v -0.213515 -0.075561 0.034613
v -0.211485 -0.077529 0.034555
v -0.237751 -0.165948 0.057361
v -0.233570 -0.172716 0.055067
v -0.225294 -0.172588 0.054828
v -0.221200 -0.165691 0.056884
v -0.225381 -0.158922 0.059178
v -0.233657 -0.159051 0.059417
v -0.238471 -0.165959 0.057382
v -0.233926 -0.173316 0.054888
v -0.224931 -0.173176 0.054629
v -0.220480 -0.165679 0.056863
v -0.225025 -0.158322 0.059357
v -0.234020 -0.158462 0.059616
v -0.226816 -0.275791 0.402658
v -0.222271 -0.283148 0.400165
v -0.213276 -0.283009 0.399906
v -0.208825 -0.275512 0.402140
v -0.213370 -0.268155 0.404634
v -0.222365 -0.268294 0.404893
v -0.226096 -0.275780 0.402638
v -0.221915 -0.282548 0.400344
v -0.213639 -0.282420 0.400105
v -0.209545 -0.275523 0.402161
v -0.213726 -0.268754 0.404455
v -0.222002 -0.268883 0.404693
v -0.229475 -0.165819 0.057122
v -0.217820 -0.275651 0.402399
v -0.235879 -0.145916 0.037290
v -0.231985 -0.151106 0.037180
v -0.225848 -0.149005 0.037002
v -0.225949 -0.142517 0.037002
v -0.232148 -0.140608 0.037180
v -0.236359 -0.145924 0.037304
v -0.232126 -0.151565 0.037184
v -0.225456 -0.149281 0.036991
v -0.225565 -0.142229 0.036991
v -0.232303 -0.140154 0.037184
v -0.235927 -0.145917 0.052297
v -0.231694 -0.151558 0.052178
v -0.225024 -0.149275 0.051985
v -0.225133 -0.142222 0.051985
v -0.231871 -0.140147 0.052178
v -0.235447 -0.145909 0.052283
v -0.231553 -0.151099 0.052174
v -0.225416 -0.148999 0.051996
v -0.225517 -0.142510 0.051996
v -0.231716 -0.140601 0.052174
v -0.230362 -0.145830 0.037131
v -0.229930 -0.145824 0.052124
v 0.232132 -0.175656 0.348079
v 0.263115 -0.175175 0.347186
v 0.262960 -0.165177 0.347186
v 0.231977 -0.165658 0.348079
v 0.254394 -0.175311 0.044481
v 0.223411 -0.175792 0.045374
v 0.223255 -0.165793 0.045374
v 0.254239 -0.165312 0.044481
v 0.223282 -0.163792 0.047373
v 0.254265 -0.163311 0.046480
v 0.262872 -0.163178 0.345187
v 0.231888 -0.163659 0.346079
v 0.232105 -0.177657 0.346079
v 0.263089 -0.177176 0.345187
v 0.254483 -0.177310 0.046480
v 0.223499 -0.177791 0.047373
v 0.256451 -0.175279 0.046423
v 0.265057 -0.175145 0.345129
v 0.264902 -0.165146 0.345129
v 0.256295 -0.165280 0.046423
v 0.230075 -0.175688 0.346137
v 0.221469 -0.175822 0.047431
v 0.221314 -0.165823 0.047431
v 0.229920 -0.165689 0.346137
v 0.231888 -0.163659 0.346079
v 0.262872 -0.163178 0.345187
v 0.262960 -0.165177 0.347186
v 0.231977 -0.165658 0.348079
v 0.223282 -0.163792 0.047373
v 0.254265 -0.163311 0.046480
v 0.254239 -0.165312 0.044481
v 0.223255 -0.165793 0.045374
v 0.232105 -0.177657 0.346079
v 0.263089 -0.177176 0.345187
v 0.263115 -0.175175 0.347186
v 0.232132 -0.175656 0.348079
v 0.223499 -0.177791 0.047373
v 0.254483 -0.177310 0.046480
v 0.254394 -0.175311 0.044481
v 0.223411 -0.175792 0.045374
v 0.265057 -0.175145 0.345129
v 0.264902 -0.165146 0.345129
v 0.262960 -0.165177 0.347186
v 0.263115 -0.175175 0.347186
v 0.256451 -0.175279 0.046423
v 0.256295 -0.165280 0.046423
v 0.254239 -0.165312 0.044481
v 0.254394 -0.175311 0.044481
v 0.230075 -0.175688 0.346137
v 0.229920 -0.165689 0.346137
v 0.231977 -0.165658 0.348079
v 0.232132 -0.175656 0.348079
v 0.221469 -0.175822 0.047431
v 0.221314 -0.165823 0.047431
v 0.223255 -0.165793 0.045374
v 0.223411 -0.175792 0.045374
v 0.256295 -0.165280 0.046423
v 0.264902 -0.165146 0.345129
v 0.262872 -0.163178 0.345187
v 0.254265 -0.163311 0.046480
v 0.256451 -0.175279 0.046423
v 0.265057 -0.175145 0.345129
v 0.263089 -0.177176 0.345187
v 0.254483 -0.177310 0.046480
v 0.221314 -0.165823 0.047431
v 0.229920 -0.165689 0.346137
v 0.231888 -0.163659 0.346079
v 0.223282 -0.163792 0.047373
v 0.221469 -0.175822 0.047431
v 0.230075 -0.175688 0.346137
v 0.232105 -0.177657 0.346079
v 0.223499 -0.177791 0.047373
v 0.223411 -0.175792 0.045374
v 0.223499 -0.177791 0.047373
v 0.221469 -0.175822 0.047431
v 0.232132 -0.175656 0.348079
v 0.232105 -0.177657 0.346079
v 0.230075 -0.175688 0.346137
v 0.223255 -0.165793 0.045374
v 0.223282 -0.163792 0.047373
v 0.221314 -0.165823 0.047431
v 0.231977 -0.165658 0.348079
v 0.231888 -0.163659 0.346079
v 0.229920 -0.165689 0.346137
v 0.254394 -0.175311 0.044481
v 0.254483 -0.177310 0.046480
v 0.256451 -0.175279 0.046423
v 0.263115 -0.175175 0.347186
v 0.263089 -0.177176 0.345187
v 0.265057 -0.175145 0.345129
v 0.254239 -0.165312 0.044481
v 0.254265 -0.163311 0.046480
v 0.256295 -0.165280 0.046423
v 0.262960 -0.165177 0.347186
v 0.262872 -0.163178 0.345187
v 0.264902 -0.165146 0.345129
v 0.220159 -0.166841 0.024160
v 0.256140 -0.166283 0.023123
v 0.254650 -0.070294 0.023123
v 0.218669 -0.070853 0.024160
v 0.255679 -0.166290 0.007130
v 0.219698 -0.166848 0.008167
v 0.218208 -0.070860 0.008167
v 0.254189 -0.070301 0.007130
v 0.218235 -0.068859 0.010166
v 0.254216 -0.068301 0.009129
v 0.254561 -0.068295 0.021124
v 0.218580 -0.068854 0.022161
v 0.220132 -0.168842 0.022161
v 0.256113 -0.168283 0.021124
v 0.255768 -0.168289 0.009129
v 0.219787 -0.168847 0.010166
v 0.257735 -0.166258 0.009071
v 0.258081 -0.166252 0.021066
v 0.256591 -0.070264 0.021066
v 0.256246 -0.070269 0.009071
v 0.218102 -0.166873 0.022218
v 0.217757 -0.166878 0.010223
v 0.216267 -0.070890 0.010223
v 0.216613 -0.070885 0.022218
v 0.218580 -0.068854 0.022161
v 0.254561 -0.068295 0.021124
v 0.254650 -0.070294 0.023123
v 0.218669 -0.070853 0.024160
v 0.218235 -0.068859 0.010166
v 0.254216 -0.068301 0.009129
v 0.254189 -0.070301 0.007130
v 0.218208 -0.070860 0.008167
v 0.220132 -0.168842 0.022161
v 0.256113 -0.168283 0.021124
v 0.256140 -0.166283 0.023123
v 0.220159 -0.166841 0.024160
v 0.219787 -0.168847 0.010166
v 0.255768 -0.168289 0.009129
v 0.255679 -0.166290 0.007130
v 0.219698 -0.166848 0.008167
v 0.258081 -0.166252 0.021066
v 0.256591 -0.070264 0.021066
v 0.254650 -0.070294 0.023123
v 0.256140 -0.166283 0.023123
v 0.257735 -0.166258 0.009071
v 0.256246 -0.070269 0.009071
v 0.254189 -0.070301 0.007130
v 0.255679 -0.166290 0.007130
v 0.218102 -0.166873 0.022218
v 0.216613 -0.070885 0.022218
v 0.218669 -0.070853 0.024160
v 0.220159 -0.166841 0.024160
v 0.217757 -0.166878 0.010223
v 0.216267 -0.070890 0.010223
v 0.218208 -0.070860 0.008167
v 0.219698 -0.166848 0.008167
v 0.256246 -0.070269 0.009071
v 0.256591 -0.070264 0.021066
v 0.254561 -0.068295 0.021124
v 0.254216 -0.068301 0.009129
v 0.257735 -0.166258 0.009071
v 0.258081 -0.166252 0.021066
v 0.256113 -0.168283 0.021124
v 0.255768 -0.168289 0.009129
v 0.216267 -0.070890 0.010223
v 0.216613 -0.070885 0.022218
v 0.218580 -0.068854 0.022161
v 0.218235 -0.068859 0.010166
v 0.217757 -0.166878 0.010223
v 0.218102 -0.166873 0.022218
v 0.220132 -0.168842 0.022161
v 0.219787 -0.168847 0.010166
v 0.219698 -0.166848 0.008167
v 0.219787 -0.168847 0.010166
v 0.217757 -0.166878 0.010223
v 0.220159 -0.166841 0.024160
v 0.220132 -0.168842 0.022161
v 0.218102 -0.166873 0.022218
v 0.218208 -0.070860 0.008167
v 0.218235 -0.068859 0.010166
v 0.216267 -0.070890 0.010223
v 0.218669 -0.070853 0.024160
v 0.218580 -0.068854 0.022161
v 0.216613 -0.070885 0.022218
v 0.255679 -0.166290 0.007130
v 0.255768 -0.168289 0.009129
v 0.257735 -0.166258 0.009071
v 0.256140 -0.166283 0.023123
v 0.256113 -0.168283 0.021124
v 0.258081 -0.166252 0.021066
v 0.254189 -0.070301 0.007130
v 0.254216 -0.068301 0.009129
v 0.256246 -0.070269 0.009071
v 0.254650 -0.070294 0.023123
v 0.254561 -0.068295 0.021124
v 0.256591 -0.070264 0.021066
v 0.230326 -0.158682 0.043872
v 0.234507 -0.165451 0.041578
v 0.242782 -0.165322 0.041339
v 0.246877 -0.158425 0.043395
v 0.242696 -0.151657 0.045689
v 0.234420 -0.151785 0.045927
v 0.229606 -0.158693 0.043892
v 0.234151 -0.166051 0.041399
v 0.243146 -0.165911 0.041140
v 0.247596 -0.158414 0.043374
v 0.243052 -0.151057 0.045868
v 0.234056 -0.151197 0.046127
v 0.241261 -0.268526 0.389169
v 0.245806 -0.275883 0.386676
v 0.254801 -0.275743 0.386416
v 0.259251 -0.268247 0.388651
v 0.254707 -0.260890 0.391145
v 0.245712 -0.261029 0.391404
v 0.241981 -0.268515 0.389149
v 0.246162 -0.275283 0.386854
v 0.254437 -0.275155 0.386616
v 0.258532 -0.268258 0.388672
v 0.254351 -0.261489 0.390966
v 0.246075 -0.261618 0.391204
v 0.238601 -0.158554 0.043633
v 0.250256 -0.268386 0.388910
v 0.232198 -0.138651 0.023801
v 0.236091 -0.143841 0.023691
v 0.242229 -0.141740 0.023513
v 0.242128 -0.135252 0.023513
v 0.235928 -0.133342 0.023691
v 0.231718 -0.138658 0.023814
v 0.235950 -0.144300 0.023695
v 0.242621 -0.142016 0.023502
v 0.242512 -0.134964 0.023502
v 0.235773 -0.132888 0.023695
v 0.232150 -0.138652 0.038808
v 0.236382 -0.144293 0.038689
v 0.243053 -0.142009 0.038495
v 0.242944 -0.134957 0.038495
v 0.236205 -0.132882 0.038689
v 0.232630 -0.138644 0.038794
v 0.236523 -0.143834 0.038684
v 0.242661 -0.141733 0.038507
v 0.242560 -0.135245 0.038507
v 0.236360 -0.133336 0.038684
v 0.237715 -0.138565 0.023642
v 0.238147 -0.138559 0.038635
v 0.342671 0.090807 0.188235
v 0.358662 0.091056 0.187774
v 0.357482 0.167046 0.187774
v 0.341491 0.166798 0.188235
v 0.355782 0.091011 0.087815
v 0.339791 0.090763 0.088276
v 0.338611 0.166753 0.088276
v 0.354603 0.167002 0.087815
v 0.338638 0.168754 0.090275
v 0.354629 0.169002 0.089814
v 0.357394 0.169045 0.185775
v 0.341402 0.168797 0.186236
v 0.342644 0.088807 0.186236
v 0.358635 0.089055 0.185775
v 0.355871 0.089012 0.089814
v 0.339879 0.088764 0.090275
v 0.357839 0.091043 0.089757
v 0.360603 0.091086 0.185717
v 0.359424 0.167077 0.185717
v 0.356659 0.167034 0.089757
v 0.340614 0.090775 0.186293
v 0.337849 0.090733 0.090333
v 0.336670 0.166723 0.090333
v 0.339435 0.166766 0.186293
v 0.341402 0.168797 0.186236
v 0.357394 0.169045 0.185775
v 0.357482 0.167046 0.187774
v 0.341491 0.166798 0.188235
v 0.338638 0.168754 0.090275
v 0.354629 0.169002 0.089814
v 0.354603 0.167002 0.087815
v 0.338611 0.166753 0.088276
v 0.342644 0.088807 0.186236
v 0.358635 0.089055 0.185775
v 0.358662 0.091056 0.187774
v 0.342671 0.090807 0.188235
v 0.339879 0.088764 0.090275
v 0.355871 0.089012 0.089814
v 0.355782 0.091011 0.087815
v 0.339791 0.090763 0.088276
v 0.360603 0.091086 0.185717
v 0.359424 0.167077 0.185717
v 0.357482 0.167046 0.187774
v 0.358662 0.091056 0.187774
v 0.357839 0.091043 0.089757
v 0.356659 0.167034 0.089757
v 0.354603 0.167002 0.087815
v 0.355782 0.091011 0.087815
v 0.340614 0.090775 0.186293
v 0.339435 0.166766 0.186293
v 0.341491 0.166798 0.188235
v 0.342671 0.090807 0.188235
v 0.337849 0.090733 0.090333
v 0.336670 0.166723 0.090333
v 0.338611 0.166753 0.088276
v 0.339791 0.090763 0.088276
v 0.356659 0.167034 0.089757
v 0.359424 0.167077 0.185717
v 0.357394 0.169045 0.185775
v 0.354629 0.169002 0.089814
v 0.357839 0.091043 0.089757
v 0.360603 0.091086 0.185717
v 0.358635 0.089055 0.185775
v 0.355871 0.089012 0.089814
v 0.336670 0.166723 0.090333
v 0.339435 0.166766 0.186293
v 0.341402 0.168797 0.186236
v 0.338638 0.168754 0.090275
v 0.337849 0.090733 0.090333
v 0.340614 0.090775 0.186293
v 0.342644 0.088807 0.186236
v 0.339879 0.088764 0.090275
v 0.339791 0.090763 0.088276
v 0.339879 0.088764 0.090275
v 0.337849 0.090733 0.090333
v 0.342671 0.090807 0.188235
v 0.342644 0.088807 0.186236
v 0.340614 0.090775 0.186293
v 0.338611 0.166753 0.088276
v 0.338638 0.168754 0.090275
v 0.336670 0.166723 0.090333
v 0.341491 0.166798 0.188235
v 0.341402 0.168797 0.186236
v 0.339435 0.166766 0.186293
v 0.355782 0.091011 0.087815
v 0.355871 0.089012 0.089814
v 0.357839 0.091043 0.089757
v 0.358662 0.091056 0.187774
v 0.358635 0.089055 0.185775
v 0.360603 0.091086 0.185717
v 0.354603 0.167002 0.087815
v 0.354629 0.169002 0.089814
v 0.356659 0.167034 0.089757
v 0.357482 0.167046 0.187774
v 0.357394 0.169045 0.185775
v 0.359424 0.167077 0.185717
vt -0.433057 -0.257738
vt 0.433057 -0.257738
vt 0.433057 0.257738
vt -0.433057 0.257738
vt 0.433057 -0.257738
vt -0.433057 -0.257738
vt -0.433057 0.257738
vt 0.433057 0.257738
vt -0.433057 -0.324360
vt 0.433057 -0.324360
vt 0.433057 0.324360
vt -0.433057 0.324360
vt -0.433057 0.324360
vt 0.433057 0.324360
vt 0.433057 -0.324360
vt -0.433057 -0.324360
vt -0.324360 -0.257738
vt 0.324360 -0.257738
vt 0.324360 0.257738
vt -0.324360 0.257738
vt 0.324360 -0.257738
vt -0.324360 -0.257738
vt -0.324360 0.257738
vt 0.324360 0.257738
vt -0.433057 0.263738
vt 0.433057 0.263738
vt 0.433057 0.257738
vt -0.433057 0.257738
vt -0.433057 0.263738
vt 0.433057 0.263738
vt 0.433057 0.257738
vt -0.433057 0.257738
vt -0.433057 -0.263738
vt 0.433057 -0.263738
vt 0.433057 -0.257738
vt -0.433057 -0.257738
vt -0.433057 -0.263738
vt 0.433057 -0.263738
vt 0.433057 -0.257738
vt -0.433057 -0.257738
vt 0.439057 -0.257738
vt 0.439057 0.257738
vt 0.433057 0.257738
vt 0.433057 -0.257738
vt 0.439057 -0.257738
vt 0.439057 0.257738
vt 0.433057 0.257738
vt 0.433057 -0.257738
vt -0.439057 -0.257738
vt -0.439057 0.257738
vt -0.433057 0.257738
vt -0.433057 -0.257738
vt -0.439057 -0.257738
vt -0.439057 0.257738
vt -0.433057 0.257738
vt -0.433057 -0.257738
vt 0.439057 0.257738
vt 0.439057 0.257738
vt 0.433057 0.263738
vt 0.433057 0.263738
vt 0.439057 -0.257738
vt 0.439057 -0.257738
vt 0.433057 -0.263738
vt 0.433057 -0.263738
vt -0.439057 0.257738
vt -0.439057 0.257738
vt -0.433057 0.263738
vt -0.433057 0.263738
vt -0.439057 -0.257738
vt -0.439057 -0.257738
vt -0.433057 -0.263738
vt -0.433057 -0.263738
vt -0.433057 -0.257738
vt -0.433057 -0.263738
vt -0.439057 -0.257738
vt -0.433057 -0.257738
vt -0.433057 -0.263738
vt -0.439057 -0.257738
vt -0.433057 0.257738
vt -0.433057 0.263738
vt -0.439057 0.257738
vt -0.433057 0.257738
vt -0.433057 0.263738
vt -0.439057 0.257738
vt 0.433057 -0.257738
vt 0.433057 -0.263738
vt 0.439057 -0.257738
vt 0.433057 -0.257738
vt 0.433057 -0.263738
vt 0.439057 -0.257738
vt 0.433057 0.257738
vt 0.433057 0.263738
vt 0.439057 0.257738
vt 0.433057 0.257738
vt 0.433057 0.263738
vt 0.439057 0.257738
vt -0.334610 -0.007000
vt 0.334610 -0.007000
vt 0.334610 0.007000
vt -0.334610 0.007000
vt 0.334610 -0.007000
vt -0.334610 -0.007000
vt -0.334610 0.007000
vt 0.334610 0.007000
vt -0.334610 -0.008000
vt 0.334610 -0.008000
vt 0.334610 0.008000
vt -0.334610 0.008000
vt -0.334610 0.008000
vt 0.334610 0.008000
vt 0.334610 -0.008000
vt -0.334610 -0.008000
vt -0.008000 -0.007000
vt 0.008000 -0.007000
vt 0.008000 0.007000
vt -0.008000 0.007000
vt 0.008000 -0.007000
vt -0.008000 -0.007000
vt -0.008000 0.007000
vt 0.008000 0.007000
vt -0.334610 0.009000
vt 0.334610 0.009000
vt 0.334610 0.007000
vt -0.334610 0.007000
vt -0.334610 0.009000
vt 0.334610 0.009000
vt 0.334610 0.007000
vt -0.334610 0.007000
vt -0.334610 -0.009000
vt 0.334610 -0.009000
vt 0.334610 -0.007000
vt -0.334610 -0.007000
vt -0.334610 -0.009000
vt 0.334610 -0.009000
vt 0.334610 -0.007000
vt -0.334610 -0.007000
vt 0.336610 -0.007000
vt 0.336610 0.007000
vt 0.334610 0.007000
vt 0.334610 -0.007000
vt 0.336610 -0.007000
vt 0.336610 0.007000
vt 0.334610 0.007000
vt 0.334610 -0.007000
vt -0.336610 -0.007000
vt -0.336610 0.007000
vt -0.334610 0.007000
vt -0.334610 -0.007000
vt -0.336610 -0.007000
vt -0.336610 0.007000
vt -0.334610 0.007000
vt -0.334610 -0.007000
vt 0.336610 0.007000
vt 0.336610 0.007000
vt 0.334610 0.009000
vt 0.334610 0.009000
vt 0.336610 -0.007000
vt 0.336610 -0.007000
vt 0.334610 -0.009000
vt 0.334610 -0.009000
vt -0.336610 0.007000
vt -0.336610 0.007000
vt -0.334610 0.009000
vt -0.334610 0.009000
vt -0.336610 -0.007000
vt -0.336610 -0.007000
vt -0.334610 -0.009000
vt -0.334610 -0.009000
vt -0.334610 -0.007000
vt -0.334610 -0.009000
vt -0.336610 -0.007000
vt -0.334610 -0.007000
vt -0.334610 -0.009000
vt -0.336610 -0.007000
vt -0.334610 0.007000
vt -0.334610 0.009000
vt -0.336610 0.007000
vt -0.334610 0.007000
vt -0.334610 0.009000
vt -0.336610 0.007000
vt 0.334610 -0.007000
vt 0.334610 -0.009000
vt 0.336610 -0.007000
vt 0.334610 -0.007000
vt 0.334610 -0.009000
vt 0.336610 -0.007000
vt 0.334610 0.007000
vt 0.334610 0.009000
vt 0.336610 0.007000
vt 0.334610 0.007000
vt 0.334610 0.009000
vt 0.336610 0.007000
vt -0.334610 -0.007000
vt 0.334610 -0.007000
vt 0.334610 0.007000
vt -0.334610 0.007000
vt 0.334610 -0.007000
vt -0.334610 -0.007000
vt -0.334610 0.007000
vt 0.334610 0.007000
vt -0.334610 -0.008000
vt 0.334610 -0.008000
vt 0.334610 0.008000
vt -0.334610 0.008000
vt -0.334610 0.008000
vt 0.334610 0.008000
vt 0.334610 -0.008000
vt -0.334610 -0.008000
vt -0.008000 -0.007000
vt 0.008000 -0.007000
vt 0.008000 0.007000
vt -0.008000 0.007000
vt 0.008000 -0.007000
vt -0.008000 -0.007000
vt -0.008000 0.007000
vt 0.008000 0.007000
vt -0.334610 0.009000
vt 0.334610 0.009000
vt 0.334610 0.007000
vt -0.334610 0.007000
vt -0.334610 0.009000
vt 0.334610 0.009000
vt 0.334610 0.007000
vt -0.334610 0.007000
vt -0.334610 -0.009000
vt 0.334610 -0.009000
vt 0.334610 -0.007000
vt -0.334610 -0.007000
vt -0.334610 -0.009000
vt 0.334610 -0.009000
vt 0.334610 -0.007000
vt -0.334610 -0.007000
vt 0.336610 -0.007000
vt 0.336610 0.007000
vt 0.334610 0.007000
vt 0.334610 -0.007000
vt 0.336610 -0.007000
vt 0.336610 0.007000
vt 0.334610 0.007000
vt 0.334610 -0.007000
vt -0.336610 -0.007000
vt -0.336610 0.007000
vt -0.334610 0.007000
vt -0.334610 -0.007000
vt -0.336610 -0.007000
vt -0.336610 0.007000
vt -0.334610 0.007000
vt -0.334610 -0.007000
vt 0.336610 0.007000
vt 0.336610 0.007000
vt 0.334610 0.009000
vt 0.334610 0.009000
vt 0.336610 -0.007000
vt 0.336610 -0.007000
vt 0.334610 -0.009000
vt 0.334610 -0.009000
vt -0.336610 0.007000
vt -0.336610 0.007000
vt -0.334610 0.009000
vt -0.334610 0.009000
vt -0.336610 -0.007000
vt -0.336610 -0.007000
vt -0.334610 -0.009000
vt -0.334610 -0.009000
vt -0.334610 -0.007000
vt -0.334610 -0.009000
vt -0.336610 -0.007000
vt -0.334610 -0.007000
vt -0.334610 -0.009000
vt -0.336610 -0.007000
vt -0.334610 0.007000
vt -0.334610 0.009000
vt -0.336610 0.007000
vt -0.334610 0.007000
vt -0.334610 0.009000
vt -0.336610 0.007000
vt 0.334610 -0.007000
vt 0.334610 -0.009000
vt 0.336610 -0.007000
vt 0.334610 -0.007000
vt 0.334610 -0.009000
vt 0.336610 -0.007000
vt 0.334610 0.007000
vt 0.334610 0.009000
vt 0.336610 0.007000
vt 0.334610 0.007000
vt 0.334610 0.009000
vt 0.336610 0.007000
vt -0.007000 -0.172451
vt 0.007000 -0.172451
vt 0.007000 0.172451
vt -0.007000 0.172451
vt 0.007000 -0.172451
vt -0.007000 -0.172451
vt -0.007000 0.172451
vt 0.007000 0.172451
vt -0.007000 -0.008000
vt 0.007000 -0.008000
vt 0.007000 0.008000
vt -0.007000 0.008000
vt -0.007000 0.008000
vt 0.007000 0.008000
vt 0.007000 -0.008000
vt -0.007000 -0.008000
vt -0.008000 -0.172451
vt 0.008000 -0.172451
vt 0.008000 0.172451
vt -0.008000 0.172451
vt 0.008000 -0.172451
vt -0.008000 -0.172451
vt -0.008000 0.172451
vt 0.008000 0.172451
vt -0.007000 0.174451
vt 0.007000 0.174451
vt 0.007000 0.172451
vt -0.007000 0.172451
vt -0.007000 0.174451
vt 0.007000 0.174451
vt 0.007000 0.172451
vt -0.007000 0.172451
vt -0.007000 -0.174451
vt 0.007000 -0.174451
vt 0.007000 -0.172451
vt -0.007000 -0.172451
vt -0.007000 -0.174451
vt 0.007000 -0.174451
vt 0.007000 -0.172451
vt -0.007000 -0.172451
vt 0.009000 -0.172451
vt 0.009000 0.172451
vt 0.007000 0.172451
vt 0.007000 -0.172451
vt 0.009000 -0.172451
vt 0.009000 0.172451
vt 0.007000 0.172451
vt 0.007000 -0.172451
vt -0.009000 -0.172451
vt -0.009000 0.172451
vt -0.007000 0.172451
vt -0.007000 -0.172451
vt -0.009000 -0.172451
vt -0.009000 0.172451
vt -0.007000 0.172451
vt -0.007000 -0.172451
vt 0.009000 0.172451
vt 0.009000 0.172451
vt 0.007000 0.174451
vt 0.007000 0.174451
vt 0.009000 -0.172451
vt 0.009000 -0.172451
vt 0.007000 -0.174451
vt 0.007000 -0.174451
vt -0.009000 0.172451
vt -0.009000 0.172451
vt -0.007000 0.174451
vt -0.007000 0.174451
vt -0.009000 -0.172451
vt -0.009000 -0.172451
vt -0.007000 -0.174451
vt -0.007000 -0.174451
vt -0.007000 -0.172451
vt -0.007000 -0.174451
vt -0.009000 -0.172451
vt -0.007000 -0.172451
vt -0.007000 -0.174451
vt -0.009000 -0.172451
vt -0.007000 0.172451
vt -0.007000 0.174451
vt -0.009000 0.172451
vt -0.007000 0.172451
vt -0.007000 0.174451
vt -0.009000 0.172451
vt 0.007000 -0.172451
vt 0.007000 -0.174451
vt 0.009000 -0.172451
vt 0.007000 -0.172451
vt 0.007000 -0.174451
vt 0.009000 -0.172451
vt 0.007000 0.172451
vt 0.007000 0.174451
vt 0.009000 0.172451
vt 0.007000 0.172451
vt 0.007000 0.174451
vt 0.009000 0.172451
vt -0.007000 -0.172451
vt 0.007000 -0.172451
vt 0.007000 0.172451
vt -0.007000 0.172451
vt 0.007000 -0.172451
vt -0.007000 -0.172451
vt -0.007000 0.172451
vt 0.007000 0.172451
vt -0.007000 -0.008000
vt 0.007000 -0.008000
vt 0.007000 0.008000
vt -0.007000 0.008000
vt -0.007000 0.008000
vt 0.007000 0.008000
vt 0.007000 -0.008000
vt -0.007000 -0.008000
vt -0.008000 -0.172451
vt 0.008000 -0.172451
vt 0.008000 0.172451
vt -0.008000 0.172451
vt 0.008000 -0.172451
vt -0.008000 -0.172451
vt -0.008000 0.172451
vt 0.008000 0.172451
vt -0.007000 0.174451
vt 0.007000 0.174451
vt 0.007000 0.172451
vt -0.007000 0.172451
vt -0.007000 0.174451
vt 0.007000 0.174451
vt 0.007000 0.172451
vt -0.007000 0.172451
vt -0.007000 -0.174451
vt 0.007000 -0.174451
vt 0.007000 -0.172451
vt -0.007000 -0.172451
vt -0.007000 -0.174451
vt 0.007000 -0.174451
vt 0.007000 -0.172451
vt -0.007000 -0.172451
vt 0.009000 -0.172451
vt 0.009000 0.172451
vt 0.007000 0.172451
vt 0.007000 -0.172451
vt 0.009000 -0.172451
vt 0.009000 0.172451
vt 0.007000 0.172451
vt 0.007000 -0.172451
vt -0.009000 -0.172451
vt -0.009000 0.172451
vt -0.007000 0.172451
vt -0.007000 -0.172451
vt -0.009000 -0.172451
vt -0.009000 0.172451
vt -0.007000 0.172451
vt -0.007000 -0.172451
vt 0.009000 0.172451
vt 0.009000 0.172451
vt 0.007000 0.174451
vt 0.007000 0.174451
vt 0.009000 -0.172451
vt 0.009000 -0.172451
vt 0.007000 -0.174451
vt 0.007000 -0.174451
vt -0.009000 0.172451
vt -0.009000 0.172451
vt -0.007000 0.174451
vt -0.007000 0.174451
vt -0.009000 -0.172451
vt -0.009000 -0.172451
vt -0.007000 -0.174451
vt -0.007000 -0.174451
vt -0.007000 -0.172451
vt -0.007000 -0.174451
vt -0.009000 -0.172451
vt -0.007000 -0.172451
vt -0.007000 -0.174451
vt -0.009000 -0.172451
vt -0.007000 0.172451
vt -0.007000 0.174451
vt -0.009000 0.172451
vt -0.007000 0.172451
vt -0.007000 0.174451
vt -0.009000 0.172451
vt 0.007000 -0.172451
vt 0.007000 -0.174451
vt 0.009000 -0.172451
vt 0.007000 -0.172451
vt 0.007000 -0.174451
vt 0.009000 -0.172451
vt 0.007000 0.172451
vt 0.007000 0.174451
vt 0.009000 0.172451
vt 0.007000 0.172451
vt 0.007000 0.174451
vt 0.009000 0.172451
vt -0.277679 -0.144462
vt 0.277679 -0.144462
vt 0.277679 0.144462
vt -0.277679 0.144462
vt 0.277679 -0.144462
vt -0.277679 -0.144462
vt -0.277679 0.144462
vt 0.277679 0.144462
vt -0.277679 -0.018000
vt 0.277679 -0.018000
vt 0.277679 0.018000
vt -0.277679 0.018000
vt -0.277679 0.018000
vt 0.277679 0.018000
vt 0.277679 -0.018000
vt -0.277679 -0.018000
vt -0.018000 -0.144462
vt 0.018000 -0.144462
vt 0.018000 0.144462
vt -0.018000 0.144462
vt 0.018000 -0.144462
vt -0.018000 -0.144462
vt -0.018000 0.144462
vt 0.018000 0.144462
vt -0.277679 0.146462
vt 0.277679 0.146462
vt 0.277679 0.144462
vt -0.277679 0.144462
vt -0.277679 0.146462
vt 0.277679 0.146462
vt 0.277679 0.144462
vt -0.277679 0.144462
vt -0.277679 -0.146462
vt 0.277679 -0.146462
vt 0.277679 -0.144462
vt -0.277679 -0.144462
vt -0.277679 -0.146462
vt 0.277679 -0.146462
vt 0.277679 -0.144462
vt -0.277679 -0.144462
vt 0.279679 -0.144462
vt 0.279679 0.144462
vt 0.277679 0.144462
vt 0.277679 -0.144462
vt 0.279679 -0.144462
vt 0.279679 0.144462
vt 0.277679 0.144462
vt 0.277679 -0.144462
vt -0.279679 -0.144462
vt -0.279679 0.144462
vt -0.277679 0.144462
vt -0.277679 -0.144462
vt -0.279679 -0.144462
vt -0.279679 0.144462
vt -0.277679 0.144462
vt -0.277679 -0.144462
vt 0.279679 0.144462
vt 0.279679 0.144462
vt 0.277679 0.146462
vt 0.277679 0.146462
vt 0.279679 -0.144462
vt 0.279679 -0.144462
vt 0.277679 -0.146462
vt 0.277679 -0.146462
vt -0.279679 0.144462
vt -0.279679 0.144462
vt -0.277679 0.146462
vt -0.277679 0.146462
vt -0.279679 -0.144462
vt -0.279679 -0.144462
vt -0.277679 -0.146462
vt -0.277679 -0.146462
vt -0.277679 -0.144462
vt -0.277679 -0.146462
vt -0.279679 -0.144462
vt -0.277679 -0.144462
vt -0.277679 -0.146462
vt -0.279679 -0.144462
vt -0.277679 0.144462
vt -0.277679 0.146462
vt -0.279679 0.144462
vt -0.277679 0.144462
vt -0.277679 0.146462
vt -0.279679 0.144462
vt 0.277679 -0.144462
vt 0.277679 -0.146462
vt 0.279679 -0.144462
vt 0.277679 -0.144462
vt 0.277679 -0.146462
vt 0.279679 -0.144462
vt 0.277679 0.144462
vt 0.277679 0.146462
vt 0.279679 0.144462
vt 0.277679 0.144462
vt 0.277679 0.146462
vt 0.279679 0.144462
vt -0.267264 -0.004500
vt 0.267264 -0.004500
vt 0.267264 0.004500
vt -0.267264 0.004500
vt 0.267264 -0.004500
vt -0.267264 -0.004500
vt -0.267264 0.004500
vt 0.267264 0.004500
vt -0.267264 -0.015000
vt 0.267264 -0.015000
vt 0.267264 0.015000
vt -0.267264 0.015000
vt -0.267264 0.015000
vt 0.267264 0.015000
vt 0.267264 -0.015000
vt -0.267264 -0.015000
vt -0.015000 -0.004500
vt 0.015000 -0.004500
vt 0.015000 0.004500
vt -0.015000 0.004500
vt 0.015000 -0.004500
vt -0.015000 -0.004500
vt -0.015000 0.004500
vt 0.015000 0.004500
vt -0.267264 0.005500
vt 0.267264 0.005500
vt 0.267264 0.004500
vt -0.267264 0.004500
vt -0.267264 0.005500
vt 0.267264 0.005500
vt 0.267264 0.004500
vt -0.267264 0.004500
vt -0.267264 -0.005500
vt 0.267264 -0.005500
vt 0.267264 -0.004500
vt -0.267264 -0.004500
vt -0.267264 -0.005500
vt 0.267264 -0.005500
vt 0.267264 -0.004500
vt -0.267264 -0.004500
vt 0.268264 -0.004500
vt 0.268264 0.004500
vt 0.267264 0.004500
vt 0.267264 -0.004500
vt 0.268264 -0.004500
vt 0.268264 0.004500
vt 0.267264 0.004500
vt 0.267264 -0.004500
vt -0.268264 -0.004500
vt -0.268264 0.004500
vt -0.267264 0.004500
vt -0.267264 -0.004500
vt -0.268264 -0.004500
vt -0.268264 0.004500
vt -0.267264 0.004500
vt -0.267264 -0.004500
vt 0.268264 0.004500
vt 0.268264 0.004500
vt 0.267264 0.005500
vt 0.267264 0.005500
vt 0.268264 -0.004500
vt 0.268264 -0.004500
vt 0.267264 -0.005500
vt 0.267264 -0.005500
vt -0.268264 0.004500
vt -0.268264 0.004500
vt -0.267264 0.005500
vt -0.267264 0.005500
vt -0.268264 -0.004500
vt -0.268264 -0.004500
vt -0.267264 -0.005500
vt -0.267264 -0.005500
vt -0.267264 -0.004500
vt -0.267264 -0.005500
vt -0.268264 -0.004500
vt -0.267264 -0.004500
vt -0.267264 -0.005500
vt -0.268264 -0.004500
vt -0.267264 0.004500
vt -0.267264 0.005500
vt -0.268264 0.004500
vt -0.267264 0.004500
vt -0.267264 0.005500
vt -0.268264 0.004500
vt 0.267264 -0.004500
vt 0.267264 -0.005500
vt 0.268264 -0.004500
vt 0.267264 -0.004500
vt 0.267264 -0.005500
vt 0.268264 -0.004500
vt 0.267264 0.004500
vt 0.267264 0.005500
vt 0.268264 0.004500
vt 0.267264 0.004500
vt 0.267264 0.005500
vt 0.268264 0.004500
vt -0.267264 -0.004500
vt 0.267264 -0.004500
vt 0.267264 0.004500
vt -0.267264 0.004500
vt 0.267264 -0.004500
vt -0.267264 -0.004500
vt -0.267264 0.004500
vt 0.267264 0.004500
vt -0.267264 -0.015000
vt 0.267264 -0.015000
vt 0.267264 0.015000
vt -0.267264 0.015000
vt -0.267264 0.015000
vt 0.267264 0.015000
vt 0.267264 -0.015000
vt -0.267264 -0.015000
vt -0.015000 -0.004500
vt 0.015000 -0.004500
vt 0.015000 0.004500
vt -0.015000 0.004500
vt 0.015000 -0.004500
vt -0.015000 -0.004500
vt -0.015000 0.004500
vt 0.015000 0.004500
vt -0.267264 0.005500
vt 0.267264 0.005500
vt 0.267264 0.004500
vt -0.267264 0.004500
vt -0.267264 0.005500
vt 0.267264 0.005500
vt 0.267264 0.004500
vt -0.267264 0.004500
vt -0.267264 -0.005500
vt 0.267264 -0.005500
vt 0.267264 -0.004500
vt -0.267264 -0.004500
vt -0.267264 -0.005500
vt 0.267264 -0.005500
vt 0.267264 -0.004500
vt -0.267264 -0.004500
vt 0.268264 -0.004500
vt 0.268264 0.004500
vt 0.267264 0.004500
vt 0.267264 -0.004500
vt 0.268264 -0.004500
vt 0.268264 0.004500
vt 0.267264 0.004500
vt 0.267264 -0.004500
vt -0.268264 -0.004500
vt -0.268264 0.004500
vt -0.267264 0.004500
vt -0.267264 -0.004500
vt -0.268264 -0.004500
vt -0.268264 0.004500
vt -0.267264 0.004500
vt -0.267264 -0.004500
vt 0.268264 0.004500
vt 0.268264 0.004500
vt 0.267264 0.005500
vt 0.267264 0.005500
vt 0.268264 -0.004500
vt 0.268264 -0.004500
vt 0.267264 -0.005500
vt 0.267264 -0.005500
vt -0.268264 0.004500
vt -0.268264 0.004500
vt -0.267264 0.005500
vt -0.267264 0.005500
vt -0.268264 -0.004500
vt -0.268264 -0.004500
vt -0.267264 -0.005500
vt -0.267264 -0.005500
vt -0.267264 -0.004500
vt -0.267264 -0.005500
vt -0.268264 -0.004500
vt -0.267264 -0.004500
vt -0.267264 -0.005500
vt -0.268264 -0.004500
vt -0.267264 0.004500
vt -0.267264 0.005500
vt -0.268264 0.004500
vt -0.267264 0.004500
vt -0.267264 0.005500
vt -0.268264 0.004500
vt 0.267264 -0.004500
vt 0.267264 -0.005500
vt 0.268264 -0.004500
vt 0.267264 -0.004500
vt 0.267264 -0.005500
vt 0.268264 -0.004500
vt 0.267264 0.004500
vt 0.267264 0.005500
vt 0.268264 0.004500
vt 0.267264 0.004500
vt 0.267264 0.005500
vt 0.268264 0.004500
vt -0.267264 -0.004500
vt 0.267264 -0.004500
vt 0.267264 0.004500
vt -0.267264 0.004500
vt 0.267264 -0.004500
vt -0.267264 -0.004500
vt -0.267264 0.004500
vt 0.267264 0.004500
vt -0.267264 -0.015000
vt 0.267264 -0.015000
vt 0.267264 0.015000
vt -0.267264 0.015000
vt -0.267264 0.015000
vt 0.267264 0.015000
vt 0.267264 -0.015000
vt -0.267264 -0.015000
vt -0.015000 -0.004500
vt 0.015000 -0.004500
vt 0.015000 0.004500
vt -0.015000 0.004500
vt 0.015000 -0.004500
vt -0.015000 -0.004500
vt -0.015000 0.004500
vt 0.015000 0.004500
vt -0.267264 0.005500
vt 0.267264 0.005500
vt 0.267264 0.004500
vt -0.267264 0.004500
vt -0.267264 0.005500
vt 0.267264 0.005500
vt 0.267264 0.004500
vt -0.267264 0.004500
vt -0.267264 -0.005500
vt 0.267264 -0.005500
vt 0.267264 -0.004500
vt -0.267264 -0.004500
vt -0.267264 -0.005500
vt 0.267264 -0.005500
vt 0.267264 -0.004500
vt -0.267264 -0.004500
vt 0.268264 -0.004500
vt 0.268264 0.004500
vt 0.267264 0.004500
vt 0.267264 -0.004500
vt 0.268264 -0.004500
vt 0.268264 0.004500
vt 0.267264 0.004500
vt 0.267264 -0.004500
vt -0.268264 -0.004500
vt -0.268264 0.004500
vt -0.267264 0.004500
vt -0.267264 -0.004500
vt -0.268264 -0.004500
vt -0.268264 0.004500
vt -0.267264 0.004500
vt -0.267264 -0.004500
vt 0.268264 0.004500
vt 0.268264 0.004500
vt 0.267264 0.005500
vt 0.267264 0.005500
vt 0.268264 -0.004500
vt 0.268264 -0.004500
vt 0.267264 -0.005500
vt 0.267264 -0.005500
vt -0.268264 0.004500
vt -0.268264 0.004500
vt -0.267264 0.005500
vt -0.267264 0.005500
vt -0.268264 -0.004500
vt -0.268264 -0.004500
vt -0.267264 -0.005500
vt -0.267264 -0.005500
vt -0.267264 -0.004500
vt -0.267264 -0.005500
vt -0.268264 -0.004500
vt -0.267264 -0.004500
vt -0.267264 -0.005500
vt -0.268264 -0.004500
vt -0.267264 0.004500
vt -0.267264 0.005500
vt -0.268264 0.004500
vt -0.267264 0.004500
vt -0.267264 0.005500
vt -0.268264 0.004500
vt 0.267264 -0.004500
vt 0.267264 -0.005500
vt 0.268264 -0.004500
vt 0.267264 -0.004500
vt 0.267264 -0.005500
vt 0.268264 -0.004500
vt 0.267264 0.004500
vt 0.267264 0.005500
vt 0.268264 0.004500
vt 0.267264 0.004500
vt 0.267264 0.005500
vt 0.268264 0.004500
vt -0.267264 -0.004500
vt 0.267264 -0.004500
vt 0.267264 0.004500
vt -0.267264 0.004500
vt 0.267264 -0.004500
vt -0.267264 -0.004500
vt -0.267264 0.004500
vt 0.267264 0.004500
vt -0.267264 -0.015000
vt 0.267264 -0.015000
vt 0.267264 0.015000
vt -0.267264 0.015000
vt -0.267264 0.015000
vt 0.267264 0.015000
vt 0.267264 -0.015000
vt -0.267264 -0.015000
vt -0.015000 -0.004500
vt 0.015000 -0.004500
vt 0.015000 0.004500
vt -0.015000 0.004500
vt 0.015000 -0.004500
vt -0.015000 -0.004500
vt -0.015000 0.004500
vt 0.015000 0.004500
vt -0.267264 0.005500
vt 0.267264 0.005500
vt 0.267264 0.004500
vt -0.267264 0.004500
vt -0.267264 0.005500
vt 0.267264 0.005500
vt 0.267264 0.004500
vt -0.267264 0.004500
vt -0.267264 -0.005500
vt 0.267264 -0.005500
vt 0.267264 -0.004500
vt -0.267264 -0.004500
vt -0.267264 -0.005500
vt 0.267264 -0.005500
vt 0.267264 -0.004500
vt -0.267264 -0.004500
vt 0.268264 -0.004500
vt 0.268264 0.004500
vt 0.267264 0.004500
vt 0.267264 -0.004500
vt 0.268264 -0.004500
vt 0.268264 0.004500
vt 0.267264 0.004500
vt 0.267264 -0.004500
vt -0.268264 -0.004500
vt -0.268264 0.004500
vt -0.267264 0.004500
vt -0.267264 -0.004500
vt -0.268264 -0.004500
vt -0.268264 0.004500
vt -0.267264 0.004500
vt -0.267264 -0.004500
vt 0.268264 0.004500
vt 0.268264 0.004500
vt 0.267264 0.005500
vt 0.267264 0.005500
vt 0.268264 -0.004500
vt 0.268264 -0.004500
vt 0.267264 -0.005500
vt 0.267264 -0.005500
vt -0.268264 0.004500
vt -0.268264 0.004500
vt -0.267264 0.005500
vt -0.267264 0.005500
vt -0.268264 -0.004500
vt -0.268264 -0.004500
vt -0.267264 -0.005500
vt -0.267264 -0.005500
vt -0.267264 -0.004500
vt -0.267264 -0.005500
vt -0.268264 -0.004500
vt -0.267264 -0.004500
vt -0.267264 -0.005500
vt -0.268264 -0.004500
vt -0.267264 0.004500
vt -0.267264 0.005500
vt -0.268264 0.004500
vt -0.267264 0.004500
vt -0.267264 0.005500
vt -0.268264 0.004500
vt 0.267264 -0.004500
vt 0.267264 -0.005500
vt 0.268264 -0.004500
vt 0.267264 -0.004500
vt 0.267264 -0.005500
vt 0.268264 -0.004500
vt 0.267264 0.004500
vt 0.267264 0.005500
vt 0.268264 0.004500
vt 0.267264 0.004500
vt 0.267264 0.005500
vt 0.268264 0.004500
vt -0.267264 -0.004500
vt 0.267264 -0.004500
vt 0.267264 0.004500
vt -0.267264 0.004500
vt 0.267264 -0.004500
vt -0.267264 -0.004500
vt -0.267264 0.004500
vt 0.267264 0.004500
vt -0.267264 -0.015000
vt 0.267264 -0.015000
vt 0.267264 0.015000
vt -0.267264 0.015000
vt -0.267264 0.015000
vt 0.267264 0.015000
vt 0.267264 -0.015000
vt -0.267264 -0.015000
vt -0.015000 -0.004500
vt 0.015000 -0.004500
vt 0.015000 0.004500
vt -0.015000 0.004500
vt 0.015000 -0.004500
vt -0.015000 -0.004500
vt -0.015000 0.004500
vt 0.015000 0.004500
vt -0.267264 0.005500
vt 0.267264 0.005500
vt 0.267264 0.004500
vt -0.267264 0.004500
vt -0.267264 0.005500
vt 0.267264 0.005500
vt 0.267264 0.004500
vt -0.267264 0.004500
vt -0.267264 -0.005500
vt 0.267264 -0.005500
vt 0.267264 -0.004500
vt -0.267264 -0.004500
vt -0.267264 -0.005500
vt 0.267264 -0.005500
vt 0.267264 -0.004500
vt -0.267264 -0.004500
vt 0.268264 -0.004500
vt 0.268264 0.004500
vt 0.267264 0.004500
vt 0.267264 -0.004500
vt 0.268264 -0.004500
vt 0.268264 0.004500
vt 0.267264 0.004500
vt 0.267264 -0.004500
vt -0.268264 -0.004500
vt -0.268264 0.004500
vt -0.267264 0.004500
vt -0.267264 -0.004500
vt -0.268264 -0.004500
vt -0.268264 0.004500
vt -0.267264 0.004500
vt -0.267264 -0.004500
vt 0.268264 0.004500
vt 0.268264 0.004500
vt 0.267264 0.005500
vt 0.267264 0.005500
vt 0.268264 -0.004500
vt 0.268264 -0.004500
vt 0.267264 -0.005500
vt 0.267264 -0.005500
vt -0.268264 0.004500
vt -0.268264 0.004500
vt -0.267264 0.005500
vt -0.267264 0.005500
vt -0.268264 -0.004500
vt -0.268264 -0.004500
vt -0.267264 -0.005500
vt -0.267264 -0.005500
vt -0.267264 -0.004500
vt -0.267264 -0.005500
vt -0.268264 -0.004500
vt -0.267264 -0.004500
vt -0.267264 -0.005500
vt -0.268264 -0.004500
vt -0.267264 0.004500
vt -0.267264 0.005500
vt -0.268264 0.004500
vt -0.267264 0.004500
vt -0.267264 0.005500
vt -0.268264 0.004500
vt 0.267264 -0.004500
vt 0.267264 -0.005500
vt 0.268264 -0.004500
vt 0.267264 -0.004500
vt 0.267264 -0.005500
vt 0.268264 -0.004500
vt 0.267264 0.004500
vt 0.267264 0.005500
vt 0.268264 0.004500
vt 0.267264 0.004500
vt 0.267264 0.005500
vt 0.268264 0.004500
vt -0.267264 -0.004500
vt 0.267264 -0.004500
vt 0.267264 0.004500
vt -0.267264 0.004500
vt 0.267264 -0.004500
vt -0.267264 -0.004500
vt -0.267264 0.004500
vt 0.267264 0.004500
vt -0.267264 -0.015000
vt 0.267264 -0.015000
vt 0.267264 0.015000
vt -0.267264 0.015000
vt -0.267264 0.015000
vt 0.267264 0.015000
vt 0.267264 -0.015000
vt -0.267264 -0.015000
vt -0.015000 -0.004500
vt 0.015000 -0.004500
vt 0.015000 0.004500
vt -0.015000 0.004500
vt 0.015000 -0.004500
vt -0.015000 -0.004500
vt -0.015000 0.004500
vt 0.015000 0.004500
vt -0.267264 0.005500
vt 0.267264 0.005500
vt 0.267264 0.004500
vt -0.267264 0.004500
vt -0.267264 0.005500
vt 0.267264 0.005500
vt 0.267264 0.004500
vt -0.267264 0.004500
vt -0.267264 -0.005500
vt 0.267264 -0.005500
vt 0.267264 -0.004500
vt -0.267264 -0.004500
vt -0.267264 -0.005500
vt 0.267264 -0.005500
vt 0.267264 -0.004500
vt -0.267264 -0.004500
vt 0.268264 -0.004500
vt 0.268264 0.004500
vt 0.267264 0.004500
vt 0.267264 -0.004500
vt 0.268264 -0.004500
vt 0.268264 0.004500
vt 0.267264 0.004500
vt 0.267264 -0.004500
vt -0.268264 -0.004500
vt -0.268264 0.004500
vt -0.267264 0.004500
vt -0.267264 -0.004500
vt -0.268264 -0.004500
vt -0.268264 0.004500
vt -0.267264 0.004500
vt -0.267264 -0.004500
vt 0.268264 0.004500
vt 0.268264 0.004500
vt 0.267264 0.005500
vt 0.267264 0.005500
vt 0.268264 -0.004500
vt 0.268264 -0.004500
vt 0.267264 -0.005500
vt 0.267264 -0.005500
vt -0.268264 0.004500
vt -0.268264 0.004500
vt -0.267264 0.005500
vt -0.267264 0.005500
vt -0.268264 -0.004500
vt -0.268264 -0.004500
vt -0.267264 -0.005500
vt -0.267264 -0.005500
vt -0.267264 -0.004500
vt -0.267264 -0.005500
vt -0.268264 -0.004500
vt -0.267264 -0.004500
vt -0.267264 -0.005500
vt -0.268264 -0.004500
vt -0.267264 0.004500
vt -0.267264 0.005500
vt -0.268264 0.004500
vt -0.267264 0.004500
vt -0.267264 0.005500
vt -0.268264 0.004500
vt 0.267264 -0.004500
vt 0.267264 -0.005500
vt 0.268264 -0.004500
vt 0.267264 -0.004500
vt 0.267264 -0.005500
vt 0.268264 -0.004500
vt 0.267264 0.004500
vt 0.267264 0.005500
vt 0.268264 0.004500
vt 0.267264 0.004500
vt 0.267264 0.005500
vt 0.268264 0.004500
vt -0.267264 -0.004500
vt 0.267264 -0.004500
vt 0.267264 0.004500
vt -0.267264 0.004500
vt 0.267264 -0.004500
vt -0.267264 -0.004500
vt -0.267264 0.004500
vt 0.267264 0.004500
vt -0.267264 -0.015000
vt 0.267264 -0.015000
vt 0.267264 0.015000
vt -0.267264 0.015000
vt -0.267264 0.015000
vt 0.267264 0.015000
vt 0.267264 -0.015000
vt -0.267264 -0.015000
vt -0.015000 -0.004500
vt 0.015000 -0.004500
vt 0.015000 0.004500
vt -0.015000 0.004500
vt 0.015000 -0.004500
vt -0.015000 -0.004500
vt -0.015000 0.004500
vt 0.015000 0.004500
vt -0.267264 0.005500
vt 0.267264 0.005500
vt 0.267264 0.004500
vt -0.267264 0.004500
vt -0.267264 0.005500
vt 0.267264 0.005500
vt 0.267264 0.004500
vt -0.267264 0.004500
vt -0.267264 -0.005500
vt 0.267264 -0.005500
vt 0.267264 -0.004500
vt -0.267264 -0.004500
vt -0.267264 -0.005500
vt 0.267264 -0.005500
vt 0.267264 -0.004500
vt -0.267264 -0.004500
vt 0.268264 -0.004500
vt 0.268264 0.004500
vt 0.267264 0.004500
vt 0.267264 -0.004500
vt 0.268264 -0.004500
vt 0.268264 0.004500
vt 0.267264 0.004500
vt 0.267264 -0.004500
vt -0.268264 -0.004500
vt -0.268264 0.004500
vt -0.267264 0.004500
vt -0.267264 -0.004500
vt -0.268264 -0.004500
vt -0.268264 0.004500
vt -0.267264 0.004500
vt -0.267264 -0.004500
vt 0.268264 0.004500
vt 0.268264 0.004500
vt 0.267264 0.005500
vt 0.267264 0.005500
vt 0.268264 -0.004500
vt 0.268264 -0.004500
vt 0.267264 -0.005500
vt 0.267264 -0.005500
vt -0.268264 0.004500
vt -0.268264 0.004500
vt -0.267264 0.005500
vt -0.267264 0.005500
vt -0.268264 -0.004500
vt -0.268264 -0.004500
vt -0.267264 -0.005500
vt -0.267264 -0.005500
vt -0.267264 -0.004500
vt -0.267264 -0.005500
vt -0.268264 -0.004500
vt -0.267264 -0.004500
vt -0.267264 -0.005500
vt -0.268264 -0.004500
vt -0.267264 0.004500
vt -0.267264 0.005500
vt -0.268264 0.004500
vt -0.267264 0.004500
vt -0.267264 0.005500
vt -0.268264 0.004500
vt 0.267264 -0.004500
vt 0.267264 -0.005500
vt 0.268264 -0.004500
vt 0.267264 -0.004500
vt 0.267264 -0.005500
vt 0.268264 -0.004500
vt 0.267264 0.004500
vt 0.267264 0.005500
vt 0.268264 0.004500
vt 0.267264 0.004500
vt 0.267264 0.005500
vt 0.268264 0.004500
vt -0.267264 -0.004500
vt 0.267264 -0.004500
vt 0.267264 0.004500
vt -0.267264 0.004500
vt 0.267264 -0.004500
vt -0.267264 -0.004500
vt -0.267264 0.004500
vt 0.267264 0.004500
vt -0.267264 -0.015000
vt 0.267264 -0.015000
vt 0.267264 0.015000
vt -0.267264 0.015000
vt -0.267264 0.015000
vt 0.267264 0.015000
vt 0.267264 -0.015000
vt -0.267264 -0.015000
vt -0.015000 -0.004500
vt 0.015000 -0.004500
vt 0.015000 0.004500
vt -0.015000 0.004500
vt 0.015000 -0.004500
vt -0.015000 -0.004500
vt -0.015000 0.004500
vt 0.015000 0.004500
vt -0.267264 0.005500
vt 0.267264 0.005500
vt 0.267264 0.004500
vt -0.267264 0.004500
vt -0.267264 0.005500
vt 0.267264 0.005500
vt 0.267264 0.004500
vt -0.267264 0.004500
vt -0.267264 -0.005500
vt 0.267264 -0.005500
vt 0.267264 -0.004500
vt -0.267264 -0.004500
vt -0.267264 -0.005500
vt 0.267264 -0.005500
vt 0.267264 -0.004500
vt -0.267264 -0.004500
vt 0.268264 -0.004500
vt 0.268264 0.004500
vt 0.267264 0.004500
vt 0.267264 -0.004500
vt 0.268264 -0.004500
vt 0.268264 0.004500
vt 0.267264 0.004500
vt 0.267264 -0.004500
vt -0.268264 -0.004500
vt -0.268264 0.004500
vt -0.267264 0.004500
vt -0.267264 -0.004500
vt -0.268264 -0.004500
vt -0.268264 0.004500
vt -0.267264 0.004500
vt -0.267264 -0.004500
vt 0.268264 0.004500
vt 0.268264 0.004500
vt 0.267264 0.005500
vt 0.267264 0.005500
vt 0.268264 -0.004500
vt 0.268264 -0.004500
vt 0.267264 -0.005500
vt 0.267264 -0.005500
vt -0.268264 0.004500
vt -0.268264 0.004500
vt -0.267264 0.005500
vt -0.267264 0.005500
vt -0.268264 -0.004500
vt -0.268264 -0.004500
vt -0.267264 -0.005500
vt -0.267264 -0.005500
vt -0.267264 -0.004500
vt -0.267264 -0.005500
vt -0.268264 -0.004500
vt -0.267264 -0.004500
vt -0.267264 -0.005500
vt -0.268264 -0.004500
vt -0.267264 0.004500
vt -0.267264 0.005500
vt -0.268264 0.004500
vt -0.267264 0.004500
vt -0.267264 0.005500
vt -0.268264 0.004500
vt 0.267264 -0.004500
vt 0.267264 -0.005500
vt 0.268264 -0.004500
vt 0.267264 -0.004500
vt 0.267264 -0.005500
vt 0.268264 -0.004500
vt 0.267264 0.004500
vt 0.267264 0.005500
vt 0.268264 0.004500
vt 0.267264 0.004500
vt 0.267264 0.005500
vt 0.268264 0.004500
vt -0.267264 -0.004500
vt 0.267264 -0.004500
vt 0.267264 0.004500
vt -0.267264 0.004500
vt 0.267264 -0.004500
vt -0.267264 -0.004500
vt -0.267264 0.004500
vt 0.267264 0.004500
vt -0.267264 -0.015000
vt 0.267264 -0.015000
vt 0.267264 0.015000
vt -0.267264 0.015000
vt -0.267264 0.015000
vt 0.267264 0.015000
vt 0.267264 -0.015000
vt -0.267264 -0.015000
vt -0.015000 -0.004500
vt 0.015000 -0.004500
vt 0.015000 0.004500
vt -0.015000 0.004500
vt 0.015000 -0.004500
vt -0.015000 -0.004500
vt -0.015000 0.004500
vt 0.015000 0.004500
vt -0.267264 0.005500
vt 0.267264 0.005500
vt 0.267264 0.004500
vt -0.267264 0.004500
vt -0.267264 0.005500
vt 0.267264 0.005500
vt 0.267264 0.004500
vt -0.267264 0.004500
vt -0.267264 -0.005500
vt 0.267264 -0.005500
vt 0.267264 -0.004500
vt -0.267264 -0.004500
vt -0.267264 -0.005500
vt 0.267264 -0.005500
vt 0.267264 -0.004500
vt -0.267264 -0.004500
vt 0.268264 -0.004500
vt 0.268264 0.004500
vt 0.267264 0.004500
vt 0.267264 -0.004500
vt 0.268264 -0.004500
vt 0.268264 0.004500
vt 0.267264 0.004500
vt 0.267264 -0.004500
vt -0.268264 -0.004500
vt -0.268264 0.004500
vt -0.267264 0.004500
vt -0.267264 -0.004500
vt -0.268264 -0.004500
vt -0.268264 0.004500
vt -0.267264 0.004500
vt -0.267264 -0.004500
vt 0.268264 0.004500
vt 0.268264 0.004500
vt 0.267264 0.005500
vt 0.267264 0.005500
vt 0.268264 -0.004500
vt 0.268264 -0.004500
vt 0.267264 -0.005500
vt 0.267264 -0.005500
vt -0.268264 0.004500
vt -0.268264 0.004500
vt -0.267264 0.005500
vt -0.267264 0.005500
vt -0.268264 -0.004500
vt -0.268264 -0.004500
vt -0.267264 -0.005500
vt -0.267264 -0.005500
vt -0.267264 -0.004500
vt -0.267264 -0.005500
vt -0.268264 -0.004500
vt -0.267264 -0.004500
vt -0.267264 -0.005500
vt -0.268264 -0.004500
vt -0.267264 0.004500
vt -0.267264 0.005500
vt -0.268264 0.004500
vt -0.267264 0.004500
vt -0.267264 0.005500
vt -0.268264 0.004500
vt 0.267264 -0.004500
vt 0.267264 -0.005500
vt 0.268264 -0.004500
vt 0.267264 -0.004500
vt 0.267264 -0.005500
vt 0.268264 -0.004500
vt 0.267264 0.004500
vt 0.267264 0.005500
vt 0.268264 0.004500
vt 0.267264 0.004500
vt 0.267264 0.005500
vt 0.268264 0.004500
vt 0.000000 0.000000
vt 0.083333 0.000000
vt 0.166667 0.000000
vt 0.250000 0.000000
vt 0.333333 0.000000
vt 0.416667 0.000000
vt 0.500000 0.000000
vt 0.583333 0.000000
vt 0.666667 0.000000
vt 0.750000 0.000000
vt 0.833333 0.000000
vt 0.916667 0.000000
vt 0.000000 0.000000
vt 0.083333 0.000000
vt 0.166667 0.000000
vt 0.250000 0.000000
vt 0.333333 0.000000
vt 0.416667 0.000000
vt 0.500000 0.000000
vt 0.583333 0.000000
vt 0.666667 0.000000
vt 0.750000 0.000000
vt 0.833333 0.000000
vt 0.916667 0.000000
vt 0.000000 0.035000
vt 0.083333 0.035000
vt 0.166667 0.035000
vt 0.250000 0.035000
vt 0.333333 0.035000
vt 0.416667 0.035000
vt 0.500000 0.035000
vt 0.583333 0.035000
vt 0.666667 0.035000
vt 0.750000 0.035000
vt 0.833333 0.035000
vt 0.916667 0.035000
vt 0.000000 0.035000
vt 0.083333 0.035000
vt 0.166667 0.035000
vt 0.250000 0.035000
vt 0.333333 0.035000
vt 0.416667 0.035000
vt 0.500000 0.035000
vt 0.583333 0.035000
vt 0.666667 0.035000
vt 0.750000 0.035000
vt 0.833333 0.035000
vt 0.916667 0.035000
vt 0.500000 0.500000
vt 0.500000 0.500000
vt -0.006000 -0.007000
vt 0.006000 -0.007000
vt 0.006000 0.007000
vt -0.006000 0.007000
vt 0.006000 -0.007000
vt -0.006000 -0.007000
vt -0.006000 0.007000
vt 0.006000 0.007000
vt -0.006000 -0.087096
vt 0.006000 -0.087096
vt 0.006000 0.087096
vt -0.006000 0.087096
vt -0.006000 0.087096
vt 0.006000 0.087096
vt 0.006000 -0.087096
vt -0.006000 -0.087096
vt -0.087096 -0.007000
vt 0.087096 -0.007000
vt 0.087096 0.007000
vt -0.087096 0.007000
vt 0.087096 -0.007000
vt -0.087096 -0.007000
vt -0.087096 0.007000
vt 0.087096 0.007000
vt -0.006000 0.008000
vt 0.006000 0.008000
vt 0.006000 0.007000
vt -0.006000 0.007000
vt -0.006000 0.008000
vt 0.006000 0.008000
vt 0.006000 0.007000
vt -0.006000 0.007000
vt -0.006000 -0.008000
vt 0.006000 -0.008000
vt 0.006000 -0.007000
vt -0.006000 -0.007000
vt -0.006000 -0.008000
vt 0.006000 -0.008000
vt 0.006000 -0.007000
vt -0.006000 -0.007000
vt 0.007000 -0.007000
vt 0.007000 0.007000
vt 0.006000 0.007000
vt 0.006000 -0.007000
vt 0.007000 -0.007000
vt 0.007000 0.007000
vt 0.006000 0.007000
vt 0.006000 -0.007000
vt -0.007000 -0.007000
vt -0.007000 0.007000
vt -0.006000 0.007000
vt -0.006000 -0.007000
vt -0.007000 -0.007000
vt -0.007000 0.007000
vt -0.006000 0.007000
vt -0.006000 -0.007000
vt 0.007000 0.007000
vt 0.007000 0.007000
vt 0.006000 0.008000
vt 0.006000 0.008000
vt 0.007000 -0.007000
vt 0.007000 -0.007000
vt 0.006000 -0.008000
vt 0.006000 -0.008000
vt -0.007000 0.007000
vt -0.007000 0.007000
vt -0.006000 0.008000
vt -0.006000 0.008000
vt -0.007000 -0.007000
vt -0.007000 -0.007000
vt -0.006000 -0.008000
vt -0.006000 -0.008000
vt -0.006000 -0.007000
vt -0.006000 -0.008000
vt -0.007000 -0.007000
vt -0.006000 -0.007000
vt -0.006000 -0.008000
vt -0.007000 -0.007000
vt -0.006000 0.007000
vt -0.006000 0.008000
vt -0.007000 0.007000
vt -0.006000 0.007000
vt -0.006000 0.008000
vt -0.007000 0.007000
vt 0.006000 -0.007000
vt 0.006000 -0.008000
vt 0.007000 -0.007000
vt 0.006000 -0.007000
vt 0.006000 -0.008000
vt 0.007000 -0.007000
vt 0.006000 0.007000
vt 0.006000 0.008000
vt 0.007000 0.007000
vt 0.006000 0.007000
vt 0.006000 0.008000
vt 0.007000 0.007000
vt -0.006000 -0.007000
vt 0.006000 -0.007000
vt 0.006000 0.007000
vt -0.006000 0.007000
vt 0.006000 -0.007000
vt -0.006000 -0.007000
vt -0.006000 0.007000
vt 0.006000 0.007000
vt -0.006000 -0.087096
vt 0.006000 -0.087096
vt 0.006000 0.087096
vt -0.006000 0.087096
vt -0.006000 0.087096
vt 0.006000 0.087096
vt 0.006000 -0.087096
vt -0.006000 -0.087096
vt -0.087096 -0.007000
vt 0.087096 -0.007000
vt 0.087096 0.007000
vt -0.087096 0.007000
vt 0.087096 -0.007000
vt -0.087096 -0.007000
vt -0.087096 0.007000
vt 0.087096 0.007000
vt -0.006000 0.008000
vt 0.006000 0.008000
vt 0.006000 0.007000
vt -0.006000 0.007000
vt -0.006000 0.008000
vt 0.006000 0.008000
vt 0.006000 0.007000
vt -0.006000 0.007000
vt -0.006000 -0.008000
vt 0.006000 -0.008000
vt 0.006000 -0.007000
vt -0.006000 -0.007000
vt -0.006000 -0.008000
vt 0.006000 -0.008000
vt 0.006000 -0.007000
vt -0.006000 -0.007000
vt 0.007000 -0.007000
vt 0.007000 0.007000
vt 0.006000 0.007000
vt 0.006000 -0.007000
vt 0.007000 -0.007000
vt 0.007000 0.007000
vt 0.006000 0.007000
vt 0.006000 -0.007000
vt -0.007000 -0.007000
vt -0.007000 0.007000
vt -0.006000 0.007000
vt -0.006000 -0.007000
vt -0.007000 -0.007000
vt -0.007000 0.007000
vt -0.006000 0.007000
vt -0.006000 -0.007000
vt 0.007000 0.007000
vt 0.007000 0.007000
vt 0.006000 0.008000
vt 0.006000 0.008000
vt 0.007000 -0.007000
vt 0.007000 -0.007000
vt 0.006000 -0.008000
vt 0.006000 -0.008000
vt -0.007000 0.007000
vt -0.007000 0.007000
vt -0.006000 0.008000
vt -0.006000 0.008000
vt -0.007000 -0.007000
vt -0.007000 -0.007000
vt -0.006000 -0.008000
vt -0.006000 -0.008000
vt -0.006000 -0.007000
vt -0.006000 -0.008000
vt -0.007000 -0.007000
vt -0.006000 -0.007000
vt -0.006000 -0.008000
vt -0.007000 -0.007000
vt -0.006000 0.007000
vt -0.006000 0.008000
vt -0.007000 0.007000
vt -0.006000 0.007000
vt -0.006000 0.008000
vt -0.007000 0.007000
vt 0.006000 -0.007000
vt 0.006000 -0.008000
vt 0.007000 -0.007000
vt 0.006000 -0.007000
vt 0.006000 -0.008000
vt 0.007000 -0.007000
vt 0.006000 0.007000
vt 0.006000 0.008000
vt 0.007000 0.007000
vt 0.006000 0.007000
vt 0.006000 0.008000
vt 0.007000 0.007000
vt -0.006000 -0.007000
vt 0.006000 -0.007000
vt 0.006000 0.007000
vt -0.006000 0.007000
vt 0.006000 -0.007000
vt -0.006000 -0.007000
vt -0.006000 0.007000
vt 0.006000 0.007000
vt -0.006000 -0.087096
vt 0.006000 -0.087096
vt 0.006000 0.087096
vt -0.006000 0.087096
vt -0.006000 0.087096
vt 0.006000 0.087096
vt 0.006000 -0.087096
vt -0.006000 -0.087096
vt -0.087096 -0.007000
vt 0.087096 -0.007000
vt 0.087096 0.007000
vt -0.087096 0.007000
vt 0.087096 -0.007000
vt -0.087096 -0.007000
vt -0.087096 0.007000
vt 0.087096 0.007000
vt -0.006000 0.008000
vt 0.006000 0.008000
vt 0.006000 0.007000
vt -0.006000 0.007000
vt -0.006000 0.008000
vt 0.006000 0.008000
vt 0.006000 0.007000
vt -0.006000 0.007000
vt -0.006000 -0.008000
vt 0.006000 -0.008000
vt 0.006000 -0.007000
vt -0.006000 -0.007000
vt -0.006000 -0.008000
vt 0.006000 -0.008000
vt 0.006000 -0.007000
vt -0.006000 -0.007000
vt 0.007000 -0.007000
vt 0.007000 0.007000
vt 0.006000 0.007000
vt 0.006000 -0.007000
vt 0.007000 -0.007000
vt 0.007000 0.007000
vt 0.006000 0.007000
vt 0.006000 -0.007000
vt -0.007000 -0.007000
vt -0.007000 0.007000
vt -0.006000 0.007000
vt -0.006000 -0.007000
vt -0.007000 -0.007000
vt -0.007000 0.007000
vt -0.006000 0.007000
vt -0.006000 -0.007000
vt 0.007000 0.007000
vt 0.007000 0.007000
vt 0.006000 0.008000
vt 0.006000 0.008000
vt 0.007000 -0.007000
vt 0.007000 -0.007000
vt 0.006000 -0.008000
vt 0.006000 -0.008000
vt -0.007000 0.007000
vt -0.007000 0.007000
vt -0.006000 0.008000
vt -0.006000 0.008000
vt -0.007000 -0.007000
vt -0.007000 -0.007000
vt -0.006000 -0.008000
vt -0.006000 -0.008000
vt -0.006000 -0.007000
vt -0.006000 -0.008000
vt -0.007000 -0.007000
vt -0.006000 -0.007000
vt -0.006000 -0.008000
vt -0.007000 -0.007000
vt -0.006000 0.007000
vt -0.006000 0.008000
vt -0.007000 0.007000
vt -0.006000 0.007000
vt -0.006000 0.008000
vt -0.007000 0.007000
vt 0.006000 -0.007000
vt 0.006000 -0.008000
vt 0.007000 -0.007000
vt 0.006000 -0.007000
vt 0.006000 -0.008000
vt 0.007000 -0.007000
vt 0.006000 0.007000
vt 0.006000 0.008000
vt 0.007000 0.007000
vt 0.006000 0.007000
vt 0.006000 0.008000
vt 0.007000 0.007000
vt -0.006000 -0.007000
vt 0.006000 -0.007000
vt 0.006000 0.007000
vt -0.006000 0.007000
vt 0.006000 -0.007000
vt -0.006000 -0.007000
vt -0.006000 0.007000
vt 0.006000 0.007000
vt -0.006000 -0.087096
vt 0.006000 -0.087096
vt 0.006000 0.087096
vt -0.006000 0.087096
vt -0.006000 0.087096
vt 0.006000 0.087096
vt 0.006000 -0.087096
vt -0.006000 -0.087096
vt -0.087096 -0.007000
vt 0.087096 -0.007000
vt 0.087096 0.007000
vt -0.087096 0.007000
vt 0.087096 -0.007000
vt -0.087096 -0.007000
vt -0.087096 0.007000
vt 0.087096 0.007000
vt -0.006000 0.008000
vt 0.006000 0.008000
vt 0.006000 0.007000
vt -0.006000 0.007000
vt -0.006000 0.008000
vt 0.006000 0.008000
vt 0.006000 0.007000
vt -0.006000 0.007000
vt -0.006000 -0.008000
vt 0.006000 -0.008000
vt 0.006000 -0.007000
vt -0.006000 -0.007000
vt -0.006000 -0.008000
vt 0.006000 -0.008000
vt 0.006000 -0.007000
vt -0.006000 -0.007000
vt 0.007000 -0.007000
vt 0.007000 0.007000
vt 0.006000 0.007000
vt 0.006000 -0.007000
vt 0.007000 -0.007000
vt 0.007000 0.007000
vt 0.006000 0.007000
vt 0.006000 -0.007000
vt -0.007000 -0.007000
vt -0.007000 0.007000
vt -0.006000 0.007000
vt -0.006000 -0.007000
vt -0.007000 -0.007000
vt -0.007000 0.007000
vt -0.006000 0.007000
vt -0.006000 -0.007000
vt 0.007000 0.007000
vt 0.007000 0.007000
vt 0.006000 0.008000
vt 0.006000 0.008000
vt 0.007000 -0.007000
vt 0.007000 -0.007000
vt 0.006000 -0.008000
vt 0.006000 -0.008000
vt -0.007000 0.007000
vt -0.007000 0.007000
vt -0.006000 0.008000
vt -0.006000 0.008000
vt -0.007000 -0.007000
vt -0.007000 -0.007000
vt -0.006000 -0.008000
vt -0.006000 -0.008000
vt -0.006000 -0.007000
vt -0.006000 -0.008000
vt -0.007000 -0.007000
vt -0.006000 -0.007000
vt -0.006000 -0.008000
vt -0.007000 -0.007000
vt -0.006000 0.007000
vt -0.006000 0.008000
vt -0.007000 0.007000
vt -0.006000 0.007000
vt -0.006000 0.008000
vt -0.007000 0.007000
vt 0.006000 -0.007000
vt 0.006000 -0.008000
vt 0.007000 -0.007000
vt 0.006000 -0.007000
vt 0.006000 -0.008000
vt 0.007000 -0.007000
vt 0.006000 0.007000
vt 0.006000 0.008000
vt 0.007000 0.007000
vt 0.006000 0.007000
vt 0.006000 0.008000
vt 0.007000 0.007000
vt -0.006000 -0.007000
vt 0.006000 -0.007000
vt 0.006000 0.007000
vt -0.006000 0.007000
vt 0.006000 -0.007000
vt -0.006000 -0.007000
vt -0.006000 0.007000
vt 0.006000 0.007000
vt -0.006000 -0.087096
vt 0.006000 -0.087096
vt 0.006000 0.087096
vt -0.006000 0.087096
vt -0.006000 0.087096
vt 0.006000 0.087096
vt 0.006000 -0.087096
vt -0.006000 -0.087096
vt -0.087096 -0.007000
vt 0.087096 -0.007000
vt 0.087096 0.007000
vt -0.087096 0.007000
vt 0.087096 -0.007000
vt -0.087096 -0.007000
vt -0.087096 0.007000
vt 0.087096 0.007000
vt -0.006000 0.008000
vt 0.006000 0.008000
vt 0.006000 0.007000
vt -0.006000 0.007000
vt -0.006000 0.008000
vt 0.006000 0.008000
vt 0.006000 0.007000
vt -0.006000 0.007000
vt -0.006000 -0.008000
vt 0.006000 -0.008000
vt 0.006000 -0.007000
vt -0.006000 -0.007000
vt -0.006000 -0.008000
vt 0.006000 -0.008000
vt 0.006000 -0.007000
vt -0.006000 -0.007000
vt 0.007000 -0.007000
vt 0.007000 0.007000
vt 0.006000 0.007000
vt 0.006000 -0.007000
vt 0.007000 -0.007000
vt 0.007000 0.007000
vt 0.006000 0.007000
vt 0.006000 -0.007000
vt -0.007000 -0.007000
vt -0.007000 0.007000
vt -0.006000 0.007000
vt -0.006000 -0.007000
vt -0.007000 -0.007000
vt -0.007000 0.007000
vt -0.006000 0.007000
vt -0.006000 -0.007000
vt 0.007000 0.007000
vt 0.007000 0.007000
vt 0.006000 0.008000
vt 0.006000 0.008000
vt 0.007000 -0.007000
vt 0.007000 -0.007000
vt 0.006000 -0.008000
vt 0.006000 -0.008000
vt -0.007000 0.007000
vt -0.007000 0.007000
vt -0.006000 0.008000
vt -0.006000 0.008000
vt -0.007000 -0.007000
vt -0.007000 -0.007000
vt -0.006000 -0.008000
vt -0.006000 -0.008000
vt -0.006000 -0.007000
vt -0.006000 -0.008000
vt -0.007000 -0.007000
vt -0.006000 -0.007000
vt -0.006000 -0.008000
vt -0.007000 -0.007000
vt -0.006000 0.007000
vt -0.006000 0.008000
vt -0.007000 0.007000
vt -0.006000 0.007000
vt -0.006000 0.008000
vt -0.007000 0.007000
vt 0.006000 -0.007000
vt 0.006000 -0.008000
vt 0.007000 -0.007000
vt 0.006000 -0.007000
vt 0.006000 -0.008000
vt 0.007000 -0.007000
vt 0.006000 0.007000
vt 0.006000 0.008000
vt 0.007000 0.007000
vt 0.006000 0.007000
vt 0.006000 0.008000
vt 0.007000 0.007000
vt -0.006000 -0.007000
vt 0.006000 -0.007000
vt 0.006000 0.007000
vt -0.006000 0.007000
vt 0.006000 -0.007000
vt -0.006000 -0.007000
vt -0.006000 0.007000
vt 0.006000 0.007000
vt -0.006000 -0.087096
vt 0.006000 -0.087096
vt 0.006000 0.087096
vt -0.006000 0.087096
vt -0.006000 0.087096
vt 0.006000 0.087096
vt 0.006000 -0.087096
vt -0.006000 -0.087096
vt -0.087096 -0.007000
vt 0.087096 -0.007000
vt 0.087096 0.007000
vt -0.087096 0.007000
vt 0.087096 -0.007000
vt -0.087096 -0.007000
vt -0.087096 0.007000
vt 0.087096 0.007000
vt -0.006000 0.008000
vt 0.006000 0.008000
vt 0.006000 0.007000
vt -0.006000 0.007000
vt -0.006000 0.008000
vt 0.006000 0.008000
vt 0.006000 0.007000
vt -0.006000 0.007000
vt -0.006000 -0.008000
vt 0.006000 -0.008000
vt 0.006000 -0.007000
vt -0.006000 -0.007000
vt -0.006000 -0.008000
vt 0.006000 -0.008000
vt 0.006000 -0.007000
vt -0.006000 -0.007000
vt 0.007000 -0.007000
vt 0.007000 0.007000
vt 0.006000 0.007000
vt 0.006000 -0.007000
vt 0.007000 -0.007000
vt 0.007000 0.007000
vt 0.006000 0.007000
vt 0.006000 -0.007000
vt -0.007000 -0.007000
vt -0.007000 0.007000
vt -0.006000 0.007000
vt -0.006000 -0.007000
vt -0.007000 -0.007000
vt -0.007000 0.007000
vt -0.006000 0.007000
vt -0.006000 -0.007000
vt 0.007000 0.007000
vt 0.007000 0.007000
vt 0.006000 0.008000
vt 0.006000 0.008000
vt 0.007000 -0.007000
vt 0.007000 -0.007000
vt 0.006000 -0.008000
vt 0.006000 -0.008000
vt -0.007000 0.007000
vt -0.007000 0.007000
vt -0.006000 0.008000
vt -0.006000 0.008000
vt -0.007000 -0.007000
vt -0.007000 -0.007000
vt -0.006000 -0.008000
vt -0.006000 -0.008000
vt -0.006000 -0.007000
vt -0.006000 -0.008000
vt -0.007000 -0.007000
vt -0.006000 -0.007000
vt -0.006000 -0.008000
vt -0.007000 -0.007000
vt -0.006000 0.007000
vt -0.006000 0.008000
vt -0.007000 0.007000
vt -0.006000 0.007000
vt -0.006000 0.008000
vt -0.007000 0.007000
vt 0.006000 -0.007000
vt 0.006000 -0.008000
vt 0.007000 -0.007000
vt 0.006000 -0.007000
vt 0.006000 -0.008000
vt 0.007000 -0.007000
vt 0.006000 0.007000
vt 0.006000 0.008000
vt 0.007000 0.007000
vt 0.006000 0.007000
vt 0.006000 0.008000
vt 0.007000 0.007000
vt -0.006000 -0.007000
vt 0.006000 -0.007000
vt 0.006000 0.007000
vt -0.006000 0.007000
vt 0.006000 -0.007000
vt -0.006000 -0.007000
vt -0.006000 0.007000
vt 0.006000 0.007000
vt -0.006000 -0.087096
vt 0.006000 -0.087096
vt 0.006000 0.087096
vt -0.006000 0.087096
vt -0.006000 0.087096
vt 0.006000 0.087096
vt 0.006000 -0.087096
vt -0.006000 -0.087096
vt -0.087096 -0.007000
vt 0.087096 -0.007000
vt 0.087096 0.007000
vt -0.087096 0.007000
vt 0.087096 -0.007000
vt -0.087096 -0.007000
vt -0.087096 0.007000
vt 0.087096 0.007000
vt -0.006000 0.008000
vt 0.006000 0.008000
vt 0.006000 0.007000
vt -0.006000 0.007000
vt -0.006000 0.008000
vt 0.006000 0.008000
vt 0.006000 0.007000
vt -0.006000 0.007000
vt -0.006000 -0.008000
vt 0.006000 -0.008000
vt 0.006000 -0.007000
vt -0.006000 -0.007000
vt -0.006000 -0.008000
vt 0.006000 -0.008000
vt 0.006000 -0.007000
vt -0.006000 -0.007000
vt 0.007000 -0.007000
vt 0.007000 0.007000
vt 0.006000 0.007000
vt 0.006000 -0.007000
vt 0.007000 -0.007000
vt 0.007000 0.007000
vt 0.006000 0.007000
vt 0.006000 -0.007000
vt -0.007000 -0.007000
vt -0.007000 0.007000
vt -0.006000 0.007000
vt -0.006000 -0.007000
vt -0.007000 -0.007000
vt -0.007000 0.007000
vt -0.006000 0.007000
vt -0.006000 -0.007000
vt 0.007000 0.007000
vt 0.007000 0.007000
vt 0.006000 0.008000
vt 0.006000 0.008000
vt 0.007000 -0.007000
vt 0.007000 -0.007000
vt 0.006000 -0.008000
vt 0.006000 -0.008000
vt -0.007000 0.007000
vt -0.007000 0.007000
vt -0.006000 0.008000
vt -0.006000 0.008000
vt -0.007000 -0.007000
vt -0.007000 -0.007000
vt -0.006000 -0.008000
vt -0.006000 -0.008000
vt -0.006000 -0.007000
vt -0.006000 -0.008000
vt -0.007000 -0.007000
vt -0.006000 -0.007000
vt -0.006000 -0.008000
vt -0.007000 -0.007000
vt -0.006000 0.007000
vt -0.006000 0.008000
vt -0.007000 0.007000
vt -0.006000 0.007000
vt -0.006000 0.008000
vt -0.007000 0.007000
vt 0.006000 -0.007000
vt 0.006000 -0.008000
vt 0.007000 -0.007000
vt 0.006000 -0.007000
vt 0.006000 -0.008000
vt 0.007000 -0.007000
vt 0.006000 0.007000
vt 0.006000 0.008000
vt 0.007000 0.007000
vt 0.006000 0.007000
vt 0.006000 0.008000
vt 0.007000 0.007000
vt -0.006000 -0.007000
vt 0.006000 -0.007000
vt 0.006000 0.007000
vt -0.006000 0.007000
vt 0.006000 -0.007000
vt -0.006000 -0.007000
vt -0.006000 0.007000
vt 0.006000 0.007000
vt -0.006000 -0.087096
vt 0.006000 -0.087096
vt 0.006000 0.087096
vt -0.006000 0.087096
vt -0.006000 0.087096
vt 0.006000 0.087096
vt 0.006000 -0.087096
vt -0.006000 -0.087096
vt -0.087096 -0.007000
vt 0.087096 -0.007000
vt 0.087096 0.007000
vt -0.087096 0.007000
vt 0.087096 -0.007000
vt -0.087096 -0.007000
vt -0.087096 0.007000
vt 0.087096 0.007000
vt -0.006000 0.008000
vt 0.006000 0.008000
vt 0.006000 0.007000
vt -0.006000 0.007000
vt -0.006000 0.008000
vt 0.006000 0.008000
vt 0.006000 0.007000
vt -0.006000 0.007000
vt -0.006000 -0.008000
vt 0.006000 -0.008000
vt 0.006000 -0.007000
vt -0.006000 -0.007000
vt -0.006000 -0.008000
vt 0.006000 -0.008000
vt 0.006000 -0.007000
vt -0.006000 -0.007000
vt 0.007000 -0.007000
vt 0.007000 0.007000
vt 0.006000 0.007000
vt 0.006000 -0.007000
vt 0.007000 -0.007000
vt 0.007000 0.007000
vt 0.006000 0.007000
vt 0.006000 -0.007000
vt -0.007000 -0.007000
vt -0.007000 0.007000
vt -0.006000 0.007000
vt -0.006000 -0.007000
vt -0.007000 -0.007000
vt -0.007000 0.007000
vt -0.006000 0.007000
vt -0.006000 -0.007000
vt 0.007000 0.007000
vt 0.007000 0.007000
vt 0.006000 0.008000
vt 0.006000 0.008000
vt 0.007000 -0.007000
vt 0.007000 -0.007000
vt 0.006000 -0.008000
vt 0.006000 -0.008000
vt -0.007000 0.007000
vt -0.007000 0.007000
vt -0.006000 0.008000
vt -0.006000 0.008000
vt -0.007000 -0.007000
vt -0.007000 -0.007000
vt -0.006000 -0.008000
vt -0.006000 -0.008000
vt -0.006000 -0.007000
vt -0.006000 -0.008000
vt -0.007000 -0.007000
vt -0.006000 -0.007000
vt -0.006000 -0.008000
vt -0.007000 -0.007000
vt -0.006000 0.007000
vt -0.006000 0.008000
vt -0.007000 0.007000
vt -0.006000 0.007000
vt -0.006000 0.008000
vt -0.007000 0.007000
vt 0.006000 -0.007000
vt 0.006000 -0.008000
vt 0.007000 -0.007000
vt 0.006000 -0.007000
vt 0.006000 -0.008000
vt 0.007000 -0.007000
vt 0.006000 0.007000
vt 0.006000 0.008000
vt 0.007000 0.007000
vt 0.006000 0.007000
vt 0.006000 0.008000
vt 0.007000 0.007000
vt -0.006000 -0.007000
vt 0.006000 -0.007000
vt 0.006000 0.007000
vt -0.006000 0.007000
vt 0.006000 -0.007000
vt -0.006000 -0.007000
vt -0.006000 0.007000
vt 0.006000 0.007000
vt -0.006000 -0.087096
vt 0.006000 -0.087096
vt 0.006000 0.087096
vt -0.006000 0.087096
vt -0.006000 0.087096
vt 0.006000 0.087096
vt 0.006000 -0.087096
vt -0.006000 -0.087096
vt -0.087096 -0.007000
vt 0.087096 -0.007000
vt 0.087096 0.007000
vt -0.087096 0.007000
vt 0.087096 -0.007000
vt -0.087096 -0.007000
vt -0.087096 0.007000
vt 0.087096 0.007000
vt -0.006000 0.008000
vt 0.006000 0.008000
vt 0.006000 0.007000
vt -0.006000 0.007000
vt -0.006000 0.008000
vt 0.006000 0.008000
vt 0.006000 0.007000
vt -0.006000 0.007000
vt -0.006000 -0.008000
vt 0.006000 -0.008000
vt 0.006000 -0.007000
vt -0.006000 -0.007000
vt -0.006000 -0.008000
vt 0.006000 -0.008000
vt 0.006000 -0.007000
vt -0.006000 -0.007000
vt 0.007000 -0.007000
vt 0.007000 0.007000
vt 0.006000 0.007000
vt 0.006000 -0.007000
vt 0.007000 -0.007000
vt 0.007000 0.007000
vt 0.006000 0.007000
vt 0.006000 -0.007000
vt -0.007000 -0.007000
vt -0.007000 0.007000
vt -0.006000 0.007000
vt -0.006000 -0.007000
vt -0.007000 -0.007000
vt -0.007000 0.007000
vt -0.006000 0.007000
vt -0.006000 -0.007000
vt 0.007000 0.007000
vt 0.007000 0.007000
vt 0.006000 0.008000
vt 0.006000 0.008000
vt 0.007000 -0.007000
vt 0.007000 -0.007000
vt 0.006000 -0.008000
vt 0.006000 -0.008000
vt -0.007000 0.007000
vt -0.007000 0.007000
vt -0.006000 0.008000
vt -0.006000 0.008000
vt -0.007000 -0.007000
vt -0.007000 -0.007000
vt -0.006000 -0.008000
vt -0.006000 -0.008000
vt -0.006000 -0.007000
vt -0.006000 -0.008000
vt -0.007000 -0.007000
vt -0.006000 -0.007000
vt -0.006000 -0.008000
vt -0.007000 -0.007000
vt -0.006000 0.007000
vt -0.006000 0.008000
vt -0.007000 0.007000
vt -0.006000 0.007000
vt -0.006000 0.008000
vt -0.007000 0.007000
vt 0.006000 -0.007000
vt 0.006000 -0.008000
vt 0.007000 -0.007000
vt 0.006000 -0.007000
vt 0.006000 -0.008000
vt 0.007000 -0.007000
vt 0.006000 0.007000
vt 0.006000 0.008000
vt 0.007000 0.007000
vt 0.006000 0.007000
vt 0.006000 0.008000
vt 0.007000 0.007000
vt -0.006000 -0.007000
vt 0.006000 -0.007000
vt 0.006000 0.007000
vt -0.006000 0.007000
vt 0.006000 -0.007000
vt -0.006000 -0.007000
vt -0.006000 0.007000
vt 0.006000 0.007000
vt -0.006000 -0.087096
vt 0.006000 -0.087096
vt 0.006000 0.087096
vt -0.006000 0.087096
vt -0.006000 0.087096
vt 0.006000 0.087096
vt 0.006000 -0.087096
vt -0.006000 -0.087096
vt -0.087096 -0.007000
vt 0.087096 -0.007000
vt 0.087096 0.007000
vt -0.087096 0.007000
vt 0.087096 -0.007000
vt -0.087096 -0.007000
vt -0.087096 0.007000
vt 0.087096 0.007000
vt -0.006000 0.008000
vt 0.006000 0.008000
vt 0.006000 0.007000
vt -0.006000 0.007000
vt -0.006000 0.008000
vt 0.006000 0.008000
vt 0.006000 0.007000
vt -0.006000 0.007000
vt -0.006000 -0.008000
vt 0.006000 -0.008000
vt 0.006000 -0.007000
vt -0.006000 -0.007000
vt -0.006000 -0.008000
vt 0.006000 -0.008000
vt 0.006000 -0.007000
vt -0.006000 -0.007000
vt 0.007000 -0.007000
vt 0.007000 0.007000
vt 0.006000 0.007000
vt 0.006000 -0.007000
vt 0.007000 -0.007000
vt 0.007000 0.007000
vt 0.006000 0.007000
vt 0.006000 -0.007000
vt -0.007000 -0.007000
vt -0.007000 0.007000
vt -0.006000 0.007000
vt -0.006000 -0.007000
vt -0.007000 -0.007000
vt -0.007000 0.007000
vt -0.006000 0.007000
vt -0.006000 -0.007000
vt 0.007000 0.007000
vt 0.007000 0.007000
vt 0.006000 0.008000
vt 0.006000 0.008000
vt 0.007000 -0.007000
vt 0.007000 -0.007000
vt 0.006000 -0.008000
vt 0.006000 -0.008000
vt -0.007000 0.007000
vt -0.007000 0.007000
vt -0.006000 0.008000
vt -0.006000 0.008000
vt -0.007000 -0.007000
vt -0.007000 -0.007000
vt -0.006000 -0.008000
vt -0.006000 -0.008000
vt -0.006000 -0.007000
vt -0.006000 -0.008000
vt -0.007000 -0.007000
vt -0.006000 -0.007000
vt -0.006000 -0.008000
vt -0.007000 -0.007000
vt -0.006000 0.007000
vt -0.006000 0.008000
vt -0.007000 0.007000
vt -0.006000 0.007000
vt -0.006000 0.008000
vt -0.007000 0.007000
vt 0.006000 -0.007000
vt 0.006000 -0.008000
vt 0.007000 -0.007000
vt 0.006000 -0.007000
vt 0.006000 -0.008000
vt 0.007000 -0.007000
vt 0.006000 0.007000
vt 0.006000 0.008000
vt 0.007000 0.007000
vt 0.006000 0.007000
vt 0.006000 0.008000
vt 0.007000 0.007000
vt -0.319975 -0.006000
vt 0.319975 -0.006000
vt 0.319975 0.006000
vt -0.319975 0.006000
vt 0.319975 -0.006000
vt -0.319975 -0.006000
vt -0.319975 0.006000
vt 0.319975 0.006000
vt -0.319975 -0.028000
vt 0.319975 -0.028000
vt 0.319975 0.028000
vt -0.319975 0.028000
vt -0.319975 0.028000
vt 0.319975 0.028000
vt 0.319975 -0.028000
vt -0.319975 -0.028000
vt -0.028000 -0.006000
vt 0.028000 -0.006000
vt 0.028000 0.006000
vt -0.028000 0.006000
vt 0.028000 -0.006000
vt -0.028000 -0.006000
vt -0.028000 0.006000
vt 0.028000 0.006000
vt -0.319975 0.008000
vt 0.319975 0.008000
vt 0.319975 0.006000
vt -0.319975 0.006000
vt -0.319975 0.008000
vt 0.319975 0.008000
vt 0.319975 0.006000
vt -0.319975 0.006000
vt -0.319975 -0.008000
vt 0.319975 -0.008000
vt 0.319975 -0.006000
vt -0.319975 -0.006000
vt -0.319975 -0.008000
vt 0.319975 -0.008000
vt 0.319975 -0.006000
vt -0.319975 -0.006000
vt 0.321975 -0.006000
vt 0.321975 0.006000
vt 0.319975 0.006000
vt 0.319975 -0.006000
vt 0.321975 -0.006000
vt 0.321975 0.006000
vt 0.319975 0.006000
vt 0.319975 -0.006000
vt -0.321975 -0.006000
vt -0.321975 0.006000
vt -0.319975 0.006000
vt -0.319975 -0.006000
vt -0.321975 -0.006000
vt -0.321975 0.006000
vt -0.319975 0.006000
vt -0.319975 -0.006000
vt 0.321975 0.006000
vt 0.321975 0.006000
vt 0.319975 0.008000
vt 0.319975 0.008000
vt 0.321975 -0.006000
vt 0.321975 -0.006000
vt 0.319975 -0.008000
vt 0.319975 -0.008000
vt -0.321975 0.006000
vt -0.321975 0.006000
vt -0.319975 0.008000
vt -0.319975 0.008000
vt -0.321975 -0.006000
vt -0.321975 -0.006000
vt -0.319975 -0.008000
vt -0.319975 -0.008000
vt -0.319975 -0.006000
vt -0.319975 -0.008000
vt -0.321975 -0.006000
vt -0.319975 -0.006000
vt -0.319975 -0.008000
vt -0.321975 -0.006000
vt -0.319975 0.006000
vt -0.319975 0.008000
vt -0.321975 0.006000
vt -0.319975 0.006000
vt -0.319975 0.008000
vt -0.321975 0.006000
vt 0.319975 -0.006000
vt 0.319975 -0.008000
vt 0.321975 -0.006000
vt 0.319975 -0.006000
vt 0.319975 -0.008000
vt 0.321975 -0.006000
vt 0.319975 0.006000
vt 0.319975 0.008000
vt 0.321975 0.006000
vt 0.319975 0.006000
vt 0.319975 0.008000
vt 0.321975 0.006000
vt -0.255116 -0.004000
vt 0.255116 -0.004000
vt 0.255116 0.004000
vt -0.255116 0.004000
vt 0.255116 -0.004000
vt -0.255116 -0.004000
vt -0.255116 0.004000
vt 0.255116 0.004000
vt -0.255116 -0.016500
vt 0.255116 -0.016500
vt 0.255116 0.016500
vt -0.255116 0.016500
vt -0.255116 0.016500
vt 0.255116 0.016500
vt 0.255116 -0.016500
vt -0.255116 -0.016500
vt -0.016500 -0.004000
vt 0.016500 -0.004000
vt 0.016500 0.004000
vt -0.016500 0.004000
vt 0.016500 -0.004000
vt -0.016500 -0.004000
vt -0.016500 0.004000
vt 0.016500 0.004000
vt -0.255116 0.005000
vt 0.255116 0.005000
vt 0.255116 0.004000
vt -0.255116 0.004000
vt -0.255116 0.005000
vt 0.255116 0.005000
vt 0.255116 0.004000
vt -0.255116 0.004000
vt -0.255116 -0.005000
vt 0.255116 -0.005000
vt 0.255116 -0.004000
vt -0.255116 -0.004000
vt -0.255116 -0.005000
vt 0.255116 -0.005000
vt 0.255116 -0.004000
vt -0.255116 -0.004000
vt 0.256116 -0.004000
vt 0.256116 0.004000
vt 0.255116 0.004000
vt 0.255116 -0.004000
vt 0.256116 -0.004000
vt 0.256116 0.004000
vt 0.255116 0.004000
vt 0.255116 -0.004000
vt -0.256116 -0.004000
vt -0.256116 0.004000
vt -0.255116 0.004000
vt -0.255116 -0.004000
vt -0.256116 -0.004000
vt -0.256116 0.004000
vt -0.255116 0.004000
vt -0.255116 -0.004000
vt 0.256116 0.004000
vt 0.256116 0.004000
vt 0.255116 0.005000
vt 0.255116 0.005000
vt 0.256116 -0.004000
vt 0.256116 -0.004000
vt 0.255116 -0.005000
vt 0.255116 -0.005000
vt -0.256116 0.004000
vt -0.256116 0.004000
vt -0.255116 0.005000
vt -0.255116 0.005000
vt -0.256116 -0.004000
vt -0.256116 -0.004000
vt -0.255116 -0.005000
vt -0.255116 -0.005000
vt -0.255116 -0.004000
vt -0.255116 -0.005000
vt -0.256116 -0.004000
vt -0.255116 -0.004000
vt -0.255116 -0.005000
vt -0.256116 -0.004000
vt -0.255116 0.004000
vt -0.255116 0.005000
vt -0.256116 0.004000
vt -0.255116 0.004000
vt -0.255116 0.005000
vt -0.256116 0.004000
vt 0.255116 -0.004000
vt 0.255116 -0.005000
vt 0.256116 -0.004000
vt 0.255116 -0.004000
vt 0.255116 -0.005000
vt 0.256116 -0.004000
vt 0.255116 0.004000
vt 0.255116 0.005000
vt 0.256116 0.004000
vt 0.255116 0.004000
vt 0.255116 0.005000
vt 0.256116 0.004000
vt -0.015500 -0.005000
vt 0.015500 -0.005000
vt 0.015500 0.005000
vt -0.015500 0.005000
vt 0.015500 -0.005000
vt -0.015500 -0.005000
vt -0.015500 0.005000
vt 0.015500 0.005000
vt -0.015500 -0.149415
vt 0.015500 -0.149415
vt 0.015500 0.149415
vt -0.015500 0.149415
vt -0.015500 0.149415
vt 0.015500 0.149415
vt 0.015500 -0.149415
vt -0.015500 -0.149415
vt -0.149415 -0.005000
vt 0.149415 -0.005000
vt 0.149415 0.005000
vt -0.149415 0.005000
vt 0.149415 -0.005000
vt -0.149415 -0.005000
vt -0.149415 0.005000
vt 0.149415 0.005000
vt -0.015500 0.007000
vt 0.015500 0.007000
vt 0.015500 0.005000
vt -0.015500 0.005000
vt -0.015500 0.007000
vt 0.015500 0.007000
vt 0.015500 0.005000
vt -0.015500 0.005000
vt -0.015500 -0.007000
vt 0.015500 -0.007000
vt 0.015500 -0.005000
vt -0.015500 -0.005000
vt -0.015500 -0.007000
vt 0.015500 -0.007000
vt 0.015500 -0.005000
vt -0.015500 -0.005000
vt 0.017500 -0.005000
vt 0.017500 0.005000
vt 0.015500 0.005000
vt 0.015500 -0.005000
vt 0.017500 -0.005000
vt 0.017500 0.005000
vt 0.015500 0.005000
vt 0.015500 -0.005000
vt -0.017500 -0.005000
vt -0.017500 0.005000
vt -0.015500 0.005000
vt -0.015500 -0.005000
vt -0.017500 -0.005000
vt -0.017500 0.005000
vt -0.015500 0.005000
vt -0.015500 -0.005000
vt 0.017500 0.005000
vt 0.017500 0.005000
vt 0.015500 0.007000
vt 0.015500 0.007000
vt 0.017500 -0.005000
vt 0.017500 -0.005000
vt 0.015500 -0.007000
vt 0.015500 -0.007000
vt -0.017500 0.005000
vt -0.017500 0.005000
vt -0.015500 0.007000
vt -0.015500 0.007000
vt -0.017500 -0.005000
vt -0.017500 -0.005000
vt -0.015500 -0.007000
vt -0.015500 -0.007000
vt -0.015500 -0.005000
vt -0.015500 -0.007000
vt -0.017500 -0.005000
vt -0.015500 -0.005000
vt -0.015500 -0.007000
vt -0.017500 -0.005000
vt -0.015500 0.005000
vt -0.015500 0.007000
vt -0.017500 0.005000
vt -0.015500 0.005000
vt -0.015500 0.007000
vt -0.017500 0.005000
vt 0.015500 -0.005000
vt 0.015500 -0.007000
vt 0.017500 -0.005000
vt 0.015500 -0.005000
vt 0.015500 -0.007000
vt 0.017500 -0.005000
vt 0.015500 0.005000
vt 0.015500 0.007000
vt 0.017500 0.005000
vt 0.015500 0.005000
vt 0.015500 0.007000
vt 0.017500 0.005000
vt -0.018000 -0.048000
vt 0.018000 -0.048000
vt 0.018000 0.048000
vt -0.018000 0.048000
vt 0.018000 -0.048000
vt -0.018000 -0.048000
vt -0.018000 0.048000
vt 0.018000 0.048000
vt -0.018000 -0.006000
vt 0.018000 -0.006000
vt 0.018000 0.006000
vt -0.018000 0.006000
vt -0.018000 0.006000
vt 0.018000 0.006000
vt 0.018000 -0.006000
vt -0.018000 -0.006000
vt -0.006000 -0.048000
vt 0.006000 -0.048000
vt 0.006000 0.048000
vt -0.006000 0.048000
vt 0.006000 -0.048000
vt -0.006000 -0.048000
vt -0.006000 0.048000
vt 0.006000 0.048000
vt -0.018000 0.050000
vt 0.018000 0.050000
vt 0.018000 0.048000
vt -0.018000 0.048000
vt -0.018000 0.050000
vt 0.018000 0.050000
vt 0.018000 0.048000
vt -0.018000 0.048000
vt -0.018000 -0.050000
vt 0.018000 -0.050000
vt 0.018000 -0.048000
vt -0.018000 -0.048000
vt -0.018000 -0.050000
vt 0.018000 -0.050000
vt 0.018000 -0.048000
vt -0.018000 -0.048000
vt 0.020000 -0.048000
vt 0.020000 0.048000
vt 0.018000 0.048000
vt 0.018000 -0.048000
vt 0.020000 -0.048000
vt 0.020000 0.048000
vt 0.018000 0.048000
vt 0.018000 -0.048000
vt -0.020000 -0.048000
vt -0.020000 0.048000
vt -0.018000 0.048000
vt -0.018000 -0.048000
vt -0.020000 -0.048000
vt -0.020000 0.048000
vt -0.018000 0.048000
vt -0.018000 -0.048000
vt 0.020000 0.048000
vt 0.020000 0.048000
vt 0.018000 0.050000
vt 0.018000 0.050000
vt 0.020000 -0.048000
vt 0.020000 -0.048000
vt 0.018000 -0.050000
vt 0.018000 -0.050000
vt -0.020000 0.048000
vt -0.020000 0.048000
vt -0.018000 0.050000
vt -0.018000 0.050000
vt -0.020000 -0.048000
vt -0.020000 -0.048000
vt -0.018000 -0.050000
vt -0.018000 -0.050000
vt -0.018000 -0.048000
vt -0.018000 -0.050000
vt -0.020000 -0.048000
vt -0.018000 -0.048000
vt -0.018000 -0.050000
vt -0.020000 -0.048000
vt -0.018000 0.048000
vt -0.018000 0.050000
vt -0.020000 0.048000
vt -0.018000 0.048000
vt -0.018000 0.050000
vt -0.020000 0.048000
vt 0.018000 -0.048000
vt 0.018000 -0.050000
vt 0.020000 -0.048000
vt 0.018000 -0.048000
vt 0.018000 -0.050000
vt 0.020000 -0.048000
vt 0.018000 0.048000
vt 0.018000 0.050000
vt 0.020000 0.048000
vt 0.018000 0.048000
vt 0.018000 0.050000
vt 0.020000 0.048000
vt 0.000000 0.000000
vt 0.166667 0.000000
vt 0.333333 0.000000
vt 0.500000 0.000000
vt 0.666667 0.000000
vt 0.833333 0.000000
vt 0.000000 0.000000
vt 0.166667 0.000000
vt 0.333333 0.000000
vt 0.500000 0.000000
vt 0.666667 0.000000
vt 0.833333 0.000000
vt 0.000000 0.362512
vt 0.166667 0.362512
vt 0.333333 0.362512
vt 0.500000 0.362512
vt 0.666667 0.362512
vt 0.833333 0.362512
vt 0.000000 0.362512
vt 0.166667 0.362512
vt 0.333333 0.362512
vt 0.500000 0.362512
vt 0.666667 0.362512
vt 0.833333 0.362512
vt 0.500000 0.500000
vt 0.500000 0.500000
vt 0.000000 0.000000
vt 0.200000 0.000000
vt 0.400000 0.000000
vt 0.600000 0.000000
vt 0.800000 0.000000
vt 0.000000 0.000000
vt 0.200000 0.000000
vt 0.400000 0.000000
vt 0.600000 0.000000
vt 0.800000 0.000000
vt 0.000000 0.015000
vt 0.200000 0.015000
vt 0.400000 0.015000
vt 0.600000 0.015000
vt 0.800000 0.015000
vt 0.000000 0.015000
vt 0.200000 0.015000
vt 0.400000 0.015000
vt 0.600000 0.015000
vt 0.800000 0.015000
vt 0.500000 0.500000
vt 0.500000 0.500000
vt -0.015500 -0.005000
vt 0.015500 -0.005000
vt 0.015500 0.005000
vt -0.015500 0.005000
vt 0.015500 -0.005000
vt -0.015500 -0.005000
vt -0.015500 0.005000
vt 0.015500 0.005000
vt -0.015500 -0.149415
vt 0.015500 -0.149415
vt 0.015500 0.149415
vt -0.015500 0.149415
vt -0.015500 0.149415
vt 0.015500 0.149415
vt 0.015500 -0.149415
vt -0.015500 -0.149415
vt -0.149415 -0.005000
vt 0.149415 -0.005000
vt 0.149415 0.005000
vt -0.149415 0.005000
vt 0.149415 -0.005000
vt -0.149415 -0.005000
vt -0.149415 0.005000
vt 0.149415 0.005000
vt -0.015500 0.007000
vt 0.015500 0.007000
vt 0.015500 0.005000
vt -0.015500 0.005000
vt -0.015500 0.007000
vt 0.015500 0.007000
vt 0.015500 0.005000
vt -0.015500 0.005000
vt -0.015500 -0.007000
vt 0.015500 -0.007000
vt 0.015500 -0.005000
vt -0.015500 -0.005000
vt -0.015500 -0.007000
vt 0.015500 -0.007000
vt 0.015500 -0.005000
vt -0.015500 -0.005000
vt 0.017500 -0.005000
vt 0.017500 0.005000
vt 0.015500 0.005000
vt 0.015500 -0.005000
vt 0.017500 -0.005000
vt 0.017500 0.005000
vt 0.015500 0.005000
vt 0.015500 -0.005000
vt -0.017500 -0.005000
vt -0.017500 0.005000
vt -0.015500 0.005000
vt -0.015500 -0.005000
vt -0.017500 -0.005000
vt -0.017500 0.005000
vt -0.015500 0.005000
vt -0.015500 -0.005000
vt 0.017500 0.005000
vt 0.017500 0.005000
vt 0.015500 0.007000
vt 0.015500 0.007000
vt 0.017500 -0.005000
vt 0.017500 -0.005000
vt 0.015500 -0.007000
vt 0.015500 -0.007000
vt -0.017500 0.005000
vt -0.017500 0.005000
vt -0.015500 0.007000
vt -0.015500 0.007000
vt -0.017500 -0.005000
vt -0.017500 -0.005000
vt -0.015500 -0.007000
vt -0.015500 -0.007000
vt -0.015500 -0.005000
vt -0.015500 -0.007000
vt -0.017500 -0.005000
vt -0.015500 -0.005000
vt -0.015500 -0.007000
vt -0.017500 -0.005000
vt -0.015500 0.005000
vt -0.015500 0.007000
vt -0.017500 0.005000
vt -0.015500 0.005000
vt -0.015500 0.007000
vt -0.017500 0.005000
vt 0.015500 -0.005000
vt 0.015500 -0.007000
vt 0.017500 -0.005000
vt 0.015500 -0.005000
vt 0.015500 -0.007000
vt 0.017500 -0.005000
vt 0.015500 0.005000
vt 0.015500 0.007000
vt 0.017500 0.005000
vt 0.015500 0.005000
vt 0.015500 0.007000
vt 0.017500 0.005000
vt -0.018000 -0.048000
vt 0.018000 -0.048000
vt 0.018000 0.048000
vt -0.018000 0.048000
vt 0.018000 -0.048000
vt -0.018000 -0.048000
vt -0.018000 0.048000
vt 0.018000 0.048000
vt -0.018000 -0.006000
vt 0.018000 -0.006000
vt 0.018000 0.006000
vt -0.018000 0.006000
vt -0.018000 0.006000
vt 0.018000 0.006000
vt 0.018000 -0.006000
vt -0.018000 -0.006000
vt -0.006000 -0.048000
vt 0.006000 -0.048000
vt 0.006000 0.048000
vt -0.006000 0.048000
vt 0.006000 -0.048000
vt -0.006000 -0.048000
vt -0.006000 0.048000
vt 0.006000 0.048000
vt -0.018000 0.050000
vt 0.018000 0.050000
vt 0.018000 0.048000
vt -0.018000 0.048000
vt -0.018000 0.050000
vt 0.018000 0.050000
vt 0.018000 0.048000
vt -0.018000 0.048000
vt -0.018000 -0.050000
vt 0.018000 -0.050000
vt 0.018000 -0.048000
vt -0.018000 -0.048000
vt -0.018000 -0.050000
vt 0.018000 -0.050000
vt 0.018000 -0.048000
vt -0.018000 -0.048000
vt 0.020000 -0.048000
vt 0.020000 0.048000
vt 0.018000 0.048000
vt 0.018000 -0.048000
vt 0.020000 -0.048000
vt 0.020000 0.048000
vt 0.018000 0.048000
vt 0.018000 -0.048000
vt -0.020000 -0.048000
vt -0.020000 0.048000
vt -0.018000 0.048000
vt -0.018000 -0.048000
vt -0.020000 -0.048000
vt -0.020000 0.048000
vt -0.018000 0.048000
vt -0.018000 -0.048000
vt 0.020000 0.048000
vt 0.020000 0.048000
vt 0.018000 0.050000
vt 0.018000 0.050000
vt 0.020000 -0.048000
vt 0.020000 -0.048000
vt 0.018000 -0.050000
vt 0.018000 -0.050000
vt -0.020000 0.048000
vt -0.020000 0.048000
vt -0.018000 0.050000
vt -0.018000 0.050000
vt -0.020000 -0.048000
vt -0.020000 -0.048000
vt -0.018000 -0.050000
vt -0.018000 -0.050000
vt -0.018000 -0.048000
vt -0.018000 -0.050000
vt -0.020000 -0.048000
vt -0.018000 -0.048000
vt -0.018000 -0.050000
vt -0.020000 -0.048000
vt -0.018000 0.048000
vt -0.018000 0.050000
vt -0.020000 0.048000
vt -0.018000 0.048000
vt -0.018000 0.050000
vt -0.020000 0.048000
vt 0.018000 -0.048000
vt 0.018000 -0.050000
vt 0.020000 -0.048000
vt 0.018000 -0.048000
vt 0.018000 -0.050000
vt 0.020000 -0.048000
vt 0.018000 0.048000
vt 0.018000 0.050000
vt 0.020000 0.048000
vt 0.018000 0.048000
vt 0.018000 0.050000
vt 0.020000 0.048000
vt 0.000000 0.000000
vt 0.166667 0.000000
vt 0.333333 0.000000
vt 0.500000 0.000000
vt 0.666667 0.000000
vt 0.833333 0.000000
vt 0.000000 0.000000
vt 0.166667 0.000000
vt 0.333333 0.000000
vt 0.500000 0.000000
vt 0.666667 0.000000
vt 0.833333 0.000000
vt 0.000000 0.362512
vt 0.166667 0.362512
vt 0.333333 0.362512
vt 0.500000 0.362512
vt 0.666667 0.362512
vt 0.833333 0.362512
vt 0.000000 0.362512
vt 0.166667 0.362512
vt 0.333333 0.362512
vt 0.500000 0.362512
vt 0.666667 0.362512
vt 0.833333 0.362512
vt 0.500000 0.500000
vt 0.500000 0.500000
vt 0.000000 0.000000
vt 0.200000 0.000000
vt 0.400000 0.000000
vt 0.600000 0.000000
vt 0.800000 0.000000
vt 0.000000 0.000000
vt 0.200000 0.000000
vt 0.400000 0.000000
vt 0.600000 0.000000
vt 0.800000 0.000000
vt 0.000000 0.015000
vt 0.200000 0.015000
vt 0.400000 0.015000
vt 0.600000 0.015000
vt 0.800000 0.015000
vt 0.000000 0.015000
vt 0.200000 0.015000
vt 0.400000 0.015000
vt 0.600000 0.015000
vt 0.800000 0.015000
vt 0.500000 0.500000
vt 0.500000 0.500000
vt -0.008000 -0.038000
vt 0.008000 -0.038000
vt 0.008000 0.038000
vt -0.008000 0.038000
vt 0.008000 -0.038000
vt -0.008000 -0.038000
vt -0.008000 0.038000
vt 0.008000 0.038000
vt -0.008000 -0.048000
vt 0.008000 -0.048000
vt 0.008000 0.048000
vt -0.008000 0.048000
vt -0.008000 0.048000
vt 0.008000 0.048000
vt 0.008000 -0.048000
vt -0.008000 -0.048000
vt -0.048000 -0.038000
vt 0.048000 -0.038000
vt 0.048000 0.038000
vt -0.048000 0.038000
vt 0.048000 -0.038000
vt -0.048000 -0.038000
vt -0.048000 0.038000
vt 0.048000 0.038000
vt -0.008000 0.040000
vt 0.008000 0.040000
vt 0.008000 0.038000
vt -0.008000 0.038000
vt -0.008000 0.040000
vt 0.008000 0.040000
vt 0.008000 0.038000
vt -0.008000 0.038000
vt -0.008000 -0.040000
vt 0.008000 -0.040000
vt 0.008000 -0.038000
vt -0.008000 -0.038000
vt -0.008000 -0.040000
vt 0.008000 -0.040000
vt 0.008000 -0.038000
vt -0.008000 -0.038000
vt 0.010000 -0.038000
vt 0.010000 0.038000
vt 0.008000 0.038000
vt 0.008000 -0.038000
vt 0.010000 -0.038000
vt 0.010000 0.038000
vt 0.008000 0.038000
vt 0.008000 -0.038000
vt -0.010000 -0.038000
vt -0.010000 0.038000
vt -0.008000 0.038000
vt -0.008000 -0.038000
vt -0.010000 -0.038000
vt -0.010000 0.038000
vt -0.008000 0.038000
vt -0.008000 -0.038000
vt 0.010000 0.038000
vt 0.010000 0.038000
vt 0.008000 0.040000
vt 0.008000 0.040000
vt 0.010000 -0.038000
vt 0.010000 -0.038000
vt 0.008000 -0.040000
vt 0.008000 -0.040000
vt -0.010000 0.038000
vt -0.010000 0.038000
vt -0.008000 0.040000
vt -0.008000 0.040000
vt -0.010000 -0.038000
vt -0.010000 -0.038000
vt -0.008000 -0.040000
vt -0.008000 -0.040000
vt -0.008000 -0.038000
vt -0.008000 -0.040000
vt -0.010000 -0.038000
vt -0.008000 -0.038000
vt -0.008000 -0.040000
vt -0.010000 -0.038000
vt -0.008000 0.038000
vt -0.008000 0.040000
vt -0.010000 0.038000
vt -0.008000 0.038000
vt -0.008000 0.040000
vt -0.010000 0.038000
vt 0.008000 -0.038000
vt 0.008000 -0.040000
vt 0.010000 -0.038000
vt 0.008000 -0.038000
vt 0.008000 -0.040000
vt 0.010000 -0.038000
vt 0.008000 0.038000
vt 0.008000 0.040000
vt 0.010000 0.038000
vt 0.008000 0.038000
vt 0.008000 0.040000
vt 0.010000 0.038000
vn 0.028799 0.000447 0.999585
vn 0.028799 0.000447 0.999585
vn 0.028799 0.000447 0.999585
vn 0.028799 0.000447 0.999585
vn -0.028799 -0.000447 -0.999585
vn -0.028799 -0.000447 -0.999585
vn -0.028799 -0.000447 -0.999585
vn -0.028799 -0.000447 -0.999585
vn -0.015520 0.999880 0.000000
vn -0.015520 0.999880 0.000000
vn -0.015520 0.999880 0.000000
vn -0.015520 0.999880 0.000000
vn 0.015520 -0.999880 0.000000
vn 0.015520 -0.999880 0.000000
vn 0.015520 -0.999880 0.000000
vn 0.015520 -0.999880 0.000000
vn 0.999465 0.015513 -0.028803
vn 0.999465 0.015513 -0.028803
vn 0.999465 0.015513 -0.028803
vn 0.999465 0.015513 -0.028803
vn -0.999465 -0.015513 0.028803
vn -0.999465 -0.015513 0.028803
vn -0.999465 -0.015513 0.028803
vn -0.999465 -0.015513 0.028803
vn 0.009390 0.707338 0.706813
vn 0.009390 0.707338 0.706813
vn 0.009390 0.707338 0.706813
vn 0.009390 0.707338 0.706813
vn -0.031338 0.706706 -0.706813
vn -0.031338 0.706706 -0.706813
vn -0.031338 0.706706 -0.706813
vn -0.031338 0.706706 -0.706813
vn 0.031338 -0.706706 0.706813
vn 0.031338 -0.706706 0.706813
vn 0.031338 -0.706706 0.706813
vn 0.031338 -0.706706 0.706813
vn -0.009390 -0.707338 -0.706813
vn -0.009390 -0.707338 -0.706813
vn -0.009390 -0.707338 -0.706813
vn -0.009390 -0.707338 -0.706813
vn 0.727093 0.011286 0.686447
vn 0.727093 0.011286 0.686447
vn 0.727093 0.011286 0.686447
vn 0.727093 0.011286 0.686447
vn 0.686364 0.010653 -0.727180
vn 0.686364 0.010653 -0.727180
vn 0.686364 0.010653 -0.727180
vn 0.686364 0.010653 -0.727180
vn -0.686364 -0.010653 0.727180
vn -0.686364 -0.010653 0.727180
vn -0.686364 -0.010653 0.727180
vn -0.686364 -0.010653 0.727180
vn -0.727093 -0.011286 -0.686447
vn -0.727093 -0.011286 -0.686447
vn -0.727093 -0.011286 -0.686447
vn -0.727093 -0.011286 -0.686447
vn 0.695754 0.717991 -0.020367
vn 0.695754 0.717991 -0.020367
vn 0.695754 0.717991 -0.020367
vn 0.695754 0.717991 -0.020367
vn 0.717702 -0.696052 -0.020367
vn 0.717702 -0.696052 -0.020367
vn 0.717702 -0.696052 -0.020367
vn 0.717702 -0.696052 -0.020367
vn -0.717702 0.696052 0.020367
vn -0.717702 0.696052 0.020367
vn -0.717702 0.696052 0.020367
vn -0.717702 0.696052 0.020367
vn -0.695754 -0.717991 0.020367
vn -0.695754 -0.717991 0.020367
vn -0.695754 -0.717991 0.020367
vn -0.695754 -0.717991 0.020367
vn -0.584708 -0.586495 -0.560481
vn -0.584708 -0.586495 -0.560481
vn -0.584708 -0.586495 -0.560481
vn -0.551454 -0.585979 0.593740
vn -0.551454 -0.585979 0.593740
vn -0.551454 -0.585979 0.593740
vn -0.602629 0.568066 -0.560481
vn -0.602629 0.568066 -0.560481
vn -0.602629 0.568066 -0.560481
vn -0.569374 0.568582 0.593740
vn -0.569374 0.568582 0.593740
vn -0.569374 0.568582 0.593740
vn 0.569374 -0.568582 -0.593740
vn 0.569374 -0.568582 -0.593740
vn 0.569374 -0.568582 -0.593740
vn 0.602629 -0.568066 0.560481
vn 0.602629 -0.568066 0.560481
vn 0.602629 -0.568066 0.560481
vn 0.551454 0.585979 -0.593740
vn 0.551454 0.585979 -0.593740
vn 0.551454 0.585979 -0.593740
vn 0.584708 0.586495 0.560481
vn 0.584708 0.586495 0.560481
vn 0.584708 0.586495 0.560481
vn 0.028799 0.000447 0.999585
vn 0.028799 0.000447 0.999585
vn 0.028799 0.000447 0.999585
vn 0.028799 0.000447 0.999585
vn -0.028799 -0.000447 -0.999585
vn -0.028799 -0.000447 -0.999585
vn -0.028799 -0.000447 -0.999585
vn -0.028799 -0.000447 -0.999585
vn -0.015520 0.999880 0.000000
vn -0.015520 0.999880 0.000000
vn -0.015520 0.999880 0.000000
vn -0.015520 0.999880 0.000000
vn 0.015520 -0.999880 0.000000
vn 0.015520 -0.999880 0.000000
vn 0.015520 -0.999880 0.000000
vn 0.015520 -0.999880 0.000000
vn 0.999465 0.015513 -0.028803
vn 0.999465 0.015513 -0.028803
vn 0.999465 0.015513 -0.028803
vn 0.999465 0.015513 -0.028803
vn -0.999465 -0.015513 0.028803
vn -0.999465 -0.015513 0.028803
vn -0.999465 -0.015513 0.028803
vn -0.999465 -0.015513 0.028803
vn 0.009390 0.707338 0.706813
vn 0.009390 0.707338 0.706813
vn 0.009390 0.707338 0.706813
vn 0.009390 0.707338 0.706813
vn -0.031338 0.706706 -0.706813
vn -0.031338 0.706706 -0.706813
vn -0.031338 0.706706 -0.706813
vn -0.031338 0.706706 -0.706813
vn 0.031338 -0.706706 0.706813
vn 0.031338 -0.706706 0.706813
vn 0.031338 -0.706706 0.706813
vn 0.031338 -0.706706 0.706813
vn -0.009390 -0.707338 -0.706813
vn -0.009390 -0.707338 -0.706813
vn -0.009390 -0.707338 -0.706813
vn -0.009390 -0.707338 -0.706813
vn 0.727093 0.011286 0.686447
vn 0.727093 0.011286 0.686447
vn 0.727093 0.011286 0.686447
vn 0.727093 0.011286 0.686447
vn 0.686364 0.010653 -0.727180
vn 0.686364 0.010653 -0.727180
vn 0.686364 0.010653 -0.727180
vn 0.686364 0.010653 -0.727180
vn -0.686364 -0.010653 0.727180
vn -0.686364 -0.010653 0.727180
vn -0.686364 -0.010653 0.727180
vn -0.686364 -0.010653 0.727180
vn -0.727093 -0.011286 -0.686447
vn -0.727093 -0.011286 -0.686447
vn -0.727093 -0.011286 -0.686447
vn -0.727093 -0.011286 -0.686447
vn 0.695754 0.717991 -0.020367
vn 0.695754 0.717991 -0.020367
vn 0.695754 0.717991 -0.020367
vn 0.695754 0.717991 -0.020367
vn 0.717702 -0.696052 -0.020367
vn 0.717702 -0.696052 -0.020367
vn 0.717702 -0.696052 -0.020367
vn 0.717702 -0.696052 -0.020367
vn -0.717702 0.696052 0.020367
vn -0.717702 0.696052 0.020367
vn -0.717702 0.696052 0.020367
vn -0.717702 0.696052 0.020367
vn -0.695754 -0.717991 0.020367
vn -0.695754 -0.717991 0.020367
vn -0.695754 -0.717991 0.020367
vn -0.695754 -0.717991 0.020367
vn -0.584708 -0.586495 -0.560481
vn -0.584708 -0.586495 -0.560481
vn -0.584708 -0.586495 -0.560481
vn -0.551454 -0.585979 0.593740
vn -0.551454 -0.585979 0.593740
vn -0.551454 -0.585979 0.593740
vn -0.602629 0.568066 -0.560481
vn -0.602629 0.568066 -0.560481
vn -0.602629 0.568066 -0.560481
vn -0.569374 0.568582 0.593740
vn -0.569374 0.568582 0.593740
vn -0.569374 0.568582 0.593740
vn 0.569374 -0.568582 -0.593740
vn 0.569374 -0.568582 -0.593740
vn 0.569374 -0.568582 -0.593740
vn 0.602629 -0.568066 0.560481
vn 0.602629 -0.568066 0.560481
vn 0.602629 -0.568066 0.560481
vn 0.551454 0.585979 -0.593740
vn 0.551454 0.585979 -0.593740
vn 0.551454 0.585979 -0.593740
vn 0.584708 0.586495 0.560481
vn 0.584708 0.586495 0.560481
vn 0.584708 0.586495 0.560481
vn 0.028799 0.000447 0.999585
vn 0.028799 0.000447 0.999585
vn 0.028799 0.000447 0.999585
vn 0.028799 0.000447 0.999585
vn -0.028799 -0.000447 -0.999585
vn -0.028799 -0.000447 -0.999585
vn -0.028799 -0.000447 -0.999585
vn -0.028799 -0.000447 -0.999585
vn -0.015520 0.999880 0.000000
vn -0.015520 0.999880 0.000000
vn -0.015520 0.999880 0.000000
vn -0.015520 0.999880 0.000000
vn 0.015520 -0.999880 0.000000
vn 0.015520 -0.999880 0.000000
vn 0.015520 -0.999880 0.000000
vn 0.015520 -0.999880 0.000000
vn 0.999465 0.015513 -0.028803
vn 0.999465 0.015513 -0.028803
vn 0.999465 0.015513 -0.028803
vn 0.999465 0.015513 -0.028803
vn -0.999465 -0.015513 0.028803
vn -0.999465 -0.015513 0.028803
vn -0.999465 -0.015513 0.028803
vn -0.999465 -0.015513 0.028803
vn 0.009390 0.707338 0.706813
vn 0.009390 0.707338 0.706813
vn 0.009390 0.707338 0.706813
vn 0.009390 0.707338 0.706813
vn -0.031338 0.706706 -0.706813
vn -0.031338 0.706706 -0.706813
vn -0.031338 0.706706 -0.706813
vn -0.031338 0.706706 -0.706813
vn 0.031338 -0.706706 0.706813
vn 0.031338 -0.706706 0.706813
vn 0.031338 -0.706706 0.706813
vn 0.031338 -0.706706 0.706813
vn -0.009390 -0.707338 -0.706813
vn -0.009390 -0.707338 -0.706813
vn -0.009390 -0.707338 -0.706813
vn -0.009390 -0.707338 -0.706813
vn 0.727093 0.011286 0.686447
vn 0.727093 0.011286 0.686447
vn 0.727093 0.011286 0.686447
vn 0.727093 0.011286 0.686447
vn 0.686364 0.010653 -0.727180
vn 0.686364 0.010653 -0.727180
vn 0.686364 0.010653 -0.727180
vn 0.686364 0.010653 -0.727180
vn -0.686364 -0.010653 0.727180
vn -0.686364 -0.010653 0.727180
vn -0.686364 -0.010653 0.727180
vn -0.686364 -0.010653 0.727180
vn -0.727093 -0.011286 -0.686447
vn -0.727093 -0.011286 -0.686447
vn -0.727093 -0.011286 -0.686447
vn -0.727093 -0.011286 -0.686447
vn 0.695754 0.717991 -0.020367
vn 0.695754 0.717991 -0.020367
vn 0.695754 0.717991 -0.020367
vn 0.695754 0.717991 -0.020367
vn 0.717702 -0.696052 -0.020367
vn 0.717702 -0.696052 -0.020367
vn 0.717702 -0.696052 -0.020367
vn 0.717702 -0.696052 -0.020367
vn -0.717702 0.696052 0.020367
vn -0.717702 0.696052 0.020367
vn -0.717702 0.696052 0.020367
vn -0.717702 0.696052 0.020367
vn -0.695754 -0.717991 0.020367
vn -0.695754 -0.717991 0.020367
vn -0.695754 -0.717991 0.020367
vn -0.695754 -0.717991 0.020367
vn -0.584708 -0.586495 -0.560481
vn -0.584708 -0.586495 -0.560481
vn -0.584708 -0.586495 -0.560481
vn -0.551454 -0.585979 0.593740
vn -0.551454 -0.585979 0.593740
vn -0.551454 -0.585979 0.593740
vn -0.602629 0.568066 -0.560481
vn -0.602629 0.568066 -0.560481
vn -0.602629 0.568066 -0.560481
vn -0.569374 0.568582 0.593740
vn -0.569374 0.568582 0.593740
vn -0.569374 0.568582 0.593740
vn 0.569374 -0.568582 -0.593740
vn 0.569374 -0.568582 -0.593740
vn 0.569374 -0.568582 -0.593740
vn 0.602629 -0.568066 0.560481
vn 0.602629 -0.568066 0.560481
vn 0.602629 -0.568066 0.560481
vn 0.551454 0.585979 -0.593740
vn 0.551454 0.585979 -0.593740
vn 0.551454 0.585979 -0.593740
vn 0.584708 0.586495 0.560481
vn 0.584708 0.586495 0.560481
vn 0.584708 0.586495 0.560481
vn 0.028799 0.000447 0.999585
vn 0.028799 0.000447 0.999585
vn 0.028799 0.000447 0.999585
vn 0.028799 0.000447 0.999585
vn -0.028799 -0.000447 -0.999585
vn -0.028799 -0.000447 -0.999585
vn -0.028799 -0.000447 -0.999585
vn -0.028799 -0.000447 -0.999585
vn -0.015520 0.999880 0.000000
vn -0.015520 0.999880 0.000000
vn -0.015520 0.999880 0.000000
vn -0.015520 0.999880 0.000000
vn 0.015520 -0.999880 0.000000
vn 0.015520 -0.999880 0.000000
vn 0.015520 -0.999880 0.000000
vn 0.015520 -0.999880 0.000000
vn 0.999465 0.015513 -0.028803
vn 0.999465 0.015513 -0.028803
vn 0.999465 0.015513 -0.028803
vn 0.999465 0.015513 -0.028803
vn -0.999465 -0.015513 0.028803
vn -0.999465 -0.015513 0.028803
vn -0.999465 -0.015513 0.028803
vn -0.999465 -0.015513 0.028803
vn 0.009390 0.707338 0.706813
vn 0.009390 0.707338 0.706813
vn 0.009390 0.707338 0.706813
vn 0.009390 0.707338 0.706813
vn -0.031338 0.706706 -0.706813
vn -0.031338 0.706706 -0.706813
vn -0.031338 0.706706 -0.706813
vn -0.031338 0.706706 -0.706813
vn 0.031338 -0.706706 0.706813
vn 0.031338 -0.706706 0.706813
vn 0.031338 -0.706706 0.706813
vn 0.031338 -0.706706 0.706813
vn -0.009390 -0.707338 -0.706813
vn -0.009390 -0.707338 -0.706813
vn -0.009390 -0.707338 -0.706813
vn -0.009390 -0.707338 -0.706813
vn 0.727093 0.011286 0.686447
vn 0.727093 0.011286 0.686447
vn 0.727093 0.011286 0.686447
vn 0.727093 0.011286 0.686447
vn 0.686364 0.010653 -0.727180
vn 0.686364 0.010653 -0.727180
vn 0.686364 0.010653 -0.727180
vn 0.686364 0.010653 -0.727180
vn -0.686364 -0.010653 0.727180
vn -0.686364 -0.010653 0.727180
vn -0.686364 -0.010653 0.727180
vn -0.686364 -0.010653 0.727180
vn -0.727093 -0.011286 -0.686447
vn -0.727093 -0.011286 -0.686447
vn -0.727093 -0.011286 -0.686447
vn -0.727093 -0.011286 -0.686447
vn 0.695754 0.717991 -0.020367
vn 0.695754 0.717991 -0.020367
vn 0.695754 0.717991 -0.020367
vn 0.695754 0.717991 -0.020367
vn 0.717702 -0.696052 -0.020367
vn 0.717702 -0.696052 -0.020367
vn 0.717702 -0.696052 -0.020367
vn 0.717702 -0.696052 -0.020367
vn -0.717702 0.696052 0.020367
vn -0.717702 0.696052 0.020367
vn -0.717702 0.696052 0.020367
vn -0.717702 0.696052 0.020367
vn -0.695754 -0.717991 0.020367
vn -0.695754 -0.717991 0.020367
vn -0.695754 -0.717991 0.020367
vn -0.695754 -0.717991 0.020367
vn -0.584708 -0.586495 -0.560481
vn -0.584708 -0.586495 -0.560481
vn -0.584708 -0.586495 -0.560481
vn -0.551454 -0.585979 0.593740
vn -0.551454 -0.585979 0.593740
vn -0.551454 -0.585979 0.593740
vn -0.602629 0.568066 -0.560481
vn -0.602629 0.568066 -0.560481
vn -0.602629 0.568066 -0.560481
vn -0.569374 0.568582 0.593740
vn -0.569374 0.568582 0.593740
vn -0.569374 0.568582 0.593740
vn 0.569374 -0.568582 -0.593740
vn 0.569374 -0.568582 -0.593740
vn 0.569374 -0.568582 -0.593740
vn 0.602629 -0.568066 0.560481
vn 0.602629 -0.568066 0.560481
vn 0.602629 -0.568066 0.560481
vn 0.551454 0.585979 -0.593740
vn 0.551454 0.585979 -0.593740
vn 0.551454 0.585979 -0.593740
vn 0.584708 0.586495 0.560481
vn 0.584708 0.586495 0.560481
vn 0.584708 0.586495 0.560481
vn 0.028799 0.000447 0.999585
vn 0.028799 0.000447 0.999585
vn 0.028799 0.000447 0.999585
vn 0.028799 0.000447 0.999585
vn -0.028799 -0.000447 -0.999585
vn -0.028799 -0.000447 -0.999585
vn -0.028799 -0.000447 -0.999585
vn -0.028799 -0.000447 -0.999585
vn -0.015520 0.999880 0.000000
vn -0.015520 0.999880 0.000000
vn -0.015520 0.999880 0.000000
vn -0.015520 0.999880 0.000000
vn 0.015520 -0.999880 0.000000
vn 0.015520 -0.999880 0.000000
vn 0.015520 -0.999880 0.000000
vn 0.015520 -0.999880 0.000000
vn 0.999465 0.015513 -0.028803
vn 0.999465 0.015513 -0.028803
vn 0.999465 0.015513 -0.028803
vn 0.999465 0.015513 -0.028803
vn -0.999465 -0.015513 0.028803
vn -0.999465 -0.015513 0.028803
vn -0.999465 -0.015513 0.028803
vn -0.999465 -0.015513 0.028803
vn 0.009390 0.707338 0.706813
vn 0.009390 0.707338 0.706813
vn 0.009390 0.707338 0.706813
vn 0.009390 0.707338 0.706813
vn -0.031338 0.706706 -0.706813
vn -0.031338 0.706706 -0.706813
vn -0.031338 0.706706 -0.706813
vn -0.031338 0.706706 -0.706813
vn 0.031338 -0.706706 0.706813
vn 0.031338 -0.706706 0.706813
vn 0.031338 -0.706706 0.706813
vn 0.031338 -0.706706 0.706813
vn -0.009390 -0.707338 -0.706813
vn -0.009390 -0.707338 -0.706813
vn -0.009390 -0.707338 -0.706813
vn -0.009390 -0.707338 -0.706813
vn 0.727093 0.011286 0.686447
vn 0.727093 0.011286 0.686447
vn 0.727093 0.011286 0.686447
vn 0.727093 0.011286 0.686447
vn 0.686364 0.010653 -0.727180
vn 0.686364 0.010653 -0.727180
vn 0.686364 0.010653 -0.727180
vn 0.686364 0.010653 -0.727180
vn -0.686364 -0.010653 0.727180
vn -0.686364 -0.010653 0.727180
vn -0.686364 -0.010653 0.727180
vn -0.686364 -0.010653 0.727180
vn -0.727093 -0.011286 -0.686447
vn -0.727093 -0.011286 -0.686447
vn -0.727093 -0.011286 -0.686447
vn -0.727093 -0.011286 -0.686447
vn 0.695754 0.717991 -0.020367
vn 0.695754 0.717991 -0.020367
vn 0.695754 0.717991 -0.020367
vn 0.695754 0.717991 -0.020367
vn 0.717702 -0.696052 -0.020367
vn 0.717702 -0.696052 -0.020367
vn 0.717702 -0.696052 -0.020367
vn 0.717702 -0.696052 -0.020367
vn -0.717702 0.696052 0.020367
vn -0.717702 0.696052 0.020367
vn -0.717702 0.696052 0.020367
vn -0.717702 0.696052 0.020367
vn -0.695754 -0.717991 0.020367
vn -0.695754 -0.717991 0.020367
vn -0.695754 -0.717991 0.020367
vn -0.695754 -0.717991 0.020367
vn -0.584708 -0.586495 -0.560481
vn -0.584708 -0.586495 -0.560481
vn -0.584708 -0.586495 -0.560481
vn -0.551454 -0.585979 0.593740
vn -0.551454 -0.585979 0.593740
vn -0.551454 -0.585979 0.593740
vn -0.602629 0.568066 -0.560481
vn -0.602629 0.568066 -0.560481
vn -0.602629 0.568066 -0.560481
vn -0.569374 0.568582 0.593740
vn -0.569374 0.568582 0.593740
vn -0.569374 0.568582 0.593740
vn 0.569374 -0.568582 -0.593740
vn 0.569374 -0.568582 -0.593740
vn 0.569374 -0.568582 -0.593740
vn 0.602629 -0.568066 0.560481
vn 0.602629 -0.568066 0.560481
vn 0.602629 -0.568066 0.560481
vn 0.551454 0.585979 -0.593740
vn 0.551454 0.585979 -0.593740
vn 0.551454 0.585979 -0.593740
vn 0.584708 0.586495 0.560481
vn 0.584708 0.586495 0.560481
vn 0.584708 0.586495 0.560481
vn 0.028799 0.000447 0.999585
vn 0.028799 0.000447 0.999585
vn 0.028799 0.000447 0.999585
vn 0.028799 0.000447 0.999585
vn -0.028799 -0.000447 -0.999585
vn -0.028799 -0.000447 -0.999585
vn -0.028799 -0.000447 -0.999585
vn -0.028799 -0.000447 -0.999585
vn -0.015520 0.999880 0.000000
vn -0.015520 0.999880 0.000000
vn -0.015520 0.999880 0.000000
vn -0.015520 0.999880 0.000000
vn 0.015520 -0.999880 0.000000
vn 0.015520 -0.999880 0.000000
vn 0.015520 -0.999880 0.000000
vn 0.015520 -0.999880 0.000000
vn 0.999465 0.015513 -0.028803
vn 0.999465 0.015513 -0.028803
vn 0.999465 0.015513 -0.028803
vn 0.999465 0.015513 -0.028803
vn -0.999465 -0.015513 0.028803
vn -0.999465 -0.015513 0.028803
vn -0.999465 -0.015513 0.028803
vn -0.999465 -0.015513 0.028803
vn 0.009390 0.707338 0.706813
vn 0.009390 0.707338 0.706813
vn 0.009390 0.707338 0.706813
vn 0.009390 0.707338 0.706813
vn -0.031338 0.706706 -0.706813
vn -0.031338 0.706706 -0.706813
vn -0.031338 0.706706 -0.706813
vn -0.031338 0.706706 -0.706813
vn 0.031338 -0.706706 0.706813
vn 0.031338 -0.706706 0.706813
vn 0.031338 -0.706706 0.706813
vn 0.031338 -0.706706 0.706813
vn -0.009390 -0.707338 -0.706813
vn -0.009390 -0.707338 -0.706813
vn -0.009390 -0.707338 -0.706813
vn -0.009390 -0.707338 -0.706813
vn 0.727093 0.011286 0.686447
vn 0.727093 0.011286 0.686447
vn 0.727093 0.011286 0.686447
vn 0.727093 0.011286 0.686447
vn 0.686364 0.010653 -0.727180
vn 0.686364 0.010653 -0.727180
vn 0.686364 0.010653 -0.727180
vn 0.686364 0.010653 -0.727180
vn -0.686364 -0.010653 0.727180
vn -0.686364 -0.010653 0.727180
vn -0.686364 -0.010653 0.727180
vn -0.686364 -0.010653 0.727180
vn -0.727093 -0.011286 -0.686447
vn -0.727093 -0.011286 -0.686447
vn -0.727093 -0.011286 -0.686447
vn -0.727093 -0.011286 -0.686447
vn 0.695754 0.717991 -0.020367
vn 0.695754 0.717991 -0.020367
vn 0.695754 0.717991 -0.020367
vn 0.695754 0.717991 -0.020367
vn 0.717702 -0.696052 -0.020367
vn 0.717702 -0.696052 -0.020367
vn 0.717702 -0.696052 -0.020367
vn 0.717702 -0.696052 -0.020367
vn -0.717702 0.696052 0.020367
vn -0.717702 0.696052 0.020367
vn -0.717702 0.696052 0.020367
vn -0.717702 0.696052 0.020367
vn -0.695754 -0.717991 0.020367
vn -0.695754 -0.717991 0.020367
vn -0.695754 -0.717991 0.020367
vn -0.695754 -0.717991 0.020367
vn -0.584708 -0.586495 -0.560481
vn -0.584708 -0.586495 -0.560481
vn -0.584708 -0.586495 -0.560481
vn -0.551454 -0.585979 0.593740
vn -0.551454 -0.585979 0.593740
vn -0.551454 -0.585979 0.593740
vn -0.602629 0.568066 -0.560481
vn -0.602629 0.568066 -0.560481
vn -0.602629 0.568066 -0.560481
vn -0.569374 0.568582 0.593740
vn -0.569374 0.568582 0.593740
vn -0.569374 0.568582 0.593740
vn 0.569374 -0.568582 -0.593740
vn 0.569374 -0.568582 -0.593740
vn 0.569374 -0.568582 -0.593740
vn 0.602629 -0.568066 0.560481
vn 0.602629 -0.568066 0.560481
vn 0.602629 -0.568066 0.560481
vn 0.551454 0.585979 -0.593740
vn 0.551454 0.585979 -0.593740
vn 0.551454 0.585979 -0.593740
vn 0.584708 0.586495 0.560481
vn 0.584708 0.586495 0.560481
vn 0.584708 0.586495 0.560481
vn 0.028051 -0.351246 0.935863
vn 0.028051 -0.351246 0.935863
vn 0.028051 -0.351246 0.935863
vn 0.028051 -0.351246 0.935863
vn -0.028051 0.351246 -0.935863
vn -0.028051 0.351246 -0.935863
vn -0.028051 0.351246 -0.935863
vn -0.028051 0.351246 -0.935863
vn 0.007223 0.936278 0.351186
vn 0.007223 0.936278 0.351186
vn 0.007223 0.936278 0.351186
vn 0.007223 0.936278 0.351186
vn -0.007223 -0.936278 -0.351186
vn -0.007223 -0.936278 -0.351186
vn -0.007223 -0.936278 -0.351186
vn -0.007223 -0.936278 -0.351186
vn 0.999580 0.003091 -0.028801
vn 0.999580 0.003091 -0.028801
vn 0.999580 0.003091 -0.028801
vn 0.999580 0.003091 -0.028801
vn -0.999580 -0.003091 0.028801
vn -0.999580 -0.003091 0.028801
vn -0.999580 -0.003091 0.028801
vn -0.999580 -0.003091 0.028801
vn 0.024943 0.413680 0.910081
vn 0.024943 0.413680 0.910081
vn 0.024943 0.413680 0.910081
vn 0.024943 0.413680 0.910081
vn -0.014727 0.910417 -0.413429
vn -0.014727 0.910417 -0.413429
vn -0.014727 0.910417 -0.413429
vn -0.014727 0.910417 -0.413429
vn 0.014727 -0.910417 0.413429
vn 0.014727 -0.910417 0.413429
vn 0.014727 -0.910417 0.413429
vn 0.014727 -0.910417 0.413429
vn -0.024943 -0.413680 -0.910081
vn -0.024943 -0.413680 -0.910081
vn -0.024943 -0.413680 -0.910081
vn -0.024943 -0.413680 -0.910081
vn 0.726645 -0.246183 0.641390
vn 0.726645 -0.246183 0.641390
vn 0.726645 -0.246183 0.641390
vn 0.726645 -0.246183 0.641390
vn 0.686975 0.250554 -0.682120
vn 0.686975 0.250554 -0.682120
vn 0.686975 0.250554 -0.682120
vn 0.686975 0.250554 -0.682120
vn -0.686975 -0.250554 0.682120
vn -0.686975 -0.250554 0.682120
vn -0.686975 -0.250554 0.682120
vn -0.686975 -0.250554 0.682120
vn -0.726645 0.246183 -0.641390
vn -0.726645 0.246183 -0.641390
vn -0.726645 0.246183 -0.641390
vn -0.726645 0.246183 -0.641390
vn 0.711918 0.664234 0.227961
vn 0.711918 0.664234 0.227961
vn 0.711918 0.664234 0.227961
vn 0.711918 0.664234 0.227961
vn 0.701702 -0.659863 -0.268691
vn 0.701702 -0.659863 -0.268691
vn 0.701702 -0.659863 -0.268691
vn 0.701702 -0.659863 -0.268691
vn -0.701702 0.659863 0.268691
vn -0.701702 0.659863 0.268691
vn -0.701702 0.659863 0.268691
vn -0.701702 0.659863 0.268691
vn -0.711918 -0.664234 -0.227961
vn -0.711918 -0.664234 -0.227961
vn -0.711918 -0.664234 -0.227961
vn -0.711918 -0.664234 -0.227961
vn -0.597474 -0.339553 -0.726450
vn -0.597474 -0.339553 -0.726450
vn -0.597474 -0.339553 -0.726450
vn -0.565083 -0.745137 0.354192
vn -0.565083 -0.745137 0.354192
vn -0.565083 -0.745137 0.354192
vn -0.589133 0.741568 -0.320935
vn -0.589133 0.741568 -0.320935
vn -0.589133 0.741568 -0.320935
vn -0.556742 0.335984 0.759706
vn -0.556742 0.335984 0.759706
vn -0.556742 0.335984 0.759706
vn 0.556742 -0.335984 -0.759706
vn 0.556742 -0.335984 -0.759706
vn 0.556742 -0.335984 -0.759706
vn 0.589133 -0.741568 0.320935
vn 0.589133 -0.741568 0.320935
vn 0.589133 -0.741568 0.320935
vn 0.565083 0.745137 -0.354192
vn 0.565083 0.745137 -0.354192
vn 0.565083 0.745137 -0.354192
vn 0.597474 0.339553 0.726450
vn 0.597474 0.339553 0.726450
vn 0.597474 0.339553 0.726450
vn 0.026923 -0.382391 0.923608
vn 0.026923 -0.382391 0.923608
vn 0.026923 -0.382391 0.923608
vn 0.026923 -0.382391 0.923608
vn -0.026923 0.382391 -0.923608
vn -0.026923 0.382391 -0.923608
vn -0.026923 0.382391 -0.923608
vn -0.026923 0.382391 -0.923608
vn 0.010258 0.924000 0.382255
vn 0.010258 0.924000 0.382255
vn 0.010258 0.924000 0.382255
vn 0.010258 0.924000 0.382255
vn -0.010258 -0.924000 -0.382255
vn -0.010258 -0.924000 -0.382255
vn -0.010258 -0.924000 -0.382255
vn -0.010258 -0.924000 -0.382255
vn 0.999585 0.000817 -0.028800
vn 0.999585 0.000817 -0.028800
vn 0.999585 0.000817 -0.028800
vn 0.999585 0.000817 -0.028800
vn -0.999585 -0.000817 0.028800
vn -0.999585 -0.000817 0.028800
vn -0.999585 -0.000817 0.028800
vn -0.999585 -0.000817 0.028800
vn 0.026291 0.382975 0.923384
vn 0.026291 0.382975 0.923384
vn 0.026291 0.382975 0.923384
vn 0.026291 0.382975 0.923384
vn -0.011784 0.923758 -0.382795
vn -0.011784 0.923758 -0.382795
vn -0.011784 0.923758 -0.382795
vn -0.011784 0.923758 -0.382795
vn 0.011784 -0.923758 0.382795
vn 0.011784 -0.923758 0.382795
vn 0.011784 -0.923758 0.382795
vn 0.011784 -0.923758 0.382795
vn -0.026291 -0.382975 -0.923384
vn -0.026291 -0.382975 -0.923384
vn -0.026291 -0.382975 -0.923384
vn -0.026291 -0.382975 -0.923384
vn 0.725851 -0.269814 0.632725
vn 0.725851 -0.269814 0.632725
vn 0.725851 -0.269814 0.632725
vn 0.725851 -0.269814 0.632725
vn 0.687775 0.270970 -0.673454
vn 0.687775 0.270970 -0.673454
vn 0.687775 0.270970 -0.673454
vn 0.687775 0.270970 -0.673454
vn -0.687775 -0.270970 0.673454
vn -0.687775 -0.270970 0.673454
vn -0.687775 -0.270970 0.673454
vn -0.687775 -0.270970 0.673454
vn -0.725851 0.269814 -0.632725
vn -0.725851 0.269814 -0.632725
vn -0.725851 0.269814 -0.632725
vn -0.725851 0.269814 -0.632725
vn 0.714067 0.653945 0.249930
vn 0.714067 0.653945 0.249930
vn 0.714067 0.653945 0.249930
vn 0.714067 0.653945 0.249930
vn 0.699560 -0.652789 -0.290659
vn 0.699560 -0.652789 -0.290659
vn 0.699560 -0.652789 -0.290659
vn 0.699560 -0.652789 -0.290659
vn -0.699560 0.652789 0.290659
vn -0.699560 0.652789 0.290659
vn -0.699560 0.652789 0.290659
vn -0.699560 0.652789 0.290659
vn -0.714067 -0.653945 -0.249930
vn -0.714067 -0.653945 -0.249930
vn -0.714067 -0.653945 -0.249930
vn -0.714067 -0.653945 -0.249930
vn -0.598577 -0.313170 -0.737313
vn -0.598577 -0.313170 -0.737313
vn -0.598577 -0.313170 -0.737313
vn -0.567489 -0.754717 0.329178
vn -0.567489 -0.754717 0.329178
vn -0.567489 -0.754717 0.329178
vn -0.586733 0.753774 -0.295923
vn -0.586733 0.753774 -0.295923
vn -0.586733 0.753774 -0.295923
vn -0.555644 0.312226 0.770568
vn -0.555644 0.312226 0.770568
vn -0.555644 0.312226 0.770568
vn 0.555644 -0.312226 -0.770568
vn 0.555644 -0.312226 -0.770568
vn 0.555644 -0.312226 -0.770568
vn 0.586733 -0.753774 0.295923
vn 0.586733 -0.753774 0.295923
vn 0.586733 -0.753774 0.295923
vn 0.567489 0.754717 -0.329178
vn 0.567489 0.754717 -0.329178
vn 0.567489 0.754717 -0.329178
vn 0.598577 0.313170 0.737313
vn 0.598577 0.313170 0.737313
vn 0.598577 0.313170 0.737313
vn 0.022648 -0.421965 0.906329
vn 0.022648 -0.421965 0.906329
vn 0.022648 -0.421965 0.906329
vn 0.022648 -0.421965 0.906329
vn -0.022648 0.421965 -0.906329
vn -0.022648 0.421965 -0.906329
vn -0.022648 0.421965 -0.906329
vn -0.022648 0.421965 -0.906329
vn 0.019581 0.906575 0.421590
vn 0.019581 0.906575 0.421590
vn 0.019581 0.906575 0.421590
vn 0.019581 0.906575 0.421590
vn -0.019581 -0.906575 -0.421590
vn -0.019581 -0.906575 -0.421590
vn -0.019581 -0.906575 -0.421590
vn -0.019581 -0.906575 -0.421590
vn 0.999552 -0.008199 -0.028795
vn 0.999552 -0.008199 -0.028795
vn 0.999552 -0.008199 -0.028795
vn 0.999552 -0.008199 -0.028795
vn -0.999552 0.008199 0.028795
vn -0.999552 0.008199 0.028795
vn -0.999552 0.008199 0.028795
vn -0.999552 0.008199 0.028795
vn 0.029861 0.342671 0.938981
vn 0.029861 0.342671 0.938981
vn 0.029861 0.342671 0.938981
vn 0.029861 0.342671 0.938981
vn -0.002168 0.939420 -0.342762
vn -0.002168 0.939420 -0.342762
vn -0.002168 0.939420 -0.342762
vn -0.002168 0.939420 -0.342762
vn 0.002168 -0.939420 0.342762
vn 0.002168 -0.939420 0.342762
vn 0.002168 -0.939420 0.342762
vn 0.002168 -0.939420 0.342762
vn -0.029861 -0.342671 -0.938981
vn -0.029861 -0.342671 -0.938981
vn -0.029861 -0.342671 -0.938981
vn -0.029861 -0.342671 -0.938981
vn 0.722804 -0.304172 0.620510
vn 0.722804 -0.304172 0.620510
vn 0.722804 -0.304172 0.620510
vn 0.722804 -0.304172 0.620510
vn 0.690775 0.292577 -0.661232
vn 0.690775 0.292577 -0.661232
vn 0.690775 0.292577 -0.661232
vn 0.690775 0.292577 -0.661232
vn -0.690775 -0.292577 0.661232
vn -0.690775 -0.292577 0.661232
vn -0.690775 -0.292577 0.661232
vn -0.690775 -0.292577 0.661232
vn -0.722804 0.304172 -0.620510
vn -0.722804 0.304172 -0.620510
vn -0.722804 0.304172 -0.620510
vn -0.722804 0.304172 -0.620510
vn 0.720636 0.635248 0.277748
vn 0.720636 0.635248 0.277748
vn 0.720636 0.635248 0.277748
vn 0.720636 0.635248 0.277748
vn 0.692944 -0.646843 -0.318470
vn 0.692944 -0.646843 -0.318470
vn 0.692944 -0.646843 -0.318470
vn 0.692944 -0.646843 -0.318470
vn -0.692944 0.646843 0.318470
vn -0.692944 0.646843 0.318470
vn -0.692944 0.646843 0.318470
vn -0.692944 0.646843 0.318470
vn -0.720636 -0.635248 -0.277748
vn -0.720636 -0.635248 -0.277748
vn -0.720636 -0.635248 -0.277748
vn -0.720636 -0.635248 -0.277748
vn -0.601473 -0.275056 -0.750050
vn -0.601473 -0.275056 -0.750050
vn -0.601473 -0.275056 -0.750050
vn -0.575321 -0.762299 0.296489
vn -0.575321 -0.762299 0.296489
vn -0.575321 -0.762299 0.296489
vn -0.578862 0.771767 -0.263239
vn -0.578862 0.771767 -0.263239
vn -0.578862 0.771767 -0.263239
vn -0.552710 0.284523 0.783299
vn -0.552710 0.284523 0.783299
vn -0.552710 0.284523 0.783299
vn 0.552710 -0.284523 -0.783299
vn 0.552710 -0.284523 -0.783299
vn 0.552710 -0.284523 -0.783299
vn 0.578862 -0.771767 0.263239
vn 0.578862 -0.771767 0.263239
vn 0.578862 -0.771767 0.263239
vn 0.575321 0.762299 -0.296489
vn 0.575321 0.762299 -0.296489
vn 0.575321 0.762299 -0.296489
vn 0.601473 0.275056 0.750050
vn 0.601473 0.275056 0.750050
vn 0.601473 0.275056 0.750050
vn 0.030971 -0.335960 0.941367
vn 0.030971 -0.335960 0.941367
vn 0.030971 -0.335960 0.941367
vn 0.030971 -0.335960 0.941367
vn -0.030971 0.335960 -0.941367
vn -0.030971 0.335960 -0.941367
vn -0.030971 0.335960 -0.941367
vn -0.030971 0.335960 -0.941367
vn -0.001091 0.941807 0.336153
vn -0.001091 0.941807 0.336153
vn -0.001091 0.941807 0.336153
vn -0.001091 0.941807 0.336153
vn 0.001091 -0.941807 -0.336153
vn 0.001091 -0.941807 -0.336153
vn 0.001091 -0.941807 -0.336153
vn 0.001091 -0.941807 -0.336153
vn 0.999520 0.011438 -0.028803
vn 0.999520 0.011438 -0.028803
vn 0.999520 0.011438 -0.028803
vn 0.999520 0.011438 -0.028803
vn -0.999520 -0.011438 0.028803
vn -0.999520 -0.011438 0.028803
vn -0.999520 -0.011438 0.028803
vn -0.999520 -0.011438 0.028803
vn 0.021129 0.428398 0.903343
vn 0.021129 0.428398 0.903343
vn 0.021129 0.428398 0.903343
vn 0.021129 0.428398 0.903343
vn -0.022671 0.903518 -0.427951
vn -0.022671 0.903518 -0.427951
vn -0.022671 0.903518 -0.427951
vn -0.022671 0.903518 -0.427951
vn 0.022671 -0.903518 0.427951
vn 0.022671 -0.903518 0.427951
vn 0.022671 -0.903518 0.427951
vn 0.022671 -0.903518 0.427951
vn -0.021129 -0.428398 -0.903343
vn -0.021129 -0.428398 -0.903343
vn -0.021129 -0.428398 -0.903343
vn -0.021129 -0.428398 -0.903343
vn 0.728667 -0.229472 0.645280
vn 0.728667 -0.229472 0.645280
vn 0.728667 -0.229472 0.645280
vn 0.728667 -0.229472 0.645280
vn 0.684867 0.245648 -0.686013
vn 0.684867 0.245648 -0.686013
vn 0.684867 0.245648 -0.686013
vn 0.684867 0.245648 -0.686013
vn -0.684867 -0.245648 0.686013
vn -0.684867 -0.245648 0.686013
vn -0.684867 -0.245648 0.686013
vn -0.684867 -0.245648 0.686013
vn -0.728667 0.229472 -0.645280
vn -0.728667 0.229472 -0.645280
vn -0.728667 0.229472 -0.645280
vn -0.728667 0.229472 -0.645280
vn 0.705996 0.674046 0.217330
vn 0.705996 0.674046 0.217330
vn 0.705996 0.674046 0.217330
vn 0.705996 0.674046 0.217330
vn 0.707538 -0.657870 -0.258063
vn 0.707538 -0.657870 -0.258063
vn 0.707538 -0.657870 -0.258063
vn 0.707538 -0.657870 -0.258063
vn -0.707538 0.657870 0.258063
vn -0.707538 0.657870 0.258063
vn -0.707538 0.657870 0.258063
vn -0.707538 0.657870 0.258063
vn -0.705996 -0.674046 -0.217330
vn -0.705996 -0.674046 -0.217330
vn -0.705996 -0.674046 -0.217330
vn -0.705996 -0.674046 -0.217330
vn -0.594325 -0.356389 -0.720947
vn -0.594325 -0.356389 -0.720947
vn -0.594325 -0.356389 -0.720947
vn -0.558562 -0.744323 0.366049
vn -0.558562 -0.744323 0.366049
vn -0.558562 -0.744323 0.366049
vn -0.595584 0.731115 -0.332791
vn -0.595584 0.731115 -0.332791
vn -0.595584 0.731115 -0.332791
vn -0.559821 0.343182 0.754206
vn -0.559821 0.343182 0.754206
vn -0.559821 0.343182 0.754206
vn 0.559821 -0.343182 -0.754206
vn 0.559821 -0.343182 -0.754206
vn 0.559821 -0.343182 -0.754206
vn 0.595584 -0.731115 0.332791
vn 0.595584 -0.731115 0.332791
vn 0.595584 -0.731115 0.332791
vn 0.558562 0.744323 -0.366049
vn 0.558562 0.744323 -0.366049
vn 0.558562 0.744323 -0.366049
vn 0.594325 0.356389 0.720947
vn 0.594325 0.356389 0.720947
vn 0.594325 0.356389 0.720947
vn 0.032823 -0.331381 0.942926
vn 0.032823 -0.331381 0.942926
vn 0.032823 -0.331381 0.942926
vn 0.032823 -0.331381 0.942926
vn -0.032823 0.331381 -0.942926
vn -0.032823 0.331381 -0.942926
vn -0.032823 0.331381 -0.942926
vn -0.032823 0.331381 -0.942926
vn -0.006520 0.943343 0.331755
vn -0.006520 0.943343 0.331755
vn -0.006520 0.943343 0.331755
vn -0.006520 0.943343 0.331755
vn 0.006520 -0.943343 -0.331755
vn 0.006520 -0.943343 -0.331755
vn 0.006520 -0.943343 -0.331755
vn 0.006520 -0.943343 -0.331755
vn 0.999440 0.017037 -0.028803
vn 0.999440 0.017037 -0.028803
vn 0.999440 0.017037 -0.028803
vn 0.999440 0.017037 -0.028803
vn -0.999440 -0.017037 0.028803
vn -0.999440 -0.017037 0.028803
vn -0.999440 -0.017037 0.028803
vn -0.999440 -0.017037 0.028803
vn 0.018599 0.432722 0.901335
vn 0.018599 0.432722 0.901335
vn 0.018599 0.432722 0.901335
vn 0.018599 0.432722 0.901335
vn -0.027820 0.901366 -0.432163
vn -0.027820 0.901366 -0.432163
vn -0.027820 0.901366 -0.432163
vn -0.027820 0.901366 -0.432163
vn 0.027820 -0.901366 0.432163
vn 0.027820 -0.901366 0.432163
vn 0.027820 -0.901366 0.432163
vn 0.027820 -0.901366 0.432163
vn -0.018599 -0.432722 -0.901335
vn -0.018599 -0.432722 -0.901335
vn -0.018599 -0.432722 -0.901335
vn -0.018599 -0.432722 -0.901335
vn 0.729920 -0.222275 0.646383
vn 0.729920 -0.222275 0.646383
vn 0.729920 -0.222275 0.646383
vn 0.729920 -0.222275 0.646383
vn 0.683501 0.246369 -0.687116
vn 0.683501 0.246369 -0.687116
vn 0.683501 0.246369 -0.687116
vn 0.683501 0.246369 -0.687116
vn -0.683501 -0.246369 0.687116
vn -0.683501 -0.246369 0.687116
vn -0.683501 -0.246369 0.687116
vn -0.683501 -0.246369 0.687116
vn -0.729920 0.222275 -0.646383
vn -0.729920 0.222275 -0.646383
vn -0.729920 0.222275 -0.646383
vn -0.729920 0.222275 -0.646383
vn 0.702100 0.679092 0.214219
vn 0.702100 0.679092 0.214219
vn 0.702100 0.679092 0.214219
vn 0.702100 0.679092 0.214219
vn 0.711321 -0.654997 -0.254953
vn 0.711321 -0.654997 -0.254953
vn 0.711321 -0.654997 -0.254953
vn 0.711321 -0.654997 -0.254953
vn -0.711321 0.654997 0.254953
vn -0.711321 0.654997 0.254953
vn -0.711321 0.654997 0.254953
vn -0.711321 0.654997 0.254953
vn -0.702100 -0.679092 -0.214219
vn -0.702100 -0.679092 -0.214219
vn -0.702100 -0.679092 -0.214219
vn -0.702100 -0.679092 -0.214219
vn -0.592213 -0.363153 -0.719308
vn -0.592213 -0.363153 -0.719308
vn -0.592213 -0.363153 -0.719308
vn -0.554312 -0.745799 0.369489
vn -0.554312 -0.745799 0.369489
vn -0.554312 -0.745799 0.369489
vn -0.599742 0.726126 -0.336230
vn -0.599742 0.726126 -0.336230
vn -0.599742 0.726126 -0.336230
vn -0.561841 0.343480 0.752567
vn -0.561841 0.343480 0.752567
vn -0.561841 0.343480 0.752567
vn 0.561841 -0.343480 -0.752567
vn 0.561841 -0.343480 -0.752567
vn 0.561841 -0.343480 -0.752567
vn 0.599742 -0.726126 0.336230
vn 0.599742 -0.726126 0.336230
vn 0.599742 -0.726126 0.336230
vn 0.554312 0.745799 -0.369489
vn 0.554312 0.745799 -0.369489
vn 0.554312 0.745799 -0.369489
vn 0.592213 0.363153 0.719308
vn 0.592213 0.363153 0.719308
vn 0.592213 0.363153 0.719308
vn 0.037503 -0.419312 0.907067
vn 0.037503 -0.419312 0.907067
vn 0.037503 -0.419312 0.907067
vn 0.037503 -0.419312 0.907067
vn -0.037503 0.419312 -0.907067
vn -0.037503 0.419312 -0.907067
vn -0.037503 0.419312 -0.907067
vn -0.037503 0.419312 -0.907067
vn -0.012475 0.907439 0.419999
vn -0.012475 0.907439 0.419999
vn -0.012475 0.907439 0.419999
vn -0.012475 0.907439 0.419999
vn 0.012475 -0.907439 -0.419999
vn 0.012475 -0.907439 -0.419999
vn 0.012475 -0.907439 -0.419999
vn 0.012475 -0.907439 -0.419999
vn 0.999219 0.027067 -0.028801
vn 0.999219 0.027067 -0.028801
vn 0.999219 0.027067 -0.028801
vn 0.999219 0.027067 -0.028801
vn -0.999219 -0.027067 0.028801
vn -0.999219 -0.027067 0.028801
vn -0.999219 -0.027067 0.028801
vn -0.999219 -0.027067 0.028801
vn 0.017697 0.345158 0.938378
vn 0.017697 0.345158 0.938378
vn 0.017697 0.345158 0.938378
vn 0.017697 0.345158 0.938378
vn -0.035340 0.938154 -0.344409
vn -0.035340 0.938154 -0.344409
vn -0.035340 0.938154 -0.344409
vn -0.035340 0.938154 -0.344409
vn 0.035340 -0.938154 0.344409
vn 0.035340 -0.938154 0.344409
vn 0.035340 -0.938154 0.344409
vn 0.035340 -0.938154 0.344409
vn -0.017697 -0.345158 -0.938378
vn -0.017697 -0.345158 -0.938378
vn -0.017697 -0.345158 -0.938378
vn -0.017697 -0.345158 -0.938378
vn 0.733073 -0.277359 0.621028
vn 0.733073 -0.277359 0.621028
vn 0.733073 -0.277359 0.621028
vn 0.733073 -0.277359 0.621028
vn 0.680035 0.315638 -0.661759
vn 0.680035 0.315638 -0.661759
vn 0.680035 0.315638 -0.661759
vn 0.680035 0.315638 -0.661759
vn -0.680035 -0.315638 0.661759
vn -0.680035 -0.315638 0.661759
vn -0.680035 -0.315638 0.661759
vn -0.680035 -0.315638 0.661759
vn -0.733073 0.277359 -0.621028
vn -0.733073 0.277359 -0.621028
vn -0.733073 0.277359 -0.621028
vn -0.733073 0.277359 -0.621028
vn 0.697733 0.660796 0.276619
vn 0.697733 0.660796 0.276619
vn 0.697733 0.660796 0.276619
vn 0.697733 0.660796 0.276619
vn 0.715376 -0.622516 -0.317350
vn 0.715376 -0.622516 -0.317350
vn 0.715376 -0.622516 -0.317350
vn 0.715376 -0.622516 -0.317350
vn -0.715376 0.622516 0.317350
vn -0.715376 0.622516 0.317350
vn -0.715376 0.622516 0.317350
vn -0.715376 0.622516 0.317350
vn -0.697733 -0.660796 -0.276619
vn -0.697733 -0.660796 -0.276619
vn -0.697733 -0.660796 -0.276619
vn -0.697733 -0.660796 -0.276619
vn -0.591349 -0.297448 -0.749554
vn -0.591349 -0.297448 -0.749554
vn -0.591349 -0.297448 -0.749554
vn -0.548044 -0.781627 0.297837
vn -0.548044 -0.781627 0.297837
vn -0.548044 -0.781627 0.297837
vn -0.605754 0.750372 -0.264581
vn -0.605754 0.750372 -0.264581
vn -0.605754 0.750372 -0.264581
vn -0.562449 0.266193 0.782811
vn -0.562449 0.266193 0.782811
vn -0.562449 0.266193 0.782811
vn 0.562449 -0.266193 -0.782811
vn 0.562449 -0.266193 -0.782811
vn 0.562449 -0.266193 -0.782811
vn 0.605754 -0.750372 0.264581
vn 0.605754 -0.750372 0.264581
vn 0.605754 -0.750372 0.264581
vn 0.548044 0.781627 -0.297837
vn 0.548044 0.781627 -0.297837
vn 0.548044 0.781627 -0.297837
vn 0.591349 0.297448 0.749554
vn 0.591349 0.297448 0.749554
vn 0.591349 0.297448 0.749554
vn 0.035472 -0.391667 0.919423
vn 0.035472 -0.391667 0.919423
vn 0.035472 -0.391667 0.919423
vn 0.035472 -0.391667 0.919423
vn -0.035472 0.391667 -0.919423
vn -0.035472 0.391667 -0.919423
vn -0.035472 0.391667 -0.919423
vn -0.035472 0.391667 -0.919423
vn -0.009767 0.919822 0.392214
vn -0.009767 0.919822 0.392214
vn -0.009767 0.919822 0.392214
vn -0.009767 0.919822 0.392214
vn 0.009767 -0.919822 -0.392214
vn 0.009767 -0.919822 -0.392214
vn 0.009767 -0.919822 -0.392214
vn 0.009767 -0.919822 -0.392214
vn 0.999323 0.022893 -0.028802
vn 0.999323 0.022893 -0.028802
vn 0.999323 0.022893 -0.028802
vn 0.999323 0.022893 -0.028802
vn -0.999323 -0.022893 0.028802
vn -0.999323 -0.022893 0.028802
vn -0.999323 -0.022893 0.028802
vn -0.999323 -0.022893 0.028802
vn 0.018176 0.373462 0.927467
vn 0.018176 0.373462 0.927467
vn 0.018176 0.373462 0.927467
vn 0.018176 0.373462 0.927467
vn -0.031989 0.927363 -0.372793
vn -0.031989 0.927363 -0.372793
vn -0.031989 0.927363 -0.372793
vn -0.031989 0.927363 -0.372793
vn 0.031989 -0.927363 0.372793
vn 0.031989 -0.927363 0.372793
vn 0.031989 -0.927363 0.372793
vn 0.031989 -0.927363 0.372793
vn -0.018176 -0.373462 -0.927467
vn -0.018176 -0.373462 -0.927467
vn -0.018176 -0.373462 -0.927467
vn -0.018176 -0.373462 -0.927467
vn 0.731710 -0.260763 0.629764
vn 0.731710 -0.260763 0.629764
vn 0.731710 -0.260763 0.629764
vn 0.731710 -0.260763 0.629764
vn 0.681546 0.293138 -0.670496
vn 0.681546 0.293138 -0.670496
vn 0.681546 0.293138 -0.670496
vn 0.681546 0.293138 -0.670496
vn -0.681546 -0.293138 0.670496
vn -0.681546 -0.293138 0.670496
vn -0.681546 -0.293138 0.670496
vn -0.681546 -0.293138 0.670496
vn -0.731710 0.260763 -0.629764
vn -0.731710 0.260763 -0.629764
vn -0.731710 0.260763 -0.629764
vn -0.731710 0.260763 -0.629764
vn 0.699722 0.666600 0.256971
vn 0.699722 0.666600 0.256971
vn 0.699722 0.666600 0.256971
vn 0.699722 0.666600 0.256971
vn 0.713534 -0.634225 -0.297703
vn 0.713534 -0.634225 -0.297703
vn 0.713534 -0.634225 -0.297703
vn 0.713534 -0.634225 -0.297703
vn -0.713534 0.634225 0.297703
vn -0.713534 0.634225 0.297703
vn -0.713534 0.634225 0.297703
vn -0.713534 0.634225 0.297703
vn -0.699722 -0.666600 -0.256971
vn -0.699722 -0.666600 -0.256971
vn -0.699722 -0.666600 -0.256971
vn -0.699722 -0.666600 -0.256971
vn -0.591800 -0.318148 -0.740645
vn -0.591800 -0.318148 -0.740645
vn -0.591800 -0.318148 -0.740645
vn -0.550841 -0.770406 0.321013
vn -0.550841 -0.770406 0.321013
vn -0.550841 -0.770406 0.321013
vn -0.603078 0.743972 -0.287756
vn -0.603078 0.743972 -0.287756
vn -0.603078 0.743972 -0.287756
vn -0.562119 0.291714 0.773903
vn -0.562119 0.291714 0.773903
vn -0.562119 0.291714 0.773903
vn 0.562119 -0.291714 -0.773903
vn 0.562119 -0.291714 -0.773903
vn 0.562119 -0.291714 -0.773903
vn 0.603078 -0.743972 0.287756
vn 0.603078 -0.743972 0.287756
vn 0.603078 -0.743972 0.287756
vn 0.550841 0.770406 -0.321013
vn 0.550841 0.770406 -0.321013
vn 0.550841 0.770406 -0.321013
vn 0.591800 0.318148 0.740645
vn 0.591800 0.318148 0.740645
vn 0.591800 0.318148 0.740645
vn 0.040334 -0.335910 0.941030
vn 0.040334 -0.335910 0.941030
vn 0.040334 -0.335910 0.941030
vn 0.040334 -0.335910 0.941030
vn -0.040334 0.335910 -0.941030
vn -0.040334 0.335910 -0.941030
vn -0.040334 0.335910 -0.941030
vn -0.040334 0.335910 -0.941030
vn -0.027278 0.941075 0.337096
vn -0.027278 0.941075 0.337096
vn -0.027278 0.941075 0.337096
vn -0.027278 0.941075 0.337096
vn 0.027278 -0.941075 -0.337096
vn 0.027278 -0.941075 -0.337096
vn 0.027278 -0.941075 -0.337096
vn 0.027278 -0.941075 -0.337096
vn 0.998814 0.039265 -0.028795
vn 0.998814 0.039265 -0.028795
vn 0.998814 0.039265 -0.028795
vn 0.998814 0.039265 -0.028795
vn -0.998814 -0.039265 0.028795
vn -0.998814 -0.039265 0.028795
vn -0.998814 -0.039265 0.028795
vn -0.998814 -0.039265 0.028795
vn 0.009232 0.427916 0.903771
vn 0.009232 0.427916 0.903771
vn 0.009232 0.427916 0.903771
vn 0.009232 0.427916 0.903771
vn -0.047809 0.902965 -0.427046
vn -0.047809 0.902965 -0.427046
vn -0.047809 0.902965 -0.427046
vn -0.047809 0.902965 -0.427046
vn 0.047809 -0.902965 0.427046
vn 0.047809 -0.902965 0.427046
vn 0.047809 -0.902965 0.427046
vn 0.047809 -0.902965 0.427046
vn -0.009232 -0.427916 -0.903771
vn -0.009232 -0.427916 -0.903771
vn -0.009232 -0.427916 -0.903771
vn -0.009232 -0.427916 -0.903771
vn 0.734789 -0.209760 0.645048
vn 0.734789 -0.209760 0.645048
vn 0.734789 -0.209760 0.645048
vn 0.734789 -0.209760 0.645048
vn 0.677747 0.265289 -0.685770
vn 0.677747 0.265289 -0.685770
vn 0.677747 0.265289 -0.685770
vn 0.677747 0.265289 -0.685770
vn -0.677747 -0.265289 0.685770
vn -0.677747 -0.265289 0.685770
vn -0.677747 -0.265289 0.685770
vn -0.677747 -0.265289 0.685770
vn -0.734789 0.209760 -0.645048
vn -0.734789 0.209760 -0.645048
vn -0.734789 0.209760 -0.645048
vn -0.734789 0.209760 -0.645048
vn 0.686980 0.693205 0.218002
vn 0.686980 0.693205 0.218002
vn 0.686980 0.693205 0.218002
vn 0.686980 0.693205 0.218002
vn 0.725556 -0.637676 -0.258724
vn 0.725556 -0.637676 -0.258724
vn 0.725556 -0.637676 -0.258724
vn 0.725556 -0.637676 -0.258724
vn -0.725556 0.637676 0.258724
vn -0.725556 0.637676 0.258724
vn -0.725556 0.637676 0.258724
vn -0.725556 0.637676 0.258724
vn -0.686980 -0.693205 -0.218002
vn -0.686980 -0.693205 -0.218002
vn -0.686980 -0.693205 -0.218002
vn -0.686980 -0.693205 -0.218002
vn -0.584204 -0.372062 -0.721302
vn -0.584204 -0.372062 -0.721302
vn -0.584204 -0.372062 -0.721302
vn -0.537630 -0.759938 0.365306
vn -0.537630 -0.759938 0.365306
vn -0.537630 -0.759938 0.365306
vn -0.615701 0.714598 -0.332057
vn -0.615701 0.714598 -0.332057
vn -0.615701 0.714598 -0.332057
vn -0.569127 0.326722 0.754551
vn -0.569127 0.326722 0.754551
vn -0.569127 0.326722 0.754551
vn 0.569127 -0.326722 -0.754551
vn 0.569127 -0.326722 -0.754551
vn 0.569127 -0.326722 -0.754551
vn 0.615701 -0.714598 0.332057
vn 0.615701 -0.714598 0.332057
vn 0.615701 -0.714598 0.332057
vn 0.537630 0.759938 -0.365306
vn 0.537630 0.759938 -0.365306
vn 0.537630 0.759938 -0.365306
vn 0.584204 0.372062 0.721302
vn 0.584204 0.372062 0.721302
vn 0.584204 0.372062 0.721302
vn 0.025724 -0.410392 0.911546
vn 0.025724 -0.410392 0.911546
vn 0.025724 -0.410392 0.911546
vn 0.025724 -0.410392 0.911546
vn -0.025724 0.410392 -0.911546
vn -0.025724 0.410392 -0.911546
vn -0.025724 0.410392 -0.911546
vn -0.025724 0.410392 -0.911546
vn 0.013015 0.911908 0.410188
vn 0.013015 0.911908 0.410188
vn 0.013015 0.911908 0.410188
vn 0.013015 0.911908 0.410188
vn -0.013015 -0.911908 -0.410188
vn -0.013015 -0.911908 -0.410188
vn -0.013015 -0.911908 -0.410188
vn -0.013015 -0.911908 -0.410188
vn 0.999584 -0.001312 -0.028799
vn 0.999584 -0.001312 -0.028799
vn 0.999584 -0.001312 -0.028799
vn 0.999584 -0.001312 -0.028799
vn -0.999584 0.001312 0.028799
vn -0.999584 0.001312 0.028799
vn -0.999584 0.001312 0.028799
vn -0.999584 0.001312 0.028799
vn 0.027392 0.354625 0.934607
vn 0.027392 0.354625 0.934607
vn 0.027392 0.354625 0.934607
vn 0.027392 0.354625 0.934607
vn -0.008987 0.935008 -0.354514
vn -0.008987 0.935008 -0.354514
vn -0.008987 0.935008 -0.354514
vn -0.008987 0.935008 -0.354514
vn 0.008987 -0.935008 0.354514
vn 0.008987 -0.935008 0.354514
vn 0.008987 -0.935008 0.354514
vn 0.008987 -0.935008 0.354514
vn -0.027392 -0.354625 -0.934607
vn -0.027392 -0.354625 -0.934607
vn -0.027392 -0.354625 -0.934607
vn -0.027392 -0.354625 -0.934607
vn 0.725002 -0.291119 0.624197
vn 0.725002 -0.291119 0.624197
vn 0.725002 -0.291119 0.624197
vn 0.725002 -0.291119 0.624197
vn 0.688623 0.289264 -0.664924
vn 0.688623 0.289264 -0.664924
vn 0.688623 0.289264 -0.664924
vn 0.688623 0.289264 -0.664924
vn -0.688623 -0.289264 0.664924
vn -0.688623 -0.289264 0.664924
vn -0.688623 -0.289264 0.664924
vn -0.688623 -0.289264 0.664924
vn -0.725002 0.291119 -0.624197
vn -0.725002 0.291119 -0.624197
vn -0.725002 0.291119 -0.624197
vn -0.725002 0.291119 -0.624197
vn 0.716016 0.643889 0.269683
vn 0.716016 0.643889 0.269683
vn 0.716016 0.643889 0.269683
vn 0.716016 0.643889 0.269683
vn 0.697610 -0.645744 -0.310411
vn 0.697610 -0.645744 -0.310411
vn 0.697610 -0.645744 -0.310411
vn 0.697610 -0.645744 -0.310411
vn -0.697610 0.645744 0.310411
vn -0.697610 0.645744 0.310411
vn -0.697610 0.645744 0.310411
vn -0.697610 0.645744 0.310411
vn -0.716016 -0.643889 -0.269683
vn -0.716016 -0.643889 -0.269683
vn -0.716016 -0.643889 -0.269683
vn -0.716016 -0.643889 -0.269683
vn -0.599476 -0.288793 -0.746477
vn -0.599476 -0.288793 -0.746477
vn -0.599476 -0.288793 -0.746477
vn -0.569773 -0.762673 0.306086
vn -0.569773 -0.762673 0.306086
vn -0.569773 -0.762673 0.306086
vn -0.584448 0.764188 -0.272832
vn -0.584448 0.764188 -0.272832
vn -0.584448 0.764188 -0.272832
vn -0.554745 0.290308 0.779731
vn -0.554745 0.290308 0.779731
vn -0.554745 0.290308 0.779731
vn 0.554745 -0.290308 -0.779731
vn 0.554745 -0.290308 -0.779731
vn 0.554745 -0.290308 -0.779731
vn 0.584448 -0.764188 0.272832
vn 0.584448 -0.764188 0.272832
vn 0.584448 -0.764188 0.272832
vn 0.569773 0.762673 -0.306086
vn 0.569773 0.762673 -0.306086
vn 0.569773 0.762673 -0.306086
vn 0.599476 0.288793 0.746477
vn 0.599476 0.288793 0.746477
vn 0.599476 0.288793 0.746477
vn -0.999465 -0.015513 0.028803
vn -0.857802 -0.513375 0.024944
vn -0.486292 -0.873678 0.014401
vn 0.015520 -0.999880 0.000000
vn 0.513173 -0.858165 -0.014401
vn 0.873322 -0.486505 -0.024944
vn 0.999465 0.015513 -0.028803
vn 0.857802 0.513375 -0.024944
vn 0.486292 0.873678 -0.014401
vn -0.015520 0.999880 -0.000000
vn -0.513173 0.858165 0.014401
vn -0.873322 0.486505 0.024944
vn -0.999465 -0.015513 0.028803
vn -0.857802 -0.513375 0.024944
vn -0.486292 -0.873678 0.014401
vn 0.015520 -0.999880 0.000000
vn 0.513173 -0.858165 -0.014401
vn 0.873322 -0.486505 -0.024944
vn 0.999465 0.015513 -0.028803
vn 0.857802 0.513375 -0.024944
vn 0.486292 0.873678 -0.014401
vn -0.015520 0.999880 -0.000000
vn -0.513173 0.858165 0.014401
vn -0.873322 0.486505 0.024944
vn -0.999465 -0.015513 0.028803
vn -0.857802 -0.513375 0.024944
vn -0.486292 -0.873678 0.014401
vn 0.015520 -0.999880 0.000000
vn 0.513173 -0.858165 -0.014401
vn 0.873322 -0.486505 -0.024944
vn 0.999465 0.015513 -0.028803
vn 0.857802 0.513375 -0.024944
vn 0.486292 0.873678 -0.014401
vn -0.015520 0.999880 -0.000000
vn -0.513173 0.858165 0.014401
vn -0.873322 0.486505 0.024944
vn -0.999465 -0.015513 0.028803
vn -0.857802 -0.513375 0.024944
vn -0.486292 -0.873678 0.014401
vn 0.015520 -0.999880 0.000000
vn 0.513173 -0.858165 -0.014401
vn 0.873322 -0.486505 -0.024944
vn 0.999465 0.015513 -0.028803
vn 0.857802 0.513375 -0.024944
vn 0.486292 0.873678 -0.014401
vn -0.015520 0.999880 -0.000000
vn -0.513173 0.858165 0.014401
vn -0.873322 0.486505 0.024944
vn -0.028799 -0.000447 -0.999585
vn 0.028799 0.000447 0.999585
vn 0.028799 0.000447 0.999585
vn 0.028799 0.000447 0.999585
vn 0.028799 0.000447 0.999585
vn 0.028799 0.000447 0.999585
vn -0.028799 -0.000447 -0.999585
vn -0.028799 -0.000447 -0.999585
vn -0.028799 -0.000447 -0.999585
vn -0.028799 -0.000447 -0.999585
vn 0.192620 0.981255 -0.005988
vn 0.192620 0.981255 -0.005988
vn 0.192620 0.981255 -0.005988
vn 0.192620 0.981255 -0.005988
vn -0.192620 -0.981255 0.005988
vn -0.192620 -0.981255 0.005988
vn -0.192620 -0.981255 0.005988
vn -0.192620 -0.981255 0.005988
vn 0.980851 -0.192712 -0.028173
vn 0.980851 -0.192712 -0.028173
vn 0.980851 -0.192712 -0.028173
vn 0.980851 -0.192712 -0.028173
vn -0.980851 0.192712 0.028173
vn -0.980851 0.192712 0.028173
vn -0.980851 0.192712 0.028173
vn -0.980851 0.192712 0.028173
vn 0.156567 0.694168 0.702579
vn 0.156567 0.694168 0.702579
vn 0.156567 0.694168 0.702579
vn 0.156567 0.694168 0.702579
vn 0.115839 0.693536 -0.711048
vn 0.115839 0.693536 -0.711048
vn 0.115839 0.693536 -0.711048
vn 0.115839 0.693536 -0.711048
vn -0.115839 -0.693536 0.711048
vn -0.115839 -0.693536 0.711048
vn -0.115839 -0.693536 0.711048
vn -0.115839 -0.693536 0.711048
vn -0.156567 -0.694168 -0.702579
vn -0.156567 -0.694168 -0.702579
vn -0.156567 -0.694168 -0.702579
vn -0.156567 -0.694168 -0.702579
vn 0.713930 -0.135952 0.686892
vn 0.713930 -0.135952 0.686892
vn 0.713930 -0.135952 0.686892
vn 0.713930 -0.135952 0.686892
vn 0.673202 -0.136584 -0.726735
vn 0.673202 -0.136584 -0.726735
vn 0.673202 -0.136584 -0.726735
vn 0.673202 -0.136584 -0.726735
vn -0.673202 0.136584 0.726735
vn -0.673202 0.136584 0.726735
vn -0.673202 0.136584 0.726735
vn -0.673202 0.136584 0.726735
vn -0.713930 0.135952 -0.686892
vn -0.713930 0.135952 -0.686892
vn -0.713930 0.135952 -0.686892
vn -0.713930 0.135952 -0.686892
vn 0.829769 0.557584 -0.024156
vn 0.829769 0.557584 -0.024156
vn 0.829769 0.557584 -0.024156
vn 0.829769 0.557584 -0.024156
vn 0.557363 -0.830120 -0.015687
vn 0.557363 -0.830120 -0.015687
vn 0.557363 -0.830120 -0.015687
vn 0.557363 -0.830120 -0.015687
vn -0.557363 0.830120 0.015687
vn -0.557363 0.830120 0.015687
vn -0.557363 0.830120 0.015687
vn -0.557363 0.830120 0.015687
vn -0.829769 -0.557584 0.024156
vn -0.829769 -0.557584 0.024156
vn -0.829769 -0.557584 0.024156
vn -0.829769 -0.557584 0.024156
vn -0.694131 -0.455523 -0.557387
vn -0.694131 -0.455523 -0.557387
vn -0.694131 -0.455523 -0.557387
vn -0.660876 -0.455007 0.596834
vn -0.660876 -0.455007 0.596834
vn -0.660876 -0.455007 0.596834
vn -0.471713 0.677532 -0.564302
vn -0.471713 0.677532 -0.564302
vn -0.471713 0.677532 -0.564302
vn -0.438458 0.678049 0.589919
vn -0.438458 0.678049 0.589919
vn -0.438458 0.678049 0.589919
vn 0.438458 -0.678049 -0.589919
vn 0.438458 -0.678049 -0.589919
vn 0.438458 -0.678049 -0.589919
vn 0.471713 -0.677532 0.564302
vn 0.471713 -0.677532 0.564302
vn 0.471713 -0.677532 0.564302
vn 0.660876 0.455007 -0.596834
vn 0.660876 0.455007 -0.596834
vn 0.660876 0.455007 -0.596834
vn 0.694131 0.455523 0.557387
vn 0.694131 0.455523 0.557387
vn 0.694131 0.455523 0.557387
vn 0.028799 0.000447 0.999585
vn 0.028799 0.000447 0.999585
vn 0.028799 0.000447 0.999585
vn 0.028799 0.000447 0.999585
vn -0.028799 -0.000447 -0.999585
vn -0.028799 -0.000447 -0.999585
vn -0.028799 -0.000447 -0.999585
vn -0.028799 -0.000447 -0.999585
vn 0.192620 0.981255 -0.005988
vn 0.192620 0.981255 -0.005988
vn 0.192620 0.981255 -0.005988
vn 0.192620 0.981255 -0.005988
vn -0.192620 -0.981255 0.005988
vn -0.192620 -0.981255 0.005988
vn -0.192620 -0.981255 0.005988
vn -0.192620 -0.981255 0.005988
vn 0.980851 -0.192712 -0.028173
vn 0.980851 -0.192712 -0.028173
vn 0.980851 -0.192712 -0.028173
vn 0.980851 -0.192712 -0.028173
vn -0.980851 0.192712 0.028173
vn -0.980851 0.192712 0.028173
vn -0.980851 0.192712 0.028173
vn -0.980851 0.192712 0.028173
vn 0.156567 0.694168 0.702579
vn 0.156567 0.694168 0.702579
vn 0.156567 0.694168 0.702579
vn 0.156567 0.694168 0.702579
vn 0.115839 0.693536 -0.711048
vn 0.115839 0.693536 -0.711048
vn 0.115839 0.693536 -0.711048
vn 0.115839 0.693536 -0.711048
vn -0.115839 -0.693536 0.711048
vn -0.115839 -0.693536 0.711048
vn -0.115839 -0.693536 0.711048
vn -0.115839 -0.693536 0.711048
vn -0.156567 -0.694168 -0.702579
vn -0.156567 -0.694168 -0.702579
vn -0.156567 -0.694168 -0.702579
vn -0.156567 -0.694168 -0.702579
vn 0.713930 -0.135952 0.686892
vn 0.713930 -0.135952 0.686892
vn 0.713930 -0.135952 0.686892
vn 0.713930 -0.135952 0.686892
vn 0.673202 -0.136584 -0.726735
vn 0.673202 -0.136584 -0.726735
vn 0.673202 -0.136584 -0.726735
vn 0.673202 -0.136584 -0.726735
vn -0.673202 0.136584 0.726735
vn -0.673202 0.136584 0.726735
vn -0.673202 0.136584 0.726735
vn -0.673202 0.136584 0.726735
vn -0.713930 0.135952 -0.686892
vn -0.713930 0.135952 -0.686892
vn -0.713930 0.135952 -0.686892
vn -0.713930 0.135952 -0.686892
vn 0.829769 0.557584 -0.024156
vn 0.829769 0.557584 -0.024156
vn 0.829769 0.557584 -0.024156
vn 0.829769 0.557584 -0.024156
vn 0.557363 -0.830120 -0.015687
vn 0.557363 -0.830120 -0.015687
vn 0.557363 -0.830120 -0.015687
vn 0.557363 -0.830120 -0.015687
vn -0.557363 0.830120 0.015687
vn -0.557363 0.830120 0.015687
vn -0.557363 0.830120 0.015687
vn -0.557363 0.830120 0.015687
vn -0.829769 -0.557584 0.024156
vn -0.829769 -0.557584 0.024156
vn -0.829769 -0.557584 0.024156
vn -0.829769 -0.557584 0.024156
vn -0.694131 -0.455523 -0.557387
vn -0.694131 -0.455523 -0.557387
vn -0.694131 -0.455523 -0.557387
vn -0.660876 -0.455007 0.596834
vn -0.660876 -0.455007 0.596834
vn -0.660876 -0.455007 0.596834
vn -0.471713 0.677532 -0.564302
vn -0.471713 0.677532 -0.564302
vn -0.471713 0.677532 -0.564302
vn -0.438458 0.678049 0.589919
vn -0.438458 0.678049 0.589919
vn -0.438458 0.678049 0.589919
vn 0.438458 -0.678049 -0.589919
vn 0.438458 -0.678049 -0.589919
vn 0.438458 -0.678049 -0.589919
vn 0.471713 -0.677532 0.564302
vn 0.471713 -0.677532 0.564302
vn 0.471713 -0.677532 0.564302
vn 0.660876 0.455007 -0.596834
vn 0.660876 0.455007 -0.596834
vn 0.660876 0.455007 -0.596834
vn 0.694131 0.455523 0.557387
vn 0.694131 0.455523 0.557387
vn 0.694131 0.455523 0.557387
vn 0.028799 0.000447 0.999585
vn 0.028799 0.000447 0.999585
vn 0.028799 0.000447 0.999585
vn 0.028799 0.000447 0.999585
vn -0.028799 -0.000447 -0.999585
vn -0.028799 -0.000447 -0.999585
vn -0.028799 -0.000447 -0.999585
vn -0.028799 -0.000447 -0.999585
vn 0.192620 0.981255 -0.005988
vn 0.192620 0.981255 -0.005988
vn 0.192620 0.981255 -0.005988
vn 0.192620 0.981255 -0.005988
vn -0.192620 -0.981255 0.005988
vn -0.192620 -0.981255 0.005988
vn -0.192620 -0.981255 0.005988
vn -0.192620 -0.981255 0.005988
vn 0.980851 -0.192712 -0.028173
vn 0.980851 -0.192712 -0.028173
vn 0.980851 -0.192712 -0.028173
vn 0.980851 -0.192712 -0.028173
vn -0.980851 0.192712 0.028173
vn -0.980851 0.192712 0.028173
vn -0.980851 0.192712 0.028173
vn -0.980851 0.192712 0.028173
vn 0.156567 0.694168 0.702579
vn 0.156567 0.694168 0.702579
vn 0.156567 0.694168 0.702579
vn 0.156567 0.694168 0.702579
vn 0.115839 0.693536 -0.711048
vn 0.115839 0.693536 -0.711048
vn 0.115839 0.693536 -0.711048
vn 0.115839 0.693536 -0.711048
vn -0.115839 -0.693536 0.711048
vn -0.115839 -0.693536 0.711048
vn -0.115839 -0.693536 0.711048
vn -0.115839 -0.693536 0.711048
vn -0.156567 -0.694168 -0.702579
vn -0.156567 -0.694168 -0.702579
vn -0.156567 -0.694168 -0.702579
vn -0.156567 -0.694168 -0.702579
vn 0.713930 -0.135952 0.686892
vn 0.713930 -0.135952 0.686892
vn 0.713930 -0.135952 0.686892
vn 0.713930 -0.135952 0.686892
vn 0.673202 -0.136584 -0.726735
vn 0.673202 -0.136584 -0.726735
vn 0.673202 -0.136584 -0.726735
vn 0.673202 -0.136584 -0.726735
vn -0.673202 0.136584 0.726735
vn -0.673202 0.136584 0.726735
vn -0.673202 0.136584 0.726735
vn -0.673202 0.136584 0.726735
vn -0.713930 0.135952 -0.686892
vn -0.713930 0.135952 -0.686892
vn -0.713930 0.135952 -0.686892
vn -0.713930 0.135952 -0.686892
vn 0.829769 0.557584 -0.024156
vn 0.829769 0.557584 -0.024156
vn 0.829769 0.557584 -0.024156
vn 0.829769 0.557584 -0.024156
vn 0.557363 -0.830120 -0.015687
vn 0.557363 -0.830120 -0.015687
vn 0.557363 -0.830120 -0.015687
vn 0.557363 -0.830120 -0.015687
vn -0.557363 0.830120 0.015687
vn -0.557363 0.830120 0.015687
vn -0.557363 0.830120 0.015687
vn -0.557363 0.830120 0.015687
vn -0.829769 -0.557584 0.024156
vn -0.829769 -0.557584 0.024156
vn -0.829769 -0.557584 0.024156
vn -0.829769 -0.557584 0.024156
vn -0.694131 -0.455523 -0.557387
vn -0.694131 -0.455523 -0.557387
vn -0.694131 -0.455523 -0.557387
vn -0.660876 -0.455007 0.596834
vn -0.660876 -0.455007 0.596834
vn -0.660876 -0.455007 0.596834
vn -0.471713 0.677532 -0.564302
vn -0.471713 0.677532 -0.564302
vn -0.471713 0.677532 -0.564302
vn -0.438458 0.678049 0.589919
vn -0.438458 0.678049 0.589919
vn -0.438458 0.678049 0.589919
vn 0.438458 -0.678049 -0.589919
vn 0.438458 -0.678049 -0.589919
vn 0.438458 -0.678049 -0.589919
vn 0.471713 -0.677532 0.564302
vn 0.471713 -0.677532 0.564302
vn 0.471713 -0.677532 0.564302
vn 0.660876 0.455007 -0.596834
vn 0.660876 0.455007 -0.596834
vn 0.660876 0.455007 -0.596834
vn 0.694131 0.455523 0.557387
vn 0.694131 0.455523 0.557387
vn 0.694131 0.455523 0.557387
vn 0.028799 0.000447 0.999585
vn 0.028799 0.000447 0.999585
vn 0.028799 0.000447 0.999585
vn 0.028799 0.000447 0.999585
vn -0.028799 -0.000447 -0.999585
vn -0.028799 -0.000447 -0.999585
vn -0.028799 -0.000447 -0.999585
vn -0.028799 -0.000447 -0.999585
vn 0.192620 0.981255 -0.005988
vn 0.192620 0.981255 -0.005988
vn 0.192620 0.981255 -0.005988
vn 0.192620 0.981255 -0.005988
vn -0.192620 -0.981255 0.005988
vn -0.192620 -0.981255 0.005988
vn -0.192620 -0.981255 0.005988
vn -0.192620 -0.981255 0.005988
vn 0.980851 -0.192712 -0.028173
vn 0.980851 -0.192712 -0.028173
vn 0.980851 -0.192712 -0.028173
vn 0.980851 -0.192712 -0.028173
vn -0.980851 0.192712 0.028173
vn -0.980851 0.192712 0.028173
vn -0.980851 0.192712 0.028173
vn -0.980851 0.192712 0.028173
vn 0.156567 0.694168 0.702579
vn 0.156567 0.694168 0.702579
vn 0.156567 0.694168 0.702579
vn 0.156567 0.694168 0.702579
vn 0.115839 0.693536 -0.711048
vn 0.115839 0.693536 -0.711048
vn 0.115839 0.693536 -0.711048
vn 0.115839 0.693536 -0.711048
vn -0.115839 -0.693536 0.711048
vn -0.115839 -0.693536 0.711048
vn -0.115839 -0.693536 0.711048
vn -0.115839 -0.693536 0.711048
vn -0.156567 -0.694168 -0.702579
vn -0.156567 -0.694168 -0.702579
vn -0.156567 -0.694168 -0.702579
vn -0.156567 -0.694168 -0.702579
vn 0.713930 -0.135952 0.686892
vn 0.713930 -0.135952 0.686892
vn 0.713930 -0.135952 0.686892
vn 0.713930 -0.135952 0.686892
vn 0.673202 -0.136584 -0.726735
vn 0.673202 -0.136584 -0.726735
vn 0.673202 -0.136584 -0.726735
vn 0.673202 -0.136584 -0.726735
vn -0.673202 0.136584 0.726735
vn -0.673202 0.136584 0.726735
vn -0.673202 0.136584 0.726735
vn -0.673202 0.136584 0.726735
vn -0.713930 0.135952 -0.686892
vn -0.713930 0.135952 -0.686892
vn -0.713930 0.135952 -0.686892
vn -0.713930 0.135952 -0.686892
vn 0.829769 0.557584 -0.024156
vn 0.829769 0.557584 -0.024156
vn 0.829769 0.557584 -0.024156
vn 0.829769 0.557584 -0.024156
vn 0.557363 -0.830120 -0.015687
vn 0.557363 -0.830120 -0.015687
vn 0.557363 -0.830120 -0.015687
vn 0.557363 -0.830120 -0.015687
vn -0.557363 0.830120 0.015687
vn -0.557363 0.830120 0.015687
vn -0.557363 0.830120 0.015687
vn -0.557363 0.830120 0.015687
vn -0.829769 -0.557584 0.024156
vn -0.829769 -0.557584 0.024156
vn -0.829769 -0.557584 0.024156
vn -0.829769 -0.557584 0.024156
vn -0.694131 -0.455523 -0.557387
vn -0.694131 -0.455523 -0.557387
vn -0.694131 -0.455523 -0.557387
vn -0.660876 -0.455007 0.596834
vn -0.660876 -0.455007 0.596834
vn -0.660876 -0.455007 0.596834
vn -0.471713 0.677532 -0.564302
vn -0.471713 0.677532 -0.564302
vn -0.471713 0.677532 -0.564302
vn -0.438458 0.678049 0.589919
vn -0.438458 0.678049 0.589919
vn -0.438458 0.678049 0.589919
vn 0.438458 -0.678049 -0.589919
vn 0.438458 -0.678049 -0.589919
vn 0.438458 -0.678049 -0.589919
vn 0.471713 -0.677532 0.564302
vn 0.471713 -0.677532 0.564302
vn 0.471713 -0.677532 0.564302
vn 0.660876 0.455007 -0.596834
vn 0.660876 0.455007 -0.596834
vn 0.660876 0.455007 -0.596834
vn 0.694131 0.455523 0.557387
vn 0.694131 0.455523 0.557387
vn 0.694131 0.455523 0.557387
vn 0.028799 0.000447 0.999585
vn 0.028799 0.000447 0.999585
vn 0.028799 0.000447 0.999585
vn 0.028799 0.000447 0.999585
vn -0.028799 -0.000447 -0.999585
vn -0.028799 -0.000447 -0.999585
vn -0.028799 -0.000447 -0.999585
vn -0.028799 -0.000447 -0.999585
vn 0.192620 0.981255 -0.005988
vn 0.192620 0.981255 -0.005988
vn 0.192620 0.981255 -0.005988
vn 0.192620 0.981255 -0.005988
vn -0.192620 -0.981255 0.005988
vn -0.192620 -0.981255 0.005988
vn -0.192620 -0.981255 0.005988
vn -0.192620 -0.981255 0.005988
vn 0.980851 -0.192712 -0.028173
vn 0.980851 -0.192712 -0.028173
vn 0.980851 -0.192712 -0.028173
vn 0.980851 -0.192712 -0.028173
vn -0.980851 0.192712 0.028173
vn -0.980851 0.192712 0.028173
vn -0.980851 0.192712 0.028173
vn -0.980851 0.192712 0.028173
vn 0.156567 0.694168 0.702579
vn 0.156567 0.694168 0.702579
vn 0.156567 0.694168 0.702579
vn 0.156567 0.694168 0.702579
vn 0.115839 0.693536 -0.711048
vn 0.115839 0.693536 -0.711048
vn 0.115839 0.693536 -0.711048
vn 0.115839 0.693536 -0.711048
vn -0.115839 -0.693536 0.711048
vn -0.115839 -0.693536 0.711048
vn -0.115839 -0.693536 0.711048
vn -0.115839 -0.693536 0.711048
vn -0.156567 -0.694168 -0.702579
vn -0.156567 -0.694168 -0.702579
vn -0.156567 -0.694168 -0.702579
vn -0.156567 -0.694168 -0.702579
vn 0.713930 -0.135952 0.686892
vn 0.713930 -0.135952 0.686892
vn 0.713930 -0.135952 0.686892
vn 0.713930 -0.135952 0.686892
vn 0.673202 -0.136584 -0.726735
vn 0.673202 -0.136584 -0.726735
vn 0.673202 -0.136584 -0.726735
vn 0.673202 -0.136584 -0.726735
vn -0.673202 0.136584 0.726735
vn -0.673202 0.136584 0.726735
vn -0.673202 0.136584 0.726735
vn -0.673202 0.136584 0.726735
vn -0.713930 0.135952 -0.686892
vn -0.713930 0.135952 -0.686892
vn -0.713930 0.135952 -0.686892
vn -0.713930 0.135952 -0.686892
vn 0.829769 0.557584 -0.024156
vn 0.829769 0.557584 -0.024156
vn 0.829769 0.557584 -0.024156
vn 0.829769 0.557584 -0.024156
vn 0.557363 -0.830120 -0.015687
vn 0.557363 -0.830120 -0.015687
vn 0.557363 -0.830120 -0.015687
vn 0.557363 -0.830120 -0.015687
vn -0.557363 0.830120 0.015687
vn -0.557363 0.830120 0.015687
vn -0.557363 0.830120 0.015687
vn -0.557363 0.830120 0.015687
vn -0.829769 -0.557584 0.024156
vn -0.829769 -0.557584 0.024156
vn -0.829769 -0.557584 0.024156
vn -0.829769 -0.557584 0.024156
vn -0.694131 -0.455523 -0.557387
vn -0.694131 -0.455523 -0.557387
vn -0.694131 -0.455523 -0.557387
vn -0.660876 -0.455007 0.596834
vn -0.660876 -0.455007 0.596834
vn -0.660876 -0.455007 0.596834
vn -0.471713 0.677532 -0.564302
vn -0.471713 0.677532 -0.564302
vn -0.471713 0.677532 -0.564302
vn -0.438458 0.678049 0.589919
vn -0.438458 0.678049 0.589919
vn -0.438458 0.678049 0.589919
vn 0.438458 -0.678049 -0.589919
vn 0.438458 -0.678049 -0.589919
vn 0.438458 -0.678049 -0.589919
vn 0.471713 -0.677532 0.564302
vn 0.471713 -0.677532 0.564302
vn 0.471713 -0.677532 0.564302
vn 0.660876 0.455007 -0.596834
vn 0.660876 0.455007 -0.596834
vn 0.660876 0.455007 -0.596834
vn 0.694131 0.455523 0.557387
vn 0.694131 0.455523 0.557387
vn 0.694131 0.455523 0.557387
vn 0.028799 0.000447 0.999585
vn 0.028799 0.000447 0.999585
vn 0.028799 0.000447 0.999585
vn 0.028799 0.000447 0.999585
vn -0.028799 -0.000447 -0.999585
vn -0.028799 -0.000447 -0.999585
vn -0.028799 -0.000447 -0.999585
vn -0.028799 -0.000447 -0.999585
vn -0.222981 0.974804 0.005988
vn -0.222981 0.974804 0.005988
vn -0.222981 0.974804 0.005988
vn -0.222981 0.974804 0.005988
vn 0.222981 -0.974804 -0.005988
vn 0.222981 -0.974804 -0.005988
vn 0.222981 -0.974804 -0.005988
vn 0.222981 -0.974804 -0.005988
vn 0.974397 0.223061 -0.028173
vn 0.974397 0.223061 -0.028173
vn 0.974397 0.223061 -0.028173
vn 0.974397 0.223061 -0.028173
vn -0.974397 -0.223061 0.028173
vn -0.974397 -0.223061 0.028173
vn -0.974397 -0.223061 0.028173
vn -0.974397 -0.223061 0.028173
vn -0.137307 0.689607 0.711048
vn -0.137307 0.689607 0.711048
vn -0.137307 0.689607 0.711048
vn -0.137307 0.689607 0.711048
vn -0.178036 0.688975 -0.702579
vn -0.178036 0.688975 -0.702579
vn -0.178036 0.688975 -0.702579
vn -0.178036 0.688975 -0.702579
vn 0.178036 -0.688975 0.702579
vn 0.178036 -0.688975 0.702579
vn 0.178036 -0.688975 0.702579
vn 0.178036 -0.688975 0.702579
vn 0.137307 -0.689607 -0.711048
vn 0.137307 -0.689607 -0.711048
vn 0.137307 -0.689607 -0.711048
vn 0.137307 -0.689607 -0.711048
vn 0.709367 0.158044 0.686892
vn 0.709367 0.158044 0.686892
vn 0.709367 0.158044 0.686892
vn 0.709367 0.158044 0.686892
vn 0.668639 0.157412 -0.726735
vn 0.668639 0.157412 -0.726735
vn 0.668639 0.157412 -0.726735
vn 0.668639 0.157412 -0.726735
vn -0.668639 -0.157412 0.726735
vn -0.668639 -0.157412 0.726735
vn -0.668639 -0.157412 0.726735
vn -0.668639 -0.157412 0.726735
vn -0.709367 -0.158044 -0.686892
vn -0.709367 -0.158044 -0.686892
vn -0.709367 -0.158044 -0.686892
vn -0.709367 -0.158044 -0.686892
vn 0.531332 0.847019 -0.015687
vn 0.531332 0.847019 -0.015687
vn 0.531332 0.847019 -0.015687
vn 0.531332 0.847019 -0.015687
vn 0.846674 -0.531563 -0.024156
vn 0.846674 -0.531563 -0.024156
vn 0.846674 -0.531563 -0.024156
vn 0.846674 -0.531563 -0.024156
vn -0.846674 0.531563 0.024156
vn -0.846674 0.531563 0.024156
vn -0.846674 0.531563 0.024156
vn -0.846674 0.531563 0.024156
vn -0.531332 -0.847019 0.015687
vn -0.531332 -0.847019 0.015687
vn -0.531332 -0.847019 0.015687
vn -0.531332 -0.847019 0.015687
vn -0.450458 -0.691846 -0.564302
vn -0.450458 -0.691846 -0.564302
vn -0.450458 -0.691846 -0.564302
vn -0.417203 -0.691330 0.589919
vn -0.417203 -0.691330 0.589919
vn -0.417203 -0.691330 0.589919
vn -0.707934 0.433761 -0.557387
vn -0.707934 0.433761 -0.557387
vn -0.707934 0.433761 -0.557387
vn -0.674679 0.434277 0.596834
vn -0.674679 0.434277 0.596834
vn -0.674679 0.434277 0.596834
vn 0.674679 -0.434277 -0.596834
vn 0.674679 -0.434277 -0.596834
vn 0.674679 -0.434277 -0.596834
vn 0.707934 -0.433761 0.557387
vn 0.707934 -0.433761 0.557387
vn 0.707934 -0.433761 0.557387
vn 0.417203 0.691330 -0.589919
vn 0.417203 0.691330 -0.589919
vn 0.417203 0.691330 -0.589919
vn 0.450458 0.691846 0.564302
vn 0.450458 0.691846 0.564302
vn 0.450458 0.691846 0.564302
vn 0.028799 0.000447 0.999585
vn 0.028799 0.000447 0.999585
vn 0.028799 0.000447 0.999585
vn 0.028799 0.000447 0.999585
vn -0.028799 -0.000447 -0.999585
vn -0.028799 -0.000447 -0.999585
vn -0.028799 -0.000447 -0.999585
vn -0.028799 -0.000447 -0.999585
vn -0.222981 0.974804 0.005988
vn -0.222981 0.974804 0.005988
vn -0.222981 0.974804 0.005988
vn -0.222981 0.974804 0.005988
vn 0.222981 -0.974804 -0.005988
vn 0.222981 -0.974804 -0.005988
vn 0.222981 -0.974804 -0.005988
vn 0.222981 -0.974804 -0.005988
vn 0.974397 0.223061 -0.028173
vn 0.974397 0.223061 -0.028173
vn 0.974397 0.223061 -0.028173
vn 0.974397 0.223061 -0.028173
vn -0.974397 -0.223061 0.028173
vn -0.974397 -0.223061 0.028173
vn -0.974397 -0.223061 0.028173
vn -0.974397 -0.223061 0.028173
vn -0.137307 0.689607 0.711048
vn -0.137307 0.689607 0.711048
vn -0.137307 0.689607 0.711048
vn -0.137307 0.689607 0.711048
vn -0.178036 0.688975 -0.702579
vn -0.178036 0.688975 -0.702579
vn -0.178036 0.688975 -0.702579
vn -0.178036 0.688975 -0.702579
vn 0.178036 -0.688975 0.702579
vn 0.178036 -0.688975 0.702579
vn 0.178036 -0.688975 0.702579
vn 0.178036 -0.688975 0.702579
vn 0.137307 -0.689607 -0.711048
vn 0.137307 -0.689607 -0.711048
vn 0.137307 -0.689607 -0.711048
vn 0.137307 -0.689607 -0.711048
vn 0.709367 0.158044 0.686892
vn 0.709367 0.158044 0.686892
vn 0.709367 0.158044 0.686892
vn 0.709367 0.158044 0.686892
vn 0.668639 0.157412 -0.726735
vn 0.668639 0.157412 -0.726735
vn 0.668639 0.157412 -0.726735
vn 0.668639 0.157412 -0.726735
vn -0.668639 -0.157412 0.726735
vn -0.668639 -0.157412 0.726735
vn -0.668639 -0.157412 0.726735
vn -0.668639 -0.157412 0.726735
vn -0.709367 -0.158044 -0.686892
vn -0.709367 -0.158044 -0.686892
vn -0.709367 -0.158044 -0.686892
vn -0.709367 -0.158044 -0.686892
vn 0.531332 0.847019 -0.015687
vn 0.531332 0.847019 -0.015687
vn 0.531332 0.847019 -0.015687
vn 0.531332 0.847019 -0.015687
vn 0.846674 -0.531563 -0.024156
vn 0.846674 -0.531563 -0.024156
vn 0.846674 -0.531563 -0.024156
vn 0.846674 -0.531563 -0.024156
vn -0.846674 0.531563 0.024156
vn -0.846674 0.531563 0.024156
vn -0.846674 0.531563 0.024156
vn -0.846674 0.531563 0.024156
vn -0.531332 -0.847019 0.015687
vn -0.531332 -0.847019 0.015687
vn -0.531332 -0.847019 0.015687
vn -0.531332 -0.847019 0.015687
vn -0.450458 -0.691846 -0.564302
vn -0.450458 -0.691846 -0.564302
vn -0.450458 -0.691846 -0.564302
vn -0.417203 -0.691330 0.589919
vn -0.417203 -0.691330 0.589919
vn -0.417203 -0.691330 0.589919
vn -0.707934 0.433761 -0.557387
vn -0.707934 0.433761 -0.557387
vn -0.707934 0.433761 -0.557387
vn -0.674679 0.434277 0.596834
vn -0.674679 0.434277 0.596834
vn -0.674679 0.434277 0.596834
vn 0.674679 -0.434277 -0.596834
vn 0.674679 -0.434277 -0.596834
vn 0.674679 -0.434277 -0.596834
vn 0.707934 -0.433761 0.557387
vn 0.707934 -0.433761 0.557387
vn 0.707934 -0.433761 0.557387
vn 0.417203 0.691330 -0.589919
vn 0.417203 0.691330 -0.589919
vn 0.417203 0.691330 -0.589919
vn 0.450458 0.691846 0.564302
vn 0.450458 0.691846 0.564302
vn 0.450458 0.691846 0.564302
vn 0.028799 0.000447 0.999585
vn 0.028799 0.000447 0.999585
vn 0.028799 0.000447 0.999585
vn 0.028799 0.000447 0.999585
vn -0.028799 -0.000447 -0.999585
vn -0.028799 -0.000447 -0.999585
vn -0.028799 -0.000447 -0.999585
vn -0.028799 -0.000447 -0.999585
vn -0.222981 0.974804 0.005988
vn -0.222981 0.974804 0.005988
vn -0.222981 0.974804 0.005988
vn -0.222981 0.974804 0.005988
vn 0.222981 -0.974804 -0.005988
vn 0.222981 -0.974804 -0.005988
vn 0.222981 -0.974804 -0.005988
vn 0.222981 -0.974804 -0.005988
vn 0.974397 0.223061 -0.028173
vn 0.974397 0.223061 -0.028173
vn 0.974397 0.223061 -0.028173
vn 0.974397 0.223061 -0.028173
vn -0.974397 -0.223061 0.028173
vn -0.974397 -0.223061 0.028173
vn -0.974397 -0.223061 0.028173
vn -0.974397 -0.223061 0.028173
vn -0.137307 0.689607 0.711048
vn -0.137307 0.689607 0.711048
vn -0.137307 0.689607 0.711048
vn -0.137307 0.689607 0.711048
vn -0.178036 0.688975 -0.702579
vn -0.178036 0.688975 -0.702579
vn -0.178036 0.688975 -0.702579
vn -0.178036 0.688975 -0.702579
vn 0.178036 -0.688975 0.702579
vn 0.178036 -0.688975 0.702579
vn 0.178036 -0.688975 0.702579
vn 0.178036 -0.688975 0.702579
vn 0.137307 -0.689607 -0.711048
vn 0.137307 -0.689607 -0.711048
vn 0.137307 -0.689607 -0.711048
vn 0.137307 -0.689607 -0.711048
vn 0.709367 0.158044 0.686892
vn 0.709367 0.158044 0.686892
vn 0.709367 0.158044 0.686892
vn 0.709367 0.158044 0.686892
vn 0.668639 0.157412 -0.726735
vn 0.668639 0.157412 -0.726735
vn 0.668639 0.157412 -0.726735
vn 0.668639 0.157412 -0.726735
vn -0.668639 -0.157412 0.726735
vn -0.668639 -0.157412 0.726735
vn -0.668639 -0.157412 0.726735
vn -0.668639 -0.157412 0.726735
vn -0.709367 -0.158044 -0.686892
vn -0.709367 -0.158044 -0.686892
vn -0.709367 -0.158044 -0.686892
vn -0.709367 -0.158044 -0.686892
vn 0.531332 0.847019 -0.015687
vn 0.531332 0.847019 -0.015687
vn 0.531332 0.847019 -0.015687
vn 0.531332 0.847019 -0.015687
vn 0.846674 -0.531563 -0.024156
vn 0.846674 -0.531563 -0.024156
vn 0.846674 -0.531563 -0.024156
vn 0.846674 -0.531563 -0.024156
vn -0.846674 0.531563 0.024156
vn -0.846674 0.531563 0.024156
vn -0.846674 0.531563 0.024156
vn -0.846674 0.531563 0.024156
vn -0.531332 -0.847019 0.015687
vn -0.531332 -0.847019 0.015687
vn -0.531332 -0.847019 0.015687
vn -0.531332 -0.847019 0.015687
vn -0.450458 -0.691846 -0.564302
vn -0.450458 -0.691846 -0.564302
vn -0.450458 -0.691846 -0.564302
vn -0.417203 -0.691330 0.589919
vn -0.417203 -0.691330 0.589919
vn -0.417203 -0.691330 0.589919
vn -0.707934 0.433761 -0.557387
vn -0.707934 0.433761 -0.557387
vn -0.707934 0.433761 -0.557387
vn -0.674679 0.434277 0.596834
vn -0.674679 0.434277 0.596834
vn -0.674679 0.434277 0.596834
vn 0.674679 -0.434277 -0.596834
vn 0.674679 -0.434277 -0.596834
vn 0.674679 -0.434277 -0.596834
vn 0.707934 -0.433761 0.557387
vn 0.707934 -0.433761 0.557387
vn 0.707934 -0.433761 0.557387
vn 0.417203 0.691330 -0.589919
vn 0.417203 0.691330 -0.589919
vn 0.417203 0.691330 -0.589919
vn 0.450458 0.691846 0.564302
vn 0.450458 0.691846 0.564302
vn 0.450458 0.691846 0.564302
vn 0.028799 0.000447 0.999585
vn 0.028799 0.000447 0.999585
vn 0.028799 0.000447 0.999585
vn 0.028799 0.000447 0.999585
vn -0.028799 -0.000447 -0.999585
vn -0.028799 -0.000447 -0.999585
vn -0.028799 -0.000447 -0.999585
vn -0.028799 -0.000447 -0.999585
vn -0.222981 0.974804 0.005988
vn -0.222981 0.974804 0.005988
vn -0.222981 0.974804 0.005988
vn -0.222981 0.974804 0.005988
vn 0.222981 -0.974804 -0.005988
vn 0.222981 -0.974804 -0.005988
vn 0.222981 -0.974804 -0.005988
vn 0.222981 -0.974804 -0.005988
vn 0.974397 0.223061 -0.028173
vn 0.974397 0.223061 -0.028173
vn 0.974397 0.223061 -0.028173
vn 0.974397 0.223061 -0.028173
vn -0.974397 -0.223061 0.028173
vn -0.974397 -0.223061 0.028173
vn -0.974397 -0.223061 0.028173
vn -0.974397 -0.223061 0.028173
vn -0.137307 0.689607 0.711048
vn -0.137307 0.689607 0.711048
vn -0.137307 0.689607 0.711048
vn -0.137307 0.689607 0.711048
vn -0.178036 0.688975 -0.702579
vn -0.178036 0.688975 -0.702579
vn -0.178036 0.688975 -0.702579
vn -0.178036 0.688975 -0.702579
vn 0.178036 -0.688975 0.702579
vn 0.178036 -0.688975 0.702579
vn 0.178036 -0.688975 0.702579
vn 0.178036 -0.688975 0.702579
vn 0.137307 -0.689607 -0.711048
vn 0.137307 -0.689607 -0.711048
vn 0.137307 -0.689607 -0.711048
vn 0.137307 -0.689607 -0.711048
vn 0.709367 0.158044 0.686892
vn 0.709367 0.158044 0.686892
vn 0.709367 0.158044 0.686892
vn 0.709367 0.158044 0.686892
vn 0.668639 0.157412 -0.726735
vn 0.668639 0.157412 -0.726735
vn 0.668639 0.157412 -0.726735
vn 0.668639 0.157412 -0.726735
vn -0.668639 -0.157412 0.726735
vn -0.668639 -0.157412 0.726735
vn -0.668639 -0.157412 0.726735
vn -0.668639 -0.157412 0.726735
vn -0.709367 -0.158044 -0.686892
vn -0.709367 -0.158044 -0.686892
vn -0.709367 -0.158044 -0.686892
vn -0.709367 -0.158044 -0.686892
vn 0.531332 0.847019 -0.015687
vn 0.531332 0.847019 -0.015687
vn 0.531332 0.847019 -0.015687
vn 0.531332 0.847019 -0.015687
vn 0.846674 -0.531563 -0.024156
vn 0.846674 -0.531563 -0.024156
vn 0.846674 -0.531563 -0.024156
vn 0.846674 -0.531563 -0.024156
vn -0.846674 0.531563 0.024156
vn -0.846674 0.531563 0.024156
vn -0.846674 0.531563 0.024156
vn -0.846674 0.531563 0.024156
vn -0.531332 -0.847019 0.015687
vn -0.531332 -0.847019 0.015687
vn -0.531332 -0.847019 0.015687
vn -0.531332 -0.847019 0.015687
vn -0.450458 -0.691846 -0.564302
vn -0.450458 -0.691846 -0.564302
vn -0.450458 -0.691846 -0.564302
vn -0.417203 -0.691330 0.589919
vn -0.417203 -0.691330 0.589919
vn -0.417203 -0.691330 0.589919
vn -0.707934 0.433761 -0.557387
vn -0.707934 0.433761 -0.557387
vn -0.707934 0.433761 -0.557387
vn -0.674679 0.434277 0.596834
vn -0.674679 0.434277 0.596834
vn -0.674679 0.434277 0.596834
vn 0.674679 -0.434277 -0.596834
vn 0.674679 -0.434277 -0.596834
vn 0.674679 -0.434277 -0.596834
vn 0.707934 -0.433761 0.557387
vn 0.707934 -0.433761 0.557387
vn 0.707934 -0.433761 0.557387
vn 0.417203 0.691330 -0.589919
vn 0.417203 0.691330 -0.589919
vn 0.417203 0.691330 -0.589919
vn 0.450458 0.691846 0.564302
vn 0.450458 0.691846 0.564302
vn 0.450458 0.691846 0.564302
vn 0.028799 0.000447 0.999585
vn 0.028799 0.000447 0.999585
vn 0.028799 0.000447 0.999585
vn 0.028799 0.000447 0.999585
vn -0.028799 -0.000447 -0.999585
vn -0.028799 -0.000447 -0.999585
vn -0.028799 -0.000447 -0.999585
vn -0.028799 -0.000447 -0.999585
vn -0.222981 0.974804 0.005988
vn -0.222981 0.974804 0.005988
vn -0.222981 0.974804 0.005988
vn -0.222981 0.974804 0.005988
vn 0.222981 -0.974804 -0.005988
vn 0.222981 -0.974804 -0.005988
vn 0.222981 -0.974804 -0.005988
vn 0.222981 -0.974804 -0.005988
vn 0.974397 0.223061 -0.028173
vn 0.974397 0.223061 -0.028173
vn 0.974397 0.223061 -0.028173
vn 0.974397 0.223061 -0.028173
vn -0.974397 -0.223061 0.028173
vn -0.974397 -0.223061 0.028173
vn -0.974397 -0.223061 0.028173
vn -0.974397 -0.223061 0.028173
vn -0.137307 0.689607 0.711048
vn -0.137307 0.689607 0.711048
vn -0.137307 0.689607 0.711048
vn -0.137307 0.689607 0.711048
vn -0.178036 0.688975 -0.702579
vn -0.178036 0.688975 -0.702579
vn -0.178036 0.688975 -0.702579
vn -0.178036 0.688975 -0.702579
vn 0.178036 -0.688975 0.702579
vn 0.178036 -0.688975 0.702579
vn 0.178036 -0.688975 0.702579
vn 0.178036 -0.688975 0.702579
vn 0.137307 -0.689607 -0.711048
vn 0.137307 -0.689607 -0.711048
vn 0.137307 -0.689607 -0.711048
vn 0.137307 -0.689607 -0.711048
vn 0.709367 0.158044 0.686892
vn 0.709367 0.158044 0.686892
vn 0.709367 0.158044 0.686892
vn 0.709367 0.158044 0.686892
vn 0.668639 0.157412 -0.726735
vn 0.668639 0.157412 -0.726735
vn 0.668639 0.157412 -0.726735
vn 0.668639 0.157412 -0.726735
vn -0.668639 -0.157412 0.726735
vn -0.668639 -0.157412 0.726735
vn -0.668639 -0.157412 0.726735
vn -0.668639 -0.157412 0.726735
vn -0.709367 -0.158044 -0.686892
vn -0.709367 -0.158044 -0.686892
vn -0.709367 -0.158044 -0.686892
vn -0.709367 -0.158044 -0.686892
vn 0.531332 0.847019 -0.015687
vn 0.531332 0.847019 -0.015687
vn 0.531332 0.847019 -0.015687
vn 0.531332 0.847019 -0.015687
vn 0.846674 -0.531563 -0.024156
vn 0.846674 -0.531563 -0.024156
vn 0.846674 -0.531563 -0.024156
vn 0.846674 -0.531563 -0.024156
vn -0.846674 0.531563 0.024156
vn -0.846674 0.531563 0.024156
vn -0.846674 0.531563 0.024156
vn -0.846674 0.531563 0.024156
vn -0.531332 -0.847019 0.015687
vn -0.531332 -0.847019 0.015687
vn -0.531332 -0.847019 0.015687
vn -0.531332 -0.847019 0.015687
vn -0.450458 -0.691846 -0.564302
vn -0.450458 -0.691846 -0.564302
vn -0.450458 -0.691846 -0.564302
vn -0.417203 -0.691330 0.589919
vn -0.417203 -0.691330 0.589919
vn -0.417203 -0.691330 0.589919
vn -0.707934 0.433761 -0.557387
vn -0.707934 0.433761 -0.557387
vn -0.707934 0.433761 -0.557387
vn -0.674679 0.434277 0.596834
vn -0.674679 0.434277 0.596834
vn -0.674679 0.434277 0.596834
vn 0.674679 -0.434277 -0.596834
vn 0.674679 -0.434277 -0.596834
vn 0.674679 -0.434277 -0.596834
vn 0.707934 -0.433761 0.557387
vn 0.707934 -0.433761 0.557387
vn 0.707934 -0.433761 0.557387
vn 0.417203 0.691330 -0.589919
vn 0.417203 0.691330 -0.589919
vn 0.417203 0.691330 -0.589919
vn 0.450458 0.691846 0.564302
vn 0.450458 0.691846 0.564302
vn 0.450458 0.691846 0.564302
vn 0.028799 0.000447 0.999585
vn 0.028799 0.000447 0.999585
vn 0.028799 0.000447 0.999585
vn 0.028799 0.000447 0.999585
vn -0.028799 -0.000447 -0.999585
vn -0.028799 -0.000447 -0.999585
vn -0.028799 -0.000447 -0.999585
vn -0.028799 -0.000447 -0.999585
vn -0.015520 0.999880 0.000000
vn -0.015520 0.999880 0.000000
vn -0.015520 0.999880 0.000000
vn -0.015520 0.999880 0.000000
vn 0.015520 -0.999880 0.000000
vn 0.015520 -0.999880 0.000000
vn 0.015520 -0.999880 0.000000
vn 0.015520 -0.999880 0.000000
vn 0.999465 0.015513 -0.028803
vn 0.999465 0.015513 -0.028803
vn 0.999465 0.015513 -0.028803
vn 0.999465 0.015513 -0.028803
vn -0.999465 -0.015513 0.028803
vn -0.999465 -0.015513 0.028803
vn -0.999465 -0.015513 0.028803
vn -0.999465 -0.015513 0.028803
vn 0.009390 0.707338 0.706813
vn 0.009390 0.707338 0.706813
vn 0.009390 0.707338 0.706813
vn 0.009390 0.707338 0.706813
vn -0.031338 0.706706 -0.706813
vn -0.031338 0.706706 -0.706813
vn -0.031338 0.706706 -0.706813
vn -0.031338 0.706706 -0.706813
vn 0.031338 -0.706706 0.706813
vn 0.031338 -0.706706 0.706813
vn 0.031338 -0.706706 0.706813
vn 0.031338 -0.706706 0.706813
vn -0.009390 -0.707338 -0.706813
vn -0.009390 -0.707338 -0.706813
vn -0.009390 -0.707338 -0.706813
vn -0.009390 -0.707338 -0.706813
vn 0.727093 0.011286 0.686447
vn 0.727093 0.011286 0.686447
vn 0.727093 0.011286 0.686447
vn 0.727093 0.011286 0.686447
vn 0.686364 0.010653 -0.727180
vn 0.686364 0.010653 -0.727180
vn 0.686364 0.010653 -0.727180
vn 0.686364 0.010653 -0.727180
vn -0.686364 -0.010653 0.727180
vn -0.686364 -0.010653 0.727180
vn -0.686364 -0.010653 0.727180
vn -0.686364 -0.010653 0.727180
vn -0.727093 -0.011286 -0.686447
vn -0.727093 -0.011286 -0.686447
vn -0.727093 -0.011286 -0.686447
vn -0.727093 -0.011286 -0.686447
vn 0.695754 0.717991 -0.020367
vn 0.695754 0.717991 -0.020367
vn 0.695754 0.717991 -0.020367
vn 0.695754 0.717991 -0.020367
vn 0.717702 -0.696052 -0.020367
vn 0.717702 -0.696052 -0.020367
vn 0.717702 -0.696052 -0.020367
vn 0.717702 -0.696052 -0.020367
vn -0.717702 0.696052 0.020367
vn -0.717702 0.696052 0.020367
vn -0.717702 0.696052 0.020367
vn -0.717702 0.696052 0.020367
vn -0.695754 -0.717991 0.020367
vn -0.695754 -0.717991 0.020367
vn -0.695754 -0.717991 0.020367
vn -0.695754 -0.717991 0.020367
vn -0.584708 -0.586495 -0.560481
vn -0.584708 -0.586495 -0.560481
vn -0.584708 -0.586495 -0.560481
vn -0.551454 -0.585979 0.593740
vn -0.551454 -0.585979 0.593740
vn -0.551454 -0.585979 0.593740
vn -0.602629 0.568066 -0.560481
vn -0.602629 0.568066 -0.560481
vn -0.602629 0.568066 -0.560481
vn -0.569374 0.568582 0.593740
vn -0.569374 0.568582 0.593740
vn -0.569374 0.568582 0.593740
vn 0.569374 -0.568582 -0.593740
vn 0.569374 -0.568582 -0.593740
vn 0.569374 -0.568582 -0.593740
vn 0.602629 -0.568066 0.560481
vn 0.602629 -0.568066 0.560481
vn 0.602629 -0.568066 0.560481
vn 0.551454 0.585979 -0.593740
vn 0.551454 0.585979 -0.593740
vn 0.551454 0.585979 -0.593740
vn 0.584708 0.586495 0.560481
vn 0.584708 0.586495 0.560481
vn 0.584708 0.586495 0.560481
vn 0.028799 0.000447 0.999585
vn 0.028799 0.000447 0.999585
vn 0.028799 0.000447 0.999585
vn 0.028799 0.000447 0.999585
vn -0.028799 -0.000447 -0.999585
vn -0.028799 -0.000447 -0.999585
vn -0.028799 -0.000447 -0.999585
vn -0.028799 -0.000447 -0.999585
vn -0.015520 0.999880 0.000000
vn -0.015520 0.999880 0.000000
vn -0.015520 0.999880 0.000000
vn -0.015520 0.999880 0.000000
vn 0.015520 -0.999880 0.000000
vn 0.015520 -0.999880 0.000000
vn 0.015520 -0.999880 0.000000
vn 0.015520 -0.999880 0.000000
vn 0.999465 0.015513 -0.028803
vn 0.999465 0.015513 -0.028803
vn 0.999465 0.015513 -0.028803
vn 0.999465 0.015513 -0.028803
vn -0.999465 -0.015513 0.028803
vn -0.999465 -0.015513 0.028803
vn -0.999465 -0.015513 0.028803
vn -0.999465 -0.015513 0.028803
vn 0.009390 0.707338 0.706813
vn 0.009390 0.707338 0.706813
vn 0.009390 0.707338 0.706813
vn 0.009390 0.707338 0.706813
vn -0.031338 0.706706 -0.706813
vn -0.031338 0.706706 -0.706813
vn -0.031338 0.706706 -0.706813
vn -0.031338 0.706706 -0.706813
vn 0.031338 -0.706706 0.706813
vn 0.031338 -0.706706 0.706813
vn 0.031338 -0.706706 0.706813
vn 0.031338 -0.706706 0.706813
vn -0.009390 -0.707338 -0.706813
vn -0.009390 -0.707338 -0.706813
vn -0.009390 -0.707338 -0.706813
vn -0.009390 -0.707338 -0.706813
vn 0.727093 0.011286 0.686447
vn 0.727093 0.011286 0.686447
vn 0.727093 0.011286 0.686447
vn 0.727093 0.011286 0.686447
vn 0.686364 0.010653 -0.727180
vn 0.686364 0.010653 -0.727180
vn 0.686364 0.010653 -0.727180
vn 0.686364 0.010653 -0.727180
vn -0.686364 -0.010653 0.727180
vn -0.686364 -0.010653 0.727180
vn -0.686364 -0.010653 0.727180
vn -0.686364 -0.010653 0.727180
vn -0.727093 -0.011286 -0.686447
vn -0.727093 -0.011286 -0.686447
vn -0.727093 -0.011286 -0.686447
vn -0.727093 -0.011286 -0.686447
vn 0.695754 0.717991 -0.020367
vn 0.695754 0.717991 -0.020367
vn 0.695754 0.717991 -0.020367
vn 0.695754 0.717991 -0.020367
vn 0.717702 -0.696052 -0.020367
vn 0.717702 -0.696052 -0.020367
vn 0.717702 -0.696052 -0.020367
vn 0.717702 -0.696052 -0.020367
vn -0.717702 0.696052 0.020367
vn -0.717702 0.696052 0.020367
vn -0.717702 0.696052 0.020367
vn -0.717702 0.696052 0.020367
vn -0.695754 -0.717991 0.020367
vn -0.695754 -0.717991 0.020367
vn -0.695754 -0.717991 0.020367
vn -0.695754 -0.717991 0.020367
vn -0.584708 -0.586495 -0.560481
vn -0.584708 -0.586495 -0.560481
vn -0.584708 -0.586495 -0.560481
vn -0.551454 -0.585979 0.593740
vn -0.551454 -0.585979 0.593740
vn -0.551454 -0.585979 0.593740
vn -0.602629 0.568066 -0.560481
vn -0.602629 0.568066 -0.560481
vn -0.602629 0.568066 -0.560481
vn -0.569374 0.568582 0.593740
vn -0.569374 0.568582 0.593740
vn -0.569374 0.568582 0.593740
vn 0.569374 -0.568582 -0.593740
vn 0.569374 -0.568582 -0.593740
vn 0.569374 -0.568582 -0.593740
vn 0.602629 -0.568066 0.560481
vn 0.602629 -0.568066 0.560481
vn 0.602629 -0.568066 0.560481
vn 0.551454 0.585979 -0.593740
vn 0.551454 0.585979 -0.593740
vn 0.551454 0.585979 -0.593740
vn 0.584708 0.586495 0.560481
vn 0.584708 0.586495 0.560481
vn 0.584708 0.586495 0.560481
vn 0.028799 0.000447 0.999585
vn 0.028799 0.000447 0.999585
vn 0.028799 0.000447 0.999585
vn 0.028799 0.000447 0.999585
vn -0.028799 -0.000447 -0.999585
vn -0.028799 -0.000447 -0.999585
vn -0.028799 -0.000447 -0.999585
vn -0.028799 -0.000447 -0.999585
vn -0.015520 0.999880 0.000000
vn -0.015520 0.999880 0.000000
vn -0.015520 0.999880 0.000000
vn -0.015520 0.999880 0.000000
vn 0.015520 -0.999880 0.000000
vn 0.015520 -0.999880 0.000000
vn 0.015520 -0.999880 0.000000
vn 0.015520 -0.999880 0.000000
vn 0.999465 0.015513 -0.028803
vn 0.999465 0.015513 -0.028803
vn 0.999465 0.015513 -0.028803
vn 0.999465 0.015513 -0.028803
vn -0.999465 -0.015513 0.028803
vn -0.999465 -0.015513 0.028803
vn -0.999465 -0.015513 0.028803
vn -0.999465 -0.015513 0.028803
vn 0.009390 0.707338 0.706813
vn 0.009390 0.707338 0.706813
vn 0.009390 0.707338 0.706813
vn 0.009390 0.707338 0.706813
vn -0.031338 0.706706 -0.706813
vn -0.031338 0.706706 -0.706813
vn -0.031338 0.706706 -0.706813
vn -0.031338 0.706706 -0.706813
vn 0.031338 -0.706706 0.706813
vn 0.031338 -0.706706 0.706813
vn 0.031338 -0.706706 0.706813
vn 0.031338 -0.706706 0.706813
vn -0.009390 -0.707338 -0.706813
vn -0.009390 -0.707338 -0.706813
vn -0.009390 -0.707338 -0.706813
vn -0.009390 -0.707338 -0.706813
vn 0.727093 0.011286 0.686447
vn 0.727093 0.011286 0.686447
vn 0.727093 0.011286 0.686447
vn 0.727093 0.011286 0.686447
vn 0.686364 0.010653 -0.727180
vn 0.686364 0.010653 -0.727180
vn 0.686364 0.010653 -0.727180
vn 0.686364 0.010653 -0.727180
vn -0.686364 -0.010653 0.727180
vn -0.686364 -0.010653 0.727180
vn -0.686364 -0.010653 0.727180
vn -0.686364 -0.010653 0.727180
vn -0.727093 -0.011286 -0.686447
vn -0.727093 -0.011286 -0.686447
vn -0.727093 -0.011286 -0.686447
vn -0.727093 -0.011286 -0.686447
vn 0.695754 0.717991 -0.020367
vn 0.695754 0.717991 -0.020367
vn 0.695754 0.717991 -0.020367
vn 0.695754 0.717991 -0.020367
vn 0.717702 -0.696052 -0.020367
vn 0.717702 -0.696052 -0.020367
vn 0.717702 -0.696052 -0.020367
vn 0.717702 -0.696052 -0.020367
vn -0.717702 0.696052 0.020367
vn -0.717702 0.696052 0.020367
vn -0.717702 0.696052 0.020367
vn -0.717702 0.696052 0.020367
vn -0.695754 -0.717991 0.020367
vn -0.695754 -0.717991 0.020367
vn -0.695754 -0.717991 0.020367
vn -0.695754 -0.717991 0.020367
vn -0.584708 -0.586495 -0.560481
vn -0.584708 -0.586495 -0.560481
vn -0.584708 -0.586495 -0.560481
vn -0.551454 -0.585979 0.593740
vn -0.551454 -0.585979 0.593740
vn -0.551454 -0.585979 0.593740
vn -0.602629 0.568066 -0.560481
vn -0.602629 0.568066 -0.560481
vn -0.602629 0.568066 -0.560481
vn -0.569374 0.568582 0.593740
vn -0.569374 0.568582 0.593740
vn -0.569374 0.568582 0.593740
vn 0.569374 -0.568582 -0.593740
vn 0.569374 -0.568582 -0.593740
vn 0.569374 -0.568582 -0.593740
vn 0.602629 -0.568066 0.560481
vn 0.602629 -0.568066 0.560481
vn 0.602629 -0.568066 0.560481
vn 0.551454 0.585979 -0.593740
vn 0.551454 0.585979 -0.593740
vn 0.551454 0.585979 -0.593740
vn 0.584708 0.586495 0.560481
vn 0.584708 0.586495 0.560481
vn 0.584708 0.586495 0.560481
vn 0.028799 0.000447 0.999585
vn 0.028799 0.000447 0.999585
vn 0.028799 0.000447 0.999585
vn 0.028799 0.000447 0.999585
vn -0.028799 -0.000447 -0.999585
vn -0.028799 -0.000447 -0.999585
vn -0.028799 -0.000447 -0.999585
vn -0.028799 -0.000447 -0.999585
vn -0.015520 0.999880 0.000000
vn -0.015520 0.999880 0.000000
vn -0.015520 0.999880 0.000000
vn -0.015520 0.999880 0.000000
vn 0.015520 -0.999880 0.000000
vn 0.015520 -0.999880 0.000000
vn 0.015520 -0.999880 0.000000
vn 0.015520 -0.999880 0.000000
vn 0.999465 0.015513 -0.028803
vn 0.999465 0.015513 -0.028803
vn 0.999465 0.015513 -0.028803
vn 0.999465 0.015513 -0.028803
vn -0.999465 -0.015513 0.028803
vn -0.999465 -0.015513 0.028803
vn -0.999465 -0.015513 0.028803
vn -0.999465 -0.015513 0.028803
vn 0.009390 0.707338 0.706813
vn 0.009390 0.707338 0.706813
vn 0.009390 0.707338 0.706813
vn 0.009390 0.707338 0.706813
vn -0.031338 0.706706 -0.706813
vn -0.031338 0.706706 -0.706813
vn -0.031338 0.706706 -0.706813
vn -0.031338 0.706706 -0.706813
vn 0.031338 -0.706706 0.706813
vn 0.031338 -0.706706 0.706813
vn 0.031338 -0.706706 0.706813
vn 0.031338 -0.706706 0.706813
vn -0.009390 -0.707338 -0.706813
vn -0.009390 -0.707338 -0.706813
vn -0.009390 -0.707338 -0.706813
vn -0.009390 -0.707338 -0.706813
vn 0.727093 0.011286 0.686447
vn 0.727093 0.011286 0.686447
vn 0.727093 0.011286 0.686447
vn 0.727093 0.011286 0.686447
vn 0.686364 0.010653 -0.727180
vn 0.686364 0.010653 -0.727180
vn 0.686364 0.010653 -0.727180
vn 0.686364 0.010653 -0.727180
vn -0.686364 -0.010653 0.727180
vn -0.686364 -0.010653 0.727180
vn -0.686364 -0.010653 0.727180
vn -0.686364 -0.010653 0.727180
vn -0.727093 -0.011286 -0.686447
vn -0.727093 -0.011286 -0.686447
vn -0.727093 -0.011286 -0.686447
vn -0.727093 -0.011286 -0.686447
vn 0.695754 0.717991 -0.020367
vn 0.695754 0.717991 -0.020367
vn 0.695754 0.717991 -0.020367
vn 0.695754 0.717991 -0.020367
vn 0.717702 -0.696052 -0.020367
vn 0.717702 -0.696052 -0.020367
vn 0.717702 -0.696052 -0.020367
vn 0.717702 -0.696052 -0.020367
vn -0.717702 0.696052 0.020367
vn -0.717702 0.696052 0.020367
vn -0.717702 0.696052 0.020367
vn -0.717702 0.696052 0.020367
vn -0.695754 -0.717991 0.020367
vn -0.695754 -0.717991 0.020367
vn -0.695754 -0.717991 0.020367
vn -0.695754 -0.717991 0.020367
vn -0.584708 -0.586495 -0.560481
vn -0.584708 -0.586495 -0.560481
vn -0.584708 -0.586495 -0.560481
vn -0.551454 -0.585979 0.593740
vn -0.551454 -0.585979 0.593740
vn -0.551454 -0.585979 0.593740
vn -0.602629 0.568066 -0.560481
vn -0.602629 0.568066 -0.560481
vn -0.602629 0.568066 -0.560481
vn -0.569374 0.568582 0.593740
vn -0.569374 0.568582 0.593740
vn -0.569374 0.568582 0.593740
vn 0.569374 -0.568582 -0.593740
vn 0.569374 -0.568582 -0.593740
vn 0.569374 -0.568582 -0.593740
vn 0.602629 -0.568066 0.560481
vn 0.602629 -0.568066 0.560481
vn 0.602629 -0.568066 0.560481
vn 0.551454 0.585979 -0.593740
vn 0.551454 0.585979 -0.593740
vn 0.551454 0.585979 -0.593740
vn 0.584708 0.586495 0.560481
vn 0.584708 0.586495 0.560481
vn 0.584708 0.586495 0.560481
vn -0.999465 -0.015513 0.028803
vn -0.494494 -0.832968 -0.248275
vn 0.504971 -0.817455 -0.277077
vn 0.999465 0.015513 -0.028803
vn 0.494494 0.832968 0.248275
vn -0.504971 0.817455 0.277077
vn -0.999465 -0.015513 0.028803
vn -0.494494 -0.832968 -0.248275
vn 0.504971 -0.817455 -0.277077
vn 0.999465 0.015513 -0.028803
vn 0.494494 0.832968 0.248275
vn -0.504971 0.817455 0.277077
vn -0.999465 -0.015513 0.028803
vn -0.494494 -0.832968 -0.248275
vn 0.504971 -0.817455 -0.277077
vn 0.999465 0.015513 -0.028803
vn 0.494494 0.832968 0.248275
vn -0.504971 0.817455 0.277077
vn -0.999465 -0.015513 0.028803
vn -0.494494 -0.832968 -0.248275
vn 0.504971 -0.817455 -0.277077
vn 0.999465 0.015513 -0.028803
vn 0.494494 0.832968 0.248275
vn -0.504971 0.817455 0.277077
vn -0.032151 0.302976 -0.952456
vn 0.032151 -0.302976 0.952456
vn -0.999465 -0.015513 0.028803
vn -0.294092 -0.955736 0.008901
vn 0.817706 -0.575164 -0.023302
vn 0.799462 0.600265 -0.023302
vn -0.323612 0.946148 0.008901
vn -0.999465 -0.015513 0.028803
vn -0.294092 -0.955736 0.008901
vn 0.817706 -0.575164 -0.023302
vn 0.799462 0.600265 -0.023302
vn -0.323612 0.946148 0.008901
vn -0.999465 -0.015513 0.028803
vn -0.294092 -0.955736 0.008901
vn 0.817706 -0.575164 -0.023302
vn 0.799462 0.600265 -0.023302
vn -0.323612 0.946148 0.008901
vn -0.999465 -0.015513 0.028803
vn -0.294092 -0.955736 0.008901
vn 0.817706 -0.575164 -0.023302
vn 0.799462 0.600265 -0.023302
vn -0.323612 0.946148 0.008901
vn -0.028799 -0.000447 -0.999585
vn 0.028799 0.000447 0.999585
vn 0.028799 0.000447 0.999585
vn 0.028799 0.000447 0.999585
vn 0.028799 0.000447 0.999585
vn 0.028799 0.000447 0.999585
vn -0.028799 -0.000447 -0.999585
vn -0.028799 -0.000447 -0.999585
vn -0.028799 -0.000447 -0.999585
vn -0.028799 -0.000447 -0.999585
vn -0.015520 0.999880 0.000000
vn -0.015520 0.999880 0.000000
vn -0.015520 0.999880 0.000000
vn -0.015520 0.999880 0.000000
vn 0.015520 -0.999880 0.000000
vn 0.015520 -0.999880 0.000000
vn 0.015520 -0.999880 0.000000
vn 0.015520 -0.999880 0.000000
vn 0.999465 0.015513 -0.028803
vn 0.999465 0.015513 -0.028803
vn 0.999465 0.015513 -0.028803
vn 0.999465 0.015513 -0.028803
vn -0.999465 -0.015513 0.028803
vn -0.999465 -0.015513 0.028803
vn -0.999465 -0.015513 0.028803
vn -0.999465 -0.015513 0.028803
vn 0.009390 0.707338 0.706813
vn 0.009390 0.707338 0.706813
vn 0.009390 0.707338 0.706813
vn 0.009390 0.707338 0.706813
vn -0.031338 0.706706 -0.706813
vn -0.031338 0.706706 -0.706813
vn -0.031338 0.706706 -0.706813
vn -0.031338 0.706706 -0.706813
vn 0.031338 -0.706706 0.706813
vn 0.031338 -0.706706 0.706813
vn 0.031338 -0.706706 0.706813
vn 0.031338 -0.706706 0.706813
vn -0.009390 -0.707338 -0.706813
vn -0.009390 -0.707338 -0.706813
vn -0.009390 -0.707338 -0.706813
vn -0.009390 -0.707338 -0.706813
vn 0.727093 0.011286 0.686447
vn 0.727093 0.011286 0.686447
vn 0.727093 0.011286 0.686447
vn 0.727093 0.011286 0.686447
vn 0.686364 0.010653 -0.727180
vn 0.686364 0.010653 -0.727180
vn 0.686364 0.010653 -0.727180
vn 0.686364 0.010653 -0.727180
vn -0.686364 -0.010653 0.727180
vn -0.686364 -0.010653 0.727180
vn -0.686364 -0.010653 0.727180
vn -0.686364 -0.010653 0.727180
vn -0.727093 -0.011286 -0.686447
vn -0.727093 -0.011286 -0.686447
vn -0.727093 -0.011286 -0.686447
vn -0.727093 -0.011286 -0.686447
vn 0.695754 0.717991 -0.020367
vn 0.695754 0.717991 -0.020367
vn 0.695754 0.717991 -0.020367
vn 0.695754 0.717991 -0.020367
vn 0.717702 -0.696052 -0.020367
vn 0.717702 -0.696052 -0.020367
vn 0.717702 -0.696052 -0.020367
vn 0.717702 -0.696052 -0.020367
vn -0.717702 0.696052 0.020367
vn -0.717702 0.696052 0.020367
vn -0.717702 0.696052 0.020367
vn -0.717702 0.696052 0.020367
vn -0.695754 -0.717991 0.020367
vn -0.695754 -0.717991 0.020367
vn -0.695754 -0.717991 0.020367
vn -0.695754 -0.717991 0.020367
vn -0.584708 -0.586495 -0.560481
vn -0.584708 -0.586495 -0.560481
vn -0.584708 -0.586495 -0.560481
vn -0.551454 -0.585979 0.593740
vn -0.551454 -0.585979 0.593740
vn -0.551454 -0.585979 0.593740
vn -0.602629 0.568066 -0.560481
vn -0.602629 0.568066 -0.560481
vn -0.602629 0.568066 -0.560481
vn -0.569374 0.568582 0.593740
vn -0.569374 0.568582 0.593740
vn -0.569374 0.568582 0.593740
vn 0.569374 -0.568582 -0.593740
vn 0.569374 -0.568582 -0.593740
vn 0.569374 -0.568582 -0.593740
vn 0.602629 -0.568066 0.560481
vn 0.602629 -0.568066 0.560481
vn 0.602629 -0.568066 0.560481
vn 0.551454 0.585979 -0.593740
vn 0.551454 0.585979 -0.593740
vn 0.551454 0.585979 -0.593740
vn 0.584708 0.586495 0.560481
vn 0.584708 0.586495 0.560481
vn 0.584708 0.586495 0.560481
vn 0.028799 0.000447 0.999585
vn 0.028799 0.000447 0.999585
vn 0.028799 0.000447 0.999585
vn 0.028799 0.000447 0.999585
vn -0.028799 -0.000447 -0.999585
vn -0.028799 -0.000447 -0.999585
vn -0.028799 -0.000447 -0.999585
vn -0.028799 -0.000447 -0.999585
vn -0.015520 0.999880 0.000000
vn -0.015520 0.999880 0.000000
vn -0.015520 0.999880 0.000000
vn -0.015520 0.999880 0.000000
vn 0.015520 -0.999880 0.000000
vn 0.015520 -0.999880 0.000000
vn 0.015520 -0.999880 0.000000
vn 0.015520 -0.999880 0.000000
vn 0.999465 0.015513 -0.028803
vn 0.999465 0.015513 -0.028803
vn 0.999465 0.015513 -0.028803
vn 0.999465 0.015513 -0.028803
vn -0.999465 -0.015513 0.028803
vn -0.999465 -0.015513 0.028803
vn -0.999465 -0.015513 0.028803
vn -0.999465 -0.015513 0.028803
vn 0.009390 0.707338 0.706813
vn 0.009390 0.707338 0.706813
vn 0.009390 0.707338 0.706813
vn 0.009390 0.707338 0.706813
vn -0.031338 0.706706 -0.706813
vn -0.031338 0.706706 -0.706813
vn -0.031338 0.706706 -0.706813
vn -0.031338 0.706706 -0.706813
vn 0.031338 -0.706706 0.706813
vn 0.031338 -0.706706 0.706813
vn 0.031338 -0.706706 0.706813
vn 0.031338 -0.706706 0.706813
vn -0.009390 -0.707338 -0.706813
vn -0.009390 -0.707338 -0.706813
vn -0.009390 -0.707338 -0.706813
vn -0.009390 -0.707338 -0.706813
vn 0.727093 0.011286 0.686447
vn 0.727093 0.011286 0.686447
vn 0.727093 0.011286 0.686447
vn 0.727093 0.011286 0.686447
vn 0.686364 0.010653 -0.727180
vn 0.686364 0.010653 -0.727180
vn 0.686364 0.010653 -0.727180
vn 0.686364 0.010653 -0.727180
vn -0.686364 -0.010653 0.727180
vn -0.686364 -0.010653 0.727180
vn -0.686364 -0.010653 0.727180
vn -0.686364 -0.010653 0.727180
vn -0.727093 -0.011286 -0.686447
vn -0.727093 -0.011286 -0.686447
vn -0.727093 -0.011286 -0.686447
vn -0.727093 -0.011286 -0.686447
vn 0.695754 0.717991 -0.020367
vn 0.695754 0.717991 -0.020367
vn 0.695754 0.717991 -0.020367
vn 0.695754 0.717991 -0.020367
vn 0.717702 -0.696052 -0.020367
vn 0.717702 -0.696052 -0.020367
vn 0.717702 -0.696052 -0.020367
vn 0.717702 -0.696052 -0.020367
vn -0.717702 0.696052 0.020367
vn -0.717702 0.696052 0.020367
vn -0.717702 0.696052 0.020367
vn -0.717702 0.696052 0.020367
vn -0.695754 -0.717991 0.020367
vn -0.695754 -0.717991 0.020367
vn -0.695754 -0.717991 0.020367
vn -0.695754 -0.717991 0.020367
vn -0.584708 -0.586495 -0.560481
vn -0.584708 -0.586495 -0.560481
vn -0.584708 -0.586495 -0.560481
vn -0.551454 -0.585979 0.593740
vn -0.551454 -0.585979 0.593740
vn -0.551454 -0.585979 0.593740
vn -0.602629 0.568066 -0.560481
vn -0.602629 0.568066 -0.560481
vn -0.602629 0.568066 -0.560481
vn -0.569374 0.568582 0.593740
vn -0.569374 0.568582 0.593740
vn -0.569374 0.568582 0.593740
vn 0.569374 -0.568582 -0.593740
vn 0.569374 -0.568582 -0.593740
vn 0.569374 -0.568582 -0.593740
vn 0.602629 -0.568066 0.560481
vn 0.602629 -0.568066 0.560481
vn 0.602629 -0.568066 0.560481
vn 0.551454 0.585979 -0.593740
vn 0.551454 0.585979 -0.593740
vn 0.551454 0.585979 -0.593740
vn 0.584708 0.586495 0.560481
vn 0.584708 0.586495 0.560481
vn 0.584708 0.586495 0.560481
vn -0.999465 -0.015513 0.028803
vn -0.494494 -0.832968 -0.248275
vn 0.504971 -0.817455 -0.277077
vn 0.999465 0.015513 -0.028803
vn 0.494494 0.832968 0.248275
vn -0.504971 0.817455 0.277077
vn -0.999465 -0.015513 0.028803
vn -0.494494 -0.832968 -0.248275
vn 0.504971 -0.817455 -0.277077
vn 0.999465 0.015513 -0.028803
vn 0.494494 0.832968 0.248275
vn -0.504971 0.817455 0.277077
vn -0.999465 -0.015513 0.028803
vn -0.494494 -0.832968 -0.248275
vn 0.504971 -0.817455 -0.277077
vn 0.999465 0.015513 -0.028803
vn 0.494494 0.832968 0.248275
vn -0.504971 0.817455 0.277077
vn -0.999465 -0.015513 0.028803
vn -0.494494 -0.832968 -0.248275
vn 0.504971 -0.817455 -0.277077
vn 0.999465 0.015513 -0.028803
vn 0.494494 0.832968 0.248275
vn -0.504971 0.817455 0.277077
vn -0.032151 0.302976 -0.952456
vn 0.032151 -0.302976 0.952456
vn -0.999465 -0.015513 0.028803
vn -0.294092 -0.955736 0.008901
vn 0.817706 -0.575164 -0.023302
vn 0.799462 0.600265 -0.023302
vn -0.323612 0.946148 0.008901
vn -0.999465 -0.015513 0.028803
vn -0.294092 -0.955736 0.008901
vn 0.817706 -0.575164 -0.023302
vn 0.799462 0.600265 -0.023302
vn -0.323612 0.946148 0.008901
vn -0.999465 -0.015513 0.028803
vn -0.294092 -0.955736 0.008901
vn 0.817706 -0.575164 -0.023302
vn 0.799462 0.600265 -0.023302
vn -0.323612 0.946148 0.008901
vn -0.999465 -0.015513 0.028803
vn -0.294092 -0.955736 0.008901
vn 0.817706 -0.575164 -0.023302
vn 0.799462 0.600265 -0.023302
vn -0.323612 0.946148 0.008901
vn -0.028799 -0.000447 -0.999585
vn 0.028799 0.000447 0.999585
vn 0.028799 0.000447 0.999585
vn 0.028799 0.000447 0.999585
vn 0.028799 0.000447 0.999585
vn 0.028799 0.000447 0.999585
vn -0.028799 -0.000447 -0.999585
vn -0.028799 -0.000447 -0.999585
vn -0.028799 -0.000447 -0.999585
vn -0.028799 -0.000447 -0.999585
vn -0.015520 0.999880 0.000000
vn -0.015520 0.999880 0.000000
vn -0.015520 0.999880 0.000000
vn -0.015520 0.999880 0.000000
vn 0.015520 -0.999880 0.000000
vn 0.015520 -0.999880 0.000000
vn 0.015520 -0.999880 0.000000
vn 0.015520 -0.999880 0.000000
vn 0.999465 0.015513 -0.028803
vn 0.999465 0.015513 -0.028803
vn 0.999465 0.015513 -0.028803
vn 0.999465 0.015513 -0.028803
vn -0.999465 -0.015513 0.028803
vn -0.999465 -0.015513 0.028803
vn -0.999465 -0.015513 0.028803
vn -0.999465 -0.015513 0.028803
vn 0.009390 0.707338 0.706813
vn 0.009390 0.707338 0.706813
vn 0.009390 0.707338 0.706813
vn 0.009390 0.707338 0.706813
vn -0.031338 0.706706 -0.706813
vn -0.031338 0.706706 -0.706813
vn -0.031338 0.706706 -0.706813
vn -0.031338 0.706706 -0.706813
vn 0.031338 -0.706706 0.706813
vn 0.031338 -0.706706 0.706813
vn 0.031338 -0.706706 0.706813
vn 0.031338 -0.706706 0.706813
vn -0.009390 -0.707338 -0.706813
vn -0.009390 -0.707338 -0.706813
vn -0.009390 -0.707338 -0.706813
vn -0.009390 -0.707338 -0.706813
vn 0.727093 0.011286 0.686447
vn 0.727093 0.011286 0.686447
vn 0.727093 0.011286 0.686447
vn 0.727093 0.011286 0.686447
vn 0.686364 0.010653 -0.727180
vn 0.686364 0.010653 -0.727180
vn 0.686364 0.010653 -0.727180
vn 0.686364 0.010653 -0.727180
vn -0.686364 -0.010653 0.727180
vn -0.686364 -0.010653 0.727180
vn -0.686364 -0.010653 0.727180
vn -0.686364 -0.010653 0.727180
vn -0.727093 -0.011286 -0.686447
vn -0.727093 -0.011286 -0.686447
vn -0.727093 -0.011286 -0.686447
vn -0.727093 -0.011286 -0.686447
vn 0.695754 0.717991 -0.020367
vn 0.695754 0.717991 -0.020367
vn 0.695754 0.717991 -0.020367
vn 0.695754 0.717991 -0.020367
vn 0.717702 -0.696052 -0.020367
vn 0.717702 -0.696052 -0.020367
vn 0.717702 -0.696052 -0.020367
vn 0.717702 -0.696052 -0.020367
vn -0.717702 0.696052 0.020367
vn -0.717702 0.696052 0.020367
vn -0.717702 0.696052 0.020367
vn -0.717702 0.696052 0.020367
vn -0.695754 -0.717991 0.020367
vn -0.695754 -0.717991 0.020367
vn -0.695754 -0.717991 0.020367
vn -0.695754 -0.717991 0.020367
vn -0.584708 -0.586495 -0.560481
vn -0.584708 -0.586495 -0.560481
vn -0.584708 -0.586495 -0.560481
vn -0.551454 -0.585979 0.593740
vn -0.551454 -0.585979 0.593740
vn -0.551454 -0.585979 0.593740
vn -0.602629 0.568066 -0.560481
vn -0.602629 0.568066 -0.560481
vn -0.602629 0.568066 -0.560481
vn -0.569374 0.568582 0.593740
vn -0.569374 0.568582 0.593740
vn -0.569374 0.568582 0.593740
vn 0.569374 -0.568582 -0.593740
vn 0.569374 -0.568582 -0.593740
vn 0.569374 -0.568582 -0.593740
vn 0.602629 -0.568066 0.560481
vn 0.602629 -0.568066 0.560481
vn 0.602629 -0.568066 0.560481
vn 0.551454 0.585979 -0.593740
vn 0.551454 0.585979 -0.593740
vn 0.551454 0.585979 -0.593740
vn 0.584708 0.586495 0.560481
vn 0.584708 0.586495 0.560481
vn 0.584708 0.586495 0.560481
f 1/1/1 2/2/2 3/3/3
f 1/1/1 3/3/3 4/4/4
f 5/5/5 6/6/6 7/7/7
f 5/5/5 7/7/7 8/8/8
f 9/9/9 10/10/10 11/11/11
f 9/9/9 11/11/11 12/12/12
f 13/13/13 14/14/14 15/15/15
f 13/13/13 15/15/15 16/16/16
f 17/17/17 18/18/18 19/19/19
f 17/17/17 19/19/19 20/20/20
f 21/21/21 22/22/22 23/23/23
f 21/21/21 23/23/23 24/24/24
f 25/25/25 26/26/26 27/27/27
f 25/25/25 27/27/27 28/28/28
f 29/29/29 30/30/30 31/31/31
f 29/29/29 31/31/31 32/32/32
f 33/33/33 34/34/34 35/35/35
f 33/33/33 35/35/35 36/36/36
f 37/37/37 38/38/38 39/39/39
f 37/37/37 39/39/39 40/40/40
f 41/41/41 42/42/42 43/43/43
f 41/41/41 43/43/43 44/44/44
f 45/45/45 46/46/46 47/47/47
f 45/45/45 47/47/47 48/48/48
f 49/49/49 50/50/50 51/51/51
f 49/49/49 51/51/51 52/52/52
f 53/53/53 54/54/54 55/55/55
f 53/53/53 55/55/55 56/56/56
f 57/57/57 58/58/58 59/59/59
f 57/57/57 59/59/59 60/60/60
f 61/61/61 62/62/62 63/63/63
f 61/61/61 63/63/63 64/64/64
f 65/65/65 66/66/66 67/67/67
f 65/65/65 67/67/67 68/68/68
f 69/69/69 70/70/70 71/71/71
f 69/69/69 71/71/71 72/72/72
f 73/73/73 75/75/75 74/74/74
f 76/76/76 77/77/77 78/78/78
f 79/79/79 80/80/80 81/81/81
f 82/82/82 84/84/84 83/83/83
f 85/85/85 86/86/86 87/87/87
f 88/88/88 90/90/90 89/89/89
f 91/91/91 93/93/93 92/92/92
f 94/94/94 95/95/95 96/96/96
f 97/97/97 98/98/98 99/99/99
f 97/97/97 99/99/99 100/100/100
f 101/101/101 102/102/102 103/103/103
f 101/101/101 103/103/103 104/104/104
f 105/105/105 106/106/106 107/107/107
f 105/105/105 107/107/107 108/108/108
f 109/109/109 110/110/110 111/111/111
f 109/109/109 111/111/111 112/112/112
f 113/113/113 114/114/114 115/115/115
f 113/113/113 115/115/115 116/116/116
f 117/117/117 118/118/118 119/119/119
f 117/117/117 119/119/119 120/120/120
f 121/121/121 122/122/122 123/123/123
f 121/121/121 123/123/123 124/124/124
f 125/125/125 126/126/126 127/127/127
f 125/125/125 127/127/127 128/128/128
f 129/129/129 130/130/130 131/131/131
f 129/129/129 131/131/131 132/132/132
f 133/133/133 134/134/134 135/135/135
f 133/133/133 135/135/135 136/136/136
f 137/137/137 138/138/138 139/139/139
f 137/137/137 139/139/139 140/140/140
f 141/141/141 142/142/142 143/143/143
f 141/141/141 143/143/143 144/144/144
f 145/145/145 146/146/146 147/147/147
f 145/145/145 147/147/147 148/148/148
f 149/149/149 150/150/150 151/151/151
f 149/149/149 151/151/151 152/152/152
f 153/153/153 154/154/154 155/155/155
f 153/153/153 155/155/155 156/156/156
f 157/157/157 158/158/158 159/159/159
f 157/157/157 159/159/159 160/160/160
f 161/161/161 162/162/162 163/163/163
f 161/161/161 163/163/163 164/164/164
f 165/165/165 166/166/166 167/167/167
f 165/165/165 167/167/167 168/168/168
f 169/169/169 171/171/171 170/170/170
f 172/172/172 173/173/173 174/174/174
f 175/175/175 176/176/176 177/177/177
f 178/178/178 180/180/180 179/179/179
f 181/181/181 182/182/182 183/183/183
f 184/184/184 186/186/186 185/185/185
f 187/187/187 189/189/189 188/188/188
f 190/190/190 191/191/191 192/192/192
f 193/193/193 194/194/194 195/195/195
f 193/193/193 195/195/195 196/196/196
f 197/197/197 198/198/198 199/199/199
f 197/197/197 199/199/199 200/200/200
f 201/201/201 202/202/202 203/203/203
f 201/201/201 203/203/203 204/204/204
f 205/205/205 206/206/206 207/207/207
f 205/205/205 207/207/207 208/208/208
f 209/209/209 210/210/210 211/211/211
f 209/209/209 211/211/211 212/212/212
f 213/213/213 214/214/214 215/215/215
f 213/213/213 215/215/215 216/216/216
f 217/217/217 218/218/218 219/219/219
f 217/217/217 219/219/219 220/220/220
f 221/221/221 222/222/222 223/223/223
f 221/221/221 223/223/223 224/224/224
f 225/225/225 226/226/226 227/227/227
f 225/225/225 227/227/227 228/228/228
f 229/229/229 230/230/230 231/231/231
f 229/229/229 231/231/231 232/232/232
f 233/233/233 234/234/234 235/235/235
f 233/233/233 235/235/235 236/236/236
f 237/237/237 238/238/238 239/239/239
f 237/237/237 239/239/239 240/240/240
f 241/241/241 242/242/242 243/243/243
f 241/241/241 243/243/243 244/244/244
f 245/245/245 246/246/246 247/247/247
f 245/245/245 247/247/247 248/248/248
f 249/249/249 250/250/250 251/251/251
f 249/249/249 251/251/251 252/252/252
f 253/253/253 254/254/254 255/255/255
f 253/253/253 255/255/255 256/256/256
f 257/257/257 258/258/258 259/259/259
f 257/257/257 259/259/259 260/260/260
f 261/261/261 262/262/262 263/263/263
f 261/261/261 263/263/263 264/264/264
f 265/265/265 267/267/267 266/266/266
f 268/268/268 269/269/269 270/270/270
f 271/271/271 272/272/272 273/273/273
f 274/274/274 276/276/276 275/275/275
f 277/277/277 278/278/278 279/279/279
f 280/280/280 282/282/282 281/281/281
f 283/283/283 285/285/285 284/284/284
f 286/286/286 287/287/287 288/288/288
f 289/289/289 290/290/290 291/291/291
f 289/289/289 291/291/291 292/292/292
f 293/293/293 294/294/294 295/295/295
f 293/293/293 295/295/295 296/296/296
f 297/297/297 298/298/298 299/299/299
f 297/297/297 299/299/299 300/300/300
f 301/301/301 302/302/302 303/303/303
f 301/301/301 303/303/303 304/304/304
f 305/305/305 306/306/306 307/307/307
f 305/305/305 307/307/307 308/308/308
f 309/309/309 310/310/310 311/311/311
f 309/309/309 311/311/311 312/312/312
f 313/313/313 314/314/314 315/315/315
f 313/313/313 315/315/315 316/316/316
f 317/317/317 318/318/318 319/319/319
f 317/317/317 319/319/319 320/320/320
f 321/321/321 322/322/322 323/323/323
f 321/321/321 323/323/323 324/324/324
f 325/325/325 326/326/326 327/327/327
f 325/325/325 327/327/327 328/328/328
f 329/329/329 330/330/330 331/331/331
f 329/329/329 331/331/331 332/332/332
f 333/333/333 334/334/334 335/335/335
f 333/333/333 335/335/335 336/336/336
f 337/337/337 338/338/338 339/339/339
f 337/337/337 339/339/339 340/340/340
f 341/341/341 342/342/342 343/343/343
f 341/341/341 343/343/343 344/344/344
f 345/345/345 346/346/346 347/347/347
f 345/345/345 347/347/347 348/348/348
f 349/349/349 350/350/350 351/351/351
f 349/349/349 351/351/351 352/352/352
f 353/353/353 354/354/354 355/355/355
f 353/353/353 355/355/355 356/356/356
f 357/357/357 358/358/358 359/359/359
f 357/357/357 359/359/359 360/360/360
f 361/361/361 363/363/363 362/362/362
f 364/364/364 365/365/365 366/366/366
f 367/367/367 368/368/368 369/369/369
f 370/370/370 372/372/372 371/371/371
f 373/373/373 374/374/374 375/375/375
f 376/376/376 378/378/378 377/377/377
f 379/379/379 381/381/381 380/380/380
f 382/382/382 383/383/383 384/384/384
f 385/385/385 386/386/386 387/387/387
f 385/385/385 387/387/387 388/388/388
f 389/389/389 390/390/390 391/391/391
f 389/389/389 391/391/391 392/392/392
f 393/393/393 394/394/394 395/395/395
f 393/393/393 395/395/395 396/396/396
f 397/397/397 398/398/398 399/399/399
f 397/397/397 399/399/399 400/400/400
f 401/401/401 402/402/402 403/403/403
f 401/401/401 403/403/403 404/404/404
f 405/405/405 406/406/406 407/407/407
f 405/405/405 407/407/407 408/408/408
f 409/409/409 410/410/410 411/411/411
f 409/409/409 411/411/411 412/412/412
f 413/413/413 414/414/414 415/415/415
f 413/413/413 415/415/415 416/416/416
f 417/417/417 418/418/418 419/419/419
f 417/417/417 419/419/419 420/420/420
f 421/421/421 422/422/422 423/423/423
f 421/421/421 423/423/423 424/424/424
f 425/425/425 426/426/426 427/427/427
f 425/425/425 427/427/427 428/428/428
f 429/429/429 430/430/430 431/431/431
f 429/429/429 431/431/431 432/432/432
f 433/433/433 434/434/434 435/435/435
f 433/433/433 435/435/435 436/436/436
f 437/437/437 438/438/438 439/439/439
f 437/437/437 439/439/439 440/440/440
f 441/441/441 442/442/442 443/443/443
f 441/441/441 443/443/443 444/444/444
f 445/445/445 446/446/446 447/447/447
f 445/445/445 447/447/447 448/448/448
f 449/449/449 450/450/450 451/451/451
f 449/449/449 451/451/451 452/452/452
f 453/453/453 454/454/454 455/455/455
f 453/453/453 455/455/455 456/456/456
f 457/457/457 459/459/459 458/458/458
f 460/460/460 461/461/461 462/462/462
f 463/463/463 464/464/464 465/465/465
f 466/466/466 468/468/468 467/467/467
f 469/469/469 470/470/470 471/471/471
f 472/472/472 474/474/474 473/473/473
f 475/475/475 477/477/477 476/476/476
f 478/478/478 479/479/479 480/480/480
f 481/481/481 482/482/482 483/483/483
f 481/481/481 483/483/483 484/484/484
f 485/485/485 486/486/486 487/487/487
f 485/485/485 487/487/487 488/488/488
f 489/489/489 490/490/490 491/491/491
f 489/489/489 491/491/491 492/492/492
f 493/493/493 494/494/494 495/495/495
f 493/493/493 495/495/495 496/496/496
f 497/497/497 498/498/498 499/499/499
f 497/497/497 499/499/499 500/500/500
f 501/501/501 502/502/502 503/503/503
f 501/501/501 503/503/503 504/504/504
f 505/505/505 506/506/506 507/507/507
f 505/505/505 507/507/507 508/508/508
f 509/509/509 510/510/510 511/511/511
f 509/509/509 511/511/511 512/512/512
f 513/513/513 514/514/514 515/515/515
f 513/513/513 515/515/515 516/516/516
f 517/517/517 518/518/518 519/519/519
f 517/517/517 519/519/519 520/520/520
f 521/521/521 522/522/522 523/523/523
f 521/521/521 523/523/523 524/524/524
f 525/525/525 526/526/526 527/527/527
f 525/525/525 527/527/527 528/528/528
f 529/529/529 530/530/530 531/531/531
f 529/529/529 531/531/531 532/532/532
f 533/533/533 534/534/534 535/535/535
f 533/533/533 535/535/535 536/536/536
f 537/537/537 538/538/538 539/539/539
f 537/537/537 539/539/539 540/540/540
f 541/541/541 542/542/542 543/543/543
f 541/541/541 543/543/543 544/544/544
f 545/545/545 546/546/546 547/547/547
f 545/545/545 547/547/547 548/548/548
f 549/549/549 550/550/550 551/551/551
f 549/549/549 551/551/551 552/552/552
f 553/553/553 555/555/555 554/554/554
f 556/556/556 557/557/557 558/558/558
f 559/559/559 560/560/560 561/561/561
f 562/562/562 564/564/564 563/563/563
f 565/565/565 566/566/566 567/567/567
f 568/568/568 570/570/570 569/569/569
f 571/571/571 573/573/573 572/572/572
f 574/574/574 575/575/575 576/576/576
f 577/577/577 578/578/578 579/579/579
f 577/577/577 579/579/579 580/580/580
f 581/581/581 582/582/582 583/583/583
f 581/581/581 583/583/583 584/584/584
f 585/585/585 586/586/586 587/587/587
f 585/585/585 587/587/587 588/588/588
f 589/589/589 590/590/590 591/591/591
f 589/589/589 591/591/591 592/592/592
f 593/593/593 594/594/594 595/595/595
f 593/593/593 595/595/595 596/596/596
f 597/597/597 598/598/598 599/599/599
f 597/597/597 599/599/599 600/600/600
f 601/601/601 602/602/602 603/603/603
f 601/601/601 603/603/603 604/604/604
f 605/605/605 606/606/606 607/607/607
f 605/605/605 607/607/607 608/608/608
f 609/609/609 610/610/610 611/611/611
f 609/609/609 611/611/611 612/612/612
f 613/613/613 614/614/614 615/615/615
f 613/613/613 615/615/615 616/616/616
f 617/617/617 618/618/618 619/619/619
f 617/617/617 619/619/619 620/620/620
f 621/621/621 622/622/622 623/623/623
f 621/621/621 623/623/623 624/624/624
f 625/625/625 626/626/626 627/627/627
f 625/625/625 627/627/627 628/628/628
f 629/629/629 630/630/630 631/631/631
f 629/629/629 631/631/631 632/632/632
f 633/633/633 634/634/634 635/635/635
f 633/633/633 635/635/635 636/636/636
f 637/637/637 638/638/638 639/639/639
f 637/637/637 639/639/639 640/640/640
f 641/641/641 642/642/642 643/643/643
f 641/641/641 643/643/643 644/644/644
f 645/645/645 646/646/646 647/647/647
f 645/645/645 647/647/647 648/648/648
f 649/649/649 651/651/651 650/650/650
f 652/652/652 653/653/653 654/654/654
f 655/655/655 656/656/656 657/657/657
f 658/658/658 660/660/660 659/659/659
f 661/661/661 662/662/662 663/663/663
f 664/664/664 666/666/666 665/665/665
f 667/667/667 669/669/669 668/668/668
f 670/670/670 671/671/671 672/672/672
f 673/673/673 674/674/674 675/675/675
f 673/673/673 675/675/675 676/676/676
f 677/677/677 678/678/678 679/679/679
f 677/677/677 679/679/679 680/680/680
f 681/681/681 682/682/682 683/683/683
f 681/681/681 683/683/683 684/684/684
f 685/685/685 686/686/686 687/687/687
f 685/685/685 687/687/687 688/688/688
f 689/689/689 690/690/690 691/691/691
f 689/689/689 691/691/691 692/692/692
f 693/693/693 694/694/694 695/695/695
f 693/693/693 695/695/695 696/696/696
f 697/697/697 698/698/698 699/699/699
f 697/697/697 699/699/699 700/700/700
f 701/701/701 702/702/702 703/703/703
f 701/701/701 703/703/703 704/704/704
f 705/705/705 706/706/706 707/707/707
f 705/705/705 707/707/707 708/708/708
f 709/709/709 710/710/710 711/711/711
f 709/709/709 711/711/711 712/712/712
f 713/713/713 714/714/714 715/715/715
f 713/713/713 715/715/715 716/716/716
f 717/717/717 718/718/718 719/719/719
f 717/717/717 719/719/719 720/720/720
f 721/721/721 722/722/722 723/723/723
f 721/721/721 723/723/723 724/724/724
f 725/725/725 726/726/726 727/727/727
f 725/725/725 727/727/727 728/728/728
f 729/729/729 730/730/730 731/731/731
f 729/729/729 731/731/731 732/732/732
f 733/733/733 734/734/734 735/735/735
f 733/733/733 735/735/735 736/736/736
f 737/737/737 738/738/738 739/739/739
f 737/737/737 739/739/739 740/740/740
f 741/741/741 742/742/742 743/743/743
f 741/741/741 743/743/743 744/744/744
f 745/745/745 747/747/747 746/746/746
f 748/748/748 749/749/749 750/750/750
f 751/751/751 752/752/752 753/753/753
f 754/754/754 756/756/756 755/755/755
f 757/757/757 758/758/758 759/759/759
f 760/760/760 762/762/762 761/761/761
f 763/763/763 765/765/765 764/764/764
f 766/766/766 767/767/767 768/768/768
f 769/769/769 770/770/770 771/771/771
f 769/769/769 771/771/771 772/772/772
f 773/773/773 774/774/774 775/775/775
f 773/773/773 775/775/775 776/776/776
f 777/777/777 778/778/778 779/779/779
f 777/777/777 779/779/779 780/780/780
f 781/781/781 782/782/782 783/783/783
f 781/781/781 783/783/783 784/784/784
f 785/785/785 786/786/786 787/787/787
f 785/785/785 787/787/787 788/788/788
f 789/789/789 790/790/790 791/791/791
f 789/789/789 791/791/791 792/792/792
f 793/793/793 794/794/794 795/795/795
f 793/793/793 795/795/795 796/796/796
f 797/797/797 798/798/798 799/799/799
f 797/797/797 799/799/799 800/800/800
f 801/801/801 802/802/802 803/803/803
f 801/801/801 803/803/803 804/804/804
f 805/805/805 806/806/806 807/807/807
f 805/805/805 807/807/807 808/808/808
f 809/809/809 810/810/810 811/811/811
f 809/809/809 811/811/811 812/812/812
f 813/813/813 814/814/814 815/815/815
f 813/813/813 815/815/815 816/816/816
f 817/817/817 818/818/818 819/819/819
f 817/817/817 819/819/819 820/820/820
f 821/821/821 822/822/822 823/823/823
f 821/821/821 823/823/823 824/824/824
f 825/825/825 826/826/826 827/827/827
f 825/825/825 827/827/827 828/828/828
f 829/829/829 830/830/830 831/831/831
f 829/829/829 831/831/831 832/832/832
f 833/833/833 834/834/834 835/835/835
f 833/833/833 835/835/835 836/836/836
f 837/837/837 838/838/838 839/839/839
f 837/837/837 839/839/839 840/840/840
f 841/841/841 843/843/843 842/842/842
f 844/844/844 845/845/845 846/846/846
f 847/847/847 848/848/848 849/849/849
f 850/850/850 852/852/852 851/851/851
f 853/853/853 854/854/854 855/855/855
f 856/856/856 858/858/858 857/857/857
f 859/859/859 861/861/861 860/860/860
f 862/862/862 863/863/863 864/864/864
f 865/865/865 866/866/866 867/867/867
f 865/865/865 867/867/867 868/868/868
f 869/869/869 870/870/870 871/871/871
f 869/869/869 871/871/871 872/872/872
f 873/873/873 874/874/874 875/875/875
f 873/873/873 875/875/875 876/876/876
f 877/877/877 878/878/878 879/879/879
f 877/877/877 879/879/879 880/880/880
f 881/881/881 882/882/882 883/883/883
f 881/881/881 883/883/883 884/884/884
f 885/885/885 886/886/886 887/887/887
f 885/885/885 887/887/887 888/888/888
f 889/889/889 890/890/890 891/891/891
f 889/889/889 891/891/891 892/892/892
f 893/893/893 894/894/894 895/895/895
f 893/893/893 895/895/895 896/896/896
f 897/897/897 898/898/898 899/899/899
f 897/897/897 899/899/899 900/900/900
f 901/901/901 902/902/902 903/903/903
f 901/901/901 903/903/903 904/904/904
f 905/905/905 906/906/906 907/907/907
f 905/905/905 907/907/907 908/908/908
f 909/909/909 910/910/910 911/911/911
f 909/909/909 911/911/911 912/912/912
f 913/913/913 914/914/914 915/915/915
f 913/913/913 915/915/915 916/916/916
f 917/917/917 918/918/918 919/919/919
f 917/917/917 919/919/919 920/920/920
f 921/921/921 922/922/922 923/923/923
f 921/921/921 923/923/923 924/924/924
f 925/925/925 926/926/926 927/927/927
f 925/925/925 927/927/927 928/928/928
f 929/929/929 930/930/930 931/931/931
f 929/929/929 931/931/931 932/932/932
f 933/933/933 934/934/934 935/935/935
f 933/933/933 935/935/935 936/936/936
f 937/937/937 939/939/939 938/938/938
f 940/940/940 941/941/941 942/942/942
f 943/943/943 944/944/944 945/945/945
f 946/946/946 948/948/948 947/947/947
f 949/949/949 950/950/950 951/951/951
f 952/952/952 954/954/954 953/953/953
f 955/955/955 957/957/957 956/956/956
f 958/958/958 959/959/959 960/960/960
f 961/961/961 962/962/962 963/963/963
f 961/961/961 963/963/963 964/964/964
f 965/965/965 966/966/966 967/967/967
f 965/965/965 967/967/967 968/968/968
f 969/969/969 970/970/970 971/971/971
f 969/969/969 971/971/971 972/972/972
f 973/973/973 974/974/974 975/975/975
f 973/973/973 975/975/975 976/976/976
f 977/977/977 978/978/978 979/979/979
f 977/977/977 979/979/979 980/980/980
f 981/981/981 982/982/982 983/983/983
f 981/981/981 983/983/983 984/984/984
f 985/985/985 986/986/986 987/987/987
f 985/985/985 987/987/987 988/988/988
f 989/989/989 990/990/990 991/991/991
f 989/989/989 991/991/991 992/992/992
f 993/993/993 994/994/994 995/995/995
f 993/993/993 995/995/995 996/996/996
f 997/997/997 998/998/998 999/999/999
f 997/997/997 999/999/999 1000/1000/1000
f 1001/1001/1001 1002/1002/1002 1003/1003/1003
f 1001/1001/1001 1003/1003/1003 1004/1004/1004
f 1005/1005/1005 1006/1006/1006 1007/1007/1007
f 1005/1005/1005 1007/1007/1007 1008/1008/1008
f 1009/1009/1009 1010/1010/1010 1011/1011/1011
f 1009/1009/1009 1011/1011/1011 1012/1012/1012
f 1013/1013/1013 1014/1014/1014 1015/1015/1015
f 1013/1013/1013 1015/1015/1015 1016/1016/1016
f 1017/1017/1017 1018/1018/1018 1019/1019/1019
f 1017/1017/1017 1019/1019/1019 1020/1020/1020
f 1021/1021/1021 1022/1022/1022 1023/1023/1023
f 1021/1021/1021 1023/1023/1023 1024/1024/1024
f 1025/1025/1025 1026/1026/1026 1027/1027/1027
f 1025/1025/1025 1027/1027/1027 1028/1028/1028
f 1029/1029/1029 1030/1030/1030 1031/1031/1031
f 1029/1029/1029 1031/1031/1031 1032/1032/1032
f 1033/1033/1033 1035/1035/1035 1034/1034/1034
f 1036/1036/1036 1037/1037/1037 1038/1038/1038
f 1039/1039/1039 1040/1040/1040 1041/1041/1041
f 1042/1042/1042 1044/1044/1044 1043/1043/1043
f 1045/1045/1045 1046/1046/1046 1047/1047/1047
f 1048/1048/1048 1050/1050/1050 1049/1049/1049
f 1051/1051/1051 1053/1053/1053 1052/1052/1052
f 1054/1054/1054 1055/1055/1055 1056/1056/1056
f 1057/1057/1057 1058/1058/1058 1059/1059/1059
f 1057/1057/1057 1059/1059/1059 1060/1060/1060
f 1061/1061/1061 1062/1062/1062 1063/1063/1063
f 1061/1061/1061 1063/1063/1063 1064/1064/1064
f 1065/1065/1065 1066/1066/1066 1067/1067/1067
f 1065/1065/1065 1067/1067/1067 1068/1068/1068
f 1069/1069/1069 1070/1070/1070 1071/1071/1071
f 1069/1069/1069 1071/1071/1071 1072/1072/1072
f 1073/1073/1073 1074/1074/1074 1075/1075/1075
f 1073/1073/1073 1075/1075/1075 1076/1076/1076
f 1077/1077/1077 1078/1078/1078 1079/1079/1079
f 1077/1077/1077 1079/1079/1079 1080/1080/1080
f 1081/1081/1081 1082/1082/1082 1083/1083/1083
f 1081/1081/1081 1083/1083/1083 1084/1084/1084
f 1085/1085/1085 1086/1086/1086 1087/1087/1087
f 1085/1085/1085 1087/1087/1087 1088/1088/1088
f 1089/1089/1089 1090/1090/1090 1091/1091/1091
f 1089/1089/1089 1091/1091/1091 1092/1092/1092
f 1093/1093/1093 1094/1094/1094 1095/1095/1095
f 1093/1093/1093 1095/1095/1095 1096/1096/1096
f 1097/1097/1097 1098/1098/1098 1099/1099/1099
f 1097/1097/1097 1099/1099/1099 1100/1100/1100
f 1101/1101/1101 1102/1102/1102 1103/1103/1103
f 1101/1101/1101 1103/1103/1103 1104/1104/1104
f 1105/1105/1105 1106/1106/1106 1107/1107/1107
f 1105/1105/1105 1107/1107/1107 1108/1108/1108
f 1109/1109/1109 1110/1110/1110 1111/1111/1111
f 1109/1109/1109 1111/1111/1111 1112/1112/1112
f 1113/1113/1113 1114/1114/1114 1115/1115/1115
f 1113/1113/1113 1115/1115/1115 1116/1116/1116
f 1117/1117/1117 1118/1118/1118 1119/1119/1119
f 1117/1117/1117 1119/1119/1119 1120/1120/1120
f 1121/1121/1121 1122/1122/1122 1123/1123/1123
f 1121/1121/1121 1123/1123/1123 1124/1124/1124
f 1125/1125/1125 1126/1126/1126 1127/1127/1127
f 1125/1125/1125 1127/1127/1127 1128/1128/1128
f 1129/1129/1129 1131/1131/1131 1130/1130/1130
f 1132/1132/1132 1133/1133/1133 1134/1134/1134
f 1135/1135/1135 1136/1136/1136 1137/1137/1137
f 1138/1138/1138 1140/1140/1140 1139/1139/1139
f 1141/1141/1141 1142/1142/1142 1143/1143/1143
f 1144/1144/1144 1146/1146/1146 1145/1145/1145
f 1147/1147/1147 1149/1149/1149 1148/1148/1148
f 1150/1150/1150 1151/1151/1151 1152/1152/1152
f 1153/1153/1153 1154/1154/1154 1155/1155/1155
f 1153/1153/1153 1155/1155/1155 1156/1156/1156
f 1157/1157/1157 1158/1158/1158 1159/1159/1159
f 1157/1157/1157 1159/1159/1159 1160/1160/1160
f 1161/1161/1161 1162/1162/1162 1163/1163/1163
f 1161/1161/1161 1163/1163/1163 1164/1164/1164
f 1165/1165/1165 1166/1166/1166 1167/1167/1167
f 1165/1165/1165 1167/1167/1167 1168/1168/1168
f 1169/1169/1169 1170/1170/1170 1171/1171/1171
f 1169/1169/1169 1171/1171/1171 1172/1172/1172
f 1173/1173/1173 1174/1174/1174 1175/1175/1175
f 1173/1173/1173 1175/1175/1175 1176/1176/1176
f 1177/1177/1177 1178/1178/1178 1179/1179/1179
f 1177/1177/1177 1179/1179/1179 1180/1180/1180
f 1181/1181/1181 1182/1182/1182 1183/1183/1183
f 1181/1181/1181 1183/1183/1183 1184/1184/1184
f 1185/1185/1185 1186/1186/1186 1187/1187/1187
f 1185/1185/1185 1187/1187/1187 1188/1188/1188
f 1189/1189/1189 1190/1190/1190 1191/1191/1191
f 1189/1189/1189 1191/1191/1191 1192/1192/1192
f 1193/1193/1193 1194/1194/1194 1195/1195/1195
f 1193/1193/1193 1195/1195/1195 1196/1196/1196
f 1197/1197/1197 1198/1198/1198 1199/1199/1199
f 1197/1197/1197 1199/1199/1199 1200/1200/1200
f 1201/1201/1201 1202/1202/1202 1203/1203/1203
f 1201/1201/1201 1203/1203/1203 1204/1204/1204
f 1205/1205/1205 1206/1206/1206 1207/1207/1207
f 1205/1205/1205 1207/1207/1207 1208/1208/1208
f 1209/1209/1209 1210/1210/1210 1211/1211/1211
f 1209/1209/1209 1211/1211/1211 1212/1212/1212
f 1213/1213/1213 1214/1214/1214 1215/1215/1215
f 1213/1213/1213 1215/1215/1215 1216/1216/1216
f 1217/1217/1217 1218/1218/1218 1219/1219/1219
f 1217/1217/1217 1219/1219/1219 1220/1220/1220
f 1221/1221/1221 1222/1222/1222 1223/1223/1223
f 1221/1221/1221 1223/1223/1223 1224/1224/1224
f 1225/1225/1225 1227/1227/1227 1226/1226/1226
f 1228/1228/1228 1229/1229/1229 1230/1230/1230
f 1231/1231/1231 1232/1232/1232 1233/1233/1233
f 1234/1234/1234 1236/1236/1236 1235/1235/1235
f 1237/1237/1237 1238/1238/1238 1239/1239/1239
f 1240/1240/1240 1242/1242/1242 1241/1241/1241
f 1243/1243/1243 1245/1245/1245 1244/1244/1244
f 1246/1246/1246 1247/1247/1247 1248/1248/1248
f 1249/1249/1249 1250/1250/1250 1251/1251/1251
f 1249/1249/1249 1251/1251/1251 1252/1252/1252
f 1253/1253/1253 1254/1254/1254 1255/1255/1255
f 1253/1253/1253 1255/1255/1255 1256/1256/1256
f 1257/1257/1257 1258/1258/1258 1259/1259/1259
f 1257/1257/1257 1259/1259/1259 1260/1260/1260
f 1261/1261/1261 1262/1262/1262 1263/1263/1263
f 1261/1261/1261 1263/1263/1263 1264/1264/1264
f 1265/1265/1265 1266/1266/1266 1267/1267/1267
f 1265/1265/1265 1267/1267/1267 1268/1268/1268
f 1269/1269/1269 1270/1270/1270 1271/1271/1271
f 1269/1269/1269 1271/1271/1271 1272/1272/1272
f 1273/1273/1273 1274/1274/1274 1275/1275/1275
f 1273/1273/1273 1275/1275/1275 1276/1276/1276
f 1277/1277/1277 1278/1278/1278 1279/1279/1279
f 1277/1277/1277 1279/1279/1279 1280/1280/1280
f 1281/1281/1281 1282/1282/1282 1283/1283/1283
f 1281/1281/1281 1283/1283/1283 1284/1284/1284
f 1285/1285/1285 1286/1286/1286 1287/1287/1287
f 1285/1285/1285 1287/1287/1287 1288/1288/1288
f 1289/1289/1289 1290/1290/1290 1291/1291/1291
f 1289/1289/1289 1291/1291/1291 1292/1292/1292
f 1293/1293/1293 1294/1294/1294 1295/1295/1295
f 1293/1293/1293 1295/1295/1295 1296/1296/1296
f 1297/1297/1297 1298/1298/1298 1299/1299/1299
f 1297/1297/1297 1299/1299/1299 1300/1300/1300
f 1301/1301/1301 1302/1302/1302 1303/1303/1303
f 1301/1301/1301 1303/1303/1303 1304/1304/1304
f 1305/1305/1305 1306/1306/1306 1307/1307/1307
f 1305/1305/1305 1307/1307/1307 1308/1308/1308
f 1309/1309/1309 1310/1310/1310 1311/1311/1311
f 1309/1309/1309 1311/1311/1311 1312/1312/1312
f 1313/1313/1313 1314/1314/1314 1315/1315/1315
f 1313/1313/1313 1315/1315/1315 1316/1316/1316
f 1317/1317/1317 1318/1318/1318 1319/1319/1319
f 1317/1317/1317 1319/1319/1319 1320/1320/1320
f 1321/1321/1321 1323/1323/1323 1322/1322/1322
f 1324/1324/1324 1325/1325/1325 1326/1326/1326
f 1327/1327/1327 1328/1328/1328 1329/1329/1329
f 1330/1330/1330 1332/1332/1332 1331/1331/1331
f 1333/1333/1333 1334/1334/1334 1335/1335/1335
f 1336/1336/1336 1338/1338/1338 1337/1337/1337
f 1339/1339/1339 1341/1341/1341 1340/1340/1340
f 1342/1342/1342 1343/1343/1343 1344/1344/1344
f 1345/1345/1345 1346/1346/1346 1347/1347/1347
f 1345/1345/1345 1347/1347/1347 1348/1348/1348
f 1349/1349/1349 1350/1350/1350 1351/1351/1351
f 1349/1349/1349 1351/1351/1351 1352/1352/1352
f 1353/1353/1353 1354/1354/1354 1355/1355/1355
f 1353/1353/1353 1355/1355/1355 1356/1356/1356
f 1357/1357/1357 1358/1358/1358 1359/1359/1359
f 1357/1357/1357 1359/1359/1359 1360/1360/1360
f 1361/1361/1361 1362/1362/1362 1363/1363/1363
f 1361/1361/1361 1363/1363/1363 1364/1364/1364
f 1365/1365/1365 1366/1366/1366 1367/1367/1367
f 1365/1365/1365 1367/1367/1367 1368/1368/1368
f 1369/1369/1369 1370/1370/1370 1371/1371/1371
f 1369/1369/1369 1371/1371/1371 1372/1372/1372
f 1373/1373/1373 1374/1374/1374 1375/1375/1375
f 1373/1373/1373 1375/1375/1375 1376/1376/1376
f 1377/1377/1377 1378/1378/1378 1379/1379/1379
f 1377/1377/1377 1379/1379/1379 1380/1380/1380
f 1381/1381/1381 1382/1382/1382 1383/1383/1383
f 1381/1381/1381 1383/1383/1383 1384/1384/1384
f 1385/1385/1385 1386/1386/1386 1387/1387/1387
f 1385/1385/1385 1387/1387/1387 1388/1388/1388
f 1389/1389/1389 1390/1390/1390 1391/1391/1391
f 1389/1389/1389 1391/1391/1391 1392/1392/1392
f 1393/1393/1393 1394/1394/1394 1395/1395/1395
f 1393/1393/1393 1395/1395/1395 1396/1396/1396
f 1397/1397/1397 1398/1398/1398 1399/1399/1399
f 1397/1397/1397 1399/1399/1399 1400/1400/1400
f 1401/1401/1401 1402/1402/1402 1403/1403/1403
f 1401/1401/1401 1403/1403/1403 1404/1404/1404
f 1405/1405/1405 1406/1406/1406 1407/1407/1407
f 1405/1405/1405 1407/1407/1407 1408/1408/1408
f 1409/1409/1409 1410/1410/1410 1411/1411/1411
f 1409/1409/1409 1411/1411/1411 1412/1412/1412
f 1413/1413/1413 1414/1414/1414 1415/1415/1415
f 1413/1413/1413 1415/1415/1415 1416/1416/1416
f 1417/1417/1417 1419/1419/1419 1418/1418/1418
f 1420/1420/1420 1421/1421/1421 1422/1422/1422
f 1423/1423/1423 1424/1424/1424 1425/1425/1425
f 1426/1426/1426 1428/1428/1428 1427/1427/1427
f 1429/1429/1429 1430/1430/1430 1431/1431/1431
f 1432/1432/1432 1434/1434/1434 1433/1433/1433
f 1435/1435/1435 1437/1437/1437 1436/1436/1436
f 1438/1438/1438 1439/1439/1439 1440/1440/1440
f 1441/1441/1441 1453/1453/1453 1454/1454/1454
f 1441/1441/1441 1454/1454/1454 1442/1442/1442
f 1442/1442/1442 1454/1454/1454 1455/1455/1455
f 1442/1442/1442 1455/1455/1455 1443/1443/1443
f 1443/1443/1443 1455/1455/1455 1456/1456/1456
f 1443/1443/1443 1456/1456/1456 1444/1444/1444
f 1444/1444/1444 1456/1456/1456 1457/1457/1457
f 1444/1444/1444 1457/1457/1457 1445/1445/1445
f 1445/1445/1445 1457/1457/1457 1458/1458/1458
f 1445/1445/1445 1458/1458/1458 1446/1446/1446
f 1446/1446/1446 1458/1458/1458 1459/1459/1459
f 1446/1446/1446 1459/1459/1459 1447/1447/1447
f 1447/1447/1447 1459/1459/1459 1460/1460/1460
f 1447/1447/1447 1460/1460/1460 1448/1448/1448
f 1448/1448/1448 1460/1460/1460 1461/1461/1461
f 1448/1448/1448 1461/1461/1461 1449/1449/1449
f 1449/1449/1449 1461/1461/1461 1462/1462/1462
f 1449/1449/1449 1462/1462/1462 1450/1450/1450
f 1450/1450/1450 1462/1462/1462 1463/1463/1463
f 1450/1450/1450 1463/1463/1463 1451/1451/1451
f 1451/1451/1451 1463/1463/1463 1464/1464/1464
f 1451/1451/1451 1464/1464/1464 1452/1452/1452
f 1452/1452/1452 1464/1464/1464 1453/1453/1453
f 1452/1452/1452 1453/1453/1453 1441/1441/1441
f 1453/1453/1453 1465/1465/1465 1466/1466/1466
f 1453/1453/1453 1466/1466/1466 1454/1454/1454
f 1454/1454/1454 1466/1466/1466 1467/1467/1467
f 1454/1454/1454 1467/1467/1467 1455/1455/1455
f 1455/1455/1455 1467/1467/1467 1468/1468/1468
f 1455/1455/1455 1468/1468/1468 1456/1456/1456
f 1456/1456/1456 1468/1468/1468 1469/1469/1469
f 1456/1456/1456 1469/1469/1469 1457/1457/1457
f 1457/1457/1457 1469/1469/1469 1470/1470/1470
f 1457/1457/1457 1470/1470/1470 1458/1458/1458
f 1458/1458/1458 1470/1470/1470 1471/1471/1471
f 1458/1458/1458 1471/1471/1471 1459/1459/1459
f 1459/1459/1459 1471/1471/1471 1472/1472/1472
f 1459/1459/1459 1472/1472/1472 1460/1460/1460
f 1460/1460/1460 1472/1472/1472 1473/1473/1473
f 1460/1460/1460 1473/1473/1473 1461/1461/1461
f 1461/1461/1461 1473/1473/1473 1474/1474/1474
f 1461/1461/1461 1474/1474/1474 1462/1462/1462
f 1462/1462/1462 1474/1474/1474 1475/1475/1475
f 1462/1462/1462 1475/1475/1475 1463/1463/1463
f 1463/1463/1463 1475/1475/1475 1476/1476/1476
f 1463/1463/1463 1476/1476/1476 1464/1464/1464
f 1464/1464/1464 1476/1476/1476 1465/1465/1465
f 1464/1464/1464 1465/1465/1465 1453/1453/1453
f 1465/1465/1465 1477/1477/1477 1478/1478/1478
f 1465/1465/1465 1478/1478/1478 1466/1466/1466
f 1466/1466/1466 1478/1478/1478 1479/1479/1479
f 1466/1466/1466 1479/1479/1479 1467/1467/1467
f 1467/1467/1467 1479/1479/1479 1480/1480/1480
f 1467/1467/1467 1480/1480/1480 1468/1468/1468
f 1468/1468/1468 1480/1480/1480 1481/1481/1481
f 1468/1468/1468 1481/1481/1481 1469/1469/1469
f 1469/1469/1469 1481/1481/1481 1482/1482/1482
f 1469/1469/1469 1482/1482/1482 1470/1470/1470
f 1470/1470/1470 1482/1482/1482 1483/1483/1483
f 1470/1470/1470 1483/1483/1483 1471/1471/1471
f 1471/1471/1471 1483/1483/1483 1484/1484/1484
f 1471/1471/1471 1484/1484/1484 1472/1472/1472
f 1472/1472/1472 1484/1484/1484 1485/1485/1485
f 1472/1472/1472 1485/1485/1485 1473/1473/1473
f 1473/1473/1473 1485/1485/1485 1486/1486/1486
f 1473/1473/1473 1486/1486/1486 1474/1474/1474
f 1474/1474/1474 1486/1486/1486 1487/1487/1487
f 1474/1474/1474 1487/1487/1487 1475/1475/1475
f 1475/1475/1475 1487/1487/1487 1488/1488/1488
f 1475/1475/1475 1488/1488/1488 1476/1476/1476
f 1476/1476/1476 1488/1488/1488 1477/1477/1477
f 1476/1476/1476 1477/1477/1477 1465/1465/1465
f 1489/1489/1489 1442/1442/1442 1441/1441/1441
f 1489/1489/1489 1443/1443/1443 1442/1442/1442
f 1489/1489/1489 1444/1444/1444 1443/1443/1443
f 1489/1489/1489 1445/1445/1445 1444/1444/1444
f 1489/1489/1489 1446/1446/1446 1445/1445/1445
f 1489/1489/1489 1447/1447/1447 1446/1446/1446
f 1489/1489/1489 1448/1448/1448 1447/1447/1447
f 1489/1489/1489 1449/1449/1449 1448/1448/1448
f 1489/1489/1489 1450/1450/1450 1449/1449/1449
f 1489/1489/1489 1451/1451/1451 1450/1450/1450
f 1489/1489/1489 1452/1452/1452 1451/1451/1451
f 1489/1489/1489 1441/1441/1441 1452/1452/1452
f 1490/1490/1490 1477/1477/1477 1478/1478/1478
f 1490/1490/1490 1478/1478/1478 1479/1479/1479
f 1490/1490/1490 1479/1479/1479 1480/1480/1480
f 1490/1490/1490 1480/1480/1480 1481/1481/1481
f 1490/1490/1490 1481/1481/1481 1482/1482/1482
f 1490/1490/1490 1482/1482/1482 1483/1483/1483
f 1490/1490/1490 1483/1483/1483 1484/1484/1484
f 1490/1490/1490 1484/1484/1484 1485/1485/1485
f 1490/1490/1490 1485/1485/1485 1486/1486/1486
f 1490/1490/1490 1486/1486/1486 1487/1487/1487
f 1490/1490/1490 1487/1487/1487 1488/1488/1488
f 1490/1490/1490 1488/1488/1488 1477/1477/1477
f 1491/1491/1491 1492/1492/1492 1493/1493/1493
f 1491/1491/1491 1493/1493/1493 1494/1494/1494
f 1495/1495/1495 1496/1496/1496 1497/1497/1497
f 1495/1495/1495 1497/1497/1497 1498/1498/1498
f 1499/1499/1499 1500/1500/1500 1501/1501/1501
f 1499/1499/1499 1501/1501/1501 1502/1502/1502
f 1503/1503/1503 1504/1504/1504 1505/1505/1505
f 1503/1503/1503 1505/1505/1505 1506/1506/1506
f 1507/1507/1507 1508/1508/1508 1509/1509/1509
f 1507/1507/1507 1509/1509/1509 1510/1510/1510
f 1511/1511/1511 1512/1512/1512 1513/1513/1513
f 1511/1511/1511 1513/1513/1513 1514/1514/1514
f 1515/1515/1515 1516/1516/1516 1517/1517/1517
f 1515/1515/1515 1517/1517/1517 1518/1518/1518
f 1519/1519/1519 1520/1520/1520 1521/1521/1521
f 1519/1519/1519 1521/1521/1521 1522/1522/1522
f 1523/1523/1523 1524/1524/1524 1525/1525/1525
f 1523/1523/1523 1525/1525/1525 1526/1526/1526
f 1527/1527/1527 1528/1528/1528 1529/1529/1529
f 1527/1527/1527 1529/1529/1529 1530/1530/1530
f 1531/1531/1531 1532/1532/1532 1533/1533/1533
f 1531/1531/1531 1533/1533/1533 1534/1534/1534
f 1535/1535/1535 1536/1536/1536 1537/1537/1537
f 1535/1535/1535 1537/1537/1537 1538/1538/1538
f 1539/1539/1539 1540/1540/1540 1541/1541/1541
f 1539/1539/1539 1541/1541/1541 1542/1542/1542
f 1543/1543/1543 1544/1544/1544 1545/1545/1545
f 1543/1543/1543 1545/1545/1545 1546/1546/1546
f 1547/1547/1547 1548/1548/1548 1549/1549/1549
f 1547/1547/1547 1549/1549/1549 1550/1550/1550
f 1551/1551/1551 1552/1552/1552 1553/1553/1553
f 1551/1551/1551 1553/1553/1553 1554/1554/1554
f 1555/1555/1555 1556/1556/1556 1557/1557/1557
f 1555/1555/1555 1557/1557/1557 1558/1558/1558
f 1559/1559/1559 1560/1560/1560 1561/1561/1561
f 1559/1559/1559 1561/1561/1561 1562/1562/1562
f 1563/1563/1563 1565/1565/1565 1564/1564/1564
f 1566/1566/1566 1567/1567/1567 1568/1568/1568
f 1569/1569/1569 1570/1570/1570 1571/1571/1571
f 1572/1572/1572 1574/1574/1574 1573/1573/1573
f 1575/1575/1575 1576/1576/1576 1577/1577/1577
f 1578/1578/1578 1580/1580/1580 1579/1579/1579
f 1581/1581/1581 1583/1583/1583 1582/1582/1582
f 1584/1584/1584 1585/1585/1585 1586/1586/1586
f 1587/1587/1587 1588/1588/1588 1589/1589/1589
f 1587/1587/1587 1589/1589/1589 1590/1590/1590
f 1591/1591/1591 1592/1592/1592 1593/1593/1593
f 1591/1591/1591 1593/1593/1593 1594/1594/1594
f 1595/1595/1595 1596/1596/1596 1597/1597/1597
f 1595/1595/1595 1597/1597/1597 1598/1598/1598
f 1599/1599/1599 1600/1600/1600 1601/1601/1601
f 1599/1599/1599 1601/1601/1601 1602/1602/1602
f 1603/1603/1603 1604/1604/1604 1605/1605/1605
f 1603/1603/1603 1605/1605/1605 1606/1606/1606
f 1607/1607/1607 1608/1608/1608 1609/1609/1609
f 1607/1607/1607 1609/1609/1609 1610/1610/1610
f 1611/1611/1611 1612/1612/1612 1613/1613/1613
f 1611/1611/1611 1613/1613/1613 1614/1614/1614
f 1615/1615/1615 1616/1616/1616 1617/1617/1617
f 1615/1615/1615 1617/1617/1617 1618/1618/1618
f 1619/1619/1619 1620/1620/1620 1621/1621/1621
f 1619/1619/1619 1621/1621/1621 1622/1622/1622
f 1623/1623/1623 1624/1624/1624 1625/1625/1625
f 1623/1623/1623 1625/1625/1625 1626/1626/1626
f 1627/1627/1627 1628/1628/1628 1629/1629/1629
f 1627/1627/1627 1629/1629/1629 1630/1630/1630
f 1631/1631/1631 1632/1632/1632 1633/1633/1633
f 1631/1631/1631 1633/1633/1633 1634/1634/1634
f 1635/1635/1635 1636/1636/1636 1637/1637/1637
f 1635/1635/1635 1637/1637/1637 1638/1638/1638
f 1639/1639/1639 1640/1640/1640 1641/1641/1641
f 1639/1639/1639 1641/1641/1641 1642/1642/1642
f 1643/1643/1643 1644/1644/1644 1645/1645/1645
f 1643/1643/1643 1645/1645/1645 1646/1646/1646
f 1647/1647/1647 1648/1648/1648 1649/1649/1649
f 1647/1647/1647 1649/1649/1649 1650/1650/1650
f 1651/1651/1651 1652/1652/1652 1653/1653/1653
f 1651/1651/1651 1653/1653/1653 1654/1654/1654
f 1655/1655/1655 1656/1656/1656 1657/1657/1657
f 1655/1655/1655 1657/1657/1657 1658/1658/1658
f 1659/1659/1659 1661/1661/1661 1660/1660/1660
f 1662/1662/1662 1663/1663/1663 1664/1664/1664
f 1665/1665/1665 1666/1666/1666 1667/1667/1667
f 1668/1668/1668 1670/1670/1670 1669/1669/1669
f 1671/1671/1671 1672/1672/1672 1673/1673/1673
f 1674/1674/1674 1676/1676/1676 1675/1675/1675
f 1677/1677/1677 1679/1679/1679 1678/1678/1678
f 1680/1680/1680 1681/1681/1681 1682/1682/1682
f 1683/1683/1683 1684/1684/1684 1685/1685/1685
f 1683/1683/1683 1685/1685/1685 1686/1686/1686
f 1687/1687/1687 1688/1688/1688 1689/1689/1689
f 1687/1687/1687 1689/1689/1689 1690/1690/1690
f 1691/1691/1691 1692/1692/1692 1693/1693/1693
f 1691/1691/1691 1693/1693/1693 1694/1694/1694
f 1695/1695/1695 1696/1696/1696 1697/1697/1697
f 1695/1695/1695 1697/1697/1697 1698/1698/1698
f 1699/1699/1699 1700/1700/1700 1701/1701/1701
f 1699/1699/1699 1701/1701/1701 1702/1702/1702
f 1703/1703/1703 1704/1704/1704 1705/1705/1705
f 1703/1703/1703 1705/1705/1705 1706/1706/1706
f 1707/1707/1707 1708/1708/1708 1709/1709/1709
f 1707/1707/1707 1709/1709/1709 1710/1710/1710
f 1711/1711/1711 1712/1712/1712 1713/1713/1713
f 1711/1711/1711 1713/1713/1713 1714/1714/1714
f 1715/1715/1715 1716/1716/1716 1717/1717/1717
f 1715/1715/1715 1717/1717/1717 1718/1718/1718
f 1719/1719/1719 1720/1720/1720 1721/1721/1721
f 1719/1719/1719 1721/1721/1721 1722/1722/1722
f 1723/1723/1723 1724/1724/1724 1725/1725/1725
f 1723/1723/1723 1725/1725/1725 1726/1726/1726
f 1727/1727/1727 1728/1728/1728 1729/1729/1729
f 1727/1727/1727 1729/1729/1729 1730/1730/1730
f 1731/1731/1731 1732/1732/1732 1733/1733/1733
f 1731/1731/1731 1733/1733/1733 1734/1734/1734
f 1735/1735/1735 1736/1736/1736 1737/1737/1737
f 1735/1735/1735 1737/1737/1737 1738/1738/1738
f 1739/1739/1739 1740/1740/1740 1741/1741/1741
f 1739/1739/1739 1741/1741/1741 1742/1742/1742
f 1743/1743/1743 1744/1744/1744 1745/1745/1745
f 1743/1743/1743 1745/1745/1745 1746/1746/1746
f 1747/1747/1747 1748/1748/1748 1749/1749/1749
f 1747/1747/1747 1749/1749/1749 1750/1750/1750
f 1751/1751/1751 1752/1752/1752 1753/1753/1753
f 1751/1751/1751 1753/1753/1753 1754/1754/1754
f 1755/1755/1755 1757/1757/1757 1756/1756/1756
f 1758/1758/1758 1759/1759/1759 1760/1760/1760
f 1761/1761/1761 1762/1762/1762 1763/1763/1763
f 1764/1764/1764 1766/1766/1766 1765/1765/1765
f 1767/1767/1767 1768/1768/1768 1769/1769/1769
f 1770/1770/1770 1772/1772/1772 1771/1771/1771
f 1773/1773/1773 1775/1775/1775 1774/1774/1774
f 1776/1776/1776 1777/1777/1777 1778/1778/1778
f 1779/1779/1779 1780/1780/1780 1781/1781/1781
f 1779/1779/1779 1781/1781/1781 1782/1782/1782
f 1783/1783/1783 1784/1784/1784 1785/1785/1785
f 1783/1783/1783 1785/1785/1785 1786/1786/1786
f 1787/1787/1787 1788/1788/1788 1789/1789/1789
f 1787/1787/1787 1789/1789/1789 1790/1790/1790
f 1791/1791/1791 1792/1792/1792 1793/1793/1793
f 1791/1791/1791 1793/1793/1793 1794/1794/1794
f 1795/1795/1795 1796/1796/1796 1797/1797/1797
f 1795/1795/1795 1797/1797/1797 1798/1798/1798
f 1799/1799/1799 1800/1800/1800 1801/1801/1801
f 1799/1799/1799 1801/1801/1801 1802/1802/1802
f 1803/1803/1803 1804/1804/1804 1805/1805/1805
f 1803/1803/1803 1805/1805/1805 1806/1806/1806
f 1807/1807/1807 1808/1808/1808 1809/1809/1809
f 1807/1807/1807 1809/1809/1809 1810/1810/1810
f 1811/1811/1811 1812/1812/1812 1813/1813/1813
f 1811/1811/1811 1813/1813/1813 1814/1814/1814
f 1815/1815/1815 1816/1816/1816 1817/1817/1817
f 1815/1815/1815 1817/1817/1817 1818/1818/1818
f 1819/1819/1819 1820/1820/1820 1821/1821/1821
f 1819/1819/1819 1821/1821/1821 1822/1822/1822
f 1823/1823/1823 1824/1824/1824 1825/1825/1825
f 1823/1823/1823 1825/1825/1825 1826/1826/1826
f 1827/1827/1827 1828/1828/1828 1829/1829/1829
f 1827/1827/1827 1829/1829/1829 1830/1830/1830
f 1831/1831/1831 1832/1832/1832 1833/1833/1833
f 1831/1831/1831 1833/1833/1833 1834/1834/1834
f 1835/1835/1835 1836/1836/1836 1837/1837/1837
f 1835/1835/1835 1837/1837/1837 1838/1838/1838
f 1839/1839/1839 1840/1840/1840 1841/1841/1841
f 1839/1839/1839 1841/1841/1841 1842/1842/1842
f 1843/1843/1843 1844/1844/1844 1845/1845/1845
f 1843/1843/1843 1845/1845/1845 1846/1846/1846
f 1847/1847/1847 1848/1848/1848 1849/1849/1849
f 1847/1847/1847 1849/1849/1849 1850/1850/1850
f 1851/1851/1851 1853/1853/1853 1852/1852/1852
f 1854/1854/1854 1855/1855/1855 1856/1856/1856
f 1857/1857/1857 1858/1858/1858 1859/1859/1859
f 1860/1860/1860 1862/1862/1862 1861/1861/1861
f 1863/1863/1863 1864/1864/1864 1865/1865/1865
f 1866/1866/1866 1868/1868/1868 1867/1867/1867
f 1869/1869/1869 1871/1871/1871 1870/1870/1870
f 1872/1872/1872 1873/1873/1873 1874/1874/1874
f 1875/1875/1875 1876/1876/1876 1877/1877/1877
f 1875/1875/1875 1877/1877/1877 1878/1878/1878
f 1879/1879/1879 1880/1880/1880 1881/1881/1881
f 1879/1879/1879 1881/1881/1881 1882/1882/1882
f 1883/1883/1883 1884/1884/1884 1885/1885/1885
f 1883/1883/1883 1885/1885/1885 1886/1886/1886
f 1887/1887/1887 1888/1888/1888 1889/1889/1889
f 1887/1887/1887 1889/1889/1889 1890/1890/1890
f 1891/1891/1891 1892/1892/1892 1893/1893/1893
f 1891/1891/1891 1893/1893/1893 1894/1894/1894
f 1895/1895/1895 1896/1896/1896 1897/1897/1897
f 1895/1895/1895 1897/1897/1897 1898/1898/1898
f 1899/1899/1899 1900/1900/1900 1901/1901/1901
f 1899/1899/1899 1901/1901/1901 1902/1902/1902
f 1903/1903/1903 1904/1904/1904 1905/1905/1905
f 1903/1903/1903 1905/1905/1905 1906/1906/1906
f 1907/1907/1907 1908/1908/1908 1909/1909/1909
f 1907/1907/1907 1909/1909/1909 1910/1910/1910
f 1911/1911/1911 1912/1912/1912 1913/1913/1913
f 1911/1911/1911 1913/1913/1913 1914/1914/1914
f 1915/1915/1915 1916/1916/1916 1917/1917/1917
f 1915/1915/1915 1917/1917/1917 1918/1918/1918
f 1919/1919/1919 1920/1920/1920 1921/1921/1921
f 1919/1919/1919 1921/1921/1921 1922/1922/1922
f 1923/1923/1923 1924/1924/1924 1925/1925/1925
f 1923/1923/1923 1925/1925/1925 1926/1926/1926
f 1927/1927/1927 1928/1928/1928 1929/1929/1929
f 1927/1927/1927 1929/1929/1929 1930/1930/1930
f 1931/1931/1931 1932/1932/1932 1933/1933/1933
f 1931/1931/1931 1933/1933/1933 1934/1934/1934
f 1935/1935/1935 1936/1936/1936 1937/1937/1937
f 1935/1935/1935 1937/1937/1937 1938/1938/1938
f 1939/1939/1939 1940/1940/1940 1941/1941/1941
f 1939/1939/1939 1941/1941/1941 1942/1942/1942
f 1943/1943/1943 1944/1944/1944 1945/1945/1945
f 1943/1943/1943 1945/1945/1945 1946/1946/1946
f 1947/1947/1947 1949/1949/1949 1948/1948/1948
f 1950/1950/1950 1951/1951/1951 1952/1952/1952
f 1953/1953/1953 1954/1954/1954 1955/1955/1955
f 1956/1956/1956 1958/1958/1958 1957/1957/1957
f 1959/1959/1959 1960/1960/1960 1961/1961/1961
f 1962/1962/1962 1964/1964/1964 1963/1963/1963
f 1965/1965/1965 1967/1967/1967 1966/1966/1966
f 1968/1968/1968 1969/1969/1969 1970/1970/1970
f 1971/1971/1971 1972/1972/1972 1973/1973/1973
f 1971/1971/1971 1973/1973/1973 1974/1974/1974
f 1975/1975/1975 1976/1976/1976 1977/1977/1977
f 1975/1975/1975 1977/1977/1977 1978/1978/1978
f 1979/1979/1979 1980/1980/1980 1981/1981/1981
f 1979/1979/1979 1981/1981/1981 1982/1982/1982
f 1983/1983/1983 1984/1984/1984 1985/1985/1985
f 1983/1983/1983 1985/1985/1985 1986/1986/1986
f 1987/1987/1987 1988/1988/1988 1989/1989/1989
f 1987/1987/1987 1989/1989/1989 1990/1990/1990
f 1991/1991/1991 1992/1992/1992 1993/1993/1993
f 1991/1991/1991 1993/1993/1993 1994/1994/1994
f 1995/1995/1995 1996/1996/1996 1997/1997/1997
f 1995/1995/1995 1997/1997/1997 1998/1998/1998
f 1999/1999/1999 2000/2000/2000 2001/2001/2001
f 1999/1999/1999 2001/2001/2001 2002/2002/2002
f 2003/2003/2003 2004/2004/2004 2005/2005/2005
f 2003/2003/2003 2005/2005/2005 2006/2006/2006
f 2007/2007/2007 2008/2008/2008 2009/2009/2009
f 2007/2007/2007 2009/2009/2009 2010/2010/2010
f 2011/2011/2011 2012/2012/2012 2013/2013/2013
f 2011/2011/2011 2013/2013/2013 2014/2014/2014
f 2015/2015/2015 2016/2016/2016 2017/2017/2017
f 2015/2015/2015 2017/2017/2017 2018/2018/2018
f 2019/2019/2019 2020/2020/2020 2021/2021/2021
f 2019/2019/2019 2021/2021/2021 2022/2022/2022
f 2023/2023/2023 2024/2024/2024 2025/2025/2025
f 2023/2023/2023 2025/2025/2025 2026/2026/2026
f 2027/2027/2027 2028/2028/2028 2029/2029/2029
f 2027/2027/2027 2029/2029/2029 2030/2030/2030
f 2031/2031/2031 2032/2032/2032 2033/2033/2033
f 2031/2031/2031 2033/2033/2033 2034/2034/2034
f 2035/2035/2035 2036/2036/2036 2037/2037/2037
f 2035/2035/2035 2037/2037/2037 2038/2038/2038
f 2039/2039/2039 2040/2040/2040 2041/2041/2041
f 2039/2039/2039 2041/2041/2041 2042/2042/2042
f 2043/2043/2043 2045/2045/2045 2044/2044/2044
f 2046/2046/2046 2047/2047/2047 2048/2048/2048
f 2049/2049/2049 2050/2050/2050 2051/2051/2051
f 2052/2052/2052 2054/2054/2054 2053/2053/2053
f 2055/2055/2055 2056/2056/2056 2057/2057/2057
f 2058/2058/2058 2060/2060/2060 2059/2059/2059
f 2061/2061/2061 2063/2063/2063 2062/2062/2062
f 2064/2064/2064 2065/2065/2065 2066/2066/2066
f 2067/2067/2067 2068/2068/2068 2069/2069/2069
f 2067/2067/2067 2069/2069/2069 2070/2070/2070
f 2071/2071/2071 2072/2072/2072 2073/2073/2073
f 2071/2071/2071 2073/2073/2073 2074/2074/2074
f 2075/2075/2075 2076/2076/2076 2077/2077/2077
f 2075/2075/2075 2077/2077/2077 2078/2078/2078
f 2079/2079/2079 2080/2080/2080 2081/2081/2081
f 2079/2079/2079 2081/2081/2081 2082/2082/2082
f 2083/2083/2083 2084/2084/2084 2085/2085/2085
f 2083/2083/2083 2085/2085/2085 2086/2086/2086
f 2087/2087/2087 2088/2088/2088 2089/2089/2089
f 2087/2087/2087 2089/2089/2089 2090/2090/2090
f 2091/2091/2091 2092/2092/2092 2093/2093/2093
f 2091/2091/2091 2093/2093/2093 2094/2094/2094
f 2095/2095/2095 2096/2096/2096 2097/2097/2097
f 2095/2095/2095 2097/2097/2097 2098/2098/2098
f 2099/2099/2099 2100/2100/2100 2101/2101/2101
f 2099/2099/2099 2101/2101/2101 2102/2102/2102
f 2103/2103/2103 2104/2104/2104 2105/2105/2105
f 2103/2103/2103 2105/2105/2105 2106/2106/2106
f 2107/2107/2107 2108/2108/2108 2109/2109/2109
f 2107/2107/2107 2109/2109/2109 2110/2110/2110
f 2111/2111/2111 2112/2112/2112 2113/2113/2113
f 2111/2111/2111 2113/2113/2113 2114/2114/2114
f 2115/2115/2115 2116/2116/2116 2117/2117/2117
f 2115/2115/2115 2117/2117/2117 2118/2118/2118
f 2119/2119/2119 2120/2120/2120 2121/2121/2121
f 2119/2119/2119 2121/2121/2121 2122/2122/2122
f 2123/2123/2123 2124/2124/2124 2125/2125/2125
f 2123/2123/2123 2125/2125/2125 2126/2126/2126
f 2127/2127/2127 2128/2128/2128 2129/2129/2129
f 2127/2127/2127 2129/2129/2129 2130/2130/2130
f 2131/2131/2131 2132/2132/2132 2133/2133/2133
f 2131/2131/2131 2133/2133/2133 2134/2134/2134
f 2135/2135/2135 2136/2136/2136 2137/2137/2137
f 2135/2135/2135 2137/2137/2137 2138/2138/2138
f 2139/2139/2139 2141/2141/2141 2140/2140/2140
f 2142/2142/2142 2143/2143/2143 2144/2144/2144
f 2145/2145/2145 2146/2146/2146 2147/2147/2147
f 2148/2148/2148 2150/2150/2150 2149/2149/2149
f 2151/2151/2151 2152/2152/2152 2153/2153/2153
f 2154/2154/2154 2156/2156/2156 2155/2155/2155
f 2157/2157/2157 2159/2159/2159 2158/2158/2158
f 2160/2160/2160 2161/2161/2161 2162/2162/2162
f 2163/2163/2163 2164/2164/2164 2165/2165/2165
f 2163/2163/2163 2165/2165/2165 2166/2166/2166
f 2167/2167/2167 2168/2168/2168 2169/2169/2169
f 2167/2167/2167 2169/2169/2169 2170/2170/2170
f 2171/2171/2171 2172/2172/2172 2173/2173/2173
f 2171/2171/2171 2173/2173/2173 2174/2174/2174
f 2175/2175/2175 2176/2176/2176 2177/2177/2177
f 2175/2175/2175 2177/2177/2177 2178/2178/2178
f 2179/2179/2179 2180/2180/2180 2181/2181/2181
f 2179/2179/2179 2181/2181/2181 2182/2182/2182
f 2183/2183/2183 2184/2184/2184 2185/2185/2185
f 2183/2183/2183 2185/2185/2185 2186/2186/2186
f 2187/2187/2187 2188/2188/2188 2189/2189/2189
f 2187/2187/2187 2189/2189/2189 2190/2190/2190
f 2191/2191/2191 2192/2192/2192 2193/2193/2193
f 2191/2191/2191 2193/2193/2193 2194/2194/2194
f 2195/2195/2195 2196/2196/2196 2197/2197/2197
f 2195/2195/2195 2197/2197/2197 2198/2198/2198
f 2199/2199/2199 2200/2200/2200 2201/2201/2201
f 2199/2199/2199 2201/2201/2201 2202/2202/2202
f 2203/2203/2203 2204/2204/2204 2205/2205/2205
f 2203/2203/2203 2205/2205/2205 2206/2206/2206
f 2207/2207/2207 2208/2208/2208 2209/2209/2209
f 2207/2207/2207 2209/2209/2209 2210/2210/2210
f 2211/2211/2211 2212/2212/2212 2213/2213/2213
f 2211/2211/2211 2213/2213/2213 2214/2214/2214
f 2215/2215/2215 2216/2216/2216 2217/2217/2217
f 2215/2215/2215 2217/2217/2217 2218/2218/2218
f 2219/2219/2219 2220/2220/2220 2221/2221/2221
f 2219/2219/2219 2221/2221/2221 2222/2222/2222
f 2223/2223/2223 2224/2224/2224 2225/2225/2225
f 2223/2223/2223 2225/2225/2225 2226/2226/2226
f 2227/2227/2227 2228/2228/2228 2229/2229/2229
f 2227/2227/2227 2229/2229/2229 2230/2230/2230
f 2231/2231/2231 2232/2232/2232 2233/2233/2233
f 2231/2231/2231 2233/2233/2233 2234/2234/2234
f 2235/2235/2235 2237/2237/2237 2236/2236/2236
f 2238/2238/2238 2239/2239/2239 2240/2240/2240
f 2241/2241/2241 2242/2242/2242 2243/2243/2243
f 2244/2244/2244 2246/2246/2246 2245/2245/2245
f 2247/2247/2247 2248/2248/2248 2249/2249/2249
f 2250/2250/2250 2252/2252/2252 2251/2251/2251
f 2253/2253/2253 2255/2255/2255 2254/2254/2254
f 2256/2256/2256 2257/2257/2257 2258/2258/2258
f 2259/2259/2259 2260/2260/2260 2261/2261/2261
f 2259/2259/2259 2261/2261/2261 2262/2262/2262
f 2263/2263/2263 2264/2264/2264 2265/2265/2265
f 2263/2263/2263 2265/2265/2265 2266/2266/2266
f 2267/2267/2267 2268/2268/2268 2269/2269/2269
f 2267/2267/2267 2269/2269/2269 2270/2270/2270
f 2271/2271/2271 2272/2272/2272 2273/2273/2273
f 2271/2271/2271 2273/2273/2273 2274/2274/2274
f 2275/2275/2275 2276/2276/2276 2277/2277/2277
f 2275/2275/2275 2277/2277/2277 2278/2278/2278
f 2279/2279/2279 2280/2280/2280 2281/2281/2281
f 2279/2279/2279 2281/2281/2281 2282/2282/2282
f 2283/2283/2283 2284/2284/2284 2285/2285/2285
f 2283/2283/2283 2285/2285/2285 2286/2286/2286
f 2287/2287/2287 2288/2288/2288 2289/2289/2289
f 2287/2287/2287 2289/2289/2289 2290/2290/2290
f 2291/2291/2291 2292/2292/2292 2293/2293/2293
f 2291/2291/2291 2293/2293/2293 2294/2294/2294
f 2295/2295/2295 2296/2296/2296 2297/2297/2297
f 2295/2295/2295 2297/2297/2297 2298/2298/2298
f 2299/2299/2299 2300/2300/2300 2301/2301/2301
f 2299/2299/2299 2301/2301/2301 2302/2302/2302
f 2303/2303/2303 2304/2304/2304 2305/2305/2305
f 2303/2303/2303 2305/2305/2305 2306/2306/2306
f 2307/2307/2307 2308/2308/2308 2309/2309/2309
f 2307/2307/2307 2309/2309/2309 2310/2310/2310
f 2311/2311/2311 2312/2312/2312 2313/2313/2313
f 2311/2311/2311 2313/2313/2313 2314/2314/2314
f 2315/2315/2315 2316/2316/2316 2317/2317/2317
f 2315/2315/2315 2317/2317/2317 2318/2318/2318
f 2319/2319/2319 2320/2320/2320 2321/2321/2321
f 2319/2319/2319 2321/2321/2321 2322/2322/2322
f 2323/2323/2323 2324/2324/2324 2325/2325/2325
f 2323/2323/2323 2325/2325/2325 2326/2326/2326
f 2327/2327/2327 2328/2328/2328 2329/2329/2329
f 2327/2327/2327 2329/2329/2329 2330/2330/2330
f 2331/2331/2331 2333/2333/2333 2332/2332/2332
f 2334/2334/2334 2335/2335/2335 2336/2336/2336
f 2337/2337/2337 2338/2338/2338 2339/2339/2339
f 2340/2340/2340 2342/2342/2342 2341/2341/2341
f 2343/2343/2343 2344/2344/2344 2345/2345/2345
f 2346/2346/2346 2348/2348/2348 2347/2347/2347
f 2349/2349/2349 2351/2351/2351 2350/2350/2350
f 2352/2352/2352 2353/2353/2353 2354/2354/2354
f 2355/2355/2355 2356/2356/2356 2357/2357/2357
f 2355/2355/2355 2357/2357/2357 2358/2358/2358
f 2359/2359/2359 2360/2360/2360 2361/2361/2361
f 2359/2359/2359 2361/2361/2361 2362/2362/2362
f 2363/2363/2363 2364/2364/2364 2365/2365/2365
f 2363/2363/2363 2365/2365/2365 2366/2366/2366
f 2367/2367/2367 2368/2368/2368 2369/2369/2369
f 2367/2367/2367 2369/2369/2369 2370/2370/2370
f 2371/2371/2371 2372/2372/2372 2373/2373/2373
f 2371/2371/2371 2373/2373/2373 2374/2374/2374
f 2375/2375/2375 2376/2376/2376 2377/2377/2377
f 2375/2375/2375 2377/2377/2377 2378/2378/2378
f 2379/2379/2379 2380/2380/2380 2381/2381/2381
f 2379/2379/2379 2381/2381/2381 2382/2382/2382
f 2383/2383/2383 2384/2384/2384 2385/2385/2385
f 2383/2383/2383 2385/2385/2385 2386/2386/2386
f 2387/2387/2387 2388/2388/2388 2389/2389/2389
f 2387/2387/2387 2389/2389/2389 2390/2390/2390
f 2391/2391/2391 2392/2392/2392 2393/2393/2393
f 2391/2391/2391 2393/2393/2393 2394/2394/2394
f 2395/2395/2395 2396/2396/2396 2397/2397/2397
f 2395/2395/2395 2397/2397/2397 2398/2398/2398
f 2399/2399/2399 2400/2400/2400 2401/2401/2401
f 2399/2399/2399 2401/2401/2401 2402/2402/2402
f 2403/2403/2403 2404/2404/2404 2405/2405/2405
f 2403/2403/2403 2405/2405/2405 2406/2406/2406
f 2407/2407/2407 2408/2408/2408 2409/2409/2409
f 2407/2407/2407 2409/2409/2409 2410/2410/2410
f 2411/2411/2411 2412/2412/2412 2413/2413/2413
f 2411/2411/2411 2413/2413/2413 2414/2414/2414
f 2415/2415/2415 2416/2416/2416 2417/2417/2417
f 2415/2415/2415 2417/2417/2417 2418/2418/2418
f 2419/2419/2419 2420/2420/2420 2421/2421/2421
f 2419/2419/2419 2421/2421/2421 2422/2422/2422
f 2423/2423/2423 2424/2424/2424 2425/2425/2425
f 2423/2423/2423 2425/2425/2425 2426/2426/2426
f 2427/2427/2427 2429/2429/2429 2428/2428/2428
f 2430/2430/2430 2431/2431/2431 2432/2432/2432
f 2433/2433/2433 2434/2434/2434 2435/2435/2435
f 2436/2436/2436 2438/2438/2438 2437/2437/2437
f 2439/2439/2439 2440/2440/2440 2441/2441/2441
f 2442/2442/2442 2444/2444/2444 2443/2443/2443
f 2445/2445/2445 2447/2447/2447 2446/2446/2446
f 2448/2448/2448 2449/2449/2449 2450/2450/2450
f 2451/2451/2451 2452/2452/2452 2453/2453/2453
f 2451/2451/2451 2453/2453/2453 2454/2454/2454
f 2455/2455/2455 2456/2456/2456 2457/2457/2457
f 2455/2455/2455 2457/2457/2457 2458/2458/2458
f 2459/2459/2459 2460/2460/2460 2461/2461/2461
f 2459/2459/2459 2461/2461/2461 2462/2462/2462
f 2463/2463/2463 2464/2464/2464 2465/2465/2465
f 2463/2463/2463 2465/2465/2465 2466/2466/2466
f 2467/2467/2467 2468/2468/2468 2469/2469/2469
f 2467/2467/2467 2469/2469/2469 2470/2470/2470
f 2471/2471/2471 2472/2472/2472 2473/2473/2473
f 2471/2471/2471 2473/2473/2473 2474/2474/2474
f 2475/2475/2475 2476/2476/2476 2477/2477/2477
f 2475/2475/2475 2477/2477/2477 2478/2478/2478
f 2479/2479/2479 2480/2480/2480 2481/2481/2481
f 2479/2479/2479 2481/2481/2481 2482/2482/2482
f 2483/2483/2483 2484/2484/2484 2485/2485/2485
f 2483/2483/2483 2485/2485/2485 2486/2486/2486
f 2487/2487/2487 2488/2488/2488 2489/2489/2489
f 2487/2487/2487 2489/2489/2489 2490/2490/2490
f 2491/2491/2491 2492/2492/2492 2493/2493/2493
f 2491/2491/2491 2493/2493/2493 2494/2494/2494
f 2495/2495/2495 2496/2496/2496 2497/2497/2497
f 2495/2495/2495 2497/2497/2497 2498/2498/2498
f 2499/2499/2499 2500/2500/2500 2501/2501/2501
f 2499/2499/2499 2501/2501/2501 2502/2502/2502
f 2503/2503/2503 2504/2504/2504 2505/2505/2505
f 2503/2503/2503 2505/2505/2505 2506/2506/2506
f 2507/2507/2507 2508/2508/2508 2509/2509/2509
f 2507/2507/2507 2509/2509/2509 2510/2510/2510
f 2511/2511/2511 2512/2512/2512 2513/2513/2513
f 2511/2511/2511 2513/2513/2513 2514/2514/2514
f 2515/2515/2515 2516/2516/2516 2517/2517/2517
f 2515/2515/2515 2517/2517/2517 2518/2518/2518
f 2519/2519/2519 2520/2520/2520 2521/2521/2521
f 2519/2519/2519 2521/2521/2521 2522/2522/2522
f 2523/2523/2523 2525/2525/2525 2524/2524/2524
f 2526/2526/2526 2527/2527/2527 2528/2528/2528
f 2529/2529/2529 2530/2530/2530 2531/2531/2531
f 2532/2532/2532 2534/2534/2534 2533/2533/2533
f 2535/2535/2535 2536/2536/2536 2537/2537/2537
f 2538/2538/2538 2540/2540/2540 2539/2539/2539
f 2541/2541/2541 2543/2543/2543 2542/2542/2542
f 2544/2544/2544 2545/2545/2545 2546/2546/2546
f 2547/2547/2547 2548/2548/2548 2549/2549/2549
f 2547/2547/2547 2549/2549/2549 2550/2550/2550
f 2551/2551/2551 2552/2552/2552 2553/2553/2553
f 2551/2551/2551 2553/2553/2553 2554/2554/2554
f 2555/2555/2555 2556/2556/2556 2557/2557/2557
f 2555/2555/2555 2557/2557/2557 2558/2558/2558
f 2559/2559/2559 2560/2560/2560 2561/2561/2561
f 2559/2559/2559 2561/2561/2561 2562/2562/2562
f 2563/2563/2563 2564/2564/2564 2565/2565/2565
f 2563/2563/2563 2565/2565/2565 2566/2566/2566
f 2567/2567/2567 2568/2568/2568 2569/2569/2569
f 2567/2567/2567 2569/2569/2569 2570/2570/2570
f 2571/2571/2571 2572/2572/2572 2573/2573/2573
f 2571/2571/2571 2573/2573/2573 2574/2574/2574
f 2575/2575/2575 2576/2576/2576 2577/2577/2577
f 2575/2575/2575 2577/2577/2577 2578/2578/2578
f 2579/2579/2579 2580/2580/2580 2581/2581/2581
f 2579/2579/2579 2581/2581/2581 2582/2582/2582
f 2583/2583/2583 2584/2584/2584 2585/2585/2585
f 2583/2583/2583 2585/2585/2585 2586/2586/2586
f 2587/2587/2587 2588/2588/2588 2589/2589/2589
f 2587/2587/2587 2589/2589/2589 2590/2590/2590
f 2591/2591/2591 2592/2592/2592 2593/2593/2593
f 2591/2591/2591 2593/2593/2593 2594/2594/2594
f 2595/2595/2595 2596/2596/2596 2597/2597/2597
f 2595/2595/2595 2597/2597/2597 2598/2598/2598
f 2599/2599/2599 2600/2600/2600 2601/2601/2601
f 2599/2599/2599 2601/2601/2601 2602/2602/2602
f 2603/2603/2603 2604/2604/2604 2605/2605/2605
f 2603/2603/2603 2605/2605/2605 2606/2606/2606
f 2607/2607/2607 2608/2608/2608 2609/2609/2609
f 2607/2607/2607 2609/2609/2609 2610/2610/2610
f 2611/2611/2611 2612/2612/2612 2613/2613/2613
f 2611/2611/2611 2613/2613/2613 2614/2614/2614
f 2615/2615/2615 2616/2616/2616 2617/2617/2617
f 2615/2615/2615 2617/2617/2617 2618/2618/2618
f 2619/2619/2619 2621/2621/2621 2620/2620/2620
f 2622/2622/2622 2623/2623/2623 2624/2624/2624
f 2625/2625/2625 2626/2626/2626 2627/2627/2627
f 2628/2628/2628 2630/2630/2630 2629/2629/2629
f 2631/2631/2631 2632/2632/2632 2633/2633/2633
f 2634/2634/2634 2636/2636/2636 2635/2635/2635
f 2637/2637/2637 2639/2639/2639 2638/2638/2638
f 2640/2640/2640 2641/2641/2641 2642/2642/2642
f 2643/2643/2643 2644/2644/2644 2645/2645/2645
f 2643/2643/2643 2645/2645/2645 2646/2646/2646
f 2647/2647/2647 2648/2648/2648 2649/2649/2649
f 2647/2647/2647 2649/2649/2649 2650/2650/2650
f 2651/2651/2651 2652/2652/2652 2653/2653/2653
f 2651/2651/2651 2653/2653/2653 2654/2654/2654
f 2655/2655/2655 2656/2656/2656 2657/2657/2657
f 2655/2655/2655 2657/2657/2657 2658/2658/2658
f 2659/2659/2659 2660/2660/2660 2661/2661/2661
f 2659/2659/2659 2661/2661/2661 2662/2662/2662
f 2663/2663/2663 2664/2664/2664 2665/2665/2665
f 2663/2663/2663 2665/2665/2665 2666/2666/2666
f 2667/2667/2667 2668/2668/2668 2669/2669/2669
f 2667/2667/2667 2669/2669/2669 2670/2670/2670
f 2671/2671/2671 2672/2672/2672 2673/2673/2673
f 2671/2671/2671 2673/2673/2673 2674/2674/2674
f 2675/2675/2675 2676/2676/2676 2677/2677/2677
f 2675/2675/2675 2677/2677/2677 2678/2678/2678
f 2679/2679/2679 2680/2680/2680 2681/2681/2681
f 2679/2679/2679 2681/2681/2681 2682/2682/2682
f 2683/2683/2683 2684/2684/2684 2685/2685/2685
f 2683/2683/2683 2685/2685/2685 2686/2686/2686
f 2687/2687/2687 2688/2688/2688 2689/2689/2689
f 2687/2687/2687 2689/2689/2689 2690/2690/2690
f 2691/2691/2691 2692/2692/2692 2693/2693/2693
f 2691/2691/2691 2693/2693/2693 2694/2694/2694
f 2695/2695/2695 2696/2696/2696 2697/2697/2697
f 2695/2695/2695 2697/2697/2697 2698/2698/2698
f 2699/2699/2699 2700/2700/2700 2701/2701/2701
f 2699/2699/2699 2701/2701/2701 2702/2702/2702
f 2703/2703/2703 2704/2704/2704 2705/2705/2705
f 2703/2703/2703 2705/2705/2705 2706/2706/2706
f 2707/2707/2707 2708/2708/2708 2709/2709/2709
f 2707/2707/2707 2709/2709/2709 2710/2710/2710
f 2711/2711/2711 2712/2712/2712 2713/2713/2713
f 2711/2711/2711 2713/2713/2713 2714/2714/2714
f 2715/2715/2715 2717/2717/2717 2716/2716/2716
f 2718/2718/2718 2719/2719/2719 2720/2720/2720
f 2721/2721/2721 2722/2722/2722 2723/2723/2723
f 2724/2724/2724 2726/2726/2726 2725/2725/2725
f 2727/2727/2727 2728/2728/2728 2729/2729/2729
f 2730/2730/2730 2732/2732/2732 2731/2731/2731
f 2733/2733/2733 2735/2735/2735 2734/2734/2734
f 2736/2736/2736 2737/2737/2737 2738/2738/2738
f 2739/2739/2739 2740/2740/2740 2741/2741/2741
f 2739/2739/2739 2741/2741/2741 2742/2742/2742
f 2743/2743/2743 2744/2744/2744 2745/2745/2745
f 2743/2743/2743 2745/2745/2745 2746/2746/2746
f 2747/2747/2747 2748/2748/2748 2749/2749/2749
f 2747/2747/2747 2749/2749/2749 2750/2750/2750
f 2751/2751/2751 2752/2752/2752 2753/2753/2753
f 2751/2751/2751 2753/2753/2753 2754/2754/2754
f 2755/2755/2755 2756/2756/2756 2757/2757/2757
f 2755/2755/2755 2757/2757/2757 2758/2758/2758
f 2759/2759/2759 2760/2760/2760 2761/2761/2761
f 2759/2759/2759 2761/2761/2761 2762/2762/2762
f 2763/2763/2763 2764/2764/2764 2765/2765/2765
f 2763/2763/2763 2765/2765/2765 2766/2766/2766
f 2767/2767/2767 2768/2768/2768 2769/2769/2769
f 2767/2767/2767 2769/2769/2769 2770/2770/2770
f 2771/2771/2771 2772/2772/2772 2773/2773/2773
f 2771/2771/2771 2773/2773/2773 2774/2774/2774
f 2775/2775/2775 2776/2776/2776 2777/2777/2777
f 2775/2775/2775 2777/2777/2777 2778/2778/2778
f 2779/2779/2779 2780/2780/2780 2781/2781/2781
f 2779/2779/2779 2781/2781/2781 2782/2782/2782
f 2783/2783/2783 2784/2784/2784 2785/2785/2785
f 2783/2783/2783 2785/2785/2785 2786/2786/2786
f 2787/2787/2787 2788/2788/2788 2789/2789/2789
f 2787/2787/2787 2789/2789/2789 2790/2790/2790
f 2791/2791/2791 2792/2792/2792 2793/2793/2793
f 2791/2791/2791 2793/2793/2793 2794/2794/2794
f 2795/2795/2795 2796/2796/2796 2797/2797/2797
f 2795/2795/2795 2797/2797/2797 2798/2798/2798
f 2799/2799/2799 2800/2800/2800 2801/2801/2801
f 2799/2799/2799 2801/2801/2801 2802/2802/2802
f 2803/2803/2803 2804/2804/2804 2805/2805/2805
f 2803/2803/2803 2805/2805/2805 2806/2806/2806
f 2807/2807/2807 2808/2808/2808 2809/2809/2809
f 2807/2807/2807 2809/2809/2809 2810/2810/2810
f 2811/2811/2811 2813/2813/2813 2812/2812/2812
f 2814/2814/2814 2815/2815/2815 2816/2816/2816
f 2817/2817/2817 2818/2818/2818 2819/2819/2819
f 2820/2820/2820 2822/2822/2822 2821/2821/2821
f 2823/2823/2823 2824/2824/2824 2825/2825/2825
f 2826/2826/2826 2828/2828/2828 2827/2827/2827
f 2829/2829/2829 2831/2831/2831 2830/2830/2830
f 2832/2832/2832 2833/2833/2833 2834/2834/2834
f 2835/2835/2835 2841/2841/2841 2842/2842/2842
f 2835/2835/2835 2842/2842/2842 2836/2836/2836
f 2836/2836/2836 2842/2842/2842 2843/2843/2843
f 2836/2836/2836 2843/2843/2843 2837/2837/2837
f 2837/2837/2837 2843/2843/2843 2844/2844/2844
f 2837/2837/2837 2844/2844/2844 2838/2838/2838
f 2838/2838/2838 2844/2844/2844 2845/2845/2845
f 2838/2838/2838 2845/2845/2845 2839/2839/2839
f 2839/2839/2839 2845/2845/2845 2846/2846/2846
f 2839/2839/2839 2846/2846/2846 2840/2840/2840
f 2840/2840/2840 2846/2846/2846 2841/2841/2841
f 2840/2840/2840 2841/2841/2841 2835/2835/2835
f 2841/2841/2841 2847/2847/2847 2848/2848/2848
f 2841/2841/2841 2848/2848/2848 2842/2842/2842
f 2842/2842/2842 2848/2848/2848 2849/2849/2849
f 2842/2842/2842 2849/2849/2849 2843/2843/2843
f 2843/2843/2843 2849/2849/2849 2850/2850/2850
f 2843/2843/2843 2850/2850/2850 2844/2844/2844
f 2844/2844/2844 2850/2850/2850 2851/2851/2851
f 2844/2844/2844 2851/2851/2851 2845/2845/2845
f 2845/2845/2845 2851/2851/2851 2852/2852/2852
f 2845/2845/2845 2852/2852/2852 2846/2846/2846
f 2846/2846/2846 2852/2852/2852 2847/2847/2847
f 2846/2846/2846 2847/2847/2847 2841/2841/2841
f 2847/2847/2847 2853/2853/2853 2854/2854/2854
f 2847/2847/2847 2854/2854/2854 2848/2848/2848
f 2848/2848/2848 2854/2854/2854 2855/2855/2855
f 2848/2848/2848 2855/2855/2855 2849/2849/2849
f 2849/2849/2849 2855/2855/2855 2856/2856/2856
f 2849/2849/2849 2856/2856/2856 2850/2850/2850
f 2850/2850/2850 2856/2856/2856 2857/2857/2857
f 2850/2850/2850 2857/2857/2857 2851/2851/2851
f 2851/2851/2851 2857/2857/2857 2858/2858/2858
f 2851/2851/2851 2858/2858/2858 2852/2852/2852
f 2852/2852/2852 2858/2858/2858 2853/2853/2853
f 2852/2852/2852 2853/2853/2853 2847/2847/2847
f 2859/2859/2859 2836/2836/2836 2835/2835/2835
f 2859/2859/2859 2837/2837/2837 2836/2836/2836
f 2859/2859/2859 2838/2838/2838 2837/2837/2837
f 2859/2859/2859 2839/2839/2839 2838/2838/2838
f 2859/2859/2859 2840/2840/2840 2839/2839/2839
f 2859/2859/2859 2835/2835/2835 2840/2840/2840
f 2860/2860/2860 2853/2853/2853 2854/2854/2854
f 2860/2860/2860 2854/2854/2854 2855/2855/2855
f 2860/2860/2860 2855/2855/2855 2856/2856/2856
f 2860/2860/2860 2856/2856/2856 2857/2857/2857
f 2860/2860/2860 2857/2857/2857 2858/2858/2858
f 2860/2860/2860 2858/2858/2858 2853/2853/2853
f 2861/2861/2861 2866/2866/2866 2867/2867/2867
f 2861/2861/2861 2867/2867/2867 2862/2862/2862
f 2862/2862/2862 2867/2867/2867 2868/2868/2868
f 2862/2862/2862 2868/2868/2868 2863/2863/2863
f 2863/2863/2863 2868/2868/2868 2869/2869/2869
f 2863/2863/2863 2869/2869/2869 2864/2864/2864
f 2864/2864/2864 2869/2869/2869 2870/2870/2870
f 2864/2864/2864 2870/2870/2870 2865/2865/2865
f 2865/2865/2865 2870/2870/2870 2866/2866/2866
f 2865/2865/2865 2866/2866/2866 2861/2861/2861
f 2866/2866/2866 2871/2871/2871 2872/2872/2872
f 2866/2866/2866 2872/2872/2872 2867/2867/2867
f 2867/2867/2867 2872/2872/2872 2873/2873/2873
f 2867/2867/2867 2873/2873/2873 2868/2868/2868
f 2868/2868/2868 2873/2873/2873 2874/2874/2874
f 2868/2868/2868 2874/2874/2874 2869/2869/2869
f 2869/2869/2869 2874/2874/2874 2875/2875/2875
f 2869/2869/2869 2875/2875/2875 2870/2870/2870
f 2870/2870/2870 2875/2875/2875 2871/2871/2871
f 2870/2870/2870 2871/2871/2871 2866/2866/2866
f 2871/2871/2871 2876/2876/2876 2877/2877/2877
f 2871/2871/2871 2877/2877/2877 2872/2872/2872
f 2872/2872/2872 2877/2877/2877 2878/2878/2878
f 2872/2872/2872 2878/2878/2878 2873/2873/2873
f 2873/2873/2873 2878/2878/2878 2879/2879/2879
f 2873/2873/2873 2879/2879/2879 2874/2874/2874
f 2874/2874/2874 2879/2879/2879 2880/2880/2880
f 2874/2874/2874 2880/2880/2880 2875/2875/2875
f 2875/2875/2875 2880/2880/2880 2876/2876/2876
f 2875/2875/2875 2876/2876/2876 2871/2871/2871
f 2881/2881/2881 2862/2862/2862 2861/2861/2861
f 2881/2881/2881 2863/2863/2863 2862/2862/2862
f 2881/2881/2881 2864/2864/2864 2863/2863/2863
f 2881/2881/2881 2865/2865/2865 2864/2864/2864
f 2881/2881/2881 2861/2861/2861 2865/2865/2865
f 2882/2882/2882 2876/2876/2876 2877/2877/2877
f 2882/2882/2882 2877/2877/2877 2878/2878/2878
f 2882/2882/2882 2878/2878/2878 2879/2879/2879
f 2882/2882/2882 2879/2879/2879 2880/2880/2880
f 2882/2882/2882 2880/2880/2880 2876/2876/2876
f 2883/2883/2883 2884/2884/2884 2885/2885/2885
f 2883/2883/2883 2885/2885/2885 2886/2886/2886
f 2887/2887/2887 2888/2888/2888 2889/2889/2889
f 2887/2887/2887 2889/2889/2889 2890/2890/2890
f 2891/2891/2891 2892/2892/2892 2893/2893/2893
f 2891/2891/2891 2893/2893/2893 2894/2894/2894
f 2895/2895/2895 2896/2896/2896 2897/2897/2897
f 2895/2895/2895 2897/2897/2897 2898/2898/2898
f 2899/2899/2899 2900/2900/2900 2901/2901/2901
f 2899/2899/2899 2901/2901/2901 2902/2902/2902
f 2903/2903/2903 2904/2904/2904 2905/2905/2905
f 2903/2903/2903 2905/2905/2905 2906/2906/2906
f 2907/2907/2907 2908/2908/2908 2909/2909/2909
f 2907/2907/2907 2909/2909/2909 2910/2910/2910
f 2911/2911/2911 2912/2912/2912 2913/2913/2913
f 2911/2911/2911 2913/2913/2913 2914/2914/2914
f 2915/2915/2915 2916/2916/2916 2917/2917/2917
f 2915/2915/2915 2917/2917/2917 2918/2918/2918
f 2919/2919/2919 2920/2920/2920 2921/2921/2921
f 2919/2919/2919 2921/2921/2921 2922/2922/2922
f 2923/2923/2923 2924/2924/2924 2925/2925/2925
f 2923/2923/2923 2925/2925/2925 2926/2926/2926
f 2927/2927/2927 2928/2928/2928 2929/2929/2929
f 2927/2927/2927 2929/2929/2929 2930/2930/2930
f 2931/2931/2931 2932/2932/2932 2933/2933/2933
f 2931/2931/2931 2933/2933/2933 2934/2934/2934
f 2935/2935/2935 2936/2936/2936 2937/2937/2937
f 2935/2935/2935 2937/2937/2937 2938/2938/2938
f 2939/2939/2939 2940/2940/2940 2941/2941/2941
f 2939/2939/2939 2941/2941/2941 2942/2942/2942
f 2943/2943/2943 2944/2944/2944 2945/2945/2945
f 2943/2943/2943 2945/2945/2945 2946/2946/2946
f 2947/2947/2947 2948/2948/2948 2949/2949/2949
f 2947/2947/2947 2949/2949/2949 2950/2950/2950
f 2951/2951/2951 2952/2952/2952 2953/2953/2953
f 2951/2951/2951 2953/2953/2953 2954/2954/2954
f 2955/2955/2955 2957/2957/2957 2956/2956/2956
f 2958/2958/2958 2959/2959/2959 2960/2960/2960
f 2961/2961/2961 2962/2962/2962 2963/2963/2963
f 2964/2964/2964 2966/2966/2966 2965/2965/2965
f 2967/2967/2967 2968/2968/2968 2969/2969/2969
f 2970/2970/2970 2972/2972/2972 2971/2971/2971
f 2973/2973/2973 2975/2975/2975 2974/2974/2974
f 2976/2976/2976 2977/2977/2977 2978/2978/2978
f 2979/2979/2979 2980/2980/2980 2981/2981/2981
f 2979/2979/2979 2981/2981/2981 2982/2982/2982
f 2983/2983/2983 2984/2984/2984 2985/2985/2985
f 2983/2983/2983 2985/2985/2985 2986/2986/2986
f 2987/2987/2987 2988/2988/2988 2989/2989/2989
f 2987/2987/2987 2989/2989/2989 2990/2990/2990
f 2991/2991/2991 2992/2992/2992 2993/2993/2993
f 2991/2991/2991 2993/2993/2993 2994/2994/2994
f 2995/2995/2995 2996/2996/2996 2997/2997/2997
f 2995/2995/2995 2997/2997/2997 2998/2998/2998
f 2999/2999/2999 3000/3000/3000 3001/3001/3001
f 2999/2999/2999 3001/3001/3001 3002/3002/3002
f 3003/3003/3003 3004/3004/3004 3005/3005/3005
f 3003/3003/3003 3005/3005/3005 3006/3006/3006
f 3007/3007/3007 3008/3008/3008 3009/3009/3009
f 3007/3007/3007 3009/3009/3009 3010/3010/3010
f 3011/3011/3011 3012/3012/3012 3013/3013/3013
f 3011/3011/3011 3013/3013/3013 3014/3014/3014
f 3015/3015/3015 3016/3016/3016 3017/3017/3017
f 3015/3015/3015 3017/3017/3017 3018/3018/3018
f 3019/3019/3019 3020/3020/3020 3021/3021/3021
f 3019/3019/3019 3021/3021/3021 3022/3022/3022
f 3023/3023/3023 3024/3024/3024 3025/3025/3025
f 3023/3023/3023 3025/3025/3025 3026/3026/3026
f 3027/3027/3027 3028/3028/3028 3029/3029/3029
f 3027/3027/3027 3029/3029/3029 3030/3030/3030
f 3031/3031/3031 3032/3032/3032 3033/3033/3033
f 3031/3031/3031 3033/3033/3033 3034/3034/3034
f 3035/3035/3035 3036/3036/3036 3037/3037/3037
f 3035/3035/3035 3037/3037/3037 3038/3038/3038
f 3039/3039/3039 3040/3040/3040 3041/3041/3041
f 3039/3039/3039 3041/3041/3041 3042/3042/3042
f 3043/3043/3043 3044/3044/3044 3045/3045/3045
f 3043/3043/3043 3045/3045/3045 3046/3046/3046
f 3047/3047/3047 3048/3048/3048 3049/3049/3049
f 3047/3047/3047 3049/3049/3049 3050/3050/3050
f 3051/3051/3051 3053/3053/3053 3052/3052/3052
f 3054/3054/3054 3055/3055/3055 3056/3056/3056
f 3057/3057/3057 3058/3058/3058 3059/3059/3059
f 3060/3060/3060 3062/3062/3062 3061/3061/3061
f 3063/3063/3063 3064/3064/3064 3065/3065/3065
f 3066/3066/3066 3068/3068/3068 3067/3067/3067
f 3069/3069/3069 3071/3071/3071 3070/3070/3070
f 3072/3072/3072 3073/3073/3073 3074/3074/3074
f 3075/3075/3075 3081/3081/3081 3082/3082/3082
f 3075/3075/3075 3082/3082/3082 3076/3076/3076
f 3076/3076/3076 3082/3082/3082 3083/3083/3083
f 3076/3076/3076 3083/3083/3083 3077/3077/3077
f 3077/3077/3077 3083/3083/3083 3084/3084/3084
f 3077/3077/3077 3084/3084/3084 3078/3078/3078
f 3078/3078/3078 3084/3084/3084 3085/3085/3085
f 3078/3078/3078 3085/3085/3085 3079/3079/3079
f 3079/3079/3079 3085/3085/3085 3086/3086/3086
f 3079/3079/3079 3086/3086/3086 3080/3080/3080
f 3080/3080/3080 3086/3086/3086 3081/3081/3081
f 3080/3080/3080 3081/3081/3081 3075/3075/3075
f 3081/3081/3081 3087/3087/3087 3088/3088/3088
f 3081/3081/3081 3088/3088/3088 3082/3082/3082
f 3082/3082/3082 3088/3088/3088 3089/3089/3089
f 3082/3082/3082 3089/3089/3089 3083/3083/3083
f 3083/3083/3083 3089/3089/3089 3090/3090/3090
f 3083/3083/3083 3090/3090/3090 3084/3084/3084
f 3084/3084/3084 3090/3090/3090 3091/3091/3091
f 3084/3084/3084 3091/3091/3091 3085/3085/3085
f 3085/3085/3085 3091/3091/3091 3092/3092/3092
f 3085/3085/3085 3092/3092/3092 3086/3086/3086
f 3086/3086/3086 3092/3092/3092 3087/3087/3087
f 3086/3086/3086 3087/3087/3087 3081/3081/3081
f 3087/3087/3087 3093/3093/3093 3094/3094/3094
f 3087/3087/3087 3094/3094/3094 3088/3088/3088
f 3088/3088/3088 3094/3094/3094 3095/3095/3095
f 3088/3088/3088 3095/3095/3095 3089/3089/3089
f 3089/3089/3089 3095/3095/3095 3096/3096/3096
f 3089/3089/3089 3096/3096/3096 3090/3090/3090
f 3090/3090/3090 3096/3096/3096 3097/3097/3097
f 3090/3090/3090 3097/3097/3097 3091/3091/3091
f 3091/3091/3091 3097/3097/3097 3098/3098/3098
f 3091/3091/3091 3098/3098/3098 3092/3092/3092
f 3092/3092/3092 3098/3098/3098 3093/3093/3093
f 3092/3092/3092 3093/3093/3093 3087/3087/3087
f 3099/3099/3099 3076/3076/3076 3075/3075/3075
f 3099/3099/3099 3077/3077/3077 3076/3076/3076
f 3099/3099/3099 3078/3078/3078 3077/3077/3077
f 3099/3099/3099 3079/3079/3079 3078/3078/3078
f 3099/3099/3099 3080/3080/3080 3079/3079/3079
f 3099/3099/3099 3075/3075/3075 3080/3080/3080
f 3100/3100/3100 3093/3093/3093 3094/3094/3094
f 3100/3100/3100 3094/3094/3094 3095/3095/3095
f 3100/3100/3100 3095/3095/3095 3096/3096/3096
f 3100/3100/3100 3096/3096/3096 3097/3097/3097
f 3100/3100/3100 3097/3097/3097 3098/3098/3098
f 3100/3100/3100 3098/3098/3098 3093/3093/3093
f 3101/3101/3101 3106/3106/3106 3107/3107/3107
f 3101/3101/3101 3107/3107/3107 3102/3102/3102
f 3102/3102/3102 3107/3107/3107 3108/3108/3108
f 3102/3102/3102 3108/3108/3108 3103/3103/3103
f 3103/3103/3103 3108/3108/3108 3109/3109/3109
f 3103/3103/3103 3109/3109/3109 3104/3104/3104
f 3104/3104/3104 3109/3109/3109 3110/3110/3110
f 3104/3104/3104 3110/3110/3110 3105/3105/3105
f 3105/3105/3105 3110/3110/3110 3106/3106/3106
f 3105/3105/3105 3106/3106/3106 3101/3101/3101
f 3106/3106/3106 3111/3111/3111 3112/3112/3112
f 3106/3106/3106 3112/3112/3112 3107/3107/3107
f 3107/3107/3107 3112/3112/3112 3113/3113/3113
f 3107/3107/3107 3113/3113/3113 3108/3108/3108
f 3108/3108/3108 3113/3113/3113 3114/3114/3114
f 3108/3108/3108 3114/3114/3114 3109/3109/3109
f 3109/3109/3109 3114/3114/3114 3115/3115/3115
f 3109/3109/3109 3115/3115/3115 3110/3110/3110
f 3110/3110/3110 3115/3115/3115 3111/3111/3111
f 3110/3110/3110 3111/3111/3111 3106/3106/3106
f 3111/3111/3111 3116/3116/3116 3117/3117/3117
f 3111/3111/3111 3117/3117/3117 3112/3112/3112
f 3112/3112/3112 3117/3117/3117 3118/3118/3118
f 3112/3112/3112 3118/3118/3118 3113/3113/3113
f 3113/3113/3113 3118/3118/3118 3119/3119/3119
f 3113/3113/3113 3119/3119/3119 3114/3114/3114
f 3114/3114/3114 3119/3119/3119 3120/3120/3120
f 3114/3114/3114 3120/3120/3120 3115/3115/3115
f 3115/3115/3115 3120/3120/3120 3116/3116/3116
f 3115/3115/3115 3116/3116/3116 3111/3111/3111
f 3121/3121/3121 3102/3102/3102 3101/3101/3101
f 3121/3121/3121 3103/3103/3103 3102/3102/3102
f 3121/3121/3121 3104/3104/3104 3103/3103/3103
f 3121/3121/3121 3105/3105/3105 3104/3104/3104
f 3121/3121/3121 3101/3101/3101 3105/3105/3105
f 3122/3122/3122 3116/3116/3116 3117/3117/3117
f 3122/3122/3122 3117/3117/3117 3118/3118/3118
f 3122/3122/3122 3118/3118/3118 3119/3119/3119
f 3122/3122/3122 3119/3119/3119 3120/3120/3120
f 3122/3122/3122 3120/3120/3120 3116/3116/3116
f 3123/3123/3123 3124/3124/3124 3125/3125/3125
f 3123/3123/3123 3125/3125/3125 3126/3126/3126
f 3127/3127/3127 3128/3128/3128 3129/3129/3129
f 3127/3127/3127 3129/3129/3129 3130/3130/3130
f 3131/3131/3131 3132/3132/3132 3133/3133/3133
f 3131/3131/3131 3133/3133/3133 3134/3134/3134
f 3135/3135/3135 3136/3136/3136 3137/3137/3137
f 3135/3135/3135 3137/3137/3137 3138/3138/3138
f 3139/3139/3139 3140/3140/3140 3141/3141/3141
f 3139/3139/3139 3141/3141/3141 3142/3142/3142
f 3143/3143/3143 3144/3144/3144 3145/3145/3145
f 3143/3143/3143 3145/3145/3145 3146/3146/3146
f 3147/3147/3147 3148/3148/3148 3149/3149/3149
f 3147/3147/3147 3149/3149/3149 3150/3150/3150
f 3151/3151/3151 3152/3152/3152 3153/3153/3153
f 3151/3151/3151 3153/3153/3153 3154/3154/3154
f 3155/3155/3155 3156/3156/3156 3157/3157/3157
f 3155/3155/3155 3157/3157/3157 3158/3158/3158
f 3159/3159/3159 3160/3160/3160 3161/3161/3161
f 3159/3159/3159 3161/3161/3161 3162/3162/3162
f 3163/3163/3163 3164/3164/3164 3165/3165/3165
f 3163/3163/3163 3165/3165/3165 3166/3166/3166
f 3167/3167/3167 3168/3168/3168 3169/3169/3169
f 3167/3167/3167 3169/3169/3169 3170/3170/3170
f 3171/3171/3171 3172/3172/3172 3173/3173/3173
f 3171/3171/3171 3173/3173/3173 3174/3174/3174
f 3175/3175/3175 3176/3176/3176 3177/3177/3177
f 3175/3175/3175 3177/3177/3177 3178/3178/3178
f 3179/3179/3179 3180/3180/3180 3181/3181/3181
f 3179/3179/3179 3181/3181/3181 3182/3182/3182
f 3183/3183/3183 3184/3184/3184 3185/3185/3185
f 3183/3183/3183 3185/3185/3185 3186/3186/3186
f 3187/3187/3187 3188/3188/3188 3189/3189/3189
f 3187/3187/3187 3189/3189/3189 3190/3190/3190
f 3191/3191/3191 3192/3192/3192 3193/3193/3193
f 3191/3191/3191 3193/3193/3193 3194/3194/3194
f 3195/3195/3195 3197/3197/3197 3196/3196/3196
f 3198/3198/3198 3199/3199/3199 3200/3200/3200
f 3201/3201/3201 3202/3202/3202 3203/3203/3203
f 3204/3204/3204 3206/3206/3206 3205/3205/3205
f 3207/3207/3207 3208/3208/3208 3209/3209/3209
f 3210/3210/3210 3212/3212/3212 3211/3211/3211
f 3213/3213/3213 3215/3215/3215 3214/3214/3214
f 3216/3216/3216 3217/3217/3217 3218/3218/3218
